controller,timestamp,step,hour,ambient_c,it_kw,dhw_demand_kw,process_demand_kw,cooling_demand_kw,grid_available,grid_roster_available,site_captured_kw,captured_kw,hp_absorbed_kw,hp_compressor_kw,hp_delivered_kw,hp_units_on,dhw_heat_kw,process_heat_kw,absorption_heat_kw,orc_heat_kw,store_charge_kw,store_discharge_kw,store_energy_kwh,store_soc,store_standing_loss_kw,buffer_charge_kw,buffer_discharge_kw,buffer_energy_kwh,buffer_standing_loss_kw,rejected_kw,absorption_cooling_kw,orc_electric_kw,fallback_dhw_kw,fallback_process_kw,fallback_cooling_kw,baseline_rejection_electric_kw,actual_rejection_electric_kw,cooling_electric_saving_kw,grid_electric_kw,diesel_electric_kw,net_cost_inr,source_balance_residual_kw,hp_balance_residual_kw,store_balance_residual_kw,buffer_balance_residual_kw
naive,2026-01-05 00:00:00,0,0,23.54316,3038.787,102.9345,0,22.25681,1,1,2127.151,1627.151,755.1298,392.0924,1147.222,3,0,0,347.2222,800,0,300,924.8426,0.4624213,0.6296853,500,0,249.9603,0.1586165,872.0214,267.9357,59.37821,0,0,0,38.28872,15.69639,22.59234,407.7888,0,748.7771,0,-5.684342e-14,1.669775e-13,7.81597e-14
naive,2026-01-05 00:15:00,1,0.25,22.98495,3081.58,91.55787,0.4407991,15.51661,1,1,2157.106,2156.63,534.1634,294.6796,828.843,2,0,0,28.84296,800,0,102.9345,898.9634,0.4494817,0.5823598,0.4757993,0,250,0.3171828,1622.467,22.38561,59.96531,0,0.4407991,0,38.82791,29.20441,9.623505,323.884,0,581.0674,0,0,-1.056932e-13,4.996004e-15
naive,2026-01-05 00:30:00,2,0.5,22.82123,3121.968,92.7606,3.745211,21.24856,1,1,2185.378,2185.06,531.0833,293.3217,824.405,2,0,0,24.40498,800,0,97.46659,874.4552,0.4372276,0.566064,0.3172331,0,250,0.3172331,1653.977,18.97316,60.13749,0,3.524811,2.275393,39.3368,29.77159,9.565209,323.4897,0,585.4051,0,0,-7.127632e-14,4.263256e-14
naive,2026-01-05 00:45:00,3,0.75,22.53235,3118.345,112.982,9.738488,15.5018,1,1,2182.841,2182.524,531.7624,293.6211,825.3836,2,0,0,25.38355,800,0,97.14633,850.031,0.4250155,0.5506316,0.3172331,0,250,0.3172331,1650.762,19.7926,60.44133,17.23096,8.343151,0,39.29115,29.71371,9.577434,323.3348,0,622.7885,0,-1.136868e-13,-2.164935e-13,4.263256e-14
naive,2026-01-05 01:00:00,4,1,22.26429,3110.083,121.0516,10.69027,26.80547,1,1,2177.058,2176.741,530.8033,293.1983,824.0016,2,0,0,24.00163,800,0,103.5399,824.0122,0.4120061,0.535252,0.3172331,0,250,0.3172331,1645.937,18.76653,60.72326,20.99283,7.209142,8.038943,39.18704,29.62687,9.56017,324.211,0,628.7567,0,0,1.519895e-13,4.263256e-14
naive,2026-01-05 01:15:00,5,1.25,22.03359,3096.894,106.2349,6.528911,22.44667,1,1,2167.826,2167.509,532.2388,293.8311,826.0699,2,0,0,26.06988,800,0,109.1803,796.5874,0.3982937,0.5188684,0.3172331,0,250,0.3172331,1635.27,20.43178,60.9659,1.977601,1.605958,2.014888,39.02087,29.43486,9.586008,323.6118,0,584.8186,0,-5.684342e-14,-4.563017e-14,4.263256e-14
naive,2026-01-05 01:30:00,6,1.5,21.57527,3072.903,104.178,11.74712,16.21518,1,1,2151.032,2150.715,532.5382,293.9631,826.5013,2,0,0,26.50128,800,0,109.7775,769.0176,0.3845088,0.5015994,0.3172331,0,250,0.3172331,1618.177,20.86705,61.44793,0,6.556503,0,38.71858,29.12718,9.591397,323.0903,0,588.3617,0,-5.684342e-14,1.532108e-13,4.263256e-14
naive,2026-01-05 01:45:00,7,1.75,21.36075,3112.375,98.39485,0,12.45814,1,1,2178.662,2178.345,531.9466,293.7023,825.649,2,0,0,25.64897,800,0,110.6557,741.2326,0.3706163,0.4842391,0.3172331,0,250,0.3172331,1646.399,20.23996,61.67355,0,0,0,39.21592,29.63517,9.58075,323.3375,0,577.2923,0,0,1.514899e-13,4.263256e-14
naive,2026-01-05 02:00:00,8,2,21.07252,3061.378,114.9408,6.041093,23.97991,1,1,2142.965,2142.648,531.0821,293.3212,824.4033,2,0,0,24.4033,800,0,109.1231,713.8352,0.3569176,0.4667433,0.3172331,0,250,0.3172331,1611.565,19.31325,61.97669,11.17897,0.6797445,4.666654,38.57337,29.00818,9.565188,323.1161,0,596.9647,0,-1.136868e-13,-1.577072e-13,4.263256e-14
naive,2026-01-05 02:15:00,9,2.25,21.33942,3051.959,102.2658,6.887105,24.62894,1,1,2136.371,2136.054,531.5422,293.5241,825.0663,2,0,0,25.06632,800,0,110.4408,686.1126,0.3430563,0.4494915,0.3172331,0,250,0.3172331,1604.512,19.78446,61.69599,0,1.450229,4.844476,38.45468,28.88121,9.573471,323.226,0,579.5457,0,0,-1.587619e-13,4.263256e-14
naive,2026-01-05 02:30:00,10,2.5,21.2069,2998.286,118.1824,4.53696,23.62809,1,1,2098.8,2098.483,531.9718,293.7134,825.6852,2,0,0,25.6852,800,0,110.312,658.4266,0.3292133,0.432035,0.3172331,0,250,0.3172331,1566.511,20.30016,61.83536,13.45231,0,3.327927,37.77841,28.1972,9.581202,322.473,0,598.5865,0,0,1.721956e-13,4.263256e-14
naive,2026-01-05 02:45:00,11,2.75,21.00927,2972.715,134.7172,6.875322,15.59696,1,1,2080.9,2080.583,532.2398,293.8316,826.0714,2,0,0,26.07135,800,0,111.4399,630.463,0.3152315,0.4146016,0.3172331,0,250,0.3172331,1548.343,20.64658,62.04322,28.76419,1.388418,0,37.4562,27.87018,9.586026,321.7018,0,625.6181,0,0,-6.561418e-14,4.263256e-14
naive,2026-01-05 03:00:00,12,3,20.83279,2995.439,122.677,10.7626,16.08732,1,1,2096.808,2096.49,531.8673,293.6674,825.5347,2,0,0,25.53473,800,0,113.9526,601.8755,0.3009378,0.3969933,0.3172331,0,250,0.3172331,1564.623,20.25767,62.22883,14.32696,5.159999,0,37.74254,28.16321,9.579322,321.8306,0,607.2688,0,0,2.375877e-14,4.263256e-14
naive,2026-01-05 03:15:00,13,3.25,20.61839,3015.78,149.7991,4.04297,14.39314,1,1,2111.046,2110.728,531.5837,293.5423,825.126,2,0,0,25.12601,800,0,115.4516,572.9179,0.2864589,0.3789922,0.3172331,0,250,0.3172331,1579.145,19.97651,62.45432,40.34694,0,0,37.99882,28.42461,9.574216,321.9669,0,643.2713,0,-5.684342e-14,2.003953e-13,4.263256e-14
naive,2026-01-05 03:30:00,14,3.5,20.36735,3029.9,137.5935,4.695633,20.0059,1,1,2120.93,2120.613,531.2313,293.387,824.6184,2,0,0,24.61836,800,0,118.1938,543.2792,0.2716396,0.360758,0.3172331,0,250,0.3172331,1589.381,19.62234,62.71835,25.25944,0,0.3835636,38.17674,28.60886,9.567874,322.0597,0,617.1338,0,-1.136868e-13,1.965095e-13,4.263256e-14
naive,2026-01-05 03:45:00,15,3.75,20.21761,3025.37,135.1444,1.716545,14.14071,1,1,2117.759,2117.442,531.2539,293.397,824.6509,2,0,0,24.65088,800,0,119.8002,513.2437,0.2566218,0.342095,0.3172331,0,250,0.3172331,1586.188,19.67779,62.87585,21.1264,0,0,38.11966,28.55138,9.568281,321.9483,0,609.6044,0,0,-2.267075e-13,4.263256e-14
naive,2026-01-05 04:00:00,16,4,20.19538,3013.112,154.9879,1.12078,20.44164,1,1,2109.179,2108.861,530.9488,293.2624,824.2112,2,0,0,24.21121,800,0,120.8665,482.9463,0.2414731,0.323182,0.3172331,0,250,0.3172331,1577.913,19.33112,62.89922,39.64946,0,1.110513,37.96522,28.40243,9.562788,321.8491,0,641.3319,0,5.684342e-14,-9.692247e-14,4.263256e-14
naive,2026-01-05 04:15:00,17,4.25,20.09226,3008.839,163.1526,5.612573,13.87022,1,1,2106.187,2105.87,531.0063,293.2878,824.2941,2,0,0,24.29413,800,0,122.9395,452.1354,0.2260677,0.3041042,0.3172331,0,250,0.3172331,1574.863,19.41737,63.00768,45.48192,0.3437611,0,37.91137,28.34754,9.563824,321.6354,0,651.4364,0,5.684342e-14,-4.163336e-15,4.263256e-14
naive,2026-01-05 04:30:00,18,4.5,20.15919,3010.768,193.5964,2.10212,9.710382,1,1,2107.538,2107.221,530.735,293.1682,823.9033,2,0,0,23.90325,800,0,125.4854,420.6928,0.2103464,0.284703,0.3172331,0,250,0.3172331,1576.486,19.09216,62.93729,73.39895,0,0,37.93568,28.37674,9.558941,321.545,0,698.8986,0,0,1.003087e-13,4.263256e-14
naive,2026-01-05 04:45:00,19,4.75,20.08811,3051.443,217.6757,0,11.38201,1,1,2136.01,2135.693,530.3007,292.9767,823.2774,2,0,0,23.27739,800,0,129.1808,388.3314,0.1941657,0.2649041,0.3172331,0,250,0.3172331,1605.392,18.60551,63.01205,93.61516,0,0,38.44818,28.89706,9.551122,321.8738,0,734.3452,0,0,5.628831e-14,4.263256e-14
naive,2026-01-05 05:00:00,20,5,20.06114,3094.926,270.2608,0,12.59543,1,1,2166.448,2166.131,529.9832,292.8367,822.8199,2,0,0,22.8199,800,0,133.6056,354.8689,0.1774344,0.2445266,0.3172331,0,250,0.3172331,1636.147,18.24476,63.04041,141.5194,0,0,38.99606,29.45065,9.545407,322.2874,0,817.7754,0,0,-5.52336e-15,4.263256e-14
naive,2026-01-05 05:15:00,21,5.25,20.24668,3105.672,342.2307,6.795791,5.646016,1,1,2173.97,2173.653,529.7468,292.7326,822.4794,2,0,0,22.47936,800,0,140.113,319.7848,0.1598924,0.2234557,0.3172331,0,250,0.3172331,1643.906,17.93912,62.84527,206.7503,2.163196,0,39.13147,29.59032,9.541153,322.3229,0,934.3206,0,5.684342e-14,-2.259304e-14,4.263256e-14
naive,2026-01-05 05:30:00,22,5.5,20.31396,3091.279,402.2649,11.92841,1.655895,1,1,2163.895,2163.578,529.2561,292.5162,821.7723,2,0,0,21.77233,800,0,149.609,282.3322,0.1411661,0.2013638,0.3172331,0,250,0.3172331,1634.322,17.36318,62.77451,257.3868,7.197487,0,38.95011,29.41779,9.53232,321.934,0,1029.655,0,-5.684342e-14,4.210521e-14,4.263256e-14
naive,2026-01-05 05:45:00,23,5.75,20.25856,3071.772,501.8352,12.53934,0.9442582,1,1,2150.24,2149.923,528.6566,292.2519,820.9086,2,0,0,20.90856,800,0,161.1127,242.0096,0.1210048,0.1777804,0.3172331,0,250,0.3172331,1621.266,16.68359,62.83277,345.7664,7.495481,0,38.70432,29.18279,9.521529,321.4347,0,1181.559,0,-5.684342e-14,7.854828e-15,4.263256e-14
naive,2026-01-05 06:00:00,24,6,20.26098,3090.083,596.5934,16.9543,8.135001,1,1,2163.058,2162.741,533.8099,294.2157,828.0255,2,2.589951,5.356168,20.0794,800,0,167.8858,200,0.1,0.1523899,0.3172331,0,250,0.3172331,1628.931,16.0216,62.83023,426.1176,11.59813,0,38.93505,29.32076,9.614288,323.5364,0,1331.449,0,0,-9.797718e-15,4.263256e-14
naive,2026-01-05 06:15:00,25,6.25,20.37259,3093.644,668.3632,10.86275,15.53481,1,1,2165.551,2165.233,1065.77,447.2512,1513.021,4,187.5205,5.820093,19.68069,800,500,0,324.9685,0.1624843,0.1259371,0.3172331,0,250,0.3172331,1099.463,15.68589,62.71284,480.8427,5.042656,0,38.97991,19.79034,19.18957,467.0415,0,1701.683,0,-5.684342e-14,1.24345e-13,4.263256e-14
naive,2026-01-05 06:30:00,26,6.5,20.67908,3058.512,737.207,4.531273,20.54675,1,1,2140.958,2140.641,527.7993,291.874,819.6734,2,0,0,19.67335,800,0,212.0285,271.9102,0.1359551,0.2046279,0.3172331,0,250,0.3172331,1612.842,15.6318,62.39049,531.1925,0,4.91495,38.53725,29.03115,9.506098,321.7277,0,1489.573,0,0,-3.641532e-14,4.263256e-14
naive,2026-01-05 06:45:00,27,6.75,20.70962,3114.565,782.4256,0,22.07892,1,1,2180.195,2179.878,527.9589,291.9444,819.9033,2,0,0,19.90332,800,0,231.6474,213.9556,0.1069778,0.1712179,0.3172331,0,250,0.3172331,1651.919,15.80967,62.35838,556.7374,0,6.269247,39.24351,29.73454,9.508971,322.7287,0,1535.676,0,-5.684342e-14,-1.831868e-15,4.263256e-14
naive,2026-01-05 07:00:00,28,7,20.75827,3127.266,779.8016,2.412709,24.69728,1,1,2189.086,2188.769,679.6067,336.2098,1015.816,3,189.884,5.746298,20.18615,800,0,55.68767,200,0.1,0.1347247,0.3172331,0,250,0.3172331,1509.162,16.02647,62.3072,534.2299,0,8.670809,39.40355,27.16492,12.23863,364.8279,0,1581.107,0,0,1.165734e-15,4.263256e-14
naive,2026-01-05 07:15:00,29,7.25,20.98322,3132.633,773.6433,4.659193,21.90283,1,1,2192.843,2192.526,1125.641,464.5479,1590.189,4,263.9934,5.631347,20.5638,800,500,0,324.9685,0.1624843,0.1259371,0.3172331,0,250,0.3172331,1066.885,16.28929,62.07062,509.6499,0,5.613542,39.47117,19.20393,20.26724,484.6966,0,1778.71,0,1.136868e-13,1.24345e-13,4.263256e-14
naive,2026-01-05 07:30:00,30,7.5,20.97411,3126.139,735.0574,0,23.50228,1,1,2188.297,2187.98,528.5814,292.2188,820.8001,2,0,0,20.80013,800,0,286.5807,253.2722,0.1266361,0.2046279,0.3172331,0,250,0.3172331,1659.399,16.47801,62.0802,454.0756,0,7.024265,39.38935,29.86917,9.520175,323.2699,0,1359.98,0,-5.684342e-14,-6.483702e-14,4.263256e-14
naive,2026-01-05 07:45:00,31,7.75,21.05706,3124.228,662.9605,11.53214,23.25324,1,1,2186.96,2186.643,596.7651,312.4396,909.2048,2,82.7001,5.418331,21.08632,800,0,212.9293,200,0.1,0.1594818,0.3172331,0,250,0.3172331,1589.878,16.69074,61.99296,367.3311,6.113812,6.562501,39.36528,28.6178,10.74748,342.1634,0,1258.777,0,5.684342e-14,-1.004752e-14,4.263256e-14
naive,2026-01-05 08:00:00,32,8,21.30568,3171.34,594.2956,381.9427,23.53698,1,1,2219.938,2219.621,1159.651,474.4124,1634.063,4,307.1085,5.609387,21.34534,800,500,0,324.9685,0.1624843,0.1259371,0.3172331,0,250,0.3172331,1059.97,16.85331,61.73147,287.1872,376.3333,6.683673,39.95889,19.07946,20.87942,494.6234,0,2064.372,0,-5.684342e-14,1.24345e-13,4.263256e-14
naive,2026-01-05 08:15:00,33,8.25,21.52519,3165.698,496.3102,374.1734,35.52071,1,1,2215.989,2215.672,529.1373,292.4639,821.6012,2,0,0,21.60116,800,0,332.8245,241.7112,0.1208556,0.2046279,0.3172331,0,250,0.3172331,1686.534,17.01736,61.5006,180.4991,357.1599,18.50335,39.8878,30.35762,9.530182,325.9671,0,1510.208,0,0,-7.993606e-15,4.263256e-14
naive,2026-01-05 08:30:00,34,8.5,21.6913,3191.315,378.3514,369.0254,36.49006,1,1,2233.921,2233.603,668.6407,335.5933,1004.234,3,154.4272,27.51813,22.28868,800,0,166.6927,200,0.1,0.152202,0.3172331,0,250,0.3172331,1564.963,17.52937,61.32589,57.23156,341.5072,18.96069,40.21057,28.16933,12.04124,366.9961,0,1352.825,0,0,-5.800915e-15,4.263256e-14
naive,2026-01-05 08:45:00,35,8.75,21.94309,3229.239,322.5875,377.2587,43.82734,1,1,2260.467,2260.15,1194.909,488.0946,1683.004,4,322.7551,37.27548,22.97318,800,500,0,324.9685,0.1624843,0.1259371,0.3172331,0,250,0.3172331,1065.241,18.02143,61.06108,0,339.9832,25.8059,40.68841,19.17434,21.51407,511.6906,0,1541.159,0,-5.684342e-14,1.24345e-13,4.263256e-14
naive,2026-01-05 09:00:00,36,9,21.74871,3294.112,267.5842,383.6008,38.57866,1,1,2305.879,2305.561,530.7183,293.1608,823.8791,2,0,0,23.87915,800,0,369.4699,232.5499,0.1162749,0.2046279,0.3172331,0,250,0.3172331,1774.843,18.76926,61.26551,0,336.8814,19.8094,41.50581,31.94718,9.55864,328.4898,0,1169.176,0,0,-6.483702e-14,4.263256e-14
naive,2026-01-05 09:15:00,37,9.25,22.06946,3318.182,242.8063,381.9975,41.49629,1,1,2322.727,2322.41,718.4223,353.1643,1071.587,3,191.2063,55.82436,24.55592,800,0,130.0531,200,0.1,0.1464333,0.3172331,0,250,0.3172331,1603.988,19.2382,60.92817,0,326.1731,22.25809,41.80909,28.87178,12.93731,385.8589,0,1265.822,0,-1.136868e-13,-7.355228e-15,4.263256e-14
naive,2026-01-05 09:30:00,38,9.5,22.13899,3324.885,191.3283,387.9092,42.58722,1,1,2327.42,2327.102,1212.588,496.3117,1708.899,4,319.1949,64.40786,25.29653,800,500,0,324.9685,0.1624843,0.1259371,0.3172331,0,250,0.3172331,1114.515,19.80435,60.85504,0,323.5013,22.78287,41.89355,20.06127,21.83229,520.2911,0,1530.16,0,-5.684342e-14,1.24345e-13,4.263256e-14
naive,2026-01-05 09:45:00,39,9.75,22.12573,3323.562,170.3582,392.6008,45.30102,1,1,2326.493,2326.176,532.2148,293.8206,826.0354,2,0,0,26.03535,800,0,388.619,227.7626,0.1138813,0.2046279,0.3172331,0,250,0.3172331,1793.961,20.38553,60.86899,0,319.8981,24.91549,41.87688,32.2913,9.585576,330.3957,0,1144.138,0,-5.684342e-14,-7.993606e-15,4.263256e-14
naive,2026-01-05 10:00:00,40,10,22.37518,3359.051,130.8644,396.0695,51.38509,1,1,2351.336,2351.018,745.154,363.7398,1108.894,3,201.3703,80.70022,26.82333,800,0,110.907,200,0.1,0.1434188,0.3172331,0,250,0.3172331,1605.864,20.94898,60.60663,0,315.3693,30.43611,42.32404,28.90556,13.41848,397.9032,0,1271.636,0,-2.273737e-13,-3.13638e-15,4.263256e-14
naive,2026-01-05 10:15:00,41,10.25,22.68488,3394.661,100.279,406.4256,60.76475,1,1,2376.263,2375.946,1222.137,501.8707,1724.007,4,307.8526,88.39215,27.76269,800,500,0,324.9685,0.1624843,0.1259371,0.3172331,0,250,0.3172331,1153.809,21.61384,60.2809,0,318.0335,39.15091,42.77273,20.76856,22.00417,529.4426,0,1539.677,0,5.684342e-14,1.24345e-13,4.263256e-14
naive,2026-01-05 10:30:00,42,10.5,22.84909,3390.007,91.25433,400.949,67.77755,1,1,2373.005,2372.688,534.2326,294.7101,828.9427,2,0,0,28.94268,800,0,398.8748,225.1987,0.1125993,0.2046279,0.3172331,0,250,0.3172331,1838.455,22.49446,60.1082,0,304.9846,45.28309,42.71409,33.09219,9.621897,335.696,0,1129.869,0,-5.684342e-14,-7.993606e-15,4.263256e-14
naive,2026-01-05 10:45:00,43,10.75,22.93588,3415.18,93.34576,404.2028,71.57476,1,1,2390.626,2390.309,759.9333,370.7353,1130.669,3,197.3353,103.057,30.27624,800,0,100.6529,200,0.1,0.1418043,0.3172331,0,250,0.3172331,1630.376,23.50989,60.01692,0,301.1457,48.06486,43.03127,29.34676,13.68451,408.4746,0,1268.907,0,-1.136868e-13,-3.858025e-15,4.263256e-14
naive,2026-01-05 11:00:00,44,11,23.17097,3419.716,92.04162,401.0383,87.31194,1,1,2393.801,2393.484,1228.497,506.4014,1734.899,4,293.3372,109.9013,31.66008,800,500,0,324.9685,0.1624843,0.1259371,0.3172331,0,250,0.3172331,1164.987,24.52492,59.76966,0,291.137,62.78702,43.08842,20.96977,22.11866,538.3841,0,1511.739,0,0,1.24345e-13,4.263256e-14
naive,2026-01-05 11:15:00,45,11.25,23.39763,3388.177,107.721,406.5546,90.64859,1,1,2371.724,2371.406,537.3458,296.0826,833.4284,2,0,0,33.42835,800,0,405.2349,223.6086,0.1118043,0.2046279,0.3172331,0,250,0.3172331,1834.061,25.83407,59.53128,0,290.1836,64.81452,42.69102,33.01309,9.677935,340.5142,0,1114.622,0,-1.136868e-13,-7.993606e-15,4.263256e-14
naive,2026-01-05 11:30:00,46,11.5,23.81487,3380.985,120.1185,411.2534,105.8269,1,1,2366.69,2366.372,771.7739,376.7526,1148.527,3,190.6323,122.6793,35.21484,800,0,94.29371,200,0.1,0.1408031,0.3172331,0,250,0.3172331,1594.598,27.09716,59.09245,0,288.574,78.72978,42.60041,28.70277,13.89764,419.4384,0,1270.188,0,-1.136868e-13,-4.857226e-15,4.263256e-14
naive,2026-01-05 11:45:00,47,11.75,24.14372,3423.537,94.86227,424.9909,112.0831,1,1,2396.476,2396.158,1236.314,511.265,1747.579,4,281.4195,128.8192,37.33981,800,500,0,324.9685,0.1624843,0.1259371,0.3172331,0,250,0.3172331,1159.845,28.63404,58.74658,0,296.1717,83.44901,43.13656,20.87721,22.25935,547.0593,0,1538.925,0,5.684342e-14,1.24345e-13,4.263256e-14
naive,2026-01-05 12:00:00,48,12,24.39812,3475.424,87.97674,418.0357,116.8037,1,1,2432.797,2432.479,541.592,297.9545,839.5465,2,0,0,39.54648,800,0,412.5223,221.7868,0.1108934,0.2046279,0.3172331,0,250,0.3172331,1890.887,30.24574,58.47901,0,283.0462,86.558,43.79034,34.03597,9.754366,347.5411,0,1117.548,0,-5.684342e-14,4.884981e-14,4.263256e-14
naive,2026-01-05 12:15:00,49,12.25,24.76949,3498.897,115.8963,419.624,135.0446,1,1,2449.228,2448.911,785.8028,383.4101,1169.213,3,186.657,140.7659,41.78999,800,0,87.00744,200,0.1,0.1396559,0.3172331,0,250,0.3172331,1663.108,31.83746,58.08843,0,278.8581,103.2072,44.08611,29.93595,14.15016,432.0248,0,1279.73,0,2.273737e-13,2.720046e-15,4.263256e-14
naive,2026-01-05 12:30:00,50,12.5,24.96452,3496.288,129.3142,418.8515,137.3663,1,1,2447.402,2447.085,1244.912,516.3534,1761.265,4,270.509,146.343,44.41323,800,500,0,324.9685,0.1624843,0.1259371,0.3172331,0,250,0.3172331,1202.173,33.76666,57.8833,0,272.5085,103.5996,44.05323,21.63911,22.41412,556.8155,0,1518.589,0,2.273737e-13,1.24345e-13,4.263256e-14
naive,2026-01-05 12:45:00,51,12.75,25.06245,3481.783,103.6214,419.4994,142.2068,1,1,2437.248,2436.931,546.7626,300.2339,846.9965,2,0,0,46.99653,800,0,419.4269,220.0606,0.1100303,0.2046279,0.3172331,0,250,0.3172331,1890.168,35.69388,57.78031,0,267.8131,106.5129,443.6902,344.0967,99.59344,663.7209,0,1724.416,0,5.684342e-14,-7.993606e-15,4.263256e-14
naive,2026-01-05 13:00:00,52,13,25.35367,3502.38,91.58788,415.7505,157.1591,1,1,2451.666,2451.349,800.6887,390.2314,1190.92,3,184.4804,156.8366,49.6031,800,0,80.10399,200,0.1,0.138569,0.3172331,0,250,0.3172331,1650.66,37.55801,57.47402,0,258.9139,119.6011,448.9329,302.258,146.6749,714.39,0,1810.748,0,-1.705303e-13,4.32987e-15,4.263256e-14
naive,2026-01-05 13:15:00,53,13.25,25.6378,3513.535,121.7344,410.4987,166.606,1,1,2459.475,2459.158,1254.046,521.4731,1775.519,4,261.3203,161.7218,52.47672,800,500,0,324.9685,0.1624843,0.1259371,0.3172331,0,250,0.3172331,1205.112,39.61455,57.17518,0,248.7769,126.9915,452.9551,221.9424,231.0128,766.8032,0,1898.424,0,2.273737e-13,1.24345e-13,4.263256e-14
naive,2026-01-05 13:30:00,54,13.5,25.81052,3472.379,101.8384,409.4314,170.0704,1,1,2430.665,2430.348,552.6459,302.8276,855.4736,2,0,0,55.47356,800,0,425.0641,218.6513,0.1093257,0.2046279,0.3172331,0,250,0.3172331,1877.702,41.80021,56.99353,0,243.1026,128.2702,449.2212,347.0258,102.1954,673.5595,0,1702.353,0,0,-6.483702e-14,4.263256e-14
naive,2026-01-05 13:45:00,55,13.75,25.90234,3496.39,119.0448,407.6249,179.1564,1,1,2447.473,2447.156,814.1022,396.5094,1210.612,3,181.4151,170.7488,58.44768,800,0,74.46763,200,0.1,0.1376815,0.3172331,0,250,0.3172331,1633.054,43.99832,56.89696,0,236.8761,135.158,453.1735,302.3758,150.7977,723.911,0,1792.424,0,-2.273737e-13,-8.049117e-16,4.263256e-14
naive,2026-01-05 14:00:00,56,14,26.11893,3479.801,86.0556,414.9291,194.5705,1,1,2435.86,2435.543,1263.408,526.5379,1789.946,4,253.4392,174.9787,61.52775,800,500,0,324.9685,0.1624843,0.1259371,0.3172331,0,250,0.3172331,1172.136,46.21033,56.66916,0,239.9503,148.3602,453.0217,217.994,235.0278,772.1239,0,1894.409,0,2.273737e-13,1.24345e-13,4.263256e-14
naive,2026-01-05 14:15:00,57,14.25,25.97195,3500.083,88.66059,413.0872,197.5559,1,1,2450.058,2449.741,559.1548,305.697,864.8518,2,0,0,64.85178,800,0,429.691,217.4946,0.1087473,0.2046279,0.3172331,0,250,0.3172331,1890.586,48.78309,56.82375,0,233.8989,148.7728,454.2961,350.5573,103.7387,683.8402,0,1707.229,0,-5.684342e-14,-7.993606e-15,4.263256e-14
naive,2026-01-05 14:30:00,58,14.5,26.23386,3510.978,79.87773,419.5397,204.1423,1,1,2457.685,2457.368,826.7256,402.4961,1229.222,3,177.8708,183.2211,68.12981,800,0,69.84148,200,0.1,0.1369532,0.3172331,0,250,0.3172331,1630.642,51.10616,56.54828,0,236.3185,153.0361,458.1579,303.9818,154.1761,735.0066,0,1814.046,0,1.136868e-13,1.249001e-15,4.263256e-14
naive,2026-01-05 14:45:00,59,14.75,26.45792,3522.29,94.23006,410.8684,210.6765,1,1,2465.603,2465.286,1272.136,531.4053,1803.541,4,244.8676,187.2265,71.44696,800,500,0,324.9685,0.1624843,0.1259371,0.3172331,0,250,0.3172331,1193.15,53.46637,56.31263,0,223.6418,157.2101,461.7555,223.4518,238.3036,784.2993,0,1891.029,0,0,1.24345e-13,4.263256e-14
naive,2026-01-05 15:00:00,60,15,26.39277,3537.632,119.4263,399.6235,206.1907,1,1,2476.343,2476.025,566.0593,308.7409,874.8002,2,0,0,74.80018,800,0,433.3108,216.5896,0.1082948,0.2046279,0.3172331,0,250,0.3172331,1909.966,56.0147,56.38115,0,208.6696,150.176,463.1452,357.217,105.9282,694.045,0,1684.616,0,0,-7.993606e-15,4.263256e-14
naive,2026-01-05 15:15:00,61,15.25,26.53991,3537.787,128.667,397.5422,211.8291,1,1,2476.451,2476.134,838.371,408.0762,1246.447,3,174.1195,194.3747,77.95301,800,0,66.22221,200,0.1,0.1363833,0.3172331,0,250,0.3172331,1637.763,58.28396,56.22639,0,203.1675,153.5451,464.5718,307.2374,157.3344,744.118,0,1775.445,0,-5.684342e-14,3.524958e-15,4.263256e-14
naive,2026-01-05 15:30:00,62,15.5,26.54108,3490.229,147.0156,396.196,208.6157,1,1,2443.161,2442.843,1281.176,536.1432,1817.319,4,238.5405,197.6516,81.12675,800,500,0,324.9685,0.1624843,0.1259371,0.3172331,0,250,0.3172331,1161.668,60.65615,56.22517,0,198.5444,147.9596,458.3377,217.9292,240.4085,781.8297,0,1842.895,0,0,1.24345e-13,4.263256e-14
naive,2026-01-05 15:45:00,63,15.75,26.75483,3449.744,167.8367,406.8004,201.818,1,1,2414.821,2414.504,572.5404,311.5981,884.1385,2,0,0,84.1385,800,0,437.8908,215.4447,0.1077223,0.2046279,0.3172331,0,250,0.3172331,1841.963,62.76407,56.00035,0,205.9973,139.054,455.0283,347.0839,107.9444,684.8841,0,1662.113,0,0,-7.993606e-15,4.263256e-14
naive,2026-01-05 16:00:00,64,16,26.59068,3466.352,196.9162,396.0008,192.9883,1,1,2426.446,2426.129,851.4833,413.8278,1265.311,3,174.3627,204.0218,86.92664,800,0,61.64296,200,0.1,0.1356623,0.3172331,0,250,0.3172331,1574.646,64.95807,56.173,0,191.979,128.0303,455.6685,295.7067,159.9618,733.5776,0,1735.124,0,0,-1.387779e-15,4.263256e-14
naive,2026-01-05 16:15:00,65,16.25,26.56211,3461.767,208.4113,397.7893,190.1245,1,1,2423.237,2422.92,1290.992,540.8437,1831.835,4,235.4043,206.9753,89.45585,800,500,0,324.9685,0.1624843,0.1259371,0.3172331,0,250,0.3172331,1131.928,66.86852,56.20304,0,190.814,123.256,454.7975,212.4423,242.3552,776.419,0,1818.764,0,0,1.24345e-13,4.263256e-14
naive,2026-01-05 16:30:00,66,16.5,26.73213,3402.271,196.9162,391.6487,189.1108,1,1,2381.59,2381.273,577.8962,313.9591,891.8553,2,0,0,91.85531,800,0,444.8618,213.7019,0.106851,0.2046279,0.3172331,0,250,0.3172331,1803.377,68.53719,56.02423,0,181.7823,120.5737,448.5555,339.6531,108.9024,676.3214,0,1603.19,0,-5.684342e-14,-7.993606e-15,4.263256e-14
naive,2026-01-05 16:45:00,67,16.75,26.9442,3339.836,208.9685,384.7894,186.4044,1,1,2337.885,2337.568,866.6359,419.8665,1286.502,3,179.7538,212.5796,94.16894,800,0,54.67312,200,0.1,0.134565,0.3172331,0,250,0.3172331,1470.932,70.10373,55.80119,0,172.2098,116.3007,442.2671,278.2621,164.005,720.1297,0,1674.545,0,0,-1.748601e-15,4.263256e-14
naive,2026-01-05 17:00:00,68,17,26.70829,3359.957,269.5069,387.1271,172.29,1,1,2351.97,2351.653,1300.387,545.1466,1845.534,4,234.0526,215.1121,96.36916,800,500,0,324.9685,0.1624843,0.1259371,0.3172331,0,250,0.3172331,1051.266,71.92355,56.0493,35.4543,172.015,100.3665,442.7581,197.9007,244.8575,761.9412,0,1818.711,0,0,1.24345e-13,4.263256e-14
naive,2026-01-05 17:15:00,69,17.25,26.67742,3406.129,327.3966,379.2786,167.5768,1,1,2384.291,2383.973,582.3284,315.9131,898.2415,2,0,0,98.24149,800,0,452.1715,211.8745,0.1059372,0.2046279,0.3172331,0,250,0.3172331,1801.645,73.34519,56.08177,92.83016,161.6735,94.23157,448.5557,338.9428,109.6129,672.5837,0,1721.094,0,0,-7.993606e-15,4.263256e-14
naive,2026-01-05 17:30:00,70,17.5,26.73978,3403.704,395.1367,385.6352,157.398,1,1,2382.593,2382.276,882.5705,425.8474,1308.418,3,188.528,219.9147,99.97522,800,0,47.36454,200,0.1,0.1334143,0.3172331,0,250,0.3172331,1499.705,74.58969,56.01618,159.2442,165.7205,82.8083,448.8156,282.5036,166.312,723.9499,0,1945.446,0,-1.136868e-13,-1.360023e-15,4.263256e-14
naive,2026-01-05 17:45:00,71,17.75,26.6645,3370.892,443.5424,382.1374,141.8884,1,1,2359.624,2359.307,1312.057,549.8054,1861.862,4,238.1354,222.2488,101.4782,800,500,0,324.9685,0.1624843,0.1259371,0.3172331,0,250,0.3172331,1047.25,75.77212,56.09536,205.4069,159.8886,66.11629,443.7965,196.9661,246.8305,759.2066,0,2085.441,0,2.273737e-13,1.24345e-13,4.263256e-14
naive,2026-01-05 18:00:00,72,18,26.86125,3353.793,495.1492,9.670494,136.9145,1,1,2347.655,2347.338,585.3964,317.2656,902.6621,2,0,0,102.6621,800,0,465.4578,208.5529,0.1042765,0.2046279,0.3172331,0,250,0.3172331,1761.941,76.49455,55.88843,254.1609,0,60.41998,443.3501,332.7392,110.6109,661.415,0,1698.383,0,5.684342e-14,-7.993606e-15,4.263256e-14
naive,2026-01-05 18:15:00,73,18.25,26.67821,3260.331,529.3404,5.204193,135.6928,1,1,2282.232,2281.914,903.2729,432.3735,1335.646,3,210.3896,221.527,103.7298,800,0,34.08035,200,0.1,0.1313227,0.3172331,0,250,0.3172331,1378.641,77.44199,56.08093,284.8705,0,58.2508,429.3624,259.3676,169.9949,702.6999,0,1833.71,0,1.136868e-13,-2.081668e-15,4.263256e-14
naive,2026-01-05 18:30:00,74,18.5,26.68361,3225.993,577.4034,5.548099,132.8973,1,1,2258.195,2257.878,1319.704,551.9651,1871.669,4,248.3196,218.6037,104.7457,800,500,0,324.9685,0.1624843,0.1259371,0.3172331,0,250,0.3172331,938.1737,78.19595,56.07525,329.0838,0,54.70136,424.8878,176.5209,248.3669,738.7783,0,1982.141,0,0,1.24345e-13,4.263256e-14
naive,2026-01-05 18:45:00,75,18.75,26.49129,3246.368,633.7982,8.770225,121.685,0,1,2272.457,2272.14,587.4962,318.1913,905.6875,2,0,0,105.6875,800,0,468.4703,207.7998,0.1038999,0.2046279,0.3172331,0,250,0.3172331,1684.644,79.06162,56.27753,381.0909,0,42.6234,425.8762,315.7154,110.1608,0,641.8947,4124.49,0,-5.684342e-14,-7.993606e-15,4.263256e-14
naive,2026-01-05 19:00:00,76,19,26.60574,3255.542,669.0525,1.885519,118.586,0,0,2278.879,2278.562,911.8742,434.2306,1346.105,3,226.6534,213.0394,106.412,800,0,31.06825,200,0.1,0.1308485,0.3172331,0,250,0.3172331,1366.688,79.50618,56.15716,411.3308,0,39.0798,428.0896,256.7336,171.356,0,698.3054,4487.048,0,-5.684342e-14,-6.661338e-16,4.263256e-14
naive,2026-01-05 19:15:00,77,19.25,26.51781,3183.689,677.4404,0.9171642,110.8746,0,0,2228.582,2228.265,1327.001,553.428,1880.429,4,263.0637,210.2971,107.068,800,500,0,324.9685,0.1624843,0.1259371,0.3172331,0,250,0.3172331,901.2644,80.07158,56.24963,414.3767,0,30.80297,417.8821,168.9963,248.8858,0,728.2002,4656.62,0,2.273737e-13,1.24345e-13,4.263256e-14
naive,2026-01-05 19:30:00,78,19.5,26.37077,3207.555,718.1783,0,97.25491,0,0,2245.289,2244.971,588.8087,318.7699,907.5786,2,0,0,107.5786,800,0,475.989,205.9201,0.1029601,0.2046279,0.3172331,0,250,0.3172331,1656.163,80.57999,56.40428,449.8022,0,16.67492,419.7417,309.6086,110.1332,0,631.4958,4185.681,0,0,4.884981e-14,4.263256e-14
naive,2026-01-05 19:45:00,79,19.75,26.03637,3207.392,712.5097,0,90.80858,0,0,2245.174,2244.857,925.8171,437.5383,1363.355,3,250.5191,204.9848,107.8516,800,0,23.55081,200,0.1,0.1296649,0.3172331,0,250,0.3172331,1319.04,81.07303,56.75599,438.4398,0,9.735555,416.8538,244.9016,171.9522,0,684.2475,4455.819,0,-1.136868e-13,-5.551115e-17,4.263256e-14
naive,2026-01-05 20:00:00,80,20,26.13471,3214.903,693.722,0,82.87863,0,0,2250.432,2250.115,1334.992,554.9897,1889.982,4,279.5504,202.4225,108.0091,800,500,0,324.9685,0.1624843,0.1259371,0.3172331,0,250,0.3172331,915.1227,81.10642,56.65256,414.1717,0,1.77221,418.6708,170.2496,248.4212,0,725.569,4641.342,0,0,1.24345e-13,4.263256e-14
naive,2026-01-05 20:15:00,81,20.25,26.0969,3189.491,657.3369,0,74.61009,0,0,2232.644,2232.327,589.1271,318.9103,908.0374,2,0,0,108.0374,800,0,484.587,203.7706,0.1018853,0.2046279,0.3172331,0,250,0.3172331,1643.199,81.16037,56.69233,372.6733,0,0,415.0404,305.4648,109.5756,0,624.3751,4013.146,0,0,-7.993606e-15,4.263256e-14
naive,2026-01-05 20:30:00,82,20.5,26.04632,3172.177,607.4411,0,71.2673,0,0,2220.524,2220.207,939.1021,440.5715,1379.674,3,274.2543,197.4853,107.934,800,0,14.9541,200,0.1,0.1283114,0.3172331,0,250,0.3172331,1281.105,81.12634,56.74553,318.2327,0,0,412.3608,237.9066,174.4542,0,678.4781,4216.742,0,0,-5.273559e-16,4.263256e-14
naive,2026-01-05 20:45:00,83,20.75,26.03351,3128.707,535.4601,0,61.07682,0,0,2190.095,2189.778,1340.233,555.6953,1895.929,4,293.0425,195.106,107.7801,800,500,0,324.9685,0.1624843,0.1259371,0.3172331,0,250,0.3172331,849.5442,81.02175,56.759,242.4176,0,0,406.6036,157.7227,248.8809,0,713.418,4278.115,0,0,1.24345e-13,4.263256e-14
naive,2026-01-05 21:00:00,84,21,25.90597,3127.648,490.9354,0,57.80284,0,0,2189.354,2189.036,588.735,318.7374,907.4725,2,0,0,107.4725,800,0,488.7118,202.7394,0.1013697,0.2046279,0.3172331,0,250,0.3172331,1600.301,80.90013,56.89313,195.0069,0,0,405.4101,296.3333,109.0768,0,615.0707,3655.271,0,0,-6.483702e-14,4.263256e-14
naive,2026-01-05 21:15:00,85,21.25,25.64007,3139.725,420.6932,0,58.22773,0,0,2197.807,2197.49,943.9031,441.1251,1385.028,3,287.3926,190.5153,107.1203,800,0,10.83002,200,0.1,0.127662,0.3172331,0,250,0.3172331,1253.587,80.8629,57.17279,122.4705,0,0,404.7831,230.8805,173.9026,0,672.0055,3842.973,0,0,-6.938894e-16,4.263256e-14
naive,2026-01-05 21:30:00,86,21.5,25.34611,3101.039,349.0435,0,56.81373,0,0,2170.727,2170.41,1339.944,554.782,1894.726,4,299.6467,188.3,106.7791,800,500,0,324.9685,0.1624843,0.1259371,0.3172331,0,250,0.3172331,830.4664,80.85645,57.48196,49.39675,0,0,397.4288,152.0464,245.3824,0,706.8284,3908.098,0,-2.273737e-13,1.24345e-13,4.263256e-14
naive,2026-01-05 21:45:00,87,21.75,25.04615,3101.951,317.7038,0,49.26273,0,0,2171.366,2171.048,588.0051,318.4157,906.4208,2,0,0,106.4208,800,0,486.3501,203.3298,0.1016649,0.2046279,0.3172331,0,250,0.3172331,1583.043,80.84048,57.79744,17.48928,0,0,395.1585,288.092,107.0665,0,606.5076,3300.939,0,0,-7.993606e-15,4.263256e-14
naive,2026-01-05 22:00:00,88,22,25.02317,3078.533,269.5738,1.757671,49.41894,0,0,2154.973,2154.656,938.4545,438.7433,1377.198,3,287.222,184.0204,105.9554,800,0,13.19129,200,0.1,0.1280338,0.3172331,0,250,0.3172331,1216.201,80.50646,57.82161,0,0,0,391.995,221.2301,170.7649,0,659.9734,3564.804,0,0,-3.885781e-16,4.263256e-14
naive,2026-01-05 22:15:00,89,22.25,24.62371,3098.75,235.6659,0.9030748,36.66522,0,0,2169.125,2168.808,1334.992,552.5492,1887.542,4,300.0667,181.9725,105.5023,800,500,0,324.9685,0.1624843,0.1259371,0.3172331,0,250,0.3172331,833.8155,80.49937,58.24174,0,0,0,39.04425,15.00868,24.03557,0,567.5579,3056.046,0,-1.136868e-13,1.24345e-13,4.263256e-14
naive,2026-01-05 22:30:00,90,22.5,24.33453,3112.319,171.5711,8.374608,36.0752,0,0,2178.623,2178.306,586.9292,317.9413,904.8705,2,0,0,104.8705,800,0,479.3118,205.0894,0.1025447,0.2046279,0.3172331,0,250,0.3172331,1591.377,80.25991,58.54589,0,0,0,39.21521,28.64478,10.57044,0,346.5861,1840.36,0,-5.684342e-14,-7.993606e-15,4.263256e-14
naive,2026-01-05 22:45:00,91,22.75,24.07829,3037.192,174.8408,9.610956,29.92248,1,0,2126.035,2125.717,925.7577,434.2765,1360.034,3,277.7185,178.0751,104.2406,800,0,20.22848,200,0.1,0.1291418,0.3172331,0,250,0.3172331,1199.96,79.99151,58.81539,0,0,0,38.26862,21.59927,16.66935,455.8758,0,845.5842,0,5.684342e-14,9.714451e-16,4.263256e-14
naive,2026-01-05 23:00:00,92,23,23.89059,3047.946,138.7809,1.243065,33.45618,1,1,2133.562,2133.245,1326.965,549.4219,1876.387,4,296.6089,176.244,103.5346,800,500,0,324.9685,0.1624843,0.1259371,0.3172331,0,250,0.3172331,806.2796,79.60516,59.01281,0,0,0,38.40412,14.51303,23.89109,563.9349,0,1061.48,0,2.273737e-13,1.24345e-13,4.263256e-14
naive,2026-01-05 23:15:00,93,23.25,23.74594,3070.175,108.2446,0,30.24836,1,1,2149.123,2148.805,585.5551,317.3356,902.8907,2,0,0,102.8907,800,0,469.274,207.5989,0.1037994,0.2046279,0.3172331,0,250,0.3172331,1563.25,79.22921,59.16493,0,0,0,38.68421,28.1385,10.5457,345.4741,0,624.3877,0,5.684342e-14,-7.993606e-15,4.263256e-14
naive,2026-01-05 23:30:00,94,23.5,23.3619,3047.231,96.85053,0,28.1537,1,1,2133.062,2132.745,908.794,428.5893,1337.383,3,262.6613,172.5073,102.2147,800,0,30.26468,200,0.1,0.130722,0.3172331,0,250,0.3172331,1223.951,79.02267,59.56886,0,0,0,38.39511,22.03111,16.364,450.6204,0,834.2258,0,0,0,4.263256e-14
naive,2026-01-05 23:45:00,95,23.75,22.91765,3037.113,80.92143,0,26.66487,1,1,2125.979,2125.662,1317.251,545.8228,1863.073,4,290.862,170.6914,101.52,800,500,0,324.9685,0.1624843,0.1259371,0.3172331,0,250,0.3172331,808.4109,78.84638,60.03608,0,0,0,38.26762,14.5514,23.71622,560.3742,0,1053.208,0,0,1.24345e-13,4.263256e-14
naive,2026-01-06 00:00:00,96,0,22.70195,3030.206,71.058,0,19.59012,1,1,2121.144,2120.827,534.1634,294.6796,828.843,2,0,0,28.84296,800,0,102.9345,299.1837,0.1495919,0.2046279,0.3172331,0,250,0.3172331,1586.664,22.45091,60.26295,0,0,0,38.1806,28.55994,9.620651,323.2395,0,578.6833,0,0,-9.325873e-14,4.263256e-14
naive,2026-01-06 00:15:00,97,0.25,22.64636,2998.974,83.74748,0,6.084726,1,1,2099.282,2098.965,528.0209,291.9717,819.9925,2,0,0,19.99253,800,0,91.99867,276.137,0.1380685,0.1883916,0.3172331,0,250,0.3172331,1570.944,15.57076,60.32142,0,0,0,37.78708,28.27699,9.510086,320.2487,0,572.6357,0,5.684342e-14,-6.936118e-14,4.263256e-14
naive,2026-01-06 00:30:00,98,0.5,22.53179,2999.868,106.4855,0,5.736175,1,1,2099.908,2099.591,533.1146,294.2172,827.3318,2,0,0,27.33179,800,0,96.50581,251.967,0.1259835,0.1738794,0.3172331,0,250,0.3172331,1566.476,21.31185,60.44192,13.72485,0,0,37.79834,28.19657,9.601772,322.4138,0,600.5058,0,0,4.221623e-14,4.263256e-14
naive,2026-01-06 00:45:00,99,0.75,22.34909,3042.881,98.70073,0,8.613713,1,1,2130.017,2129.7,527.9432,291.9375,819.8807,2,0,0,19.8807,800,0,122.7204,221.2473,0.1106236,0.15866,0.3172331,0,250,0.3172331,1601.756,15.53095,60.63407,0,0,0,38.3403,28.83162,9.508689,320.7691,0,573.3248,0,-5.684342e-14,-9.853229e-15,4.263256e-14
naive,2026-01-06 01:00:00,100,1,22.10139,3049.595,96.98391,0,17.35024,1,1,2134.717,2134.399,573.4727,307.7025,881.1752,2,36.20182,10.69027,34.28311,800,0,84.84974,200,0.1,0.1393162,0.3172331,0,250,0.3172331,1560.927,26.85015,60.89459,0,0,0,38.4249,28.09668,10.32822,335.7992,0,603.092,0,0,-4.718448e-15,4.263256e-14
naive,2026-01-06 01:15:00,101,1.25,21.93928,3081.411,96.74624,0,16.79203,1,1,2156.988,2156.67,1009.355,432.0501,1441.405,3,106.2349,6.528911,28.64077,800,500,0,324.9685,0.1624843,0.1259371,0.3172331,0,250,0.3172331,1147.316,22.46828,61.06508,0,0,0,38.82578,20.65169,18.17409,452.7018,0,836.7053,0,5.684342e-14,1.24345e-13,4.263256e-14
naive,2026-01-06 01:30:00,102,1.5,21.71335,3093.181,98.3701,0,19.29785,1,1,2165.227,2164.909,528.4379,292.1555,820.5934,2,0,0,20.59338,800,0,115.9251,295.9361,0.147968,0.2046279,0.3172331,0,250,0.3172331,1636.472,16.19243,61.30271,0,0,3.10542,38.97408,29.45649,9.517592,322.1418,0,575.318,0,-5.684342e-14,7.727152e-14,4.263256e-14
naive,2026-01-06 01:45:00,103,1.75,21.63314,3107.77,79.13157,0,17.98497,1,1,2175.439,2175.122,525.1024,290.6851,815.7875,2,0,0,15.78751,800,0,98.39485,271.2908,0.1356454,0.1863466,0.3172331,0,250,0.3172331,1650.019,12.42374,61.38707,0,0,5.561227,39.1579,29.70035,9.457554,321.3328,0,573.6051,0,-1.136868e-13,5.956347e-14,4.263256e-14
naive,2026-01-06 02:00:00,104,2,21.35003,3091.865,107.3199,0,17.31867,1,1,2164.305,2163.988,535.1745,295.1253,830.2999,2,0,0,30.29986,800,0,120.9818,241.0026,0.1205013,0.1708278,0.3172331,0,250,0.3172331,1628.814,23.91264,61.68483,0,0,0,38.95749,29.31864,9.638851,324.444,0,579.4926,0,0,4.934941e-14,4.263256e-14
naive,2026-01-06 02:15:00,105,2.25,21.19822,3098.506,83.38352,0,19.71205,1,1,2168.954,2168.637,535.8021,295.402,831.2041,2,0,0,31.20412,800,0,109.1529,213.6764,0.1068382,0.1517558,0.3172331,0,250,0.3172331,1632.835,24.66418,61.84449,0,0,0,39.04117,29.39102,9.650148,324.793,0,580.011,0,-1.136868e-13,-3.41116e-14,4.263256e-14
naive,2026-01-06 02:30:00,106,2.5,21.02407,3135.97,77.94893,0,17.04805,1,1,2195.179,2194.862,587.4432,310.6008,898.044,2,63.61114,4.53696,29.89593,800,0,54.57125,200,0.1,0.1345489,0.3172331,0,250,0.3172331,1607.419,23.67182,62.02765,0,0,0,39.51322,28.93354,10.57969,339.5344,0,609.2876,0,5.684342e-14,-2.775558e-17,4.263256e-14
naive,2026-01-06 02:45:00,107,2.75,20.94566,3152.704,113.0231,0,20.78608,1,1,2206.893,2206.576,1025.505,435.782,1461.288,3,134.7172,6.875322,19.69497,800,500,0,324.9685,0.1624843,0.1259371,0.3172331,0,250,0.3172331,1181.07,15.60698,62.11012,0,0,5.179103,39.72407,21.25926,18.46481,457.9123,0,845.9507,0,0,1.24345e-13,4.263256e-14
naive,2026-01-06 03:00:00,108,3,20.8359,3137.523,108.1787,0,27.64909,1,1,2196.266,2195.949,528.219,292.059,820.278,2,0,0,20.27802,800,0,133.4396,291.5575,0.1457787,0.2046279,0.3172331,0,250,0.3172331,1667.73,16.08682,62.22555,0,0,11.56227,39.5328,30.01914,9.513652,324.0188,0,578.0338,0,-5.684342e-14,2.04281e-14,4.263256e-14
naive,2026-01-06 03:15:00,109,3.25,21.03981,3100.156,94.402,0.6404382,30.45774,1,1,2170.109,2169.792,526.7097,291.3937,818.1034,2,0,0,18.10337,800,0,153.842,253.0511,0.1265255,0.1835895,0.3172331,0,250,0.3172331,1643.082,14.3321,62.0111,0,0,16.12564,39.06197,29.57548,9.486485,323.6859,0,577.6093,0,0,-4.62963e-14,4.263256e-14
naive,2026-01-06 03:30:00,110,3.5,21.11444,3065.441,104.1548,0,22.61111,1,1,2145.809,2145.492,531.5653,293.5342,825.0996,2,0,0,25.09958,800,0,142.2891,217.4389,0.1087195,0.1593425,0.3172331,0,250,0.3172331,1613.926,19.85589,61.9326,0,0,2.755222,38.62456,29.05067,9.573886,323.0497,0,576.4253,0,0,-5.381806e-14,4.263256e-14
naive,2026-01-06 03:45:00,111,3.75,21.19887,3068.286,147.9669,0,25.02353,1,1,2147.8,2147.483,578.5181,306.4385,884.9565,2,65.52554,1.716545,17.71443,800,0,69.61886,200,0.1,0.1369181,0.3172331,0,250,0.3172331,1568.965,14.00165,61.84381,12.82248,0,11.02188,38.6604,28.24137,10.41904,336.5422,0,625.6289,0,5.684342e-14,-6.911138e-15,4.263256e-14
naive,2026-01-06 04:00:00,112,4,20.83414,3076.738,155.0097,0,25.47638,1,1,2153.716,2153.399,1041.353,440.3572,1481.711,3,154.9879,1.12078,25.60207,800,500,0,324.9685,0.1624843,0.1259371,0.3172331,0,250,0.3172331,1112.046,20.31081,62.22741,0.02182165,0,5.165567,38.7669,20.01682,18.75007,461.241,0,852.5138,0,5.684342e-14,1.24345e-13,4.263256e-14
naive,2026-01-06 04:15:00,113,4.25,20.70821,3026.81,155.0919,0,27.51729,1,1,2118.767,2118.45,526.1895,291.1643,817.3538,2,0,0,17.35378,800,0,168.7652,282.7261,0.141363,0.2046279,0.3172331,0,250,0.3172331,1592.26,13.78471,62.35986,0,0,13.73258,38.1378,28.66068,9.477121,322.1244,0,574.0941,0,5.684342e-14,-7.993606e-15,4.263256e-14
naive,2026-01-06 04:30:00,114,4.5,20.56227,3040.599,190.3422,0,23.15793,1,1,2128.419,2128.102,522.583,289.5744,812.1573,2,0,0,12.15733,800,0,195.6986,233.7569,0.1168785,0.1780285,0.3172331,0,250,0.3172331,1605.519,9.671179,62.51335,0,0,13.48675,38.31155,28.89934,9.412203,320.726,0,571.1244,0,0,4.035661e-14,4.263256e-14
naive,2026-01-06 04:45:00,115,4.75,20.58037,3056.408,236.7793,0,26.75999,1,1,2139.486,2139.168,588.327,308.7083,897.0354,2,82.79531,0,14.24006,800,0,134.8804,200,0.1,0.1471933,0.3172331,0,250,0.3172331,1550.841,11.32594,62.49431,19.10358,0,15.43405,38.51074,27.91514,10.5956,339.2018,0,641.0511,0,5.684342e-14,-3.830269e-15,4.263256e-14
naive,2026-01-06 05:00:00,116,5,20.24659,3069.58,278.0806,0,24.66884,1,1,2148.706,2148.389,1123.261,462.7534,1586.015,4,270.2608,0,15.75391,800,500,0,324.9685,0.1624843,0.1259371,0.3172331,0,250,0.3172331,1025.128,12.57205,62.84536,7.819835,0,12.09679,38.67671,18.4523,20.22441,483.2142,0,909.2166,0,-1.136868e-13,1.24345e-13,4.263256e-14
naive,2026-01-06 05:15:00,117,5.25,20.38107,3060.253,350.5092,0,20.83277,1,1,2142.177,2141.86,519.0556,288.0194,807.075,2,0,0,7.074972,800,0,349.0265,237.6607,0.1188304,0.2046279,0.3172331,0,250,0.3172331,1622.804,5.638409,62.70392,8.278507,0,15.19436,38.55919,29.21048,9.348711,319.7588,0,583.2561,0,-5.684342e-14,-7.993606e-15,4.263256e-14
naive,2026-01-06 05:30:00,118,5.5,20.51418,3127.421,395.8195,0,24.53148,1,1,2189.195,2188.878,719.3902,346.3862,1065.776,3,251.7715,11.92841,2.076388,800,0,150.4933,200,0.1,0.1496515,0.3172331,0,250,0.3172331,1469.487,1.652569,62.56392,0,0,22.87891,39.40551,26.45077,12.95473,376.6543,0,682.9241,0,-1.136868e-13,-3.13638e-15,4.263256e-14
naive,2026-01-06 05:45:00,119,5.75,20.3522,3146.86,494.4642,0,21.37158,1,1,2202.802,2202.485,1301.692,513.8664,1815.558,4,501.8352,12.53934,1.183383,800,500,0,324.9685,0.1624843,0.1259371,0.3172331,0,250,0.3172331,900.7933,0.9433718,62.73429,0,0,20.42821,39.65044,16.21428,23.43616,533.479,0,996.3819,0,0,1.24345e-13,4.263256e-14
naive,2026-01-06 06:00:00,120,6,20.24976,3107.551,584.7389,2.304174,13.47821,1,1,2175.286,2174.969,608.259,315.8146,924.0736,2,96.92398,16.9543,10.19536,800,0,499.6694,200,0.1,0.2046279,0.3172331,0,250,0.3172331,1566.71,8.135916,62.84202,0,0,5.342291,39.15515,28.20077,10.95437,344.9024,0,619.1076,0,0,-7.993606e-15,4.263256e-14
naive,2026-01-06 06:15:00,121,6.25,20.18712,3095.3,663.6673,0,14.89634,1,1,2166.71,2166.393,1442.559,556.1578,1998.717,4,668.3632,10.86275,19.49114,800,500,0,324.9685,0.1624843,0.1259371,0.3172331,0,250,0.3172331,723.8333,15.56373,62.90791,0,0,0,39.00078,13.029,25.97178,569.1868,0,1067.602,0,0,1.24345e-13,4.263256e-14
naive,2026-01-06 06:30:00,122,6.5,20.25046,3126.72,716.3962,0,10.118,1,1,2188.704,2188.387,719.7082,348.2196,1067.928,3,237.5375,4.531273,25.85904,800,0,499.6694,200,0.1,0.2046279,0.3172331,0,250,0.3172331,1468.678,20.63542,62.84129,0,0,0,39.39667,26.43621,12.96046,374.6559,0,678.6153,0,5.684342e-14,-7.993606e-15,4.263256e-14
naive,2026-01-06 06:45:00,123,6.75,20.4058,3147.291,778.6831,0,10.12574,1,1,2203.104,2202.787,1458.527,541.4729,2000,4,782.4256,0,27.79589,689.7785,500,0,324.9685,0.1624843,0.1259371,0.3172331,0,250,0.3172331,744.2595,22.14647,54.04234,0,0,0,39.65587,13.39667,26.2592,554.8695,0,1048.941,0,2.273737e-13,1.24345e-13,4.263256e-14
naive,2026-01-06 07:00:00,124,7,20.75691,3156.889,798.7748,0,14.78568,1,1,2209.822,2209.505,754.9593,358.6931,1113.652,3,280.1322,2.412709,31.10748,800,0,499.6694,200,0.1,0.2046279,0.3172331,0,250,0.3172331,1454.546,24.69762,62.30864,18.97317,0,0,39.7768,26.18182,13.59498,384.8749,0,732.3812,0,-2.273737e-13,-7.993606e-15,4.263256e-14
naive,2026-01-06 07:15:00,125,7.25,20.8259,3163.61,799.3842,0,7.955291,1,1,2214.527,2214.21,1457.583,542.4172,2000,4,773.6433,4.659193,27.6504,694.0471,500,0,324.9685,0.1624843,0.1259371,0.3172331,0,250,0.3172331,756.627,21.93763,53.99346,25.74085,0,0,39.86149,13.61929,26.2422,556.0365,0,1095.733,0,0,1.24345e-13,4.263256e-14
naive,2026-01-06 07:30:00,126,7.5,21.03417,3167.541,742.4516,1.36067,10.40933,1,1,2217.278,2216.961,717.5367,347.5181,1065.055,3,235.388,0,29.66684,800,0,499.6694,200,0.1,0.2046279,0.3172331,0,250,0.3172331,1499.424,23.48803,62.01703,7.394166,1.36067,0,39.91101,26.98964,12.92137,374.5077,0,694.3483,0,-1.136868e-13,-7.993606e-15,4.263256e-14
naive,2026-01-06 07:45:00,127,7.75,21.17434,3168.062,689.0892,0,13.84065,1,1,2217.643,2217.326,1443.202,556.7977,2000,4,662.9605,11.53214,29.37708,796.1303,500,0,324.9685,0.1624843,0.1259371,0.3172331,0,250,0.3172331,774.1237,23.22568,61.57033,26.12872,0,0,39.91758,13.93423,25.98335,570.7319,0,1117.269,0,0,1.24345e-13,4.263256e-14
naive,2026-01-06 08:00:00,128,8,21.53527,3157.237,632.8776,364.9944,15.3032,1,1,2210.066,2209.749,873.4029,432.9764,1306.379,3,94.6262,381.9427,29.81046,800,0,499.6694,200,0.1,0.2046279,0.3172331,0,250,0.3172331,1336.346,23.48223,61.49,38.58192,0,0,39.78119,24.05423,15.72696,457.0306,0,911.4388,0,0,-7.993606e-15,4.263256e-14
naive,2026-01-06 08:15:00,129,8.25,21.77237,3192.854,559.4254,372.0016,17.09743,1,1,2234.998,2234.68,1440.315,559.6849,2000,4,496.3102,374.1734,45.08858,584.4279,500,0,324.9685,0.1624843,0.1259371,0.3172331,0,250,0.3172331,794.3654,35.43155,44.73842,63.11519,0,0,40.22996,14.29858,25.93138,573.9835,0,1206.51,0,0,1.24345e-13,4.263256e-14
naive,2026-01-06 08:30:00,130,8.5,22.10079,3139.587,449.9402,373.9249,16.92772,1,1,2197.711,2197.394,718.2643,375.8403,1094.105,3,0,247.7074,46.39729,800,0,499.6694,200,0.1,0.2046279,0.3172331,0,250,0.3172331,1479.129,36.33807,60.89522,71.58872,4.899555,0,39.5588,26.62433,12.93447,402.4647,0,868.3645,0,0,-7.993606e-15,4.263256e-14
naive,2026-01-06 08:45:00,131,8.75,22.11922,3152.738,366.987,377.1324,20.57372,1,1,2206.916,2206.599,1417.763,582.237,2000,4,322.5875,377.2587,55.86977,744.284,500,0,324.9685,0.1624843,0.1259371,0.3172331,0,250,0.3172331,788.836,43.74861,56.63614,44.39952,0,0,39.72449,14.19905,25.52545,596.436,0,1205.746,0,2.273737e-13,1.24345e-13,4.263256e-14
naive,2026-01-06 09:00:00,132,9,22.26487,3217.012,286.9465,377.099,24.68942,1,1,2251.908,2251.591,653.3669,347.2303,1000.597,3,0,151.5156,49.08162,800,0,499.6694,200,0.1,0.2046279,0.3172331,0,250,0.3172331,1598.224,38.37599,60.72265,19.36232,0,0,40.53435,28.76804,11.76631,375.9984,0,717.0838,0,5.684342e-14,-7.993606e-15,4.263256e-14
naive,2026-01-06 09:15:00,133,9.25,22.33932,3220.624,227.7069,388.6024,34.75154,1,1,2254.437,2254.12,1392.887,584.8835,1977.77,4,242.8063,381.9975,52.96649,800,500,0,324.9685,0.1624843,0.1259371,0.3172331,0,250,0.3172331,861.2329,41.38195,60.64435,0,6.604928,0,40.57986,15.50219,25.07767,600.3857,0,1143.94,0,0,1.24345e-13,4.263256e-14
naive,2026-01-06 09:30:00,134,9.5,22.7252,3216.76,185.7969,394.4565,42.49313,1,1,2251.732,2251.415,607.1222,326.8434,933.9656,2,0,79.56804,54.39759,800,0,499.6694,200,0.1,0.2046279,0.3172331,0,250,0.3172331,1644.292,42.33212,60.2385,0,6.547371,0.161009,40.53117,29.59726,10.93391,356.4687,0,656.4633,0,0,-7.993606e-15,4.263256e-14
naive,2026-01-06 09:45:00,135,9.75,23.00555,3295.776,179.6363,390.6936,55.36935,1,1,2307.043,2306.726,1347.376,573.4387,1920.815,4,170.3582,392.6008,57.85614,800,500,0,324.9685,0.1624843,0.1259371,0.3172331,0,250,0.3172331,959.3494,44.8938,59.94364,9.27808,0,10.47555,41.52678,17.26829,24.25849,592.5386,0,1133.645,0,0,1.24345e-13,4.263256e-14
naive,2026-01-06 10:00:00,136,10,23.1662,3340.777,171.7448,395.8713,64.41558,1,1,2338.544,2338.226,578.7313,314.3273,893.0586,2,0,27.26455,65.79409,800,0,499.6694,200,0.1,0.2046279,0.3172331,0,250,0.3172331,1759.495,50.96873,59.77468,40.88041,0,13.44684,42.09379,31.67091,10.42287,348.3566,0,699.9854,0,-5.684342e-14,-7.993606e-15,4.263256e-14
naive,2026-01-06 10:15:00,137,10.25,23.31415,3349.921,143.2811,392.5068,71.30525,1,1,2344.945,2344.628,1316.564,568.1918,1884.756,4,100.279,406.4256,78.05152,800,500,0,324.9685,0.1624843,0.1259371,0.3172331,0,250,0.3172331,1028.063,60.37182,59.61907,43.00209,0,10.93343,42.20901,18.50514,23.70387,588.62,0,1184.347,0,-1.136868e-13,1.24345e-13,4.263256e-14
naive,2026-01-06 10:30:00,138,10.5,23.58974,3349.393,138.7723,399.8233,80.78945,1,1,2344.575,2344.258,574.6697,312.5368,887.2065,2,0,0,87.20653,800,0,492.2033,201.8665,0.1009333,0.2046279,0.3172331,0,250,0.3172331,1769.588,67.26083,59.32922,47.51801,0,13.52862,42.20235,31.85258,10.34977,346.7816,0,708.7865,0,-5.684342e-14,-7.993606e-15,4.263256e-14
naive,2026-01-06 10:45:00,139,10.75,23.71416,3360.992,115.3892,407.9186,83.43109,1,1,2352.695,2352.377,925.4413,456.9428,1382.384,3,86.00674,404.2028,92.17458,800,0,7.33902,200,0.1,0.1271124,0.3172331,0,250,0.3172331,1426.936,71.00085,59.19836,22.04346,3.71585,12.43024,42.3485,25.68485,16.66365,484.831,0,947.4987,0,-5.684342e-14,1.110223e-16,4.263256e-14
naive,2026-01-06 11:00:00,140,11,23.8132,3370.164,90.37043,399.5191,97.80695,1,1,2359.115,2358.797,1330.485,575.3087,1905.794,4,92.04162,401.0383,112.7141,800,500,0,324.9685,0.1624843,0.1259371,0.3172331,0,250,0.3172331,1028.312,86.73283,59.09419,0,0,11.07412,42.46406,18.50962,23.95444,595.7851,0,1125.089,0,0,1.24345e-13,4.263256e-14
naive,2026-01-06 11:15:00,141,11.25,24.09965,3382.785,64.26522,402.6044,108.8211,1,1,2367.95,2367.632,605.69,326.2121,931.9021,2,0,14.60609,117.296,800,0,499.6694,200,0.1,0.2046279,0.3172331,0,250,0.3172331,1761.942,89.98983,58.79293,0,0,18.8313,42.62309,31.71496,10.90813,361.2903,0,656.4386,0,-5.684342e-14,-7.993606e-15,4.263256e-14
naive,2026-01-06 11:30:00,142,11.5,24.64384,3382.587,60.92192,405.7867,117.3702,1,1,2367.811,2367.493,1376.603,592.2995,1968.902,4,120.1185,411.2534,137.5303,800,500,0,324.9685,0.1624843,0.1259371,0.3172331,0,250,0.3172331,990.8907,104.9149,58.22058,0,0,12.45533,42.62059,17.83603,24.78456,612.3841,0,1159.27,0,0,1.24345e-13,4.263256e-14
naive,2026-01-06 11:45:00,143,11.75,24.83109,3416.99,99.23139,420.3449,123.9327,1,1,2391.893,2391.576,629.594,336.7501,966.344,2,0,20.18376,146.1603,800,0,499.6694,200,0.1,0.2046279,0.3172331,0,250,0.3172331,1761.982,111.2793,58.02363,4.369119,0,12.65343,43.05407,31.71567,11.3384,370.7586,0,683.7774,0,0,-7.993606e-15,4.263256e-14
naive,2026-01-06 12:00:00,144,12,24.97773,3418.302,100.6382,422.2431,130.9835,1,1,2392.811,2392.494,1366.892,591.8421,1958.734,4,87.97674,418.0357,152.7216,800,500,0,324.9685,0.1624843,0.1259371,0.3172331,0,250,0.3172331,1025.602,116.0956,57.86941,12.66149,4.20745,14.88793,43.0706,18.46084,24.60976,613.0086,0,1190.013,0,-1.136868e-13,1.24345e-13,4.263256e-14
naive,2026-01-06 12:15:00,145,12.25,25.04364,3388.798,106.5566,424.2295,133.5643,1,1,2372.159,2371.842,662.0519,351.0591,1013.111,3,0,35.85081,177.2602,800,0,499.6694,200,0.1,0.2046279,0.3172331,0,250,0.3172331,1709.79,134.6559,57.80009,0,4.6055,0,431.6784,311.1424,120.536,662.2015,0,1267.322,0,-5.684342e-14,-7.993606e-15,4.263256e-14
naive,2026-01-06 12:30:00,146,12.5,25.08773,3379.399,118.0278,421.5466,145.8693,1,1,2365.579,2365.262,1400.426,599.5739,2000,4,129.3142,418.8515,180.6776,771.1566,500,0,324.9685,0.1624843,0.1259371,0.3172331,0,250,0.3172331,964.8358,137.1882,55.67145,0,2.695017,8.681151,430.8613,175.733,255.1282,776.8881,0,1495.795,0,0,1.24345e-13,4.263256e-14
naive,2026-01-06 12:45:00,147,12.75,25.37242,3405.373,83.25258,421.2583,151.3551,1,1,2383.761,2383.444,660.3707,350.318,1010.689,3,0,23.45139,187.2373,800,0,499.6694,200,0.1,0.2046279,0.3172331,0,250,0.3172331,1723.073,141.7425,57.4543,0,1.758868,9.612672,436.6636,315.637,121.0265,667.7159,0,1273.83,0,0,-7.993606e-15,4.263256e-14
naive,2026-01-06 13:00:00,148,13,25.69367,3400.489,83.38857,423.5566,165.4458,1,1,2380.342,2380.025,1396.595,603.4048,2000,4,91.58788,415.7505,207.561,785.1007,500,0,324.9685,0.1624843,0.1259371,0.3172331,0,250,0.3172331,983.4295,156.5945,56.05268,0,7.806144,8.851307,438.8782,181.3209,257.5573,786.3576,0,1523.122,0,-2.273737e-13,1.24345e-13,4.263256e-14
naive,2026-01-06 13:15:00,149,13.25,25.89816,3359.471,87.28023,422.2968,175.9895,1,1,2351.63,2351.313,689.9194,363.3445,1053.264,3,0,32.56363,220.7002,800,0,499.6694,200,0.1,0.2046279,0.3172331,0,250,0.3172331,1661.393,166.1464,56.90135,0,11.79812,9.843129,435.3901,307.5969,127.7931,672.7638,0,1301.865,0,0,-7.993606e-15,4.263256e-14
naive,2026-01-06 13:30:00,150,13.5,26.13814,3427.098,107.7587,423.3384,183.9848,1,1,2398.969,2398.652,1398.575,601.4249,2000,4,101.8384,409.4314,225.7025,763.0278,500,0,324.9685,0.1624843,0.1259371,0.3172331,0,250,0.3172331,1000.077,169.4789,54.03091,5.920335,13.90702,14.50598,446.336,186.0675,260.2685,790.1913,0,1553.8,0,2.273737e-13,1.24345e-13,4.263256e-14
naive,2026-01-06 13:45:00,151,13.75,26.34188,3454.817,110.0515,419.8981,194.5604,1,1,2418.372,2418.054,698.0597,366.9331,1064.993,3,0,27.00029,237.9926,800,0,499.6694,200,0.1,0.2046279,0.3172331,0,250,0.3172331,1719.995,178.3195,56.43467,0,12.27315,16.24088,451.83,321.3506,130.4794,691.3181,0,1340.318,0,-5.684342e-14,-7.993606e-15,4.263256e-14
naive,2026-01-06 14:00:00,152,14,26.54011,3451.064,82.22091,411.4942,204.6546,1,1,2415.745,2415.428,1398.457,601.5429,2000,4,86.0556,414.9291,259.0651,739.9502,500,0,324.9685,0.1624843,0.1259371,0.3172331,0,250,0.3172331,1016.971,193.6976,52.00572,0,0,10.95702,453.1855,190.7802,262.4053,794.3786,0,1530.251,0,-2.273737e-13,1.24345e-13,4.263256e-14
naive,2026-01-06 14:15:00,153,14.25,26.51262,3445.243,62.65203,413.0433,200.6491,1,1,2411.67,2411.353,697.8616,366.8458,1064.707,3,0,2.078402,262.629,800,0,499.6694,200,0.1,0.2046279,0.3172331,0,250,0.3172331,1713.491,196.42,56.2551,0,0,4.22915,452.1645,321.2628,130.9017,688.9015,0,1314.516,0,5.684342e-14,-7.993606e-15,4.263256e-14
naive,2026-01-06 14:30:00,154,14.5,26.61715,3464.918,78.54516,412.3078,196.3567,1,1,2425.442,2425.125,1398.538,601.4618,2000,4,79.87773,419.5397,272.1429,728.4397,500,0,324.9685,0.1624843,0.1259371,0.3172331,0,250,0.3172331,1026.587,203.3078,51.12295,0,0,0,455.7292,192.8908,262.8383,794.3527,0,1531.192,0,-1.136868e-13,1.24345e-13,4.263256e-14
naive,2026-01-06 14:45:00,155,14.75,26.78607,3500.241,89.49855,403.1508,201.4338,1,1,2450.169,2449.851,713.3024,373.6529,1086.955,3,0,5.428994,281.5263,800,0,499.6694,200,0.1,0.2046279,0.3172331,0,250,0.3172331,1736.549,209.9374,55.96749,0,0,0,461.9881,327.4325,134.5556,701.0854,0,1339.207,0,-5.684342e-14,-7.993606e-15,4.263256e-14
naive,2026-01-06 15:00:00,156,15,26.82724,3475.285,76.15882,398.5127,208.3453,1,1,2432.7,2432.382,1402.976,597.0242,2000,4,119.4263,399.6235,275.3402,705.61,500,0,324.9685,0.1624843,0.1259371,0.3172331,0,250,0.3172331,1029.407,205.2337,49.32584,0,0,3.111588,459.0863,194.2642,264.822,791.8756,0,1528.26,0,1.136868e-13,1.24345e-13,4.263256e-14
naive,2026-01-06 15:15:00,157,15.25,26.89795,3478.758,69.90879,396.7317,211.561,1,1,2435.131,2434.814,729.1954,380.6593,1109.855,3,0,26.53976,283.3149,800,0,499.6694,200,0.1,0.2046279,0.3172331,0,250,0.3172331,1705.618,211.0176,55.84982,0,0,0.543471,460.2206,322.3485,137.8722,703.1104,0,1343.39,0,1.136868e-13,-7.993606e-15,4.263256e-14
naive,2026-01-06 15:30:00,158,15.5,26.9126,3452.196,90.59162,404.5689,212.4347,1,1,2416.538,2416.22,1406.683,593.3166,2000,4,147.0156,396.196,279.0206,677.7678,500,0,324.9685,0.1624843,0.1259371,0.3172331,0,250,0.3172331,1009.537,207.7864,47.30347,0,8.372941,4.648236,456.8457,190.8526,265.993,785.048,0,1531.323,0,-2.273737e-13,1.24345e-13,4.263256e-14
naive,2026-01-06 15:45:00,159,15.75,26.97898,3451.813,90.88888,404.2707,212.2328,1,1,2416.269,2415.952,753.9451,391.5701,1145.515,3,0,74.96764,270.5476,800,0,499.6694,200,0.1,0.2046279,0.3172331,0,250,0.3172331,1662.007,201.3329,55.7646,0,0,10.89994,457.4265,314.6363,142.7902,708.2699,0,1353.805,0,-1.136868e-13,-7.993606e-15,4.263256e-14
naive,2026-01-06 16:00:00,160,16,27.18681,3410.919,122.4828,408.0061,217.9095,1,1,2387.644,2387.326,1412.289,587.7105,2000,4,196.9162,396.0008,258.2563,648.8268,500,0,324.9685,0.1624843,0.1259371,0.3172331,0,250,0.3172331,975.0369,191.7567,45.04968,0,12.00536,26.15283,453.9721,185.3876,268.5845,778.0707,0,1526.17,0,0,1.24345e-13,4.263256e-14
naive,2026-01-06 16:15:00,161,16.25,27.21534,3357.079,145.9626,389.7489,207.0658,1,1,2349.955,2349.638,764.6069,396.2704,1160.877,3,0,106.5312,254.3461,800,0,499.6694,200,0.1,0.2046279,0.3172331,0,250,0.3172331,1585.031,188.7954,55.51602,0,0,18.27043,447.0729,301.5481,145.5249,701.2944,0,1340.133,0,0,-7.993606e-15,4.263256e-14
naive,2026-01-06 16:30:00,162,16.5,27.2633,3358.944,174.2886,389.704,201.0901,1,1,2351.261,2350.944,1411.819,588.1808,2000,4,196.9162,391.6487,253.4512,657.9839,500,0,324.9685,0.1624843,0.1259371,0.3172331,0,250,0.3172331,939.1243,188.0338,45.61931,0,0,13.05625,447.7708,178.8455,268.9253,769.5127,0,1487.704,0,0,1.24345e-13,4.263256e-14
naive,2026-01-06 16:45:00,163,16.75,27.42285,3352.837,240.8394,394.1914,207.9823,1,1,2346.986,2346.668,753.2278,391.2539,1144.482,3,0,94.08844,250.3933,800,0,499.6694,200,0.1,0.2046279,0.3172331,0,250,0.3172331,1593.441,185.4456,55.29776,31.87087,9.402054,22.53674,448.4555,304.4702,143.9853,700.0304,0,1409.047,0,-1.136868e-13,-7.993606e-15,4.263256e-14
naive,2026-01-06 17:00:00,164,17,27.54413,3364.113,265.2649,385.7304,192.7857,1,1,2354.879,2354.562,1420.147,579.8527,2000,4,269.5069,387.1271,230.8485,612.5175,500,0,324.9685,0.1624843,0.1259371,0.3172331,0,250,0.3172331,934.4148,170.7464,42.2409,0,0,22.03927,451.1137,179.0017,272.1121,763.0764,0,1478.632,0,-2.273737e-13,1.24345e-13,4.263256e-14
naive,2026-01-06 17:15:00,165,17.25,27.78585,3334.014,297.5106,383.399,181.1303,1,1,2333.81,2333.492,813.5971,417.8677,1231.465,3,0,207.0057,224.459,800,0,499.6694,200,0.1,0.2046279,0.3172331,0,250,0.3172331,1519.895,165.5864,54.91599,0,4.120411,15.54386,449.3664,292.6502,156.7162,713.5108,0,1372.349,0,-5.684342e-14,-7.993606e-15,4.263256e-14
naive,2026-01-06 17:30:00,166,17.5,27.51718,3357.913,349.3865,373.6258,167.75,1,1,2350.539,2350.222,1435.873,564.1266,2000,4,395.1367,385.6352,210.9662,508.262,500,0,324.9685,0.1624843,0.1259371,0.3172331,0,250,0.3172331,914.3483,156.086,35.06916,0,0,11.66402,450.0267,175.0582,274.9685,741.418,0,1443.383,0,0,1.24345e-13,4.263256e-14
naive,2026-01-06 17:45:00,167,17.75,27.62082,3340.853,380.0484,372.3669,162.3004,1,1,2338.597,2338.28,872.2918,443.7432,1316.035,3,0,326.0103,190.0247,800,0,499.6694,200,0.1,0.2046279,0.3172331,0,250,0.3172331,1465.988,140.4346,55.08955,0,0,21.86577,448.7197,281.2873,167.4324,729.226,0,1396.476,0,5.684342e-14,-7.993606e-15,4.263256e-14
naive,2026-01-06 18:00:00,168,18,27.53375,3360.229,466.6564,0,155.2151,1,1,2352.16,2351.843,1421.216,567.3541,1988.57,4,495.1492,9.670494,183.7508,800,500,0,324.9685,0.1624843,0.1259371,0.3172331,0,250,0.3172331,930.6267,135.926,55.18113,0,0,19.28915,450.4943,178.237,272.2573,749.2855,0,1436.492,0,2.273737e-13,1.24345e-13,4.263256e-14
naive,2026-01-06 18:15:00,169,18.25,27.51299,3324.31,543.2319,0,145.8792,1,1,2327.017,2326.7,666.9433,349.6858,1016.629,3,29.67101,5.204193,181.7539,800,0,499.6694,200,0.1,0.2046279,0.3172331,0,250,0.3172331,1659.757,134.479,55.20296,13.89147,0,11.40019,445.484,317.7437,127.7403,669.612,0,1301.083,0,5.684342e-14,-7.993606e-15,4.263256e-14
naive,2026-01-06 18:30:00,170,18.5,27.56868,3338.984,602.903,0,141.4624,1,1,2337.289,2336.971,1439.071,560.929,2000,4,577.4034,5.548099,178.0198,739.0287,500,0,324.9685,0.1624843,0.1259371,0.3172331,0,250,0.3172331,897.9004,131.6368,50.94161,25.49965,0,9.825551,447.9757,172.0958,275.8799,734.9081,0,1456.494,0,0,1.24345e-13,4.263256e-14
naive,2026-01-06 18:45:00,171,18.75,27.6402,3307.428,652.2014,0,139.6327,1,1,2315.199,2314.882,737.2917,368.2727,1105.564,3,134.1288,8.770225,162.6654,800,0,499.6694,200,0.1,0.2046279,0.3172331,0,250,0.3172331,1577.59,120.1899,55.06917,18.40318,0,19.4428,444.4121,302.825,141.5871,674.8298,0,1319.452,0,0,-7.993606e-15,4.263256e-14
naive,2026-01-06 19:00:00,172,19,27.68975,3284.165,689.4852,1.389155,129.1119,1,0,2298.916,2298.598,1450.165,549.8352,2000,4,669.0525,1.885519,158.7169,670.3451,500,0,324.9685,0.1624843,0.1259371,0.3172331,0,250,0.3172331,848.4335,117.2096,46.10051,20.43267,0,11.90229,441.7485,163.0309,278.7176,715.1532,0,1413.69,0,2.273737e-13,1.24345e-13,4.263256e-14
naive,2026-01-06 19:15:00,173,19.25,27.60855,3283.349,692.0722,0,112.6964,0,0,2298.344,2298.027,755.7333,371.211,1126.944,3,177.771,0.9171642,148.2563,800,0,499.6694,200,0.1,0.2046279,0.3172331,0,250,0.3172331,1542.294,109.5809,55.10246,14.63183,0,3.115472,440.882,295.8519,145.0301,0,667.6606,3635.383,0,-1.136868e-13,-7.993606e-15,4.263256e-14
naive,2026-01-06 19:30:00,174,19.5,27.7028,3210.399,704.9931,0,103.8527,0,0,2247.279,2246.962,1455.164,544.8362,2000,4,718.1783,0,129.8405,651.9812,500,0,324.9685,0.1624843,0.1259371,0.3172331,0,250,0.3172331,791.798,95.87131,44.82642,0,0,7.981388,431.9454,152.19,279.7554,0,698.5603,3791.652,0,0,1.24345e-13,4.263256e-14
naive,2026-01-06 19:45:00,175,19.75,27.53499,3167.112,701.8443,0,94.64753,0,0,2216.978,2216.661,763.2779,370.3652,1133.643,3,212.8403,0,120.8028,800,0,499.6694,200,0.1,0.2046279,0.3172331,0,250,0.3172331,1453.383,89.36028,55.17982,0,0,5.287247,424.6149,278.3646,146.2503,0,649.7425,3511.506,0,0,-7.993606e-15,4.263256e-14
naive,2026-01-06 20:00:00,176,20,27.37388,3203.489,693.7405,0.7542543,88.86308,0,0,2242.443,2242.125,1450.889,549.1112,2000,4,693.722,0,110.3691,695.9088,500,0,324.9685,0.1624843,0.1259371,0.3172331,0,250,0.3172331,791.2366,81.7845,48.14755,0.01842456,0.7542543,7.078576,428.0391,151.0318,277.0073,0,701.4942,3805.385,0,-1.136868e-13,1.24345e-13,4.263256e-14
naive,2026-01-06 20:15:00,177,20.25,27.32354,3145.386,659.4101,0,77.24131,0,0,2201.77,2201.453,705.5196,351.4658,1056.985,3,157.6675,0,99.31793,800,0,499.6694,200,0.1,0.2046279,0.3172331,0,250,0.3172331,1495.934,73.63547,55.40221,2.073148,0,3.605849,419.8318,285.2434,134.5884,0,637.3968,3446.931,0,1.136868e-13,-7.993606e-15,4.263256e-14
naive,2026-01-06 20:30:00,178,20.5,27.08492,3122.26,623.2436,2.282803,76.59313,0,0,2185.582,2185.265,1438.536,561.4642,2000,4,607.4411,0,94.81707,797.7418,500,0,324.9685,0.1624843,0.1259371,0.3172331,0,250,0.3172331,746.7291,70.47948,55.49609,15.80246,2.282803,6.113649,414.6696,141.6766,272.993,0,704.3007,3842.418,0,2.273737e-13,1.24345e-13,4.263256e-14
naive,2026-01-06 20:45:00,179,20.75,27.18952,3128.145,570.6978,0,71.62971,0,0,2189.701,2189.384,598.3293,318.7095,917.0388,2,35.79069,0,81.24813,800,0,499.6694,200,0.1,0.2046279,0.3172331,0,250,0.3172331,1591.055,60.32542,55.54317,35.23765,0,11.30429,416.3601,302.5306,113.8295,0,623.3896,3426.941,0,-5.684342e-14,-7.993606e-15,4.263256e-14
naive,2026-01-06 21:00:00,180,21,27.13175,3154.259,474.6722,0,71.44324,0,0,2207.981,2207.664,1336.997,530.7273,1867.724,4,490.9354,0,76.78866,800,500,0,324.9685,0.1624843,0.1259371,0.3172331,0,250,0.3172331,870.6672,57.04983,55.60393,0,0,14.3934,419.3292,165.3529,253.9763,0,698.8138,3780.921,0,0,1.24345e-13,4.263256e-14
naive,2026-01-06 21:15:00,181,21.25,27.21339,3123.487,406.2083,0,62.13234,0,0,2186.441,2186.124,567.6798,309.4553,877.1351,2,0,0,77.13514,800,0,420.6932,219.7441,0.109872,0.2046279,0.3172331,0,250,0.3172331,1618.444,57.25687,55.51807,0,0,4.875475,415.9478,307.8922,108.0556,0,618.275,3338.055,0,5.684342e-14,-6.483702e-14,4.263256e-14
naive,2026-01-06 21:30:00,182,21.5,26.9964,3113.461,361.8999,0,53.44391,0,0,2179.423,2179.105,776.0584,369.1754,1145.234,3,270.2056,0,75.02825,800,0,78.83787,200,0.1,0.1383696,0.3172331,0,250,0.3172331,1403.047,55.82318,55.74628,12.85642,0,0,412.7385,265.7086,147.0298,0,634.8841,3451.325,0,-1.136868e-13,-4.968248e-15,4.263256e-14
naive,2026-01-06 21:45:00,183,21.75,26.72591,3072.059,302.8574,0,60.89715,0,0,2150.441,2150.124,1194.18,488.3743,1682.555,4,317.7038,0,64.85089,800,500,0,324.9685,0.1624843,0.1259371,0.3172331,0,250,0.3172331,955.9435,48.39126,56.03077,0,0,12.50589,404.9681,180.022,224.9461,0,670.7513,3626.098,0,5.684342e-14,1.24345e-13,4.263256e-14
naive,2026-01-06 22:00:00,184,22,26.52134,3056.601,257.2703,0.7521457,44.08799,0,0,2139.621,2139.303,559.2859,305.7548,865.0408,2,0,0,65.04078,800,0,271.3315,257.0845,0.1285422,0.2046279,0.3172331,0,250,0.3172331,1580.017,48.6394,56.24592,0,0,0,401.2301,296.2911,104.939,0,602.046,3247.976,0,5.684342e-14,-6.483702e-14,4.263256e-14
naive,2026-01-06 22:15:00,185,22.25,26.38475,3078.866,230.2446,6.643771,39.22668,0,0,2155.206,2154.889,553.9394,302.5068,856.4462,2,7.489765,0.9030748,48.05338,800,0,228.1761,200,0.1,0.1618823,0.3172331,0,250,0.3172331,1600.95,35.98823,56.38958,0,5.740696,3.238449,403.0173,299.3729,103.6444,0,602.4853,3260.134,0,0,7.022161e-15,4.263256e-14
naive,2026-01-06 22:30:00,186,22.5,26.07032,3077.968,180.1397,2.442374,35.15563,0,0,2154.578,2154.261,1074.213,452.8704,1527.083,4,171.5711,8.374608,47.13718,800,500,0,324.9685,0.1624843,0.1259371,0.3172331,0,250,0.3172331,1080.048,35.42064,56.72028,8.568558,0,0,400.3106,200.668,199.6427,0,653.5383,3545.431,0,1.136868e-13,1.24345e-13,4.263256e-14
naive,2026-01-06 22:45:00,187,22.75,25.87917,3067.281,158.5347,8.002573,30.21788,0,0,2147.097,2146.78,541.2081,297.7853,838.9934,2,0,0,38.99336,800,0,184.4517,278.8044,0.1394022,0.2046279,0.3172331,0,250,0.3172331,1605.571,29.3607,56.92133,0,0,0.8571816,397.3683,297.1469,100.2214,0,595.0908,3208.963,0,-1.136868e-13,7.727152e-14,4.263256e-14
naive,2026-01-06 23:00:00,188,23,25.63306,3069.559,162.072,4.497068,24.08178,0,1,2148.691,2148.374,544.345,299.1682,843.5131,2,0,0,43.51315,800,0,140.0239,243.7546,0.1218773,0.1755591,0.3172331,0,250,0.3172331,1604.029,32.84962,57.18017,23.29112,3.254003,0,395.6809,295.3815,100.2994,0,594.5496,3251.486,0,0,3.022582e-14,4.263256e-14
naive,2026-01-06 23:15:00,189,23.25,25.59753,3063.42,141.1492,0,29.1839,1,1,2144.394,2144.077,541.4084,297.8735,839.2819,2,0,0,39.28193,800,0,108.2446,216.655,0.1083275,0.1534887,0.3172331,0,250,0.3172331,1602.668,29.66649,57.21754,32.9046,0,0,394.6055,294.9186,99.68688,592.7922,0,1177.975,0,-5.684342e-14,4.701795e-14,4.263256e-14
naive,2026-01-06 23:30:00,190,23.5,25.26193,3058.74,115.4332,0,25.46132,1,1,2141.118,2140.8,563.0024,303.7808,866.7832,2,30.36683,0,36.41641,800,0,66.4837,200,0.1,0.1364245,0.3172331,0,250,0.3172331,1577.798,27.60016,57.5705,18.58263,0,0,391.3443,288.3831,102.9611,592.164,0,1151.616,0,0,-4.996004e-16,4.263256e-14
naive,2026-01-06 23:45:00,191,23.75,25.1501,3041.246,107.6694,0,22.02022,1,1,2128.872,2128.555,989.1153,426.1389,1415.254,3,80.92143,0,34.3328,800,500,0,324.9685,0.1624843,0.1259371,0.3172331,0,250,0.3172331,1139.44,26.05171,57.68812,26.74794,0,0,388.2331,207.7946,180.4385,633.9335,0,1249.108,0,0,1.24345e-13,4.263256e-14
naive,2026-01-07 00:00:00,192,0,24.81778,3010.956,96.93056,4.295755,22.87229,1,1,2107.669,2107.352,532.405,293.9044,826.3094,2,0,0,26.30935,800,0,81.01941,304.6625,0.1523313,0.2046279,0.3172331,0,250,0.3172331,1574.947,20.03346,58.03764,15.91115,4.295755,2.838828,37.93805,28.34905,9.588999,322.7677,0,615.1,0,-5.684342e-14,6.306067e-14,4.263256e-14
naive,2026-01-07 00:15:00,193,0.25,24.4478,3028.311,77.23837,0,20.8982,1,1,2119.817,2119.5,522.2029,289.4068,811.6098,2,0,0,11.60976,800,0,86.32598,283.0331,0.1415165,0.1918415,0.3172331,0,250,0.3172331,1597.297,8.874703,58.42676,0,0,12.02349,38.15671,28.75135,9.405363,320.3204,0,574.9107,0,0,-5.495604e-15,4.263256e-14
naive,2026-01-07 00:30:00,194,0.5,24.11545,2995.533,90.43328,0.7747676,15.0845,1,1,2096.873,2096.556,523.5745,290.0115,813.586,2,0,0,13.586,800,0,103.3668,257.1468,0.1285734,0.1782218,0.3172331,0,250,0.3172331,1572.982,10.4215,58.77631,0,0,4.663004,37.74372,28.31367,9.430051,319.1582,0,572.1931,0,5.684342e-14,-4.690692e-14,4.263256e-14
naive,2026-01-07 00:45:00,195,0.75,23.72624,3024.109,91.0491,4.826272,9.381952,1,1,2116.876,2116.559,523.7158,290.0738,813.7896,2,0,0,13.78963,800,0,106.2069,230.5546,0.1152773,0.1619216,0.3172331,0,250,0.3172331,1592.843,10.62064,59.18566,0,1.782995,0,38.10377,28.67118,9.432595,318.745,0,573.9818,0,-5.684342e-14,-2.303713e-15,4.263256e-14
naive,2026-01-07 01:00:00,196,1,23.51814,3074.846,64.85539,6.232612,12.15593,1,1,2152.392,2152.075,532.1483,293.7912,825.9395,2,0,0,25.93955,800,0,107.8458,203.5569,0.1017784,0.1451768,0.3172331,0,250,0.3172331,1619.927,20.02157,59.40453,0,2.891904,0,38.74306,29.15868,9.58438,322.9499,0,584.0583,0,0,5.048739e-14,4.263256e-14
naive,2026-01-07 01:15:00,197,1.25,23.43072,3099.75,90.14093,0,17.60185,1,1,2169.825,2169.507,598.4717,312.8455,911.3173,2,85.6122,2.040285,23.66478,800,0,14.09925,200,0.1,0.1281768,0.3172331,0,250,0.3172331,1571.036,18.28233,59.49647,0,0,0,39.05684,28.27864,10.7782,341.1242,0,615.3148,0,-5.684342e-14,-7.21645e-16,4.263256e-14
naive,2026-01-07 01:30:00,198,1.5,23.23541,3139.863,77.54942,0,17.74649,1,1,2197.904,2197.587,998.9712,428.1923,1427.163,3,100.1851,3.670974,23.30743,800,500,0,324.9685,0.1624843,0.1259371,0.3172331,0,250,0.3172331,1198.616,18.04267,59.70188,0,0,0,39.56227,21.57508,17.98719,449.7674,0,832.3701,0,0,1.24345e-13,4.263256e-14
naive,2026-01-07 01:45:00,199,1.75,23.1073,3086.722,83.10173,0,20.5149,1,1,2160.706,2160.388,528.4715,292.1703,820.6418,2,0,0,20.64183,800,0,85.15135,303.6295,0.1518148,0.2046279,0.3172331,0,250,0.3172331,1631.917,16.00034,59.83663,0,0,4.51456,38.8927,29.37451,9.518197,322.3357,0,577.3553,0,5.684342e-14,-7.993606e-15,4.263256e-14
naive,2026-01-07 02:00:00,200,2,23.11753,3076.696,92.60452,0,22.74109,1,1,2153.687,2153.37,531.1913,293.3694,824.5607,2,0,0,24.56066,800,0,111.5893,275.6844,0.1378422,0.1911911,0.3172331,0,250,0.3172331,1622.179,19.03597,59.82586,0,0,3.705118,38.76637,29.19922,9.567154,323.2178,0,579.1315,0,0,1.037226e-13,4.263256e-14
naive,2026-01-07 02:15:00,201,2.25,22.95687,3044.296,91.24087,3.597367,16.95112,1,1,2131.007,2130.69,532.8113,294.0835,826.8948,2,0,0,26.89484,800,0,91.43644,252.7819,0.126391,0.1735944,0.3172331,0,250,0.3172331,1597.878,20.87968,59.99484,1.956654,1.445147,0,38.35813,28.76181,9.596314,322.8453,0,584.0646,0,0,-3.727574e-14,4.263256e-14
naive,2026-01-07 02:30:00,202,2.5,22.79611,3021.187,74.55372,0,20.71339,1,1,2114.831,2114.514,530.9003,293.2411,824.1414,2,0,0,24.14141,800,0,91.93969,229.7572,0.1148786,0.1591731,0.3172331,0,250,0.3172331,1583.613,18.77311,60.16392,0,0,1.940275,38.06696,28.50504,9.561916,322.084,0,576.4836,0,-5.684342e-14,4.793388e-14,4.263256e-14
naive,2026-01-07 02:45:00,203,2.75,22.58472,2978.605,48.2435,0.9576294,20.39298,1,1,2085.023,2084.706,533.1379,294.1183,827.2562,2,0.9184668,2.148538,24.18916,800,0,118.8841,200,0.1,0.1446747,0.3172331,0,250,0.3172331,1551.568,18.85115,60.38625,0,0,1.54183,37.53042,27.92823,9.602192,322.3139,0,576.6933,0,0,-8.326673e-17,4.263256e-14
naive,2026-01-07 03:00:00,204,3,22.21211,2957.997,56.33283,3.273904,28.7246,1,1,2070.598,2070.281,1013.336,433.035,1446.371,3,112.7094,3.363314,30.29801,800,500,0,324.9685,0.1624843,0.1259371,0.3172331,0,250,0.3172331,1056.945,23.70223,60.77814,0,0,5.02237,37.27077,19.02501,18.24575,452.9249,0,837.4745,0,1.136868e-13,1.24345e-13,4.263256e-14
naive,2026-01-07 03:15:00,205,3.25,22.16264,2994.794,75.26782,0,28.10466,1,1,2096.356,2096.039,536.4158,295.6726,832.0883,2,0,0,32.08834,800,0,113.4173,296.563,0.1482815,0.2046279,0.3172331,0,250,0.3172331,1559.623,25.11551,60.83017,0,0,2.98915,37.73441,28.07321,9.661194,324.2601,0,580.0862,0,5.684342e-14,1.199041e-13,4.263256e-14
naive,2026-01-07 03:30:00,206,3.5,21.79726,3021.192,71.56164,0,21.02806,1,1,2114.834,2114.517,533.2233,294.2651,827.4884,2,0,0,27.4884,800,0,116.0718,267.4984,0.1337492,0.1867414,0.3172331,0,250,0.3172331,1581.294,21.59549,61.21445,0,0,0,38.06701,28.46329,9.603729,322.7284,0,576.5906,0,5.684342e-14,-8.729129e-14,4.263256e-14
naive,2026-01-07 03:45:00,207,3.75,21.76172,3056.155,86.02627,6.027392,19.82397,1,1,2139.309,2138.992,533.0728,294.1988,827.2716,2,0,0,27.27163,800,0,144.4963,231.3322,0.1156661,0.1684398,0.3172331,0,250,0.3172331,1605.919,21.43295,61.25184,0,5.490972,0,38.50756,28.90654,9.601021,323.1054,0,586.7743,0,0,1.215694e-14,4.263256e-14
naive,2026-01-07 04:00:00,208,4,21.65182,3083.347,128.3875,0.0305496,9.067988,1,1,2158.343,2158.025,558.4156,301.8239,860.2395,2,29.81965,0.3502436,30.06957,800,0,125.1832,200,0.1,0.1456665,0.3172331,0,250,0.3172331,1599.61,23.6583,61.36742,0,0,0,38.85017,28.79298,10.05719,330.6168,0,592.1953,0,-5.684342e-14,-3.13638e-15,4.263256e-14
naive,2026-01-07 04:15:00,209,4.25,21.70434,3097.705,137.6463,5.579904,8.486019,1,1,2168.394,2168.076,1046.338,442.2428,1488.581,3,157.6108,1.753929,29.2164,800,500,0,324.9685,0.1624843,0.1259371,0.3172331,0,250,0.3172331,1121.738,22.97476,61.31218,0,3.825975,0,39.03108,20.19128,18.8398,462.4341,0,862.4917,0,-1.136868e-13,1.24345e-13,4.263256e-14
naive,2026-01-07 04:30:00,210,4.5,21.61377,3070.444,231.279,3.579847,12.19624,1,1,2149.311,2148.993,530.6622,293.1361,823.7983,2,0,0,23.7983,800,0,192.016,276.9133,0.1384567,0.2046279,0.3172331,0,250,0.3172331,1618.331,18.7314,61.40744,39.91987,2.922935,0,38.68759,29.12996,9.55763,322.2661,0,649.3526,0,0,7.727152e-14,4.263256e-14
naive,2026-01-07 04:45:00,211,4.75,21.43983,3067.658,265.9321,0,15.06948,1,1,2147.361,2147.044,533.2733,294.2872,827.5605,2,0,0,27.56052,800,0,230.8095,219.1674,0.1095837,0.1743683,0.3172331,0,250,0.3172331,1613.77,21.73095,61.59038,35.12268,0,0,38.6525,29.04787,9.60463,323.3351,0,637.9676,0,0,4.021783e-14,4.263256e-14
naive,2026-01-07 05:00:00,212,5,21.43596,3088.642,292.8207,0,19.13587,1,1,2162.049,2161.732,686.9323,338.3423,1025.275,3,199.1054,0,26.16924,800,0,76.53156,200,0.1,0.1380065,0.3172331,0,250,0.3172331,1474.8,20.63477,61.59445,17.18379,0,0,38.91689,26.54639,12.37049,364.8887,0,690.1256,0,0,4.440892e-15,4.263256e-14
naive,2026-01-07 05:15:00,213,5.25,21.32709,3120.328,362.89,0,16.37029,1,1,2184.23,2183.912,1188.117,482.1063,1670.223,4,347.9221,2.123685,20.17705,800,500,0,324.9685,0.1624843,0.1259371,0.3172331,0,250,0.3172331,995.7959,15.92743,61.70895,14.96785,0,0.442869,39.31613,17.92433,21.39181,500.1056,0,956.6083,0,2.273737e-13,1.24345e-13,4.263256e-14
naive,2026-01-07 05:30:00,214,5.5,21.28378,3106.632,432.3841,3.418518,12.4415,1,1,2174.643,2174.325,529.2941,292.533,821.8271,2,0,0,21.82715,800,0,401.5613,224.527,0.1122635,0.2046279,0.3172331,0,250,0.3172331,1645.031,17.23755,61.75451,34.55044,0,0,39.14357,29.61056,9.533005,322.1436,0,634.4128,0,5.684342e-14,-7.993606e-15,4.263256e-14
naive,2026-01-07 05:45:00,215,5.75,21.28496,3094.859,531.7959,0,10.99556,1,1,2166.401,2166.084,839.6174,381.8978,1221.515,3,398.8009,3.918543,18.79575,800,0,97.96674,200,0.1,0.1413814,0.3172331,0,250,0.3172331,1326.467,14.84339,61.75327,35.0283,0,0,38.99523,23.8764,15.11882,405.7742,0,802.4998,0,-1.136868e-13,-5.07927e-15,4.263256e-14
naive,2026-01-07 06:00:00,216,6,21.27825,3089.232,589.2935,0,8.000393,1,1,2162.463,2162.145,1374.474,535.6497,1910.124,4,588.4434,6.882337,14.79805,800,500,0,324.9685,0.1624843,0.1259371,0.3172331,0,250,0.3172331,787.6713,11.68711,61.76032,0.8500744,0,0,38.92433,14.17808,24.74624,549.8278,0,1031.642,0,0,1.24345e-13,4.263256e-14
naive,2026-01-07 06:15:00,217,6.25,21.27979,3138.634,674.6857,0,18.11181,1,1,2197.044,2196.727,658.1297,329.6464,987.7761,2,165.4653,3.394609,18.91619,800,0,499.6694,200,0.1,0.2046279,0.3172331,0,250,0.3172331,1538.597,14.93928,61.7587,9.55101,0,3.172523,39.54679,27.69475,11.85204,357.8781,0,662.7531,0,5.684342e-14,-7.993606e-15,4.263256e-14
naive,2026-01-07 06:30:00,218,6.5,21.21289,3154.827,716.8657,0.6253298,13.69634,1,1,2208.379,2208.061,1450.063,549.937,2000,4,722.8995,1.416023,16.78576,758.8987,500,0,324.9685,0.1624843,0.1259371,0.3172331,0,250,0.3172331,757.9984,13.26573,58.65249,0,0,0.4306131,39.75082,13.64397,26.10684,563.6538,0,1061.323,0,0,1.24345e-13,4.263256e-14
naive,2026-01-07 06:45:00,219,6.75,21.24589,3148.331,763.8777,0,10.1013,1,1,2203.832,2203.515,743.8204,353.7764,1097.597,3,280.1832,0,17.41358,800,0,499.6694,200,0.1,0.2046279,0.3172331,0,250,0.3172331,1459.694,13.7573,61.79436,0,0,0,39.66897,26.2745,13.39448,380.0509,0,690.5831,0,-5.684342e-14,-7.993606e-15,4.263256e-14
naive,2026-01-07 07:00:00,220,7,21.04018,3134.73,799.6796,0,21.45765,1,1,2194.311,2193.994,1459.691,540.3095,2000,4,792.8457,0.7539714,22.52441,683.8759,500,0,324.9685,0.1624843,0.1259371,0.3172331,0,250,0.3172331,734.303,17.83209,53.00954,6.833924,0,3.625556,39.49759,13.21745,26.28014,554.1377,0,1060.428,0,2.273737e-13,1.24345e-13,4.263256e-14
naive,2026-01-07 07:15:00,221,7.25,21.11014,3157.432,782.1626,0,20.2683,1,1,2210.202,2209.885,752.4436,356.2114,1108.655,3,291.6707,1.455998,15.52825,800,0,499.6694,200,0.1,0.2046279,0.3172331,0,250,0.3172331,1457.442,12.28469,61.93713,0,0,7.983606,39.78364,26.23395,13.54969,383.7921,0,697.905,0,1.136868e-13,-7.993606e-15,4.263256e-14
naive,2026-01-07 07:30:00,222,7.5,21.05862,3125.385,757.4325,0,24.19151,1,1,2187.77,2187.452,1452.426,547.5744,2000,4,740.1409,0.9354603,18.31204,740.6116,500,0,324.9685,0.1624843,0.1259371,0.3172331,0,250,0.3172331,735.0268,14.49455,57.38936,17.29164,0,9.696966,39.37985,13.23048,26.14937,562.4392,0,1090.143,0,-1.136868e-13,1.24345e-13,4.263256e-14
naive,2026-01-07 07:45:00,223,7.75,21.32386,3139.874,683.731,0,27.31921,1,1,2197.912,2197.595,672.135,333.9424,1006.077,3,181.2546,3.603795,21.21901,800,0,499.6694,200,0.1,0.2046279,0.3172331,0,250,0.3172331,1525.46,16.75048,61.71235,2.807014,0,10.56873,39.56242,27.45828,12.10414,363.1906,0,661.797,0,0,-7.993606e-15,4.263256e-14
naive,2026-01-07 08:00:00,224,8,21.61884,3146.341,617.0383,363.4534,26.42032,1,1,2202.438,2202.121,1455.639,544.3614,2000,4,620.8207,370.2908,22.67721,486.2113,500,0,324.9685,0.1624843,0.1259371,0.3172331,0,250,0.3172331,746.4826,17.84808,37.318,0,0,8.572235,39.64389,13.43669,26.20721,559.2579,0,1076.533,0,-1.136868e-13,1.24345e-13,4.263256e-14
naive,2026-01-07 08:15:00,225,8.25,21.50457,3154.757,518.1004,369.2146,28.30661,1,1,2208.33,2208.013,824.057,417.7167,1241.774,3,40.03244,372.6803,29.061,800,0,499.6694,200,0.1,0.2046279,0.3172331,0,250,0.3172331,1383.956,22.899,61.52228,0,0,5.407608,39.74994,24.9112,14.83874,443.5469,0,817.8812,0,0,-7.993606e-15,4.263256e-14
naive,2026-01-07 08:30:00,226,8.5,21.67794,3185.062,429.7605,378.1141,37.00196,1,1,2229.543,2229.226,1430.211,569.7885,2000,4,427.5687,372.3938,29.38082,670.6567,500,0,324.9685,0.1624843,0.1259371,0.3172331,0,250,0.3172331,799.0144,23.11026,51.42256,2.191846,5.72034,13.89169,40.13178,14.38226,25.74952,586.5392,0,1128.876,0,0,1.24345e-13,4.263256e-14
naive,2026-01-07 08:45:00,227,8.75,21.82638,3218.413,352.8745,375.7563,36.57596,1,1,2252.889,2252.572,698.8619,367.2868,1066.149,3,0,230.6146,35.53408,800,0,499.6694,200,0.1,0.2046279,0.3172331,0,250,0.3172331,1553.71,27.90808,61.18382,0,0,8.667884,40.552,27.96678,12.58522,396.7355,0,724.6392,0,-1.136868e-13,-7.993606e-15,4.263256e-14
naive,2026-01-07 09:00:00,228,9,21.86534,3315.17,264.4105,373.1894,30.14181,1,1,2320.619,2320.302,1409.443,587.6511,1997.094,4,280.8958,379.1308,37.06699,800,500,0,324.9685,0.1624843,0.1259371,0.3172331,0,250,0.3172331,910.8591,29.10045,61.14285,0,0,1.041364,41.77114,16.39546,25.37568,604.2247,0,1139.664,0,-1.136868e-13,1.24345e-13,4.263256e-14
naive,2026-01-07 09:15:00,229,9.25,22.12069,3322.177,202.126,377.0978,26.09449,1,1,2325.524,2325.207,629.6546,336.7768,966.4314,2,0,119.2944,47.13703,800,0,499.6694,200,0.1,0.2046279,0.3172331,0,250,0.3172331,1695.552,36.90992,60.87429,0,0,0,41.85943,30.51994,11.33949,367.2967,0,666.1099,0,0,-7.993606e-15,4.263256e-14
naive,2026-01-07 09:30:00,230,9.5,22.25419,3346.523,158.7605,385.2151,29.21093,1,1,2342.566,2342.249,1358.275,576.2009,1934.476,4,187.5255,392.4105,54.53957,800,500,0,324.9685,0.1624843,0.1259371,0.3172331,0,250,0.3172331,983.9745,42.64811,60.73388,0,0,0,42.16619,17.71154,24.45465,593.9125,0,1119.499,0,-2.273737e-13,1.24345e-13,4.263256e-14
naive,2026-01-07 09:45:00,231,9.75,22.22632,3331.76,159.475,404.2388,36.37669,1,1,2332.232,2331.915,608.1652,327.3032,935.4684,2,0,68.35707,67.11129,800,0,499.6694,200,0.1,0.2046279,0.3172331,0,250,0.3172331,1723.75,52.49374,60.76319,0,12.94918,0,41.98018,31.0275,10.95268,358.3307,0,670.6402,0,0,-7.993606e-15,4.263256e-14
naive,2026-01-07 10:00:00,232,10,22.40366,3302.05,137.5389,408.6699,48.94937,1,1,2311.435,2311.118,1354.616,577.9848,1932.6,4,158.9697,395.9332,77.69743,800,500,0,324.9685,0.1624843,0.1259371,0.3172331,0,250,0.3172331,956.5019,60.66388,60.57668,0,12.73667,0,41.60583,17.21703,24.38879,595.2019,0,1144.226,0,0,1.24345e-13,4.263256e-14
naive,2026-01-07 10:15:00,233,10.25,22.60259,3352.391,104.144,410.8405,61.25024,1,1,2346.674,2346.356,593.8065,320.9732,914.7798,2,0,27.02997,87.74978,800,0,499.6694,200,0.1,0.2046279,0.3172331,0,250,0.3172331,1752.55,68.37281,60.36745,0,13.98407,0,42.24013,31.5459,10.69423,352.5191,0,661.2474,0,0,-7.993606e-15,4.263256e-14
naive,2026-01-07 10:30:00,234,10.5,22.83969,3416.677,80.73273,395.8079,73.58052,1,1,2391.674,2391.357,1345.291,578.0434,1923.335,4,123.923,400.1751,99.23669,800,500,0,324.9685,0.1624843,0.1259371,0.3172331,0,250,0.3172331,1046.065,77.13494,60.11808,0,0,0,43.05013,18.82918,24.22095,596.8726,0,1126.112,0,0,1.24345e-13,4.263256e-14
naive,2026-01-07 10:45:00,235,10.75,22.90649,3396.515,81.02534,392.072,83.02113,1,1,2377.561,2377.244,596.6172,322.2123,918.8295,2,0,15.58861,103.2409,800,0,499.6694,200,0.1,0.2046279,0.3172331,0,250,0.3172331,1780.626,80.19218,60.04782,0,0,2.828944,42.79609,32.05127,10.74482,354.7573,0,641.9607,0,5.684342e-14,-7.993606e-15,4.263256e-14
naive,2026-01-07 11:00:00,236,11,23.21867,3406.664,67.0391,403.0866,96.78117,1,1,2384.665,2384.348,1335.721,577.7534,1913.474,4,90.89268,399.9939,122.5876,800,500,0,324.9685,0.1624843,0.1259371,0.3172331,0,250,0.3172331,1048.627,94.9135,59.71949,0,3.092766,1.867674,42.92397,18.87529,24.04868,596.9566,0,1132.064,0,-2.273737e-13,1.24345e-13,4.263256e-14
naive,2026-01-07 11:15:00,237,11.25,23.54708,3447.338,76.69707,404.6527,101.1942,1,1,2413.137,2412.82,607.238,326.8945,934.1325,2,0,0,134.1325,800,0,481.684,204.4964,0.1022482,0.2046279,0.3172331,0,250,0.3172331,1805.582,103.4997,59.37409,0,0.8139109,0,43.43646,32.50047,10.93599,359.3949,0,653.398,0,0,-7.993606e-15,4.263256e-14
naive,2026-01-07 11:30:00,238,11.5,23.63039,3456.598,65.32711,405.4847,106.5662,1,1,2419.619,2419.301,947.9921,469.792,1417.784,3,61.56416,407.495,148.7249,800,0,17.8567,200,0.1,0.1287684,0.3172331,0,250,0.3172331,1471.309,114.6605,59.28647,0,0,0,43.55314,26.48357,17.06957,496.2756,0,925.8539,0,5.684342e-14,1.415534e-15,4.263256e-14
naive,2026-01-07 11:45:00,239,11.75,23.77919,3403.265,58.22519,414.0546,101.6531,1,1,2382.285,2381.968,1380.541,596.6827,1977.223,4,97.86604,421.7968,157.5606,800,500,0,324.9685,0.1624843,0.1259371,0.3172331,0,250,0.3172331,1001.427,121.2849,59.12996,0,0,0,42.88114,18.02569,24.85544,614.7084,0,1162.896,0,0,1.24345e-13,4.263256e-14
naive,2026-01-07 12:00:00,240,12,24.00343,3448.298,80.23144,421.9466,112.0199,1,1,2413.808,2413.491,641.9178,342.183,984.1009,2,0,17.94038,166.1605,800,0,499.6694,200,0.1,0.2046279,0.3172331,0,250,0.3172331,1771.573,127.6067,58.89413,0,1.018263,0,43.44855,31.88832,11.56023,374.0714,0,683.6433,0,-1.136868e-13,-7.993606e-15,4.263256e-14
naive,2026-01-07 12:15:00,241,12.25,24.16263,3456.652,57.22847,424.091,128.6828,1,1,2419.656,2419.339,1397.745,602.2546,2000,4,109.4753,422.7903,176.2732,791.4613,500,0,324.9685,0.1624843,0.1259371,0.3172331,0,250,0.3172331,1021.594,135.1485,58.09987,0,1.300714,0,43.55381,18.38869,25.16513,620.6433,0,1178.168,0,0,1.24345e-13,4.263256e-14
naive,2026-01-07 12:30:00,242,12.5,24.62017,3486.294,100.4586,423.6173,138.7231,1,1,2440.406,2440.089,674.5538,356.5706,1031.124,3,0,42.58972,188.5347,800,0,499.6694,200,0.1,0.2046279,0.3172331,0,250,0.3172331,1765.535,143.8593,58.24547,0,2.912962,0,43.92731,31.77963,12.14768,388.3502,0,716.1992,0,-1.136868e-13,-7.993606e-15,4.263256e-14
naive,2026-01-07 12:45:00,243,12.75,24.87072,3468.058,87.3251,413.1812,151.2683,1,1,2427.641,2427.323,1395.99,604.0098,2000,4,89.61784,420.7086,195.9582,793.7153,500,0,324.9685,0.1624843,0.1259371,0.3172331,0,250,0.3172331,1031.333,149.1309,57.52646,0,0,2.137371,43.69753,18.564,25.13353,622.9614,0,1181.206,0,0,1.24345e-13,4.263256e-14
naive,2026-01-07 13:00:00,244,13,24.95751,3500.367,67.89105,414.3164,156.9244,1,1,2450.257,2449.94,668.9265,354.0898,1023.016,3,0,7.398608,215.6177,800,0,499.6694,200,0.1,0.2046279,0.3172331,0,250,0.3172331,1781.013,163.9428,57.89067,0,0,0,44.10462,32.05823,12.04639,386.148,0,707.1691,0,5.684342e-14,-7.993606e-15,4.263256e-14
naive,2026-01-07 13:15:00,245,13.25,25.0694,3530.073,83.9993,420.1937,164.9793,1,1,2471.051,2470.734,1398.743,601.257,2000,4,98.04715,418.6099,229.6816,753.6614,500,0,324.9685,0.1624843,0.1259371,0.3172331,0,250,0.3172331,1071.991,174.4305,54.42659,0,1.583849,0,449.9065,195.1783,254.7282,796.4353,0,1534.373,0,0,1.24345e-13,4.263256e-14
naive,2026-01-07 13:30:00,246,13.5,25.2711,3508.973,102.3868,418.3264,169.4237,1,1,2456.281,2455.964,697.5101,366.6908,1064.201,3,0,25.2316,238.9693,800,0,499.6694,200,0.1,0.2046279,0.3172331,0,250,0.3172331,1758.453,181.0984,57.56086,0,0,0,449.0312,321.4618,127.5694,688.1526,0,1311.549,0,-5.684342e-14,-7.993606e-15,4.263256e-14
naive,2026-01-07 13:45:00,247,13.75,25.77123,3521.892,118.6131,410.1458,183.6781,1,1,2465.325,2465.007,1401.787,598.2129,2000,4,112.8619,416.0627,252.8728,718.2026,500,0,324.9685,0.1624843,0.1259371,0.3172331,0,250,0.3172331,1063.22,190.6232,51.20322,5.751258,0,0,455.2631,196.3412,258.9218,794.5541,0,1541.426,0,0,1.24345e-13,4.263256e-14
naive,2026-01-07 14:00:00,248,14,25.93683,3502.566,119.2675,399.5306,185.9442,1,1,2451.797,2451.479,700.9283,368.1978,1069.126,3,0,0,269.1261,800,0,495.9868,200.9207,0.1004603,0.2046279,0.3172331,0,250,0.3172331,1750.551,202.5188,56.86069,35.84822,0,0,454.293,324.3594,129.9337,692.5571,0,1382.984,0,0,-7.993606e-15,4.263256e-14
naive,2026-01-07 14:15:00,249,14.25,26.13335,3488.865,102.699,402.3933,194.6405,1,1,2442.205,2441.888,1037.994,508.7961,1546.79,4,67.2236,413.057,266.5096,800,0,3.556103,200,0.1,0.1265168,0.3172331,0,250,0.3172331,1403.894,200.1309,56.65399,31.91925,0,0,454.3358,261.1735,193.1623,769.9695,0,1531.264,0,-5.684342e-14,-2.775558e-17,4.263256e-14
naive,2026-01-07 14:30:00,250,14.5,26.36995,3465.835,99.54003,408.1162,197.4845,1,1,2426.085,2425.767,1397.832,602.1679,2000,4,78.96159,414.5677,265.7541,740.7165,500,0,324.9685,0.1624843,0.1259371,0.3172331,0,250,0.3172331,1027.935,199.0606,52.22528,20.57844,0,0,453.5327,192.1624,261.3703,794.3303,0,1565.405,0,-1.136868e-13,1.24345e-13,4.263256e-14
naive,2026-01-07 14:45:00,251,14.75,26.52288,3457.154,102.9935,404.3925,200.0865,1,1,2420.008,2419.691,704.0994,369.5957,1073.695,3,0,0,273.6952,800,0,496.5397,200.7824,0.1003912,0.2046279,0.3172331,0,250,0.3172331,1715.591,204.6739,56.24431,12.01631,0,0,453.8238,321.7246,132.0992,691.3204,0,1340.094,0,-5.684342e-14,-6.483702e-14,4.263256e-14
naive,2026-01-07 15:00:00,252,15,26.96629,3441.542,117.834,403.738,214.0391,1,1,2409.079,2408.762,1051.366,512.3768,1563.742,4,86.67657,398.8598,278.206,800,0,3.003346,200,0.1,0.1264298,0.3172331,0,250,0.3172331,1357.396,207.0603,55.77795,28.15411,4.878146,6.978819,455.9448,256.9022,199.0426,770.5998,0,1535.43,0,0,-5.551115e-17,4.263256e-14
naive,2026-01-07 15:15:00,253,15.25,27.02775,3472.889,132.5313,405.4587,210.3363,1,1,2431.022,2430.705,1399.103,600.8967,2000,4,88.27073,396.985,283.8159,730.9284,500,0,324.9685,0.1624843,0.1259371,0.3172331,0,250,0.3172331,1031.602,211.096,50.90304,44.26054,8.473721,0,460.6872,195.4921,265.1951,796.3888,0,1626.478,0,2.273737e-13,1.24345e-13,4.263256e-14
naive,2026-01-07 15:30:00,254,15.5,27.24368,3459.713,143.1724,400.7976,215.8149,1,1,2421.799,2421.482,718.0623,375.7513,1093.814,3,0,10.50704,283.3065,800,0,499.6694,200,0.1,0.2046279,0.3172331,0,250,0.3172331,1703.42,210.2277,55.4862,34.94826,0,5.587158,461.0146,324.2636,136.751,701.0784,0,1400.021,0,0,-7.993606e-15,4.263256e-14
naive,2026-01-07 15:45:00,255,15.75,27.36932,3423.26,158.605,398.5625,218.9656,1,1,2396.282,2395.965,1402.924,597.0758,2000,4,114.9351,405.0613,280.6099,699.3938,500,0,324.9685,0.1624843,0.1259371,0.3172331,0,250,0.3172331,993.0408,207.9447,48.39286,43.66997,0,11.02093,457.3603,189.5342,267.8261,788.7135,0,1598.316,0,0,1.24345e-13,4.263256e-14
naive,2026-01-07 16:00:00,256,16,27.54114,3453.596,132.786,393.339,212.8732,1,1,2417.517,2417.2,745.0865,387.6649,1132.751,3,0,50.32824,282.4232,800,0,499.6694,200,0.1,0.2046279,0.3172331,0,250,0.3172331,1672.113,208.9002,55.17335,0,0,3.972973,463.0838,320.2991,142.7847,708.725,0,1355.38,0,-1.136868e-13,-7.993606e-15,4.263256e-14
naive,2026-01-07 16:15:00,257,16.25,27.46424,3453.484,148.7162,388.139,202.6454,1,1,2417.439,2417.122,1408.554,591.4463,2000,4,165.4778,392.2615,271.2311,671.0295,500,0,324.9685,0.1624843,0.1259371,0.3172331,0,250,0.3172331,1008.568,200.7886,46.34653,0,0,1.856754,462.3197,192.8822,269.4375,784.6836,0,1517.227,0,2.273737e-13,1.24345e-13,4.263256e-14
naive,2026-01-07 16:30:00,258,16.5,27.75833,3460.994,196.8179,389.6128,198.9324,1,1,2422.696,2422.379,748.4035,389.1271,1137.531,3,0,72.00201,265.5286,800,0,499.6694,200,0.1,0.2046279,0.3172331,0,250,0.3172331,1673.975,195.9424,54.94492,15.4582,0,2.989978,466.2094,322.13,144.0794,711.8325,0,1388.517,0,5.684342e-14,-7.993606e-15,4.263256e-14
naive,2026-01-07 16:45:00,259,16.75,27.78888,3436.726,222.1475,389.653,198.5091,1,1,2405.708,2405.391,1417.263,582.7373,2000,4,230.8797,391.2533,271.28,606.587,500,0,324.9685,0.1624843,0.1259371,0.3172331,0,250,0.3172331,988.1284,200.1202,41.63674,0,0,0,463.2399,190.2727,272.9673,773.0099,0,1499.179,0,0,1.24345e-13,4.263256e-14
naive,2026-01-07 17:00:00,260,17,27.82528,3432.724,262.8692,384.3403,191.6307,1,1,2402.907,2402.59,794.7883,409.5759,1204.364,3,0,153.0879,251.2763,800,0,499.6694,200,0.1,0.2046279,0.3172331,0,250,0.3172331,1607.802,185.2905,54.87451,0,0,6.340169,463.0576,309.835,153.2226,720.6326,0,1379.531,0,5.684342e-14,-7.993606e-15,4.263256e-14
naive,2026-01-07 17:15:00,261,17.25,27.72086,3405.693,301.6033,373.3687,184.2314,1,1,2383.985,2383.668,1425.304,574.6965,2000,4,306.85,382.1114,238.8907,572.148,500,0,324.9685,0.1624843,0.1259371,0.3172331,0,250,0.3172331,958.3647,176.357,39.32397,0,0,7.874421,458.3965,184.2759,274.1206,760.4865,0,1476.733,0,0,1.24345e-13,4.263256e-14
naive,2026-01-07 17:30:00,262,17.5,27.63007,3358.717,357.8706,374.1805,182.449,1,1,2351.102,2350.785,835.601,427.5681,1263.169,3,0,241.3928,221.7763,800,0,499.6694,200,0.1,0.2046279,0.3172331,0,250,0.3172331,1515.184,163.8837,55.07983,0,0,18.56536,451.2072,290.7835,160.4236,721.9145,0,1381.864,0,1.136868e-13,-7.993606e-15,4.263256e-14
naive,2026-01-07 17:45:00,263,17.75,27.69397,3344.114,410.6328,375.2988,170.5636,1,1,2340.88,2340.563,1435.951,564.0488,2000,4,399.8902,375.4202,210.3002,514.3894,500,0,324.9685,0.1624843,0.1259371,0.3172331,0,250,0.3172331,904.6116,155.2958,35.37238,10.74255,0,15.26783,449.8524,173.8413,276.011,740.8242,0,1460.385,0,0,1.24345e-13,4.263256e-14
naive,2026-01-07 18:00:00,264,18,27.79675,3329.706,447.9958,4.625696,166.845,1,1,2330.795,2330.477,654.0887,347.5486,1001.637,3,0,0,201.6373,800,0,478.5825,205.2717,0.1026359,0.2046279,0.3172331,0,250,0.3172331,1676.389,148.7329,54.90452,0,1.603666,18.11205,448.8894,322.8569,126.0325,673.8937,0,1288.786,0,5.684342e-14,4.884981e-14,4.263256e-14
naive,2026-01-07 18:15:00,265,18.25,27.85246,3314.37,526.5148,6.411732,155.9963,1,1,2320.059,2319.742,1050.974,460.9023,1511.876,4,517.9331,1.62631,192.317,800,0,20.95771,200,0.1,0.1292566,0.3172331,0,250,0.3172331,1268.768,141.7723,54.84592,0,4.785422,14.22404,447.3498,244.6416,202.7082,708.2866,0,1363.126,0,1.136868e-13,-6.106227e-16,4.263256e-14
naive,2026-01-07 18:30:00,266,18.5,27.95132,3316.373,596.1993,4.04655,145.2476,1,1,2321.461,2321.144,1441.69,558.3095,2000,4,594.9344,1.733781,187.1278,716.204,500,0,324.9685,0.1624843,0.1259371,0.3172331,0,250,0.3172331,879.4532,137.7989,49.008,1.264869,2.312769,7.448692,448.5608,169.931,278.6298,729.6798,0,1410.397,0,2.273737e-13,1.24345e-13,4.263256e-14
naive,2026-01-07 18:45:00,267,18.75,27.96916,3249.808,635.3303,1.314014,129.6688,0,1,2274.866,2274.548,755.4397,374.7681,1130.208,3,146.781,2.740695,180.6861,800,0,499.6694,200,0.1,0.2046279,0.3172331,0,250,0.3172331,1519.109,133.0296,54.72318,0,0,0,439.7242,293.6388,146.0854,0,668.4069,3614.675,0,-1.136868e-13,-7.993606e-15,4.263256e-14
naive,2026-01-07 19:00:00,268,19,27.88236,3244.401,649.4448,3.470493,117.2282,0,0,2271.08,2270.763,1452.595,547.4046,2000,4,683.1,1.544269,169.757,645.5988,500,0,324.9685,0.1624843,0.1259371,0.3172331,0,250,0.3172331,818.1678,125.1009,44.2352,0,1.926224,0,438.1838,157.8579,280.326,0,705.2624,3832.502,0,1.136868e-13,1.24345e-13,4.263256e-14
naive,2026-01-07 19:15:00,269,19.25,27.88686,3209.474,681.2892,5.264034,121.2224,0,0,2246.632,2246.315,765.1116,374.1488,1139.26,3,187.8303,0.2866138,151.1434,800,0,499.6694,200,0.1,0.2046279,0.3172331,0,250,0.3172331,1481.203,111.3784,54.80975,0,4.97742,9.844004,433.5081,285.8116,147.6964,0,661.8599,3587.155,0,0,-7.993606e-15,4.263256e-14
naive,2026-01-07 19:30:00,270,19.5,27.84484,3191.646,681.7369,6.394746,111.9607,0,0,2234.152,2233.835,1454.33,545.6702,2000,4,709.1135,0,137.2386,653.648,500,0,324.9685,0.1624843,0.1259371,0.3172331,0,250,0.3172331,779.5049,101.1779,44.81896,0,6.394746,10.78273,430.7158,150.2785,280.4373,0,698.0275,3799.761,0,0,1.24345e-13,4.263256e-14
naive,2026-01-07 19:45:00,271,19.75,27.69861,3192.941,700.4594,0,97.73882,0,0,2235.059,2234.742,760.9768,370.2231,1131.2,3,205.5078,0,125.6921,800,0,499.6694,200,0.1,0.2046279,0.3172331,0,250,0.3172331,1473.765,92.81241,55.00773,0,0,4.926402,429.5586,283.2446,146.314,0,654.4145,3537.396,0,0,-7.993606e-15,4.263256e-14
naive,2026-01-07 20:00:00,272,20,27.64777,3181.842,677.253,0,95.80112,0,0,2227.29,2226.972,1451.253,548.747,2000,4,693.7347,0.5185499,116.9092,688.8375,500,0,324.9685,0.1624843,0.1259371,0.3172331,0,250,0.3172331,775.7195,86.3746,47.41028,0,0,9.426521,427.6058,148.9264,278.6794,0,699.4831,3793.821,0,0,1.24345e-13,4.263256e-14
naive,2026-01-07 20:15:00,273,20.25,27.65655,3152.056,620.5163,0,90.22948,0,0,2206.439,2206.122,708.9375,352.8031,1061.741,3,159.0928,0,102.6478,800,0,499.6694,200,0.1,0.2046279,0.3172331,0,250,0.3172331,1497.185,75.83082,55.05197,0,0,14.39866,423.6814,287.49,136.1914,0,643.0579,3474.885,0,5.684342e-14,-7.993606e-15,4.263256e-14
naive,2026-01-07 20:30:00,274,20.5,27.5151,3161.96,571.1365,0,84.56188,0,0,2213.372,2213.055,1440.361,559.6393,2000,4,618.3053,1.569427,100.4519,779.6733,500,0,324.9685,0.1624843,0.1259371,0.3172331,0,250,0.3172331,772.6941,74.32229,53.79818,0,0,10.2396,423.7466,147.9311,275.8155,0,709.5308,3841.896,0,2.273737e-13,1.24345e-13,4.263256e-14
naive,2026-01-07 20:45:00,275,20.75,27.28603,3147.411,550.3469,0.5255928,78.83257,0,0,2203.188,2202.871,624.3795,327.3118,951.6913,2,60.01658,0,91.67471,800,0,499.6694,200,0.1,0.2046279,0.3172331,0,250,0.3172331,1578.491,67.99621,55.44167,0,0.5255928,10.83635,419.7718,300.7488,119.023,0,630.1252,3404.223,0,0,-7.993606e-15,4.263256e-14
naive,2026-01-07 21:00:00,276,21,27.18774,3158.842,485.5177,2.927245,61.80767,0,0,2211.189,2210.872,1337.52,532.2879,1869.808,4,479.7545,0,90.05318,800,500,0,324.9685,0.1624843,0.1259371,0.3172331,0,250,0.3172331,873.3524,66.86431,55.54504,5.763211,2.927245,0,420.4303,166.0571,254.3731,0,698.345,3793.401,0,0,1.24345e-13,4.263256e-14
naive,2026-01-07 21:15:00,277,21.25,27.23281,3173.813,412.0315,0,49.72829,0,0,2221.669,2221.352,570.7973,310.8296,881.6269,2,0,0,81.62693,800,0,410.7348,222.2337,0.1111168,0.2046279,0.3172331,0,250,0.3172331,1650.555,60.57841,55.49764,1.296738,0,0,422.8214,314.1286,108.6928,0,624.9583,3377.072,0,0,4.884981e-14,4.263256e-14
naive,2026-01-07 21:30:00,278,21.5,26.99161,3144.289,352.2869,0,45.40859,0,0,2201.003,2200.685,773.6727,368.2567,1141.929,3,269.0876,0,72.84188,800,0,88.79469,200,0.1,0.1399373,0.3172331,0,250,0.3172331,1427.013,54.19924,55.75132,0,0,0,416.7837,270.2203,146.5634,0,638.477,3448.903,0,-1.136868e-13,-6.938894e-15,4.263256e-14
naive,2026-01-07 21:45:00,279,21.75,26.759,3100.675,284.4364,0,43.92147,0,0,2170.473,2170.156,1194.206,489.5997,1683.806,4,307.4969,0,76.30863,800,500,0,324.9685,0.1624843,0.1259371,0.3172331,0,250,0.3172331,975.9497,56.92075,55.99597,0,0,0,409.0208,183.9155,225.1052,0,673.5152,3641.338,0,5.684342e-14,1.24345e-13,4.263256e-14
naive,2026-01-07 22:00:00,280,22,26.51449,3094.166,256.043,0,40.81409,0,0,2165.916,2165.599,556.3964,304.481,860.8774,2,0,0,60.8774,800,0,262.1815,259.372,0.129686,0.2046279,0.3172331,0,250,0.3172331,1609.202,45.52924,56.25313,0,0,0,406.1037,301.7213,104.3824,0,606.2023,3270.828,0,5.684342e-14,4.884981e-14,4.263256e-14
naive,2026-01-07 22:15:00,281,22.25,26.4415,3106.272,196.2115,0,42.24976,0,0,2174.39,2174.073,549.5473,301.4616,851.0089,2,0,0,51.00886,800,0,236.7886,200.134,0.100067,0.1633227,0.3172331,0,250,0.3172331,1624.526,38.1785,56.3299,0,0,4.07126,407.0798,304.1366,102.9432,0,606.3604,3271.611,0,0,-3.072542e-14,4.263256e-14
naive,2026-01-07 22:30:00,282,22.5,25.96374,3102.519,178.0679,5.086232,32.22345,0,0,2171.764,2171.446,687.1726,341.0717,1028.244,3,177.052,4.296197,46.89611,800,0,0.4100413,200,0.1,0.1260215,0.3172331,0,250,0.3172331,1484.274,35.27948,56.83237,0.6059289,0.7900345,0,402.6267,275.1719,127.4548,0,616.2435,3327.811,0,-1.705303e-13,2.775558e-17,4.263256e-14
naive,2026-01-07 22:45:00,283,22.75,25.77238,3061.291,168.618,7.025237,35.56148,1,0,2142.903,2142.586,1063.024,448.8826,1511.907,4,163.6303,8.505193,39.77136,800,500,0,324.9685,0.1624843,0.1259371,0.3172331,0,250,0.3172331,1079.562,29.98049,57.03364,4.987665,0,5.580991,395.732,199.3637,196.3683,649.277,0,1242.995,0,-1.136868e-13,1.24345e-13,4.263256e-14
naive,2026-01-07 23:00:00,284,23,25.68506,3014.314,158.5998,2.014889,23.29958,1,1,2110.02,2109.702,538.8352,296.7391,835.5743,2,0,0,35.57432,800,0,158.2737,285.3489,0.1426745,0.2046279,0.3172331,0,250,0.3172331,1570.867,26.84152,57.12548,3.806333,0,0,388.9693,289.5798,99.38947,586.319,0,1114.938,0,5.684342e-14,-9.325873e-14,4.263256e-14
naive,2026-01-07 23:15:00,285,23.25,25.33297,2995.001,135.6541,2.723891,23.75806,1,1,2096.501,2096.184,541.1053,297.74,838.8453,2,0,0,38.84529,800,0,130.8665,252.5874,0.1262937,0.17968,0.3172331,0,250,0.3172331,1555.078,29.41895,57.49579,4.787625,2.723891,0,383.7374,284.637,99.10041,582.377,0,1113.029,0,0,-4.435341e-14,4.263256e-14
naive,2026-01-07 23:30:00,286,23.5,25.28106,2978.74,115.0338,0,26.42114,1,1,2085.118,2084.801,538.0815,296.4069,834.4883,2,0,0,34.48834,800,0,109.6261,225.1411,0.1125706,0.1590506,0.3172331,0,250,0.3172331,1546.719,26.13359,57.55038,5.407679,0,0.2875512,381.2555,282.8115,98.44405,579.2709,0,1103.126,0,-5.684342e-14,4.460321e-14,4.263256e-14
naive,2026-01-07 23:45:00,287,23.75,25.10253,3004.673,107.1954,0.9068922,27.99651,1,1,2103.271,2102.954,535.4569,295.2499,830.7068,2,0,0,30.7068,800,0,99.31064,200.278,0.100139,0.1417681,0.3172331,0,250,0.3172331,1567.497,23.31198,57.73816,7.884764,0.9068922,4.684526,383.1986,285.585,97.61364,581.6883,0,1113.587,0,0,-1.432188e-14,4.263256e-14
naive,2026-01-08 00:00:00,288,0,24.78325,3010.942,105.0265,0,28.93313,1,1,2107.66,2107.342,605.393,315.4108,920.8039,2,89.69721,2.568115,28.53854,800,0,0.9858895,200,0.1,0.1261121,0.3172331,0,250,0.3172331,1501.949,21.73877,58.07395,14.34338,0,7.194355,37.93787,27.03509,10.90278,343.7483,0,646.9058,0,-5.684342e-14,-5.551115e-17,4.263256e-14
naive,2026-01-08 00:15:00,289,0.25,24.56521,3035.949,108.2446,0,27.12508,1,1,2125.164,2124.847,979.8691,422.0683,1401.937,3,80.87491,0.05749553,21.00492,800,500,0,324.9685,0.1624843,0.1259371,0.3172331,0,250,0.3172331,1144.978,16.0368,58.30327,27.36964,0,11.08828,38.25296,20.6096,17.64335,444.6765,0,870.9745,0,-5.684342e-14,1.24345e-13,4.263256e-14
naive,2026-01-08 00:30:00,290,0.5,24.12396,3031.584,102.5752,0,24.78239,1,1,2122.109,2121.791,526.1475,291.1458,817.2933,2,0,0,17.29334,800,0,96.05053,300.9047,0.1504524,0.2046279,0.3172331,0,250,0.3172331,1595.644,13.26414,58.76736,7.476391,0,11.51825,38.19795,28.72159,9.476366,321.9256,0,590.6346,0,5.684342e-14,-7.993606e-15,4.263256e-14
naive,2026-01-08 00:45:00,291,0.75,23.81581,3071.929,102.5073,4.777418,16.92963,1,1,2150.35,2150.033,523.0816,289.7942,812.8758,2,0,0,12.87584,800,0,100.1447,275.8212,0.1379106,0.1894753,0.3172331,0,250,0.3172331,1626.952,9.907617,59.09145,6.51819,0.6219089,7.022016,38.70631,29.28513,9.421179,320.3265,0,586.4919,0,-5.684342e-14,3.860801e-14,4.263256e-14
naive,2026-01-08 01:00:00,292,1,23.82484,3062.334,92.43812,0,18.04478,1,1,2143.634,2143.317,527.9844,291.9556,819.9399,2,0,0,19.93993,800,0,86.0363,254.2687,0.1271343,0.1736806,0.3172331,0,250,0.3172331,1615.333,15.34181,59.08195,11.52221,0,2.702975,38.58541,29.07599,9.509429,321.5117,0,596.4321,0,-5.684342e-14,3.208545e-14,4.263256e-14
naive,2026-01-08 01:15:00,293,1.25,23.48257,3068.074,80.49802,1.49453,16.64944,1,1,2147.652,2147.335,530.2304,292.9457,823.1761,2,0,0,23.17609,800,0,94.88666,230.507,0.1152535,0.1601093,0.3172331,0,250,0.3172331,1617.104,17.89518,59.44194,0,0.6429331,0,38.65773,29.10788,9.549857,322.0536,0,578.3441,0,5.684342e-14,-2.109424e-15,4.263256e-14
naive,2026-01-08 01:30:00,294,1.5,23.50491,3048.386,99.83508,0,18.59297,1,1,2133.87,2133.553,530.1506,292.9106,823.0612,2,0,0,23.0612,800,0,88.21275,208.4175,0.1042088,0.1451469,0.3172331,0,250,0.3172331,1603.402,17.80234,59.41844,13.15457,0,0.7906273,38.40966,28.86124,9.548421,321.9114,0,599.6687,0,0,4.171663e-14,4.263256e-14
naive,2026-01-08 01:45:00,295,1.75,23.28099,3053.995,103.5785,0,15.11222,1,1,2137.797,2137.48,570.0505,304.4955,874.546,2,50.47875,0,24.06728,800,0,33.53889,200,0.1,0.1312375,0.3172331,0,250,0.3172331,1567.429,18.62211,59.65395,19.56086,0,0,38.48034,28.21372,10.26662,332.7092,0,632.0503,0,0,-1.665335e-16,4.263256e-14
naive,2026-01-08 02:00:00,296,2,23.20574,3074.414,110.5842,1.148599,9.416403,1,1,2152.09,2151.773,999.3172,428.4243,1427.742,3,99.51669,0.7879687,27.43688,800,500,0,324.9685,0.1624843,0.1259371,0.3172331,0,250,0.3172331,1152.455,21.24586,59.73309,11.06749,0.3606307,0,38.73762,20.7442,17.99342,449.1685,0,850.8508,0,0,1.24345e-13,4.263256e-14
naive,2026-01-08 02:15:00,297,2.25,23.01436,3085.693,129.4085,4.569109,17.32876,1,1,2159.985,2159.668,530.7474,293.1737,823.9211,2,0,0,23.92106,800,0,93.59267,301.5192,0.1507596,0.2046279,0.3172331,0,250,0.3172331,1628.921,18.56,59.93438,38.86477,1.520191,0,38.87973,29.32057,9.559163,322.4942,0,647.2263,0,5.684342e-14,7.727152e-14,4.263256e-14
naive,2026-01-08 02:30:00,298,2.5,22.53597,3107.847,108.7765,3.829709,7.939753,1,1,2175.493,2175.175,531.9562,293.7066,825.6627,2,0,0,25.66273,800,0,81.7588,281.032,0.140516,0.1898622,0.3172331,0,250,0.3172331,1643.219,20.00954,60.43752,27.60949,3.237932,0,39.15887,29.57795,9.580921,323.2845,0,631.7886,0,0,7.960299e-14,4.263256e-14
naive,2026-01-08 02:45:00,299,2.75,22.2898,3079.075,96.50716,2.246964,8.303697,1,1,2155.352,2155.035,531.7271,293.6056,825.3327,2,0,0,25.33268,800,0,78.59512,261.339,0.1306695,0.1769617,0.3172331,0,250,0.3172331,1623.308,19.80209,60.69643,19.38131,0.7776873,0,38.79634,29.21955,9.576798,322.8251,0,612.141,0,-5.684342e-14,7.327472e-15,4.263256e-14
naive,2026-01-08 03:00:00,300,3,22.15536,3083.361,92.45795,2.668753,16.50568,1,1,2158.353,2158.036,537.7734,296.2711,834.0445,2,0,0,34.04454,800,0,82.436,240.6889,0.1203444,0.1645613,0.3172331,0,250,0.3172331,1620.262,26.6486,60.83782,13.38299,0,0,38.85035,29.16472,9.685632,325.4358,0,605.5147,0,-5.684342e-14,8.90954e-15,4.263256e-14
naive,2026-01-08 03:15:00,301,3.25,21.85835,3118.925,109.7894,12.16204,22.34948,1,1,2183.248,2182.93,537.9243,296.3376,834.2619,2,0,0,34.26194,800,0,90.89016,217.9284,0.1089642,0.1515582,0.3172331,0,250,0.3172331,1645.006,26.90019,61.1502,19.60066,11.46066,0,39.29846,29.61011,9.688348,325.9477,0,636.6822,0,-5.684342e-14,2.794986e-14,4.263256e-14
naive,2026-01-08 03:30:00,302,3.5,21.55072,3111.88,92.4538,5.721517,11.81307,1,1,2178.316,2177.998,546.8936,298.2153,845.1088,2,17.45482,0.6124739,27.04154,800,0,71.57651,200,0.1,0.1372263,0.3172331,0,250,0.3172331,1631.105,21.29776,61.47375,3.42247,5.109043,0,39.20968,29.35989,9.849794,327.5752,0,600.7092,0,5.684342e-14,2.081668e-15,4.263256e-14
naive,2026-01-08 03:45:00,303,3.75,21.48163,3096.844,96.64771,4.970969,16.07388,1,1,2167.791,2167.473,1007.989,431.0878,1439.077,3,109.2647,3.82723,25.98521,800,500,0,324.9685,0.1624843,0.1259371,0.3172331,0,250,0.3172331,1159.484,20.48016,61.54642,0,1.14374,0,39.02023,20.87071,18.14952,451.9585,0,836.6503,0,0,1.24345e-13,4.263256e-14
naive,2026-01-08 04:00:00,304,4,21.29337,3084.287,129.0818,7.177513,12.65875,1,1,2159.001,2158.684,527.3309,291.6675,818.9984,2,0,0,18.9984,800,0,139.2559,290.1034,0.1450517,0.2046279,0.3172331,0,250,0.3172331,1631.353,15.00214,61.74442,0,7.013061,0,38.86202,29.36435,9.497666,321.0319,0,584.6988,0,-5.684342e-14,2.04281e-14,4.263256e-14
naive,2026-01-08 04:15:00,305,4.25,20.98433,3068.121,129.7424,0.4388105,14.41916,1,1,2147.685,2147.368,526.7574,291.4147,818.1721,2,0,0,18.17212,800,0,149.7817,252.6123,0.1263061,0.1826739,0.3172331,0,250,0.3172331,1620.61,14.3946,62.06945,0,0,0.02456354,38.65833,29.17098,9.487344,320.5898,0,571.3515,0,-5.684342e-14,-5.662137e-15,4.263256e-14
naive,2026-01-08 04:30:00,306,4.5,20.82443,3073.332,178.8911,7.991584,17.10641,1,1,2151.332,2151.015,532.6968,293.4443,826.1411,2,4.949635,2.414316,18.77714,800,0,210.2901,200,0.1,0.1590663,0.3172331,0,250,0.3172331,1618.318,14.89787,62.23762,0,5.577268,2.20854,38.72398,29.12973,9.594253,322.9446,0,585.4927,0,0,-2.220446e-16,4.263256e-14
naive,2026-01-08 04:45:00,307,4.75,20.88124,3110.16,246.7848,0,20.49546,1,1,2177.112,2176.795,1113.498,460.6554,1574.154,4,251.7159,0,22.4377,800,500,0,324.9685,0.1624843,0.1259371,0.3172331,0,250,0.3172331,1063.297,17.79197,62.17787,0,0,2.703493,39.18802,19.13934,20.04868,480.2489,0,890.5477,0,5.684342e-14,1.24345e-13,4.263256e-14
naive,2026-01-08 05:00:00,308,5,20.77764,3117.852,302.3891,0,10.01447,1,1,2182.497,2182.179,531.4726,293.4933,824.9659,2,0,0,24.96591,800,0,285.8726,253.4492,0.1267246,0.2046279,0.3172331,0,250,0.3172331,1650.707,19.81741,62.28684,16.51649,0,0,39.28494,29.71272,9.572216,323.2061,0,604.8304,0,-5.684342e-14,-6.483702e-14,4.263256e-14
naive,2026-01-08 05:15:00,309,5.25,20.87299,3113.89,351.5484,0,7.582827,1,1,2179.723,2179.406,640.1365,324.3635,964.5,2,143.1937,0.8864075,20.41985,800,0,213.6372,200,0.1,0.1595932,0.3172331,0,250,0.3172331,1539.269,16.19327,62.18655,0,0,0,39.23502,27.70685,11.52817,352.0704,0,634.1809,0,0,-1.310063e-14,4.263256e-14
naive,2026-01-08 05:30:00,310,5.5,21.05856,3093.493,421.392,0,13.16575,1,1,2165.445,2165.128,1242.505,497.6853,1740.19,4,418.5195,3.599559,18.07135,800,500,0,324.9685,0.1624843,0.1259371,0.3172331,0,250,0.3172331,922.6228,14.30404,61.99138,2.872533,0,0,38.97801,16.60721,22.3708,514.2925,0,963.7998,0,-5.684342e-14,1.24345e-13,4.263256e-14
naive,2026-01-08 05:45:00,311,5.75,21.0619,3070.749,491.1716,0,16.96085,1,1,2149.525,2149.207,540.2628,295.2185,835.4813,2,18.07406,1.635566,15.77169,800,0,499.6694,200,0.1,0.2046279,0.3172331,0,250,0.3172331,1608.945,12.48336,61.98786,0,0,4.477487,38.69144,28.961,9.730441,324.9341,0,580.1319,0,0,-7.993606e-15,4.263256e-14
naive,2026-01-08 06:00:00,312,6,20.92918,3142.799,577.7183,0,24.35717,1,1,2199.959,2199.642,1370.154,533.6782,1903.832,4,589.008,2.837564,11.98693,800,500,0,324.9685,0.1624843,0.1259371,0.3172331,0,250,0.3172331,829.4875,9.500437,62.12745,0,0,14.85674,39.59926,14.93077,24.66849,551.1068,0,1032.32,0,0,1.24345e-13,4.263256e-14
naive,2026-01-08 06:15:00,313,6.25,20.79129,3131.638,670.3787,0,25.91646,1,1,2192.147,2191.83,662.8712,331.0548,993.926,2,171.1975,1.41688,21.31163,800,0,499.6694,200,0.1,0.2046279,0.3172331,0,250,0.3172331,1528.958,16.9144,62.27247,0,0,9.002068,39.45864,27.52125,11.93739,360.0857,0,650.115,0,-5.684342e-14,-7.993606e-15,4.263256e-14
naive,2026-01-08 06:30:00,314,6.5,20.83653,3139.531,744.0987,0,29.50835,1,1,2197.672,2197.354,1449.59,550.4101,2000,4,719.3913,0.9648741,17.1733,762.4705,500,0,324.9685,0.1624843,0.1259371,0.3172331,0,250,0.3172331,747.7644,13.62371,59.30581,24.70742,0,15.88464,39.55809,13.45976,26.09833,566.536,0,1108.973,0,2.273737e-13,1.24345e-13,4.263256e-14
naive,2026-01-08 06:45:00,315,6.75,21.01429,3134.05,745.957,0.5251863,32.34972,1,1,2193.835,2193.518,734.5532,350.8249,1085.378,3,270.6508,0,14.72736,800,0,499.6694,200,0.1,0.2046279,0.3172331,0,250,0.3172331,1458.965,11.66239,62.03794,0,0.5251863,20.68733,39.48904,26.26137,13.22767,380.5699,0,692.2531,0,5.684342e-14,-7.993606e-15,4.263256e-14
naive,2026-01-08 07:00:00,316,7,21.12501,3148.892,754.5326,0,33.12766,1,1,2204.225,2203.908,1460.346,539.6535,2000,4,796.841,0.3147011,25.31852,677.5258,500,0,324.9685,0.1624843,0.1259371,0.3172331,0,250,0.3172331,743.561,20.02695,52.44176,0,0,13.10071,39.67605,13.3841,26.29195,555.2482,0,1051.499,0,0,1.24345e-13,4.263256e-14
naive,2026-01-08 07:15:00,317,7.25,21.2853,3148.992,753.2412,0,24.5271,1,1,2204.294,2203.977,751.7403,356.5686,1108.309,3,286.0617,0.6077209,21.6394,800,0,499.6694,200,0.1,0.2046279,0.3172331,0,250,0.3172331,1452.237,17.08901,61.7529,0,0,7.438084,39.6773,26.14026,13.53704,383.9677,0,698.4633,0,1.705303e-13,-7.993606e-15,4.263256e-14
naive,2026-01-08 07:30:00,318,7.5,21.32927,3165.609,712.9339,3.604484,33.62502,1,1,2215.926,2215.609,1454.156,545.8438,2000,4,750.4431,0.3697472,25.71323,723.4739,500,0,324.9685,0.1624843,0.1259371,0.3172331,0,250,0.3172331,761.4529,20.29715,55.80395,0,3.234737,13.32787,39.88667,13.70615,26.18052,561.8075,0,1066.415,0,0,1.24345e-13,4.263256e-14
naive,2026-01-08 07:45:00,319,7.75,21.48386,3215.742,621.7418,0,34.20425,1,1,2251.019,2250.702,677.4744,336.1114,1013.586,3,182.8084,1.504193,29.27322,800,0,499.6694,200,0.1,0.2046279,0.3172331,0,250,0.3172331,1573.227,23.07108,61.54407,0,0,11.13318,40.51834,28.31809,12.20025,366.3207,0,663.4044,0,5.684342e-14,-7.993606e-15,4.263256e-14
naive,2026-01-08 08:00:00,320,8,21.55009,3204.741,563.3685,368.5414,31.26457,1,1,2243.319,2243.002,1455.442,544.5578,2000,4,618.376,366.2838,29.23376,486.1064,500,0,324.9685,0.1624843,0.1259371,0.3172331,0,250,0.3172331,787.5594,23.02449,37.35389,0,2.257589,8.240084,40.37974,14.17607,26.20367,560.1354,0,1082.142,0,0,1.24345e-13,4.263256e-14
naive,2026-01-08 08:15:00,321,8.25,21.64815,3231.065,497.5681,371.0936,31.07409,1,1,2261.746,2261.429,815.2908,415.4241,1230.715,3,26.81837,370.6188,33.27781,800,0,499.6694,200,0.1,0.2046279,0.3172331,0,250,0.3172331,1446.138,26.18347,61.37127,0,0.4748554,4.890618,40.71143,26.03048,14.68095,442.2879,0,816.3523,0,-1.136868e-13,-7.993606e-15,4.263256e-14
naive,2026-01-08 08:30:00,322,8.5,21.63253,3240.878,418.9605,373.1026,29.5935,1,1,2268.614,2268.297,1431.065,568.9353,2000,4,428.5386,375.7903,40.06937,655.6018,500,0,324.9685,0.1624843,0.1259371,0.3172331,0,250,0.3172331,837.2324,31.53218,50.30736,0,0,0,40.83506,15.07018,25.76487,584.0055,0,1111.415,0,-2.273737e-13,1.24345e-13,4.263256e-14
naive,2026-01-08 08:45:00,323,8.75,21.5937,3272.017,344.0343,381.8252,32.16103,1,1,2290.412,2290.095,702.711,368.9837,1071.695,3,0,229.4157,42.27895,800,0,499.6694,200,0.1,0.2046279,0.3172331,0,250,0.3172331,1587.384,33.28412,61.42855,0,5.498997,0,41.22741,28.5729,12.65451,397.5566,0,735.4918,0,0,-7.993606e-15,4.263256e-14
naive,2026-01-08 09:00:00,324,9,21.70957,3265.746,292.7745,378.9279,27.95383,1,1,2286.022,2285.705,1399.882,584.6198,1984.502,4,270.9484,375.6098,37.94401,800,500,0,324.9685,0.1624843,0.1259371,0.3172331,0,250,0.3172331,885.8227,29.83627,61.30668,21.82611,3.318109,0,41.1484,15.94481,25.20359,600.5646,0,1175.533,0,-2.273737e-13,1.24345e-13,4.263256e-14
naive,2026-01-08 09:15:00,325,9.25,21.75415,3291.475,214.8378,387.458,37.82406,1,1,2304.033,2303.715,607.4881,327.0047,934.4928,2,0,95.57717,38.91565,800,0,499.6694,200,0.1,0.2046279,0.3172331,0,250,0.3172331,1696.227,30.58641,61.2598,0.4543286,6.594874,7.237649,41.47259,30.53209,10.9405,358.7725,0,660.7877,0,-1.136868e-13,-7.993606e-15,4.263256e-14
naive,2026-01-08 09:30:00,326,9.5,21.82853,3281.16,171.9464,384.6253,37.42057,1,1,2296.812,2296.494,1334.794,567.8923,1902.687,4,170.3553,388.0777,44.25375,800,500,0,324.9685,0.1624843,0.1259371,0.3172331,0,250,0.3172331,961.6999,34.75564,61.18157,1.591036,0,2.664925,41.34261,17.3106,24.03201,585.6585,0,1105.232,0,-2.273737e-13,1.24345e-13,4.263256e-14
naive,2026-01-08 09:45:00,327,9.75,22.12407,3255.52,150.1862,389.5334,49.32324,1,1,2278.864,2278.547,597.7402,322.7074,920.4476,2,0,65.74379,54.70377,800,0,499.6694,200,0.1,0.2046279,0.3172331,0,250,0.3172331,1680.806,42.83346,60.87073,0,0,6.489789,41.01955,30.25452,10.76503,354.0777,0,639.6758,0,-5.684342e-14,-7.993606e-15,4.263256e-14
naive,2026-01-08 10:00:00,328,10,22.32369,3251.107,177.9454,398.9459,52.12113,1,1,2275.775,2275.458,1343.505,574.6338,1918.138,4,145.9634,403.5485,68.6265,800,500,0,324.9685,0.1624843,0.1259371,0.3172331,0,250,0.3172331,931.9531,53.62547,60.66078,31.98193,0,0,40.96395,16.77516,24.18879,591.409,0,1169.743,0,0,1.24345e-13,4.263256e-14
naive,2026-01-08 10:15:00,329,10.25,22.92193,3259.963,138.5321,399.245,64.53602,1,1,2281.974,2281.657,585.0025,317.092,902.0945,2,0,19.8882,82.20634,800,0,499.6694,200,0.1,0.2046279,0.3172331,0,250,0.3172331,1696.654,63.84346,60.03158,24.25711,0,0.692565,41.07553,30.53977,10.53576,347.7527,0,669.8133,0,0,-7.993606e-15,4.263256e-14
naive,2026-01-08 10:30:00,330,10.5,23.26083,3265.93,133.5354,403.4085,78.10004,1,1,2286.151,2285.834,1321.296,570.5637,1891.86,4,97.87674,397.5696,96.41374,800,500,0,324.9685,0.1624843,0.1259371,0.3172331,0,250,0.3172331,964.5373,74.61588,59.67515,35.65863,5.838845,3.484162,41.15072,17.36167,23.78905,588.5375,0,1181.524,0,0,1.24345e-13,4.263256e-14
naive,2026-01-08 10:45:00,331,10.75,23.39906,3293.548,144.4643,417.9076,84.97578,1,1,2305.483,2305.166,587.2596,318.087,905.3465,2,0,0,105.3465,800,0,489.9308,202.4347,0.1012173,0.2046279,0.3172331,0,250,0.3172331,1717.907,81.4126,59.52977,52.49394,19.94722,3.56318,41.4987,30.92232,10.57638,349.6371,0,757.2641,0,0,-7.993606e-15,4.263256e-14
naive,2026-01-08 11:00:00,332,11,23.72495,3353.923,138.993,417.6422,91.87635,1,1,2347.746,2347.429,931.1331,461.7096,1392.843,3,67.02913,401.85,123.9635,800,0,9.611204,200,0.1,0.1274701,0.3172331,0,250,0.3172331,1416.296,95.47677,59.18702,62.35269,15.79217,0,42.25943,25.49333,16.76611,487.2029,0,1042.62,0,-1.705303e-13,-3.330669e-16,4.263256e-14
naive,2026-01-08 11:15:00,333,11.25,23.99654,3349.065,137.1046,418.6749,100.137,1,1,2344.346,2344.028,1334.925,579.0117,1913.937,4,77.36545,404.3442,132.227,800,500,0,324.9685,0.1624843,0.1259371,0.3172331,0,250,0.3172331,1009.103,101.554,58.90137,59.73913,14.33068,0,42.19822,18.16386,24.03436,597.1756,0,1255.858,0,0,1.24345e-13,4.263256e-14
naive,2026-01-08 11:30:00,334,11.5,24.13293,3386.878,141.6878,421.7234,105.7866,1,1,2370.814,2370.497,612.9421,329.4091,942.3513,2,0,0,142.3513,800,0,477.596,205.5184,0.1027592,0.2046279,0.3172331,0,250,0.3172331,1757.555,109.1744,58.75793,70.41109,15.40422,0,42.67466,31.63599,11.03867,361.0451,0,804.019,0,5.684342e-14,-7.993606e-15,4.263256e-14
naive,2026-01-08 11:45:00,335,11.75,24.50318,3411.742,101.5276,423.735,114.9306,1,1,2388.22,2387.902,942.9102,468.6652,1411.575,3,52.20288,417.1904,142.1821,800,0,21.94405,200,0.1,0.1294119,0.3172331,0,250,0.3172331,1444.992,108.6235,58.36851,27.38063,6.544556,6.307091,42.98795,26.00986,16.97809,495.8106,0,984.4775,0,-1.705303e-13,-4.996004e-16,4.263256e-14
naive,2026-01-08 12:00:00,336,12,24.62621,3412.023,106.3983,422.4496,132.4314,1,1,2388.416,2388.099,1369.198,593.0002,1962.198,4,86.78703,421.517,153.894,800,500,0,324.9685,0.1624843,0.1259371,0.3172331,0,250,0.3172331,1018.901,117.4196,58.23912,19.61124,0.9325457,15.01181,42.9915,18.34022,24.65127,614.0496,0,1198.018,0,0,1.24345e-13,4.263256e-14
naive,2026-01-08 12:15:00,337,12.25,24.45205,3407.965,96.13857,420.4638,129.3313,1,1,2385.575,2385.258,634.4795,338.9039,973.3833,2,0,2.161704,171.2216,800,0,499.6694,200,0.1,0.2046279,0.3172331,0,250,0.3172331,1750.778,130.879,58.42229,17.85339,0,0,42.94035,31.51401,11.42634,370.4179,0,705.9077,0,-5.684342e-14,-7.993606e-15,4.263256e-14
naive,2026-01-08 12:30:00,338,12.5,24.78179,3439.516,117.5124,421.7404,136.189,1,1,2407.661,2407.344,1398.083,601.9172,2000,4,108.9966,422.433,184.4491,784.1213,500,0,324.9685,0.1624843,0.1259371,0.3172331,0,250,0.3172331,1009.261,140.5033,56.92278,8.515838,0,0,43.3379,18.1667,25.1712,620.0839,0,1190.819,0,-2.273737e-13,1.24345e-13,4.263256e-14
naive,2026-01-08 12:45:00,339,12.75,24.92258,3466.69,116.6617,423.1128,143.1826,1,1,2426.683,2426.366,654.6559,347.7986,1002.455,3,0,4.874778,197.5798,800,0,499.6694,200,0.1,0.2046279,0.3172331,0,250,0.3172331,1771.71,150.283,57.92741,28.3177,6.912635,0,43.68029,31.89078,11.78952,379.6894,0,754.9828,0,0,-7.993606e-15,4.263256e-14
naive,2026-01-08 13:00:00,340,13,25.33316,3468.167,113.6767,428.7676,156.1131,1,1,2427.717,2427.4,1394.591,605.4086,2000,4,75.19322,417.0144,210.0292,797.7632,500,0,324.9685,0.1624843,0.1259371,0.3172331,0,250,0.3172331,1032.809,159.0624,57.33484,38.48351,11.75321,0,444.364,189.043,255.321,794.4516,0,1611.06,0,-1.136868e-13,1.24345e-13,4.263256e-14
naive,2026-01-08 13:15:00,341,13.25,25.45741,3474.139,110.5929,425.9278,167.6655,1,1,2431.897,2431.58,675.0229,356.7774,1031.8,3,0,9.64404,222.1562,800,0,499.6694,200,0.1,0.2046279,0.3172331,0,250,0.3172331,1756.557,168.0258,57.36491,20.7801,6.42715,0,446.2454,322.3226,123.9228,679.1,0,1340.597,0,-1.136868e-13,-7.993606e-15,4.263256e-14
naive,2026-01-08 13:30:00,342,13.5,25.50718,3481.919,87.826,427.3012,173.1624,1,1,2437.343,2437.026,1399.504,600.4963,2000,4,103.775,418.5281,229.6382,748.0587,500,0,324.9685,0.1624843,0.1259371,0.3172331,0,250,0.3172331,1037.522,173.5933,53.59145,0,8.773103,0,447.6945,190.5735,257.121,791.0698,0,1536.983,0,-1.136868e-13,1.24345e-13,4.263256e-14
naive,2026-01-08 13:45:00,343,13.75,25.90662,3454.972,103.3943,433.5076,188.8944,1,1,2418.481,2418.163,705.9715,370.421,1076.392,3,0,29.14055,247.2519,800,0,499.6694,200,0.1,0.2046279,0.3172331,0,250,0.3172331,1712.192,186.1182,56.89245,0,21.04049,2.776274,447.8443,317.0566,130.7876,687.9918,0,1348.274,0,1.136868e-13,-7.993606e-15,4.263256e-14
naive,2026-01-08 14:00:00,344,14,25.95354,3467.41,78.08066,419.0002,187.7215,1,1,2427.187,2426.87,1400.291,599.7087,2000,4,104.8685,404.7901,255.8625,734.479,500,0,324.9685,0.1624843,0.1259371,0.3172331,0,250,0.3172331,1026.579,192.5037,52.18758,0,14.21016,0,449.8865,190.2794,259.607,789.9881,0,1545.778,0,0,1.24345e-13,4.263256e-14
naive,2026-01-08 14:15:00,345,14.25,26.15969,3480.69,81.28379,415.9949,196.5083,1,1,2436.483,2436.166,696.0574,366.0504,1062.108,3,0,0,262.1079,800,0,496.6677,200.7504,0.1003752,0.2046279,0.3172331,0,250,0.3172331,1740.108,196.7703,56.62629,0,9.312713,0,453.5156,323.8957,129.6199,689.9461,0,1332.252,0,0,-7.993606e-15,4.263256e-14
naive,2026-01-08 14:30:00,346,14.5,26.51753,3525.336,82.10219,413.0804,205.6041,1,1,2467.735,2467.418,1051.464,512.2158,1563.68,4,88.39496,410.7452,264.5399,800,0,2.875298,200,0.1,0.1264096,0.3172331,0,250,0.3172331,1415.954,197.8387,56.24993,0,2.335172,7.765368,462.7231,265.5043,197.2187,779.1763,0,1499.1,0,-2.273737e-13,1.387779e-16,4.263256e-14
naive,2026-01-08 14:45:00,347,14.75,26.68835,3483.765,103.2878,410.7966,204.8755,1,1,2438.635,2438.318,1400.132,599.8682,2000,4,98.18331,404.8997,270.0797,726.8373,500,0,324.9685,0.1624843,0.1259371,0.3172331,0,250,0.3172331,1038.186,201.6126,50.94246,5.104443,5.896902,3.262847,458.8833,195.3578,263.5255,795.84,0,1553.347,0,0,1.24345e-13,4.263256e-14
naive,2026-01-08 15:00:00,348,15,26.82231,3458.026,106.0132,416.1992,208.1093,1,1,2420.618,2420.301,717.2297,375.3842,1092.614,3,0,8.828867,283.785,800,0,499.6694,200,0.1,0.2046279,0.3172331,0,250,0.3172331,1703.071,211.5394,55.92938,0,14.41783,0,456.7595,321.3617,135.3978,696.7459,0,1355.442,0,0,-7.993606e-15,4.263256e-14
naive,2026-01-08 15:15:00,349,15.25,26.96835,3458.251,98.44204,410.2765,209.2224,1,1,2420.776,2420.459,1402.913,597.087,2000,4,115.0103,402.0546,283.2024,699.7327,500,0,324.9685,0.1624843,0.1259371,0.3172331,0,250,0.3172331,1017.546,210.7743,48.78517,0,8.221855,0,458.1782,192.59,265.5882,789.677,0,1538.653,0,-1.136868e-13,1.24345e-13,4.263256e-14
naive,2026-01-08 15:30:00,350,15.5,27.1975,3438.813,119.2722,407.6589,209.347,1,1,2407.169,2406.852,735.3394,383.3679,1118.707,3,0,30.93816,287.7691,800,0,499.6694,200,0.1,0.2046279,0.3172331,0,250,0.3172331,1671.513,213.6455,55.53478,0,6.436754,0,457.7869,317.8824,139.9046,701.2502,0,1351.127,0,0,-7.993606e-15,4.263256e-14
naive,2026-01-08 15:45:00,351,15.75,27.19808,3424.503,154.7461,412.1529,204.5233,1,1,2397.152,2396.835,1406.722,593.2775,2000,4,141.408,401.1881,289.4131,667.9907,500,0,324.9685,0.1624843,0.1259371,0.3172331,0,250,0.3172331,990.1126,214.8647,46.37038,13.33805,10.96476,0,455.8875,188.2984,267.5891,781.5759,0,1552.907,0,0,1.24345e-13,4.263256e-14
naive,2026-01-08 16:00:00,352,16,27.37111,3419.865,147.5446,394.9467,209.8508,1,1,2393.905,2393.588,737.4939,384.3177,1121.812,3,0,36.35338,285.4581,800,0,499.6694,200,0.1,0.2046279,0.3172331,0,250,0.3172331,1656.094,211.5334,55.35219,9.193624,0,0,456.9238,316.0981,140.8257,700.4158,0,1354.419,0,0,-7.993606e-15,4.263256e-14
naive,2026-01-08 16:15:00,353,16.25,27.52474,3405.141,187.1422,386.7818,204.3388,1,1,2383.599,2383.282,1407.198,592.8022,2000,4,155.7543,389.8352,272.6099,681.8006,500,0,324.9685,0.1624843,0.1259371,0.3172331,0,250,0.3172331,976.0839,201.6774,47.03623,31.38796,0,2.661476,456.4289,186.9077,269.5212,780.2195,0,1561.668,0,0,1.24345e-13,4.263256e-14
naive,2026-01-08 16:30:00,354,16.5,27.89132,3396.131,197.7031,380.6971,209.7293,1,1,2377.292,2376.975,756.2262,392.5758,1148.802,3,0,80.94236,267.8596,800,0,499.6694,200,0.1,0.2046279,0.3172331,0,250,0.3172331,1620.748,197.3776,54.80505,6.994451,0,12.35175,458.7635,312.7678,145.9958,707.7272,0,1365.864,0,-5.684342e-14,-7.993606e-15,4.263256e-14
naive,2026-01-08 16:45:00,355,16.75,27.89192,3396.886,226.4325,381.2842,207.5954,1,1,2377.82,2377.503,1416.418,583.5825,2000,4,225.5078,390.2519,269.8318,614.4085,500,0,324.9685,0.1624843,0.1259371,0.3172331,0,250,0.3172331,961.0855,198.8295,42.09038,0.9246959,0,8.765938,458.8714,185.4701,273.4012,770.7442,0,1495.732,0,0,1.24345e-13,4.263256e-14
naive,2026-01-08 17:00:00,356,17,27.80341,3342.79,264.349,382.8072,200.2335,1,1,2339.953,2339.636,795.9649,410.0946,1206.059,3,0,149.7981,256.2614,800,0,499.6694,200,0.1,0.2046279,0.3172331,0,250,0.3172331,1543.671,189.0114,54.89751,0,0,11.22216,450.717,297.3387,153.3782,709.5949,0,1357.43,0,-1.136868e-13,-7.993606e-15,4.263256e-14
naive,2026-01-08 17:15:00,357,17.25,27.9165,3349.596,298.1924,375.4127,194.8389,1,1,2344.717,2344.4,1424.955,575.045,2000,4,303.8555,376.8652,245.1584,574.1209,500,0,324.9685,0.1624843,0.1259371,0.3172331,0,250,0.3172331,919.445,180.6004,39.3119,0,0,14.23854,452.7194,177.527,275.1924,755.3212,0,1466.416,0,-2.273737e-13,1.24345e-13,4.263256e-14
naive,2026-01-08 17:30:00,358,17.5,27.86601,3281.849,381.0262,380.4712,176.6234,1,1,2297.294,2296.977,842.408,430.569,1272.977,3,0,236.2804,236.6966,800,0,499.6694,200,0.1,0.2046279,0.3172331,0,250,0.3172331,1454.569,174.4625,54.83168,20.60026,4.947324,2.16096,443.0877,280.5482,162.5396,711.5339,0,1405.452,0,0,-7.993606e-15,4.263256e-14
naive,2026-01-08 17:45:00,359,17.75,27.89061,3321.476,448.0091,383.5317,169.2375,1,1,2325.033,2324.716,1437.477,562.5233,2000,4,406.6144,375.394,222.4984,495.4932,500,0,324.9685,0.1624843,0.1259371,0.3172331,0,250,0.3172331,887.239,163.9535,33.94488,41.39474,8.137683,5.283954,448.672,171.2145,277.4575,734.7574,0,1516.77,0,2.273737e-13,1.24345e-13,4.263256e-14
naive,2026-01-08 18:00:00,360,18,27.87942,3330.31,512.4539,2.51451,163.4091,1,1,2331.217,2330.9,664.1688,351.9924,1016.161,3,0,0,216.1612,800,0,463.2438,209.1064,0.1045532,0.2046279,0.3172331,0,250,0.3172331,1666.731,159.3031,54.81757,53.23675,0,4.105933,449.7586,321.5602,128.1984,674.3447,0,1378.853,0,0,-6.483702e-14,4.263256e-14
naive,2026-01-08 18:15:00,361,18.25,27.98786,3295.892,546.917,0,158.3362,1,1,2307.125,2306.807,1043.203,460.1888,1503.392,4,495.1321,4.511909,203.7477,800,0,36.29393,200,0.1,0.1316712,0.3172331,0,250,0.3172331,1263.604,149.9781,54.70352,15.49091,0,8.358141,446.1371,244.3478,201.7893,706.1529,0,1377.486,0,0,-2.88658e-15,4.263256e-14
naive,2026-01-08 18:30:00,362,18.5,27.84214,3305.012,614.3441,0,151.7833,1,1,2313.508,2313.191,1442.154,557.8458,2000,4,595.5693,3.142798,193.0936,708.1943,500,0,324.9685,0.1624843,0.1259371,0.3172331,0,250,0.3172331,871.0368,142.3607,48.56158,18.77478,0,9.42261,445.9891,167.9151,278.074,727.5773,0,1432.909,0,0,1.24345e-13,4.263256e-14
naive,2026-01-08 18:45:00,363,18.75,27.75674,3280.178,648.3102,0,142.3052,1,1,2296.125,2295.808,747.6701,372.1442,1119.814,3,140.0455,1.929494,177.8393,800,0,499.6694,200,0.1,0.2046279,0.3172331,0,250,0.3172331,1548.138,131.2358,54.9466,8.595205,0,11.06936,441.8379,297.9044,143.9334,672.1787,0,1297.369,0,-1.705303e-13,-7.993606e-15,4.263256e-14
naive,2026-01-08 19:00:00,364,19,27.33765,3271.419,708.3526,0,126.3099,0,0,2289.993,2289.676,1449.616,550.3839,2000,4,662.8829,2.698176,163.3083,671.1106,500,0,324.9685,0.1624843,0.1259371,0.3172331,0,250,0.3172331,840.0601,121.0603,46.46382,45.46969,0,5.249584,436.7834,160.2294,276.554,0,711.6146,3940.043,0,2.273737e-13,1.24345e-13,4.263256e-14
naive,2026-01-08 19:15:00,365,19.25,27.12585,3269.289,702.3782,2.899199,111.7432,0,0,2288.502,2288.185,769.7558,376.6461,1146.402,3,184.0479,3.266607,159.0874,800,0,499.6694,200,0.1,0.2046279,0.3172331,0,250,0.3172331,1518.429,118.2008,55.61014,18.66083,0,0,434.5678,288.3373,146.2306,0,664.9834,3627.037,0,-1.136868e-13,-7.993606e-15,4.263256e-14
naive,2026-01-08 19:30:00,366,19.5,27.21781,3254.607,725.7051,7.398465,100.4981,0,0,2278.225,2277.908,1452.788,547.212,2000,4,692.8098,3.822946,145.9085,657.4588,500,0,324.9685,0.1624843,0.1259371,0.3172331,0,250,0.3172331,825.1197,108.3017,45.62223,32.89532,3.575519,0,433.4488,156.985,276.4638,0,704.197,3884.671,0,0,1.24345e-13,4.263256e-14
naive,2026-01-08 19:45:00,367,19.75,27.00546,3231.59,695.1003,4.867295,91.9692,0,0,2262.113,2261.796,761.5623,370.8107,1132.373,3,202.7381,0,129.6349,800,0,499.6694,200,0.1,0.2046279,0.3172331,0,250,0.3172331,1500.234,96.44274,55.73675,0,4.867295,0,428.4793,284.1675,144.3118,0,654.9782,3548.072,0,-1.705303e-13,-7.993606e-15,4.263256e-14
naive,2026-01-08 20:00:00,368,20,26.77943,3225.877,656.7873,0,82.53649,0,0,2258.114,2257.797,1450.306,549.6944,2000,4,683.8814,0.2049604,124.4686,691.445,500,0,324.9685,0.1624843,0.1259371,0.3172331,0,250,0.3172331,807.4912,92.82426,48.37909,0,0,0,425.7169,152.2344,273.4825,0,701.9288,3806.182,0,2.273737e-13,1.24345e-13,4.263256e-14
naive,2026-01-08 20:15:00,369,20.25,26.47577,3198.906,633.413,0,80.82847,0,0,2239.234,2238.917,699.2185,351.2396,1050.458,3,136.2185,0,114.2395,800,0,499.6694,200,0.1,0.2046279,0.3172331,0,250,0.3172331,1539.699,85.47329,56.29385,0,0,0,419.5157,288.4592,131.0565,0,639.6988,3455.013,0,1.136868e-13,-7.993606e-15,4.263256e-14
naive,2026-01-08 20:30:00,370,20.5,26.39692,3170.515,603.8029,0,70.67828,0,0,2219.36,2219.043,1436.504,562.8065,1999.31,4,590.0314,0.6203269,108.6586,800,500,0,324.9685,0.1624843,0.1259371,0.3172331,0,250,0.3172331,782.5393,81.36624,56.37679,13.77152,0,0,415.1178,146.3692,268.7486,0,709.1757,3860.798,0,0,1.24345e-13,4.263256e-14
naive,2026-01-08 20:45:00,371,20.75,26.25406,3131.689,564.4042,0,59.81241,0,0,2192.182,2191.865,626.1304,328.7678,954.8982,2,54.26586,0.3142131,100.3181,800,0,499.6694,200,0.1,0.2046279,0.3172331,0,250,0.3172331,1565.734,75.23534,56.52703,10.46887,0,0,408.8326,292.0028,116.8298,0,620.7706,3368.704,0,-5.684342e-14,-7.993606e-15,4.263256e-14
naive,2026-01-08 21:00:00,372,21,25.92353,3077.573,493.7267,0,51.27375,0,0,2154.301,2153.984,1338.585,532.3387,1870.924,4,483.2772,1.749983,85.89695,800,500,0,324.9685,0.1624843,0.1259371,0.3172331,0,250,0.3172331,815.3984,64.64706,56.87467,10.4495,0,0,399.062,151.0441,248.0179,0,683.3828,3712.647,0,0,1.24345e-13,4.263256e-14
naive,2026-01-08 21:15:00,373,21.25,25.82723,3116.103,423.1482,0,58.6419,0,0,2181.272,2180.955,564.7233,308.1519,872.8751,2,0,0,72.87515,800,0,411.5789,222.0226,0.1110113,0.2046279,0.3172331,0,250,0.3172331,1616.231,54.90283,56.97595,11.5693,0,3.739063,403.2668,298.8039,104.4629,0,607.647,3297.918,0,0,-7.993606e-15,4.263256e-14
naive,2026-01-08 21:30:00,374,21.5,25.66831,3125.568,378.9324,2.097878,52.77311,0,0,2187.897,2187.58,766.8029,365.5329,1132.336,3,266.5253,0,65.81048,800,0,87.95072,200,0.1,0.1398044,0.3172331,0,250,0.3172331,1420.777,49.66411,57.14309,24.45638,2.097878,3.108995,403.1886,261.8227,141.3659,0,627.9286,3435.127,0,0,2.720046e-15,4.263256e-14
naive,2026-01-08 21:45:00,375,21.75,25.56557,3078.038,304.7835,1.037199,41.78164,0,0,2154.627,2154.309,1176.286,483.3313,1659.617,4,293.7813,0,65.83572,800,500,0,324.9685,0.1624843,0.1259371,0.3172331,0,250,0.3172331,978.0236,49.73727,57.25115,11.00222,1.037199,0,396.2322,179.8569,216.3753,0,663.1882,3603.895,0,1.705303e-13,1.24345e-13,4.263256e-14
naive,2026-01-08 22:00:00,376,22,25.2733,3082.977,243.3032,3.986282,44.97921,0,0,2158.084,2157.767,553.8062,303.3391,857.1453,2,0,0,57.14526,800,0,258.575,260.2736,0.1301368,0.2046279,0.3172331,0,250,0.3172331,1603.961,43.30545,57.55855,0,3.552633,1.673756,394.5354,293.232,101.3034,0,596.8771,3224.199,0,0,-6.483702e-14,4.263256e-14
naive,2026-01-08 22:15:00,377,22.25,25.28588,3081.17,216.8233,6.5444,39.70896,0,0,2156.819,2156.502,551.7837,302.4475,854.2312,2,0,0,54.23117,800,0,212.529,207.1004,0.1035502,0.1638905,0.3172331,0,250,0.3172331,1604.718,41.09166,57.54532,6.217494,4.621235,0,394.4039,293.4447,100.9592,0,595.8922,3231.365,0,-5.684342e-14,3.935741e-14,4.263256e-14
naive,2026-01-08 22:30:00,378,22.5,25.11758,3019.441,192.211,9.160514,37.08453,0,0,2113.609,2113.292,664.4518,334.3313,998.7831,2,149.5124,4.796711,44.47399,800,0,28.2711,200,0.1,0.1304081,0.3172331,0,250,0.3172331,1448.84,33.7584,57.72233,14.42746,4.363803,3.326126,385.1983,264.0463,121.152,0,598.9838,3261.888,0,5.684342e-14,1.249001e-15,4.263256e-14
naive,2026-01-08 22:45:00,379,22.75,24.87615,3002.83,166.3601,9.279051,30.50727,0,0,2101.981,2101.664,1067.853,450.6475,1518.501,4,166.6896,7.628085,44.18296,800,500,0,324.9685,0.1624843,0.1259371,0.3172331,0,250,0.3172331,1033.811,33.62283,57.97624,0,1.650966,0,37.83566,18.60859,19.22707,0,469.2561,2518.533,0,0,1.24345e-13,4.263256e-14
naive,2026-01-08 23:00:00,380,23,24.57983,3006.687,163.1652,0,31.26611,1,1,2104.681,2104.364,536.9313,295.8998,832.8311,2,0,0,32.83112,800,0,159.547,285.0306,0.1425153,0.2046279,0.3172331,0,250,0.3172331,1567.433,25.06201,58.2879,6.206893,0,6.204095,37.88426,28.21379,9.670474,325.2322,0,595.5975,0,-5.684342e-14,7.727152e-14,4.263256e-14
naive,2026-01-08 23:15:00,381,23.25,24.31823,3053.94,118.1496,0.5560089,32.01947,1,1,2137.758,2137.441,538.0105,296.3756,834.3861,2,0,0,34.38613,800,0,135.2006,251.1856,0.1255928,0.1794796,0.3172331,0,250,0.3172331,1599.43,26.32101,58.56304,0,0,5.698456,38.47964,28.78974,9.6899,326.1875,0,586.4916,0,0,1.237899e-14,4.263256e-14
naive,2026-01-08 23:30:00,382,23.5,24.19962,3075.829,116.8784,0,25.60787,1,1,2153.081,2152.763,538.2479,296.4803,834.7282,2,0,0,34.72816,800,0,112.7706,222.9534,0.1114767,0.1581679,0.3172331,0,250,0.3172331,1614.515,26.61577,58.68778,4.107863,0,0,38.75545,29.06128,9.694172,325.5415,0,592.1454,0,0,2.425837e-14,4.263256e-14
naive,2026-01-08 23:45:00,383,23.75,23.93275,3096.846,140.9723,0,24.25982,1,1,2167.792,2167.475,547.897,299.2799,847.1768,2,12.22394,0.5421638,34.41073,800,0,91.67322,200,0.1,0.1403905,0.3172331,0,250,0.3172331,1619.578,26.44596,58.96846,37.07515,0,0,39.02026,29.1524,9.867855,328.4323,0,654.4797,0,5.684342e-14,-5.578871e-15,4.263256e-14
naive,2026-01-09 00:00:00,384,0,23.84255,3090.067,120.1909,0,16.91739,1,1,2163.047,2162.73,1003.302,430.2868,1433.589,3,98.62978,1.107153,33.8523,800,500,0,324.9685,0.1624843,0.1259371,0.3172331,0,250,0.3172331,1159.427,26.04121,59.06333,21.56114,0,0,38.93484,20.86969,18.06515,451.1564,0,873.0596,0,1.705303e-13,1.24345e-13,4.263256e-14
naive,2026-01-09 00:15:00,385,0.25,23.68757,3101.042,93.50094,0,23.9185,1,1,2170.729,2170.412,534.3603,294.7664,829.1266,2,0,0,29.12664,800,0,96.38529,300.821,0.1504105,0.2046279,0.3172331,0,250,0.3172331,1636.052,22.44206,59.22632,0,0,1.476442,39.07313,29.44893,9.624195,324.4769,0,582.3242,0,5.684342e-14,4.884981e-14,4.263256e-14
naive,2026-01-09 00:30:00,386,0.5,23.63401,3056.082,111.4217,0,18.29346,1,1,2139.257,2138.94,531.9619,293.7091,825.671,2,0,0,25.67098,800,0,99.81643,275.8196,0.1379098,0.1894226,0.3172331,0,250,0.3172331,1606.978,19.79047,59.28266,11.99797,0,0,38.50663,28.92561,9.581024,322.6347,0,599.2729,0,5.684342e-14,1.056655e-13,4.263256e-14
naive,2026-01-09 00:45:00,387,0.75,23.51258,3063.878,114.2187,0,14.44136,1,1,2144.714,2144.397,526.6312,291.359,817.9903,2,0,0,17.99025,800,0,104.0779,249.7567,0.1248783,0.1736795,0.3172331,0,250,0.3172331,1617.766,13.88666,59.41038,14.59549,0,0.5546976,38.60486,29.11979,9.485072,320.5768,0,599.4941,0,0,1.434963e-14,4.263256e-14
naive,2026-01-09 01:00:00,388,1,23.28048,3072.674,125.8991,0,10.83009,1,1,2150.872,2150.555,529.3245,292.5464,821.8709,2,0,0,21.87089,800,0,89.52384,227.3364,0.1136682,0.1572681,0.3172331,0,250,0.3172331,1621.23,16.92273,59.65449,38.53266,0,0,38.7157,29.18215,9.533551,321.7285,0,642.8146,0,0,4.243828e-14,4.263256e-14
naive,2026-01-09 01:15:00,389,1.25,22.81435,3030.514,126.8181,0,7.211614,1,1,2121.36,2121.042,529.5711,292.6551,822.2263,2,0,0,22.22626,800,0,87.50399,205.4246,0.1027123,0.1431504,0.3172331,0,250,0.3172331,1591.471,17.28059,60.14474,40.49811,0,0,38.18447,28.64648,9.537991,321.3016,0,644.7996,0,-5.684342e-14,4.321543e-14,4.263256e-14
naive,2026-01-09 01:30:00,390,1.5,22.64573,3033.919,110.8024,0,10.39694,1,1,2123.743,2123.426,587.341,309.4906,896.8316,2,72.56488,0.6055214,23.66119,800,0,21.5691,200,0.1,0.1293529,0.3172331,0,250,0.3172331,1536.085,18.42814,60.32207,16.66837,0,0,38.22738,27.64953,10.57785,337.1402,0,635.1709,0,5.684342e-14,1.387779e-15,4.263256e-14
naive,2026-01-09 01:45:00,391,1.75,22.54788,3067.776,103.096,0,9.26279,1,1,2147.443,2147.126,991.1744,425.3708,1416.545,3,95.00942,0,21.53578,800,500,0,324.9685,0.1624843,0.1259371,0.3172331,0,250,0.3172331,1155.951,16.78966,60.42499,8.086545,0,0,38.65397,20.80712,17.84685,446.1779,0,838.327,0,-5.684342e-14,1.24345e-13,4.263256e-14
naive,2026-01-09 02:00:00,392,2,22.3755,3104.707,83.86618,2.224426,13.95106,1,1,2173.295,2172.977,527.1633,291.5936,818.757,2,0,0,18.75697,800,0,106.7336,298.2339,0.149117,0.2046279,0.3172331,0,250,0.3172331,1645.814,14.64912,60.60629,0,1.261762,0,39.11931,29.62465,9.49465,321.2183,0,576.431,0,0,-6.483702e-14,4.263256e-14
naive,2026-01-09 02:15:00,393,2.25,22.2632,3124.479,125.6806,0,16.72486,1,1,2187.135,2186.818,530.1057,292.8908,822.9965,2,0,0,22.99647,800,0,116.3515,269.0991,0.1345496,0.1877935,0.3172331,0,250,0.3172331,1656.712,17.98081,60.7244,13.20204,0,0,39.36843,29.82082,9.547613,322.7116,0,599.8818,0,5.684342e-14,1.934564e-14,4.263256e-14
naive,2026-01-09 02:30:00,394,2.5,22.02616,3088.724,103.9482,0,21.36811,1,1,2162.107,2161.79,525.8432,291.0117,816.8549,2,0,0,16.85492,800,0,99.03267,244.2986,0.1221493,0.1694478,0.3172331,0,250,0.3172331,1635.947,13.21073,60.9737,7.320917,0,8.15738,38.91793,29.44704,9.470889,321.8586,0,587.7504,0,0,-1.515454e-14,4.263256e-14
naive,2026-01-09 02:45:00,395,2.75,21.81262,3075.882,97.85806,7.648193,25.68232,1,1,2153.117,2152.8,525.9704,291.0677,817.0381,2,0,0,17.03807,800,0,89.95614,221.7711,0.1108856,0.1538312,0.3172331,0,250,0.3172331,1626.83,13.38338,61.1983,9.77718,5.772931,12.29894,38.75611,29.28294,9.473177,322.4528,0,602.8815,0,-5.684342e-14,5.576095e-14,4.263256e-14
naive,2026-01-09 03:00:00,396,3,21.53815,3055.863,90.00884,0,19.11758,1,1,2139.104,2138.787,534.5506,294.8503,829.4009,2,0,2.616838,26.78409,800,0,86.9448,200,0.1,0.139646,0.3172331,0,250,0.3172331,1604.236,21.09769,61.48697,3.358976,0,0,38.50387,28.87625,9.627621,323.7266,0,584.0745,0,5.684342e-14,5.245804e-15,4.263256e-14
naive,2026-01-09 03:15:00,397,3.25,21.57707,3083.618,102.9574,4.945592,18.39644,1,1,2158.533,2158.216,1007.478,431.8395,1439.317,3,101.0509,7.18363,31.08283,800,500,0,324.9685,0.1624843,0.1259371,0.3172331,0,250,0.3172331,1150.738,24.47411,61.44604,1.906574,0,0,38.85359,20.71328,18.14031,452.5527,0,839.2675,0,1.705303e-13,1.24345e-13,4.263256e-14
naive,2026-01-09 03:30:00,398,3.5,21.46941,3055.754,129.7642,7.362283,13.15012,1,1,2139.028,2138.71,528.19,292.0462,820.2362,2,0,0,20.23617,800,0,94.32976,301.3349,0.1506675,0.2046279,0.3172331,0,250,0.3172331,1610.52,15.95105,61.55927,38.92059,3.876081,0,38.5025,28.98937,9.513129,321.0356,0,646.6413,0,0,1.056932e-13,4.263256e-14
naive,2026-01-09 03:45:00,399,3.75,21.28991,3029.482,126.1009,6.577044,12.35737,1,1,2120.638,2120.32,530.0337,292.859,822.8927,2,0,0,22.89269,800,0,106.7039,274.6115,0.1373058,0.1897462,0.3172331,0,250,0.3172331,1590.287,18.07792,61.74806,23.85752,2.11652,0,38.17148,28.62516,9.546316,321.4842,0,618.307,0,0,3.003153e-14,4.263256e-14
naive,2026-01-09 04:00:00,400,4,21.01581,2995.539,145.739,9.553801,15.46021,1,1,2096.877,2096.56,526.2016,291.1696,817.3712,2,0,0,17.37122,800,0,137.5812,240.173,0.1200865,0.1729188,0.3172331,0,250,0.3172331,1570.359,13.75581,62.03634,12.29316,5.418431,1.704404,37.74379,28.26645,9.477339,319.7231,0,600.2078,0,5.684342e-14,-2.403633e-14,4.263256e-14
naive,2026-01-09 04:15:00,401,4.25,20.91146,3014.292,175.5594,9.526952,16.80579,1,1,2110.004,2109.687,526.8476,291.4544,818.3021,2,0,0,18.30206,800,0,138.6139,205.4817,0.1027409,0.1512334,0.3172331,0,250,0.3172331,1582.839,14.5082,62.14609,38.9217,7.550714,2.29759,37.98008,28.49111,9.488967,320.3317,0,650.914,0,0,3.608225e-16,4.263256e-14
naive,2026-01-09 04:30:00,402,4.5,21.02913,3036.547,233.6761,5.408316,13.41821,1,1,2125.583,2125.266,666.3766,332.4131,998.7897,2,172.7704,5.562308,20.457,800,0,21.79742,200,0.1,0.1293888,0.3172331,0,250,0.3172331,1458.889,16.19718,62.02233,39.10834,0,0,38.2605,26.26001,12.00049,358.6731,0,715.033,0,5.684342e-14,8.326673e-17,4.263256e-14
naive,2026-01-09 04:45:00,403,4.75,21.03103,3030.476,259.9578,7.141433,16.0755,1,1,2121.333,2121.016,1112.795,460.6709,1573.466,4,248.9814,0,24.4847,800,500,0,324.9685,0.1624843,0.1259371,0.3172331,0,250,0.3172331,1008.221,19.3858,62.02033,10.97644,7.141433,0,38.184,18.14798,20.03602,478.8188,0,919.1181,0,5.684342e-14,1.24345e-13,4.263256e-14
naive,2026-01-09 05:00:00,404,5,20.89258,3023.435,310.4486,17.20167,15.85909,1,1,2116.404,2116.087,526.6668,291.3747,818.0415,2,0,0,18.04151,800,0,295.2597,251.1024,0.1255512,0.2046279,0.3172331,0,250,0.3172331,1589.42,14.30438,62.16595,15.1889,17.20167,1.554708,38.09528,28.60957,9.485712,320.2455,0,626.4281,0,0,-6.483702e-14,4.263256e-14
naive,2026-01-09 05:15:00,405,5.25,21.05052,3033.644,394.0483,12.13831,18.6802,1,1,2123.551,2123.234,640.544,323.7798,964.3239,2,149.611,0.3502985,14.36253,800,0,204.2516,200,0.1,0.1581155,0.3172331,0,250,0.3172331,1482.69,11.36932,61.99983,40.18562,11.78801,7.310885,38.22392,26.68841,11.5355,351.7002,0,723.3051,0,0,-8.243406e-15,4.263256e-14
naive,2026-01-09 05:30:00,406,5.5,21.22059,3081.412,437.5963,12.99828,7.52423,1,1,2156.988,2156.671,1241.799,497.1887,1738.987,4,420.0755,1.495928,17.41589,800,500,0,324.9685,0.1624843,0.1259371,0.3172331,0,250,0.3172331,914.8725,13.76265,61.82096,17.52076,11.50235,0,38.82579,16.4677,22.35809,513.6564,0,1007.829,0,5.684342e-14,1.24345e-13,4.263256e-14
naive,2026-01-09 05:45:00,407,5.75,21.34477,3055.759,517.4257,18.03925,6.321557,1,1,2139.031,2138.714,530.1379,292.5565,822.6944,2,2.929365,0.6463576,19.11864,800,0,499.6694,200,0.1,0.2046279,0.3172331,0,250,0.3172331,1608.576,15.08923,61.69035,14.82695,17.39289,0,38.50256,28.95437,9.548192,321.5109,0,629.1993,0,-5.684342e-14,-7.993606e-15,4.263256e-14
naive,2026-01-09 06:00:00,408,6,21.45721,3069.564,599.2832,7.212534,14.4854,1,1,2148.695,2148.377,1371.372,534.9838,1906.355,4,582.5431,1.158985,22.65335,800,500,0,324.9685,0.1624843,0.1259371,0.3172331,0,250,0.3172331,777.0058,17.8586,61.5721,16.74018,6.053549,0,38.6765,13.9861,24.6904,548.9699,0,1067.99,0,2.273737e-13,1.24345e-13,4.263256e-14
naive,2026-01-09 06:15:00,409,6.25,21.63084,3089.282,656.5646,4.639106,9.06655,1,1,2162.497,2162.18,666.4925,332.6884,999.1809,2,170.8852,0.5599355,27.73581,800,0,499.6694,200,0.1,0.2046279,0.3172331,0,250,0.3172331,1495.688,21.82678,61.38948,0,4.079171,0,38.92495,26.92238,12.00257,359.6108,0,657.195,0,-5.684342e-14,-7.993606e-15,4.263256e-14
naive,2026-01-09 06:30:00,410,6.5,21.73752,3111.766,717.7341,0,10.63482,1,1,2178.237,2177.919,1452.002,547.9976,2000,4,733.2975,0.3947383,28.45815,737.8496,500,0,324.9685,0.1624843,0.1259371,0.3172331,0,250,0.3172331,725.9169,22.37095,56.51677,0,0,0,39.20826,13.0665,26.14175,561.0641,0,1058.547,0,2.273737e-13,1.24345e-13,4.263256e-14
naive,2026-01-09 06:45:00,411,6.75,21.88798,3154.255,763.6021,0,13.06529,1,1,2207.979,2207.661,734.2558,352.3373,1086.593,3,256.8347,0.297786,29.46061,800,0,499.6694,200,0.1,0.2046279,0.3172331,0,250,0.3172331,1473.406,23.12352,61.11904,7.09801,0,0,39.74361,26.5213,13.22231,378.8586,0,701.2024,0,-1.136868e-13,-7.993606e-15,4.263256e-14
naive,2026-01-09 07:00:00,412,7,21.84922,3180.744,795.0007,0,12.69244,1,1,2226.521,2226.204,1457.615,542.3852,2000,4,772.9442,0.1243664,34.63003,692.3014,500,0,324.9685,0.1624843,0.1259371,0.3172331,0,250,0.3172331,768.589,27.19171,52.92627,22.05649,0,0,40.07738,13.8346,26.24278,556.2198,0,1090.945,0,-2.273737e-13,1.24345e-13,4.263256e-14
naive,2026-01-09 07:15:00,413,7.25,22.12245,3191.43,790.9308,4.135308,15.41584,1,1,2234.001,2233.684,740.9216,353.9732,1094.895,3,267.7858,0.2401646,26.86886,800,0,499.6694,200,0.1,0.2046279,0.3172331,0,250,0.3172331,1492.762,21.03887,60.87244,23.47558,3.895144,0,40.21202,26.86972,13.3423,380.843,0,740.4189,0,-5.684342e-14,-7.993606e-15,4.263256e-14
naive,2026-01-09 07:30:00,414,7.5,22.24154,3232.432,737.219,1.400689,20.16241,1,1,2262.703,2262.385,1451.891,548.1088,2000,4,729.1947,2.21211,35.17357,733.4197,500,0,324.9685,0.1624843,0.1259371,0.3172331,0,250,0.3172331,810.4942,27.50811,55.69147,8.024314,0,0,40.72865,14.5889,26.13975,562.6977,0,1076.585,0,0,1.24345e-13,4.263256e-14
naive,2026-01-09 07:45:00,415,7.75,22.60655,3260.771,661.1058,4.45871,23.65073,1,1,2282.54,2282.223,655.7025,330.594,986.2965,2,148.5053,0.5944404,37.19676,800,0,499.6694,200,0.1,0.2046279,0.3172331,0,250,0.3172331,1626.52,28.98177,60.36329,12.93111,3.86427,0,41.08572,29.27736,11.80836,359.8713,0,680.806,0,5.684342e-14,-7.993606e-15,4.263256e-14
naive,2026-01-09 08:00:00,416,8,22.45171,3266.02,602.4645,373.557,23.76344,1,1,2286.214,2285.897,1451.656,548.344,2000,4,587.3942,367.482,35.09913,510.0247,500,0,324.9685,0.1624843,0.1259371,0.3172331,0,250,0.3172331,834.2409,27.39088,38.58728,15.07036,6.075023,0,41.15185,15.01634,26.13552,563.3603,0,1119.786,0,-2.273737e-13,1.24345e-13,4.263256e-14
naive,2026-01-09 08:15:00,417,8.25,22.67029,3272.51,495.9978,378.4453,30.95704,1,1,2290.757,2290.44,805.3701,412.9587,1218.329,3,10.77808,370.8804,36.67032,800,0,499.6694,200,0.1,0.2046279,0.3172331,0,250,0.3172331,1485.07,28.5529,60.29625,0,7.564884,2.404144,41.23362,26.73125,14.50237,440.1076,0,825.4313,0,0,-7.993606e-15,4.263256e-14
naive,2026-01-09 08:30:00,418,8.5,22.93492,3246.498,410.7885,376.2289,38.90535,1,1,2272.549,2272.231,1430.231,569.769,2000,4,423.4833,374.2858,38.52122,663.7097,500,0,324.9685,0.1624843,0.1259371,0.3172331,0,250,0.3172331,842.0003,29.91253,49.7931,0,1.943174,8.992823,40.90587,15.15601,25.74987,586.4953,0,1120.325,0,0,1.24345e-13,4.263256e-14
naive,2026-01-09 08:45:00,419,8.75,23.03635,3261.658,323.6587,385.4607,45.30388,1,1,2283.16,2282.843,700.9263,368.1969,1069.123,3,0,227.8224,41.30073,800,0,499.6694,200,0.1,0.2046279,0.3172331,0,250,0.3172331,1581.917,32.03736,59.91125,0,6.015511,13.26652,41.09688,28.4745,12.62238,398.9923,0,740.9612,0,5.684342e-14,-7.993606e-15,4.263256e-14
naive,2026-01-09 09:00:00,420,9,23.25205,3255.085,242.9051,387.4364,39.33604,1,1,2278.559,2278.242,1409.865,587.5342,1997.4,4,283.4448,377.4635,36.49126,800,500,0,324.9685,0.1624843,0.1259371,0.3172331,0,250,0.3172331,868.3769,28.24364,59.68438,0,9.972837,11.0924,41.01407,15.63078,25.38329,605.1137,0,1160.286,0,0,1.24345e-13,4.263256e-14
naive,2026-01-09 09:15:00,421,9.25,23.51476,3244.819,204.6688,389.4123,51.85973,1,1,2271.373,2271.056,613.8721,329.8191,943.6912,2,0,99.57381,44.11736,800,0,499.6694,200,0.1,0.2046279,0.3172331,0,250,0.3172331,1657.184,34.05339,59.40808,0,4.764378,17.80634,40.88472,29.82931,11.05541,362.7925,0,666.9695,0,5.684342e-14,-7.993606e-15,4.263256e-14
naive,2026-01-09 09:30:00,422,9.5,23.76243,3261.514,149.1621,388.9766,58.5192,1,1,2283.06,2282.743,1335.521,568.1048,1903.626,4,171.2605,386.1628,46.20233,800,500,0,324.9685,0.1624843,0.1259371,0.3172331,0,250,0.3172331,947.2218,35.5712,59.14759,0,2.813776,22.94801,41.09508,17.04999,24.04508,589.2264,0,1116.766,0,0,1.24345e-13,4.263256e-14
naive,2026-01-09 09:45:00,423,9.75,23.87158,3242.889,119.9261,396.0607,61.85399,1,1,2270.023,2269.705,590.9906,319.7318,910.7224,2,0,51.21899,59.50345,800,0,499.6694,200,0.1,0.2046279,0.3172331,0,250,0.3172331,1678.715,45.75978,59.0328,0,2.43561,16.09421,40.86041,30.21687,10.64354,352.8103,0,643.4102,0,0,-7.993606e-15,4.263256e-14
naive,2026-01-09 10:00:00,424,10,24.04045,3252.023,126.2455,396.9174,72.0821,1,1,2276.416,2276.099,1355.268,577.634,1932.902,4,164.3374,400.9235,67.64138,800,500,0,324.9685,0.1624843,0.1259371,0.3172331,0,250,0.3172331,920.8304,51.92669,58.85519,0,0,20.15541,40.97549,16.57495,24.40054,597.8046,0,1129.397,0,-2.273737e-13,1.24345e-13,4.263256e-14
naive,2026-01-09 10:15:00,425,10.25,24.36658,3271.918,135.7141,397.2401,81.96007,1,1,2290.343,2290.025,592.6976,320.4843,913.1819,2,0,30.38549,82.79643,800,0,499.6694,200,0.1,0.2046279,0.3172331,0,250,0.3172331,1697.328,63.34484,58.51218,7.429183,0,18.61523,41.22617,30.5519,10.67427,354.3785,0,655.7461,0,0,-7.993606e-15,4.263256e-14
naive,2026-01-09 10:30:00,426,10.5,24.72943,3311.914,101.2771,401.7922,92.5258,1,1,2318.34,2318.023,1341.366,576.9703,1918.336,4,118.3949,400.8793,99.06179,800,500,0,324.9685,0.1624843,0.1259371,0.3172331,0,250,0.3172331,976.6572,75.50139,58.13056,0,0.912932,17.02441,41.73012,17.57983,24.15029,597.6288,0,1131.436,0,0,1.24345e-13,4.263256e-14
naive,2026-01-09 10:45:00,427,10.75,24.94082,3330.86,84.07761,394.4705,94.53687,1,1,2331.602,2331.285,611.0039,328.5547,939.5586,2,0,31.51948,108.0391,800,0,499.6694,200,0.1,0.2046279,0.3172331,0,250,0.3172331,1720.281,82.1609,57.90823,0,0,12.37597,41.96883,30.96505,11.00378,361.7673,0,658.3878,0,0,-7.993606e-15,4.263256e-14
naive,2026-01-09 11:00:00,428,11,25.15245,3366.395,73.48972,407.5707,94.60491,1,1,2356.476,2356.159,1358.787,585.4096,1944.196,4,112.0129,410.7929,121.3905,800,500,0,324.9685,0.1624843,0.1259371,0.3172331,0,250,0.3172331,997.3725,92.10875,57.68565,0,0,2.496159,429.7606,181.8951,247.8656,767.7599,0,1470.623,0,0,1.24345e-13,4.263256e-14
naive,2026-01-09 11:15:00,429,11.25,25.38231,3426.563,59.82598,408.4817,112.3503,1,1,2398.594,2398.277,621.7931,333.3111,955.1041,2,0,23.78858,131.3156,800,0,499.6694,200,0.1,0.2046279,0.3172331,0,250,0.3172331,1776.484,99.3982,57.4439,0,0,12.95207,439.4683,325.4858,113.9825,661.1699,0,1257.715,0,0,-7.993606e-15,4.263256e-14
naive,2026-01-09 11:30:00,430,11.5,25.72195,3458.269,88.79506,416.7332,125.064,1,1,2420.788,2420.471,1373.742,592.1348,1965.877,4,110.9038,415.027,139.9464,800,500,0,324.9685,0.1624843,0.1259371,0.3172331,0,250,0.3172331,1046.729,105.551,57.08668,0,1.706231,19.51295,446.5916,193.1025,253.4891,788.837,0,1516.395,0,1.136868e-13,1.24345e-13,4.263256e-14
naive,2026-01-09 11:45:00,431,11.75,25.788,3437.188,103.0198,411.5211,130.2082,1,1,2406.032,2405.715,623.7518,334.1745,957.9263,2,0,10.95547,146.9708,800,0,499.6694,200,0.1,0.2046279,0.3172331,0,250,0.3172331,1781.963,110.7713,57.01721,13.2803,0,19.43685,444.4651,329.1812,115.284,666.9463,0,1292.657,0,5.684342e-14,-7.993606e-15,4.263256e-14
naive,2026-01-09 12:00:00,432,12,25.81977,3406.701,107.3923,404.3534,136.0836,1,1,2384.691,2384.373,1386.101,599.1188,1985.22,4,97.99209,422.0669,165.1605,800,500,0,324.9685,0.1624843,0.1259371,0.3172331,0,250,0.3172331,998.2727,124.4389,56.9838,9.400169,0,11.64478,440.8073,184.5296,256.2778,785.8009,0,1523.71,0,-2.273737e-13,1.24345e-13,4.263256e-14
naive,2026-01-09 12:15:00,433,12.25,26.04146,3404.741,89.35688,405.376,145.8928,1,1,2383.319,2383.002,639.5189,341.1255,980.6444,2,0,10.56921,170.0752,800,0,499.6694,200,0.1,0.2046279,0.3172331,0,250,0.3172331,1743.483,127.8401,56.75063,0.9394126,0,18.05268,442.5486,323.7401,118.8085,668.2177,0,1274.211,0,-5.684342e-14,-7.993606e-15,4.263256e-14
naive,2026-01-09 12:30:00,434,12.5,26.10028,3404.814,101.6871,412.7124,158.3805,1,1,2383.37,2383.053,1398.544,601.4564,2000,4,113.7892,422.0512,181.3053,782.8543,500,0,324.9685,0.1624843,0.1259371,0.3172331,0,250,0.3172331,984.5089,136.1961,55.47381,0,0,22.18444,443.0905,183.0293,260.0612,788.61,0,1514.812,0,0,1.24345e-13,4.263256e-14
naive,2026-01-09 12:45:00,435,12.75,26.22521,3378.623,102.2406,421.8797,161.2407,1,1,2365.036,2364.719,664.8282,352.2831,1017.111,3,0,24.76347,192.3478,800,0,499.6694,200,0.1,0.2046279,0.3172331,0,250,0.3172331,1699.89,144.299,56.55737,0,1.742234,16.94174,440.8082,316.8348,123.9734,672.2756,0,1283.929,0,-1.136868e-13,-7.993606e-15,4.263256e-14
naive,2026-01-09 13:00:00,436,13,26.43428,3364.287,99.49418,428.2482,168.386,1,1,2355.001,2354.683,1397.746,602.2545,2000,4,96.99071,423.7274,207.8943,771.3876,500,0,324.9685,0.1624843,0.1259371,0.3172331,0,250,0.3172331,956.938,155.6142,54.32254,2.503468,4.520805,12.77171,440.8274,179.1271,261.7003,783.7723,0,1518.549,0,2.273737e-13,1.24345e-13,4.263256e-14
naive,2026-01-09 13:15:00,437,13.25,26.68921,3352.704,106.3517,430.8208,191.418,1,1,2346.893,2346.576,685.5263,361.4078,1046.934,3,0,24.96516,221.9689,800,0,499.6694,200,0.1,0.2046279,0.3172331,0,250,0.3172331,1661.05,165.6967,56.06937,4.922523,7.615368,25.72123,441.6278,312.5689,129.059,678.8167,0,1316.183,0,0,-7.993606e-15,4.263256e-14
naive,2026-01-09 13:30:00,438,13.5,26.73471,3370.146,122.4744,422.7243,190.5806,1,1,2359.102,2358.785,1398.546,601.4539,2000,4,94.76697,423.5767,229.4335,752.2228,500,0,324.9685,0.1624843,0.1259371,0.3172331,0,250,0.3172331,960.2389,171.1855,52.67583,27.70743,0,19.39513,444.3438,180.8638,263.48,785.9708,0,1560.477,0,-2.273737e-13,1.24345e-13,4.263256e-14
naive,2026-01-09 13:45:00,439,13.75,27.01864,3432.909,113.4761,418.1147,202.9726,1,1,2403.036,2402.719,710.7061,372.5083,1083.214,3,0,33.74624,249.4681,800,0,499.6694,200,0.1,0.2046279,0.3172331,0,250,0.3172331,1692.013,185.5671,55.72289,4.529164,0,17.40552,455.2972,320.5814,134.7158,696.3875,0,1337.9,0,-5.684342e-14,-7.993606e-15,4.263256e-14
naive,2026-01-09 14:00:00,440,14,26.95811,3488.675,102.5284,419.1046,207.302,1,1,2442.072,2441.755,1398.483,601.5172,2000,4,89.61909,412.8438,252.3571,745.18,500,0,324.9685,0.1624843,0.1259371,0.3172331,0,250,0.3172331,1043.272,187.8382,51.96378,12.90928,6.260745,19.46378,462.1104,197.4172,264.6933,802.6175,0,1579.844,0,0,1.24345e-13,4.263256e-14
naive,2026-01-09 14:15:00,441,14.25,27.19365,3464.611,86.53114,420.8688,214.8837,1,1,2425.228,2424.91,695.9464,366.0015,1061.948,3,0,0,261.9478,800,0,496.8528,200.7042,0.1003521,0.2046279,0.3172331,0,250,0.3172331,1728.964,194.4834,55.53882,1.652696,8.894469,20.40035,461.184,328.7817,132.4023,698.6626,0,1353.038,0,-5.684342e-14,-7.993606e-15,4.263256e-14
naive,2026-01-09 14:30:00,442,14.5,27.14242,3457.108,111.0492,412.8058,221.9995,1,1,2419.976,2419.658,1052.497,513.271,1565.768,4,83.35147,412.0383,270.378,800,0,2.690303,200,0.1,0.1263805,0.3172331,0,250,0.3172331,1367.162,200.8532,55.59271,25.0074,0.7674966,21.14636,459.6927,259.7027,199.99,776.9906,0,1535.901,0,-1.136868e-13,0,4.263256e-14
naive,2026-01-09 14:45:00,443,14.75,27.12323,3426.336,116.3271,406.664,219.5358,1,1,2398.435,2398.118,1400.808,599.1916,2000,4,101.0391,408.2039,272.5034,718.2536,500,0,324.9685,0.1624843,0.1259371,0.3172331,0,250,0.3172331,997.3095,202.4739,49.93019,15.288,0,17.06189,455.4183,189.3706,266.0477,791.8019,0,1553.804,0,-1.136868e-13,1.24345e-13,4.263256e-14
naive,2026-01-09 15:00:00,444,15,27.34464,3392.707,80.38973,399.8654,228.1987,1,1,2374.895,2374.577,720.6351,376.8855,1097.521,3,0,16.33354,281.1871,800,0,499.6694,200,0.1,0.2046279,0.3172331,0,250,0.3172331,1653.942,208.4279,55.38002,0,0,19.77074,453.0435,315.512,137.5315,696.1691,0,1330.036,0,0,-7.993606e-15,4.263256e-14
naive,2026-01-09 15:15:00,445,15.25,27.4167,3401.03,94.6802,407.0734,226.7875,1,1,2380.721,2380.403,1401.785,598.215,2000,4,105.256,406.7027,282.0253,706.0159,500,0,324.9685,0.1624843,0.1259371,0.3172331,0,250,0.3172331,978.6184,208.8867,48.80708,0,0.3706184,17.90078,454.8427,186.9675,267.8752,788.6025,0,1522.936,0,0,1.24345e-13,4.263256e-14
naive,2026-01-09 15:30:00,446,15.5,27.42663,3407.425,118.4046,400.0205,220.6753,1,1,2385.197,2384.88,731.4304,381.6446,1113.075,3,0,28.56196,284.513,800,0,499.6694,200,0.1,0.2046279,0.3172331,0,250,0.3172331,1653.45,210.7066,55.29379,0,0,9.968706,455.793,315.9616,139.8314,699.5111,0,1336.817,0,-5.684342e-14,-7.993606e-15,4.263256e-14
naive,2026-01-09 15:45:00,447,15.75,27.47084,3392.482,106.3714,400.4019,214.9521,1,1,2374.737,2374.42,1407.591,592.4092,2000,4,148.5156,407.3992,281.5766,662.5087,500,0,324.9685,0.1624843,0.1259371,0.3172331,0,250,0.3172331,966.8293,208.4323,45.75226,0,0,6.519714,454.2163,184.9256,269.2908,778.5818,0,1505.692,0,0,1.24345e-13,4.263256e-14
naive,2026-01-09 16:00:00,448,16,27.62084,3407.96,107.0343,398.3324,211.802,1,1,2385.572,2385.255,739.0616,385.0088,1124.07,3,0,39.71822,284.3522,800,0,499.6694,200,0.1,0.2046279,0.3172331,0,250,0.3172331,1646.193,210.1457,55.08953,0,2.130069,1.656248,457.7333,315.8645,141.8688,701.1911,0,1344.081,0,0,-7.993606e-15,4.263256e-14
naive,2026-01-09 16:15:00,449,16.25,27.68868,3393.017,153.6247,397.7593,213.4245,1,1,2375.112,2374.795,1409.56,590.4402,2000,4,173.2406,388.0661,274.7756,663.9178,500,0,324.9685,0.1624843,0.1259371,0.3172331,0,250,0.3172331,965.2352,202.9192,45.65943,0,9.693275,10.50538,456.3798,185.4707,270.909,777.9296,0,1521.213,0,0,1.24345e-13,4.263256e-14
naive,2026-01-09 16:30:00,450,16.5,27.74573,3412.185,179.5642,385.9788,212.9996,1,1,2388.53,2388.213,761.9005,395.0773,1156.978,3,0,79.54209,277.4357,800,0,499.6694,200,0.1,0.2046279,0.3172331,0,250,0.3172331,1626.312,204.757,54.95818,0,1.305073,8.24258,459.5121,312.8745,146.6376,709.5375,0,1359.498,0,-5.684342e-14,-7.993606e-15,4.263256e-14
naive,2026-01-09 16:45:00,451,16.75,27.92939,3384.68,195.7478,384.9166,207.8873,1,1,2369.276,2368.959,1416.607,583.3925,2000,4,226.2102,385.2186,276.7316,611.8396,500,0,324.9685,0.1624843,0.1259371,0.3172331,0,250,0.3172331,952.3515,203.8308,41.88426,0,0,4.056518,457.5864,183.9309,273.6555,768.1069,0,1489.094,0,0,1.24345e-13,4.263256e-14
naive,2026-01-09 17:00:00,452,17,27.86611,3392.062,245.9943,387.0682,194.7876,1,1,2374.443,2374.126,801.1247,412.3692,1213.494,3,0,148.464,265.0299,800,0,499.6694,200,0.1,0.2046279,0.3172331,0,250,0.3172331,1573.001,195.3459,54.83157,0,3.281602,0,457.9687,303.3913,154.5774,715.7605,0,1375.496,0,1.136868e-13,-7.993606e-15,4.263256e-14
naive,2026-01-09 17:15:00,453,17.25,27.82127,3368.179,305.23,385.6655,182.1908,1,1,2357.725,2357.408,1425.031,574.9689,2000,4,300.4925,376.0731,256.2029,567.2314,500,0,324.9685,0.1624843,0.1259371,0.3172331,0,250,0.3172331,932.3768,188.9316,38.91118,4.737472,9.592335,0,454.312,179.6605,274.6516,754.6293,0,1490.203,0,0,1.24345e-13,4.263256e-14
naive,2026-01-09 17:30:00,454,17.5,27.75592,3353.221,348.6556,378.4472,173.3398,1,1,2347.255,2346.938,853.4478,435.4358,1288.884,3,0,250.4712,238.4124,800,0,499.6694,200,0.1,0.2046279,0.3172331,0,250,0.3172331,1493.49,175.9371,54.94746,0,0.1780268,0,451.6689,287.3837,164.2851,722.8196,0,1384.13,0,-1.136868e-13,-7.993606e-15,4.263256e-14
naive,2026-01-09 17:45:00,455,17.75,27.89654,3349.677,402.283,377.9967,173.5756,1,1,2344.774,2344.457,1441.023,558.9769,2000,4,429.7383,379.9567,226.6928,463.6122,500,0,324.9685,0.1624843,0.1259371,0.3172331,0,250,0.3172331,903.4338,167.0335,31.75718,0,0,6.542153,452.5385,174.3616,278.1769,734.6012,0,1433.475,0,0,1.24345e-13,4.263256e-14
naive,2026-01-09 18:00:00,456,18,27.99692,3295.06,471.8354,4.161037,168.1126,1,1,2306.542,2306.225,666.4361,352.9919,1019.428,3,0,0,219.4279,800,0,492.3997,201.8174,0.1009087,0.2046279,0.3172331,0,250,0.3172331,1639.789,161.5044,54.69399,0,1.044615,6.608193,446.1104,317.153,128.9574,671.423,0,1283.117,0,5.684342e-14,-7.993606e-15,4.263256e-14
naive,2026-01-09 18:15:00,457,18.25,28.11903,3262.307,536.8407,1.125495,157.0955,1,1,2283.615,2283.298,1075.435,469.8753,1545.311,4,533.1542,1.920766,210.2357,800,0,7.142617,200,0.1,0.1270815,0.3172331,0,250,0.3172331,1207.862,154.5333,54.56557,0,0,2.562251,442.8264,234.2222,208.6042,704.5944,0,1347.803,0,-1.136868e-13,-3.885781e-16,4.263256e-14
naive,2026-01-09 18:30:00,458,18.5,28.05234,3249.012,622.6805,1.172742,152.9414,1,1,2274.309,2273.991,1443.879,556.1205,2000,4,606.348,1.32891,200.3948,691.9282,500,0,324.9685,0.1624843,0.1259371,0.3172331,0,250,0.3172331,830.112,147.4067,47.25498,16.33243,0,5.534653,440.3954,160.7422,279.6531,717.9345,0,1410.881,0,0,1.24345e-13,4.263256e-14
naive,2026-01-09 18:45:00,459,18.75,27.95539,3229.86,685.6339,12.22933,132.9873,1,1,2260.902,2260.585,756.7519,375.5551,1132.307,3,145.0288,0.7907369,186.4875,800,0,499.6694,200,0.1,0.2046279,0.3172331,0,250,0.3172331,1503.833,137.3213,54.73767,40.93568,11.43859,0,436.8971,290.6009,146.2962,666.156,0,1361.078,0,-1.136868e-13,-7.993606e-15,4.263256e-14
naive,2026-01-09 19:00:00,460,19,27.97596,3224.444,721.6009,5.626241,115.1519,0,0,2257.111,2256.793,1453.221,546.7791,2000,4,688.8103,1.163503,167.4272,642.599,500,0,324.9685,0.1624843,0.1259371,0.3172331,0,250,0.3172331,803.5726,123.2586,43.95059,32.79061,4.462739,0,436.3553,155.3504,281.0048,0,702.1295,3876.53,0,0,1.24345e-13,4.263256e-14
naive,2026-01-09 19:15:00,461,19.25,27.81903,3190.821,727.3164,0,100.8639,0,0,2233.574,2233.257,774.4634,377.4528,1151.916,3,194.713,3.047862,154.1552,800,0,499.6694,200,0.1,0.2046279,0.3172331,0,250,0.3172331,1458.794,113.6814,54.88109,32.93394,0,0,430.3689,281.0828,149.286,0,658.5356,3617.016,0,0,-7.993606e-15,4.263256e-14
naive,2026-01-09 19:30:00,462,19.5,27.80885,3148.235,723.5556,1.010094,100.4217,0,0,2203.765,2203.448,1455.08,544.9202,2000,4,711.4228,5.843136,139.9776,642.7564,500,0,324.9685,0.1624843,0.1259371,0.3172331,0,250,0.3172331,748.3678,103.2376,44.10257,12.13277,0,0,424.5335,144.1657,280.3678,0,689.0859,3761.286,0,-1.136868e-13,1.24345e-13,4.263256e-14
naive,2026-01-09 19:45:00,463,19.75,27.77039,3141.347,683.8242,4.707487,88.67778,0,0,2198.943,2198.626,757.8706,369.6822,1127.553,3,198.5438,2.759807,126.2492,800,0,499.6694,200,0.1,0.2046279,0.3172331,0,250,0.3172331,1440.755,93.1513,54.93224,0,1.94768,0,423.2597,277.3212,145.9385,0,647.0034,3500.08,0,-1.136868e-13,-7.993606e-15,4.263256e-14
naive,2026-01-09 20:00:00,464,20,27.5333,3142.904,668.7637,5.758929,79.98775,0,0,2200.033,2199.716,1447.844,552.1559,2000,4,668.5374,0.09330982,116.6615,714.7078,500,0,324.9685,0.1624843,0.1259371,0.3172331,0,250,0.3172331,751.8715,86.29842,49.2984,0.2263721,5.665619,0,421.3543,143.9998,277.3545,0,696.1557,3783.559,0,0,1.24345e-13,4.263256e-14
naive,2026-01-09 20:15:00,465,20.25,27.36584,3114.916,632.413,3.275306,74.62645,0,0,2180.441,2180.124,695.7205,349.858,1045.579,3,134.869,0,110.7096,800,0,499.6694,200,0.1,0.2046279,0.3172331,0,250,0.3172331,1484.403,82.04391,55.35773,0,3.275306,0,416.134,283.2962,132.8378,0,633.1542,3425.721,0,-5.684342e-14,-7.993606e-15,4.263256e-14
naive,2026-01-09 20:30:00,466,20.5,27.18276,3139.838,580.8011,7.277042,66.56399,0,0,2197.887,2197.57,1436.821,562.0012,1998.822,4,597.9763,0.2824086,100.5635,800,500,0,324.9685,0.1624843,0.1259371,0.3172331,0,250,0.3172331,760.7487,74.6722,55.55028,0,6.994634,0,417.8574,144.6319,273.2256,0,706.6331,3836.054,0,0,1.24345e-13,4.263256e-14
naive,2026-01-09 20:45:00,467,20.75,27.23031,3144.976,542.1256,14.72833,66.8947,0,0,2201.484,2201.166,622.689,326.5211,949.2101,2,60.39836,0.1354621,88.67629,800,0,499.6694,200,0.1,0.2046279,0.3172331,0,250,0.3172331,1578.477,65.81178,55.50027,0,14.59287,1.082927,418.9578,300.3954,118.5625,0,627.1226,3411.909,0,1.136868e-13,-7.993606e-15,4.263256e-14
naive,2026-01-09 21:00:00,468,21,27.37584,3151.057,501.4452,17.05316,64.36396,0,0,2205.74,2205.422,1335.472,530.2724,1865.745,4,489.1098,0.7544446,75.8803,800,500,0,324.9685,0.1624843,0.1259371,0.3172331,0,250,0.3172331,869.9502,56.22679,55.34721,12.33532,16.29872,8.13717,421.0506,166.0636,254.987,0,697.8892,3825.519,0,-1.136868e-13,1.24345e-13,4.263256e-14
naive,2026-01-09 21:15:00,469,21.25,27.158,3152.66,409.6651,0.8229779,57.18099,0,0,2206.862,2206.544,566.7222,309.0331,875.7553,2,0,0,75.75526,800,0,418.0609,220.4021,0.1102011,0.2046279,0.3172331,0,250,0.3172331,1639.822,56.26616,55.57632,0,0.8229779,0.9148334,419.3466,311.5981,107.7485,0,620.8051,3353.324,0,0,-7.993606e-15,4.263256e-14
naive,2026-01-09 21:30:00,470,21.5,26.94713,3112.233,361.5213,0,55.6765,0,0,2178.563,2178.246,785.1148,371.1763,1156.291,3,286.9475,1.189519,68.15417,800,0,81.46977,200,0.1,0.138784,0.3172331,0,250,0.3172331,1393.131,50.73553,55.7981,0,0,4.940971,412.1527,263.5603,148.5924,0,635.6714,3433.42,0,-5.684342e-14,-6.050715e-15,4.263256e-14
naive,2026-01-09 21:45:00,471,21.75,26.43058,3151.706,315.3226,0,40.00432,0,0,2206.194,2205.877,1177.41,483.0908,1660.5,4,299.9671,0.5881026,59.94514,800,500,0,324.9685,0.1624843,0.1259371,0.3172331,0,250,0.3172331,1028.468,44.87225,56.34138,15.35553,0,0,412.9412,192.5019,220.4393,0,675.5927,3678.864,0,1.705303e-13,1.24345e-13,4.263256e-14
naive,2026-01-09 22:00:00,472,22,26.23622,3112.699,257.6422,0,43.31873,0,0,2178.889,2178.572,554.6619,303.7163,858.3782,2,0,0,58.37822,800,0,252.1126,261.8892,0.1309446,0.2046279,0.3172331,0,250,0.3172331,1623.91,43.7901,56.54579,7.973457,0,0,406.2049,302.7415,103.4634,0,606.4579,3285.658,0,0,7.727152e-14,4.263256e-14
naive,2026-01-09 22:15:00,473,22.25,26.0075,3107.247,208.5358,1.710469,37.29415,0,0,2175.073,2174.756,551.0745,302.1348,853.2093,2,0,0,53.20929,800,0,218.7218,207.1675,0.1035838,0.1649078,0.3172331,0,250,0.3172331,1623.681,40.01019,56.78635,0,0,0,403.6004,301.2857,102.3147,0,603.4205,3254.928,0,0,5.268008e-14,4.263256e-14
naive,2026-01-09 22:30:00,474,22.5,25.63563,3110.631,203.9016,5.289607,30.09102,0,0,2177.442,2177.125,674.0572,337.6193,1011.677,3,157.469,7.23882,46.96877,800,0,28.53961,200,0.1,0.1304503,0.3172331,0,250,0.3172331,1503.067,35.45743,57.17747,17.89299,0,0,400.9962,276.8038,124.1923,0,614.4232,3345.868,0,0,1.665335e-16,4.263256e-14
naive,2026-01-09 22:45:00,475,22.75,25.50376,3103.045,183.3794,0,29.21347,0,0,2172.132,2171.815,1066.664,450.1565,1516.821,4,166.4111,8.557365,41.85211,800,500,0,324.9685,0.1624843,0.1259371,0.3172331,0,250,0.3172331,1105.15,31.63894,57.31616,16.96829,0,0,398.9525,202.9815,195.971,0,653.138,3557.048,0,0,1.24345e-13,4.263256e-14
naive,2026-01-09 23:00:00,476,23,25.06192,3092.813,186.9911,0,30.01778,1,1,2164.969,2164.652,540.103,297.2981,837.4011,2,0,0,37.40112,800,0,161.7361,284.4833,0.1422417,0.2046279,0.3172331,0,250,0.3172331,1624.549,28.40633,57.78086,26.39477,0,1.611451,394.1188,295.7387,98.38006,593.3302,0,1167.188,0,-5.684342e-14,-3.641532e-14,4.263256e-14
naive,2026-01-09 23:15:00,477,23.25,24.79698,3059.637,147.1657,2.671393,28.08009,1,1,2141.746,2141.428,540.9553,297.6738,838.629,2,0,0,38.62905,800,0,126.0131,252.9353,0.1264676,0.179135,0.3172331,0,250,0.3172331,1600.473,29.42081,58.05951,22.16985,1.654097,0,38.55142,28.80852,9.742905,326.4823,0,628.744,0,0,-2.6118e-14,4.263256e-14
naive,2026-01-09 23:30:00,478,23.5,24.5776,3042.812,114.7803,0.2770959,28.14282,1,1,2129.969,2129.651,537.7177,296.2465,833.9642,2,0,0,33.96422,800,0,115.1918,224.0975,0.1120487,0.1592696,0.3172331,0,250,0.3172331,1591.934,25.92758,58.29024,0,0.2770959,2.215235,38.33943,28.65481,9.684629,325.3007,0,585.5029,0,5.684342e-14,-4.715672e-14,4.263256e-14
naive,2026-01-09 23:45:00,479,23.75,24.17766,3039.543,103.3724,1.909313,24.78497,1,1,2127.68,2127.363,559.4098,302.3831,861.7928,2,28.8027,0.2337351,32.75642,800,0,96.24886,200,0.1,0.1411109,0.3172331,0,250,0.3172331,1567.953,25.11037,58.71088,0,1.675578,0,38.29825,28.22316,10.07509,330.6063,0,598.0531,0,5.684342e-14,6.661338e-16,4.263256e-14
naive,2026-01-10 00:00:00,480,0,24.055,3067.716,111.7453,0,20.77759,1,1,2147.401,2147.084,1007.712,430.7935,1438.506,3,110.712,0.5206976,27.27306,800,500,0,324.9685,0.1624843,0.1259371,0.3172331,0,250,0.3172331,1139.371,20.93371,58.83988,1.033264,0,0,38.65322,20.50869,18.14453,451.3022,0,838.1919,0,-5.684342e-14,1.24345e-13,4.263256e-14
naive,2026-01-10 00:15:00,481,0.25,23.95857,3041.964,124.2337,0,27.71251,1,1,2129.375,2129.058,535.1795,295.1276,830.3071,2,0,0,30.3071,800,0,94.7299,301.2349,0.1506174,0.2046279,0.3172331,0,250,0.3172331,1593.878,23.28589,58.9413,29.51272,0,4.426611,38.32875,28.6898,9.638942,324.6058,0,633.812,0,0,9.148238e-14,4.263256e-14
naive,2026-01-10 00:30:00,482,0.5,23.54567,3054.207,142.4009,0,29.62679,1,1,2137.945,2137.628,531.2415,293.3915,824.633,2,0,0,24.63302,800,0,106.1869,274.6407,0.1373204,0.1896832,0.3172331,0,250,0.3172331,1606.386,19.00769,59.37557,36.38355,0,10.6191,38.48301,28.91495,9.568058,324.1826,0,644.3293,0,5.684342e-14,2.031708e-14,4.263256e-14
naive,2026-01-10 00:45:00,483,0.75,23.1367,3057.734,118.0829,0,19.358,1,1,2140.414,2140.096,526.9013,291.4781,818.3794,2,0,0,18.37942,800,0,109.6323,247.1894,0.1235947,0.1729372,0.3172331,0,250,0.3172331,1613.195,14.24233,59.8057,10.43878,0,5.115672,38.52744,29.03751,9.489934,321.4123,0,593.5502,0,0,-1.848521e-14,4.263256e-14
naive,2026-01-10 01:00:00,484,1,22.99672,3051.88,89.79909,1.439572,21.33149,1,1,2136.316,2135.999,526.2336,291.1837,817.4173,2,0,0,17.41729,800,0,109.4633,219.7847,0.1098923,0.1556516,0.3172331,0,250,0.3172331,1609.765,13.51627,59.95293,0,0.4681384,7.81522,38.45369,28.97577,9.477914,321.5257,0,576.4119,0,-5.684342e-14,-1.534883e-14,4.263256e-14
naive,2026-01-10 01:15:00,485,1.25,22.77909,3031.572,104.8937,0,16.16195,1,1,2122.101,2121.783,548.0108,297.2463,845.2571,2,29.74044,0.5093038,15.00735,800,0,79.00037,200,0.1,0.1383952,0.3172331,0,250,0.3172331,1573.773,11.67223,60.18182,0,0,4.489725,38.19781,28.32791,9.869904,326.3558,0,585.0071,0,0,2.775558e-17,4.263256e-14
naive,2026-01-10 01:30:00,486,1.5,22.41471,3025.374,114.2428,3.109619,12.18439,1,1,2117.762,2117.445,995.2213,426.1757,1421.397,3,103.2405,0.2373155,17.91919,800,500,0,324.9685,0.1624843,0.1259371,0.3172331,0,250,0.3172331,1122.224,13.98919,60.56505,11.00232,2.872304,0,38.11972,20.20002,17.91969,446.3757,0,848.5495,0,0,1.24345e-13,4.263256e-14
naive,2026-01-10 01:45:00,487,1.75,22.17937,2981.522,116.1567,0,14.83113,1,1,2087.065,2086.748,525.3912,290.8124,816.2036,2,0,0,16.20356,800,0,99.48898,300.0451,0.1500226,0.2046279,0.3172331,0,250,0.3172331,1561.357,12.68034,60.81257,16.66769,0,2.150793,37.56718,28.10443,9.462751,319.287,0,598.9116,0,5.684342e-14,-2.220446e-14,4.263256e-14
naive,2026-01-10 02:00:00,488,2,21.97736,2991.458,130.1683,0,19.25039,1,1,2094.021,2093.703,526.8322,291.4476,818.2798,2,0,0,18.27983,800,0,95.13253,276.2147,0.1381074,0.188934,0.3172331,0,250,0.3172331,1566.871,14.3347,61.02503,36.6837,0,4.915686,37.69237,28.20368,9.48869,320.4941,0,635.6145,0,0,-9.714451e-14,4.263256e-14
naive,2026-01-10 02:15:00,489,2.25,21.7801,3007.646,107.974,0,25.07396,1,1,2105.352,2105.035,529.4578,292.6051,822.0629,2,0,0,22.06291,800,0,121.5672,245.7795,0.1228897,0.1739284,0.3172331,0,250,0.3172331,1575.577,17.33613,61.2325,0,0,7.73783,37.89633,28.36038,9.53595,322.2873,0,575.688,0,0,-2.137179e-14,4.263256e-14
naive,2026-01-10 02:30:00,490,2.5,21.7192,3000.654,81.12637,0,27.14418,1,1,2100.458,2100.14,529.8656,292.7849,822.6506,2,0,0,22.65055,800,0,101.6377,220.3313,0.1101657,0.1547637,0.3172331,0,250,0.3172331,1570.275,17.80891,61.29656,0,0,9.335266,37.80824,28.26495,9.543291,322.6427,0,576.3267,0,-5.684342e-14,2.858824e-15,4.263256e-14
naive,2026-01-10 02:45:00,491,2.75,21.60967,3021.368,115.6436,0,21.20645,1,1,2114.958,2114.641,544.7272,297.9297,842.657,2,11.82699,5.071383,25.75861,800,0,81.18659,200,0.1,0.1387394,0.3172331,0,250,0.3172331,1569.913,20.27519,61.41175,22.63007,0,0.9312632,38.06924,28.25844,9.810801,326.3468,0,622.6421,0,5.684342e-14,-6.605827e-15,4.263256e-14
naive,2026-01-10 03:00:00,492,3,21.69078,3033.611,116.0185,0,17.06511,1,1,2123.528,2123.211,989.4226,425.4177,1414.84,3,88.12299,1.288191,25.4291,800,500,0,324.9685,0.1624843,0.1259371,0.3172331,0,250,0.3172331,1133.788,19.99932,61.32644,27.89555,0,0,38.2235,20.40818,17.81532,445.8259,0,870.7793,0,0,1.24345e-13,4.263256e-14
naive,2026-01-10 03:15:00,493,3.25,21.72903,3018.775,109.7615,0,13.37415,1,1,2113.142,2112.825,532.7616,294.0616,826.8233,2,0,0,26.82329,800,0,107.7734,297.974,0.148987,0.2046279,0.3172331,0,250,0.3172331,1580.063,21.0876,61.28621,7.920917,0,0,38.03656,28.44114,9.59542,322.5028,0,589.7222,0,0,1.056932e-13,4.263256e-14
naive,2026-01-10 03:30:00,494,3.5,21.6867,3046.226,124.7181,0,12.52127,1,1,2132.358,2132.041,526.8125,291.439,818.2515,2,0,0,18.25149,800,0,117.7821,268.4816,0.1342408,0.1876299,0.3172331,0,250,0.3172331,1605.228,14.35491,61.33074,12.56586,0,0,38.38245,28.89411,9.488335,320.3331,0,593.3452,0,0,-6.664114e-14,4.263256e-14
naive,2026-01-10 03:45:00,495,3.75,21.70799,3035.699,161.0852,1.404958,20.77455,1,1,2124.989,2124.672,527.2307,291.6233,818.854,2,0,0,18.85398,800,0,120.7672,238.2475,0.1191238,0.1690589,0.3172331,0,250,0.3172331,1597.441,14.82557,61.30835,45.99251,0,5.948981,38.2498,28.75394,9.495862,321.3921,0,653.1493,0,0,-2.858824e-14,4.263256e-14
naive,2026-01-10 04:00:00,496,4,21.77285,3100.528,165.7187,0,21.22627,1,1,2170.37,2170.053,526.9435,291.4967,818.4403,2,0,0,18.44028,800,0,147.231,201.4023,0.1007011,0.150021,0.3172331,0,250,0.3172331,1643.109,14.49069,61.24012,25.63422,0,6.735581,39.06666,29.57596,9.490694,322.2231,0,619.7701,0,0,-2.184364e-14,4.263256e-14
naive,2026-01-10 04:15:00,497,4.25,21.76886,3069.485,203.1207,0,20.93792,1,1,2148.639,2148.322,650.7108,327.903,978.6138,2,152.6273,6.193299,19.79318,800,0,5.48223,200,0.1,0.1268201,0.3172331,0,250,0.3172331,1497.611,15.55445,61.24432,45.01114,0,5.383474,38.67551,26.957,11.7185,355.7794,0,720.3032,0,0,-1.387779e-16,4.263256e-14
naive,2026-01-10 04:30:00,498,4.5,21.52678,3051.42,221.8584,0,4.907762,1,1,2135.994,2135.676,1087.246,453.2651,1540.511,4,216.5527,5.499084,18.45898,800,500,0,324.9685,0.1624843,0.1259371,0.3172331,0,250,0.3172331,1048.431,14.54172,61.49893,5.305701,0,0,38.44789,18.87175,19.57613,472.1368,0,884.2397,0,1.136868e-13,1.24345e-13,4.263256e-14
naive,2026-01-10 04:45:00,499,4.75,21.57288,3042.726,281.8322,0,9.500134,1,1,2129.908,2129.591,529.4936,292.6209,822.1145,2,0,0,22.11449,800,0,259.2981,260.0928,0.1300464,0.2046279,0.3172331,0,250,0.3172331,1600.097,17.41333,61.45044,26.50155,0,0,38.33835,28.80175,9.536595,321.4227,0,619.4288,0,0,4.884981e-14,4.263256e-14
naive,2026-01-10 05:00:00,500,5,21.52989,3058.851,324.0078,8.310804,8.296282,1,1,2141.195,2140.878,583.4551,308.8413,892.2964,2,63.62251,9.556483,19.11744,800,0,240.2075,200,0.1,0.1637766,0.3172331,0,250,0.3172331,1557.423,15.05997,61.49566,20.1777,0,0,38.54152,28.03362,10.5079,336.875,0,639.3738,0,0,1.049161e-14,4.263256e-14
naive,2026-01-10 05:15:00,501,5.25,21.70288,3096.174,396.3069,8.569664,10.04747,1,1,2167.322,2167.005,1212.979,489.692,1702.671,4,376.2935,6.880793,19.49691,800,500,0,324.9685,0.1624843,0.1259371,0.3172331,0,250,0.3172331,954.0254,15.33192,61.31371,20.0134,1.688871,0,39.01179,17.17246,21.83934,506.8644,0,982.1873,0,1.705303e-13,1.24345e-13,4.263256e-14
naive,2026-01-10 05:30:00,502,5.5,21.68961,3101.835,459.1924,12.72554,13.87753,1,1,2171.284,2170.967,523.1706,289.8334,813.004,2,0,0,13.00399,800,0,437.9254,215.436,0.107718,0.2046279,0.3172331,0,250,0.3172331,1647.796,10.22742,61.32767,29.14361,4.848935,3.65011,39.08311,29.66033,9.42278,320.1162,0,629.8759,0,0,4.884981e-14,4.263256e-14
naive,2026-01-10 05:45:00,503,5.75,21.74764,3096.452,540.7677,1.043684,18.49573,1,1,2167.517,2167.199,879.3008,393.3664,1272.667,3,449.4548,10.27513,12.9373,800,0,61.60836,200,0.1,0.1356569,0.3172331,0,250,0.3172331,1287.899,10.16896,61.26664,29.70458,0,8.326766,39.0153,23.18218,15.83312,417.9701,0,818.2556,0,5.684342e-14,2.525757e-15,4.263256e-14
naive,2026-01-10 06:00:00,504,6,21.79434,3150.818,617.0196,0.0364995,15.8044,1,1,2205.572,2205.255,1379.226,537.3407,1916.567,4,591.8378,4.465847,20.26292,800,500,0,324.9685,0.1624843,0.1259371,0.3172331,0,250,0.3172331,826.0293,15.91947,61.21753,25.1818,0,0,39.7003,14.86853,24.83178,552.2092,0,1078.987,0,0,1.24345e-13,4.263256e-14
naive,2026-01-10 06:15:00,505,6.25,22.03124,3175.198,678.5831,1.223585,14.09217,1,1,2222.639,2222.322,655.853,328.915,984.7679,2,163.1772,2.796731,18.79403,800,0,499.6694,200,0.1,0.2046279,0.3172331,0,250,0.3172331,1566.469,14.72982,60.96836,15.73652,0,0,40.0075,28.19644,11.81106,357.1114,0,672.7789,0,0,-7.993606e-15,4.263256e-14
naive,2026-01-10 06:30:00,506,6.5,22.08432,3165.466,737.079,3.692284,16.88632,1,1,2215.826,2215.509,1450.404,549.5962,2000,4,724.6124,0.1673384,20.20537,755.0149,500,0,324.9685,0.1624843,0.1259371,0.3172331,0,250,0.3172331,765.1053,15.82738,57.48734,12.4666,3.524945,1.05894,39.88487,13.77189,26.11298,563.55,0,1090.012,0,2.273737e-13,1.24345e-13,4.263256e-14
naive,2026-01-10 06:45:00,507,6.75,22.09379,3164.547,783.5638,3.004246,15.70867,1,1,2215.183,2214.866,732.1673,350.9625,1083.13,3,260.6522,0.1326228,22.34495,800,0,499.6694,200,0.1,0.2046279,0.3172331,0,250,0.3172331,1482.699,17.50167,60.90258,23.24215,2.871623,0,39.8733,26.68858,13.18472,377.6511,0,731.833,0,0,-7.993606e-15,4.263256e-14
naive,2026-01-10 07:00:00,508,7,22.19353,3131.986,790.5308,5.685211,25.33264,1,1,2192.39,2192.073,1458.733,541.2667,2000,4,785.2322,0.04874159,24.4439,690.2752,500,0,324.9685,0.1624843,0.1259371,0.3172331,0,250,0.3172331,733.3394,19.12617,52.45891,5.298598,5.636469,6.206471,39.46302,13.20011,26.26291,555.5353,0,1070.917,0,0,1.24345e-13,4.263256e-14
naive,2026-01-10 07:15:00,509,7.25,22.20951,3147.442,766.2147,5.337014,23.84379,1,1,2203.21,2202.893,749.7795,356.335,1106.114,3,280.7587,2.391519,22.96422,800,0,499.6694,200,0.1,0.2046279,0.3172331,0,250,0.3172331,1453.113,17.96546,60.78087,0,2.945496,5.878326,39.65778,26.15604,13.50174,383.5033,0,703.7091,0,0,-7.993606e-15,4.263256e-14
naive,2026-01-10 07:30:00,510,7.5,22.31831,3204.213,733.2442,2.161406,17.69834,1,1,2242.949,2242.632,1452.217,547.7835,2000,4,733.7571,1.757104,30.06722,734.4186,500,0,324.9685,0.1624843,0.1259371,0.3172331,0,250,0.3172331,790.4151,23.49613,55.6932,0,0.4043017,0,40.37308,14.22747,26.14561,562.0109,0,1062.064,0,0,1.24345e-13,4.263256e-14
naive,2026-01-10 07:45:00,511,7.75,22.41805,3182.327,692.0573,7.840538,21.79225,1,1,2227.629,2227.312,660.193,331.719,991.9121,2,155.6892,2.710034,33.51285,800,0,499.6694,200,0.1,0.2046279,0.3172331,0,250,0.3172331,1567.119,26.162,60.56154,36.6987,5.130504,0,40.09732,28.20814,11.88918,359.9272,0,723.878,0,0,-7.993606e-15,4.263256e-14
naive,2026-01-10 08:00:00,512,8,22.56684,3162.089,608.5235,188.0082,23.07484,1,1,2213.462,2213.145,1452.815,547.1854,2000,4,595.7293,370.8027,32.60439,500.8636,500,0,324.9685,0.1624843,0.1259371,0.3172331,0,250,0.3172331,760.3306,25.41399,37.81836,12.79422,0,0,39.84232,13.68595,26.15637,560.8713,0,1101.267,0,0,1.24345e-13,4.263256e-14
naive,2026-01-10 08:15:00,513,8.25,22.94201,3187.372,507.2029,192.7609,27.97215,1,1,2231.161,2230.843,803.1423,412.9478,1216.09,3,2.61374,375.0582,38.41805,800,0,499.6694,200,0.1,0.2046279,0.3172331,0,250,0.3172331,1427.701,29.83023,60.01047,4.919733,0,0,40.16089,25.69862,14.46227,438.6464,0,818.2675,0,-1.136868e-13,-7.993606e-15,4.263256e-14
naive,2026-01-10 08:30:00,514,8.5,23.02224,3149.356,413.3099,195.8553,32.63581,1,1,2204.549,2204.232,1429.684,570.3159,2000,4,416.4738,375.4061,45.03008,663.09,500,0,324.9685,0.1624843,0.1259371,0.3172331,0,250,0.3172331,774.5477,34.93534,49.67049,0,0,0,39.68188,13.94186,25.74002,584.2578,0,1112.636,0,-2.273737e-13,1.24345e-13,4.263256e-14
naive,2026-01-10 08:45:00,515,8.75,23.17175,3215.245,341.5924,190.0891,42.35031,1,1,2250.671,2250.354,700.4461,367.9852,1068.431,3,0,217.6226,50.80863,800,0,499.6694,200,0.1,0.2046279,0.3172331,0,250,0.3172331,1549.908,39.35769,59.76884,7.080375,0,2.992627,40.51208,27.89835,12.61374,396.4084,0,737.7906,0,0,-7.993606e-15,4.263256e-14
naive,2026-01-10 09:00:00,516,9,23.30067,3200.511,301.3657,190.3597,51.24766,1,1,2240.358,2240.04,1401.607,586.5838,1988.19,4,260.828,382.9613,44.40107,800,500,0,324.9685,0.1624843,0.1259371,0.3172331,0,250,0.3172331,838.4338,34.34843,59.63325,40.53773,0,16.89922,40.32644,15.09181,25.23463,604.6472,0,1212.135,0,0,1.24345e-13,4.263256e-14
naive,2026-01-10 09:15:00,517,9.25,23.55281,3211.699,226.463,203.8098,52.46658,1,1,2248.19,2247.872,620.4529,332.7202,953.1731,2,0,96.42851,56.74463,800,0,499.6694,200,0.1,0.2046279,0.3172331,0,250,0.3172331,1627.419,43.78289,59.36806,17.60054,0,8.683693,40.46741,29.29355,11.17386,363.5482,0,690.6683,0,0,-7.993606e-15,4.263256e-14
naive,2026-01-10 09:30:00,518,9.5,23.57124,3238.044,200.824,202.8995,47.64939,1,1,2266.631,2266.314,1338.201,570.7709,1908.972,4,158.7812,387.6771,62.51357,800,500,0,324.9685,0.1624843,0.1259371,0.3172331,0,250,0.3172331,928.1126,48.22485,59.34868,42.04283,0,0,40.79935,16.70603,24.09333,587.4769,0,1180.71,0,0,1.24345e-13,4.263256e-14
naive,2026-01-10 09:45:00,519,9.75,23.66336,3295.948,161.9803,206.1739,44.73279,1,1,2307.164,2306.846,585.4217,317.2768,902.6985,2,0,31.78909,70.90946,800,0,499.6694,200,0.1,0.2046279,0.3172331,0,250,0.3172331,1721.425,54.64943,59.2518,25.58449,0,0,41.52894,30.98564,10.5433,348.2624,0,673.9999,0,5.684342e-14,-7.993606e-15,4.263256e-14
naive,2026-01-10 10:00:00,520,10,23.84867,3325.989,127.6345,203.2246,62.84551,1,1,2328.193,2327.875,1347.241,576.6263,1923.868,4,143.0612,398.7842,82.02214,800,500,0,324.9685,0.1624843,0.1259371,0.3172331,0,250,0.3172331,980.6342,63.0923,59.05689,0,0,0,41.90747,17.65141,24.25605,594.2777,0,1122.116,0,0,1.24345e-13,4.263256e-14
naive,2026-01-10 10:15:00,521,10.25,24.1162,3297.209,106.2208,209.5298,70.05804,1,1,2308.047,2307.729,603.0516,325.0489,928.1005,2,0,31.93731,96.16316,800,0,499.6694,200,0.1,0.2046279,0.3172331,0,250,0.3172331,1704.678,73.76392,58.77552,0,0,0,41.54484,30.6842,10.86064,355.7331,0,645.3437,0,0,-7.993606e-15,4.263256e-14
naive,2026-01-10 10:30:00,522,10.5,24.31074,3282.449,116.2623,208.9608,80.63153,1,1,2297.714,2297.397,1342.645,578.6968,1921.342,4,108.6241,401.3585,111.3595,800,500,0,324.9685,0.1624843,0.1259371,0.3172331,0,250,0.3172331,954.7517,85.24725,58.57091,7.638189,0,0,41.35886,17.18553,24.17333,595.8823,0,1139.048,0,-2.273737e-13,1.24345e-13,4.263256e-14
naive,2026-01-10 10:45:00,523,10.75,24.4505,3319.918,100.8752,213.6097,85.64771,1,1,2323.943,2323.626,596.7884,322.2878,919.0761,2,0,2.030034,117.0461,800,0,499.6694,200,0.1,0.2046279,0.3172331,0,250,0.3172331,1726.837,89.46956,58.42392,0.1497812,0,0,41.83097,31.08307,10.7479,353.3708,0,641.2731,0,0,-7.993606e-15,4.263256e-14
naive,2026-01-10 11:00:00,524,11,24.54679,3296.361,116.9819,216.5612,94.2297,1,1,2307.453,2307.136,1342.113,580.6211,1922.734,4,90.47641,409.0319,123.226,800,500,0,324.9685,0.1624843,0.1259371,0.3172331,0,250,0.3172331,965.0223,94.09855,58.32265,26.50549,0,0.1311486,41.53415,17.3704,24.16375,598.0151,0,1176.139,0,0,1.24345e-13,4.263256e-14
naive,2026-01-10 11:15:00,525,11.25,24.82619,3324.065,138.3654,210.0874,107.0324,1,1,2326.846,2326.529,611.8263,328.9172,940.7435,2,0,0,140.7435,800,0,492.8334,201.709,0.1008545,0.2046279,0.3172331,0,250,0.3172331,1714.702,107.1608,58.02879,55.78789,0,0,41.88322,30.86464,11.01858,359.7819,0,750.5155,0,5.684342e-14,4.884981e-14,4.263256e-14
naive,2026-01-10 11:30:00,526,11.5,25.22676,3335.434,112.0932,210.4084,115.2299,1,1,2334.804,2334.487,981.1274,480.8001,1461.927,3,91.82326,415.9664,154.1378,800,0,6.709024,200,0.1,0.1270132,0.3172331,0,250,0.3172331,1353.359,116.8651,57.60749,13.5609,0,0,426.4438,247.1864,179.2575,727.9864,0,1414.557,0,-1.136868e-13,3.885781e-16,4.263256e-14
naive,2026-01-10 11:45:00,527,11.75,25.47925,3386.276,87.77488,214.0566,124.8354,1,1,2370.393,2370.076,1377.887,595.6327,1973.519,4,96.8572,415.6303,161.032,800,500,0,324.9685,0.1624843,0.1259371,0.3172331,0,250,0.3172331,992.1889,121.7669,57.34194,0,0,3.068502,435.1514,182.1438,253.0076,778.3399,0,1492.17,0,0,1.24345e-13,4.263256e-14
naive,2026-01-10 12:00:00,528,12,25.71288,3438.493,64.19299,208.3109,137.4541,1,1,2406.945,2406.628,645.4922,343.7588,989.251,2,0,15.68181,173.5692,800,0,499.6694,200,0.1,0.2046279,0.3172331,0,250,0.3172331,1761.136,130.9227,57.09622,0,0,6.531388,443.9562,324.8379,119.1182,669.8014,0,1275.37,0,-5.684342e-14,-7.993606e-15,4.263256e-14
naive,2026-01-10 12:15:00,529,12.25,25.97772,3390.527,80.5683,209.9978,142.3666,1,1,2373.369,2373.051,1384.846,599.6856,1984.532,4,88.5799,412.6945,183.2575,800,500,0,324.9685,0.1624843,0.1259371,0.3172331,0,250,0.3172331,988.205,137.8423,56.81768,0,0,4.524222,440.128,183.2571,256.8709,783.7817,0,1503.643,0,0,1.24345e-13,4.263256e-14
naive,2026-01-10 12:30:00,530,12.5,26.0588,3425.154,71.6171,209.6884,147.9123,1,1,2397.608,2397.291,668.0115,353.6864,1021.698,3,0,24.13267,197.5653,800,0,499.6694,200,0.1,0.2046279,0.3172331,0,250,0.3172331,1729.279,148.4762,56.7324,0,0,0,445.3596,321.2165,124.1432,674.9029,0,1285.982,0,0,-7.993606e-15,4.263256e-14
naive,2026-01-10 12:45:00,531,12.75,26.22016,3458.608,69.07979,213.8583,161.8575,1,1,2421.026,2420.708,1398.275,601.7245,2000,4,103.1433,421.0572,204.8403,770.9592,500,0,324.9685,0.1624843,0.1259371,0.3172331,0,250,0.3172331,1022.433,153.6791,54.50941,0,0,8.178402,451.1971,190.5469,260.6503,793.7955,0,1526.268,0,0,1.24345e-13,4.263256e-14
naive,2026-01-10 13:00:00,532,13,26.38326,3451.14,65.05468,208.0137,169.8968,1,1,2415.798,2415.481,682.1461,359.9176,1042.064,3,0,24.80361,217.2601,800,0,499.6694,200,0.1,0.2046279,0.3172331,0,250,0.3172331,1733.334,162.7135,56.39115,0,0,7.183333,451.7332,324.1185,127.6147,685.3794,0,1307.319,0,5.684342e-14,-7.993606e-15,4.263256e-14
naive,2026-01-10 13:15:00,533,13.25,26.6146,3449.09,92.98539,211.4926,179.8855,1,1,2414.363,2414.046,1400.579,599.4205,2000,4,104.0609,427.456,240.9138,727.5693,500,0,324.9685,0.1624843,0.1259371,0.3172331,0,250,0.3172331,1013.466,179.9827,51.06431,0,0,0,453.6235,190.4155,263.208,789.836,0,1522.225,0,0,1.24345e-13,4.263256e-14
naive,2026-01-10 13:30:00,534,13.5,26.79643,3432.196,102.7674,215.8758,182.6746,1,1,2402.537,2402.22,706.5756,370.6873,1077.263,3,0,33.56989,243.693,800,0,499.6694,200,0.1,0.2046279,0.3172331,0,250,0.3172331,1695.644,181.7045,55.95661,0,0,0.9701034,453.1043,319.7885,133.3158,690.6588,0,1318.366,0,0,-7.993606e-15,4.263256e-14
naive,2026-01-10 13:45:00,535,13.75,26.81709,3438.699,108.9112,211.4697,193.0146,1,1,2407.089,2406.772,1402.339,597.6606,2000,4,111.4924,420.914,262.3469,705.2466,500,0,324.9685,0.1624843,0.1259371,0.3172331,0,250,0.3172331,1004.433,195.57,49.30985,0,0,0,454.1575,189.5113,264.6462,787.1719,0,1518.87,0,1.136868e-13,1.24345e-13,4.263256e-14
naive,2026-01-10 14:00:00,536,14,27.13645,3461.029,79.93678,208.7937,205.8191,1,1,2422.72,2422.403,708.657,371.6049,1080.262,3,0,13.59274,266.6692,800,0,499.6694,200,0.1,0.2046279,0.3172331,0,250,0.3172331,1713.746,198.1108,55.59898,0,0,7.708376,460.1567,325.4984,134.6582,698.5675,0,1334.586,0,5.684342e-14,-7.993606e-15,4.263256e-14
naive,2026-01-10 14:15:00,537,14.25,27.51842,3500.134,72.86689,212.4167,225.1375,1,1,2450.094,2449.777,1399.474,600.5258,2000,4,86.00279,416.8461,277.0906,720.0605,500,0,324.9685,0.1624843,0.1259371,0.3172331,0,250,0.3172331,1050.302,205.0062,49.6817,0,0,20.13133,469.0994,201.0928,268.0066,805.473,0,1555.054,0,0,1.24345e-13,4.263256e-14
naive,2026-01-10 14:30:00,538,14.5,27.63321,3531.925,80.06519,208.1992,227.5431,1,1,2472.347,2472.03,721.6269,377.3227,1098.95,3,0,12.82112,286.1286,800,0,499.6694,200,0.1,0.2046279,0.3172331,0,250,0.3172331,1750.403,211.4302,55.07652,0,0,16.11291,474.5072,335.9475,138.5597,716.3627,0,1370.764,0,-1.136868e-13,-7.993606e-15,4.263256e-14
naive,2026-01-10 14:45:00,539,14.75,27.82425,3512.854,85.45952,210.0907,229.9363,1,1,2458.998,2458.68,1402.564,597.436,2000,4,109.6168,407.3398,285.1855,697.8579,500,0,324.9685,0.1624843,0.1259371,0.3172331,0,250,0.3172331,1056.116,210.2975,47.86921,0,0,19.63881,473.8563,203.5168,270.3394,804.7373,0,1555.622,0,0,1.24345e-13,4.263256e-14
naive,2026-01-10 15:00:00,540,15,27.98639,3481.656,97.3333,214.3374,236.238,1,1,2437.159,2436.842,719.6038,376.4308,1096.035,3,0,0,296.0346,800,0,496.3603,200.8273,0.1004136,0.2046279,0.3172331,0,250,0.3172331,1717.238,217.9137,54.70507,5.359362,0,18.32429,471.2677,332.0583,139.2094,712.0324,0,1371.767,0,-1.705303e-13,4.884981e-14,4.263256e-14
naive,2026-01-10 15:15:00,541,15.25,28.20366,3498.718,127.0916,203.9583,237.9149,1,1,2449.103,2448.785,1076.545,522.3121,1598.857,4,96.47097,406.9717,295.4148,800,0,3.182722,200,0.1,0.126458,0.3172331,0,250,0.3172331,1372.24,216.944,54.47656,27.43792,0,20.97092,475.7758,266.5787,209.1971,792.9647,0,1571.974,0,2.273737e-13,5.551115e-17,4.263256e-14
naive,2026-01-10 15:30:00,542,15.5,28.11283,3417.201,138.7889,205.587,240.5504,1,1,2392.04,2391.723,1404.149,595.851,2000,4,120.7991,402.1961,292.0335,684.9713,500,0,324.9685,0.1624843,0.1259371,0.3172331,0,250,0.3172331,987.5742,214.6731,46.72539,17.98974,0,25.87735,463.7904,191.4798,272.3106,792.3482,0,1563.163,0,0,1.24345e-13,4.263256e-14
naive,2026-01-10 15:45:00,543,15.75,28.41426,3382.024,154.3689,209.8604,239.8671,1,1,2367.417,2367.1,733.2846,382.462,1115.747,3,0,29.17995,286.5666,800,0,499.6694,200,0.1,0.2046279,0.3172331,0,250,0.3172331,1633.815,209.9633,54.25506,28.99054,0,29.9038,461.9862,318.8286,143.1577,707.1261,0,1403.224,0,0,-7.993606e-15,4.263256e-14
naive,2026-01-10 16:00:00,544,16,28.42883,3400.492,159.5492,198.7307,233.5382,1,1,2380.345,2380.027,1403.863,596.1374,2000,4,122.9816,397.3136,285.6483,694.0564,500,0,324.9685,0.1624843,0.1259371,0.3172331,0,250,0.3172331,976.1649,209.2572,47.05679,36.56756,0,24.28093,464.6544,190.5519,274.1025,791.4291,0,1592.998,0,-2.273737e-13,1.24345e-13,4.263256e-14
naive,2026-01-10 16:15:00,545,16.25,28.65593,3450.562,169.061,199.0606,234.3141,1,1,2415.394,2415.076,749.188,389.473,1138.661,3,0,55.96135,282.6997,800,0,499.6694,200,0.1,0.2046279,0.3172331,0,250,0.3172331,1665.888,206.5835,54.00088,6.847362,0,27.73052,473.8065,326.7827,147.0239,721.6953,0,1394.451,0,1.136868e-13,-7.993606e-15,4.263256e-14
naive,2026-01-10 16:30:00,546,16.5,28.71278,3413.16,187.1816,199.9591,232.6431,1,1,2389.212,2388.895,1411.631,588.3686,2000,4,186.3202,385.3882,283.6857,644.6059,500,0,324.9685,0.1624843,0.1259371,0.3172331,0,250,0.3172331,977.2633,207.175,43.46343,0.8613967,0,25.46805,469.2463,191.9366,277.3097,785.3072,0,1523.204,0,1.136868e-13,1.24345e-13,4.263256e-14
naive,2026-01-10 16:45:00,547,16.75,28.69416,3401.171,220.1293,195.5428,224.7461,1,1,2380.82,2380.502,773.9955,400.4093,1174.405,3,0,94.61067,279.7941,800,0,499.6694,200,0.1,0.2046279,0.3172331,0,250,0.3172331,1606.507,204.3747,53.96067,10.88843,0,20.37145,467.4101,315.3945,152.0155,719.8033,0,1397.683,0,-5.684342e-14,-7.993606e-15,4.263256e-14
naive,2026-01-10 17:00:00,548,17,28.69429,3357.946,238.5419,195.191,220.2798,1,1,2350.563,2350.245,1419.746,580.2535,2000,4,254.123,385.5952,264.6917,595.59,500,0,324.9685,0.1624843,0.1259371,0.3172331,0,250,0.3172331,930.4988,193.3429,40.17294,0,0,26.93691,461.4712,182.679,278.7922,768.2209,0,1491.247,0,0,1.24345e-13,4.263256e-14
naive,2026-01-10 17:15:00,549,17.25,28.81501,3345.086,286.1422,187.7749,204.1267,1,1,2341.56,2341.243,816.7198,419.2443,1235.964,3,0,184.7441,251.22,800,0,499.6694,200,0.1,0.2046279,0.3172331,0,250,0.3172331,1524.523,183.26,53.83357,0,0,20.8667,460.9054,300.0824,160.823,723.4341,0,1386.305,0,-2.273737e-13,-7.993606e-15,4.263256e-14
naive,2026-01-10 17:30:00,550,17.5,28.69044,3330.937,348.7973,187.6165,192.6266,1,1,2331.656,2331.338,1431.968,568.0321,2000,4,358.9229,378.3429,236.6423,526.0919,500,0,324.9685,0.1624843,0.1259371,0.3172331,0,250,0.3172331,899.3706,172.8617,35.48791,0,0,19.7649,457.7213,176.5531,281.1682,748.4652,0,1457.006,0,0,1.24345e-13,4.263256e-14
naive,2026-01-10 17:45:00,551,17.75,28.61632,3299.232,406.432,182.9058,183.6714,1,1,2309.463,2309.145,878.8847,446.6497,1325.534,3,0,293.7499,231.7844,800,0,499.6694,200,0.1,0.2046279,0.3172331,0,250,0.3172331,1430.261,169.4505,54.04254,0,0,14.22092,452.6401,280.3221,172.318,729.759,0,1398.72,0,0,-7.993606e-15,4.263256e-14
naive,2026-01-10 18:00:00,552,18,28.51433,3298.324,473.0866,1.560252,179.1887,1,1,2308.827,2308.509,1428.246,571.7544,2000,4,479.4124,3.702719,224.5976,792.2873,500,0,324.9685,0.1624843,0.1259371,0.3172331,0,250,0.3172331,880.2638,164.3797,53.62776,0,0,14.80903,451.5226,172.1476,279.375,746.7981,0,1433.265,0,2.273737e-13,1.24345e-13,4.263256e-14
naive,2026-01-10 18:15:00,553,18.25,28.23835,3280.244,511.7825,1.658853,157.945,1,1,2296.171,2295.854,692.5522,359.9092,1052.461,3,38.63541,1.50759,212.3184,800,0,499.6694,200,0.1,0.2046279,0.3172331,0,250,0.3172331,1603.301,155.8615,54.44007,0,0.1512632,2.08349,446.3974,311.697,134.7004,672.0112,0,1283.038,0,-5.684342e-14,-7.993606e-15,4.263256e-14
naive,2026-01-10 18:30:00,554,18.5,28.34331,3278.887,571.3872,1.909156,156.3479,1,1,2295.221,2294.904,1445.313,554.6865,2000,4,615.4519,1.254097,204.6537,678.6402,500,0,324.9685,0.1624843,0.1259371,0.3172331,0,250,0.3172331,849.5903,150.0631,46.08788,0,0.6550588,6.284853,447.2166,165.54,281.6766,721.4511,0,1392.183,0,2.273737e-13,1.24345e-13,4.263256e-14
naive,2026-01-10 18:45:00,555,18.75,28.33764,3257.107,630.4029,6.548506,144.2189,1,1,2279.975,2279.658,776.4881,381.5581,1158.046,3,167.7062,7.130522,183.2095,800,0,499.6694,200,0.1,0.2046279,0.3172331,0,250,0.3172331,1503.169,134.3473,54.33564,0,0,9.871531,444.1919,292.8522,151.3397,676.3335,0,1291.539,0,-5.684342e-14,-7.993606e-15,4.263256e-14
naive,2026-01-10 19:00:00,556,19,28.23884,3211.881,691.6643,6.74293,136.2668,1,0,2248.316,2247.999,1455.445,544.5553,2000,4,706.8256,3.654606,161.2605,628.2593,500,0,324.9685,0.1624843,0.1259371,0.3172331,0,250,0.3172331,792.5546,118.3796,42.75269,0,3.088324,17.88723,437.0987,154.0818,283.0169,702.1146,0,1361.46,0,0,1.24345e-13,4.263256e-14
naive,2026-01-10 19:15:00,557,19.25,28.28052,3205.637,717.083,1.847351,127.0426,0,0,2243.946,2243.629,780.876,378.1064,1158.982,3,212.9828,1.388714,144.611,800,0,499.6694,200,0.1,0.2046279,0.3172331,0,250,0.3172331,1462.753,106.1091,54.39572,4.430757,0.4586366,20.93347,436.6382,284.6297,152.0085,0,666.8095,3614.691,0,-1.136868e-13,-7.993606e-15,4.263256e-14
naive,2026-01-10 19:30:00,558,19.5,28.03109,3215.302,721.4281,0.5426097,105.1661,0,0,2250.712,2250.394,1455.719,544.2807,2000,4,717.9833,3.204583,137.9621,640.85,500,0,324.9685,0.1624843,0.1259371,0.3172331,0,250,0.3172331,794.6752,101.5058,43.78451,3.444753,0,3.660282,435.6289,153.8107,281.8183,0,698.7998,3800.084,0,0,1.24345e-13,4.263256e-14
naive,2026-01-10 19:45:00,559,19.75,27.8856,3180.015,705.5473,0,94.39996,0,0,2226.011,2225.694,750.0839,367.2053,1117.289,3,190.5083,3.844386,122.9366,800,0,499.6694,200,0.1,0.2046279,0.3172331,0,250,0.3172331,1475.61,90.59382,54.81107,15.36963,0,3.806133,429.5175,284.7247,144.7928,0,652.6644,3554.504,0,-5.684342e-14,-7.993606e-15,4.263256e-14
naive,2026-01-10 20:00:00,560,20,27.96186,3201.385,685.0937,1.553728,89.60428,0,0,2240.97,2240.653,1447.767,552.2333,2000,4,668.5341,3.237499,112.0188,716.2096,500,0,324.9685,0.1624843,0.1259371,0.3172331,0,250,0.3172331,792.8858,82.48004,48.99846,16.55964,0,7.124245,433.105,153.2385,279.8665,0,706.8486,3861.11,0,0,1.24345e-13,4.263256e-14
naive,2026-01-10 20:15:00,561,20.25,27.92614,3194.295,641.8153,7.996957,80.29189,0,0,2236.007,2235.689,692.1022,348.4352,1040.537,3,133.4211,1.819614,105.2967,800,0,499.6694,200,0.1,0.2046279,0.3172331,0,250,0.3172331,1543.587,77.5606,54.76843,8.724849,6.177342,2.731296,431.8179,298.0978,133.7201,0,647.0604,3522.924,0,-1.705303e-13,-7.993606e-15,4.263256e-14
naive,2026-01-10 20:30:00,562,20.5,27.46085,3166.551,606.7897,15.38377,69.8928,0,0,2216.586,2216.268,1427.719,559.161,1986.88,4,588.1199,4.158094,94.60155,800,500,0,324.9685,0.1624843,0.1259371,0.3172331,0,250,0.3172331,788.5498,70.03478,55.2578,18.6698,11.22567,0,423.8775,150.7943,273.0832,0,709.9553,3894.159,0,1.136868e-13,1.24345e-13,4.263256e-14
naive,2026-01-10 20:45:00,563,20.75,26.84573,3152.001,541.6544,14.66608,63.30531,0,0,2206.401,2206.084,621.1721,327.0433,948.2154,2,50.38695,8.246113,89.58237,800,0,499.6694,200,0.1,0.2046279,0.3172331,0,250,0.3172331,1584.912,66.75984,55.90475,0,6.419967,0,416.5402,299.211,117.3292,0,626.2543,3392.58,0,-5.684342e-14,-7.993606e-15,4.263256e-14
naive,2026-01-10 21:00:00,564,21,26.52568,3127.337,492.0978,6.418061,56.61836,0,0,2189.136,2188.819,1351.303,536.4315,1887.734,4,496.001,9.828796,81.90454,800,500,0,324.9685,0.1624843,0.1259371,0.3172331,0,250,0.3172331,837.5158,61.24777,56.24136,0,0,0,410.5521,157.0683,253.4838,0,693.4998,3750.978,0,2.273737e-13,1.24345e-13,4.263256e-14
naive,2026-01-10 21:15:00,565,21.25,26.47155,3094.107,419.7237,8.501662,51.76363,0,0,2165.875,2165.558,567.1285,309.2123,876.3408,2,0,0,76.34078,800,0,413.8622,221.4518,0.1107259,0.2046279,0.3172331,0,250,0.3172331,1598.429,57.12028,56.29829,6.318771,8.044452,0,405.7367,299.4362,106.3005,0,608.6485,3309.008,0,1.136868e-13,-7.993606e-15,4.263256e-14
naive,2026-01-10 21:30:00,566,21.5,26.20774,3110.577,340.9481,0.9337146,50.20597,0,0,2177.404,2177.086,780.8987,370.2752,1151.174,3,278.898,0.5297673,71.74624,800,0,85.66781,200,0.1,0.139445,0.3172331,0,250,0.3172331,1396.188,53.83394,56.57576,0,0.4039473,0,405.6909,260.1358,145.5551,0,630.411,3404.31,0,5.684342e-14,2.275957e-15,4.263256e-14
naive,2026-01-10 21:45:00,567,21.75,25.97057,3121.981,273.2321,0,43.47576,0,0,2185.387,2185.07,1181.097,483.721,1664.818,4,308.336,0.261919,56.22025,800,500,0,324.9685,0.1624843,0.1259371,0.3172331,0,250,0.3172331,1003.973,42.29086,56.82519,0,0,1.184896,405.2088,186.154,219.0548,0,670.0946,3621.592,0,-5.684342e-14,1.24345e-13,4.263256e-14
naive,2026-01-10 22:00:00,568,22,25.83469,3096.637,249.464,0,34.19027,0,0,2167.646,2167.329,554.3886,303.5958,857.9844,2,0,0,57.98441,800,0,255.1298,261.1349,0.1305675,0.2046279,0.3172331,0,250,0.3172331,1612.94,43.68096,56.9681,0,0,0,400.8085,298.2406,102.5678,0,601.8365,3246.012,0,0,2.04281e-14,4.263256e-14
naive,2026-01-10 22:15:00,569,22.25,25.49783,3081.819,204.1804,0,27.98562,0,0,2157.274,2156.956,549.7108,301.5337,851.2444,2,0,0,51.24443,800,0,213.7359,207.6598,0.1038299,0.1644328,0.3172331,0,250,0.3172331,1607.246,38.74168,57.32239,0,0,0,396.1761,295.1653,101.0108,0,596.699,3217.357,0,5.684342e-14,2.176037e-14,4.263256e-14
naive,2026-01-10 22:30:00,570,22.5,25.30074,3068.325,168.6582,0,28.95923,0,0,2147.828,2147.511,676.7559,337.8588,1014.615,3,165.4563,6.160981,42.99743,800,0,30.50852,200,0.1,0.1307603,0.3172331,0,250,0.3172331,1470.755,32.5746,57.52968,0,0,0,392.8772,269.0281,123.8491,0,606.887,3273.157,0,1.136868e-13,1.304512e-15,4.263256e-14
naive,2026-01-10 22:45:00,571,22.75,25.17474,3078.849,183.859,0,22.25772,0,0,2155.194,2154.877,1069.499,450.2815,1519.78,4,175.8651,3.79307,40.12212,800,500,0,324.9685,0.1624843,0.1259371,0.3172331,0,250,0.3172331,1085.378,30.43672,57.6622,7.99396,0,0,393.2278,198.0336,195.1942,0,648.3151,3514.653,0,-1.705303e-13,1.24345e-13,4.263256e-14
naive,2026-01-10 23:00:00,572,23,25.0021,3105.351,139.5213,0,20.5636,0,1,2173.745,2173.428,540.8975,297.6483,838.5458,2,0,0,38.54578,800,0,175.7971,280.9681,0.140484,0.2046279,0.3172331,0,250,0.3172331,1632.531,29.29415,57.84378,0,0,0,395.243,296.8362,98.40681,0,594.4845,3204.591,0,0,2.04281e-14,4.263256e-14
naive,2026-01-10 23:15:00,573,23.25,24.81746,3073.792,123.6424,7.646452,23.71094,1,1,2151.654,2151.337,540.2433,297.3599,837.6032,2,0,0,37.60319,800,0,139.3076,246.097,0.1230485,0.1769215,0.3172331,0,250,0.3172331,1611.094,28.63334,58.03797,0,5.691769,0,38.72978,28.99969,9.730089,326.3596,0,597.2448,0,-5.684342e-14,-1.94289e-14,4.263256e-14
naive,2026-01-10 23:30:00,574,23.5,24.50146,3071.699,93.21601,5.461665,19.89895,1,1,2150.189,2149.872,538.837,296.74,835.577,2,0,0,35.57699,800,0,115.1656,217.2668,0.1086334,0.1549636,0.3172331,0,250,0.3172331,1611.035,27.1804,58.37033,0,5.307723,0,38.70341,28.99863,9.704777,325.7386,0,594.9664,0,0,-4.898859e-14,4.263256e-14
naive,2026-01-10 23:45:00,575,23.75,24.33188,3061.469,82.39929,2.109682,17.70474,1,1,2143.029,2142.711,571.8524,306.0411,877.8936,2,44.16365,1.170656,32.55926,800,0,68.93051,200,0.1,0.1368097,0.3172331,0,250,0.3172331,1570.859,24.91906,58.54868,0,0.939026,0,38.57451,28.27546,10.29905,334.3166,0,604.3857,0,0,4.496403e-15,4.263256e-14
naive,2026-01-11 00:00:00,576,0,24.03995,3067.078,91.36581,0,11.97176,1,1,2146.954,2146.637,1008.006,430.8402,1438.846,3,111.4078,0.2147878,27.2236,800,500,0,324.9685,0.1624843,0.1259371,0.3172331,0,250,0.3172331,1138.631,20.89902,58.85572,0,0,0,38.64518,20.49536,18.14982,451.3356,0,836.4585,0,-1.136868e-13,1.24345e-13,4.263256e-14
naive,2026-01-11 00:15:00,577,0.25,23.97616,3092.88,86.02172,0,18.16349,1,1,2165.016,2164.699,537.4474,296.1274,833.5748,2,0,0,33.57476,800,0,111.15,297.1299,0.1485649,0.2046279,0.3172331,0,250,0.3172331,1627.251,25.79182,58.9228,0,0,0,38.97028,29.29052,9.679764,325.4179,0,584.5476,0,-5.684342e-14,7.727152e-14,4.263256e-14
naive,2026-01-11 00:30:00,578,0.5,24.07734,3056.409,113.8502,0,22.33863,1,1,2139.486,2139.169,536.5838,295.7467,832.3305,2,0,0,32.3305,800,0,126.1401,265.5481,0.132774,0.1870983,0.3172331,0,250,0.3172331,1602.585,24.80982,58.81639,0,0,0,38.51075,28.84653,9.664219,324.5932,0,583.0179,0,5.684342e-14,1.007805e-13,4.263256e-14
naive,2026-01-11 00:45:00,579,0.75,23.74723,2997.913,93.03824,0,19.9292,1,1,2098.539,2098.222,529.4765,292.6134,822.0898,2,0,0,22.08983,800,0,114.3694,236.9139,0.1184569,0.1672117,0.3172331,0,250,0.3172331,1568.745,17.00966,59.16358,0,0,2.91954,37.7737,28.23741,9.536287,321.3686,0,576.1782,0,0,3.569367e-14,4.263256e-14
naive,2026-01-11 01:00:00,580,1,23.23711,2997.261,82.10515,0,21.90596,1,1,2098.082,2097.765,530.118,292.8962,823.0141,2,0,0,23.01415,800,0,99.56011,211.9866,0.1059933,0.1491812,0.3172331,0,250,0.3172331,1567.647,17.81532,59.7001,0,0,4.090631,37.76548,28.21765,9.547834,321.8323,0,576.5019,0,0,5.312417e-14,4.263256e-14
naive,2026-01-11 01:15:00,581,1.25,22.96454,2961.437,64.43388,0,17.53083,1,1,2073.006,2072.689,572.5604,304.6184,877.1788,2,58.74736,0.2446327,18.18679,800,0,47.81282,200,0.1,0.1334848,0.3172331,0,250,0.3172331,1500.128,14.1181,59.98677,0,0,3.412722,37.3141,27.00231,10.3118,332.2169,0,596.9487,0,-5.684342e-14,-2.942091e-15,4.263256e-14
naive,2026-01-11 01:30:00,582,1.5,22.80385,3012.921,72.39292,0,11.9902,1,1,2109.044,2108.727,1000.225,427.6489,1427.874,3,109.401,1.827762,16.64548,800,500,0,324.9685,0.1624843,0.1259371,0.3172331,0,250,0.3172331,1108.502,12.94301,60.15578,0,0,0,37.9628,19.95303,18.00977,447.6019,0,827.5286,0,1.705303e-13,1.24345e-13,4.263256e-14
naive,2026-01-11 01:45:00,583,1.75,22.73756,2995.895,66.69929,0,6.895947,1,1,2097.127,2096.809,526.4125,291.2626,817.6751,2,0,0,17.67506,800,0,108.8112,297.7145,0.1488573,0.2046279,0.3172331,0,250,0.3172331,1570.397,13.75296,60.22549,0,0,0,37.74828,28.26715,9.481134,319.5298,0,571.3058,0,5.684342e-14,9.148238e-14,4.263256e-14
naive,2026-01-11 02:00:00,584,2,22.68144,2992.372,71.87108,0,12.39828,1,1,2094.661,2094.343,529.1713,292.4788,821.6501,2,0,0,21.65007,800,0,114.5096,269.0403,0.1345201,0.1874665,0.3172331,0,250,0.3172331,1565.172,16.85563,60.28453,0,0,0,37.70389,28.1731,9.530793,320.6519,0,573.4837,0,0,6.528111e-14,4.263256e-14
naive,2026-01-11 02:15:00,585,2.25,22.39029,3005.189,66.16905,0,9.486568,1,1,2103.632,2103.315,533.231,294.2685,827.4995,2,0,0,27.49952,800,0,114.3843,240.4019,0.1202009,0.1694107,0.3172331,0,250,0.3172331,1570.084,21.47376,60.59073,0,0,0,37.86538,28.26151,9.603868,322.5301,0,576.8955,0,0,2.467471e-14,4.263256e-14
naive,2026-01-11 02:30:00,586,2.5,22.10954,3015.141,80.61311,0,12.73708,1,1,2110.599,2110.282,534.3471,294.7606,829.1077,2,0,0,29.10768,800,0,90.63317,217.7057,0.1088529,0.1513775,0.3172331,0,250,0.3172331,1575.935,22.79491,60.88601,0,0,0,37.99078,28.36682,9.623958,323.1274,0,577.7581,0,5.684342e-14,1.132427e-14,4.263256e-14
naive,2026-01-11 02:45:00,587,2.75,22.10896,3008.312,75.68266,0,12.53055,1,1,2105.818,2105.501,561.1657,302.4219,863.5876,2,34.98342,2.298319,26.3059,800,0,70.68577,200,0.1,0.1370861,0.3172331,0,250,0.3172331,1544.335,20.60089,60.88663,0,0,0,37.90473,27.79804,10.10669,330.22,0,591.9425,0,-5.684342e-14,3.080869e-15,4.263256e-14
naive,2026-01-11 03:00:00,588,3,21.81054,3013.898,84.02026,3.466479,17.46748,1,1,2109.729,2109.411,999.4695,428.004,1427.473,3,103.6143,0.5915716,23.26755,800,500,0,324.9685,0.1624843,0.1259371,0.3172331,0,250,0.3172331,1109.942,18.27703,61.20048,0,2.874908,0,37.97511,19.97895,17.99616,447.983,0,832.0746,0,-5.684342e-14,1.24345e-13,4.263256e-14
naive,2026-01-11 03:15:00,589,3.25,21.81006,3042.419,89.00242,4.313511,18.00051,1,1,2129.693,2129.376,528.9684,292.3894,821.3577,2,0,0,21.35773,800,0,109.1814,297.622,0.148811,0.2046279,0.3172331,0,250,0.3172331,1600.407,16.77691,61.20099,0,1.56443,1.223598,38.33447,28.80733,9.527141,321.4058,0,576.6592,0,0,9.148238e-14,4.263256e-14
naive,2026-01-11 03:30:00,590,3.5,21.64881,3035.361,87.14813,0.675578,12.33616,1,1,2124.753,2124.435,525.8669,291.0221,816.8891,2,0,0,16.88906,800,0,121.7417,267.1397,0.1335699,0.1874082,0.3172331,0,250,0.3172331,1598.568,13.28847,61.37058,0,0,0,38.24555,28.77423,9.471315,319.7963,0,570.5508,0,-5.684342e-14,5.856426e-15,4.263256e-14
naive,2026-01-11 03:45:00,591,3.75,21.63028,3083.73,102.1625,0,6.677073,1,1,2158.611,2158.293,530.0757,292.8776,822.9533,2,0,0,22.95328,800,0,143.664,231.1817,0.1155908,0.168214,0.3172331,0,250,0.3172331,1628.218,18.06326,61.39007,0,0,0,38.85499,29.30792,9.547073,322.1855,0,575.3071,0,1.136868e-13,1.16851e-14,4.263256e-14
naive,2026-01-11 04:00:00,592,4,21.61602,3086.885,120.8725,0,8.431786,1,1,2160.82,2160.502,555.4145,300.5319,855.9465,2,29.55811,3.262487,23.12589,800,0,124.5812,200,0.1,0.1455717,0.3172331,0,250,0.3172331,1605.088,18.20174,61.40507,0,0,0,38.89475,28.89158,10.00317,329.4235,0,589.7664,0,-5.684342e-14,-2.553513e-15,4.263256e-14
naive,2026-01-11 04:15:00,593,4.25,21.62356,3024.242,153.3554,1.393581,14.85959,1,1,2116.97,2116.652,1062.655,446.4406,1509.096,4,182.791,2.769516,23.53519,800,500,0,324.9685,0.1624843,0.1259371,0.3172331,0,250,0.3172331,1053.997,18.52247,61.39714,0,0,0,38.10545,18.97195,19.1335,465.4125,0,861.7533,0,-5.684342e-14,1.24345e-13,4.263256e-14
naive,2026-01-11 04:30:00,594,4.5,21.64967,3055.115,156.6875,1.609988,15.33651,1,1,2138.581,2138.263,522.2984,289.4489,811.7473,2,0,0,11.74731,800,0,221.7259,269.4859,0.1347429,0.2046279,0.3172331,0,250,0.3172331,1615.965,9.242814,61.36968,0,0,6.0937,38.49445,29.08737,9.407081,319.5747,0,570.1084,0,0,-7.993606e-15,4.263256e-14
naive,2026-01-11 04:45:00,595,4.75,21.45358,3016.407,228.9722,1.202639,21.38782,1,1,2111.485,2111.168,525.6666,290.9338,816.6003,2,0,0,16.60035,800,0,271.6057,201.542,0.100771,0.1696913,0.3172331,0,250,0.3172331,1585.501,13.08724,61.57591,0,0,8.300578,38.00673,28.53902,9.467708,320.882,0,572.4912,0,5.684342e-14,-4.92939e-14,4.263256e-14
naive,2026-01-11 05:00:00,596,5,21.44166,3038.491,285.2093,3.93894,25.02648,1,1,2126.944,2126.627,770.1761,361.9712,1132.147,3,308.9671,8.87136,14.30873,800,0,6.041249,200,0.1,0.1269081,0.3172331,0,250,0.3172331,1356.451,11.28196,61.58846,0,0,13.74452,38.28499,24.41611,13.86888,388.7202,0,708.1535,0,0,-1.665335e-16,4.263256e-14
naive,2026-01-11 05:15:00,597,5.25,21.40735,3105.127,357.17,0,21.11437,1,1,2173.589,2173.272,1219.507,491.2669,1710.774,4,387.2437,7.81585,15.71408,800,500,0,324.9685,0.1624843,0.1259371,0.3172331,0,250,0.3172331,953.7653,12.39434,61.62454,0,0,8.72003,39.12461,17.16778,21.95683,509.9139,0,950.5002,0,2.842171e-13,1.24345e-13,4.263256e-14
naive,2026-01-11 05:30:00,598,5.5,21.42645,3131.516,438.7819,0,17.52892,1,1,2192.061,2191.744,524.904,290.5976,815.5016,2,0,0,15.50165,800,0,456.619,210.7626,0.1053813,0.2046279,0.3172331,0,250,0.3172331,1666.84,12.22442,61.60445,0,0,5.304504,39.45711,30.00312,9.453983,321.5009,0,573.6967,0,-5.684342e-14,-7.993606e-15,4.263256e-14
naive,2026-01-11 05:45:00,599,5.75,21.58037,3100.571,497.5865,0,16.08609,1,1,2170.399,2170.082,906.8788,401.3791,1308.258,3,484.299,5.209232,18.74975,800,0,42.91771,200,0.1,0.1327141,0.3172331,0,250,0.3172331,1263.203,14.76275,61.44257,0,0,1.32335,39.06719,22.73766,16.32953,424.342,0,779.5611,0,0,2.969847e-15,4.263256e-14
naive,2026-01-11 06:00:00,600,6,21.55148,3085.959,593.2561,0,16.24598,1,1,2160.172,2159.854,1388.278,539.6901,1927.968,4,605.6331,2.038835,20.29584,800,500,0,324.9685,0.1624843,0.1259371,0.3172331,0,250,0.3172331,771.5767,15.98476,61.47295,0,0,0.2612193,38.88309,13.88838,24.99471,553.6229,0,1038.089,0,2.273737e-13,1.24345e-13,4.263256e-14
naive,2026-01-11 06:15:00,601,6.25,21.48091,3097.222,671.4077,6.580542,18.71992,1,1,2168.055,2167.738,661.7183,330.4715,992.1898,2,171.8292,1.941376,18.41924,800,0,499.6694,200,0.1,0.2046279,0.3172331,0,250,0.3172331,1506.02,14.51718,61.54717,0,4.639166,4.202749,39.02499,27.10835,11.91664,358.2937,0,655.3494,0,-5.684342e-14,-7.993606e-15,4.263256e-14
naive,2026-01-11 06:30:00,602,6.5,21.42456,3144.035,722.8501,15.7629,20.23814,1,1,2200.824,2200.507,1451.493,548.5068,2000,4,731.6621,2.107335,21.0947,745.1359,500,0,324.9685,0.1624843,0.1259371,0.3172331,0,250,0.3172331,749.0137,16.63535,57.38146,0,13.65557,3.602789,39.61483,13.48225,26.13259,562.6004,0,1084.202,0,0,1.24345e-13,4.263256e-14
naive,2026-01-11 06:45:00,603,6.75,21.43856,3130.72,774.4553,5.083564,15.86968,1,1,2191.504,2191.187,742.3496,353.9471,1096.297,3,273.2978,1.715357,21.28349,800,0,499.6694,200,0.1,0.2046279,0.3172331,0,250,0.3172331,1448.837,16.78185,61.59172,1.488074,3.368207,0,39.44707,26.07907,13.368,380.0261,0,699.1387,0,5.684342e-14,-7.993606e-15,4.263256e-14
naive,2026-01-11 07:00:00,604,7,21.60578,3168.177,781.5234,0,18.79242,1,1,2217.724,2217.406,1459.472,540.5281,2000,4,787.8435,3.150993,28.91434,680.0912,500,0,324.9685,0.1624843,0.1259371,0.3172331,0,250,0.3172331,757.9346,22.76003,52.21046,0,0,0,39.91903,13.64282,26.2762,554.1709,0,1049.605,0,0,1.24345e-13,4.263256e-14
naive,2026-01-11 07:15:00,605,7.25,21.58179,3181.67,752.6995,0,19.69968,1,1,2227.169,2226.852,747.5672,356.3181,1103.885,3,272.7025,4.015777,27.16699,800,0,499.6694,200,0.1,0.2046279,0.3172331,0,250,0.3172331,1479.285,21.38981,61.44107,0,0,0,40.08905,26.62713,13.46192,382.9452,0,696.7692,0,-5.684342e-14,-7.993606e-15,4.263256e-14
naive,2026-01-11 07:30:00,606,7.5,21.82965,3185.697,729.6677,0,25.89439,1,1,2229.988,2229.671,1451.953,548.0467,2000,4,733.2123,1.998697,26.12097,738.668,500,0,324.9685,0.1624843,0.1259371,0.3172331,0,250,0.3172331,777.7176,20.51444,56.49,0,0,5.379948,40.13979,13.99892,26.14087,562.9654,0,1062.38,0,-2.273737e-13,1.24345e-13,4.263256e-14
naive,2026-01-11 07:45:00,607,7.75,21.97544,3190.731,679.3244,0,22.25131,1,1,2233.512,2233.194,675.4367,336.089,1011.526,3,175.4455,5.542295,30.53791,800,0,499.6694,200,0.1,0.2046279,0.3172331,0,250,0.3172331,1557.758,23.94772,61.02705,4.209501,0,0,40.20321,28.03964,12.16357,364.1286,0,666.8632,0,-5.684342e-14,-7.993606e-15,4.263256e-14
naive,2026-01-11 08:00:00,608,8,22.06617,3243.557,605.0353,0.727252,32.21412,1,1,2270.49,2270.172,1448.461,551.5387,2000,4,602.3607,270.3107,31.03251,596.2961,500,0,324.9685,0.1624843,0.1259371,0.3172331,0,250,0.3172331,821.7112,24.31306,45.41662,2.674604,0,7.901055,40.86881,14.7908,26.07801,567.6864,0,1088.893,0,0,1.24345e-13,4.263256e-14
naive,2026-01-11 08:15:00,609,8.25,22.02571,3211.215,516.8212,0,33.60549,1,1,2247.85,2247.533,734.5975,382.4393,1117.037,3,5.056419,274.8036,37.17674,800,0,499.6694,200,0.1,0.2046279,0.3172331,0,250,0.3172331,1512.936,29.13892,60.97418,12.09533,0,4.466572,40.46131,27.23284,13.22846,410.4386,0,773.1457,0,-2.273737e-13,-7.993606e-15,4.263256e-14
naive,2026-01-11 08:30:00,610,8.5,22.20426,3198.104,454.8614,0,34.11628,1,1,2238.673,2238.355,1424.272,575.7276,2000,4,414.5632,276.6244,43.41322,765.3992,500,0,324.9685,0.1624843,0.1259371,0.3172331,0,250,0.3172331,814.083,33.96503,58.15732,40.29818,0,0.1512486,40.29611,14.65349,25.64261,590.4072,0,1184.902,0,2.273737e-13,1.24345e-13,4.263256e-14
naive,2026-01-11 08:45:00,611,8.75,22.45112,3241.217,361.7915,2.5326,36.65021,1,1,2268.852,2268.535,631.024,337.3805,968.4045,2,0,115.4507,52.95372,800,0,499.6694,200,0.1,0.2046279,0.3172331,0,250,0.3172331,1637.511,41.32461,60.52675,23.50758,0,0,40.83933,29.47519,11.36414,366.8557,0,706.1694,0,-1.136868e-13,-7.993606e-15,4.263256e-14
naive,2026-01-11 09:00:00,612,9,22.38724,3281.75,294.7588,10.5475,36.4655,1,1,2297.225,2296.908,1353.84,562.8591,1916.699,4,283.2456,277.0657,56.38743,800,500,0,324.9685,0.1624843,0.1259371,0.3172331,0,250,0.3172331,943.0681,44.03306,60.59395,11.51314,0,0,41.35005,16.97523,24.37483,579.8343,0,1111.361,0,-2.273737e-13,1.24345e-13,4.263256e-14
naive,2026-01-11 09:15:00,613,9.25,22.72059,3261.654,233.9391,5.799002,44.26591,1,1,2283.158,2282.84,561.5529,306.7542,868.3072,2,0,5.311815,62.99535,800,0,499.6694,200,0.1,0.2046279,0.3172331,0,250,0.3172331,1721.287,49.0252,60.24334,15.34814,0,0,41.09684,30.98317,10.11366,337.7374,0,634.1766,0,0,-7.993606e-15,4.263256e-14
naive,2026-01-11 09:30:00,614,9.5,23.11932,3258.617,186.7562,3.733329,55.24912,1,1,2281.032,2280.715,1285.377,544.7282,1830.106,4,181.9446,286.0229,62.13816,800,500,0,324.9685,0.1624843,0.1259371,0.3172331,0,250,0.3172331,995.3371,48.1599,59.82398,4.811662,0,7.08922,41.05857,17.91607,23.1425,563.8865,0,1068.771,0,0,1.24345e-13,4.263256e-14
naive,2026-01-11 09:45:00,615,9.75,23.35228,3254.098,161.4385,3.9574,61.3428,1,1,2277.868,2277.551,558.4925,305.4051,863.8976,2,0,0,63.89758,800,0,441.4697,214.5499,0.107275,0.2046279,0.3172331,0,250,0.3172331,1719.059,49.40444,59.57897,11.07542,0,11.93835,41.00163,30.94306,10.05858,338.4495,0,628.9777,0,5.684342e-14,-6.483702e-14,4.263256e-14
naive,2026-01-11 10:00:00,616,10,23.61132,3295.822,122.9411,7.163939,67.77062,1,1,2307.075,2306.758,832.5663,417.1097,1249.676,3,76.66971,291.188,81.81823,800,0,58.06459,200,0.1,0.1350989,0.3172331,0,250,0.3172331,1474.192,63.09081,59.30652,0,0,4.679806,41.52736,26.53545,14.9919,444.473,0,822.2262,0,-1.705303e-13,-1.998401e-15,4.263256e-14
naive,2026-01-11 10:15:00,617,10.25,24.12519,3303.011,117.5735,0,79.67593,1,1,2312.107,2311.79,1263.697,542.7715,1806.469,4,118.0494,294.9172,93.50229,800,500,0,324.9685,0.1624843,0.1259371,0.3172331,0,250,0.3172331,1048.093,71.71611,58.76606,0,0,7.959822,41.61793,18.86567,22.75226,563.0595,0,1060.007,0,0,1.24345e-13,4.263256e-14
naive,2026-01-11 10:30:00,618,10.5,24.48576,3363.096,111.4547,0,93.71825,1,1,2354.167,2353.85,589.1381,318.9151,908.0532,2,0,0,108.0532,800,0,408.5943,222.7688,0.1113844,0.2046279,0.3172331,0,250,0.3172331,1764.712,82.56499,58.38684,0,0,11.15326,42.37501,31.76481,10.6102,352.6872,0,639.6892,0,-5.684342e-14,-7.993606e-15,4.263256e-14
naive,2026-01-11 10:45:00,619,10.75,24.57123,3398.211,99.38057,0,102.3755,1,1,2378.748,2378.431,808.2528,414.299,1222.552,3,10.19413,298.0559,114.3017,800,0,90.93487,200,0.1,0.1402742,0.3172331,0,250,0.3172331,1570.178,87.26139,58.29695,0,0,15.11414,42.81746,28.2632,14.55426,445.2868,0,824.9896,0,-5.684342e-14,1.082467e-15,4.263256e-14
naive,2026-01-11 11:00:00,620,11,24.77623,3416.814,86.16113,0,97.82591,1,1,2391.77,2391.452,1280.386,551.6251,1832.012,4,105.4714,303.2735,123.2667,800,500,0,324.9685,0.1624843,0.1259371,0.3172331,0,250,0.3172331,1111.066,93.90333,58.08134,0,0,3.922582,43.05185,19.99919,23.05267,572.3343,0,1079.327,0,-1.136868e-13,1.24345e-13,4.263256e-14
naive,2026-01-11 11:15:00,621,11.25,24.96526,3432.728,68.18758,3.078779,107.3899,1,1,2402.91,2402.593,611.7294,328.8745,940.6039,2,0,0,140.6039,800,0,413.9672,221.4256,0.1107128,0.2046279,0.3172331,0,250,0.3172331,1790.863,106.8981,57.88252,0,0,0.4917915,43.25238,32.23554,11.01684,361.1994,0,657.281,0,0,-7.993606e-15,4.263256e-14
naive,2026-01-11 11:30:00,622,11.5,25.15664,3456.183,76.55949,0,117.9447,1,1,2419.328,2419.011,846.863,430.0377,1276.901,3,20.9757,303.0172,152.9078,800,0,85.56284,200,0.1,0.1394284,0.3172331,0,250,0.3172331,1572.148,116.0183,57.68124,0,0,1.926405,441.2603,286.7434,154.5169,717.1325,0,1369.374,0,5.684342e-14,3.413936e-15,4.263256e-14
naive,2026-01-11 11:45:00,623,11.75,25.06085,3484.413,105.3214,0,124.1845,1,1,2439.089,2438.772,1298.833,561.3528,1860.186,4,92.05896,304.8192,163.3077,800,500,0,324.9685,0.1624843,0.1259371,0.3172331,0,250,0.3172331,1139.939,124.0343,57.78199,13.26248,0,0.1501123,444.0112,207.5142,236.497,768.8943,0,1495.662,0,2.273737e-13,1.24345e-13,4.263256e-14
naive,2026-01-11 12:00:00,624,12,25.37471,3488.302,92.76244,0,136.0306,1,1,2441.811,2441.494,637.9841,340.4488,978.4329,2,0,0,178.4329,800,0,381.902,229.4419,0.1147209,0.2046279,0.3172331,0,250,0.3172331,1803.51,135.0741,57.45188,10.93633,0,0.9565219,447.318,330.3869,116.9311,671.011,0,1296.254,0,-5.684342e-14,-6.483702e-14,4.263256e-14
naive,2026-01-11 12:15:00,625,12.25,25.50414,3498.805,79.83387,0,151.8602,1,1,2449.164,2448.846,829.5509,424.9009,1254.452,3,0,267.9008,186.551,800,0,117.623,200,0.1,0.1444762,0.3172331,0,250,0.3172331,1619.296,141.0264,57.31576,0,0,10.83378,449.8381,297.4162,152.422,724.3069,0,1384.134,0,0,5.551115e-16,4.263256e-14
naive,2026-01-11 12:30:00,626,12.5,25.73615,3521.257,74.41637,1.555627,161.1186,1,1,2464.88,2464.563,1317.497,570.1127,1887.61,4,87.5893,302.9159,197.105,800,500,0,324.9685,0.1624843,0.1259371,0.3172331,0,250,0.3172331,1147.065,148.639,57.07175,0,0,12.47956,454.8569,211.6738,243.1831,784.0894,0,1503.973,0,0,1.24345e-13,4.263256e-14
naive,2026-01-11 12:45:00,627,12.75,25.92517,3518.86,83.93983,3.711011,168.7086,1,1,2463.202,2462.885,660.4052,350.3332,1010.738,3,0,0,210.7384,800,0,391.7657,226.9759,0.113488,0.2046279,0.3172331,0,250,0.3172331,1802.479,158.6014,56.87295,0,0,10.10717,456.2979,333.9018,122.3961,686.1073,0,1308.233,0,0,-7.993606e-15,4.263256e-14
naive,2026-01-11 13:00:00,628,13,26.24076,3543.453,93.92604,12.88324,177.9004,1,1,2480.417,2480.1,862.0418,439.2245,1301.266,3,0,278.7784,222.4878,800,0,107.7608,200,0.1,0.1429234,0.3172331,0,250,0.3172331,1618.058,166.8823,56.54102,13.65301,0,11.01807,462.4611,301.6787,160.7824,742.9574,0,1445.858,0,-1.136868e-13,6.411538e-15,4.263256e-14
naive,2026-01-11 13:15:00,629,13.25,26.3974,3535.134,98.91649,12.36002,178.7504,1,1,2474.594,2474.276,1360.069,587.6223,1947.691,4,98.16395,308.6981,240.829,800,500,0,324.9685,0.1624843,0.1259371,0.3172331,0,250,0.3172331,1114.208,180.3378,56.37627,0.7525367,0,0,462.8622,208.4078,254.4544,796.0301,0,1529.935,0,0,1.24345e-13,4.263256e-14
naive,2026-01-11 13:30:00,630,13.5,26.48325,3512.524,96.81861,12.44487,181.2937,1,1,2458.767,2458.45,683.7572,360.6279,1044.385,3,0,0,244.3851,800,0,415.139,221.1326,0.1105663,0.2046279,0.3172331,0,250,0.3172331,1774.693,182.8328,56.28599,0,0,0,460.7157,332.5361,128.1796,693.1639,0,1323.006,0,1.136868e-13,-7.993606e-15,4.263256e-14
naive,2026-01-11 13:45:00,631,13.75,26.73596,3517.058,78.98615,9.615049,185.4246,1,1,2461.94,2461.623,927.0658,464.8439,1391.91,3,25.60852,305.8394,260.4618,800,0,84.39115,200,0.1,0.139244,0.3172331,0,250,0.3172331,1534.557,194.3338,56.0202,0,0,0,463.7257,289.0459,174.6798,753.8898,0,1444.757,0,-5.684342e-14,6.883383e-15,4.263256e-14
naive,2026-01-11 14:00:00,632,14,27.09289,3555.451,98.53258,9.991514,206.5624,1,1,2488.816,2488.499,1369.112,592.885,1961.997,4,87.43535,302.2484,272.3128,800,500,0,324.9685,0.1624843,0.1259371,0.3172331,0,250,0.3172331,1119.387,202.3983,55.6448,11.09724,0,4.164108,472.2806,212.4162,259.8644,806.0914,0,1568.725,0,0,1.24345e-13,4.263256e-14
naive,2026-01-11 14:15:00,633,14.25,27.21393,3580.733,93.58041,2.373301,213.3592,1,1,2506.513,2506.196,716.7996,375.1946,1091.994,3,0,0,291.9942,800,0,383.2154,229.1135,0.1145568,0.2046279,0.3172331,0,250,0.3172331,1789.396,216.744,55.5175,14.84219,0,0,476.8436,340.418,136.4256,715.6126,0,1394.371,0,-1.136868e-13,-7.993606e-15,4.263256e-14
naive,2026-01-11 14:30:00,634,14.5,27.54559,3523.058,101.1869,5.639545,216.7934,1,1,2466.14,2465.823,910.4211,460.5525,1370.974,3,0,272.8153,298.1582,800,0,116.3098,200,0.1,0.1442694,0.3172331,0,250,0.3172331,1555.402,220.5283,55.16867,12.18977,0,0,472.4421,297.9706,174.4715,758.5231,0,1476.009,0,-1.705303e-13,5.939693e-15,4.263256e-14
naive,2026-01-11 14:45:00,635,14.75,27.72018,3521.432,103.5257,4.931402,221.5852,1,1,2465.002,2464.685,1392.811,602.2711,1995.082,4,96.361,298.9028,299.8183,800,500,0,324.9685,0.1624843,0.1259371,0.3172331,0,250,0.3172331,1071.874,221.3374,54.98505,7.164723,0,0.2477382,473.9678,206.0987,267.8691,808.4175,0,1567.336,0,-1.136868e-13,1.24345e-13,4.263256e-14
naive,2026-01-11 15:00:00,636,15,27.77989,3497.886,105.9653,7.580711,224.8744,1,1,2448.52,2448.203,729.0361,380.589,1109.625,3,0,0,309.6251,800,0,394.9107,226.1897,0.1130948,0.2046279,0.3172331,0,250,0.3172331,1719.167,228.4293,54.92225,11.00386,0,0,471.394,330.9774,140.4166,711.5665,0,1380.327,0,0,-7.993606e-15,4.263256e-14
naive,2026-01-11 15:15:00,637,15.25,28.09652,3480.399,121.9078,9.57112,228.203,1,1,2436.28,2435.962,942.8301,473.641,1416.471,3,10.07859,295.3616,311.0309,800,0,104.6163,200,0.1,0.1424283,0.3172331,0,250,0.3172331,1493.132,228.6786,54.58923,7.212947,0,0,472.2037,289.4014,182.8024,763.0424,0,1477.114,0,-1.705303e-13,-3.275158e-15,4.263256e-14
naive,2026-01-11 15:30:00,638,15.5,28.09325,3462.884,127.8558,0,233.1793,1,1,2424.019,2423.702,1400.909,599.0907,2000,4,130.6883,294.0903,311.2662,763.9552,500,0,324.9685,0.1624843,0.1259371,0.3172331,0,250,0.3172331,1022.792,228.8597,52.13295,0,0,4.319602,469.7945,198.2254,271.5691,798.1533,0,1537.657,0,0,1.24345e-13,4.263256e-14
naive,2026-01-11 15:45:00,639,15.75,28.31711,3448.411,165.0664,2.051011,235.0862,1,1,2413.888,2413.57,728.4457,380.3288,1108.775,3,0,0,308.7745,800,0,438.5553,215.2785,0.1076393,0.2046279,0.3172331,0,250,0.3172331,1685.125,226.4747,54.35723,23.57469,0,8.611414,470.0744,328.157,141.9175,710.1627,0,1399.84,0,0,-7.993606e-15,4.263256e-14
naive,2026-01-11 16:00:00,640,16,28.3292,3426.165,190.1295,5.117181,234.6861,1,1,2398.315,2397.998,988.778,485.3062,1474.084,3,82.29548,288.0657,303.7231,800,0,60.97861,200,0.1,0.1355577,0.3172331,0,250,0.3172331,1409.22,222.7403,54.34452,46.85543,0,11.94579,467.1629,274.4991,192.6638,762.1322,0,1543.952,0,5.684342e-14,1.609823e-15,4.263256e-14
naive,2026-01-11 16:15:00,641,16.25,28.45197,3410.838,209.733,8.666409,226.6272,1,1,2387.586,2387.269,1404.886,595.1142,2000,4,166.286,286.5168,303.4439,743.7533,500,0,324.9685,0.1624843,0.1259371,0.3172331,0,250,0.3172331,982.3834,222.2375,50.4036,43.44704,0,4.389655,466.2997,191.8611,274.4385,787.8327,0,1593.907,0,-1.136868e-13,1.24345e-13,4.263256e-14
naive,2026-01-11 16:30:00,642,16.5,28.34095,3407.134,219.3485,0,212.9747,1,1,2384.994,2384.676,724.3354,378.5167,1102.852,3,0,0,302.8521,800,0,470.2082,207.3653,0.1036827,0.2046279,0.3172331,0,250,0.3172331,1660.341,222.0731,54.33216,32.48738,0,0,464.685,323.4959,141.1891,702.0126,0,1398.942,0,-1.136868e-13,-7.993606e-15,4.263256e-14
naive,2026-01-11 16:45:00,643,16.75,28.26967,3365.397,256.3189,0,205.1133,1,1,2355.778,2355.461,1058.145,503.5662,1561.711,4,185.8631,280.7462,295.1016,800,0,29.33065,200,0.1,0.1305749,0.3172331,0,250,0.3172331,1297.316,216.5581,54.40713,41.12515,0,0,458.2926,252.3796,205.913,755.9458,0,1521.624,0,5.684342e-14,-9.15934e-16,4.263256e-14
naive,2026-01-11 17:00:00,644,17,28.43288,3327.443,293.1377,0,200.4126,1,1,2329.21,2328.893,1414.261,585.739,2000,4,245.5623,280.8619,284.931,688.6448,500,0,324.9685,0.1624843,0.1259371,0.3172331,0,250,0.3172331,914.6319,208.7225,46.68622,47.57537,0,0,454.7122,178.5559,276.1563,764.2949,0,1558.135,0,0,1.24345e-13,4.263256e-14
naive,2026-01-11 17:15:00,645,17.25,28.46534,3296.046,343.6189,0,196.8665,1,1,2307.232,2306.915,747.2948,388.6384,1135.933,3,0,68.97497,266.9583,800,0,499.6694,200,0.1,0.2046279,0.3172331,0,250,0.3172331,1559.62,195.4875,54.20133,49.84577,0,1.379039,450.7358,304.684,146.0519,693.5918,0,1412.191,0,5.684342e-14,-7.993606e-15,4.263256e-14
naive,2026-01-11 17:30:00,646,17.5,28.46322,3266.759,390.7441,0,179.1508,1,1,2286.732,2286.414,1426.625,573.3754,2000,4,353.5582,273.4953,251.4301,621.5163,500,0,324.9685,0.1624843,0.1259371,0.3172331,0,250,0.3172331,859.7898,184.1208,42.1105,37.18584,0,0,446.7105,167.959,278.7515,741.3344,0,1499.44,0,2.273737e-13,1.24345e-13,4.263256e-14
naive,2026-01-11 17:45:00,647,17.75,28.3841,3281.935,429.3276,0.748333,175.3584,1,1,2297.354,2297.037,808.6591,415.6908,1224.35,3,0,181.9229,242.427,800,0,499.6694,200,0.1,0.2046279,0.3172331,0,250,0.3172331,1488.378,177.6813,54.28677,18.89014,0,0,448.0239,290.2595,157.7644,705.9503,0,1383.413,0,1.136868e-13,-7.993606e-15,4.263256e-14
naive,2026-01-11 18:00:00,648,18,28.40632,3248.648,477.237,1.087633,166.4994,1,1,2274.053,2273.736,1428.342,571.6581,2000,4,476.3354,2.528129,235.67,785.4665,500,0,324.9685,0.1624843,0.1259371,0.3172331,0,250,0.3172331,845.3942,172.687,53.27761,0.9015844,0,0,443.6913,164.9452,278.7462,736.6033,0,1414.825,0,0,1.24345e-13,4.263256e-14
naive,2026-01-11 18:15:00,649,18.25,28.17333,3243.542,541.0876,0,155.8135,1,1,2270.48,2270.162,682.438,357.1752,1039.613,3,24.13495,1.566372,213.9119,800,0,499.6694,200,0.1,0.2046279,0.3172331,0,250,0.3172331,1587.724,157.1425,54.50846,17.28323,0,0,440.7899,308.2401,132.5498,665.4153,0,1299.322,0,-1.136868e-13,-7.993606e-15,4.263256e-14
naive,2026-01-11 18:30:00,650,18.5,27.96462,3239.461,612.9501,0,148.3199,1,1,2267.623,2267.305,1442.341,557.6591,2000,4,591.2964,1.60103,209.412,697.6905,500,0,324.9685,0.1624843,0.1259371,0.3172331,0,250,0.3172331,824.9644,154.1865,47.72898,21.65364,0,0,438.2818,159.4476,278.8342,717.1067,0,1417.871,0,2.273737e-13,1.24345e-13,4.263256e-14
naive,2026-01-11 18:45:00,651,18.75,27.86886,3248.785,659.3831,2.244731,134.1534,1,1,2274.149,2273.832,765.67,379.2038,1144.874,3,147.4064,6.812413,190.6551,800,0,499.6694,200,0.1,0.2046279,0.3172331,0,250,0.3172331,1508.162,140.5221,54.82868,12.30727,0,0,438.6502,290.9024,147.7478,670.1062,0,1299.76,0,1.136868e-13,-7.993606e-15,4.263256e-14
naive,2026-01-11 19:00:00,652,19,27.67141,3236.137,687.9983,5.682398,123.1437,1,0,2265.296,2264.979,1455.14,544.8597,2000,4,698.7704,5.335335,174.6592,621.2351,500,0,324.9685,0.1624843,0.1259371,0.3172331,0,250,0.3172331,809.8384,129.0083,42.73814,0,0.3470632,0,435.1196,155.5543,279.5653,700.414,0,1353.346,0,2.273737e-13,1.24345e-13,4.263256e-14
naive,2026-01-11 19:15:00,653,19.25,27.47924,3248.113,711.35,4.442705,115.1046,0,0,2273.679,2273.362,793.8235,383.5124,1177.336,3,215.521,1.63632,160.1786,800,0,499.6694,200,0.1,0.2046279,0.3172331,0,250,0.3172331,1479.539,118.5587,55.23846,0,2.806385,0,434.9638,283.0416,151.9223,0,666.5539,3608.744,0,-5.684342e-14,-7.993606e-15,4.263256e-14
naive,2026-01-11 19:30:00,654,19.5,27.35688,3227.455,731.0329,0,104.1768,0,0,2259.219,2258.901,1456.068,543.9324,2000,4,720.1274,1.758512,140.5983,637.5157,500,0,324.9685,0.1624843,0.1259371,0.3172331,0,250,0.3172331,802.8339,104.2037,44.12179,10.90547,0,0,431.0874,153.1908,277.8966,0,697.1233,3803.353,0,0,1.24345e-13,4.263256e-14
naive,2026-01-11 19:45:00,655,19.75,27.21317,3215.709,714.8246,0,89.84061,0,0,2250.996,2250.679,757.1122,369.3013,1126.414,3,198.9346,1.760947,125.7179,800,0,499.6694,200,0.1,0.2046279,0.3172331,0,250,0.3172331,1493.567,93.31975,55.5183,16.22053,0,0,428.2268,284.1343,144.0925,0,653.4356,3559.418,0,-1.136868e-13,-7.993606e-15,4.263256e-14
naive,2026-01-11 20:00:00,656,20,27.04629,3216.23,684.7663,0,85.50971,0,0,2251.361,2251.044,1449.184,550.8161,2000,4,677.4816,2.309368,117.2114,702.9976,500,0,324.9685,0.1624843,0.1259371,0.3172331,0,250,0.3172331,801.86,87.1619,48.94077,7.284712,0,0,426.8057,152.014,274.7917,0,702.8301,3823.073,0,0,1.24345e-13,4.263256e-14
naive,2026-01-11 20:15:00,657,20.25,27.11343,3159.847,651.4916,0,78.60113,0,0,2211.893,2211.576,699.5616,351.1516,1050.713,3,138.2292,5.217153,107.2669,800,0,499.6694,200,0.1,0.2046279,0.3172331,0,250,0.3172331,1512.014,79.70922,55.62319,13.59302,0,0,419.9115,287.0447,132.8668,0,638.1963,3470.952,0,-5.684342e-14,-7.993606e-15,4.263256e-14
naive,2026-01-11 20:30:00,658,20.5,27.08108,3157.803,613.4556,0,71.20153,0,0,2210.462,2210.145,1437.845,562.1553,2000,4,598.4871,10.32599,94.38283,796.8041,500,0,324.9685,0.1624843,0.1259371,0.3172331,0,250,0.3172331,772.3002,70.15961,55.43488,14.96848,0,1.041917,419.3565,146.5165,272.84,0,708.8694,3862.238,0,0,1.24345e-13,4.263256e-14
naive,2026-01-11 20:45:00,659,20.75,27.06469,3181.609,538.1653,0,68.33538,0,0,2227.126,2226.809,618.1634,326.2642,944.4276,2,45.78626,11.77471,86.86663,800,0,499.6694,200,0.1,0.2046279,0.3172331,0,250,0.3172331,1608.646,64.58382,55.67446,0,0,3.751559,422.3735,305.0789,117.2945,0,632.0546,3413.667,0,1.136868e-13,-7.993606e-15,4.263256e-14
naive,2026-01-11 21:00:00,660,21,26.87263,3164.449,475.776,0,59.40235,0,0,2215.114,2214.797,1345.928,534.3073,1880.236,4,493.941,7.939586,78.35523,800,500,0,324.9685,0.1624843,0.1259371,0.3172331,0,250,0.3172331,868.8685,58.37613,55.87646,0,0,1.026222,418.4189,164.1229,254.296,0,698.6241,3779.571,0,-1.136868e-13,1.24345e-13,4.263256e-14
naive,2026-01-11 21:15:00,661,21.25,26.60972,3140.296,418.4679,0,60.66501,0,0,2198.207,2197.89,564.4143,308.0157,872.4299,2,0,0,72.42994,800,0,421.8565,219.4532,0.1097266,0.2046279,0.3172331,0,250,0.3172331,1633.476,54.11402,56.15297,1.493078,0,6.550984,412.9693,306.8752,106.0941,0,616.1216,3328.072,0,-1.136868e-13,4.884981e-14,4.263256e-14
naive,2026-01-11 21:30:00,662,21.5,26.21624,3171.986,356.2815,0,57.82685,0,0,2220.39,2220.073,775.4693,368.4594,1143.929,3,274.0417,0.7652884,69.12174,800,0,77.67479,200,0.1,0.1381865,0.3172331,0,250,0.3172331,1444.604,51.85998,56.56682,4.564994,0,5.966874,413.7722,269.2035,144.5687,0,638.7748,3457.498,0,-1.136868e-13,-6.133982e-15,4.263256e-14
naive,2026-01-11 21:45:00,663,21.75,25.962,3151.878,312.9746,0,57.77661,0,0,2206.315,2205.997,1166.64,479.6314,1646.272,4,289.1383,0.1244639,57.00891,800,500,0,324.9685,0.1624843,0.1259371,0.3172331,0,250,0.3172331,1039.357,42.88804,56.83421,23.83628,0,14.88857,409.0176,192.6812,216.3364,0,675.0727,3690.079,0,5.684342e-14,1.24345e-13,4.263256e-14
naive,2026-01-11 22:00:00,664,22,25.47599,3162.167,277.3152,0,46.9676,0,0,2213.517,2213.2,549.5952,301.4827,851.0779,2,0,0,51.07795,800,0,251.9664,261.9258,0.1309629,0.2046279,0.3172331,0,250,0.3172331,1663.604,38.62474,57.34536,25.85972,0,8.342858,406.3258,305.3807,100.9451,0,608.3949,3326.266,0,-5.684342e-14,7.727152e-14,4.263256e-14
naive,2026-01-11 22:15:00,665,22.25,25.1837,3080.795,222.6297,0,41.92267,0,0,2156.557,2156.239,544.2556,299.1287,843.3843,2,0,0,43.38429,800,0,208.579,209.7398,0.1048699,0.1649308,0.3172331,0,250,0.3172331,1611.984,32.9083,57.65278,15.40556,0,9.014376,393.5471,294.1688,99.37836,0,594.9425,3233.899,0,0,-6.245005e-15,4.263256e-14
naive,2026-01-11 22:30:00,666,22.5,25.063,3075.479,223.4514,0,36.90852,0,0,2152.835,2152.518,654.5649,330.8428,985.4078,2,142.1976,2.808569,40.40163,800,0,38.82704,200,0.1,0.1320701,0.3172331,0,250,0.3172331,1497.953,30.68487,57.77972,42.42678,0,6.223645,391.9184,272.6987,119.2197,0,604.6745,3333.894,0,0,-3.330669e-15,4.263256e-14
naive,2026-01-11 22:45:00,667,22.75,25.0484,3055.437,192.5579,0,31.97509,0,0,2138.806,2138.489,1067.348,448.8079,1516.156,4,180.2805,1.720909,34.15407,800,500,0,324.9685,0.1624843,0.1259371,0.3172331,0,250,0.3172331,1071.141,25.94387,57.79509,12.27734,0,6.031218,389.2505,194.9416,194.309,0,644.8471,3502.818,0,2.842171e-13,1.24345e-13,4.263256e-14
naive,2026-01-11 23:00:00,668,23,24.94247,3060.348,185.7856,0,26.20603,0,1,2142.244,2141.927,536.5627,295.7373,832.3001,2,0,0,32.30008,800,0,155.8267,285.9607,0.1429803,0.2046279,0.3172331,0,250,0.3172331,1605.364,24.56293,57.9065,30.1621,0,1.643106,38.56039,28.89655,9.663839,0,324.9323,1774.012,0,-5.684342e-14,4.884981e-14,4.263256e-14
naive,2026-01-11 23:15:00,669,23.25,24.59524,3083.171,168.4529,0.2194013,24.11396,1,1,2158.22,2157.903,537.814,296.289,834.103,2,0,0,34.10298,800,0,134.7372,252.2314,0.1261157,0.1800653,0.3172331,0,250,0.3172331,1620.089,26.02869,58.27169,38.79203,0,0,38.84796,29.16159,9.686362,325.4506,0,652.2617,0,5.684342e-14,-2.498002e-15,4.263256e-14
naive,2026-01-11 23:30:00,670,23.5,24.42488,3068.175,119.7578,0,23.33819,1,1,2147.722,2147.405,535.1948,295.1343,830.3291,2,0,0,30.32914,800,0,106.0913,225.6688,0.1128344,0.1588264,0.3172331,0,250,0.3172331,1612.21,23.18969,58.45087,16.73968,0,0.1484961,38.659,29.01978,9.639217,324.1808,0,611.4803,0,0,-1.385003e-14,4.263256e-14
naive,2026-01-11 23:45:00,671,23.75,24.087,3053.809,93.48366,0,18.67792,1,1,2137.666,2137.349,533.136,294.2267,827.3627,2,0,0,27.3627,800,0,98.08475,201.1121,0.1005561,0.1421004,0.3172331,0,250,0.3172331,1604.213,20.99551,58.80623,0,0,0,38.47799,28.87583,9.602159,323.1025,0,580.048,0,0,3.46112e-14,4.263256e-14
naive,2026-01-12 00:00:00,672,0,23.96132,2978.238,96.67361,0,9.161145,1,1,2084.767,2084.45,603.2908,313.7118,917.0026,2,96.18906,0.08591511,20.7276,800,0,4.321882,200,0.1,0.1266374,0.3172331,0,250,0.3172331,1481.159,15.92521,58.93841,0,0,0,37.5258,26.66086,10.86494,340.3727,0,614.4396,0,-5.684342e-14,-2.775558e-17,4.263256e-14
naive,2026-01-12 00:15:00,673,0.25,23.7146,3005.824,102.7279,0,7.869106,1,1,2104.077,2103.76,997.6059,427.9235,1425.529,3,97.38496,0,28.14445,800,500,0,324.9685,0.1624843,0.1259371,0.3172331,0,250,0.3172331,1106.154,21.6792,59.1979,5.342986,0,0,37.87339,19.91077,17.96262,447.8343,0,838.2876,0,-5.684342e-14,1.24345e-13,4.263256e-14
naive,2026-01-12 00:30:00,674,0.5,23.59715,3040.849,108.3912,0,18.79212,1,1,2128.594,2128.277,535.343,295.1996,830.5426,2,0,0,30.54262,800,0,119.6062,295.0158,0.1475079,0.2046279,0.3172331,0,250,0.3172331,1592.934,23.55517,59.32143,0,0,0,38.31469,28.67281,9.641884,323.8724,0,581.0083,0,-5.684342e-14,-2.220446e-14,4.263256e-14
naive,2026-01-12 00:45:00,675,0.75,23.70491,3039.688,76.32847,0,17.52514,1,1,2127.781,2127.464,530.9249,293.2519,824.1768,2,0,0,24.17683,800,0,102.6668,269.3027,0.1346513,0.1857671,0.3172331,0,250,0.3172331,1596.539,18.62488,59.20809,0,0,0,38.30006,28.7377,9.562359,321.9896,0,577.3701,0,5.684342e-14,-1.050549e-13,4.263256e-14
naive,2026-01-12 01:00:00,676,1,23.59803,3023.166,72.68643,2.281623,22.51511,1,1,2116.216,2115.899,532.0705,293.757,825.8275,2,0,0,25.82752,800,0,90.0889,246.738,0.123369,0.1695759,0.3172331,0,250,0.3172331,1583.829,19.91859,59.3205,0,1.797078,2.596518,38.09189,28.50891,9.58298,322.7251,0,581.8146,0,0,4.674039e-14,4.263256e-14
naive,2026-01-12 01:15:00,677,1.25,23.67857,3030.389,85.86355,5.354308,18.13603,1,1,2121.273,2120.955,528.3552,292.1191,820.4742,2,0,0,20.47423,800,0,83.75015,225.7617,0.1128808,0.1553673,0.3172331,0,250,0.3172331,1592.6,15.77686,59.23579,2.188126,5.279582,2.359171,38.18291,28.6668,9.516103,321.2038,0,588.649,0,5.684342e-14,-1.673661e-14,4.263256e-14
naive,2026-01-12 01:30:00,678,1.5,23.48125,3052.398,106.2575,0,9.934968,1,1,2136.679,2136.361,525.1733,290.7163,815.8896,2,0,0,15.88963,800,0,89.97693,203.2319,0.1016159,0.1421588,0.3172331,0,250,0.3172331,1611.188,12.26918,59.44332,17.05794,0,0,38.46022,29.00139,9.45883,319.7177,0,601.9866,0,-5.684342e-14,-1.798561e-14,4.263256e-14
naive,2026-01-12 01:45:00,679,1.75,23.22542,3060.365,110.1202,0,13.38871,1,1,2142.256,2141.938,579.6503,306.057,885.7074,2,72.92796,0,12.77942,800,0,12.79961,200,0.1,0.1279721,0.3172331,0,250,0.3172331,1562.288,9.893781,59.71239,24.39263,0,3.494929,38.5606,28.12118,10.43942,334.7919,0,644.4846,0,5.684342e-14,-2.220446e-16,4.263256e-14
naive,2026-01-12 02:00:00,680,2,23.19509,3101.761,86.19569,0,17.88373,1,1,2171.233,2170.915,985.8363,423.5433,1409.38,3,90.58962,0.3243611,18.46562,800,500,0,324.9685,0.1624843,0.1259371,0.3172331,0,250,0.3172331,1185.079,14.3005,59.74429,0,0,3.58323,39.08219,21.33142,17.75076,445.5035,0,823.7946,0,0,1.24345e-13,4.263256e-14
naive,2026-01-12 02:15:00,681,2.25,23.22232,3072.929,81.32747,0,19.99688,1,1,2151.05,2150.733,527.3659,291.6829,819.0488,2,0,0,19.04877,800,0,87.89764,302.9429,0.1514715,0.2046279,0.3172331,0,250,0.3172331,1623.367,14.74797,59.71565,0,0,5.248909,38.71891,29.22061,9.498296,321.8251,0,576.4701,0,-5.684342e-14,1.199041e-13,4.263256e-14
naive,2026-01-12 02:30:00,682,2.5,22.96006,3030.806,81.35825,0,19.0367,1,1,2121.564,2121.247,529.4973,292.6226,822.1199,2,0,0,22.11987,800,0,84.99347,281.6469,0.1408234,0.1907587,0.3172331,0,250,0.3172331,1591.749,17.17209,59.99149,0,0,1.864611,38.18815,28.65149,9.536662,321.5998,0,575.7091,0,0,3.913536e-14,4.263256e-14
naive,2026-01-12 02:45:00,683,2.75,22.79193,3043.054,80.73044,0,18.31514,1,1,2130.138,2129.821,528.5738,292.2154,820.7893,2,0,0,20.78928,800,0,90.24909,259.0403,0.1295201,0.1773489,0.3172331,0,250,0.3172331,1601.247,16.16709,60.16831,0,0,2.148054,38.34249,28.82245,9.520039,321.4119,0,575.1345,0,5.684342e-14,6.578071e-14,4.263256e-14
naive,2026-01-12 03:00:00,684,3,22.43879,3072.653,102.0216,0,21.62681,1,1,2150.857,2150.54,529.9035,292.8016,822.7051,2,0,0,22.7051,800,0,94.95366,235.2611,0.1176305,0.1631139,0.3172331,0,250,0.3172331,1620.636,17.7211,60.53972,9.173409,0,3.905712,38.71543,29.17146,9.543973,322.6486,0,593.0142,0,0,1.354472e-14,4.263256e-14
naive,2026-01-12 03:15:00,685,3.25,22.26115,3054.812,120.9479,0,17.81941,1,1,2138.368,2138.051,529.543,292.6427,822.1857,2,0,0,22.18569,800,0,100.2659,210.1576,0.1050788,0.1481405,0.3172331,0,250,0.3172331,1608.508,17.34723,60.72656,24.26249,0,0.4721839,38.49063,28.95315,9.537484,321.6772,0,616.8899,0,0,5.764833e-14,4.263256e-14
naive,2026-01-12 03:30:00,686,3.5,22.23812,3052.762,139.3266,0,18.38029,1,1,2136.933,2136.616,574.0321,304.9659,878.998,2,61.28014,1.541118,16.17678,800,0,40.49804,200,0.1,0.1323332,0.3172331,0,250,0.3172331,1562.584,12.65178,60.75079,37.54842,0,5.728508,38.4648,28.12651,10.33829,334.0794,0,664.5852,0,1.136868e-13,3.608225e-16,4.263256e-14
naive,2026-01-12 03:45:00,687,3.75,22.09988,3036.236,124.2708,0,26.25169,1,1,2125.365,2125.048,1006.795,429.3288,1436.124,3,119.6253,1.509581,14.98893,800,500,0,324.9685,0.1624843,0.1259371,0.3172331,0,250,0.3172331,1118.253,11.73935,60.89617,4.645407,0,14.51234,38.25657,20.12855,18.12802,451.9513,0,843.4078,0,1.705303e-13,1.24345e-13,4.263256e-14
naive,2026-01-12 04:00:00,688,4,21.91278,3009.081,119.7819,0,14.69877,1,1,2106.357,2106.039,525.4861,290.8542,816.3403,2,0,0,16.34033,800,0,137.4761,290.5483,0.1452742,0.2046279,0.3172331,0,250,0.3172331,1580.553,12.82222,61.09296,0,0,1.876555,37.91442,28.44996,9.46446,319.6255,0,570.5215,0,0,4.884981e-14,4.263256e-14
naive,2026-01-12 04:15:00,689,4.25,21.63196,3001.371,124.983,2.158456,16.39541,1,1,2100.959,2100.642,528.7621,292.2984,821.0605,2,0,0,21.06052,800,0,169.027,248.2458,0.1241229,0.182954,0.3172331,0,250,0.3172331,1571.88,16.57345,61.3883,0,0.115214,0,37.81727,28.29384,9.523428,320.5923,0,572.3215,0,0,-1.207368e-14,4.263256e-14
naive,2026-01-12 04:30:00,690,4.5,21.59916,2963.919,162.3462,0,25.72288,1,1,2074.743,2074.426,525.2446,290.7478,815.9923,2,0,0,15.99234,800,0,187.1631,201.416,0.100708,0.1563168,0.3172331,0,250,0.3172331,1549.181,12.58928,61.42281,0,0,13.13361,37.34537,27.88526,9.460113,320.8689,0,572.6371,0,0,4.007905e-14,4.263256e-14
naive,2026-01-12 04:45:00,691,4.75,21.63613,2992.789,214.0564,0,15.75277,1,1,2094.953,2094.635,718.7334,347.25,1065.983,3,242.0762,1.518424,22.38878,800,0,5.53714,200,0.1,0.1268287,0.3172331,0,250,0.3172331,1375.902,17.61798,61.38392,0,0,0,37.70915,24.76623,12.94291,372.0162,0,674.9755,0,1.136868e-13,-2.775558e-17,4.263256e-14
naive,2026-01-12 05:00:00,692,5,21.66033,3022.206,254.5294,3.160621,8.559047,1,1,2115.544,2115.227,1155.526,473.5731,1629.099,4,298.8776,6.308318,23.91326,800,500,0,324.9685,0.1624843,0.1259371,0.3172331,0,250,0.3172331,959.7006,18.81298,61.35846,0,0,0,38.07979,17.27461,20.80518,490.8477,0,912.6672,0,1.136868e-13,1.24345e-13,4.263256e-14
naive,2026-01-12 05:15:00,693,5.25,21.65412,3057.945,334.1181,0,8.081794,1,1,2140.561,2140.244,529.3504,292.5578,821.9083,2,0,0,21.90827,800,0,374.7453,231.231,0.1156155,0.2046279,0.3172331,0,250,0.3172331,1610.893,17.2367,61.365,0,0,0,38.5301,28.99608,9.534018,321.5539,0,574.0722,0,5.684342e-14,4.884981e-14,4.263256e-14
naive,2026-01-12 05:30:00,694,5.5,21.4638,3046.491,419.3055,0,9.469734,1,1,2132.544,2132.226,777.4301,364.1496,1141.58,3,317.5367,4.80955,19.23345,800,0,124.7785,200,0.1,0.1456028,0.3172331,0,250,0.3172331,1354.796,15.16153,61.56517,0,0,0,38.38578,24.38633,13.99945,388.536,0,707.8111,0,0,1.609823e-15,4.263256e-14
naive,2026-01-12 05:45:00,695,5.75,21.68587,3044.095,501.2877,0,19.53595,1,1,2130.867,2130.549,1314.711,518.5044,1833.215,4,511.0947,2.425631,19.69465,800,500,0,324.9685,0.1624843,0.1259371,0.3172331,0,250,0.3172331,815.8386,15.4901,61.33161,0,0,4.045846,38.3556,14.6851,23.6705,533.8793,0,998.7606,0,-2.273737e-13,1.24345e-13,4.263256e-14
naive,2026-01-12 06:00:00,696,6,21.68329,3018.951,592.4593,0,16.35457,1,1,2113.266,2112.948,606.1122,314.5844,920.6966,2,99.30947,0.8976707,20.48946,800,0,499.6694,200,0.1,0.2046279,0.3172331,0,250,0.3172331,1506.836,16.11565,61.33432,0,0,0.2389175,38.03878,27.12305,10.91573,341.7482,0,614.4953,0,5.684342e-14,-7.993606e-15,4.263256e-14
naive,2026-01-12 06:15:00,697,6.25,21.68448,3006.743,653.4167,1.714765,9.967318,1,1,2104.72,2104.403,1441.662,555.4061,1997.068,4,671.3571,4.481887,21.229,800,500,0,324.9685,0.1624843,0.1259371,0.3172331,0,250,0.3172331,662.7411,16.69712,61.33307,0,0,0,37.88497,11.92934,25.95563,567.3354,0,1065.671,0,0,1.24345e-13,4.263256e-14
naive,2026-01-12 06:30:00,698,6.5,21.81501,3057.129,702.8152,3.677321,20.53734,1,1,2139.99,2139.673,713.39,346.6876,1060.078,3,227.0021,9.605173,23.4703,800,0,499.6694,200,0.1,0.2046279,0.3172331,0,250,0.3172331,1426.283,18.43545,61.19579,0,0,2.101885,38.51983,25.6731,12.84673,372.7199,0,676.5946,0,-1.136868e-13,-7.993606e-15,4.263256e-14
naive,2026-01-12 06:45:00,699,6.75,21.58234,3147.607,769.8909,2.291162,19.89098,1,1,2203.325,2203.008,1457.186,542.8137,2000,4,773.8359,3.573281,20.51261,702.0782,500,0,324.9685,0.1624843,0.1259371,0.3172331,0,250,0.3172331,745.8216,16.15042,53.92004,0,0,3.740562,39.65985,13.42479,26.23506,556.8751,0,1053.09,0,2.273737e-13,1.24345e-13,4.263256e-14
naive,2026-01-12 07:00:00,700,7,21.64119,3127.867,777.2875,3.182778,21.87304,1,1,2189.507,2189.189,754.4248,357.8891,1112.314,3,284.9092,1.421303,25.98346,800,0,499.6694,200,0.1,0.2046279,0.3172331,0,250,0.3172331,1434.765,20.44562,61.3786,0,1.761475,1.427422,39.41112,25.82576,13.58536,383.9581,0,701.9038,0,-1.136868e-13,-7.993606e-15,4.263256e-14
naive,2026-01-12 07:15:00,701,7.25,21.70481,3131.382,778.3149,8.967192,23.14344,1,1,2191.967,2191.65,1455.755,544.2449,2000,4,761.7492,1.830491,25.90517,710.5151,500,0,324.9685,0.1624843,0.1259371,0.3172331,0,250,0.3172331,735.8949,20.37083,54.4536,16.56569,7.136702,2.772613,39.45541,13.24611,26.2093,557.9639,0,1095.554,0,0,1.24345e-13,4.263256e-14
naive,2026-01-12 07:30:00,702,7.5,21.84851,3169.958,726.4522,0,19.63619,1,1,2218.971,2218.654,715.3315,346.9912,1062.323,3,231.645,0.902265,29.77542,800,0,499.6694,200,0.1,0.2046279,0.3172331,0,250,0.3172331,1503.322,23.38001,61.16055,0,0,0,39.94147,27.0598,12.88168,374.0509,0,679.2963,0,0,-7.993606e-15,4.263256e-14
naive,2026-01-12 07:45:00,703,7.75,22.1314,3164.312,634.6243,0,20.50988,1,1,2215.018,2214.701,1444.697,555.3031,2000,4,677.6281,2.49518,29.2686,790.6082,500,0,324.9685,0.1624843,0.1259371,0.3172331,0,250,0.3172331,770.0042,22.91581,60.14851,0,0,0,39.87033,13.86008,26.01025,569.1632,0,1070.659,0,0,1.24345e-13,4.263256e-14
naive,2026-01-12 08:00:00,704,8,22.31057,3194.64,577.0411,367.6443,27.5794,1,1,2236.248,2235.931,704.9258,357.545,1062.471,3,104.3646,121.575,36.53123,800,0,499.6694,200,0.1,0.2046279,0.3172331,0,250,0.3172331,1531.005,28.54972,60.67459,0,246.0693,0,40.25246,27.55809,12.69437,385.103,0,1126.417,0,0,-7.993606e-15,4.263256e-14
naive,2026-01-12 08:15:00,705,8.25,22.20138,3200.792,482.1434,368.0343,33.47701,1,1,2240.555,2240.237,1413.104,561.8439,1974.948,4,511.4068,123.2627,40.27867,800,500,0,324.9685,0.1624843,0.1259371,0.3172331,0,250,0.3172331,827.1333,31.51359,60.78942,0,244.7717,1.963427,40.32998,14.8884,25.44159,577.0704,0,1507.984,0,0,1.24345e-13,4.263256e-14
naive,2026-01-12 08:30:00,706,8.5,22.30138,3209.437,396.0773,377.6843,28.80693,1,1,2246.606,2246.288,586.8679,317.9143,904.7823,2,0,61.23701,43.54527,800,0,499.6694,200,0.1,0.2046279,0.3172331,0,250,0.3172331,1659.421,34.0345,60.68425,0,253.6164,0,40.4389,29.86957,10.56933,347.7839,0,1064.786,0,-5.684342e-14,-7.993606e-15,4.263256e-14
naive,2026-01-12 08:45:00,707,8.75,22.48361,3249.607,341.4221,385.4161,34.57339,1,1,2274.725,2274.408,1296.791,529.6313,1826.423,4,351.1516,125.5482,49.7228,800,500,0,324.9685,0.1624843,0.1259371,0.3172331,0,250,0.3172331,977.6163,38.7903,60.49258,0,259.868,0,40.94505,17.59709,23.34795,547.2284,0,1474.675,0,-1.136868e-13,1.24345e-13,4.263256e-14
naive,2026-01-12 09:00:00,708,9,22.66792,3257.054,256.1819,393.3611,34.95359,1,1,2279.938,2279.621,549.654,301.5086,851.1626,2,0,0,51.16261,800,0,419.4683,220.0503,0.1100251,0.2046279,0.3172331,0,250,0.3172331,1729.967,39.83811,60.29874,0,263.2965,0,41.03888,31.1394,9.899482,332.648,0,1051.646,0,0,4.884981e-14,4.263256e-14
naive,2026-01-12 09:15:00,709,9.25,22.67555,3241.907,205.9255,385.9805,44.10953,1,1,2269.335,2269.017,761.0907,377.2522,1138.343,3,146.8414,131.6723,59.82917,800,0,80.06253,200,0.1,0.1385624,0.3172331,0,250,0.3172331,1507.927,46.58273,60.29072,0,254.3083,0,40.84802,27.14268,13.70534,404.3949,0,1179.644,0,0,5.384582e-15,4.263256e-14
naive,2026-01-12 09:30:00,710,9.5,22.64445,3284.756,186.1089,391.4248,47.31085,1,1,2299.329,2299.012,1182.942,499.2713,1682.213,4,184.4519,130.3355,67.42591,800,500,0,324.9685,0.1624843,0.1259371,0.3172331,0,250,0.3172331,1116.07,52.51429,60.32342,1.657023,261.0892,0,41.38792,20.08926,21.29867,519.3606,0,1424.095,0,1.705303e-13,1.24345e-13,4.263256e-14
naive,2026-01-12 09:45:00,711,9.75,22.9119,3303.122,182.8175,400.5342,52.04864,1,1,2312.186,2311.868,564.5226,308.0634,872.586,2,0,0,72.58604,800,0,288.8883,252.6953,0.1263476,0.2046279,0.3172331,0,250,0.3172331,1747.346,56.37792,60.04214,26.64497,267.8185,0,41.61934,31.45222,10.16712,339.5157,0,1119.433,0,-1.136868e-13,-7.993606e-15,4.263256e-14
naive,2026-01-12 10:00:00,712,10,23.15828,3307.177,138.1336,400.108,60.48219,1,1,2315.024,2314.707,609.4404,327.8654,937.3057,2,0,51.87497,85.43076,800,0,210.622,200,0.1,0.1591185,0.3172331,0,250,0.3172331,1705.266,66.1861,59.78301,10.09235,265.6522,0,41.67043,30.69479,10.97564,358.5602,0,1125.524,0,0,-3.885781e-15,4.263256e-14
naive,2026-01-12 10:15:00,713,10.25,23.3624,3307.722,123.5194,407.9848,75.00924,1,1,2315.406,2315.088,1154.786,494.7698,1649.555,4,117.9486,132.1554,99.45137,800,500,0,324.9685,0.1624843,0.1259371,0.3172331,0,250,0.3172331,1160.303,76.88594,59.56833,5.570784,275.8294,0,41.6773,20.88545,20.79185,515.6552,0,1449.712,0,-5.684342e-14,1.24345e-13,4.263256e-14
naive,2026-01-12 10:30:00,714,10.5,23.34995,3345.36,102.5744,407.566,79.24514,1,1,2341.752,2341.435,594.8749,321.4442,916.3191,2,0,0,116.3191,800,0,244.7381,263.7328,0.1318664,0.2046279,0.3172331,0,250,0.3172331,1746.56,89.93798,59.58142,0,275.0259,0,42.15153,31.43808,10.71346,352.8823,0,1113.155,0,-1.136868e-13,-9.325873e-14,4.263256e-14
naive,2026-01-12 10:45:00,715,10.75,23.79979,3346.715,115.2739,403.6462,97.51226,1,1,2342.7,2342.383,601.1644,324.2169,925.3813,2,0,0,125.3813,800,0,233.5199,205.3113,0.1026557,0.1660687,0.3172331,0,250,0.3172331,1741.219,96.49364,59.1083,15.30884,270.0913,1.018623,42.1686,31.34194,10.82667,355.7397,0,1137.298,0,0,1.76803e-14,4.263256e-14
naive,2026-01-12 11:00:00,716,11,23.6415,3371.28,100.731,416.0438,100.7719,1,1,2359.896,2359.579,753.1962,382.4928,1135.689,3,73.53101,135.9878,126.1702,800,0,21.11599,200,0.1,0.1292815,0.3172331,0,250,0.3172331,1606.383,97.26058,59.27479,6.083954,280.056,3.511312,42.47813,28.91489,13.56324,412.0293,0,1250.966,0,-1.136868e-13,1.387779e-16,4.263256e-14
naive,2026-01-12 11:15:00,717,11.25,23.82062,3415.171,116.64,409.1055,106.3453,1,1,2390.62,2390.302,1163.6,502.182,1665.782,4,88.30547,136.2858,141.1908,800,500,0,324.9685,0.1624843,0.1259371,0.3172331,0,250,0.3172331,1226.702,108.6371,59.08639,28.33453,272.8196,0,43.03115,22.08064,20.95051,524.2626,0,1501.544,0,5.684342e-14,1.24345e-13,4.263256e-14
naive,2026-01-12 11:30:00,718,11.5,24.32064,3425.42,91.85387,412.8187,116.2206,1,1,2397.794,2397.477,621.4203,333.1467,954.5671,2,0,0,154.5671,800,0,225.6504,268.5048,0.1342524,0.2046279,0.3172331,0,250,0.3172331,1776.056,118.311,58.5605,2.06729,276.9549,0,43.16029,31.96902,11.19128,365.1158,0,1145.664,0,0,-7.993606e-15,4.263256e-14
naive,2026-01-12 11:45:00,719,11.75,24.52427,3465.06,103.2121,414.4126,124.1556,1,1,2425.542,2425.225,627.759,335.9411,963.7001,2,0,0,163.7001,800,0,236.0341,209.454,0.104727,0.1690735,0.3172331,0,250,0.3172331,1797.466,125.0351,58.34633,3.745991,277.8446,0,43.65975,32.35438,11.30537,368.2955,0,1156.695,0,0,5.52336e-15,4.263256e-14
naive,2026-01-12 12:00:00,720,12,24.77794,3437.999,121.1612,413.408,132.5027,1,1,2406.599,2406.282,770.8861,393.0667,1163.953,3,50.20157,134.384,179.3672,800,0,37.68401,200,0.1,0.1318901,0.3172331,0,250,0.3172331,1635.396,136.6377,58.07953,33.27559,279.024,0,43.31879,29.43713,13.88166,422.5038,0,1318.385,0,-5.684342e-14,2.248202e-15,4.263256e-14
naive,2026-01-12 12:15:00,721,12.25,24.84581,3466.461,122.2626,412.9849,149.5284,1,1,2426.523,2426.205,1194.678,516.6578,1711.336,4,81.79059,134.8919,194.6536,800,500,0,324.9685,0.1624843,0.1259371,0.3172331,0,250,0.3172331,1231.527,148.1768,58.00815,40.472,278.093,1.351528,43.67741,22.16749,21.50992,539.0702,0,1562.406,0,0,1.24345e-13,4.263256e-14
naive,2026-01-12 12:30:00,722,12.5,25.24304,3488.414,113.9573,407.0238,152.3715,1,1,2441.89,2441.573,657.4606,349.0351,1006.496,3,0,0,206.4956,800,0,216.6788,270.7477,0.1353738,0.2046279,0.3172331,0,250,0.3172331,1784.112,156.5352,57.59037,33.8565,270.4458,0,446.1486,325.9685,120.1801,675.0036,0,1810.139,0,0,-7.993606e-15,4.263256e-14
naive,2026-01-12 12:45:00,723,12.75,25.28911,3539.537,100.9856,413.1019,158.8683,1,1,2477.676,2477.359,665.7145,352.6738,1018.388,3,0,0,218.3883,800,0,223.8809,214.7348,0.1073674,0.1704858,0.3172331,0,250,0.3172331,1811.644,165.47,57.54191,16.8678,273.3389,0,453.1066,331.3056,121.801,683.9794,0,1803.831,0,0,4.57967e-15,4.263256e-14
naive,2026-01-12 13:00:00,724,13,25.53408,3535.33,80.32545,410.1584,167.5542,1,1,2474.731,2474.414,797.0211,407.1182,1204.139,3,28.93381,144.4393,230.7662,800,0,58.80403,200,0.1,0.1352154,0.3172331,0,250,0.3172331,1677.393,174.3963,57.28427,0,265.7191,0,454.8092,308.2734,146.5358,715.3916,0,1824.704,0,-1.136868e-13,3.191891e-15,4.263256e-14
naive,2026-01-12 13:15:00,725,13.25,25.75732,3553.319,97.87818,422.7216,177.1783,1,1,2487.323,2487.006,1246.342,537.4466,1783.789,4,98.49505,145.2929,240.0009,800,500,0,324.9685,0.1624843,0.1259371,0.3172331,0,250,0.3172331,1240.664,180.9466,57.04948,0,277.4287,0,459.1957,229.0444,230.1513,766.491,0,1947.366,0,2.273737e-13,1.24345e-13,4.263256e-14
naive,2026-01-12 13:30:00,726,13.5,25.81957,3541.411,110.0469,419.1338,182.6378,1,1,2478.988,2478.67,683.1688,360.3685,1043.537,3,0,0,243.5373,800,0,246.6612,263.2521,0.131626,0.2046279,0.3172331,0,250,0.3172331,1795.502,183.4916,56.98401,8.89126,273.6283,0,458.2362,331.8951,126.3411,692.2636,0,1807.766,0,-1.136868e-13,-6.483702e-14,4.263256e-14
naive,2026-01-12 13:45:00,727,13.75,26.12833,3508.937,110.4264,410.1872,196.0518,1,1,2456.256,2455.938,690.5456,363.6205,1054.166,3,0,0,254.1661,800,0,235.3366,204.3765,0.1021882,0.165766,0.3172331,0,250,0.3172331,1765.393,190.872,56.65927,17.49663,267.7805,5.17982,456.9027,328.3912,128.5115,692.9753,0,1814.312,0,-5.684342e-14,-1.540434e-14,4.263256e-14
naive,2026-01-12 14:00:00,728,14,26.12767,3486.218,88.34589,413.8117,193.329,1,1,2440.352,2440.035,862.5442,430.3795,1292.924,3,76.21486,141.0419,275.667,800,0,17.37725,200,0.1,0.1286929,0.3172331,0,250,0.3172331,1577.491,207.0201,56.65997,0,272.7698,0,453.9383,293.4345,160.5038,723.814,0,1854.413,0,-1.136868e-13,-1.554312e-15,4.263256e-14
naive,2026-01-12 14:15:00,729,14.25,26.21591,3470.707,78.45431,418.014,203.8372,1,1,2429.495,2429.178,1266.706,547.8134,1814.519,4,86.81438,137.8918,289.8132,800,500,0,324.9685,0.1624843,0.1259371,0.3172331,0,250,0.3172331,1162.472,217.4389,56.56716,0,280.1223,0,452.736,216.6265,236.1096,764.4399,0,1948.453,0,0,1.24345e-13,4.263256e-14
naive,2026-01-12 14:30:00,730,14.5,26.38072,3492.79,83.01411,421.4491,213.629,1,1,2444.953,2444.636,719.3562,376.3217,1095.678,3,0,0,295.6779,800,0,233.504,266.5414,0.1332707,0.2046279,0.3172331,0,250,0.3172331,1725.279,221.4492,56.39383,0,283.8214,0,457.161,322.5954,134.5657,698.9171,0,1823.983,0,5.684342e-14,-7.993606e-15,4.263256e-14
naive,2026-01-12 14:45:00,731,14.75,26.48507,3470.085,113.4685,415.312,212.2246,1,1,2429.059,2428.742,722.5205,377.7166,1100.237,3,0,0,300.2371,800,0,237.0763,207.2303,0.1036152,0.1678372,0.3172331,0,250,0.3172331,1706.222,224.6132,56.28407,13.08594,278.6182,0,455.1662,319.7182,135.448,697.4348,0,1834.74,0,0,1.776357e-15,4.263256e-14
naive,2026-01-12 15:00:00,732,15,26.69338,3469.53,139.0335,411.8062,217.1434,1,1,2428.671,2428.354,879.4473,438.3458,1317.793,3,71.88919,138.6074,307.2966,800,0,28.79077,200,0.1,0.1304899,0.3172331,0,250,0.3172331,1548.907,229.3824,56.06499,38.35353,273.1988,0,457.0559,291.4915,165.5645,729.8373,0,1934.029,0,0,-7.21645e-16,4.263256e-14
naive,2026-01-12 15:15:00,733,15.25,26.94816,3487.349,147.1615,408.064,211.8366,1,1,2441.144,2440.827,1305.819,561.2924,1867.112,4,118.4557,137.6928,310.963,800,500,0,324.9685,0.1624843,0.1259371,0.3172331,0,250,0.3172331,1135.008,231.4855,55.79702,28.70581,270.3712,0,461.8391,214.7317,247.1074,776.0241,0,2005.184,0,0,1.24345e-13,4.263256e-14
naive,2026-01-12 15:30:00,734,15.5,27.03035,3506.981,123.309,408.2291,217.6385,1,1,2454.886,2454.569,732.5738,382.1486,1114.722,3,0,0,314.7224,800,0,260.8032,259.7166,0.1298583,0.2046279,0.3172331,0,250,0.3172331,1721.995,234.0771,55.71058,0,276.3853,0,465.2347,326.3418,138.8929,708.4905,0,1831.071,0,1.136868e-13,-1.216804e-13,4.263256e-14
naive,2026-01-12 15:45:00,735,15.75,27.06793,3512.011,103.2248,411.1756,219.7919,1,1,2458.408,2458.09,767.4463,397.5222,1164.968,3,0,49.52192,315.4466,800,0,238.7027,200,0.1,0.1635397,0.3172331,0,250,0.3172331,1690.644,234.5208,55.67105,0,276.9126,0,466.2674,320.6515,145.6158,718.1737,0,1851.392,0,-1.136868e-13,-8.076873e-15,4.263256e-14
naive,2026-01-12 16:00:00,736,16,27.09632,3526.223,126.0583,409.8326,222.1582,1,1,2468.356,2468.039,1342.116,571.3335,1913.45,4,168.5604,131.9912,312.8979,800,500,0,324.9685,0.1624843,0.1259371,0.3172331,0,250,0.3172331,1125.923,232.555,55.6412,0,277.8414,0,468.4316,213.6717,254.7599,785.0052,0,1986.69,0,1.136868e-13,1.24345e-13,4.263256e-14
naive,2026-01-12 16:15:00,737,16.25,27.13152,3469.686,157.8955,400.9061,214.7108,1,1,2428.78,2428.463,727.2525,379.8027,1107.055,3,0,0,307.0552,800,0,323.1066,244.1407,0.1220704,0.2046279,0.3172331,0,250,0.3172331,1701.211,228.126,55.60417,0,267.6439,0,461.2602,323.0843,138.1759,702.887,0,1804.905,0,1.136868e-13,4.884981e-14,4.263256e-14
naive,2026-01-12 16:30:00,738,16.5,27.306,3436.609,209.377,394.8408,219.2187,1,1,2405.626,2405.309,829.814,421.6694,1251.483,3,28.14006,127.0314,296.312,800,0,176.4091,200,0.1,0.1537318,0.3172331,0,250,0.3172331,1575.495,219.7307,55.42066,4.827836,267.8094,0,458.5342,300.3037,158.2306,721.9731,0,1851.897,0,5.684342e-14,-1.348921e-14,4.263256e-14
naive,2026-01-12 16:45:00,739,16.75,27.33085,3426.156,224.5496,389.9606,212.89,1,1,2398.309,2397.992,1373.404,576.9056,1950.31,4,237.6704,125.8749,286.7645,800,500,0,324.9685,0.1624843,0.1259371,0.3172331,0,250,0.3172331,1024.587,212.5938,55.39453,0,264.0857,0.2962283,457.3777,195.3975,261.9803,772.3596,0,1937.948,0,0,1.24345e-13,4.263256e-14
naive,2026-01-12 17:00:00,740,17,27.42268,3433.538,280.7424,382.9055,208.1782,1,1,2403.477,2403.159,707.7268,371.1949,1078.922,3,0,0,278.9217,800,0,397.4384,225.5578,0.1127789,0.2046279,0.3172331,0,250,0.3172331,1695.432,206.5746,55.29795,9.234348,256.9751,1.603667,459.2479,323.9573,135.2906,695.4586,0,1787.918,0,1.136868e-13,-7.993606e-15,4.263256e-14
naive,2026-01-12 17:15:00,741,17.25,27.43399,3420.637,319.0042,374.5425,199.9834,1,1,2394.446,2394.129,955.8496,454.5298,1410.379,3,218.9814,123.2956,268.1025,800,0,102.089,200,0.1,0.1420304,0.3172331,0,250,0.3172331,1438.279,198.5374,55.28605,0,251.2469,1.446006,457.6312,274.8868,182.7445,729.6929,0,1830.59,0,-5.684342e-14,1.360023e-15,4.263256e-14
naive,2026-01-12 17:30:00,742,17.5,27.33258,3375.388,379.2329,370.7968,186.3282,1,1,2362.772,2362.454,1421.379,578.6209,2000,4,373.6498,122.5612,247.8257,755.9632,500,0,324.9685,0.1624843,0.1259371,0.3172331,0,250,0.3172331,941.0753,183.723,52.34356,5.583082,248.2356,2.605213,450.6168,179.4775,271.1393,758.5953,0,1896.141,0,0,1.24345e-13,4.263256e-14
naive,2026-01-12 17:45:00,743,17.75,27.43988,3349.562,426.3301,371.708,172.334,1,1,2344.693,2344.376,710.9824,372.6301,1083.612,3,0,42.66017,240.9523,800,0,499.6694,200,0.1,0.2046279,0.3172331,0,250,0.3172331,1633.394,178.4206,55.27985,5.904367,249.8042,0,448.1778,312.216,135.9618,684.8461,0,1748.6,0,0,-7.993606e-15,4.263256e-14
naive,2026-01-12 18:00:00,744,18,27.28327,3289.393,480.2287,1.27718,161.8817,1,1,2302.575,2302.258,1428.113,571.8871,2000,4,476.6214,1.705825,231.2885,790.3843,500,0,324.9685,0.1624843,0.1259371,0.3172331,0,250,0.3172331,874.1448,171.5545,54.77814,3.607269,0,0,438.6827,166.5406,272.1421,738.4276,0,1421.452,0,0,1.24345e-13,4.263256e-14
naive,2026-01-12 18:15:00,745,18.25,27.24957,3297.888,534.1843,0,149.3578,1,1,2308.522,2308.205,688.5765,358.755,1047.332,3,33.60373,0.6780073,213.0498,800,0,499.6694,200,0.1,0.2046279,0.3172331,0,250,0.3172331,1619.628,158.0837,55.48001,0.9111444,0,0,439.5052,308.351,131.1542,667.106,0,1273.369,0,-5.684342e-14,-7.993606e-15,4.263256e-14
naive,2026-01-12 18:30:00,746,18.5,27.39363,3237.612,591.5576,0,146.8732,1,1,2266.328,2266.011,1443.694,556.3065,2000,4,603.3612,0.6989489,205.1933,690.7466,500,0,324.9685,0.1624843,0.1259371,0.3172331,0,250,0.3172331,822.3175,152.0176,47.77247,0,0,0,432.7779,157.0297,275.7482,713.3361,0,1372.928,0,2.273737e-13,1.24345e-13,4.263256e-14
naive,2026-01-12 18:45:00,747,18.75,27.18484,3235.066,630.0214,0,129.8417,1,1,2264.546,2264.229,766.2523,378.6152,1144.867,3,154.5122,4.365528,185.9898,800,0,499.6694,200,0.1,0.2046279,0.3172331,0,250,0.3172331,1497.977,138.1014,55.54809,0,0,0,430.5493,284.8044,145.7449,663.4196,0,1264.348,0,-1.136868e-13,-7.993606e-15,4.263256e-14
naive,2026-01-12 19:00:00,748,19,27.09893,3250.881,662.387,0.001694002,115.7143,0,0,2275.617,2275.3,1454.184,545.8161,2000,4,693.2086,5.569502,170.304,630.9178,500,0,324.9685,0.1624843,0.1259371,0.3172331,0,250,0.3172331,821.1157,126.5714,43.87911,0,0,0,431.8782,155.8355,276.0427,0,701.6516,3809.72,0,2.273737e-13,1.24345e-13,4.263256e-14
naive,2026-01-12 19:15:00,749,19.25,26.80041,3256.196,698.0862,3.364699,108.3526,0,0,2279.337,2279.02,791.6984,382.7818,1174.48,3,213.7872,3.155566,157.5375,800,0,499.6694,200,0.1,0.2046279,0.3172331,0,250,0.3172331,1487.321,117.4594,55.95242,0,0.2091331,0,429.905,280.5232,149.3818,0,663.305,3585.592,0,0,-7.993606e-15,4.263256e-14
naive,2026-01-12 19:30:00,750,19.5,26.6313,3195.87,693.0683,4.40666,96.44505,0,0,2237.109,2236.792,1456.832,543.1682,2000,4,726.2217,0.7546819,140.5928,632.4308,500,0,324.9685,0.1624843,0.1259371,0.3172331,0,250,0.3172331,779.9602,105.0157,44.37315,0,3.651978,0,420.4652,146.5937,273.8715,0,689.7619,3750.07,0,0,1.24345e-13,4.263256e-14
naive,2026-01-12 19:45:00,751,19.75,26.32205,3189.589,688.07,7.363013,91.22162,0,0,2232.713,2232.395,761.461,370.1743,1131.635,3,207.7125,0.8082632,123.1146,800,0,499.6694,200,0.1,0.2046279,0.3172331,0,250,0.3172331,1470.934,92.26498,56.45553,0,6.55475,0,416.9729,274.7061,142.2668,0,644.8804,3494.637,0,-5.684342e-14,-7.993606e-15,4.263256e-14
naive,2026-01-12 20:00:00,752,20,26.15046,3168.209,663.3064,8.143323,85.1077,0,0,2217.746,2217.429,1449.591,550.4093,2000,4,681.4684,1.087046,115.958,701.4866,500,0,324.9685,0.1624843,0.1259371,0.3172331,0,250,0.3172331,767.8385,87.06082,49.66174,0,7.056277,0,412.723,142.8949,269.8281,0,693.3042,3769.476,0,0,1.24345e-13,4.263256e-14
naive,2026-01-12 20:15:00,753,20.25,25.94458,3149.932,629.7059,9.28653,81.24231,0,0,2204.953,2204.635,702.7726,351.6821,1054.455,3,145.6694,2.392276,106.3929,800,0,499.6694,200,0.1,0.2046279,0.3172331,0,250,0.3172331,1501.863,80.05467,56.85253,0,6.894254,1.187643,408.6199,278.3239,130.296,0,630.2261,3414.177,0,1.136868e-13,-7.993606e-15,4.263256e-14
naive,2026-01-12 20:30:00,754,20.5,25.81547,3180.587,604.3174,5.253477,76.01942,0,0,2226.411,2226.094,1438.685,561.3147,2000,4,606.6394,4.742015,95.07605,793.5425,500,0,324.9685,0.1624843,0.1259371,0.3172331,0,250,0.3172331,787.4088,71.63754,56.52832,0,0.5114624,4.381882,411.5136,145.5389,265.9747,0,707.6635,3829.437,0,2.273737e-13,1.24345e-13,4.263256e-14
naive,2026-01-12 20:45:00,755,20.75,25.86416,3169.839,536.9053,0,68.59232,0,0,2218.887,2218.57,612.5644,324.2792,936.8436,2,41.72429,5.444431,89.67487,800,0,499.6694,200,0.1,0.2046279,0.3172331,0,250,0.3172331,1606.006,67.53296,56.93711,0,0,1.059359,410.5293,297.1365,113.3928,0,621.6116,3354.81,0,-5.684342e-14,-7.993606e-15,4.263256e-14
naive,2026-01-12 21:00:00,756,21,25.73055,3117.21,502.1828,0,60.01397,0,0,2182.047,2181.73,1335.889,531.0617,1866.951,4,484.0181,3.70944,79.22307,800,500,0,324.9685,0.1624843,0.1259371,0.3172331,0,250,0.3172331,845.8411,59.74652,57.07763,18.16477,0,0.2674512,402.6185,156.0696,246.5489,0,687.1807,3746.616,0,0,1.24345e-13,4.263256e-14
naive,2026-01-12 21:15:00,757,21.25,25.63595,3082.017,409.5532,0,53.70624,0,0,2157.412,2157.095,567.7667,309.4936,877.2604,2,0,0,77.26036,800,0,419.9324,219.9343,0.1099671,0.2046279,0.3172331,0,250,0.3172331,1589.328,58.3248,57.17713,0,0,0,397.3101,292.6915,104.6186,0,602.1851,3247.694,0,-5.684342e-14,4.884981e-14,4.263256e-14
naive,2026-01-12 21:30:00,758,21.5,25.43949,3096.136,341.9923,0,52.18315,0,0,2167.295,2166.978,778.6555,369.7991,1148.455,3,274.5872,0.3383226,73.52904,800,0,79.59857,200,0.1,0.1384894,0.3172331,0,250,0.3172331,1388.322,55.62355,57.38375,0,0,0,397.548,254.6607,142.8874,0,624.4597,3369.972,0,1.136868e-13,2.553513e-15,4.263256e-14
naive,2026-01-12 21:45:00,759,21.75,25.21037,3094.121,304.5726,0,46.38458,0,0,2165.885,2165.568,1184.3,485.8582,1670.158,4,302.2393,0.05185995,67.86726,800,500,0,324.9685,0.1624843,0.1259371,0.3172331,0,250,0.3172331,981.2677,51.4649,57.62473,2.333362,0,0,395.4611,179.1661,216.295,0,665.0244,3596.831,0,-5.684342e-14,1.24345e-13,4.263256e-14
naive,2026-01-12 22:00:00,760,22,24.8984,3057.901,223.9508,0,49.29006,0,0,2140.531,2140.213,553.7727,303.3244,857.0971,2,0,0,57.09711,800,0,265.872,258.4494,0.1292247,0.2046279,0.3172331,0,250,0.3172331,1586.441,43.44021,57.95285,0,0,5.849845,38.52955,28.55593,9.97362,0,332.9417,1765.983,0,0,-7.993606e-15,4.263256e-14
naive,2026-01-12 22:15:00,761,22.25,24.45655,3014.475,191.1618,0,51.33607,0,0,2110.133,2109.815,548.7675,301.1178,849.8853,2,0,0,49.88534,800,0,216.1825,204.3631,0.1021815,0.1627418,0.3172331,0,250,0.3172331,1561.048,38.12974,58.41756,0,0,13.20632,37.98239,28.09886,9.883526,0,331.592,1758.036,0,0,-6.986078e-14,4.263256e-14
naive,2026-01-12 22:30:00,762,22.5,24.25633,3006.195,172.8377,0,41.04255,0,0,2104.337,2104.019,691.4776,341.7646,1033.242,3,187.1807,1.218927,44.8425,800,0,17.32354,200,0.1,0.1286844,0.3172331,0,250,0.3172331,1412.542,34.34708,58.62814,0,0,6.695466,37.87806,25.42575,12.45231,0,368.3899,1960.188,0,-5.684342e-14,7.21645e-16,4.263256e-14
naive,2026-01-12 22:45:00,763,22.75,24.2548,3001.444,130.3831,0,40.70189,0,0,2101.011,2100.694,1074.964,451.3481,1526.312,4,187.1528,0.684483,38.47489,800,500,0,324.9685,0.1624843,0.1259371,0.3172331,0,250,0.3172331,1025.73,29.47029,58.62974,0,0,11.2316,37.8182,18.46313,19.35506,0,471.8234,2529.07,0,-1.136868e-13,1.24345e-13,4.263256e-14
naive,2026-01-12 23:00:00,764,23,24.09717,3027.629,139.9732,0,30.07489,1,1,2119.34,2119.023,537.3589,296.0883,833.4472,2,0,0,33.44719,800,0,172.5376,281.783,0.1408915,0.2046279,0.3172331,0,250,0.3172331,1581.664,25.66144,58.79554,0,0,4.413443,38.14812,28.46995,9.67817,325.3465,0,584.548,0,0,-9.325873e-14,4.263256e-14
naive,2026-01-12 23:15:00,765,23.25,23.80521,3012.85,151.1659,0,25.65074,1,1,2108.995,2108.678,536.8347,295.8572,832.6919,2,0,0,32.69192,800,0,153.6868,243.3169,0.1216585,0.1774346,0.3172331,0,250,0.3172331,1571.843,25.15834,59.1026,0,0,0.4923974,37.96191,28.29318,9.668734,324.2378,0,581.9853,0,5.684342e-14,5.551115e-15,4.263256e-14
naive,2026-01-12 23:30:00,766,23.5,23.79708,3031.745,133.3969,0,31.18034,1,1,2122.221,2121.904,535.2622,295.164,830.4262,2,0,0,30.42619,800,0,113.642,214.8681,0.107434,0.1532131,0.3172331,0,250,0.3172331,1586.642,23.4167,59.11115,21.15352,0,7.763635,38.19998,28.55955,9.64043,325.102,0,620.1937,0,0,-1.740275e-14,4.263256e-14
naive,2026-01-12 23:45:00,767,23.75,23.51497,3059.608,120.3717,0,22.35794,1,1,2141.726,2141.409,559.9439,301.8394,861.7833,2,35.35267,0.7746759,25.65597,800,0,59.33707,200,0.1,0.1352993,0.3172331,0,250,0.3172331,1581.465,19.80334,59.40786,25.68192,0,2.554601,38.55106,28.46636,10.0847,330.7568,0,638.9812,0,0,1.082467e-15,4.263256e-14
naive,2026-01-13 00:00:00,768,0,23.21044,3012.448,122.6394,0,19.58785,1,1,2108.714,2108.396,989.9756,424.4269,1414.403,3,98.50075,0.04295755,15.85881,800,500,0,324.9685,0.1624843,0.1259371,0.3172331,0,250,0.3172331,1118.421,12.27974,59.72815,24.13862,0,7.308115,37.95684,20.13157,17.82527,445.8414,0,866.1277,0,5.684342e-14,1.24345e-13,4.263256e-14
naive,2026-01-13 00:15:00,769,0.25,22.8318,2999.215,126.9462,1.237429,17.97515,1,1,2099.451,2099.133,526.9029,291.4788,818.3817,2,0,0,18.38167,800,0,100.5262,299.7858,0.1498929,0.2046279,0.3172331,0,250,0.3172331,1572.231,14.28891,60.12638,26.42005,1.237429,3.686234,37.79011,28.30015,9.489962,320.4213,0,620.9096,0,1.136868e-13,-9.325873e-14,4.263256e-14
naive,2026-01-13 00:30:00,770,0.5,22.49096,3040.653,109.9453,0,10.34058,1,1,2128.457,2128.14,533.1024,294.2119,827.3143,2,0,0,27.31432,800,0,113.7005,271.3135,0.1356567,0.1887707,0.3172331,0,250,0.3172331,1595.037,21.30714,60.48485,0,0,0,38.31222,28.71067,9.601554,322.9225,0,577.7996,0,5.684342e-14,9.037215e-14,4.263256e-14
naive,2026-01-13 00:45:00,771,0.75,22.24881,3024.523,98.82129,11.35215,7.220491,1,1,2117.166,2116.849,530.4398,293.0381,823.4778,2,0,0,23.47783,800,0,88.22555,249.2144,0.1246072,0.1708421,0.3172331,0,250,0.3172331,1586.409,18.35989,60.73953,10.73955,11.20833,0,38.10899,28.55536,9.553626,321.5934,0,612.715,0,-5.684342e-14,-3.350098e-14,4.263256e-14
naive,2026-01-13 01:00:00,772,1,22.30372,3021.91,125.9449,9.960582,13.11403,1,1,2115.337,2115.02,533.408,294.3466,827.7546,2,0,0,27.7546,800,0,81.56196,228.7847,0.1143923,0.1569267,0.3172331,0,250,0.3172331,1581.612,21.69217,60.68178,45.87287,8.470615,0,38.07607,28.46901,9.607054,322.8156,0,671.1067,0,-5.684342e-14,3.147482e-14,4.263256e-14
naive,2026-01-13 01:15:00,773,1.25,22.07366,3043.616,119.5183,8.536561,14.51448,1,1,2130.531,2130.214,529.5531,292.6471,822.2002,2,0,0,22.20023,800,0,87.74771,206.8117,0.1034059,0.1440624,0.3172331,0,250,0.3172331,1600.661,17.3919,60.92375,34.74531,5.561801,0,38.34956,28.81189,9.537666,321.459,0,643.9086,0,0,-1.898481e-14,4.263256e-14
naive,2026-01-13 01:30:00,774,1.5,21.74324,3018.489,109.3461,5.651027,19.45997,1,1,2112.942,2112.625,579.7341,306.2704,886.0046,2,71.44456,0.3731543,14.18684,800,0,27.11672,200,0.1,0.1302263,0.3172331,0,250,0.3172331,1532.891,11.15162,61.27126,10.78486,5.277872,8.30835,38.03296,27.59204,10.44092,335.2807,0,629.3395,0,0,-5.273559e-16,4.263256e-14
naive,2026-01-13 01:45:00,775,1.75,21.47765,3006.671,92.30866,5.967528,16.46134,1,1,2104.669,2104.352,990.0926,424.3909,1414.484,3,99.23712,0,15.24641,800,500,0,324.9685,0.1624843,0.1259371,0.3172331,0,250,0.3172331,1114.26,12.0169,61.55061,0,5.967528,4.444441,37.88405,20.05667,17.82738,445.2025,0,831.4546,0,5.684342e-14,1.24345e-13,4.263256e-14
naive,2026-01-13 02:00:00,776,2,21.27117,2966.681,51.08543,0,5.207341,1,1,2076.677,2076.36,528.7582,292.2967,821.0549,2,0,0,21.05487,800,0,88.46083,302.8022,0.1514011,0.2046279,0.3172331,0,250,0.3172331,1547.601,16.62978,61.76776,0,0,0,37.38018,27.85683,9.523357,320.1535,0,570.8183,0,-5.684342e-14,3.463896e-14,4.263256e-14
naive,2026-01-13 02:15:00,777,2.25,20.88057,2991.491,62.02406,0,6.83266,1,1,2094.044,2093.726,529.9688,292.8304,822.7992,2,0,0,22.79921,800,0,84.14122,281.7192,0.1408596,0.1906701,0.3172331,0,250,0.3172331,1563.758,18.07875,62.17858,0,0,0,37.69278,28.14764,9.545148,320.9781,0,572.0052,0,-5.684342e-14,-9.364731e-14,4.263256e-14
naive,2026-01-13 02:30:00,778,2.5,20.74205,2986.264,73.01461,0.3060603,2.989326,1,1,2090.385,2090.068,530.4765,293.0542,823.5307,2,0,0,23.53069,800,0,82.83055,260.9672,0.1304836,0.1773944,0.3172331,0,250,0.3172331,1559.591,18.68487,62.32427,0,0.2294661,0,37.62693,28.07264,9.554287,321.1269,0,572.5348,0,-1.136868e-13,-7.793766e-14,4.263256e-14
naive,2026-01-13 02:45:00,779,2.75,20.68831,2985.544,79.5186,1.907677,9.104994,1,1,2089.881,2089.563,529.619,292.6762,822.2952,2,0,0,22.29522,800,0,84.94205,239.6906,0.1198453,0.1643272,0.3172331,0,250,0.3172331,1559.944,17.71341,62.38078,0,1.470751,0,37.61785,28.079,9.538852,320.7552,0,573.8691,0,1.136868e-13,1.940115e-14,4.263256e-14
naive,2026-01-13 03:00:00,780,3,20.59493,2931.603,83.58076,0,6.005321,1,1,2052.122,2051.805,531.7715,293.6251,825.3966,2,0,0,25.39657,800,0,98.90483,214.9267,0.1074633,0.1509297,0.3172331,0,250,0.3172331,1520.033,20.19638,62.479,0,0,0,36.93819,27.3606,9.577596,320.9857,0,571.6825,0,0,4.257705e-14,4.263256e-14
naive,2026-01-13 03:15:00,781,3.25,20.54904,2976.005,102.8402,0.8982684,17.00303,1,1,2083.203,2082.886,569.9736,304.4628,874.4365,2,50.46839,1.568898,22.39918,800,0,59.5713,200,0.1,0.1353362,0.3172331,0,250,0.3172331,1512.912,17.82096,62.52726,0,0,0,37.49766,27.23242,10.26524,331.6953,0,593.0474,0,0,5.551115e-17,4.263256e-14
naive,2026-01-13 03:30:00,782,3.5,20.26856,3005.637,112.385,0,7.602987,1,1,2103.946,2103.629,1011.961,431.2721,1443.233,3,122.4357,0.651439,20.14623,800,500,0,324.9685,0.1624843,0.1259371,0.3172331,0,250,0.3172331,1091.668,16.0737,62.82225,0,0,0,37.87103,19.65002,18.22101,450.9221,0,831.1691,0,-1.705303e-13,1.24345e-13,4.263256e-14
naive,2026-01-13 03:45:00,783,3.75,19.95029,2993.804,123.3108,5.827361,6.454908,1,1,2095.663,2095.346,531.5971,293.5482,825.1453,2,0,0,25.14532,800,0,122.9752,294.1736,0.1470868,0.2046279,0.3172331,0,250,0.3172331,1563.749,20.11625,63.157,0.9928058,5.17022,0,37.72193,28.14748,9.574458,321.6957,0,582.971,0,0,-9.325873e-14,4.263256e-14
naive,2026-01-13 04:00:00,784,4,20.03655,3034.974,133.875,0,18.78049,1,1,2124.482,2124.164,526.3819,291.2491,817.631,2,0,0,17.63101,800,0,127.7584,262.1877,0.1310938,0.1852368,0.3172331,0,250,0.3172331,1597.783,14.09965,63.06627,6.738151,0,4.680833,38.24067,28.76009,9.480584,320.7834,0,582.2406,0,5.684342e-14,1.398881e-14,4.263256e-14
naive,2026-01-13 04:15:00,785,4.25,20.10908,2978.924,150.9301,0,20.89223,1,1,2085.246,2084.929,528.6557,292.2515,820.9072,2,0,0,20.90718,800,0,146.2797,225.5764,0.1127882,0.1650957,0.3172331,0,250,0.3172331,1556.274,16.7075,62.98999,6.726865,0,4.184734,37.53444,28.01292,9.521512,320.9575,0,582.6551,0,-5.684342e-14,-3.153033e-14,4.263256e-14
naive,2026-01-13 04:30:00,786,4.5,19.85101,2993.827,185.4464,0,19.68745,1,1,2095.679,2095.362,586.8614,309.5253,896.3867,2,70.49597,0.8685429,25.02222,800,0,102.1637,200,0.1,0.1420422,0.3172331,0,250,0.3172331,1508.5,20.01777,63.26141,12.78669,0,0,37.72222,27.153,10.56922,336.6783,0,624.2446,0,-5.684342e-14,4.385381e-15,4.263256e-14
naive,2026-01-13 04:45:00,787,4.75,19.83736,2967.577,218.7862,0,21.84471,1,1,2077.304,2076.987,1095.593,455.4181,1551.011,4,229.3868,0.6577315,20.96617,800,500,0,324.9685,0.1624843,0.1259371,0.3172331,0,250,0.3172331,981.3939,16.77293,63.27577,0,0,5.071779,37.39147,17.66509,19.72638,473.919,0,876.6528,0,-5.684342e-14,1.24345e-13,4.263256e-14
naive,2026-01-13 05:00:00,788,5,19.81432,3056.357,293.1638,0,25.99109,1,1,2139.45,2139.133,525.7259,290.96,816.6859,2,0,0,16.6859,800,0,279.2533,255.104,0.127552,0.2046279,0.3172331,0,250,0.3172331,1613.407,13.34872,63.3,18.49091,0,12.64237,38.5101,29.04133,9.468777,322.0839,0,604.8521,0,5.684342e-14,-6.483702e-14,4.263256e-14
naive,2026-01-13 05:15:00,789,5.25,19.87344,2998.19,361.1958,0,18.81216,1,1,2098.733,2098.416,627.5296,320.2896,947.8192,2,130.7211,1.635275,15.46286,800,0,220.2555,200,0.1,0.1606353,0.3172331,0,250,0.3172331,1470.886,12.37029,63.23782,10.21918,0,6.441869,37.7772,26.47595,11.30124,347.8279,0,642.1412,0,0,-1.032507e-14,4.263256e-14
naive,2026-01-13 05:30:00,790,5.5,19.90257,2987.793,434.756,0,18.69381,1,1,2091.455,2091.138,1248.535,498.9719,1747.507,4,430.0481,2.211164,15.24732,800,500,0,324.9685,0.1624843,0.1259371,0.3172331,0,250,0.3172331,842.6034,12.19786,63.20718,4.707893,0,6.495957,37.64619,15.16686,22.47933,515.2106,0,967.4343,0,-5.684342e-14,1.24345e-13,4.263256e-14
naive,2026-01-13 05:45:00,791,5.75,19.85375,2992.875,543.7031,0.8663091,24.39053,1,1,2095.012,2094.695,535.4376,294.4871,829.9247,2,6.340239,1.027205,22.55723,800,0,499.6694,200,0.1,0.2046279,0.3172331,0,250,0.3172331,1559.258,18.04579,63.25853,37.69346,0,6.344746,37.71022,28.06664,9.643587,323.5997,0,641.0547,0,5.684342e-14,-7.993606e-15,4.263256e-14
naive,2026-01-13 06:00:00,792,6,19.91139,3037.554,627.1875,7.945182,26.71031,1,1,2126.288,2125.971,1379.581,537.0473,1916.628,4,595.6205,0.3650066,20.64271,800,500,0,324.9685,0.1624843,0.1259371,0.3172331,0,250,0.3172331,746.3898,16.51417,63.19791,31.56707,7.580176,10.19614,38.27318,13.43502,24.83817,552.1649,0,1100.761,0,0,1.24345e-13,4.263256e-14
naive,2026-01-13 06:15:00,793,6.25,19.97839,3076.374,675.2587,0,21.3768,1,1,2153.462,2153.145,653.4659,328.0057,981.4715,2,161.9743,2.967042,16.53015,800,0,499.6694,200,0.1,0.2046279,0.3172331,0,250,0.3172331,1499.679,13.22412,63.12744,13.61497,0,8.152676,38.76232,26.99422,11.7681,356.3469,0,665.1613,0,0,-7.993606e-15,4.263256e-14
naive,2026-01-13 06:30:00,794,6.5,20.03291,3099.16,720.9469,0,22.24097,1,1,2169.412,2169.095,1449.501,550.4986,2000,4,713.6477,6.412579,24.9801,754.9597,500,0,324.9685,0.1624843,0.1259371,0.3172331,0,250,0.3172331,719.5933,19.9775,59.51923,7.299263,0,2.263467,39.04942,12.95268,26.09674,563.8256,0,1073.283,0,2.273737e-13,1.24345e-13,4.263256e-14
naive,2026-01-13 06:45:00,795,6.75,19.86738,3104.536,760.8599,0,24.38291,1,1,2173.175,2172.858,743.5523,354.6138,1098.166,3,272.1501,2.902043,23.11396,800,0,499.6694,200,0.1,0.2046279,0.3172331,0,250,0.3172331,1429.305,18.49117,63.2442,0,0,5.891738,39.11715,25.7275,13.38965,381.3128,0,691.4759,0,-1.136868e-13,-7.993606e-15,4.263256e-14
naive,2026-01-13 07:00:00,796,7,19.57095,3170.404,769.1402,0,16.60845,1,1,2219.283,2218.965,1458.368,541.6316,2000,4,780.5902,2.432753,27.05794,689.9192,500,0,324.9685,0.1624843,0.1259371,0.3172331,0,250,0.3172331,760.5969,21.64635,54.81059,0,0,0,39.94709,13.69074,26.25634,555.3224,0,1048.983,0,-2.273737e-13,1.24345e-13,4.263256e-14
naive,2026-01-13 07:15:00,797,7.25,19.58068,3155.964,777.4622,0,22.97089,1,1,2209.175,2208.858,747.9867,356.7106,1104.697,3,270.9574,5.779163,27.9607,800,0,499.6694,200,0.1,0.2046279,0.3172331,0,250,0.3172331,1460.871,22.36856,63.54573,6.835386,0,0.6023374,39.76515,26.29568,13.46947,383.1051,0,706.5122,0,0,-7.993606e-15,4.263256e-14
naive,2026-01-13 07:30:00,798,7.5,19.49533,3173.014,745.8309,7.892973,28.03971,1,1,2221.109,2220.792,1451.314,548.6861,2000,4,728.6489,0.4014928,27.16638,743.7832,500,0,324.9685,0.1624843,0.1259371,0.3172331,0,250,0.3172331,769.4783,21.7331,59.16377,17.18198,7.49148,6.306615,39.97997,13.85061,26.12936,563.5697,0,1103.142,0,0,1.24345e-13,4.263256e-14
naive,2026-01-13 07:45:00,799,7.75,19.67121,3225.301,692.7172,8.354783,20.23501,1,1,2257.71,2257.393,654.1439,329.1843,983.3282,2,154.5793,1.1638,27.58511,800,0,499.6694,200,0.1,0.2046279,0.3172331,0,250,0.3172331,1603.249,22.06809,63.45051,38.4684,7.190983,0,40.63879,28.85849,11.7803,358.0428,0,723.4662,0,0,-7.993606e-15,4.263256e-14
naive,2026-01-13 08:00:00,800,8,19.91899,3197.33,625.4254,372.8001,20.31546,1,1,2238.131,2237.814,1446.146,553.8544,2000,4,589.2152,254.6304,35.89923,620.2552,500,0,324.9685,0.1624843,0.1259371,0.3172331,0,250,0.3172331,791.668,28.71938,48.99234,36.2102,118.1698,0,40.28635,14.25002,26.03633,568.1044,0,1347.398,0,-2.273737e-13,1.24345e-13,4.263256e-14
naive,2026-01-13 08:15:00,801,8.25,20.11806,3188.941,546.3683,379.547,19.44157,1,1,2232.259,2231.942,717.3697,375.4459,1092.816,3,0,251.0978,41.71787,800,0,499.6694,200,0.1,0.2046279,0.3172331,0,250,0.3172331,1514.572,33.33489,62.98054,51.1875,123.9605,0,40.18066,27.26229,12.91837,402.7082,0,1036.694,0,-1.705303e-13,-7.993606e-15,4.263256e-14
naive,2026-01-13 08:30:00,802,8.5,20.24534,3232.845,427.8255,384.5066,16.63443,1,1,2262.992,2262.675,1423.281,576.7193,2000,4,414.3713,261.2836,39.94436,784.4007,500,0,324.9685,0.1624843,0.1259371,0.3172331,0,250,0.3172331,839.3939,31.87709,61.62122,13.45422,123.223,0,40.73385,15.10909,25.62476,591.8283,0,1350.101,0,-1.136868e-13,1.24345e-13,4.263256e-14
naive,2026-01-13 08:45:00,803,8.75,20.44087,3255.765,331.8174,396.0975,19.01003,1,1,2279.035,2278.718,624.5677,334.5343,959.102,2,0,112.2339,46.86811,800,0,499.6694,200,0.1,0.2046279,0.3172331,0,250,0.3172331,1654.15,37.32919,62.64103,0,130.0077,0,41.02263,29.7747,11.24793,364.309,0,882.4101,0,5.684342e-14,-7.993606e-15,4.263256e-14
naive,2026-01-13 09:00:00,804,9,20.78844,3234.392,256.6397,390.0562,18.19145,1,1,2264.075,2263.757,1335.608,556.231,1891.839,4,271.3985,272.5109,47.92979,800,500,0,324.9685,0.1624843,0.1259371,0.3172331,0,250,0.3172331,928.1492,38.04151,62.27548,0,117.5452,0,40.75334,16.70669,24.04666,572.9377,0,1278.581,0,0,1.24345e-13,4.263256e-14
naive,2026-01-13 09:15:00,805,9.25,20.89608,3254.06,217.4195,393.8494,29.31237,1,1,2277.842,2277.525,554.5217,303.6545,858.1762,2,0,0,58.17619,800,0,484.6578,203.7529,0.1018765,0.2046279,0.3172331,0,250,0.3172331,1723.003,46.12391,62.16227,1.948676,124.6624,0,41.00115,31.01405,9.9871,334.6686,0,817.8087,0,0,-7.993606e-15,4.263256e-14
naive,2026-01-13 09:30:00,806,9.5,21.22786,3319.959,181.3437,401.038,38.05428,1,1,2323.971,2323.654,879.466,426.5938,1306.06,3,170.7491,271.5584,63.7523,800,0,14.88333,200,0.1,0.1283002,0.3172331,0,250,0.3172331,1444.188,50.37561,61.81332,0,129.4796,0,41.83148,25.99538,15.8361,452.5892,0,1058.991,0,1.136868e-13,-8.049117e-16,4.263256e-14
naive,2026-01-13 09:45:00,807,9.75,21.53717,3322.731,177.2144,405.8416,37.00486,1,1,2325.912,2325.594,1276.064,541.9314,1817.996,4,170.9417,277.6601,69.39391,800,500,0,324.9685,0.1624843,0.1259371,0.3172331,0,250,0.3172331,1049.53,54.66176,61.488,6.272728,128.1815,0,41.86641,18.89154,22.97487,560.8229,0,1284.405,0,0,1.24345e-13,4.263256e-14
naive,2026-01-13 10:00:00,808,10,21.79353,3354.598,166.3148,406.952,38.58685,1,1,2348.219,2347.901,570.6063,310.7454,881.3517,2,0,0,81.35169,800,0,411.4203,222.0623,0.1110311,0.2046279,0.3172331,0,250,0.3172331,1777.295,63.9141,61.21837,33.04331,128.8032,0,42.26794,31.99131,10.27662,342.7367,0,895.7881,0,-5.684342e-14,-7.993606e-15,4.263256e-14
naive,2026-01-13 10:15:00,809,10.25,22.20964,3366.833,160.1992,404.2042,53.10684,1,1,2356.783,2356.466,802.873,409.2662,1212.139,3,32.56397,281.4905,98.08474,800,0,88.10935,200,0.1,0.1398294,0.3172331,0,250,0.3172331,1553.593,76.73394,60.78073,39.52584,122.7136,0,42.4221,27.96468,14.45742,437.2309,0,1085.947,0,-1.136868e-13,6.550316e-15,4.263256e-14
naive,2026-01-13 10:30:00,810,10.5,22.34548,3359.824,128.2217,402.1398,58.38645,1,1,2351.877,2351.56,1256.045,540.7394,1796.785,4,106.7729,281.3525,108.6591,800,500,0,324.9685,0.1624843,0.1259371,0.3172331,0,250,0.3172331,1095.515,84.88846,60.63787,21.44879,120.7873,0,42.33379,19.71926,22.61452,560.4587,0,1298.057,0,0,1.24345e-13,4.263256e-14
naive,2026-01-13 10:45:00,811,10.75,22.70228,3413.885,115.0733,401.1071,74.44696,1,1,2389.719,2389.402,601.6876,324.4476,926.1351,2,0,0,126.1351,800,0,387.8952,227.9436,0.1139718,0.2046279,0.3172331,0,250,0.3172331,1787.715,98.18127,60.2626,6.819052,121.4661,0,43.01495,32.17886,10.83609,356.6264,0,866.7494,0,-5.684342e-14,-6.483702e-14,4.263256e-14
naive,2026-01-13 11:00:00,812,11,22.81672,3444.186,121.6078,407.117,78.10706,1,1,2410.93,2410.613,793.6598,409.0784,1202.738,3,0,274.0479,128.6903,800,0,111.6307,200,0.1,0.1435327,0.3172331,0,250,0.3172331,1616.953,100.0523,60.14224,23.50295,119.5433,0,43.39675,29.10516,14.29159,438.1835,0,1055.462,0,5.684342e-14,-6.800116e-15,4.263256e-14
naive,2026-01-13 11:15:00,813,11.25,22.95583,3476.64,97.01332,412.9762,83.96764,1,1,2433.648,2433.33,1277.27,550.3903,1827.661,4,104.3031,283.8323,139.5252,800,500,0,324.9685,0.1624843,0.1259371,0.3172331,0,250,0.3172331,1156.06,108.3209,59.99593,0,129.1439,0,43.80566,20.80908,22.99658,571.1994,0,1297.677,0,0,1.24345e-13,4.263256e-14
naive,2026-01-13 11:30:00,814,11.5,23.05921,3471.798,86.11815,413.4426,92.16532,1,1,2430.259,2429.941,620.3507,332.6752,953.026,2,0,0,153.026,800,0,376.6627,230.7517,0.1153758,0.2046279,0.3172331,0,250,0.3172331,1809.591,118.6757,59.8872,0,127.8174,0,43.74465,32.57263,11.17202,365.2478,0,883.6076,0,-5.684342e-14,-7.993606e-15,4.263256e-14
naive,2026-01-13 11:45:00,815,11.75,23.36019,3476.189,113.9452,412.3873,97.20706,1,1,2433.332,2433.015,811.4573,416.9243,1228.382,3,0,265.3374,163.0442,800,0,122.8614,200,0.1,0.1453009,0.3172331,0,250,0.3172331,1621.558,126.0525,59.57065,12.5514,125.5822,0,43.79998,29.18804,14.61194,446.1124,0,1063.488,0,-5.684342e-14,-5.995204e-15,4.263256e-14
naive,2026-01-13 12:00:00,816,12,23.47898,3484.439,138.0653,416.0345,104.555,1,1,2439.107,2438.79,1305.041,562.4511,1867.492,4,105.8323,285.2578,176.4019,800,500,0,324.9685,0.1624843,0.1259371,0.3172331,0,250,0.3172331,1133.749,136.2119,59.44571,32.23304,130.7767,0,43.90393,20.40748,23.49645,582.8586,0,1380.033,0,0,1.24345e-13,4.263256e-14
naive,2026-01-13 12:15:00,817,12.25,23.72641,3497.889,99.76769,410.0666,117.0794,1,1,2448.522,2448.205,649.9911,345.7421,995.7333,2,0,0,195.7333,800,0,389.0944,227.6438,0.1138219,0.2046279,0.3172331,0,250,0.3172331,1798.214,150.7516,59.18548,0,124.8062,0,44.0734,32.36785,11.70555,378.11,0,904.9271,0,0,-7.993606e-15,4.263256e-14
naive,2026-01-13 12:30:00,818,12.5,23.81603,3490.166,97.07382,426.0538,136.5066,1,1,2443.116,2442.799,843.1933,430.9151,1274.108,3,0,270.6033,203.5051,800,0,110.4317,200,0.1,0.1433439,0.3172331,0,250,0.3172331,1599.605,156.5914,59.09122,0,143.3326,0,43.97609,28.7929,15.18319,459.708,0,1100.187,0,1.136868e-13,-6.106227e-16,4.263256e-14
naive,2026-01-13 12:45:00,819,12.75,24.19016,3480.768,78.88982,420.567,143.4271,1,1,2436.538,2436.221,1322.632,571.7165,1894.348,4,93.13515,287.4848,213.7284,800,500,0,324.9685,0.1624843,0.1259371,0.3172331,0,250,0.3172331,1113.589,163.8183,58.69773,0,133.0822,0,43.85768,20.0446,23.81308,591.7611,0,1347.054,0,0,1.24345e-13,4.263256e-14
naive,2026-01-13 13:00:00,820,13,24.65724,3518.157,54.9239,421.9375,155.3972,1,1,2462.71,2462.392,670.9063,354.9626,1025.869,3,0,0,225.869,800,0,371.2947,232.0937,0.1160468,0.2046279,0.3172331,0,250,0.3172331,1791.486,172.2798,58.20648,0,134.037,0,44.32877,32.24675,12.08202,387.2094,0,940.1502,0,1.136868e-13,4.884981e-14,4.263256e-14
naive,2026-01-13 13:15:00,821,13.25,24.90548,3488.638,54.53786,421.2783,158.5088,1,1,2442.047,2441.73,862.7735,439.547,1302.321,3,0,265.0887,237.2318,800,0,128.2286,200,0.1,0.146146,0.3172331,0,250,0.3172331,1578.956,180.4755,57.94539,0,126.0508,0,43.95684,28.42121,15.53563,467.9683,0,1088.186,0,-1.136868e-13,8.604228e-15,4.263256e-14
naive,2026-01-13 13:30:00,822,13.5,25.33075,3480.713,74.00078,420.4825,169.3906,1,1,2436.499,2436.182,1356.94,585.3146,1942.254,4,105.9667,293.4054,242.8821,800,500,0,324.9685,0.1624843,0.1259371,0.3172331,0,250,0.3172331,1079.242,183.9478,57.49812,0,127.0771,0,445.9498,197.5325,248.4172,782.8471,0,1720.217,0,0,1.24345e-13,4.263256e-14
naive,2026-01-13 13:45:00,823,13.75,25.60442,3475.11,89.18646,421.1679,174.5192,1,1,2432.577,2432.259,693.1305,364.7601,1057.891,3,0,0,257.8906,800,0,389.5387,227.5327,0.1137663,0.2046279,0.3172331,0,250,0.3172331,1739.129,194.7498,57.21029,0,134.1074,0,447.6986,320.0744,127.6242,684.8345,0,1536.643,0,-5.684342e-14,-7.993606e-15,4.263256e-14
naive,2026-01-13 14:00:00,824,14,26.0777,3466.065,94.71483,414.1093,183.4669,1,1,2426.245,2425.928,885.3409,449.4959,1334.837,3,0,269.1891,265.6476,800,0,109.9875,200,0.1,0.143274,0.3172331,0,250,0.3172331,1540.587,199.6019,56.71252,4.018327,125.6292,0,450.8532,286.2772,164.576,735.7731,0,1631.386,0,-1.136868e-13,-3.608225e-16,4.263256e-14
naive,2026-01-13 14:15:00,825,14.25,26.2685,3440.17,113.8036,423.8404,188.3697,1,1,2408.119,2407.802,1361.525,590.1553,1951.68,4,82.26822,289.3783,280.0339,800,500,0,324.9685,0.1624843,0.1259371,0.3172331,0,250,0.3172331,1046.277,209.984,56.51185,31.53536,134.462,0,449.237,195.184,254.0531,785.3392,0,1793.448,0,-1.136868e-13,1.24345e-13,4.263256e-14
naive,2026-01-13 14:30:00,826,14.5,26.2321,3428.365,97.55232,421.1214,187.9037,1,1,2399.856,2399.538,715.5166,374.629,1090.146,3,0,0,290.1455,800,0,379.926,229.9359,0.1149679,0.2046279,0.3172331,0,250,0.3172331,1684.022,217.6507,56.55013,8.800117,129.9476,0,447.3613,313.9214,133.4398,688.5504,0,1552.822,0,-1.705303e-13,-6.483702e-14,4.263256e-14
naive,2026-01-13 14:45:00,827,14.75,26.58608,3455.31,95.60008,409.5474,202.6414,1,1,2418.717,2418.4,907.4332,459.2352,1366.668,3,0,275.3161,291.3524,800,0,119.5986,200,0.1,0.1447872,0.3172331,0,250,0.3172331,1510.967,217.7309,56.17783,0,122.089,0,454.1739,283.7214,170.4526,742.9566,0,1633.317,0,-1.136868e-13,-1.471046e-15,4.263256e-14
naive,2026-01-13 15:00:00,828,15,26.71563,3445.746,121.2711,416.0171,209.3781,1,1,2412.022,2411.705,1398.693,601.3069,2000,4,121.9578,286.4637,298.5026,793.0758,500,0,324.9685,0.1624843,0.1259371,0.3172331,0,250,0.3172331,1013.012,222.765,55.55653,0,129.5534,0,454.1319,190.7283,263.4036,792.0352,0,1745.049,0,-1.136868e-13,1.24345e-13,4.263256e-14
naive,2026-01-13 15:15:00,829,15.25,26.7153,3425.987,131.4848,415.4847,201.8403,1,1,2398.191,2397.874,720.0351,376.621,1096.656,3,0,0,296.6561,800,0,418.6117,220.2644,0.1101322,0.2046279,0.3172331,0,250,0.3172331,1677.839,221.3878,56.04193,0,131.5679,0,451.5247,315.8987,135.6259,692.5197,0,1548.947,0,-5.684342e-14,4.884981e-14,4.263256e-14
naive,2026-01-13 15:30:00,830,15.5,26.75385,3466.388,120.6795,410.2206,208.6848,1,1,2426.472,2426.155,954.766,474.7182,1429.484,3,45.2569,281.3586,302.8687,800,0,80.91906,200,0.1,0.1386973,0.3172331,0,250,0.3172331,1471.388,225.9307,56.00138,0,128.862,0,457.2144,277.2503,179.9641,751.9685,0,1663.222,0,5.684342e-14,5.273559e-15,4.263256e-14
naive,2026-01-13 15:45:00,831,15.75,26.65455,3421.604,112.5724,407.1081,206.3483,1,1,2395.123,2394.805,1399.517,600.4828,2000,4,126.5641,284.0913,304.9103,784.4343,500,0,324.9685,0.1624843,0.1259371,0.3172331,0,250,0.3172331,995.2882,227.6959,55.01416,0,123.0167,0,450.3804,187.1546,263.2257,787.6375,0,1725.588,0,0,1.24345e-13,4.263256e-14
naive,2026-01-13 16:00:00,832,16,26.73454,3440.694,132.6435,398.6506,201.866,1,1,2408.486,2408.168,726.1495,379.3165,1105.466,3,0,0,305.466,800,0,427.9246,217.9362,0.1089681,0.2046279,0.3172331,0,250,0.3172331,1682.019,227.9154,56.02169,0,116.3668,0,453.6438,316.8121,136.8317,696.1286,0,1529.965,0,0,-7.993606e-15,4.263256e-14
naive,2026-01-13 16:15:00,833,16.25,26.68344,3435.591,158.7277,406.5248,191.1351,1,1,2404.914,2404.596,991.8758,484.4627,1476.338,3,100.8667,278.0572,297.4145,800,0,71.60758,200,0.1,0.1372312,0.3172331,0,250,0.3172331,1412.721,222.0296,56.07544,0,128.4676,0,452.4919,265.8077,186.6842,750.2704,0,1659.063,0,-1.705303e-13,-2.942091e-15,4.263256e-14
naive,2026-01-13 16:30:00,834,16.5,26.95233,3385.853,191.1606,400.7133,191.7789,1,1,2370.097,2369.78,1409.268,590.732,2000,4,207.3567,271.9665,296.2285,724.4483,500,0,324.9685,0.1624843,0.1259371,0.3172331,0,250,0.3172331,960.5119,220.5069,50.5236,0,128.7468,0,448.4367,181.7346,266.702,772.4666,0,1710.182,0,0,1.24345e-13,4.263256e-14
naive,2026-01-13 16:45:00,835,16.75,27.09715,3365.709,221.978,392.1242,190.3519,1,1,2355.996,2355.679,713.4462,373.7163,1087.162,3,0,0,287.1625,800,0,499.2465,200.1057,0.1000529,0.2046279,0.3172331,0,250,0.3172331,1642.233,213.4257,55.64032,0,123.4127,0,447.1163,311.6597,135.4566,685.3759,0,1521.043,0,0,-7.993606e-15,4.263256e-14
naive,2026-01-13 17:00:00,836,17,26.92364,3346.121,264.8439,379.8964,174.6577,1,1,2342.285,2341.968,1107.119,514.4056,1621.524,4,276.2362,264.8739,280.414,800,0,0.2969205,200,0.1,0.1260036,0.3172331,0,250,0.3172331,1234.849,208.7993,55.82281,0,115.0225,0,442.9099,233.5014,209.4085,747.907,0,1631.427,0,-1.136868e-13,-2.775558e-17,4.263256e-14
naive,2026-01-13 17:15:00,837,17.25,26.75806,3368.009,303.7605,373.438,159.4743,1,1,2357.607,2357.289,1422.306,577.6942,2000,4,319.9355,259.0566,269.447,651.5609,500,0,324.9685,0.1624843,0.1259371,0.3172331,0,250,0.3172331,934.9837,200.9901,45.60678,0,114.3814,0,444.2771,176.1922,268.0849,753.8864,0,1653.773,0,2.273737e-13,1.24345e-13,4.263256e-14
naive,2026-01-13 17:30:00,838,17.5,26.70287,3372.457,359.7986,363.3622,160.069,1,1,2360.72,2360.403,780.5531,403.3003,1183.853,3,0,133.8082,250.0452,800,0,499.6694,200,0.1,0.2046279,0.3172331,0,250,0.3172331,1579.849,186.628,56.055,0,106.6364,0,444.3553,297.3731,146.9822,700.6734,0,1522.233,0,-1.136868e-13,-7.993606e-15,4.263256e-14
naive,2026-01-13 17:45:00,839,17.75,26.45708,3342.813,411.6212,363.8,145.7253,1,1,2339.969,2339.652,1434.414,565.5864,2000,4,423.766,256.8986,236.6195,582.7159,500,0,324.9685,0.1624843,0.1259371,0.3172331,0,250,0.3172331,905.2384,177.0726,41.01848,0,106.9013,0,438.2193,169.5291,268.6902,735.1155,0,1608.49,0,2.273737e-13,1.24345e-13,4.263256e-14
naive,2026-01-13 18:00:00,840,18,26.43588,3293.304,459.2359,0,140.6019,1,1,2305.313,2304.996,669.8149,354.4814,1024.296,3,0,0,224.2964,800,0,479.9924,204.9193,0.1024596,0.2046279,0.3172331,0,250,0.3172331,1635.181,167.8887,56.3358,0,0,0,431.5406,306.0959,125.4447,660.5774,0,1257.777,0,-5.684342e-14,4.884981e-14,4.263256e-14
naive,2026-01-13 18:15:00,841,18.25,26.40844,3237.367,529.9891,0,129.9513,1,1,2266.157,2265.84,1056.934,463.9992,1520.933,4,513.9847,0.3194545,206.6286,800,0,19.54801,200,0.1,0.1290347,0.3172331,0,250,0.3172331,1208.906,154.7096,56.36467,0,0,0,423.9713,226.1721,197.7992,690.1713,0,1316.932,0,0,-1.720846e-15,4.263256e-14
naive,2026-01-13 18:30:00,842,18.5,26.27133,3226.564,580.4666,0,118.8596,1,1,2258.595,2258.277,1442.57,557.4305,2000,4,596.5436,0.3282013,201.4541,701.6741,500,0,324.9685,0.1624843,0.1259371,0.3172331,0,250,0.3172331,815.7079,151.0562,49.56352,0,0,0,421.3675,152.1799,269.1876,709.6104,0,1363.462,0,0,1.24345e-13,4.263256e-14
naive,2026-01-13 18:45:00,843,18.75,26.15044,3184.214,625.0907,0,116.4267,1,1,2228.95,2228.633,749.821,372.9863,1122.807,3,140.9376,1.97161,179.898,800,0,499.6694,200,0.1,0.2046279,0.3172331,0,250,0.3172331,1478.812,135.0668,56.63601,0,0,0,414.8079,275.207,139.6008,648.1933,0,1232.671,0,-5.684342e-14,-7.993606e-15,4.263256e-14
naive,2026-01-13 19:00:00,844,19,26.15207,3177.209,679.2996,0,104.9628,1,0,2224.046,2223.729,1451.324,548.6761,2000,4,676.0537,2.5467,162.3687,659.0309,500,0,324.9685,0.1624843,0.1259371,0.3172331,0,250,0.3172331,772.4054,121.9037,46.65469,3.245873,0,0,413.9092,143.7495,270.1596,692.4257,0,1337.964,0,2.273737e-13,1.24345e-13,4.263256e-14
naive,2026-01-13 19:15:00,845,19.25,26.25859,3167.815,711.5001,0,106.6438,1,0,2217.47,2217.153,780.758,378.9574,1159.715,3,205.3917,3.293567,151.0302,800,0,499.6694,200,0.1,0.2046279,0.3172331,0,250,0.3172331,1436.395,113.2623,56.52227,6.438957,0,0,413.5871,267.9064,145.6807,646.8638,0,1241.247,0,-1.136868e-13,-7.993606e-15,4.263256e-14
naive,2026-01-13 19:30:00,846,19.5,26.35827,3171.679,747.4531,0.2976744,101.784,1,0,2220.175,2219.858,1454.175,545.8248,2000,4,708.0264,2.751198,134.3114,654.911,500,0,324.9685,0.1624843,0.1259371,0.3172331,0,250,0.3172331,765.6827,100.6172,46.18549,39.42664,0,1.166752,414.9402,143.1025,271.8377,689.1454,0,1394.343,0,-2.273737e-13,1.24345e-13,4.263256e-14
naive,2026-01-13 19:45:00,847,19.75,26.25188,3187.353,756.2787,0,101.6857,0,0,2231.147,2230.83,755.2939,368.7015,1123.995,3,197.2387,4.382378,122.3744,800,0,499.6694,200,0.1,0.2046279,0.3172331,0,250,0.3172331,1475.536,91.77894,56.52933,59.37056,0,9.906752,416.0808,275.1689,140.9119,0,645.7178,3590.267,0,1.136868e-13,-7.993606e-15,4.263256e-14
naive,2026-01-13 20:00:00,848,20,26.2396,3175.371,714.8222,0.6410835,90.9049,0,0,2222.76,2222.443,1448.394,551.6064,2000,4,671.5678,4.953221,114.5991,708.8799,500,0,324.9685,0.1624843,0.1259371,0.3172331,0,250,0.3172331,774.0492,85.95883,50.10207,43.25433,0,4.946071,414.4123,144.3141,270.0983,0,696.8426,3850.883,0,0,1.24345e-13,4.263256e-14
naive,2026-01-13 20:15:00,849,20.25,26.00638,3172.285,666.0049,0,79.94102,0,0,2220.6,2220.282,699.3951,351.2181,1050.613,3,137.0536,6.230992,107.3286,800,0,499.6694,200,0.1,0.2046279,0.3172331,0,250,0.3172331,1520.887,80.70562,56.78753,29.28182,0,0,412.0387,282.205,129.8337,0,633.4231,3470.452,0,-1.136868e-13,-7.993606e-15,4.263256e-14
naive,2026-01-13 20:30:00,850,20.5,25.91274,3151.752,603.9118,0,71.46678,0,0,2206.226,2205.909,1438.701,561.2994,2000,4,605.3807,5.099316,98.29897,791.221,500,0,324.9685,0.1624843,0.1259371,0.3172331,0,250,0.3172331,767.2084,73.98945,56.26176,0,0,0,408.5908,142.0862,266.5046,0,703.3856,3805.327,0,2.273737e-13,1.24345e-13,4.263256e-14
naive,2026-01-13 20:45:00,851,20.75,25.62925,3163.082,527.8772,7.809067,65.1633,0,0,2214.158,2213.84,608.9833,323.0166,932,2,39.06619,2.501602,90.43216,800,0,499.6694,200,0.1,0.2046279,0.3172331,0,250,0.3172331,1604.857,68.2732,57.18417,0,5.307465,0,407.7051,295.5112,112.1939,0,618.5279,3346.726,0,5.684342e-14,-7.993606e-15,4.263256e-14
naive,2026-01-13 21:00:00,852,21,25.55723,3164.721,495.196,0.7837882,66.16652,0,0,2215.305,2214.987,1342.279,532.6916,1874.971,4,493.9983,1.652098,79.3203,800,500,0,324.9685,0.1624843,0.1259371,0.3172331,0,250,0.3172331,872.7084,59.92983,57.25992,1.197689,0,6.23669,407.3221,160.4625,246.8596,0,694.3009,3756.303,0,1.136868e-13,1.24345e-13,4.263256e-14
naive,2026-01-13 21:15:00,853,21.25,25.21867,3183.466,440.8352,0,52.12522,0,0,2228.426,2228.109,565.3582,308.4318,873.79,2,0,0,73.79002,800,0,414.366,221.3259,0.1106629,0.2046279,0.3172331,0,250,0.3172331,1662.751,55.95133,57.616,27.5306,0,0,406.9481,303.6463,103.3019,0,612.0781,3349.102,0,5.684342e-14,-7.993606e-15,4.263256e-14
naive,2026-01-13 21:30:00,854,21.5,24.9096,3191.57,369.015,0,55.51874,0,0,2234.099,2233.781,767.0531,366.1705,1133.224,3,262.0934,0.1540033,70.97619,800,0,85.16411,200,0.1,0.1393657,0.3172331,0,250,0.3172331,1466.728,53.99323,57.94106,21.75751,0,1.525511,40.21378,26.40111,13.81267,0,392.8484,2133.014,0,5.684342e-14,1.582068e-15,4.263256e-14
naive,2026-01-13 21:45:00,855,21.75,24.71913,3144.788,339.232,0,49.93735,0,0,2201.352,2201.035,1182.475,484.9329,1667.407,4,303.2526,0.02074398,64.13404,800,500,0,324.9685,0.1624843,0.1259371,0.3172331,0,250,0.3172331,1018.56,48.88597,58.14139,35.97935,0,1.051374,39.62433,18.33408,21.29025,0,503.457,2765.669,0,-5.684342e-14,1.24345e-13,4.263256e-14
naive,2026-01-13 22:00:00,856,22,24.59536,3088.094,292.634,0.1931495,42.35827,0,0,2161.666,2161.349,556.6535,304.5943,861.2478,2,0,0,61.24778,800,0,242.8258,264.2109,0.1321055,0.2046279,0.3172331,0,250,0.3172331,1604.695,46.74658,58.27157,49.888,0.1134239,0,38.90999,28.88451,10.02547,0,333.4788,1854.831,0,-1.136868e-13,4.884981e-14,4.263256e-14
naive,2026-01-13 22:15:00,857,22.25,24.2052,3093.337,253.913,15.18615,35.28868,0,0,2165.336,2165.019,555.328,304.01,859.338,2,0,0,59.33803,800,0,202.2398,213.6094,0.1068047,0.1663697,0.3172331,0,250,0.3172331,1609.691,45.4742,58.68191,51.88958,14.96973,0,38.97605,28.97443,10.00161,0,332.9844,1880.73,0,0,1.906808e-14,4.263256e-14
naive,2026-01-13 22:30:00,858,22.5,23.93006,3108.881,204.3851,0.02123069,36.4676,0,0,2176.217,2175.899,651.9757,330.8336,982.8093,2,132.6796,0.498553,49.63115,800,0,54.30297,200,0.1,0.1345067,0.3172331,0,250,0.3172331,1523.924,38.14449,58.97129,17.40256,0,0,39.1719,27.43063,11.74127,0,358.2642,1934.13,0,5.684342e-14,6.383782e-16,4.263256e-14
naive,2026-01-13 22:45:00,859,22.75,23.73922,3075.719,138.8373,4.831391,35.66988,0,0,2153.003,2152.686,1056.125,446.7374,1502.862,4,156.0956,0.2558334,46.51092,800,500,0,324.9685,0.1624843,0.1259371,0.3172331,0,250,0.3172331,1096.561,35.81742,59.17201,0,4.575558,0,38.75406,19.7381,19.01596,0,466.4755,2506.94,0,5.684342e-14,1.24345e-13,4.263256e-14
naive,2026-01-13 23:00:00,860,23,23.55717,3101.83,134.4015,2.969179,35.00628,0,1,2171.281,2170.964,539.5057,297.0347,836.5404,2,0,0,36.54039,800,0,154.3932,286.319,0.1431595,0.2046279,0.3172331,0,250,0.3172331,1631.458,28.19247,59.36347,0,2.94903,6.813806,39.08306,29.36625,9.716812,0,327.6051,1740.131,0,5.684342e-14,7.727152e-14,4.263256e-14
naive,2026-01-13 23:15:00,861,23.25,23.23369,3087.507,110.2887,12.00026,31.82951,0,1,2161.255,2160.938,537.0234,295.9404,832.9639,2,0,0,32.96386,800,0,152.3137,248.1955,0.1240978,0.1802909,0.3172331,0,250,0.3172331,1623.914,25.51833,59.70369,0,10.85591,6.311186,38.90259,29.23046,9.672132,0,326.2792,1746.096,0,0,4.010681e-14,4.263256e-14
naive,2026-01-13 23:30:00,862,23.5,23.03231,3070.86,82.54907,10.14952,34.37322,0,1,2149.602,2149.285,539.0728,296.8439,835.9166,2,0,0,35.91665,800,0,124.3898,217.059,0.1085295,0.1562851,0.3172331,0,250,0.3172331,1610.212,27.86204,59.9155,0,9.48027,6.511188,38.69284,28.98382,9.70902,0,326.9667,1747.266,0,-5.684342e-14,3.95517e-14,4.263256e-14
naive,2026-01-13 23:45:00,863,23.75,22.78317,3067.941,92.19735,4.035894,31.7096,1,1,2147.559,2147.241,564.8133,303.3828,868.1961,2,40.42387,0.3576964,27.41458,800,0,68.09939,200,0.1,0.1366789,0.3172331,0,250,0.3172331,1582.428,21.32127,60.17753,0,3.678198,10.38834,38.65606,28.48371,10.17235,333.6751,0,605.9954,0,5.684342e-14,-5.717649e-15,4.263256e-14
naive,2026-01-14 00:00:00,864,0,22.75256,3021.78,99.55225,7.679996,26.12914,1,1,2115.246,2114.928,1003.676,428.9055,1432.582,3,111.6253,0,20.95625,800,500,0,324.9685,0.1624843,0.1259371,0.3172331,0,250,0.3172331,1111.252,16.30353,60.20972,0,7.679996,9.825602,38.07442,20.00254,18.07188,450.6177,0,846.7474,0,-5.684342e-14,1.24345e-13,4.263256e-14
naive,2026-01-14 00:15:00,865,0.25,22.61084,2978.508,83.03277,6.201186,25.79628,1,1,2084.955,2084.638,528.648,292.2481,820.8961,2,0,0,20.89611,800,0,115.6697,295.9999,0.148,0.2046279,0.3172331,0,250,0.3172331,1555.99,16.28044,60.35878,0,5.5206,9.51584,37.5292,28.00782,9.521374,321.9072,0,585.4338,0,0,1.056932e-13,4.263256e-14
naive,2026-01-14 00:30:00,866,0.5,22.22625,2975.452,84.57771,5.04139,23.88769,1,1,2082.817,2082.499,527.7119,291.8355,819.5474,2,0,0,19.54743,800,0,111.604,268.0523,0.1340262,0.1863868,0.3172331,0,250,0.3172331,1554.788,15.2898,60.76327,0,5.04139,8.597882,37.4907,27.98618,9.504525,321.3027,0,582.9432,0,-5.684342e-14,-1.049161e-13,4.263256e-14
naive,2026-01-14 00:45:00,867,0.75,21.73389,2952.283,93.35538,0,21.92008,1,1,2066.598,2066.281,525.0163,290.6471,815.6634,2,0,0,15.66339,800,0,100.1035,242.9843,0.1214921,0.1687886,0.3172331,0,250,0.3172331,1541.264,12.31345,61.2811,0,0,9.60663,37.19876,27.74276,9.456003,320.0294,0,571.1176,0,5.684342e-14,-5.784262e-14,4.263256e-14
naive,2026-01-14 01:00:00,868,1,21.54964,2961.894,93.11611,0,25.48353,1,1,2073.326,2073.008,529.2607,292.5183,821.779,2,0,0,21.779,800,0,111.3469,215.1093,0.1075546,0.1530036,0.3172331,0,250,0.3172331,1543.748,17.1532,61.47489,0,0,8.330325,37.31986,27.78746,9.532403,321.7226,0,574.2859,0,0,-1.090794e-14,4.263256e-14
naive,2026-01-14 01:15:00,869,1.25,21.51136,2969.637,84.39799,0.3583486,23.69532,1,1,2078.746,2078.429,565.9316,303.5435,869.4751,2,43.21733,6.048631,20.20909,800,0,60.3017,200,0.1,0.1354512,0.3172331,0,250,0.3172331,1512.497,15.92293,61.51515,0,0,7.77239,37.41743,27.22495,10.19248,332.0894,0,594.9743,0,0,-2.914335e-15,4.263256e-14
naive,2026-01-14 01:30:00,870,1.5,21.34606,2912.561,107.9559,0.9838697,15.64549,1,1,2038.793,2038.475,999.6105,427.9824,1427.593,3,104.3184,3.263546,20.01091,800,500,0,324.9685,0.1624843,0.1259371,0.3172331,0,250,0.3172331,1038.865,15.79324,61.689,3.637486,0,0,36.69827,18.69957,17.9987,446.682,0,830.2385,0,-5.684342e-14,1.24345e-13,4.263256e-14
naive,2026-01-14 01:45:00,871,1.75,21.2798,2910.08,99.01545,0,8.799509,1,1,2037.056,2036.739,526.8282,291.4459,818.2741,2,0,0,18.27407,800,0,98.49141,300.2945,0.1501473,0.2046279,0.3172331,0,250,0.3172331,1509.911,14.43216,61.75869,3.806185,0,0,36.66701,27.1784,9.488618,318.6243,0,574.3357,0,-5.684342e-14,1.199041e-13,4.263256e-14
naive,2026-01-14 02:00:00,872,2,21.04225,2940.615,113.6795,2.40575,5.861706,1,1,2058.431,2058.114,523.1379,289.819,812.957,2,0,0,12.95698,800,0,67.618,283.3427,0.1416714,0.189091,0.3172331,0,250,0.3172331,1534.976,10.25755,62.00853,46.11752,2.349776,0,37.05175,27.62956,9.422193,317.4486,0,648.7437,0,5.684342e-14,8.490431e-14,4.263256e-14
naive,2026-01-14 02:15:00,873,2.25,20.70031,2897.617,106.4965,1.093777,2.022138,1,1,2028.332,2028.014,524.4375,290.392,814.8295,2,0,0,14.82952,800,0,71.63747,265.3888,0.1326944,0.1784168,0.3172331,0,250,0.3172331,1503.577,11.78053,62.36817,34.90467,1.048086,0,36.50997,27.06438,9.445586,317.4564,0,626.767,0,0,6.214473e-14,4.263256e-14
naive,2026-01-14 02:30:00,874,2.5,20.64534,2912.564,98.60077,0,2.581581,1,1,2038.795,2038.477,522.7776,289.6602,812.4378,2,0,0,12.43783,800,0,77.60085,245.9468,0.1229734,0.1671114,0.3172331,0,250,0.3172331,1515.7,9.886049,62.42598,21.20655,0,0,36.6983,27.2826,9.415708,316.9428,0,600.2377,0,0,-1.160183e-14,4.263256e-14
naive,2026-01-14 02:45:00,875,2.75,20.51483,2900.127,116.2931,0,3.34365,1,1,2030.089,2029.771,525.369,290.8026,816.1716,2,0,0,16.17161,800,0,82.92883,225.1758,0.1125879,0.1548691,0.3172331,0,250,0.3172331,1504.402,12.87068,62.56324,34.58892,0,0,36.5416,27.07924,9.462352,317.8818,0,625.0459,0,-5.684342e-14,-4.535261e-14,4.263256e-14
naive,2026-01-14 03:00:00,876,3,20.47122,2875.828,102.6162,0,13.73454,1,1,2013.08,2012.762,524.8734,290.5841,815.4575,2,0,0,15.45755,800,0,90.5256,202.509,0.1012545,0.1417899,0.3172331,0,250,0.3172331,1487.889,12.30777,62.60911,12.53324,0,1.426777,36.23543,26.782,9.453432,317.604,0,586.3926,0,-5.684342e-14,9.048318e-15,4.263256e-14
naive,2026-01-14 03:15:00,877,3.25,20.16949,2932.827,109.455,0,16.0866,1,1,2052.979,2052.662,604.8513,314.3965,919.2478,2,96.216,1.232201,21.79957,800,0,9.908483,200,0.1,0.1275169,0.3172331,0,250,0.3172331,1447.811,17.4101,62.92645,3.330502,0,0,36.95362,26.06059,10.89303,340.4571,0,615.8671,0,0,-3.885781e-16,4.263256e-14
naive,2026-01-14 03:30:00,878,3.5,20.08595,2978.36,120.1567,0,20.87354,1,1,2084.852,2084.535,1003.267,428.1029,1431.37,3,116.8569,0.2855302,14.22747,800,500,0,324.9685,0.1624843,0.1259371,0.3172331,0,250,0.3172331,1081.268,11.37219,63.01431,3.299818,0,9.501345,37.52734,19.46282,18.06452,449.1386,0,833.0783,0,-5.684342e-14,1.24345e-13,4.263256e-14
naive,2026-01-14 03:45:00,879,3.75,19.90992,2978.878,141.9669,8.551135,18.49599,1,1,2085.215,2084.897,524.9576,290.6212,815.5789,2,0,0,15.57886,800,0,126.1474,293.3805,0.1466902,0.2046279,0.3172331,0,250,0.3172331,1559.94,12.46309,63.19946,19.27597,5.094588,6.032895,37.53386,28.07892,9.454947,319.6957,0,610.3312,0,0,-7.993606e-15,4.263256e-14
naive,2026-01-14 04:00:00,880,4,19.93451,2978.471,148.5164,10.57485,15.71474,1,1,2084.93,2084.613,528.5886,292.2219,820.8105,2,0,0,20.81052,800,0,130.8358,260.6254,0.1303127,0.1847374,0.3172331,0,250,0.3172331,1556.024,16.64842,63.17359,17.94347,10.312,0,37.52874,28.00843,9.520305,320.2304,0,618.1312,0,0,-5.356826e-14,4.263256e-14
naive,2026-01-14 04:15:00,881,4.25,19.79083,3025.782,143.6341,13.05711,6.650612,1,1,2118.047,2117.73,530.6706,293.1398,823.8105,2,0,0,23.81048,800,0,148.5264,223.4527,0.1117264,0.164112,0.3172331,0,250,0.3172331,1587.059,19.04838,63.32471,0,12.15534,0,38.12485,28.56707,9.557782,321.7069,0,593.1414,0,0,6.467049e-15,4.263256e-14
naive,2026-01-14 04:30:00,882,4.5,19.6588,3060.351,154.0095,13.88999,5.947829,1,1,2142.246,2141.928,597.9009,312.6346,910.5355,2,85.2697,0.3812807,24.88455,800,0,93.67022,200,0.1,0.1407049,0.3172331,0,250,0.3172331,1544.027,19.90764,63.46356,0,13.50871,0,38.56042,27.79249,10.76793,340.4271,0,632.7603,0,-5.684342e-14,-3.497203e-15,4.263256e-14
naive,2026-01-14 04:45:00,883,4.75,19.54506,3059.765,180.8714,7.391433,10.80097,1,1,2141.836,2141.519,1092.925,454.9923,1547.918,4,223.0818,0.2871454,24.5488,800,500,0,324.9685,0.1624843,0.1259371,0.3172331,0,250,0.3172331,1048.593,19.63904,63.58319,0,7.104288,0,38.55305,18.87468,19.67837,473.867,0,888.4577,0,0,1.24345e-13,4.263256e-14
naive,2026-01-14 05:00:00,884,5,19.68737,3082.533,233.5461,9.176446,7.108813,1,1,2157.773,2157.456,531.8346,293.653,825.4876,2,0,0,25.48761,800,0,286.5532,253.2791,0.1266395,0.2046279,0.3172331,0,250,0.3172331,1625.622,20.39009,63.43352,0,7.154045,0,38.83992,29.26119,9.578734,322.9142,0,586.8063,0,0,-7.993606e-15,4.263256e-14
naive,2026-01-14 05:15:00,885,5.25,19.68131,3083.783,313.1921,10.8435,13.78082,1,1,2158.648,2158.331,639.7394,324.1755,963.9149,2,143.3026,0.6712493,19.941,800,0,212.9568,200,0.1,0.1594861,0.3172331,0,250,0.3172331,1518.591,15.9528,63.43989,0,10.17225,0,38.85566,27.33464,11.52102,351.5102,0,649.1976,0,0,-1.201816e-14,4.263256e-14
naive,2026-01-14 05:30:00,886,5.5,19.58741,3076.504,395.9681,1.594692,17.10661,1,1,2153.553,2153.236,1252.689,500.509,1753.198,4,432.5215,0.8962428,19.77993,800,500,0,324.9685,0.1624843,0.1259371,0.3172331,0,250,0.3172331,900.547,15.82394,63.53865,0,0.6984494,1.282668,38.76395,16.20985,22.55411,516.9293,0,963.5824,0,-1.136868e-13,1.24345e-13,4.263256e-14
naive,2026-01-14 05:45:00,887,5.75,19.47565,3095.676,479.9911,0,15.85783,1,1,2166.973,2166.656,554.228,300.3491,854.577,2,26.69822,0.8894392,26.98936,800,0,499.6694,200,0.1,0.2046279,0.3172331,0,250,0.3172331,1612.428,21.59148,63.65619,0,0,0,39.00552,29.02371,9.981813,329.3728,0,587.1323,0,-5.684342e-14,-7.993606e-15,4.263256e-14
naive,2026-01-14 06:00:00,888,6,19.37785,3087.625,568.8305,7.282048,14.82064,1,1,2161.337,2161.02,1400.797,544.3479,1945.144,4,612.8725,4.515926,27.75593,800,500,0,324.9685,0.1624843,0.1259371,0.3172331,0,250,0.3172331,760.2236,22.20475,63.75906,0,2.766122,0,38.90407,13.68403,25.22005,558.0319,0,1049.106,0,0,1.24345e-13,4.263256e-14
naive,2026-01-14 06:15:00,889,6.25,19.62258,3108.646,639.3832,13.51839,21.51269,1,1,2176.052,2175.735,662.0776,330.9176,992.9952,2,169.4102,1.372318,22.21264,800,0,499.6694,200,0.1,0.2046279,0.3172331,0,250,0.3172331,1513.657,17.77011,63.50167,0,12.14608,3.742576,39.16894,27.24583,11.92311,358.7778,0,667.0682,0,-5.684342e-14,-7.993606e-15,4.263256e-14
naive,2026-01-14 06:30:00,890,6.5,19.45283,3107.541,706.45,18.5177,17.70619,1,1,2175.279,2174.961,1449.943,550.0571,2000,4,717.6162,2.995493,26.64495,752.7433,500,0,324.9685,0.1624843,0.1259371,0.3172331,0,250,0.3172331,725.0186,21.31596,59.91855,0,15.52221,0,39.15502,13.05033,26.10468,563.1075,0,1085.582,0,0,1.24345e-13,4.263256e-14
naive,2026-01-14 06:45:00,891,6.75,19.42627,3104.275,752.5338,19.01298,15.3788,1,1,2172.992,2172.675,740.6544,354.0535,1094.708,3,266.1207,1.338282,27.24897,800,0,499.6694,200,0.1,0.2046279,0.3172331,0,250,0.3172331,1432.021,21.79917,63.70813,0,17.6747,0,39.11386,25.77637,13.33749,379.8299,0,718.477,0,0,-7.993606e-15,4.263256e-14
naive,2026-01-14 07:00:00,892,7,19.60876,3101.861,800.2809,2.442131,14.68674,1,1,2171.303,2170.985,1457.248,542.7519,2000,4,774.1037,1.079955,23.51061,701.3058,500,0,324.9685,0.1624843,0.1259371,0.3172331,0,250,0.3172331,713.7373,18.80849,55.68034,26.17726,1.362176,0,39.08345,12.84727,26.23618,555.5992,0,1096.064,0,0,1.24345e-13,4.263256e-14
naive,2026-01-14 07:15:00,893,7.25,19.87386,3128.201,776.1984,0,10.11239,1,1,2189.741,2189.424,748.7728,356.6358,1105.409,3,274.4992,2.591355,28.31807,800,0,499.6694,200,0.1,0.2046279,0.3172331,0,250,0.3172331,1440.651,22.65446,63.23738,2.029717,0,0,39.41533,25.93171,13.48362,382.5675,0,697.4943,0,5.684342e-14,-7.993606e-15,4.263256e-14
naive,2026-01-14 07:30:00,894,7.5,19.97735,3164.351,729.9616,0,11.40761,1,1,2215.046,2214.728,1452.989,547.0109,2000,4,737.9161,4.513264,31.51047,726.0602,500,0,324.9685,0.1624843,0.1259371,0.3172331,0,250,0.3172331,761.7392,25.20838,57.29389,0,0,0,39.87082,13.71131,26.15951,560.7222,0,1056.989,0,1.136868e-13,1.24345e-13,4.263256e-14
naive,2026-01-14 07:45:00,895,7.75,20.21529,3184.157,663.8643,0,10.18386,1,1,2228.91,2228.593,672.208,334.6541,1006.862,3,175.5424,5.076332,26.24333,800,0,499.6694,200,0.1,0.2046279,0.3172331,0,250,0.3172331,1556.385,20.94947,62.87828,0,0,0,40.12038,28.01493,12.10545,362.669,0,654.6,0,5.684342e-14,-7.993606e-15,4.263256e-14
naive,2026-01-14 08:00:00,896,8,20.46057,3171.656,577.4229,364.102,20.35046,1,1,2220.159,2219.842,1451.727,548.273,2000,4,608.9576,317.5954,30.13815,543.3088,500,0,324.9685,0.1624843,0.1259371,0.3172331,0,250,0.3172331,768.1149,23.99947,42.52771,0,46.50665,0,39.96287,13.82607,26.1368,562.099,0,1156.578,0,0,1.24345e-13,4.263256e-14
naive,2026-01-14 08:15:00,897,8.25,20.74551,3201.72,510.6228,367.495,23.64598,1,1,2241.204,2240.886,778.0576,399.3875,1177.445,3,23.64328,321.6773,32.12453,800,0,499.6694,200,0.1,0.2046279,0.3172331,0,250,0.3172331,1462.829,25.50803,62.32063,0,45.81773,0,40.34167,26.33092,14.01075,425.7185,0,860.3618,0,0,-7.993606e-15,4.263256e-14
naive,2026-01-14 08:30:00,898,8.5,20.91745,3192.253,408.9764,369.7795,19.45047,1,1,2234.577,2234.26,1427.124,572.8757,2000,4,421.9776,326.9481,29.28982,721.7845,500,0,324.9685,0.1624843,0.1259371,0.3172331,0,250,0.3172331,807.1353,23.21688,56.06442,0,42.83139,0,40.22238,14.52844,25.69395,587.4041,0,1185.62,0,2.273737e-13,1.24345e-13,4.263256e-14
naive,2026-01-14 08:45:00,899,8.75,21.30888,3182.814,366.4855,372.1865,31.42409,1,1,2227.97,2227.653,658.6183,349.5455,1008.164,3,0,174.1373,34.02653,800,0,499.6694,200,0.1,0.2046279,0.3172331,0,250,0.3172331,1569.034,26.86493,61.72811,28.22235,36.64302,4.559156,40.10346,28.24262,11.86084,378.56,0,799.5687,0,0,-7.993606e-15,4.263256e-14
naive,2026-01-14 09:00:00,900,9,21.51977,3201.721,271.7063,375.5776,33.04705,1,1,2241.205,2240.887,1363.243,569.3628,1932.606,4,263.4225,335.1929,33.99074,800,500,0,324.9685,0.1624843,0.1259371,0.3172331,0,250,0.3172331,877.644,26.77933,61.5063,8.283762,40.38471,6.267717,40.34168,15.79759,24.54409,586.2258,0,1187.21,0,0,1.24345e-13,4.263256e-14
naive,2026-01-14 09:15:00,901,9.25,21.91245,3245.37,218.9445,376.9782,36.5941,1,1,2271.759,2271.442,582.9457,316.1852,899.131,2,0,52.69176,46.43922,800,0,499.6694,200,0.1,0.2046279,0.3172331,0,250,0.3172331,1688.496,36.44088,61.0933,2.244781,41.31672,0.153226,40.89167,30.39293,10.49873,346.6044,0,699.6225,0,0,-7.993606e-15,4.263256e-14
naive,2026-01-14 09:30:00,902,9.5,21.96833,3281.061,192.9157,378.2503,39.44095,1,1,2296.743,2296.426,1319.646,559.6596,1879.305,4,183.4209,340.6458,55.23845,800,500,0,324.9685,0.1624843,0.1259371,0.3172331,0,250,0.3172331,976.7803,43.32094,61.03453,9.494793,37.60452,0,41.34137,17.58204,23.75933,577.2417,0,1167.066,0,-3.410605e-13,1.24345e-13,4.263256e-14
naive,2026-01-14 09:45:00,903,9.75,22.29942,3310.178,166.2402,391.5284,41.06813,1,1,2317.125,2316.808,568.2648,309.7132,877.978,2,0,20.8215,57.15648,800,0,499.6694,200,0.1,0.2046279,0.3172331,0,250,0.3172331,1748.543,44.67377,60.68631,0,45.58182,0,41.70825,31.47377,10.23448,341.1869,0,692.7304,0,5.684342e-14,-7.993606e-15,4.263256e-14
naive,2026-01-14 10:00:00,904,10,22.34977,3357.098,150.4741,396.0808,46.59395,1,1,2349.968,2349.651,1304.866,556.9479,1861.814,4,151.4455,346.7993,63.5691,800,500,0,324.9685,0.1624843,0.1259371,0.3172331,0,250,0.3172331,1044.785,49.66029,60.63335,0,49.28147,0,42.29943,18.80613,23.4933,575.754,0,1168.306,0,-2.273737e-13,1.24345e-13,4.263256e-14
naive,2026-01-14 10:15:00,905,10.25,22.37696,3385.519,107.6254,391.5694,56.15708,1,1,2369.863,2369.546,570.6941,310.7841,881.4782,2,0,0,81.47816,800,0,489.2311,202.6096,0.1013048,0.2046279,0.3172331,0,250,0.3172331,1798.852,63.63316,60.60475,0,44.8472,0,42.65754,32.37934,10.2782,343.1634,0,695.508,0,5.684342e-14,-7.993606e-15,4.263256e-14
naive,2026-01-14 10:30:00,906,10.5,22.67192,3381.647,112.8997,395.3241,58.06944,1,1,2367.153,2366.836,900.6426,443.3461,1343.989,3,108.4034,345.5863,89.99903,800,0,10.31076,200,0.1,0.1275803,0.3172331,0,250,0.3172331,1466.193,70.07547,60.29453,0,49.73772,0,42.60876,26.39148,16.21728,469.7376,0,957.4414,0,-2.273737e-13,7.771561e-16,4.263256e-14
naive,2026-01-14 10:45:00,907,10.75,22.79734,3409.684,113.0498,401.3158,65.67103,1,1,2386.779,2386.462,1304.475,561.4438,1865.919,4,112.2044,344.2694,109.4454,800,500,0,324.9685,0.1624843,0.1259371,0.3172331,0,250,0.3172331,1081.986,85.10705,60.16263,0.8453709,57.04639,0,42.96202,19.47575,23.48627,580.9195,0,1194.019,0,0,1.24345e-13,4.263256e-14
naive,2026-01-14 11:00:00,908,11,23.09312,3409.234,128.1573,401.8525,72.71248,1,1,2386.464,2386.147,592.6497,320.4632,913.1129,2,0,0,113.1129,800,0,462.1964,209.3683,0.1046841,0.2046279,0.3172331,0,250,0.3172331,1793.497,87.69133,59.85154,17.04208,50.77126,0,42.95635,32.28295,10.6734,352.7462,0,755.1374,0,0,-7.993606e-15,4.263256e-14
naive,2026-01-14 11:15:00,909,11.25,23.1927,3427.864,116.5298,409.5308,84.2187,1,1,2399.504,2399.187,892.4912,445.1722,1337.663,3,62.8445,352.6435,122.1754,800,0,37.34117,200,0.1,0.1318361,0.3172331,0,250,0.3172331,1506.696,94.6198,59.74681,16.34411,56.88732,0,43.19108,27.12053,16.07055,472.2927,0,1003.694,0,1.136868e-13,-2.858824e-15,4.263256e-14
naive,2026-01-14 11:30:00,910,11.5,23.64353,3449.96,110.3378,409.6867,95.79231,1,1,2414.972,2414.655,1309.571,566.5322,1876.103,4,88.31303,353.6704,134.1198,800,500,0,324.9685,0.1624843,0.1259371,0.3172331,0,250,0.3172331,1105.084,103.3865,59.27264,22.02481,56.01629,0,43.4695,19.89151,23.57799,586.4237,0,1240.787,0,0,1.24345e-13,4.263256e-14
naive,2026-01-14 11:45:00,911,11.75,23.88369,3453.577,81.8371,414.6875,94.69464,1,1,2417.504,2417.186,613.0312,329.4484,942.4796,2,0,0,142.4796,800,0,462.1626,209.3767,0.1046884,0.2046279,0.3172331,0,250,0.3172331,1804.155,109.5569,59.02006,0,61.10078,0,43.51506,32.47479,11.04027,361.9232,0,762.8477,0,0,-6.483702e-14,4.263256e-14
naive,2026-01-14 12:00:00,912,12,23.97455,3423.637,92.93567,419.5959,107.7876,1,1,2396.546,2396.229,934.3032,460.8023,1395.106,3,86.40423,354.8981,153.8032,800,0,37.37498,200,0.1,0.1318414,0.3172331,0,250,0.3172331,1461.925,118.1522,58.9245,0,64.69779,0,43.13782,26.31466,16.82317,487.117,0,1019.548,0,1.136868e-13,-2.442491e-15,4.263256e-14
naive,2026-01-14 12:15:00,913,12.25,24.23579,3434.01,77.64404,420.458,122.5115,1,1,2403.807,2403.49,1344.676,580.4044,1925.08,4,101.7949,351.5949,171.6904,800,500,0,324.9685,0.1624843,0.1259371,0.3172331,0,250,0.3172331,1058.814,131.5344,58.64974,0,68.86311,0,43.26853,19.05865,24.20988,599.463,0,1251.734,0,0,1.24345e-13,4.263256e-14
naive,2026-01-14 12:30:00,914,12.5,24.58568,3439.431,87.72405,418.8507,129.2505,1,1,2407.601,2407.284,645.4468,343.7388,989.1856,2,0,0,189.1856,800,0,456.8279,210.7104,0.1053552,0.2046279,0.3172331,0,250,0.3172331,1761.837,144.4081,58.28175,0,59.62246,0,43.33683,31.71307,11.62375,375.4519,0,788.1855,0,0,-7.993606e-15,4.263256e-14
naive,2026-01-14 12:45:00,915,12.75,24.71516,3449.404,115.0073,422.4378,136.7974,1,1,2414.583,2414.266,934.1978,465.959,1400.157,3,42.66516,358.3943,199.0974,800,0,42.70885,200,0.1,0.1326812,0.3172331,0,250,0.3172331,1480.068,151.7677,58.14557,29.63326,64.04349,0,43.46249,26.64122,16.82127,492.6002,0,1081.379,0,5.684342e-14,-1.44329e-15,4.263256e-14
naive,2026-01-14 13:00:00,916,13,25.00869,3450.117,95.72227,426.4945,147.8998,1,1,2415.082,2414.765,1353.007,588.1043,1941.111,4,67.94002,359.4045,213.7662,800,500,0,324.9685,0.1624843,0.1259371,0.3172331,0,250,0.3172331,1061.758,162.4475,57.83685,27.78225,67.08997,0,439.1821,193.0805,246.1016,781.1847,0,1660.958,0,-2.273737e-13,1.24345e-13,4.263256e-14
naive,2026-01-14 13:15:00,917,13.25,25.4944,3433.452,98.60918,431.25,160.9163,1,1,2403.416,2403.099,667.7231,353.5593,1021.282,3,0,0,221.2823,800,0,436.5346,215.7837,0.1078919,0.2046279,0.3172331,0,250,0.3172331,1735.376,167.2993,57.326,24.3916,68.933,0,441.3489,318.674,122.6749,672.2332,0,1440.96,0,-1.136868e-13,4.884981e-14,4.263256e-14
naive,2026-01-14 13:30:00,918,13.5,25.81621,3407.987,89.67853,429.1205,169.6305,1,1,2385.591,2385.274,945.6055,473.0541,1418.66,3,25.29753,361.0635,232.2986,800,0,62.99898,200,0.1,0.1358758,0.3172331,0,250,0.3172331,1439.668,175.0301,56.98754,1.38202,68.05694,0,440.9418,266.1017,174.8401,739.1559,0,1533.983,0,5.684342e-14,-3.552714e-15,4.263256e-14
naive,2026-01-14 13:45:00,919,13.75,26.01481,3442.294,82.68482,417.5821,187.7025,1,1,2409.606,2409.289,1393.711,602.8434,1996.555,4,94.88653,358.6138,243.0544,800,500,0,324.9685,0.1624843,0.1259371,0.3172331,0,250,0.3172331,1015.577,182.7481,56.77866,0,58.96835,4.95441,447.1864,188.4758,258.7106,792.2386,0,1622.322,0,0,1.24345e-13,4.263256e-14
naive,2026-01-14 14:00:00,920,14,26.13239,3471.619,59.20332,424.1763,190.9484,1,1,2430.133,2429.816,690.3418,363.5307,1053.872,3,0,0,253.8725,800,0,448.2555,212.8535,0.1064267,0.2046279,0.3172331,0,250,0.3172331,1739.474,190.6432,56.655,0,68.75255,0.3051896,452.081,323.5968,128.4843,687.1842,0,1429.23,0,-5.684342e-14,-6.483702e-14,4.263256e-14
naive,2026-01-14 14:15:00,921,14.25,26.3912,3483.491,64.57017,412.825,197.6425,1,1,2438.444,2438.127,985.6256,487.9556,1473.581,3,48.34213,361.0987,264.1404,800,0,51.27987,200,0.1,0.1340307,0.3172331,0,250,0.3172331,1452.501,197.8069,56.3828,0,51.72636,0,456.0423,271.6494,184.3929,759.605,0,1545.007,0,0,-3.885781e-16,4.263256e-14
naive,2026-01-14 14:30:00,922,14.5,26.36674,3480.877,79.91951,407.0331,200.025,1,1,2436.614,2436.297,1397.143,602.857,2000,4,93.59499,360.4527,268.2905,777.6618,500,0,324.9685,0.1624843,0.1259371,0.3172331,0,250,0.3172331,1039.154,200.9673,54.83345,0,46.58042,0,455.4709,194.2467,261.2242,797.1038,0,1612.871,0,-2.273737e-13,1.24345e-13,4.263256e-14
naive,2026-01-14 14:45:00,923,14.75,26.13668,3525.506,105.5747,418.8561,198.079,1,1,2467.854,2467.537,708.6628,371.6075,1080.27,3,0,0,280.2703,800,0,453.4193,211.5625,0.1057813,0.2046279,0.3172331,0,250,0.3172331,1758.874,210.4568,56.65049,4.572066,66.43947,0,459.1386,327.2345,131.9041,698.842,0,1456.447,0,0,-7.993606e-15,4.263256e-14
naive,2026-01-14 15:00:00,924,15,26.20966,3527.201,129.6002,416.2756,208.3749,1,1,2469.041,2468.723,1019.883,499.8162,1519.699,4,75.59097,355.5468,288.561,800,0,46.11695,200,0.1,0.1332178,0.3172331,0,250,0.3172331,1448.841,216.5139,56.57373,7.892293,60.72881,0,460.0464,269.9567,190.0897,769.7729,0,1594.272,0,5.684342e-14,4.163336e-16,4.263256e-14
naive,2026-01-14 15:15:00,925,15.25,26.21787,3510.055,124.7723,422.4993,209.6364,1,1,2457.039,2456.722,1402.804,597.1957,2000,4,132.9686,354.1233,282.1877,730.7205,500,0,324.9685,0.1624843,0.1259371,0.3172331,0,250,0.3172331,1053.917,211.7133,51.6666,0,68.37598,0,457.8873,196.4052,261.482,793.6009,0,1647.025,0,-3.410605e-13,1.24345e-13,4.263256e-14
naive,2026-01-14 15:30:00,926,15.5,26.58318,3513.128,140.9864,415.1719,220.0832,1,1,2459.19,2458.873,715.5123,374.6271,1090.139,3,0,0,290.1394,800,0,473.0789,206.6476,0.1033238,0.2046279,0.3172331,0,250,0.3172331,1743.36,216.8312,56.18089,17.94248,65.13697,3.251994,461.746,327.3394,134.4066,702.577,0,1485.263,0,1.136868e-13,-7.993606e-15,4.263256e-14
naive,2026-01-14 15:45:00,927,15.75,26.72333,3490.453,143.3022,408.479,212.9201,1,1,2443.317,2443,1029.261,501.9437,1531.204,4,92.46189,349.572,289.1705,800,0,26.46044,200,0.1,0.130123,0.3172331,0,250,0.3172331,1413.739,215.7829,56.03348,24.37986,58.90695,0,460.0975,266.2191,193.8783,768.1628,0,1616.958,0,-5.684342e-14,5.828671e-16,4.263256e-14
naive,2026-01-14 16:00:00,928,16,26.7034,3487.791,140.9798,391.993,211.7018,1,1,2441.454,2441.136,1403.298,596.7024,2000,4,138.8776,344.1827,286.3257,730.614,500,0,324.9685,0.1624843,0.1259371,0.3172331,0,250,0.3172331,1037.839,213.7057,51.19271,2.102222,47.81035,0,459.5568,195.3532,264.2036,792.0556,0,1612.619,0,0,1.24345e-13,4.263256e-14
naive,2026-01-14 16:15:00,929,16.25,26.64835,3471.875,155.4817,391.0888,204.6637,1,1,2430.313,2429.996,713.282,373.6439,1086.926,3,0,12.30078,274.6251,800,0,499.6694,200,0.1,0.2046279,0.3172331,0,250,0.3172331,1716.714,205.0936,56.11234,0,44.45761,0,456.939,322.7705,134.1684,696.4144,0,1406.392,0,-1.136868e-13,-7.993606e-15,4.263256e-14
naive,2026-01-14 16:30:00,930,16.5,26.79738,3461.803,197.1599,392.7451,201.5603,1,1,2423.262,2422.945,1410.544,589.4557,2000,4,198.7318,340.627,274.9122,685.729,500,0,324.9685,0.1624843,0.1259371,0.3172331,0,250,0.3172331,1012.4,204.9803,47.96297,0,52.11811,0,457.0219,190.9365,266.0854,780.3922,0,1596.73,0,0,1.24345e-13,4.263256e-14
naive,2026-01-14 16:45:00,931,16.75,26.75788,3438.464,238.8221,390.9238,184.9536,1,1,2406.925,2406.607,743.821,387.107,1130.928,3,0,60.94662,269.9814,800,0,499.6694,200,0.1,0.2046279,0.3172331,0,250,0.3172331,1662.786,201.3891,55.99714,12.65283,56.47702,0,453.5691,313.3411,140.2279,700.4481,0,1457.148,0,1.136868e-13,-7.993606e-15,4.263256e-14
naive,2026-01-14 17:00:00,932,17,26.73741,3403.498,250.8777,399.2909,175.9092,1,1,2382.449,2382.131,1418.387,581.6127,2000,4,270.5167,325.9984,255.0716,648.4133,500,0,324.9685,0.1624843,0.1259371,0.3172331,0,250,0.3172331,963.7442,190.3091,45.40406,0,73.29249,0,448.7664,181.5342,267.2321,763.1469,0,1601.644,0,0,1.24345e-13,4.263256e-14
naive,2026-01-14 17:15:00,933,17.25,26.7669,3395.165,310.9546,395.159,169.3557,1,1,2376.616,2376.298,771.2329,399.1915,1170.424,3,0,131.6605,238.764,800,0,499.6694,200,0.1,0.2046279,0.3172331,0,250,0.3172331,1605.065,178.0856,55.98765,0,75.27635,0,447.9413,302.5206,145.4207,701.7121,0,1470.29,0,5.684342e-14,-7.993606e-15,4.263256e-14
naive,2026-01-14 17:30:00,934,17.5,26.80483,3399.682,361.491,389.5096,160.738,1,1,2379.777,2379.46,1429.493,570.5067,2000,4,367.81,313.3029,230.3194,588.5677,500,0,324.9685,0.1624843,0.1259371,0.3172331,0,250,0.3172331,949.9667,171.7172,41.16131,0,76.20667,0,448.8902,179.1893,269.7008,749.6961,0,1584.542,0,0,1.24345e-13,4.263256e-14
naive,2026-01-14 17:45:00,935,17.75,26.82863,3349.969,431.4689,387.1872,155.4929,1,1,2344.978,2344.661,822.7945,421.9223,1244.717,3,0,231.3187,213.3981,800,0,499.6694,200,0.1,0.2046279,0.3172331,0,250,0.3172331,1521.866,159.0608,55.92273,14.12803,73.53989,0,442.5447,287.2069,155.3378,709.1292,0,1506.573,0,-1.136868e-13,-7.993606e-15,4.263256e-14
naive,2026-01-14 18:00:00,936,18,26.83947,3315.895,494.004,11.74235,149.8434,1,1,2321.127,2320.809,1408.025,564.754,1972.779,4,468.1209,0.6361894,204.0219,800,500,0,324.9685,0.1624843,0.1259371,0.3172331,0,250,0.3172331,912.7844,152.0543,55.91133,25.88314,11.10616,0,438.142,172.2996,265.8424,737.0536,0,1475.013,0,0,1.24345e-13,4.263256e-14
naive,2026-01-14 18:15:00,937,18.25,26.98944,3271.415,535.0521,11.08427,145.7918,1,1,2289.991,2289.673,669.827,350.6686,1020.496,3,32.09626,0.1054526,188.2939,800,0,499.6694,200,0.1,0.2046279,0.3172331,0,250,0.3172331,1619.846,140.1066,55.75361,3.286378,10.97882,5.685224,433.6149,306.7216,126.8933,658.4667,0,1278.818,0,0,-7.993606e-15,4.263256e-14
naive,2026-01-14 18:30:00,938,18.5,27.17401,3280.214,576.4417,3.964746,139.364,1,1,2296.15,2295.832,1440.173,559.8268,2000,4,587.8664,0.1189126,177.6286,734.386,500,0,324.9685,0.1624843,0.1259371,0.3172331,0,250,0.3172331,855.6591,131.9084,51.00264,0,3.845834,7.455561,436.459,162.6463,273.8128,723.8902,0,1397.037,0,0,1.24345e-13,4.263256e-14
naive,2026-01-14 18:45:00,939,18.75,26.90458,3257.218,632.9657,0,121.645,1,1,2280.053,2279.736,732.9017,366.5338,1099.435,3,132.4777,0.8413796,166.1164,800,0,499.6694,200,0.1,0.2046279,0.3172331,0,250,0.3172331,1546.834,123.7174,55.84285,0.8186008,0,0,430.9715,292.3798,138.5917,658.9136,0,1256.416,0,-5.684342e-14,-7.993606e-15,4.263256e-14
naive,2026-01-14 19:00:00,940,19,27.17407,3262.593,677.3591,0,118.789,0,0,2283.815,2283.498,1450.851,549.1487,2000,4,677.8701,1.131983,149.8437,671.1542,500,0,324.9685,0.1624843,0.1259371,0.3172331,0,250,0.3172331,832.6468,111.275,46.61118,0,0,7.513944,434.1151,158.2722,275.8428,0,708.8492,3846.233,0,0,1.24345e-13,4.263256e-14
naive,2026-01-14 19:15:00,941,19.25,27.10632,3222.912,707.5062,0,105.1261,0,0,2256.038,2255.721,778.8353,377.6849,1156.52,3,208.9634,1.495659,146.0611,800,0,499.6694,200,0.1,0.2046279,0.3172331,0,250,0.3172331,1476.886,108.5452,55.63067,0,0,0,428.2285,280.3341,147.8944,0,658.019,3556.52,0,-1.136868e-13,-7.993606e-15,4.263256e-14
naive,2026-01-14 19:30:00,942,19.5,27.16978,3227.61,701.4983,0,103.2113,0,0,2259.327,2259.009,1457.073,542.9271,2000,4,729.8898,1.386703,135.0889,633.6346,500,0,324.9685,0.1624843,0.1259371,0.3172331,0,250,0.3172331,801.9366,100.3227,44.00904,0,0,2.888627,429.4217,152.4211,277.0006,0,695.8972,3777.925,0,2.273737e-13,1.24345e-13,4.263256e-14
naive,2026-01-14 19:45:00,943,19.75,26.95989,3194.6,720.1957,3.026177,88.82384,0,0,2236.22,2235.902,784.0658,377.4901,1161.556,3,229.9851,1.983576,129.5871,800,0,499.6694,200,0.1,0.2046279,0.3172331,0,250,0.3172331,1451.837,96.45442,55.78468,0,1.042601,0,423.1728,274.7395,148.4334,0,652.2295,3526.303,0,-5.684342e-14,-7.993606e-15,4.263256e-14
naive,2026-01-14 20:00:00,944,20,26.87738,3168.331,661.1495,2.037305,85.88948,0,0,2217.832,2217.514,1451.639,548.3612,2000,4,695.3486,2.581292,118.1502,683.9199,500,0,324.9685,0.1624843,0.1259371,0.3172331,0,250,0.3172331,765.8756,88.01968,47.7645,0,0,0,418.9736,144.6826,274.291,0,693.0439,3758.006,0,0,1.24345e-13,4.263256e-14
naive,2026-01-14 20:15:00,945,20.25,26.76795,3169.253,651.7982,0,66.87877,0,0,2218.477,2218.16,709.1966,353.605,1062.802,3,153.3119,2.786986,106.7028,800,0,499.6694,200,0.1,0.2046279,0.3172331,0,250,0.3172331,1508.963,79.58495,55.98655,0,0,0,418.1447,284.4135,133.7311,0,638.0185,3446.117,0,0,-7.993606e-15,4.263256e-14
naive,2026-01-14 20:30:00,946,20.5,26.63354,3145.205,601.0476,0,69.17572,0,0,2201.643,2201.326,1438.383,561.6169,2000,4,604.8391,2.228098,96.40102,796.5318,500,0,324.9685,0.1624843,0.1259371,0.3172331,0,250,0.3172331,762.9429,72.00498,55.88459,0,0,0,413.8185,143.4019,270.4166,0,705.0188,3814.733,0,2.273737e-13,1.24345e-13,4.263256e-14
naive,2026-01-14 20:45:00,947,20.75,26.58434,3118.892,538.1703,3.362481,64.05679,0,0,2183.225,2182.907,604.6505,321.8235,926.474,2,33.03846,5.322858,88.1127,800,0,499.6694,200,0.1,0.2046279,0.3172331,0,250,0.3172331,1578.257,65.84885,56.17967,5.462428,0,0,409.9396,296.346,113.5935,0,618.1696,3346.153,0,0,-7.993606e-15,4.263256e-14
naive,2026-01-14 21:00:00,948,21,26.49489,3132.17,504.8664,0,60.69094,0,0,2192.519,2192.202,1345.474,534.0322,1879.506,4,494.5677,1.09305,83.84519,800,500,0,324.9685,0.1624843,0.1259371,0.3172331,0,250,0.3172331,846.7281,62.71963,56.27375,10.29874,0,0,410.9256,158.6952,252.2304,0,692.7274,3764.458,0,0,1.24345e-13,4.263256e-14
naive,2026-01-14 21:15:00,949,21.25,26.18217,3117.775,436.6504,2.52988,52.43688,0,0,2182.442,2182.125,563.4887,307.6077,871.0964,2,0,0,71.09639,800,0,428.9163,217.6883,0.1088441,0.2046279,0.3172331,0,250,0.3172331,1618.636,53.36087,56.60264,8.175645,2.088337,0,406.4168,301.4242,104.9926,0,609.0319,3303.703,0,5.684342e-14,-7.993606e-15,4.263256e-14
naive,2026-01-14 21:30:00,950,21.5,25.97847,3136.444,375.2698,0,46.15282,0,0,2195.511,2195.194,788.4569,372.4458,1160.903,3,288.6612,0.06766451,72.1738,800,0,70.61604,200,0.1,0.1370751,0.3172331,0,250,0.3172331,1406.737,54.28713,56.81689,15.99258,0,0,407.1515,260.8755,146.276,0,633.3213,3446.935,0,0,7.049916e-15,4.263256e-14
naive,2026-01-14 21:45:00,951,21.75,25.8775,3181.333,310.8677,0,39.81763,0,0,2226.933,2226.616,1198.666,489.6866,1688.352,4,323.2936,0.01037199,65.0483,800,500,0,324.9685,0.1624843,0.1259371,0.3172331,0,250,0.3172331,1027.95,48.98007,56.92308,0,0,0,412.1298,190.2387,221.8911,0,679.9254,3675.551,0,1.705303e-13,1.24345e-13,4.263256e-14
naive,2026-01-14 22:00:00,952,22,25.76299,3140.825,270.9903,5.019025,41.44536,0,0,2198.578,2198.26,554.5315,303.6589,858.1904,2,0,0,58.19043,800,0,270.4194,257.3125,0.1286563,0.2046279,0.3172331,0,250,0.3172331,1643.729,43.86954,57.04352,0.7169421,4.87293,0,405.9358,303.491,102.4449,0,607.1499,3284.793,0,-5.684342e-14,-7.993606e-15,4.263256e-14
naive,2026-01-14 22:15:00,953,22.25,25.50835,3112.695,235.9561,2.856348,36.60906,0,0,2178.887,2178.569,557.4364,304.747,862.1834,2,1.618129,8.452034,52.1132,800,0,229.088,200,0.1,0.1620259,0.3172331,0,250,0.3172331,1621.133,39.3941,57.31133,5.250021,0,0,400.2304,297.779,102.4514,0,602.526,3258.474,0,5.684342e-14,-7.438494e-15,4.263256e-14
naive,2026-01-14 22:30:00,954,22.5,25.2567,3060.472,219.8623,6.630514,32.2364,0,0,2142.33,2142.013,1089.156,456.4489,1545.605,4,196.8684,0.2090742,48.52763,800,500,0,324.9685,0.1624843,0.1259371,0.3172331,0,250,0.3172331,1052.857,36.78134,57.576,22.99391,6.421439,0,391.5247,192.4164,199.1083,0,648.8653,3554.728,0,0,1.24345e-13,4.263256e-14
naive,2026-01-14 22:45:00,955,22.75,25.01816,3026.047,200.8125,8.428928,27.28275,0,0,2118.233,2117.916,546.395,300.0719,846.4669,2,0,0,46.46685,800,0,149.3374,287.583,0.1437915,0.2046279,0.3172331,0,250,0.3172331,1571.521,35.30806,57.82689,54.22511,5.678872,0,385.2732,285.8349,99.43833,0,585.9067,3260.766,0,5.684342e-14,-6.483702e-14,4.263256e-14
naive,2026-01-14 23:00:00,956,23,24.65337,3041.012,168.9932,7.231956,18.97836,1,1,2128.708,2128.391,542.9265,298.5428,841.4694,2,0,0,41.46935,800,0,145.189,251.2405,0.1256202,0.1810868,0.3172331,0,250,0.3172331,1585.464,31.63171,58.21055,25.43726,5.598908,0,38.31674,28.53836,9.778388,327.0812,0,642.2129,0,0,6.02296e-15,4.263256e-14
naive,2026-01-14 23:15:00,957,23.25,24.2649,3045.003,136.6107,14.51732,14.99516,1,1,2131.502,2131.185,540.1521,297.3197,837.4719,2,0,0,37.47186,800,0,136.0393,217.1911,0.1085956,0.1582024,0.3172331,0,250,0.3172331,1591.033,28.69898,58.61912,7.63923,7.449537,0,38.36703,28.63859,9.728449,325.9583,0,611.9982,0,-5.684342e-14,-6.630807e-14,4.263256e-14
naive,2026-01-14 23:30:00,958,23.5,24.24925,3047.063,116.5828,13.31858,15.69303,1,1,2132.944,2132.627,571.6996,307.347,879.0466,2,32.61967,5.860863,40.56604,800,0,68.62767,200,0.1,0.1367621,0.3172331,0,250,0.3172331,1560.927,31.07383,58.63558,15.33542,7.457714,0,38.39299,28.09669,10.2963,335.4437,0,644.2405,0,5.684342e-14,7.771561e-16,4.263256e-14
naive,2026-01-14 23:45:00,959,23.75,23.97503,3052.627,97.69074,14.54414,10.98019,1,1,2136.839,2136.522,1005.559,431.1644,1436.724,3,99.61663,2.363412,34.74381,800,500,0,324.9685,0.1624843,0.1259371,0.3172331,0,250,0.3172331,1130.962,26.69018,58.924,0,12.18073,0,38.4631,20.35732,18.10578,451.5217,0,857.7656,0,-1.136868e-13,1.24345e-13,4.263256e-14
naive,2026-01-15 00:00:00,960,0,23.76622,3024.991,89.11408,12.25289,19.47524,1,1,2117.494,2117.177,533.4423,294.3617,827.8039,2,0,0,27.80395,800,0,109.2435,297.6065,0.1488032,0.2046279,0.3172331,0,250,0.3172331,1583.734,21.40543,59.1436,0,8.028888,0,38.11489,28.50722,9.607671,322.8689,0,593.0511,0,0,9.148238e-14,4.263256e-14
naive,2026-01-15 00:15:00,961,0.25,23.44945,2982.059,81.33329,0,15.62338,1,1,2087.441,2087.124,533.2015,294.2556,827.457,2,0,0,27.45705,800,0,101.1727,272.2665,0.1361332,0.1873984,0.3172331,0,250,0.3172331,1553.922,21.20794,59.47677,0,0,0,37.57394,27.9706,9.603337,322.2262,0,577.5409,0,0,-1.409983e-14,4.263256e-14
naive,2026-01-15 00:30:00,962,0.5,23.40288,3014.587,88.95513,0,16.19342,1,1,2110.211,2109.893,531.8425,293.6564,825.4989,2,0,0,25.49895,800,0,99.43852,247.364,0.123682,0.1714422,0.3172331,0,250,0.3172331,1578.051,19.705,59.52575,0,0,0,37.98379,28.40492,9.578875,322.0614,0,577.1562,0,0,-1.648681e-14,4.263256e-14
naive,2026-01-15 00:45:00,963,0.75,23.41667,3020.062,91.68902,0,18.16431,1,1,2114.044,2113.726,529.6692,292.6983,822.3676,2,0,0,22.36757,800,0,96.20399,223.274,0.111637,0.1557615,0.3172331,0,250,0.3172331,1584.057,17.28267,59.51125,0,0,0.8816356,38.05279,28.51303,9.539756,321.3668,0,575.7834,0,0,4.37983e-14,4.263256e-14
naive,2026-01-15 01:00:00,964,1,23.17539,3045.734,81.42578,0,12.23451,1,1,2132.014,2131.697,539.6209,296.4161,836.037,2,5.627174,2.792732,27.6171,800,0,92.9555,200,0.1,0.1405924,0.3172331,0,250,0.3172331,1592.076,21.39212,59.76501,0,0,0,38.37625,28.65736,9.718886,325.0735,0,582.9113,0,5.684342e-14,3.330669e-15,4.263256e-14
naive,2026-01-15 01:15:00,965,1.25,23.03572,3037.816,88.58601,6.779894,15.54767,1,1,2126.472,2126.154,994.6845,427.1347,1421.819,3,93.18983,2.973749,25.6556,800,500,0,324.9685,0.1624843,0.1259371,0.3172331,0,250,0.3172331,1131.47,19.90142,59.91191,0,3.806145,0,38.27649,20.36646,17.91003,447.5011,0,834.1669,0,5.684342e-14,1.24345e-13,4.263256e-14
naive,2026-01-15 01:30:00,966,1.5,22.73662,3050.465,58.05128,9.990702,13.69824,1,1,2135.326,2135.008,527.9366,291.9345,819.8712,2,0,0,19.87116,800,0,108.4918,297.7944,0.1488972,0.2046279,0.3172331,0,250,0.3172331,1607.072,15.46189,60.22649,0,7.974624,0,38.43586,28.92729,9.508569,320.8618,0,587.7251,0,-1.136868e-13,4.884981e-14,4.263256e-14
naive,2026-01-15 01:45:00,967,1.75,22.77407,3029.293,66.96823,4.873739,15.05937,1,1,2120.505,2120.188,524.111,290.248,814.359,2,0,0,14.35896,800,0,98.93103,273.0148,0.1365074,0.1875168,0.3172331,0,250,0.3172331,1596.077,11.16851,60.1871,0,3.381857,3.890868,38.1691,28.72939,9.439708,319.6547,0,577.4325,0,5.684342e-14,-9.539591e-14,4.263256e-14
naive,2026-01-15 02:00:00,968,2,22.70727,3024.914,41.56237,3.887637,14.28238,1,1,2117.44,2117.123,521.0276,288.8887,809.9163,2,0,0,9.916266,800,0,94.01958,249.4669,0.1247335,0.1719134,0.3172331,0,250,0.3172331,1596.095,7.718245,60.25736,0,2.54223,6.564132,38.11392,28.72971,9.384207,318.7596,0,574.1149,0,5.684342e-14,2.53686e-14,4.263256e-14
naive,2026-01-15 02:15:00,969,2.25,22.41825,3020.299,51.54448,4.166453,14.44486,1,1,2114.209,2113.892,519.7309,288.317,808.0479,2,0,0,8.047918,800,0,91.16468,226.6365,0.1133182,0.1570857,0.3172331,0,250,0.3172331,1594.161,6.282639,60.56133,0,3.564876,8.162222,38.05577,28.6949,9.360866,318.4231,0,574.8642,0,5.684342e-14,-3.325118e-14,4.263256e-14
naive,2026-01-15 02:30:00,970,2.5,22.41221,3030.153,73.40015,5.521678,18.52619,1,1,2121.107,2120.79,519.2703,288.114,807.3842,2,0,0,7.38424,800,0,89.01625,204.3467,0.1021734,0.1427097,0.3172331,0,250,0.3172331,1601.52,5.764893,60.56768,0,5.445163,12.7613,38.17993,28.82735,9.352575,319.1474,0,579.5491,0,5.684342e-14,-6.042389e-14,4.263256e-14
naive,2026-01-15 02:45:00,971,2.75,22.29892,3063.54,83.08051,6.073112,18.4149,1,1,2144.478,2144.161,585.9299,307.5861,893.5159,2,83.34588,0.5534011,9.616668,800,0,17.25821,200,0.1,0.1286741,0.3172331,0,250,0.3172331,1558.231,7.51647,60.68683,0,5.519711,10.89843,38.60061,28.04816,10.55245,337.5142,0,616.2772,0,0,-5.551115e-16,4.263256e-14
naive,2026-01-15 03:00:00,972,3,22.2032,3072.715,72.34838,0.4649269,16.73074,1,1,2150.9,2150.583,989.3155,424.3147,1413.63,3,96.99815,0.173324,16.4588,800,500,0,324.9685,0.1624843,0.1259371,0.3172331,0,250,0.3172331,1161.268,12.87694,60.7875,0,0.291603,3.853796,38.71621,20.90282,17.81339,445.8811,0,823.8793,0,5.684342e-14,1.24345e-13,4.263256e-14
naive,2026-01-15 03:15:00,973,3.25,22.11129,2995.075,79.9341,3.875069,25.95728,1,1,2096.552,2096.235,528.6294,292.2399,820.8694,2,0,0,20.86936,800,0,108.5887,297.7702,0.1488851,0.2046279,0.3172331,0,250,0.3172331,1567.606,16.343,60.88417,0,3.385371,9.61428,37.73794,28.2169,9.52104,322.1094,0,581.5639,0,-5.684342e-14,4.884981e-14,4.263256e-14
naive,2026-01-15 03:30:00,974,3.5,21.89777,3001.451,89.4479,5.496342,23.03334,1,1,2101.016,2100.698,528.6084,292.2307,820.839,2,0,0,20.83904,800,0,119.1585,267.9337,0.1339669,0.1875015,0.3172331,0,250,0.3172331,1572.09,16.35485,61.10874,0,5.38894,6.678488,37.81828,28.29762,9.520661,321.6716,0,583.8918,0,0,-2.473022e-14,4.263256e-14
naive,2026-01-15 03:45:00,975,3.75,21.71554,3010.285,95.33353,2.510007,21.73753,1,1,2107.2,2106.883,527.9047,291.9205,819.8252,2,0,0,19.82521,800,0,139.6666,232.9749,0.1164874,0.1687139,0.3172331,0,250,0.3172331,1578.978,15.58808,61.3004,0,0,6.149455,37.9296,28.4216,9.507995,321.3912,0,573.8195,0,-5.684342e-14,1.207368e-14,4.263256e-14
naive,2026-01-15 04:00:00,976,4,21.69871,3037.799,118.0441,10.57433,19.58792,1,1,2126.459,2126.142,538.9347,295.7612,834.6959,2,8.58926,5.911705,20.19495,800,0,131.7528,200,0.1,0.1467009,0.3172331,0,250,0.3172331,1587.207,15.88152,61.3181,0,4.662622,3.7064,38.27626,28.56973,9.706534,324.9631,0,588.9864,0,5.684342e-14,9.797718e-15,4.263256e-14
naive,2026-01-15 04:15:00,977,4.25,21.6071,3044.972,134.3787,11.9269,19.90649,1,1,2131.48,2131.163,1031.086,436.9932,1468.079,3,145.215,7.605372,15.25834,800,500,0,324.9685,0.1624843,0.1259371,0.3172331,0,250,0.3172331,1100.077,12.0105,61.41445,0,4.321527,7.895992,38.36664,19.80139,18.56525,458.139,0,854.6413,0,1.705303e-13,1.24345e-13,4.263256e-14
naive,2026-01-15 04:30:00,978,4.5,21.41294,3031.677,159.2552,14.95909,12.66251,1,1,2122.174,2121.856,524.8076,290.5551,815.3627,2,0,0,15.36272,800,0,172.9307,281.6847,0.1408423,0.2046279,0.3172331,0,250,0.3172331,1597.049,12.11652,61.61866,0,7.185018,0.5459856,38.19913,28.74688,9.452247,319.3946,0,581.8624,0,5.684342e-14,-6.483702e-14,4.263256e-14
naive,2026-01-15 04:45:00,979,4.75,21.62246,3020.531,195.2816,9.868098,19.23484,1,1,2114.372,2114.054,526.9114,291.4825,818.3939,2,0,0,18.3939,800,0,203.7443,230.7043,0.1153521,0.1773727,0.3172331,0,250,0.3172331,1587.143,14.47637,61.39829,0,5.671263,4.758467,38.05869,28.56857,9.490115,320.8616,0,582.4329,0,-5.684342e-14,3.178013e-14,4.263256e-14
naive,2026-01-15 05:00:00,980,5,21.55137,3024.169,265.881,0,26.12594,1,1,2116.918,2116.601,633.2237,322.4742,955.6978,2,133.4581,5.9615,16.27823,800,0,122.6718,200,0.1,0.1452711,0.3172331,0,250,0.3172331,1483.377,12.82056,61.47306,9.751105,0,13.30538,38.10452,26.70079,11.40374,351.438,0,650.5395,0,0,2.38698e-15,4.263256e-14
naive,2026-01-15 05:15:00,981,5.25,21.45011,3019.904,323.8349,1.456795,19.1231,1,1,2113.933,2113.616,1177.67,479.3504,1657.02,4,332.3739,6.256699,18.38931,800,500,0,324.9685,0.1624843,0.1259371,0.3172331,0,250,0.3172331,935.9461,14.49811,61.57957,0,0,4.624989,38.05079,16.84703,21.20376,496.9825,0,924.6881,0,5.684342e-14,1.24345e-13,4.263256e-14
naive,2026-01-15 05:30:00,982,5.5,21.34694,3070.141,385.9899,0,23.44799,1,1,2149.099,2148.782,528.4204,292.1478,820.5682,2,0,0,20.56819,800,0,413.5486,221.5302,0.1107651,0.2046279,0.3172331,0,250,0.3172331,1620.361,16.23292,61.68807,0,0,7.215063,38.68378,29.1665,9.517277,322.5368,0,575.6746,0,0,-7.993606e-15,4.263256e-14
naive,2026-01-15 05:45:00,983,5.75,21.44059,3092.614,491.0156,0,24.91579,1,1,2164.83,2164.513,852.6589,385.7245,1238.383,3,414.963,0.4178435,23.00258,800,0,85.98136,200,0.1,0.1394943,0.3172331,0,250,0.3172331,1311.854,18.13697,61.58958,0,0,6.778824,38.96694,23.61337,15.35357,410.4885,0,751.6887,0,5.684342e-14,-6.800116e-15,4.263256e-14
naive,2026-01-15 06:00:00,984,6,21.58485,3099.65,566.8717,0,23.00239,1,1,2169.755,2169.438,1379.542,537.848,1917.39,4,588.7448,6.064277,22.5809,800,500,0,324.9685,0.1624843,0.1259371,0.3172331,0,250,0.3172331,789.8955,17.77842,61.43786,0,0,5.223971,39.05559,14.21812,24.83747,552.9552,0,1036.793,0,0,1.24345e-13,4.263256e-14
naive,2026-01-15 06:15:00,985,6.25,21.64733,3129.927,627.3819,0,16.71463,1,1,2190.949,2190.632,655.5805,330.0146,985.595,2,152.9237,8.040778,24.63054,800,0,499.6694,200,0.1,0.2046279,0.3172331,0,250,0.3172331,1535.051,19.37983,61.37214,0,0,0,39.43708,27.63093,11.80616,357.6455,0,646.2473,0,-5.684342e-14,-7.993606e-15,4.263256e-14
naive,2026-01-15 06:30:00,986,6.5,21.80514,3185.525,707.1314,0,12.1668,1,1,2229.867,2229.55,1449.384,550.6164,2000,4,711.1835,11.488,24.0372,753.2913,500,0,324.9685,0.1624843,0.1259371,0.3172331,0,250,0.3172331,780.1665,18.88263,57.63259,0,0,0,40.13761,14.043,26.09462,564.6594,0,1064.482,0,2.273737e-13,1.24345e-13,4.263256e-14
naive,2026-01-15 06:45:00,987,6.75,21.66791,3175.576,742.0824,0,15.20103,1,1,2222.903,2222.586,738.6101,354.0165,1092.627,3,258.8561,11.04634,22.72412,800,0,499.6694,200,0.1,0.2046279,0.3172331,0,250,0.3172331,1483.976,17.87608,61.35049,0,0,0,40.01226,26.71156,13.30069,380.728,0,692.4368,0,-1.705303e-13,-7.993606e-15,4.263256e-14
naive,2026-01-15 07:00:00,988,7,21.69445,3174.926,753.2753,0,25.46066,1,1,2222.448,2222.131,1459.069,540.9309,2000,4,788.5509,1.83881,20.53825,689.0721,500,0,324.9685,0.1624843,0.1259371,0.3172331,0,250,0.3172331,763.0618,16.15219,52.8196,0,0,9.308471,40.00407,13.73511,26.26895,556.2535,0,1053.085,0,1.136868e-13,1.24345e-13,4.263256e-14
naive,2026-01-15 07:15:00,989,7.25,21.72275,3170.99,734.1967,0,30.7471,1,1,2219.693,2219.376,742.8783,353.874,1096.752,3,275.8716,1.224156,19.65658,800,0,499.6694,200,0.1,0.2046279,0.3172331,0,250,0.3172331,1476.498,15.45436,61.29282,0,0,15.29273,39.95448,26.57696,13.37752,383.0604,0,697.1664,0,0,-7.993606e-15,4.263256e-14
naive,2026-01-15 07:30:00,990,7.5,21.82723,3148.594,712.3772,0,37.38967,1,1,2204.016,2203.699,1451.795,548.2048,2000,4,733.6313,2.030478,21.91682,742.4214,500,0,324.9685,0.1624843,0.1259371,0.3172331,0,250,0.3172331,751.9035,17.21308,56.77939,0,0,20.17659,39.67229,13.53426,26.13802,565.1887,0,1066.5,0,2.273737e-13,1.24345e-13,4.263256e-14
naive,2026-01-15 07:45:00,991,7.75,22.0075,3148.56,664.7041,0,31.78085,1,1,2203.992,2203.674,660.1336,330.0846,990.2182,2,169.2086,2.290094,18.71955,800,0,499.6694,200,0.1,0.2046279,0.3172331,0,250,0.3172331,1543.541,14.67501,60.99334,0,0,17.10585,39.67185,27.78373,11.88812,360.8028,0,652.9882,0,0,-7.993606e-15,4.263256e-14
naive,2026-01-15 08:00:00,992,8,21.87059,3144.685,603.1089,352.4617,28.56551,1,1,2201.28,2200.962,1450.687,549.3133,2000,4,591.6308,345.1056,27.55371,535.7099,500,0,324.9685,0.1624843,0.1259371,0.3172331,0,250,0.3172331,750.2756,21.63063,40.93984,11.47809,7.356134,6.934873,39.62303,13.50496,26.11807,564.0048,0,1114.441,0,0,1.24345e-13,4.263256e-14
naive,2026-01-15 08:15:00,993,8.25,22.42104,3179.448,506.378,364.4744,30.49959,1,1,2225.614,2225.297,790.4864,405.7085,1196.195,3,16.56745,348.8128,30.81468,800,0,499.6694,200,0.1,0.2046279,0.3172331,0,250,0.3172331,1434.81,24.05492,60.55839,0,15.66165,6.444677,40.06105,25.82658,14.23447,432.6494,0,824.1869,0,1.136868e-13,-7.993606e-15,4.263256e-14
naive,2026-01-15 08:30:00,994,8.5,22.45748,3210.226,457.5155,367.0541,40.34003,1,1,2247.158,2246.841,1427.303,572.6972,2000,4,414.5399,352.5069,26.60321,706.3501,500,0,324.9685,0.1624843,0.1259371,0.3172331,0,250,0.3172331,819.5379,20.75955,53.43545,42.97569,14.54722,19.58048,40.44884,14.75168,25.69716,590.8367,0,1220.785,0,2.273737e-13,1.24345e-13,4.263256e-14
naive,2026-01-15 08:45:00,995,8.75,22.66377,3248.799,361.8149,372.1389,38.38275,1,1,2274.16,2273.842,686.8812,362.0051,1048.886,3,0,211.7405,37.14582,800,0,499.6694,200,0.1,0.2046279,0.3172331,0,250,0.3172331,1586.961,28.92507,60.30311,8.164823,14.37902,9.457676,40.93487,28.5653,12.36957,392.2132,0,755.4736,0,0,-7.993606e-15,4.263256e-14
naive,2026-01-15 09:00:00,996,9,22.94203,3243.506,274.1699,379.1857,39.02871,1,1,2270.454,2270.137,1386.294,579.0356,1965.33,4,267.5345,359.494,38.30142,800,500,0,324.9685,0.1624843,0.1259371,0.3172331,0,250,0.3172331,883.8424,29.73967,60.01045,6.635371,19.69172,9.289043,40.86817,15.90916,24.95901,596.5669,0,1171.036,0,0,1.24345e-13,4.263256e-14
naive,2026-01-15 09:15:00,997,9.25,23.23083,3285.797,215.975,372.3982,47.87115,1,1,2300.058,2299.74,600.8888,324.0954,924.9842,2,0,78.46717,46.51705,800,0,499.6694,200,0.1,0.2046279,0.3172331,0,250,0.3172331,1698.852,36.01133,59.7067,0,12.01987,11.85982,41.40104,30.57933,10.82171,356.7574,0,667.079,0,0,-7.993606e-15,4.263256e-14
naive,2026-01-15 09:30:00,998,9.5,23.44689,3275.674,150.0187,386.2363,52.73512,1,1,2292.972,2292.655,1337.586,566.9505,1904.537,4,188.6185,363.4026,52.51559,800,500,0,324.9685,0.1624843,0.1259371,0.3172331,0,250,0.3172331,955.0685,40.56435,59.47946,0,22.83377,12.17077,41.2735,17.19123,24.08226,586.2879,0,1145.05,0,-2.273737e-13,1.24345e-13,4.263256e-14
naive,2026-01-15 09:45:00,999,9.75,23.2603,3290.445,116.3618,398.3046,50.57807,1,1,2303.312,2302.994,582.325,315.9116,898.2366,2,0,43.66228,54.57428,800,0,499.6694,200,0.1,0.2046279,0.3172331,0,250,0.3172331,1720.67,42.236,59.67571,0,25.15752,8.342076,41.45961,30.97205,10.48756,348.3494,0,672.9603,0,-5.684342e-14,-7.993606e-15,4.263256e-14
naive,2026-01-15 10:00:00,1000,10,23.32297,3341.497,97.80947,389.8829,61.82486,1,1,2339.048,2338.73,1323.146,565.0741,1888.22,4,150.8777,375.9873,61.35527,800,500,0,324.9685,0.1624843,0.1259371,0.3172331,0,250,0.3172331,1015.584,47.45317,59.6098,0,13.89563,14.37169,42.10286,18.28052,23.82234,585.8829,0,1128.675,0,2.273737e-13,1.24345e-13,4.263256e-14
naive,2026-01-15 10:15:00,1001,10.25,23.63334,3384.456,93.96401,394.35,59.64073,1,1,2369.119,2368.802,567.0228,309.1656,876.1884,2,0,0,76.18842,800,0,496.9617,200.6769,0.1003385,0.2046279,0.3172331,0,250,0.3172331,1801.779,58.73619,59.28337,0,20.8146,0.9045405,42.64415,32.43202,10.21212,341.7577,0,652.7269,0,0,-7.993606e-15,4.263256e-14
naive,2026-01-15 10:30:00,1002,10.5,23.72839,3418.597,108.8545,401.6815,66.75596,1,1,2393.018,2392.7,918.5252,450.7079,1369.233,3,112.7886,375.0682,81.37636,800,0,2.581354,200,0.1,0.1263633,0.3172331,0,250,0.3172331,1474.175,62.67386,59.18339,0,26.61323,4.082102,43.07432,26.53515,16.53916,477.9669,0,935.2603,0,0,8.326673e-17,4.263256e-14
naive,2026-01-15 10:45:00,1003,10.75,23.81149,3473.74,107.7132,403.6637,75.11198,1,1,2431.618,2431.301,1318.395,567.5326,1885.928,4,112.6059,377.6549,95.6672,800,500,0,324.9685,0.1624843,0.1259371,0.3172331,0,250,0.3172331,1112.906,73.61668,59.096,0,26.00875,1.4953,43.76913,20.0323,23.73683,587.8305,0,1154.043,0,0,1.24345e-13,4.263256e-14
naive,2026-01-15 11:00:00,1004,11,23.7304,3495.03,97.48469,409.7056,79.47718,1,1,2446.521,2446.204,586.5259,317.7635,904.2894,2,0,1.819651,102.4698,800,0,499.6694,200,0.1,0.2046279,0.3172331,0,250,0.3172331,1859.678,78.91778,59.18128,0,28.57527,0.5594002,44.03738,33.47421,10.56318,351.3369,0,685.3873,0,0,-7.993606e-15,4.263256e-14
naive,2026-01-15 11:15:00,1005,11.25,24.12018,3483.39,95.57606,410.2202,91.03319,1,1,2438.373,2438.056,1334.721,575.1447,1909.865,4,109.1165,386.0192,114.7299,800,500,0,324.9685,0.1624843,0.1259371,0.3172331,0,250,0.3172331,1103.335,88.00223,58.77133,0,24.20103,3.030954,43.89072,19.86003,24.03068,595.5463,0,1166.722,0,0,1.24345e-13,4.263256e-14
naive,2026-01-15 11:30:00,1006,11.5,24.4162,3477.194,77.02611,411.2916,104.1571,1,1,2434.036,2433.718,603.452,325.2254,928.6774,2,0,0,128.6774,800,0,486.7977,203.2179,0.101609,0.2046279,0.3172331,0,250,0.3172331,1830.266,98.39578,58.45999,0,24.68952,5.761323,43.81264,32.9448,10.86785,359.2056,0,695.2332,0,0,-7.993606e-15,4.263256e-14
naive,2026-01-15 11:45:00,1007,11.75,24.5285,3460.881,101.9184,416.8145,108.0174,1,1,2422.617,2422.299,938.8636,463.433,1402.297,3,81.19015,389.3008,131.8056,800,0,12.74376,200,0.1,0.1279634,0.3172331,0,250,0.3172331,1483.436,100.6694,58.34188,7.984444,27.51367,7.347968,43.6071,26.70185,16.90525,491.4584,0,978.5164,0,1.136868e-13,-6.106227e-16,4.263256e-14
naive,2026-01-15 12:00:00,1008,12,24.74012,3474.035,101.7869,417.8073,121.0722,1,1,2431.824,2431.507,1359.649,586.3665,1946.016,4,107.1662,392.6051,146.2447,800,500,0,324.9685,0.1624843,0.1259371,0.3172331,0,250,0.3172331,1071.858,111.45,58.11932,0,25.20216,9.622117,43.77284,19.29344,24.4794,607.4004,0,1192.89,0,-2.273737e-13,1.24345e-13,4.263256e-14
naive,2026-01-15 12:15:00,1009,12.25,24.95391,3462.046,105.3337,421.3837,129.2299,1,1,2423.432,2423.115,628.8127,336.4056,965.2183,2,0,0,165.2183,800,0,480.3947,204.8187,0.1024093,0.2046279,0.3172331,0,250,0.3172331,1794.302,125.6268,57.89446,16.51941,29.80326,3.603047,43.62178,32.29744,11.32434,369.3576,0,753.4905,0,0,-6.483702e-14,4.263256e-14
naive,2026-01-15 12:30:00,1010,12.5,25.0326,3456.722,93.63565,417.5203,136.9753,1,1,2419.706,2419.388,968.2696,477.3452,1445.615,3,73.21587,394.1229,178.2761,800,0,19.14572,200,0.1,0.1289713,0.3172331,0,250,0.3172331,1451.119,135.4433,57.8117,1.274057,23.3974,1.531903,440.2335,264.0119,176.2216,741.6359,0,1460.792,0,-2.273737e-13,-1.609823e-15,4.263256e-14
naive,2026-01-15 12:45:00,1011,12.75,25.21879,3444.392,81.29036,416.1662,143.9767,1,1,2411.074,2410.757,1386.737,598.9589,1985.696,4,101.6957,395.7363,188.2642,800,500,0,324.9685,0.1624843,0.1259371,0.3172331,0,250,0.3172331,1024.02,142.7512,57.61588,0,20.42989,1.225436,440.3038,187.0037,253.3001,786.1864,0,1542.796,0,-2.273737e-13,1.24345e-13,4.263256e-14
naive,2026-01-15 13:00:00,1012,13,25.46908,3417.683,70.35689,415.1018,155.3101,1,1,2392.378,2392.061,655.1617,348.0216,1003.183,3,0,0,203.1833,800,0,481.3719,204.5744,0.1022872,0.2046279,0.3172331,0,250,0.3172331,1736.899,153.6568,57.35263,0,16.73952,1.653243,439.0972,318.7906,120.3067,667.1156,0,1298.585,0,-5.684342e-14,-7.993606e-15,4.263256e-14
naive,2026-01-15 13:15:00,1013,13.25,25.75164,3497.358,64.58032,417.1104,165.8589,1,1,2448.151,2447.833,997.5943,490.737,1488.331,3,69.31519,402.3897,216.6264,800,0,18.16876,200,0.1,0.1288175,0.3172331,0,250,0.3172331,1450.239,163.3335,57.05545,0,14.7207,2.525445,451.9118,267.7042,184.2076,758.9074,0,1479.021,0,-1.705303e-13,4.996004e-16,4.263256e-14
naive,2026-01-15 13:30:00,1014,13.5,26.11901,3522.035,64.67813,421.6144,178.1104,1,1,2465.424,2465.107,1396.56,603.4401,2000,4,89.15004,400.5999,228.3799,781.8701,500,0,324.9685,0.1624843,0.1259371,0.3172331,0,250,0.3172331,1068.547,171.5242,55.38482,0,21.01442,6.58617,458.5208,198.7289,259.7919,803.394,0,1580.73,0,0,1.24345e-13,4.263256e-14
naive,2026-01-15 13:45:00,1015,13.75,26.31539,3469.118,84.97663,417.4502,182.8601,1,1,2428.383,2428.065,685.3745,361.3409,1046.715,3,0,0,246.7153,800,0,481.3626,204.5767,0.1022883,0.2046279,0.3172331,0,250,0.3172331,1742.691,184.9074,56.46253,0,24.37431,0,453.4535,325.4138,128.0397,686.7547,0,1352.035,0,5.684342e-14,-6.483702e-14,4.263256e-14
naive,2026-01-15 14:00:00,1016,14,26.43935,3486.634,77.58613,413.5145,190.6401,1,1,2440.644,2440.327,1008.465,497.0879,1505.553,4,56.21472,395.3482,253.9902,800,0,18.17797,200,0.1,0.1288189,0.3172331,0,250,0.3172331,1431.861,190.1079,56.33216,3.193436,18.16635,0.5322465,456.9064,268.0549,188.8514,765.2424,0,1503.957,0,-1.705303e-13,1.249001e-15,4.263256e-14
naive,2026-01-15 14:15:00,1017,14.25,26.6674,3474.758,91.37187,408.2119,199.3732,1,1,2432.331,2432.014,1396.755,603.2454,2000,4,80.38068,391.7512,263.8882,763.9799,500,0,324.9685,0.1624843,0.1259371,0.3172331,0,250,0.3172331,1035.259,197.035,53.56675,10.99119,16.46063,2.33823,457.4986,194.7225,262.7761,798.4077,0,1583.907,0,-2.273737e-13,1.24345e-13,4.263256e-14
naive,2026-01-15 14:30:00,1018,14.5,26.75045,3425.063,105.3934,412.8469,211.6839,1,1,2397.544,2397.227,699.7896,367.6957,1067.485,3,0,0,267.4853,800,0,474.3731,206.3241,0.103162,0.2046279,0.3172331,0,250,0.3172331,1697.437,199.5431,56.00495,19.31671,24.55039,12.14079,451.7319,319.8217,131.9102,689.8049,0,1392.275,0,0,4.884981e-14,4.263256e-14
naive,2026-01-15 14:45:00,1019,14.75,26.74319,3429.789,109.9648,409.5915,214.1597,1,1,2400.852,2400.535,1034.654,505.9863,1540.64,4,78.46468,391.1102,271.0652,800,0,25.1664,200,0.1,0.1299192,0.3172331,0,250,0.3172331,1365.881,202.2294,56.01259,6.333742,18.48128,11.93027,452.2871,257.3129,194.9741,765.5467,0,1510.885,0,-1.136868e-13,-1.387779e-15,4.263256e-14
naive,2026-01-15 15:00:00,1020,15,27.03837,3441.377,121.9933,403.6331,216.6244,1,1,2408.964,2408.647,1403.827,596.1734,2000,4,126.3307,391.0371,282.4902,700.142,500,0,324.9685,0.1624843,0.1259371,0.3172331,0,250,0.3172331,1004.82,210.086,48.74926,0,12.59606,6.538393,456.6082,190.4591,266.1491,787.8718,0,1542.629,0,0,1.24345e-13,4.263256e-14
naive,2026-01-15 15:15:00,1021,15.25,27.1211,3456.739,88.73685,404.1413,220.2349,1,1,2419.717,2419.4,724.698,378.6766,1103.375,3,0,22.91182,280.4628,800,0,499.6694,200,0.1,0.2046279,0.3172331,0,250,0.3172331,1694.702,208.3926,55.61513,0,10.29943,11.8423,459.4389,321.7781,137.6608,702.7033,0,1360.606,0,0,-7.993606e-15,4.263256e-14
naive,2026-01-15 15:30:00,1022,15.5,27.25732,3478.778,105.8813,401.8309,222.7066,1,1,2435.145,2434.827,1405.053,594.947,2000,4,132.8621,387.9992,292.3771,686.7617,500,0,324.9685,0.1624843,0.1259371,0.3172331,0,250,0.3172331,1029.774,216.9266,47.61993,0,13.83171,5.779971,463.6874,196.0842,267.6032,792.1318,0,1554.551,0,-1.136868e-13,1.24345e-13,4.263256e-14
naive,2026-01-15 15:45:00,1023,15.75,27.44901,3445.852,113.4405,403.6714,220.1946,1,1,2412.096,2411.779,724.4971,378.588,1103.085,3,0,16.16656,286.9186,800,0,499.6694,200,0.1,0.2046279,0.3172331,0,250,0.3172331,1687.282,212.4368,55.27025,0,19.58613,7.757831,461.1502,322.5785,138.5717,702.6497,0,1376.906,0,-1.136868e-13,-7.993606e-15,4.263256e-14
naive,2026-01-15 16:00:00,1024,16,27.39751,3435.459,151.9217,400.545,212.7192,1,1,2404.821,2404.504,1404.772,595.2277,2000,4,139.5946,372.6525,284.7027,703.0502,500,0,324.9685,0.1624843,0.1259371,0.3172331,0,250,0.3172331,999.7314,210.9134,48.61981,12.32715,27.89251,1.805784,459.2619,190.9242,268.3377,786.4967,0,1587.675,0,2.273737e-13,1.24345e-13,4.263256e-14
naive,2026-01-15 16:15:00,1025,16.25,27.56167,3440.965,174.7851,397.9868,219.0154,1,1,2408.675,2408.358,727.3779,379.858,1107.236,3,0,33.10987,274.1261,800,0,499.6694,200,0.1,0.2046279,0.3172331,0,250,0.3172331,1680.98,202.7181,55.15177,15.23673,24.75593,16.29731,461.5897,322.1369,139.4528,705.1181,0,1417.178,0,-1.136868e-13,-7.993606e-15,4.263256e-14
naive,2026-01-15 16:30:00,1026,16.5,27.68554,3438.732,193.5448,390.195,212.8982,1,1,2407.113,2406.795,1411.875,588.125,2000,4,197.86,371.428,272.2969,658.4151,500,0,324.9685,0.1624843,0.1259371,0.3172331,0,250,0.3172331,994.9204,201.0955,45.28372,0,18.76694,11.80264,462.498,191.1621,271.3359,781.5548,0,1544.538,0,1.136868e-13,1.24345e-13,4.263256e-14
naive,2026-01-15 16:45:00,1027,16.75,27.72275,3429.471,226.9325,383.0483,206.9384,1,1,2400.63,2400.313,763.0566,395.587,1158.644,3,0,100.8936,257.75,800,0,499.6694,200,0.1,0.2046279,0.3172331,0,250,0.3172331,1637.256,190.2757,54.98235,0,15.45389,16.66267,461.6154,314.8268,146.7886,713.6178,0,1392.038,0,-1.136868e-13,-7.993606e-15,4.263256e-14
naive,2026-01-15 17:00:00,1028,17,27.8095,3411.253,270.2348,388.2471,194.5545,1,1,2387.877,2387.56,1418.569,581.4313,2000,4,259.7705,368.3072,244.3182,627.6041,500,0,324.9685,0.1624843,0.1259371,0.3172331,0,250,0.3172331,968.9909,180.1905,43.06236,10.46435,19.93989,14.364,460.0073,186.6691,273.3381,770.8675,0,1545.737,0,0,1.24345e-13,4.263256e-14
naive,2026-01-15 17:15:00,1029,17.25,27.73098,3420.416,341.8307,382.2967,184.9513,1,1,2394.291,2393.974,796.5787,410.3651,1206.944,3,0,174.7865,232.1573,800,0,499.6694,200,0.1,0.2046279,0.3172331,0,250,0.3172331,1597.395,171.3674,54.9737,30.62891,19.04244,13.58391,460.4767,307.2155,153.2612,720.1931,0,1464.224,0,0,-7.993606e-15,4.263256e-14
naive,2026-01-15 17:30:00,1030,17.5,27.45063,3363.495,382.2849,371.7403,165.7168,1,1,2354.447,2354.129,1430.85,569.1502,2000,4,364.2774,357.1032,222.1474,556.472,500,0,324.9685,0.1624843,0.1259371,0.3172331,0,250,0.3172331,923.2795,164.4768,38.44425,18.00758,14.63706,1.239982,450.1439,176.5208,273.6232,745.908,0,1504.878,0,0,1.24345e-13,4.263256e-14
naive,2026-01-15 17:45:00,1031,17.75,27.4095,3308.521,441.3261,373.6612,158.9399,1,1,2315.965,2315.648,855.5545,436.3646,1291.919,3,0,281.3046,210.6145,800,0,499.6694,200,0.1,0.2046279,0.3172331,0,250,0.3172331,1460.093,156.0072,55.3118,16.33544,17.67778,2.932703,442.404,278.9123,163.4917,715.8371,0,1428.121,0,1.136868e-13,-7.993606e-15,4.263256e-14
naive,2026-01-15 18:00:00,1032,18,27.27226,3339.226,490.9196,2.533958,152.684,1,1,2337.458,2337.141,1421.92,569.2072,1991.128,4,482.1806,6.738751,202.2082,800,500,0,324.9685,0.1624843,0.1259371,0.3172331,0,250,0.3172331,915.2206,150.0025,55.45615,8.739031,0,2.681507,445.2257,174.326,270.8997,744.044,0,1440.775,0,2.273737e-13,1.24345e-13,4.263256e-14
naive,2026-01-15 18:15:00,1033,18.25,27.35323,3328.285,555.0739,2.890182,138.946,1,1,2329.8,2329.482,678.172,354.1369,1032.309,3,33.86703,6.14078,192.301,800,0,499.6694,200,0.1,0.2046279,0.3172331,0,250,0.3172331,1651.31,142.5285,55.37099,21.5374,0,0,444.5211,315.0667,129.4544,669.2036,0,1313.267,0,1.136868e-13,-7.993606e-15,4.263256e-14
naive,2026-01-15 18:30:00,1034,18.5,27.33918,3332.796,615.3978,0,127.3314,1,1,2332.957,2332.64,1439.697,560.3035,2000,4,581.4485,2.230521,182.9706,733.3503,500,0,324.9685,0.1624843,0.1259371,0.3172331,0,250,0.3172331,892.9436,135.6337,50.77146,33.94926,0,0,444.9924,170.3216,274.6708,730.6251,0,1462.695,0,0,1.24345e-13,4.263256e-14
naive,2026-01-15 18:45:00,1035,18.75,27.20681,3311.617,664.4463,1.066839,119.4706,1,1,2318.132,2317.815,731.5949,365.9229,1097.518,3,132.7705,0.3654999,164.3818,800,0,499.6694,200,0.1,0.2046279,0.3172331,0,250,0.3172331,1586.22,122.0281,55.52498,32.00635,0.7013391,0,440.9399,301.7204,139.2196,667.6432,0,1329.242,0,0,-7.993606e-15,4.263256e-14
naive,2026-01-15 19:00:00,1036,19,27.13627,3277.114,697.452,2.540278,114.9632,1,0,2293.98,2293.663,1451.016,548.984,2000,4,677.3081,0.4754442,155.1739,667.0426,500,0,324.9685,0.1624843,0.1259371,0.3172331,0,250,0.3172331,842.6469,115.2802,46.35877,20.14396,2.064834,0,435.7029,160.0466,275.6563,709.0306,0,1404.218,0,0,1.24345e-13,4.263256e-14
naive,2026-01-15 19:15:00,1037,19.25,27.22145,3244.199,741.8471,0,108.2763,0,0,2270.939,2270.622,775.8764,376.461,1152.337,3,208.2866,0.6628462,143.3879,800,0,499.6694,200,0.1,0.2046279,0.3172331,0,250,0.3172331,1494.745,106.4266,55.50959,33.89101,0,1.849748,432.0956,284.4079,147.6877,0,661.2208,3632.728,0,0,-7.993606e-15,4.263256e-14
naive,2026-01-15 19:30:00,1038,19.5,27.26215,3229.488,758.1442,0,96.03596,0,0,2260.642,2260.325,1455.021,544.9794,2000,4,714.0713,0.624171,137.1384,648.1662,500,0,324.9685,0.1624843,0.1259371,0.3172331,0,250,0.3172331,805.304,101.7434,44.93962,44.07296,0,0,430.503,153.3572,277.1458,0,698.3366,3866.32,0,0,1.24345e-13,4.263256e-14
naive,2026-01-15 19:45:00,1039,19.75,27.18803,3200.186,747.3982,0,85.94289,0,0,2240.13,2239.813,776.5409,374.7935,1151.334,3,224.7667,2.595034,123.9727,800,0,499.6694,200,0.1,0.2046279,0.3172331,0,250,0.3172331,1463.272,92.04916,55.54473,22.962,0,0,425.9357,278.2248,147.7109,0,653.0183,3568.722,0,-1.136868e-13,-7.993606e-15,4.263256e-14
naive,2026-01-15 20:00:00,1040,20,27.10877,3183.924,706.6076,5.026108,79.49435,0,0,2228.747,2228.43,1449.03,550.9697,2000,4,676.5624,2.346651,116.5801,704.5108,500,0,324.9685,0.1624843,0.1259371,0.3172331,0,250,0.3172331,779.3994,86.63418,48.98825,30.04519,2.679457,0,423.0698,147.9488,275.1211,0,698.9185,3845.39,0,2.273737e-13,1.24345e-13,4.263256e-14
naive,2026-01-15 20:15:00,1041,20.25,26.92464,3168.248,671.6142,8.296081,73.90302,0,0,2217.773,2217.456,701.1429,350.1368,1051.28,3,152.6205,1.307076,97.35216,800,0,499.6694,200,0.1,0.2046279,0.3172331,0,250,0.3172331,1516.313,72.48871,55.82176,19.32426,6.989005,1.414315,419.3744,286.7303,132.644,0,637.1346,3486.831,0,1.136868e-13,-7.993606e-15,4.263256e-14
naive,2026-01-15 20:30:00,1042,20.5,26.749,3175.38,620.3816,2.176297,64.94157,0,0,2222.766,2222.449,1436.683,561.3797,1998.063,4,602.6888,1.010863,94.36289,800,500,0,324.9685,0.1624843,0.1259371,0.3172331,0,250,0.3172331,785.766,70.39547,56.00648,17.69279,1.165434,0,418.7885,148.0452,270.7433,0,709.4249,3871.36,0,0,1.24345e-13,4.263256e-14
naive,2026-01-15 20:45:00,1043,20.75,26.65659,3178.43,573.299,0,56.92802,0,0,2224.901,2224.584,605.2333,321.7419,926.9752,2,35.88479,4.242236,86.84816,800,0,499.6694,200,0.1,0.2046279,0.3172331,0,250,0.3172331,1619.35,64.85362,56.10367,37.74473,0,0,418.3894,304.5165,113.8729,0,626.2584,3446.414,0,0,-7.993606e-15,4.263256e-14
naive,2026-01-15 21:00:00,1044,21,26.46103,3198.51,514.0376,0,53.89156,0,0,2238.957,2238.64,1348.603,534.7202,1883.324,4,500.3827,0.4948399,82.44604,800,500,0,324.9685,0.1624843,0.1259371,0.3172331,0,250,0.3172331,890.0366,61.69534,56.30936,13.65497,0,0,419.3364,166.6958,252.6406,0,701.416,3817.995,0,-2.273737e-13,1.24345e-13,4.263256e-14
naive,2026-01-15 21:15:00,1045,21.25,26.311,3157.009,436.5552,0,52.10822,0,0,2209.907,2209.589,562.9747,307.381,870.3557,2,0,0,70.35575,800,0,434.4971,216.2931,0.1081465,0.2046279,0.3172331,0,250,0.3172331,1646.615,52.73248,56.46715,3.627796,0,0,412.6201,307.4457,105.1744,0,614.8267,3324.28,0,5.684342e-14,-7.993606e-15,4.263256e-14
naive,2026-01-15 21:30:00,1046,21.5,25.96815,3138.512,383.6969,0,46.93118,0,0,2196.958,2196.641,795.3577,373.7938,1169.151,3,302.9034,0.01867429,66.22944,800,0,65.0361,200,0.1,0.1361966,0.3172331,0,250,0.3172331,1401.283,49.82142,56.82774,15.75744,0,0,407.3342,259.8095,147.5247,0,633.6033,3448.068,0,1.136868e-13,3.025358e-15,4.263256e-14
naive,2026-01-15 21:45:00,1047,21.75,25.54808,3146.612,351.5755,0,39.6243,0,0,2202.628,2202.311,1188.816,486.1408,1674.957,4,316.6005,0,58.3567,800,500,0,324.9685,0.1624843,0.1259371,0.3172331,0,250,0.3172331,1013.494,44.09521,57.26954,34.97498,0,0,404.9164,186.314,218.6024,0,672.4548,3694.405,0,5.684342e-14,1.24345e-13,4.263256e-14
naive,2026-01-15 22:00:00,1048,22,25.12072,3137.111,300.7303,2.991051,26.95764,0,0,2195.978,2195.661,553.3464,303.1364,856.4829,2,0,0,56.48287,800,0,273.3175,256.588,0.128294,0.2046279,0.3172331,0,250,0.3172331,1642.314,42.87243,57.71903,30.2216,0.1823,0,400.235,299.3252,100.9097,0,602.4617,3301.052,0,5.684342e-14,-1.216804e-13,4.263256e-14
naive,2026-01-15 22:15:00,1049,22.25,24.85488,3060.875,234.5889,4.18968,27.22231,0,0,2142.612,2142.295,558.4062,304.4982,862.9044,2,7.303588,5.384632,50.21619,800,0,226.1904,200,0.1,0.1615697,0.3172331,0,250,0.3172331,1583.889,38.2226,57.99862,1.094874,0,0,38.56702,28.51,10.05702,0,333.0082,1768.185,0,0,3.524958e-15,4.263256e-14
naive,2026-01-15 22:30:00,1050,22.5,24.81452,3066.793,192.5543,1.954568,27.27743,0,0,2146.755,2146.438,1099.03,459.3173,1558.347,4,209.3458,3.704986,45.29614,800,500,0,324.9685,0.1624843,0.1259371,0.3172331,0,250,0.3172331,1047.408,34.49228,58.04107,0,0,0,38.64159,18.85335,19.78824,0,478.1707,2564.642,0,0,1.24345e-13,4.263256e-14
naive,2026-01-15 22:45:00,1051,22.75,24.74878,3061.701,179.7335,7.310578,24.43613,0,0,2143.19,2142.873,542.4711,298.342,840.8131,2,0,0,40.81313,800,0,181.7848,279.4712,0.1397356,0.2046279,0.3172331,0,250,0.3172331,1600.402,31.1,58.1102,3.792421,1.46682,0,38.57743,28.80724,9.77019,0,327.1493,1743.019,0,0,-7.993606e-15,4.263256e-14
naive,2026-01-15 23:00:00,1052,23,24.39423,3045.589,172.8965,2.777248,18.07536,0,1,2131.912,2131.595,536.6546,295.7779,832.4325,2,0,0,32.43246,800,0,162.0129,238.9239,0.119462,0.1759789,0.3172331,0,250,0.3172331,1594.94,24.80584,58.4831,15.60352,0,0,38.37442,28.70893,9.665493,0,324.4868,1745.8,0,5.684342e-14,4.50473e-14,4.263256e-14
naive,2026-01-15 23:15:00,1053,23.25,23.96694,3033.49,128.2817,17.91725,17.11898,1,1,2123.443,2123.126,533.3399,294.3166,827.6565,2,0,0,27.65646,800,0,144.3903,202.7887,0.1013944,0.1504469,0.3172331,0,250,0.3172331,1589.786,21.24748,58.93251,0,6.742048,0,38.22198,28.61615,9.605828,322.9327,0,591.1964,0,0,6.52256e-15,4.263256e-14
naive,2026-01-15 23:30:00,1054,23.5,23.84711,3015.918,133.1875,7.666341,27.14028,1,1,2111.142,2110.825,618.3434,320.0445,938.3879,2,98.73814,9.974603,29.6752,800,0,11.02729,200,0.1,0.1276931,0.3172331,0,250,0.3172331,1492.482,22.82685,59.05853,23.42203,0,4.313429,38.00056,26.86467,11.13589,347.6758,0,669.3137,0,0,5.273559e-16,4.263256e-14
naive,2026-01-15 23:45:00,1055,23.75,23.68276,3046.998,145.4309,14.00278,17.35439,1,1,2132.899,2132.581,1001.667,429.5717,1431.239,3,98.57974,9.069539,23.58948,800,500,0,324.9685,0.1624843,0.1259371,0.3172331,0,250,0.3172331,1130.914,18.17659,59.23139,46.85117,4.933242,0,38.39217,20.35646,18.03572,449.9282,0,922.5492,0,-1.136868e-13,1.24345e-13,4.263256e-14
naive,2026-01-16 00:00:00,1056,0,23.28023,3059.916,151.241,3.250785,12.60904,1,1,2141.941,2141.624,532.5677,293.9762,826.5439,2,0,0,26.54389,800,0,105.0551,298.6536,0.1493268,0.2046279,0.3172331,0,250,0.3172331,1609.056,20.53855,59.65474,54.84497,0,0,38.55494,28.96301,9.591929,322.9392,0,673.3743,0,5.684342e-14,4.884981e-14,4.263256e-14
naive,2026-01-16 00:15:00,1057,0.25,23.19776,3058.473,116.3803,0,15.04267,1,1,2140.931,2140.614,530.4851,293.058,823.5431,2,0,0,23.54309,800,0,90.52301,275.9758,0.1379879,0.1880578,0.3172331,0,250,0.3172331,1610.129,18.23219,59.74148,27.55606,0,0,38.53676,28.98232,9.554442,322.0403,0,624.4057,0,0,-5.94802e-14,4.263256e-14
naive,2026-01-16 00:30:00,1058,0.5,23.00124,3078.949,111.01,0,9.451425,1,1,2155.264,2154.947,530.0708,292.8754,822.9461,2,0,0,22.94615,800,0,93.6441,252.5214,0.1262607,0.1737779,0.3172331,0,250,0.3172331,1624.876,17.80598,59.94818,18.62623,0,0,38.79475,29.24777,9.546984,322.1231,0,608.9348,0,5.684342e-14,-2.053913e-14,4.263256e-14
naive,2026-01-16 00:45:00,1059,0.75,22.95759,3090.689,126.2074,6.021459,8.629984,1,1,2163.482,2163.165,530.0493,292.8659,822.9152,2,0,0,22.91518,800,0,93.84663,229.0199,0.11451,0.159009,0.3172331,0,250,0.3172331,1633.116,17.78996,59.99408,33.72299,4.659201,0,38.94268,29.39608,9.546597,322.262,0,643.2399,0,0,-2.847722e-14,4.263256e-14
naive,2026-01-16 01:00:00,1060,1,22.78853,3057.393,128.8983,1.831277,11.18973,1,1,2140.175,2139.858,528.8108,292.3199,821.1308,2,0,0,21.13077,800,0,90.67475,206.3152,0.1031576,0.1442105,0.3172331,0,250,0.3172331,1611.047,16.43322,60.17189,39.54726,0.5075299,0,38.52316,28.99885,9.524305,321.3188,0,644.0387,0,0,-5.606626e-15,4.263256e-14
naive,2026-01-16 01:15:00,1061,1.25,22.69577,3025.094,114.7795,3.815324,10.55544,1,1,2117.566,2117.248,584.3897,309.0105,893.4002,2,65.66388,5.110632,22.62566,800,0,25.13091,200,0.1,0.1299137,0.3172331,0,250,0.3172331,1532.859,17.61258,60.26945,23.98476,0,0,38.11618,27.59145,10.52472,336.602,0,646.7745,0,0,-5.828671e-16,4.263256e-14
naive,2026-01-16 01:30:00,1062,1.5,22.53391,3000.167,96.67526,0,9.995141,1,1,2100.117,2099.799,982.0026,423.1198,1405.122,3,79.94188,6.450073,18.73051,800,500,0,324.9685,0.1624843,0.1259371,0.3172331,0,250,0.3172331,1117.797,14.60472,60.43969,16.73339,0,0,37.8021,20.12034,17.68176,443.2402,0,847.3508,0,1.136868e-13,1.24345e-13,4.263256e-14
naive,2026-01-16 01:45:00,1063,1.75,22.21326,3022.718,96.78464,0,10.40795,1,1,2115.903,2115.585,526.0514,291.1034,817.1548,2,0,0,17.15479,800,0,84.06165,303.9019,0.151951,0.2046279,0.3172331,0,250,0.3172331,1589.534,13.42009,60.77693,16.11965,0,0,38.08625,28.61161,9.474635,319.715,0,598.8624,0,-5.684342e-14,6.306067e-14,4.263256e-14
naive,2026-01-16 02:00:00,1064,2,21.9964,3022.153,105.3971,0,7.27775,1,1,2115.507,2115.19,524.145,290.263,814.408,2,0,0,14.40799,800,0,67.19797,287.0546,0.1435273,0.1913626,0.3172331,0,250,0.3172331,1591.045,11.29628,61.00501,40.93875,0,0,38.07912,28.6388,9.44032,318.9018,0,639.7923,0,5.684342e-14,-4.149459e-14,4.263256e-14
naive,2026-01-16 02:15:00,1065,2.25,21.73126,3054.212,89.94692,0,12.6664,1,1,2137.948,2137.631,523.6111,290.0276,813.6387,2,0,0,13.63866,800,0,71.45095,269.1467,0.1345733,0.1807541,0.3172331,0,250,0.3172331,1614.02,10.72204,61.28387,21.06096,0,1.944366,38.48307,29.05236,9.430709,319.4118,0,606.2094,0,0,-1.065814e-14,4.263256e-14
naive,2026-01-16 02:30:00,1066,2.5,21.67339,3063.833,91.25825,0,9.026254,1,1,2144.683,2144.366,525.3382,290.789,816.1272,2,0,0,16.12721,800,0,83.34712,248.2675,0.1241338,0.1694777,0.3172331,0,250,0.3172331,1619.028,12.68587,61.34473,10.98478,0,0,38.60429,29.1425,9.461798,319.9315,0,589.799,0,-5.684342e-14,-2.414735e-14,4.263256e-14
naive,2026-01-16 02:45:00,1067,2.75,21.38697,3054.724,113.0877,0,6.011658,1,1,2138.307,2137.99,525.9993,291.0805,817.0798,2,0,0,17.07977,800,0,94.58553,224.5821,0.112291,0.1563304,0.3172331,0,250,0.3172331,1611.99,13.4743,61.64597,22.07127,0,0,38.48952,29.01583,9.473698,320.0963,0,608.9138,0,0,2.19269e-14,4.263256e-14
naive,2026-01-16 03:00:00,1068,3,21.04387,3022.695,130.3528,4.270443,5.908406,1,1,2115.887,2115.569,527.3294,291.6669,818.9963,2,0,0,18.99629,800,0,83.74205,203.6112,0.1018056,0.141416,0.3172331,0,250,0.3172331,1588.24,15.03839,62.00683,46.93575,3.945404,0,38.08596,28.58832,9.49764,320.2552,0,658.5227,0,5.684342e-14,1.745826e-14,4.263256e-14
naive,2026-01-16 03:15:00,1069,3.25,21.00374,3021.934,128.5859,2.240246,6.536833,1,1,2115.354,2115.037,595.6692,312.4826,908.1518,2,78.27677,2.325351,27.54966,800,0,14.31661,200,0.1,0.128211,0.3172331,0,250,0.3172331,1519.368,21.81851,62.04903,35.99253,0,0,38.07637,27.34862,10.72775,339.8313,0,671.9445,0,0,4.718448e-16,4.263256e-14
naive,2026-01-16 03:30:00,1070,3.5,21.03501,3082.462,147.5114,0,12.45855,1,1,2157.724,2157.406,1001.942,429.2054,1431.147,3,102.6782,3.0365,25.43279,800,500,0,324.9685,0.1624843,0.1259371,0.3172331,0,250,0.3172331,1155.464,20.13565,62.01615,44.83318,0,0,38.83903,20.79836,18.04067,450.0038,0,907.5766,0,-1.705303e-13,1.24345e-13,4.263256e-14
naive,2026-01-16 03:45:00,1071,3.75,21.11584,3061.458,145.0069,3.653893,14.39525,1,1,2143.02,2142.703,530.814,293.203,824.017,2,0,0,24.01705,800,0,116.8217,295.7119,0.147856,0.2046279,0.3172331,0,250,0.3172331,1611.889,18.99924,61.93113,32.41681,0,0,38.57437,29.014,9.560362,322.217,0,630.6805,0,0,2.04281e-14,4.263256e-14
naive,2026-01-16 04:00:00,1072,4,21.16138,3042.579,144.5646,0,13.09843,1,1,2129.805,2129.488,529.9924,292.8408,822.8333,2,0,0,22.83328,800,0,136.6417,261.505,0.1307525,0.1862055,0.3172331,0,250,0.3172331,1599.496,18.05448,61.88324,16.38251,0,0,38.3365,28.79092,9.545574,321.6318,0,601.9047,0,-5.684342e-14,3.747003e-14,4.263256e-14
naive,2026-01-16 04:15:00,1073,4.25,20.88049,3043.301,155.6389,0,10.65748,1,1,2130.311,2129.994,528.5525,292.206,820.7585,2,0,0,20.75849,800,0,149.2357,224.1548,0.1120774,0.1646658,0.3172331,0,250,0.3172331,1601.441,16.46057,62.17866,16.36301,0,0,38.34559,28.82594,9.519654,321.032,0,600.3391,0,0,-3.869127e-14,4.263256e-14
naive,2026-01-16 04:30:00,1074,4.5,20.7222,3083.327,173.7024,0,6.621216,1,1,2158.329,2158.012,583.9223,308.8433,892.7655,2,65.33769,11.7322,15.69563,800,0,96.47824,200,0.1,0.141147,0.3172331,0,250,0.3172331,1574.089,12.46582,62.34515,11.88645,0,0,38.84992,28.33361,10.51631,337.1769,0,624.7195,0,-5.684342e-14,1.332268e-15,4.263256e-14
naive,2026-01-16 04:45:00,1075,4.75,20.59903,3083.147,215.4215,0,12.33656,1,1,2158.203,2157.886,1075.547,450.4363,1525.983,4,196.9777,7.299365,21.70621,800,500,0,324.9685,0.1624843,0.1259371,0.3172331,0,250,0.3172331,1082.339,17.26095,62.47469,18.44385,0,0,38.84766,19.4821,19.36556,469.9184,0,901.3684,0,-1.705303e-13,1.24345e-13,4.263256e-14
naive,2026-01-16 05:00:00,1076,5,20.55994,3059.027,271.2462,0,9.093014,1,1,2141.319,2141.002,531.8926,293.6785,825.5711,2,0,0,25.57107,800,0,264.0855,258.896,0.129448,0.2046279,0.3172331,0,250,0.3172331,1609.109,20.34231,62.5158,9.774735,0,0,38.54374,28.96396,9.579776,322.6425,0,591.8161,0,-5.684342e-14,-6.483702e-14,4.263256e-14
naive,2026-01-16 05:15:00,1077,5.25,20.25858,3053.483,373.42,0,14.02079,1,1,2137.438,2137.121,603.2002,314.1533,917.3535,2,92.14214,3.597808,21.61355,800,0,235.4209,200,0.1,0.163023,0.3172331,0,250,0.3172331,1533.921,17.24613,62.83275,45.85689,0,0,38.47389,27.61057,10.86331,341.7639,0,691.944,0,-5.684342e-14,3.774758e-15,4.263256e-14
naive,2026-01-16 05:30:00,1078,5.5,20.25514,3062.459,458.7919,0,7.502618,1,1,2143.722,2143.404,1229.544,494.4372,1723.981,4,397.79,0.5259285,25.66503,800,500,0,324.9685,0.1624843,0.1259371,0.3172331,0,250,0.3172331,913.8605,20.47964,62.83637,61.00189,0,0,38.58699,16.44949,22.1375,510.8867,0,1056.311,0,0,1.24345e-13,4.263256e-14
naive,2026-01-16 05:45:00,1079,5.75,20.30386,3077.004,565.0814,0,11.70797,1,1,2153.903,2153.585,533.4494,294.3648,827.8142,2,0,0,27.81424,800,0,495.8389,200.9576,0.1004788,0.2046279,0.3172331,0,250,0.3172331,1620.136,22.18378,62.78513,69.35685,0,0,38.77025,29.16245,9.607799,323.5273,0,696.0619,0,-5.684342e-14,-7.993606e-15,4.263256e-14
naive,2026-01-16 06:00:00,1080,6,20.20728,3113.539,617.8827,0,10.33571,1,1,2179.477,2179.16,979.4713,422.8054,1402.277,3,573.2039,2.774299,26.29855,800,0,3.703959,200,0.1,0.1265401,0.3172331,0,250,0.3172331,1199.689,20.99523,62.8867,40.97485,0,0,39.23059,21.5944,17.63619,444.3998,0,888.7338,0,1.136868e-13,1.665335e-16,4.263256e-14
naive,2026-01-16 06:15:00,1081,6.25,20.26629,3180.833,696.4777,0,6.097638,1,1,2226.583,2226.266,1416.952,548.3829,1965.335,4,638.8217,3.609183,22.90369,800,500,0,324.9685,0.1624843,0.1259371,0.3172331,0,250,0.3172331,809.3145,18.27416,62.82465,57.65599,0,0,40.0785,14.56766,25.51084,562.9506,0,1154.68,0,0,1.24345e-13,4.263256e-14
naive,2026-01-16 06:30:00,1082,6.5,20.4792,3210.077,742.8178,0,0,1,1,2247.054,2246.737,693.7933,340.1486,1033.942,3,209.3475,5.165471,19.42892,800,0,499.6694,200,0.1,0.2046279,0.3172331,0,250,0.3172331,1552.943,15.46865,62.60071,33.80082,0,0,40.44697,27.95298,12.49399,368.1015,0,724.0837,0,5.684342e-14,-7.993606e-15,4.263256e-14
naive,2026-01-16 06:45:00,1083,6.75,20.55527,3218.81,758.3819,0,4.91911,1,1,2253.167,2252.85,1454.009,545.9909,2000,4,749.4012,4.999517,20.93597,724.6633,500,0,324.9685,0.1624843,0.1259371,0.3172331,0,250,0.3172331,798.8407,16.65578,56.63308,8.980686,0,0,40.55701,14.37913,26.17787,560.37,0,1072.519,0,-1.136868e-13,1.24345e-13,4.263256e-14
naive,2026-01-16 07:00:00,1084,7,20.77679,3212.875,784.0525,0,13.04752,1,1,2249.012,2248.695,742.6632,354.5491,1097.212,3,269.3992,0.8265239,26.98655,800,0,499.6694,200,0.1,0.2046279,0.3172331,0,250,0.3172331,1506.032,21.42154,62.28772,14.9839,0,0,40.48222,27.10857,13.37365,381.6577,0,719.0889,0,-1.136868e-13,-7.993606e-15,4.263256e-14
naive,2026-01-16 07:15:00,1085,7.25,21.00447,3192.427,761.0946,3.831801,16.26217,1,1,2234.699,2234.382,1454.711,545.2886,2000,4,752.7851,0.5017298,30.28565,716.4275,500,0,324.9685,0.1624843,0.1259371,0.3172331,0,250,0.3172331,779.6703,23.98515,55.56635,8.309456,3.330072,0,40.22458,14.03406,26.19052,559.3226,0,1076.211,0,0,1.24345e-13,4.263256e-14
naive,2026-01-16 07:30:00,1086,7.5,21.1651,3212.597,735.5149,0,11.46032,1,1,2248.818,2248.501,712.4753,346.8345,1059.31,3,222.3766,0.9687708,35.96444,800,0,499.6694,200,0.1,0.2046279,0.3172331,0,250,0.3172331,1536.026,28.43634,61.87933,13.46885,0,0,40.47873,27.64846,12.83026,374.483,0,702.5855,0,1.136868e-13,-7.993606e-15,4.263256e-14
naive,2026-01-16 07:45:00,1087,7.75,21.33444,3249.023,710.6774,0,24.45363,1,1,2274.316,2273.999,1442.338,556.2322,1998.57,4,666.9176,1.080979,30.57159,800,500,0,324.9685,0.1624843,0.1259371,0.3172331,0,250,0.3172331,831.6608,24.1309,61.70122,43.75973,0,0.3227222,40.93769,14.96989,25.96779,571.2568,0,1148.585,0,-2.273737e-13,1.24345e-13,4.263256e-14
naive,2026-01-16 08:00:00,1088,8,21.41732,3270.688,625.295,361.213,24.24925,1,1,2289.482,2289.164,855.8755,424.7904,1280.666,3,98.48523,349.8923,32.28828,800,0,499.6694,200,0.1,0.2046279,0.3172331,0,250,0.3172331,1433.289,25.46453,61.61406,27.14038,11.3207,0,41.21067,25.7992,15.41147,450.5896,0,898.2087,0,-1.136868e-13,-7.993606e-15,4.263256e-14
naive,2026-01-16 08:15:00,1089,8.25,21.72252,3268.652,532.8771,374.3846,23.77351,1,1,2288.056,2287.739,1440.985,559.0149,2000,4,511.2434,358.2097,35.15813,595.3888,500,0,324.9685,0.1624843,0.1259371,0.3172331,0,250,0.3172331,846.7538,27.64202,45.6165,21.63376,16.17498,0,41.18501,15.24157,25.94344,574.2565,0,1162.414,0,-1.136868e-13,1.24345e-13,4.263256e-14
naive,2026-01-16 08:30:00,1090,8.5,21.81401,3289.862,435.1689,379.8199,29.90968,1,1,2302.903,2302.586,750.1032,389.8765,1139.98,3,0,299.8897,40.09003,800,0,499.6694,200,0.1,0.2046279,0.3172331,0,250,0.3172331,1552.483,31.49024,61.19684,0,18.5117,0,41.45225,27.94469,13.50757,417.8212,0,798.7286,0,0,-7.993606e-15,4.263256e-14
naive,2026-01-16 08:45:00,1091,8.75,21.88765,3289.097,336.1565,393.4901,29.50786,1,1,2302.368,2302.05,1421.341,578.6591,2000,4,358.1605,366.4771,43.55916,731.8032,500,0,324.9685,0.1624843,0.1259371,0.3172331,0,250,0.3172331,880.7094,34.18953,55.9092,0,27.01299,0,41.44262,15.85277,25.58985,594.5118,0,1172.723,0,2.273737e-13,1.24345e-13,4.263256e-14
naive,2026-01-16 09:00:00,1092,9,22.15502,3293.701,271.5378,390.8594,41.15543,1,1,2305.591,2305.273,644.1078,343.1485,987.2562,2,0,142.6011,44.6551,800,0,499.6694,200,0.1,0.2046279,0.3172331,0,250,0.3172331,1661.166,34.95422,60.83818,0.3030972,19.82351,6.201205,41.50063,29.90098,11.59965,374.1162,0,714.5079,0,0,-7.993606e-15,4.263256e-14
naive,2026-01-16 09:15:00,1093,9.25,22.24399,3299.385,209.6681,392.8203,44.15381,1,1,2309.57,2309.253,1364.05,575.2583,1939.308,4,216.8524,367.7786,54.67739,800,500,0,324.9685,0.1624843,0.1259371,0.3172331,0,250,0.3172331,945.2026,42.76035,60.74461,0,25.04168,1.393462,41.57226,17.01365,24.55861,592.5121,0,1159.883,0,0,1.24345e-13,4.263256e-14
naive,2026-01-16 09:30:00,1094,9.5,22.49251,3314.953,176.0048,404.0516,47.2487,1,1,2320.467,2320.15,587.4208,318.1581,905.5789,2,0,44.67185,60.90701,800,0,499.6694,200,0.1,0.2046279,0.3172331,0,250,0.3172331,1732.729,47.51112,60.48322,8.455537,27.25956,0,41.7684,31.18912,10.57928,349.3472,0,692.2593,0,0,-7.993606e-15,4.263256e-14
naive,2026-01-16 09:45:00,1095,9.75,22.82979,3327.284,143.382,400.8452,53.39687,1,1,2329.099,2328.782,1322.733,566.089,1888.822,4,140.8142,387.8182,60.18906,800,500,0,324.9685,0.1624843,0.1259371,0.3172331,0,250,0.3172331,1006.049,46.78867,60.1285,2.567766,13.02694,6.608193,41.92378,18.10889,23.8149,585.3494,0,1129.955,0,0,1.24345e-13,4.263256e-14
naive,2026-01-16 10:00:00,1096,10,23.04474,3366.965,129.6713,399.7047,57.0302,1,1,2356.875,2356.558,568.2741,309.7173,877.9914,2,0,6.814879,71.17655,800,0,499.6694,200,0.1,0.2046279,0.3172331,0,250,0.3172331,1788.284,55.20753,59.90242,7.657929,15.23375,1.822675,42.42376,32.18911,10.23464,342.2253,0,656.5486,0,0,-7.993606e-15,4.263256e-14
naive,2026-01-16 10:15:00,1097,10.25,23.26861,3377.795,123.185,404.2032,64.5971,1,1,2364.456,2364.139,1306.68,562.987,1869.667,4,107.4001,385.7839,76.48265,800,500,0,324.9685,0.1624843,0.1259371,0.3172331,0,250,0.3172331,1057.459,59.18619,59.66696,15.78491,18.41933,5.410915,42.56021,19.03427,23.52594,582.9721,0,1157.821,0,-2.273737e-13,1.24345e-13,4.263256e-14
naive,2026-01-16 10:30:00,1098,10.5,23.60287,3387.311,129.3429,408.7612,80.30306,1,1,2371.117,2370.8,574.3072,312.377,886.6841,2,0,2.81301,83.87112,800,0,499.6694,200,0.1,0.2046279,0.3172331,0,250,0.3172331,1796.493,64.67948,59.31541,17.34096,18.28074,15.62358,42.68011,32.33687,10.34324,347.4773,0,689.6721,0,5.684342e-14,-7.993606e-15,4.263256e-14
naive,2026-01-16 10:45:00,1099,10.75,23.91791,3425.367,101.6633,412.6502,92.13368,1,1,2397.757,2397.44,1327.427,571.8156,1899.243,4,110.0735,392.7952,96.37414,800,500,0,324.9685,0.1624843,0.1259371,0.3172331,0,250,0.3172331,1070.012,74.07863,58.98407,0,19.85491,18.05505,43.15962,19.26022,23.8994,594.289,0,1156.471,0,1.136868e-13,1.24345e-13,4.263256e-14
naive,2026-01-16 11:00:00,1100,11,23.93631,3450.159,87.60396,413.2913,100.7304,1,1,2415.111,2414.794,589.5932,319.1158,908.709,2,0,6.132039,102.5769,800,0,499.6694,200,0.1,0.2046279,0.3172331,0,250,0.3172331,1825.201,78.83136,58.96472,0,15.66826,21.89902,43.472,32.85361,10.61839,355.8681,0,672.4286,0,0,-7.993606e-15,4.263256e-14
naive,2026-01-16 11:15:00,1101,11.25,23.98964,3483.148,109.7978,416.6764,107.7639,1,1,2438.204,2437.886,1340.221,578.4255,1918.646,4,101.9203,400.1787,116.5474,800,500,0,324.9685,0.1624843,0.1259371,0.3172331,0,250,0.3172331,1097.665,89.51805,58.90862,7.877533,16.49778,18.2459,43.88766,19.75798,24.12969,601.4352,0,1178.646,0,-1.136868e-13,1.24345e-13,4.263256e-14
naive,2026-01-16 11:30:00,1102,11.5,24.39012,3466.411,118.1253,418.4291,114.9579,1,1,2426.488,2426.17,606.0504,326.3709,932.4213,2,0,0,132.4213,800,0,488.518,202.7879,0.1013939,0.2046279,0.3172331,0,250,0.3172331,1820.12,101.2863,58.48743,30.59751,17.43885,13.67167,43.67678,32.76216,10.91462,361.5889,0,740.2421,0,0,-7.993606e-15,4.263256e-14
naive,2026-01-16 11:45:00,1103,11.75,24.66571,3504.879,101.3408,415.3699,129.3026,1,1,2453.416,2453.098,958.0687,471.1717,1429.24,3,87.30886,405.2675,136.6641,800,0,11.02372,200,0.1,0.1276925,0.3172331,0,250,0.3172331,1495.03,104.2302,58.19757,3.008179,10.10242,25.07245,44.16148,26.91053,17.25095,502.6106,0,962.3647,0,5.684342e-14,-6.106227e-16,4.263256e-14
naive,2026-01-16 12:00:00,1104,12,24.61836,3505.647,135.4904,420.8772,133.2076,1,1,2453.953,2453.636,1372.223,592.2459,1964.469,4,104.3398,407.3706,152.7589,800,500,0,324.9685,0.1624843,0.1259371,0.3172331,0,250,0.3172331,1081.412,116.5632,58.24738,31.1506,13.50656,16.64445,44.17115,19.46542,24.70573,614.7147,0,1240.935,0,0,1.24345e-13,4.263256e-14
naive,2026-01-16 12:15:00,1105,12.25,24.66847,3482.563,83.78962,426.5956,142.8369,1,1,2437.794,2437.477,635.1719,339.2091,974.381,2,0,6.995486,167.3855,800,0,499.6694,200,0.1,0.2046279,0.3172331,0,250,0.3172331,1802.305,127.6569,58.19468,0,17.76282,15.17999,43.88029,32.44149,11.4388,374.3924,0,713.9566,0,-5.684342e-14,-7.993606e-15,4.263256e-14
naive,2026-01-16 12:30:00,1106,12.5,24.89694,3486.503,81.69781,432.0059,149.6963,1,1,2440.552,2440.235,1382.054,597.9311,1979.985,4,92.98184,407.9545,179.0491,800,500,0,324.9685,0.1624843,0.1259371,0.3172331,0,250,0.3172331,1058.181,136.225,57.95438,0,24.05139,13.47137,43.92994,19.04725,24.88269,619.4226,0,1215.135,0,-2.273737e-13,1.24345e-13,4.263256e-14
naive,2026-01-16 12:45:00,1107,12.75,24.99085,3464.455,81.32501,424.4815,152.3901,1,1,2425.118,2424.801,645.2171,343.6375,988.8547,2,0,0,188.8547,800,0,498.184,200.3714,0.1001857,0.2046279,0.3172331,0,250,0.3172331,1779.584,143.5434,57.85561,0,16.64474,8.846698,43.65213,32.03251,11.61962,377.2782,0,718.1811,0,-5.684342e-14,4.884981e-14,4.263256e-14
naive,2026-01-16 13:00:00,1108,13,25.27029,3452.728,92.46094,418.5781,155.8613,1,1,2416.909,2416.592,997.053,489.8931,1486.946,3,74.40375,408.4078,204.1346,800,0,1.35931,200,0.1,0.1261709,0.3172331,0,250,0.3172331,1419.539,154.7009,57.56171,16.69788,10.17028,1.160441,441.8265,259.5008,182.3257,749.6061,0,1480.803,0,-5.684342e-14,-5.551115e-17,4.263256e-14
naive,2026-01-16 13:15:00,1109,13.25,25.49232,3457.181,74.42122,413.4933,168.4456,1,1,2420.027,2419.709,1394.621,605.3786,2000,4,74.51811,411.2748,218.1126,796.0945,500,0,324.9685,0.1624843,0.1259371,0.3172331,0,250,0.3172331,1025.088,164.9065,57.04832,0,2.218437,3.53912,444.3804,188.2331,256.1473,794.2616,0,1528.171,0,0,1.24345e-13,4.263256e-14
naive,2026-01-16 13:30:00,1110,13.5,25.76117,3492.972,80.87038,411.59,172.647,1,1,2445.081,2444.763,675.8246,357.1308,1032.955,3,0,0,232.9554,800,0,488.3294,202.835,0.1014175,0.2046279,0.3172331,0,250,0.3172331,1768.939,175.6275,57.04543,5.531288,0,0,451.4325,326.5972,124.8353,683.728,0,1312.821,0,1.136868e-13,-7.993606e-15,4.263256e-14
naive,2026-01-16 13:45:00,1111,13.75,25.80592,3465.748,88.55068,405.225,179.617,1,1,2426.024,2425.707,1025.17,502.2069,1527.377,4,75.08853,407.3497,244.9386,800,0,11.21235,200,0.1,0.1277222,0.3172331,0,250,0.3172331,1400.537,184.5741,56.99837,2.2498,0,0,448.3214,258.8147,189.5067,761.0216,0,1461.801,0,1.705303e-13,-6.106227e-16,4.263256e-14
naive,2026-01-16 14:00:00,1112,14,26.07728,3481.649,107.6741,407.9509,193.6545,1,1,2437.154,2436.837,1396.411,603.5894,2000,4,76.02629,406.1485,254.1478,763.6773,500,0,324.9685,0.1624843,0.1259371,0.3172331,0,250,0.3172331,1040.426,190.962,54.13801,31.64785,1.802381,2.692447,452.8764,193.3339,259.5425,797.4236,0,1591.644,0,-2.273737e-13,1.24345e-13,4.263256e-14
naive,2026-01-16 14:15:00,1113,14.25,26.51231,3479.616,78.0433,421.1873,205.3164,1,1,2435.731,2435.414,698.307,367.0422,1065.349,3,0,0,265.3492,800,0,488.2325,202.8592,0.1014296,0.2046279,0.3172331,0,250,0.3172331,1737.107,198.455,56.25543,0,19.53137,6.861343,456.6728,325.6884,130.9844,694.017,0,1358.438,0,1.136868e-13,4.884981e-14,4.263256e-14
naive,2026-01-16 14:30:00,1114,14.5,26.57554,3519.599,75.37539,416.66,205.2774,1,1,2463.719,2463.402,1051.434,512.5684,1564.002,4,85.31836,402.6259,276.0578,800,0,11.30924,200,0.1,0.1277375,0.3172331,0,250,0.3172331,1411.968,206.3244,56.18892,0,14.03418,0,462.5234,265.0742,197.4492,777.6425,0,1516.282,0,2.273737e-13,-8.604228e-16,4.263256e-14
naive,2026-01-16 14:45:00,1115,14.75,26.90399,3516.737,75.51813,414.8983,212.4633,1,1,2461.716,2461.398,1401.652,598.3479,2000,4,106.9449,402.1001,279.6371,711.3179,500,0,324.9685,0.1624843,0.1259371,0.3172331,0,250,0.3172331,1059.746,208.2648,49.65308,0,12.79812,4.19852,465.3033,200.3089,264.9945,799.4503,0,1565.118,0,0,1.24345e-13,4.263256e-14
naive,2026-01-16 15:00:00,1116,15,27.17548,3521.65,100.3398,408.0324,225.5251,1,1,2465.155,2464.838,729.5882,380.8324,1110.421,3,0,23.29827,287.1224,800,0,499.6694,200,0.1,0.2046279,0.3172331,0,250,0.3172331,1735.249,213.216,55.55794,0,9.157911,12.30912,468.5985,329.8516,138.7469,713.0239,0,1379.342,0,0,-7.993606e-15,4.263256e-14
naive,2026-01-16 15:15:00,1117,15.25,27.38935,3542.011,133.9759,406.1806,225.1066,1,1,2479.408,2479.091,1402.03,597.97,2000,4,106.8437,400.3949,288.9646,703.7968,500,0,324.9685,0.1624843,0.1259371,0.3172331,0,250,0.3172331,1077.061,214.0896,48.67898,27.13227,5.785641,11.01698,473.425,205.6569,267.7681,805.7305,0,1613.481,0,0,1.24345e-13,4.263256e-14
naive,2026-01-16 15:30:00,1118,15.5,27.49731,3495.442,158.3653,403.1014,228.6384,1,1,2446.81,2446.492,730.2727,381.1342,1111.407,3,0,14.89761,296.5093,800,0,499.6694,200,0.1,0.2046279,0.3172331,0,250,0.3172331,1716.22,219.4233,55.21945,40.29202,6.607612,9.215116,468.2624,328.4445,139.8179,711.3423,0,1441.465,0,5.684342e-14,-7.993606e-15,4.263256e-14
naive,2026-01-16 15:45:00,1119,15.75,27.45001,3472.92,146.9008,402.855,225.4511,1,1,2431.044,2430.726,1403.963,596.0368,2000,4,121.7327,395.6904,292.4873,690.0896,500,0,324.9685,0.1624843,0.1259371,0.3172331,0,250,0.3172331,1026.763,216.5576,47.67587,25.16802,7.164553,8.893498,464.7824,196.3031,268.4793,794.0402,0,1590.219,0,-1.136868e-13,1.24345e-13,4.263256e-14
naive,2026-01-16 16:00:00,1120,16,27.42857,3424.002,159.6513,400.5893,225.7856,1,1,2396.801,2396.484,737.1248,384.155,1121.28,3,0,35.46806,285.8117,800,0,499.6694,200,0.1,0.2046279,0.3172331,0,250,0.3172331,1659.359,211.664,55.29175,13.23113,11.87196,14.12163,458.0292,317.1039,140.9253,703.9575,0,1389.015,0,-5.684342e-14,-7.993606e-15,4.263256e-14
naive,2026-01-16 16:15:00,1121,16.25,27.60852,3396.79,172.8543,391.3656,219.5719,1,1,2377.753,2377.435,1409.385,590.6145,2000,4,167.8296,387.6572,285.9002,658.613,500,0,324.9685,0.1624843,0.1259371,0.3172331,0,250,0.3172331,968.05,211.3179,45.36402,5.024676,3.708442,8.253918,456.1143,185.697,270.4173,777.8948,0,1519.82,0,-2.273737e-13,1.24345e-13,4.263256e-14
naive,2026-01-16 16:30:00,1122,16.5,27.8008,3399.063,196.45,395.1601,219.6148,1,1,2379.344,2379.027,763.3972,395.7371,1159.134,3,0,78.35781,280.7766,800,0,499.6694,200,0.1,0.2046279,0.3172331,0,250,0.3172331,1615.629,207.099,54.90026,1.04348,12.53938,12.51576,458.2789,311.182,147.0969,709.3297,0,1380.327,0,0,-7.993606e-15,4.263256e-14
naive,2026-01-16 16:45:00,1123,16.75,28.00844,3385.368,218.3545,398.9921,213.8841,1,1,2369.757,2369.44,1416.297,583.7034,2000,4,229.7109,376.9159,269.8531,623.5201,500,0,324.9685,0.1624843,0.1259371,0.3172331,0,250,0.3172331,953.1435,198.5936,42.61906,0,22.07617,15.29045,458.4493,184.3935,274.0558,771.055,0,1532.245,0,-1.136868e-13,1.24345e-13,4.263256e-14
naive,2026-01-16 17:00:00,1124,17,28.16497,3384.209,263.7772,389.2319,209.0456,1,1,2368.946,2368.629,792.0568,408.3717,1200.428,3,0,145.7891,254.6394,800,0,499.6694,200,0.1,0.2046279,0.3172331,0,250,0.3172331,1576.572,187.0785,54.51725,0,9.188522,21.96713,459.8241,306.0204,153.8037,718.656,0,1391.83,0,0,-7.993606e-15,4.263256e-14
naive,2026-01-16 17:15:00,1125,17.25,28.29744,3360.165,311.0754,383.191,195.6054,1,1,2352.116,2351.798,1427.878,572.1217,2000,4,327.8808,374.4704,241.8273,555.8216,500,0,324.9685,0.1624843,0.1259371,0.3172331,0,250,0.3172331,923.9201,177.4095,37.78053,0,8.720627,18.19599,457.8522,179.8461,278.0061,755.5098,0,1483.56,0,2.273737e-13,1.24345e-13,4.263256e-14
naive,2026-01-16 17:30:00,1126,17.5,28.2394,3330.144,374.3271,377.402,182.8067,1,1,2331.101,2330.784,835.5239,427.5341,1263.058,3,0,240.2544,222.8036,800,0,499.6694,200,0.1,0.2046279,0.3172331,0,250,0.3172331,1495.26,163.5568,54.43897,0.2573356,11.54796,19.24993,453.1983,290.6992,162.4991,721.9758,0,1403.072,0,-5.684342e-14,-7.993606e-15,4.263256e-14
naive,2026-01-16 17:45:00,1127,17.75,28.06684,3315.456,429.2332,376.2857,170.1791,1,1,2320.819,2320.502,1440.159,559.8405,2000,4,433.9585,366.3959,212.4313,487.2143,500,0,324.9685,0.1624843,0.1259371,0.3172331,0,250,0.3172331,880.3423,156.2359,33.26483,0,9.889851,13.94321,449.5405,170.5215,279.019,733.0628,0,1445.763,0,-2.273737e-13,1.24345e-13,4.263256e-14
naive,2026-01-16 18:00:00,1128,18,28.06538,3282.248,526.149,10.02856,161.6286,1,1,2297.574,2297.257,655.6458,348.235,1003.881,3,0,0,203.8807,800,0,491.3326,202.0842,0.1010421,0.2046279,0.3172331,0,250,0.3172331,1641.611,149.9496,54.62198,39.24686,5.598081,11.67907,445.0241,317.9686,127.0555,668.4658,0,1352.839,0,-5.684342e-14,4.884981e-14,4.263256e-14
naive,2026-01-16 18:15:00,1129,18.25,28.08727,3246.38,552.2775,4.132379,153.0531,1,1,2272.466,2272.148,1065.708,465.1186,1530.826,4,537.0915,4.377256,189.3575,800,0,8.20958,200,0.1,0.1272495,0.3172331,0,250,0.3172331,1206.441,139.2349,54.59896,6.976415,0,13.81817,440.3662,233.7882,206.578,701.5845,0,1353.78,0,-1.705303e-13,0,4.263256e-14
naive,2026-01-16 18:30:00,1130,18.5,28.03971,3202.725,599.7508,0,141.7329,1,1,2241.907,2241.59,1441.755,558.2449,2000,4,599.786,1.010278,176.4587,722.7451,500,0,324.9685,0.1624843,0.1259371,0.3172331,0,250,0.3172331,799.8348,129.8175,49.37161,0,0,11.91537,434.0044,154.8378,279.1667,715.3893,0,1375.236,0,2.273737e-13,1.24345e-13,4.263256e-14
naive,2026-01-16 18:45:00,1131,18.75,27.76881,3199.097,642.5165,13.35272,133.3124,1,1,2239.368,2239.051,743.7711,369.2386,1113.01,3,150.0211,0.6971412,162.2915,800,0,499.6694,200,0.1,0.2046279,0.3172331,0,250,0.3172331,1495.28,119.7467,54.93391,0,12.65558,13.56567,431.0264,287.8067,143.2197,659.6564,0,1279.343,0,5.684342e-14,-7.993606e-15,4.263256e-14
naive,2026-01-16 19:00:00,1132,19,27.6168,3206.251,686.5684,13.52165,120.5916,1,0,2244.375,2244.058,1452.52,547.4797,2000,4,688.2503,1.578315,154.8288,655.3426,500,0,324.9685,0.1624843,0.1259371,0.3172331,0,250,0.3172331,791.5379,114.4286,45.13162,0,11.94334,6.162992,430.6044,151.8639,278.7404,700.5261,0,1370.881,0,-1.136868e-13,1.24345e-13,4.263256e-14
naive,2026-01-16 19:15:00,1133,19.25,27.32763,3169.123,725.4423,14.58445,112.7396,1,0,2218.386,2218.069,791.0214,380.9228,1171.944,3,226.9051,0.2755626,144.7635,800,0,499.6694,200,0.1,0.2046279,0.3172331,0,250,0.3172331,1427.047,107.3246,55.39791,0,14.30889,5.415009,423.0364,272.1316,150.9048,654.087,0,1270.534,0,5.684342e-14,-7.993606e-15,4.263256e-14
naive,2026-01-16 19:30:00,1134,19.5,27.23894,3154.373,730.3344,6.114919,99.15089,0,0,2208.061,2207.744,1458.063,541.9372,2000,4,738.5366,0.26148,132.9431,628.2588,500,0,324.9685,0.1624843,0.1259371,0.3172331,0,250,0.3172331,749.6809,98.65555,43.57854,0,5.853439,0.4953465,420.2855,142.6953,277.5901,0,684.7268,3727.069,0,2.273737e-13,1.24345e-13,4.263256e-14
naive,2026-01-16 19:45:00,1135,19.75,26.98151,3096.035,763.4422,8.549273,90.37738,0,0,2167.224,2166.907,782.7108,375.9443,1158.655,3,237.9574,1.124695,119.573,800,0,499.6694,200,0.1,0.2046279,0.3172331,0,250,0.3172331,1384.196,88.97999,55.76194,25.81542,7.424578,1.397392,410.3011,262.0574,148.2437,0,638.2663,3505.072,0,1.136868e-13,-7.993606e-15,4.263256e-14
naive,2026-01-16 20:00:00,1136,20,26.82851,3072.886,731.064,11.87297,82.023,0,0,2151.02,2150.703,1451.094,548.9061,2000,4,693.4118,3.773319,111.3988,691.4161,500,0,324.9685,0.1624843,0.1259371,0.3172331,0,250,0.3172331,699.6087,83.03352,48.33246,37.65223,8.099655,0,405.9398,132.03,273.9099,0,680.9361,3769.696,0,0,1.24345e-13,4.263256e-14
naive,2026-01-16 20:15:00,1137,20.25,26.72758,3081.73,702.6959,7.469558,78.10298,0,0,2157.211,2156.894,712.9568,354.0481,1067.005,3,163.5218,5.107141,98.37602,800,0,499.6694,200,0.1,0.2046279,0.3172331,0,250,0.3172331,1443.937,73.40615,56.02901,39.50466,2.362417,4.69683,406.257,271.9296,134.3274,0,626.8622,3456.93,0,0,-7.993606e-15,4.263256e-14
naive,2026-01-16 20:30:00,1138,20.5,26.59065,3053.913,638.9746,0,64.66914,0,0,2137.739,2137.422,1439.065,560.9346,2000,4,612.4941,1.613475,90.34026,795.5522,500,0,324.9685,0.1624843,0.1259371,0.3172331,0,250,0.3172331,698.3562,67.509,55.86072,26.48049,0,0,401.4511,131.146,270.3051,0,692.0806,3789.279,0,0,1.24345e-13,4.263256e-14
naive,2026-01-16 20:45:00,1139,20.75,26.60292,3070.813,562.5166,13.15473,61.58626,0,0,2149.569,2149.252,615.5985,323.8521,939.4506,2,56.55795,1.924369,80.96832,800,0,499.6694,200,0.1,0.2046279,0.3172331,0,250,0.3172331,1533.653,60.49764,56.16013,6.289239,11.23036,1.088623,403.7751,288.0815,115.6936,0,612.1381,3333.801,0,0,-7.993606e-15,4.263256e-14
naive,2026-01-16 21:00:00,1140,21,26.28108,3062.383,533.3334,11.26632,50.14712,0,0,2143.668,2143.351,1350.256,534.5539,1884.81,4,507.9065,0.1582352,76.7456,800,500,0,324.9685,0.1624843,0.1259371,0.3172331,0,250,0.3172331,793.0947,57.54012,56.49862,25.42693,11.10809,0,400.0067,147.9908,252.0159,0,682.5447,3753.458,0,0,1.24345e-13,4.263256e-14
naive,2026-01-16 21:15:00,1141,21.25,25.81211,3072.143,446.9724,3.335781,48.94986,0,0,2150.5,2150.183,562.6059,307.2185,869.8244,2,0,0,69.82435,800,0,435.93,215.9349,0.1079674,0.2046279,0.3172331,0,250,0.3172331,1587.577,52.61287,56.99186,11.75997,2.618295,0,397.4555,293.416,104.0395,0,600.6345,3264.176,0,5.684342e-14,-7.993606e-15,4.263256e-14
naive,2026-01-16 21:30:00,1142,21.5,25.74581,3056.445,360.961,0.02431726,42.20715,0,0,2139.511,2139.194,801.8297,375.4264,1177.256,3,313.1638,0.009337146,64.08305,800,0,63.60351,200,0.1,0.135971,0.3172331,0,250,0.3172331,1337.364,48.32076,57.06158,0,0.01498012,0,394.8924,246.8391,148.0533,0,622.2655,3358.292,0,0,-2.747802e-15,4.263256e-14
naive,2026-01-16 21:45:00,1143,21.75,25.72959,3021.732,298.8322,1.53758,47.49486,0,0,2115.212,2114.895,1201.636,489.4833,1691.12,4,336.0117,0,55.10779,800,500,0,324.9685,0.1624843,0.1259371,0.3172331,0,250,0.3172331,913.2589,41.56027,57.07864,0,1.53758,5.934588,390.279,168.5059,221.7731,0,659.0842,3563.402,0,5.684342e-14,1.24345e-13,4.263256e-14
naive,2026-01-16 22:00:00,1144,22,25.70789,3025.996,258.2035,0,44.89823,0,0,2118.197,2117.88,545.2822,299.5813,844.8635,2,0,0,44.86348,800,0,290.4268,252.3107,0.1261553,0.2046279,0.3172331,0,250,0.3172331,1572.598,33.84218,57.10146,0,0,11.05605,390.6577,290.0332,100.6245,0,591.6535,3189.855,0,-5.684342e-14,-7.993606e-15,4.263256e-14
naive,2026-01-16 22:15:00,1145,22.25,25.52855,3045.813,239.5422,0,46.23227,0,0,2132.069,2131.752,566.5128,305.9132,872.426,2,25.45122,4.840748,42.13399,800,0,209.0837,200,0.1,0.1588763,0.3172331,0,250,0.3172331,1565.239,31.84367,57.29008,5.007233,0,14.3886,391.7906,287.6295,104.1611,0,596.1867,3223.213,0,0,-1.390554e-14,4.263256e-14
naive,2026-01-16 22:30:00,1146,22.5,25.37701,3031.078,197.7097,0,43.35718,0,0,2121.754,2121.437,1087.623,455.3773,1543,4,200.1942,2.735188,40.07086,800,500,0,324.9685,0.1624843,0.1259371,0.3172331,0,250,0.3172331,1033.814,30.33299,57.44947,0,0,13.02419,388.7044,189.3943,199.3101,0,647.1577,3494.736,0,0,1.24345e-13,4.263256e-14
naive,2026-01-16 22:45:00,1147,22.75,25.16648,3039.93,165.387,0,42.01675,0,0,2127.951,2127.634,539.118,296.8638,835.9818,2,0,0,35.98178,800,0,184.6337,278.7589,0.1393795,0.2046279,0.3172331,0,250,0.3172331,1588.516,27.29823,57.67089,0,0,14.71851,388.1927,289.7859,98.40678,0,589.3348,3176.462,0,5.684342e-14,-7.993606e-15,4.263256e-14
naive,2026-01-16 23:00:00,1148,23,24.76858,3020.215,148.3591,3.185477,32.45803,0,1,2114.15,2113.833,533.3036,294.3005,827.6041,2,0,0,27.60412,800,0,169.2709,236.3973,0.1181987,0.1755304,0.3172331,0,250,0.3172331,1580.529,21.03023,58.08938,0,0,11.42779,38.0547,28.44953,9.605174,0,324.8183,1721.15,0,5.684342e-14,-9.298118e-15,4.263256e-14
naive,2026-01-16 23:15:00,1149,23.25,24.46547,3012.351,142.8286,3.975473,28.46452,0,1,2108.646,2108.329,531.2966,293.4158,824.7123,2,0,0,24.71231,800,0,145.1108,200.0824,0.1000412,0.1488559,0.3172331,0,250,0.3172331,1577.032,18.88703,58.40818,12.72254,0,9.577485,37.95563,28.38658,9.569048,0,323.5253,1735.626,0,0,-4.901635e-14,4.263256e-14
naive,2026-01-16 23:30:00,1150,23.5,24.30136,3043.25,115.7409,0.4129576,20.80209,1,1,2130.275,2129.958,637.828,325.8554,963.6834,2,122.0982,8.818691,32.76654,800,0,0.2036368,200,0.1,0.125989,0.3172331,0,250,0.3172331,1492.13,25.08571,58.58078,0,0,0,38.34496,26.85834,11.48662,352.7137,0,639.5241,0,0,0,4.263256e-14
naive,2026-01-16 23:45:00,1151,23.75,23.99671,3037.322,112.6407,5.032069,22.2474,1,1,2126.125,2125.808,1023.101,435.9746,1459.075,3,124.1856,11.84297,23.04666,800,500,0,324.9685,0.1624843,0.1259371,0.3172331,0,250,0.3172331,1102.707,17.70044,58.90119,0,0,4.546958,38.27025,19.84873,18.42152,456.6338,0,847.0038,0,0,1.24345e-13,4.263256e-14
naive,2026-01-17 00:00:00,1152,0,24.01724,3010.388,98.44379,5.164356,19.87059,1,1,2107.272,2106.954,528.707,292.2742,820.9812,2,0,0,20.98117,800,0,132.1592,291.8776,0.1459388,0.2046279,0.3172331,0,250,0.3172331,1578.247,16.11065,58.8796,0,0,3.759943,37.93089,28.40845,9.522436,321.3531,0,576.4666,0,-5.684342e-14,7.727152e-14,4.263256e-14
naive,2026-01-17 00:15:00,1153,0.25,23.58773,3023.775,102.8069,0,22.81313,1,1,2116.642,2116.325,528.9428,292.3781,821.321,2,0,0,21.32095,800,0,104.3745,265.738,0.132869,0.183791,0.3172331,0,250,0.3172331,1587.382,16.44481,59.33134,0,0,6.368314,38.09956,28.57288,9.526681,322.0771,0,577.4064,0,5.684342e-14,-8.73468e-14,4.263256e-14
naive,2026-01-17 00:30:00,1154,0.5,23.30813,3022.277,107.0936,0.2861154,24.6518,1,1,2115.594,2115.277,525.9781,291.0711,817.0492,2,0,0,17.04924,800,0,102.8522,239.9831,0.1199916,0.1673313,0.3172331,0,250,0.3172331,1589.299,13.18818,59.62541,4.84641,0,11.46361,38.08069,28.60738,9.473316,321.6946,0,584.6706,0,0,-6.04794e-14,4.263256e-14
naive,2026-01-17 00:45:00,1155,0.75,23.23401,3007.032,117.6333,1.123431,24.66528,1,1,2104.923,2104.605,525.6088,290.9083,816.5171,2,0,0,16.51713,800,0,114.8164,211.2412,0.1056206,0.1511139,0.3172331,0,250,0.3172331,1578.996,12.78637,59.70335,6.696369,0,11.87891,37.88861,28.42194,9.466669,321.4164,0,587.2177,0,0,2.009504e-14,4.263256e-14
naive,2026-01-17 01:00:00,1156,1,22.93923,3023.607,136.3775,0,21.18796,1,1,2116.525,2116.207,578.7314,306.4565,885.1879,2,66.16447,1.550864,17.47261,800,0,44.83198,200,0.1,0.1330155,0.3172331,0,250,0.3172331,1537.476,13.56724,60.01339,25.3811,0,7.620715,38.09744,27.67457,10.42288,335.4618,0,647.191,0,0,-7.494005e-16,4.263256e-14
naive,2026-01-17 01:15:00,1157,1.25,22.58317,2951.374,116.7271,0,21.562,1,1,2065.962,2065.645,998.3366,427.4896,1425.826,3,103.7405,4.370318,17.71539,800,500,0,324.9685,0.1624843,0.1259371,0.3172331,0,250,0.3172331,1067.308,13.80622,60.38787,12.98657,0,7.755785,37.18732,19.21155,17.97577,448.0463,0,850.558,0,5.684342e-14,1.24345e-13,4.263256e-14
naive,2026-01-17 01:30:00,1158,1.5,22.20649,2975.95,97.66568,0,19.47191,1,1,2083.165,2082.848,524.8954,290.5938,815.4892,2,0,0,15.48916,800,0,91.8536,301.954,0.150977,0.2046279,0.3172331,0,250,0.3172331,1557.953,12.11792,60.78405,8.710367,0,7.353993,37.49697,28.04315,9.453827,319.9033,0,586.4499,0,0,-2.220446e-14,4.263256e-14
naive,2026-01-17 01:45:00,1159,1.75,21.92214,3026.976,99.26967,0,17.06161,1,1,2118.883,2118.566,524.5315,290.4334,814.9649,2,0,0,14.96494,800,0,90.85711,279.1921,0.1395961,0.190136,0.3172331,0,250,0.3172331,1594.034,11.74183,61.08311,9.929378,0,5.319775,38.13989,28.69262,9.447278,320.0372,0,588.484,0,0,-7.044365e-14,4.263256e-14
naive,2026-01-17 02:00:00,1160,2,21.9383,3029.657,99.3447,0,17.08813,1,1,2120.76,2120.443,522.1336,289.3763,811.5099,2,0,0,11.50992,800,0,88.25803,257.0837,0.1285418,0.1758032,0.3172331,0,250,0.3172331,1598.309,9.029456,61.06612,12.34728,0,8.058673,38.17368,28.76957,9.404115,319.5265,0,591.6527,0,0,-4.896084e-14,4.263256e-14
naive,2026-01-17 02:15:00,1161,2.25,21.81742,2982.654,99.61974,0,20.24121,1,1,2087.858,2087.541,524.4407,290.3934,814.8341,2,0,0,14.83407,800,0,81.69881,236.6185,0.1183093,0.1618818,0.3172331,0,250,0.3172331,1563.1,11.65158,61.19325,19.0938,0,8.58963,37.58144,28.1358,9.445643,319.9975,0,604.0893,0,0,2.572942e-14,4.263256e-14
naive,2026-01-17 02:30:00,1162,2.5,21.7196,3022.666,111.3043,0,19.72776,1,1,2115.867,2115.549,523.4697,289.9653,813.435,2,0,0,13.43503,800,0,87.85392,214.6178,0.1073089,0.1489952,0.3172331,0,250,0.3172331,1592.08,10.5632,61.29613,24.84613,0,9.164555,38.0856,28.65743,9.428165,320.1864,0,614.2743,0,-5.684342e-14,-2.162159e-14,4.263256e-14
naive,2026-01-17 02:45:00,1163,2.75,21.49671,3082.791,110.7834,2.320132,18.35146,1,1,2157.954,2157.637,558.3167,299.9821,858.2988,2,44.93486,1.613662,11.7503,800,0,58.33602,200,0.1,0.1351417,0.3172331,0,250,0.3172331,1599.32,9.259548,61.53055,7.512473,0.7064705,9.09191,38.84317,28.78776,10.05541,330.3147,0,605.5853,0,5.684342e-14,1.054712e-15,4.263256e-14
naive,2026-01-17 03:00:00,1164,3,21.46338,3085.611,121.857,1.329119,15.83474,1,1,2159.928,2159.61,997.725,426.5759,1424.301,3,109.1547,2.49964,12.64655,800,500,0,324.9685,0.1624843,0.1259371,0.3172331,0,250,0.3172331,1161.885,9.969185,61.56561,12.70229,0,5.865556,38.8787,20.91394,17.96476,448.4858,0,849.6218,0,-1.136868e-13,1.24345e-13,4.263256e-14
naive,2026-01-17 03:15:00,1165,3.25,21.34442,3049.821,120.3205,0,10.77031,1,1,2134.874,2134.557,525.9119,291.0419,816.9538,2,0,0,16.95381,800,0,114.5803,296.2723,0.1481361,0.2046279,0.3172331,0,250,0.3172331,1608.645,13.3807,61.69072,8.029156,0,0,38.42774,28.95562,9.472124,319.9975,0,584.4433,0,5.684342e-14,2.04281e-14,4.263256e-14
naive,2026-01-17 03:30:00,1166,3.5,21.10411,3031.388,120.4744,0,11.13575,1,1,2121.972,2121.655,528.1726,292.0386,820.2112,2,0,0,20.21122,800,0,128.5702,264.0831,0.1320416,0.1865583,0.3172331,0,250,0.3172331,1593.482,15.99045,61.94347,0,0,0,38.19549,28.68268,9.512818,320.7213,0,571.7561,0,0,-9.353629e-15,4.263256e-14
naive,2026-01-17 03:45:00,1167,3.75,20.93952,3030.591,115.8568,0,12.17596,1,1,2121.414,2121.097,528.6048,292.2291,820.8339,2,0,0,20.83389,800,0,134.2504,230.4789,0.1152395,0.1662893,0.3172331,0,250,0.3172331,1592.492,16.51052,62.11657,0,0,0,38.18545,28.66485,9.520596,320.894,0,571.9068,0,-5.684342e-14,-6.827872e-14,4.263256e-14
naive,2026-01-17 04:00:00,1168,4,20.87438,3038.701,142.3727,2.367407,15.19114,1,1,2127.091,2126.773,542.2243,296.4047,838.629,2,15.37111,3.912564,19.34533,800,0,121.7706,200,0.1,0.1451292,0.3172331,0,250,0.3172331,1584.549,15.34095,62.18509,5.231053,0,0,38.28763,28.52188,9.765748,324.9266,0,588.9185,0,0,5.689893e-15,4.263256e-14
naive,2026-01-17 04:15:00,1169,4.25,20.94854,3069.833,163.91,5.181186,11.93874,1,1,2148.883,2148.566,1032.106,437.1103,1469.216,3,148.0119,4.605682,16.59871,800,500,0,324.9685,0.1624843,0.1259371,0.3172331,0,250,0.3172331,1116.46,13.15301,62.10709,15.89812,0.575504,0,38.67989,20.09627,18.58362,457.2066,0,872.9597,0,0,1.24345e-13,4.263256e-14
naive,2026-01-17 04:30:00,1170,4.5,20.87482,3081.653,211.5917,0,9.104085,1,1,2157.157,2156.84,522.1637,289.3895,811.5532,2,0,0,11.55325,800,0,173.34,281.5824,0.1407912,0.2046279,0.3172331,0,250,0.3172331,1634.676,9.161743,62.18462,43.67431,0,0,38.82883,29.42417,9.404657,318.8137,0,643.0079,0,5.684342e-14,-6.483702e-14,4.263256e-14
naive,2026-01-17 04:45:00,1171,4.75,20.88828,3025.857,257.3569,0,4.589615,1,1,2118.1,2117.783,526.8256,291.4447,818.2704,2,0,0,18.27035,800,0,209.883,229.0673,0.1145336,0.1773083,0.3172331,0,250,0.3172331,1590.957,14.48645,62.17047,50.83991,0,0,38.1258,28.63723,9.488571,320.082,0,657.921,0,-5.684342e-14,2.228773e-14,4.263256e-14
naive,2026-01-17 05:00:00,1172,5,21.11303,3029.141,297.9889,0,9.766189,1,1,2120.398,2120.081,643.9165,325.2016,969.1181,2,150.1572,1.203775,17.75708,800,0,116.1249,200,0.1,0.1442403,0.3172331,0,250,0.3172331,1476.165,14.04755,61.93409,31.70686,0,0,38.16717,26.57097,11.59621,351.7726,0,688.5636,0,0,-6.106227e-16,4.263256e-14
naive,2026-01-17 05:15:00,1173,5.25,20.98233,3037.373,365.2502,0.7163019,6.519455,1,1,2126.161,2125.844,1190.626,482.6991,1673.325,4,352.2366,1.665418,19.42265,800,500,0,324.9685,0.1624843,0.1259371,0.3172331,0,250,0.3172331,935.2181,15.38549,62.07155,13.01364,0,0,38.2709,16.83393,21.43697,499.5331,0,951.6842,0,0,1.24345e-13,4.263256e-14
naive,2026-01-17 05:30:00,1174,5.5,20.81079,3093.518,437.4403,2.407314,14.07099,1,1,2165.463,2165.145,525.7731,290.9808,816.7539,2,0,0,16.75387,800,0,431.0523,217.1543,0.1085771,0.2046279,0.3172331,0,250,0.3172331,1639.372,13.29442,62.25197,6.579351,2.21595,0.7765659,38.97833,29.5087,9.469626,320.6197,0,586.3779,0,-5.684342e-14,4.884981e-14,4.263256e-14
naive,2026-01-17 05:45:00,1175,5.75,20.94582,3082.752,516.0214,8.664299,11.5552,1,1,2157.926,2157.609,889.4295,395.9998,1285.429,3,464.8539,0.04331546,20.53197,800,0,68.48043,200,0.1,0.1367389,0.3172331,0,250,0.3172331,1268.18,16.27022,62.10995,0,8.620983,0,38.84268,22.82724,16.01544,418.827,0,782.6515,0,0,6.938894e-16,4.263256e-14
naive,2026-01-17 06:00:00,1176,6,21.02307,3057.208,578.2438,13.16972,10.97059,1,1,2140.046,2139.729,1381.582,537.5327,1919.115,4,598.9542,1.271105,18.8892,800,500,0,324.9685,0.1624843,0.1259371,0.3172331,0,250,0.3172331,758.1468,14.95676,62.0287,0,11.89862,0,38.52083,13.64664,24.87418,551.1794,0,1053.102,0,0,1.24345e-13,4.263256e-14
naive,2026-01-17 06:15:00,1177,6.25,21.04464,3064.993,661.3482,12.74599,11.6247,1,1,2145.495,2145.178,657.8517,328.9238,986.7755,2,170.5101,1.722308,14.54309,800,0,499.6694,200,0.1,0.2046279,0.3172331,0,250,0.3172331,1487.326,11.51293,62.00602,0,11.02368,0.1117704,38.61891,26.77187,11.84704,355.7145,0,660.688,0,-1.136868e-13,-7.993606e-15,4.263256e-14
naive,2026-01-17 06:30:00,1178,6.5,21.12825,3087.51,725.5657,9.815881,15.29586,1,1,2161.257,2160.94,1450.308,549.6924,2000,4,727.4388,2.453299,8.67537,761.4326,500,0,324.9685,0.1624843,0.1259371,0.3172331,0,250,0.3172331,710.6323,6.861992,58.93305,0,7.362582,8.433871,38.90263,12.79138,26.11125,563.907,0,1074.215,0,0,1.24345e-13,4.263256e-14
naive,2026-01-17 06:45:00,1179,6.75,21.14872,3058.334,749.3635,0.6974256,23.60641,1,1,2140.834,2140.516,722.2483,347.3275,1069.576,3,254.4506,2.378217,12.74693,800,0,499.6694,200,0.1,0.2046279,0.3172331,0,250,0.3172331,1418.268,10.08041,61.89655,0,0,13.526,38.535,25.52882,13.00618,375.1397,0,680.6458,0,0,-7.993606e-15,4.263256e-14
naive,2026-01-17 07:00:00,1180,7,21.29401,3107.353,773.1839,7.549472,20.32649,1,1,2175.147,2174.83,1457.53,542.4702,2000,4,777.3994,0.3567113,21.12502,701.1188,500,0,324.9685,0.1624843,0.1259371,0.3172331,0,250,0.3172331,717.3001,16.68132,54.11213,0,7.192761,3.645167,39.15265,12.9114,26.24125,555.9986,0,1063.529,0,-1.136868e-13,1.24345e-13,4.263256e-14
naive,2026-01-17 07:15:00,1181,7.25,21.34146,3120.707,767.741,5.833147,18.41249,1,1,2184.495,2184.178,732.999,351.6932,1084.692,3,257.592,2.286835,24.81346,800,0,499.6694,200,0.1,0.2046279,0.3172331,0,250,0.3172331,1451.179,19.58448,61.69384,10.4796,3.546312,0,39.32091,26.12122,13.19969,377.8145,0,710.418,0,-2.273737e-13,-7.993606e-15,4.263256e-14
naive,2026-01-17 07:30:00,1182,7.5,21.55072,3157.408,713.2929,8.796222,29.2098,1,1,2210.186,2209.869,1451.249,548.7507,2000,4,729.3401,0.3946486,24.1127,746.1525,500,0,324.9685,0.1624843,0.1259371,0.3172331,0,250,0.3172331,758.6193,18.99103,57.33599,0,8.401574,10.21877,39.78335,13.65515,26.1282,564.1439,0,1078.278,0,-1.136868e-13,1.24345e-13,4.263256e-14
naive,2026-01-17 07:45:00,1183,7.75,21.51529,3186.903,642.3848,4.145446,37.144,1,1,2230.832,2230.515,684.2195,338.091,1022.311,3,191.1644,0.4177392,30.72834,800,0,499.6694,200,0.1,0.2046279,0.3172331,0,250,0.3172331,1546.296,24.21017,61.51101,0,3.727706,12.93383,40.15498,27.83332,12.32166,368.1227,0,673.4758,0,0,-7.993606e-15,4.263256e-14
naive,2026-01-17 08:00:00,1184,8,21.5407,3210.393,579.2872,191.5113,43.38995,1,1,2247.275,2246.958,1454.311,545.6891,2000,4,612.8427,356.475,31.44179,499.2405,500,0,324.9685,0.1624843,0.1259371,0.3172331,0,250,0.3172331,792.6469,24.76589,38.36931,0,0,18.62406,40.45095,14.26764,26.18331,563.1239,0,1083.082,0,0,1.24345e-13,4.263256e-14
naive,2026-01-17 08:15:00,1185,8.25,21.70094,3253.326,512.3683,199.2714,39.15191,1,1,2277.328,2277.011,809.8837,413.4456,1223.329,3,23.41171,367.4676,32.45004,800,0,499.6694,200,0.1,0.2046279,0.3172331,0,250,0.3172331,1467.127,25.51847,61.31576,0,0,13.63344,40.99191,26.40829,14.58362,442.1793,0,815.3784,0,0,-7.993606e-15,4.263256e-14
naive,2026-01-17 08:30:00,1186,8.5,21.79603,3297.658,434.3091,199.7502,48.46034,1,1,2308.361,2308.044,1431.892,568.1079,2000,4,436.6604,371.817,38.97555,652.5471,500,0,324.9685,0.1624843,0.1259371,0.3172331,0,250,0.3172331,876.1514,30.62043,49.93269,0,0,17.83991,41.55049,15.77073,25.77977,586.9269,0,1117.68,0,0,1.24345e-13,4.263256e-14
naive,2026-01-17 08:45:00,1187,8.75,22.05417,3287.679,331.769,196.6766,47.33312,1,1,2301.376,2301.058,700.5877,368.0476,1068.635,3,0,228.3411,40.2942,800,0,499.6694,200,0.1,0.2046279,0.3172331,0,250,0.3172331,1600.471,31.57319,60.94425,0,0,15.75992,41.42476,28.80847,12.61629,399.5621,0,730.5619,0,-5.684342e-14,-7.993606e-15,4.263256e-14
naive,2026-01-17 09:00:00,1188,9,22.22495,3291.423,256.2763,201.1539,55.00873,1,1,2303.996,2303.679,1410.815,589.1853,2000,4,271.3962,382.3139,49.00226,797.2876,500,0,324.9685,0.1624843,0.1259371,0.3172331,0,250,0.3172331,892.864,38.32959,60.55861,0,0,16.67914,41.47193,16.07155,25.40037,608.13,0,1148.132,0,0,1.24345e-13,4.263256e-14
naive,2026-01-17 09:15:00,1189,9.25,22.33996,3324.566,217.8337,200.3257,50.67617,1,1,2327.196,2326.879,618.7559,331.9722,950.7281,2,0,95.10211,55.62599,800,0,499.6694,200,0.1,0.2046279,0.3172331,0,250,0.3172331,1708.123,43.45949,60.64368,4.920295,0,7.216681,41.88953,30.74621,11.14332,363.9642,0,668.1918,0,5.684342e-14,-7.993606e-15,4.263256e-14
naive,2026-01-17 09:30:00,1190,9.5,22.56216,3333.872,164.8336,193.0444,53.22374,1,1,2333.711,2333.393,1350.376,574.5521,1924.928,4,172.1141,392.0952,60.71847,800,500,0,324.9685,0.1624843,0.1259371,0.3172331,0,250,0.3172331,983.0176,47.33022,60.40997,0,0,5.893522,42.00679,17.69432,24.31247,593.2681,0,1118.575,0,0,1.24345e-13,4.263256e-14
naive,2026-01-17 09:45:00,1191,9.75,22.69558,3327.07,154.7144,200.4176,50.93322,1,1,2328.949,2328.632,585.3619,317.2504,902.6123,2,0,37.72813,64.88416,800,0,499.6694,200,0.1,0.2046279,0.3172331,0,250,0.3172331,1743.27,50.50813,60.26965,12.68361,0,0.4250901,41.92108,31.37886,10.54222,348.7031,0,651.4822,0,-5.684342e-14,-7.993606e-15,4.263256e-14
naive,2026-01-17 10:00:00,1192,10,22.70283,3341.697,148.2338,195.949,56.77529,1,1,2339.188,2338.871,1323.616,568.2245,1891.84,4,126.1363,393.2594,72.44464,800,500,0,324.9685,0.1624843,0.1259371,0.3172331,0,250,0.3172331,1015.255,56.38927,60.26202,22.09747,0,0.3860183,42.10538,18.27458,23.8308,586.5662,0,1143.456,0,0,1.24345e-13,4.263256e-14
naive,2026-01-17 10:15:00,1193,10.25,22.77369,3334.208,117.2296,196.4398,68.55213,1,1,2333.946,2333.628,578.4408,314.1992,892.64,2,0,12.40196,80.23803,800,0,499.6694,200,0.1,0.2046279,0.3172331,0,250,0.3172331,1755.188,62.40998,60.1875,1.415713,0,6.142152,42.01102,31.59338,10.41764,346.8618,0,628.4547,0,5.684342e-14,-7.993606e-15,4.263256e-14
naive,2026-01-17 10:30:00,1194,10.5,22.89504,3339.859,111.3037,207.3617,76.04289,1,1,2337.901,2337.584,1340.888,576.3931,1917.281,4,121.4773,400.9362,94.86745,800,500,0,324.9685,0.1624843,0.1259371,0.3172331,0,250,0.3172331,996.6958,73.69679,60.05986,0,0,2.346096,42.08222,17.94052,24.14169,594.7429,0,1121.918,0,0,1.24345e-13,4.263256e-14
naive,2026-01-17 10:45:00,1195,10.75,23.06491,3277.81,114.3951,214.0045,84.66565,1,1,2294.467,2294.15,596.7519,322.2717,919.0236,2,0,9.952269,109.0714,800,0,499.6694,200,0.1,0.2046279,0.3172331,0,250,0.3172331,1697.398,84.58275,59.88121,8.933133,0,0.08290053,41.3004,30.55316,10.74725,352.8394,0,653.722,0,-5.684342e-14,-7.993606e-15,4.263256e-14
naive,2026-01-17 11:00:00,1196,11,23.31236,3315.918,114.0052,211.033,95.19741,1,1,2321.142,2320.825,1341.818,579.7282,1921.546,4,96.88885,406.6356,118.0219,800,500,0,324.9685,0.1624843,0.1259371,0.3172331,0,250,0.3172331,979.0069,91.29003,59.62095,17.11638,0,3.907378,41.78056,17.62213,24.15844,598.0375,0,1158.527,0,1.136868e-13,1.24345e-13,4.263256e-14
naive,2026-01-17 11:15:00,1197,11.25,23.66725,3389.623,101.2761,206.8374,105.7556,1,1,2372.736,2372.419,615.222,330.4142,945.6362,2,0,16.19479,129.4414,800,0,499.6694,200,0.1,0.2046279,0.3172331,0,250,0.3172331,1757.197,99.75559,59.2477,0,0,6.000013,42.70925,31.62955,11.07971,363.1063,0,659.559,0,0,-7.993606e-15,4.263256e-14
naive,2026-01-17 11:30:00,1198,11.5,23.97459,3424.534,96.16585,206.8003,109.9026,1,1,2397.173,2396.856,1367.425,590.1266,1957.552,4,104.3746,411.0498,142.1275,800,500,0,324.9685,0.1624843,0.1259371,0.3172331,0,250,0.3172331,1029.431,109.1828,58.92445,0,0,0.7197429,43.14912,18.52976,24.61937,608.7846,0,1151.279,0,0,1.24345e-13,4.263256e-14
naive,2026-01-17 11:45:00,1199,11.75,24.44057,3453.707,94.41537,211.6002,118.159,1,1,2417.595,2417.278,629.3608,336.6473,966.0081,2,0,11.50995,154.4982,800,0,499.6694,200,0.1,0.2046279,0.3172331,0,250,0.3172331,1787.917,118.1101,58.43437,0,0,0.04898243,43.51671,32.18251,11.3342,368.8386,0,671.9386,0,0,-7.993606e-15,4.263256e-14
naive,2026-01-17 12:00:00,1200,12,24.83641,3466.701,116.6188,206.9349,128.368,1,1,2426.691,2426.373,1398.356,601.6437,2000,4,121.3728,415.3557,164.5788,798.6927,500,0,324.9685,0.1624843,0.1259371,0.3172331,0,250,0.3172331,1028.017,125.2953,57.92323,0,0,3.072709,43.68043,18.50431,25.17612,620.7048,0,1176.246,0,-2.273737e-13,1.24345e-13,4.263256e-14
naive,2026-01-17 12:15:00,1201,12.25,25.03764,3456.144,119.179,210.1021,136.0093,1,1,2419.301,2418.984,644.4128,343.283,987.6958,2,0,9.489031,178.2068,800,0,499.6694,200,0.1,0.2046279,0.3172331,0,250,0.3172331,1774.571,135.3835,57.8064,29.21201,0,0.6258321,440.2043,322.8923,117.312,666.2892,0,1317.937,0,5.684342e-14,-7.993606e-15,4.263256e-14
naive,2026-01-17 12:30:00,1202,12.5,25.47554,3478.618,128.0522,199.5594,153.014,1,1,2435.032,2434.715,1393.398,603.6735,1997.071,4,86.74659,421.7041,188.6206,800,500,0,324.9685,0.1624843,0.1259371,0.3172331,0,250,0.3172331,1041.317,142.6341,57.34584,41.30559,0,10.3799,446.9843,191.1484,255.8359,796.7273,0,1600.193,0,0,1.24345e-13,4.263256e-14
naive,2026-01-17 12:45:00,1203,12.75,25.84531,3486.87,121.6425,206.8817,166.3679,1,1,2440.809,2440.492,651.961,346.6106,998.5715,2,0,3.512802,195.0587,800,0,499.6694,200,0.1,0.2046279,0.3172331,0,250,0.3172331,1788.531,146.9256,56.95694,35.98668,0,19.44231,451.4151,330.7796,120.6355,680.9859,0,1359.972,0,0,-7.993606e-15,4.263256e-14
naive,2026-01-17 13:00:00,1204,13,25.99559,3489.275,121.3396,200.5685,175.2095,1,1,2442.493,2442.175,1395.542,604.4582,2000,4,85.22138,414.6016,204.7978,795.3792,500,0,324.9685,0.1624843,0.1259371,0.3172331,0,250,0.3172331,1046.634,154.0152,56.47081,36.11827,0,21.19432,453.1119,194.1632,258.9487,802.5532,0,1603.881,0,2.273737e-13,1.24345e-13,4.263256e-14
naive,2026-01-17 13:15:00,1205,13.25,26.24057,3500.11,125.6663,197.6182,186.6988,1,1,2450.077,2449.76,667.2289,353.3414,1020.57,3,0,0,220.5703,800,0,487.6743,202.9988,0.1014994,0.2046279,0.3172331,0,250,0.3172331,1782.531,165.4443,56.54122,51.08283,0,21.25452,456.8025,332.3425,124.4601,689.6467,0,1403.802,0,0,-7.993606e-15,4.263256e-14
naive,2026-01-17 13:30:00,1206,13.5,26.58023,3489.023,114.3361,203.9646,197.1289,1,1,2442.316,2441.999,1012.335,497.5808,1509.916,4,66.41155,412.8038,230.7003,800,0,11.86728,200,0.1,0.1278254,0.3172331,0,250,0.3172331,1429.664,172.4157,56.18399,36.05729,0,24.71321,458.5497,268.4223,190.1275,770.643,0,1540.278,0,-1.705303e-13,-3.330669e-16,4.263256e-14
naive,2026-01-17 13:45:00,1207,13.75,26.79953,3495.981,98.77546,207.433,202.4827,1,1,2447.186,2446.869,1397.293,602.7071,2000,4,87.32693,406.7044,241.3039,764.6648,500,0,324.9685,0.1624843,0.1259371,0.3172331,0,250,0.3172331,1049.576,179.9171,53.48193,11.44853,0,22.56561,461.5547,197.9567,263.598,804.9198,0,1569.421,0,0,1.24345e-13,4.263256e-14
naive,2026-01-17 14:00:00,1208,14,27.11086,3512.72,103.8637,205.1774,215.5784,1,1,2458.904,2458.587,692.7562,364.5951,1057.351,3,0,1.274676,256.0766,800,0,499.6694,200,0.1,0.2046279,0.3172331,0,250,0.3172331,1765.831,190.2938,55.62589,10.65402,0,25.2846,466.7796,335.2118,131.5678,704.6067,0,1365.013,0,0,-7.993606e-15,4.263256e-14
naive,2026-01-17 14:15:00,1209,14.25,27.33053,3532.807,96.8053,201.1417,223.3798,1,1,2472.965,2472.648,1398.343,601.6572,2000,4,81.71027,412.821,270.2784,735.1903,500,0,324.9685,0.1624843,0.1259371,0.3172331,0,250,0.3172331,1074.305,200.3724,50.9072,15.09503,0,23.0074,471.6122,204.8777,266.7345,810.9225,0,1590.613,0,0,1.24345e-13,4.263256e-14
naive,2026-01-17 14:30:00,1210,14.5,27.57976,3526.639,90.66732,209.68,233.0598,1,1,2468.647,2468.33,705.1392,370.0541,1075.193,3,0,0,275.1933,800,0,495.7051,200.9911,0.1004955,0.2046279,0.3172331,0,250,0.3172331,1763.191,203.4675,55.13273,5.722408,0,29.59232,473.2631,338.0204,135.2427,713.7477,0,1375.342,0,-1.136868e-13,-7.993606e-15,4.263256e-14
naive,2026-01-17 14:45:00,1211,14.75,27.68437,3535.531,84.64353,198.3896,232.5848,1,1,2474.871,2474.554,1061.313,516.8493,1578.162,4,85.94197,409.6876,282.5326,800,0,3.837801,200,0.1,0.1265611,0.3172331,0,250,0.3172331,1413.241,208.6574,55.02271,0,0,23.92747,475.5053,271.5308,203.9745,792.9774,0,1524.054,0,1.136868e-13,2.220446e-16,4.263256e-14
naive,2026-01-17 15:00:00,1212,15,27.86916,3525.018,73.75398,199.2723,245.2749,1,1,2467.512,2467.195,1403.174,596.8256,2000,4,111.1411,404.392,296.0448,688.4221,500,0,324.9685,0.1624843,0.1259371,0.3172331,0,250,0.3172331,1064.021,218.1989,47.18132,0,0,27.07601,475.9501,205.2354,270.7148,807.2836,0,1561.488,0,1.136868e-13,1.24345e-13,4.263256e-14
naive,2026-01-17 15:15:00,1213,15.25,27.94492,3455.549,90.0022,198.2082,245.8012,1,1,2418.884,2418.567,738.3849,384.7105,1123.095,3,0,26.07654,297.0188,800,0,499.6694,200,0.1,0.2046279,0.3172331,0,250,0.3172331,1680.182,218.7367,54.74868,0,0,27.06445,467.3216,324.6065,142.7152,714.5457,0,1367.499,0,0,-7.993606e-15,4.263256e-14
naive,2026-01-17 15:30:00,1214,15.5,28.14428,3404.822,90.67747,198.9137,245.4107,1,1,2383.376,2383.058,1407.256,592.7443,2000,4,140.2683,400.6597,303.2972,655.7748,500,0,324.9685,0.1624843,0.1259371,0.3172331,0,250,0.3172331,975.8027,222.8766,44.70663,0,0,22.53405,462.4207,189.3245,273.0962,786.4408,0,1522.587,0,0,1.24345e-13,4.263256e-14
naive,2026-01-17 15:45:00,1215,15.75,28.02208,3402.278,99.01415,194.9988,242.4607,1,1,2381.595,2381.278,746.7193,388.3847,1135.104,3,0,36.13113,298.9728,800,0,499.6694,200,0.1,0.2046279,0.3172331,0,250,0.3172331,1634.558,219.9912,54.66753,0,0,22.46954,460.8732,316.3108,144.5624,709.0436,0,1356.586,0,0,-7.993606e-15,4.263256e-14
naive,2026-01-17 16:00:00,1216,16,28.15299,3375.07,118.9996,194.4265,231.4923,1,1,2362.549,2362.232,1408.442,591.5582,2000,4,153.7608,395.6799,296.1878,654.3715,500,0,324.9685,0.1624843,0.1259371,0.3172331,0,250,0.3172331,953.79,217.6317,44.60347,0,0,13.86062,458.465,185.088,273.3771,779.3359,0,1508.493,0,0,1.24345e-13,4.263256e-14
naive,2026-01-17 16:15:00,1217,16.25,28.38853,3389.91,130.3105,193.0561,219.837,1,1,2372.937,2372.62,759.1424,393.8614,1153.004,3,0,61.05561,291.9481,800,0,499.6694,200,0.1,0.2046279,0.3172331,0,250,0.3172331,1613.478,213.9664,54.28212,0,0,5.870597,462.8079,314.686,148.1219,709.6924,0,1358.317,0,0,-7.993606e-15,4.263256e-14
naive,2026-01-17 16:30:00,1218,16.5,28.52046,3353.186,174.784,187.9952,213.9072,1,1,2347.23,2346.913,1413.487,586.5133,2000,4,196.0319,389.9487,289.9266,624.0928,500,0,324.9685,0.1624843,0.1259371,0.3172331,0,250,0.3172331,933.4265,212.1788,42.23809,0,0,1.728412,459.0936,182.5684,276.5252,769.4198,0,1491.322,0,2.273737e-13,1.24345e-13,4.263256e-14
naive,2026-01-17 16:45:00,1219,16.75,28.55819,3341.604,225.722,188.0234,214.5429,1,1,2339.123,2338.806,787.91,406.5435,1194.454,3,0,113.4944,280.9591,800,0,499.6694,200,0.1,0.2046279,0.3172331,0,250,0.3172331,1550.896,205.5313,54.10368,2.082183,0,9.011566,457.8795,303.5853,154.2942,711.8929,0,1366.511,0,0,-7.993606e-15,4.263256e-14
naive,2026-01-17 17:00:00,1220,17,28.65482,3325.284,251.1752,188.2534,206.9751,1,1,2327.699,2327.382,1421.456,578.5441,2000,4,264.5299,385.7072,270.7288,579.0341,500,0,324.9685,0.1624843,0.1259371,0.3172331,0,250,0.3172331,905.9259,197.8382,39.08628,0,0,9.136873,456.5933,177.7033,278.89,758.0396,0,1472.107,0,2.273737e-13,1.24345e-13,4.263256e-14
naive,2026-01-17 17:15:00,1221,17.25,28.5557,3303.817,298.8914,187.5491,188.5434,1,1,2312.672,2312.355,829.464,424.8626,1254.327,3,0,199.1096,255.217,800,0,499.6694,200,0.1,0.2046279,0.3172331,0,250,0.3172331,1482.891,186.7052,54.1063,0,0,1.838268,452.6775,290.2579,162.4196,715.4803,0,1370.091,0,-1.705303e-13,-7.993606e-15,4.263256e-14
naive,2026-01-17 17:30:00,1222,17.5,28.44528,3286.597,354.905,190.6654,177.5921,1,1,2300.618,2300.301,1433.759,566.2409,2000,4,374.3121,372.8314,236.9035,515.953,500,0,324.9685,0.1624843,0.1259371,0.3172331,0,250,0.3172331,866.5418,173.5171,34.97028,0,0,4.075,449.2501,169.2128,280.0373,736.2494,0,1433.157,0,1.136868e-13,1.24345e-13,4.263256e-14
naive,2026-01-17 17:45:00,1223,17.75,28.38309,3282.383,414.8808,184.0844,167.9651,1,1,2297.668,2297.351,879.9353,447.1128,1327.048,3,0,304.3841,222.6641,800,0,499.6694,200,0.1,0.2046279,0.3172331,0,250,0.3172331,1417.416,163.1984,54.28784,0,0,4.766731,448.0754,276.4146,171.6608,724.457,0,1387.84,0,0,-7.993606e-15,4.263256e-14
naive,2026-01-17 18:00:00,1224,18,28.3342,3278.108,481.4369,1.542074,167.2067,1,1,2294.676,2294.359,1431.747,568.2533,2000,4,508.7311,7.594699,212.4261,771.2482,500,0,324.9685,0.1624843,0.1259371,0.3172331,0,250,0.3172331,862.6119,155.7776,52.38632,0,0,11.42908,447.023,168.0444,278.9787,738.5242,0,1418.114,0,2.273737e-13,1.24345e-13,4.263256e-14
naive,2026-01-17 18:15:00,1225,18.25,28.41564,3256.27,549.4859,0.5846685,158.5175,1,1,2279.389,2279.072,694.2594,359.3512,1053.611,3,49.65194,4.325466,199.6332,800,0,499.6694,200,0.1,0.2046279,0.3172331,0,250,0.3172331,1584.812,146.2662,54.2536,0.1644915,0,12.25127,444.8213,309.2751,135.5462,671.0172,0,1281.283,0,-1.136868e-13,-7.993606e-15,4.263256e-14
naive,2026-01-17 18:30:00,1226,18.5,28.23878,3251.989,597.5705,0,153.9713,1,1,2276.393,2276.075,1442.192,557.8081,2000,4,599.8694,0.4757696,185.2816,714.3733,500,0,324.9685,0.1624843,0.1259371,0.3172331,0,250,0.3172331,833.8834,136.0133,48.61276,0,0,17.95802,442.5564,162.1163,280.4401,723.4156,0,1392.142,0,0,1.24345e-13,4.263256e-14
naive,2026-01-17 18:45:00,1227,18.75,28.29564,3253.893,659.3833,7.077002,141.3729,1,1,2277.725,2277.408,752.5429,373.5565,1126.099,3,146.2309,7.633155,172.2355,800,0,499.6694,200,0.1,0.2046279,0.3172331,0,250,0.3172331,1524.865,126.3579,54.37982,13.48298,0,15.01494,443.3545,296.8118,146.5427,673.291,0,1308.663,0,0,-7.993606e-15,4.263256e-14
naive,2026-01-17 19:00:00,1228,19,28.00188,3234.726,669.5365,8.166914,127.9752,1,0,2264.309,2263.991,1452.97,547.0303,2000,4,687.3514,8.128837,159.3742,645.1456,500,0,324.9685,0.1624843,0.1259371,0.3172331,0,250,0.3172331,811.0216,117.297,44.10278,0,0.03807657,10.6782,437.9882,156.877,281.1112,705.9728,0,1362.396,0,0,1.24345e-13,4.263256e-14
naive,2026-01-17 19:15:00,1229,19.25,27.79962,3204.566,686.3612,0,117.0727,1,0,2243.197,2242.879,798.7287,384.3882,1183.117,3,226.3365,8.133167,148.6471,800,0,499.6694,200,0.1,0.2046279,0.3172331,0,250,0.3172331,1444.151,109.6426,54.90149,0,0,7.430096,432.0452,278.147,153.8982,663.9662,0,1266.168,0,-5.684342e-14,-7.993606e-15,4.263256e-14
naive,2026-01-17 19:30:00,1230,19.5,27.68306,3177.781,716.6588,0.9348128,105.5939,0,0,2224.447,2224.13,1457.631,542.3689,2000,4,733.9441,3.466222,133.3074,629.2823,500,0,324.9685,0.1624843,0.1259371,0.3172331,0,250,0.3172331,766.4985,98.45224,43.28211,0,0,7.141677,427.3785,147.2658,280.1127,0,691.0068,3751.845,0,0,1.24345e-13,4.263256e-14
naive,2026-01-17 19:45:00,1231,19.75,27.70893,3158.311,705.3602,3.292704,84.89403,0,0,2210.817,2210.5,797.2595,380.6614,1177.921,3,252.2204,5.212502,120.488,800,0,499.6694,200,0.1,0.2046279,0.3172331,0,250,0.3172331,1413.241,88.95973,54.99688,0,0,0,424.9923,271.6716,153.3207,0,652.333,3525.96,0,1.136868e-13,-7.993606e-15,4.263256e-14
naive,2026-01-17 20:00:00,1232,20,27.48985,3138.85,689.9351,10.65119,73.42934,0,0,2197.195,2196.878,1454.028,545.9716,2000,4,713.9299,8.22606,110.5844,667.2596,500,0,324.9685,0.1624843,0.1259371,0.3172331,0,250,0.3172331,742.8493,81.84146,46.06368,0,2.425129,0,420.4259,142.1417,278.2842,0,688.1133,3736.985,0,1.136868e-13,1.24345e-13,4.263256e-14
naive,2026-01-17 20:15:00,1233,20.25,27.06126,3135.529,669.5405,6.090048,75.04965,0,0,2194.87,2194.553,733.0698,360.3192,1093.389,3,185.3419,6.368008,101.6791,800,0,499.6694,200,0.1,0.2046279,0.3172331,0,250,0.3172331,1461.483,75.59941,55.67807,0,0,0,416.2264,277.1498,139.0766,0,637.469,3443.442,0,-5.684342e-14,-7.993606e-15,4.263256e-14
naive,2026-01-17 20:30:00,1234,20.5,26.95891,3192.925,640.1941,2.523746,67.60429,0,0,2235.048,2234.73,1440.858,559.1415,2000,4,627.0736,0.6491437,88.20105,784.0762,500,0,324.9685,0.1624843,0.1259371,0.3172331,0,250,0.3172331,793.872,65.65057,54.67531,13.1205,1.874603,1.953723,422.9424,150.2259,272.7165,0,709.7372,3867.911,0,0,1.24345e-13,4.263256e-14
naive,2026-01-17 20:45:00,1235,20.75,26.78677,3199.448,558.4155,0.866793,66.46728,0,0,2239.614,2239.296,623.147,326.7545,949.9015,2,60.1335,8.029051,81.739,800,0,499.6694,200,0.1,0.2046279,0.3172331,0,250,0.3172331,1616.149,60.95325,55.96676,0,0,5.514034,422.2933,304.7351,117.5581,0,632.5294,3415.949,0,0,-7.993606e-15,4.263256e-14
naive,2026-01-17 21:00:00,1236,21,26.4679,3176.848,484.8148,5.931837,52.00147,0,0,2223.794,2223.476,1361.629,537.8926,1899.522,4,521.988,6.235666,71.29842,800,500,0,324.9685,0.1624843,0.1259371,0.3172331,0,250,0.3172331,861.847,53.34953,56.30213,0,0,0,416.5554,161.439,255.1164,0,699.3316,3782.984,0,0,1.24345e-13,4.263256e-14
naive,2026-01-17 21:15:00,1237,21.25,26.14702,3170.445,414.5511,0,49.36841,0,0,2219.311,2218.994,560.7577,306.4037,867.1613,2,0,0,67.16132,800,0,443.9275,213.9355,0.1069677,0.2046279,0.3172331,0,250,0.3172331,1658.236,50.42632,56.63961,0,0,0,412.9852,308.5764,104.4088,0,614.9801,3318.671,0,0,-6.483702e-14,4.263256e-14
naive,2026-01-17 21:30:00,1238,21.5,25.86509,3163.641,349.586,0,42.71077,0,0,2214.549,2214.231,798.3501,373.9439,1172.294,3,312.7313,0.01337449,59.54924,800,0,55.60726,200,0.1,0.134712,0.3172331,0,250,0.3172331,1415.881,44.8453,56.93613,0,0,0,409.7344,261.9655,147.7689,0,635.9093,3433.448,0,0,-8.604228e-16,4.263256e-14
naive,2026-01-17 21:45:00,1239,21.75,25.68018,3172.971,304.7103,0,29.20431,0,0,2221.079,2220.762,1189.431,486.5142,1675.945,4,315.7385,0.8456692,59.36082,800,500,0,324.9685,0.1624843,0.1259371,0.3172331,0,250,0.3172331,1031.331,44.79121,57.13061,0,0,0,409.4019,190.1008,219.3011,0,676.615,3657.111,0,0,1.24345e-13,4.263256e-14
naive,2026-01-17 22:00:00,1240,22,25.56185,3183.026,232.7083,0,31.5354,0,0,2228.118,2227.801,550.8462,302.0342,852.8804,2,0,0,52.88036,800,0,272.9569,256.6781,0.1283391,0.2046279,0.3172331,0,250,0.3172331,1676.955,39.95139,57.25506,0,0,0,409.7164,308.366,101.3504,0,610.4002,3292.789,0,0,-7.993606e-15,4.263256e-14
naive,2026-01-17 22:15:00,1241,22.25,25.15798,3132.988,207.4,0,27.65216,0,0,2193.091,2192.774,560.587,305.0313,865.6183,2,10.90442,2.149489,52.56438,800,0,226.5509,200,0.1,0.1616265,0.3172331,0,250,0.3172331,1632.187,39.88249,57.67983,0,0,0,400.0078,297.7019,102.3058,0,602.7332,3250.143,0,5.684342e-14,-1.748601e-15,4.263256e-14
naive,2026-01-17 22:30:00,1242,22.5,25.24187,3168.278,178.149,0,25.7914,0,0,2217.794,2217.477,1092.346,457.5811,1549.927,4,199.1729,1.285365,49.46919,800,500,0,324.9685,0.1624843,0.1259371,0.3172331,0,250,0.3172331,1125.131,37.50087,57.5916,0,0,0,405.1954,205.5636,199.6318,0,663.1448,3582.506,0,0,1.24345e-13,4.263256e-14
naive,2026-01-17 22:45:00,1243,22.75,25.01485,3121.959,175.3309,4.503646,32.6097,0,0,2185.371,2185.054,546.4656,300.103,846.5686,2,0,0,46.56858,800,0,174.5495,281.28,0.14064,0.2046279,0.3172331,0,250,0.3172331,1638.588,35.38659,57.83037,3.862067,1.42296,0,397.4582,298.0136,99.44458,0,598.1166,3233.699,0,5.684342e-14,-3.641532e-14,4.263256e-14
naive,2026-01-17 23:00:00,1244,23,24.74139,3106.81,130.0003,6.13776,34.02149,0,1,2174.767,2174.45,538.9339,296.7827,835.7165,2,0,0,35.71654,800,0,159.9409,241.2505,0.1206252,0.1771179,0.3172331,0,250,0.3172331,1635.516,27.21846,58.11798,0,2.675142,6.80303,39.14581,29.43929,9.70652,0,327.4525,1740.221,0,5.684342e-14,2.331468e-15,4.263256e-14
naive,2026-01-17 23:15:00,1245,23.25,24.60261,3072.003,127.2192,0.8662555,28.5766,0,1,2150.402,2150.085,535.9618,295.4724,831.4342,2,0,0,31.43419,800,0,146.2518,204.6496,0.1023248,0.1519119,0.3172331,0,250,0.3172331,1614.123,23.98991,58.26394,0,0,4.586687,38.70724,29.05422,9.653022,0,325.354,1723.9,0,0,-4.068967e-14,4.263256e-14
naive,2026-01-17 23:30:00,1246,23.5,24.38818,3022.78,110.6839,0,33.65,1,1,2115.946,2115.629,615.6413,318.6475,934.2888,2,100.4679,4.249417,29.57145,800,0,18.46935,200,0.1,0.1288648,0.3172331,0,250,0.3172331,1499.987,22.61904,58.48946,0,0,11.03096,38.08703,26.99977,11.08725,347.6287,0,629.4567,0,0,1.609823e-15,4.263256e-14
naive,2026-01-17 23:45:00,1247,23.75,24.46308,2980.87,94.75535,0,24.21963,1,1,2086.609,2086.292,1017.918,434.4276,1452.346,3,117.9851,8.215425,26.14524,800,500,0,324.9685,0.1624843,0.1259371,0.3172331,0,250,0.3172331,1068.373,19.98269,58.41069,0,0,4.236948,37.55896,19.23072,18.32824,454.4205,0,843.1289,0,0,1.24345e-13,4.263256e-14
naive,2026-01-18 00:00:00,1248,0,24.37317,3036.797,105.3242,0,21.56709,1,1,2125.758,2125.441,530.5523,293.0877,823.64,2,0,0,23.64002,800,0,116.5526,295.7792,0.1478896,0.2046279,0.3172331,0,250,0.3172331,1594.889,18.08497,58.50526,0,0,3.482122,38.26365,28.70799,9.555652,322.4209,0,579.0235,0,5.684342e-14,6.306067e-14,4.263256e-14
naive,2026-01-18 00:15:00,1249,0.25,24.09271,3069.507,113.071,0,16.03328,1,1,2148.655,2148.338,532.0287,293.7385,825.7673,2,0,0,25.76728,800,0,103.4515,269.8698,0.1349349,0.1862478,0.3172331,0,250,0.3172331,1616.309,19.77016,58.80022,9.95429,0,0,38.67579,29.09356,9.582228,322.8321,0,596.6851,0,-5.684342e-14,4.010681e-14,4.263256e-14
naive,2026-01-18 00:30:00,1250,0.5,23.81312,3036.351,87.87748,0,13.63346,1,1,2125.446,2125.128,531.5757,293.5388,825.1145,2,0,0,25.11453,800,0,105.2497,243.5149,0.1217574,0.169933,0.3172331,0,250,0.3172331,1593.553,19.32551,59.09428,0,0,0,38.25802,28.68395,9.574073,322.2228,0,577.9645,0,0,1.121325e-14,4.263256e-14
naive,2026-01-18 00:45:00,1251,0.75,23.52426,3006.463,100.6345,1.374039,18.67632,1,1,2104.524,2104.207,531.4408,293.4794,824.9202,2,0,0,24.92021,800,0,117.0106,214.2239,0.1071119,0.1533377,0.3172331,0,250,0.3172331,1572.766,19.23357,59.39809,0,0,0,37.88143,28.30979,9.571645,321.7892,0,576.7555,0,0,2.564615e-14,4.263256e-14
naive,2026-01-18 01:00:00,1252,1,23.26158,3044.573,94.48487,0,21.03073,1,1,2131.201,2130.884,583.3272,308.247,891.5742,2,68.14432,0.679847,22.75005,800,0,56.76056,200,0.1,0.1348936,0.3172331,0,250,0.3172331,1547.557,17.60643,59.67436,0,0,3.424303,38.36162,27.85602,10.5056,336.7047,0,606.2758,0,-5.684342e-14,8.881784e-16,4.263256e-14
naive,2026-01-18 01:15:00,1253,1.25,23.13721,3016.306,88.68184,0,26.07962,1,1,2111.415,2111.097,1006.089,430.0443,1436.133,3,110.994,2.00961,23.12945,800,500,0,324.9685,0.1624843,0.1259371,0.3172331,0,250,0.3172331,1105.009,17.92307,59.80517,0,0,8.156556,38.00546,19.89015,18.11531,451.3642,0,835.4475,0,0,1.24345e-13,4.263256e-14
naive,2026-01-18 01:30:00,1254,1.5,22.84675,3027.542,83.35901,0,28.20835,1,1,2119.28,2118.963,528.4638,292.1669,820.6308,2,0,0,20.63076,800,0,94.85948,301.2025,0.1506012,0.2046279,0.3172331,0,250,0.3172331,1590.499,16.03476,60.11066,0,0,12.17359,38.14704,28.62898,9.518059,322.9179,0,578.2113,0,-5.684342e-14,-5.062617e-14,4.263256e-14
naive,2026-01-18 01:45:00,1255,1.75,22.85876,3074.15,85.22731,0,26.87856,1,1,2151.905,2151.588,527.1642,291.594,818.7582,2,0,0,18.75825,800,0,95.43302,277.2968,0.1386484,0.1896628,0.3172331,0,250,0.3172331,1624.423,14.5776,60.09803,0,0,12.30096,38.73429,29.23962,9.494666,322.9783,0,578.3464,0,0,9.095502e-14,4.263256e-14
naive,2026-01-18 02:00:00,1256,2,22.65562,3080.878,79.53367,0,20.98542,1,1,2156.614,2156.297,526.1031,291.1262,817.2293,2,0,0,17.22933,800,0,94.13079,253.7205,0.1268602,0.1746097,0.3172331,0,250,0.3172331,1630.194,13.41743,60.31168,0,0,7.567993,38.81906,29.34349,9.475566,321.7841,0,575.7176,0,0,-1.576517e-14,4.263256e-14
naive,2026-01-18 02:15:00,1257,2.25,22.45356,3106.403,85.39429,0,19.81264,1,1,2174.482,2174.165,528.6971,292.2698,820.9669,2,0,0,20.96694,800,0,91.39616,230.8315,0.1154157,0.1597641,0.3172331,0,250,0.3172331,1645.468,16.362,60.52419,0,0,3.450646,39.14067,29.61842,9.522259,322.4852,0,576.8807,0,5.684342e-14,2.781109e-14,4.263256e-14
naive,2026-01-18 02:30:00,1258,2.5,22.40403,3097.025,54.95749,0,16.95227,1,1,2167.917,2167.6,528.0137,291.9685,819.9823,2,0,0,19.98226,800,0,100.7126,205.617,0.1028085,0.1453512,0.3172331,0,250,0.3172331,1639.587,15.6015,60.57628,0,0,1.350769,39.02251,29.51256,9.509957,321.7146,0,575.2808,0,5.684342e-14,-3.133604e-14,4.263256e-14
naive,2026-01-18 02:45:00,1259,2.75,21.98265,3044.174,80.50465,0,15.09132,1,1,2130.922,2130.605,594.2402,311.0474,905.2877,2,85.04622,2.043,18.19843,800,0,22.33853,200,0.1,0.129474,0.3172331,0,250,0.3172331,1536.365,14.2701,61.01947,0,0,0.8212196,38.3566,27.65456,10.70203,338.8428,0,609.0387,0,1.136868e-13,-1.249001e-15,4.263256e-14
naive,2026-01-18 03:00:00,1260,3,21.71212,3023.719,90.9344,0,13.67766,1,1,2116.603,2116.286,1005.533,429.19,1434.723,3,116.114,1.854417,16.75414,800,500,0,324.9685,0.1624843,0.1259371,0.3172331,0,250,0.3172331,1110.753,13.17383,61.304,0,0,0.5038233,38.09886,19.99356,18.1053,449.2695,0,829.572,0,0,1.24345e-13,4.263256e-14
naive,2026-01-18 03:15:00,1261,3.25,21.65486,2984.877,88.62807,0,17.65739,1,1,2089.414,2089.096,524.6874,290.5021,815.1895,2,0,0,15.18948,800,0,117.6969,295.4931,0.1477466,0.2046279,0.3172331,0,250,0.3172331,1564.409,11.95049,61.36422,0,0,5.706901,37.60945,28.15936,9.450083,319.634,0,570.2333,0,5.684342e-14,6.217249e-15,4.263256e-14
naive,2026-01-18 03:30:00,1262,3.5,21.53254,3005.126,103.5271,0,14.22279,1,1,2103.588,2103.271,525.8877,291.0313,816.919,2,0,0,16.91903,800,0,124.1809,264.4014,0.1322007,0.1860677,0.3172331,0,250,0.3172331,1577.383,13.32779,61.49287,0,0,0.894997,37.86459,28.3929,9.47169,319.5764,0,569.9732,0,-5.684342e-14,-1.648681e-14,4.263256e-14
naive,2026-01-18 03:45:00,1263,3.75,21.42014,2983.12,111.3339,0,19.29968,1,1,2088.184,2087.867,526.609,291.3493,817.9583,2,0,0,17.95828,800,0,123.9791,233.365,0.1166825,0.1664897,0.3172331,0,250,0.3172331,1561.258,14.1626,61.61109,0,0,5.137077,37.58731,28.10264,9.484673,320.3235,0,571.3345,0,0,4.374279e-14,4.263256e-14
naive,2026-01-18 04:00:00,1264,4,21.37439,3001.023,136.2309,0,21.50369,1,1,2100.716,2100.399,534.8182,294.1832,829.0015,2,6.599534,3.099736,19.30219,800,0,133.3131,200,0.1,0.1469465,0.3172331,0,250,0.3172331,1565.58,15.22952,61.6592,0,0,6.274167,37.81289,28.18045,9.632439,323.4273,0,577.488,0,1.136868e-13,4.746203e-15,4.263256e-14
naive,2026-01-18 04:15:00,1265,4.25,21.21201,3001.56,171.8851,0,20.36922,1,1,2101.092,2100.775,1038.503,438.9045,1477.407,3,156.6358,4.95532,15.81634,800,500,0,324.9685,0.1624843,0.1259371,0.3172331,0,250,0.3172331,1062.272,12.49971,61.82999,15.24933,0,7.869503,37.81966,19.1209,18.69876,459.3555,0,875.4573,0,5.684342e-14,1.24345e-13,4.263256e-14
naive,2026-01-18 04:30:00,1266,4.5,21.12095,2998.619,204.8379,0,21.90133,1,1,2099.033,2098.716,522.1325,289.3758,811.5082,2,0,0,11.50822,800,0,194.4341,276.3088,0.1381544,0.2046279,0.3172331,0,250,0.3172331,1576.583,9.103377,61.92576,12.89345,0,12.79795,37.78259,28.3785,9.404094,319.9136,0,592.402,0,0,-3.641532e-14,4.263256e-14
naive,2026-01-18 04:45:00,1267,4.75,20.88998,3026.713,200.2478,0,15.8318,1,1,2118.699,2118.382,522.0627,289.345,811.4078,2,0,0,11.40778,800,0,235.9491,217.2781,0.108639,0.1739876,0.3172331,0,250,0.3172331,1596.319,9.044999,62.16868,0,0,6.786798,38.13658,28.73374,9.402839,319.219,0,568.4983,0,5.684342e-14,2.858824e-15,4.263256e-14
naive,2026-01-18 05:00:00,1268,5,20.60953,3027.201,281.9503,0,21.39434,1,1,2119.041,2118.724,691.5195,338.5069,1030.026,3,214.7216,0.4904285,14.81438,800,0,68.97547,200,0.1,0.1368168,0.3172331,0,250,0.3172331,1427.204,11.77926,62.46364,0,0,9.615075,38.14273,25.68967,12.45306,365.8036,0,661.3356,0,-5.684342e-14,-6.161738e-15,4.263256e-14
naive,2026-01-18 05:15:00,1269,5.25,20.75576,3020.772,350.2353,0,22.02371,1,1,2114.54,2114.223,1191.476,482.2305,1673.706,4,359.3275,1.110956,13.26781,800,500,0,324.9685,0.1624843,0.1259371,0.3172331,0,250,0.3172331,922.7474,10.53403,62.30985,0,0,11.48968,38.06173,16.60945,21.45227,500.7655,0,931.4324,0,-5.684342e-14,1.24345e-13,4.263256e-14
naive,2026-01-18 05:30:00,1270,5.5,20.62869,3061.418,436.1613,2.302522,22.33609,1,1,2142.993,2142.676,526.1558,291.1495,817.3053,2,0,0,17.30525,800,0,435.6992,215.9926,0.1079963,0.2046279,0.3172331,0,250,0.3172331,1616.52,13.75717,62.44349,1.865832,0.8987647,8.578926,38.57387,29.09736,9.476515,321.6812,0,577.8824,0,0,-7.993606e-15,4.263256e-14
naive,2026-01-18 05:45:00,1271,5.75,20.54655,3071.201,504.7328,12.12608,21.691,1,1,2149.841,2149.523,886.7612,395.3942,1282.155,3,460.0563,4.782691,17.31643,800,0,63.8342,200,0.1,0.1360073,0.3172331,0,250,0.3172331,1262.762,13.77743,62.52988,0,7.343387,7.913575,38.69713,22.72972,15.96741,419.4451,0,781.2114,0,0,2.692291e-15,4.263256e-14
naive,2026-01-18 06:00:00,1272,6,20.75531,3046.793,585.9387,3.374758,21.66545,1,1,2132.755,2132.438,1375.245,536.109,1911.354,4,587.4392,7.766353,16.14838,800,500,0,324.9685,0.1624843,0.1259371,0.3172331,0,250,0.3172331,757.1932,12.82113,62.31032,0,0,8.844322,38.3896,13.62948,24.76012,551.2207,0,1032.342,0,0,1.24345e-13,4.263256e-14
naive,2026-01-18 06:15:00,1273,6.25,20.9323,3093.661,659.2911,0,17.07675,1,1,2165.563,2165.245,658.0917,329.6273,987.719,2,165.4859,7.703359,14.52976,800,0,499.6694,200,0.1,0.2046279,0.3172331,0,250,0.3172331,1507.154,11.51544,62.12417,0,0,5.56131,38.98013,27.12876,11.85136,357.6911,0,645.4925,0,5.684342e-14,-7.993606e-15,4.263256e-14
naive,2026-01-18 06:30:00,1274,6.5,20.91569,3071.341,729.334,0,11.48423,1,1,2149.938,2149.621,1450.662,549.3382,2000,4,726.391,6.361393,14.39684,752.8508,500,0,324.9685,0.1624843,0.1259371,0.3172331,0,250,0.3172331,698.9593,11.41201,58.47923,2.943066,0,0.0722233,38.69889,12.58127,26.11762,561.9316,0,1063.151,0,2.273737e-13,1.24345e-13,4.263256e-14
naive,2026-01-18 06:45:00,1275,6.75,20.91397,3095.732,777.5753,0,12.008,1,1,2167.012,2166.695,725.8546,349.2483,1075.103,3,251.6687,1.357145,22.07706,800,0,499.6694,200,0.1,0.2046279,0.3172331,0,250,0.3172331,1440.841,17.50022,62.14345,26.23719,0,0,39.00622,25.93513,13.07109,375.1834,0,725.7145,0,-5.684342e-14,-7.993606e-15,4.263256e-14
naive,2026-01-18 07:00:00,1276,7,20.9858,3125.281,792.4671,0,20.44959,1,1,2187.697,2187.38,1457.522,542.4777,2000,4,774.8271,4.306144,23.73798,697.1288,500,0,324.9685,0.1624843,0.1259371,0.3172331,0,250,0.3172331,729.8575,18.80318,54.08665,17.64,0,1.646411,39.37855,13.13743,26.24111,555.8922,0,1081.366,0,0,1.24345e-13,4.263256e-14
naive,2026-01-18 07:15:00,1277,7.25,20.95808,3133.031,778.4037,0,18.34527,1,1,2193.122,2192.805,738.1798,353.321,1091.501,3,263.1077,4.255853,24.13733,800,0,499.6694,200,0.1,0.2046279,0.3172331,0,250,0.3172331,1454.625,19.12486,62.09706,15.62653,0,0,39.47619,26.18325,13.29295,379.5043,0,716.1052,0,5.684342e-14,-7.993606e-15,4.263256e-14
naive,2026-01-18 07:30:00,1278,7.5,21.14103,3128.888,747.3855,0,17.96956,1,1,2190.222,2189.904,1450.654,549.3455,2000,4,720.3543,4.995782,31.36082,743.2891,500,0,324.9685,0.1624843,0.1259371,0.3172331,0,250,0.3172331,739.2499,24.80239,57.5163,27.03119,0,0,39.42399,13.3065,26.11749,562.652,0,1107.227,0,0,1.24345e-13,4.263256e-14
naive,2026-01-18 07:45:00,1279,7.75,21.2834,3140.999,696.0784,0,21.87344,1,1,2198.699,2198.382,671.2738,335.5594,1006.833,3,164.4699,2.447091,39.9163,800,0,499.6694,200,0.1,0.2046279,0.3172331,0,250,0.3172331,1527.108,31.52321,61.75491,31.93915,0,0,39.57658,27.48794,12.08864,363.0474,0,711.7155,0,0,-7.993606e-15,4.263256e-14
naive,2026-01-18 08:00:00,1280,8,21.43587,3153.587,621.4218,0,17.1765,1,1,2207.511,2207.193,1447.936,552.0635,2000,4,594.4549,267.2674,44.47189,593.8058,500,0,324.9685,0.1624843,0.1259371,0.3172331,0,250,0.3172331,759.2569,35.06667,45.719,26.9669,0,0,39.73519,13.66662,26.06857,565.7302,0,1126.544,0,-2.273737e-13,1.24345e-13,4.263256e-14
naive,2026-01-18 08:15:00,1281,8.25,21.68101,3149.085,525.4772,0,23.38331,1,1,2204.359,2204.042,748.7787,387.223,1136.002,3,17.39769,276.5784,42.02561,800,0,499.6694,200,0.1,0.2046279,0.3172331,0,250,0.3172331,1455.263,33.05532,61.33672,8.410106,0,0,39.67847,26.19474,13.48373,413.4177,0,772.339,0,0,-7.993606e-15,4.263256e-14
naive,2026-01-18 08:30:00,1282,8.5,21.93141,3196.21,449.705,0.5779039,30.61015,1,1,2237.347,2237.03,1427.615,572.3846,2000,4,435.5302,278.82,51.64056,734.0092,500,0,324.9685,0.1624843,0.1259371,0.3172331,0,250,0.3172331,809.4144,40.51454,56.03551,14.1748,0,0,40.27225,14.56946,25.70279,586.954,0,1135.32,0,-1.136868e-13,1.24345e-13,4.263256e-14
naive,2026-01-18 08:45:00,1283,8.75,22.33701,3202.555,357.9728,0,41.39621,1,1,2241.788,2241.471,633.2784,338.3744,971.6527,2,0,120.2221,51.4307,800,0,499.6694,200,0.1,0.2046279,0.3172331,0,250,0.3172331,1608.193,40.18301,60.64677,19.66808,0,1.213207,40.35219,28.94747,11.40472,367.5313,0,700.7623,0,0,-7.993606e-15,4.263256e-14
naive,2026-01-18 09:00:00,1284,9,22.70662,3208.403,292.234,0,45.84837,1,1,2245.882,2245.565,1346.294,561.9388,1908.232,4,263.0167,284.3654,60.8504,800,500,0,324.9685,0.1624843,0.1259371,0.3172331,0,250,0.3172331,899.2714,47.36273,60.25804,29.2173,0,0,40.42588,16.18689,24.239,578.1257,0,1138.861,0,-1.136868e-13,1.24345e-13,4.263256e-14
naive,2026-01-18 09:15:00,1285,9.25,22.66298,3267.306,254.6138,3.445189,50.67715,1,1,2287.114,2286.797,556.3672,304.4681,860.8353,2,0,0,60.83535,800,0,499.1551,200.1286,0.1000643,0.2046279,0.3172331,0,250,0.3172331,1730.43,47.37225,60.30394,39.11639,0,3.304897,41.16806,31.14774,10.02032,336.1899,0,672.0137,0,0,-7.993606e-15,4.263256e-14
naive,2026-01-18 09:30:00,1286,9.5,22.97012,3267.32,183.6085,3.001153,52.29012,1,1,2287.124,2286.806,886.6103,430.1409,1316.751,3,167.4074,284.3832,64.96057,800,0,0.3882958,200,0.1,0.126018,0.3172331,0,250,0.3172331,1400.196,50.42493,59.9809,15.81281,0,1.86519,41.16823,25.20353,15.96469,455.6703,0,871.1392,0,0,-2.775558e-17,4.263256e-14
naive,2026-01-18 09:45:00,1287,9.75,23.02092,3251.828,136.4263,5.354793,53.20431,1,1,2276.279,2275.962,1264.333,539.4192,1803.753,4,148.5863,289.9361,65.2301,800,500,0,324.9685,0.1624843,0.1259371,0.3172331,0,250,0.3172331,1011.629,50.60764,59.92747,0,0,2.59667,40.97303,18.20932,22.76371,558.0827,0,1048.747,0,-2.273737e-13,1.24345e-13,4.263256e-14
naive,2026-01-18 10:00:00,1288,10,23.04037,3278.201,88.07917,2.748058,49.62877,1,1,2294.741,2294.424,564.6874,308.1361,872.8235,2,0,0,72.82345,800,0,424.3431,218.8316,0.1094158,0.2046279,0.3172331,0,250,0.3172331,1729.736,56.48748,59.90701,0,0,0,41.30534,31.13526,10.17008,339.2713,0,611.1473,0,-5.684342e-14,4.884981e-14,4.263256e-14
naive,2026-01-18 10:15:00,1289,10.25,23.34649,3304.587,111.3661,12.13863,67.18955,1,1,2313.211,2312.894,804.7997,409.0906,1213.89,3,41.18012,288.1571,84.55315,800,0,75.18853,200,0.1,0.137795,0.3172331,0,250,0.3172331,1508.094,65.37886,59.58505,0,0,1.810684,41.6378,27.14569,14.49211,436.555,0,806.0768,0,-5.684342e-14,4.246603e-15,4.263256e-14
naive,2026-01-18 10:30:00,1290,10.5,23.47231,3329.493,104.6065,7.093992,71.13785,1,1,2330.645,2330.328,1265.056,543.6319,1808.688,4,115.8505,296.3257,96.51152,800,500,0,324.9685,0.1624843,0.1259371,0.3172331,0,250,0.3172331,1065.272,74.52827,59.45273,0,0,0,41.95161,19.17489,22.77671,562.8068,0,1058.729,0,0,1.24345e-13,4.263256e-14
naive,2026-01-18 10:45:00,1291,10.75,23.65361,3401.973,104.8506,0,75.54633,1,1,2381.381,2381.064,589.8721,319.2387,909.1108,2,0,0,109.1108,800,0,411.7945,221.9687,0.1109844,0.2046279,0.3172331,0,250,0.3172331,1791.191,84.09946,59.26204,0,0,0,42.86485,32.24145,10.62341,351.4802,0,636.2905,0,0,-7.993606e-15,4.263256e-14
naive,2026-01-18 11:00:00,1292,11,24.01865,3399.158,102.8117,0.04568759,84.98657,1,1,2379.411,2379.094,821.1803,419.0202,1240.2,3,18.41417,300.9511,120.8352,800,0,87.73519,200,0.1,0.1397705,0.3172331,0,250,0.3172331,1557.913,92.78345,58.87812,0,0,0,42.8294,28.04244,14.78696,447.0626,0,827.8874,0,1.136868e-13,-4.496403e-15,4.263256e-14
naive,2026-01-18 11:15:00,1293,11.25,24.1582,3445.455,96.38484,0,95.81824,1,1,2411.818,2411.501,1283.902,553.4029,1837.305,4,103.5536,299.9832,133.7678,800,500,0,324.9685,0.1624843,0.1259371,0.3172331,0,250,0.3172331,1127.599,102.5643,58.73135,0,0,0,43.41273,20.29679,23.11594,573.6997,0,1081.327,0,0,1.24345e-13,4.263256e-14
naive,2026-01-18 11:30:00,1294,11.5,24.26992,3473.744,81.99868,0,105.2022,1,1,2431.62,2431.303,613.1846,329.516,942.7007,2,0,0,142.7007,800,0,400.4073,224.8155,0.1124078,0.2046279,0.3172331,0,250,0.3172331,1818.119,109.286,58.61385,0,0,0,43.76917,32.72614,11.04303,362.2422,0,658.5438,0,0,-6.483702e-14,4.263256e-14
naive,2026-01-18 11:45:00,1295,11.75,24.54225,3512.25,87.15945,0,117.5705,1,1,2458.575,2458.258,830.4743,425.308,1255.782,3,0,301.1427,154.6396,800,0,99.12059,200,0.1,0.141563,0.3172331,0,250,0.3172331,1627.784,118.0924,58.32742,0,0,0,44.25435,29.30011,14.95425,454.6081,0,843.5979,0,0,6.217249e-15,4.263256e-14
naive,2026-01-18 12:00:00,1296,12,24.92949,3507.488,74.69848,2.234016,132.3032,1,1,2455.241,2454.924,1320.587,567.7562,1888.343,4,118.8471,302.6049,166.8911,800,500,0,324.9685,0.1624843,0.1259371,0.3172331,0,250,0.3172331,1134.337,126.9314,57.92014,0,0,5.371785,44.19435,20.41807,23.77627,589.1496,0,1113.139,0,0,1.24345e-13,4.263256e-14
naive,2026-01-18 12:15:00,1297,12.25,25.22211,3499.799,87.73201,4.272823,152.5567,1,1,2449.86,2449.542,638.1533,340.5235,978.6768,2,0,0,178.6768,800,0,412.3612,221.8271,0.1109135,0.2046279,0.3172331,0,250,0.3172331,1811.389,135.4769,57.61238,0,0,17.07985,447.4166,330.813,116.6035,674.4558,0,1284.098,0,0,-6.483702e-14,4.263256e-14
naive,2026-01-18 12:30:00,1298,12.5,25.24009,3497.554,109.8448,5.219181,151.228,1,1,2448.288,2447.971,876.8199,443.0761,1319.896,3,22.38816,301.3954,196.1124,800,0,87.16852,200,0.1,0.1396812,0.3172331,0,250,0.3172331,1571.151,148.6687,57.59347,0.2881629,0,2.559278,447.2911,287.0421,160.249,730.5858,0,1396.876,0,5.684342e-14,-8.049117e-16,4.263256e-14
naive,2026-01-18 12:45:00,1299,12.75,25.37461,3508.888,134.9525,9.391757,162.959,1,1,2456.222,2455.904,1340.037,577.9392,1917.977,4,105.3275,303.5095,209.1395,800,500,0,324.9685,0.1624843,0.1259371,0.3172331,0,250,0.3172331,1115.867,158.3193,57.452,29.62503,0,4.639701,449.9569,204.4164,245.5404,783.2056,0,1552.881,0,0,1.24345e-13,4.263256e-14
naive,2026-01-18 13:00:00,1300,13,25.57044,3533.989,108.9511,9.442906,161.8531,1,1,2473.792,2473.475,666.949,353.218,1020.167,3,0,0,220.167,800,0,403.6172,224.0131,0.1120065,0.2046279,0.3172331,0,250,0.3172331,1806.526,166.3222,57.24603,3.968421,0,0,454.9711,332.2499,122.7212,685.4679,0,1313.379,0,-5.684342e-14,-7.993606e-15,4.263256e-14
naive,2026-01-18 13:15:00,1301,13.25,26.03152,3570.661,97.67294,1.263212,178.7213,1,1,2499.462,2499.145,888.7661,450.2255,1338.992,3,6.560226,296.3319,236.0995,800,0,95.91118,200,0.1,0.1410577,0.3172331,0,250,0.3172331,1610.379,177.4873,56.76109,0,0,1.234005,464.0206,298.9639,165.0567,749.4185,0,1434.981,0,0,-6.966649e-15,4.263256e-14
naive,2026-01-18 13:30:00,1302,13.5,26.34738,3517.095,83.00623,0,191.4496,1,1,2461.966,2461.649,1359.239,587.2847,1946.524,4,97.92825,299.7288,248.867,800,500,0,324.9685,0.1624843,0.1259371,0.3172331,0,250,0.3172331,1102.41,186.4564,56.42888,0,0,4.993177,460.0269,205.989,254.0378,794.2067,0,1524.931,0,0,1.24345e-13,4.263256e-14
naive,2026-01-18 13:45:00,1303,13.75,26.6486,3541.9,61.85785,0,204.1183,1,1,2479.33,2479.013,693.1197,364.7553,1057.875,3,0,0,257.875,800,0,392.5764,226.7733,0.1133866,0.2046279,0.3172331,0,250,0.3172331,1785.893,192.5839,56.11208,0,0,11.53442,466.1574,335.7791,130.3783,702.7031,0,1342.28,0,-1.136868e-13,-6.483702e-14,4.263256e-14
naive,2026-01-18 14:00:00,1304,14,26.98558,3543.815,54.32104,13.25684,208.2644,1,1,2480.671,2480.353,906.1842,458.6846,1364.869,3,0,290.2277,274.641,800,0,106.9503,200,0.1,0.1427958,0.3172331,0,250,0.3172331,1574.169,204.3646,55.75766,0,0,3.899793,469.6829,298.0486,171.6343,757.4716,0,1452.216,0,5.684342e-14,5.800915e-15,4.263256e-14
naive,2026-01-18 14:15:00,1305,14.25,27.11462,3535.968,63.68664,15.09829,211.9946,1,1,2475.177,2474.86,1378.682,596.7983,1975.481,4,90.00749,298.2084,287.2647,800,500,0,324.9685,0.1624843,0.1259371,0.3172331,0,250,0.3172331,1096.178,213.4615,55.62194,0,0,0,469.9057,208.1064,261.7993,804.9047,0,1547.235,0,0,1.24345e-13,4.263256e-14
naive,2026-01-18 14:30:00,1306,14.5,27.33704,3501.654,86.595,12.78593,222.1239,1,1,2451.158,2450.84,720.4044,376.7838,1097.188,3,0,0,297.1882,800,0,390.1545,227.3787,0.1136894,0.2046279,0.3172331,0,250,0.3172331,1730.436,220.3067,55.38801,0,0,1.817199,467.5172,330.0516,137.4656,707.182,0,1352.052,0,1.136868e-13,-6.483702e-14,4.263256e-14
naive,2026-01-18 14:45:00,1307,14.75,27.54942,3505.312,107.1921,3.762983,214.3125,1,1,2453.718,2453.401,911.9655,461.2333,1373.199,3,0,272.8596,300.3392,800,0,109.3718,200,0.1,0.1431771,0.3172331,0,250,0.3172331,1541.435,222.1323,55.16465,20.23747,0,0,470.1002,295.3188,174.7814,756.5521,0,1485.954,0,-5.684342e-14,5.162537e-15,4.263256e-14
naive,2026-01-18 15:00:00,1308,15,27.55895,3453.593,94.5063,4.117791,215.3671,1,1,2417.515,2417.198,1395.752,604.2477,2000,4,90.58461,293.296,316.2163,799.903,500,0,324.9685,0.1624843,0.1259371,0.3172331,0,250,0.3172331,1021.446,233.851,55.14794,3.921688,0,0,463.2573,195.7349,267.5223,799.9827,0,1544.689,0,0,1.24345e-13,4.263256e-14
naive,2026-01-18 15:15:00,1309,15.25,27.68344,3483.383,109.8696,12.78868,218.2826,1,1,2438.368,2438.051,734.3152,382.9164,1117.232,3,0,0,317.2316,800,0,396.5555,225.7785,0.1128892,0.2046279,0.3172331,0,250,0.3172331,1703.736,234.2858,55.02369,5.886048,0,0,468.4826,327.338,141.1446,710.2543,0,1368.76,0,-5.684342e-14,-6.483702e-14,4.263256e-14
naive,2026-01-18 15:30:00,1310,15.5,27.87113,3451.628,112.8849,9.52208,215.5015,1,1,2416.139,2415.822,946.265,475.1772,1421.442,3,9.893878,291.4429,320.1054,800,0,102.9718,200,0.1,0.1421694,0.3172331,0,250,0.3172331,1469.557,235.9276,54.82629,0.0191746,0,0,466.0605,283.4698,182.5907,758.647,0,1455.648,0,5.684342e-14,-1.720846e-15,4.263256e-14
naive,2026-01-18 15:45:00,1311,15.75,27.83113,3442.629,126.8161,3.526333,217.9048,1,1,2409.84,2409.523,1398.813,601.187,2000,4,115.2446,289.0815,315.7256,779.9483,500,0,324.9685,0.1624843,0.1259371,0.3172331,0,250,0.3172331,1010.71,232.8006,53.4931,11.57144,0,0,464.4512,194.7953,269.6559,795.9823,0,1551.746,0,0,1.24345e-13,4.263256e-14
naive,2026-01-18 16:00:00,1312,16,28.02534,3430.883,155.1542,7.251612,216.693,1,1,2401.618,2401.301,726.8568,379.6283,1106.485,3,0,0,306.4852,800,0,421.374,219.5739,0.1097869,0.2046279,0.3172331,0,250,0.3172331,1674.444,225.511,54.6641,20.59849,0,0,464.7802,324.0517,140.7285,703.68,0,1381.395,0,0,-7.993606e-15,4.263256e-14
naive,2026-01-18 16:15:00,1313,16.25,28.19778,3435.879,184.358,1.893064,221.2921,1,1,2405.115,2404.798,971.1802,478.9837,1450.164,3,70.22899,283.4747,296.4603,800,0,78.15719,200,0.1,0.1382624,0.3172331,0,250,0.3172331,1433.618,217.7257,54.48274,35.97181,0,3.566371,467.1719,278.4673,188.7046,758.1437,0,1517.046,0,-1.136868e-13,4.163336e-15,4.263256e-14
naive,2026-01-18 16:30:00,1314,16.5,28.39039,3390.138,216.7298,3.524494,219.8438,1,1,2373.096,2372.779,1406.368,593.6316,2000,4,184.2441,280.6107,291.3917,743.7536,500,0,324.9685,0.1624843,0.1259371,0.3172331,0,250,0.3172331,966.4107,213.5542,50.46382,32.48569,0,6.2896,462.8574,188.4923,274.3652,783.3506,0,1565.967,0,0,1.24345e-13,4.263256e-14
naive,2026-01-18 16:45:00,1315,16.75,28.33153,3402.051,245.7976,2.686676,212.1213,1,1,2381.436,2381.119,717.689,375.5867,1093.276,3,0,5.339287,287.9364,800,0,499.6694,200,0.1,0.2046279,0.3172331,0,250,0.3172331,1663.43,211.1575,54.34207,21.20381,0,0.9638064,463.8981,324.0322,139.8659,699.8066,0,1375.055,0,-1.705303e-13,-7.993606e-15,4.263256e-14
naive,2026-01-18 17:00:00,1316,17,28.3743,3397.667,283.1862,0,207.0905,1,1,2378.367,2378.05,1415.344,584.656,2000,4,257.167,278.8285,277.792,686.2125,500,0,324.9685,0.1624843,0.1259371,0.3172331,0,250,0.3172331,962.7056,203.6231,46.57417,26.01923,0,3.467426,463.7253,187.7048,276.0205,773.0369,0,1538.561,0,2.273737e-13,1.24345e-13,4.263256e-14
naive,2026-01-18 17:15:00,1317,17.25,28.5771,3417.837,328.6715,8.870059,200.8884,1,1,2392.486,2392.169,750.729,390.1523,1140.881,3,0,84.11986,256.7615,800,0,499.6694,200,0.1,0.2046279,0.3172331,0,250,0.3172331,1641.44,187.791,54.08379,20.67966,0,13.0974,468.516,321.4401,147.076,714.1573,0,1403.143,0,0,-7.993606e-15,4.263256e-14
naive,2026-01-18 17:30:00,1318,17.5,28.67635,3399.988,385.9148,0,188.3391,1,1,2379.991,2379.674,1427.438,572.5615,2000,4,363.7166,274.276,240.0083,621.9991,500,0,324.9685,0.1624843,0.1259371,0.3172331,0,250,0.3172331,952.2356,175.3474,41.96892,22.19821,0,12.99164,467.0678,186.8741,280.1938,761.9851,0,1515.047,0,0,1.24345e-13,4.263256e-14
naive,2026-01-18 17:45:00,1319,17.75,28.55371,3371.541,437.6845,2.974528,168.5164,1,1,2360.079,2359.761,805.3724,414.2418,1219.614,3,0,193.3612,226.253,800,0,499.6694,200,0.1,0.2046279,0.3172331,0,250,0.3172331,1554.389,165.52,54.10839,15.16347,0,2.996431,461.937,304.2398,157.6972,719.0681,0,1403.421,0,-1.136868e-13,-7.993606e-15,4.263256e-14
naive,2026-01-18 18:00:00,1320,18,28.54957,3302.462,501.4282,3.638369,164.5674,1,1,2311.724,2311.406,1430.032,569.9678,2000,4,493.9251,4.259245,220.9849,780.8308,500,0,324.9685,0.1624843,0.1259371,0.3172331,0,250,0.3172331,881.3741,161.6733,52.81612,7.503091,0,2.894105,452.4322,172.4956,279.9366,743.0298,0,1439.584,0,-2.273737e-13,1.24345e-13,4.263256e-14
naive,2026-01-18 18:15:00,1321,18.25,28.68568,3280.394,559.6015,4.270005,158.5654,1,1,2296.276,2295.958,699.3607,361.5682,1060.929,3,49.92027,2.255698,208.7529,800,0,499.6694,200,0.1,0.2046279,0.3172331,0,250,0.3172331,1596.598,152.497,53.96959,10.01182,2.014307,6.068379,450.7296,313.3917,137.3378,676.1511,0,1312.331,0,1.136868e-13,-7.993606e-15,4.263256e-14
naive,2026-01-18 18:30:00,1322,18.5,28.60989,3307.972,631.2329,2.188226,145.0105,1,1,2315.58,2315.263,1442.719,557.2814,2000,4,598.7962,0.1982373,198.6136,702.392,500,0,324.9685,0.1624843,0.1259371,0.3172331,0,250,0.3172331,872.5444,145.2105,47.45474,32.43673,1.989989,0,453.7763,170.9895,282.7868,728.2709,0,1462.541,0,-1.136868e-13,1.24345e-13,4.263256e-14
naive,2026-01-18 18:45:00,1323,18.75,28.57941,3275.772,658.6955,9.349168,135.6399,1,1,2293.04,2292.723,765.9957,378.5862,1144.582,3,153.8044,7.358553,183.419,800,0,499.6694,200,0.1,0.2046279,0.3172331,0,250,0.3172331,1526.728,134.1462,54.08136,5.221721,1.990616,1.493746,449.0641,298.991,150.0731,677.8698,0,1307.339,0,0,-7.993606e-15,4.263256e-14
naive,2026-01-18 19:00:00,1324,19,28.81855,3245.819,689.2611,7.700571,125.429,1,0,2272.073,2271.756,1452.082,547.918,2000,4,677.6593,8.177067,167.3143,646.8494,500,0,324.9685,0.1624843,0.1259371,0.3172331,0,250,0.3172331,819.6741,122.0477,43.52475,11.60187,0,3.381304,447.2621,161.3545,285.9077,709.9381,0,1390.924,0,0,1.24345e-13,4.263256e-14
naive,2026-01-18 19:15:00,1325,19.25,28.70031,3227.284,714.6782,0,116.4387,0,0,2259.099,2258.782,782.7441,379.9037,1162.648,3,204.7976,3.679759,154.1704,800,0,499.6694,200,0.1,0.2046279,0.3172331,0,250,0.3172331,1476.038,112.6057,53.9542,10.21111,0,3.833005,443.5723,289.8188,153.7535,0,670.4751,3644.529,0,1.136868e-13,-7.993606e-15,4.263256e-14
naive,2026-01-18 19:30:00,1326,19.5,28.55971,3233.567,721.5852,0,107.4397,0,0,2263.497,2263.18,1456.587,543.4127,2000,4,724.6779,2.092897,138.5186,634.7106,500,0,324.9685,0.1624843,0.1259371,0.3172331,0,250,0.3172331,806.5923,101.3295,42.92395,0,0,6.110277,443.0904,157.8943,285.1961,0,702.5031,3815.478,0,0,1.24345e-13,4.263256e-14
naive,2026-01-18 19:45:00,1327,19.75,28.28986,3172.581,683.1505,0,96.63928,0,0,2220.807,2220.489,774.6885,373.7298,1148.418,3,226.8431,4.173244,117.402,800,0,499.6694,200,0.1,0.2046279,0.3172331,0,250,0.3172331,1445.801,86.13564,54.3859,0,0,10.50364,432.222,281.3874,150.8346,0,657.1615,3553.204,0,-5.684342e-14,-7.993606e-15,4.263256e-14
naive,2026-01-18 20:00:00,1328,20,28.05482,3207.535,683.3951,0,83.73198,0,0,2245.275,2244.958,1452.045,547.9546,2000,4,701.0102,9.625651,104.2605,685.1037,500,0,324.9685,0.1624843,0.1259371,0.3172331,0,250,0.3172331,792.9122,76.69001,46.78667,0,0,7.041977,434.7963,153.547,281.2492,0,702.8653,3813.124,0,-2.273737e-13,1.24345e-13,4.263256e-14
naive,2026-01-18 20:15:00,1329,20.25,28.08809,3203.656,668.0357,1.254278,79.09322,0,0,2242.559,2242.242,726.3165,358.3281,1084.645,3,177.0526,6.305311,101.2867,800,0,499.6694,200,0.1,0.2046279,0.3172331,0,250,0.3172331,1515.925,74.47565,54.5981,0,0,4.617565,434.5784,293.7664,140.812,0,652.9893,3530.018,0,-5.684342e-14,-7.993606e-15,4.263256e-14
naive,2026-01-18 20:30:00,1330,20.5,27.89614,3201.447,591.6496,0,66.63527,0,0,2241.013,2240.696,1441.973,558.0265,2000,4,634.47,1.701751,89.57344,774.2548,500,0,324.9685,0.1624843,0.1259371,0.3172331,0,250,0.3172331,798.7223,66.00048,53.03644,0,0,0.6347945,432.5091,154.1511,278.358,0,712.3001,3857.985,0,1.136868e-13,1.24345e-13,4.263256e-14
naive,2026-01-18 20:45:00,1331,20.75,27.55788,3179.979,520.0607,0,57.43522,0,0,2225.985,2225.668,622.839,326.668,949.5071,2,59.71921,4.089723,85.69814,800,0,499.6694,200,0.1,0.2046279,0.3172331,0,250,0.3172331,1602.829,63.37694,55.15574,0,0,0,426.5457,307.1358,119.4099,0,633.8038,3423.871,0,0,-7.993606e-15,4.263256e-14
naive,2026-01-18 21:00:00,1332,21,27.24539,3208.751,485.3343,0,56.46053,0,0,2246.126,2245.809,1345.114,533.009,1878.123,4,501.8351,6.094767,70.19287,800,500,0,324.9685,0.1624843,0.1259371,0.3172331,0,250,0.3172331,900.6948,52.0857,55.48441,0,0,4.374832,427.5885,171.4627,256.1258,0,705.3045,3816.755,0,0,1.24345e-13,4.263256e-14
naive,2026-01-18 21:15:00,1333,21.25,27.04758,3171.878,403.5361,0,52.86857,0,0,2220.315,2219.998,560.1777,306.148,866.3256,2,0,0,66.32564,800,0,427.838,217.9579,0.1089789,0.2046279,0.3172331,0,250,0.3172331,1659.82,49.32103,55.69246,0,0,3.547542,420.9314,314.6718,106.2597,0,621.4923,3355.554,0,0,-7.993606e-15,4.263256e-14
naive,2026-01-18 21:30:00,1334,21.5,26.94025,3171.083,352.2383,0,52.07627,0,0,2219.758,2219.441,776.7667,367.5581,1144.325,3,286.4258,0.006079316,57.893,800,0,71.69416,200,0.1,0.1372449,0.3172331,0,250,0.3172331,1442.674,43.10007,55.80534,0,0,8.976202,419.8861,272.8941,146.992,0,642.1501,3469.045,0,-1.136868e-13,1.249001e-15,4.263256e-14
naive,2026-01-18 21:45:00,1335,21.75,26.6278,3151.841,300.4054,6.262617,53.12765,0,0,2206.289,2205.972,1176.587,481.5513,1658.139,4,309.8616,0.3843951,47.89257,800,500,0,324.9685,0.1624843,0.1259371,0.3172331,0,250,0.3172331,1029.384,35.77468,56.13395,0,5.878222,17.35297,414.6426,193.4591,221.1835,0,678.2716,3677.483,0,-5.684342e-14,1.24345e-13,4.263256e-14
naive,2026-01-18 22:00:00,1336,22,26.49976,3102.16,249.7045,3.604692,50.6549,0,0,2171.512,2171.195,546.4853,300.1117,846.5969,2,0,0,46.59694,800,0,250.8835,262.1965,0.1310982,0.2046279,0.3172331,0,250,0.3172331,1624.71,34.8546,56.26863,0,2.990951,15.8003,407.0293,304.5363,102.4929,0,607.6096,3283.71,0,5.684342e-14,-3.641532e-14,4.263256e-14
naive,2026-01-18 22:15:00,1337,22.25,26.20841,3088.477,217.4183,0,49.64909,0,0,2161.934,2161.617,544.4225,299.2023,843.6247,2,0,0,43.62475,800,0,221.8432,206.6944,0.1033472,0.1651013,0.3172331,0,250,0.3172331,1617.194,32.73307,56.57504,0,0,16.91601,402.8143,301.3177,101.4966,0,603.6718,3256.548,0,0,-4.00513e-14,4.263256e-14
naive,2026-01-18 22:30:00,1338,22.5,26.02302,3097.118,170.0282,0,46.61653,0,0,2167.982,2167.665,667.7313,334.4488,1002.18,3,160.6776,0.5664984,40.93599,800,0,26.64748,200,0.1,0.1301524,0.3172331,0,250,0.3172331,1499.934,30.77633,56.77003,0,0,15.8402,402.4121,278.4117,124.0005,0,615.8007,3323.037,0,0,-1.137979e-15,4.263256e-14
naive,2026-01-18 22:45:00,1339,22.75,25.85433,3079.091,126.294,0,42.37543,0,0,2155.364,2155.047,1070.76,451.1226,1521.883,4,173.4679,3.872349,44.54222,800,500,0,324.9685,0.1624843,0.1259371,0.3172331,0,250,0.3172331,1084.287,33.54766,56.94745,0,0,8.827775,398.6967,200.5701,198.1266,0,653.3257,3529.225,0,0,1.24345e-13,4.263256e-14
naive,2026-01-18 23:00:00,1340,23,25.69318,3060.786,107.6832,1.310509,37.64754,0,1,2142.55,2142.233,542.3074,298.2699,840.5772,2,0,0,40.57722,800,0,146.8013,288.217,0.1441085,0.2046279,0.3172331,0,250,0.3172331,1599.925,30.61367,57.11694,0,0,7.033868,395.0311,294.9851,100.046,0,594.5518,3205.778,0,0,-7.993606e-15,4.263256e-14
naive,2026-01-18 23:15:00,1341,23.25,25.39383,3054.833,99.24509,0,37.8245,1,1,2138.383,2138.066,538.231,296.4728,834.7038,2,0,0,34.70377,800,0,136.2058,254.1202,0.1270601,0.181486,0.3172331,0,250,0.3172331,1599.835,26.26553,57.43178,0,0,11.55897,391.8836,293.1884,98.69523,591.7795,0,1118.948,0,-5.684342e-14,-1.115774e-14,4.263256e-14
naive,2026-01-18 23:30:00,1342,23.5,25.12853,3028.91,98.31801,0.4077315,37.94234,1,1,2120.237,2119.92,540.1964,297.3392,837.5356,2,0,0,37.53558,800,0,116.5001,224.9552,0.1124776,0.1600158,0.3172331,0,250,0.3172331,1579.723,28.48844,57.71081,0,0,9.453894,386.4911,287.9627,98.52847,587.0252,0,1109.126,0,0,-3.455569e-14,4.263256e-14
naive,2026-01-18 23:45:00,1343,23.75,24.95138,3001.831,105.9321,0,28.95193,1,1,2101.282,2100.964,541.6462,297.267,838.9132,2,5.980398,3.746276,29.18651,800,0,99.67913,200,0.1,0.141651,0.3172331,0,250,0.3172331,1559.318,22.1931,57.89712,0.2725352,0,6.758833,37.82307,28.06773,9.755342,326.5624,0,588.4606,0,0,-3.747003e-15,4.263256e-14
naive,2026-01-19 00:00:00,1344,0,24.54022,3008.251,120.6253,0,28.18378,1,1,2105.776,2105.459,1006.416,430.5015,1436.917,3,108.3613,2.447427,26.10844,800,500,0,324.9685,0.1624843,0.1259371,0.3172331,0,250,0.3172331,1099.043,19.93844,58.32955,12.26401,0,8.245333,37.90396,19.78277,18.12119,451.7698,0,859.0743,0,-5.684342e-14,1.24345e-13,4.263256e-14
naive,2026-01-19 00:15:00,1345,0.25,24.32413,2988.589,117.9201,0,29.86459,1,1,2092.012,2091.695,530.1983,292.9316,823.1298,2,0,0,23.12983,800,0,108.9896,297.67,0.148835,0.2046279,0.3172331,0,250,0.3172331,1561.497,17.70373,58.55682,9.066926,0,12.16086,37.65622,28.10694,9.549279,323.2201,0,596.2042,0,0,-3.641532e-14,4.263256e-14
naive,2026-01-19 00:30:00,1346,0.5,24.15498,3008.994,108.2255,0,27.24494,1,1,2106.296,2105.979,528.7006,292.2714,820.972,2,0,0,20.97199,800,0,95.83833,273.6635,0.1368318,0.1874384,0.3172331,0,250,0.3172331,1577.278,16.08049,58.73473,12.55948,0,11.16446,37.91333,28.39101,9.522322,322.6585,0,600.9056,0,-5.684342e-14,-3.438916e-14,4.263256e-14
naive,2026-01-19 00:45:00,1347,0.75,24.0576,3028.498,108.9314,2.998569,17.12619,1,1,2119.949,2119.631,531.1002,293.3292,824.4293,2,0,0,24.42933,800,0,109.2146,246.3168,0.1231584,0.1723219,0.3172331,0,250,0.3172331,1588.531,18.75047,58.83715,1.589416,1.125893,0,38.15908,28.59356,9.565513,321.9227,0,582.3376,0,5.684342e-14,-2.151057e-14,4.263256e-14
naive,2026-01-19 01:00:00,1348,1,23.82247,3057.801,86.58825,2.969572,17.46133,1,1,2140.461,2140.144,531.5628,293.5331,825.096,2,0,0,25.09597,800,0,109.0413,219.0177,0.1095088,0.1551021,0.3172331,0,250,0.3172331,1608.581,19.30935,59.08445,0,2.650213,0,38.5283,28.95446,9.573841,322.4876,0,583.0768,0,0,-3.672063e-14,4.263256e-14
naive,2026-01-19 01:15:00,1349,1.25,23.57406,3073.449,77.6166,0,9.094864,1,1,2151.414,2151.097,552.7202,300.1112,852.8315,2,23.10996,0.8893662,28.83214,800,0,75.93281,200,0.1,0.1379122,0.3172331,0,250,0.3172331,1598.376,22.24133,59.34571,0,0,0,38.72545,28.77078,9.954674,328.882,0,591.0001,0,-5.684342e-14,-6.994405e-15,4.263256e-14
naive,2026-01-19 01:30:00,1350,1.5,23.37506,3055.567,70.74451,0,13.12011,1,1,2138.897,2138.58,991.4852,426.3393,1417.824,3,88.02005,0.5757227,29.22871,800,500,0,324.9685,0.1624843,0.1259371,0.3172331,0,250,0.3172331,1147.095,22.59378,59.55501,0,0,0,38.50015,20.64771,17.85244,446.987,0,826.9745,0,-5.684342e-14,1.24345e-13,4.263256e-14
naive,2026-01-19 01:45:00,1351,1.75,23.06967,3057.876,55.08105,0,9.973263,1,1,2140.513,2140.196,533.1784,294.2454,827.4238,2,0,0,27.42383,800,0,89.86177,302.4519,0.151226,0.2046279,0.3172331,0,250,0.3172331,1607.018,21.26561,59.87621,0,0,0,38.52924,28.92632,9.602922,323.1717,0,578.9827,0,-5.684342e-14,-7.993606e-15,4.263256e-14
naive,2026-01-19 02:00:00,1352,2,22.8422,3021.809,76.23365,0,15.1343,1,1,2115.267,2114.949,529.7562,292.7367,822.4929,2,0,0,22.49287,800,0,86.3324,280.8212,0.1404106,0.1904495,0.3172331,0,250,0.3172331,1585.193,17.48286,60.11544,0,0,0,38.0748,28.53348,9.541321,321.2702,0,574.9105,0,-5.684342e-14,-1.181e-13,4.263256e-14
naive,2026-01-19 02:15:00,1353,2.25,22.70464,3033.78,66.26979,0,11.34913,1,1,2123.646,2123.329,530.3784,293.011,823.3894,2,0,0,23.38941,800,0,88.22302,258.7212,0.1293606,0.176829,0.3172331,0,250,0.3172331,1592.95,18.20544,60.26012,0,0,0,38.22563,28.67311,9.552522,321.6841,0,575.5756,0,-5.684342e-14,-9.262036e-14,4.263256e-14
naive,2026-01-19 02:30:00,1354,2.5,22.55965,3021.518,54.51252,0,17.88868,1,1,2115.063,2114.745,528.6301,292.2402,820.8703,2,0,0,20.87034,800,0,75.655,239.7668,0.1198834,0.162913,0.3172331,0,250,0.3172331,1586.115,16.26891,60.41261,0,0,1.619774,38.07113,28.55008,9.521052,321.0711,0,574.1781,0,1.136868e-13,-1.665335e-14,4.263256e-14
naive,2026-01-19 02:45:00,1355,2.75,22.25246,3057.076,52.73088,0,22.933,1,1,2139.953,2139.636,527.1167,291.5731,818.6897,2,0,0,18.68973,800,0,93.72175,216.2986,0.1081493,0.1509776,0.3172331,0,250,0.3172331,1612.519,14.615,60.7357,0,0,8.318001,38.51915,29.02534,9.49381,322.032,0,575.7363,0,0,3.599898e-14,4.263256e-14
naive,2026-01-19 03:00:00,1356,3,22.05196,3036.617,86.64036,1.60036,16.31469,1,1,2125.632,2125.315,555.6982,299.7042,855.4024,2,37.56793,0.8679793,16.9665,800,0,65.05812,200,0.1,0.1362,0.3172331,0,250,0.3172331,1569.617,13.29468,60.94657,0,0.7323812,3.020012,38.26138,28.2531,10.00828,328.4758,0,589.6501,0,-1.136868e-13,-1.165734e-15,4.263256e-14
naive,2026-01-19 03:15:00,1357,3.25,21.6316,3042.046,109.4352,0,17.57468,1,1,2129.432,2129.115,994.762,426.1838,1420.946,3,101.4701,0.4715657,19.00422,800,500,0,324.9685,0.1624843,0.1259371,0.3172331,0,250,0.3172331,1134.353,14.95532,61.38869,7.965139,0,2.619356,38.32978,20.41836,17.91143,447.0484,0,838.7743,0,1.136868e-13,1.24345e-13,4.263256e-14
naive,2026-01-19 03:30:00,1358,3.5,21.60675,3024.625,115.2565,0.4998431,22.30561,1,1,2117.238,2116.92,526.2334,291.1837,817.4171,2,0,0,17.41714,800,0,113.0341,296.6588,0.1483294,0.2046279,0.3172331,0,250,0.3172331,1590.687,13.70983,61.41483,2.497246,0.225026,8.595775,38.11028,28.63237,9.477912,321.2796,0,578.1634,0,0,9.148238e-14,4.263256e-14
naive,2026-01-19 03:45:00,1359,3.75,21.42,3045.254,130.3266,1.072732,15.81699,1,1,2131.678,2131.361,528.9966,292.4018,821.3984,2,0,0,21.3984,800,0,117.2311,267.3044,0.1336522,0.1868017,0.3172331,0,250,0.3172331,1602.364,16.87563,61.61124,13.88878,0.2794679,0,38.3702,28.84255,9.527649,321.2444,0,597.6163,0,0,-5.298539e-14,4.263256e-14
naive,2026-01-19 04:00:00,1360,4,21.34794,3063.171,114.9943,0.9146976,6.653516,1,1,2144.22,2143.902,530.5459,293.0848,823.6307,2,0,0,23.63072,800,0,139.4113,232.4095,0.1162047,0.1683176,0.3172331,0,250,0.3172331,1613.356,18.64975,61.68702,0,0,0,38.59595,29.04042,9.555536,322.1252,0,574.8526,0,0,2.514655e-14,4.263256e-14
naive,2026-01-19 04:15:00,1361,4.25,21.11526,3039.181,128.842,0,9.763061,1,1,2127.427,2127.11,558.1802,301.0086,859.1888,2,35.80038,2.152784,21.23565,800,0,129.4915,200,0.1,0.1463448,0.3172331,0,250,0.3172331,1568.929,16.79905,61.93175,0,0,0,38.29368,28.24073,10.05295,329.2493,0,588.8255,0,0,1.44329e-15,4.263256e-14
naive,2026-01-19 04:30:00,1362,4.5,21.03075,3092.921,171.0703,0,9.163529,1,1,2165.044,2164.727,1072.008,448.5997,1520.607,4,199.3005,1.025754,20.28118,800,500,0,324.9685,0.1624843,0.1259371,0.3172331,0,250,0.3172331,1092.72,16.0577,62.02062,0,0,0,38.9708,19.66895,19.30185,468.2687,0,866.7641,0,1.705303e-13,1.24345e-13,4.263256e-14
naive,2026-01-19 04:45:00,1363,4.75,21.02973,3102.061,202.8368,4.625463,10.42143,1,1,2171.442,2171.125,525.2856,290.7658,816.0514,2,0,0,16.05141,800,0,216.5367,270.7832,0.1353916,0.2046279,0.3172331,0,250,0.3172331,1645.84,12.7089,62.0217,0,3.984229,0,39.08596,29.62511,9.460851,320.3909,0,577.8803,0,0,1.056932e-13,4.263256e-14
naive,2026-01-19 05:00:00,1364,5,21.11209,3064.693,244.8429,3.067017,14.37758,1,1,2145.285,2144.968,529.1812,292.4768,821.658,2,0.05380186,0.1835289,21.42066,800,0,282.9622,200,0.1,0.1705082,0.3172331,0,250,0.3172331,1615.786,16.94596,61.93508,0,2.883488,0,38.61513,29.08416,9.530972,321.561,0,578.419,0,5.684342e-14,1.521006e-14,4.263256e-14
naive,2026-01-19 05:15:00,1365,5.25,20.90284,3049.122,311.7918,0,6.203519,1,1,2134.386,2134.068,1193.047,483.4592,1676.506,4,354.8199,0.4687851,21.21726,800,500,0,324.9685,0.1624843,0.1259371,0.3172331,0,250,0.3172331,941.0217,16.82056,62.15516,0,0,0,38.41894,16.93839,21.48055,500.3976,0,930.8707,0,5.684342e-14,1.24345e-13,4.263256e-14
naive,2026-01-19 05:30:00,1366,5.5,20.99765,3016.352,409.1085,0,14.27386,1,1,2111.447,2111.129,530.2143,292.9387,823.153,2,0,0,23.15301,800,0,437.7703,215.4748,0.1077374,0.2046279,0.3172331,0,250,0.3172331,1580.915,18.33762,62.05544,0,0,0,38.00604,28.45647,9.549568,321.3951,0,572.9779,0,0,-6.483702e-14,4.263256e-14
naive,2026-01-19 05:45:00,1367,5.75,20.97483,2987.937,515.4698,0,12.48967,1,1,2091.556,2091.238,887.2356,396.5329,1283.768,3,452.2424,8.84408,22.68204,800,0,61.76342,200,0.1,0.1356813,0.3172331,0,250,0.3172331,1204.003,17.96874,62.07944,1.464014,0,0,37.648,21.67205,15.97595,418.2049,0,769.0959,0,0,2.498002e-16,4.263256e-14
naive,2026-01-19 06:00:00,1368,6,20.88791,3012.487,580.1944,0,13.24602,1,1,2108.741,2108.423,1377.406,537.1179,1914.524,4,586.9652,5.37364,22.18475,800,500,0,324.9685,0.1624843,0.1259371,0.3172331,0,250,0.3172331,731.0178,17.59022,62.17086,0,0,0,37.95733,13.15832,24.79901,550.2762,0,1030.61,0,2.273737e-13,1.24345e-13,4.263256e-14
naive,2026-01-19 06:15:00,1369,6.25,20.98008,2987.657,675.66,0,22.36279,1,1,2091.36,2091.043,655.6466,328.8731,984.5197,2,162.7644,3.456864,18.29844,800,0,499.6694,200,0.1,0.2046279,0.3172331,0,250,0.3172331,1435.396,14.49528,62.07392,13.22622,0,7.867509,37.64448,25.83713,11.80735,356.0342,0,665.0505,0,-1.136868e-13,-7.993606e-15,4.263256e-14
naive,2026-01-19 06:30:00,1370,6.5,20.98581,3030.017,714.4624,0,24.38849,1,1,2121.012,2120.695,1450.738,549.2619,2000,4,728.3583,2.824324,14.28832,754.529,500,0,324.9685,0.1624843,0.1259371,0.3172331,0,250,0.3172331,669.9569,11.31797,58.54003,0,0,13.07053,38.17822,12.05922,26.119,563.521,0,1061.184,0,2.273737e-13,1.24345e-13,4.263256e-14
naive,2026-01-19 06:45:00,1371,6.75,21.00637,3017.988,757.5012,1.885449,23.68357,1,1,2112.592,2112.275,733.8045,351.0354,1084.84,3,266.1071,0.5546161,18.17822,800,0,499.6694,200,0.1,0.2046279,0.3172331,0,250,0.3172331,1378.47,14.39622,62.04627,0,1.330833,9.287349,38.02665,24.81246,13.21419,377.4116,0,687.3168,0,-1.136868e-13,-7.993606e-15,4.263256e-14
naive,2026-01-19 07:00:00,1372,7,20.98878,3041.568,771.5138,2.535912,15.32652,1,1,2129.097,2128.78,1458.763,541.2366,2000,4,784.6,1.936211,24.79003,688.6738,500,0,324.9685,0.1624843,0.1259371,0.3172331,0,250,0.3172331,670.0168,19.63593,53.42798,0,0.5997009,0,38.32375,12.0603,26.26345,553.2969,0,1047.522,0,2.273737e-13,1.24345e-13,4.263256e-14
naive,2026-01-19 07:15:00,1373,7.25,21.10687,3114.179,753.8041,0,24.41002,1,1,2179.925,2179.608,742.8211,354.3417,1097.163,3,271.7276,1.918103,23.51705,800,0,499.6694,200,0.1,0.2046279,0.3172331,0,250,0.3172331,1436.787,18.6054,61.94057,0,0,5.804621,39.23865,25.86216,13.37649,381.183,0,692.6829,0,0,-7.993606e-15,4.263256e-14
naive,2026-01-19 07:30:00,1374,7.5,21.21373,3125.459,740.1351,0,21.55914,1,1,2187.822,2187.504,1452.27,547.73,2000,4,735.3235,2.277985,26.5026,735.896,500,0,324.9685,0.1624843,0.1259371,0.3172331,0,250,0.3172331,735.2344,20.94474,56.87389,4.811642,0,0.6143932,39.38079,13.23422,26.14657,561.0681,0,1066.453,0,-1.136868e-13,1.24345e-13,4.263256e-14
naive,2026-01-19 07:45:00,1375,7.75,21.30615,3145.647,685.3326,0,26.47249,1,1,2201.953,2201.635,679.7246,337.1412,1016.866,3,182.4909,1.119909,33.25506,800,0,499.6694,200,0.1,0.2046279,0.3172331,0,250,0.3172331,1521.911,26.25656,61.73097,3.172272,0,0.2159306,39.63515,27.39439,12.24075,364.5722,0,665.1691,0,-5.684342e-14,-7.993606e-15,4.263256e-14
naive,2026-01-19 08:00:00,1376,8,21.30981,3196.106,604.1152,376.8713,26.62795,1,1,2237.274,2236.957,1441.755,558.2454,2000,4,609.5973,119.8565,32.0169,738.5293,500,0,324.9685,0.1624843,0.1259371,0.3172331,0,250,0.3172331,795.2022,25.27803,56.98411,0,257.0148,1.349917,40.27093,14.31364,25.95729,572.7876,0,1524.819,0,-2.273737e-13,1.24345e-13,4.263256e-14
naive,2026-01-19 08:15:00,1377,8.25,21.38491,3202.432,531.3977,376.8898,33.64187,1,1,2241.703,2241.385,642.1005,339.6018,981.7023,2,22.3754,124.1131,35.21381,800,0,499.6694,200,0.1,0.2046279,0.3172331,0,250,0.3172331,1599.285,27.78091,61.64815,9.35284,252.7767,5.860962,40.35065,28.78713,11.56352,369.3827,0,1121.585,0,0,-7.993606e-15,4.263256e-14
naive,2026-01-19 08:30:00,1378,8.5,21.59109,3231.729,432.0757,367.348,29.51527,1,1,2262.21,2261.893,1364.934,548.6899,1913.624,4,443.4689,125.4271,44.72782,800,500,0,324.9685,0.1624843,0.1259371,0.3172331,0,250,0.3172331,896.959,35.21293,61.4313,0,241.9208,0,40.71978,16.14526,24.57452,564.8352,0,1477.874,0,0,1.24345e-13,4.263256e-14
naive,2026-01-19 08:45:00,1379,8.75,21.92096,3226.289,358.665,372.9863,32.60779,1,1,2258.403,2258.085,550.4042,301.8393,852.2435,2,0,0,52.24354,800,0,475.3043,206.0913,0.1030456,0.2046279,0.3172331,0,250,0.3172331,1707.681,40.99197,61.08435,9.760292,246.5867,0,40.65125,30.73826,9.912986,332.5776,0,1038.634,0,0,-7.993606e-15,4.263256e-14
naive,2026-01-19 09:00:00,1380,9,22.08859,3236.135,308.0614,381.785,36.86393,1,1,2265.294,2264.977,842.1489,400.1373,1242.286,3,254.856,127.563,59.86717,800,0,24.23534,200,0.1,0.1297727,0.3172331,0,250,0.3172331,1422.828,46.89343,60.90805,28.97004,254.222,0,40.7753,25.61091,15.16439,425.7482,0,1271.481,0,1.136868e-13,7.771561e-16,4.263256e-14
naive,2026-01-19 09:15:00,1381,9.25,22.45264,3260.021,250.4142,382.9018,39.82284,1,1,2282.015,2281.698,1220.024,509.3668,1729.391,4,237.008,129.2127,63.16984,800,500,0,324.9685,0.1624843,0.1259371,0.3172331,0,250,0.3172331,1061.674,49.2964,60.52516,13.40613,253.6891,0,41.07627,19.11013,21.96614,528.4769,0,1449.602,0,5.684342e-14,1.24345e-13,4.263256e-14
naive,2026-01-19 09:30:00,1382,9.5,22.63723,3279.942,226.6186,389.2204,35.53926,1,1,2295.959,2295.642,560.1466,306.1343,866.2808,2,0,0,66.28083,800,0,305.7714,248.4745,0.1242372,0.2046279,0.3172331,0,250,0.3172331,1735.496,51.62628,60.33102,50.13223,259.9353,0,41.32727,31.23892,10.08835,337.3732,0,1141.74,0,0,-6.483702e-14,4.263256e-14
naive,2026-01-19 09:45:00,1383,9.75,22.68915,3280.72,166.7888,404.0056,47.97115,1,1,2296.504,2296.187,616.965,331.1826,948.1476,2,0,81.0476,67.09998,800,0,193.7415,200,0.1,0.1564607,0.3172331,0,250,0.3172331,1679.222,52.23645,60.27641,24.9548,271.0505,0,41.33707,30.22599,11.11108,361.4086,0,1165.615,0,0,-5.356826e-15,4.263256e-14
naive,2026-01-19 10:00:00,1384,10,22.97368,3308.836,122.6776,410.0057,58.82458,1,1,2316.185,2315.868,1125.689,482.8135,1608.502,4,110.6256,129.9485,67.92787,800,500,0,324.9685,0.1624843,0.1259371,0.3172331,0,250,0.3172331,1190.18,52.72633,59.97716,12.05199,280.0572,6.098251,41.69134,21.42323,20.2681,505.3023,0,1447.019,0,5.684342e-14,1.24345e-13,4.263256e-14
naive,2026-01-19 10:15:00,1385,10.25,23.05527,3343.899,105.411,414.1584,60.75329,1,1,2340.729,2340.412,573.7126,312.1148,885.8274,2,0,0,85.82742,800,0,249.6752,262.4986,0.1312493,0.2046279,0.3172331,0,250,0.3172331,1766.699,66.56413,59.89134,0,278.2769,0,42.13313,31.80059,10.33254,343.9154,0,1100.481,0,5.684342e-14,-1.216804e-13,4.263256e-14
naive,2026-01-19 10:30:00,1386,10.5,23.32141,3376.08,95.11751,406.5249,69.51306,1,1,2363.256,2362.939,579.5278,314.6785,894.2062,2,0,0,94.20625,800,0,246.669,200.79,0.100395,0.1652915,0.3172331,0,250,0.3172331,1783.411,72.86182,59.61143,0,269.7194,0,42.53861,32.1014,10.43721,346.7799,0,1091.763,0,5.684342e-14,-2.93654e-14,4.263256e-14
naive,2026-01-19 10:45:00,1387,10.75,23.67754,3390.389,84.58536,407.142,82.01349,1,1,2373.272,2372.955,760.5146,382.0672,1142.582,3,104.2301,135.2397,103.112,800,0,3.033486,200,0.1,0.1264345,0.3172331,0,250,0.3172331,1612.44,79.45598,59.23687,0,271.9023,2.557511,42.7189,29.02393,13.69497,411.5442,0,1225.478,0,5.684342e-14,2.220446e-16,4.263256e-14
naive,2026-01-19 11:00:00,1388,11,23.85551,3380.9,104.5561,409.2102,92.29518,1,1,2366.63,2366.313,1157.156,497.4489,1654.605,4,104.2137,134.9718,115.4197,800,500,0,324.9685,0.1624843,0.1259371,0.3172331,0,250,0.3172331,1209.157,88.77576,59.0497,0.3423844,274.2383,3.519416,42.59934,21.76482,20.83453,519.8392,0,1446.899,0,0,1.24345e-13,4.263256e-14
naive,2026-01-19 11:15:00,1389,11.25,24.06471,3415.345,104.4353,411.6414,106.0847,1,1,2390.742,2390.425,603.7262,325.3463,929.0726,2,0,0,129.0726,800,0,234.1279,266.3854,0.1331927,0.2046279,0.3172331,0,250,0.3172331,1786.698,99.06091,58.82967,4.849371,277.0994,7.023806,43.03335,32.16057,10.87278,358.7605,0,1137.699,0,-5.684342e-14,-6.483702e-14,4.263256e-14
naive,2026-01-19 11:30:00,1390,11.5,24.60723,3449.319,86.24813,423.3426,116.5448,1,1,2414.523,2414.206,611.1958,328.6393,939.835,2,0,0,139.835,800,0,225.0393,210.0836,0.1050418,0.167739,0.3172331,0,250,0.3172331,1803.01,106.714,58.25908,0,288.5383,9.830794,43.46141,32.45418,11.00723,362.8669,0,1157.921,0,0,-4.996004e-15,4.263256e-14
naive,2026-01-19 11:45:00,1391,11.75,24.85556,3434.05,77.91213,429.4258,123.1028,1,1,2403.835,2403.518,755.6202,386.1974,1141.818,3,51.37233,136.0028,154.4425,800,0,40.20221,200,0.1,0.1322866,0.3172331,0,250,0.3172331,1647.897,117.5548,57.9979,0,293.423,5.548029,43.26903,29.66215,13.60687,416.8654,0,1274.638,0,-1.705303e-13,-1.831868e-15,4.263256e-14
naive,2026-01-19 12:00:00,1392,12,25.10589,3391.694,87.49249,425.0798,127.1917,1,1,2374.186,2373.869,1189.695,512.9103,1702.606,4,94.82642,136.9103,170.869,800,500,0,324.9685,0.1624843,0.1259371,0.3172331,0,250,0.3172331,1184.173,129.7157,57.73461,0,288.1695,0,432.5864,215.7612,216.8251,728.6716,0,1889.484,0,-2.273737e-13,1.24345e-13,4.263256e-14
naive,2026-01-19 12:15:00,1393,12.25,25.42108,3410.258,71.37871,426.2174,139.0234,1,1,2387.18,2386.863,646.7658,344.3203,991.0861,2,0,0,191.0861,800,0,235.5654,266.026,0.133013,0.2046279,0.3172331,0,250,0.3172331,1740.097,144.5817,57.40312,0,286.5713,0,437.7191,319.0684,118.6507,663.3886,0,1756.534,0,-5.684342e-14,-3.641532e-14,4.263256e-14
naive,2026-01-19 12:30:00,1394,12.5,25.61781,3455.335,82.15477,419.5125,148.0889,1,1,2418.735,2418.418,651.6191,346.4599,998.079,2,0,0,198.079,800,0,247.7531,204.0458,0.1020229,0.1675127,0.3172331,0,250,0.3172331,1766.798,149.561,57.19621,0,281.3979,0,445.2718,325.255,120.0168,671.7148,0,1764.495,0,-5.684342e-14,-4.857226e-15,4.263256e-14
naive,2026-01-19 12:45:00,1395,12.75,25.81236,3488.448,70.52314,424.446,163.7662,1,1,2441.913,2441.596,841.6821,417.6997,1259.382,3,105.4922,141.2864,212.6031,800,0,16.05491,200,0.1,0.1284847,0.3172331,0,250,0.3172331,1599.914,160.1967,56.99159,0,283.1596,3.56954,451.3169,295.6978,155.6192,714.0572,0,1852.449,0,0,1.776357e-15,4.263256e-14
naive,2026-01-19 13:00:00,1396,13,26.06346,3465.628,75.74174,413.8542,167.3498,1,1,2425.939,2425.622,1232.879,530.4598,1763.339,4,107.3349,139.0695,216.9345,800,500,0,324.9685,0.1624843,0.1259371,0.3172331,0,250,0.3172331,1192.743,163.0246,56.7275,0,274.7848,4.325201,450.6652,221.5751,229.0901,752.8384,0,1915.862,0,0,1.24345e-13,4.263256e-14
naive,2026-01-19 13:15:00,1397,13.25,25.94812,3507.868,83.5488,420.9178,171.7178,1,1,2455.508,2455.19,678.6549,358.3786,1037.033,3,0,0,237.0335,800,0,233.2256,266.6109,0.1333055,0.2046279,0.3172331,0,250,0.3172331,1776.535,178.3476,56.8488,0,287.506,0,455.0854,329.2498,125.8356,687.6284,0,1807.25,0,-1.136868e-13,-1.216804e-13,4.263256e-14
naive,2026-01-19 13:30:00,1398,13.5,26.32553,3487.421,65.59916,414.6101,188.6376,1,1,2441.195,2440.877,689.409,363.1195,1052.528,3,0,0,252.5284,800,0,223.9593,210.5792,0.1052896,0.167881,0.3172331,0,250,0.3172331,1751.469,189.2437,56.45187,0,280.3602,0,455.9408,327.121,128.8199,690.2405,0,1800.594,0,5.684342e-14,8.409939e-15,4.263256e-14
naive,2026-01-19 13:45:00,1399,13.75,26.37038,3514.199,67.00002,424.3076,198.9885,1,1,2459.939,2459.622,818.2674,415.8877,1234.155,3,33.95213,133.9211,266.2819,800,0,42.18403,200,0.1,0.1325986,0.3172331,0,250,0.3172331,1641.355,199.455,56.40469,0,290.3865,0,459.8655,306.8378,153.0277,722.7255,0,1882.912,0,-1.705303e-13,-1.332268e-15,4.263256e-14
naive,2026-01-19 14:00:00,1400,14,26.40776,3501.742,69.10955,427.1875,200.281,1,1,2451.219,2450.902,1250.931,542.2915,1793.223,4,74.77392,140.8401,277.6088,800,500,0,324.9685,0.1624843,0.1259371,0.3172331,0,250,0.3172331,1199.971,207.8563,56.36538,0,286.3474,0,458.5878,224.4972,234.0906,766.7888,0,1964.116,0,0,1.24345e-13,4.263256e-14
naive,2026-01-19 14:15:00,1401,14.25,26.64827,3523.911,78.1483,420.9464,210.489,1,1,2466.738,2466.42,712.8428,373.4503,1086.293,3,0,0,286.2931,800,0,217.6297,270.5099,0.135255,0.2046279,0.3172331,0,250,0.3172331,1753.577,213.8076,56.11242,2.556092,278.909,0,463.7867,329.701,134.0857,703.1513,0,1828.703,0,1.136868e-13,4.884981e-14,4.263256e-14
naive,2026-01-19 14:30:00,1402,14.5,26.81147,3528.444,93.84419,416.0142,208.7226,1,1,2469.911,2469.594,721.3475,377.1995,1098.547,3,0,0,298.547,800,0,229.6284,213.0603,0.1065301,0.1703361,0.3172331,0,250,0.3172331,1748.246,222.5692,55.94078,6.661482,273.5685,0,465.956,329.8118,136.1442,707.0114,0,1834.486,0,-5.684342e-14,-5.903611e-14,4.263256e-14
naive,2026-01-19 14:45:00,1403,14.75,26.79834,3512.063,94.83642,407.8361,218.0214,1,1,2458.444,2458.127,847.366,427.3257,1274.692,3,45.63759,134.407,294.647,800,0,52.10688,200,0.1,0.1341609,0.3172331,0,250,0.3172331,1610.761,219.6927,55.95459,0,273.429,0,463.6664,303.792,159.8744,731.1177,0,1870.952,0,-5.684342e-14,3.441691e-15,4.263256e-14
naive,2026-01-19 15:00:00,1404,15,26.96631,3519.158,79.79086,402.366,215.5141,1,1,2463.411,2463.093,1277.057,551.7169,1828.774,4,92.36212,133.7141,302.6979,800,500,0,324.9685,0.1624843,0.1259371,0.3172331,0,250,0.3172331,1186.036,225.2888,55.77792,0,268.6519,0,466.2279,224.4705,241.7573,776.1874,0,1953.049,0,0,1.24345e-13,4.263256e-14
naive,2026-01-19 15:15:00,1405,15.25,26.94652,3488.854,85.18894,397.6953,217.2278,1,1,2442.198,2441.88,726.2006,379.339,1105.54,3,0,0,305.5396,800,0,245.3925,263.5692,0.1317846,0.2046279,0.3172331,0,250,0.3172331,1715.68,227.4522,55.79875,0,259.5559,0,462.0226,324.5777,137.4449,703.9167,0,1792.794,0,0,2.04281e-14,4.263256e-14
naive,2026-01-19 15:30:00,1406,15.5,26.97418,3468.308,86.41482,394.2971,213.6936,1,1,2427.816,2427.498,725.8606,379.1891,1105.05,3,0,0,305.0497,800,0,248.9154,201.2989,0.1006495,0.1659657,0.3172331,0,250,0.3172331,1701.638,227.02,55.76965,0,258.4622,0,459.5663,322.1066,137.4597,701.2957,0,1785.698,0,0,5.162537e-15,4.263256e-14
naive,2026-01-19 15:45:00,1407,15.75,26.88555,3450.145,102.4638,398.0296,200.2685,1,1,2415.102,2414.784,907.5517,445.402,1352.954,3,116.7254,131.456,304.7723,800,0,5.068855,200,0.1,0.126755,0.3172331,0,250,0.3172331,1507.233,227.0297,55.86287,0,266.5736,0,456.3175,284.7817,171.5359,730.1836,0,1857.361,0,1.136868e-13,4.163336e-16,4.263256e-14
naive,2026-01-19 16:00:00,1408,16,26.87421,3419.154,137.5319,393.6816,195.4771,1,1,2393.407,2393.09,1316.03,562.5191,1878.549,4,145.985,132.5194,300.0447,800,500,0,324.9685,0.1624843,0.1259371,0.3172331,0,250,0.3172331,1077.06,223.5352,55.87479,0,261.1623,0,452.1121,203.4555,248.6566,765.9746,0,1919.595,0,2.273737e-13,1.24345e-13,4.263256e-14
naive,2026-01-19 16:15:00,1409,16.25,27.00955,3433.962,171.025,396.1118,204.3736,1,1,2403.773,2403.456,721.7954,377.397,1099.192,3,0,0,299.1924,800,0,296.2087,250.8652,0.1254326,0.2046279,0.3172331,0,250,0.3172331,1681.66,222.5763,55.73245,2.871783,268.0563,0,455.3507,318.5597,136.791,695.9567,0,1796.565,0,-1.136868e-13,-7.993606e-15,4.263256e-14
naive,2026-01-19 16:30:00,1410,16.5,27.09428,3442.209,210.3644,390.5611,200.4059,1,1,2409.546,2409.229,807.4427,415.1545,1222.597,3,0,126.4289,296.1683,800,0,203.3028,200,0.1,0.1579661,0.3172331,0,250,0.3172331,1601.786,220.1259,55.64334,8.360963,262.8329,0,457.2515,303.9656,153.2859,719.1201,0,1843.451,0,1.136868e-13,-1.229572e-14,4.263256e-14
naive,2026-01-19 16:45:00,1411,16.75,27.18842,3422.499,225.824,388.2149,188.5676,1,1,2395.749,2395.432,1374.602,577.6129,1952.215,4,236.1646,127.2547,288.7959,800,500,0,324.9685,0.1624843,0.1259371,0.3172331,0,250,0.3172331,1020.83,214.4288,55.54432,0,260.9602,0,455.5285,194.1009,261.4276,771.7138,0,1931.097,0,-1.136868e-13,1.24345e-13,4.263256e-14
naive,2026-01-19 17:00:00,1412,17,27.34675,3379.439,242.1616,386.3529,179.2011,1,1,2365.607,2365.29,708.8649,371.6966,1080.561,3,0,0,280.5614,800,0,396.3455,225.831,0.1129155,0.2046279,0.3172331,0,250,0.3172331,1656.425,207.9594,55.3778,0,261.3846,0,451.2919,315.9997,135.2921,687.6963,0,1763.981,0,-1.136868e-13,-7.993606e-15,4.263256e-14
naive,2026-01-19 17:15:00,1413,17.25,27.36317,3375.768,283.1708,382.3776,175.7203,1,1,2363.038,2362.72,956.1428,455.0151,1411.158,3,215.9877,128.5011,266.669,800,0,103.1817,200,0.1,0.1422025,0.3172331,0,250,0.3172331,1406.578,197.627,55.36053,0,253.8765,0,450.957,268.4282,182.5288,723.4434,0,1822.543,0,-1.136868e-13,-5.995204e-15,4.263256e-14
naive,2026-01-19 17:30:00,1414,17.5,27.28462,3364.613,345.3648,372.4178,168.0106,1,1,2355.229,2354.912,1421.799,578.2009,2000,4,375.8407,122.9654,249.8881,751.3058,500,0,324.9685,0.1624843,0.1259371,0.3172331,0,250,0.3172331,933.1128,185.3477,52.06845,0,249.4524,0,448.7269,177.7801,270.9468,755.9809,0,1883.69,0,1.136868e-13,1.24345e-13,4.263256e-14
naive,2026-01-19 17:45:00,1415,17.75,27.24172,3360.362,402.0695,374.8945,160.581,1,1,2352.254,2351.936,710.2451,372.305,1082.55,3,0,53.97331,228.5768,800,0,499.6694,200,0.1,0.2046279,0.3172331,0,250,0.3172331,1641.691,169.6191,55.48827,0,252.0183,0,447.7574,312.5,135.2573,684.8051,0,1741.917,0,-1.136868e-13,-7.993606e-15,4.263256e-14
naive,2026-01-19 18:00:00,1416,18,27.43459,3337.646,453.6323,0,153.7057,1,1,2336.352,2336.035,1430.719,569.2811,2000,4,498.301,3.951594,223.2541,774.4933,500,0,324.9685,0.1624843,0.1259371,0.3172331,0,250,0.3172331,905.3162,165.3248,53.52274,0,0,0,446.5339,173.028,273.5059,742.3091,0,1424.405,0,-2.273737e-13,1.24345e-13,4.263256e-14
naive,2026-01-19 18:15:00,1417,18.25,27.39983,3310.68,522.9294,0,146.4396,1,1,2317.476,2317.158,707.7193,364.5881,1072.307,3,55.5108,3.35675,213.4398,800,0,499.6694,200,0.1,0.2046279,0.3172331,0,250,0.3172331,1609.439,158.1165,55.32198,0,0,0,442.6026,307.3784,135.2242,671.9665,0,1281.696,0,1.705303e-13,-7.993606e-15,4.263256e-14
naive,2026-01-19 18:30:00,1418,18.5,27.38742,3324.677,603.3061,0.9914101,138.4985,1,1,2327.274,2326.957,1445.161,554.8392,2000,4,616.6442,1.282819,198.5435,683.5295,500,0,324.9685,0.1624843,0.1259371,0.3172331,0,250,0.3172331,881.7959,147.101,47.2789,0,0,0,444.3581,168.3657,275.9924,723.2049,0,1393.221,0,2.273737e-13,1.24345e-13,4.263256e-14
naive,2026-01-19 18:45:00,1419,18.75,27.30601,3284.038,647.763,0,127.7553,1,1,2298.827,2298.509,769.9623,379.9912,1149.954,3,156.6935,8.566962,184.6931,800,0,499.6694,200,0.1,0.2046279,0.3172331,0,250,0.3172331,1528.547,136.9595,55.42065,0,0,0,438.1773,291.355,146.8223,671.3462,0,1280.344,0,-1.136868e-13,-7.993606e-15,4.263256e-14
naive,2026-01-19 19:00:00,1420,19,27.25493,3258.369,692.184,0,109.5341,1,0,2280.858,2280.541,1453.068,546.9318,2000,4,684.0787,8.026655,169.9296,637.965,500,0,324.9685,0.1624843,0.1259371,0.3172331,0,250,0.3172331,827.4727,126.081,44.23839,8.105224,0,0,434.2872,157.5551,276.7321,704.4869,0,1373.187,0,1.136868e-13,1.24345e-13,4.263256e-14
naive,2026-01-19 19:15:00,1421,19.25,27.21371,3196.151,743.6101,0.7298946,101.9161,0,0,2237.306,2236.988,787.813,381.4713,1169.284,3,210.4044,1.750134,157.1297,800,0,499.6694,200,0.1,0.2046279,0.3172331,0,250,0.3172331,1449.175,116.6359,55.51773,33.53627,0,0,425.6271,275.6925,149.9346,0,657.1638,3609.793,0,-5.684342e-14,-7.993606e-15,4.263256e-14
naive,2026-01-19 19:30:00,1422,19.5,27.10109,3177.452,735.087,10.4345,96.11782,0,0,2224.216,2223.899,1456.554,543.446,2000,4,723.0884,0.9704702,143.1378,632.8033,500,0,324.9685,0.1624843,0.1259371,0.3172331,0,250,0.3172331,767.3449,106.3788,44.00845,11.99865,9.464028,0,422.1421,145.6372,276.5049,0,689.0832,3777.471,0,0,1.24345e-13,4.263256e-14
naive,2026-01-19 19:45:00,1423,19.75,26.95663,3157.144,734.0513,7.828614,93.12347,0,0,2210.001,2209.684,760.3334,370.1958,1130.529,3,203.353,1.909612,125.2666,800,0,499.6694,200,0.1,0.2046279,0.3172331,0,250,0.3172331,1449.35,93.24178,55.78811,31.02879,5.919002,0,418.183,274.2504,143.9326,0,644.4462,3545.427,0,-1.136868e-13,-7.993606e-15,4.263256e-14
naive,2026-01-19 20:00:00,1424,20,26.71875,3141.71,684.0936,1.693932,91.35576,0,0,2199.197,2198.88,1450.808,549.192,2000,4,691.7803,4.386016,109.4725,694.3612,500,0,324.9685,0.1624843,0.1259371,0.3172331,0,250,0.3172331,748.0721,81.69382,48.63852,0,0,9.661941,414.0884,140.855,273.2334,0,691.8663,3750.546,0,0,1.24345e-13,4.263256e-14
naive,2026-01-19 20:15:00,1425,20.25,26.46219,3149.207,636.6073,6.389796,82.06159,0,0,2204.445,2204.128,723.4423,357.5746,1081.017,3,172.7355,3.523516,104.7578,800,0,499.6694,200,0.1,0.2046279,0.3172331,0,250,0.3172331,1480.686,78.3905,56.30814,0,2.86628,3.671086,412.8824,277.3256,135.5568,0,635.5878,3437.33,0,-1.136868e-13,-7.993606e-15,4.263256e-14
naive,2026-01-19 20:30:00,1426,20.5,26.3586,3124.146,590.1728,10.52951,81.14449,0,0,2186.902,2186.585,1438.83,561.1696,2000,4,611.2119,0.7397514,89.9811,798.0672,500,0,324.9685,0.1624843,0.1259371,0.3172331,0,250,0.3172331,747.7548,67.40765,56.28079,0,9.789759,13.73684,408.7245,139.7528,268.9717,0,703.4897,3822.765,0,0,1.24345e-13,4.263256e-14
naive,2026-01-19 20:45:00,1427,20.75,26.28791,3126.827,552.5918,7.459938,72.68878,0,0,2188.779,2188.461,601.5624,319.8509,921.4134,2,38.17691,1.940606,81.29586,800,0,499.6694,200,0.1,0.2046279,0.3172331,0,250,0.3172331,1586.899,60.94724,56.49143,14.74547,5.519332,11.74154,408.4815,296.1555,112.326,0,618.1977,3371.491,0,-1.136868e-13,-7.993606e-15,4.263256e-14
naive,2026-01-19 21:00:00,1428,21,26.22856,3107.727,492.1884,10.1023,71.06562,0,0,2175.409,2175.092,1338.09,530.977,1869.067,4,492.8887,2.842756,73.33562,800,500,0,324.9685,0.1624843,0.1259371,0.3172331,0,250,0.3172331,837.0018,55.01429,56.55386,0,7.259547,16.05133,405.4924,156.0156,249.4767,0,689.9845,3743.815,0,0,1.24345e-13,4.263256e-14
naive,2026-01-19 21:15:00,1429,21.25,26.04554,3089.014,422.3646,13.99743,63.7254,0,0,2162.31,2161.992,561.9533,306.9308,868.8841,2,0,0,68.88406,800,0,414.6394,221.2575,0.1106288,0.2046279,0.3172331,0,250,0.3172331,1600.039,51.77571,56.74634,8.176096,13.54654,11.94969,401.5438,297.1294,104.4144,0,606.2793,3308.168,0,0,-7.993606e-15,4.263256e-14
naive,2026-01-19 21:30:00,1430,21.5,25.74014,3038.366,372.9324,0,58.56411,0,0,2126.856,2126.539,768.4786,365.8664,1134.345,3,269.9325,0.002918072,64.40959,800,0,84.89076,200,0.1,0.1393226,0.3172331,0,250,0.3172331,1358.06,48.56991,57.06755,18.10916,0,9.994192,392.5113,250.63,141.8813,0,618.3408,3367.912,0,-5.684342e-14,-5.52336e-15,4.263256e-14
naive,2026-01-19 21:45:00,1431,21.75,25.61767,3051.021,337.2976,3.342717,46.14182,0,0,2135.715,2135.398,1183.474,485.2314,1668.706,4,304.4489,3.628949,60.62793,800,500,0,324.9685,0.1624843,0.1259371,0.3172331,0,250,0.3172331,951.9233,45.77764,57.19636,32.84869,0,0.364174,393.1688,175.2418,217.927,0,660.5402,3625.289,0,1.705303e-13,1.24345e-13,4.263256e-14
naive,2026-01-19 22:00:00,1432,22,25.4855,3065.066,301.7313,0,39.93808,0,0,2145.546,2145.229,554.5356,303.6607,858.1963,2,0,0,58.19633,800,0,252.116,261.8883,0.1309442,0.2046279,0.3172331,0,250,0.3172331,1590.693,44.00318,57.33536,51.84966,0,0,393.9244,292.0528,101.8715,0,595.7135,3301.363,0,0,2.04281e-14,4.263256e-14
naive,2026-01-19 22:15:00,1433,22.25,25.07164,3036.197,237.525,0,40.79158,0,0,2125.338,2125.021,553.0074,302.9869,855.9943,2,0,0,55.9943,800,0,219.5813,206.9518,0.1034759,0.1649073,0.3172331,0,250,0.3172331,1572.013,42.52358,57.77064,18.36219,0,0,386.9795,286.2307,100.7488,0,589.2176,3207.38,0,0,-1.46827e-14,4.263256e-14
naive,2026-01-19 22:30:00,1434,22.5,24.95504,3021.335,208.0044,0,41.42863,0,0,2114.934,2114.617,667.3982,335.552,1002.95,3,150.1699,0.230551,52.54976,800,0,27.67688,200,0.1,0.1303145,0.3172331,0,250,0.3172331,1447.219,39.95672,57.89328,30.15765,0,1.47191,38.06882,26.04994,12.01888,0,361.8693,1977.173,0,-1.136868e-13,1.304512e-15,4.263256e-14
naive,2026-01-19 22:45:00,1435,22.75,24.80444,2979.055,167.7351,0,40.30354,0,0,2085.339,2085.022,1053.65,446.665,1500.315,4,147.5322,1.708333,51.0745,800,500,0,324.9685,0.1624843,0.1259371,0.3172331,0,250,0.3172331,1031.372,38.89652,58.05166,20.20296,0,1.407017,37.5361,18.56469,18.97141,0,465.4845,2529.707,0,5.684342e-14,1.24345e-13,4.263256e-14
naive,2026-01-19 23:00:00,1436,23,24.79044,2979.295,155.1174,0,34.56975,0,1,2085.507,2085.19,545.9493,299.8754,845.8248,2,0,0,45.82478,800,0,125.8483,293.4553,0.1467276,0.2046279,0.3172331,0,250,0.3172331,1539.24,34.90365,58.06639,32.21978,0,0,37.53912,27.70632,9.832798,0,327.5818,1791.954,0,-5.684342e-14,-3.641532e-14,4.263256e-14
naive,2026-01-19 23:15:00,1437,23.25,24.40898,2960.767,150.6586,0,27.36356,1,1,2072.537,2072.219,544.1229,299.0703,843.1932,2,0,0,43.1932,800,0,115.7781,264.4646,0.1322323,0.1847845,0.3172331,0,250,0.3172331,1528.097,33.03106,58.46759,36.88042,0,0,37.30566,27.50574,9.799923,326.576,0,650.9947,0,0,-6.336598e-14,4.263256e-14
naive,2026-01-19 23:30:00,1438,23.5,24.00901,2981.014,116.7167,0,22.62445,1,1,2086.71,2086.393,544.9203,299.4218,844.3421,2,0,0,44.34206,800,0,106.4763,237.8039,0.1189019,0.1665295,0.3172331,0,250,0.3172331,1541.472,34.05151,58.88826,11.26534,0,0,37.56078,27.7465,9.814275,327.1683,0,607.52,0,-5.684342e-14,-5.57332e-14,4.263256e-14
naive,2026-01-19 23:45:00,1439,23.75,23.87967,2984.469,137.8873,0,20.89011,1,1,2089.129,2088.811,537.8394,296.3002,834.1396,2,0,0,34.1396,800,0,107.2509,210.9537,0.1054768,0.1497416,0.3172331,0,250,0.3172331,1550.972,26.25207,59.02429,32.2716,0,0,37.60431,27.91749,9.68682,324.2177,0,637.7015,0,-5.684342e-14,-8.465451e-15,4.263256e-14
naive,2026-01-20 00:00:00,1440,0,23.41495,3004.138,97.06352,0,21.16638,1,1,2102.897,2102.58,592.4356,311.9054,904.341,2,71.14615,1.10412,32.09074,800,0,43.68196,200,0.1,0.1328345,0.3172331,0,250,0.3172331,1510.144,24.79588,59.51305,0,0,0,37.85214,27.18259,10.66955,339.088,0,611.2238,0,-1.136868e-13,-1.110223e-15,4.263256e-14
naive,2026-01-20 00:15:00,1441,0.25,23.09392,2984.649,97.17392,0,16.1635,1,1,2089.254,2088.937,1012.969,432.7513,1445.721,3,113.7367,0.06201186,31.92213,800,500,0,324.9685,0.1624843,0.1259371,0.3172331,0,250,0.3172331,1075.968,24.74758,59.85069,0,0,0,37.60658,19.36742,18.23916,452.1188,0,836.9055,0,-5.684342e-14,1.24345e-13,4.263256e-14
naive,2026-01-20 00:30:00,1442,0.5,22.73045,2947.783,70.99256,0,15.44612,1,1,2063.448,2063.131,534.3498,294.7618,829.1116,2,0,0,29.1116,800,0,102.6047,299.2662,0.1496331,0.2046279,0.3172331,0,250,0.3172331,1528.781,22.65338,60.23297,0,0,0,37.14207,27.51806,9.624007,322.2798,0,576.7976,0,0,4.884981e-14,4.263256e-14
naive,2026-01-20 00:45:00,1443,0.75,22.38326,2957.093,69.94531,5.106993,12.76907,1,1,2069.965,2069.648,530.4231,293.0307,823.4537,2,0,0,23.45373,800,0,110.6932,271.5458,0.1357729,0.1884435,0.3172331,0,250,0.3172331,1539.225,18.31582,60.59813,0,2.678386,0,37.25937,27.70604,9.553325,320.7367,0,577.9208,0,0,-7.535639e-14,4.263256e-14
naive,2026-01-20 01:00:00,1444,1,21.92695,2951.905,97.86038,0,0.6036035,1,1,2066.333,2066.016,530.7418,293.1712,823.913,2,0,0,23.91302,800,0,98.33948,246.9181,0.1234591,0.1709884,0.3172331,0,250,0.3172331,1535.274,18.76178,61.07805,1.245734,0,0,37.194,27.63494,9.559063,320.8061,0,575.0484,0,0,-5.828671e-15,4.263256e-14
naive,2026-01-20 01:15:00,1445,1.25,21.69645,3005.973,114.1592,4.839496,0,1,1,2104.181,2103.864,527.7646,291.8587,819.6233,2,0,0,19.62331,800,0,87.55147,224.9914,0.1124957,0.1554807,0.3172331,0,250,0.3172331,1576.099,15.43232,61.32048,26.93771,4.509548,0,37.87526,28.36979,9.505473,320.2285,0,625.718,0,-5.684342e-14,-2.939315e-14,4.263256e-14
naive,2026-01-20 01:30:00,1446,1.5,21.63022,3010.526,133.9087,8.6349,2.95375,1,1,2107.369,2107.051,529.8326,292.7704,822.603,2,0,0,22.60303,800,0,78.75312,205.2677,0.1026339,0.1416738,0.3172331,0,250,0.3172331,1577.219,17.78764,61.39014,55.36525,8.425247,0,37.93263,28.38994,9.542698,321.1603,0,683.2954,0,0,-2.448042e-14,4.263256e-14
naive,2026-01-20 01:45:00,1447,1.75,21.50031,3042.995,117.0258,8.042438,4.320998,1,1,2130.097,2129.779,566.3759,302.9633,869.3393,2,49.74091,0.09747477,19.50087,800,0,20.9416,200,0.1,0.1292541,0.3172331,0,250,0.3172331,1563.404,15.36663,61.52677,46.34329,7.944963,0,38.34174,28.14126,10.20048,331.1046,0,686.6388,0,0,-1.471046e-15,4.263256e-14
naive,2026-01-20 02:00:00,1448,2,21.37832,3046.942,96.37626,10.54921,9.018972,1,1,2132.859,2132.542,979.9443,422.09,1402.034,3,80.97119,0.1018102,20.96123,800,500,0,324.9685,0.1624843,0.1259371,0.3172331,0,250,0.3172331,1152.598,16.53785,61.65507,15.40507,10.4474,0,38.39147,20.74676,17.64471,442.8367,0,860.907,0,-5.684342e-14,1.24345e-13,4.263256e-14
naive,2026-01-20 02:15:00,1449,2.25,21.16046,3032.355,82.17547,0,0,1,1,2122.648,2122.331,527.1013,291.5663,818.6676,2,0,0,18.66761,800,0,76.4388,305.8077,0.1529038,0.2046279,0.3172331,0,250,0.3172331,1595.23,14.76079,61.88421,5.830937,0,0,38.20767,28.71414,9.493534,320.2804,0,580.9995,0,0,-5.062617e-14,4.263256e-14
naive,2026-01-20 02:30:00,1450,2.5,21.18699,2992.153,126.4288,7.364774,4.205507,1,1,2094.507,2094.19,529.5083,292.6274,822.1358,2,0,0,22.13576,800,0,64.20513,289.7082,0.1448541,0.1925626,0.3172331,0,250,0.3172331,1564.681,17.4984,61.8563,62.33411,7.25434,0,37.70112,28.16426,9.53686,320.7917,0,692.0351,0,5.684342e-14,-4.132805e-14,4.263256e-14
naive,2026-01-20 02:45:00,1451,2.75,21.10219,2991.802,131.705,0.4037235,3.383662,1,1,2094.262,2093.944,531.2282,293.3856,824.6139,2,0,0,24.61389,800,0,71.30095,271.8374,0.1359187,0.182425,0.3172331,0,250,0.3172331,1562.716,19.47408,61.94549,60.80396,0.003845385,0,37.69671,28.12889,9.567819,321.5145,0,678.2339,0,-5.684342e-14,-1.426637e-14,4.263256e-14
naive,2026-01-20 03:00:00,1452,3,21.09546,3012.858,109.4163,7.329179,4.842544,1,1,2109,2108.683,527.4546,291.722,819.1766,2,0,0,19.1766,800,0,95.26192,247.9791,0.1239896,0.171172,0.3172331,0,250,0.3172331,1581.229,15.17322,61.95257,15.41689,6.066666,0,37.96201,28.46211,9.499893,320.1841,0,607.7308,0,5.684342e-14,2.212119e-14,4.263256e-14
naive,2026-01-20 03:15:00,1453,3.25,20.76149,3017.499,109.3909,11.86157,0.4048288,1,1,2112.249,2111.932,528.5816,292.2189,820.8005,2,0,0,20.80048,800,0,106.0969,221.4159,0.1107079,0.1561488,0.3172331,0,250,0.3172331,1583.35,16.51367,62.30381,3.483547,11.67206,0,38.02049,28.50031,9.520179,320.7192,0,597.49,0,-5.684342e-14,-2.425837e-14,4.263256e-14
naive,2026-01-20 03:30:00,1454,3.5,20.6887,3028.144,111.5289,5.778199,6.51601,1,1,2119.701,2119.383,552.8517,299.5194,852.3711,2,28.57188,0.3848406,23.41435,800,0,85.52401,200,0.1,0.1394223,0.3172331,0,250,0.3172331,1566.532,18.60248,62.38038,0,5.393358,0,38.15461,28.19757,9.95704,327.717,0,594.5596,0,0,4.912737e-15,4.263256e-14
naive,2026-01-20 03:45:00,1455,3.75,20.43536,3037.089,132.9806,8.107248,6.459926,1,1,2125.962,2125.645,1013.721,431.8627,1445.584,3,123.9926,0.9084086,20.68279,800,500,0,324.9685,0.1624843,0.1259371,0.3172331,0,250,0.3172331,1111.924,16.4742,62.64682,8.987958,7.198839,0,38.26732,20.01463,18.25269,451.8773,0,861.1991,0,-5.684342e-14,1.24345e-13,4.263256e-14
naive,2026-01-20 04:00:00,1456,4,20.39114,3005.835,134.791,9.08865,12.51997,1,1,2104.084,2103.767,524.7456,290.5278,815.2733,2,0,0,15.27334,800,0,126.568,293.2754,0.1466377,0.2046279,0.3172331,0,250,0.3172331,1579.022,12.17088,62.69333,9.327412,7.984242,0.3490902,37.87352,28.42239,9.451131,319.0083,0,597.3491,0,0,7.727152e-14,4.263256e-14
naive,2026-01-20 04:15:00,1457,4.25,20.34059,3021.612,131.8736,8.116493,6.930329,1,1,2115.129,2114.811,525.4547,290.8404,816.2951,2,0,0,16.29513,800,0,146.4003,256.6291,0.1283146,0.1846712,0.3172331,0,250,0.3172331,1589.357,12.99171,62.7465,0,7.125642,0,38.07231,28.60842,9.463895,319.4488,0,580.5995,0,0,-4.257705e-14,4.263256e-14
naive,2026-01-20 04:30:00,1458,4.5,20.13212,3008.899,159.6162,6.39874,9.28983,1,1,2106.229,2105.912,524.8829,290.5883,815.4712,2,0,0,15.47118,800,0,184.5375,210.4543,0.1052272,0.1615956,0.3172331,0,250,0.3172331,1581.029,12.36059,62.96576,0,5.960658,0,37.91213,28.45852,9.453602,319.0468,0,577.5393,0,5.684342e-14,1.013079e-14,4.263256e-14
naive,2026-01-20 04:45:00,1459,4.75,20.10927,3018.582,217.9829,7.202378,13.54534,1,1,2113.007,2112.69,655.9697,328.4753,984.4449,2,167.3056,2.815281,14.32408,800,0,41.68483,200,0.1,0.13252,0.3172331,0,250,0.3172331,1456.72,11.44674,62.98978,8.992506,4.387097,2.098598,38.03413,26.22097,11.81316,355.0438,0,662.3039,0,-1.136868e-13,1.249001e-15,4.263256e-14
naive,2026-01-20 05:00:00,1460,5,20.22832,3061.918,277.2079,0,19.45446,1,1,2143.343,2143.025,1120.8,462.636,1583.436,4,262.1252,1.778624,19.5318,800,500,0,324.9685,0.1624843,0.1259371,0.3172331,0,250,0.3172331,1022.226,15.58977,62.86458,15.08262,0,3.864696,38.58017,18.40006,20.1801,481.6775,0,918.6499,0,-5.684342e-14,1.24345e-13,4.263256e-14
naive,2026-01-20 05:15:00,1461,5.25,20.27456,3017.809,337.9805,0,22.92692,1,1,2112.466,2112.149,523.7007,290.0671,813.7678,2,0,0,13.76783,800,0,331.3775,242.073,0.1210365,0.2046279,0.3172331,0,250,0.3172331,1588.448,10.98402,62.81594,6.826518,0,11.9429,38.02439,28.59207,9.432323,320.6431,0,582.3941,0,-1.136868e-13,-7.993606e-15,4.263256e-14
naive,2026-01-20 05:30:00,1462,5.5,20.34647,3025.965,400.4316,1.033487,22.90515,1,1,2118.175,2117.858,725.3719,348.8744,1074.246,3,253.0224,0.880455,20.34353,800,0,168.1395,200,0.1,0.1524298,0.3172331,0,250,0.3172331,1392.486,16.21844,62.74031,0,0.1530323,6.686708,38.12716,25.06475,13.06241,375.0514,0,679.784,0,1.705303e-13,8.576473e-15,4.263256e-14
naive,2026-01-20 05:45:00,1463,5.75,20.2439,3049.255,507.3385,0,22.11495,1,1,2134.479,2134.161,1317.872,519.4942,1837.366,4,514.4884,4.071235,18.8064,800,500,0,324.9685,0.1624843,0.1259371,0.3172331,0,250,0.3172331,816.2894,15.00842,62.84819,0,0,7.106526,38.42061,14.69321,23.7274,535.3673,0,1000.03,0,0,1.24345e-13,4.263256e-14
naive,2026-01-20 06:00:00,1464,6,20.18179,3087.895,598.3379,0,15.55893,1,1,2161.527,2161.209,593.7635,311.0532,904.8167,2,83.23129,2.496877,19.08852,800,0,499.6694,200,0.1,0.2046279,0.3172331,0,250,0.3172331,1567.446,15.24305,62.91351,15.43716,0,0.3158774,38.90748,28.21403,10.69345,339.3196,0,634.4905,0,-5.684342e-14,-7.993606e-15,4.263256e-14
naive,2026-01-20 06:15:00,1465,6.25,20.0798,3096.954,659.0285,0,9.34663,1,1,2167.868,2167.551,1440.06,554.9133,1994.973,4,669.5629,1.664702,23.74568,800,500,0,324.9685,0.1624843,0.1259371,0.3172331,0,250,0.3172331,727.4908,18.98139,63.02079,0,0,0,39.02163,13.09483,25.92679,568.0081,0,1065.118,0,0,1.24345e-13,4.263256e-14
naive,2026-01-20 06:30:00,1466,6.5,20.15586,3085.206,713.6843,0,19.80765,1,1,2159.644,2159.327,702.9868,342.8112,1045.798,3,221.0343,1.363083,23.40069,800,0,499.6694,200,0.1,0.2046279,0.3172331,0,250,0.3172331,1456.34,18.69138,62.94079,0,0,1.116273,38.8736,26.21412,12.65947,369.2104,0,667.6124,0,5.684342e-14,-7.993606e-15,4.263256e-14
naive,2026-01-20 06:45:00,1467,6.75,20.38305,3117.528,782.0776,0,26.31737,1,1,2182.27,2181.953,1455.597,544.4033,2000,4,761.2292,1.310818,24.69647,712.7635,500,0,324.9685,0.1624843,0.1259371,0.3172331,0,250,0.3172331,726.3558,19.6815,55.86449,20.84845,0,6.63587,39.28086,13.07441,26.20645,558.5822,0,1090.28,0,-1.136868e-13,1.24345e-13,4.263256e-14
naive,2026-01-20 07:00:00,1468,7,20.5244,3141.341,786.6548,0,23.025,1,1,2198.939,2198.621,746.6765,355.3151,1101.992,3,277.8329,2.325109,21.8335,800,0,499.6694,200,0.1,0.2046279,0.3172331,0,250,0.3172331,1451.945,17.3752,62.55318,9.15248,0,5.649799,39.5809,26.13501,13.44589,382.3929,0,710.2016,0,-1.136868e-13,-7.993606e-15,4.263256e-14
naive,2026-01-20 07:15:00,1469,7.25,20.62211,3107.092,789.3971,6.345657,15.63919,1,1,2174.965,2174.647,1455.798,544.2019,2000,4,761.8227,0.8915677,27.48849,709.7972,500,0,324.9685,0.1624843,0.1259371,0.3172331,0,250,0.3172331,718.8492,21.85399,55.40891,27.57439,5.454089,0,39.14936,12.93929,26.21008,557.1412,0,1108.922,0,3.410605e-13,1.24345e-13,4.263256e-14
naive,2026-01-20 07:30:00,1470,7.5,20.5885,3127.171,740.9505,7.245293,23.08086,1,1,2189.02,2188.702,718.5401,347.6295,1066.17,3,238.1693,1.055547,26.94483,800,0,499.6694,200,0.1,0.2046279,0.3172331,0,250,0.3172331,1470.162,21.429,62.48576,3.111711,6.189747,1.651852,39.40235,26.46292,12.93943,374.3684,0,694.4854,0,0,-7.993606e-15,4.263256e-14
naive,2026-01-20 07:45:00,1471,7.75,20.77258,3103.788,674.167,5.383493,28.13288,1,1,2172.652,2172.335,1445.599,554.4012,2000,4,683.5053,0.4974535,33.50267,782.4946,500,0,324.9685,0.1624843,0.1259371,0.3172331,0,250,0.3172331,726.7357,26.59507,60.92909,0,4.886039,1.537814,39.10773,13.08124,26.02649,567.7403,0,1075.364,0,2.273737e-13,1.24345e-13,4.263256e-14
naive,2026-01-20 08:00:00,1472,8,20.87984,3066.298,590.4149,384.1526,26.71791,1,1,2146.409,2146.091,799.6551,399.0445,1198.7,3,106.565,259.0115,33.12311,800,0,499.6694,200,0.1,0.2046279,0.3172331,0,250,0.3172331,1346.436,26.26534,62.17935,0,125.1411,0.452565,38.63536,24.23585,14.3995,423.3564,0,992.6294,0,5.684342e-14,-7.993606e-15,4.263256e-14
naive,2026-01-20 08:15:00,1473,8.25,20.7836,3079.428,516.9273,385.5514,27.95363,1,1,2155.6,2155.283,1438.318,561.6821,2000,4,526.9999,260.8856,39.45567,672.6588,500,0,324.9685,0.1624843,0.1259371,0.3172331,0,250,0.3172331,716.9648,31.3172,52.36697,0,124.6658,0,38.8008,12.90537,25.89543,574.5875,0,1305.311,0,-2.273737e-13,1.24345e-13,4.263256e-14
naive,2026-01-20 08:30:00,1474,8.5,20.7251,3095.106,439.2074,386.2703,28.76596,1,1,2166.574,2166.257,677.0026,357.6501,1034.653,3,0,193.6998,40.95287,800,0,499.6694,200,0.1,0.2046279,0.3172331,0,250,0.3172331,1489.254,32.52474,62.34209,2.023848,130.0846,0,38.99833,26.80658,12.19176,384.4567,0,926.6656,0,5.684342e-14,-7.993606e-15,4.263256e-14
naive,2026-01-20 08:45:00,1475,8.75,20.86036,3082.5,346.9603,392.0383,35.43283,1,1,2157.75,2157.433,1390.082,570.3862,1960.468,4,354.2802,259.5828,46.60524,800,500,0,324.9685,0.1624843,0.1259371,0.3172331,0,250,0.3172331,767.3506,36.96342,62.19984,0,132.4555,0,38.8395,13.81231,25.02719,584.1986,0,1326.908,0,2.273737e-13,1.24345e-13,4.263256e-14
naive,2026-01-20 09:00:00,1476,9,20.93409,3172.93,305.3576,390.8268,36.3448,1,1,2221.051,2220.734,592.8817,320.5655,913.4473,2,0,60.35598,53.09128,800,0,499.6694,200,0.1,0.2046279,0.3172331,0,250,0.3172331,1627.852,42.07629,62.12229,10.33484,125.8242,0,39.97892,29.30134,10.67758,349.8669,0,864.7205,0,0,-7.993606e-15,4.263256e-14
naive,2026-01-20 09:15:00,1477,9.25,21.34827,3172.165,238.3619,386.7625,46.01659,1,1,2220.516,2220.198,1316.503,551.0068,1867.51,4,244.5136,266.3551,56.64123,800,500,0,324.9685,0.1624843,0.1259371,0.3172331,0,250,0.3172331,903.6953,44.70204,61.68667,0,120.4073,1.314543,39.96928,16.26652,23.70277,567.4961,0,1273.297,0,-1.136868e-13,1.24345e-13,4.263256e-14
naive,2026-01-20 09:30:00,1478,9.5,21.55804,3216.159,185.0558,387.362,50.67641,1,1,2251.311,2250.994,552.3276,302.6873,855.0148,2,0,0,55.01484,800,0,473.7488,206.4802,0.1032401,0.2046279,0.3172331,0,250,0.3172331,1698.666,43.32615,61.46605,0,117.6653,7.350267,40.5236,30.57599,9.947607,334.5136,0,802.8506,0,-5.684342e-14,-7.993606e-15,4.263256e-14
naive,2026-01-20 09:45:00,1479,9.75,21.63618,3263.562,169.8809,390.9941,57.03814,1,1,2284.493,2284.176,853.4434,419.9961,1273.439,3,129.7742,279.5156,64.14973,800,0,25.79065,200,0.1,0.1300175,0.3172331,0,250,0.3172331,1430.732,50.4801,61.38386,14.31604,111.4786,6.558045,41.12088,25.75318,15.36769,446.8665,0,1041.672,0,1.136868e-13,-1.304512e-15,4.263256e-14
naive,2026-01-20 10:00:00,1480,10,21.79406,3340.463,132.283,404.3944,56.21627,1,1,2338.324,2338.007,1238.995,531.9794,1770.974,4,117.225,281.4477,72.30129,800,500,0,324.9685,0.1624843,0.1259371,0.3172331,0,250,0.3172331,1099.012,56.80333,61.21782,15.05796,122.9467,0,42.08983,19.78221,22.30761,551.7616,0,1272.711,0,1.136868e-13,1.24345e-13,4.263256e-14
naive,2026-01-20 10:15:00,1481,10.25,22.22786,3344.588,114.3175,411.9808,64.38671,1,1,2341.212,2340.894,570.9328,310.8894,881.8222,2,0,0,81.82219,800,0,395.4073,226.0655,0.1130328,0.2046279,0.3172331,0,250,0.3172331,1769.962,63.99945,60.76158,5.317595,125.5734,0.3872641,42.14181,31.85931,10.2825,342.8154,0,843.0609,0,0,-7.993606e-15,4.263256e-14
naive,2026-01-20 10:30:00,1482,10.5,22.33428,3398.548,108.9877,401.0017,58.84297,1,1,2378.983,2378.666,772.3556,399.6864,1172.042,3,0,280.1467,91.89526,800,0,104.1198,200,0.1,0.1423501,0.3172331,0,250,0.3172331,1606.311,71.80013,60.64964,7.391804,118.3312,0,42.8217,28.91359,13.90811,428.6,0,1005.841,0,-1.136868e-13,2.775558e-17,4.263256e-14
naive,2026-01-20 10:45:00,1483,10.75,22.66877,3378.353,115.1643,398.3657,72.5122,1,1,2364.847,2364.53,1244.86,537.229,1782.089,4,94.82995,282.3276,104.931,800,500,0,324.9685,0.1624843,0.1259371,0.3172331,0,250,0.3172331,1119.67,81.70454,60.29784,20.33432,116.0381,0,42.56725,20.15407,22.41318,557.3831,0,1282.173,0,0,1.24345e-13,4.263256e-14
naive,2026-01-20 11:00:00,1484,11,22.96153,3391.924,85.01328,403.9233,72.42578,1,1,2374.347,2374.029,596.0385,321.9572,917.9957,2,0,0,117.9957,800,0,387.7791,227.9726,0.1139863,0.2046279,0.3172331,0,250,0.3172331,1777.991,91.60098,59.98994,0,120.6452,0,42.73824,32.00384,10.7344,353.961,0,848.5463,0,5.684342e-14,-7.993606e-15,4.263256e-14
naive,2026-01-20 11:15:00,1485,11.25,23.38867,3396.653,73.53838,409.0772,85.46838,1,1,2377.657,2377.34,798.0588,411.0176,1209.076,3,0,274.8654,134.211,800,0,111.7468,200,0.1,0.143551,0.3172331,0,250,0.3172331,1579.281,103.7304,59.5407,0,124.7204,0,42.79782,28.42705,14.37077,439.4447,0,1027.049,0,5.684342e-14,2.692291e-15,4.263256e-14
naive,2026-01-20 11:30:00,1486,11.5,23.69246,3388.346,45.5957,412.4288,96.17771,1,1,2371.842,2371.525,1274.702,551.1945,1825.897,4,88.02621,290.8986,146.9719,800,500,0,324.9685,0.1624843,0.1259371,0.3172331,0,250,0.3172331,1096.823,113.236,59.22119,0,121.5302,0,42.69316,19.74281,22.95035,570.9373,0,1284.89,0,2.273737e-13,1.24345e-13,4.263256e-14
naive,2026-01-20 11:45:00,1487,11.75,23.87434,3416.286,67.1274,412.5892,110.3694,1,1,2391.401,2391.083,624.1612,334.3551,958.5163,2,0,0,158.5163,800,0,378.723,230.2366,0.1151183,0.2046279,0.3172331,0,250,0.3172331,1766.922,121.8999,59.02989,0,117.7613,0,43.04521,31.8046,11.24061,366.1597,0,869.049,0,0,-6.483702e-14,4.263256e-14
naive,2026-01-20 12:00:00,1488,12,24.17631,3478.574,78.48671,420.7052,118.516,1,1,2435.002,2434.685,813.7523,417.9361,1231.688,3,0,262.5085,169.1799,800,0,120.8014,200,0.1,0.1449766,0.3172331,0,250,0.3172331,1620.932,129.6915,58.7123,0,127.9246,0,43.83004,29.17678,14.65325,447.1129,0,1048.844,0,-1.136868e-13,5.245804e-15,4.263256e-14
naive,2026-01-20 12:15:00,1489,12.25,24.41563,3534.915,90.66476,422.0371,134.2109,1,1,2474.441,2474.123,1300.995,563.4351,1864.43,4,82.56536,294.662,187.2024,800,500,0,324.9685,0.1624843,0.1259371,0.3172331,0,250,0.3172331,1173.129,143.149,58.46059,8.0994,127.3751,0,44.53993,21.11632,23.42362,584.5514,0,1337.028,0,0,1.24345e-13,4.263256e-14
naive,2026-01-20 12:30:00,1490,12.5,24.76935,3546.186,95.32487,416.6097,148.2791,1,1,2482.33,2482.013,650.9812,346.1786,997.1598,2,0,0,197.1598,800,0,384.9705,228.6747,0.1143374,0.2046279,0.3172331,0,250,0.3172331,1831.032,150.2052,58.08857,0.4774321,126.4867,0,44.68195,32.95858,11.72337,379.1372,0,911.9379,0,0,-7.993606e-15,4.263256e-14
naive,2026-01-20 12:45:00,1491,12.75,24.98319,3511.908,85.51071,418.0971,152.9591,1,1,2458.336,2458.019,853.7106,435.5517,1289.262,3,0,273.8009,215.4613,800,0,114.555,200,0.1,0.1439931,0.3172331,0,250,0.3172331,1604.308,163.7796,57.86367,0,123.7062,0,44.25005,28.87755,15.3725,464.4292,0,1077.155,0,1.136868e-13,5.273559e-15,4.263256e-14
naive,2026-01-20 13:00:00,1492,13,25.45643,3492.669,95.74186,422.6641,167.328,1,1,2444.868,2444.551,1325.158,573.15,1898.308,4,90.44391,287.5447,220.319,800,500,0,324.9685,0.1624843,0.1259371,0.3172331,0,250,0.3172331,1119.393,166.6379,57.36594,5.297952,135.1195,0.6900635,448.6167,205.4011,243.2156,778.6777,0,1735.039,0,0,1.24345e-13,4.263256e-14
naive,2026-01-20 13:15:00,1493,13.25,25.65096,3511.557,79.98362,426.0961,177.1868,1,1,2458.09,2457.772,675.4965,356.9862,1032.483,3,0,0,232.4827,800,0,380.3129,229.8391,0.1149196,0.2046279,0.3172331,0,250,0.3172331,1782.276,175.4762,57.16135,0,137.232,1.710574,452.8207,328.3247,124.4961,685.626,0,1543.671,0,5.684342e-14,-7.993606e-15,4.263256e-14
naive,2026-01-20 13:30:00,1494,13.5,25.90921,3525.499,70.75325,422.3533,186.5924,1,1,2467.849,2467.532,858.2479,437.552,1295.8,3,0,243.3878,252.4121,800,0,119.2118,200,0.1,0.1447263,0.3172331,0,250,0.3172331,1609.284,189.9972,56.88973,0,136.539,0,457.0103,298.0163,158.9939,735.5683,0,1642.665,0,0,-1.720846e-15,4.263256e-14
naive,2026-01-20 13:45:00,1495,13.75,26.01734,3535.565,72.79315,416.0172,183.729,1,1,2474.895,2474.578,1344.5,583.9758,1928.476,4,71.12144,291.0472,266.3075,800,500,0,324.9685,0.1624843,0.1259371,0.3172331,0,250,0.3172331,1130.078,200.2263,56.77601,1.671706,124.97,0,459.3268,209.7361,249.5906,793.712,0,1742.008,0,0,1.24345e-13,4.263256e-14
naive,2026-01-20 14:00:00,1496,14,26.2198,3522.059,93.13213,425.9116,192.4637,1,1,2465.441,2465.124,703.1976,369.1982,1072.396,3,0,0,272.3958,800,0,367.3798,233.0724,0.1165362,0.2046279,0.3172331,0,250,0.3172331,1761.927,204.3627,56.56307,21.55051,130.1134,0,459.4713,328.361,131.1104,697.5592,0,1593.105,0,0,-7.993606e-15,4.263256e-14
naive,2026-01-20 14:15:00,1497,14.25,26.40022,3494.282,75.78933,420.2454,198.8428,1,1,2445.997,2445.68,876.2386,445.4832,1321.722,3,0,237.5363,284.1855,800,0,132.1428,200,0.1,0.1467623,0.3172331,0,250,0.3172331,1569.441,212.7976,56.37331,0,127.4614,0,457.5399,293.5743,163.9655,739.0575,0,1634.566,0,-1.136868e-13,-8.160139e-15,4.263256e-14
naive,2026-01-20 14:30:00,1498,14.5,26.58929,3503.298,123.9966,418.6711,202.4613,1,1,2452.309,2451.992,1374.877,595.024,1969.901,4,90.81897,290.3262,288.7554,800,500,0,324.9685,0.1624843,0.1259371,0.3172331,0,250,0.3172331,1077.115,215.7828,56.17446,33.17767,128.3449,0,460.5121,202.2684,258.2437,797.2924,0,1810.015,0,-1.136868e-13,1.24345e-13,4.263256e-14
naive,2026-01-20 14:45:00,1499,14.75,26.86206,3496.68,107.3504,412.4334,202.8418,1,1,2447.676,2447.359,717.9703,375.7107,1093.681,3,0,0,293.681,800,0,378.3289,230.3351,0.1151676,0.2046279,0.3172331,0,250,0.3172331,1729.389,218.8227,55.88758,11.2042,130.2507,0,462.2466,326.5972,135.6495,702.3079,0,1585.752,0,5.684342e-14,-7.993606e-15,4.263256e-14
naive,2026-01-20 15:00:00,1500,15,26.93578,3523.937,86.0601,422.6467,208.8044,1,1,2466.756,2466.439,887.9174,450.6317,1338.549,3,0,242.7998,295.7492,800,0,121.1955,200,0.1,0.1450387,0.3172331,0,250,0.3172331,1578.521,220.1894,55.81004,0.9452186,143.7662,0,466.5644,298.5629,168.0015,749.1946,0,1685.23,0,0,-4.968248e-15,4.263256e-14
naive,2026-01-20 15:15:00,1501,15.25,26.9587,3491.592,97.86808,424.0573,211.8379,1,1,2444.114,2443.797,1376.306,595.1753,1971.481,4,94.84284,278.3314,298.3068,800,500,0,324.9685,0.1624843,0.1259371,0.3172331,0,250,0.3172331,1067.491,222.0388,55.78593,3.025244,145.7259,0,462.5025,202.0026,260.4999,797.178,0,1788.192,0,2.273737e-13,1.24345e-13,4.263256e-14
naive,2026-01-20 15:30:00,1502,15.5,27.22388,3500.32,96.10856,413.2999,209.0957,1,1,2450.224,2449.907,719.1934,376.2499,1095.443,3,0,0,295.4433,800,0,373.5334,231.534,0.115767,0.2046279,0.3172331,0,250,0.3172331,1730.713,219.2807,55.50703,0,137.8429,0,466.2321,329.3226,136.9095,705.5725,0,1586.479,0,1.705303e-13,-6.483702e-14,4.263256e-14
naive,2026-01-20 15:45:00,1503,15.75,27.29353,3516.479,121.7983,411.5065,203.8945,1,1,2461.535,2461.218,892.8887,452.8233,1345.712,3,0,260.4961,285.2159,800,0,125.9902,200,0.1,0.1457936,0.3172331,0,250,0.3172331,1568.329,211.5309,55.43378,10.8106,136.0078,0,469.0683,298.8596,170.2087,751.683,0,1694.265,0,-1.136868e-13,5.884182e-15,4.263256e-14
naive,2026-01-20 16:00:00,1504,16,27.30079,3541.186,150.1768,403.9433,203.0322,1,1,2478.83,2478.513,1395.912,598.3111,1994.223,4,141.1418,273.6293,279.4519,800,500,0,324.9685,0.1624843,0.1259371,0.3172331,0,250,0.3172331,1082.601,207.2398,55.42614,9.035022,130.314,0,472.4359,206.331,266.1049,804.6421,0,1787.307,0,0,1.24345e-13,4.263256e-14
naive,2026-01-20 16:15:00,1505,16.25,27.53146,3557.002,153.8405,402.626,205.8225,1,1,2489.901,2489.584,712.542,373.3176,1085.86,3,0,0,285.8596,800,0,442.4241,214.3113,0.1071557,0.2046279,0.3172331,0,250,0.3172331,1777.042,211.4642,55.18354,0,129.6856,0,476.8519,340.3291,136.5228,713.6467,0,1588.92,0,0,-7.993606e-15,4.263256e-14
naive,2026-01-20 16:30:00,1506,16.5,27.69706,3493.121,189.843,398.9854,203.0868,1,1,2445.185,2444.867,1012.849,487.9339,1500.783,4,149.4115,269.7385,281.633,800,0,57.11038,200,0.1,0.1349487,0.3172331,0,250,0.3172331,1432.018,207.9644,55.00937,0,129.2469,0,469.9275,275.2122,194.7152,763.1462,0,1687.358,0,-5.684342e-14,-1.998401e-15,4.263256e-14
naive,2026-01-20 16:45:00,1507,16.75,27.40396,3434.617,215.273,395.6514,188.4444,1,1,2404.232,2403.915,1410.826,589.174,2000,4,230.5838,268.2725,269.691,731.4527,500,0,324.9685,0.1624843,0.1259371,0.3172331,0,250,0.3172331,993.0889,199.7785,50.5778,0,127.3789,0,459.2116,189.6813,269.5303,778.8553,0,1720.539,0,-2.273737e-13,1.24345e-13,4.263256e-14
naive,2026-01-20 17:00:00,1508,17,27.39465,3416.394,261.8984,398.3317,181.7795,1,1,2391.476,2391.159,709.3039,371.8901,1081.194,3,0,21.86328,259.3308,800,0,499.6694,200,0.1,0.2046279,0.3172331,0,250,0.3172331,1681.855,192.1233,55.32742,6.669665,132.0278,0,456.6859,321.1738,135.5121,693.0639,0,1563.138,0,0,-7.993606e-15,4.263256e-14
naive,2026-01-20 17:15:00,1509,17.25,27.52175,3373.195,303.3903,384.6573,177.9471,1,1,2361.237,2360.919,1418.913,581.0869,2000,4,299.2787,265.7882,250.5183,684.4148,500,0,324.9685,0.1624843,0.1259371,0.3172331,0,250,0.3172331,942.0062,185.3399,47.21927,4.111652,118.8691,0,452.1184,180.3709,271.7475,761.4577,0,1681.936,0,-1.136868e-13,1.24345e-13,4.263256e-14
naive,2026-01-20 17:30:00,1510,17.5,27.63878,3298.014,358.1861,381.28,169.0444,1,1,2308.61,2308.293,760.0787,394.2741,1154.353,3,0,117.2351,237.1177,800,0,499.6694,200,0.1,0.2046279,0.3172331,0,250,0.3172331,1548.214,175.2038,55.07066,0,123.3704,0,443.1339,297.1771,145.9568,691.4513,0,1533.762,0,0,-7.993606e-15,4.263256e-14
naive,2026-01-20 17:45:00,1511,17.75,27.56491,3328.185,424.007,370.8492,157.5984,1,1,2329.73,2329.412,1432.6,567.4002,2000,4,414.9479,259.1851,222.0083,603.8587,500,0,324.9685,0.1624843,0.1259371,0.3172331,0,250,0.3172331,896.8125,164.1708,41.62726,9.059126,111.6641,0,446.4914,171.8736,274.6178,739.2738,0,1639.965,0,0,1.24345e-13,4.263256e-14
naive,2026-01-20 18:00:00,1512,18,27.74585,3324.814,505.5534,1.68477,157.2907,1,1,2327.37,2327.052,663.24,351.5829,1014.823,3,0,0,214.8228,800,0,475.4573,206.053,0.1030265,0.2046279,0.3172331,0,250,0.3172331,1663.812,158.5464,54.95806,31.86027,0,0,447.747,320.0897,127.6573,671.6726,0,1336.476,0,5.684342e-14,-7.993606e-15,4.263256e-14
naive,2026-01-20 18:15:00,1513,18.25,27.60415,3331.501,554.6442,0,152.7798,1,1,2332.051,2331.734,1056.209,463.7453,1519.954,4,513.4334,1.512927,205.0077,800,0,24.08237,200,0.1,0.1297486,0.3172331,0,250,0.3172331,1275.525,151.5349,55.10709,17.12842,0,1.244907,447.3062,244.656,202.6502,708.6401,0,1384.831,0,0,-1.637579e-15,4.263256e-14
naive,2026-01-20 18:30:00,1514,18.5,27.522,3312.789,619.5678,6.581719,147.0515,1,1,2318.952,2318.635,1443.871,556.1294,2000,4,609.395,1.13198,192.4733,696.9998,500,0,324.9685,0.1624843,0.1259371,0.3172331,0,250,0.3172331,874.7643,142.3964,48.0873,10.17285,5.44974,4.655112,444.0243,167.4966,276.5277,724.5174,0,1421.885,0,0,1.24345e-13,4.263256e-14
naive,2026-01-20 18:45:00,1515,18.75,27.47241,3318.511,685.1489,6.838126,138.9695,1,1,2322.957,2322.64,758.5869,375.5175,1134.104,3,152.1445,3.875505,178.0843,800,0,499.6694,200,0.1,0.2046279,0.3172331,0,250,0.3172331,1564.053,131.8217,55.24564,33.33498,2.96262,7.147794,444.3271,299.1666,145.1605,676.0513,0,1352.565,0,1.136868e-13,-7.993606e-15,4.263256e-14
naive,2026-01-20 19:00:00,1516,19,27.3912,3297.775,701.8079,0,128.644,0,0,2308.443,2308.126,1452.801,547.1987,2000,4,688.4119,3.632061,157.8255,650.1305,500,0,324.9685,0.1624843,0.1259371,0.3172331,0,250,0.3172331,855.3243,116.9282,44.96551,13.39604,0,11.71579,440.7976,163.3243,277.4733,0,712.7602,3892.703,0,0,1.24345e-13,4.263256e-14
naive,2026-01-20 19:15:00,1517,19.25,27.40123,3275.159,737.3023,0,121.3906,0,0,2292.611,2292.294,793.9379,382.0149,1175.953,3,228.5331,1.130664,146.2889,800,0,499.6694,200,0.1,0.2046279,0.3172331,0,250,0.3172331,1498.356,108.3694,55.32051,9.099786,0,13.02118,437.8668,286.1717,151.6951,0,670.6735,3642.166,0,1.136868e-13,-7.993606e-15,4.263256e-14
naive,2026-01-20 19:30:00,1518,19.5,27.42404,3297.522,734.1161,0,112.7372,0,0,2308.265,2307.948,1457.278,542.7223,2000,4,729.3878,6.156898,135.6172,628.8381,500,0,324.9685,0.1624843,0.1259371,0.3172331,0,250,0.3172331,850.6705,100.4391,43.4657,4.728284,0,12.29808,441.068,162.5478,278.5201,0,707.62,3851.168,0,2.273737e-13,1.24345e-13,4.263256e-14
naive,2026-01-20 19:45:00,1519,19.75,27.2942,3237.491,727.1413,0,100.4045,0,0,2266.244,2265.926,775.2572,374.817,1150.074,3,219.8116,5.158588,125.1041,800,0,499.6694,200,0.1,0.2046279,0.3172331,0,250,0.3172331,1490.669,92.78298,55.43308,7.660244,0,7.621532,431.8597,284.0648,147.795,0,660.3342,3582.69,0,0,-7.993606e-15,4.263256e-14
naive,2026-01-20 20:00:00,1520,20,27.33871,3228.326,705.815,0,97.76726,0,0,2259.828,2259.511,1450.48,549.5201,2000,4,687.1893,2.924349,116.518,693.3683,500,0,324.9685,0.1624843,0.1259371,0.3172331,0,250,0.3172331,809.0308,86.3737,48.00385,18.62567,0,11.39356,431.0393,154.3144,276.7249,0,706.0077,3861.168,0,2.273737e-13,1.24345e-13,4.263256e-14
naive,2026-01-20 20:15:00,1521,20.25,27.09927,3166.694,659.7347,0,90.10231,0,0,2216.685,2216.368,710.9957,354.4467,1065.442,3,152.9034,5.098163,107.4409,800,0,499.6694,200,0.1,0.2046279,0.3172331,0,250,0.3172331,1505.373,79.85069,55.63809,7.161802,0,10.25161,420.6969,285.6993,134.9976,0,642.0917,3481.265,0,-5.684342e-14,-7.993606e-15,4.263256e-14
naive,2026-01-20 20:30:00,1522,20.5,26.91106,3190.454,629.2975,0,76.75738,0,0,2233.318,2233,1438.087,561.9133,2000,4,599.6976,6.137606,100.1269,794.0379,500,0,324.9685,0.1624843,0.1259371,0.3172331,0,250,0.3172331,794.9137,74.56567,55.41991,29.59996,0,2.191712,422.1946,150.2734,271.9211,0,712.601,3908.018,0,2.273737e-13,1.24345e-13,4.263256e-14
naive,2026-01-20 20:45:00,1523,20.75,26.9629,3165.211,582.5363,0,67.9433,0,0,2215.648,2215.33,615.9199,325.2195,941.1394,2,46.2546,4.898342,89.9865,800,0,499.6694,200,0.1,0.2046279,0.3172331,0,250,0.3172331,1599.41,66.97667,55.78152,36.61222,0,0.966629,419.3061,302.6847,116.6214,0,628.0871,3454.881,0,0,-7.993606e-15,4.263256e-14
naive,2026-01-20 21:00:00,1524,21,26.79179,3119.113,513.0289,0.3149455,61.59167,0,0,2183.379,2183.062,1348.491,535.6427,1884.133,4,492.2111,6.831403,85.09102,800,500,0,324.9685,0.1624843,0.1259371,0.3172331,0,250,0.3172331,834.5712,63.44945,55.96148,20.81783,0,0,411.7328,157.3801,254.3528,0,693.0227,3784.579,0,0,1.24345e-13,4.263256e-14
naive,2026-01-20 21:15:00,1525,21.25,26.73702,3065.566,442.9854,0,58.6288,0,0,2145.896,2145.579,568.0371,309.6128,877.6499,2,0,0,77.64989,800,0,426.2676,218.3505,0.1091752,0.2046279,0.3172331,0,250,0.3172331,1577.542,57.93488,56.01908,24.60846,0,0.6939168,404.2052,297.1489,107.0563,0,606.8924,3317.336,0,0,-7.993606e-15,4.263256e-14
naive,2026-01-20 21:30:00,1526,21.5,26.47827,3060.185,379.2828,1.649288,46.32864,0,0,2142.13,2141.812,790.1407,372.8703,1163.011,3,291.333,0.001215863,71.67673,800,0,73.26436,200,0.1,0.1374921,0.3172331,0,250,0.3172331,1351.672,53.62666,56.29123,14.68544,1.648072,0,401.344,253.2458,148.0982,0,626.1161,3408.486,0,0,1.637579e-15,4.263256e-14
naive,2026-01-20 21:45:00,1527,21.75,26.2345,3108.066,328.497,1.491296,40.78002,0,0,2175.646,2175.329,1197.281,489.1988,1686.479,4,322.2621,3.481027,60.73632,800,500,0,324.9685,0.1624843,0.1259371,0.3172331,0,250,0.3172331,978.0486,45.55978,56.54761,6.234966,0,0,405.586,182.3287,223.2573,0,671.5275,3640.54,0,5.684342e-14,1.24345e-13,4.263256e-14
naive,2026-01-20 22:00:00,1528,22,26.00542,3108.967,282.7182,0,41.50784,0,0,2176.277,2175.96,552.4503,302.7414,855.1917,2,0,0,55.19173,800,0,278.9492,255.1801,0.12759,0.2046279,0.3172331,0,250,0.3172331,1623.51,41.50179,56.78854,4.780194,0,0.006050994,403.8066,301.241,102.5656,0,603.9835,3266.268,0,0,-6.483702e-14,4.263256e-14
naive,2026-01-20 22:15:00,1529,22.25,25.80688,3058.178,216.5637,0,38.67761,0,0,2140.725,2140.408,558.6592,304.4852,863.1445,2,8.35019,0.1123571,54.68191,800,0,220.5596,200,0.1,0.1606831,0.3172331,0,250,0.3172331,1581.748,41.20528,56.99736,0,0,0,395.6068,292.3077,103.2991,0,596.793,3218.239,0,5.684342e-14,-1.026956e-15,4.263256e-14
naive,2026-01-20 22:30:00,1530,22.5,25.53743,3004.689,193.7939,0,42.40484,0,0,2103.283,2102.965,1090.507,457.3594,1547.867,4,194.2225,0.1053965,53.53893,800,500,0,324.9685,0.1624843,0.1259371,0.3172331,0,250,0.3172331,1012.458,40.4594,57.28075,0,0,1.945441,386.5701,186.0834,200.4867,0,643.8003,3476.461,0,-1.136868e-13,1.24345e-13,4.263256e-14
naive,2026-01-20 22:45:00,1531,22.75,25.31086,3080.437,172.0305,0,40.13883,0,0,2156.306,2155.989,550.2925,301.7901,852.0825,2,0,0,52.08254,800,0,159.5106,285.0397,0.1425199,0.2046279,0.3172331,0,250,0.3172331,1605.696,39.4532,57.51904,13.29082,0,0.685626,394.5084,293.7712,100.7372,0,595.6867,3234.495,0,0,-9.325873e-14,4.263256e-14
naive,2026-01-20 23:00:00,1532,23,25.16594,3056.681,143.1202,2.224864,26.49434,1,1,2139.677,2139.36,545.8171,299.8171,845.6342,2,0,0,45.63416,800,0,141.7525,249.5567,0.1247784,0.1794853,0.3172331,0,250,0.3172331,1593.543,34.62138,57.67146,2.718946,0.8735674,0,390.3276,290.6998,99.62778,590.5169,0,1122.351,0,0,-2.181588e-14,4.263256e-14
naive,2026-01-20 23:15:00,1533,23.25,25.08722,3014.878,116.1607,6.772496,14.40972,1,1,2110.414,2110.097,541.3112,297.8307,839.1418,2,0,0,39.14184,800,0,134.8192,215.8126,0.1079063,0.1571422,0.3172331,0,250,0.3172331,1568.786,29.72049,57.75425,0,5.966254,0,384.3822,285.7323,98.64997,583.5629,0,1112.444,0,-5.684342e-14,1.496026e-14,4.263256e-14
naive,2026-01-20 23:30:00,1534,23.5,24.86353,3020.375,84.10048,8.172085,25.80567,1,1,2114.263,2113.946,577.2687,307.9062,885.1749,2,48.55783,0.4090933,36.20798,800,0,63.11452,200,0.1,0.135894,0.3172331,0,250,0.3172331,1536.677,27.55759,57.98952,0,7.762991,0,38.05673,27.66018,10.39655,335.5663,0,619.2856,0,5.684342e-14,-1.026956e-15,4.263256e-14
naive,2026-01-20 23:45:00,1535,23.75,24.70965,3035.067,89.54536,0,22.50825,1,1,2124.547,2124.23,1019.614,434.5539,1454.168,3,123.2092,0.6771005,30.28199,800,500,0,324.9685,0.1624843,0.1259371,0.3172331,0,250,0.3172331,1104.615,23.08465,58.15136,0,0,0,38.24184,19.88307,18.35877,454.437,0,843.4537,0,-2.273737e-13,1.24345e-13,4.263256e-14
naive,2026-01-21 00:00:00,1536,0,24.58972,3070.936,79.6944,0,15.65544,1,1,2149.655,2149.338,534.6399,294.8897,829.5295,2,0,0,29.52954,800,0,105.4641,298.5513,0.1492757,0.2046279,0.3172331,0,250,0.3172331,1614.698,22.53937,58.2775,0,0,0,38.69379,29.06457,9.629228,323.9542,0,582.3463,0,5.684342e-14,-7.904788e-14,4.263256e-14
naive,2026-01-21 00:15:00,1537,0.25,24.21298,3055.462,76.32778,0,17.32014,1,1,2138.823,2138.506,532.0252,293.737,825.7622,2,0,0,25.76225,800,0,104.7755,272.3105,0.1361552,0.1879934,0.3172331,0,250,0.3172331,1606.481,19.74151,58.67373,0,0,0,38.49882,28.91665,9.582165,322.6537,0,579.2994,0,5.684342e-14,4.438117e-14,4.263256e-14
naive,2026-01-21 00:30:00,1538,0.5,23.77727,3030.068,115.8375,0,15.39419,1,1,2121.047,2120.73,530.7588,293.1787,823.9375,2,0,0,23.93748,800,0,85.12631,250.986,0.125493,0.1714699,0.3172331,0,250,0.3172331,1589.971,18.42664,59.13199,30.72545,0,0,38.17885,28.61948,9.559368,321.7982,0,630.0743,0,0,2.314815e-14,4.263256e-14
naive,2026-01-21 00:45:00,1539,0.75,23.76115,3043.696,87.62906,0,18.31714,1,1,2130.588,2130.27,527.6805,291.8216,819.5022,2,0,0,19.50218,800,0,91.00159,228.1961,0.1140981,0.1580422,0.3172331,0,250,0.3172331,1602.59,15.01494,59.14894,0.5274475,0,3.302205,38.35058,28.84662,9.50396,321.2541,0,576.8756,0,-5.684342e-14,-5.781486e-14,4.263256e-14
naive,2026-01-21 01:00:00,1540,1,23.70842,3017.868,61.16829,0,21.66201,1,1,2112.508,2112.19,521.8323,289.2434,811.0757,2,0,0,11.07572,800,0,97.79858,203.7105,0.1018553,0.1436917,0.3172331,0,250,0.3172331,1590.358,8.531988,59.2044,0,0,13.13002,38.02514,28.62644,9.398691,320.197,0,573.7891,0,0,4.440892e-15,4.263256e-14
naive,2026-01-21 01:15:00,1541,1.25,23.49583,3025.669,80.01624,0,19.0757,1,1,2117.969,2117.651,589.8514,308.8638,898.7152,2,87.13744,2.805828,8.771915,800,0,14.71391,200,0.1,0.1282735,0.3172331,0,250,0.3172331,1527.8,6.772211,59.42799,0,0,12.30349,38.12344,27.5004,10.62303,338.5359,0,610.2153,0,5.684342e-14,7.771561e-16,4.263256e-14
naive,2026-01-21 01:30:00,1542,1.5,23.32794,3027.249,58.10642,0,28.04297,1,1,2119.074,2118.757,998.7755,427.0888,1425.864,3,108.7363,4.849102,12.27887,800,500,0,324.9685,0.1624843,0.1259371,0.3172331,0,250,0.3172331,1119.981,9.496187,59.60457,0,0,18.54678,38.14334,20.15967,17.98367,450.5115,0,833.9678,0,0,1.24345e-13,4.263256e-14
naive,2026-01-21 01:45:00,1543,1.75,22.99979,3048.164,59.74789,0,23.29501,1,1,2133.714,2133.397,522.3932,289.4907,811.8839,2,0,0,11.88391,800,0,100.4027,299.8167,0.1499083,0.2046279,0.3172331,0,250,0.3172331,1611.004,9.221937,59.9497,0,0,14.07307,38.40686,28.99807,9.408788,320.9491,0,574.4548,0,-5.684342e-14,-7.993606e-15,4.263256e-14
naive,2026-01-21 02:00:00,1544,2,22.6249,3023.255,68.93028,0,19.2922,1,1,2116.279,2115.961,525.1214,290.6935,815.8149,2,0,0,15.81489,800,0,94.94114,276.0342,0.1380171,0.1887902,0.3172331,0,250,0.3172331,1590.84,12.31981,60.34399,0,0,6.972389,38.09302,28.63512,9.457896,320.5388,0,573.1906,0,0,-1.029732e-14,4.263256e-14
naive,2026-01-21 02:15:00,1545,2.25,22.48171,3006.667,62.02089,0,12.03308,1,1,2104.667,2104.35,519.9954,288.4336,808.429,2,0,0,8.429023,800,0,79.3483,256.1537,0.1280768,0.1738147,0.3172331,0,250,0.3172331,1584.354,6.575871,60.49459,0,0,5.457211,37.88401,28.51838,9.365627,317.8967,0,567.7369,0,5.684342e-14,-5.576095e-14,4.263256e-14
naive,2026-01-21 02:30:00,1546,2.5,22.11481,3017.72,86.94983,0,14.25627,1,1,2112.404,2112.087,523.1246,289.8131,812.9377,2,0,0,12.93771,800,0,101.9891,230.6161,0.115308,0.1612962,0.3172331,0,250,0.3172331,1588.962,10.13128,60.88047,0,0,4.124985,38.02327,28.60132,9.421952,319.1235,0,569.7565,0,5.684342e-14,4.277134e-14,4.263256e-14
naive,2026-01-21 02:45:00,1547,2.75,22.07182,3031.563,89.11794,0,14.07901,1,1,2122.094,2121.777,523.5084,289.9824,813.4908,2,0,0,13.49076,800,0,104.3116,204.5019,0.1022509,0.1452156,0.3172331,0,250,0.3172331,1598.268,10.569,60.92569,0,0,3.510007,38.19769,28.76883,9.428861,319.3541,0,570.1667,0,1.136868e-13,-3.053113e-15,4.263256e-14
naive,2026-01-21 03:00:00,1548,3,21.83228,2995.686,93.55455,0,15.72622,1,1,2096.98,2096.663,591.1203,309.7613,900.8816,2,84.29579,4.587653,11.99817,800,0,17.87878,200,0.1,0.1287718,0.3172331,0,250,0.3172331,1505.543,9.422666,61.17762,0,0,6.303551,37.74565,27.09977,10.64588,337.9389,0,607.0529,0,0,9.436896e-16,4.263256e-14
naive,2026-01-21 03:15:00,1549,3.25,21.73156,2983.971,86.88538,0,18.05386,1,1,2088.779,2088.462,997.2748,426.5688,1423.844,3,107.5463,6.607421,9.689902,800,500,0,324.9685,0.1624843,0.1259371,0.3172331,0,250,0.3172331,1091.187,7.617692,61.28356,0,0,10.43617,37.59803,19.64137,17.95666,447.9912,0,827.0384,0,0,1.24345e-13,4.263256e-14
naive,2026-01-21 03:30:00,1550,3.5,21.85543,2999.616,81.03702,0,18.75495,1,1,2099.731,2099.414,524.5825,290.4559,815.0383,2,0,0,15.03834,800,0,115.8046,295.9662,0.1479831,0.2046279,0.3172331,0,250,0.3172331,1574.832,11.80745,61.15327,0,0,6.947499,37.79516,28.34697,9.448195,319.9913,0,571.1851,0,-5.684342e-14,9.148238e-14,4.263256e-14
naive,2026-01-21 03:45:00,1551,3.75,21.9825,2999.653,93.60091,0,23.12813,1,1,2099.757,2099.44,523.7154,290.0736,813.7889,2,0,0,13.78894,800,0,133.5527,262.5314,0.1312657,0.1863656,0.3172331,0,250,0.3172331,1575.724,10.81246,61.01962,0,0,12.31567,37.79562,28.36304,9.432587,320.5484,0,572.4497,0,0,-5.118128e-14,4.263256e-14
naive,2026-01-21 04:00:00,1552,4,21.84013,3066.228,140.173,0.1820211,16.33636,1,1,2146.359,2146.042,524.9436,290.6151,815.5586,2,0,0,15.55864,800,0,135.8732,228.5218,0.1142609,0.1653122,0.3172331,0,250,0.3172331,1621.099,12.21787,61.16936,9.751295,0,4.118486,38.63447,29.17977,9.454695,320.4991,0,589.0037,0,-5.684342e-14,-2.7367e-14,4.263256e-14
naive,2026-01-21 04:15:00,1553,4.25,21.88554,3082.205,157.3915,0,9.016998,1,1,2157.543,2157.226,544.6825,296.4529,841.1354,2,24.07595,4.8424,12.21701,800,0,113.9433,200,0.1,0.1438968,0.3172331,0,250,0.3172331,1612.544,9.589319,61.1216,19.37226,0,0,38.83578,29.02579,9.809995,325.4787,0,615.6127,0,5.684342e-14,-5.245804e-15,4.263256e-14
naive,2026-01-21 04:30:00,1554,4.5,21.67178,3109.528,194.3281,0,4.968886,1,1,2176.67,2176.353,1046.99,440.963,1487.953,3,170.7832,3.668898,13.5009,800,500,0,324.9685,0.1624843,0.1259371,0.3172331,0,250,0.3172331,1129.363,10.62016,61.34643,23.54488,0,0,39.18006,20.32853,18.85153,461.2916,0,894.1833,0,-1.705303e-13,1.24345e-13,4.263256e-14
naive,2026-01-21 04:45:00,1555,4.75,21.53226,3100.156,239.6132,0,7.534537,1,1,2170.109,2169.792,525.1516,290.7068,815.8584,2,0,0,15.85839,800,0,218.975,270.1736,0.1350868,0.2046279,0.3172331,0,250,0.3172331,1644.64,12.49232,61.49317,25.85462,0,0,39.06196,29.60352,9.458439,320.3103,0,616.04,0,0,-6.483702e-14,4.263256e-14
naive,2026-01-21 05:00:00,1556,5,21.53238,3098.318,277.2546,1.127812,21.22718,1,1,2168.823,2168.506,529.6684,292.698,822.3664,2,0,0,22.36643,800,0,271.259,202.3163,0.1011582,0.1701244,0.3172331,0,250,0.3172331,1638.837,17.61895,61.49304,6.762274,0.3610577,3.608233,39.03881,29.49907,9.539742,322.8106,0,588.7292,0,5.684342e-14,7.244205e-14,4.263256e-14
naive,2026-01-21 05:15:00,1557,5.25,21.67828,3099.57,354.9123,0,20.68592,1,1,2169.699,2169.382,782.4675,365.3997,1147.867,3,325.6968,0.05038304,22.12004,800,0,9.137908,200,0.1,0.1273956,0.3172331,0,250,0.3172331,1386.914,17.39905,61.33959,20.07757,0,3.286878,39.05458,24.96446,14.09013,390.9245,0,747.4758,0,0,6.383782e-16,4.263256e-14
naive,2026-01-21 05:30:00,1558,5.5,21.58286,3125.811,421.1673,0,24.47424,1,1,2188.067,2187.75,1238.727,497.0617,1735.789,4,409.7616,0.9650863,25.06238,800,500,0,324.9685,0.1624843,0.1259371,0.3172331,0,250,0.3172331,949.0227,19.73254,61.43995,11.4057,0,4.741696,39.38521,17.08241,22.3028,514.9511,0,980.457,0,5.684342e-14,1.24345e-13,4.263256e-14
naive,2026-01-21 05:45:00,1559,5.75,21.64806,3114.658,479.2247,0,26.29256,1,1,2180.26,2179.943,540.3789,296.1332,836.5121,2,10.81496,1.888344,23.80876,800,0,499.6694,200,0.1,0.2046279,0.3172331,0,250,0.3172331,1639.564,18.7331,61.37137,0,0,7.559461,39.24469,29.51215,9.73253,326.9334,0,584.824,0,-5.684342e-14,-7.993606e-15,4.263256e-14
naive,2026-01-21 06:00:00,1560,6,21.67038,3154.975,542.9631,0,22.5736,1,1,2208.482,2208.165,1375.922,535.9382,1911.861,4,591.3856,1.063457,19.41145,800,500,0,324.9685,0.1624843,0.1259371,0.3172331,0,250,0.3172331,832.2428,15.26976,61.3479,0,0,7.303833,39.75268,14.98037,24.77231,552.1636,0,1035.311,0,0,1.24345e-13,4.263256e-14
naive,2026-01-21 06:15:00,1561,6.25,21.5309,3132.737,639.7399,5.865657,22.79004,1,1,2192.916,2192.599,653.9241,327.9552,981.8793,2,164.097,0.6372993,17.14502,800,0,499.6694,200,0.1,0.2046279,0.3172331,0,250,0.3172331,1538.675,13.50604,61.4946,0,5.228357,9.284003,39.47249,27.69615,11.77634,357.2298,0,654.2971,0,5.684342e-14,-7.993606e-15,4.263256e-14
naive,2026-01-21 06:30:00,1562,6.5,21.55482,3160.411,732.9416,0,27.06724,1,1,2212.288,2211.97,1449.588,550.4116,2000,4,716.868,0.4907941,24.19718,758.444,500,0,324.9685,0.1624843,0.1259371,0.3172331,0,250,0.3172331,762.3821,19.05677,58.27641,16.07362,0,8.01047,39.82118,13.72288,26.0983,565.4971,0,1093.16,0,2.273737e-13,1.24345e-13,4.263256e-14
naive,2026-01-21 06:45:00,1563,6.75,21.80501,3167.289,777.7815,0,21.15945,1,1,2217.102,2216.785,746.9928,356.004,1102.997,3,273.2142,0.5062336,29.27629,800,0,499.6694,200,0.1,0.2046279,0.3172331,0,250,0.3172331,1469.792,22.99828,61.2063,4.89782,0,0,39.90784,26.45626,13.45158,382.4602,0,704.5121,0,-1.136868e-13,-7.993606e-15,4.263256e-14
naive,2026-01-21 07:00:00,1564,7,21.86061,3160.214,801.6038,0,17.70506,1,1,2212.15,2211.833,1458.487,541.5127,2000,4,782.5077,1.011451,25.79526,690.6856,500,0,324.9685,0.1624843,0.1259371,0.3172331,0,250,0.3172331,753.3452,20.25225,52.79241,19.09616,0,0,39.8187,13.56021,26.25848,555.0729,0,1083.695,0,0,1.24345e-13,4.263256e-14
naive,2026-01-21 07:15:00,1565,7.25,22.00733,3205.787,763.8831,0,26.2598,1,1,2244.051,2243.733,748.33,356.1063,1104.436,3,277.3094,3.858405,23.26858,800,0,499.6694,200,0.1,0.2046279,0.3172331,0,250,0.3172331,1495.403,18.2412,60.99352,0,0,8.0186,40.39291,26.91726,13.47565,384.3992,0,700.1806,0,0,-7.993606e-15,4.263256e-14
naive,2026-01-21 07:30:00,1566,7.5,22.20898,3230.584,683.1505,0,27.06953,1,1,2261.409,2261.092,1453.055,546.9446,2000,4,739.7415,4.424722,28.12866,727.7051,500,0,324.9685,0.1624843,0.1259371,0.3172331,0,250,0.3172331,808.0365,22.00584,55.2887,0,0,5.063682,40.70536,14.54466,26.16071,562.3613,0,1062.523,0,0,1.24345e-13,4.263256e-14
naive,2026-01-21 07:45:00,1567,7.75,22.21954,3225.115,659.0712,7.325159,28.49698,1,1,2257.581,2257.263,679.3279,337.3858,1016.714,3,178.9648,3.168193,34.58061,800,0,499.6694,200,0.1,0.2046279,0.3172331,0,250,0.3172331,1577.935,27.05046,60.77032,0,4.156966,1.446511,40.63645,28.40284,12.23361,366.0377,0,670.8796,0,-5.684342e-14,-7.993606e-15,4.263256e-14
naive,2026-01-21 08:00:00,1568,8,22.49893,3209.776,598.413,372.0059,29.88359,1,1,2246.843,2246.526,1450.822,549.1777,2000,4,597.8289,325.8262,33.31044,543.0344,500,0,324.9685,0.1624843,0.1259371,0.3172331,0,250,0.3172331,795.7036,25.98243,41.05101,0.584111,46.17964,3.901157,40.44318,14.32266,26.12051,564.1758,0,1162.837,0,0,1.24345e-13,4.263256e-14
naive,2026-01-21 08:15:00,1569,8.25,22.82323,3240.54,490.2111,378.276,26.70962,1,1,2268.378,2268.061,784.0833,402.2529,1186.336,3,21.88701,327.3717,37.07752,800,0,499.6694,200,0.1,0.2046279,0.3172331,0,250,0.3172331,1483.978,28.82459,60.13539,0,50.90425,0,40.83081,26.7116,14.11921,428.9645,0,878.0866,0,0,-7.993606e-15,4.263256e-14
naive,2026-01-21 08:30:00,1570,8.5,23.16829,3228.507,415.6774,380.8201,35.01223,1,1,2259.955,2259.638,1429.738,570.2623,2000,4,438.5416,325.6095,38.32425,697.5247,500,0,324.9685,0.1624843,0.1259371,0.3172331,0,250,0.3172331,829.9003,29.68802,52.11597,0,55.2106,5.324211,40.67919,14.93821,25.74099,586.1344,0,1208.877,0,0,1.24345e-13,4.263256e-14
naive,2026-01-21 08:45:00,1571,8.75,23.4843,3255.928,340.7859,384.4702,37.25574,1,1,2279.15,2278.833,671.3983,355.1795,1026.578,3,0,181.0041,45.57372,800,0,499.6694,200,0.1,0.2046279,0.3172331,0,250,0.3172331,1607.434,35.18863,59.44012,0,54.17749,2.067105,41.0247,28.93382,12.09088,384.4781,0,795.5422,0,-5.684342e-14,-7.993606e-15,4.263256e-14
naive,2026-01-21 09:00:00,1572,9,23.57766,3245.905,273.7254,382.8304,39.45258,1,1,2272.134,2271.816,1400.754,581.4273,1982.181,4,301.0164,332.0677,49.09736,800,500,0,324.9685,0.1624843,0.1259371,0.3172331,0,250,0.3172331,871.0622,37.87266,59.34192,0,50.76263,1.579921,40.89841,15.67912,25.21929,597.3857,0,1215.577,0,-2.273737e-13,1.24345e-13,4.263256e-14
naive,2026-01-21 09:15:00,1573,9.25,23.66568,3266.441,205.5418,381.6052,52.65891,1,1,2286.509,2286.192,604.3112,325.6042,929.9154,2,0,72.28649,57.62888,800,0,499.6694,200,0.1,0.2046279,0.3172331,0,250,0.3172331,1681.88,44.41311,59.24935,0,51.15027,8.245799,41.15716,30.27385,10.88331,357.3383,0,736.2553,0,0,-7.993606e-15,4.263256e-14
naive,2026-01-21 09:30:00,1574,9.5,23.73758,3262.65,173.8378,388.3045,63.87459,1,1,2283.855,2283.538,1325.318,560.934,1886.252,4,193.7303,332.3099,60.21192,800,500,0,324.9685,0.1624843,0.1259371,0.3172331,0,250,0.3172331,958.2196,46.36916,59.17373,0,55.99458,17.50543,41.10939,17.24795,23.86144,581.2864,0,1192.593,0,-1.136868e-13,1.24345e-13,4.263256e-14
naive,2026-01-21 09:45:00,1575,9.75,23.80298,3279.762,154.0612,395.6853,63.74274,1,1,2295.834,2295.516,563.5144,307.619,871.1334,2,0,2.311969,68.82146,800,0,499.6694,200,0.1,0.2046279,0.3172331,0,250,0.3172331,1732.002,52.96335,59.10494,0,56.97374,10.77939,41.32501,31.17604,10.14897,340.7091,0,713.2048,0,-5.684342e-14,-7.993606e-15,4.263256e-14
naive,2026-01-21 10:00:00,1576,10,23.89148,3342.584,111.2796,396.4274,62.69191,1,1,2339.809,2339.492,1290.185,553.6245,1843.81,4,124.9778,346.9385,71.89371,800,500,0,324.9685,0.1624843,0.1259371,0.3172331,0,250,0.3172331,1049.306,55.27678,59.01187,0,49.48893,7.415129,42.11656,18.88751,23.22905,573.831,0,1166.642,0,2.273737e-13,1.24345e-13,4.263256e-14
naive,2026-01-21 10:15:00,1577,10.25,24.21897,3398.334,106.0915,403.6561,72.44653,1,1,2378.834,2378.517,571.1504,310.9853,882.1357,2,0,0,82.13573,800,0,465.2913,208.5945,0.1042973,0.2046279,0.3172331,0,250,0.3172331,1807.366,62.93635,58.66743,0,50.22092,9.510171,42.81901,32.53259,10.28642,345.2204,0,711.0711,0,0,4.884981e-14,4.263256e-14
naive,2026-01-21 10:30:00,1578,10.5,24.61051,3391.671,77.49015,402.5825,76.47785,1,1,2374.17,2373.853,866.7764,432.8336,1299.61,3,71.26927,345.5936,82.74725,800,0,34.24674,200,0.1,0.1313489,0.3172331,0,250,0.3172331,1507.076,63.14574,58.25563,0,56.98892,13.33211,42.73506,27.12737,15.60769,462.3663,0,957.5009,0,-1.705303e-13,-6.938894e-16,4.263256e-14
naive,2026-01-21 10:45:00,1579,10.75,24.73082,3394.465,88.36953,410.0099,86.68415,1,1,2376.125,2375.808,1291.635,556.5331,1848.168,4,105.8989,343.8765,98.39276,800,500,0,324.9685,0.1624843,0.1259371,0.3172331,0,250,0.3172331,1084.173,74.99038,58.1291,0,66.13344,11.69377,42.77025,19.51511,23.25514,578.163,0,1205.011,0,0,1.24345e-13,4.263256e-14
naive,2026-01-21 11:00:00,1580,11,25.04357,3364.98,84.20337,414.297,91.49524,1,1,2355.486,2355.169,586.5659,317.7812,904.347,2,0,0,104.347,800,0,441.0413,214.657,0.1073285,0.2046279,0.3172331,0,250,0.3172331,1768.603,79.26737,57.80016,0,66.91664,12.22787,428.6438,321.8447,106.7991,641.8511,0,1334.108,0,0,-6.483702e-14,4.263256e-14
naive,2026-01-21 11:15:00,1581,11.25,25.08791,3392.633,97.52783,414.5225,103.123,1,1,2374.843,2374.526,863.2628,436.4505,1299.713,3,27.84369,350.6804,121.1892,800,0,58.49295,200,0.1,0.1351664,0.3172331,0,250,0.3172331,1511.263,92.01856,57.75353,11.19119,63.84208,11.10447,432.5502,275.2591,157.2911,713.7321,0,1491.924,0,5.684342e-14,-1.915135e-15,4.263256e-14
naive,2026-01-21 11:30:00,1582,11.5,25.25759,3437.654,100.9992,414.529,111.9861,1,1,2406.358,2406.041,1292.749,561.9585,1854.708,4,64.42057,355.493,134.794,800,500,0,324.9685,0.1624843,0.1259371,0.3172331,0,250,0.3172331,1113.292,102.1657,57.57507,36.57868,59.03605,9.820444,439.7853,203.4648,236.3204,767.2181,0,1634.6,0,0,1.24345e-13,4.263256e-14
naive,2026-01-21 11:45:00,1583,11.75,25.34127,3426.907,74.42826,419.8745,127.1636,1,1,2398.835,2398.518,618.4881,331.8541,950.3422,2,0,0,150.3422,800,0,431.9601,216.9273,0.1084637,0.2046279,0.3172331,0,250,0.3172331,1780.03,113.8496,57.48705,0,62.53846,13.31407,439.1492,325.8659,113.2833,660.1574,0,1363.521,0,5.684342e-14,-7.993606e-15,4.263256e-14
naive,2026-01-21 12:00:00,1584,12,25.34409,3418.517,63.83761,423.7811,139.5281,1,1,2392.962,2392.645,888.9469,449.1834,1338.13,3,15.99048,360.8682,161.2715,800,0,67.57276,200,0.1,0.136596,0.3172331,0,250,0.3172331,1503.698,122.1224,57.48409,0,62.91292,17.40571,438.0988,275.2941,162.8048,727.664,0,1499.183,0,-1.705303e-13,-1.44329e-15,4.263256e-14
naive,2026-01-21 12:15:00,1585,12.25,25.56626,3444.472,72.35635,423.3928,156.6436,1,1,2411.13,2410.813,1347.103,583.2432,1930.346,4,86.92622,362.4383,180.9819,800,500,0,324.9685,0.1624843,0.1259371,0.3172331,0,250,0.3172331,1063.71,136.7264,57.25042,0,60.95444,19.91718,443.409,195.6172,247.7918,782.5232,0,1605.786,0,-2.273737e-13,1.24345e-13,4.263256e-14
naive,2026-01-21 12:30:00,1586,12.5,25.78861,3443.466,85.42597,419.2382,162.6735,1,1,2410.426,2410.109,650.0853,345.7837,995.8689,2,0,0,195.8689,800,0,452.5548,211.7787,0.1058893,0.2046279,0.3172331,0,250,0.3172331,1760.024,147.6247,57.01657,0,61.80515,15.04881,445.2824,325.1324,120.15,673.6961,0,1389.862,0,0,-6.483702e-14,4.263256e-14
naive,2026-01-21 12:45:00,1587,12.75,25.94404,3462.071,103.432,426.4504,164.9147,1,1,2423.45,2423.133,941.2482,469.0992,1410.347,3,42.39618,360.1873,207.764,800,0,46.98132,200,0.1,0.1333539,0.3172331,0,250,0.3172331,1481.884,156.3315,56.8531,14.05445,66.26308,8.583206,449.1067,274.6185,174.4882,745.3083,0,1565.205,0,5.684342e-14,1.804112e-15,4.263256e-14
naive,2026-01-21 13:00:00,1588,13,26.0805,3510.841,82.65422,428.8962,170.4884,1,1,2457.589,2457.271,1377.766,596.0042,1973.77,4,93.28736,359.613,220.8699,800,500,0,324.9685,0.1624843,0.1259371,0.3172331,0,250,0.3172331,1079.505,165.9519,56.70957,0,69.28319,4.536493,456.7037,200.6088,256.0948,797.4561,0,1650.627,0,-1.136868e-13,1.24345e-13,4.263256e-14
naive,2026-01-21 13:15:00,1589,13.25,26.15232,3522.958,82.75296,418.3091,175.6649,1,1,2466.071,2465.754,676.4072,357.3877,1033.795,3,0,0,233.7949,800,0,447.0723,213.1493,0.1065746,0.2046279,0.3172331,0,250,0.3172331,1789.346,175.5289,56.63404,0,56.25332,0.1360211,458.9538,333.0104,125.9434,690.4234,0,1414.17,0,0,-6.483702e-14,4.263256e-14
naive,2026-01-21 13:30:00,1590,13.5,26.33009,3537.493,118.3312,415.6941,181.0299,1,1,2476.245,2475.928,952.7212,476.7269,1429.448,3,20.79287,358.593,250.0623,800,0,52.46295,200,0.1,0.134217,0.3172331,0,250,0.3172331,1523.206,187.3865,56.44708,45.0754,57.10112,0,462.5304,284.5152,178.0152,761.2421,0,1635.236,0,0,-1.720846e-15,4.263256e-14
naive,2026-01-21 13:45:00,1591,13.75,26.43995,3578.073,111.4916,418.7169,190.6858,1,1,2504.651,2504.334,1382.862,600.8104,1983.672,4,71.76873,357.537,254.3663,800,500,0,324.9685,0.1624843,0.1259371,0.3172331,0,250,0.3172331,1121.472,190.3882,56.33153,39.72284,61.17992,0.297587,468.8948,209.9504,258.9444,810.8165,0,1732.317,0,2.273737e-13,1.24345e-13,4.263256e-14
naive,2026-01-21 14:00:00,1592,14,26.65174,3568.932,92.61225,420.2035,200.7062,1,1,2498.252,2497.935,697.1831,366.5467,1063.73,3,0,0,263.7298,800,0,448.3332,212.8341,0.106417,0.2046279,0.3172331,0,250,0.3172331,1800.752,196.9497,56.10877,9.471134,55.01137,3.756421,469.7457,338.5949,131.1508,705.8479,0,1459.806,0,0,-6.483702e-14,4.263256e-14
naive,2026-01-21 14:15:00,1593,14.25,26.66637,3571.144,68.11181,411.5613,202.4269,1,1,2499.801,2499.484,974.041,485.6281,1459.669,3,24.97626,360.7463,273.9465,800,0,51.2022,200,0.1,0.1340185,0.3172331,0,250,0.3172331,1525.443,204.5474,56.09339,0,50.81498,0,470.1791,286.9154,183.2638,772.5435,0,1569.638,0,5.684342e-14,2.081668e-15,4.263256e-14
naive,2026-01-21 14:30:00,1594,14.5,26.85931,3555.548,82.69163,410.263,205.0992,1,1,2488.884,2488.566,1399.689,600.3113,2000,4,109.1454,358.7526,279.013,753.089,500,0,324.9685,0.1624843,0.1259371,0.3172331,0,250,0.3172331,1088.878,207.8997,52.61312,0,51.51034,0,470.0019,205.6241,264.3777,805.9354,0,1641.536,0,0,1.24345e-13,4.263256e-14
naive,2026-01-21 14:45:00,1595,14.75,27.07806,3520.675,100.8992,408.7733,213.738,1,1,2464.472,2464.155,709.7969,372.1075,1081.904,3,0,0,281.9044,800,0,454.0194,211.4125,0.1057063,0.2046279,0.3172331,0,250,0.3172331,1754.358,209.5608,55.6604,0,57.21098,4.177131,467.5164,332.806,134.7104,705.7059,0,1447.483,0,-1.705303e-13,-7.993606e-15,4.263256e-14
naive,2026-01-21 15:00:00,1596,15,27.37947,3548.463,92.09893,418.1437,213.3153,1,1,2483.924,2483.607,991.4122,491.4967,1482.909,3,40.01903,355.7019,287.188,800,0,45.51692,200,0.1,0.1331234,0.3172331,0,250,0.3172331,1492.195,212.7961,55.34339,6.562979,62.44183,0.5192567,474.1889,284.8646,189.3243,776.4605,0,1609.693,0,0,3.080869e-15,4.263256e-14
naive,2026-01-21 15:15:00,1597,15.25,27.64167,3494.086,111.4346,411.1969,218.5832,1,1,2445.86,2445.543,1398.449,601.5514,2000,4,96.37603,356.2654,290.6503,756.7082,500,0,324.9685,0.1624843,0.1259371,0.3172331,0,250,0.3172331,1047.094,214.7518,52.08765,15.05853,54.93152,3.831382,469.5075,201.0003,268.5072,803.2872,0,1668.709,0,0,1.24345e-13,4.263256e-14
naive,2026-01-21 15:30:00,1598,15.5,27.77783,3483.867,132.9248,407.9249,215.2543,1,1,2438.707,2438.39,713.7981,373.8714,1087.67,3,0,0,287.6695,800,0,445.8275,213.4605,0.1067302,0.2046279,0.3172331,0,250,0.3172331,1724.592,212.2361,54.92442,36.15516,58.86699,3.018241,469.4842,332.0073,137.4769,706.4598,0,1515.043,0,1.136868e-13,-6.483702e-14,4.263256e-14
naive,2026-01-21 15:45:00,1599,15.75,27.78738,3441.878,158.1549,401.008,213.7872,1,1,2409.315,2408.998,998.6711,491.9465,1490.618,3,63.13853,348.1029,279.3761,800,0,53.70752,200,0.1,0.1344129,0.3172331,0,250,0.3172331,1410.327,206.096,54.91438,41.30883,52.90517,7.691175,463.9196,271.5619,192.3577,764.9894,0,1630.719,0,1.136868e-13,-1.026956e-15,4.263256e-14
naive,2026-01-21 16:00:00,1600,16,27.63599,3413.132,173.0992,402.0713,215.3903,1,1,2389.192,2388.875,1403.715,596.285,2000,4,146.261,343.198,276.1837,734.3573,500,0,324.9685,0.1624843,0.1259371,0.3172331,0,250,0.3172331,985.1599,204.0755,50.55463,26.83828,58.8733,11.31482,458.5745,189.0887,269.4858,787.5454,0,1666.069,0,0,1.24345e-13,4.263256e-14
naive,2026-01-21 16:15:00,1601,16.25,27.71098,3375.137,180.2935,396.2532,210.2025,1,1,2362.596,2362.279,712.2468,373.1875,1085.434,3,0,3.701868,281.7325,800,0,499.6694,200,0.1,0.2046279,0.3172331,0,250,0.3172331,1650.032,208.0065,54.99473,19.08153,54.09384,2.195972,454.1888,317.2045,136.9843,690.8142,0,1445.987,0,0,-7.993606e-15,4.263256e-14
naive,2026-01-21 16:30:00,1602,16.5,27.95621,3366.468,191.2167,394.4963,209.6659,1,1,2356.528,2356.211,1410.459,589.5407,2000,4,197.616,338.7101,278.0828,685.5911,500,0,324.9685,0.1624843,0.1259371,0.3172331,0,250,0.3172331,945.7514,204.7664,46.90884,0,55.78613,4.899521,455.3838,182.7604,272.6235,773.2479,0,1589.954,0,0,1.24345e-13,4.263256e-14
naive,2026-01-21 16:45:00,1603,16.75,28.21604,3373.601,236.9113,379.9932,208.7781,1,1,2361.521,2361.204,736.33,383.8045,1120.134,3,0,58.80081,261.3337,800,0,499.6694,200,0.1,0.2046279,0.3172331,0,250,0.3172331,1624.874,191.8899,54.46353,14.63691,43.79727,16.88819,458.8832,315.7403,143.1429,702.8265,0,1445.18,0,5.684342e-14,-7.993606e-15,4.263256e-14
naive,2026-01-21 17:00:00,1604,17,27.91279,3396.083,254.4667,381.604,201.3237,1,1,2377.258,2376.941,1417.239,582.7611,2000,4,259.1035,336.7504,251.7187,652.4274,500,0,324.9685,0.1624843,0.1259371,0.3172331,0,250,0.3172331,959.7022,185.4405,44.67698,0,44.8536,15.88312,458.9663,185.2853,273.681,771.1129,0,1569.337,0,0,1.24345e-13,4.263256e-14
naive,2026-01-21 17:15:00,1605,17.25,27.83145,3331.833,326.6417,382.1582,187.5271,1,1,2332.283,2331.966,775.3068,400.9875,1176.294,3,0,131.0975,245.1968,800,0,499.6694,200,0.1,0.2046279,0.3172331,0,250,0.3172331,1556.659,180.7955,54.86802,24.95938,53.07362,6.731588,449.5067,300.0188,149.4879,702.3036,0,1477.488,0,0,-7.993606e-15,4.263256e-14
naive,2026-01-21 17:30:00,1606,17.5,27.7894,3328.623,385.4029,381.6244,178.3736,1,1,2330.036,2329.719,1428.925,571.0748,2000,4,358.7079,323.6072,232.689,584.9958,500,0,324.9685,0.1624843,0.1259371,0.3172331,0,250,0.3172331,900.7935,171.6512,40.1543,26.69498,58.01719,6.722465,448.6735,173.4575,275.216,745.8267,0,1592.608,0,0,1.24345e-13,4.263256e-14
naive,2026-01-21 17:45:00,1607,17.75,27.64342,3306.842,434.7703,367.6946,161.165,1,1,2314.789,2314.472,830.6218,425.373,1255.995,3,0,238.8301,217.1647,800,0,499.6694,200,0.1,0.2046279,0.3172331,0,250,0.3172331,1483.85,160.4528,55.06579,14.78495,49.18037,0.7122882,444.3635,284.8505,159.513,710.3603,0,1469.112,0,0,-7.993606e-15,4.263256e-14
naive,2026-01-21 18:00:00,1608,18,27.6439,3280.257,467.7359,0,156.2696,1,1,2296.18,2295.863,1429.164,570.8364,2000,4,491.1379,1.666242,213.9324,793.2635,500,0,324.9685,0.1624843,0.1259371,0.3172331,0,250,0.3172331,866.6994,158.0637,54.6016,0,0,0,440.7957,166.3795,274.4162,737.2159,0,1413.005,0,-2.273737e-13,1.24345e-13,4.263256e-14
naive,2026-01-21 18:15:00,1609,18.25,27.60996,3267.825,522.0906,1.26565,148.0943,1,1,2287.478,2287.16,694.318,359.6521,1053.97,3,47.33998,0.6531834,205.977,800,0,499.6694,200,0.1,0.2046279,0.3172331,0,250,0.3172331,1592.842,152.2418,55.10097,0,0.612467,0,438.8106,305.5576,133.253,665.2097,0,1269.487,0,5.684342e-14,-7.993606e-15,4.263256e-14
naive,2026-01-21 18:30:00,1610,18.5,27.48909,3262.13,565.102,1.232283,138.0589,1,1,2283.491,2283.174,1445,555,2000,4,615.3643,4.130385,195.9008,684.6045,500,0,324.9685,0.1624843,0.1259371,0.3172331,0,250,0.3172331,838.1738,144.9837,47.26175,0,0,0,436.9315,160.3792,276.5522,715.3793,0,1377.589,0,1.136868e-13,1.24345e-13,4.263256e-14
naive,2026-01-21 18:45:00,1611,18.75,27.41725,3246.669,610.4772,0.2459763,127.5284,1,1,2272.668,2272.351,777.7741,381.7795,1159.554,3,170.6107,5.514442,183.4284,800,0,499.6694,200,0.1,0.2046279,0.3172331,0,250,0.3172331,1494.577,135.8585,55.30365,0,0,0,434.204,285.546,148.658,667.3255,0,1272.434,0,-1.136868e-13,-7.993606e-15,4.263256e-14
naive,2026-01-21 19:00:00,1612,19,27.12916,3233.725,667.3858,0,111.3286,0,0,2263.608,2263.29,1454.153,545.8474,2000,4,695.9344,1.62825,166.5278,635.9095,500,0,324.9685,0.1624843,0.1259371,0.3172331,0,250,0.3172331,809.1378,123.7246,44.201,0,0,0,429.8703,153.6593,276.211,0,699.5067,3797.56,0,-1.136868e-13,1.24345e-13,4.263256e-14
naive,2026-01-21 19:15:00,1613,19.25,26.91092,3274.049,729.3777,0,111.3114,0,0,2291.835,2291.517,804.2794,385.9526,1190.232,3,233.7561,0.4741626,156.0017,800,0,499.6694,200,0.1,0.2046279,0.3172331,0,250,0.3172331,1487.238,116.1764,55.83619,0,0,0,433.2555,281.1521,152.1034,0,667.1047,3606.26,0,-1.136868e-13,-7.993606e-15,4.263256e-14
naive,2026-01-21 19:30:00,1614,19.5,26.6909,3252.21,718.1078,0,95.26888,0,0,2276.547,2276.23,1457.944,542.0559,2000,4,732.1469,2.777664,144.7783,620.2971,500,0,324.9685,0.1624843,0.1259371,0.3172331,0,250,0.3172331,818.2858,108.0731,43.47321,0,0,0,428.4054,153.9867,274.4187,0,696.0426,3779.327,0,0,1.24345e-13,4.263256e-14
naive,2026-01-21 19:45:00,1615,19.75,26.69243,3237.744,699.4665,0,86.54928,0,0,2266.421,2266.104,780.3394,376.5878,1156.927,3,223.76,2.292774,130.8744,800,0,499.6694,200,0.1,0.2046279,0.3172331,0,250,0.3172331,1485.764,97.69258,56.06598,0,0,0,426.5134,279.6031,146.9103,0,656.1909,3545.976,0,-1.705303e-13,-7.993606e-15,4.263256e-14
naive,2026-01-21 20:00:00,1616,20,26.35179,3187.069,708.9455,1.089938,76.15755,0,0,2230.949,2230.631,1452.2,547.7996,2000,4,697.4132,1.243763,125.0409,676.3022,500,0,324.9685,0.1624843,0.1259371,0.3172331,0,250,0.3172331,778.4309,93.67885,47.6998,11.53235,0,0,416.8982,145.4657,271.4325,0,693.2653,3779.19,0,-1.136868e-13,1.24345e-13,4.263256e-14
naive,2026-01-21 20:15:00,1617,20.25,26.18603,3199.093,666.6667,0,71.43536,0,0,2239.365,2239.048,717.3685,356.7989,1074.167,3,156.7478,2.284817,115.1347,800,0,499.6694,200,0.1,0.2046279,0.3172331,0,250,0.3172331,1521.679,86.40998,56.59858,10.2494,0,0,417.05,283.3912,133.6588,0,640.1901,3475.052,0,-1.136868e-13,-7.993606e-15,4.263256e-14
naive,2026-01-21 20:30:00,1618,20.5,26.13802,3166.829,618.2567,0,56.68106,0,0,2216.78,2216.463,1440.135,559.8645,2000,4,615.6478,2.780328,101.7859,779.786,500,0,324.9685,0.1624843,0.1259371,0.3172331,0,250,0.3172331,776.3276,76.4306,55.21769,2.608899,0,0,412.4382,144.4379,268.0003,0,704.3025,3816.044,0,0,1.24345e-13,4.263256e-14
naive,2026-01-21 20:45:00,1619,20.75,25.96968,3149.439,547.2261,0,62.43783,0,0,2204.607,2204.29,629.9681,329.0417,959.0098,2,66.18483,2.171419,90.65358,800,0,499.6694,200,0.1,0.2046279,0.3172331,0,250,0.3172331,1574.322,68.19348,56.82613,0,0,0,408.7651,291.9014,116.8637,0,620.9431,3351.258,0,0,-7.993606e-15,4.263256e-14
naive,2026-01-21 21:00:00,1620,21,25.90389,3116.997,508.3001,3.57107,53.84292,0,0,2181.898,2181.581,1353.851,536.6628,1890.514,4,503.5009,3.220714,83.79251,800,500,0,324.9685,0.1624843,0.1259371,0.3172331,0,250,0.3172331,827.7294,63.07639,56.89532,4.799176,0.3503562,0,404.0124,153.267,250.7454,0,689.9298,3739.49,0,-1.136868e-13,1.24345e-13,4.263256e-14
naive,2026-01-21 21:15:00,1621,21.25,25.63713,3105.996,441.2517,4.059069,47.91894,0,0,2174.197,2173.88,568.444,309.7922,878.2362,2,0,0,78.23621,800,0,435.2561,216.1033,0.1080517,0.2046279,0.3172331,0,250,0.3172331,1605.436,59.06075,57.17589,9.561706,0.4929957,0,400.4108,295.665,104.7459,0,605.4571,3283.036,0,0,-7.993606e-15,4.263256e-14
naive,2026-01-21 21:30:00,1622,21.5,25.5046,3075.065,387.6718,11.22965,43.15924,0,0,2152.546,2152.228,800.3773,375.3569,1175.734,3,308.3654,0.9075949,66.46114,800,0,64.27731,200,0.1,0.1360771,0.3172331,0,250,0.3172331,1351.851,50.24217,57.31528,15.02908,10.32205,0,395.3619,248.2969,147.065,0,623.6538,3409.347,0,-1.136868e-13,6.02296e-15,4.263256e-14
naive,2026-01-21 21:45:00,1623,21.75,25.42455,3040.024,338.0864,0,38.5185,0,0,2128.017,2127.699,1196.987,488.6514,1685.638,4,325.7743,2.438157,57.42577,800,500,0,324.9685,0.1624843,0.1259371,0.3172331,0,250,0.3172331,930.7127,43.44854,57.39947,12.31202,0,0,390.2255,170.6696,219.5559,0,659.3211,3582.93,0,1.136868e-13,1.24345e-13,4.263256e-14
naive,2026-01-21 22:00:00,1624,22,25.50867,3008.192,303.4503,0,44.2573,0,0,2105.734,2105.417,552.5309,302.7769,855.3078,2,0,0,55.30785,800,0,281.1616,254.627,0.1273135,0.2046279,0.3172331,0,250,0.3172331,1552.886,41.8089,57.31099,22.75114,0,2.448407,386.7958,285.2448,101.551,0,588.4715,3211.364,0,-5.684342e-14,4.884981e-14,4.263256e-14
naive,2026-01-21 22:15:00,1625,22.25,25.38718,3006.407,255.8517,0,50.11522,0,0,2104.485,2104.168,553.8563,302.9162,856.7725,2,3.740694,0.0418968,52.98994,800,0,218.3475,200,0.1,0.1603349,0.3172331,0,250,0.3172331,1550.311,40.10822,57.43877,33.76352,0,10.007,385.6197,284.0745,101.5451,0,588.8244,3232.158,0,-1.136868e-13,6.300516e-15,4.263256e-14
naive,2026-01-21 22:30:00,1626,22.5,25.35053,3013.734,203.4787,0,49.46328,0,0,2109.614,2109.296,1091.2,457.7174,1548.917,4,193.7783,0.01954568,55.11927,800,500,0,324.9685,0.1624843,0.1259371,0.3172331,0,250,0.3172331,1018.097,41.73608,57.47732,9.700431,0,7.727202,386.2741,186.4154,199.8588,0,645.5476,3502.583,0,-1.705303e-13,1.24345e-13,4.263256e-14
naive,2026-01-21 22:45:00,1627,22.75,25.12334,3036.023,179.5671,0,31.70394,0,0,2125.216,2124.899,550.7172,301.9773,852.6945,2,0,0,52.69449,800,0,165.8757,283.4484,0.1417242,0.2046279,0.3172331,0,250,0.3172331,1574.182,39.99582,57.71626,13.98963,0,0,387.3585,286.9227,100.4358,0,588.9,3198.151,0,5.684342e-14,4.884981e-14,4.263256e-14
naive,2026-01-21 23:00:00,1628,23,24.90468,3076.036,152.1522,0,31.14448,1,1,2153.225,2152.908,541.8103,298.0507,839.8611,2,0,0,39.86106,800,0,143.3929,247.5556,0.1237778,0.1784833,0.3172331,0,250,0.3172331,1611.098,30.3248,57.94624,10.53863,0,0.8196766,38.75805,28.99976,9.758296,327.1992,0,607.3881,0,0,2.542411e-14,4.263256e-14
naive,2026-01-21 23:15:00,1629,23.25,24.8751,3112.33,108.4473,6.134137,33.28884,1,1,2178.631,2178.314,533.7367,294.4915,828.2281,2,0,0,28.22814,800,0,127.9897,215.5192,0.1077596,0.1558821,0.3172331,0,250,0.3172331,1644.577,21.48159,57.97735,0,2.107269,11.80724,39.21536,29.60239,9.61297,326.2353,0,590.8811,0,-5.684342e-14,-4.435341e-14,4.263256e-14
naive,2026-01-21 23:30:00,1630,23.5,24.71357,3079.621,93.49382,0,26.18092,1,1,2155.734,2155.417,568.4842,305.7091,874.1933,2,34.47246,4.628497,35.09239,800,0,61.94102,200,0.1,0.1357093,0.3172331,0,250,0.3172331,1586.933,26.75062,58.14723,0,0,0,38.80322,28.56479,10.23843,334.2739,0,603.1322,0,-5.684342e-14,2.63678e-15,4.263256e-14
naive,2026-01-21 23:45:00,1631,23.75,24.65968,3051.097,70.1001,6.894006,31.99942,1,1,2135.768,2135.45,1004.866,430.2327,1435.099,3,104.8785,0.2406692,29.97959,800,500,0,324.9685,0.1624843,0.1259371,0.3172331,0,250,0.3172331,1130.584,22.86611,58.20392,0,6.653336,9.133308,38.44382,20.35052,18.0933,452.2326,0,850.4628,0,-1.705303e-13,1.24345e-13,4.263256e-14
naive,2026-01-22 00:00:00,1632,0,24.51212,3063.754,72.92581,7.631267,32.3806,1,1,2144.628,2144.311,531.2579,293.3987,824.6566,2,0,0,24.65656,800,0,91.45613,302.0533,0.1510267,0.2046279,0.3172331,0,250,0.3172331,1613.053,18.83522,58.35912,0,7.495472,13.54537,38.60331,29.03495,9.568352,324.8727,0,597.021,0,0,-1.074696e-13,4.263256e-14
naive,2026-01-22 00:15:00,1633,0.25,24.54887,3033.452,70.67102,11.19023,24.18718,1,1,2123.416,2123.099,530.9027,293.2421,824.1448,2,0,0,24.14478,800,0,89.29767,279.6814,0.1398407,0.1901986,0.3172331,0,250,0.3172331,1592.196,18.43717,58.32046,0,11.19023,5.750009,38.22149,28.65953,9.561958,322.9378,0,599.5681,0,1.136868e-13,4.951595e-14,4.263256e-14
naive,2026-01-22 00:30:00,1634,0.5,24.61867,3058.077,70.93818,10.4241,21.01882,1,1,2140.654,2140.337,529.316,292.5427,821.8587,2,0,0,21.8587,800,0,102.0974,254.113,0.1270565,0.1761113,0.3172331,0,250,0.3172331,1611.021,16.67929,58.24705,0,10.41837,4.339529,38.53177,28.99837,9.533399,322.3241,0,597.0919,0,5.684342e-14,1.94289e-15,4.263256e-14
naive,2026-01-22 00:45:00,1635,0.75,24.26979,3075.598,53.1312,6.051221,18.46445,1,1,2152.919,2152.602,529.2681,292.5215,821.7897,2,0,0,21.78968,800,0,89.18851,231.7759,0.1158879,0.1600112,0.3172331,0,250,0.3172331,1623.333,16.68745,58.61399,0,4.26326,1.777001,38.75254,29.22,9.532537,322.06,0,585.5333,0,0,-2.750578e-14,4.263256e-14
naive,2026-01-22 01:00:00,1636,1,24.27803,3040.46,71.51244,16.23342,12.45016,1,1,2128.322,2128.005,528.263,292.0784,820.3414,2,0,0,20.34144,800,0,77.61369,212.336,0.106168,0.1459459,0.3172331,0,250,0.3172331,1599.742,15.57698,58.60532,0,15.85876,0,38.3098,28.79536,9.514444,320.8738,0,603.1729,0,-1.136868e-13,3.683165e-14,4.263256e-14
naive,2026-01-22 01:15:00,1637,1.25,24.10366,3054.118,79.37019,6.883803,8.511274,1,1,2137.883,2137.566,558.5246,300.5932,859.1178,2,40.56905,1.248027,17.3007,800,0,49.21012,200,0.1,0.1337048,0.3172331,0,250,0.3172331,1579.041,13.27259,58.78871,0,5.635776,0,38.48189,28.42274,10.05915,329.0159,0,601.6162,0,5.684342e-14,-1.859624e-15,4.263256e-14
naive,2026-01-22 01:30:00,1638,1.5,23.94107,3081.774,97.33052,7.544869,15.72024,1,1,2157.241,2156.924,984.3925,424.046,1408.438,3,81.01307,2.158725,25.26666,800,500,0,324.9685,0.1624843,0.1259371,0.3172331,0,250,0.3172331,1172.532,19.4167,58.95971,16.31745,5.386144,0,38.83035,21.10557,17.72477,445.1515,0,861.4121,0,-1.136868e-13,1.24345e-13,4.263256e-14
naive,2026-01-22 01:45:00,1639,1.75,23.70853,3079.755,78.20133,1.225296,25.32762,1,1,2155.828,2155.511,529.1786,292.4821,821.6607,2,0,0,21.66066,800,0,77.95273,305.4292,0.1527146,0.2046279,0.3172331,0,250,0.3172331,1626.333,16.6859,59.20429,2.259207,0,8.641722,38.80491,29.27399,9.530925,323.2877,0,583.8677,0,-5.684342e-14,-9.325873e-14,4.263256e-14
naive,2026-01-22 02:00:00,1640,2,23.59341,3059.942,74.72448,3.721704,29.15862,1,1,2141.959,2141.642,528.485,292.1763,820.6612,2,0,0,20.66124,800,0,80.80861,285.1789,0.1425895,0.1923243,0.3172331,0,250,0.3172331,1613.157,15.93504,59.32537,0,1.084401,13.22358,38.55527,29.03683,9.51844,323.5516,0,582.2328,0,5.684342e-14,2.781109e-14,4.263256e-14
naive,2026-01-22 02:15:00,1641,2.25,23.24858,3049.819,70.16234,0.464525,29.48808,1,1,2134.874,2134.556,522.5706,289.5689,812.1395,2,0,0,12.13949,800,0,69.76931,267.6917,0.1338459,0.179573,0.3172331,0,250,0.3172331,1611.986,9.3961,59.68803,0.3930258,0.464525,20.09198,38.42773,29.01574,9.41198,322.1141,0,578.5585,0,0,4.871104e-14,4.263256e-14
naive,2026-01-22 02:30:00,1642,2.5,22.96626,3058.043,83.01039,5.062085,35.80119,1,1,2140.63,2140.313,525.0902,290.6797,815.7699,2,0,0,15.76993,800,0,93.69885,244.2249,0.1221124,0.1685616,0.3172331,0,250,0.3172331,1615.223,12.24172,59.98496,0,3.220891,23.55947,38.53135,29.07401,9.457334,323.8698,0,585.8126,0,5.684342e-14,-5.170864e-14,4.263256e-14
naive,2026-01-22 02:45:00,1643,2.75,22.6915,3035.587,76.52771,15.04258,38.51853,1,1,2124.911,2124.594,525.212,290.7334,815.9453,2,0,0,15.94533,800,0,95.78794,220.2394,0.1101197,0.1537848,0.3172331,0,250,0.3172331,1599.382,12.41293,60.27394,0,14.89525,26.1056,38.2484,28.78887,9.459525,324.0592,0,606.0046,0,5.684342e-14,2.148282e-14,4.263256e-14
naive,2026-01-22 03:00:00,1644,3,22.5669,3044.714,90.59726,14.21184,34.39318,1,1,2131.3,2130.983,539.9071,295.2282,835.1353,2,16.67423,2.093625,16.36743,800,0,80.81908,200,0.1,0.1386815,0.3172331,0,250,0.3172331,1591.076,12.75784,60.40499,0,12.11821,21.63534,38.3634,28.63936,9.724038,327.6187,0,608.1857,0,0,1.887379e-15,4.263256e-14
naive,2026-01-22 03:15:00,1645,3.25,22.53612,3038.833,79.48677,14.11912,29.04676,1,1,2127.183,2126.866,991.0862,425.1676,1416.254,3,96.39059,2.987796,16.87537,800,500,0,324.9685,0.1624843,0.1259371,0.3172331,0,250,0.3172331,1135.78,13.15791,60.43736,0,11.13132,15.88885,38.2893,20.44404,17.84526,448.3648,0,847.9392,0,0,1.24345e-13,4.263256e-14
naive,2026-01-22 03:30:00,1646,3.5,22.49241,3022.698,96.89655,4.727811,30.14206,1,1,2115.889,2115.571,527.9542,291.9423,819.8965,2,0,0,19.89653,800,0,96.84885,300.7051,0.1503526,0.2046279,0.3172331,0,250,0.3172331,1587.617,15.5205,60.48333,1.552232,3.22328,14.62156,38.086,28.57711,9.508886,323.0509,0,586.2958,0,5.684342e-14,9.148238e-14,4.263256e-14
naive,2026-01-22 03:45:00,1647,3.75,22.41276,3005.041,110.5294,0,18.23526,1,1,2103.529,2103.212,529.6296,292.6809,822.3105,2,0,0,22.31052,800,0,111.8908,272.6851,0.1363426,0.1893496,0.3172331,0,250,0.3172331,1573.582,17.41778,60.5671,0.8306205,0,0.8174786,37.86352,28.32448,9.539044,321.1467,0,575.5882,0,0,-7.244205e-14,4.263256e-14
naive,2026-01-22 04:00:00,1648,4,22.2213,3029.521,125.6438,0,13.03718,1,1,2120.665,2120.347,526.832,291.4476,818.2796,2,0,0,18.27958,800,0,138.2262,238.0856,0.1190428,0.1717058,0.3172331,0,250,0.3172331,1593.515,14.29883,60.76847,0,0,0,38.17196,28.68328,9.488686,320.1308,0,571.8972,0,-5.684342e-14,5.345724e-14,4.263256e-14
naive,2026-01-22 04:15:00,1649,4.25,21.89347,3014.64,146.2577,0,10.90835,1,1,2110.248,2109.931,522.2595,289.4318,811.6913,2,0,0,11.69131,800,0,150.5564,200.4091,0.1002045,0.149919,0.3172331,0,250,0.3172331,1587.671,9.175954,61.11326,0,0,1.732394,37.98447,28.57809,9.406382,318.3064,0,567.8604,0,0,-2.58682e-14,4.263256e-14
naive,2026-01-22 04:30:00,1650,4.5,21.86489,3031.649,177.9062,0,11.22371,1,1,2122.154,2121.837,663.1881,329.9079,993.096,2,182.0137,1.599685,9.482621,800,0,1.510008,200,0.1,0.1261946,0.3172331,0,250,0.3172331,1458.649,7.444624,61.14332,0,0,3.77909,38.19877,26.25568,11.9431,356.8101,0,644.834,0,5.684342e-14,5.551115e-17,4.263256e-14
naive,2026-01-22 04:45:00,1651,4.75,21.81677,2996.223,235.4506,0,23.09863,1,1,2097.356,2097.039,1089.676,452.9823,1542.659,4,227.9372,2.35565,12.36587,800,500,0,324.9685,0.1624843,0.1259371,0.3172331,0,250,0.3172331,1007.363,9.71297,61.19393,7.513433,0,13.38566,37.75241,18.13253,19.61988,473.4029,0,890.9234,0,-5.684342e-14,1.24345e-13,4.263256e-14
naive,2026-01-22 05:00:00,1652,5,21.81084,3009.873,301.6622,3.884302,21.64042,1,1,2106.911,2106.594,531.3543,293.4412,824.7955,2,0,0,24.7955,800,0,274.9312,256.1846,0.1280923,0.2046279,0.3172331,0,250,0.3172331,1575.24,19.47719,61.20017,27.71934,2.895964,2.163231,37.9244,28.35431,9.570087,322.1653,0,628.2917,0,0,1.056932e-13,4.263256e-14
naive,2026-01-22 05:15:00,1653,5.25,21.95846,3030.1,374.6155,0,15.6144,1,1,2121.07,2120.753,625.0647,320.3491,945.4138,2,121.086,0.01432604,24.31354,800,0,224.5769,200,0.1,0.1613157,0.3172331,0,250,0.3172331,1495.688,19.0699,61.04491,28.95263,0,0,38.17926,26.92238,11.25688,347.2715,0,675.8107,0,-5.684342e-14,-1.94289e-15,4.263256e-14
naive,2026-01-22 05:30:00,1654,5.5,21.90928,3054.2,444.7771,0,16.78889,1,1,2137.94,2137.623,1245.422,499.2725,1744.695,4,415.9877,0.4216442,28.28535,800,500,0,324.9685,0.1624843,0.1259371,0.3172331,0,250,0.3172331,892.2004,22.19624,61.09664,28.78937,0,0,38.48292,16.05961,22.42331,515.3321,0,1011.592,0,0,1.24345e-13,4.263256e-14
naive,2026-01-22 05:45:00,1655,5.75,21.87316,3090.037,513.4033,0,10.6773,1,1,2163.026,2162.709,534.2585,294.7215,828.98,2,0,0,28.97996,800,0,494.252,201.3544,0.1006772,0.2046279,0.3172331,0,250,0.3172331,1628.45,22.7497,61.13462,19.93084,0,0,38.93447,29.31211,9.622362,324.0336,0,613.6715,0,0,4.884981e-14,4.263256e-14
naive,2026-01-22 06:00:00,1656,6,21.57785,3110.777,584.6953,0,15.95564,1,1,2177.544,2177.227,965.955,418.4666,1384.422,3,559.5875,0.4321323,24.40196,800,0,5.290615,200,0.1,0.1267899,0.3172331,0,250,0.3172331,1211.272,19.21354,61.44521,19.81716,0,0,39.19579,21.80289,17.3929,440.2695,0,845.5977,0,2.273737e-13,-3.330669e-16,4.263256e-14
naive,2026-01-22 06:15:00,1657,6.25,21.67596,3130.739,656.9741,0,29.39893,1,1,2191.517,2191.2,1426.704,551.2516,1977.956,4,650.8495,3.481031,23.62553,800,500,0,324.9685,0.1624843,0.1259371,0.3172331,0,250,0.3172331,764.4955,18.58366,61.34203,6.124564,0,10.81527,39.44731,13.76092,25.68639,566.8564,0,1075.268,0,1.136868e-13,1.24345e-13,4.263256e-14
naive,2026-01-22 06:30:00,1658,6.5,21.70882,3129.138,717.945,3.882524,33.88863,1,1,2190.396,2190.079,710.54,345.549,1056.089,3,226.0112,0.1963176,29.88143,800,0,499.6694,200,0.1,0.2046279,0.3172331,0,250,0.3172331,1479.539,23.49665,61.30746,0,3.686207,10.39199,39.42714,26.63171,12.79543,373.9535,0,685.2947,0,-5.684342e-14,-7.993606e-15,4.263256e-14
naive,2026-01-22 06:45:00,1659,6.75,21.66673,3111.985,750.5095,0,37.58587,1,1,2178.389,2178.072,1457.647,542.3531,2000,4,775.6492,0.2402024,28.08648,696.0241,500,0,324.9685,0.1624843,0.1259371,0.3172331,0,250,0.3172331,720.425,22.09468,53.37786,0,0,15.49119,39.21101,12.96765,26.24335,557.9613,0,1055.872,0,-2.273737e-13,1.24345e-13,4.263256e-14
naive,2026-01-22 07:00:00,1660,7,21.78668,3098.172,750.7751,4.798225,32.80747,1,1,2168.72,2168.403,758.9192,358.8622,1117.781,3,293.3856,0.4552988,23.94051,800,0,499.6694,200,0.1,0.2046279,0.3172331,0,250,0.3172331,1409.484,18.81022,61.22558,0,4.342927,13.99725,39.03696,25.37071,13.66626,386.6241,0,711.8611,0,0,-7.993606e-15,4.263256e-14
naive,2026-01-22 07:15:00,1661,7.25,21.734,3099.953,729.9814,5.888364,28.93737,1,1,2169.967,2169.65,1456.983,543.017,2000,4,769.8274,1.741395,28.83852,699.5926,500,0,324.9685,0.1624843,0.1259371,0.3172331,0,250,0.3172331,712.6671,22.67077,53.58966,0,4.146969,6.266603,39.05941,12.82801,26.2314,556.9145,0,1060.694,0,-1.136868e-13,1.24345e-13,4.263256e-14
naive,2026-01-22 07:30:00,1662,7.5,21.76226,3129.216,710.8896,5.498831,31.85894,1,1,2190.451,2190.134,699.8211,342.8344,1042.656,3,209.1075,1.987248,31.56085,800,0,499.6694,200,0.1,0.2046279,0.3172331,0,250,0.3172331,1490.313,24.80373,61.25126,2.112655,3.511583,7.055211,39.42812,26.82563,12.60249,370.8648,0,682.5238,0,0,-7.993606e-15,4.263256e-14
naive,2026-01-22 07:45:00,1663,7.75,22.13026,3174.674,644.4673,8.291198,29.56886,1,1,2222.272,2221.955,1443.886,556.1137,2000,4,668.0292,5.45762,35.55216,790.961,500,0,324.9685,0.1624843,0.1259371,0.3172331,0,250,0.3172331,778.0684,27.83584,60.17653,0,2.833578,1.733014,40.0009,14.00523,25.99566,570.4169,0,1078.023,0,-1.136868e-13,1.24345e-13,4.263256e-14
naive,2026-01-22 08:00:00,1664,8,22.34961,3198.441,574.2402,372.4056,23.39609,1,1,2238.909,2238.592,860.8226,426.9737,1287.796,3,98.46505,353.3083,36.02293,800,0,499.6694,200,0.1,0.2046279,0.3172331,0,250,0.3172331,1377.769,28.14122,60.63352,0,19.09728,0,40.30036,24.79984,15.50052,451.7735,0,868.2772,0,5.684342e-14,-7.993606e-15,4.263256e-14
naive,2026-01-22 08:15:00,1665,8.25,22.60214,3217.52,490.0026,370.6493,31.79987,1,1,2252.264,2251.947,1440.059,559.941,2000,4,504.4656,357.3957,35.61219,602.5265,500,0,324.9685,0.1624843,0.1259371,0.3172331,0,250,0.3172331,811.8876,27.74841,45.46659,0,13.25363,4.05146,40.54075,14.61398,25.92677,575.2579,0,1122.228,0,0,1.24345e-13,4.263256e-14
naive,2026-01-22 08:30:00,1666,8.5,22.84129,3249.937,416.2817,378.884,33.33036,1,1,2274.956,2274.639,740.3909,385.5948,1125.986,3,0,284.0496,41.9361,800,0,499.6694,200,0.1,0.2046279,0.3172331,0,250,0.3172331,1534.248,32.59565,60.11639,0,20.96151,0.7347012,40.94921,27.61646,13.33275,413.3393,0,795.2063,0,0,-7.993606e-15,4.263256e-14
naive,2026-01-22 08:45:00,1667,8.75,23.07594,3253.15,338.0951,389.906,32.00627,1,1,2277.205,2276.888,1419.54,580.4601,2000,4,345.1077,362.0949,46.90757,745.8898,500,0,324.9685,0.1624843,0.1259371,0.3172331,0,250,0.3172331,857.3479,36.37178,55.82017,0,27.81109,0,40.98969,15.43226,25.55743,595.8924,0,1176.961,0,0,1.24345e-13,4.263256e-14
naive,2026-01-22 09:00:00,1668,9,23.26104,3271.736,289.4105,398.6297,36.73266,1,1,2290.215,2289.898,652.0803,346.6632,998.7435,2,0,148.6482,50.09532,800,0,499.6694,200,0.1,0.2046279,0.3172331,0,250,0.3172331,1637.817,38.76936,59.67493,3.102156,36.62039,0,41.22387,29.48071,11.74316,376.1439,0,753.6749,0,0,-7.993606e-15,4.263256e-14
naive,2026-01-22 09:15:00,1669,9.25,23.72702,3283.392,234.0725,379.8079,49.50612,1,1,2298.375,2298.057,1369.004,576.8451,1945.849,4,221.8722,360.6287,63.34811,800,500,0,324.9685,0.1624843,0.1259371,0.3172331,0,250,0.3172331,929.0536,48.78969,59.18484,12.20026,19.17926,0.7164234,41.37074,16.72296,24.64778,593.6951,0,1174.937,0,-1.136868e-13,1.24345e-13,4.263256e-14
naive,2026-01-22 09:30:00,1670,9.5,23.89037,3304.161,172.4186,387.8102,53.89949,1,1,2312.913,2312.596,598.2874,322.9486,921.236,2,0,48.80252,72.43348,800,0,499.6694,200,0.1,0.2046279,0.3172331,0,250,0.3172331,1714.308,55.69244,59.01303,0,22.64427,0,41.63243,30.85755,10.77488,353.8062,0,680.284,0,-5.684342e-14,-7.993606e-15,4.263256e-14
naive,2026-01-22 09:45:00,1671,9.75,24.16681,3314.019,143.2644,390.4599,59.04276,1,1,2319.813,2319.496,1336.922,570.2325,1907.155,4,158.568,372.1407,76.44596,800,500,0,324.9685,0.1624843,0.1259371,0.3172331,0,250,0.3172331,982.5737,58.60848,58.72229,0,18.31919,0.4342812,41.75663,17.68633,24.07031,587.9965,0,1141.531,0,0,1.24345e-13,4.263256e-14
naive,2026-01-22 10:00:00,1672,10,24.32467,3299.336,107.2116,387.7763,62.16752,1,1,2309.535,2309.218,567.7124,309.4697,877.1821,2,0,0,77.1821,800,0,494.049,201.4051,0.1007026,0.2046279,0.3172331,0,250,0.3172331,1741.506,59.07539,58.55627,0,11.38848,3.092135,41.57164,31.3471,10.22453,341.3715,0,636.5123,0,-1.136868e-13,-7.993606e-15,4.263256e-14
naive,2026-01-22 10:15:00,1673,10.25,24.4717,3313.161,92.53281,394.7474,65.00242,1,1,2319.212,2318.895,922.0053,453.3792,1375.385,3,103.2302,383.2828,88.87151,800,0,5.493585,200,0.1,0.1268218,0.3172331,0,250,0.3172331,1396.89,67.91796,58.40163,0,11.46456,0,41.74582,25.14402,16.60181,478.5232,0,911.121,0,2.273737e-13,3.330669e-16,4.263256e-14
naive,2026-01-22 10:30:00,1674,10.5,24.35321,3317.014,100.8729,400.1209,76.58718,1,1,2321.909,2321.592,1299.446,561.8643,1861.31,4,90.03045,379.0433,92.23646,800,500,0,324.9685,0.1624843,0.1259371,0.3172331,0,250,0.3172331,1022.146,70.57698,58.52625,10.84244,21.07762,6.010198,41.79437,18.39863,23.39574,581.3417,0,1151.904,0,0,1.24345e-13,4.263256e-14
naive,2026-01-22 10:45:00,1675,10.75,24.31045,3384.992,75.78455,408.5532,83.32536,1,1,2369.494,2369.177,588.2774,318.5357,906.8131,2,0,0,106.8131,800,0,478.4521,205.3043,0.1026522,0.2046279,0.3172331,0,250,0.3172331,1780.9,81.76717,58.57122,0,26.19265,1.558183,42.6509,32.0562,10.5947,350.8714,0,681.0324,0,-5.684342e-14,-7.993606e-15,4.263256e-14
naive,2026-01-22 11:00:00,1676,11,24.72586,3434.948,85.79388,400.428,95.20768,1,1,2404.464,2404.146,913.0861,453.7189,1366.805,3,67.3206,386.3053,113.1791,800,0,21.08804,200,0.1,0.1292771,0.3172331,0,250,0.3172331,1491.06,86.26435,58.13432,0,14.12274,8.943328,43.28034,26.83909,16.44126,482.1752,0,923.311,0,-2.273737e-13,-1.94289e-16,4.263256e-14
naive,2026-01-22 11:15:00,1677,11.25,25.1326,3427.593,84.63264,399.8512,106.2444,1,1,2399.315,2398.998,1333.243,576.4699,1909.713,4,92.49988,387.9572,129.2559,800,500,0,324.9685,0.1624843,0.1259371,0.3172331,0,250,0.3172331,1065.755,98.09734,57.70653,0,11.89403,8.147069,437.3991,194.2889,243.1102,772.2441,0,1500.085,0,0,1.24345e-13,4.263256e-14
naive,2026-01-22 11:30:00,1678,11.5,25.2872,3418.32,99.44839,403.9467,114.4963,1,1,2392.824,2392.507,612.6749,329.2913,941.9663,2,0,0,141.9663,800,0,474.7224,206.2368,0.1031184,0.2046279,0.3172331,0,250,0.3172331,1779.832,107.5682,57.54392,14.9456,13.72714,6.928095,437.5723,325.4753,112.097,656.0336,0,1296.791,0,0,4.884981e-14,4.263256e-14
naive,2026-01-22 11:45:00,1679,11.75,25.49542,3434.252,95.90085,417.6056,119.8106,1,1,2403.976,2403.659,937.1313,466.438,1403.569,3,49.50934,393.9951,160.0649,800,0,24.8172,200,0.1,0.1298643,0.3172331,0,250,0.3172331,1466.528,121.0149,57.32493,21.57432,23.61048,0,441.4608,269.3099,172.1509,735.7479,0,1484.949,0,-1.136868e-13,1.026956e-15,4.263256e-14
naive,2026-01-22 12:00:00,1680,12,25.78675,3411.772,106.3908,427.5622,129.9722,1,1,2388.24,2387.923,1355.56,588.6693,1944.229,4,72.65367,397.7247,173.851,800,500,0,324.9685,0.1624843,0.1259371,0.3172331,0,250,0.3172331,1032.363,131.0326,57.01853,33.73718,29.83757,0,441.1673,190.7031,250.4642,779.3723,0,1604.265,0,0,1.24345e-13,4.263256e-14
naive,2026-01-22 12:15:00,1681,12.25,25.86614,3461.845,102.3185,430.2708,143.2238,1,1,2423.291,2422.974,649.7715,345.6453,995.4168,2,0,0,195.4168,800,0,476.8387,205.7077,0.1028538,0.2046279,0.3172331,0,250,0.3172331,1773.203,147.1627,56.93503,23.68279,32.06773,0,448.3654,328.0838,120.2816,673.7291,0,1379.576,0,-1.136868e-13,-7.993606e-15,4.263256e-14
naive,2026-01-22 12:30:00,1682,12.5,26.30404,3471.337,114.3489,432.9137,158.521,1,1,2429.936,2429.619,982.8239,484.5196,1467.344,3,66.84316,393.6472,206.8532,800,0,22.70118,200,0.1,0.1295311,0.3172331,0,250,0.3172331,1446.795,155.0505,56.47447,24.80457,39.26651,3.47051,453.6378,270.098,183.5398,755.2655,0,1557.52,0,0,6.938894e-16,4.263256e-14
naive,2026-01-22 12:45:00,1683,12.75,26.36951,3469.41,109.7763,426.9804,168.3636,1,1,2428.587,2428.27,1396.75,603.2498,2000,4,96.72175,398.8575,214.0841,790.3366,500,0,324.9685,0.1624843,0.1259371,0.3172331,0,250,0.3172331,1031.52,160.3584,55.72428,13.05456,28.12287,8.005187,453.9963,192.8307,261.1656,797.5769,0,1603.495,0,0,1.24345e-13,4.263256e-14
naive,2026-01-22 13:00:00,1684,13,26.47394,3505.025,92.98468,425.4332,179.7965,1,1,2453.518,2453.201,669.7823,354.4671,1024.249,3,0,0,224.2494,800,0,487.174,203.1239,0.1015619,0.2046279,0.3172331,0,250,0.3172331,1783.418,167.7853,56.29578,5.701423,25.54249,12.01112,459.6439,334.1069,125.537,690.8242,0,1372.211,0,0,-6.483702e-14,4.263256e-14
naive,2026-01-22 13:15:00,1685,13.25,26.30861,3539.077,94.08795,425.3672,194.1837,1,1,2477.354,2477.036,1006.147,494.2701,1500.417,4,71.30953,395.2546,233.8528,800,0,12.36755,200,0.1,0.1279041,0.3172331,0,250,0.3172331,1470.89,175.2799,56.46966,10.41087,30.11253,18.90378,462.5335,274.622,187.9115,772.4215,0,1551.218,0,2.273737e-13,-8.326673e-17,4.263256e-14
naive,2026-01-22 13:30:00,1686,13.5,26.69836,3538.333,92.99058,422.8102,199.3832,1,1,2476.833,2476.516,1398.171,601.8294,2000,4,97.88812,392.1685,245.39,764.5534,500,0,324.9685,0.1624843,0.1259371,0.3172331,0,250,0.3172331,1078.345,183.1623,53.57583,0,30.64172,16.22091,466.1677,202.9567,263.2111,807.839,0,1608.262,0,-1.136868e-13,1.24345e-13,4.263256e-14
naive,2026-01-22 13:45:00,1687,13.75,26.88836,3557.659,116.2597,416.9426,209.9329,1,1,2490.361,2490.044,690.8166,363.74,1054.557,3,0,0,254.5566,800,0,486.929,203.1851,0.1015926,0.2046279,0.3172331,0,250,0.3172331,1799.227,189.6175,55.85991,22.74711,23.52611,20.31548,470.5648,339.972,130.5928,707.5507,0,1432.08,0,1.136868e-13,-6.483702e-14,4.263256e-14
naive,2026-01-22 14:00:00,1688,14,27.27349,3507.021,97.60436,421.3761,210.0805,1,1,2454.914,2454.597,1033.902,505.9751,1539.877,4,75.7705,397.6982,266.4079,800,0,12.61249,200,0.1,0.1279427,0.3172331,0,250,0.3172331,1420.696,197.6246,55.45485,9.221379,23.67789,12.45585,467.6102,270.613,196.9972,778.9607,0,1552.286,0,1.705303e-13,3.053113e-16,4.263256e-14
naive,2026-01-22 14:15:00,1689,14.25,27.30521,3486.848,74.69888,425.6579,216.5123,1,1,2440.794,2440.476,1395.982,604.018,2000,4,71.68749,390.9232,272.342,765.0472,500,0,324.9685,0.1624843,0.1259371,0.3172331,0,250,0.3172331,1044.494,201.9575,53.00008,3.011387,34.73468,14.55484,465.2297,199.0868,266.1429,805.879,0,1617.245,0,2.273737e-13,1.24345e-13,4.263256e-14
naive,2026-01-22 14:30:00,1690,14.5,27.50341,3466.753,98.20394,412.5592,220.7282,1,1,2426.727,2426.41,706.2099,370.5262,1076.736,3,0,0,276.7361,800,0,483.8713,203.9495,0.1019748,0.2046279,0.3172331,0,250,0.3172331,1720.2,204.7772,55.21304,3.566228,23.32553,15.95103,464.4787,329.2485,135.2302,702.8277,0,1389.929,0,5.684342e-14,-6.483702e-14,4.263256e-14
naive,2026-01-22 14:45:00,1691,14.75,27.65625,3429.495,89.74993,411.0711,221.1454,1,1,2400.647,2400.329,1045.885,510.059,1555.944,4,85.8505,385.1789,284.9147,800,0,15.66968,200,0.1,0.128424,0.3172331,0,250,0.3172331,1354.444,210.4808,55.05229,0,25.89221,10.66468,460.9703,260.0793,200.891,772.1861,0,1527.102,0,-1.705303e-13,-2.775558e-16,4.263256e-14
naive,2026-01-22 15:00:00,1692,15,27.81402,3457.56,71.13576,420.4272,225.2264,1,1,2420.292,2419.975,1399.134,600.8656,2000,4,88.94813,392.1963,287.4426,731.4129,500,0,324.9685,0.1624843,0.1259371,0.3172331,0,250,0.3172331,1020.84,211.9854,50.18074,0,28.23088,13.24092,466.2964,196.6764,269.6201,800.093,0,1592.431,0,2.273737e-13,1.24345e-13,4.263256e-14
naive,2026-01-22 15:15:00,1693,15.25,28.20354,3514.463,71.5195,410.7922,230.3348,1,1,2460.124,2459.807,717.7397,375.609,1093.349,3,0,0,293.3487,800,0,493.1735,201.624,0.100812,0.2046279,0.3172331,0,250,0.3172331,1742.067,215.427,54.47668,0,22.23076,14.90777,477.9157,338.4224,139.4932,716.9275,0,1410.917,0,0,-7.993606e-15,4.263256e-14
naive,2026-01-22 15:30:00,1694,15.5,28.60159,3466.622,78.23127,403.8956,227.5541,1,1,2426.636,2426.318,1066.941,516.4476,1583.389,4,110.178,383.4847,289.7263,800,0,6.369006,200,0.1,0.1269597,0.3172331,0,250,0.3172331,1359.377,211.8442,54.05804,0,20.41086,15.70993,475.4542,266.3447,209.1095,785.8704,0,1546.134,0,-2.273737e-13,-3.330669e-16,4.263256e-14
naive,2026-01-22 15:45:00,1695,15.75,28.86714,3443.419,93.40097,397.8499,231.9342,1,1,2410.393,2410.076,1405.107,594.8933,2000,4,139.5205,379.2994,284.7604,696.4197,500,0,324.9685,0.1624843,0.1259371,0.3172331,0,250,0.3172331,1004.969,207.6082,46.81572,0,18.55044,24.32597,474.9904,198.0386,276.9519,797.7255,0,1574.783,0,0,1.24345e-13,4.263256e-14
naive,2026-01-22 16:00:00,1696,16,28.88541,3460.967,147.8427,387.9449,229.3605,1,1,2422.677,2422.36,738.4807,384.7527,1123.233,3,0,38.94123,284.2922,800,0,499.6694,200,0.1,0.2046279,0.3172331,0,250,0.3172331,1683.879,207.2253,53.75953,0,10.32108,22.13517,477.6002,331.9555,145.6447,721.0719,0,1399.468,0,0,-7.993606e-15,4.263256e-14
naive,2026-01-22 16:15:00,1697,16.25,29.05921,3438.406,162.067,397.0693,232.1415,1,1,2406.884,2406.567,1409.06,590.9401,2000,4,171.6972,373.9986,283.1324,671.1718,500,0,324.9685,0.1624843,0.1259371,0.3172331,0,250,0.3172331,997.5072,205.9863,44.94899,0,23.07073,26.15527,476.2819,197.3899,278.892,793.5057,0,1576.241,0,2.273737e-13,1.24345e-13,4.263256e-14
naive,2026-01-22 16:30:00,1698,16.5,29.27616,3423.539,196.3853,399.457,231.5589,1,1,2396.477,2396.16,755.3172,392.175,1147.492,3,0,65.97528,281.5169,800,0,499.6694,200,0.1,0.2046279,0.3172331,0,250,0.3172331,1640.843,204.3224,53.34855,2.215,27.98265,27.23654,476.4726,326.2358,150.2368,723.8261,0,1439.726,0,-5.684342e-14,-7.993606e-15,4.263256e-14
naive,2026-01-22 16:45:00,1699,16.75,29.37401,3388.646,233.4112,394.291,230.7272,1,1,2372.052,2371.735,1415.81,584.1901,2000,4,230.2062,362.3796,273.6204,633.7939,500,0,324.9685,0.1624843,0.1259371,0.3172331,0,250,0.3172331,955.9253,198.3769,42.18345,3.204986,31.91143,32.35028,472.6279,190.4667,282.1612,781.1025,0,1575.324,0,0,1.24345e-13,4.263256e-14
naive,2026-01-22 17:00:00,1700,17,29.4579,3384.429,262.0185,401.4041,219.4424,1,1,2369.1,2368.783,780.2177,403.1524,1183.37,3,0,120.1267,263.2434,800,0,499.6694,200,0.1,0.2046279,0.3172331,0,250,0.3172331,1588.565,190.6769,53.15741,5.707237,37.91926,28.76549,472.9091,317.1023,155.8069,725.9967,0,1467.447,0,-1.136868e-13,-7.993606e-15,4.263256e-14
naive,2026-01-22 17:15:00,1701,17.25,29.51483,3345.547,285.2792,384.1181,219.7795,1,1,2341.883,2341.566,1425.843,574.1566,2000,4,315.0032,360.2631,249.9905,574.7433,500,0,324.9685,0.1624843,0.1259371,0.3172331,0,250,0.3172331,915.7221,180.9634,38.14681,0,23.85508,38.81605,468.0612,183.0211,285.0401,764.9357,0,1528.106,0,-2.273737e-13,1.24345e-13,4.263256e-14
naive,2026-01-22 17:30:00,1702,17.5,29.37642,3352.565,372.3714,379.5409,208.1368,1,1,2346.795,2346.478,839.298,429.1979,1268.496,3,0,230.9205,237.5755,800,0,499.6694,200,0.1,0.2046279,0.3172331,0,250,0.3172331,1507.18,172.2395,53.2431,0,22.05,35.8973,467.6201,300.3192,167.3009,736.67,0,1451.478,0,-5.684342e-14,-7.993606e-15,4.263256e-14
naive,2026-01-22 17:45:00,1703,17.75,29.37423,3348.731,421.7188,376.6731,197.2708,1,1,2344.111,2343.794,1438.639,561.3613,2000,4,427.8479,347.5249,217.6229,507.0042,500,0,324.9685,0.1624843,0.1259371,0.3172331,0,250,0.3172331,905.1555,157.778,33.74456,0,29.1482,39.49285,467.0629,180.3517,286.7112,749.582,0,1511.482,0,-1.136868e-13,1.24345e-13,4.263256e-14
naive,2026-01-22 18:00:00,1704,18,29.53357,3338.378,471.5254,0,186.7616,1,1,2336.865,2336.547,661.6347,350.8752,1012.51,3,0,0,212.5099,800,0,478.7749,205.2236,0.1026118,0.2046279,0.3172331,0,250,0.3172331,1674.913,153.8001,53.07783,0,0,32.96158,467.2507,334.895,132.3558,692.3607,0,1325.009,0,0,-6.483702e-14,4.263256e-14
naive,2026-01-22 18:15:00,1705,18.25,29.33736,3298.788,543.4939,0.6445509,170.6087,1,1,2309.152,2308.835,1053.437,462.6596,1516.097,4,512.2896,0.9626251,202.8446,800,0,20.76536,200,0.1,0.1292263,0.3172331,0,250,0.3172331,1255.397,147.1235,53.28419,10.43894,0,23.48526,459.7257,249.9352,209.7905,717.2705,0,1392.603,0,-1.136868e-13,-1.582068e-15,4.263256e-14
naive,2026-01-22 18:30:00,1706,18.5,29.26888,3276.973,588.2166,1.816712,161.8158,1,1,2293.881,2293.564,1440.937,559.0629,2000,4,587.6054,2.551566,190.752,719.0911,500,0,324.9685,0.1624843,0.1259371,0.3172331,0,250,0.3172331,852.6267,138.4571,47.95997,0.6112692,0,23.3587,456.0016,169.494,286.5076,733.2004,0,1413.5,0,0,1.24345e-13,4.263256e-14
naive,2026-01-22 18:45:00,1707,18.75,29.28406,3272.71,633.1251,0,154.7172,1,1,2290.897,2290.58,745.8523,371.6266,1117.479,3,137.6594,2.587344,177.2322,800,0,499.6694,200,0.1,0.2046279,0.3172331,0,250,0.3172331,1544.728,128.6223,53.34025,0,0,26.09495,455.5597,307.1791,148.3806,683.9949,0,1307.982,0,0,-7.993606e-15,4.263256e-14
naive,2026-01-22 19:00:00,1708,19,28.99783,3232.99,689.0413,4.240425,148.1951,1,0,2263.093,2262.776,1451.532,548.4682,2000,4,680.2957,0.6835834,157.2189,661.8018,500,0,324.9685,0.1624843,0.1259371,0.3172331,0,250,0.3172331,811.2441,114.4581,44.37488,8.745518,3.556842,33.73698,447.2305,160.3173,286.9131,715.4526,0,1402.205,0,-1.136868e-13,1.24345e-13,4.263256e-14
naive,2026-01-22 19:15:00,1709,19.25,28.86029,3196.006,705.6192,10.85885,137.8053,0,0,2237.204,2236.887,799.9944,384.3007,1184.295,3,231.7626,0.2334318,152.299,800,0,499.6694,200,0.1,0.2046279,0.3172331,0,250,0.3172331,1436.893,111.0439,53.78594,0,10.62541,26.76142,440.7964,283.111,157.6854,0,672.6845,3657.584,0,0,-7.993606e-15,4.263256e-14
naive,2026-01-22 19:30:00,1710,19.5,28.5072,3132.169,718.0991,3.531474,122.5909,0,0,2192.518,2192.201,1456.346,543.6541,2000,4,724.4146,1.331985,135.2652,638.9882,500,0,324.9685,0.1624843,0.1259371,0.3172331,0,250,0.3172331,735.855,99.00636,43.25735,0,2.199489,23.58458,428.7112,143.8844,284.8267,0,692.1501,3761.955,0,2.273737e-13,1.24345e-13,4.263256e-14
naive,2026-01-22 19:45:00,1711,19.75,28.28656,3120.363,705.0086,0.7454282,110.8685,0,0,2184.254,2183.937,763.7741,370.8258,1134.6,3,210.8078,1.090781,122.7013,800,0,499.6694,200,0.1,0.2046279,0.3172331,0,250,0.3172331,1420.163,90.02684,54.38936,0,0,20.84165,425.0779,276.378,148.6999,0,651.2598,3520.741,0,-5.684342e-14,-7.993606e-15,4.263256e-14
naive,2026-01-22 20:00:00,1712,20,27.95076,3117.637,703.648,0,97.86378,0,0,2182.346,2182.029,1452.388,547.612,2000,4,703.7441,1.134491,112.2939,682.8275,500,0,324.9685,0.1624843,0.1259371,0.3172331,0,250,0.3172331,729.6407,82.69258,46.72464,0,0,15.1712,421.6754,140.982,280.6934,0,691.5254,3750.825,0,2.273737e-13,1.24345e-13,4.263256e-14
naive,2026-01-22 20:15:00,1713,20.25,27.67245,3139.718,638.6951,0,86.12708,0,0,2197.803,2197.486,713.1071,354.2784,1067.386,3,162.1433,1.025986,104.2162,800,0,499.6694,200,0.1,0.2046279,0.3172331,0,250,0.3172331,1484.379,76.97621,55.03525,0,0,9.150877,422.1648,285.1267,137.0381,0,641.1629,3464.481,0,-5.684342e-14,-7.993606e-15,4.263256e-14
naive,2026-01-22 20:30:00,1714,20.5,27.43758,3102.888,554.3603,0,78.44894,0,0,2172.022,2171.705,1439.5,560.5003,2000,4,616.9624,1.314016,87.44445,794.2791,500,0,324.9685,0.1624843,0.1259371,0.3172331,0,250,0.3172331,732.205,64.75256,54.88694,0,0,13.69638,415.1524,139.951,275.2014,0,703.0692,3805.133,0,0,1.24345e-13,4.263256e-14
naive,2026-01-22 20:45:00,1715,20.75,27.22089,3065.453,512.8425,0,80.34499,0,0,2145.817,2145.5,618.4909,325.1881,943.6789,2,56.04652,1.044076,86.58833,800,0,499.6694,200,0.1,0.2046279,0.3172331,0,250,0.3172331,1527.009,64.2687,55.51017,0,0,16.07629,408.2836,290.5433,117.7403,0,618.7902,3340.897,0,5.684342e-14,-7.993606e-15,4.263256e-14
naive,2026-01-22 21:00:00,1716,21,27.00436,3097.902,456.6986,0.5811244,65.85505,0,0,2168.532,2168.214,1351.544,535.3267,1886.87,4,506.1812,3.486401,77.20273,800,500,0,324.9685,0.1624843,0.1259371,0.3172331,0,250,0.3172331,816.6707,57.43614,55.73792,0,0,8.418907,410.744,154.6865,256.0575,0,691.6078,3741.138,0,0,1.24345e-13,4.263256e-14
naive,2026-01-22 21:15:00,1717,21.25,26.49293,3119.418,442.3352,0,56.54796,0,0,2183.592,2183.275,562.8796,307.3391,870.2187,2,0,0,70.21867,800,0,441.0016,214.667,0.1073335,0.2046279,0.3172331,0,250,0.3172331,1620.396,52.52754,56.2758,5.27913,0,4.020427,409.236,303.685,105.551,0,611.7776,3310.573,0,0,4.884981e-14,4.263256e-14
naive,2026-01-22 21:30:00,1718,21.5,26.49731,3080.931,378.1455,0,51.23507,0,0,2156.652,2156.334,811.7493,378.6921,1190.441,3,322.4727,6.588873,61.37986,800,0,58.53266,200,0.1,0.1351726,0.3172331,0,250,0.3172331,1344.585,45.91346,56.2712,0,0,5.321617,404.2234,252.0169,152.2065,0,631.7065,3411.08,0,1.136868e-13,-1.082467e-15,4.263256e-14
naive,2026-01-22 21:45:00,1719,21.75,26.24882,3064.253,320.3853,2.308891,40.90347,0,0,2144.977,2144.66,1198.933,488.6914,1687.624,4,332.6503,1.102457,53.87143,800,500,0,324.9685,0.1624843,0.1259371,0.3172331,0,250,0.3172331,945.7272,40.40408,56.53255,0,1.206435,0.4993889,399.9861,176.3551,223.631,0,665.1396,3596.75,0,-1.136868e-13,1.24345e-13,4.263256e-14
naive,2026-01-22 22:00:00,1720,22,25.88755,3017.458,279.2548,0,44.89459,0,0,2112.221,2111.903,553.8109,303.3412,857.1521,2,0,0,57.15213,800,0,293.6866,251.4957,0.1257479,0.2046279,0.3172331,0,250,0.3172331,1558.093,43.02981,56.91251,0,0,1.864775,390.9805,288.4091,102.5713,0,592.0955,3192.499,0,5.684342e-14,-7.993606e-15,4.263256e-14
naive,2026-01-22 22:15:00,1721,22.25,25.5835,3021.443,236.4196,1.669196,36.40902,0,0,2115.01,2114.693,583.1716,312.1269,895.2985,2,34.95222,0,60.34628,800,0,205.8245,200,0.1,0.1583632,0.3172331,0,250,0.3172331,1531.521,45.58147,57.23229,0,1.669196,0,389.088,281.7464,107.3416,0,593.8733,3204.796,0,0,-1.038059e-14,4.263256e-14
naive,2026-01-22 22:30:00,1722,22.5,25.39795,3056.542,205.8629,0,38.62356,0,0,2139.579,2139.262,1099.499,460.7116,1560.21,4,199.3638,0,60.84656,800,500,0,324.9685,0.1624843,0.1259371,0.3172331,0,250,0.3172331,1039.763,46.04968,57.42745,6.499157,0,0,392.1355,190.5646,201.5708,0,651.2762,3528.624,0,1.136868e-13,1.24345e-13,4.263256e-14
naive,2026-01-22 22:45:00,1723,22.75,25.03737,3071.578,160.0715,0,44.01437,0,0,2150.104,2149.787,546.6206,300.1713,846.7919,2,0,0,46.79192,800,0,173.463,281.5516,0.1407758,0.2046279,0.3172331,0,250,0.3172331,1603.167,35.54787,57.80669,0,0,8.466496,391.2205,291.7028,99.51761,0,593.4147,3198.748,0,0,4.884981e-14,4.263256e-14
naive,2026-01-22 23:00:00,1724,23,24.75231,3038.069,134.3706,0,36.30957,0,1,2126.648,2126.331,542.2592,298.2486,840.5078,2,0,0,40.50778,800,0,148.322,244.4268,0.1222134,0.1772889,0.3172331,0,250,0.3172331,1584.072,30.86618,58.10649,0,0,5.443388,38.27966,28.51329,9.766375,0,327.7467,1737.237,0,0,-4.82947e-15,4.263256e-14
naive,2026-01-22 23:15:00,1725,23.25,24.45887,3042.953,140.024,0,33.54886,1,1,2130.067,2129.75,539.6325,297.0906,836.7231,2,0,0,36.72314,800,0,120.8241,214.1823,0.1070911,0.153912,0.3172331,0,250,0.3172331,1590.117,28.06856,58.41512,24.32381,0,5.480299,38.3412,28.62211,9.719095,326.6985,0,629.6386,0,0,2.131628e-14,4.263256e-14
naive,2026-01-22 23:30:00,1726,23.5,24.29668,3022.052,106.8211,0,24.08292,1,1,2115.437,2115.119,569.1797,305.5788,874.7585,2,38.14542,2.067537,34.54556,800,0,56.59429,200,0.1,0.1348674,0.3172331,0,250,0.3172331,1545.94,26.449,58.5857,12.08138,0,0,38.07786,27.82691,10.25095,333.4057,0,621.7429,0,-5.684342e-14,3.108624e-15,4.263256e-14
naive,2026-01-22 23:45:00,1727,23.75,23.966,3029.927,94.81354,0,23.28694,1,1,2120.949,2120.632,997.103,429.0792,1426.182,3,85.80599,3.842024,36.53424,800,500,0,324.9685,0.1624843,0.1259371,0.3172331,0,250,0.3172331,1123.528,28.06823,58.93349,9.007549,0,0,38.17708,20.22351,17.95356,449.3027,0,847.8433,0,0,1.24345e-13,4.263256e-14
naive,2026-01-23 00:00:00,1728,0,23.7941,3014.839,97.06436,10.77731,17.58847,1,1,2110.387,2110.07,538.0124,296.3764,834.3889,2,0,0,34.38888,800,0,85.05144,303.6545,0.1518272,0.2046279,0.3172331,0,250,0.3172331,1572.058,26.4673,59.11429,16.26175,6.528474,0,37.98697,28.29704,9.689934,324.6735,0,622.1565,0,0,-3.641532e-14,4.263256e-14
naive,2026-01-23 00:15:00,1729,0.25,23.60974,3030.905,104.0486,1.219356,20.16658,1,1,2121.633,2121.316,533.7314,294.4892,828.2206,2,0,0,28.22058,800,0,84.952,282.3687,0.1411843,0.1912068,0.3172331,0,250,0.3172331,1587.585,21.76151,59.30819,25.25121,0,0,38.1894,28.57652,9.612876,323.0657,0,622.968,0,5.684342e-14,-9.006684e-14,4.263256e-14
naive,2026-01-23 00:30:00,1730,0.5,23.363,3058.758,99.48047,0,12.74021,1,1,2141.131,2140.814,531.4688,293.4917,824.9605,2,0,0,24.96054,800,0,90.47034,259.7067,0.1298533,0.1778034,0.3172331,0,250,0.3172331,1609.345,19.29689,59.56769,14.74624,0,0,38.54036,28.96821,9.572149,322.4599,0,603.3434,0,1.136868e-13,9.087175e-14,4.263256e-14
naive,2026-01-23 00:45:00,1731,0.75,23.30114,3058.055,104.7718,0,12.07586,1,1,2140.638,2140.321,530.16,292.9147,823.0748,2,0,0,23.07477,800,0,72.28811,241.5937,0.1207969,0.1635335,0.3172331,0,250,0.3172331,1610.161,17.85043,59.63275,36.6133,0,0,38.53149,28.9829,9.548591,321.8976,0,639.8663,0,5.684342e-14,-1.973421e-14,4.263256e-14
naive,2026-01-23 01:00:00,1732,1,23.08305,3058.184,111.0374,13.0289,10.20876,1,1,2140.729,2140.412,526.627,291.3572,817.9842,2,0,0,17.98422,800,0,83.02691,220.799,0.1103995,0.152128,0.3172331,0,250,0.3172331,1613.785,13.9438,59.86213,37.0874,3.952041,0,38.53312,29.04812,9.484997,320.4053,0,644.2588,0,-5.684342e-14,-2.350897e-14,4.263256e-14
naive,2026-01-23 01:15:00,1733,1.25,22.71501,3058.907,105.78,2.669116,11.3914,1,1,2141.235,2140.918,527.6245,291.6635,819.2881,2,1.121579,4.366831,13.79964,800,0,83.05693,200,0.1,0.1390339,0.3172331,0,250,0.3172331,1613.293,10.73998,60.24922,21.60147,0,0.6514213,38.54223,29.03928,9.502952,320.8161,0,611.1143,0,0,9.436896e-16,4.263256e-14
naive,2026-01-23 01:30:00,1734,1.5,22.54779,3071.011,90.46643,12.16013,16.70614,1,1,2149.708,2149.39,991.8334,426.2205,1418.054,3,90.3085,5.185866,22.55948,800,500,0,324.9685,0.1624843,0.1259371,0.3172331,0,250,0.3172331,1157.557,17.58777,60.42509,0.1579313,6.974267,0,38.69474,20.83603,17.85871,447.0565,0,838.4378,0,1.136868e-13,1.24345e-13,4.263256e-14
naive,2026-01-23 01:45:00,1735,1.75,22.36484,3049.292,96.54961,2.240004,20.14196,1,1,2134.504,2134.187,533.3955,294.3411,827.7366,2,0,0,27.73659,800,0,79.0811,305.1471,0.1525735,0.2046279,0.3172331,0,250,0.3172331,1600.792,21.66453,60.6175,19.10752,0.6009988,0,38.42108,28.81425,9.606829,323.1553,0,612.1132,0,5.684342e-14,-9.325873e-14,4.263256e-14
naive,2026-01-23 02:00:00,1736,2,22.16877,3037.788,86.51149,0,16.27059,1,1,2126.452,2126.135,534.9779,295.0387,830.0166,2,0,0,30.01662,800,0,79.60483,285.1978,0.1425989,0.1921466,0.3172331,0,250,0.3172331,1591.157,23.49251,60.82372,10.21951,0,0,38.27613,28.64082,9.635313,323.6795,0,596.561,0,5.684342e-14,9.423018e-14,4.263256e-14
naive,2026-01-23 02:15:00,1737,2.25,22.01743,3031.734,80.02301,7.527936,21.40143,1,1,2122.214,2121.897,532.3371,293.8745,826.2116,2,0,0,26.21157,800,0,70.22863,267.5958,0.1337979,0.1795849,0.3172331,0,250,0.3172331,1589.56,20.54622,60.98289,10.04988,7.272447,0.8552153,38.19985,28.61207,9.587778,322.6333,0,606.5418,0,5.684342e-14,-1.039724e-13,4.263256e-14
naive,2026-01-23 02:30:00,1738,2.5,22.15083,3063.091,100.8955,0,21.78181,1,1,2144.163,2143.846,536.5583,295.7354,832.2937,2,0,0,32.29367,800,0,91.17037,244.7611,0.1223805,0.1685011,0.3172331,0,250,0.3172331,1607.288,25.27927,60.84258,13.39308,0,0,38.59494,28.93118,9.663759,324.6666,0,603.9883,0,0,5.245804e-15,4.263256e-14
naive,2026-01-23 02:45:00,1739,2.75,22.01524,3060.801,105.4343,0,23.03584,1,1,2142.561,2142.243,537.8917,296.3232,834.2149,2,0,0,34.2149,800,0,93.87387,221.2541,0.110627,0.1541225,0.3172331,0,250,0.3172331,1604.352,26.82031,60.98519,19.90546,0,0,38.56609,28.87833,9.687761,325.2015,0,616.1317,0,0,5.126455e-14,4.263256e-14
naive,2026-01-23 03:00:00,1740,3,21.91975,3069.566,87.85663,0,24.25899,1,1,2148.696,2148.379,548.9891,300.164,849.153,2,8.839396,8.789322,31.52433,800,0,84.87697,200,0.1,0.1393204,0.3172331,0,250,0.3172331,1599.39,24.73531,61.08562,0,0,0,38.67653,28.78902,9.887514,328.953,0,589.1846,0,5.684342e-14,1.026956e-15,4.263256e-14
naive,2026-01-23 03:15:00,1741,3.25,21.74386,3054.725,68.67374,1.199244,29.42932,1,1,2138.307,2137.99,995.7719,428.3488,1424.121,3,87.01351,9.188904,27.91824,800,500,0,324.9685,0.1624843,0.1259371,0.3172331,0,250,0.3172331,1142.218,21.94511,61.27062,0,0,7.48421,38.48953,20.55993,17.9296,450.1863,0,831.4431,0,0,1.24345e-13,4.263256e-14
naive,2026-01-23 03:30:00,1742,3.5,21.78346,3019.819,71.90452,0,24.35543,1,1,2113.874,2113.556,535.0101,295.0529,830.0629,2,0,0,30.06295,800,0,99.2926,300.0942,0.1500471,0.2046279,0.3172331,0,250,0.3172331,1578.546,23.62143,61.22897,0,0,0.7339989,38.04972,28.41383,9.635892,323.5921,0,578.3016,0,0,7.727152e-14,4.263256e-14
naive,2026-01-23 03:45:00,1743,3.75,21.65592,3018.321,94.42998,0,13.82598,1,1,2112.825,2112.508,529.9756,292.8334,822.809,2,0,0,22.80898,800,0,111.0771,272.2777,0.1361388,0.1889649,0.3172331,0,250,0.3172331,1582.532,17.94503,61.36311,0,0,0,38.03085,28.48558,9.545271,321.319,0,573.6045,0,-1.136868e-13,-8.346102e-14,4.263256e-14
naive,2026-01-23 04:00:00,1744,4,21.4452,3037.236,123.3389,0,15.52296,1,1,2126.065,2125.748,526.2274,291.181,817.4085,2,0,0,17.40847,800,0,131.4259,239.3783,0.1196892,0.1714493,0.3172331,0,250,0.3172331,1599.521,13.72551,61.58473,0,0,1.797453,38.26918,28.79137,9.477804,320.2775,0,571.2722,0,-1.136868e-13,2.839395e-14,4.263256e-14
naive,2026-01-23 04:15:00,1745,4.25,21.19539,3034.534,146.7629,0,11.45661,1,1,2124.174,2123.856,523.0543,289.7822,812.8364,2,0,0,12.83643,800,0,148.1592,202.3009,0.1011504,0.150733,0.3172331,0,250,0.3172331,1600.802,10.14639,61.84746,0,0,1.310222,38.23512,28.81444,9.420687,318.818,0,568.0575,0,0,-6.050715e-15,4.263256e-14
naive,2026-01-23 04:30:00,1746,4.5,21.18979,3027.518,207.613,0,7.303712,1,1,2119.263,2118.946,656.0755,328.0498,984.1253,2,171.2745,0.7678487,12.08295,800,0,9.076129,200,0.1,0.1273859,0.3172331,0,250,0.3172331,1462.87,9.551353,61.85336,27.26246,0,0,38.14673,26.33166,11.81507,354.3815,0,686.2056,0,-5.684342e-14,8.326673e-16,4.263256e-14
naive,2026-01-23 04:45:00,1747,4.75,21.22597,3028.2,241.2814,4.830269,4.549595,1,1,2119.74,2119.423,1098.646,456.42,1555.066,4,232.2795,1.095558,21.69078,800,500,0,324.9685,0.1624843,0.1259371,0.3172331,0,250,0.3172331,1020.777,17.13989,61.8153,9.001992,3.734711,0,38.15532,18.37398,19.78134,474.7939,0,902.0165,0,1.136868e-13,1.24345e-13,4.263256e-14
naive,2026-01-23 05:00:00,1748,5,20.97227,3052.015,277.5464,8.116034,12.68938,1,1,2136.411,2136.093,532.4518,293.925,826.3768,2,0,0,26.37678,800,0,291.9255,251.936,0.125968,0.2046279,0.3172331,0,250,0.3172331,1603.642,20.89626,62.08213,0,5.544364,0,38.45539,28.86555,9.589842,322.7906,0,585.3028,0,0,-7.993606e-15,4.263256e-14
naive,2026-01-23 05:15:00,1749,5.25,20.8491,3070.687,343.622,0.3352979,15.36479,1,1,2149.481,2149.164,649.011,326.9921,976.0031,2,153.9858,0.007163019,22.0102,800,0,207.5853,200,0.1,0.1586404,0.3172331,0,250,0.3172331,1500.153,17.45865,62.21167,0,0.3281349,0,38.69066,27.00275,11.68791,353.9948,0,638.5676,0,0,1.140754e-14,4.263256e-14
naive,2026-01-23 05:30:00,1750,5.5,20.91987,3077.242,433.9749,0,8.119765,1,1,2154.07,2153.752,1254.797,501.5573,1756.355,4,431.5241,0.194142,24.63657,800,500,0,324.9685,0.1624843,0.1259371,0.3172331,0,250,0.3172331,898.9549,19.52795,62.13725,2.450834,0,0,38.77325,16.18119,22.59206,517.7385,0,969.8003,0,-5.684342e-14,1.24345e-13,4.263256e-14
naive,2026-01-23 05:45:00,1751,5.75,21.05459,3061.781,519.1284,0,5.011456,1,1,2143.247,2142.93,532.1431,293.2635,825.4066,2,4.41751,0.3291645,20.65993,800,0,499.6694,200,0.1,0.2046279,0.3172331,0,250,0.3172331,1610.787,16.35364,61.99556,15.04143,0,0,38.57844,28.99416,9.584287,322.2576,0,600.7167,0,0,-7.993606e-15,4.263256e-14
naive,2026-01-23 06:00:00,1752,6,20.89707,3058.102,601.9429,2.203919,2.300014,1,1,2140.671,2140.354,1365.005,532.9988,1898.003,4,575.6346,0.1991924,22.1695,800,500,0,324.9685,0.1624843,0.1259371,0.3172331,0,250,0.3172331,775.3493,17.5765,62.16122,26.30826,2.004726,0,38.53208,13.95629,24.57579,546.9551,0,1072.819,0,-2.273737e-13,1.24345e-13,4.263256e-14
naive,2026-01-23 06:15:00,1753,6.25,20.87574,3161.356,690.8312,0,5.477865,1,1,2212.95,2212.632,656.6664,330.3335,986.9999,2,154.267,1.593874,31.13906,800,0,499.6694,200,0.1,0.2046279,0.3172331,0,250,0.3172331,1555.966,24.69309,62.18366,36.89476,0,0,39.83309,28.00739,11.82571,358.3409,0,710.3686,0,5.684342e-14,-7.993606e-15,4.263256e-14
naive,2026-01-23 06:30:00,1754,6.5,21.03125,3155.225,757.3405,4.027647,14.61819,1,1,2208.658,2208.341,1450.944,549.056,2000,4,721.3127,2.233547,37.26209,739.1916,500,0,324.9685,0.1624843,0.1259371,0.3172331,0,250,0.3172331,757.3966,29.50226,57.30592,36.02776,1.7941,0,39.75584,13.63314,26.1227,562.6891,0,1126.152,0,0,1.24345e-13,4.263256e-14
naive,2026-01-23 06:45:00,1755,6.75,21.02202,3172.186,808.0032,1.689353,13.87021,1,1,2220.53,2220.213,745.0455,356.4408,1101.486,3,262.3257,0.1012467,39.05927,800,0,499.6694,200,0.1,0.2046279,0.3172331,0,250,0.3172331,1475.168,30.92806,62.02981,46.00805,1.588106,0,39.96955,26.55302,13.41653,382.9938,0,778.3074,0,-1.136868e-13,-7.993606e-15,4.263256e-14
naive,2026-01-23 07:00:00,1756,7,21.03893,3181.165,802.2353,4.125369,19.97851,1,1,2226.816,2226.499,1457.302,542.6981,2000,4,769.8827,2.841314,33.80338,693.4726,500,0,324.9685,0.1624843,0.1259371,0.3172331,0,250,0.3172331,769.1967,26.76175,53.75455,32.35263,1.284055,0,40.08269,13.84554,26.23714,556.5437,0,1110.637,0,2.273737e-13,1.24345e-13,4.263256e-14
naive,2026-01-23 07:15:00,1757,7.25,21.05893,3150.666,786.6877,7.693552,22.78237,1,1,2205.466,2205.149,732.9516,352.7593,1085.711,3,248.4545,4.058411,33.19811,800,0,499.6694,200,0.1,0.2046279,0.3172331,0,250,0.3172331,1472.197,26.27725,61.99099,38.56381,3.635142,0,39.69839,26.49955,13.19884,379.2589,0,761.5711,0,0,-7.993606e-15,4.263256e-14
naive,2026-01-23 07:30:00,1758,7.5,20.99386,3194.876,744.2572,11.21743,24.05775,1,1,2236.413,2236.096,1449.455,550.5446,2000,4,709.7783,3.981755,36.60523,749.6347,500,0,324.9685,0.1624843,0.1259371,0.3172331,0,250,0.3172331,786.6407,28.99314,58.15238,34.47888,7.235677,0,40.25544,14.15953,26.09591,564.7041,0,1135.944,0,0,1.24345e-13,4.263256e-14
naive,2026-01-23 07:45:00,1759,7.75,21.12033,3203.637,680.3685,9.369015,29.2732,1,1,2242.546,2242.229,665.0436,333.9314,998.975,2,155.0675,7.078922,36.82858,800,0,499.6694,200,0.1,0.2046279,0.3172331,0,250,0.3172331,1577.185,29.13278,61.92641,25.63161,2.290093,0.140418,40.36583,28.38933,11.9765,362.3444,0,703.1865,0,0,-7.993606e-15,4.263256e-14
naive,2026-01-23 08:00:00,1760,8,21.29266,3190.544,627.109,374.917,27.93405,1,1,2233.381,2233.064,1451.033,548.9668,2000,4,584.7122,364.6815,32.76579,517.8405,500,0,324.9685,0.1624843,0.1259371,0.3172331,0,250,0.3172331,782.0305,25.87379,39.96768,42.39681,10.23549,2.060263,40.20086,14.07655,26.12431,563.3921,0,1172.611,0,2.273737e-13,1.24345e-13,4.263256e-14
naive,2026-01-23 08:15:00,1761,8.25,21.25445,3223.63,541.2781,372.7281,24.85791,1,1,2256.541,2256.224,792.1982,408.434,1200.632,3,0,362.1487,38.48351,800,0,499.6694,200,0.1,0.2046279,0.3172331,0,250,0.3172331,1464.026,30.4006,61.78535,44.98955,7.198556,0,40.61774,26.35247,14.26528,434.7865,0,890.0889,0,-5.684342e-14,-7.993606e-15,4.263256e-14
naive,2026-01-23 08:30:00,1762,8.5,21.42553,3221.714,456.5077,377.2521,24.48426,1,1,2255.2,2254.883,1429.834,570.1661,2000,4,420.5201,370.3201,42.4817,666.6781,500,0,324.9685,0.1624843,0.1259371,0.3172331,0,250,0.3172331,825.0487,33.50089,51.33873,35.98761,6.931983,0,40.5936,14.85088,25.74272,585.017,0,1186.314,0,-2.273737e-13,1.24345e-13,4.263256e-14
naive,2026-01-23 08:45:00,1763,8.75,21.73798,3245.22,355.3687,389.6408,30.2024,1,1,2271.654,2271.337,697.1062,366.5128,1063.619,3,0,219.7515,43.8674,800,0,499.6694,200,0.1,0.2046279,0.3172331,0,250,0.3172331,1574.23,34.484,61.2768,14.17427,11.41431,0,40.88977,28.33615,12.55362,394.8489,0,764.9017,0,-1.136868e-13,-7.993606e-15,4.263256e-14
naive,2026-01-23 09:00:00,1764,9,21.94107,3228.064,283.6035,386.0275,36.61686,1,1,2259.645,2259.328,1413.06,586.9404,2000,4,288.0606,382.9539,48.62152,780.364,500,0,324.9685,0.1624843,0.1259371,0.3172331,0,250,0.3172331,846.2683,38.14219,59.5644,0,3.073603,0,40.67361,15.23283,25.44078,602.1732,0,1142.638,0,-1.136868e-13,1.24345e-13,4.263256e-14
naive,2026-01-23 09:15:00,1765,9.25,22.24907,3245.726,236.5006,383.7755,35.78175,1,1,2272.008,2271.691,628.4423,336.2424,964.6847,2,0,100.775,63.90967,800,0,499.6694,200,0.1,0.2046279,0.3172331,0,250,0.3172331,1643.249,49.97784,60.73927,7.98054,11.85114,0,40.89615,29.57847,11.31767,365.8208,0,697.5197,0,0,-7.993606e-15,4.263256e-14
naive,2026-01-23 09:30:00,1766,9.5,22.36899,3283.967,193.8544,379.3492,37.93994,1,1,2298.777,2298.46,1352.053,574.6927,1926.746,4,177.1478,378.3066,71.2914,800,500,0,324.9685,0.1624843,0.1259371,0.3172331,0,250,0.3172331,946.4066,55.68201,60.61314,16.70656,1.042524,0,41.37798,17.03532,24.34267,591.728,0,1145.883,0,-1.136868e-13,1.24345e-13,4.263256e-14
naive,2026-01-23 09:45:00,1767,9.75,22.74693,3290.331,146.8092,389.4289,40.84293,1,1,2303.231,2302.914,590.7616,319.6309,910.3925,2,0,33.54722,76.84525,800,0,499.6694,200,0.1,0.2046279,0.3172331,0,250,0.3172331,1712.153,59.78749,60.21564,0,6.523805,0,41.45817,30.81875,10.63942,350.4496,0,644.4102,0,-5.684342e-14,-7.993606e-15,4.263256e-14
naive,2026-01-23 10:00:00,1768,10,22.84867,3276.772,135.8375,393.1706,50.54801,1,1,2293.74,2293.423,1310.677,564.1976,1874.875,4,112.038,383.4259,79.41097,800,500,0,324.9685,0.1624843,0.1259371,0.3172331,0,250,0.3172331,982.7459,61.71906,60.10864,23.79944,9.744711,0,41.28733,17.68943,23.5979,581.887,0,1154.016,0,-2.273737e-13,1.24345e-13,4.263256e-14
naive,2026-01-23 10:15:00,1769,10.25,23.30504,3283.553,119.6248,392.0297,64.30371,1,1,2298.487,2298.17,574.4003,312.418,886.8183,2,0,0,86.8183,800,0,490.1821,202.3718,0.1011859,0.2046279,0.3172331,0,250,0.3172331,1723.769,67.15914,59.62865,19.82057,1.651881,0,41.37276,31.02785,10.34492,343.4459,0,656.8494,0,5.684342e-14,-7.993606e-15,4.263256e-14
naive,2026-01-23 10:30:00,1770,10.5,23.45912,3328.231,124.3443,401.7233,64.67583,1,1,2329.762,2329.444,919.8764,454.427,1374.303,3,86.53226,391.3741,96.39706,800,0,9.359937,200,0.1,0.1274306,0.3172331,0,250,0.3172331,1409.568,74.45006,59.4666,28.4521,10.34926,0,41.93571,25.37222,16.56349,479.7993,0,959.6309,0,0,1.110223e-16,4.263256e-14
naive,2026-01-23 10:45:00,1771,10.75,23.58299,3312.481,123.1536,406.8173,79.77218,1,1,2318.737,2318.42,1319.213,571.1694,1890.383,4,85.06383,397.5077,107.811,800,500,0,324.9685,0.1624843,0.1259371,0.3172331,0,250,0.3172331,999.2064,83.15849,59.33632,38.08981,9.309512,0,41.73726,17.98572,23.75155,589.1552,0,1193.321,0,0,1.24345e-13,4.263256e-14
naive,2026-01-23 11:00:00,1772,11,23.68863,3307.522,127.7546,409.3596,84.24537,1,1,2315.265,2314.948,597.0084,322.3848,919.3932,2,0,0,119.3932,800,0,481.7154,204.4885,0.1022443,0.2046279,0.3172331,0,250,0.3172331,1717.94,91.99136,59.22521,40.89145,14.50739,0,41.67478,30.92292,10.75186,353.3077,0,735.55,0,-1.136868e-13,-7.993606e-15,4.263256e-14
naive,2026-01-23 11:15:00,1773,11.25,23.86042,3358.307,105.6748,406.3175,92.38199,1,1,2350.815,2350.498,936.5807,463.7469,1400.328,3,70.09146,395.2885,134.9476,800,0,17.82528,200,0.1,0.1287634,0.3172331,0,250,0.3172331,1413.917,103.7905,59.04453,17.75808,11.02905,0,42.31467,25.4505,16.86416,489.1974,0,961.6275,0,5.684342e-14,8.326673e-16,4.263256e-14
naive,2026-01-23 11:30:00,1774,11.5,24.02357,3385.33,93.67454,411.5005,99.36137,1,1,2369.731,2369.414,1352.624,585.0342,1937.659,4,92.33195,398.5295,146.797,800,500,0,324.9685,0.1624843,0.1259371,0.3172331,0,250,0.3172331,1016.79,112.7124,58.87294,1.342586,12.97096,0,42.65516,18.30221,24.35295,603.3364,0,1165.132,0,0,1.24345e-13,4.263256e-14
naive,2026-01-23 11:45:00,1775,11.75,24.1622,3405.123,106.9468,406.1303,110.445,1,1,2383.586,2383.269,624.5286,334.517,959.0456,2,0,0,159.0456,800,0,493.7405,201.4822,0.1007411,0.2046279,0.3172331,0,250,0.3172331,1758.74,121.9406,58.72714,20.95599,0,0,42.90454,31.65732,11.24722,366.1743,0,702.4297,0,0,-6.483702e-14,4.263256e-14
naive,2026-01-23 12:00:00,1776,12,24.348,3413.031,144.7853,408.4135,118.3298,1,1,2389.122,2388.804,988.3002,484.7589,1473.059,3,85.12546,414.9572,172.9765,800,0,5.802092,200,0.1,0.1268704,0.3172331,0,250,0.3172331,1400.504,132.3644,58.53173,53.85779,0,0,43.00419,25.20908,17.79511,509.968,0,1046.993,0,0,-2.775558e-17,4.263256e-14
naive,2026-01-23 12:15:00,1777,12.25,24.66167,3440.997,140.8595,416.2706,128.6302,1,1,2408.698,2408.381,1395.889,604.1106,2000,4,91.7594,416.6389,192.4804,799.1213,500,0,324.9685,0.1624843,0.1259371,0.3172331,0,250,0.3172331,1012.492,146.8061,58.1379,49.10012,0,0,43.35657,18.22485,25.13172,622.3355,0,1263.963,0,0,1.24345e-13,4.263256e-14
naive,2026-01-23 12:30:00,1778,12.5,24.9994,3474.931,136.7543,419.3532,142.0636,1,1,2432.452,2432.135,673.0837,355.9225,1029.006,3,0,19.58396,209.4222,800,0,499.6694,200,0.1,0.2046279,0.3172331,0,250,0.3172331,1759.051,159.1619,57.84662,33.48176,3.372333,0,43.78413,31.66292,12.12122,387.5854,0,773.6667,0,0,-7.993606e-15,4.263256e-14
naive,2026-01-23 12:45:00,1779,12.75,25.17296,3493.529,120.7927,415.6957,152.1956,1,1,2445.47,2445.153,1398.85,601.15,2000,4,103.9379,415.1024,219.9095,761.0502,500,0,324.9685,0.1624843,0.1259371,0.3172331,0,250,0.3172331,1046.303,166.8269,54.85657,16.85483,0.5933278,0,446.1744,190.8973,255.2771,792.0473,0,1552.479,0,2.273737e-13,1.24345e-13,4.263256e-14
naive,2026-01-23 13:00:00,1780,13,25.54678,3455.677,143.5532,414.0624,162.7665,1,1,2418.974,2418.656,679.8711,358.9147,1038.786,3,0,5.623479,233.1623,800,0,499.6694,200,0.1,0.2046279,0.3172331,0,250,0.3172331,1738.785,176.1835,57.27092,53.07956,0,0,444.6762,319.6382,125.038,678.5529,0,1384.238,0,5.684342e-14,-7.993606e-15,4.263256e-14
naive,2026-01-23 13:15:00,1781,13.25,25.6222,3482.759,135.5226,413.03,166.6544,1,1,2437.931,2437.614,1398.215,601.7852,2000,4,89.42221,412.7081,247.7883,750.0814,500,0,324.9685,0.1624843,0.1259371,0.3172331,0,250,0.3172331,1039.399,187.0857,53.62294,46.10037,0.3219056,0,448.8457,191.363,257.4827,793.1482,0,1606.049,0,1.136868e-13,1.24345e-13,4.263256e-14
naive,2026-01-23 13:30:00,1782,13.5,25.68901,3448.851,125.5458,409.8903,172.7894,1,1,2414.196,2413.879,696.6212,366.299,1062.92,3,0,5.553695,257.3665,800,0,499.6694,200,0.1,0.2046279,0.3172331,0,250,0.3172331,1717.258,194.1799,57.12133,30.24435,0,0,445.078,316.5913,128.4866,682.8903,0,1353.691,0,1.136868e-13,-7.993606e-15,4.263256e-14
naive,2026-01-23 13:45:00,1783,13.75,25.73702,3502.22,124.6395,409.8403,182.8479,1,1,2451.554,2451.237,1401.281,598.7188,2000,4,106.1258,407.2094,269.4395,717.2253,500,0,324.9685,0.1624843,0.1259371,0.3172331,0,250,0.3172331,1049.956,203.1854,51.1658,18.51364,2.630927,0,452.4058,193.7572,258.6487,792.476,0,1563.865,0,-2.273737e-13,1.24345e-13,4.263256e-14
naive,2026-01-23 14:00:00,1784,14,26.00413,3491.501,112.0251,408.0633,189.0728,1,1,2444.051,2443.734,709.2263,371.8559,1081.082,3,0,5.515818,275.5663,800,0,499.6694,200,0.1,0.2046279,0.3172331,0,250,0.3172331,1734.507,207.2168,56.7899,18.43324,0,0,453.4799,321.8281,131.6518,693.684,0,1355.277,0,-1.136868e-13,-7.993606e-15,4.263256e-14
naive,2026-01-23 14:15:00,1785,14.25,25.98107,3506.757,119.7568,405.1058,186.897,1,1,2454.73,2454.413,1397.773,602.227,2000,4,73.35626,410.7923,282.9958,732.8556,500,0,324.9685,0.1624843,0.1259371,0.3172331,0,250,0.3172331,1056.64,212.8557,52.04571,46.40053,0,0,455.2472,195.9614,259.2858,798.1884,0,1617.866,0,0,1.24345e-13,4.263256e-14
naive,2026-01-23 14:30:00,1786,14.5,25.97116,3510.416,118.8179,407.9139,190.6625,1,1,2457.291,2456.974,714.4271,374.1487,1088.576,3,0,0.0930643,288.4827,800,0,499.6694,200,0.1,0.2046279,0.3172331,0,250,0.3172331,1742.547,217.0056,56.82458,21.92248,5.046851,0,455.63,323.1024,132.5276,697.251,0,1377.097,0,1.136868e-13,-7.993606e-15,4.263256e-14
naive,2026-01-23 14:45:00,1787,14.75,26.30104,3487.73,115.0647,399.6552,204.1621,1,1,2441.411,2441.093,1400.655,599.3445,2000,4,95.2014,400.2254,292.7272,711.846,500,0,324.9685,0.1624843,0.1259371,0.3172331,0,250,0.3172331,1040.438,219.4258,50.25422,19.86333,0,0,455.7519,194.2244,261.5275,793.569,0,1564.866,0,0,1.24345e-13,4.263256e-14
naive,2026-01-23 15:00:00,1788,15,26.67345,3511.44,97.00062,395.5203,214.4343,1,1,2458.008,2457.691,720.4068,376.7848,1097.192,3,0,0,297.1916,800,0,487.7757,202.9734,0.1014867,0.2046279,0.3172331,0,250,0.3172331,1737.284,221.8869,56.08595,17.90679,0,0,462.3862,326.8078,135.5784,703.5926,0,1374.978,0,0,-7.993606e-15,4.263256e-14
naive,2026-01-23 15:15:00,1789,15.25,26.98249,3504.2,91.2496,392.9644,211.7528,1,1,2452.94,2452.623,1062.116,518.561,1580.677,4,74.52945,401.7445,304.4031,800,0,11.76594,200,0.1,0.1278094,0.3172331,0,250,0.3172331,1390.507,226.5185,55.76091,4.954209,0,0,464.4025,263.2575,201.145,781.8185,0,1509.452,0,0,1.665335e-16,4.263256e-14
naive,2026-01-23 15:30:00,1790,15.5,26.90782,3541.359,101.6141,391.6116,211.3263,1,1,2478.951,2478.634,1400.874,599.1265,2000,4,95.27663,395.6142,301.3879,707.7212,500,0,324.9685,0.1624843,0.1259371,0.3172331,0,250,0.3172331,1077.761,224.4549,49.39845,6.337482,0,0,468.5985,203.7301,264.8684,802.8566,0,1561.072,0,2.273737e-13,1.24345e-13,4.263256e-14
naive,2026-01-23 15:45:00,1791,15.75,27.01849,3532.67,88.52457,383.736,215.9798,1,1,2472.869,2472.551,727.7712,380.0314,1107.803,3,0,4.877484,302.9251,800,0,499.6694,200,0.1,0.2046279,0.3172331,0,250,0.3172331,1744.78,225.3315,55.72305,0,0,0,468.5268,330.5781,137.9487,710.6095,0,1358.531,0,0,-7.993606e-15,4.263256e-14
naive,2026-01-23 16:00:00,1792,16,27.22222,3514.572,105.5326,391.6943,217.1811,1,1,2460.201,2459.883,1408.089,591.9109,2000,4,153.7792,384.1341,300.819,661.2677,500,0,324.9685,0.1624843,0.1259371,0.3172331,0,250,0.3172331,1051.794,223.2746,45.8827,0,7.560195,0,468.1143,200.13,267.9843,792.0409,0,1545.505,0,0,1.24345e-13,4.263256e-14
naive,2026-01-23 16:15:00,1793,16.25,27.31486,3549.244,138.9645,399.8515,203.1875,1,1,2484.471,2484.154,761.7483,395.0102,1156.758,3,0,54.0837,302.6748,800,0,499.6694,200,0.1,0.2046279,0.3172331,0,250,0.3172331,1722.405,224.4276,55.41134,0,12.31091,0,473.6507,328.3671,145.2836,723.3773,0,1405.653,0,-1.136868e-13,-7.993606e-15,4.263256e-14
naive,2026-01-23 16:30:00,1794,16.5,27.17019,3546.4,174.384,407.9272,192.2993,1,1,2482.48,2482.163,1413.874,586.1262,2000,4,195.1979,387.6822,301.907,615.2129,500,0,324.9685,0.1624843,0.1259371,0.3172331,0,250,0.3172331,1068.289,224.2078,42.72923,0,20.24499,0,471.8396,203.0474,268.7922,789.1736,0,1565.199,0,0,1.24345e-13,4.263256e-14
naive,2026-01-23 16:45:00,1795,16.75,27.18002,3507.225,244.4097,391.6287,182.8734,1,1,2455.057,2454.74,799.2272,411.5327,1210.76,3,0,112.9129,297.847,800,0,499.6694,200,0.1,0.2046279,0.3172331,0,250,0.3172331,1655.513,221.1692,55.55316,12.50859,10.94749,0,466.7234,314.7245,151.9989,726.2572,0,1430.479,0,0,-7.993606e-15,4.263256e-14
naive,2026-01-23 17:00:00,1796,17,26.99945,3452.543,252.9391,385.7907,180.4197,1,1,2416.78,2416.463,1421.467,578.5332,2000,4,259.4382,385.1733,284.7533,570.6352,500,0,324.9685,0.1624843,0.1259371,0.3172331,0,250,0.3172331,994.9961,211.8577,39.7612,0,0.617453,0,457.7183,188.4441,269.2742,766.9773,0,1490.288,0,2.273737e-13,1.24345e-13,4.263256e-14
naive,2026-01-23 17:15:00,1797,17.25,26.86783,3470.904,303.1695,378.3937,171.4588,1,1,2429.633,2429.316,828.0193,424.2257,1252.245,3,0,173.1574,279.0875,800,0,499.6694,200,0.1,0.2046279,0.3172331,0,250,0.3172331,1601.296,207.9362,55.8815,4.477821,4.258529,0,458.8942,302.443,156.4511,726.6687,0,1405.541,0,0,-7.993606e-15,4.263256e-14
naive,2026-01-23 17:30:00,1798,17.5,27.16357,3465.022,356.2818,374.1797,165.7257,1,1,2425.516,2425.198,1434.833,565.1672,2000,4,372.6729,370.4347,264.4813,492.4111,500,0,324.9685,0.1624843,0.1259371,0.3172331,0,250,0.3172331,990.3657,196.428,34.20439,0,3.744997,0,460.9487,188.2106,272.7381,753.3779,0,1474.736,0,-2.273737e-13,1.24345e-13,4.263256e-14
naive,2026-01-23 17:45:00,1799,17.75,27.24847,3456.538,424.0021,375.6939,164.975,1,1,2419.577,2419.259,886.3647,449.9472,1336.312,3,0,289.0961,247.2157,800,0,499.6694,200,0.1,0.2046279,0.3172331,0,250,0.3172331,1532.895,183.4371,55.48117,0,11.45302,0,460.6376,291.8316,168.806,741.7788,0,1440.898,0,-1.136868e-13,-7.993606e-15,4.263256e-14
naive,2026-01-23 18:00:00,1800,18,27.03792,3408.683,483.5302,0.3721531,153.8785,1,1,2386.078,2385.761,1428.06,571.9396,2000,4,474.4639,0.2903605,237.3068,787.939,500,0,324.9685,0.1624843,0.1259371,0.3172331,0,250,0.3172331,957.7006,176.4842,54.86282,9.066261,0.08179259,0,452.2661,181.5261,270.74,753.4657,0,1460.991,0,0,1.24345e-13,4.263256e-14
naive,2026-01-23 18:15:00,1801,18.25,26.81098,3359.922,535.9877,0,142.9752,1,1,2351.946,2351.628,698.1275,362.3039,1060.431,3,39.16555,0.7621624,220.5037,800,0,499.6694,200,0.1,0.2046279,0.3172331,0,250,0.3172331,1653.501,164.3882,55.9413,0,0,0,443.697,311.9347,131.7623,674.2386,0,1285.543,0,5.684342e-14,-7.993606e-15,4.263256e-14
naive,2026-01-23 18:30:00,1802,18.5,26.82655,3310.543,600.0538,0,139.4971,1,1,2317.38,2317.063,1441.863,558.1366,2000,4,587.9085,2.190403,208.3593,701.5418,500,0,324.9685,0.1624843,0.1259371,0.3172331,0,250,0.3172331,875.1995,155.3085,49.04209,12.14537,0,0,437.3175,165.1607,272.1568,723.2973,0,1412.373,0,2.273737e-13,1.24345e-13,4.263256e-14
naive,2026-01-23 18:45:00,1803,18.75,26.68804,3316.914,647.6009,7.671603,134.6413,1,1,2321.84,2321.523,756.8541,376.7286,1133.583,3,135.5424,1.139823,196.9004,800,0,499.6694,200,0.1,0.2046279,0.3172331,0,250,0.3172331,1564.668,146.9853,56.07059,12.38906,6.531781,0,436.9029,294.4252,142.4777,671.1538,0,1311.867,0,5.684342e-14,-7.993606e-15,4.263256e-14
naive,2026-01-23 19:00:00,1804,19,26.69069,3287.301,717.8794,6.39512,120.591,1,0,2301.111,2300.793,1453.578,546.4216,2000,4,685.1259,2.567914,182.5927,629.7135,500,0,324.9685,0.1624843,0.1259371,0.3172331,0,250,0.3172331,847.215,136.3008,44.13332,32.75347,3.827205,0,433.026,159.43,273.596,705.8516,0,1425.155,0,0,1.24345e-13,4.263256e-14
naive,2026-01-23 19:15:00,1805,19.25,26.51898,3280.269,730.0831,13.46247,102.1727,0,0,2296.188,2295.871,806.9737,389.0648,1196.038,3,217.5795,6.00886,172.4501,800,0,499.6694,200,0.1,0.2046279,0.3172331,0,250,0.3172331,1488.897,128.9665,56.2484,12.83413,7.453609,0,430.5693,279.1903,151.379,0,668.255,3647.12,0,0,-7.993606e-15,4.263256e-14
naive,2026-01-23 19:30:00,1806,19.5,26.39313,3203.065,741.3632,9.589464,88.21115,0,0,2242.146,2241.829,1456.847,543.1527,2000,4,720.928,2.473384,152.9788,623.6198,500,0,324.9685,0.1624843,0.1259371,0.3172331,0,250,0.3172331,784.9813,114.559,43.95021,20.43523,7.11608,0,419.3469,146.8145,272.5324,0,689.9672,3792.902,0,1.136868e-13,1.24345e-13,4.263256e-14
naive,2026-01-23 19:45:00,1807,19.75,26.31154,3216.113,741.7641,9.587207,82.64211,0,0,2251.279,2250.962,771.9313,374.8001,1146.731,3,207.6281,0.8343433,138.269,800,0,499.6694,200,0.1,0.2046279,0.3172331,0,250,0.3172331,1479.031,103.6337,56.46658,34.46662,8.752864,0,420.3496,276.1585,144.1911,0,650.9587,3591.301,0,1.705303e-13,-7.993606e-15,4.263256e-14
naive,2026-01-23 20:00:00,1808,20,26.05157,3181.513,717.0892,16.53249,75.54003,0,0,2227.059,2226.742,1452.932,547.0684,2000,4,703.7125,0.463693,123.632,672.1918,500,0,324.9685,0.1624843,0.1259371,0.3172331,0,250,0.3172331,773.8104,92.92022,47.67521,13.37666,16.0688,0,413.6189,143.7153,269.9035,0,690.7838,3796.47,0,1.136868e-13,1.24345e-13,4.263256e-14
naive,2026-01-23 20:15:00,1809,20.25,25.66623,3102.812,670.4107,5.286089,67.5037,0,0,2171.968,2171.651,707.4808,353.3218,1060.803,3,149.3342,0.4054759,111.0629,800,0,499.6694,200,0.1,0.2046279,0.3172331,0,250,0.3172331,1464.17,83.81589,57.14528,21.40707,4.880613,0,400.2363,269.8079,130.4285,0,623.1297,3408.271,0,1.136868e-13,-7.993606e-15,4.263256e-14
naive,2026-01-23 20:30:00,1810,20.5,25.36756,3072.323,616.6601,12.78034,66.04389,0,0,2150.626,2150.309,1423.085,557.7606,1980.846,4,582.7217,0.551713,97.57257,800,500,0,324.9685,0.1624843,0.1259371,0.3172331,0,250,0.3172331,727.2233,73.86825,57.45941,33.93845,12.22862,0,393.9186,133.2016,260.717,0,690.9622,3815.288,0,2.273737e-13,1.24345e-13,4.263256e-14
naive,2026-01-23 20:45:00,1811,20.75,25.12485,3086.87,554.8689,16.83562,58.3988,0,0,2160.809,2160.492,608.1684,323.4123,931.5807,2,32.71977,0.3816648,98.47924,800,0,499.6694,200,0.1,0.2046279,0.3172331,0,250,0.3172331,1552.323,74.74586,57.71467,22.4797,16.45395,0,393.8578,282.9471,110.9107,0,606.3594,3337.208,0,5.684342e-14,-7.993606e-15,4.263256e-14
naive,2026-01-23 21:00:00,1812,21,24.93759,3123.44,481.261,9.914253,47.96988,0,0,2186.408,2186.091,1333.567,530.6364,1864.203,4,478.987,1.814613,83.40134,800,500,0,324.9685,0.1624843,0.1259371,0.3172331,0,250,0.3172331,852.524,63.42666,57.91163,2.27403,8.09964,0,39.35534,15.34543,24.00991,0,545.9819,2955.644,0,0,1.24345e-13,4.263256e-14
naive,2026-01-23 21:15:00,1813,21.25,24.76013,3047.048,423.8092,12.0728,49.70177,0,0,2132.934,2132.617,564.9296,308.2429,873.1725,2,0,0,73.17251,800,0,441.8046,214.4662,0.1072331,0.2046279,0.3172331,0,250,0.3172331,1567.687,55.75152,58.09827,0,10.35816,0,38.39281,28.21836,10.17444,0,336.4612,1803.044,0,1.136868e-13,-6.483702e-14,4.263256e-14
naive,2026-01-23 21:30:00,1814,21.5,24.5731,3017.826,389.0264,7.440472,37.45624,0,0,2112.478,2112.161,811.4499,378.6319,1190.082,3,321.8694,3.005327,65.20707,800,0,57.72977,200,0.1,0.1350462,0.3172331,0,250,0.3172331,1300.711,49.78007,58.29498,9.42719,4.435145,0,38.02461,23.4128,14.61181,0,402.0447,2169.576,0,1.705303e-13,1.609823e-15,4.263256e-14
naive,2026-01-23 21:45:00,1815,21.75,24.45402,3029.377,349.2706,8.258938,26.94735,0,0,2120.564,2120.247,1194.43,487.4888,1681.919,4,326.0732,1.741234,54.10471,800,500,0,324.9685,0.1624843,0.1259371,0.3172331,0,250,0.3172331,925.8164,41.3559,58.42022,23.19739,6.517704,0,38.17015,16.6647,21.50546,0,504.1535,2758.38,0,1.705303e-13,1.24345e-13,4.263256e-14
naive,2026-01-23 22:00:00,1816,22,24.14415,2996.182,279.2013,6.717564,31.25987,0,0,2097.328,2097.01,554.7235,303.7435,858.467,2,0,0,58.46697,800,0,285.8587,253.4527,0.1267263,0.2046279,0.3172331,0,250,0.3172331,1542.287,44.83521,58.74612,0,6.64547,0,37.7519,27.76117,9.990733,0,331.5047,1768.65,0,0,-7.993606e-15,4.263256e-14
naive,2026-01-23 22:15:00,1817,22.25,24.12741,2995.635,246.5203,0.5153987,35.83221,0,0,2096.945,2096.627,571.1107,308.038,879.1487,2,24.62883,0.918058,53.60182,800,0,213.6511,200,0.1,0.1595954,0.3172331,0,250,0.3172331,1525.517,41.11157,58.76373,8.240344,0,0,37.745,27.4593,10.2857,0,335.4973,1793.34,0,5.684342e-14,-7.549517e-15,4.263256e-14
naive,2026-01-23 22:30:00,1818,22.5,24.18169,2979.471,206.6823,10.07716,38.97572,0,0,2085.63,2085.313,1098.516,459.8538,1558.37,4,202.9318,0,55.43779,800,500,0,324.9685,0.1624843,0.1259371,0.3172331,0,250,0.3172331,986.7968,42.49565,58.70665,3.750453,10.07716,0,37.54134,17.76234,19.77899,0,477.6161,2584.696,0,1.705303e-13,1.24345e-13,4.263256e-14
naive,2026-01-23 22:45:00,1819,22.75,24.01527,2992.907,173.727,15.8204,30.75252,0,0,2095.035,2094.718,550.8379,302.0305,852.8684,2,0,0,52.86842,800,0,166.2857,283.3459,0.141673,0.2046279,0.3172331,0,250,0.3172331,1543.88,40.59649,58.88168,7.486323,15.77537,0,37.71063,27.78984,9.920792,0,329.8204,1787.897,0,0,2.04281e-14,4.263256e-14
naive,2026-01-23 23:00:00,1820,23,23.82192,2964.436,147.0987,11.65799,30.98444,0,1,2075.105,2074.788,544.9275,299.425,844.3525,2,0,0,44.35252,800,0,140.6804,248.1312,0.1240656,0.1784188,0.3172331,0,250,0.3172331,1529.86,34.12592,59.08503,6.772889,11.30342,0,37.35189,27.53749,9.814406,0,326.9625,1763.004,0,0,1.645906e-14,4.263256e-14
naive,2026-01-23 23:15:00,1821,23.25,23.76384,2968.486,143.009,13.32324,29.45937,1,1,2077.94,2077.623,542.274,298.2551,840.5291,2,0,0,40.52913,800,0,131.2092,215.2899,0.1076449,0.1562446,0.3172331,0,250,0.3172331,1535.349,31.20294,59.14612,14.15473,10.96834,0,37.40292,27.63628,9.766642,325.8914,0,628.5808,0,0,1.329492e-14,4.263256e-14
naive,2026-01-23 23:30:00,1822,23.5,23.62429,2958.865,115.3783,13.65409,32.87498,1,1,2071.206,2070.888,568.7824,305.1709,873.9533,2,40.10225,0.9888048,32.86223,800,0,61.02389,200,0.1,0.1355649,0.3172331,0,250,0.3172331,1502.106,25.33697,59.29288,14.2522,12.66529,7.538013,37.2817,27.03791,10.24379,333.5426,0,646.8134,0,5.684342e-14,1.582068e-15,4.263256e-14
naive,2026-01-23 23:45:00,1823,23.75,23.4235,2974.358,96.31922,8.478414,34.31516,1,1,2082.051,2081.733,996.8179,428.4096,1425.227,3,90.37847,1.723501,33.12551,800,500,0,324.9685,0.1624843,0.1259371,0.3172331,0,250,0.3172331,1084.916,25.59317,59.50407,5.940747,6.754913,8.721992,37.47691,19.52848,17.94843,449.4754,0,853.9088,0,-1.705303e-13,1.24345e-13,4.263256e-14
naive,2026-01-24 00:00:00,1824,0,23.17702,2981.427,112.2849,15.17916,28.64753,1,1,2086.999,2086.682,533.5756,294.4205,827.9961,2,0,0,27.99608,800,0,97.33444,300.5837,0.1502919,0.2046279,0.3172331,0,250,0.3172331,1553.106,21.68531,59.7633,22.78582,7.34382,6.962216,37.56598,27.95591,9.610071,323.5977,0,631.9353,0,5.684342e-14,9.148238e-14,4.263256e-14
naive,2026-01-24 00:15:00,1825,0.25,22.8585,3012.843,82.36001,14.42619,23.15964,1,1,2108.99,2108.673,532.9089,294.1266,827.0354,2,0,0,27.03544,800,0,95.86982,276.569,0.1382845,0.1892732,0.3172331,0,250,0.3172331,1575.764,21.0101,60.0983,0,10.95799,2.149536,37.96182,28.36375,9.59807,322.8651,0,597.0221,0,-5.684342e-14,-1.094125e-13,4.263256e-14
naive,2026-01-24 00:30:00,1826,0.5,22.48836,3018.868,78.73625,2.690766,16.70584,1,1,2113.208,2112.891,528.1676,292.0364,820.204,2,0,0,20.20398,800,0,95.54823,252.6384,0.1263192,0.1741514,0.3172331,0,250,0.3172331,1584.723,15.76098,60.48759,0,0.08474216,0.9448543,38.03774,28.52501,9.512727,320.725,0,573.5475,0,-5.684342e-14,-1.140754e-14,4.263256e-14
naive,2026-01-24 00:45:00,1827,0.75,22.36277,3060.772,89.57557,0,15.74531,1,1,2142.541,2142.223,527.3017,291.6546,818.9563,2,0,0,18.95627,800,0,89.94686,230.1119,0.1150559,0.1590827,0.3172331,0,250,0.3172331,1614.922,14.8067,60.61968,1.470581,0,0.9386082,38.56573,29.06859,9.49714,320.8853,0,576.1102,0,5.684342e-14,6.281087e-14,4.263256e-14
naive,2026-01-24 01:00:00,1828,1,22.30849,3012.035,90.36312,0,12.573,1,1,2108.424,2108.107,524.849,290.5734,815.4224,2,0,0,15.42241,800,0,105.1422,203.7901,0.1018951,0.1448981,0.3172331,0,250,0.3172331,1583.258,12.05311,60.67677,0,0,0.5198856,37.95164,28.49865,9.452993,319.1617,0,570.0621,0,5.684342e-14,5.784262e-14,4.263256e-14
naive,2026-01-24 01:15:00,1829,1.25,21.96572,3005.663,87.86178,0,16.01084,1,1,2103.964,2103.647,589.1905,309.3337,898.5242,2,80.73842,3.43094,14.35487,800,0,15.03218,200,0.1,0.1283237,0.3172331,0,250,0.3172331,1514.456,11.25815,61.03728,0,0,4.752691,37.87135,27.26021,10.61114,337.4086,0,606.1503,0,0,-6.938894e-16,4.263256e-14
naive,2026-01-24 01:30:00,1830,1.5,21.7596,3025.615,116.0682,0,20.07473,1,1,2117.93,2117.613,993.9484,427.1889,1421.137,3,90.00585,9.006035,22.12537,800,500,0,324.9685,0.1624843,0.1259371,0.3172331,0,250,0.3172331,1123.665,17.38884,61.25407,26.06233,0,2.685893,38.12275,20.22597,17.89678,447.8735,0,871.7937,0,-1.705303e-13,1.24345e-13,4.263256e-14
naive,2026-01-24 01:45:00,1831,1.75,21.59873,3025.182,128.4345,0,29.47304,1,1,2117.627,2117.31,532.7811,294.0702,826.8513,2,0,0,26.85126,800,0,89.568,302.5254,0.1512627,0.2046279,0.3172331,0,250,0.3172331,1584.529,21.13758,61.42325,40.80696,0,8.335461,38.11729,28.52152,9.595769,324.0107,0,649.3123,0,0,7.727152e-14,4.263256e-14
naive,2026-01-24 02:00:00,1832,2,21.36202,2957.754,123.8733,0,28.51855,1,1,2070.428,2070.111,531.5218,293.5151,825.0368,2,0,0,25.03685,800,0,83.13078,281.695,0.1408475,0.1904958,0.3172331,0,250,0.3172331,1538.589,19.75667,61.67221,42.20037,0,8.761872,37.2677,27.6946,9.573102,322.6947,0,648.8037,0,5.684342e-14,4.449219e-14,4.263256e-14
naive,2026-01-24 02:15:00,1833,2.25,21.09153,2978.801,130.1421,0,24.4854,1,1,2085.161,2084.844,532.8139,294.0847,826.8986,2,0,0,26.89864,800,0,79.54036,261.7656,0.1308828,0.1773792,0.3172331,0,250,0.3172331,1552.03,21.28403,61.95671,54.8582,0,3.201368,37.5329,27.93654,9.596361,322.5611,0,670.0513,0,-5.684342e-14,9.489631e-14,4.263256e-14
naive,2026-01-24 02:30:00,1834,2.5,20.88024,2976.324,120.1659,1.46636,21.17257,1,1,2083.427,2083.11,534.9075,295.0076,829.9152,2,0,0,29.91517,800,0,96.27414,237.6559,0.1188279,0.16483,0.3172331,0,250,0.3172331,1548.202,23.72148,62.17893,25.5255,0,0,37.50168,27.86764,9.634046,322.8753,0,619.8308,0,5.684342e-14,2.012279e-14,4.263256e-14
naive,2026-01-24 02:45:00,1835,2.75,20.47509,3047.15,110.1307,5.213411,22.41996,1,1,2133.005,2132.688,536.1044,295.5353,831.6397,2,0,0,31.63968,800,0,100.0407,212.6083,0.1063041,0.1496484,0.3172331,0,250,0.3172331,1596.583,25.19149,62.60504,13.87086,1.432578,0,38.39409,28.7385,9.655589,324.2738,0,604.5153,0,-5.684342e-14,3.977374e-14,4.263256e-14
naive,2026-01-24 03:00:00,1836,3,20.33315,3041.861,125.6829,1.492005,13.60461,1,1,2129.303,2128.985,569.6846,305.5795,875.2641,2,40.01072,3.951426,31.30191,800,0,50.29926,200,0.1,0.1338763,0.3172331,0,250,0.3172331,1559.301,24.9581,62.75432,35.37295,0,0,38.32745,28.06741,10.26003,333.6469,0,657.7135,0,0,1.276756e-15,4.263256e-14
naive,2026-01-24 03:15:00,1837,3.25,20.17271,3057.665,140.9831,0,10.5713,1,1,2140.366,2140.049,988.3944,426.3336,1414.728,3,76.61303,4.782443,33.33262,800,500,0,324.9685,0.1624843,0.1259371,0.3172331,0,250,0.3172331,1151.654,26.62004,62.92306,64.37007,0,0,38.52658,20.72977,17.79681,447.0634,0,934.3768,0,0,1.24345e-13,4.263256e-14
naive,2026-01-24 03:30:00,1838,3.5,20.33856,3031.241,119.9959,2.829555,12.61439,1,1,2121.868,2121.551,535.4562,295.2495,830.7057,2,0,0,30.7057,800,0,83.89377,303.9439,0.151972,0.2046279,0.3172331,0,250,0.3172331,1586.095,24.4814,62.74863,37.58298,1.348695,0,38.19363,28.54971,9.643921,323.7992,0,644.1634,0,0,1.056932e-13,4.263256e-14
naive,2026-01-24 03:45:00,1839,3.75,20.35962,3051.404,148.4326,0,12.5735,1,1,2135.983,2135.666,528.0803,291.9979,820.0782,2,0,0,20.07818,800,0,101.5967,278.4969,0.1392485,0.191389,0.3172331,0,250,0.3172331,1607.586,16.00478,62.72649,47.26276,0,0,38.4477,28.93654,9.511156,320.9344,0,652.8298,0,0,3.716472e-14,4.263256e-14
naive,2026-01-24 04:00:00,1840,4,20.22551,2983.464,184.2049,0.65211,8.28031,1,1,2088.424,2088.107,527.1374,291.5822,818.7196,2,0,0,18.71961,800,0,126.9644,246.712,0.123356,0.1753654,0.3172331,0,250,0.3172331,1560.97,14.94191,62.86753,57.73503,0.157541,0,37.59164,28.09746,9.494183,319.6797,0,668.498,0,0,1.970646e-14,4.263256e-14
naive,2026-01-24 04:15:00,1841,4.25,20.1497,2973.627,205.8457,2.123258,16.39772,1,1,2081.539,2081.221,523.6977,290.0658,813.7635,2,0,0,13.76353,800,0,147.4662,209.8066,0.1049033,0.1553509,0.3172331,0,250,0.3172331,1557.524,10.99434,62.94727,58.78531,1.717433,5.403382,37.4677,28.03543,9.432269,318.9968,0,671.5452,0,5.684342e-14,-4.67959e-14,4.263256e-14
naive,2026-01-24 04:30:00,1842,4.5,20.31212,2982.786,208.1602,0,17.87953,1,1,2087.95,2087.633,643.0677,324.092,967.1597,2,156.3395,0.319937,10.50028,800,0,39.09421,200,0.1,0.1321121,0.3172331,0,250,0.3172331,1444.565,8.374007,62.77644,12.72645,0,9.505523,37.5831,26.00217,11.58093,351.6743,0,654.6782,0,0,3.552714e-15,4.263256e-14
naive,2026-01-24 04:45:00,1843,4.75,20.47126,2961.732,256.4624,0,19.2218,1,1,2073.212,2072.895,1097.864,455.4805,1553.345,4,237.2794,3.109276,12.95592,800,500,0,324.9685,0.1624843,0.1259371,0.3172331,0,250,0.3172331,975.0311,10.31589,62.60907,19.18306,0,8.905906,37.31782,17.55056,19.76726,474.5159,0,911.6873,0,5.684342e-14,1.24345e-13,4.263256e-14
naive,2026-01-24 05:00:00,1844,5,20.45716,3009.875,296.3235,0,21.59122,1,1,2106.912,2106.595,528.5569,292.208,820.7649,2,0,0,20.76491,800,0,288.5449,252.7811,0.1263906,0.2046279,0.3172331,0,250,0.3172331,1578.038,16.53599,62.6239,13.41012,0,5.05523,37.92442,28.40469,9.519735,321.4553,0,595.5911,0,5.684342e-14,-6.483702e-14,4.263256e-14
naive,2026-01-24 05:15:00,1845,5.25,20.41685,3026.547,378.2006,0,21.62387,1,1,2118.583,2118.266,638.0377,323.7103,961.748,2,140.9073,0.1844139,20.65633,800,0,210.9653,200,0.1,0.1591726,0.3172331,0,250,0.3172331,1480.228,16.45618,62.66629,26.32799,0,5.167686,38.13449,26.6441,11.49039,351.2151,0,677.3464,0,-5.684342e-14,4.218847e-15,4.263256e-14
naive,2026-01-24 05:30:00,1846,5.5,20.22062,3082.124,448.0903,0,22.50163,1,1,2157.487,2157.17,1250.391,499.441,1749.832,4,432.9859,0.07469958,16.77169,800,500,0,324.9685,0.1624843,0.1259371,0.3172331,0,250,0.3172331,906.7784,13.38775,62.87268,15.10434,0,9.113876,38.83477,16.32201,22.51275,517.2755,0,989.8742,0,5.684342e-14,1.24345e-13,4.263256e-14
naive,2026-01-24 05:45:00,1847,5.75,20.18752,3053.43,524.6224,0,28.27944,1,1,2137.401,2137.084,532.8074,292.6029,825.4103,2,12.43259,0.1212608,12.85646,800,0,499.6694,200,0.1,0.2046279,0.3172331,0,250,0.3172331,1604.276,10.26588,62.90749,12.52035,0,18.01356,38.47322,28.87697,9.596244,324.4675,0,599.7616,0,-5.684342e-14,-7.993606e-15,4.263256e-14
naive,2026-01-24 06:00:00,1848,6,20.19054,3047.095,591.8526,0,22.82426,1,1,2132.967,2132.649,1369.42,533.2628,1902.683,4,589.7781,1.245903,11.65873,800,500,0,324.9685,0.1624843,0.1259371,0.3172331,0,250,0.3172331,763.2293,9.309212,62.90431,2.074467,0,13.51505,38.3934,13.73813,24.65527,549.2426,0,1031.296,0,2.273737e-13,1.24345e-13,4.263256e-14
naive,2026-01-24 06:15:00,1849,6.25,20.13503,3081.011,667.4081,0,23.0787,1,1,2156.708,2156.391,662.4826,330.5076,992.9902,2,174.3576,0.7038788,17.92871,800,0,499.6694,200,0.1,0.2046279,0.3172331,0,250,0.3172331,1493.908,14.3236,62.9627,0,0,8.755102,38.82074,26.89034,11.9304,358.8486,0,646.8642,0,0,-7.993606e-15,4.263256e-14
naive,2026-01-24 06:30:00,1850,6.5,20.41616,3082.31,731.4191,0,19.74985,1,1,2157.617,2157.3,1453.136,546.864,2000,4,741.2433,3.185837,27.02054,728.5503,500,0,324.9685,0.1624843,0.1259371,0.3172331,0,250,0.3172331,704.1636,21.52648,57.0701,0,0,0,38.8371,12.67495,26.16216,559.539,0,1054.874,0,0,1.24345e-13,4.263256e-14
naive,2026-01-24 06:45:00,1851,6.75,20.23959,3119.085,751.7999,1.445213,23.39292,1,1,2183.36,2183.043,757.1254,358.745,1115.87,3,287.7231,0.9668532,27.18037,800,0,499.6694,200,0.1,0.2046279,0.3172331,0,250,0.3172331,1425.917,21.6922,62.85272,0,0.4783595,1.700716,39.30048,25.66651,13.63397,384.6938,0,699.5035,0,5.684342e-14,-7.993606e-15,4.263256e-14
naive,2026-01-24 07:00:00,1852,7,20.30706,3146.929,762.9031,0,27.52861,1,1,2202.85,2202.533,1459.495,540.5051,2000,4,787.8034,3.519228,29.09863,679.5788,500,0,324.9685,0.1624843,0.1259371,0.3172331,0,250,0.3172331,743.0382,23.20743,53.33145,0,0,4.321183,39.65131,13.37469,26.27662,554.598,0,1049.198,0,0,1.24345e-13,4.263256e-14
naive,2026-01-24 07:15:00,1853,7.25,20.45911,3138.044,742.0747,0,18.06562,1,1,2196.631,2196.313,749.0412,357.3488,1106.39,3,269.5001,6.020828,30.86915,800,0,499.6694,200,0.1,0.2046279,0.3172331,0,250,0.3172331,1447.272,24.58194,62.62185,0,0,0,39.53935,26.0509,13.48845,383.3997,0,696.3499,0,-5.684342e-14,-7.993606e-15,4.263256e-14
naive,2026-01-24 07:30:00,1854,7.5,20.62761,3155.643,725.9701,0,20.90248,1,1,2208.95,2208.633,1451.971,548.0288,2000,4,728.366,7.90656,33.19956,730.5279,500,0,324.9685,0.1624843,0.1259371,0.3172331,0,250,0.3172331,756.6617,26.39296,57.02193,0,0,0,39.7611,13.61991,26.14119,561.6487,0,1059.148,0,2.273737e-13,1.24345e-13,4.263256e-14
naive,2026-01-24 07:45:00,1855,7.75,20.97065,3183.359,669.6534,0,24.08925,1,1,2228.351,2228.034,676.8898,337.4827,1014.373,3,169.1144,8.373951,36.88424,800,0,499.6694,200,0.1,0.2046279,0.3172331,0,250,0.3172331,1551.144,29.22097,62.08383,0.8695479,0,0,40.11033,27.9206,12.18973,365.4033,0,662.4624,0,0,-7.993606e-15,4.263256e-14
naive,2026-01-24 08:00:00,1856,8,20.92175,3201.835,588.3351,175.6327,29.5094,1,1,2241.284,2240.967,1454.543,545.4569,2000,4,608.0968,370.6915,34.12296,487.0887,500,0,324.9685,0.1624843,0.1259371,0.3172331,0,250,0.3172331,786.424,27.04675,37.83173,0,0,2.46265,40.34312,14.15563,26.18749,560.0265,0,1077.492,0,0,1.24345e-13,4.263256e-14
naive,2026-01-24 08:15:00,1857,8.25,20.97204,3209.136,523.1519,179.2587,28.80646,1,1,2246.395,2246.078,811.1864,414.2963,1225.483,3,21.08862,369.8712,34.52277,800,0,499.6694,200,0.1,0.2046279,0.3172331,0,250,0.3172331,1434.891,27.34976,62.08237,2.393826,0,1.456703,40.43511,25.82805,14.60707,440.3694,0,815.0255,0,-5.684342e-14,-7.993606e-15,4.263256e-14
naive,2026-01-24 08:30:00,1858,8.5,21.14488,3211.757,439.7379,190.3352,34.29071,1,1,2248.23,2247.913,1432.352,567.6479,2000,4,440.1299,374.5743,36.12769,649.1681,500,0,324.9685,0.1624843,0.1259371,0.3172331,0,250,0.3172331,815.5609,28.57126,50.22986,0,0,5.719454,40.46814,14.6801,25.78805,583.2935,0,1110.078,0,-2.273737e-13,1.24345e-13,4.263256e-14
naive,2026-01-24 08:45:00,1859,8.75,21.33265,3224.005,357.6577,185.2441,33.75718,1,1,2256.803,2256.486,705.0735,370.0252,1075.099,3,0,234.2795,40.8192,800,0,499.6694,200,0.1,0.2046279,0.3172331,0,250,0.3172331,1551.412,32.22018,61.7031,8.68579,0,1.536997,40.62246,27.92542,12.69703,398.211,0,741.9889,0,-1.136868e-13,-7.993606e-15,4.263256e-14
naive,2026-01-24 09:00:00,1860,9,21.46265,3267.311,284.5065,180.2589,34.8725,1,1,2287.118,2286.801,1412.773,587.2273,2000,4,285.533,385.0892,47.49011,781.8876,500,0,324.9685,0.1624843,0.1259371,0.3172331,0,250,0.3172331,874.0279,37.4364,60.17248,0,0,0,41.16812,15.7325,25.43562,602.9598,0,1138.226,0,1.136868e-13,1.24345e-13,4.263256e-14
naive,2026-01-24 09:15:00,1861,9.25,21.55327,3332.331,246.7837,185.1823,31.66056,1,1,2332.632,2332.314,629.2668,336.6058,965.8726,2,0,111.9133,53.95933,800,0,499.6694,200,0.1,0.2046279,0.3172331,0,250,0.3172331,1703.048,42.49696,61.47107,14.05274,0,0,41.98737,30.65486,11.33251,367.2607,0,689.6074,0,-5.684342e-14,-7.993606e-15,4.263256e-14
naive,2026-01-24 09:30:00,1862,9.5,21.89249,3302.378,201.3045,197.8785,39.29156,1,1,2311.665,2311.347,1351.24,573.2568,1924.497,4,186.2063,379.3736,58.91728,800,500,0,324.9685,0.1624843,0.1259371,0.3172331,0,250,0.3172331,960.1071,46.24182,61.1143,15.09817,0,0,41.60996,17.28193,24.32804,590.5388,0,1138.368,0,0,1.24345e-13,4.263256e-14
naive,2026-01-24 09:45:00,1863,9.75,21.96104,3292.115,142.0149,200.2116,45.46348,1,1,2304.48,2304.163,582.9088,316.169,899.0778,2,0,35.53965,63.53813,800,0,499.6694,200,0.1,0.2046279,0.3172331,0,250,0.3172331,1721.254,49.8337,61.0422,0,0,0,41.48065,30.98258,10.49807,347.1516,0,625.6306,0,-5.684342e-14,-7.993606e-15,4.263256e-14
naive,2026-01-24 10:00:00,1864,10,22.09994,3308.273,115.6861,203.7711,47.57161,1,1,2315.791,2315.474,1319.153,566.4139,1885.566,4,124.8156,389.2065,71.54441,800,500,0,324.9685,0.1624843,0.1259371,0.3172331,0,250,0.3172331,996.3212,56.03362,60.89611,0,0,0,41.68424,17.93378,23.75046,584.3477,0,1100.187,0,0,1.24345e-13,4.263256e-14
naive,2026-01-24 10:15:00,1865,10.25,22.50724,3364.504,102.6126,209.1388,60.98916,1,1,2355.153,2354.835,574.9008,312.6387,887.5395,2,0,2.671663,84.86783,800,0,499.6694,200,0.1,0.2046279,0.3172331,0,250,0.3172331,1779.935,66.19199,60.46773,0,0,0,42.39275,32.03882,10.35393,344.6775,0,621.3288,0,0,-7.993606e-15,4.263256e-14
naive,2026-01-24 10:30:00,1866,10.5,22.95501,3355.856,65.80427,205.5007,75.67347,1,1,2349.099,2348.782,1326.935,571.452,1898.387,4,111.3042,397.5395,89.5431,800,500,0,324.9685,0.1624843,0.1259371,0.3172331,0,250,0.3172331,1021.847,69.51767,59.9968,0,0,6.155791,42.28379,18.39325,23.89054,590.9205,0,1114.345,0,-2.273737e-13,1.24345e-13,4.263256e-14
naive,2026-01-24 10:45:00,1867,10.75,23.29114,3430.518,86.295,205.9081,85.83906,1,1,2401.363,2401.045,593.7838,320.9632,914.747,2,0,9.264064,105.4829,800,0,499.6694,200,0.1,0.2046279,0.3172331,0,250,0.3172331,1807.262,81.60908,59.64327,0,0,4.229977,43.22453,32.53071,10.69382,354.2376,0,641.3765,0,-5.684342e-14,-7.993606e-15,4.263256e-14
naive,2026-01-24 11:00:00,1868,11,23.40333,3492.057,105.925,201.7939,89.42552,1,1,2444.44,2444.123,1346.258,580.2224,1926.481,4,109.1878,403.3513,113.9414,800,500,0,324.9685,0.1624843,0.1259371,0.3172331,0,250,0.3172331,1097.864,88.05091,59.52528,0,0,1.374619,43.99992,19.76156,24.23836,600.2262,0,1133.486,0,0,1.24345e-13,4.263256e-14
naive,2026-01-24 11:15:00,1869,11.25,23.52013,3429.019,89.77829,205.1918,96.98571,1,1,2400.314,2399.996,602.1767,324.6632,926.8399,2,0,0,126.8399,800,0,499.579,200.0226,0.1000113,0.2046279,0.3172331,0,250,0.3172331,1797.82,97.89998,59.40243,0,0,0,43.20564,32.36075,10.84489,357.024,0,647.2202,0,0,-7.993606e-15,4.263256e-14
naive,2026-01-24 11:30:00,1870,11.5,23.63357,3456.508,106.0481,207.0388,107.6965,1,1,2419.555,2419.238,1352.081,584.6763,1936.758,4,93.32774,406.1437,137.2862,800,500,0,324.9911,0.1624956,0.1259513,0.3172331,0,250,0.3172331,1067.157,105.8382,59.28313,12.72038,0,1.858281,43.55199,19.20882,24.34317,604.214,0,1163.677,0,0,-2.858824e-15,4.263256e-14
naive,2026-01-24 11:45:00,1871,11.75,23.71815,3478.739,110.0189,209.1253,112.9808,1,1,2435.118,2434.8,622.4308,333.5922,956.0231,2,0,5.129607,150.8935,800,0,499.7599,200,0.1,0.2046422,0.3172331,0,250,0.3172331,1812.369,116.2264,59.19416,12.50541,0,0,43.83212,32.62265,11.20947,366.2149,0,687.4081,0,5.684342e-14,-2.439715e-14,4.263256e-14
naive,2026-01-24 12:00:00,1872,12,23.89731,3472.998,109.1513,207.5514,121.2369,1,1,2431.099,2430.782,1394.919,600.3513,1995.27,4,120.3113,411.9309,163.028,800,500,0,324.9685,0.1624843,0.1259371,0.3172331,0,250,0.3172331,1035.863,125.3395,59.00573,0,0,0,43.75978,18.64553,25.11425,618.9968,0,1171.612,0,1.136868e-13,1.24345e-13,4.263256e-14
naive,2026-01-24 12:15:00,1873,12.25,24.2945,3434.475,93.26336,211.9673,129.1809,1,1,2404.132,2403.815,663.6938,351.783,1015.477,3,0,35.89637,179.5804,800,0,499.6694,200,0.1,0.2046279,0.3172331,0,250,0.3172331,1740.121,137.4946,58.58799,0,0,0,43.27438,31.32218,11.9522,383.1051,0,700.2988,0,0,-7.993606e-15,4.263256e-14
naive,2026-01-24 12:30:00,1874,12.5,24.5499,3457.301,119.8631,207.9223,139.4548,1,1,2420.111,2419.794,1400.214,599.7861,2000,4,121.561,418.4542,197.1607,762.8241,500,0,324.9685,0.1624843,0.1259371,0.3172331,0,250,0.3172331,1019.58,150.552,55.60928,0,0,0,43.562,18.35244,25.20956,618.1386,0,1173.717,0,2.273737e-13,1.24345e-13,4.263256e-14
naive,2026-01-24 12:45:00,1875,12.75,24.67372,3459.783,117.8477,211.4421,151.9569,1,1,2421.848,2421.531,680.0432,358.9906,1039.034,3,0,29.69748,209.3363,800,0,499.6694,200,0.1,0.2046279,0.3172331,0,250,0.3172331,1741.488,159.642,58.18915,4.520289,0,0,43.59327,31.34678,12.24649,390.3374,0,723.0094,0,-1.136868e-13,-7.993606e-15,4.263256e-14
naive,2026-01-24 13:00:00,1876,13,24.79123,3500.965,101.5164,218.2701,155.8241,1,1,2450.675,2450.358,1401.112,598.8877,2000,4,119.5104,415.0649,223.392,742.0327,500,0,324.9685,0.1624843,0.1259371,0.3172331,0,250,0.3172331,1049.246,170.151,53.85818,0,0,0,44.11215,18.88642,25.22573,617.7742,0,1174.958,0,0,1.24345e-13,4.263256e-14
naive,2026-01-24 13:15:00,1877,13.25,24.85269,3518.858,111.3533,213.0275,162.5625,1,1,2463.201,2462.884,695.4864,365.7987,1061.285,3,0,28.40839,232.8768,800,0,499.6694,200,0.1,0.2046279,0.3172331,0,250,0.3172331,1767.397,177.2608,58.00092,0,0,0,44.33762,31.81315,12.52447,397.6119,0,729.9727,0,1.136868e-13,-7.993606e-15,4.263256e-14
naive,2026-01-24 13:30:00,1878,13.5,25.21937,3495.507,108.8724,213.4125,169.0551,1,1,2446.855,2446.538,1400.83,599.1703,2000,4,112.1773,410.4353,241.6415,735.7459,500,0,324.9685,0.1624843,0.1259371,0.3172331,0,250,0.3172331,1045.708,183.2235,52.98774,0,0,0,446.8432,190.9666,255.8766,790.1369,0,1520.663,0,0,1.24345e-13,4.263256e-14
naive,2026-01-24 13:45:00,1879,13.75,25.15656,3547.628,93.62872,206.437,168.3791,1,1,2483.34,2483.022,708.942,371.7306,1080.673,3,0,26.10528,254.5673,800,0,499.6694,200,0.1,0.2046279,0.3172331,0,250,0.3172331,1774.08,193.1523,57.68133,0,0,0,452.9345,323.5732,129.3613,695.3038,0,1325.716,0,0,-7.993606e-15,4.263256e-14
naive,2026-01-24 14:00:00,1880,14,25.38727,3585.159,105.3371,204.7124,177.1211,1,1,2509.611,2509.294,1400.74,599.2598,2000,4,103.7104,410.1752,262.2393,723.8752,500,0,324.9685,0.1624843,0.1259371,0.3172331,0,250,0.3172331,1108.554,198.4894,51.97304,1.626778,0,0,459.8547,203.1286,256.7262,802.3883,0,1549.113,0,-2.273737e-13,1.24345e-13,4.263256e-14
naive,2026-01-24 14:15:00,1881,14.25,25.38537,3605.331,109.2032,209.0945,179.476,1,1,2523.732,2523.414,702.2801,368.7937,1071.074,3,0,7.226461,263.8474,800,0,499.6694,200,0.1,0.2046279,0.3172331,0,250,0.3172331,1821.134,199.7106,57.44068,10.49957,0,0,462.4244,333.6872,128.7372,702.4809,0,1358.453,0,1.705303e-13,-7.993606e-15,4.263256e-14
naive,2026-01-24 14:30:00,1882,14.5,25.42561,3584.31,80.55194,202.8695,184.8076,1,1,2509.017,2508.7,1401.556,598.4436,2000,4,108.7665,406.1057,269.0171,716.1107,500,0,324.9685,0.1624843,0.1259371,0.3172331,0,250,0.3172331,1107.143,203.537,51.37947,0,0,0,460.1014,203.027,257.0744,801.4706,0,1545.139,0,0,1.24345e-13,4.263256e-14
naive,2026-01-24 14:45:00,1883,14.75,25.40124,3586.827,88.18302,199.9037,188.9649,1,1,2510.779,2510.461,714.2861,374.0865,1088.373,3,0,6.944648,281.428,800,0,499.6694,200,0.1,0.2046279,0.3172331,0,250,0.3172331,1796.175,212.9819,57.42399,0,0,0,460.1982,329.2192,130.9789,703.3058,0,1342.01,0,-5.684342e-14,-7.993606e-15,4.263256e-14
naive,2026-01-24 15:00:00,1884,15,25.68692,3566.025,101.691,191.5725,188.844,1,1,2496.218,2495.9,1399.862,600.1382,2000,4,89.03004,402.0411,291.5503,717.3786,500,0,324.9685,0.1624843,0.1259371,0.3172331,0,250,0.3172331,1096.039,219.976,51.22399,12.66093,0,0,460.1799,202.0557,258.1242,802.1939,0,1568.601,0,-2.273737e-13,1.24345e-13,4.263256e-14
naive,2026-01-24 15:15:00,1885,15.25,25.82266,3530.554,120.7729,190.4517,191.6473,1,1,2471.388,2471.071,717.7569,375.6167,1093.374,3,0,0,293.3736,800,0,486.592,203.2694,0.1016347,0.2046279,0.3172331,0,250,0.3172331,1753.314,221.0332,56.98076,31.63773,0,0,456.8601,324.1171,132.743,699.7337,0,1389.939,0,-1.136868e-13,-7.993606e-15,4.263256e-14
naive,2026-01-24 15:30:00,1886,15.5,26.31303,3466.462,141.6386,198.0763,200.7481,1,1,2426.523,2426.206,1056.782,514.8319,1571.614,4,86.10966,393.9574,291.5467,800,0,12.94946,200,0.1,0.1279957,0.3172331,0,250,0.3172331,1369.424,218.513,56.46502,42.57948,0,0,453.0843,255.7011,197.3832,770.533,0,1550.992,0,0,2.220446e-16,4.263256e-14
naive,2026-01-24 15:45:00,1887,15.75,26.29332,3465.072,148.1817,203.0978,198.2598,1,1,2425.55,2425.233,1400.854,599.1465,2000,4,100.4247,387.2094,295.9787,716.3872,500,0,324.9685,0.1624843,0.1259371,0.3172331,0,250,0.3172331,1024.379,221.8814,50.58208,47.757,0,0,452.7193,191.1964,261.523,790.3429,0,1606.162,0,0,1.24345e-13,4.263256e-14
naive,2026-01-24 16:00:00,1888,16,26.25449,3404.763,162.3737,204.1766,200.4375,1,1,2383.334,2383.017,731.4529,381.6545,1113.107,3,0,16.72706,296.3804,800,0,499.6694,200,0.1,0.2046279,0.3172331,0,250,0.3172331,1651.564,222.2746,56.52658,34.78715,0,0,444.4856,308.0124,136.4732,689.6669,0,1375.749,0,0,-7.993606e-15,4.263256e-14
naive,2026-01-24 16:15:00,1889,16.25,26.42279,3419.448,162.6359,195.1858,187.146,1,1,2393.614,2393.296,1407.623,592.3765,2000,4,151.5385,394.8085,286.9197,666.7333,500,0,324.9685,0.1624843,0.1259371,0.3172331,0,250,0.3172331,985.673,214.7931,46.96268,11.0974,0,0,447.9492,184.4623,263.4869,776.8388,0,1519.988,0,0,1.24345e-13,4.263256e-14
naive,2026-01-24 16:30:00,1890,16.5,26.57184,3376.353,189.0562,193.2142,191.3517,1,1,2363.447,2363.13,765.2201,396.5407,1161.761,3,0,83.51032,278.2504,800,0,499.6694,200,0.1,0.2046279,0.3172331,0,250,0.3172331,1597.91,207.9714,56.19281,5.235949,0,0,443.6651,299.9588,143.7063,696.4996,0,1338.814,0,0,-7.993606e-15,4.263256e-14
naive,2026-01-24 16:45:00,1891,16.75,26.59532,3377.163,214.3972,196.6199,190.9242,1,1,2364.014,2363.697,1418.041,581.959,2000,4,238.9456,387.1415,269.5141,604.3989,500,0,324.9685,0.1624843,0.1259371,0.3172331,0,250,0.3172331,945.6559,201.391,42.43493,0,0,0,443.9868,177.6042,266.3827,759.5631,0,1471.387,0,0,1.24345e-13,4.263256e-14
naive,2026-01-24 17:00:00,1892,17,26.37833,3361.63,270.986,197.1127,180.7785,1,1,2353.141,2352.824,794.3825,409.397,1203.78,3,0,142.2298,261.5498,800,0,499.6694,200,0.1,0.2046279,0.3172331,0,250,0.3172331,1558.441,195.8938,56.39634,15.05884,0,0,439.9723,291.3854,148.5869,700.7824,0,1364.095,0,-1.136868e-13,-7.993606e-15,4.263256e-14
naive,2026-01-24 17:15:00,1893,17.25,26.60066,3324.146,335.1666,194.8923,164.6288,1,1,2326.902,2326.585,1424.988,575.0124,2000,4,301.3797,376.9742,252.1411,569.505,500,0,324.9685,0.1624843,0.1259371,0.3172331,0,250,0.3172331,901.5973,188.3985,39.98103,33.78691,0,0,437.065,169.3482,267.7168,744.3605,0,1502.025,0,0,1.24345e-13,4.263256e-14
naive,2026-01-24 17:30:00,1894,17.5,26.691,3293.058,376.2175,196.5762,164.6752,1,1,2305.141,2304.824,846.6501,432.4391,1279.089,3,0,237.2939,241.7952,800,0,499.6694,200,0.1,0.2046279,0.3172331,0,250,0.3172331,1458.174,180.4934,56.06749,12.24557,0,0,433.7872,274.4027,159.3844,706.8418,0,1371.731,0,-5.684342e-14,-7.993606e-15,4.263256e-14
naive,2026-01-24 17:45:00,1895,17.75,26.74289,3275.681,403.4676,186.8418,154.8808,1,1,2292.976,2292.659,1440.204,559.7964,2000,4,424.4219,370.9934,233.5618,471.023,500,0,324.9685,0.1624843,0.1259371,0.3172331,0,250,0.3172331,852.4556,174.2504,32.97921,0,0,0,431.9621,160.5897,271.3723,720.3862,0,1403.671,0,-1.136868e-13,1.24345e-13,4.263256e-14
naive,2026-01-24 18:00:00,1896,18,26.64981,3309.338,477.4118,1.92243,152.9988,1,1,2316.536,2316.219,667.1868,353.3229,1020.51,3,0,0,220.5097,800,0,479.6412,205.0071,0.1025035,0.2046279,0.3172331,0,250,0.3172331,1649.032,164.6769,56.1108,0,1.597123,0,435.5603,310.0547,125.5056,663.3776,0,1266.386,0,0,-6.483702e-14,4.263256e-14
naive,2026-01-24 18:15:00,1897,18.25,26.70326,3305.053,556.7238,3.788772,146.8734,1,1,2313.537,2313.22,1058.04,464.1038,1522.143,4,517.2052,0.3557158,204.5825,800,0,19.89919,200,0.1,0.1290899,0.3172331,0,250,0.3172331,1255.18,152.6951,56.05459,19.61944,3.433056,0,435.4777,236.2629,199.2148,700.3666,0,1377.437,0,1.136868e-13,-1.665335e-15,4.263256e-14
naive,2026-01-24 18:30:00,1898,18.5,26.58429,3281.986,608.5379,0,131.0012,1,1,2297.39,2297.073,1442.044,557.9562,2000,4,594.2529,0.9728483,196.5454,708.2289,500,0,324.9685,0.1624843,0.1259371,0.3172331,0,250,0.3172331,855.0293,146.8834,49.73512,14.28503,0,0,431.3758,160.5469,270.8289,718.5032,0,1405.696,0,1.136868e-13,1.24345e-13,4.263256e-14
naive,2026-01-24 18:45:00,1899,18.75,26.53012,3287.208,637.8144,0,117.7189,1,1,2301.046,2300.729,757.8171,376.4029,1134.22,3,141.8493,4.684297,187.6864,800,0,499.6694,200,0.1,0.2046279,0.3172331,0,250,0.3172331,1542.912,140.3442,56.2367,0,0,0,431.5793,289.3852,142.1941,665.7881,0,1268.31,0,-5.684342e-14,-7.993606e-15,4.263256e-14
naive,2026-01-24 19:00:00,1900,19,26.43126,3238.717,690.8075,4.064377,109.1371,1,0,2267.102,2266.785,1455.479,544.521,2000,4,703.0069,4.654428,170.8877,621.4509,500,0,324.9685,0.1624843,0.1259371,0.3172331,0,250,0.3172331,811.3055,127.918,43.7662,0,0,0,424.3474,151.857,272.4903,696.378,0,1343.519,0,0,1.24345e-13,4.263256e-14
naive,2026-01-24 19:15:00,1901,19.25,26.50677,3188.067,704.5309,5.243665,108.2001,1,0,2231.647,2231.33,801.6044,385.8518,1187.456,3,224.6905,10.13367,152.632,800,0,499.6694,200,0.1,0.2046279,0.3172331,0,250,0.3172331,1429.725,114.1605,56.26125,0,0,0,418.3614,268.0271,150.3343,653.8789,0,1244.464,0,0,-7.993606e-15,4.263256e-14
naive,2026-01-24 19:30:00,1902,19.5,26.34143,3159.988,718.1583,0,100.0663,0,0,2211.991,2211.674,1457.536,542.4642,2000,4,732.0709,6.365763,133.4375,628.1258,500,0,324.9685,0.1624843,0.1259371,0.3172331,0,250,0.3172331,754.1384,99.98053,44.31046,0,0,0.08579769,413.2677,140.8961,272.3716,0,683.3763,3708.721,0,0,1.24345e-13,4.263256e-14
naive,2026-01-24 19:45:00,1903,19.75,26.18008,3182.445,710.1527,0,88.1301,0,0,2227.711,2227.394,779.0376,375.7048,1154.742,3,226.3586,5.615893,122.7679,800,0,499.6694,200,0.1,0.2046279,0.3172331,0,250,0.3172331,1448.357,92.14458,56.60484,0,0,0,414.8291,269.703,145.1261,0,645.4078,3486.062,0,0,-7.993606e-15,4.263256e-14
naive,2026-01-24 20:00:00,1904,20,26.19534,3164.776,699.1518,0,74.21119,0,0,2215.343,2215.026,1453.724,546.2765,2000,4,711.1911,9.257543,110.7574,668.794,500,0,324.9685,0.1624843,0.1259371,0.3172331,0,250,0.3172331,761.3023,83.11649,47.3078,0,0,0,412.6549,141.8088,270.8461,0,688.0853,3731.248,0,0,1.24345e-13,4.263256e-14
naive,2026-01-24 20:15:00,1905,20.25,26.08215,3158.208,641.3585,0,65.34797,0,0,2210.746,2210.428,710.0945,353.0709,1063.165,3,161.1295,3.047688,98.98819,800,0,499.6694,200,0.1,0.2046279,0.3172331,0,250,0.3172331,1500.334,74.37407,56.70784,0,0,0,410.8456,278.8225,132.0231,0,631.8934,3411.617,0,0,-7.993606e-15,4.263256e-14
naive,2026-01-24 20:30:00,1906,20.5,25.92504,3150.644,614.3803,3.037813,62.93461,0,0,2205.451,2205.134,1437.901,562.0992,2000,4,601.1288,7.239775,91.67341,799.958,500,0,324.9685,0.1624843,0.1259371,0.3172331,0,250,0.3172331,767.2329,68.99338,56.8701,13.25151,0,0,408.5496,142.1263,266.4232,0,704.2255,3832.12,0,0,1.24345e-13,4.263256e-14
naive,2026-01-24 20:45:00,1907,20.75,25.72842,3129.111,560.4458,6.513524,57.44666,0,0,2190.378,2190.06,615.4733,325.1998,940.6731,2,44.76547,9.408788,86.49883,800,0,499.6694,200,0.1,0.2046279,0.3172331,0,250,0.3172331,1574.587,65.23505,57.07987,16.01089,0,0,404.1381,290.521,113.6171,0,615.7207,3349.868,0,-5.684342e-14,-7.993606e-15,4.263256e-14
naive,2026-01-24 21:00:00,1908,21,25.6772,3151.212,527.0633,11.47937,46.39061,0,0,2205.848,2205.531,1329.739,528.8032,1858.542,4,480.2128,6.244442,72.08467,800,500,0,324.9685,0.1624843,0.1259371,0.3172331,0,250,0.3172331,875.7925,54.39383,57.13374,46.85049,5.234931,0,406.57,161.4213,245.1487,0,690.2245,3821.806,0,0,1.24345e-13,4.263256e-14
naive,2026-01-24 21:15:00,1909,21.25,25.40668,3154.009,440.5032,2.095577,44.36432,0,0,2207.806,2207.489,561.8173,306.8708,868.6881,2,0,0,68.68809,800,0,438.6681,215.2503,0.1076252,0.2046279,0.3172331,0,250,0.3172331,1645.672,51.97947,57.41826,9.242214,0,0,404.7111,301.6667,103.0444,0,608.5375,3298.303,0,0,-6.483702e-14,4.263256e-14
naive,2026-01-24 21:30:00,1910,21.5,25.27482,3115.545,347.9219,6.03646,42.52282,0,0,2180.882,2180.565,808.7004,377.1543,1185.855,3,324.1009,5.522282,56.23149,800,0,60.86581,200,0.1,0.13554,0.3172331,0,250,0.3172331,1371.864,42.61231,57.55695,0,0.5141784,0,398.7154,250.8084,147.9071,0,627.9627,3389.93,0,-5.684342e-14,-5.273559e-16,4.263256e-14
naive,2026-01-24 21:45:00,1911,21.75,25.33717,3079.039,298.4657,0,40.05534,0,0,2155.327,2155.01,1199.692,488.2776,1687.969,4,338.9404,5.323684,43.70502,800,500,0,324.9685,0.1624843,0.1259371,0.3172331,0,250,0.3172331,955.3187,33.09793,57.49137,0,0,6.957414,394.5382,174.8735,219.6647,0,664.4247,3589.658,0,5.684342e-14,1.24345e-13,4.263256e-14
naive,2026-01-24 22:00:00,1912,22,25.17676,3072.905,235.4582,4.504888,37.26003,0,0,2151.034,2150.716,547.9925,300.7761,848.7686,2,0,0,48.76861,800,0,286.1867,253.3707,0.1266853,0.2046279,0.3172331,0,250,0.3172331,1602.724,36.99518,57.66008,0,0.7741807,0.2648514,392.4845,292.4382,100.0464,0,593.2626,3199.412,0,-5.684342e-14,-7.993606e-15,4.263256e-14
naive,2026-01-24 22:15:00,1913,22.25,24.85573,3045.103,204.1375,6.786875,33.74288,0,0,2131.572,2131.255,572.4725,308.0204,880.4929,2,29.82299,0.7007684,49.96917,800,0,213.3232,200,0.1,0.1595438,0.3172331,0,250,0.3172331,1558.783,38.03424,57.99772,0,6.086106,0,38.3683,28.05809,10.31022,0,336.0785,1793.683,0,0,4.940492e-15,4.263256e-14
naive,2026-01-24 22:30:00,1914,22.5,24.47718,3044.343,149.2101,12.83603,33.73256,0,0,2131.04,2130.723,1102.404,461.3091,1563.713,4,205.1085,5.542436,53.06251,800,500,0,324.9685,0.1624843,0.1259371,0.3172331,0,250,0.3172331,1028.318,40.54945,58.39586,0,7.293597,0,38.35872,18.50973,19.84899,0,479.8188,2585.89,0,5.684342e-14,1.24345e-13,4.263256e-14
naive,2026-01-24 22:45:00,1915,22.75,24.27244,3061.239,146.399,12.90184,32.31693,0,0,2142.868,2142.55,545.9035,299.8552,845.7588,2,0,0,45.75878,800,0,179.0362,280.1583,0.1400792,0.2046279,0.3172331,0,250,0.3172331,1596.647,35.04301,58.61119,0,4.20062,0,38.57162,28.73964,9.831974,0,328.5949,1748.58,0,5.684342e-14,-7.993606e-15,4.263256e-14
naive,2026-01-24 23:00:00,1916,23,23.88567,3057.084,132.3459,8.139032,21.70612,0,1,2139.959,2139.642,543.3765,298.7412,842.1177,2,0,0,42.11769,800,0,150.6266,242.4576,0.1212288,0.1764116,0.3172331,0,250,0.3172331,1596.265,32.38491,59.01798,0,1.602791,0,38.51926,28.73278,9.786487,0,327.474,1737.476,0,-5.684342e-14,2.062239e-14,4.263256e-14
naive,2026-01-24 23:15:00,1917,23.25,23.45157,3056.33,130.0647,7.648075,17.15831,0,1,2139.431,2139.114,541.5118,297.9192,839.431,2,0,0,39.43098,800,0,144.8908,206.1967,0.1030983,0.152672,0.3172331,0,250,0.3172331,1597.602,30.456,59.47454,0,0,0,38.50976,28.75683,9.752923,0,326.676,1729.809,0,5.684342e-14,-3.51108e-14,4.263256e-14
naive,2026-01-24 23:30:00,1918,23.5,23.128,3038.021,116.8002,9.644829,13.99334,1,1,2126.615,2126.298,611.6105,318.8,930.4106,2,84.24822,7.922433,38.23992,800,0,24.65694,200,0.1,0.129839,0.3172331,0,250,0.3172331,1514.687,29.63502,59.81486,7.89502,1.722395,0,38.27907,27.26437,11.0147,346.0644,0,641.4271,0,5.684342e-14,3.885781e-16,4.263256e-14
naive,2026-01-24 23:45:00,1919,23.75,22.76203,3015.117,90.14746,0,19.71318,1,1,2110.582,2110.265,1006.162,432.1712,1438.333,3,93.3853,5.490409,39.45755,800,500,0,324.9685,0.1624843,0.1259371,0.3172331,0,250,0.3172331,1104.103,30.69417,60.19976,0,0,0,37.99047,19.87385,18.11663,452.0451,0,836.3655,0,0,1.24345e-13,4.263256e-14
naive,2026-01-25 00:00:00,1920,0,22.65523,2990.894,105.4735,0,13.22068,1,1,2093.626,2093.309,537.1134,295.9801,833.0935,2,0,0,33.09351,800,0,113.8648,296.4512,0.1482256,0.2046279,0.3172331,0,250,0.3172331,1556.196,25.77184,60.31209,3.567351,0,0,37.68527,28.01152,9.673751,323.9916,0,586.2858,0,-5.684342e-14,-5.062617e-14,4.263256e-14
naive,2026-01-25 00:15:00,1921,0.25,22.24589,3028.89,119.0951,0,19.10051,1,1,2120.223,2119.905,534.0425,294.6263,828.6687,2,0,0,28.66875,800,0,96.31181,272.3265,0.1361633,0.186671,0.3172331,0,250,0.3172331,1585.863,22.4199,60.74261,32.36534,0,0,38.16401,28.54553,9.618474,323.1718,0,633.8384,0,0,7.621681e-14,4.263256e-14
naive,2026-01-25 00:30:00,1922,0.5,22.2366,3007.528,132.6349,1.35512,9.210704,1,1,2105.27,2104.952,528.6832,292.2637,820.9468,2,0,0,20.94684,800,0,87.71243,250.3556,0.1251778,0.17148,0.3172331,0,250,0.3172331,1576.269,16.38267,60.75238,47.65331,0,0,37.89485,28.37284,9.522008,320.6365,0,655.1285,0,5.684342e-14,-5.373479e-14,4.263256e-14
naive,2026-01-25 00:45:00,1923,0.75,21.92432,3011.318,113.9438,4.470437,15.9396,1,1,2107.922,2107.605,527.7609,291.8571,819.618,2,0,0,19.61797,800,0,89.56319,227.9254,0.1139627,0.1576452,0.3172331,0,250,0.3172331,1579.844,15.39236,61.08082,25.23891,3.612165,0.5472386,37.9426,28.4372,9.505406,320.388,0,621.8282,0,-5.684342e-14,-4.315992e-14,4.263256e-14
naive,2026-01-25 01:00:00,1924,1,21.73133,3014.779,110.2392,0,17.65609,1,1,2110.346,2110.028,525.0639,290.6681,815.7319,2,0,0,15.73194,800,0,97.15701,203.6002,0.1018001,0.1435213,0.3172331,0,250,0.3172331,1584.965,12.36765,61.2838,18.31717,0,5.288432,37.98622,28.52936,9.45686,320.1,0,602.8528,0,0,4.599099e-14,4.263256e-14
naive,2026-01-25 01:15:00,1925,1.25,21.61564,3025.672,113.6125,4.881303,11.38271,1,1,2117.971,2117.653,587.3171,308.9429,896.26,2,77.08084,1.590125,17.58904,800,0,14.27272,200,0.1,0.1282041,0.3172331,0,250,0.3172331,1530.336,13.84389,61.40547,22.25892,3.291178,0,38.12347,27.54605,10.57742,336.489,0,647.9707,0,0,-6.383782e-16,4.263256e-14
naive,2026-01-25 01:30:00,1926,1.5,21.44674,3014.84,100.4223,3.260018,16.94691,1,1,2110.388,2110.071,1003.001,429.4647,1432.466,3,104.4247,4.118115,23.92334,800,500,0,324.9685,0.1624843,0.1259371,0.3172331,0,250,0.3172331,1107.069,18.86179,61.58312,0,0,0,37.98698,19.92724,18.05974,449.3919,0,829.5029,0,1.705303e-13,1.24345e-13,4.263256e-14
naive,2026-01-25 01:45:00,1927,1.75,21.34947,2974.317,99.32259,5.047538,12.20832,1,1,2082.022,2081.705,536.8687,295.8723,832.741,2,0,0,32.741,800,0,110.9071,297.1906,0.1485953,0.2046279,0.3172331,0,250,0.3172331,1544.836,25.83934,61.68541,0,4.179653,0,37.4764,27.80705,9.669348,323.6793,0,585.1724,0,-1.136868e-13,4.884981e-14,4.263256e-14
naive,2026-01-25 02:00:00,1928,2,21.03682,3033.885,99.96636,5.807518,10.75547,1,1,2123.719,2123.402,535.8566,295.4261,831.2827,2,0,0,31.28269,800,0,105.5191,270.764,0.135382,0.1871365,0.3172331,0,250,0.3172331,1587.546,24.76667,62.01424,0,5.14993,0,38.22695,28.57582,9.651129,324.0019,0,587.1214,0,-5.684342e-14,-1.332268e-14,4.263256e-14
naive,2026-01-25 02:15:00,1929,2.25,20.56793,3005.534,111.707,0.9312731,5.278585,1,1,2103.873,2103.556,534.5002,294.8281,829.3283,2,0,0,29.32825,800,0,107.3483,243.8843,0.1219422,0.1704961,0.3172331,0,250,0.3172331,1569.056,23.32935,62.5074,6.296384,0,0,37.86972,28.24301,9.626713,323.0711,0,586.6826,0,1.136868e-13,1.881828e-14,4.263256e-14
naive,2026-01-25 02:30:00,1930,2.5,20.38243,3025.034,81.82258,0,8.208996,1,1,2117.524,2117.207,533.8476,294.5404,828.388,2,0,0,28.38805,800,0,110.2588,216.2812,0.1081406,0.1535704,0.3172331,0,250,0.3172331,1583.359,22.62359,62.70249,0,0,0,38.11543,28.50046,9.614968,323.0409,0,575.5414,0,5.684342e-14,-3.216871e-14,4.263256e-14
naive,2026-01-25 02:45:00,1931,2.75,20.01513,2999.383,108.3442,6.929209,11.32633,1,1,2099.568,2099.251,568.3107,305.1247,873.4354,2,38.74241,4.680561,30.01242,800,0,64.98867,200,0.1,0.1361891,0.3172331,0,250,0.3172331,1530.94,24.0063,63.0888,4.613082,2.248649,0,37.79222,27.55692,10.2353,332.6816,0,606.2248,0,0,-4.635181e-15,4.263256e-14
naive,2026-01-25 03:00:00,1932,3,19.80531,3023.069,108.1699,5.156473,15.67862,1,1,2116.148,2115.831,1005.92,430.1247,1436.045,3,109.6939,2.68861,23.66249,800,500,0,324.9685,0.1624843,0.1259371,0.3172331,0,250,0.3172331,1109.911,18.93,63.30948,0,2.467863,0,38.09067,19.97839,18.11228,450.103,0,833.24,0,-5.684342e-14,1.24345e-13,4.263256e-14
naive,2026-01-25 03:15:00,1933,3.25,19.80654,2999.538,110.7835,12.25534,13.73533,1,1,2099.676,2099.359,529.6869,292.7062,822.3931,2,0,0,22.39311,800,0,114.1053,296.391,0.1481955,0.2046279,0.3172331,0,250,0.3172331,1569.672,17.91449,63.30819,0,10.024,0,37.79418,28.2541,9.540075,320.9603,0,587.9902,0,-5.684342e-14,-7.904788e-14,4.263256e-14
naive,2026-01-25 03:30:00,1934,3.5,19.66956,3050.585,107.2954,2.478314,9.154262,1,1,2135.41,2135.092,529.8704,292.787,822.6574,2,0,0,22.65744,800,0,105.2806,270.0242,0.1350121,0.1866331,0.3172331,0,250,0.3172331,1605.222,18.12595,63.45225,4.258942,0.2341594,0,38.43737,28.89399,9.543377,321.681,0,579.7289,0,5.684342e-14,-2.012279e-14,4.263256e-14
naive,2026-01-25 03:45:00,1935,3.75,19.49422,3061.682,132.8117,0,9.175297,1,1,2143.178,2142.86,526.42,291.2659,817.6859,2,0,0,17.68589,800,0,127.3247,238.1505,0.1190753,0.1700303,0.3172331,0,250,0.3172331,1616.441,14.14871,63.63666,5.659879,0,0,38.5772,29.09593,9.48127,320.3619,0,578.8957,0,-1.136868e-13,-4.840572e-14,4.263256e-14
naive,2026-01-25 04:00:00,1936,4,19.26344,3020.528,153.8103,0,7.412679,1,1,2114.369,2114.052,528.6457,291.5778,820.2235,2,5.626919,0.5586815,14.03786,800,0,152.4521,200,0.1,0.1499599,0.3172331,0,250,0.3172331,1585.406,11.23029,63.87938,0,0,0,38.05865,28.53732,9.521333,320.1151,0,568.3658,0,5.684342e-14,2.498002e-16,4.263256e-14
naive,2026-01-25 04:15:00,1937,4.25,19.15738,3070.546,172.3315,1.90597,13.75846,1,1,2149.382,2149.065,1054.702,443.3553,1498.057,3,179.2522,1.330122,17.47467,800,500,0,324.9685,0.1624843,0.1259371,0.3172331,0,250,0.3172331,1094.363,13.97973,63.99093,0,0.5758485,0,38.68888,19.69854,18.99034,463.0538,0,855.1112,0,5.684342e-14,1.24345e-13,4.263256e-14
naive,2026-01-25 04:30:00,1938,4.5,19.08122,3022.531,213.8399,0.8793644,14.73455,1,1,2115.772,2115.454,525.9787,291.0714,817.0501,2,0,0,17.05009,800,0,202.4875,274.2955,0.1371477,0.2046279,0.3172331,0,250,0.3172331,1589.476,13.64007,64.07104,11.48039,0.7513897,1.094476,38.08389,28.61056,9.473327,319.8599,0,588.7397,0,0,-7.993606e-15,4.263256e-14
naive,2026-01-25 04:45:00,1939,4.75,18.83635,3024.438,241.8603,0,5.567498,1,1,2117.107,2116.79,527.4771,291.7319,819.209,2,0,0,19.20899,800,0,249.3953,211.9035,0.1059517,0.1727198,0.3172331,0,250,0.3172331,1589.313,15.36719,64.32858,0,0,0,38.10792,28.60763,9.500297,320.3396,0,568.3095,0,0,6.605827e-15,4.263256e-14
naive,2026-01-25 05:00:00,1940,5,18.85305,3063.861,305.7957,1.760227,13.01193,1,1,2144.703,2144.386,721.4286,348.3356,1069.764,3,242.9388,2.582185,24.24318,800,0,47.48045,200,0.1,0.1334325,0.3172331,0,250,0.3172331,1422.957,19.39454,64.31101,15.37639,0,0,38.60465,25.61323,12.99143,373.9488,0,702.072,0,-5.684342e-14,2.081668e-15,4.263256e-14
naive,2026-01-25 05:15:00,1941,5.25,18.70553,3059.693,355.5711,0,9.822896,1,1,2141.785,2141.468,1203.874,486.8437,1690.717,4,366.4928,0.08382448,24.14074,800,500,0,324.9685,0.1624843,0.1259371,0.3172331,0,250,0.3172331,937.594,19.31259,64.46617,0,0,0,38.55213,16.87669,21.67544,503.7204,0,934.9163,0,5.684342e-14,1.24345e-13,4.263256e-14
naive,2026-01-25 05:30:00,1942,5.5,18.74306,3100.214,427.1076,0,4.896988,1,1,2170.15,2169.832,530.0815,292.8801,822.9616,2,0,0,22.96165,800,0,441.4954,214.5435,0.1072718,0.2046279,0.3172331,0,250,0.3172331,1639.751,18.36932,64.4267,0,0,0,39.06269,29.51552,9.547178,322.3956,0,572.3112,0,5.684342e-14,-6.483702e-14,4.263256e-14
naive,2026-01-25 05:45:00,1943,5.75,18.70767,3103.679,536.1353,0,4.383281,1,1,2172.576,2172.258,889.7228,396.5689,1286.292,3,461.1565,0,25.13514,800,0,58.03896,200,0.1,0.1350949,0.3172331,0,250,0.3172331,1282.536,20.10812,64.46392,16.93983,0,0,39.10636,23.08564,16.02072,419.6546,0,796.0084,0,-1.136868e-13,-2.747802e-15,4.263256e-14
naive,2026-01-25 06:00:00,1944,6,18.87535,3092.816,602.9694,0,0,1,1,2164.971,2164.654,1376.365,536.1689,1912.534,4,591.085,0.5509797,20.89758,800,500,0,324.9685,0.1624843,0.1259371,0.3172331,0,250,0.3172331,788.2895,16.71806,64.28756,11.88444,0,0,38.96948,14.18921,24.78027,550.3581,0,1048.893,0,-1.136868e-13,1.24345e-13,4.263256e-14
naive,2026-01-25 06:15:00,1945,6.25,19.03832,3132.819,665.4469,0,5.427358,1,1,2192.973,2192.656,663.7517,331.4815,995.2331,2,170.8739,0.2932828,24.06598,800,0,499.6694,200,0.1,0.2046279,0.3172331,0,250,0.3172331,1528.905,19.25279,64.11615,0,0,0,39.47352,27.52028,11.95324,359.0018,0,645.8729,0,5.684342e-14,-7.993606e-15,4.263256e-14
naive,2026-01-25 06:30:00,1946,6.5,19.10392,3137.193,724.8326,0,0,1,1,2196.035,2195.718,1452.267,547.7326,2000,4,735.8344,1.472815,25.9241,736.7687,500,0,324.9685,0.1624843,0.1259371,0.3172331,0,250,0.3172331,743.4507,20.73928,58.98493,0,0,0,39.52864,13.38211,26.14652,561.1148,0,1055.871,0,2.273737e-13,1.24345e-13,4.263256e-14
naive,2026-01-25 06:45:00,1947,6.75,19.1685,3130.455,769.0125,0,0,1,1,2191.318,2191.001,742.9226,354.8313,1097.754,3,267.9881,1.23606,28.52975,800,0,499.6694,200,0.1,0.2046279,0.3172331,0,250,0.3172331,1448.078,22.8238,63.97923,1.355009,0,0,39.44373,26.06541,13.37832,380.8967,0,692.1542,0,1.705303e-13,-7.993606e-15,4.263256e-14
naive,2026-01-25 07:00:00,1948,7,19.31856,3163.636,790.8635,0,0,1,1,2214.545,2214.228,1457.679,542.3207,2000,4,773.777,1.632488,32.20772,692.3828,500,0,324.9685,0.1624843,0.1259371,0.3172331,0,250,0.3172331,756.5488,25.76618,55.23606,17.08658,0,0,39.86182,13.61788,26.24394,555.9385,0,1079.211,0,0,1.24345e-13,4.263256e-14
naive,2026-01-25 07:15:00,1949,7.25,19.60455,3163.155,777.1172,0,10.54454,1,1,2214.209,2213.892,731.8692,351.5913,1083.46,3,254.2615,2.756905,26.4421,800,0,499.6694,200,0.1,0.2046279,0.3172331,0,250,0.3172331,1482.022,21.15368,63.52063,23.18629,0,0,39.85576,26.6764,13.17936,378.2677,0,725.0711,0,-1.136868e-13,-7.993606e-15,4.263256e-14
naive,2026-01-25 07:30:00,1950,7.5,19.86018,3137.903,736.5877,0,15.84564,1,1,2196.532,2196.215,1451.381,548.6189,2000,4,727.0325,3.609123,29.48268,739.8757,500,0,324.9685,0.1624843,0.1259371,0.3172331,0,250,0.3172331,744.8339,23.58614,58.49806,9.555226,0,0,39.53758,13.40701,26.13057,562.0259,0,1074.724,0,0,1.24345e-13,4.263256e-14
naive,2026-01-25 07:45:00,1951,7.75,20.00927,3137.266,675.9719,0,14.50442,1,1,2196.086,2195.769,671.4688,335.0639,1006.533,3,169.3584,3.811125,33.36323,800,0,499.6694,200,0.1,0.2046279,0.3172331,0,250,0.3172331,1524.3,26.68811,63.09496,6.944084,0,0,39.52955,27.4374,12.09215,362.5013,0,665.9993,0,5.684342e-14,-7.993606e-15,4.263256e-14
naive,2026-01-25 08:00:00,1952,8,20.19129,3220.517,636.2002,0,21.68298,1,1,2254.362,2254.045,1447.727,552.273,2000,4,597.0405,265.0679,35.84951,602.0421,500,0,324.9685,0.1624843,0.1259371,0.3172331,0,250,0.3172331,806.3176,28.62474,47.33821,39.15972,0,0,40.57851,14.51372,26.0648,566.7867,0,1147.868,0,0,1.24345e-13,4.263256e-14
naive,2026-01-25 08:15:00,1953,8.25,20.5491,3286.125,520.4616,0,31.50667,1,1,2300.288,2299.97,741.2729,383.3253,1124.598,3,22.34703,266.6459,35.6052,800,0,499.6694,200,0.1,0.2046279,0.3172331,0,250,0.3172331,1558.698,28.32775,62.5272,0,0,3.178913,41.40518,28.05656,13.34862,411.9126,0,753.482,0,-5.684342e-14,-7.993606e-15,4.263256e-14
naive,2026-01-25 08:30:00,1954,8.5,20.49754,3245.673,441.4848,0,35.73303,1,1,2271.971,2271.654,1427.397,572.6026,2000,4,439.8253,274.9033,40.11011,745.1612,500,0,324.9685,0.1624843,0.1259371,0.3172331,0,250,0.3172331,844.2566,31.92844,58.29156,1.659469,0,3.804594,40.89548,15.19662,25.69886,588.4339,0,1114.152,0,2.273737e-13,1.24345e-13,4.263256e-14
naive,2026-01-25 08:45:00,1955,8.75,20.74316,3276.171,374.9773,0,39.83708,1,1,2293.32,2293.003,634.0037,338.6941,972.6979,2,0,130.8984,41.79947,800,0,499.6694,200,0.1,0.2046279,0.3172331,0,250,0.3172331,1658.999,33.19107,62.3231,21.28687,0,6.646012,41.27976,29.86198,11.41778,369.6697,0,705.9457,0,0,-7.993606e-15,4.263256e-14
naive,2026-01-25 09:00:00,1956,9,20.81006,3315.402,290.131,0,40.6222,1,1,2320.781,2320.464,1345.776,559.0973,1904.873,4,284.9828,274.2607,45.62945,800,500,0,324.9685,0.1624843,0.1259371,0.3172331,0,250,0.3172331,974.6886,36.20786,62.25273,5.148277,0,4.414344,41.77407,17.54439,24.22967,577.3823,0,1093.611,0,0,1.24345e-13,4.263256e-14
naive,2026-01-25 09:15:00,1957,9.25,21.18163,3312.4,244.1157,0.4454131,39.62395,1,1,2318.68,2318.363,556.568,304.5566,861.1246,2,0,14.83954,46.28507,800,0,499.6694,200,0.1,0.2046279,0.3172331,0,250,0.3172331,1761.795,36.59052,61.86194,3.622391,0,3.033435,41.73624,31.7123,10.02393,336.7813,0,610.2166,0,5.684342e-14,-7.993606e-15,4.263256e-14
naive,2026-01-25 09:30:00,1958,9.5,21.31857,3337.773,207.2161,5.445196,40.9424,1,1,2336.441,2336.124,1286.145,543.5694,1829.714,4,194.5305,281.2623,53.92154,800,500,0,324.9685,0.1624843,0.1259371,0.3172331,0,250,0.3172331,1049.979,42.56844,61.71792,12.68566,0,0,42.05594,18.89962,23.15632,562.469,0,1077.388,0,0,1.24345e-13,4.263256e-14
naive,2026-01-25 09:45:00,1959,9.75,21.51397,3318.958,134.0934,10.06906,44.3063,1,1,2323.271,2322.953,556.0683,304.3364,860.4047,2,0,0,60.40471,800,0,430.7438,217.2314,0.1086157,0.2046279,0.3172331,0,250,0.3172331,1766.885,47.59216,61.5124,0,0,0,41.81887,31.80393,10.01494,336.1403,0,603.0792,0,0,-7.993606e-15,4.263256e-14
naive,2026-01-25 10:00:00,1960,10,21.58967,3324.694,147.4674,7.087115,52.50085,1,1,2327.286,2326.969,799.8866,405.7447,1205.631,3,51.09967,288.9092,65.62238,800,0,68.78885,200,0.1,0.1367874,0.3172331,0,250,0.3172331,1527.082,51.66336,61.43278,27.57884,0,0.8374907,41.89115,27.48748,14.40367,433.3747,0,845.211,0,0,-5.329071e-15,4.263256e-14
naive,2026-01-25 10:15:00,1961,10.25,21.81695,3367.417,144.6803,9.776294,58.20005,1,1,2357.192,2356.875,1244.471,535.7178,1780.188,4,106.0921,292.9675,81.12881,800,500,0,324.9685,0.1624843,0.1259371,0.3172331,0,250,0.3172331,1112.404,63.72379,61.19374,38.58818,0,0,42.42946,20.02328,22.40618,555.7411,0,1109.204,0,0,1.24345e-13,4.263256e-14
naive,2026-01-25 10:30:00,1962,10.5,22.1504,3376.904,136.0962,0,67.93027,1,1,2363.833,2363.516,579.3618,314.6053,893.967,2,0,0,93.96701,800,0,380.0738,229.8989,0.1149495,0.2046279,0.3172331,0,250,0.3172331,1784.154,73.55708,60.84304,49.70757,0,0,42.54899,32.11477,10.43422,346.72,0,710.7372,0,-5.684342e-14,-7.993606e-15,4.263256e-14
naive,2026-01-25 10:45:00,1963,10.75,22.60074,3385.088,112.6291,6.055193,81.74725,1,1,2369.562,2369.244,778.2479,402.284,1180.532,3,0,271.9809,108.5511,800,0,119.4509,200,0.1,0.144764,0.3172331,0,250,0.3172331,1590.997,84.58234,60.36939,17.71672,0,0,42.65211,28.63794,14.01417,430.922,0,824.4897,0,1.136868e-13,-5.634382e-15,4.263256e-14
naive,2026-01-25 11:00:00,1964,11,22.66906,3392.149,105.8231,8.674824,79.19454,1,1,2374.504,2374.187,1269.959,546.7929,1816.752,4,107.4487,294.2633,115.0399,800,500,0,324.9685,0.1624843,0.1259371,0.3172331,0,250,0.3172331,1104.228,89.5755,60.29755,0,0,0,42.74107,19.8761,22.86497,566.669,0,1065.503,0,2.273737e-13,1.24345e-13,4.263256e-14
naive,2026-01-25 11:15:00,1965,11.25,22.84901,3372.845,94.30071,1.152992,86.49593,1,1,2360.991,2360.674,601.7962,324.4955,926.2917,2,0,0,126.2917,800,0,388.7853,227.721,0.1138605,0.2046279,0.3172331,0,250,0.3172331,1758.878,98.15488,60.10828,0.9565148,0,0,42.49785,31.6598,10.83804,356.1553,0,646.3387,0,5.684342e-14,-7.993606e-15,4.263256e-14
naive,2026-01-25 11:30:00,1966,11.5,23.59699,3367.939,86.10765,1.191094,94.93625,1,1,2357.558,2357.24,810.4261,416.4698,1226.896,3,0,288.191,138.7048,800,0,110.7407,200,0.1,0.1433926,0.3172331,0,250,0.3172331,1546.814,106.9725,59.3216,0,0,0,42.43604,27.84266,14.59338,444.3124,0,821.888,0,-1.136868e-13,-2.331468e-15,4.263256e-14
naive,2026-01-25 11:45:00,1967,11.75,23.95177,3378.185,105.4232,2.163737,95.80126,1,1,2364.73,2364.413,1295.128,558.2276,1853.355,4,104.5983,300.2039,148.553,800,500,0,324.9685,0.1624843,0.1259371,0.3172331,0,250,0.3172331,1069.285,114.146,58.94846,0.8248581,0,0,42.56514,19.24713,23.31801,577.4747,0,1090.055,0,0,1.24345e-13,4.263256e-14
naive,2026-01-25 12:00:00,1968,12,24.18052,3398.181,74.06408,0,111.7697,1,1,2378.727,2378.41,625.2057,334.8155,960.0213,2,0,0,160.0213,800,0,416.0511,220.9046,0.1104523,0.2046279,0.3172331,0,250,0.3172331,1753.204,122.6652,58.70787,0,0,0,42.81708,31.55767,11.25941,366.3732,0,666.7001,0,5.684342e-14,-7.993606e-15,4.263256e-14
naive,2026-01-25 12:15:00,1969,12.25,24.47656,3396.981,50.61627,0,124.4579,1,1,2377.887,2377.57,863.6649,437.3879,1301.053,3,21.45358,306.1547,173.4446,800,0,83.47927,200,0.1,0.1391004,0.3172331,0,250,0.3172331,1513.905,132.5442,58.39651,0,0,0,42.80196,27.25028,15.55168,464.6382,0,863.5804,0,0,-6.661338e-15,4.263256e-14
naive,2026-01-25 12:30:00,1970,12.5,24.35406,3466.454,57.17636,0,126.8209,1,1,2426.518,2426.2,1338.977,575.6271,1914.604,4,120.8345,304.6345,189.1352,800,500,0,324.9685,0.1624843,0.1259371,0.3172331,0,250,0.3172331,1087.223,144.7201,58.52535,0,0,0,43.67732,19.57002,24.1073,595.1971,0,1124.553,0,0,1.24345e-13,4.263256e-14
naive,2026-01-25 12:45:00,1971,12.75,24.78997,3430.848,80.83081,0,142.7592,1,1,2401.594,2401.276,655.607,348.2179,1003.825,3,0,0,203.8249,800,0,421.1583,219.6278,0.1098139,0.2046279,0.3172331,0,250,0.3172331,1745.669,155.2494,58.06689,0,0,0,43.22868,31.42205,11.80664,379.64,0,693.9547,0,0,4.884981e-14,4.263256e-14
naive,2026-01-25 13:00:00,1972,13,25.02852,3419.692,72.61677,0,143.9455,1,1,2393.784,2393.467,900.599,452.4975,1353.096,3,31.31259,308.6528,213.1311,800,0,78.37288,200,0.1,0.1382964,0.3172331,0,250,0.3172331,1492.868,161.931,57.81599,0,0,0,435.4819,271.5855,163.8964,724.083,0,1383.123,0,0,4.163336e-16,4.263256e-14
naive,2026-01-25 13:15:00,1973,13.25,25.05387,3421.603,91.64792,0,165.0632,1,1,2395.122,2394.805,1356.257,584.1783,1940.435,4,112.9883,305.1132,222.3336,800,500,0,324.9685,0.1624843,0.1259371,0.3172331,0,250,0.3172331,1038.548,168.8777,57.78933,0,0,0,435.9465,189.0307,246.9159,773.2089,0,1481.405,0,1.136868e-13,1.24345e-13,4.263256e-14
naive,2026-01-25 13:30:00,1974,13.5,25.41435,3452.238,85.21617,0,178.1167,1,1,2416.567,2416.25,674.7545,356.659,1031.413,3,0,0,231.4135,800,0,414.3773,221.323,0.1106615,0.2046279,0.3172331,0,250,0.3172331,1741.495,175.1072,57.4102,0,0,3.009541,443.0473,319.2814,123.766,676.4922,0,1288.398,0,-5.684342e-14,-6.483702e-14,4.263256e-14
naive,2026-01-25 13:45:00,1975,13.75,25.53107,3426.23,88.74346,0.2839948,180.2506,1,1,2398.361,2398.044,901.1493,454.1864,1355.336,3,19.15445,299.5328,236.6484,800,0,85.15281,200,0.1,0.1393639,0.3172331,0,250,0.3172331,1496.894,178.8474,57.28744,0,0,1.403154,440.7469,275.0844,165.6626,729.5286,0,1394.609,0,5.684342e-14,5.412337e-15,4.263256e-14
naive,2026-01-25 14:00:00,1976,14,25.58899,3447.077,92.17069,1.31079,185.305,1,1,2412.954,2412.637,1362.562,587.9273,1950.489,4,104.8386,298.9731,246.6775,800,500,0,324.9685,0.1624843,0.1259371,0.3172331,0,250,0.3172331,1050.075,186.3126,57.22652,0,0,0,443.9486,193.1986,250.75,781.1259,0,1497.872,0,2.273737e-13,1.24345e-13,4.263256e-14
naive,2026-01-25 14:15:00,1977,14.25,25.8417,3434.238,100.7958,3.290012,189.8345,1,1,2403.966,2403.649,687.0495,362.0793,1049.129,3,0,0,249.1288,800,0,405.2175,223.613,0.1118065,0.2046279,0.3172331,0,250,0.3172331,1716.6,187.6604,56.96073,0,0,2.174079,444.5687,317.453,127.1156,679.9344,0,1295.788,0,-1.136868e-13,4.884981e-14,4.263256e-14
naive,2026-01-25 14:30:00,1978,14.5,26.06769,3423.558,110.838,11.68536,187.0151,1,1,2396.49,2396.173,896.2102,454.2876,1350.498,3,0,295.1449,255.353,800,0,94.31108,200,0.1,0.1408058,0.3172331,0,250,0.3172331,1499.963,191.8872,56.72305,17.49249,0,0,445.2329,278.6712,166.5617,732.9588,0,1432.279,0,-1.705303e-13,4.024558e-15,4.263256e-14
naive,2026-01-25 14:45:00,1979,14.75,26.17028,3443.643,108.5098,10.77385,191.5499,1,1,2410.55,2410.233,1362.945,589.1268,1952.072,4,96.17717,291.955,263.94,800,500,0,324.9685,0.1624843,0.1259371,0.3172331,0,250,0.3172331,1047.288,198.1233,56.61515,12.33263,0,0,448.7859,194.9795,253.8064,784.1063,0,1525.794,0,1.136868e-13,1.24345e-13,4.263256e-14
naive,2026-01-25 15:00:00,1980,15,26.31264,3467.231,97.87971,6.27926,195.4558,1,1,2427.062,2426.745,700.7284,368.1096,1068.838,3,0,0,268.8381,800,0,383.9205,228.9372,0.1144686,0.2046279,0.3172331,0,250,0.3172331,1726.016,201.4938,56.46543,2.039181,0,0,453.1812,322.2819,130.8993,690.3916,0,1320.777,0,0,4.884981e-14,4.263256e-14
naive,2026-01-25 15:15:00,1981,15.25,26.27794,3488.533,86.84582,0.5913796,190.244,1,1,2441.973,2441.656,894.3294,453.4584,1347.788,3,0,275.8986,271.8892,800,0,115.6047,200,0.1,0.1441584,0.3172331,0,250,0.3172331,1547.327,203.8561,56.50192,0,0,0,455.6407,288.7112,166.9295,742.1697,0,1420.775,0,-5.684342e-14,-6.661338e-16,4.263256e-14
naive,2026-01-25 15:30:00,1982,15.5,26.22008,3446.901,120.4992,1.767572,194.6561,1,1,2412.831,2412.514,1390.454,598.167,1988.621,4,122.1251,287.9175,278.578,800,500,0,324.9685,0.1624843,0.1259371,0.3172331,0,250,0.3172331,1022.06,209.0002,56.56278,0,0,0,449.6691,190.477,259.1921,788.644,0,1513.655,0,0,1.24345e-13,4.263256e-14
naive,2026-01-25 15:45:00,1983,15.75,26.4571,3466.066,137.8425,6.237539,202.6399,1,1,2426.246,2425.929,707.5996,371.1388,1078.738,3,0,0,278.7385,800,0,413.8482,221.4553,0.1107277,0.2046279,0.3172331,0,250,0.3172331,1718.329,208.592,56.31349,11.63497,0,0,454.3771,321.8015,132.5757,692.9403,0,1342.598,0,-5.684342e-14,-7.993606e-15,4.263256e-14
naive,2026-01-25 16:00:00,1984,16,26.7331,3478.476,167.3091,0.04410196,204.7754,1,1,2434.933,2434.616,956.4774,473.6258,1430.103,3,60.78178,288.8934,280.428,800,0,85.68183,200,0.1,0.1394472,0.3172331,0,250,0.3172331,1478.138,209.2372,56.02321,20.84544,0,0,458.6115,278.4024,180.209,752.0282,0,1476.989,0,-1.136868e-13,6.689094e-15,4.263256e-14
naive,2026-01-25 16:15:00,1985,16.25,26.87735,3466.827,173.3939,2.592051,209.861,1,1,2426.779,2426.462,1401.825,598.1754,2000,4,157.4407,286.7897,266.6277,789.142,500,0,324.9685,0.1624843,0.1259371,0.3172331,0,250,0.3172331,1024.637,198.6326,55.11318,15.95329,0,11.22839,458.4458,193.5655,264.8803,793.862,0,1553.241,0,0,1.24345e-13,4.263256e-14
naive,2026-01-25 16:30:00,1986,16.5,26.99896,3457.063,208.264,0,205.4386,1,1,2419.944,2419.627,698.8096,367.2637,1066.073,3,0,0,266.0734,800,0,474.3991,206.3176,0.1031588,0.2046279,0.3172331,0,250,0.3172331,1720.817,197.9608,55.74359,21.65945,0,7.477742,458.3128,325.9053,132.4075,694.5852,0,1363.821,0,-5.684342e-14,-7.993606e-15,4.263256e-14
naive,2026-01-25 16:45:00,1987,16.75,27.0052,3435.121,252.0196,0,193.1138,1,1,2404.585,2404.267,1048.705,497.6876,1546.393,4,200.299,284.1579,261.9362,800,0,25.14044,200,0.1,0.1299152,0.3172331,0,250,0.3172331,1355.562,194.8696,55.73702,26.58014,0,0,455.4631,256.763,198.7001,754.4507,0,1492.048,0,-1.136868e-13,-4.996004e-16,4.263256e-14
naive,2026-01-25 17:00:00,1988,17,27.032,3409.072,304.9507,0,194.3897,1,1,2386.35,2386.033,1415.134,584.8659,2000,4,264.1022,283.9385,250.5105,701.4488,500,0,324.9685,0.1624843,0.1259371,0.3172331,0,250,0.3172331,970.899,186.3157,48.84613,40.8485,0,8.074066,452.2618,184.0051,268.2567,770.4011,0,1556.314,0,0,1.24345e-13,4.263256e-14
naive,2026-01-25 17:15:00,1989,17.25,26.93917,3409.983,343.0851,1.468965,184.2955,1,1,2386.988,2386.671,745.4075,387.8064,1133.214,3,0,98.43788,234.7759,800,0,499.6694,200,0.1,0.2046279,0.3172331,0,250,0.3172331,1641.263,174.7876,55.80648,23.48596,0,9.507974,451.5088,310.4518,141.057,700.0567,0,1377.844,0,-2.273737e-13,-7.993606e-15,4.263256e-14
naive,2026-01-25 17:30:00,1990,17.5,27.18354,3427.475,409.668,1.099822,178.8906,1,1,2399.232,2398.915,1428.03,571.9704,2000,4,370.5622,277.6377,230.3064,621.4937,500,0,324.9685,0.1624843,0.1259371,0.3172331,0,250,0.3172331,970.8854,171.0098,43.15455,39.10586,0,7.880736,456.1442,184.5856,271.5586,758.0543,0,1535.017,0,0,1.24345e-13,4.263256e-14
naive,2026-01-25 17:45:00,1991,17.75,27.10694,3389.149,440.5758,0,163.7894,1,1,2372.404,2372.087,794.5978,409.4919,1204.09,3,0,184.5218,219.5679,800,0,499.6694,200,0.1,0.2046279,0.3172331,0,250,0.3172331,1577.489,163.1706,55.63002,27.82252,0,0.6187826,450.3223,299.434,150.8883,709.0433,0,1403.497,0,-5.684342e-14,-7.993606e-15,4.263256e-14
naive,2026-01-25 18:00:00,1992,18,27.14366,3370.307,497.2506,0,148.4401,1,1,2359.215,2358.898,1421.759,569.6242,1991.383,4,478.0763,1.18407,212.1226,800,500,0,324.9685,0.1624843,0.1259371,0.3172331,0,250,0.3172331,937.1389,157.5754,55.59141,19.17433,0,0,448.1623,178.0212,270.1411,747.6454,0,1465.826,0,2.273737e-13,1.24345e-13,4.263256e-14
naive,2026-01-25 18:15:00,1993,18.25,27.11127,3366.249,543.9896,1.432123,140.3728,1,1,2356.374,2356.057,692.1942,358.6169,1050.811,3,48.17158,2.224453,200.4151,800,0,499.6694,200,0.1,0.2046279,0.3172331,0,250,0.3172331,1663.863,148.9304,55.62547,0,0,0,447.3199,315.8577,131.4622,674.4746,0,1286.371,0,0,-7.993606e-15,4.263256e-14
naive,2026-01-25 18:30:00,1994,18.5,26.88204,3300.779,586.3889,2.97185,128.5602,1,1,2310.545,2310.228,1442.456,557.5441,2000,4,601.9748,0.421168,184.9859,712.6181,500,0,324.9685,0.1624843,0.1259371,0.3172331,0,250,0.3172331,867.7722,137.8041,49.7644,0,2.550682,0,436.5305,163.9479,272.5826,721.492,0,1391.399,0,2.273737e-13,1.24345e-13,4.263256e-14
naive,2026-01-25 18:45:00,1995,18.75,27.07513,3321.596,645.0256,0,124.9382,0,1,2325.117,2324.8,742.8888,370.0765,1112.965,3,139.7082,2.066962,171.1902,800,0,499.6694,200,0.1,0.2046279,0.3172331,0,250,0.3172331,1581.911,127.2626,55.66348,5.647943,0,0,441.0534,300.074,140.9794,0,670.1505,3632.949,0,1.705303e-13,-7.993606e-15,4.263256e-14
naive,2026-01-25 19:00:00,1996,19,26.94919,3303.055,701.536,1.620495,111.3552,0,0,2312.139,2311.821,1453.883,546.1165,2000,4,696.4262,4.343038,157.2892,641.9415,500,0,324.9685,0.1624843,0.1259371,0.3172331,0,250,0.3172331,857.9379,117.0871,44.77217,5.10984,0,0,437.4419,162.3164,275.1255,0,708.433,3854.827,0,2.273737e-13,1.24345e-13,4.263256e-14
naive,2026-01-25 19:15:00,1997,19.25,26.75899,3312.565,714.6354,0,96.93269,0,0,2318.795,2318.478,788.3213,381.3071,1169.628,3,213.6687,7.559994,148.3997,800,0,499.6694,200,0.1,0.2046279,0.3172331,0,250,0.3172331,1530.157,110.6955,55.99597,1.297334,0,0,436.9717,288.3546,148.6172,0,669.6616,3622.381,0,1.705303e-13,-7.993606e-15,4.263256e-14
naive,2026-01-25 19:30:00,1998,19.5,26.67163,3273.488,718.6348,7.82489,86.30568,0,0,2291.441,2291.124,1456.347,543.6533,2000,4,724.4383,2.925488,133.6252,639.011,500,0,324.9685,0.1624843,0.1259371,0.3172331,0,250,0.3172331,834.7774,99.76815,44.80094,0,4.899403,0,431.0364,157.0276,274.0088,0,700.6809,3811.795,0,0,1.24345e-13,4.263256e-14
naive,2026-01-25 19:45:00,1999,19.75,26.4393,3224.601,706.4629,0,78.34127,0,0,2257.221,2256.903,768.3288,372.0004,1140.329,3,217.8133,2.564539,119.9514,800,0,499.6694,200,0.1,0.2046279,0.3172331,0,250,0.3172331,1488.575,89.78186,56.33221,0,0,0,422.5678,278.6718,143.896,0,650.6721,3515.323,0,0,-7.993606e-15,4.263256e-14
naive,2026-01-25 20:00:00,2000,20,26.31681,3201.374,680.1747,0,68.71622,0,0,2240.962,2240.644,1452.258,547.742,2000,4,704.648,4.20456,104.3357,686.8117,500,0,324.9685,0.1624843,0.1259371,0.3172331,0,250,0.3172331,788.3864,78.19602,48.47263,0,0,0,418.4685,147.2202,271.2482,0,694.9622,3767.76,0,0,1.24345e-13,4.263256e-14
naive,2026-01-25 20:15:00,2001,20.25,26.05357,3191.723,660.0487,0,67.98202,0,0,2234.206,2233.889,695.9026,348.1124,1044.015,3,150.2179,1.38542,92.41173,800,0,499.6694,200,0.1,0.2046279,0.3172331,0,250,0.3172331,1537.986,69.45401,56.73789,10.16132,0,0,414.9632,285.653,129.3102,0,633.7654,3439.408,0,0,-7.993606e-15,4.263256e-14
naive,2026-01-25 20:30:00,2002,20.5,25.97917,3150.695,626.2863,0,63.93908,0,0,2205.486,2205.169,1438.484,561.5155,2000,4,607.9979,4.971176,87.39474,799.6361,500,0,324.9685,0.1624843,0.1259371,0.3172331,0,250,0.3172331,766.6847,65.73541,56.79031,18.28833,0,0,409.0073,142.1816,266.8257,0,703.6971,3837.992,0,0,1.24345e-13,4.263256e-14
naive,2026-01-25 20:45:00,2003,20.75,25.82668,3162.338,544.8586,0,53.57952,0,0,2213.637,2213.319,617.272,324.9689,942.2408,2,53.37202,7.865942,81.00284,800,0,499.6694,200,0.1,0.2046279,0.3172331,0,250,0.3172331,1596.047,61.02645,56.97653,0,0,0,409.2457,295.069,114.1767,0,620.0378,3346.109,0,-1.136868e-13,-7.993606e-15,4.263256e-14
naive,2026-01-25 21:00:00,2004,21,25.47897,3153.596,494.4188,0,49.73164,0,0,2207.517,2207.2,1347.477,533.6028,1881.08,4,505.6014,9.147829,66.33034,800,500,0,324.9685,0.1624843,0.1259371,0.3172331,0,250,0.3172331,859.7231,50.1569,57.34223,0,0,0,405.2488,157.8252,247.4236,0,691.4279,3738.344,0,1.136868e-13,1.24345e-13,4.263256e-14
naive,2026-01-25 21:15:00,2005,21.25,25.43748,3111.262,439.3759,0,43.24294,0,0,2177.884,2177.566,558.0062,305.1907,863.1969,2,0,0,63.1969,800,0,440.9689,214.6751,0.1073376,0.2046279,0.3172331,0,250,0.3172331,1619.56,47.80847,57.38587,2.920644,0,0,399.4741,297.0647,102.4094,0,602.2554,3252.884,0,-5.684342e-14,-7.993606e-15,4.263256e-14
naive,2026-01-25 21:30:00,2006,21.5,25.27585,3114.671,371.8116,0,44.9635,0,0,2180.27,2179.953,794.881,373.2005,1168.081,3,306.1243,5.774639,56.18246,800,0,58.56532,200,0.1,0.1351778,0.3172331,0,250,0.3172331,1385.072,42.57469,57.55586,7.121923,0,2.388811,398.6118,253.2283,145.3836,0,626.8655,3395.295,0,5.684342e-14,-1.415534e-15,4.263256e-14
naive,2026-01-25 21:45:00,2007,21.75,24.93759,3100.244,294.0596,0,41.63912,0,0,2170.171,2169.854,1183.88,483.9449,1667.825,4,316.7673,2.405055,48.65301,800,500,0,324.9685,0.1624843,0.1259371,0.3172331,0,250,0.3172331,985.9732,37.00058,57.91162,0,0,4.638543,39.06308,17.74752,21.31556,0,502.5348,2698.791,0,1.136868e-13,1.24345e-13,4.263256e-14
naive,2026-01-25 22:00:00,2008,22,24.78511,3092.155,250.7675,0,33.79744,0,0,2164.508,2164.191,548.074,300.8121,848.8861,2,0,0,48.88611,800,0,260.8142,259.7138,0.1298569,0.2046279,0.3172331,0,250,0.3172331,1616.117,37.23748,58.07199,0,0,0,38.96115,29.09011,9.871043,0,329.9022,1749.131,0,0,-6.483702e-14,4.263256e-14
naive,2026-01-25 22:15:00,2009,22.25,24.63538,3073.703,198.4245,0,29.72913,0,0,2151.592,2151.275,546.5654,300.147,846.7125,2,0,0,46.71246,800,0,225.8371,203.2137,0.1016068,0.163538,0.3172331,0,250,0.3172331,1604.709,35.63773,58.22948,0,0,0,38.72866,28.88477,9.843888,0,329.0318,1744.167,0,-5.684342e-14,-4.157785e-14,4.263256e-14
naive,2026-01-25 22:30:00,2010,22.5,24.66609,3049.924,179.9542,0,30.69151,0,0,2134.947,2134.629,679.8187,339.639,1019.458,3,161.8429,9.579107,48.03571,800,0,12.72666,200,0.1,0.1279607,0.3172331,0,250,0.3172331,1454.811,36.63545,58.19717,5.38466,0,0,38.42904,26.18659,12.24245,0,365.8256,1955.857,0,-5.684342e-14,2.220446e-16,4.263256e-14
naive,2026-01-25 22:45:00,2011,22.75,24.33481,3017.365,163.4154,0,23.13835,1,0,2112.156,2111.839,1062.661,449.4806,1512.141,4,157.2561,11.05111,43.83388,800,500,0,324.9685,0.1624843,0.1259371,0.3172331,0,250,0.3172331,1049.178,33.54701,58.5456,6.159364,0,0,38.0188,18.8852,19.1336,468.3658,0,881.4926,0,0,1.24345e-13,4.263256e-14
naive,2026-01-25 23:00:00,2012,23,24.226,3024.255,164.4962,4.194017,22.32482,1,1,2116.978,2116.661,538.0849,296.4084,834.4932,2,0,0,34.49323,800,0,145.146,288.6309,0.1443154,0.2046279,0.3172331,0,250,0.3172331,1578.576,26.42844,58.66004,26.78559,0,0,38.10561,28.41437,9.691238,324.8227,0,629.8581,0,0,-7.993606e-15,4.263256e-14
naive,2026-01-25 23:15:00,2013,23.25,23.98999,3027.36,136.6731,0.6541644,28.1593,1,1,2119.152,2118.834,534.928,295.0167,829.9447,2,0,0,29.94467,800,0,141.3223,253.2548,0.1266274,0.1817466,0.3172331,0,250,0.3172331,1583.907,22.9999,58.90826,3.330238,0,5.159395,38.14473,28.51032,9.634414,324.4465,0,588.3658,0,5.684342e-14,2.359224e-14,4.263256e-14
naive,2026-01-25 23:30:00,2014,23.5,23.84569,3040.399,127.2195,8.285513,26.21281,1,1,2128.279,2127.962,532.8984,294.1219,827.0203,2,0,0,27.02034,800,0,122.3087,222.6378,0.1113189,0.1594709,0.3172331,0,250,0.3172331,1595.064,20.78498,59.06002,13.79242,0,5.427838,38.30903,28.71115,9.597881,323.7977,0,604.9448,0,0,8.160139e-15,4.263256e-14
naive,2026-01-25 23:45:00,2015,23.75,23.58587,3020.16,113.2025,6.810146,23.72531,1,1,2114.112,2113.795,538.8055,296.5711,835.3766,2,1.302313,2.464304,31.60999,800,0,90.41101,200,0.1,0.1401918,0.3172331,0,250,0.3172331,1574.99,24.3812,59.3333,21.48914,4.345842,0,38.05402,28.34981,9.704209,324.9209,0,627.6573,0,0,2.248202e-15,4.263256e-14
naive,2026-01-26 00:00:00,2016,0,23.35415,3032.546,114.4333,5.418144,22.80748,1,1,2122.782,2122.465,1003.684,429.8232,1433.507,3,103.9402,5.469631,24.09733,800,500,0,324.9685,0.1624843,0.1259371,0.3172331,0,250,0.3172331,1118.781,18.63126,59.577,10.49307,0,4.176223,38.21008,20.13806,18.07202,450.6964,0,852.4692,0,-5.684342e-14,1.24345e-13,4.263256e-14
naive,2026-01-26 00:15:00,2017,0.25,23.19676,3052.23,100.7007,8.380235,21.57002,1,1,2136.561,2136.244,532.3682,293.8882,826.2564,2,0,0,26.25639,800,0,108.9224,297.6868,0.1488434,0.2046279,0.3172331,0,250,0.3172331,1603.876,20.33363,59.74254,0,4.067853,1.23639,38.4581,28.86976,9.588338,322.9749,0,585.7565,0,-5.684342e-14,1.056932e-13,4.263256e-14
naive,2026-01-26 00:30:00,2018,0.5,22.82158,3016.994,92.84427,0.4726347,20.49629,1,1,2111.896,2111.578,525.086,290.6778,815.7638,2,0,0,15.76378,800,0,113.0837,269.369,0.1346845,0.187449,0.3172331,0,250,0.3172331,1586.492,12.2552,60.13713,0,0,8.241097,38.01412,28.55686,9.457257,320.6705,0,573.6868,0,-5.684342e-14,-1.196265e-14,4.263256e-14
naive,2026-01-26 00:45:00,2019,0.75,22.33368,3022.915,79.04705,3.159499,7.57031,1,1,2116.04,2115.723,527.9787,291.9531,819.9318,2,0,0,19.93178,800,0,105.5566,242.9374,0.1214687,0.1696177,0.3172331,0,250,0.3172331,1587.744,15.57331,60.65028,0,0.3471271,0,38.08873,28.5794,9.509327,320.5325,0,573.4322,0,0,5.384582e-15,4.263256e-14
naive,2026-01-26 01:00:00,2020,1,22.12742,3078.214,85.47415,0,4.274195,1,1,2154.75,2154.433,527.5772,291.7761,819.3532,2,0,0,19.35322,800,0,104.6996,216.7243,0.1083621,0.1529741,0.3172331,0,250,0.3172331,1626.856,15.1532,60.86721,0,0,0,38.7855,29.2834,9.502099,321.0595,0,573.6433,0,0,5.390133e-14,4.263256e-14
naive,2026-01-26 01:15:00,2021,1.25,21.87002,3053.574,91.05105,0,1.132617,1,1,2137.502,2137.185,556.3216,300.0352,856.3567,2,37.09564,3.397596,15.86349,800,0,66.76069,200,0.1,0.1364681,0.3172331,0,250,0.3172331,1580.863,12.45348,61.13793,0,0,0,38.47503,28.45554,10.0195,328.4907,0,588.2012,0,5.684342e-14,7.21645e-16,4.263256e-14
naive,2026-01-26 01:30:00,2022,1.5,21.68952,3038.428,117.6726,0.532147,0,1,1,2126.9,2126.582,1000.262,428.489,1428.751,3,102.473,3.715819,22.56169,800,500,0,324.9685,0.1624843,0.1259371,0.3172331,0,250,0.3172331,1126.321,17.7444,61.32777,15.19954,0,0,38.28419,20.27377,18.01042,448.7628,0,854.751,0,5.684342e-14,1.24345e-13,4.263256e-14
naive,2026-01-26 01:45:00,2023,1.75,21.5887,3032.876,117.6177,0,0,1,1,2123.013,2122.696,530.2719,292.9641,823.236,2,0,0,23.23599,800,0,107.7839,297.9714,0.1489857,0.2046279,0.3172331,0,250,0.3172331,1592.424,18.29347,61.43381,13.02041,0,0,38.21424,28.66363,9.550605,321.6277,0,596.6025,0,5.684342e-14,-9.325873e-14,4.263256e-14
naive,2026-01-26 02:00:00,2024,2,21.38309,3016.171,108.9361,0,11.12736,1,1,2111.32,2111.002,529.0454,292.4233,821.4687,2,0,0,21.46868,800,0,105.8955,271.4506,0.1357253,0.1876282,0.3172331,0,250,0.3172331,1581.957,16.9374,61.65006,6.526276,0,0,38.00375,28.47522,9.528527,320.8985,0,583.6986,0,0,-6.875056e-14,4.263256e-14
naive,2026-01-26 02:15:00,2025,2.25,21.3708,3040.495,120.9538,0,12.82616,1,1,2128.346,2128.029,525.8131,290.9984,816.8114,2,0,0,16.81145,800,0,110.5862,243.7613,0.1218807,0.1709285,0.3172331,0,250,0.3172331,1602.216,13.2648,61.66298,11.80634,0,0,38.31024,28.83989,9.470346,319.8383,0,590.6716,0,5.684342e-14,2.783884e-14,4.263256e-14
naive,2026-01-26 02:30:00,2026,2.5,21.20533,3036.498,128.8699,0,13.51732,1,1,2125.549,2125.231,526.8721,291.4652,818.3373,2,0,0,18.33731,800,0,94.9985,219.9733,0.1099867,0.1534929,0.3172331,0,250,0.3172331,1598.359,14.49303,61.83701,34.56476,0,0,38.25987,28.77047,9.489408,320.2357,0,630.529,0,5.684342e-14,2.650657e-14,4.263256e-14
naive,2026-01-26 02:45:00,2027,2.75,21.07076,3033.279,115.3666,0,10.95926,1,1,2123.295,2122.978,553.8364,300.1471,853.9835,2,26.94512,5.870584,21.16783,800,0,79.75475,200,0.1,0.138514,0.3172331,0,250,0.3172331,1569.141,16.75294,61.97854,8.666773,0,0,38.21931,28.24454,9.974766,328.3916,0,602.0076,0,-5.684342e-14,5.273559e-16,4.263256e-14
naive,2026-01-26 03:00:00,2028,3,21.04109,3014.311,115.7806,0,7.833691,1,1,2110.017,2109.7,1004.648,429.6518,1434.299,3,108.9521,3.992945,21.35429,800,500,0,324.9685,0.1624843,0.1259371,0.3172331,0,250,0.3172331,1105.053,16.90558,62.00975,6.828494,0,0,37.98031,19.89095,18.08937,449.5427,0,841.1037,0,5.684342e-14,1.24345e-13,4.263256e-14
naive,2026-01-26 03:15:00,2029,3.25,20.98993,3033.302,111.1008,0,8.960848,1,1,2123.312,2122.994,527.675,291.8192,819.4942,2,0,0,19.49422,800,0,118.9324,295.1843,0.1475921,0.2046279,0.3172331,0,250,0.3172331,1595.319,15.441,62.06356,0,0,0,38.21961,28.71575,9.50386,320.535,0,571.2484,0,0,-7.904788e-14,4.263256e-14
naive,2026-01-26 03:30:00,2030,3.5,20.86208,3033.272,112.3898,1.395102,12.22567,1,1,2123.291,2122.973,525.5066,290.8632,816.3698,2,0,0,16.36981,800,0,107.5855,268.2414,0.1341207,0.1858732,0.3172331,0,250,0.3172331,1597.467,12.98295,62.19802,7.168995,0,0,38.21923,28.7544,9.464828,319.6177,0,581.629,0,0,-3.999578e-14,4.263256e-14
naive,2026-01-26 03:45:00,2031,3.75,20.77541,3026.422,123.1788,9.311319,11.6443,1,1,2118.495,2118.178,523.9552,290.1793,814.1345,2,0,0,14.13453,800,0,130.2956,235.6253,0.1178126,0.1689077,0.3172331,0,250,0.3172331,1594.223,11.21995,62.28918,0,9.230246,0.4243525,38.13292,28.69601,9.436904,318.9465,0,583.7398,0,0,-4.213296e-14,4.263256e-14
naive,2026-01-26 04:00:00,2032,4,20.58694,3024.281,134.9978,5.181153,18.09614,1,1,2116.997,2116.679,532.7366,292.4413,825.1778,2,13.52828,0.2575544,11.39199,800,0,142.3528,200,0.1,0.1483698,0.3172331,0,250,0.3172331,1583.943,9.0601,62.4874,0,4.923598,9.036035,38.10594,28.51097,9.594968,322.4619,0,583.1187,0,-5.684342e-14,-5.551115e-16,4.263256e-14
naive,2026-01-26 04:15:00,2033,4.25,20.43245,3071.669,148.9451,5.06392,19.38998,1,1,2150.169,2149.851,1051.997,442.5933,1494.591,3,175.6347,1.660263,17.29554,800,500,0,324.9685,0.1624843,0.1259371,0.3172331,0,250,0.3172331,1097.854,13.7766,62.64989,0,3.403657,5.613384,38.70303,19.76137,18.94166,463.2899,0,861.97,0,5.684342e-14,1.24345e-13,4.263256e-14
naive,2026-01-26 04:30:00,2034,4.5,20.38684,3070.975,189.3095,5.537318,6.54253,1,1,2149.682,2149.365,526.4678,291.287,817.7547,2,0,0,17.75474,800,0,209.4912,272.5446,0.1362723,0.2046279,0.3172331,0,250,0.3172331,1622.897,14.14885,62.69786,0,4.98968,0,38.69428,29.21215,9.48213,320.4991,0,579.0704,0,5.684342e-14,7.727152e-14,4.263256e-14
naive,2026-01-26 04:45:00,2035,4.75,20.44833,3078.746,225.3,0,19.91634,1,1,2155.123,2154.805,522.6946,289.6236,812.3183,2,0,0,12.31825,800,0,245.4888,211.1294,0.1055647,0.1716173,0.3172331,0,250,0.3172331,1632.111,9.810419,62.63319,0,0,10.10592,38.79221,29.37799,9.414214,320.6857,0,570.9091,0,-5.684342e-14,2.292611e-14,4.263256e-14
naive,2026-01-26 05:00:00,2036,5,20.36003,3113.739,256.5234,3.577095,13.55521,1,1,2179.617,2179.3,727.0454,349.4257,1076.471,3,254.5895,2.15882,19.72275,800,0,44.38482,200,0.1,0.1329451,0.3172331,0,250,0.3172331,1452.255,15.7214,62.72605,0,1.418275,0,39.23311,26.14058,13.09253,375.5663,0,683.0123,0,-5.684342e-14,2.942091e-15,4.263256e-14
naive,2026-01-26 05:15:00,2037,5.25,20.45369,3107.11,323.8538,2.748509,14.71077,1,1,2174.977,2174.659,1194.691,483.5017,1678.193,4,360.5577,0.04023575,17.59505,800,500,0,324.9685,0.1624843,0.1259371,0.3172331,0,250,0.3172331,979.9681,14.01218,62.62755,0,2.708273,0.6985931,39.14958,17.63943,21.51015,501.2575,0,936.7308,0,-5.684342e-14,1.24345e-13,4.263256e-14
naive,2026-01-26 05:30:00,2038,5.5,20.70433,3130.47,424.4924,0.4073733,18.84817,1,1,2191.329,2191.012,523.5591,290.0047,813.5639,2,0,0,13.56388,800,0,433.6856,216.496,0.108248,0.2046279,0.3172331,0,250,0.3172331,1667.453,10.77468,62.36394,0,0.3970384,8.073495,39.44392,30.01415,9.429775,321.3706,0,573.2668,0,5.684342e-14,-6.483702e-14,4.263256e-14
naive,2026-01-26 05:45:00,2039,5.75,20.99317,3101.836,513.1413,6.347316,14.24799,1,1,2171.285,2170.968,883.4168,393.5927,1277.01,3,462.8059,0,14.20363,800,0,65.84752,200,0.1,0.1363243,0.3172331,0,250,0.3172331,1287.551,11.25005,62.06015,0,6.347316,2.997942,39.08313,23.17592,15.90721,417.2733,0,775.678,0,1.136868e-13,1.110223e-15,4.263256e-14
naive,2026-01-26 06:00:00,2040,6,21.0166,3123.104,603.3424,5.376324,10.00346,1,1,2186.173,2185.856,1373.368,534.0365,1907.405,4,597.9069,0.2644703,9.233637,800,500,0,324.9685,0.1624843,0.1259371,0.3172331,0,250,0.3172331,812.4872,7.311814,62.03551,5.435557,5.111854,2.691647,39.35111,14.62477,24.72634,549.1146,0,1046.633,0,2.273737e-13,1.24345e-13,4.263256e-14
naive,2026-01-26 06:15:00,2041,6.25,21.18908,3072.871,678.6013,0,19.48682,1,1,2151.01,2150.693,654.8544,327.8639,982.7183,2,168.3119,0.1173131,14.2891,800,0,499.6694,200,0.1,0.2046279,0.3172331,0,250,0.3172331,1495.838,11.29535,61.85411,10.61997,0,8.191469,38.71818,26.92509,11.79309,356.1729,0,661.0793,0,-5.684342e-14,-7.993606e-15,4.263256e-14
naive,2026-01-26 06:30:00,2042,6.5,21.31663,3092.233,724.7361,0,14.91511,1,1,2164.563,2164.246,1450.711,549.2887,2000,4,730.0865,0.6774439,11.40687,757.8292,500,0,324.9685,0.1624843,0.1259371,0.3172331,0,250,0.3172331,713.5344,9.005351,58.46648,0,0,5.909763,38.96213,12.84362,26.11851,563.1331,0,1060.491,0,2.273737e-13,1.24345e-13,4.263256e-14
naive,2026-01-26 06:45:00,2043,6.75,21.48064,3096.003,744.184,0,27.53452,1,1,2167.202,2166.885,732.2622,349.9994,1082.262,3,269.0997,0.5640255,12.59789,800,0,499.6694,200,0.1,0.2046279,0.3172331,0,250,0.3172331,1434.623,9.929087,61.54746,0,0,17.60543,39.00964,25.82321,13.18643,378.8131,0,688.3854,0,-1.136868e-13,-7.993606e-15,4.263256e-14
naive,2026-01-26 07:00:00,2044,7,21.66433,3094.825,745.8873,0,32.30902,1,1,2166.377,2166.06,1458.007,541.9927,2000,4,783.4063,0.7349556,14.38037,701.4783,500,0,324.9685,0.1624843,0.1259371,0.3172331,0,250,0.3172331,708.0527,11.31283,53.79835,0,0,20.9962,38.99479,12.74495,26.24984,558.3164,0,1056.11,0,0,1.24345e-13,4.263256e-14
naive,2026-01-26 07:15:00,2045,7.25,21.8195,3142.027,742.9044,0,30.51812,1,1,2199.419,2199.102,735.8361,351.7847,1087.621,3,267.3369,1.281101,19.00272,800,0,499.6694,200,0.1,0.2046279,0.3172331,0,250,0.3172331,1463.266,14.92557,61.19106,0,0,15.59255,39.58954,26.33878,13.25076,380.7889,0,692.7379,0,-5.684342e-14,-7.993606e-15,4.263256e-14
naive,2026-01-26 07:30:00,2046,7.5,22.0269,3174.449,707.1063,0,35.87515,1,1,2222.114,2221.797,1451.743,548.2571,2000,4,732.5436,1.693486,24.07223,741.6906,500,0,324.9685,0.1624843,0.1259371,0.3172331,0,250,0.3172331,770.0541,18.86745,56.52882,0,0,17.00771,39.99806,13.86097,26.13708,565.0368,0,1066.479,0,0,1.24345e-13,4.263256e-14
naive,2026-01-26 07:45:00,2047,7.75,22.16326,3206.805,655.2292,0,41.24827,1,1,2244.764,2244.446,667.2591,332.7369,999.996,2,173.3191,1.73918,24.93767,800,0,499.6694,200,0.1,0.2046279,0.3172331,0,250,0.3172331,1577.187,19.51856,60.82951,0,0,21.72971,40.40575,28.38937,12.01637,364.865,0,661.2967,0,0,-7.993606e-15,4.263256e-14
naive,2026-01-26 08:00:00,2048,8,22.25329,3252.325,575.8625,371.3601,38.80712,1,1,2276.627,2276.31,1442.888,557.1117,2000,4,618.8314,118.8001,31.0694,731.2991,500,0,324.9685,0.1624843,0.1259371,0.3172331,0,250,0.3172331,833.4217,24.29546,55.51916,0,252.56,14.51166,40.97929,15.00159,25.9777,574.6144,0,1522.436,0,0,1.24345e-13,4.263256e-14
naive,2026-01-26 08:15:00,2049,8.25,22.42288,3267.89,530.5551,375.4208,30.94548,1,1,2287.523,2287.206,640.1961,338.8308,979.0269,2,21.79941,119.4955,37.73199,800,0,499.6694,200,0.1,0.2046279,0.3172331,0,250,0.3172331,1647.01,29.45423,60.55646,9.086282,255.9252,1.491249,41.17542,29.64617,11.52924,368.7348,0,1126.488,0,-5.684342e-14,-7.993606e-15,4.263256e-14
naive,2026-01-26 08:30:00,2050,8.5,22.63475,3285.208,431.1851,382.811,39.34387,1,1,2299.646,2299.328,1360.14,546.8643,1907.005,4,441.0518,123.2773,42.67567,800,500,0,324.9685,0.1624843,0.1259371,0.3172331,0,250,0.3172331,939.1879,33.24102,60.33362,0,259.5336,6.102854,41.39362,16.90538,24.48824,564.8292,0,1509.479,0,0,1.24345e-13,4.263256e-14
naive,2026-01-26 08:45:00,2051,8.75,22.95173,3286.843,373.4845,389.7348,45.81061,1,1,2300.79,2300.473,546.3422,300.0486,846.3908,2,0,0,46.39076,800,0,489.6593,202.5025,0.1012513,0.2046279,0.3172331,0,250,0.3172331,1754.131,36.01714,60.00024,7.998199,265.5618,9.793468,41.41422,31.57435,9.839869,333.3335,0,1071.058,0,0,-7.993606e-15,4.263256e-14
naive,2026-01-26 09:00:00,2052,9,23.16531,3340.562,295.3689,398.5667,39.86332,1,1,2338.393,2338.076,848.9933,400.4197,1249.413,3,277.8471,122.8844,48.68142,800,0,9.882612,200,0.1,0.1275129,0.3172331,0,250,0.3172331,1489.083,37.7124,59.77562,7.639216,275.6823,2.150919,42.09108,26.80349,15.28759,427.6004,0,1276.683,0,0,1.94289e-16,4.263256e-14
naive,2026-01-26 09:15:00,2053,9.25,23.43591,3362.391,256.3013,398.5279,52.24915,1,1,2353.673,2353.356,1209.711,504.1624,1713.873,4,242.5377,123.0837,48.25144,800,500,0,324.9685,0.1624843,0.1259371,0.3172331,0,250,0.3172331,1143.646,37.27486,59.49102,13.76358,275.4442,14.97429,42.36612,20.58562,21.7805,527.388,0,1486.732,0,-5.684342e-14,1.24345e-13,4.263256e-14
naive,2026-01-26 09:30:00,2054,9.5,23.80253,3341.725,233.0055,399.03,54.66245,1,1,2339.207,2338.89,550.6843,301.9628,852.6471,2,0,0,52.64706,800,0,330.5224,242.2868,0.1211434,0.2046279,0.3172331,0,250,0.3172331,1788.206,40.51611,59.10542,31.4997,270.0134,14.14634,42.10573,32.18771,9.918027,336.6624,0,1126.941,0,0,-7.993606e-15,4.263256e-14
naive,2026-01-26 09:45:00,2055,9.75,23.86685,3326.648,213.227,401.9967,54.03577,1,1,2328.654,2328.337,626.1713,335.2412,961.4125,2,0,103.49,57.9225,800,0,168.9945,200,0.1,0.1525644,0.3172331,0,250,0.3172331,1702.165,44.54618,59.03777,74.4115,268.3277,9.489591,41.91577,30.63898,11.27679,367.5673,0,1259.942,0,0,1.229572e-14,4.263256e-14
naive,2026-01-26 10:00:00,2056,10,24.02729,3321.207,195.0213,397.1203,57.74038,1,1,2324.845,2324.527,1145.885,488.7894,1634.675,4,135.2381,133.3825,66.05433,800,500,0,324.9685,0.1624843,0.1259371,0.3172331,0,250,0.3172331,1178.642,50.7153,58.86903,59.7832,263.7378,7.025077,41.8472,21.21555,20.63165,511.2579,0,1514.362,0,-5.684342e-14,1.24345e-13,4.263256e-14
naive,2026-01-26 10:15:00,2057,10.25,24.29873,3320.348,169.7551,397.8713,72.49723,1,1,2324.243,2323.926,567.7336,309.479,877.2127,2,0,0,77.21265,800,0,264.1094,258.89,0.129445,0.2046279,0.3172331,0,250,0.3172331,1756.193,59.11479,58.58354,42.28118,261.2358,13.38244,41.83638,31.61147,10.22492,343.49,0,1144.64,0,-5.684342e-14,-1.216804e-13,4.263256e-14
naive,2026-01-26 10:30:00,2058,10.5,24.50714,3373.715,123.8896,408.6215,87.98678,1,1,2361.601,2361.283,583.5812,316.4654,900.0466,2,0,10.16132,89.88531,800,0,235.397,200,0.1,0.1630192,0.3172331,0,250,0.3172331,1777.702,68.66724,58.36435,9.980985,276.9718,19.31954,42.50881,31.99864,10.51017,351.9424,0,1133.218,0,0,-6.883383e-15,4.263256e-14
naive,2026-01-26 10:45:00,2059,10.75,24.58413,3394.681,90.31181,413.7078,99.24712,1,1,2376.277,2375.959,1152.452,495.2806,1647.732,4,105.0065,136.237,106.4891,800,500,0,324.9685,0.1624843,0.1259371,0.3172331,0,250,0.3172331,1223.507,81.28597,58.28338,0,277.4708,17.96115,42.77298,22.02313,20.74984,520.5424,0,1454.153,0,-5.684342e-14,1.24345e-13,4.263256e-14
naive,2026-01-26 11:00:00,2060,11,24.92715,3433.367,94.43561,413.2619,106.8481,1,1,2403.357,2403.04,588.7789,318.7568,907.5357,2,0,0,107.5357,800,0,243.5278,264.0354,0.1320177,0.2046279,0.3172331,0,250,0.3172331,1814.261,81.78979,57.92261,0,276.5725,25.05827,43.26042,32.65669,10.60373,355.9629,0,1123.851,0,0,4.884981e-14,4.263256e-14
naive,2026-01-26 11:15:00,2061,11.25,25.13224,3421.347,107.4097,411.5615,112.0694,1,1,2394.943,2394.626,595.9087,321.9,917.8086,2,0,0,117.8086,800,0,226.9725,207.2507,0.1036254,0.1662592,0.3172331,0,250,0.3172331,1798.717,89.40993,57.70691,13.50116,278.4975,22.65951,436.5988,327.9067,108.6922,653.9374,0,1746.652,0,5.684342e-14,7.71605e-15,4.263256e-14
naive,2026-01-26 11:30:00,2062,11.5,25.21743,3413.885,84.58874,415.9586,121.578,1,1,2389.719,2389.402,747.0372,380.9486,1127.986,3,63.68815,134.4071,129.8906,800,0,28.87239,200,0.1,0.1305027,0.3172331,0,250,0.3172331,1642.365,98.49092,57.61731,0,281.5515,23.08711,436.3921,299.916,136.4761,685.0806,0,1791.018,0,-5.684342e-14,1.110223e-15,4.263256e-14
naive,2026-01-26 11:45:00,2063,11.75,25.68198,3459.655,104.6524,408.5033,131.494,1,1,2421.758,2421.441,1172.169,503.9408,1676.11,4,105.276,135.6107,135.2233,800,500,0,324.9685,0.1624843,0.1259371,0.3172331,0,250,0.3172331,1249.272,102.0319,57.12872,0,272.8926,29.46204,446.4085,230.2813,216.1272,739.6529,0,1885.776,0,0,1.24345e-13,4.263256e-14
naive,2026-01-26 12:00:00,2064,12,25.72792,3417.329,102.7955,407.4853,138.5612,1,1,2392.13,2391.813,619.6426,332.363,952.0056,2,0,0,152.0056,800,0,227.7367,267.9832,0.1339916,0.2046279,0.3172331,0,250,0.3172331,1772.17,114.6391,57.0804,10.017,272.527,23.92213,441.3582,326.973,114.3852,663.7497,0,1750.672,0,0,-7.993606e-15,4.263256e-14
naive,2026-01-26 12:15:00,2065,12.25,25.93985,3405.075,85.59708,420.7711,147.359,1,1,2383.553,2383.235,630.3124,337.0668,967.3792,2,0,0,167.3792,800,0,212.6737,214.7726,0.1073863,0.1687451,0.3172331,0,250,0.3172331,1752.923,125.9497,56.85751,10.06944,283.6251,21.40934,441.6754,324.8189,116.8565,665.8529,0,1774.364,0,5.684342e-14,1.623701e-14,4.263256e-14
naive,2026-01-26 12:30:00,2066,12.5,26.06335,3373.405,92.14682,422.8732,156.357,1,1,2361.384,2361.066,752.2069,387.5626,1139.769,3,27.24747,136.4995,176.0225,800,0,58.95504,200,0.1,0.1352391,0.3172331,0,250,0.3172331,1608.86,132.2797,56.72762,5.944321,286.3737,24.07731,438.6717,298.8761,139.7956,690.9115,0,1822.253,0,0,1.026956e-15,4.263256e-14
naive,2026-01-26 12:45:00,2067,12.75,26.28611,3384.593,126.2392,423.0283,160.3156,1,1,2369.215,2368.898,1207.628,520.5778,1728.205,4,96.82657,136.803,194.5758,800,500,0,324.9685,0.1624843,0.1259371,0.3172331,0,250,0.3172331,1161.271,145.8756,56.49333,29.41268,286.2253,14.43995,442.1392,216.7145,225.4247,739.987,0,1960.894,0,0,1.24345e-13,4.263256e-14
naive,2026-01-26 13:00:00,2068,13,26.56315,3475.11,109.04,418.7193,168.1629,1,1,2432.577,2432.26,652.895,347.0223,999.9173,2,0,0,199.9173,800,0,228.1357,267.8834,0.1339417,0.2046279,0.3172331,0,250,0.3172331,1779.365,149.4372,56.20195,19.23554,280.3881,18.72574,456.5602,333.9615,122.5987,684.4984,0,1822.62,0,0,-6.483702e-14,4.263256e-14
naive,2026-01-26 13:15:00,2069,13.25,26.65349,3463.803,109.9439,418.2159,177.9048,1,1,2424.662,2424.345,666.3795,352.9669,1019.346,3,0,0,219.3464,800,0,238.3826,208.2456,0.1041228,0.1686823,0.3172331,0,250,0.3172331,1757.965,163.8018,56.10694,8.277234,281.5,14.10298,455.925,330.5617,125.3633,686.1805,0,1809.106,0,0,-5.445644e-14,4.263256e-14
naive,2026-01-26 13:30:00,2070,13.5,26.83179,3499.628,111.4068,413.8972,191.9372,1,1,2449.739,2449.422,820.3414,413.2246,1233.566,3,64.02489,136.2179,233.3232,800,0,32.85129,200,0.1,0.1311292,0.3172331,0,250,0.3172331,1629.081,173.9064,55.91941,14.53061,277.6793,18.03084,462.3456,307.4606,154.885,724.0881,0,1889.329,0,-1.136868e-13,2.775558e-17,4.263256e-14
naive,2026-01-26 13:45:00,2071,13.75,26.9994,3542.239,102.0256,417.1345,197.4458,1,1,2479.567,2479.25,1234.898,532.705,1767.603,4,95.94357,134.3279,237.3316,800,500,0,324.9685,0.1624843,0.1259371,0.3172331,0,250,0.3172331,1244.352,176.5759,55.74313,6.082,282.8066,20.86993,469.6091,235.6697,233.9394,772.3273,0,1980.276,0,2.273737e-13,1.24345e-13,4.263256e-14
naive,2026-01-26 14:00:00,2072,14,27.04533,3517.574,117.4192,418.2942,210.9493,1,1,2462.302,2461.985,684.6457,361.0196,1045.665,3,0,0,245.6653,800,0,232.7336,266.734,0.133367,0.2046279,0.3172331,0,250,0.3172331,1777.339,182.6859,55.69482,19.28427,283.6955,28.26345,466.7859,336.9354,129.8505,703.313,0,1866.61,0,-1.136868e-13,-1.216804e-13,4.263256e-14
naive,2026-01-26 14:15:00,2073,14.25,27.36684,3495.093,133.4455,416.357,225.8726,1,1,2446.565,2446.248,687.8821,362.4463,1050.328,3,0,0,250.3284,800,0,239.3768,206.8478,0.1034239,0.1679585,0.3172331,0,250,0.3172331,1758.366,185.5097,55.35667,30.48115,279.9446,40.36292,466.9332,335.5886,131.3446,705.7383,0,1884.685,0,-1.136868e-13,-2.275957e-14,4.263256e-14
naive,2026-01-26 14:30:00,2074,14.5,27.54674,3501.286,133.7532,422.4995,222.7,1,1,2450.9,2450.583,844.1442,422.3053,1266.449,3,75.90019,139.1139,251.4354,800,0,27.26083,200,0.1,0.130249,0.3172331,0,250,0.3172331,1606.439,185.9682,55.16746,30.59222,283.3856,36.73184,469.5338,307.7552,161.7786,737.0975,0,1953.743,0,-5.684342e-14,-2.775558e-16,4.263256e-14
naive,2026-01-26 14:45:00,2075,14.75,27.65575,3512.492,147.9655,421.1698,225.8951,1,1,2458.744,2458.427,1257.048,541.6168,1798.665,4,103.1129,136.7135,258.8382,800,500,0,324.9685,0.1624843,0.1259371,0.3172331,0,250,0.3172331,1201.379,191.2178,55.05281,44.85257,284.4563,34.67738,472.1212,230.6855,241.4357,778.961,0,2064.045,0,-2.273737e-13,1.24345e-13,4.263256e-14
naive,2026-01-26 15:00:00,2076,15,27.70495,3462.914,140.4568,408.7738,228.9039,1,1,2424.04,2423.723,697.5276,366.6986,1064.226,3,0,0,264.2262,800,0,229.5759,267.5234,0.1337617,0.2046279,0.3172331,0,250,0.3172331,1726.195,195.0942,55.00107,43.30079,276.354,33.80967,465.9415,331.8039,134.1376,705.0013,0,1899.531,0,0,4.884981e-14,4.263256e-14
naive,2026-01-26 15:15:00,2077,15.25,27.78686,3439.463,146.8821,410.6053,225.7817,1,1,2407.624,2407.307,695.7357,365.9086,1061.644,3,0,0,261.6443,800,0,223.7898,211.5338,0.1057669,0.1684556,0.3172331,0,250,0.3172331,1711.571,193.0164,54.91492,51.19039,282.5073,32.76531,463.589,329.5637,134.0253,701.7813,0,1917.412,0,-5.684342e-14,-4.271583e-14,4.263256e-14
naive,2026-01-26 15:30:00,2078,15.5,27.91914,3479.024,129.3174,416.7224,237.0384,1,1,2435.317,2435,848.8071,424.4197,1273.227,3,75.40689,129.9709,267.8489,800,0,46.00214,200,0.1,0.1331998,0.3172331,0,250,0.3172331,1586.193,197.3101,54.7758,7.908345,286.7515,39.7283,470.2388,306.2802,163.9586,738.371,0,1923.408,0,0,2.331468e-15,4.263256e-14
naive,2026-01-26 15:45:00,2079,15.75,27.9595,3446.133,153.9164,410.0276,221.4092,1,1,2412.293,2411.976,1287.526,551.5535,1839.08,4,132.5329,132.2811,274.2658,800,500,0,324.9685,0.1624843,0.1259371,0.3172331,0,250,0.3172331,1124.449,201.9485,54.73334,21.38353,277.7464,19.46073,466.1927,217.3078,248.8849,772.6222,0,1999.669,0,0,1.24345e-13,4.263256e-14
naive,2026-01-26 16:00:00,2080,16,28.21033,3445.988,160.4736,410.5802,222.1956,1,1,2412.192,2411.875,706.4678,370.6398,1077.108,3,0,0,277.1076,800,0,287.183,253.1216,0.1265608,0.2046279,0.3172331,0,250,0.3172331,1705.407,203.485,54.46954,2.840383,281.0304,18.71066,468.6722,331.3487,137.3234,705.6239,0,1839.647,0,0,-7.993606e-15,4.263256e-14
naive,2026-01-26 16:15:00,2081,16.25,27.95065,3458.724,151.8703,405.4319,213.925,1,1,2421.107,2420.79,762.8136,395.4798,1158.293,3,0,83.63107,274.6623,800,0,212.327,200,0.1,0.159387,0.3172331,0,250,0.3172331,1657.976,202.2599,54.74265,0,275.4229,11.66507,467.8081,320.3554,147.4527,718.0891,0,1849.697,0,-1.136868e-13,1.748601e-15,4.263256e-14
naive,2026-01-26 16:30:00,2082,16.5,27.73422,3431.192,182.0233,395.0745,202.5897,1,1,2401.834,2401.517,1334.298,564.352,1898.65,4,198.2773,129.1074,271.2656,800,500,0,324.9685,0.1624843,0.1259371,0.3172331,0,250,0.3172331,1067.219,200.2282,54.97029,0,265.9671,2.361492,461.9591,205.2645,256.6945,770.0707,0,1937.093,0,0,1.24345e-13,4.263256e-14
naive,2026-01-26 16:45:00,2083,16.75,27.75325,3409.365,198.1077,387.7949,194.9818,1,1,2386.556,2386.239,694.7729,365.4842,1060.257,3,0,0,260.2571,800,0,367.5221,233.0368,0.1165184,0.2046279,0.3172331,0,250,0.3172331,1691.466,192.063,54.95027,0,260.3735,2.918805,459.2054,325.4607,133.7447,691.5065,0,1770.338,0,5.684342e-14,-6.483702e-14,4.263256e-14
naive,2026-01-26 17:00:00,2084,17,27.55116,3378.704,231.7043,382.4232,180.3895,1,1,2365.093,2364.776,900.3441,437.7153,1338.059,3,154.6307,127.2587,256.17,800,0,132.0006,200,0.1,0.1467399,0.3172331,0,250,0.3172331,1464.432,189.461,55.16282,0,255.1645,0,453.1374,280.5762,172.5612,718.2915,0,1814.684,0,1.136868e-13,-3.497203e-15,4.263256e-14
naive,2026-01-26 17:15:00,2085,17.25,27.56925,3347.757,301.1814,372.7464,175.846,1,1,2343.43,2343.113,1415.56,584.1855,1999.746,4,332.6995,125.6339,241.4123,800,500,0,324.9685,0.1624843,0.1259371,0.3172331,0,250,0.3172331,927.5528,178.5114,55.14379,0,247.1125,0,449.1582,177.7813,271.377,761.9667,0,1888.166,0,0,1.24345e-13,4.263256e-14
naive,2026-01-26 17:30:00,2086,17.5,27.49555,3320.384,370.0674,371.6662,174.5964,1,1,2324.269,2323.951,689.9225,363.3459,1053.268,3,0,17.43752,235.8309,800,0,499.6694,200,0.1,0.2046279,0.3172331,0,250,0.3172331,1634.029,174.5233,55.2213,0,246.5933,0.07312405,444.7944,312.7035,132.0909,676.0634,0,1715.376,0,5.684342e-14,-7.993606e-15,4.263256e-14
naive,2026-01-26 17:45:00,2087,17.75,27.56948,3269.184,413.5961,365.8293,160.8054,1,1,2288.429,2288.111,1427.186,572.814,2000,4,428.0853,121.6898,219.8231,730.4019,500,0,324.9685,0.1624843,0.1259371,0.3172331,0,250,0.3172331,860.9254,162.5469,50.34619,0,244.1396,0,438.6183,165.0118,273.6066,737.8257,0,1840.153,0,1.136868e-13,1.24345e-13,4.263256e-14
naive,2026-01-26 18:00:00,2088,18,27.60552,3252.688,446.0001,3.36529,154.1218,1,1,2276.882,2276.565,656.5236,348.622,1005.146,3,0,0,205.1456,800,0,489.3931,202.5691,0.1012845,0.2046279,0.3172331,0,250,0.3172331,1620.041,151.6345,55.10565,0,2.823176,2.487293,436.737,310.746,125.991,659.8451,0,1262.566,0,-5.684342e-14,-7.993606e-15,4.263256e-14
naive,2026-01-26 18:15:00,2089,18.25,27.74235,3242.93,527.4426,2.623584,151.9318,1,1,2270.051,2269.734,1065.986,465.4056,1531.391,4,535.7079,1.792401,193.8908,800,0,10.14883,200,0.1,0.1275548,0.3172331,0,250,0.3172331,1203.748,143.1033,54.96174,0,0.8311825,8.828462,436.6875,231.5639,205.1236,698.6678,0,1336.938,0,0,6.938894e-16,4.263256e-14
naive,2026-01-26 18:30:00,2090,18.5,27.81137,3254.893,572.3705,0,149.3061,1,1,2278.425,2278.108,1441.042,558.9576,2000,4,593.5634,1.815816,178.0019,726.6189,500,0,324.9685,0.1624843,0.1259371,0.3172331,0,250,0.3172331,837.0654,131.278,49.85436,0,0,18.02805,438.9395,161.261,277.6785,723.6916,0,1391.297,0,0,1.24345e-13,4.263256e-14
naive,2026-01-26 18:45:00,2091,18.75,27.90756,3232.822,640.9099,0,136.9217,1,1,2262.976,2262.658,743.4069,369.9159,1113.323,3,142.9776,0.9938932,169.3513,800,0,499.6694,200,0.1,0.2046279,0.3172331,0,250,0.3172331,1519.252,124.7678,54.78798,0,0,12.15395,436.8537,293.2823,143.5714,665.5444,0,1269.452,0,-5.684342e-14,-7.993606e-15,4.263256e-14
naive,2026-01-26 19:00:00,2092,19,27.89279,3205.914,692.5348,0.4195952,131.161,1,0,2244.14,2243.823,1453.999,546.0008,2000,4,699.5101,2.886802,152.9569,644.6463,500,0,324.9685,0.1624843,0.1259371,0.3172331,0,250,0.3172331,789.8236,112.7074,44.1611,0,0,18.45361,433.0818,152.4228,280.6589,701.9849,0,1354.289,0,1.136868e-13,1.24345e-13,4.263256e-14
naive,2026-01-26 19:15:00,2093,19.25,27.93331,3244.874,721.5474,0,112.4508,1,0,2271.412,2271.094,778.8429,377.0458,1155.889,3,214.3643,3.469355,138.0551,800,0,499.6694,200,0.1,0.2046279,0.3172331,0,250,0.3172331,1492.251,101.6822,54.76089,7.513694,0,10.76864,438.7221,288.2277,150.4944,667.3534,0,1286.062,0,0,-7.993606e-15,4.263256e-14
naive,2026-01-26 19:30:00,2094,19.5,27.88459,3225.654,756.8998,0,109.3264,1,0,2257.958,2257.641,1455.554,544.446,2000,4,721.3606,5.630999,123.5105,649.498,500,0,324.9685,0.1624843,0.1259371,0.3172331,0,250,0.3172331,802.0866,91.01775,44.50046,35.53919,0,18.30863,435.6725,154.7625,280.9101,702.7411,0,1416.724,0,0,1.24345e-13,4.263256e-14
naive,2026-01-26 19:45:00,2095,19.75,27.67977,3202.154,748.9235,0,93.09869,0,0,2241.508,2241.191,756.8425,367.6346,1124.477,3,211.9462,1.187736,111.3432,800,0,499.6694,200,0.1,0.2046279,0.3172331,0,250,0.3172331,1484.348,82.23381,55.02756,37.30785,0,10.86488,430.6264,285.165,145.4615,0,654.8869,3604.328,0,-1.136868e-13,-7.993606e-15,4.263256e-14
naive,2026-01-26 20:00:00,2096,20,27.37779,3173.429,712.5969,0,88.97438,0,0,2221.4,2221.083,1449.997,550.0029,2000,4,691.3542,2.005698,97.17483,709.4653,500,0,324.9685,0.1624843,0.1259371,0.3172331,0,250,0.3172331,771.0859,72.00438,49.08184,21.24275,0,16.97,424.0573,147.1975,276.8598,0,700.4399,3833.846,0,0,1.24345e-13,4.263256e-14
naive,2026-01-26 20:15:00,2097,20.25,27.07167,3160.933,661.3046,0,85.0081,0,0,2212.653,2212.336,699.0031,348.79,1047.793,3,156.0117,0.6343307,91.14706,800,0,499.6694,200,0.1,0.2046279,0.3172331,0,250,0.3172331,1513.333,67.76115,55.66712,5.623451,0,17.24695,419.6898,287.0447,132.6451,0,639.1061,3462.158,0,-1.136868e-13,-7.993606e-15,4.263256e-14
naive,2026-01-26 20:30:00,2098,20.5,26.97727,3127.289,609.3932,9.110354,76.53615,0,0,2189.103,2188.785,1439.669,560.3305,2000,4,618.4279,2.293094,85.94906,793.33,500,0,324.9685,0.1624843,0.1259371,0.3172331,0,250,0.3172331,749.1159,63.96173,55.30145,0,6.81726,12.57442,414.4065,141.8108,272.5957,0,704.5218,3824.415,0,0,1.24345e-13,4.263256e-14
naive,2026-01-26 20:45:00,2099,20.75,26.49779,3107.094,555.5392,8.073943,65.17526,0,0,2174.966,2174.648,607.1132,320.9973,928.1105,2,49.1105,3.648655,75.35137,800,0,499.6694,200,0.1,0.2046279,0.3172331,0,250,0.3172331,1567.535,56.36416,56.27069,6.759256,4.425288,8.8111,407.6601,293.8076,113.8524,0,616.4565,3346.499,0,5.684342e-14,-7.993606e-15,4.263256e-14
naive,2026-01-26 21:00:00,2100,21,26.34664,3080.522,472.9784,2.752269,59.93801,0,0,2156.365,2156.048,1338.953,530.5616,1869.515,4,499.5787,4.163181,65.77289,800,500,0,324.9685,0.1624843,0.1259371,0.3172331,0,250,0.3172331,817.0947,49.27882,56.42966,0,0,10.65919,402.9181,152.6746,250.2435,0,685.2279,3705.27,0,-1.136868e-13,1.24345e-13,4.263256e-14
naive,2026-01-26 21:15:00,2101,21.25,26.06512,3048.57,410.6908,0,54.18636,0,0,2133.999,2133.682,555.6148,304.1364,859.7512,2,0,0,59.75119,800,0,440.0651,214.9011,0.1074505,0.2046279,0.3172331,0,250,0.3172331,1578.067,44.90177,56.72575,0,0,9.284588,396.445,293.1664,103.2786,0,599.0277,3230.836,0,5.684342e-14,4.884981e-14,4.263256e-14
naive,2026-01-26 21:30:00,2102,21.5,25.97041,3040.516,355.5711,0,48.20278,0,0,2128.361,2128.044,796.1207,373.3877,1169.508,3,309.1445,2.643058,57.72077,800,0,59.46901,200,0.1,0.1353201,0.3172331,0,250,0.3172331,1331.924,43.41969,56.82536,0,0,4.783095,394.6339,246.961,147.673,0,621.2356,3352.867,0,-1.705303e-13,-2.359224e-15,4.263256e-14
naive,2026-01-26 21:45:00,2103,21.75,25.79698,3009.477,281.4615,0.7549543,42.9008,0,0,2106.634,2106.317,1175.543,481.7491,1657.292,4,304.3276,1.12143,51.84272,800,500,0,324.9685,0.1624843,0.1259371,0.3172331,0,250,0.3172331,930.774,39.06993,57.00777,0,0,3.830875,389.2285,171.9728,217.2557,0,654.4297,3535.23,0,1.705303e-13,1.24345e-13,4.263256e-14
naive,2026-01-26 22:00:00,2104,22,25.49279,3060.621,222.4272,0.020005,36.79768,0,0,2142.435,2142.117,546.252,300.0089,846.2609,2,0,0,46.26086,800,0,255.0821,261.1468,0.1305734,0.2046279,0.3172331,0,250,0.3172331,1595.865,34.97588,57.3277,0,0,1.821803,393.4109,293.0455,100.3654,0,593.3889,3199.145,0,-5.684342e-14,4.884981e-14,4.263256e-14
naive,2026-01-26 22:15:00,2105,22.25,25.2838,3028.665,197.129,4.80833,40.03069,0,0,2120.065,2119.748,543.5466,298.8162,842.3628,2,0,0,42.36277,800,0,210.696,208.4317,0.1042159,0.1644403,0.3172331,0,250,0.3172331,1576.202,32.09953,57.5475,0,2.966304,7.931163,387.6668,288.218,99.44881,0,588.4845,3177.041,0,5.684342e-14,-1.021405e-14,4.263256e-14
naive,2026-01-26 22:30:00,2106,22.5,24.77191,3074.616,149.3107,3.579878,36.40813,0,0,2152.231,2151.914,659.1945,332.695,991.8895,2,143.7842,4.418267,43.68704,800,0,33.5957,200,0.1,0.1312464,0.3172331,0,250,0.3172331,1492.719,33.28187,58.08588,0,0,3.12626,38.74016,26.86895,11.87121,0,360.1298,1915.367,0,-5.684342e-14,-3.191891e-15,4.263256e-14
naive,2026-01-26 22:45:00,2107,22.75,24.59185,3074.713,150.8536,3.811479,31.25989,0,0,2152.299,2151.982,1055.904,446.0991,1502.003,4,160.6407,5.123908,36.23805,800,500,0,324.9685,0.1624843,0.1259371,0.3172331,0,250,0.3172331,1096.078,27.65924,58.27525,0,0,3.60065,38.74138,19.72941,19.01197,0,466.4779,2500.069,0,1.136868e-13,1.24345e-13,4.263256e-14
naive,2026-01-26 23:00:00,2108,23,24.43383,3088.007,140.0384,13.63081,33.89743,0,1,2161.605,2161.288,535.9806,295.4807,831.4613,2,0,0,31.46132,800,0,158.1667,285.3757,0.1426878,0.2046279,0.3172331,0,250,0.3172331,1625.307,24.0531,58.44145,0,7.86814,9.844327,38.90889,29.25553,9.653361,0,326.5061,1743.609,0,-5.684342e-14,2.04281e-14,4.263256e-14
naive,2026-01-26 23:15:00,2109,23.25,23.97269,3112.212,128.2923,3.237041,28.37211,0,1,2178.548,2178.231,537.4312,296.1202,833.5515,2,0,0,33.55146,800,0,139.2402,250.5207,0.1252604,0.1796969,0.3172331,0,250,0.3172331,1640.8,25.77485,58.92646,0,0,2.597261,39.21387,29.5344,9.679472,0,326.1173,1727.353,0,0,1.479372e-14,4.263256e-14
naive,2026-01-26 23:30:00,2110,23.5,23.86531,3053.82,105.9026,7.035117,25.53255,0,1,2137.674,2137.357,535.6255,295.3242,830.9497,2,0,0,30.94973,800,0,129.7566,218.0421,0.1090211,0.1577492,0.3172331,0,250,0.3172331,1601.731,23.80274,59.0394,0,0,1.729811,38.47814,28.83117,9.64697,0,324.4629,1718.127,0,0,3.008704e-14,4.263256e-14
naive,2026-01-26 23:45:00,2111,23.75,23.62885,3088.327,84.79727,9.816793,24.42705,1,1,2161.829,2161.512,563.5718,303.9133,867.4851,2,31.36341,4.90087,31.22087,800,0,72.03125,200,0.1,0.1372979,0.3172331,0,250,0.3172331,1597.94,24.07033,59.28808,0,4.915923,0.3567257,38.91292,28.76292,10.15,332.7394,0,607.2596,0,5.684342e-14,-4.57967e-15,4.263256e-14
naive,2026-01-27 00:00:00,2112,0,23.43155,3087.033,88.03165,3.43797,21.52901,1,1,2160.923,2160.606,1010.393,432.0733,1442.467,3,109.8895,5.492969,27.08416,800,500,0,324.9685,0.1624843,0.1259371,0.3172331,0,250,0.3172331,1150.212,20.92381,59.4956,0,0,0.6052024,38.89661,20.70382,18.19279,452.8838,0,838.8351,0,5.684342e-14,1.24345e-13,4.263256e-14
naive,2026-01-27 00:15:00,2113,0.25,23.02833,3061.496,92.99268,16.32685,23.84722,1,1,2143.047,2142.73,532.9969,294.1654,827.1623,2,0,0,27.16227,800,0,109.0465,297.6557,0.1488279,0.2046279,0.3172331,0,250,0.3172331,1609.733,21.07176,59.91968,0,9.701802,2.775457,38.57485,28.97519,9.599655,323.626,0,596.578,0,5.684342e-14,7.727152e-14,4.263256e-14
naive,2026-01-27 00:30:00,2114,0.5,22.89452,3034.08,105.8325,2.813406,24.82595,1,1,2123.856,2123.539,529.1183,292.4555,821.5738,2,0,0,21.57378,800,0,102.3527,272.0207,0.1360104,0.1874295,0.3172331,0,250,0.3172331,1594.421,16.75946,60.06041,4.609933,1.683303,8.066488,38.22941,28.69957,9.52984,322.5624,0,588.4127,0,5.684342e-14,7.721601e-14,4.263256e-14
naive,2026-01-27 00:45:00,2115,0.75,22.76027,3039.489,61.85078,4.449819,32.32745,1,1,2127.642,2127.325,524.0892,290.2384,814.3275,2,0,0,14.32755,800,0,92.86476,248.7617,0.1243808,0.1712874,0.3172331,0,250,0.3172331,1603.236,11.14565,60.20161,0,1.473461,21.18179,38.29756,28.85824,9.439315,322.7827,0,580.3804,0,0,1.532108e-14,4.263256e-14
naive,2026-01-27 01:00:00,2116,1,22.55199,2995.014,76.90064,0,27.98611,1,1,2096.509,2096.192,522.3467,289.4702,811.8169,2,0,0,11.81692,800,0,93.98408,225.2265,0.1126133,0.1566416,0.3172331,0,250,0.3172331,1573.846,9.212284,60.42067,0,0,18.77383,37.73717,28.32922,9.407951,321.0535,0,574.1338,0,-5.684342e-14,1.887379e-14,4.263256e-14
naive,2026-01-27 01:15:00,2117,1.25,22.22318,3043.446,91.7117,0,34.36368,1,1,2130.412,2130.095,519.736,288.3193,808.0553,2,0,0,8.055339,800,0,98.19263,200.6429,0.1003214,0.1418218,0.3172331,0,250,0.3172331,1610.359,6.301003,60.7665,0,0,28.06267,38.34741,28.98646,9.360959,322.1396,0,575.9169,0,5.684342e-14,4.560241e-14,4.263256e-14
naive,2026-01-27 01:30:00,2118,1.5,22.13036,3033.722,81.82834,0,24.39875,1,1,2123.605,2123.288,606.7227,313.777,920.4997,2,108.3594,1.866589,10.27372,800,0,2.445238,200,0.1,0.1263419,0.3172331,0,250,0.3172331,1516.565,8.043881,60.86412,0,0,16.35487,38.2249,27.29818,10.92672,343.8874,0,619.3026,0,0,5.551115e-17,4.263256e-14
naive,2026-01-27 01:45:00,2119,1.75,22.10656,3049.429,89.4469,0,22.3935,1,1,2134.6,2134.283,997.6831,426.2283,1423.911,3,111.9215,1.398391,10.59146,800,500,0,324.9685,0.1624843,0.1259371,0.3172331,0,250,0.3172331,1136.6,8.294678,60.88915,0,0,14.09882,38.42281,20.4588,17.96401,449.1103,0,829.7202,0,-1.136868e-13,1.24345e-13,4.263256e-14
naive,2026-01-27 02:00:00,2120,2,21.97847,3045.592,81.16422,0,22.61888,1,1,2131.915,2131.597,526.3045,291.215,817.5195,2,0,0,17.51946,800,0,107.8069,297.9656,0.1489828,0.2046279,0.3172331,0,250,0.3172331,1605.293,13.73827,61.02387,0,0,8.880607,38.37446,28.89527,9.47919,321.6329,0,574.614,0,5.684342e-14,-5.062617e-14,4.263256e-14
naive,2026-01-27 02:15:00,2121,2.25,21.93704,3031.886,76.85794,0.04794427,10.86024,1,1,2122.32,2122.003,525.6436,290.9237,816.5673,2,0,0,16.56727,800,0,116.7115,268.7409,0.1343704,0.1876246,0.3172331,0,250,0.3172331,1596.359,12.99709,61.06744,0,0,0,38.20177,28.73447,9.467295,319.6581,0,570.6154,0,0,-8.870682e-14,4.263256e-14
naive,2026-01-27 02:30:00,2122,2.5,21.69721,3022.662,60.69861,0,17.05992,1,1,2115.863,2115.546,526.3983,291.2564,817.6547,2,0,0,17.65471,800,0,113.6057,240.2971,0.1201486,0.1692222,0.3172331,0,250,0.3172331,1589.148,13.88405,61.31968,0,0,3.175862,38.08554,28.60466,9.48088,320.4027,0,571.8207,0,-5.684342e-14,4.315992e-14,4.263256e-14
naive,2026-01-27 02:45:00,2123,2.75,21.56567,3003.956,81.22569,0,16.39998,1,1,2102.769,2102.452,526.053,291.1042,817.1572,2,0,0,17.15721,800,0,114.1056,211.7329,0.1058665,0.1513116,0.3172331,0,250,0.3172331,1576.399,13.51087,61.45803,0,0,2.889116,37.84985,28.37518,9.474665,319.9709,0,570.8015,0,-5.684342e-14,-2.603473e-14,4.263256e-14
naive,2026-01-27 03:00:00,2124,3,21.47409,3042.386,87.75933,0,9.585171,1,1,2129.67,2129.353,577.1463,305.7599,882.9062,2,66.14578,1.752396,15.00801,800,0,46.7983,200,0.1,0.1333251,0.3172331,0,250,0.3172331,1552.207,11.82942,61.55435,0,0,0,38.33407,27.93972,10.39434,333.6996,0,598.1507,0,-5.684342e-14,9.15934e-16,4.263256e-14
naive,2026-01-27 03:15:00,2125,3.25,21.36379,3042.578,87.92866,0,16.68185,1,1,2129.805,2129.487,1001.847,428.1008,1429.948,3,111.6116,3.406179,14.93008,800,500,0,324.9685,0.1624843,0.1259371,0.3172331,0,250,0.3172331,1127.64,11.78117,61.67035,0,0,4.900673,38.33649,20.29753,18.03896,449.229,0,829.0788,0,-1.136868e-13,1.24345e-13,4.263256e-14
naive,2026-01-27 03:30:00,2126,3.5,21.61398,3056.758,91.57418,3.816921,21.20903,1,1,2139.731,2139.413,525.0841,290.677,815.7612,2,0,0,15.76116,800,0,111.2023,297.1168,0.1485584,0.2046279,0.3172331,0,250,0.3172331,1614.329,12.40542,61.40721,0,1.995934,8.803603,38.51515,29.05792,9.457225,321.2341,0,576.828,0,0,-2.220446e-14,4.263256e-14
naive,2026-01-27 03:45:00,2127,3.75,21.55966,3068.083,109.5761,1.66412,15.78878,1,1,2147.658,2147.341,524.1667,290.2725,814.4392,2,0,0,14.43921,800,0,131.7525,264.1319,0.1320659,0.1870901,0.3172331,0,250,0.3172331,1623.174,11.3712,61.46435,0,0,4.417573,38.65784,29.21713,9.44071,320.2412,0,571.3349,0,0,1.187939e-14,4.263256e-14
naive,2026-01-27 04:00:00,2128,4,21.3906,3083.414,146.6962,0.08180381,16.60707,1,1,2158.389,2158.072,526.3275,291.2252,817.5527,2,0,0,17.55272,800,0,147.8172,227.136,0.113568,0.16632,0.3172331,0,250,0.3172331,1631.745,13.84691,61.64216,1.808698,0,2.760157,38.85101,29.3714,9.479606,321.0646,0,575.9019,0,0,4.884981e-14,4.263256e-14
naive,2026-01-27 04:15:00,2129,4.25,21.41762,3091.357,184.6769,0.8513099,16.96176,1,1,2163.95,2163.633,572.5857,305.2965,877.8823,2,53.14029,3.516439,21.22556,800,0,108.401,200,0.1,0.1430242,0.3172331,0,250,0.3172331,1591.047,16.73973,61.61374,23.13561,0,0.2220346,38.9511,28.63885,10.31225,333.9731,0,638.5396,0,5.684342e-14,6.550316e-15,4.263256e-14
naive,2026-01-27 04:30:00,2130,4.5,21.20838,3119.409,208.9393,0,13.04134,1,1,2183.586,2183.269,1067.564,446.743,1514.307,4,198.4415,3.265366,12.60054,800,500,0,324.9685,0.1624843,0.1259371,0.3172331,0,250,0.3172331,1115.705,9.958621,61.83381,10.49781,0,3.08272,39.30455,20.08269,19.22187,467.3467,0,883.2391,0,0,1.24345e-13,4.263256e-14
naive,2026-01-27 04:45:00,2131,4.75,21.20532,3096.182,232.4014,0,18.04933,1,1,2167.327,2167.01,527.5373,291.7585,819.2957,2,0,0,19.29574,800,0,234.5663,266.2758,0.1331379,0.2046279,0.3172331,0,250,0.3172331,1639.473,15.25053,61.83702,0,0,2.798797,39.01189,29.51051,9.501381,321.742,0,573.9173,0,5.684342e-14,7.727152e-14,4.263256e-14
naive,2026-01-27 05:00:00,2132,5,21.26879,3070.566,294.1473,0,11.01454,1,1,2149.396,2149.079,537.2366,294.7445,831.9811,2,10.84325,2.902225,18.23565,800,0,264.9355,200,0.1,0.16767,0.3172331,0,250,0.3172331,1611.842,14.40342,61.77027,18.36857,0,0,38.68913,29.01316,9.675969,323.7577,0,609.7096,0,0,-1.473821e-14,4.263256e-14
naive,2026-01-27 05:15:00,2133,5.25,21.18163,3073.643,332.9994,0,16.0982,1,1,2151.55,2151.233,1180.555,479.6417,1660.197,4,340.619,1.528445,18.04954,800,500,0,324.9685,0.1624843,0.1259371,0.3172331,0,250,0.3172331,970.6779,14.26901,61.86194,0,0,1.829188,38.72791,17.4722,21.25571,497.4229,0,925.2511,0,5.684342e-14,1.24345e-13,4.263256e-14
naive,2026-01-27 05:30:00,2134,5.5,21.13305,3072.85,436.2444,5.426048,13.23484,1,1,2150.995,2150.678,527.4257,291.7093,819.135,2,0,0,19.135,800,0,429.0486,217.6552,0.1088276,0.2046279,0.3172331,0,250,0.3172331,1623.252,15.13456,61.91304,7.419886,5.201993,0,38.71791,29.21853,9.499373,320.9278,0,593.9762,0,0,-7.993606e-15,4.263256e-14
naive,2026-01-27 05:45:00,2135,5.75,21.01985,3084.031,526.2867,9.125739,18.98698,1,1,2158.822,2158.504,877.206,392.4079,1269.614,3,449.7492,3.491024,16.37368,800,0,70.48379,200,0.1,0.1370543,0.3172331,0,250,0.3172331,1281.298,12.96536,62.03209,6.053743,5.634715,6.021627,38.85879,23.06337,15.79542,416.4854,0,783.3473,0,-1.136868e-13,9.15934e-16,4.263256e-14
naive,2026-01-27 06:00:00,2136,6,21.06294,3122.84,595.2382,6.529676,29.50901,1,1,2185.988,2185.671,1378.923,536.1381,1915.061,4,600.8237,3.067174,11.16983,800,500,0,324.9685,0.1624843,0.1259371,0.3172331,0,250,0.3172331,806.7482,8.840884,61.98677,0,3.462501,20.66812,39.34778,14.52147,24.82632,554.1431,0,1044.524,0,0,1.24345e-13,4.263256e-14
naive,2026-01-27 06:15:00,2137,6.25,21.01579,3151.343,665.5785,2.250427,32.05879,1,1,2205.94,2205.623,663.28,330.8909,994.1709,2,174.0904,0.05865657,20.02185,800,0,499.6694,200,0.1,0.2046279,0.3172331,0,250,0.3172331,1542.343,15.85478,62.03636,0,2.19177,16.20401,39.70692,27.76217,11.94475,361.3818,0,656.7536,0,-1.136868e-13,-7.993606e-15,4.263256e-14
naive,2026-01-27 06:30:00,2138,6.5,21.2985,3166.939,715.1312,1.807677,24.31785,1,1,2216.857,2216.54,1450.502,549.4981,2000,4,727.1386,0.2790329,15.41623,757.1661,500,0,324.9685,0.1624843,0.1259371,0.3172331,0,250,0.3172331,766.0382,12.17284,58.43337,0,1.528644,12.14502,39.90343,13.78869,26.11475,565.3427,0,1067.585,0,0,1.24345e-13,4.263256e-14
naive,2026-01-27 06:45:00,2139,6.75,21.45098,3149.079,762.7114,0,27.00937,1,1,2204.355,2204.038,729.7182,350.5208,1080.239,3,255.289,0.2578932,24.69211,800,0,499.6694,200,0.1,0.2046279,0.3172331,0,250,0.3172331,1474.32,19.46706,61.57866,7.752935,0,7.542309,39.6784,26.53776,13.14064,378.339,0,700.7759,0,1.136868e-13,-7.993606e-15,4.263256e-14
naive,2026-01-27 07:00:00,2140,7,21.50328,3169.561,763.5112,0,24.63942,1,1,2218.693,2218.376,1455.95,544.0501,2000,4,762.6456,0.302233,28.88848,708.1637,500,0,324.9685,0.1624843,0.1259371,0.3172331,0,250,0.3172331,762.4258,22.76336,54.46102,0.8656321,0,1.876057,39.93647,13.72366,26.21281,558.0926,0,1056.41,0,2.273737e-13,1.24345e-13,4.263256e-14
naive,2026-01-27 07:15:00,2141,7.25,21.41486,3181.014,754.9258,1.613197,28.41786,1,1,2226.71,2226.393,732.2845,351.8259,1084.11,3,253.8291,0.5024449,29.77884,800,0,499.6694,200,0.1,0.2046279,0.3172331,0,250,0.3172331,1494.108,23.48601,61.61664,1.427292,1.110752,4.931848,40.08078,26.89395,13.18683,379.5565,0,694.1724,0,1.136868e-13,-7.993606e-15,4.263256e-14
naive,2026-01-27 07:30:00,2142,7.5,21.79193,3207.595,709.0087,0,36.31273,1,1,2245.316,2244.999,1450.405,549.5947,2000,4,718.434,0.6708482,35.84215,745.053,500,0,324.9685,0.1624843,0.1259371,0.3172331,0,250,0.3172331,794.5937,28.1599,57.01524,0,0,8.152827,40.41569,14.30269,26.11301,565.2903,0,1066.438,0,2.273737e-13,1.24345e-13,4.263256e-14
naive,2026-01-27 07:45:00,2143,7.75,22.08286,3213.49,627.4873,0,29.5609,1,1,2249.443,2249.126,669.4159,334.8491,1004.265,3,163.5565,0.7075263,40.00099,800,0,499.6694,200,0.1,0.2046279,0.3172331,0,250,0.3172331,1579.71,31.33426,60.91407,0,0,0,40.48997,28.43477,12.0552,363.2838,0,658.0393,0,0,-7.993606e-15,4.263256e-14
naive,2026-01-27 08:00:00,2144,8,22.27594,3212.108,563.206,371.6473,21.94528,1,1,2248.475,2248.158,1447.251,552.7487,2000,4,595.199,255.238,41.21901,608.344,500,0,324.9685,0.1624843,0.1259371,0.3172331,0,250,0.3172331,800.9069,32.22471,46.16647,0,116.4093,0,40.47256,14.41632,26.05623,567.165,0,1283.199,0,0,1.24345e-13,4.263256e-14
naive,2026-01-27 08:15:00,2145,8.25,22.44433,3227.52,482.8149,387.0315,25.10589,1,1,2259.264,2258.946,740.8194,382.5961,1123.415,3,26.79558,257.8246,38.79527,800,0,499.6694,200,0.1,0.2046279,0.3172331,0,250,0.3172331,1518.127,30.27759,60.5339,0,129.2068,0,40.66675,27.32629,13.34046,409.9224,0,974.626,0,5.684342e-14,-7.993606e-15,4.263256e-14
naive,2026-01-27 08:30:00,2146,8.5,22.62045,3222.537,394.8339,382.1953,28.72937,1,1,2255.776,2255.459,1426.609,573.3914,2000,4,435.5993,263.6347,47.04024,753.7257,500,0,324.9685,0.1624843,0.1259371,0.3172331,0,250,0.3172331,828.8502,36.64606,56.85792,0,118.5605,0,40.60397,14.9193,25.68467,588.3107,0,1317.173,0,2.273737e-13,1.24345e-13,4.263256e-14
naive,2026-01-27 08:45:00,2147,8.75,22.72367,3218.33,308.778,379.3411,28.88084,1,1,2252.831,2252.513,646.9595,344.4057,991.3652,2,0,138.0568,53.30838,800,0,499.6694,200,0.1,0.2046279,0.3172331,0,250,0.3172331,1605.554,41.48515,60.24011,0,111.6328,0,40.55095,28.89997,11.65098,373.3056,0,871.4077,0,0,-7.993606e-15,4.263256e-14
naive,2026-01-27 09:00:00,2148,9,23.14344,3246.151,246.0781,389.9477,37.30155,1,1,2272.306,2271.989,1352.656,561.3157,1913.971,4,291.8321,271.945,50.19438,800,500,0,324.9685,0.1624843,0.1259371,0.3172331,0,250,0.3172331,919.333,38.89324,59.79862,0,118.0027,0,40.90151,16.54799,24.35351,577.8637,0,1292.009,0,0,1.24345e-13,4.263256e-14
naive,2026-01-27 09:15:00,2149,9.25,23.35071,3266.553,194.5835,384.6725,43.31842,1,1,2286.587,2286.27,570.5943,310.7401,881.3345,2,0,22.62574,58.70872,800,0,499.6694,200,0.1,0.2046279,0.3172331,0,250,0.3172331,1715.676,45.39325,59.58062,0,112.5479,0,41.15857,30.88216,10.27641,341.6223,0,810.3615,0,0,-7.993606e-15,4.263256e-14
naive,2026-01-27 09:30:00,2150,9.5,23.35211,3310.992,149.2885,384.9152,49.54985,1,1,2317.694,2317.377,1306.937,549.8255,1856.762,4,218.993,275.1799,62.58952,800,500,0,324.9685,0.1624843,0.1259371,0.3172331,0,250,0.3172331,1010.44,48.39316,59.57915,0,109.7353,1.156694,41.7185,18.18792,23.53058,568.217,0,1258.701,0,1.136868e-13,1.24345e-13,4.263256e-14
naive,2026-01-27 09:45:00,2151,9.75,23.46565,3329.378,118.0623,393.8232,55.56494,1,1,2330.565,2330.247,558.9642,305.613,864.5772,2,0,0,64.57723,800,0,458.4647,210.3012,0.1051506,0.2046279,0.3172331,0,250,0.3172331,1771.283,49.87137,59.45973,0,114.9448,5.693567,41.95016,31.8831,10.06707,338.5005,0,808.3886,0,5.684342e-14,-7.993606e-15,4.263256e-14
naive,2026-01-27 10:00:00,2152,10,23.33675,3315.053,101.1765,410.2572,54.7931,1,1,2320.537,2320.22,853.5778,420.3869,1273.965,3,126.9874,276.0188,70.95846,800,0,41.07233,200,0.1,0.1324236,0.3172331,0,250,0.3172331,1466.642,54.87261,59.59531,0,134.2384,0,41.76966,26.39955,15.37011,446.7864,0,1058.089,0,5.684342e-14,1.471046e-15,4.263256e-14
naive,2026-01-27 10:15:00,2153,10.25,23.64028,3369.535,80.86535,415.1385,70.93209,1,1,2358.675,2358.357,1272.549,542.7846,1815.334,4,150.7417,277.9029,86.6889,800,500,0,324.9685,0.1624843,0.1259371,0.3172331,0,250,0.3172331,1085.808,66.82655,59.27607,0,137.2356,4.105545,42.45614,19.54455,22.91159,563.0559,0,1296.158,0,2.273737e-13,1.24345e-13,4.263256e-14
naive,2026-01-27 10:30:00,2154,10.5,23.96095,3422.716,92.44312,407.2566,80.58666,1,1,2395.901,2395.584,586.1862,317.6138,903.8,2,0,0,103.8,800,0,400.5857,224.7709,0.1123855,0.2046279,0.3172331,0,250,0.3172331,1809.398,79.75085,58.9388,0,125.7402,0.8358117,43.12622,32.56916,10.55706,350.3318,0,851.2594,0,0,-7.993606e-15,4.263256e-14
naive,2026-01-27 10:45:00,2155,10.75,24.41496,3401.368,94.10735,419.9539,86.38122,1,1,2380.958,2380.641,794.267,409.346,1203.613,3,0,284.1731,119.4399,800,0,98.94216,200,0.1,0.141535,0.3172331,0,250,0.3172331,1586.374,91.33331,58.4613,0,133.5798,0,42.85724,28.55473,14.30252,437.9008,0,1040.458,0,-1.136868e-13,1.110223e-16,4.263256e-14
naive,2026-01-27 11:00:00,2156,11,24.91104,3399.274,100.4266,414.1022,102.984,1,1,2379.491,2379.174,1265.999,545.9272,1811.926,4,100.052,286.2975,125.5768,800,500,0,324.9685,0.1624843,0.1259371,0.3172331,0,250,0.3172331,1113.175,95.52777,57.93955,0.3745423,127.8047,7.456197,42.83085,20.03715,22.7937,567.3176,0,1290.562,0,0,1.24345e-13,4.263256e-14
naive,2026-01-27 11:15:00,2157,11.25,25.03022,3439.078,83.74826,418.2272,105.8058,1,1,2407.355,2407.038,607.2272,326.8897,934.1169,2,0,0,134.1169,800,0,385.1038,228.6414,0.1143207,0.2046279,0.3172331,0,250,0.3172331,1799.81,101.8964,57.8142,0,134.499,3.909383,437.9656,327.4362,110.5294,655.0371,0,1477.044,0,0,4.884981e-14,4.263256e-14
naive,2026-01-27 11:30:00,2158,11.5,25.31218,3453.756,78.60702,410.6946,107.3437,1,1,2417.629,2417.312,796.8436,410.4819,1207.326,3,0,260.7564,146.5692,800,0,114.4217,200,0.1,0.1439721,0.3172331,0,250,0.3172331,1620.468,111.0266,57.51765,0,123.9757,0,442.3307,296.4817,145.849,706.9637,0,1563.078,0,1.136868e-13,4.773959e-15,4.263256e-14
naive,2026-01-27 11:45:00,2159,11.75,25.66442,3426.743,83.92207,416.5445,121.9826,1,1,2398.72,2398.403,1289.225,555.5625,1844.787,4,105.1265,283.1701,156.4907,800,500,0,324.9685,0.1624843,0.1259371,0.3172331,0,250,0.3172331,1109.178,118.1012,57.14718,0,133.3744,3.881426,442.0045,204.3847,237.6198,760.6624,0,1687.105,0,2.273737e-13,1.24345e-13,4.263256e-14
naive,2026-01-27 12:00:00,2160,12,25.98731,3470.796,84.91806,420.1262,131.1626,1,1,2429.557,2429.24,631.6547,337.6586,969.3133,2,0,0,169.3133,800,0,380.3899,229.8199,0.1149099,0.2046279,0.3172331,0,250,0.3172331,1797.585,127.3408,56.80759,0,137.8934,3.821765,450.636,333.4173,117.2186,671.7848,0,1517.527,0,0,4.884981e-14,4.263256e-14
naive,2026-01-27 12:15:00,2161,12.25,26.1373,3481.775,77.05118,413.7355,137.6912,1,1,2437.242,2436.925,816.0355,418.9427,1234.978,3,0,252.1152,182.863,800,0,119.1348,200,0.1,0.1447142,0.3172331,0,250,0.3172331,1620.89,137.3121,56.64984,0,123.2225,0.3791102,453.4491,301.5666,151.8825,720.5798,0,1589.987,0,0,-3.302913e-15,4.263256e-14
naive,2026-01-27 12:30:00,2162,12.5,26.45616,3497.382,72.29086,409.7476,157.1297,1,1,2448.168,2447.851,1308.234,565.8211,1874.055,4,89.33737,291.3492,193.3689,800,500,0,324.9685,0.1624843,0.1259371,0.3172331,0,250,0.3172331,1139.616,144.7077,56.31448,0,118.3983,12.42194,458.4736,213.4184,245.0553,781.5658,0,1704.015,0,2.273737e-13,1.24345e-13,4.263256e-14
naive,2026-01-27 12:45:00,2163,12.75,26.72952,3531.171,85.95806,418.4265,168.1996,1,1,2471.82,2471.502,656.4306,348.581,1005.012,3,0,0,205.0116,800,0,404.678,223.7479,0.1118739,0.2046279,0.3172331,0,250,0.3172331,1815.072,152.9722,56.02697,0,126.7991,15.22743,465.5244,341.8373,123.6871,693.2861,0,1542.27,0,-1.136868e-13,4.884981e-14,4.263256e-14
naive,2026-01-27 13:00:00,2164,13,27.10987,3513.482,100.3364,422.7464,183.0372,1,1,2459.437,2459.12,867.6315,441.0557,1308.687,3,5.321505,289.9888,213.3769,800,0,94.85055,200,0.1,0.1408907,0.3172331,0,250,0.3172331,1591.489,158.5648,55.62694,0.1643601,132.7576,24.47231,466.8711,302.1098,164.7614,747.811,0,1662.332,0,-5.684342e-14,5.745404e-15,4.263256e-14
naive,2026-01-27 13:15:00,2165,13.25,27.30095,3497.622,119.9388,417.3801,198.7372,1,1,2448.335,2448.018,1344.711,579.8922,1924.603,4,106.2289,288.924,229.4498,800,500,0,324.9685,0.1624843,0.1259371,0.3172331,0,250,0.3172331,1103.308,170.1582,55.42598,13.70985,128.4561,28.57896,466.6255,210.2782,256.3473,795.6172,0,1774.116,0,0,1.24345e-13,4.263256e-14
naive,2026-01-27 13:30:00,2166,13.5,27.45817,3518.378,107.586,417.5886,201.0695,1,1,2462.864,2462.547,685.1166,361.2272,1046.344,3,0,0,246.3438,800,0,391.3235,227.0865,0.1135432,0.2046279,0.3172331,0,250,0.3172331,1777.43,182.3768,55.26062,2.623115,131.228,18.69263,470.9469,339.8788,131.0681,704.6804,0,1578.086,0,0,-6.483702e-14,4.263256e-14
naive,2026-01-27 13:45:00,2167,13.75,27.57312,3540.699,113.4084,419.8452,212.1931,1,1,2478.489,2478.172,882.4568,448.2244,1330.681,3,0,278.2899,252.3913,800,0,108.203,200,0.1,0.142993,0.3172331,0,250,0.3172331,1595.715,186.6219,55.13972,14.20095,132.5598,25.57121,475.0833,305.8709,169.2124,758.9969,0,1709.124,0,1.136868e-13,-6.133982e-15,4.263256e-14
naive,2026-01-27 14:00:00,2168,14,27.69796,3537.304,119.0761,413.4059,219.007,1,1,2476.113,2475.796,1371.52,591.4118,1962.931,4,108.7432,287.9877,266.2005,800,500,0,324.9685,0.1624843,0.1259371,0.3172331,0,250,0.3172331,1104.276,196.5668,55.00842,10.33291,125.4182,22.44017,475.8805,212.2292,263.6513,807.9538,0,1788.194,0,0,1.24345e-13,4.263256e-14
naive,2026-01-27 14:15:00,2169,14.25,27.76396,3558.578,116.014,404.9072,228.7452,1,1,2491.004,2490.687,708.351,371.47,1079.821,3,0,0,279.8211,800,0,407.6556,223.0035,0.1115017,0.2046279,0.3172331,0,250,0.3172331,1782.336,206.4767,54.939,0,117.1129,22.2685,479.4114,343.0232,136.3882,718.779,0,1577.771,0,0,-7.993606e-15,4.263256e-14
naive,2026-01-27 14:30:00,2170,14.5,27.87696,3555.72,112.9089,407.3525,233.6663,1,1,2489.004,2488.687,931.8068,466.6734,1398.48,3,27.79849,292.3899,278.2918,800,0,91.87341,200,0.1,0.140422,0.3172331,0,250,0.3172331,1556.88,205.0967,54.82016,0,114.9626,28.56965,480.175,300.351,179.824,772.5361,0,1681.71,0,-5.684342e-14,-2.331468e-15,4.263256e-14
naive,2026-01-27 14:45:00,2171,14.75,28.08964,3567.5,110.193,407.951,238.1319,1,1,2497.25,2496.933,1398.933,601.0666,2000,4,127.6476,290.6172,284.1913,797.5438,500,0,324.9685,0.1624843,0.1259371,0.3172331,0,250,0.3172331,1097.999,208.961,54.42885,0,117.3338,29.17089,483.9501,212.7848,271.1653,819.5046,0,1780.177,0,0,1.24345e-13,4.263256e-14
naive,2026-01-27 15:00:00,2172,15,28.28449,3527.77,122.291,409.9197,243.0953,1,1,2469.439,2469.122,714.6368,374.2411,1088.878,3,0,0,288.8779,800,0,402.8679,224.2004,0.1121002,0.2046279,0.3172331,0,250,0.3172331,1754.485,211.9567,54.39154,1.173189,128.1696,31.13864,480.5565,341.4254,139.1311,721.7261,0,1605.378,0,5.684342e-14,-7.993606e-15,4.263256e-14
naive,2026-01-27 15:15:00,2173,15.25,28.57839,3507.981,133.7526,403.6567,244.5964,1,1,2455.587,2455.27,928.5181,465.2667,1393.785,3,27.43627,280.811,285.5375,800,0,96.66031,200,0.1,0.1411757,0.3172331,0,250,0.3172331,1526.752,208.8344,54.08244,9.65606,122.8457,35.762,480.8863,298.9892,181.8971,771.2593,0,1710.241,0,1.136868e-13,1.498801e-15,4.263256e-14
naive,2026-01-27 15:30:00,2174,15.5,28.82802,3520.153,122.0925,398.3565,240.0439,1,1,2464.107,2463.79,1399.123,600.8773,2000,4,126.2206,285.1461,297.0707,791.5626,500,0,324.9685,0.1624843,0.1259371,0.3172331,0,250,0.3172331,1064.667,216.6762,53.25226,0,113.2103,23.36769,485.1637,209.6248,275.539,815.103,0,1765.585,0,1.136868e-13,1.24345e-13,4.263256e-14
naive,2026-01-27 15:45:00,2175,15.75,29.00163,3479.871,126.8524,394.1042,237.0483,1,1,2435.91,2435.592,714.3495,374.1145,1088.464,3,0,0,288.4639,800,0,427.3724,218.0743,0.1090371,0.2046279,0.3172331,0,250,0.3172331,1721.243,209.998,53.63729,0,111.504,27.05027,481.4221,340.1786,141.2435,719.6392,0,1571.281,0,-1.136868e-13,-7.993606e-15,4.263256e-14
naive,2026-01-27 16:00:00,2176,16,28.92927,3445.562,130.3968,393.6652,230.0743,1,1,2411.894,2411.576,979.3463,480.5437,1459.89,3,87.37735,281.6957,290.817,800,0,72.15971,200,0.1,0.1373182,0.3172331,0,250,0.3172331,1432.23,211.8793,53.7134,0,111.9695,18.19503,475.927,282.6149,193.3121,766.7489,0,1666.218,0,0,1.720846e-15,4.263256e-14
naive,2026-01-27 16:15:00,2177,16.25,29.06937,3437.24,157.2274,398.9177,227.4981,1,1,2406.068,2405.751,1402.392,597.6079,2000,4,158.386,278.9544,283.0489,779.6107,500,0,324.9685,0.1624843,0.1259371,0.3172331,0,250,0.3172331,1003.359,205.9025,52.20083,0,119.9634,21.59551,476.2258,198.5918,277.634,800.474,0,1749.159,0,2.273737e-13,1.24345e-13,4.263256e-14
naive,2026-01-27 16:30:00,2178,16.5,29.27155,3416.857,178.8916,395.1,225.3538,1,1,2391.8,2391.482,703.5092,369.3356,1072.845,3,0,0,272.8448,800,0,462.2318,209.3594,0.1046797,0.2046279,0.3172331,0,250,0.3172331,1687.973,198.0383,53.3534,0,122.2928,27.31553,475.4947,335.5725,139.9221,710.3385,0,1571.609,0,1.136868e-13,-6.483702e-14,4.263256e-14
naive,2026-01-27 16:45:00,2179,16.75,29.13593,3380.483,220.8966,387.2636,217.1761,1,1,2366.338,2366.021,1021.842,488.3021,1510.144,4,179.6438,268.1488,262.3517,800,0,37.3058,200,0.1,0.1318306,0.3172331,0,250,0.3172331,1344.178,190.7068,53.49604,3.947049,119.1148,26.46937,469.0417,266.4352,202.6065,759.984,0,1672.067,0,-1.136868e-13,1.776357e-15,4.263256e-14
naive,2026-01-27 17:00:00,2180,17,29.01253,3330.549,282.3239,391.1612,212.6067,1,1,2331.384,2331.067,1413.107,586.8931,2000,4,256.6254,265.1199,249.3497,728.905,500,0,324.9685,0.1624843,0.1259371,0.3172331,0,250,0.3172331,917.9602,181.5016,48.86017,25.69857,126.0413,31.10508,460.8734,181.4645,279.4089,774.5065,0,1755.797,0,0,1.24345e-13,4.263256e-14
naive,2026-01-27 17:15:00,2181,17.25,28.89751,3359.846,318.3447,384.1188,199.744,1,1,2351.892,2351.575,732.4142,382.0783,1114.493,3,0,75.29054,239.202,800,0,499.6694,200,0.1,0.2046279,0.3172331,0,250,0.3172331,1619.161,174.3352,53.7468,2.573236,124.9303,25.40883,463.7675,319.2808,144.4867,706.3695,0,1572.217,0,0,-7.993606e-15,4.263256e-14
naive,2026-01-27 17:30:00,2182,17.5,28.75821,3347.661,386.3794,383.827,186.9193,1,1,2343.363,2343.046,1428.614,571.3864,2000,4,380.2157,258.3966,235.746,625.6418,500,0,324.9685,0.1624843,0.1259371,0.3172331,0,250,0.3172331,914.4319,172.0791,42.14738,6.163656,125.4304,14.84018,460.6936,179.7728,280.9208,754.0767,0,1687.737,0,0,1.24345e-13,4.263256e-14
naive,2026-01-27 17:45:00,2183,17.75,28.7034,3367.415,443.1931,386.0225,177.677,1,1,2357.19,2356.873,786.4174,405.8856,1192.303,3,0,173.9729,218.3301,800,0,499.6694,200,0.1,0.2046279,0.3172331,0,250,0.3172331,1570.456,159.4624,53.95096,23.17303,132.4002,18.21466,462.8634,308.3783,154.4851,717.8406,0,1643.35,0,-2.273737e-13,-7.993606e-15,4.263256e-14
naive,2026-01-27 18:00:00,2184,18,28.55,3323.261,497.6167,17.44727,165.8922,1,1,2326.282,2325.965,1408.698,565.3997,1974.098,4,465.1865,2.100209,206.8108,800,500,0,324.9685,0.1624843,0.1259371,0.3172331,0,250,0.3172331,917.2674,151.3028,54.11229,32.43017,15.34706,14.58941,455.2857,179.5219,275.7638,747.777,0,1517.093,0,0,1.24345e-13,4.263256e-14
naive,2026-01-27 18:15:00,2185,18.25,28.55557,3307.566,553.7292,8.140589,154.2981,1,1,2315.297,2314.979,682.8031,355.9107,1038.714,3,36.11846,2.281202,200.3141,800,0,499.6694,200,0.1,0.2046279,0.3172331,0,250,0.3172331,1632.176,146.5409,54.10643,17.94133,5.859387,7.757223,453.19,319.4778,133.7122,676.9069,0,1334,0,5.684342e-14,-7.993606e-15,4.263256e-14
naive,2026-01-27 18:30:00,2186,18.5,28.33741,3285.934,607.5265,0.6650902,149.1098,1,1,2300.154,2299.836,1440.094,559.9058,2000,4,581.8436,0.7916195,191.1221,726.2427,500,0,324.9685,0.1624843,0.1259371,0.3172331,0,250,0.3172331,859.7423,140.15,49.3263,25.68295,0,8.95981,448.121,167.4969,280.6241,729.1483,0,1447.108,0,0,1.24345e-13,4.263256e-14
naive,2026-01-27 18:45:00,2187,18.75,28.24819,3271.356,665.7587,0,139.0373,1,1,2289.949,2289.632,748.0924,372.1249,1120.217,3,141.7724,0.3860399,178.0588,800,0,499.6694,200,0.1,0.2046279,0.3172331,0,250,0.3172331,1541.54,130.6977,54.42972,24.31679,0,8.339546,445.2816,299.7531,145.5286,673.4996,0,1327.712,0,-1.136868e-13,-7.993606e-15,4.263256e-14
naive,2026-01-27 19:00:00,2188,19,28.09655,3215.772,726.7545,0,134.5496,1,0,2251.04,2250.723,1454.083,545.9169,2000,4,695.5237,1.528191,166.3449,636.6032,500,0,324.9685,0.1624843,0.1259371,0.3172331,0,250,0.3172331,796.6399,122.3013,43.43958,31.23079,0,12.2482,436.3006,154.4061,281.8944,702.697,0,1410.398,0,2.273737e-13,1.24345e-13,4.263256e-14
naive,2026-01-27 19:15:00,2189,19.25,27.8708,3236.279,742.0411,4.361922,123.8806,1,0,2265.395,2265.078,785.9561,379.7141,1165.67,3,218.2945,1.51954,145.8561,800,0,499.6694,200,0.1,0.2046279,0.3172331,0,250,0.3172331,1479.122,107.5008,54.82663,24.07716,2.842382,16.37975,436.9797,285.3128,151.6669,668.1864,0,1321.129,0,0,-7.993606e-15,4.263256e-14
naive,2026-01-27 19:30:00,2190,19.5,27.89419,3213.022,738.4028,0,112.2213,0,0,2249.115,2248.798,1458.679,541.3212,2000,4,740.7438,2.506325,136.9379,619.812,500,0,324.9685,0.1624843,0.1259371,0.3172331,0,250,0.3172331,790.1191,100.9022,42.4587,0,0,11.31908,434.0547,152.4844,281.5703,0,695.99,3780.179,0,0,1.24345e-13,4.263256e-14
naive,2026-01-27 19:45:00,2191,19.75,27.77157,3203.766,743.0844,0,108.1536,0,0,2242.636,2242.319,777.5987,374.3689,1151.968,3,232.2556,0.4942689,119.2177,800,0,499.6694,200,0.1,0.2046279,0.3172331,0,250,0.3172331,1464.72,87.96212,54.931,11.15944,0,20.19145,431.6807,281.9412,149.7395,0,660.1967,3588.535,0,-5.684342e-14,-7.993606e-15,4.263256e-14
naive,2026-01-27 20:00:00,2192,20,27.70327,3164.355,721.1628,0,94.99024,0,0,2215.048,2214.731,1452.112,547.8879,2000,4,702.8871,0.8375241,109.4536,686.8218,500,0,324.9685,0.1624843,0.1259371,0.3172331,0,250,0.3172331,762.6191,80.81764,47.22143,18.27568,0,14.1726,425.7547,146.5831,279.1716,0,697.1951,3812.975,0,2.273737e-13,1.24345e-13,4.263256e-14
naive,2026-01-27 20:15:00,2193,20.25,27.50823,3191.835,664.7484,0,87.58839,0,0,2234.284,2233.967,709.716,353.1592,1062.875,3,158.9844,0.2643044,103.6265,800,0,499.6694,200,0.1,0.2046279,0.3172331,0,250,0.3172331,1524.251,76.6768,55.20797,6.09463,0,10.91159,427.6883,291.7733,135.9151,0,647.0211,3507.021,0,0,-7.993606e-15,4.263256e-14
naive,2026-01-27 20:30:00,2194,20.5,27.43746,3137.113,625.1181,0,85.7139,0,0,2195.979,2195.662,1439.676,560.3239,2000,4,613.5662,6.014249,95.03525,785.3843,500,0,324.9685,0.1624843,0.1259371,0.3172331,0,250,0.3172331,755.986,70.37363,54.27241,11.55189,0,15.34027,419.7305,144.4961,275.2345,0,707.7521,3851.507,0,2.273737e-13,1.24345e-13,4.263256e-14
naive,2026-01-27 20:45:00,2195,20.75,27.34324,3174.336,558.6914,8.139377,80.9991,0,0,2222.035,2221.718,616.0417,324.4924,940.5342,2,52.81781,6.064072,81.65227,800,0,499.6694,200,0.1,0.2046279,0.3172331,0,250,0.3172331,1605.676,60.52508,55.3815,6.204164,2.075304,20.47402,423.871,306.2956,117.5754,0,634.6936,3442.793,0,-5.684342e-14,-7.993606e-15,4.263256e-14
naive,2026-01-27 21:00:00,2196,21,27.13826,3146.255,498.9156,3.134893,67.89737,0,0,2202.379,2202.062,1332.644,529.4821,1862.126,4,485.2704,3.434319,73.42084,800,500,0,324.9685,0.1624843,0.1259371,0.3172331,0,250,0.3172331,869.418,54.54389,55.59708,13.64521,0,13.35347,418.3221,165.1382,253.184,0,697.1566,3795.353,0,0,1.24345e-13,4.263256e-14
naive,2026-01-27 21:15:00,2197,21.25,26.71365,3123.338,444.7906,0,60.70177,0,0,2186.336,2186.019,560.2074,306.1611,866.3685,2,0,0,66.36852,800,0,423.9297,218.9349,0.1094675,0.2046279,0.3172331,0,250,0.3172331,1625.812,49.53021,56.04366,21.75664,0,11.17155,411.6233,306.0928,105.5304,0,614.3572,3353.446,0,0,-6.483702e-14,4.263256e-14
naive,2026-01-27 21:30:00,2198,21.5,26.62173,3095.33,372.9781,0,56.00136,0,0,2166.731,2166.414,779.2126,368.7398,1147.952,3,285.5567,1.208695,61.18695,800,0,75.60189,200,0.1,0.1378601,0.3172331,0,250,0.3172331,1387.201,45.70826,56.14034,11.81953,0,10.29311,407.1571,260.6733,146.4838,0,631.3472,3429.641,0,0,-5.218048e-15,4.263256e-14
naive,2026-01-27 21:45:00,2199,21.75,26.50413,3122.045,314.7616,0,49.59291,0,0,2185.432,2185.114,1167.299,479.6543,1646.953,4,291.3867,0.8743496,54.69209,800,500,0,324.9685,0.1624843,0.1259371,0.3172331,0,250,0.3172331,1017.815,40.90788,56.26403,23.37486,0,8.685026,409.6753,190.797,218.8783,0,672.0793,3673.461,0,-1.705303e-13,1.24345e-13,4.263256e-14
naive,2026-01-27 22:00:00,2200,22,26.31211,3087.219,272.9218,0.9081864,43.14394,0,0,2161.054,2160.736,547.1539,300.4065,847.5604,2,0,0,47.5604,800,0,236.749,265.7301,0.1328651,0.2046279,0.3172331,0,250,0.3172331,1613.582,35.64667,56.46598,37.06024,0.02071889,7.497271,403.5078,301.285,102.2228,0,603.0914,3317.443,0,0,7.727152e-14,4.263256e-14
naive,2026-01-27 22:15:00,2201,22.25,26.12216,3057.757,209.3226,0,40.10953,0,0,2140.43,2140.113,547.5017,300.5598,848.0615,2,0,0,48.06153,800,0,205.6547,214.2746,0.1071373,0.1673264,0.3172331,0,250,0.3172331,1592.611,36.0953,56.66576,7.186075,0,4.014231,398.1038,296.2136,101.8902,0,597.52,3235.007,0,-1.136868e-13,-5.381806e-14,4.263256e-14
naive,2026-01-27 22:30:00,2202,22.5,25.91156,3031.345,174.7641,4.913457,27.90045,0,0,2121.942,2121.625,629.9397,324.4669,954.4065,2,104.5373,4.013115,45.85616,800,0,56.96355,200,0.1,0.1349256,0.3172331,0,250,0.3172331,1491.685,34.51627,56.88725,13.26325,0.9003424,0,392.972,276.2519,116.7201,0,600.7187,3264.387,0,5.684342e-14,-2.942091e-15,4.263256e-14
naive,2026-01-27 22:45:00,2203,22.75,25.70593,3044.21,127.1153,2.606312,34.2778,0,0,2130.947,2130.629,1052.826,445.4047,1498.231,3,155.0747,4.435554,38.72076,800,500,0,324.9685,0.1624843,0.1259371,0.3172331,0,250,0.3172331,1077.803,29.2091,57.10353,0,0,5.0687,392.9934,198.7706,194.2228,0,645.11,3483.864,0,5.684342e-14,1.24345e-13,4.263256e-14
naive,2026-01-27 23:00:00,2204,23,25.34139,3054.931,120.1857,0,36.978,0,1,2138.452,2138.135,540.8111,297.6102,838.4213,2,0,0,38.42128,800,0,155.6956,285.9935,0.1429967,0.2046279,0.3172331,0,250,0.3172331,1597.324,29.09524,57.48693,0,0,7.882766,391.4824,292.4191,99.06336,0,591.4724,3188.425,0,0,7.727152e-14,4.263256e-14
naive,2026-01-27 23:15:00,2205,23.25,25.10042,3032.137,108.8146,0,37.81064,0,1,2122.496,2122.178,538.6882,296.6744,835.3626,2,0,0,35.36259,800,0,134.9614,252.2081,0.126104,0.1800859,0.3172331,0,250,0.3172331,1583.49,26.84716,57.74037,0,0,10.96348,386.6849,288.4867,98.19821,0,587.1584,3164.414,0,0,2.778333e-14,4.263256e-14
naive,2026-01-27 23:30:00,2206,23.5,24.90728,3043.385,88.33371,0,37.62364,1,1,2130.369,2130.052,536.381,295.6572,832.0382,2,0,0,32.03823,800,0,120.6884,221.9963,0.1109981,0.1588117,0.3172331,0,250,0.3172331,1593.671,24.37282,57.9435,0,0,13.25082,38.34665,28.68608,9.660568,326.7481,0,588.3098,0,0,5.123679e-14,4.263256e-14
naive,2026-01-27 23:45:00,2207,23.75,24.59264,3076.735,78.24634,0,28.10378,1,1,2153.714,2153.397,545.3421,298.9743,844.3163,2,5.324667,7.594633,31.39705,800,0,87.84538,200,0.1,0.1397878,0.3172331,0,250,0.3172331,1608.055,23.96407,58.27442,0,0,4.139708,38.76686,28.94499,9.821867,328.6659,0,591.773,0,0,6.328271e-15,4.263256e-14
naive,2026-01-28 00:00:00,2208,0,24.2337,3082.399,57.12898,0,26.51777,1,1,2157.68,2157.362,1000.564,429.1585,1429.723,3,97.96733,4.296237,27.45943,800,500,0,324.9685,0.1624843,0.1259371,0.3172331,0,250,0.3172331,1156.798,21.0375,58.65194,0,0,5.480272,38.83823,20.82236,18.01587,450.9622,0,835.9411,0,0,1.24345e-13,4.263256e-14
naive,2026-01-28 00:15:00,2209,0.25,24.24663,3079.002,65.02269,0,39.78558,1,1,2155.301,2154.984,534.3605,294.7665,829.127,2,0,0,29.12697,800,0,109.4507,297.5547,0.1487773,0.2046279,0.3172331,0,250,0.3172331,1620.624,22.31205,58.63834,0,0,17.47354,38.79542,29.17123,9.624199,327.0676,0,588.167,0,0,-6.483702e-14,4.263256e-14
naive,2026-01-28 00:30:00,2210,0.5,24.09611,3041.899,59.92402,0,30.44133,1,1,2129.329,2129.012,533.0534,294.1903,827.2437,2,0,0,27.24371,800,0,106.0379,270.9984,0.1354992,0.1873658,0.3172331,0,250,0.3172331,1595.959,20.90222,58.79665,0,0,9.539114,38.32793,28.72726,9.600672,324.6211,0,583.096,0,5.684342e-14,6.819545e-14,4.263256e-14
naive,2026-01-28 00:45:00,2211,0.75,23.82957,3074.435,69.56237,0,33.88723,1,1,2152.104,2151.787,534.4439,294.8032,829.2471,2,0,0,29.2471,800,0,78.39272,251.3575,0.1256788,0.1706437,0.3172331,0,250,0.3172331,1617.343,22.50165,59.07698,0,0,11.38558,38.73788,29.11218,9.6257,325.9382,0,585.4148,0,5.684342e-14,4.593548e-14,4.263256e-14
naive,2026-01-28 01:00:00,2212,1,23.54443,3078.923,88.0299,0,27.28713,1,1,2155.246,2154.929,531.5047,293.5075,825.0123,2,0,0,25.01227,800,0,84.76954,230.1256,0.1150628,0.1582762,0.3172331,0,250,0.3172331,1623.424,19.30058,59.37687,3.683274,0,7.986545,38.79442,29.22163,9.572795,324.1402,0,587.835,0,5.684342e-14,3.774758e-14,4.263256e-14
naive,2026-01-28 01:15:00,2213,1.25,22.9865,3031.167,81.97876,3.275205,16.30352,1,1,2121.817,2121.499,533.3373,294.3154,827.6528,2,0,0,27.65279,800,0,94.84806,206.3773,0.1031887,0.1449067,0.3172331,0,250,0.3172331,1588.162,21.46155,59.96368,0,2.567229,0,38.1927,28.58692,9.605782,322.9024,0,582.774,0,0,3.841372e-14,4.263256e-14
naive,2026-01-28 01:30:00,2214,1.5,22.59871,3009.356,69.50275,4.119183,14.73164,1,1,2106.549,2106.232,583.8393,308.29,892.1294,2,69.68101,0.8428903,21.60546,800,0,25.37944,200,0.1,0.1299528,0.3172331,0,250,0.3172331,1522.393,16.83519,60.37153,0,3.276292,0,37.91789,27.40307,10.51482,335.6931,0,609.1198,0,5.684342e-14,-1.665335e-15,4.263256e-14
naive,2026-01-28 01:45:00,2215,1.75,22.37411,2942.67,93.53038,0,19.62423,1,1,2059.869,2059.552,994.3629,426.224,1420.587,3,99.65366,0.6627576,20.27049,800,500,0,324.9685,0.1624843,0.1259371,0.3172331,0,250,0.3172331,1065.189,15.8314,60.60775,0,0,3.792831,37.07764,19.17339,17.90424,446.0526,0,823.9214,0,-5.684342e-14,1.24345e-13,4.263256e-14
naive,2026-01-28 02:00:00,2216,2,22.35824,2968.612,84.20809,6.711167,15.74708,1,1,2078.028,2077.711,530.5227,293.0746,823.5973,2,0,0,23.59727,800,0,93.27555,301.5985,0.1507992,0.2046279,0.3172331,0,250,0.3172331,1547.188,18.43263,60.62445,0,5.977048,0,37.40451,27.84939,9.555118,320.924,0,583.9559,0,0,-5.062617e-14,4.263256e-14
naive,2026-01-28 02:15:00,2217,2.25,21.91388,2949.437,102.2504,2.381461,17.78759,1,1,2064.606,2064.289,524.5142,290.4258,814.9399,2,0,0,14.93993,800,0,95.01766,277.7966,0.1388983,0.1899121,0.3172331,0,250,0.3172331,1539.775,11.7232,61.0918,7.526108,2.088135,6.064395,37.16291,27.71594,9.446965,319.1802,0,586.2167,0,-1.136868e-13,5.215273e-14,4.263256e-14
naive,2026-01-28 02:30:00,2218,2.5,21.65997,2958.329,105.9712,15.07241,18.72165,1,1,2070.831,2070.513,527.8705,291.9054,819.7759,2,0,0,19.77589,800,0,84.40067,256.6527,0.1283263,0.1749244,0.3172331,0,250,0.3172331,1542.643,15.5581,61.35884,21.69445,14.94847,3.163554,37.27495,27.76757,9.507379,320.2121,0,634.6046,0,-5.684342e-14,-7.507883e-14,4.263256e-14
naive,2026-01-28 02:45:00,2219,2.75,21.75789,3006.102,119.3253,6.016074,22.51114,1,1,2104.271,2103.954,527.3948,291.6957,819.0905,2,0,0,19.09054,800,0,96.14019,232.5772,0.1162886,0.1616104,0.3172331,0,250,0.3172331,1576.559,15.00396,61.25586,24.42776,4.773473,7.50718,37.87688,28.37807,9.498817,321.3556,0,624.1704,0,0,-3.572143e-14,4.263256e-14
naive,2026-01-28 03:00:00,2220,3,21.70147,2976.616,107.1591,0,18.90835,1,1,2083.631,2083.314,523.4647,289.9631,813.4278,2,0,0,13.42782,800,0,99.97592,207.5466,0.1037733,0.1464505,0.3172331,0,250,0.3172331,1559.849,10.55948,61.3152,8.018653,0,8.348869,37.50536,28.07728,9.428075,319.4644,0,583.7814,0,0,2.628453e-14,4.263256e-14
naive,2026-01-28 03:15:00,2221,3.25,21.62245,3009.319,83.7684,0,20.05735,1,1,2106.523,2106.206,581.2354,307.2716,888.507,2,68.59163,1.635817,18.27955,800,0,30.05586,200,0.1,0.1306891,0.3172331,0,250,0.3172331,1524.971,14.38638,61.39831,0,0,5.670972,37.91742,27.44947,10.46795,335.687,0,602.3008,0,5.684342e-14,-5.828671e-16,4.263256e-14
naive,2026-01-28 03:30:00,2222,3.5,21.65654,3007.898,87.0889,3.356259,19.93975,1,1,2105.529,2105.212,997.0707,427.4067,1424.477,3,99.74555,2.934236,21.79766,800,500,0,324.9685,0.1624843,0.1259371,0.3172331,0,250,0.3172331,1108.141,17.14926,61.36246,0,0.4220234,2.790495,37.89952,19.94654,17.95298,447.8288,0,827.3529,0,-5.684342e-14,1.24345e-13,4.263256e-14
naive,2026-01-28 03:45:00,2223,3.75,21.53033,2988.645,104.0459,0,20.17451,1,1,2092.052,2091.734,526.232,291.183,817.415,2,0,0,17.41504,800,0,120.6576,294.753,0.1473765,0.2046279,0.3172331,0,250,0.3172331,1565.502,13.71882,61.49519,0,0,6.455691,37.65693,28.17904,9.477886,320.4597,0,571.7373,0,0,-3.641532e-14,4.263256e-14
naive,2026-01-28 04:00:00,2224,4,21.4104,3032.05,147.4092,0,20.85575,1,1,2122.435,2122.118,527.6269,291.798,819.4249,2,0,0,19.42488,800,0,147.1959,257.9076,0.1289538,0.1856016,0.3172331,0,250,0.3172331,1594.491,15.32073,61.62133,1.5862,0,5.535017,38.20383,28.70084,9.502994,321.4378,0,576.2878,0,0,2.942091e-14,4.263256e-14
naive,2026-01-28 04:15:00,2225,4.25,21.42073,3046.669,152.9172,0,13.92502,1,1,2132.668,2132.351,529.0055,292.4057,821.4112,2,0,0,21.41119,800,0,176.2476,213.8051,0.1069025,0.1624006,0.3172331,0,250,0.3172331,1603.345,16.8856,61.61046,0,0,0,38.38803,28.86022,9.527809,321.2659,0,573.2201,0,5.684342e-14,-4.185541e-14,4.263256e-14
naive,2026-01-28 04:30:00,2226,4.5,21.46166,3032.896,191.5427,0,11.75118,1,1,2123.027,2122.71,641.2632,324.1507,965.414,2,149.1584,1.489853,14.76571,800,0,55.08573,200,0.1,0.1346299,0.3172331,0,250,0.3172331,1481.447,11.63991,61.56742,0,0,0.1112752,38.21449,26.66605,11.54845,350.8357,0,632.408,0,-5.684342e-14,-2.164935e-15,4.263256e-14
naive,2026-01-28 04:45:00,2227,4.75,21.26607,3052.934,213.9208,1.815314,16.73022,1,1,2137.054,2136.737,1098.32,456.1699,1554.489,4,233.1722,0.09660538,21.22062,800,500,0,324.9685,0.1624843,0.1259371,0.3172331,0,250,0.3172331,1038.417,16.76156,61.77313,0,1.718708,0,38.46697,18.69151,19.77546,474.8614,0,883.1928,0,1.705303e-13,1.24345e-13,4.263256e-14
naive,2026-01-28 05:00:00,2228,5,21.42474,3043.315,268.0895,5.812131,22.53408,1,1,2130.32,2130.003,525.1179,290.6919,815.8098,2,0,0,15.80983,800,0,287.2977,253.0929,0.1265465,0.2046279,0.3172331,0,250,0.3172331,1604.885,12.46766,61.60625,0,4.505467,10.06642,38.34577,28.88793,9.457833,321.288,0,581.0408,0,5.684342e-14,-6.483702e-14,4.263256e-14
naive,2026-01-28 05:15:00,2229,5.25,21.16998,3030.885,354.3918,0,24.2426,1,1,2121.619,2121.302,624.3241,319.6643,943.9884,2,124.0979,0.6938332,19.19659,800,0,212.2123,200,0.1,0.1593689,0.3172331,0,250,0.3172331,1496.978,15.17759,61.87419,18.08154,0,9.065004,38.18915,26.9456,11.24354,348.1408,0,657.8638,0,-5.684342e-14,1.498801e-15,4.263256e-14
naive,2026-01-28 05:30:00,2230,5.5,21.07004,3034.756,443.0575,0.6855125,26.23574,1,1,2124.329,2124.012,1252.99,500.6039,1753.594,4,432.8422,3.08617,17.66588,800,500,0,324.9685,0.1624843,0.1259371,0.3172331,0,250,0.3172331,871.0214,13.98148,61.97931,10.21525,0,12.25427,38.23792,15.67839,22.55954,518.3479,0,984.5905,0,1.705303e-13,1.24345e-13,4.263256e-14
naive,2026-01-28 05:45:00,2231,5.75,21.47662,3073.337,526.4227,2.664338,26.15628,1,1,2151.336,2151.019,551.6024,299.4938,851.0963,2,24.15753,6.605986,20.33276,800,0,499.6694,200,0.1,0.2046279,0.3172331,0,250,0.3172331,1599.416,16.02602,61.55169,2.595758,0,10.13026,38.72405,28.78949,9.934554,330.0039,0,595.2399,0,-5.684342e-14,-7.993606e-15,4.263256e-14
naive,2026-01-28 06:00:00,2232,6,21.42595,3043.438,604.3778,0,22.30047,1,1,2130.407,2130.09,1387.894,540.4228,1928.317,4,598.0514,4.979481,25.28589,800,500,0,324.9685,0.1624843,0.1259371,0.3172331,0,250,0.3172331,742.1957,19.94026,61.60497,6.326421,0,2.360214,38.34732,13.35952,24.9878,554.1829,0,1049.973,0,2.273737e-13,1.24345e-13,4.263256e-14
naive,2026-01-28 06:15:00,2233,6.25,21.54308,3029.021,681.8379,0,27.51085,1,1,2120.315,2119.997,668.3697,333.6618,1002.032,3,169.6595,1.237735,31.13435,800,0,499.6694,200,0.1,0.2046279,0.3172331,0,250,0.3172331,1451.628,24.52314,61.48179,12.50902,0,2.987711,38.16566,26.1293,12.03637,360.2992,0,673.0095,0,0,-7.993606e-15,4.263256e-14
naive,2026-01-28 06:30:00,2234,6.5,21.45818,3073.367,750.5358,0,28.31558,1,1,2151.357,2151.039,1450.062,549.9376,2000,4,720.3833,1.1136,23.63796,754.8651,500,0,324.9685,0.1624843,0.1259371,0.3172331,0,250,0.3172331,700.977,18.63462,58.09732,30.15247,0,9.680955,38.72442,12.61759,26.10683,564.1989,0,1115.051,0,0,1.24345e-13,4.263256e-14
naive,2026-01-28 06:45:00,2235,6.75,21.47844,3056.016,780.3931,0,27.77322,1,1,2139.211,2138.894,736.3435,352.952,1089.296,3,259.4045,0.1060477,29.78497,800,0,499.6694,200,0.1,0.2046279,0.3172331,0,250,0.3172331,1402.551,23.47569,61.54977,21.31922,0,4.297527,38.5058,25.24591,13.25989,378.9279,0,725.3879,0,-1.136868e-13,-7.993606e-15,4.263256e-14
naive,2026-01-28 07:00:00,2236,7,21.46164,3074.213,787.4813,0.4397743,25.80862,1,1,2151.949,2151.632,1456.048,543.9522,2000,4,763.0042,0.1304896,30.03118,706.8341,500,0,324.9685,0.1624843,0.1259371,0.3172331,0,250,0.3172331,695.5839,23.67379,54.39746,24.47708,0.3092847,2.134834,38.73508,12.52051,26.21457,556.8352,0,1095.23,0,0,1.24345e-13,4.263256e-14
naive,2026-01-28 07:15:00,2237,7.25,21.50198,3089.317,773.5081,15.08711,26.92349,1,1,2162.522,2162.204,735.6678,353.2189,1088.887,3,254.6572,1.100013,33.1294,800,0,499.6694,200,0.1,0.2046279,0.3172331,0,250,0.3172331,1426.537,26.10544,61.52502,19.18147,13.9871,0.8180458,38.92539,25.67766,13.24773,379.0355,0,746.0712,0,0,-7.993606e-15,4.263256e-14
naive,2026-01-28 07:30:00,2238,7.5,21.69376,3080.651,736.2864,7.048155,21.38628,1,1,2156.456,2156.138,1450.004,549.9964,2000,4,713.4144,0.2793369,41.49984,744.8064,500,0,324.9685,0.1624843,0.1259371,0.3172331,0,250,0.3172331,706.1349,32.63754,57.09249,22.872,6.768818,0,38.8162,12.71043,26.10577,562.7069,0,1112.315,0,1.136868e-13,1.24345e-13,4.263256e-14
naive,2026-01-28 07:45:00,2239,7.75,22.03939,3090.316,648.496,3.41128,19.9729,1,1,2163.221,2162.904,652.9391,329.9227,982.8618,2,143.9072,0.2702923,38.68437,800,0,499.6694,200,0.1,0.2046279,0.3172331,0,250,0.3172331,1509.965,30.31636,60.9598,4.919399,3.140988,0,38.93799,27.17937,11.75861,357.1021,0,659.5286,0,-1.136868e-13,-7.993606e-15,4.263256e-14
naive,2026-01-28 08:00:00,2240,8,22.28031,3116.65,575.0976,377.4044,24.04801,1,1,2181.655,2181.338,1447.73,552.2704,2000,4,577.7743,317.2501,33.95878,571.0169,500,0,324.9685,0.1624843,0.1259371,0.3172331,0,250,0.3172331,733.6083,26.54753,43.33048,0,60.15434,0,39.26979,13.20495,26.06484,565.4754,0,1185.97,0,2.273737e-13,1.24345e-13,4.263256e-14
naive,2026-01-28 08:15:00,2241,8.25,22.62039,3142.358,492.7416,381.0244,21.51551,1,1,2199.65,2199.333,767.6512,397.2727,1164.924,3,2.856105,326.8465,35.22129,800,0,499.6694,200,0.1,0.2046279,0.3172331,0,250,0.3172331,1431.682,27.43868,60.34873,0,54.17796,0,39.5937,25.77027,13.82343,423.043,0,871.6506,0,0,-7.993606e-15,4.263256e-14
naive,2026-01-28 08:30:00,2242,8.5,22.7005,3183.999,414.1334,370.5351,28.78291,1,1,2228.799,2228.482,1426.569,573.4309,2000,4,413.2129,326.7608,41.5224,718.5039,500,0,324.9685,0.1624843,0.1259371,0.3172331,0,250,0.3172331,801.913,32.32087,54.12533,0.9204682,43.77428,0,40.11839,14.43443,25.68395,587.8653,0,1191.938,0,0,1.24345e-13,4.263256e-14
naive,2026-01-28 08:45:00,2243,8.75,23.04885,3210.967,331.9337,375.9037,31.52216,1,1,2247.677,2247.36,658.8024,349.6266,1008.429,3,0,163.9234,44.50554,800,0,499.6694,200,0.1,0.2046279,0.3172331,0,250,0.3172331,1588.557,34.51891,59.8981,0,48.87833,0,40.45818,28.59403,11.86415,378.2206,0,773.371,0,-5.684342e-14,-7.993606e-15,4.263256e-14
naive,2026-01-28 09:00:00,2244,9,23.2871,3253.236,284.6949,386.6737,36.89103,1,1,2277.265,2276.948,1376.101,574.6301,1950.731,4,266.7924,334.8327,49.10584,800,500,0,324.9685,0.1624843,0.1259371,0.3172331,0,250,0.3172331,900.8472,37.99334,59.64752,17.90248,51.841,0,40.99077,16.21525,24.77553,590.8454,0,1234.895,0,0,1.24345e-13,4.263256e-14
naive,2026-01-28 09:15:00,2245,9.25,23.63858,3273.591,239.601,389.9471,47.25982,1,1,2291.514,2291.197,590.0614,319.3222,909.3836,2,0,52.11862,57.26502,800,0,499.6694,200,0.1,0.2046279,0.3172331,0,250,0.3172331,1701.135,44.14511,59.27786,19.8009,57.95908,3.114716,41.24725,30.62043,10.62682,350.4939,0,768.4362,0,0,-7.993606e-15,4.263256e-14
naive,2026-01-28 09:30:00,2246,9.5,23.7631,3278.024,194.283,389.8741,48.225,1,1,2294.617,2294.3,1318.335,559.3827,1877.718,4,180.8925,333.4733,63.35195,800,500,0,324.9685,0.1624843,0.1259371,0.3172331,0,250,0.3172331,975.9647,48.77436,59.14689,13.39057,56.40081,0,41.30311,17.56736,23.73574,576.95,0,1207.75,0,-2.273737e-13,1.24345e-13,4.263256e-14
naive,2026-01-28 09:45:00,2247,9.75,23.92024,3311.125,201.6102,394.9552,57.85733,1,1,2317.787,2317.47,561.7293,306.832,868.5613,2,0,0,68.56125,800,0,485.8158,203.4634,0.1017317,0.2046279,0.3172331,0,250,0.3172331,1755.741,52.69879,58.98162,55.80837,54.94122,5.158539,41.72017,31.60333,10.11684,339.3534,0,803.3956,0,0,-7.993606e-15,4.263256e-14
naive,2026-01-28 10:00:00,2248,10,24.29256,3336.571,175.9641,405.3099,64.58735,1,1,2335.599,2335.282,896.2655,440.2813,1336.547,3,117.9461,347.7017,70.89899,800,0,13.72556,200,0.1,0.1281179,0.3172331,0,250,0.3172331,1439.017,54.28449,58.59004,44.2924,57.60824,10.30286,42.04079,25.9023,16.13849,468.0307,0,1045.926,0,1.136868e-13,-8.326673e-16,4.263256e-14
naive,2026-01-28 10:15:00,2249,10.25,24.56965,3370.616,165.4238,408.2827,76.58518,1,1,2359.431,2359.114,1295.887,557.5954,1853.482,4,112.7248,351.2122,89.54503,800,500,0,324.9685,0.1624843,0.1259371,0.3172331,0,250,0.3172331,1063.227,68.3625,58.2986,52.69901,57.07053,8.222677,42.46976,19.13809,23.33167,578.2158,0,1280.198,0,-1.136868e-13,1.24345e-13,4.263256e-14
naive,2026-01-28 10:30:00,2250,10.5,24.78504,3376.483,145.7804,405.3746,88.7235,1,1,2363.538,2363.221,586.5915,317.7925,904.384,2,0,0,104.384,800,0,453.3907,211.5697,0.1057848,0.2046279,0.3172331,0,250,0.3172331,1776.629,79.51136,58.07207,40.84691,56.91741,9.212136,42.54368,31.97932,10.56436,351.4396,0,806.1915,0,0,-7.993606e-15,4.263256e-14
naive,2026-01-28 10:45:00,2251,10.75,24.90125,3384.74,136.5864,403.1807,103.6416,1,1,2369.318,2369.001,881.039,441.7415,1322.781,3,49.24263,357.6455,115.8924,800,0,46.14553,200,0.1,0.1332223,0.3172331,0,250,0.3172331,1487.962,88.16978,57.94984,41.19819,45.53523,15.47177,42.64773,26.78332,15.86441,471.3323,0,1027.086,0,0,-2.831069e-15,4.263256e-14
naive,2026-01-28 11:00:00,2252,11,25.09776,3394.58,137.0659,400.5853,115.8034,1,1,2376.206,2375.889,1317.113,568.437,1885.55,4,100.2516,354.3939,130.9048,800,500,0,324.9685,0.1624843,0.1259371,0.3172331,0,250,0.3172331,1058.776,99.38524,57.74316,36.81431,46.19145,16.41815,432.8839,192.8818,240.0021,764.3097,0,1606.843,0,-1.136868e-13,1.24345e-13,4.263256e-14
naive,2026-01-28 11:15:00,2253,11.25,25.37256,3371.781,113.5509,407.9796,121.7708,1,1,2360.246,2359.929,609.1338,327.7302,936.8641,2,0,0,136.8641,800,0,447.1169,213.1381,0.1065691,0.2046279,0.3172331,0,250,0.3172331,1750.795,103.6088,57.45415,21.87213,52.5414,18.16197,432.3573,320.7162,111.6411,651.7734,0,1367.274,0,0,-6.483702e-14,4.263256e-14
naive,2026-01-28 11:30:00,2254,11.5,25.67822,3403.141,86.5904,417.4784,122.2623,1,1,2382.199,2381.881,882.3707,444.5623,1326.933,3,30.46606,352.636,143.8309,800,0,52.41829,200,0.1,0.13421,0.3172331,0,250,0.3172331,1499.511,108.5311,57.13268,3.706055,64.84237,13.73114,439.0829,276.3873,162.6956,723.4805,0,1500.933,0,5.684342e-14,8.326673e-16,4.263256e-14
naive,2026-01-28 11:45:00,2255,11.75,25.81647,3403.187,116.7197,420.6752,133.9943,1,1,2382.231,2381.914,1331.409,575.5342,1906.943,4,93.5699,354.2399,159.1337,800,500,0,324.9685,0.1624843,0.1259371,0.3172331,0,250,0.3172331,1050.504,119.9022,56.98727,23.14983,66.43534,14.09214,440.3231,194.1715,246.1516,772.3105,0,1635.045,0,1.136868e-13,1.24345e-13,4.263256e-14
naive,2026-01-28 12:00:00,2256,12,25.98268,3402.613,86.46302,427.7289,150.2229,1,1,2381.829,2381.512,633.5006,338.4723,971.9729,2,0,0,171.9729,800,0,446.4709,213.2996,0.1066498,0.2046279,0.3172331,0,250,0.3172331,1748.011,129.3475,56.81246,0,71.96665,20.87547,441.7417,324.1918,117.5499,666.5357,0,1393.3,0,0,4.884981e-14,4.263256e-14
naive,2026-01-28 12:15:00,2257,12.25,26.24766,3413.104,69.70324,423.434,157.2676,1,1,2389.173,2388.856,907.8599,456.4148,1364.275,3,25.29067,355.9738,183.0102,800,0,53.06424,200,0.1,0.1343117,0.3172331,0,250,0.3172331,1480.996,137.2611,56.53377,0,67.46023,20.00653,445.512,276.1631,169.3489,736.3085,0,1525.385,0,0,-1.276756e-15,4.263256e-14
naive,2026-01-28 12:30:00,2258,12.5,26.30899,3482.159,73.2591,431.7187,161.9663,1,1,2437.511,2437.194,1350.4,585.5764,1935.976,4,79.52957,354.1918,202.2547,800,500,0,324.9685,0.1624843,0.1259371,0.3172331,0,250,0.3172331,1086.794,151.5956,56.46927,0,77.52693,10.37075,455.0982,202.9111,252.1871,790.4238,0,1651.054,0,1.136868e-13,1.24345e-13,4.263256e-14
naive,2026-01-28 12:45:00,2259,12.75,26.63448,3468.168,70.5506,421.3384,169.4668,1,1,2427.717,2427.4,664.0962,351.9604,1016.057,3,0,0,216.0566,800,0,456.9899,210.6699,0.1053349,0.2046279,0.3172331,0,250,0.3172331,1763.304,161.3779,56.12693,0,62.29093,8.08895,456.32,331.4352,124.8849,684.9159,0,1414.141,0,0,-6.483702e-14,4.263256e-14
naive,2026-01-28 13:00:00,2260,13,26.83008,3513.107,79.05604,426.5832,181.8995,1,1,2459.175,2458.857,969.5678,479.7884,1449.356,3,57.48893,360.6394,231.2278,800,0,42.54684,200,0.1,0.1326557,0.3172331,0,250,0.3172331,1489.29,172.3478,55.92121,0,65.94373,9.551689,464.1098,281.0675,183.0424,762.6585,0,1576.159,0,5.684342e-14,1.720846e-15,4.263256e-14
naive,2026-01-28 13:15:00,2261,13.25,27.00301,3461.382,105.4978,423.5015,191.9349,1,1,2422.967,2422.65,1398.756,601.2436,2000,4,113.6691,357.2787,250.535,778.5173,500,0,324.9685,0.1624843,0.1259371,0.3172331,0,250,0.3172331,1023.894,186.392,54.24254,0,66.2228,5.542892,458.9241,193.9314,264.9927,796.2249,0,1645.661,0,0,1.24345e-13,4.263256e-14
naive,2026-01-28 13:30:00,2262,13.5,26.87296,3463.659,113.4473,420.7368,193.2496,1,1,2424.561,2424.244,694.7844,365.4892,1060.274,3,0,0,260.2736,800,0,462.3789,209.3226,0.1046613,0.2046279,0.3172331,0,250,0.3172331,1729.46,193.9081,55.87611,7.312894,64.49223,0,457.9851,326.6846,131.3005,692.1738,0,1445.351,0,1.136868e-13,-7.993606e-15,4.263256e-14
naive,2026-01-28 13:45:00,2263,13.75,26.84606,3518.299,78.67684,414.9907,190.3984,1,1,2462.81,2462.492,1005.047,493.9758,1499.023,3,69.70836,357.9207,271.3937,800,0,37.15869,200,0.1,0.1318074,0.3172331,0,250,0.3172331,1457.445,202.2512,55.9044,0,57.07006,0,464.95,275.1489,189.8012,769.1246,0,1573.803,0,-5.684342e-14,-1.526557e-15,4.263256e-14
naive,2026-01-28 14:00:00,2264,14,26.88589,3518.515,75.36252,413.0554,195.6249,1,1,2462.96,2462.643,1400.382,599.6181,2000,4,114.3905,354.7147,282.8708,748.0239,500,0,324.9685,0.1624843,0.1259371,0.3172331,0,250,0.3172331,1062.261,210.7141,52.23311,0,58.34067,0,465.3635,200.7087,264.6548,800.3268,0,1642.529,0,0,1.24345e-13,4.263256e-14
naive,2026-01-28 14:15:00,2265,14.25,26.97732,3522.071,84.91489,417.136,201.7969,1,1,2465.449,2465.132,719.9183,376.5695,1096.488,3,0,0,296.4877,800,0,467.8633,207.9515,0.1039758,0.2046279,0.3172331,0,250,0.3172331,1745.214,220.6407,55.76635,0,67.13958,0,466.7206,330.3768,136.3438,706.9463,0,1466.971,0,5.684342e-14,4.884981e-14,4.263256e-14
naive,2026-01-28 14:30:00,2266,14.5,26.99286,3500.088,87.19465,411.4958,209.2107,1,1,2450.061,2449.744,1033.062,504.5607,1537.623,4,84.54958,353.4984,299.5749,800,0,31.67517,200,0.1,0.130944,0.3172331,0,250,0.3172331,1416.682,222.9008,55.75001,0,57.99739,0,463.9578,268.2711,195.6867,772.8318,0,1582.99,0,-5.684342e-14,-5.828671e-16,4.263256e-14
naive,2026-01-28 14:45:00,2267,14.75,27.19082,3446.341,64.29954,412.2658,213.9569,1,1,2412.439,2412.121,1401.993,598.0072,2000,4,118.2266,353.0573,305.8946,722.8214,500,0,324.9685,0.1624843,0.1259371,0.3172331,0,250,0.3172331,1010.129,227.1186,50.1835,0,59.20846,0,458.7249,192.0758,266.6491,790.083,0,1625.844,0,0,1.24345e-13,4.263256e-14
naive,2026-01-28 15:00:00,2268,15,27.34545,3461.126,69.37383,406.7351,218.2405,1,1,2422.788,2422.471,730.7555,381.3471,1112.103,3,0,0,312.1026,800,0,471.9519,206.9294,0.1034647,0.2046279,0.3172331,0,250,0.3172331,1691.716,231.3418,55.37917,0,56.63902,0,462.1877,322.7233,139.4645,704.0703,0,1443.541,0,0,-6.483702e-14,4.263256e-14
naive,2026-01-28 15:15:00,2269,15.25,27.43571,3480.332,99.74822,396.612,217.7607,1,1,2436.232,2435.915,1050.066,510.0169,1560.083,4,101.6975,346.2233,312.1619,800,0,27.58727,200,0.1,0.1303004,0.3172331,0,250,0.3172331,1385.849,231.1604,55.28424,0,50.38875,0,465.6343,264.8758,200.7585,774.8927,0,1574.511,0,-5.684342e-14,-6.383782e-16,4.263256e-14
naive,2026-01-28 15:30:00,2270,15.5,27.2843,3496.047,109.7839,401.2019,212.6575,1,1,2447.233,2446.915,1402.787,597.2131,2000,4,123.8367,345.2638,314.521,716.3785,500,0,324.9685,0.1624843,0.1259371,0.3172331,0,250,0.3172331,1044.129,233.2883,49.64815,0,55.93816,0,466.2527,198.9299,267.3228,796.143,0,1632.925,0,0,1.24345e-13,4.263256e-14
naive,2026-01-28 15:45:00,2271,15.75,27.57019,3526.331,114.8651,396.6217,216.5944,1,1,2468.432,2468.115,728.4269,380.3205,1108.747,3,0,0,308.7474,800,0,476.7234,205.7365,0.1028683,0.2046279,0.3172331,0,250,0.3172331,1739.688,228.2997,55.1428,0,54.80092,0,473.1263,333.4473,139.679,713.7678,0,1460.032,0,1.136868e-13,-7.993606e-15,4.263256e-14
naive,2026-01-28 16:00:00,2272,16,27.622,3498.568,115.0923,395.2586,216.8469,1,1,2448.997,2448.68,1056.008,510.3634,1566.371,4,120.805,341.0884,304.4779,800,0,22.81646,200,0.1,0.1295493,0.3172331,0,250,0.3172331,1392.672,225.0165,55.08831,0,54.17027,0,469.9146,267.2265,202.6881,777.5899,0,1586.649,0,0,-1.471046e-15,4.263256e-14
naive,2026-01-28 16:15:00,2273,16.25,27.77362,3487.595,157.7769,401.118,209.5274,1,1,2441.317,2440.999,1406.432,593.5681,2000,4,157.7817,342.8008,299.4447,699.9729,500,0,324.9685,0.1624843,0.1259371,0.3172331,0,250,0.3172331,1034.567,220.9336,48.06088,0,58.31721,0,469.9447,199.1505,270.7942,792.7186,0,1631.966,0,0,1.24345e-13,4.263256e-14
naive,2026-01-28 16:30:00,2274,16.5,27.74596,3410.388,220.7668,403.6834,196.6939,1,1,2387.272,2386.955,733.1065,382.3835,1115.49,3,0,22.01022,293.4798,800,0,499.6694,200,0.1,0.2046279,0.3172331,0,250,0.3172331,1653.848,216.5975,54.95794,36.97458,65.79598,0,459.2723,318.1735,141.0988,700.557,0,1516.566,0,-1.136868e-13,-7.993606e-15,4.263256e-14
naive,2026-01-28 16:45:00,2275,16.75,27.79211,3388.588,234.3218,391.9964,195.9707,1,1,2372.012,2371.694,1413.195,586.8049,2000,4,219.2046,331.5502,282.2202,667.025,500,0,324.9685,0.1624843,0.1259371,0.3172331,0,250,0.3172331,958.4992,208.1835,45.78243,15.11725,60.44626,0,456.7825,184.5799,272.2026,771.3848,0,1621.611,0,0,1.24345e-13,4.263256e-14
naive,2026-01-28 17:00:00,2276,17,27.9143,3379.253,286.2528,387.3476,191.582,1,1,2365.477,2365.16,775.3904,401.0243,1176.415,3,0,103.6871,272.7277,800,0,499.6694,200,0.1,0.2046279,0.3172331,0,250,0.3172331,1589.77,200.9146,54.78089,15.22621,55.01763,0,456.7063,306.9392,149.7671,707.9636,0,1475.469,0,0,-7.993606e-15,4.263256e-14
naive,2026-01-28 17:15:00,2277,17.25,27.9604,3395.467,329.0979,388.1001,191.2968,1,1,2376.827,2376.51,1424.802,575.1982,2000,4,317.2297,325.7819,258.3819,598.6065,500,0,324.9685,0.1624843,0.1259371,0.3172331,0,250,0.3172331,951.7081,190.2509,40.95396,11.86823,62.31823,1.045866,459.3475,183.9278,275.4196,759.3282,0,1600.555,0,-2.273737e-13,1.24345e-13,4.263256e-14
naive,2026-01-28 17:30:00,2278,17.5,28.08558,3418.727,363.7334,380.6252,187.2974,1,1,2393.109,2392.792,830.9341,425.5107,1256.445,3,0,209.4376,247.0071,800,0,499.6694,200,0.1,0.2046279,0.3172331,0,250,0.3172331,1561.858,181.6281,54.60075,0,55.36405,5.669293,463.7281,302.6512,161.0769,729.2604,0,1492.598,0,0,-7.993606e-15,4.263256e-14
naive,2026-01-28 17:45:00,2279,17.75,28.04533,3427.913,403.8247,368.5563,178.7981,1,1,2399.539,2399.222,1438.868,561.1321,2000,4,432.8949,324.3924,232.0585,510.6542,500,0,324.9685,0.1624843,0.1259371,0.3172331,0,250,0.3172331,960.3542,170.7109,34.87965,0,44.16396,8.087215,464.5756,185.9345,278.6411,748.6323,0,1534.208,0,0,1.24345e-13,4.263256e-14
naive,2026-01-28 18:00:00,2280,18,28.27307,3403.437,477.2211,2.778519,169.7383,1,1,2382.406,2382.089,665.2402,352.4647,1017.705,3,0,0,217.705,800,0,493.6566,201.5032,0.1007516,0.2046279,0.3172331,0,250,0.3172331,1716.849,159.7553,54.40355,0,0,9.983014,463.5065,334.0197,129.4868,688.4266,0,1315.649,0,-5.684342e-14,-6.483702e-14,4.263256e-14
naive,2026-01-28 18:15:00,2281,18.25,27.97705,3365.802,539.9122,12.4564,160.293,1,1,2356.062,2355.744,1080.216,471.1928,1551.409,4,539.7954,5.500959,206.1122,800,0,5.885943,200,0.1,0.1268836,0.3172331,0,250,0.3172331,1275.529,151.7365,54.71489,0,6.955444,8.55657,455.4955,246.5969,208.8986,719.4439,0,1389.332,0,-2.273737e-13,2.775558e-17,4.263256e-14
naive,2026-01-28 18:30:00,2282,18.5,27.84455,3333.657,589.415,11.52178,149.2971,1,1,2333.56,2333.242,1442.319,557.6806,2000,4,595.909,0.7405887,197.826,705.5244,500,0,324.9685,0.1624843,0.1259371,0.3172331,0,250,0.3172331,890.9231,145.8459,48.37626,0,10.78119,3.451171,449.8775,171.7575,278.1201,730.1034,0,1424.381,0,0,1.24345e-13,4.263256e-14
naive,2026-01-28 18:45:00,2283,18.75,27.89778,3305.245,646.872,5.309735,136.5311,1,1,2313.671,2313.354,762.8171,377.0067,1139.824,3,155.3024,0.1534321,184.368,800,0,499.6694,200,0.1,0.2046279,0.3172331,0,250,0.3172331,1550.537,135.8456,54.79826,0,5.156302,0.6854382,446.5475,299.2596,147.2879,676.3987,0,1300.044,0,0,-7.993606e-15,4.263256e-14
naive,2026-01-28 19:00:00,2284,19,27.77494,3283.934,693.5114,0,116.4913,1,0,2298.754,2298.437,1456.83,543.1698,2000,4,712.8214,0.6728837,175.5878,610.9179,500,0,324.9685,0.1624843,0.1259371,0.3172331,0,250,0.3172331,841.6065,129.5488,41.94521,0,0,0,442.5143,162.0108,280.5035,705.1805,0,1363.173,0,-2.273737e-13,1.24345e-13,4.263256e-14
naive,2026-01-28 19:15:00,2285,19.25,27.61384,3289.082,753.0784,0,101.8477,1,0,2302.357,2302.04,805.6816,386.8414,1192.523,3,231.4807,3.039078,158.0032,800,0,499.6694,200,0.1,0.2046279,0.3172331,0,250,0.3172331,1496.359,116.7785,55.0969,21.92827,0,0,441.7011,287.0724,154.6287,673.9138,0,1323.67,0,1.136868e-13,-7.993606e-15,4.263256e-14
naive,2026-01-28 19:30:00,2286,19.5,27.26707,3256.839,748.808,0,95.97729,0,0,2279.788,2279.47,1458.876,541.1239,2000,4,739.4988,1.166091,145.3654,613.9697,500,0,324.9685,0.1624843,0.1259371,0.3172331,0,250,0.3172331,820.5943,107.8413,42.56468,9.309184,0,0,434.1938,156.2851,277.9086,0,697.4091,3803.923,0,0,1.24345e-13,4.263256e-14
naive,2026-01-28 19:45:00,2287,19.75,27.29738,3192.462,723.2516,0,101.2792,0,0,2234.724,2234.406,792.5882,380.243,1172.831,3,238.4264,0.1991984,134.2056,800,0,499.6694,200,0.1,0.2046279,0.3172331,0,250,0.3172331,1441.818,99.52969,55.42973,0,0,1.749462,425.8816,274.774,151.1077,0,655.3503,3542.068,0,-5.684342e-14,-7.993606e-15,4.263256e-14
naive,2026-01-28 20:00:00,2288,20,26.9103,3149.736,683.2999,0,94.48882,0,0,2204.815,2204.498,1453.947,546.0528,2000,4,712.7456,0.3306499,119.9862,666.9376,500,0,324.9685,0.1624843,0.1259371,0.3172331,0,250,0.3172331,750.5509,89.35583,46.54961,0,0,5.132989,416.7997,141.8846,274.9151,0,688.9078,3736.625,0,0,1.24345e-13,4.263256e-14
naive,2026-01-28 20:15:00,2289,20.25,26.82773,3213.88,655.7921,0,84.00724,0,0,2249.716,2249.399,717.8718,356.3558,1074.228,3,162.3373,0.1057218,111.7846,800,0,499.6694,200,0.1,0.2046279,0.3172331,0,250,0.3172331,1531.527,83.32184,55.92368,0,0,0.6854073,424.5588,289.0246,135.5342,0,645.5098,3487.39,0,0,-7.993606e-15,4.263256e-14
naive,2026-01-28 20:30:00,2290,20.5,26.69218,3224.177,618.344,0,76.00082,0,0,2256.924,2256.607,1440.943,559.0567,2000,4,619.9134,2.685086,106.4884,770.9131,500,0,324.9685,0.1624843,0.1259371,0.3172331,0,250,0.3172331,815.6633,79.48961,54.02776,0,0,0,424.7239,153.4973,271.2266,0,712.554,3858.266,0,0,1.24345e-13,4.263256e-14
naive,2026-01-28 20:45:00,2291,20.75,26.63404,3185.426,555.8916,0,70.32799,0,0,2229.798,2229.481,629.8469,330.1848,960.0317,2,56.12676,7.157532,96.74739,800,0,499.6694,200,0.1,0.2046279,0.3172331,0,250,0.3172331,1599.634,72.2633,56.12739,0.09544909,0,0,419.1149,300.6687,118.4462,0,630.8535,3406.716,0,0,-7.993606e-15,4.263256e-14
naive,2026-01-28 21:00:00,2292,21,26.64021,3158.178,507.2119,0,60.77404,0,0,2210.724,2210.407,1344.97,534.0533,1879.023,4,492.5238,3.190323,83.30909,800,500,0,324.9685,0.1624843,0.1259371,0.3172331,0,250,0.3172331,865.4371,62.22175,56.1209,14.6881,0,0,415.5827,162.6891,252.8936,0,696.7424,3794.284,0,-1.136868e-13,1.24345e-13,4.263256e-14
naive,2026-01-28 21:15:00,2293,21.25,26.35333,3158.806,442.206,0,56.58924,0,0,2211.164,2210.847,565.8966,308.6692,874.5658,2,0,0,74.5658,800,0,435.3036,216.0915,0.1080457,0.2046279,0.3172331,0,250,0.3172331,1644.95,55.86271,56.42262,7.248661,0,0.7265307,413.2142,307.4022,105.812,0,616.2072,3338.168,0,-5.684342e-14,4.884981e-14,4.263256e-14
naive,2026-01-28 21:30:00,2294,21.5,26.0456,3147.455,375.7457,6.049121,47.41102,0,0,2203.219,2202.901,797.8093,374.8183,1172.628,3,303.3764,0.4506324,68.80062,800,0,64.22978,200,0.1,0.1360696,0.3172331,0,250,0.3172331,1405.092,51.71296,56.74628,8.139477,5.598488,0,409.1412,260.9278,148.2134,0,635.7461,3456.462,0,1.136868e-13,1.387779e-16,4.263256e-14
naive,2026-01-28 21:45:00,2295,21.75,25.79594,3137.39,312.5788,10.43182,41.66163,0,0,2196.173,2195.856,1181.125,484.2627,1665.387,4,303.8839,0.3770062,61.12641,800,500,0,324.9685,0.1624843,0.1259371,0.3172331,0,250,0.3172331,1014.731,46.06685,57.00887,8.694912,10.05481,0,405.7634,187.481,218.2824,0,671.7437,3662.798,0,-5.684342e-14,1.24345e-13,4.263256e-14
naive,2026-01-28 22:00:00,2296,22,25.35804,3072.172,265.8179,7.349717,42.61374,0,0,2150.521,2150.203,550.919,302.0663,852.9854,2,0,0,52.98535,800,0,256.8195,260.7125,0.1303562,0.2046279,0.3172331,0,250,0.3172331,1599.284,40.1171,57.46942,9.862522,6.485617,2.49664,393.8239,292.8762,100.9476,0,595.3998,3238.246,0,1.136868e-13,4.884981e-14,4.263256e-14
naive,2026-01-28 22:15:00,2297,22.25,25.24782,3033.242,228.5166,0,46.24924,0,0,2123.27,2122.952,549.4478,301.4177,850.8656,2,0,0,50.86558,800,0,207.2905,208.8488,0.1044244,0.1641668,0.3172331,0,250,0.3172331,1573.505,38.557,57.58535,22.79449,0,7.69224,387.972,287.5168,100.4552,0,590.3401,3221.407,0,-5.684342e-14,3.608225e-14,4.263256e-14
naive,2026-01-28 22:30:00,2298,22.5,24.97262,3038.384,189.052,4.812491,42.72467,0,0,2126.868,2126.551,649.2526,329.5437,978.7963,2,133.4314,4.440716,40.92418,800,0,35.2638,200,0.1,0.131509,0.3172331,0,250,0.3172331,1477.299,31.11134,57.87478,20.35681,0.3717749,11.61332,38.28363,26.59138,11.69226,0,358.2454,1940.998,0,5.684342e-14,-3.053113e-16,4.263256e-14
naive,2026-01-28 22:45:00,2299,22.75,24.76655,3055.084,148.4125,6.502946,33.23996,0,0,2138.559,2138.242,1042.58,442.7244,1485.304,3,139.6319,3.347841,42.32425,800,500,0,324.9685,0.1624843,0.1259371,0.3172331,0,250,0.3172331,1095.662,32.24548,58.09152,8.780628,3.155105,0.9944772,38.49406,19.72192,18.77214,0,462.6263,2499.681,0,5.684342e-14,1.24345e-13,4.263256e-14
naive,2026-01-28 23:00:00,2300,23,24.38953,3058.359,117.6807,2.924098,31.03992,0,1,2140.852,2140.534,544.7505,299.3469,844.0974,2,0,0,44.09741,800,0,136.3053,290.841,0.1454205,0.2046279,0.3172331,0,250,0.3172331,1595.784,33.72939,58.48804,0,0,0,38.53533,28.72411,9.811219,0,328.071,1738.592,0,-5.684342e-14,-3.641532e-14,4.263256e-14
naive,2026-01-28 23:15:00,2301,23.25,24.16071,3091.028,126.4266,8.009566,23.27625,0,1,2163.72,2163.402,544.1912,299.1003,843.2915,2,0,0,43.2915,800,0,120.6222,260.6397,0.1303198,0.1831383,0.3172331,0,250,0.3172331,1619.211,33.19222,58.72871,7.341082,6.472937,0,38.94695,29.1458,9.801151,0,328.2461,1763.113,0,-5.684342e-14,1.154632e-14,4.263256e-14
naive,2026-01-28 23:30:00,2302,23.5,23.84856,3079.437,107.9965,6.576453,29.63162,1,1,2155.606,2155.289,543.0204,298.5842,841.6046,2,0,0,41.60464,800,0,103.0497,234.8362,0.1174181,0.164121,0.3172331,0,250,0.3172331,1612.268,32.00277,59.05701,8.455204,3.068089,0,38.80091,29.02083,9.780078,327.605,0,608.6486,0,0,1.876277e-14,4.263256e-14
naive,2026-01-28 23:45:00,2303,23.75,23.60846,3074.62,128.6099,2.54175,21.35555,1,1,2152.234,2151.917,537.9538,296.3506,834.3045,2,0,0,34.30445,800,0,88.64198,212.6388,0.1063194,0.1478729,0.3172331,0,250,0.3172331,1613.963,26.45327,59.30953,43.40894,0,0,38.74021,29.05133,9.688879,325.4019,0,658.9611,0,0,-1.285083e-14,4.263256e-14
naive,2026-01-29 00:00:00,2304,0,23.23704,3065.632,98.32276,12.13992,18.23365,1,1,2145.942,2145.625,556.8232,301.6679,858.4911,2,25.22963,1.921026,31.34044,800,0,50.42124,200,0.1,0.1338955,0.3172331,0,250,0.3172331,1588.802,24.26075,59.70017,22.6719,10.2189,0,38.62696,28.59843,10.02853,330.2663,0,650.1066,0,-5.684342e-14,-1.804112e-15,4.263256e-14
naive,2026-01-29 00:15:00,2305,0.25,23.14491,3080.333,95.44608,17.3323,10.88804,1,1,2156.233,2155.916,996.9766,429.7454,1426.722,3,79.73717,5.388057,41.59675,800,500,0,324.9685,0.1624843,0.1259371,0.3172331,0,250,0.3172331,1158.94,32.23086,59.79707,15.70891,11.94425,0,38.8122,20.86091,17.95129,450.6063,0,881.6427,0,-1.136868e-13,1.24345e-13,4.263256e-14
naive,2026-01-29 00:30:00,2306,0.5,22.83572,3053.085,90.36198,0,14.83491,1,1,2137.159,2136.842,537.8195,296.2914,834.1109,2,0,0,34.11094,800,0,80.64057,304.7572,0.1523786,0.2046279,0.3172331,0,250,0.3172331,1599.023,26.51492,60.12226,10.60305,0,0,38.46887,28.78241,9.686462,325.0738,0,600.8003,0,0,1.199041e-13,4.263256e-14
naive,2026-01-29 00:45:00,2307,0.75,22.28402,3095.7,72.79994,5.393314,12.2949,1,1,2166.99,2166.673,540.0253,297.2638,837.2891,2,0,0,37.28911,800,0,73.45918,286.3444,0.1431722,0.1919012,0.3172331,0,250,0.3172331,1626.648,29.14994,60.70251,1.05588,3.678198,0,39.00583,29.27966,9.726166,326.5435,0,592.9629,0,-5.684342e-14,-9.872658e-14,4.263256e-14
naive,2026-01-29 01:00:00,2308,1,22.15782,3053.655,54.08403,2.876099,7.804832,1,1,2137.558,2137.241,535.3914,295.221,830.6124,2,0,0,30.61243,800,0,86.45839,264.6848,0.1323424,0.1803069,0.3172331,0,250,0.3172331,1601.85,23.96149,60.83523,0,2.74581,0,38.47605,28.8333,9.642756,324.0543,0,584.4055,0,-5.684342e-14,-7.630008e-14,4.263256e-14
naive,2026-01-29 01:15:00,2309,1.25,21.91306,3065.014,53.68943,11.26515,4.538941,1,1,2145.51,2145.192,530.7937,293.1941,823.9878,2,0,0,23.98779,800,0,89.51015,242.2656,0.1211328,0.1666681,0.3172331,0,250,0.3172331,1614.399,18.82311,61.09266,0,9.193029,0,38.61917,29.05917,9.559997,322.2533,0,591.6352,0,0,-1.057487e-14,4.263256e-14
naive,2026-01-29 01:30:00,2310,1.5,21.59938,3072.518,82.24668,1.294038,1.238392,1,1,2150.762,2150.445,528.0133,291.9683,819.9816,2,0,0,19.98159,800,0,83.66546,221.3111,0.1106555,0.1525511,0.3172331,0,250,0.3172331,1622.432,15.72961,61.42257,1.195227,0,0,38.71372,29.20377,9.509949,321.1721,0,575.3056,0,0,-4.521383e-14,4.263256e-14
naive,2026-01-29 01:45:00,2311,1.75,21.73538,3099.504,72.92815,3.605007,0.3101223,1,1,2169.653,2169.336,538.8964,295.4204,834.3168,2,11.31298,0.2747769,22.72904,800,0,85.1049,200,0.1,0.1393563,0.3172331,0,250,0.3172331,1630.439,17.86769,61.27954,0,3.330231,0,39.05375,29.34791,9.705846,324.7683,0,586.3417,0,-5.684342e-14,1.221245e-15,4.263256e-14
naive,2026-01-29 02:00:00,2312,2,21.54214,3054.718,83.46771,0,2.957893,1,1,2138.302,2137.985,988.5511,425.0459,1413.597,3,88.01873,3.981518,21.59673,800,500,0,324.9685,0.1624843,0.1259371,0.3172331,0,250,0.3172331,1149.434,17.01094,61.48278,0,0,0,38.48944,20.68981,17.79963,445.7357,0,822.3033,0,5.684342e-14,1.24345e-13,4.263256e-14
naive,2026-01-29 02:15:00,2313,2.25,21.19078,3026.929,92.11101,0,0,1,1,2118.851,2118.533,527.3977,291.6969,819.0946,2,0,0,19.0946,800,0,100.3987,299.8177,0.1499088,0.2046279,0.3172331,0,250,0.3172331,1591.136,15.09378,61.85232,0,0,0,38.13931,28.64044,9.498868,320.3374,0,571.0909,0,5.684342e-14,-7.904788e-14,4.263256e-14
naive,2026-01-29 02:30:00,2314,2.5,20.94589,3020.462,101.3645,0,0,1,1,2114.324,2114.006,529.332,292.5497,821.8816,2,0,0,21.88162,800,0,104.7457,273.584,0.136792,0.1887908,0.3172331,0,250,0.3172331,1584.674,17.33971,62.10988,4.937889,0,0,38.05782,28.52414,9.533685,321.0738,0,580.7918,0,0,-5.684342e-14,4.263256e-14
naive,2026-01-29 02:45:00,2315,2.75,20.84203,3040.486,67.28315,2.662549,1.169611,1,1,2128.34,2128.023,530.919,293.2493,824.1683,2,0,0,24.16831,800,0,112.2131,245.4877,0.1227438,0.1722719,0.3172331,0,250,0.3172331,1597.104,19.17184,62.21911,0,0,0,38.31012,28.74787,9.562252,321.9972,0,573.9979,0,0,-7.71605e-15,4.263256e-14
naive,2026-01-29 03:00:00,2316,3,20.66979,3060.522,67.95473,0,7.952165,1,1,2142.365,2142.048,527.3798,291.689,819.0688,2,0,0,19.0688,800,0,103.8594,219.4842,0.1097421,0.15458,0.3172331,0,250,0.3172331,1614.668,15.15286,62.40027,0,0,0,38.56257,29.06403,9.498546,320.7531,0,571.3058,0,0,3.774758e-14,4.263256e-14
naive,2026-01-29 03:15:00,2317,3.25,20.70057,2993.296,50.91078,0,9.641097,1,1,2095.307,2094.99,539.7556,295.642,835.3977,2,12.63383,0.6247593,22.13907,800,0,77.79863,200,0.1,0.138206,0.3172331,0,250,0.3172331,1555.234,17.58717,62.3679,0,0,0,37.71552,27.99421,9.721312,323.6362,0,577.1086,0,0,-2.553513e-15,4.263256e-14
naive,2026-01-29 03:30:00,2318,3.5,20.71828,2995.785,77.46276,0,20.2633,1,1,2097.05,2096.733,993.1169,426.4943,1419.611,3,92.76295,3.148092,23.70019,800,500,0,324.9685,0.1624843,0.1259371,0.3172331,0,250,0.3172331,1103.616,18.82396,62.34927,0,0,1.43934,37.7469,19.86508,17.88181,446.6005,0,823.058,0,-1.136868e-13,1.24345e-13,4.263256e-14
naive,2026-01-29 03:45:00,2319,3.75,20.50566,3012.43,105.432,0,22.64222,1,1,2108.701,2108.384,529.3454,292.5556,821.901,2,0,0,21.90101,800,0,111.4877,297.0454,0.1485227,0.2046279,0.3172331,0,250,0.3172331,1579.038,17.43221,62.57289,0,0,5.210008,37.95662,28.42269,9.533928,321.8474,0,573.3004,0,-5.684342e-14,-6.483702e-14,4.263256e-14
naive,2026-01-29 04:00:00,2320,4,20.41587,3029.293,138.6004,0,23.31174,1,1,2120.505,2120.188,530.3731,293.0087,823.3817,2,0,0,23.38175,800,0,147.2121,260.1957,0.1300978,0.1870452,0.3172331,0,250,0.3172331,1589.815,18.62761,62.66732,0,0,4.684132,38.16909,28.61667,9.552426,322.4055,0,574.3102,0,-5.684342e-14,4.812817e-14,4.263256e-14
naive,2026-01-29 04:15:00,2321,4.25,20.41833,3044.277,168.8466,0,31.42748,1,1,2130.994,2130.677,527.6242,291.7968,819.4209,2,0,0,19.42094,800,0,163.3065,219.3281,0.109664,0.1638414,0.3172331,0,250,0.3172331,1603.052,15.47176,62.66474,6.498362,0,15.95572,38.35789,28.85494,9.502945,323.3093,0,587.3303,0,-1.136868e-13,-4.551914e-15,4.263256e-14
naive,2026-01-29 04:30:00,2322,4.5,20.29667,3045.329,212.9335,0,23.99828,1,1,2131.731,2131.413,618.118,317.409,935.527,2,120.0576,0.7084463,14.76094,800,0,77.17421,200,0.1,0.1381077,0.3172331,0,250,0.3172331,1513.295,11.77372,62.7927,15.70173,0,12.22457,38.37115,27.23932,11.13183,346.6798,0,649.8034,0,-5.684342e-14,-1.498801e-15,4.263256e-14
naive,2026-01-29 04:45:00,2323,4.75,20.18367,3053.904,261.8751,0,27.84485,1,1,2137.733,2137.416,1090.642,454.0634,1544.705,4,222.4279,1.046725,21.23076,800,500,0,324.9685,0.1624843,0.1259371,0.3172331,0,250,0.3172331,1046.774,16.95342,62.91154,39.44722,0,10.89144,38.4792,18.84193,19.63727,474.7116,0,946.6942,0,0,1.24345e-13,4.263256e-14
naive,2026-01-29 05:00:00,2324,5,20.26094,3013.805,312.48,0,20.36773,1,1,2109.664,2109.346,529.9211,292.8094,822.7304,2,0,0,22.73044,800,0,279.5557,255.0284,0.1275142,0.2046279,0.3172331,0,250,0.3172331,1579.425,18.1369,62.83027,36.71939,0,2.23083,37.97395,28.42966,9.544289,321.6095,0,635.8759,0,0,-6.483702e-14,4.263256e-14
naive,2026-01-29 05:15:00,2325,5.25,20.29562,3050.705,383.0834,0,14.26128,1,1,2135.494,2135.176,629.8061,321.8722,951.6783,2,125.8534,0.3331741,25.49169,800,0,219.9532,200,0.1,0.1605877,0.3172331,0,250,0.3172331,1505.37,20.33306,62.79379,37.27677,0,0,38.43888,27.09667,11.34222,348.9689,0,691.5971,0,0,1.582068e-15,4.263256e-14
naive,2026-01-29 05:30:00,2326,5.5,20.10348,3001.637,437.4637,0,17.11463,1,1,2101.146,2100.828,1262.283,504.0465,1766.329,4,438.3388,1.782429,26.20801,800,500,0,324.9685,0.1624843,0.1259371,0.3172331,0,250,0.3172331,838.5457,20.94471,62.99588,0,0,0,37.82062,15.09382,22.7268,519.1403,0,967.4103,0,5.684342e-14,1.24345e-13,4.263256e-14
naive,2026-01-29 05:45:00,2327,5.75,20.04007,3019.175,519.3774,3.695368,12.9066,1,1,2113.423,2113.106,556.1014,301.3173,857.4187,2,25.50219,4.508499,27.40801,800,0,499.6694,200,0.1,0.2046279,0.3172331,0,250,0.3172331,1557.004,21.91762,63.06257,0,0,0,38.04161,28.02607,10.01554,329.3433,0,587.7413,0,0,-7.993606e-15,4.263256e-14
naive,2026-01-29 06:00:00,2328,6,20.01029,3017.39,583.9572,8.909216,8.67265,1,1,2112.173,2111.856,1389.968,540.9123,1930.88,4,601.6234,2.299617,26.95724,800,500,0,324.9685,0.1624843,0.1259371,0.3172331,0,250,0.3172331,721.8879,21.56357,63.09389,0,6.609599,0,38.01912,12.99398,25.02513,553.9063,0,1048.233,0,0,1.24345e-13,4.263256e-14
naive,2026-01-29 06:15:00,2329,6.25,20.03454,3048.84,652.1146,8.076683,11.66697,1,1,2134.188,2133.871,674.829,335.6722,1010.501,3,176.697,0.5626067,33.24155,800,0,499.6694,200,0.1,0.2046279,0.3172331,0,250,0.3172331,1459.042,26.58405,63.06838,0,7.514076,0,38.41539,26.26276,12.15263,361.935,0,665.8798,0,0,-7.993606e-15,4.263256e-14
naive,2026-01-29 06:30:00,2330,6.5,19.99576,3044.404,718.6568,5.050356,9.146627,1,1,2131.083,2130.766,1452.6,547.4004,2000,4,736.9892,0.4921956,30.36212,732.1564,500,0,324.9685,0.1624843,0.1259371,0.3172331,0,250,0.3172331,678.1663,24.2897,57.75724,0,4.558161,0,38.3595,12.20699,26.1525,559.6074,0,1062.101,0,0,1.24345e-13,4.263256e-14
naive,2026-01-29 06:45:00,2331,6.75,20.2406,3089.088,779.6986,6.431413,17.5615,1,1,2162.362,2162.044,747.5127,356.4854,1103.998,3,271.0934,0.04579778,32.85893,800,0,499.6694,200,0.1,0.2046279,0.3172331,0,250,0.3172331,1414.532,26.2239,62.85166,8.935758,6.385615,0,38.92251,25.46157,13.46094,381.947,0,719.6153,0,0,-7.993606e-15,4.263256e-14
naive,2026-01-29 07:00:00,2332,7,20.19642,3114.728,786.2873,0,28.67809,1,1,2180.309,2179.992,1457.923,542.0773,2000,4,776.3226,0.2831296,31.6587,691.7356,500,0,324.9685,0.1624843,0.1259371,0.3172331,0,250,0.3172331,722.0693,25.27722,54.38609,9.964653,0,3.400876,39.24557,12.99725,26.24832,555.6386,0,1067.282,0,0,1.24345e-13,4.263256e-14
naive,2026-01-29 07:15:00,2333,7.25,20.15289,3145.041,779.7156,0,33.50999,1,1,2201.529,2201.212,749.6784,358.1408,1107.819,3,265.2042,8.778148,33.83673,800,0,499.6694,200,0.1,0.2046279,0.3172331,0,250,0.3172331,1451.533,27.028,62.94391,14.84194,0,6.481987,39.62752,26.1276,13.49992,385.3427,0,725.4759,0,0,-7.993606e-15,4.263256e-14
naive,2026-01-29 07:30:00,2334,7.5,20.29343,3183.753,737.2368,0,31.7334,1,1,2228.627,2228.31,1451.464,548.5356,2000,4,725.8538,3.98866,33.79944,736.3581,500,0,324.9685,0.1624843,0.1259371,0.3172331,0,250,0.3172331,776.8456,26.96021,57.80052,11.383,0,4.77319,40.11529,13.98322,26.13207,563.312,0,1081.234,0,-1.136868e-13,1.24345e-13,4.263256e-14
naive,2026-01-29 07:45:00,2335,7.75,20.12615,3219.62,692.608,2.989899,26.50891,1,1,2253.734,2253.417,651.2436,328.8671,980.1107,2,146.498,1.969894,31.64274,800,0,499.6694,200,0.1,0.2046279,0.3172331,0,250,0.3172331,1602.173,25.28226,62.97204,46.44051,1.020004,1.226654,40.56721,28.83911,11.7281,357.9094,0,726.8446,0,5.684342e-14,-7.993606e-15,4.263256e-14
naive,2026-01-29 08:00:00,2336,8,20.13457,3219.155,619.8286,373.4474,23.93359,1,1,2253.409,2253.091,1449.217,550.7829,2000,4,576.0565,352.3093,32.34446,539.2898,500,0,324.9685,0.1624843,0.1259371,0.3172331,0,250,0.3172331,803.8742,25.84074,42.44425,43.77209,21.13807,0,40.56135,14.46974,26.09162,565.2527,0,1194.726,0,0,1.24345e-13,4.263256e-14
naive,2026-01-29 08:15:00,2337,8.25,20.37223,3246.942,522.1647,373.2749,27.91455,1,1,2272.859,2272.542,782.9567,404.3599,1187.317,3,0,356.2919,31.02474,800,0,499.6694,200,0.1,0.2046279,0.3172331,0,250,0.3172331,1489.585,24.72741,62.71322,24.8876,14.59068,3.18715,40.91147,26.81254,14.09893,431.7028,0,860.9534,0,0,-7.993606e-15,4.263256e-14
naive,2026-01-29 08:30:00,2338,8.5,20.36617,3264.705,449.979,377.3062,19.60984,1,1,2285.294,2284.977,1427.842,572.158,2000,4,413.6581,352.8596,39.04785,694.4344,500,0,324.9685,0.1624843,0.1259371,0.3172331,0,250,0.3172331,857.1346,31.12389,54.44331,36.32091,24.44656,0,41.13529,15.42842,25.70687,587.5865,0,1218.748,0,-1.136868e-13,1.24345e-13,4.263256e-14
naive,2026-01-29 08:45:00,2339,8.75,20.43566,3289.505,371.2529,385.8006,28.63092,1,1,2302.653,2302.336,675.7028,357.0771,1032.78,3,0,190.3142,42.46576,800,0,499.6694,200,0.1,0.2046279,0.3172331,0,250,0.3172331,1626.633,33.8246,62.64651,37.22102,29.84886,0,41.44776,29.2794,12.16836,386.3565,0,817.9313,0,5.684342e-14,-7.993606e-15,4.263256e-14
naive,2026-01-29 09:00:00,2340,9,20.76758,3298.123,296.8255,387.6337,23.71323,1,1,2308.686,2308.369,1404.425,585.9526,1990.378,4,276.5787,365.4509,48.34802,800,500,0,324.9685,0.1624843,0.1259371,0.3172331,0,250,0.3172331,903.9441,38.38152,62.29741,20.24683,22.18275,0,41.55635,16.27099,25.28536,602.2236,0,1207.554,0,0,1.24345e-13,4.263256e-14
naive,2026-01-29 09:15:00,2341,9.25,21.02458,3243.065,262.0758,391.3124,26.93167,1,1,2270.146,2269.828,622.8526,333.7782,956.6308,2,0,97.04563,59.58514,800,0,499.6694,200,0.1,0.2046279,0.3172331,0,250,0.3172331,1646.976,47.17971,62.02712,31.3868,25.2864,0,40.86262,29.64556,11.21706,363.4237,0,754.8282,0,0,-7.993606e-15,4.263256e-14
naive,2026-01-29 09:30:00,2342,9.5,21.23701,3258.384,209.5042,396.707,31.76588,1,1,2280.869,2280.552,1346.977,571.1088,1918.086,4,188.4639,366.5665,63.05541,800,500,0,324.9685,0.1624843,0.1259371,0.3172331,0,250,0.3172331,933.5747,49.82033,61.8037,21.0403,30.14057,0,41.05564,16.80434,24.2513,587.9131,0,1194.584,0,0,1.24345e-13,4.263256e-14
naive,2026-01-29 09:45:00,2343,9.75,21.48107,3279.879,161.8269,398.3876,40.56883,1,1,2295.915,2295.598,598.7764,323.1642,921.9406,2,0,49.65475,72.28581,800,0,499.6694,200,0.1,0.2046279,0.3172331,0,250,0.3172331,1696.822,56.97216,61.54701,0,26.06482,0,41.32648,30.54279,10.78369,353.707,0,683.1354,0,5.684342e-14,-7.993606e-15,4.263256e-14
naive,2026-01-29 10:00:00,2344,10,21.61153,3288.919,106.7262,412.6791,48.23056,1,1,2302.243,2301.926,1343.108,573.2027,1916.31,4,156.5224,381.5007,78.28725,800,500,0,324.9685,0.1624843,0.1259371,0.3172331,0,250,0.3172331,958.8182,61.6205,61.4098,0,31.17839,0,41.44037,17.25873,24.18165,590.4614,0,1165.62,0,-2.273737e-13,1.24345e-13,4.263256e-14
naive,2026-01-29 10:15:00,2345,10.25,21.87726,3294.459,77.79142,413.1154,59.16714,1,1,2306.122,2305.804,599.2693,323.3815,922.6508,2,0,27.0597,95.59113,800,0,499.6694,200,0.1,0.2046279,0.3172331,0,250,0.3172331,1706.535,75.0373,61.13031,0,28.43886,0,41.51019,30.71763,10.79256,354.0991,0,688.4837,0,5.684342e-14,-7.993606e-15,4.263256e-14
naive,2026-01-29 10:30:00,2346,10.5,22.08058,3323.005,92.25127,408.9671,62.39113,1,1,2326.104,2325.787,1343.711,576.9186,1920.63,4,127.5211,381.932,111.1765,800,500,0,324.9685,0.1624843,0.1259371,0.3172331,0,250,0.3172331,982.0756,87.09072,60.91648,0,27.03504,0,41.86987,17.67736,24.19251,594.596,0,1167.296,0,2.273737e-13,1.24345e-13,4.263256e-14
naive,2026-01-29 10:45:00,2347,10.75,22.6395,3328.483,44.16023,407.4443,78.16742,1,1,2329.938,2329.621,604.7122,325.781,930.4932,2,0,3.278085,127.2151,800,0,499.6694,200,0.1,0.2046279,0.3172331,0,250,0.3172331,1724.909,99.0858,60.32863,0,22.57246,0,41.93889,31.04836,10.89053,356.8293,0,684.7264,0,0,-7.993606e-15,4.263256e-14
naive,2026-01-29 11:00:00,2348,11,22.94153,3368.424,71.49587,422.5009,79.26242,1,1,2357.897,2357.579,1360.414,585.1158,1945.53,4,120.5124,382.0021,143.0151,800,500,0,324.9685,0.1624843,0.1259371,0.3172331,0,250,0.3172331,997.1655,111.0466,60.01097,0,40.49874,0,42.44214,17.94898,24.49316,603.0648,0,1208.478,0,0,1.24345e-13,4.263256e-14
naive,2026-01-29 11:15:00,2349,11.25,23.13052,3417.601,60.58522,421.5602,89.6534,1,1,2392.321,2392.003,618.3948,331.813,950.2078,2,0,0,150.2078,800,0,490.4042,202.3163,0.1011582,0.2046279,0.3172331,0,250,0.3172331,1773.608,116.4044,59.8122,0,35.00257,0,43.06177,31.92495,11.13682,363.7379,0,720.5665,0,-5.684342e-14,-7.993606e-15,4.263256e-14
naive,2026-01-29 11:30:00,2350,11.5,23.35827,3429.05,53.08424,415.0619,92.32219,1,1,2400.335,2400.018,950.7921,469.3504,1420.143,3,75.65235,390.5171,153.9731,800,0,9.137862,200,0.1,0.1273956,0.3172331,0,250,0.3172331,1449.225,119.0418,59.57267,0,24.54476,0,43.20603,26.08606,17.11997,495.4365,0,966.1935,0,0,6.106227e-16,4.263256e-14
naive,2026-01-29 11:45:00,2351,11.75,23.59999,3460.769,78.12778,407.6954,108.0546,1,1,2422.538,2422.221,1375.412,593.4212,1968.833,4,106.2757,392.8799,169.6773,800,500,0,324.9685,0.1624843,0.1259371,0.3172331,0,250,0.3172331,1046.809,130.8551,59.31844,0,14.81556,0,43.60569,18.84257,24.76312,612.2638,0,1183.351,0,0,1.24345e-13,4.263256e-14
naive,2026-01-29 12:00:00,2352,12,23.65424,3438.291,57.38336,415.3962,111.1601,1,1,2406.804,2406.487,644.2261,343.2006,987.4267,2,0,0,187.4267,800,0,485.8695,203.45,0.101725,0.2046279,0.3172331,0,250,0.3172331,1762.261,144.4622,59.26138,0,17.98038,0,43.32247,31.72069,11.60178,374.9213,0,714.1898,0,0,-7.993606e-15,4.263256e-14
naive,2026-01-29 12:15:00,2353,12.25,23.78152,3426.255,59.04237,430.4236,118.5441,1,1,2398.379,2398.061,972.3312,480.7074,1453.039,3,60.00412,395.2172,197.8173,800,0,13.67178,200,0.1,0.1281095,0.3172331,0,250,0.3172331,1425.73,152.2695,59.12752,0,35.20638,0,43.17082,25.66314,17.50767,506.3706,0,1006.954,0,-1.136868e-13,-3.885781e-16,4.263256e-14
naive,2026-01-29 12:30:00,2354,12.5,24.21306,3434.234,55.89364,430.4701,135.7658,1,1,2403.964,2403.647,1384.194,600.8891,1985.083,4,76.04646,398.9789,210.0581,800,500,0,324.9685,0.1624843,0.1259371,0.3172331,0,250,0.3172331,1019.452,160.9665,58.67364,0,31.49119,0,43.27135,18.35014,24.92121,619.2392,0,1226.793,0,-2.273737e-13,1.24345e-13,4.263256e-14
naive,2026-01-29 12:45:00,2355,12.75,24.25662,3425.69,63.11909,425.9749,141.5308,1,1,2397.983,2397.666,668.3,353.8136,1022.114,3,0,0,222.1136,800,0,478.5394,205.2825,0.1026412,0.2046279,0.3172331,0,250,0.3172331,1729.366,170.1272,58.62783,0,30.48291,0,43.1637,31.12859,12.03511,384.9422,0,756.5111,0,0,-7.993606e-15,4.263256e-14
naive,2026-01-29 13:00:00,2356,13,24.40511,3443.677,87.86126,430.2853,148.8437,1,1,2410.574,2410.257,1009.203,496.0416,1505.245,4,67.74569,399.0597,238.4396,800,0,21.00073,200,0.1,0.1292634,0.3172331,0,250,0.3172331,1401.053,182.3489,58.47166,0,31.22563,0,43.39033,25.21896,18.17137,521.2606,0,1030.605,0,0,-1.554312e-15,4.263256e-14
naive,2026-01-29 13:15:00,2357,13.25,24.75754,3458.756,115.2939,425.1926,161.2423,1,1,2421.129,2420.812,1400.377,599.6232,2000,4,109.3665,395.8476,254.7394,740.0466,500,0,324.9685,0.1624843,0.1259371,0.3172331,0,250,0.3172331,1020.435,194.096,53.74681,5.9274,29.34506,0,43.58032,18.36783,25.21249,617.9911,0,1236.362,0,1.136868e-13,1.24345e-13,4.263256e-14
naive,2026-01-29 13:30:00,2358,13.5,25.16469,3507.157,84.93627,421.4595,163.4707,1,1,2455.01,2454.693,697.6837,366.7674,1064.451,3,0,4.522787,259.9283,800,0,499.6694,200,0.1,0.2046279,0.3172331,0,250,0.3172331,1757.009,197.2031,57.67277,0,27.62229,0,447.8406,320.5119,127.3287,687.2793,0,1357.325,0,-5.684342e-14,-7.993606e-15,4.263256e-14
naive,2026-01-29 13:45:00,2359,13.75,25.23183,3493.644,72.79201,418.9401,170.3998,1,1,2445.551,2445.234,1398.166,601.8344,2000,4,91.42358,391.5037,262.8146,754.2581,500,0,324.9685,0.1624843,0.1259371,0.3172331,0,250,0.3172331,1047.068,199.2517,54.30863,0,27.43645,0,446.7168,191.2628,255.454,793.0973,0,1572.425,0,2.273737e-13,1.24345e-13,4.263256e-14
naive,2026-01-29 14:00:00,2360,14,25.6159,3525.075,115.3263,415.1302,178.8338,1,1,2467.553,2467.235,702.9223,369.0768,1071.999,3,0,0,271.9991,800,0,482.1119,204.3894,0.1021947,0.2046279,0.3172331,0,250,0.3172331,1764.313,205.3791,57.19822,22.18203,26.16258,0,454.2413,324.7849,129.4564,693.8617,0,1406.77,0,-5.684342e-14,-7.993606e-15,4.263256e-14
naive,2026-01-29 14:15:00,2361,14.25,25.75068,3493.442,120.6542,407.7012,182.4956,1,1,2445.409,2445.092,1044.737,509.926,1554.663,4,82.71274,389.0119,282.9382,800,0,17.42884,200,0.1,0.128701,0.3172331,0,250,0.3172331,1400.355,213.3338,57.05646,20.51264,18.6893,0,451.3969,258.4909,192.906,768.4169,0,1540.269,0,-2.273737e-13,4.718448e-16,4.263256e-14
naive,2026-01-29 14:30:00,2362,14.5,26.13887,3485.259,143.2131,410.1669,192.653,1,1,2439.681,2439.364,1400.575,599.4248,2000,4,100.5758,387.5815,289.7934,722.0492,500,0,324.9685,0.1624843,0.1259371,0.3172331,0,250,0.3172331,1038.789,217.6027,51.12847,42.63733,22.58538,0,453.9175,193.273,260.6445,792.6977,0,1640.385,0,-1.136868e-13,1.24345e-13,4.263256e-14
naive,2026-01-29 14:45:00,2363,14.75,26.36307,3502.261,158.7849,420.8025,194.4065,1,1,2451.583,2451.266,719.9362,376.5774,1096.514,3,0,0,296.5136,800,0,476.8163,205.7133,0.1028566,0.2046279,0.3172331,0,250,0.3172331,1731.33,222.117,56.41239,69.77628,32.99485,0,458.2344,323.6092,134.6252,700.1866,0,1514.189,0,-5.684342e-14,-7.993606e-15,4.263256e-14
naive,2026-01-29 15:00:00,2364,15,26.4732,3501.315,146.035,408.5872,198.279,1,1,2450.921,2450.603,1045.274,511.5852,1556.86,4,70.75738,383.3377,302.7644,800,0,22.72362,200,0.1,0.1295346,0.3172331,0,250,0.3172331,1405.329,226.5327,56.29655,52.55397,25.24942,0,459.1504,263.2714,195.8789,774.8566,0,1620.59,0,0,4.718448e-16,4.263256e-14
naive,2026-01-29 15:15:00,2365,15.25,26.70363,3430.731,127.7158,401.3347,208.3899,1,1,2401.512,2401.194,1402.384,597.6165,2000,4,113.5958,376.0917,302.544,707.7685,500,0,324.9685,0.1624843,0.1259371,0.3172331,0,250,0.3172331,998.811,225.8101,49.59175,14.12002,25.24307,0,452.0407,188.0079,264.0328,785.6244,0,1583.359,0,1.136868e-13,1.24345e-13,4.263256e-14
naive,2026-01-29 15:30:00,2366,15.5,26.89833,3429.179,143.0097,403.717,211.2306,1,1,2400.426,2400.108,722.0611,377.5141,1099.575,3,0,0,299.5752,800,0,494.5192,201.2876,0.1006438,0.2046279,0.3172331,0,250,0.3172331,1678.047,223.1276,55.84942,26.71349,25.49414,0,453.6652,317.1402,136.5249,694.6544,0,1416.536,0,1.136868e-13,4.884981e-14,4.263256e-14
naive,2026-01-29 15:45:00,2367,15.75,26.90569,3437.13,152.729,400.0081,213.9372,1,1,2405.991,2405.674,1074.595,518.763,1593.358,4,119.0764,374.0825,300.1987,800,0,5.023537,200,0.1,0.1267478,0.3172331,0,250,0.3172331,1331.08,223.5744,55.84169,28.62905,25.92565,0,454.7866,251.604,203.1826,770.367,0,1572.019,0,1.136868e-13,-2.498002e-16,4.263256e-14
naive,2026-01-29 16:00:00,2368,16,27.281,3392.301,183.1332,397.3349,216.1739,1,1,2374.61,2374.293,1403.929,596.0707,2000,4,127.8251,373.0808,298.5496,700.5445,500,0,324.9685,0.1624843,0.1259371,0.3172331,0,250,0.3172331,970.3639,221.4498,48.55382,55.30815,24.25408,0,452.3852,184.8633,267.5219,780.934,0,1644.49,0,-2.273737e-13,1.24345e-13,4.263256e-14
naive,2026-01-29 16:15:00,2369,16.25,27.31425,3378.449,198.9332,396.296,207.7089,1,1,2364.915,2364.597,740.3639,385.5829,1125.947,3,0,34.97922,290.9675,800,0,499.6694,200,0.1,0.2046279,0.3172331,0,250,0.3172331,1624.233,215.7483,55.41198,41.31257,19.26804,0,450.8522,309.6472,141.205,695.2301,0,1432.623,0,0,-7.993606e-15,4.263256e-14
naive,2026-01-29 16:30:00,2370,16.5,27.52872,3367.23,250.6164,396.1495,202.1173,1,1,2357.061,2356.744,1413.249,586.7509,2000,4,203.9256,376.1534,278.5123,641.4087,500,0,324.9685,0.1624843,0.1259371,0.3172331,0,250,0.3172331,943.4948,206.0351,44.24631,46.6908,19.99611,0,451.3851,180.6824,270.7027,767.4333,0,1600.124,0,0,1.24345e-13,4.263256e-14
naive,2026-01-29 16:45:00,2371,16.75,27.51353,3371.642,244.0447,392.353,190.7296,1,1,2360.15,2359.832,769.0596,398.2334,1167.293,3,0,94.33568,272.9572,800,0,499.6694,200,0.1,0.2046279,0.3172331,0,250,0.3172331,1590.773,201.9588,55.20239,16.83757,25.555,0,451.832,304.5409,147.2911,702.7743,0,1416.573,0,5.684342e-14,-7.993606e-15,4.263256e-14
naive,2026-01-29 17:00:00,2372,17,27.31024,3392.429,255.8121,390.9199,179.3278,1,1,2374.7,2374.383,1422.042,577.9579,2000,4,279.0212,364.5224,265.5407,590.9157,500,0,324.9685,0.1624843,0.1259371,0.3172331,0,250,0.3172331,952.3409,196.9032,40.93288,0,26.39748,0,452.6797,181.541,271.1387,759.4988,0,1518.484,0,0,1.24345e-13,4.263256e-14
naive,2026-01-29 17:15:00,2373,17.25,27.18734,3341.702,300.3207,389.1476,176.6964,1,1,2339.191,2338.874,822.9081,421.9724,1244.88,3,0,185.9212,258.9593,800,0,499.6694,200,0.1,0.2046279,0.3172331,0,250,0.3172331,1515.966,192.2776,55.54546,0,27.17799,0,444.7645,288.2397,156.5248,710.2122,0,1404.818,0,-1.136868e-13,-7.993606e-15,4.263256e-14
naive,2026-01-29 17:30:00,2374,17.5,27.18454,3308.436,342.953,379.9237,168.2413,1,1,2315.905,2315.588,1433.481,566.5194,2000,4,372.6269,357.6289,251.0768,518.6674,500,0,324.9685,0.1624843,0.1259371,0.3172331,0,250,0.3172331,882.1076,186.4305,36.01393,0,22.29485,0,440.3113,167.7106,272.6007,734.23,0,1466.403,0,0,1.24345e-13,4.263256e-14
naive,2026-01-29 17:45:00,2375,17.75,27.26876,3337.781,411.5918,379.8757,163.8675,1,1,2336.447,2336.13,865.1559,440.5973,1305.753,3,0,267.807,237.9462,800,0,499.6694,200,0.1,0.2046279,0.3172331,0,250,0.3172331,1470.974,176.5204,55.45983,0,29.27082,0,445.0005,280.1622,164.8383,720.7595,0,1429.619,0,-5.684342e-14,-7.993606e-15,4.263256e-14
naive,2026-01-29 18:00:00,2376,18,27.47693,3348.481,468.1155,4.695833,163.2506,1,1,2343.937,2343.62,1428.435,571.5654,2000,4,479.6418,6.336008,225.0464,788.9757,500,0,324.9685,0.1624843,0.1259371,0.3172331,0,250,0.3172331,915.185,166.5759,54.47965,0,0,0,448.3826,175.07,273.3126,746.6353,0,1431.981,0,0,1.24345e-13,4.263256e-14
naive,2026-01-29 18:15:00,2377,18.25,27.44838,3366.098,554.0388,0,145.9391,1,1,2356.269,2355.951,701.2548,363.262,1064.517,3,42.70151,9.348381,212.4669,800,0,499.6694,200,0.1,0.2046279,0.3172331,0,250,0.3172331,1654.697,157.3132,55.27092,11.66786,0,0,450.471,316.3446,134.1264,679.6065,0,1317.16,0,-5.684342e-14,-7.993606e-15,4.263256e-14
naive,2026-01-29 18:30:00,2378,18.5,27.3577,3334.667,611.9062,6.677257,134.0218,1,1,2334.267,2333.95,1442.268,557.7324,2000,4,592.2351,6.651846,200.4872,700.6259,500,0,324.9685,0.1624843,0.1259371,0.3172331,0,250,0.3172331,891.682,148.5887,48.48882,19.67118,0.02541098,0,445.4152,170.1471,275.2681,727.8795,0,1435.186,0,2.273737e-13,1.24345e-13,4.263256e-14
naive,2026-01-29 18:45:00,2379,18.75,27.12989,3331.607,665.6921,1.330797,117.5338,1,1,2332.125,2331.808,761.7781,377.0673,1138.845,3,150.9426,2.99707,184.9057,800,0,499.6694,200,0.1,0.2046279,0.3172331,0,250,0.3172331,1570.03,137.3777,55.60588,15.08006,0,0,442.8889,298.161,144.7279,675.2284,0,1313.913,0,-5.684342e-14,-7.993606e-15,4.263256e-14
naive,2026-01-29 19:00:00,2380,19,27.04424,3242.99,692.9304,4.499997,114.5376,1,0,2270.093,2269.776,1454.904,545.0955,2000,4,702.2958,0.2766149,165.931,631.4966,500,0,324.9685,0.1624843,0.1259371,0.3172331,0,250,0.3172331,814.8716,123.3939,43.96477,0,4.223382,0,430.3385,154.4741,275.8644,699.5697,0,1356.964,0,-2.273737e-13,1.24345e-13,4.263256e-14
naive,2026-01-29 19:15:00,2381,19.25,26.98983,3238.074,716.9598,0.2430153,108.8184,1,0,2266.652,2266.334,806.2859,385.6491,1191.935,3,243.7429,1.329978,146.8622,800,0,499.6694,200,0.1,0.2046279,0.3172331,0,250,0.3172331,1460.049,109.2774,55.75319,0,0,0,429.1991,276.4658,152.7334,662.1149,0,1261.507,0,-5.684342e-14,-7.993606e-15,4.263256e-14
naive,2026-01-29 19:30:00,2382,19.5,26.59449,3197.062,719.9961,5.878297,100.4499,0,0,2237.943,2237.626,1459.126,540.8739,2000,4,744.9816,0.4871392,136.6164,617.9148,500,0,324.9685,0.1624843,0.1259371,0.3172331,0,250,0.3172331,778.4999,102.0858,43.38456,0,5.391158,0,420.3021,146.208,274.0941,0,687.0818,3739.442,0,0,1.24345e-13,4.263256e-14
naive,2026-01-29 19:45:00,2383,19.75,26.64797,3150.699,700.3658,0,91.81314,0,0,2205.489,2205.172,787.4435,378.8935,1166.337,3,230.7047,0.09587207,135.5365,800,0,499.6694,200,0.1,0.2046279,0.3172331,0,250,0.3172331,1417.728,101.2209,56.11274,0,0,0,414.6651,266.5543,148.1109,0,645.4478,3486.836,0,-1.705303e-13,-7.993606e-15,4.263256e-14
naive,2026-01-29 20:00:00,2384,20,26.66459,3118.777,685.5795,0,84.50473,0,0,2183.144,2182.827,1452.002,547.9985,2000,4,696.78,0.1653249,123.8977,679.1571,500,0,324.9685,0.1624843,0.1259371,0.3172331,0,250,0.3172331,730.8254,92.51231,47.62186,0,0,0,410.6051,137.4534,273.1517,0,685.4519,3716.411,0,2.273737e-13,1.24345e-13,4.263256e-14
naive,2026-01-29 20:15:00,2385,20.25,26.81524,3141.254,622.2621,0,78.53328,0,0,2198.878,2198.56,715.7649,355.8128,1071.578,3,159.0936,0.05286089,112.4313,800,0,499.6694,200,0.1,0.2046279,0.3172331,0,250,0.3172331,1482.795,83.81505,55.93682,0,0,0,414.8572,279.7556,135.1016,0,635.5685,3432.698,0,-1.136868e-13,-7.993606e-15,4.263256e-14
naive,2026-01-29 20:30:00,2386,20.5,26.53564,3168.801,576.6667,0,76.65331,0,0,2218.161,2217.844,1440.658,559.3416,2000,4,619.2644,1.281802,104.0366,775.4172,500,0,324.9685,0.1624843,0.1259371,0.3172331,0,250,0.3172331,777.1852,77.78972,54.503,0,0,0,416.0809,145.7838,270.2971,0,705.1254,3816.874,0,0,1.24345e-13,4.263256e-14
naive,2026-01-29 20:45:00,2387,20.75,26.37071,3140.937,519.8739,7.277756,58.28796,0,0,2198.656,2198.339,626.4301,328.6449,955.0751,2,56.40906,3.302344,95.36366,800,0,499.6694,200,0.1,0.2046279,0.3172331,0,250,0.3172331,1571.909,71.43065,56.40434,0,3.975412,0,411.0236,293.8575,117.1661,0,622.5024,3367.166,0,0,-7.993606e-15,4.263256e-14
naive,2026-01-29 21:00:00,2388,21,26.19273,3120.044,484.9333,0,55.39552,0,0,2184.031,2183.714,1349.287,535.0042,1884.291,4,500.5277,1.442726,82.32048,800,500,0,324.9685,0.1624843,0.1259371,0.3172331,0,250,0.3172331,834.4271,61.77808,56.59154,0,0,0,406.8006,155.4215,251.3791,0,690.4257,3733.676,0,0,1.24345e-13,4.263256e-14
naive,2026-01-29 21:15:00,2389,21.25,25.83099,3138.724,420.1378,0,55.39229,0,0,2197.107,2196.79,566.3325,308.8613,875.1938,2,0,0,75.19381,800,0,438.8734,215.199,0.1075995,0.2046279,0.3172331,0,250,0.3172331,1630.457,56.64742,56.972,0,0,0,406.2254,301.4569,104.7685,0,610.3183,3292.657,0,-5.684342e-14,-7.993606e-15,4.263256e-14
naive,2026-01-29 21:30:00,2390,21.5,25.52542,3107.233,338.024,0,45.29232,0,0,2175.063,2174.746,803.9704,376.5856,1180.556,3,311.352,3.52215,65.68188,800,0,60.66048,200,0.1,0.1355077,0.3172331,0,250,0.3172331,1370.775,49.64214,57.29337,0,0,0,399.6658,251.8787,147.7871,0,628.4644,3392.099,0,-5.684342e-14,2.664535e-15,4.263256e-14
naive,2026-01-29 21:45:00,2391,21.75,25.19643,3103.157,290.3007,3.358681,41.2136,0,0,2172.21,2171.892,1186.376,486.0227,1672.399,4,308.5491,5.910685,57.93873,800,500,0,324.9685,0.1624843,0.1259371,0.3172331,0,250,0.3172331,985.5166,43.94239,57.63939,0,0,0,396.5049,179.8916,216.6134,0,665.9142,3597.684,0,0,1.24345e-13,4.263256e-14
naive,2026-01-29 22:00:00,2392,22,25.05776,3107.439,254.0146,2.515408,40.02199,0,0,2175.207,2174.89,552.1675,302.6167,854.7842,2,0,0,54.78423,800,0,265.5902,258.5198,0.1292599,0.2046279,0.3172331,0,250,0.3172331,1622.723,41.6107,57.78524,0,0,0,395.9496,295.3817,100.5679,0,597.9984,3223.983,0,0,-7.993606e-15,4.263256e-14
naive,2026-01-29 22:15:00,2393,22.25,24.90141,3123.669,222.783,0,38.58727,0,0,2186.568,2186.251,553.3933,303.1571,856.5504,2,0,0,56.55035,800,0,218.8573,203.7648,0.1018824,0.1627861,0.3172331,0,250,0.3172331,1632.858,43.02287,57.94967,4.643577,0,0,39.35823,29.39144,9.966789,0,332.5485,1771.834,0,0,-6.974976e-14,4.263256e-14
naive,2026-01-29 22:30:00,2394,22.5,24.85868,3100.097,201.6444,0,27.59763,0,0,2170.068,2169.75,679.5364,339.174,1018.71,3,164.7048,4.662312,49.34329,800,0,14.93088,200,0.1,0.1283077,0.3172331,0,250,0.3172331,1490.214,37.55668,57.99462,22.00875,0,0,39.06122,26.82385,12.23736,0,365.9979,1985.709,0,-5.684342e-14,-3.608225e-16,4.263256e-14
naive,2026-01-29 22:45:00,2395,22.75,24.58145,3019.325,182.3957,0,26.56401,0,0,2113.528,2113.211,1047.937,444.5259,1492.463,3,144.3441,5.101817,43.01743,800,500,0,324.9685,0.1624843,0.1259371,0.3172331,0,250,0.3172331,1065.273,32.83728,58.2862,38.05155,0,0,38.0435,19.17492,18.86858,0,463.7008,2550.421,0,0,1.24345e-13,4.263256e-14
naive,2026-01-29 23:00:00,2396,23,24.17262,3016.74,163.0592,0,27.08469,0,1,2111.718,2111.401,543.4703,298.7825,842.2528,2,0,0,42.25283,800,0,127.6511,293.0046,0.1465023,0.2046279,0.3172331,0,250,0.3172331,1567.93,32.39183,58.71618,39.1411,0,0,38.01092,28.22275,9.788175,0,327.0053,1799.992,0,0,-9.325873e-14,4.263256e-14
naive,2026-01-29 23:15:00,2397,23.25,24.00352,3035.575,161.1093,7.573284,17.53286,0,1,2124.903,2124.586,539.2728,296.9321,836.2048,2,0,0,36.20482,800,0,128.111,260.9307,0.1304654,0.1845007,0.3172331,0,250,0.3172331,1585.313,27.80428,58.89403,38.11083,2.460676,0,38.24825,28.53563,9.71262,0,325.4677,1793.802,0,0,2.897682e-14,4.263256e-14
naive,2026-01-29 23:30:00,2398,23.5,23.82351,3021.981,134.9765,1.372014,17.94926,1,1,2115.387,2115.069,541.9049,298.0924,839.9974,2,0,0,39.99736,800,0,109.2456,233.5782,0.1167891,0.1643042,0.3172331,0,250,0.3172331,1573.164,30.77444,59.08335,30.93594,0,0,38.07696,28.31696,9.759999,326.4094,0,639.7145,0,-5.684342e-14,-4.13003e-14,4.263256e-14
naive,2026-01-29 23:45:00,2399,23.75,23.68129,3008.011,129.2885,0.4827519,15.32602,1,1,2105.608,2105.29,535.4602,295.2513,830.7114,2,0,0,30.71144,800,0,111.9003,205.5664,0.1027832,0.1470808,0.3172331,0,250,0.3172331,1569.83,23.66469,59.23293,20.38953,0,0,37.90094,28.25695,9.643993,323.5082,0,615.5513,0,0,2.059464e-14,4.263256e-14
naive,2026-01-30 00:00:00,2400,0,23.61421,2987.22,120.5166,1.393414,16.62439,1,1,2091.054,2090.737,589.233,311.1364,900.3694,2,65.7414,7.512213,27.11578,800,0,22.13614,200,0.1,0.1294421,0.3172331,0,250,0.3172331,1501.504,20.90861,59.30349,32.6391,0,0,37.63897,27.02707,10.6119,338.1635,0,665.913,0,0,-2.498002e-16,4.263256e-14
naive,2026-01-30 00:15:00,2401,0.25,23.3083,3003.67,117.5398,0,18.36555,1,1,2102.569,2102.252,997.6662,429.0486,1426.715,3,88.15067,12.05526,26.50888,800,500,0,324.9685,0.1624843,0.1259371,0.3172331,0,250,0.3172331,1104.585,20.50551,59.62522,29.38914,0,0,37.84624,19.88254,17.9637,448.9311,0,881.4802,0,1.136868e-13,1.24345e-13,4.263256e-14
naive,2026-01-30 00:30:00,2402,0.5,23.18658,3010.052,117.0488,0,11.81335,1,1,2107.036,2106.719,532.1707,293.8011,825.9719,2,0,0,25.97188,800,0,85.87752,303.448,0.151724,0.2046279,0.3172331,0,250,0.3172331,1574.548,20.11541,59.75325,31.58657,0,0,37.92665,28.34187,9.584783,322.143,0,631.5505,0,0,-7.904788e-14,4.263256e-14
naive,2026-01-30 00:45:00,2403,0.75,22.83257,3017.557,105.4998,0,17.43764,1,1,2112.29,2111.973,531.9535,293.7054,825.6589,2,0,0,25.65893,800,0,75.72732,284.4684,0.1422342,0.1910767,0.3172331,0,250,0.3172331,1580.019,19.9457,60.12557,33.52014,0,0,38.02122,28.44035,9.580874,322.1457,0,634.4724,0,-5.684342e-14,-3.744227e-14,4.263256e-14
naive,2026-01-30 01:00:00,2404,1,22.63648,3016.734,98.38065,0,14.49702,1,1,2111.714,2111.397,527.6453,291.8061,819.4514,2,0,0,19.45136,800,0,69.94575,266.9372,0.1334686,0.1791256,0.3172331,0,250,0.3172331,1583.751,15.15082,60.33181,30.01676,0,0,38.01085,28.50753,9.503325,320.3136,0,624.5329,0,0,-7.605028e-15,4.263256e-14
naive,2026-01-30 01:15:00,2405,1.25,22.51525,3046.666,97.5311,0,15.77209,1,1,2132.666,2132.349,524.0286,290.2117,814.2403,2,0,0,14.24028,800,0,75.84496,247.9339,0.1239669,0.1680864,0.3172331,0,250,0.3172331,1608.321,11.10568,60.45931,28.79839,0,4.666414,38.388,28.94977,9.438225,319.9697,0,621.6,0,0,5.653811e-14,4.263256e-14
naive,2026-01-30 01:30:00,2406,1.5,22.29447,3047.633,64.62442,0,13.55324,1,1,2133.343,2133.026,521.0723,288.9084,809.9807,2,0,0,9.980681,800,0,83.31684,227.0657,0.1135328,0.1561203,0.3172331,0,250,0.3172331,1611.954,7.801342,60.69151,0,0,5.751898,38.40018,29.01517,9.385011,318.9157,0,569.5534,0,5.684342e-14,-3.208545e-14,4.263256e-14
naive,2026-01-30 01:45:00,2407,1.75,22.12483,3038.658,78.43068,0,18.88271,1,1,2127.061,2126.743,521.4896,289.0924,810.5819,2,0,0,10.58194,800,0,85.46209,205.6644,0.1028322,0.1429799,0.3172331,0,250,0.3172331,1605.254,8.28567,60.86993,0,0,10.59704,38.28709,28.89457,9.392523,319.8089,0,571.1391,0,-1.136868e-13,4.496403e-14,4.263256e-14
naive,2026-01-30 02:00:00,2408,2,21.75347,3005.996,96.70144,0,24.68301,1,1,2104.197,2103.88,572.4488,304.0804,876.5292,2,62.85578,1.793942,11.87947,800,0,22.52805,200,0.1,0.1295039,0.3172331,0,250,0.3172331,1531.431,9.336934,61.26051,11.31761,0,15.34607,37.87555,27.56577,10.30979,334.2663,0,619.1373,0,-5.684342e-14,2.498002e-16,4.263256e-14
naive,2026-01-30 02:15:00,2409,2.25,21.49068,2999.737,93.35157,1.418686,20.77023,1,1,2099.816,2099.499,982.6092,421.5924,1404.202,3,95.02987,0.619744,8.551897,800,500,0,324.9685,0.1624843,0.1259371,0.3172331,0,250,0.3172331,1116.89,6.739532,61.53689,0,0.798942,14.03069,37.79669,20.10402,17.69267,444.0801,0,820.3094,0,-5.684342e-14,1.24345e-13,4.263256e-14
naive,2026-01-30 02:30:00,2410,2.5,21.34316,3005.062,88.6142,7.8862,16.03374,1,1,2103.543,2103.226,520.9773,288.8665,809.8439,2,0,0,9.843881,800,0,102.5915,299.2695,0.1496347,0.2046279,0.3172331,0,250,0.3172331,1582.249,7.769329,61.69205,0,4.103434,8.264415,37.86378,28.48047,9.383302,318.7472,0,575.1693,0,5.684342e-14,2.04281e-14,4.263256e-14
naive,2026-01-30 02:45:00,2411,2.75,21.02984,3045.723,88.30364,0.09065665,19.65852,1,1,2132.006,2131.689,522.2527,289.4288,811.6814,2,0,0,11.68142,800,0,88.77982,277.0274,0.1385137,0.1884456,0.3172331,0,250,0.3172331,1609.436,9.248899,62.02158,2.682964,0,10.40963,38.37611,28.96986,9.406258,320.1521,0,575.1579,0,-5.684342e-14,2.04281e-14,4.263256e-14
naive,2026-01-30 03:00:00,2412,3,20.77554,3054.876,108.2274,1.911165,22.96678,1,1,2138.413,2138.096,523.8678,290.1408,814.0086,2,0,0,14.00856,800,0,84.0233,255.978,0.127989,0.1744401,0.3172331,0,250,0.3172331,1614.228,11.11994,62.28904,24.32211,1.793115,11.84684,38.49144,29.05611,9.43533,321.1831,0,617.3397,0,0,-4.965472e-14,4.263256e-14
naive,2026-01-30 03:15:00,2413,3.25,20.96247,3043.448,101.2657,0,23.30714,1,1,2130.414,2130.097,525.6666,290.9338,816.6004,2,0,0,16.60036,800,0,68.92012,238.7077,0.1193538,0.1611856,0.3172331,0,250,0.3172331,1604.43,13.15247,62.09244,32.59065,0,10.15467,38.34745,28.87974,9.467708,321.5219,0,629.4086,0,0,-1.740275e-14,4.263256e-14
naive,2026-01-30 03:30:00,2414,3.5,20.87381,3061.386,121.642,2.996203,17.39003,1,1,2142.97,2142.653,531.3243,293.428,824.7523,2,0,0,24.75229,800,0,85.77571,217.2262,0.1086131,0.1503107,0.3172331,0,250,0.3172331,1611.329,19.6288,62.18569,37.31098,1.551491,0,38.57346,29.00392,9.569548,322.4319,0,641.9427,0,-5.684342e-14,-1.690315e-14,4.263256e-14
naive,2026-01-30 03:45:00,2415,3.75,20.65652,3073.82,106.6005,3.260772,15.96493,1,1,2151.674,2151.357,562.3983,302.5256,864.9239,2,38.67986,0.6652604,25.57882,800,0,68.76786,200,0.1,0.1367841,0.3172331,0,250,0.3172331,1588.959,20.32871,62.41422,0,2.595512,0,38.73014,28.60126,10.12888,331.1269,0,596.515,0,0,1.582068e-15,4.263256e-14
naive,2026-01-30 04:00:00,2416,4,20.42692,3058.788,116.0112,2.773852,12.92197,1,1,2141.151,2140.834,1031.689,437.5996,1469.289,3,142.3542,0.2753952,26.65909,800,500,0,324.9685,0.1624843,0.1259371,0.3172331,0,250,0.3172331,1109.145,21.23622,62.6557,0,2.498457,0,38.54072,19.96461,18.57611,457.5642,0,848.9505,0,0,1.24345e-13,4.263256e-14
naive,2026-01-30 04:15:00,2417,4.25,20.52683,3070.116,164.8382,2.728766,19.01741,1,1,2149.081,2148.764,535.3102,295.1851,830.4953,2,0,0,30.4953,800,0,166.6232,283.2616,0.1416308,0.2046279,0.3172331,0,250,0.3172331,1613.454,24.26771,62.55062,0,2.314061,0,38.68346,29.04217,9.641293,324.2273,0,582.0769,0,-5.684342e-14,-3.641532e-14,4.263256e-14
naive,2026-01-30 04:30:00,2418,4.5,20.09318,3043.079,185.7297,0,18.58302,1,1,2130.155,2129.838,530.3065,292.9793,823.2858,2,0,0,23.28583,800,0,206.1902,231.6694,0.1158347,0.1783657,0.3172331,0,250,0.3172331,1599.532,18.61131,63.00671,0,0,0,38.3428,28.79157,9.551228,321.7709,0,572.6592,0,-5.684342e-14,5.745404e-15,4.263256e-14
naive,2026-01-30 04:45:00,2419,4.75,19.99606,3051.772,208.3643,0,24.04772,1,1,2136.24,2135.923,625.7718,321.0833,946.855,2,117.5347,0.4538285,28.86656,800,0,126.5318,200,0.1,0.1458788,0.3172331,0,250,0.3172331,1510.151,23.09324,63.10885,0,0,0.9544728,38.45233,27.18272,11.2696,348.4237,0,625.85,0,-1.136868e-13,5.467848e-15,4.263256e-14
naive,2026-01-30 05:00:00,2420,5,20.03799,3106.634,273.4713,0,23.26735,1,1,2174.644,2174.327,1150.406,471.6477,1622.054,4,296.0893,1.667092,24.29761,800,500,0,324.9685,0.1624843,0.1259371,0.3172331,0,250,0.3172331,1023.921,19.4307,63.06476,0,0,3.836649,39.14359,18.43057,20.71302,490.7129,0,910.478,0,-2.273737e-13,1.24345e-13,4.263256e-14
naive,2026-01-30 05:15:00,2421,5.25,19.93768,3127.285,336.6768,0,25.8778,1,1,2189.1,2188.783,528.9686,292.3895,821.3582,2,0,0,21.35815,800,0,366.4773,233.298,0.116649,0.2046279,0.3172331,0,250,0.3172331,1659.814,17.08652,63.17025,0,0,8.791279,39.4038,29.87665,9.527146,323.7176,0,576.3687,0,5.684342e-14,4.884981e-14,4.263256e-14
naive,2026-01-30 05:30:00,2422,5.5,19.994,3137.379,416.3152,0,30.99345,1,1,2196.165,2195.848,767.9407,361.467,1129.408,3,304.9211,0.8428726,23.64366,800,0,133.0453,200,0.1,0.1469044,0.3172331,0,250,0.3172331,1427.907,18.91493,63.11102,0,0,12.07852,39.53098,25.70233,13.82864,389.1656,0,707.3312,0,-1.136868e-13,1.226796e-14,4.263256e-14
naive,2026-01-30 05:45:00,2423,5.75,19.85914,3153.603,509.4748,0,27.85223,1,1,2207.522,2207.205,1325.542,521.9768,1847.519,4,522.0436,4.110991,21.36396,800,500,0,324.9685,0.1624843,0.1259371,0.3172331,0,250,0.3172331,881.663,17.09117,63.25287,0,0,10.76106,39.7354,15.86993,23.86546,539.6209,0,1008.082,0,-1.136868e-13,1.24345e-13,4.263256e-14
naive,2026-01-30 06:00:00,2424,6,19.8754,3164.84,584.757,0,30.13489,1,1,2215.388,2215.071,602.6045,313.8867,916.4912,2,92.17511,5.952446,18.3637,800,0,499.6694,200,0.1,0.2046279,0.3172331,0,250,0.3172331,1612.466,14.69096,63.23577,0,0,15.44393,39.87698,29.02439,10.85259,345.4581,0,619.7759,0,0,-7.993606e-15,4.263256e-14
naive,2026-01-30 06:15:00,2425,6.25,19.9135,3131.149,667.9704,0,19.6551,1,1,2191.804,2191.487,1436.627,554.1917,1990.818,4,662.905,4.712227,23.20093,800,500,0,324.9685,0.1624843,0.1259371,0.3172331,0,250,0.3172331,754.8605,18.56075,63.19569,5.065397,0,1.094357,39.45248,13.58749,25.86499,567.9597,0,1073.562,0,0,1.24345e-13,4.263256e-14
naive,2026-01-30 06:30:00,2426,6.5,19.96215,3124.004,724.0429,1.265227,18.78119,1,1,2186.802,2186.485,706.5154,343.6465,1050.162,3,227.0891,2.994617,20.07814,800,0,499.6694,200,0.1,0.2046279,0.3172331,0,250,0.3172331,1479.97,16.06251,63.14452,0,0,2.718678,39.36244,26.63946,12.72299,370.735,0,670.4325,0,-5.684342e-14,-7.993606e-15,4.263256e-14
naive,2026-01-30 06:45:00,2427,6.75,20.0423,3115.534,764.5608,1.021148,15.9892,1,1,2180.874,2180.557,1457.751,542.2492,2000,4,775.5653,3.551729,27.01619,693.8668,500,0,324.9685,0.1624843,0.1259371,0.3172331,0,250,0.3172331,722.806,21.60381,54.69425,0,0,0,39.25573,13.01051,26.24522,555.2597,0,1048.988,0,0,1.24345e-13,4.263256e-14
naive,2026-01-30 07:00:00,2428,7,20.12219,3139.576,774.7405,0,11.82758,1,1,2197.703,2197.386,756.8967,359.3225,1116.219,3,282.0209,0.1099436,34.08837,800,0,499.6694,200,0.1,0.2046279,0.3172331,0,250,0.3172331,1440.489,27.23737,62.9762,0,0,0,39.55866,25.92881,13.62985,385.2513,0,699.6543,0,0,-7.993606e-15,4.263256e-14
naive,2026-01-30 07:15:00,2429,7.25,20.35654,3172.803,743.296,5.409032,11.74955,1,1,2220.962,2220.645,1458.002,541.9983,2000,4,772.92,3.965362,38.38644,684.7282,500,0,324.9685,0.1624843,0.1259371,0.3172331,0,250,0.3172331,762.6434,30.59966,53.69101,0,1.44367,0,39.97732,13.72758,26.24974,555.7259,0,1053.54,0,2.273737e-13,1.24345e-13,4.263256e-14
naive,2026-01-30 07:30:00,2430,7.5,20.42197,3229.68,698.5506,6.74721,16.77278,1,1,2260.776,2260.458,721.5859,349.6692,1071.255,3,232.3102,1.762039,37.18284,800,0,499.6694,200,0.1,0.2046279,0.3172331,0,250,0.3172331,1538.873,29.62075,62.66091,0,4.985171,0,40.69396,27.69971,12.99426,377.369,0,692.8438,0,1.136868e-13,-7.993606e-15,4.263256e-14
naive,2026-01-30 07:45:00,2431,7.75,20.45844,3225.952,637.2486,0.2213657,19.20654,1,1,2258.166,2257.849,1444.018,555.9825,2000,4,671.3343,2.497264,32.44966,793.7188,500,0,324.9685,0.1624843,0.1259371,0.3172331,0,250,0.3172331,813.8314,25.84071,62.13087,0,0,0,40.64699,14.64896,25.99803,570.6314,0,1071.366,0,-2.273737e-13,1.24345e-13,4.263256e-14
naive,2026-01-30 08:00:00,2432,8,20.5484,3202.773,581.7864,374.6912,25.2576,1,1,2241.941,2241.624,866.3546,429.2304,1295.585,3,99.99587,364.6691,30.91999,800,0,499.6694,200,0.1,0.2046279,0.3172331,0,250,0.3172331,1375.269,24.60034,62.52794,0,10.02202,0.6572589,40.35494,24.75484,15.60009,454.095,0,855.134,0,0,-7.993606e-15,4.263256e-14
naive,2026-01-30 08:15:00,2433,8.25,20.64781,3222.09,490.7254,375.7157,20.90828,1,1,2255.463,2255.146,1441.263,558.7374,2000,4,510.4823,367.5647,33.19242,588.7606,500,0,324.9685,0.1624843,0.1259371,0.3172331,0,250,0.3172331,813.8832,26.38191,45.94054,0,8.150938,0,40.59834,14.6499,25.94844,573.3873,0,1109.152,0,2.273737e-13,1.24345e-13,4.263256e-14
naive,2026-01-30 08:30:00,2434,8.5,20.60035,3233.373,399.6654,381.9588,23.40256,1,1,2263.361,2263.044,744.2607,387.3008,1131.562,3,0,300.5783,30.98323,800,0,499.6694,200,0.1,0.2046279,0.3172331,0,250,0.3172331,1518.783,24.63778,62.4733,0,14.89927,0,40.7405,27.33809,13.4024,414.6389,0,784.6966,0,-5.684342e-14,-7.993606e-15,4.263256e-14
naive,2026-01-30 08:45:00,2435,8.75,20.51592,3253.296,333.6167,383.483,25.31976,1,1,2277.307,2276.99,1420.869,579.131,2000,4,353.9762,373.0264,38.73029,734.2671,500,0,324.9685,0.1624843,0.1259371,0.3172331,0,250,0.3172331,856.1207,30.82438,57.42161,0,10.4566,0,40.99152,15.41017,25.58135,594.5412,0,1142.521,0,-2.273737e-13,1.24345e-13,4.263256e-14
naive,2026-01-30 09:00:00,2436,9,20.5177,3267.147,282.0095,378.5193,33.05728,1,1,2287.003,2286.686,655.8353,348.3185,1004.154,3,0,166.0954,38.0584,800,0,499.6694,200,0.1,0.2046279,0.3172331,0,250,0.3172331,1630.85,30.28909,62.56022,0,0.1277128,2.768191,41.16605,29.35531,11.81075,378.1358,0,686.1116,0,5.684342e-14,-7.993606e-15,4.263256e-14
naive,2026-01-30 09:15:00,2437,9.25,20.74407,3293.618,228.9549,382.7013,34.23113,1,1,2305.533,2305.216,1390.381,583.2136,1973.594,4,247.5572,380.6564,45.38064,800,500,0,324.9685,0.1624843,0.1259371,0.3172331,0,250,0.3172331,914.8349,36.03438,62.32214,0,2.044852,0,41.49959,16.46703,25.03256,599.6806,0,1132.776,0,0,1.24345e-13,4.263256e-14
naive,2026-01-30 09:30:00,2438,9.5,20.8543,3292.52,181.3242,400.1807,38.30047,1,1,2304.764,2304.447,607.2494,326.8995,934.1489,2,0,83.7373,50.41164,800,0,499.6694,200,0.1,0.2046279,0.3172331,0,250,0.3172331,1697.198,39.98478,62.20621,0,16.29429,0,41.48576,30.54956,10.9362,357.4491,0,673.0238,0,0,-7.993606e-15,4.263256e-14
naive,2026-01-30 09:45:00,2439,9.75,21.00645,3316.442,129.0818,407.8231,44.26078,1,1,2321.509,2321.192,1344.288,572.3173,1916.605,4,168.3382,387.4141,60.85259,800,500,0,324.9685,0.1624843,0.1259371,0.3172331,0,250,0.3172331,976.9043,48.19211,62.04619,0,20.40901,0,41.78716,17.58428,24.20289,589.9015,0,1145.207,0,-1.136868e-13,1.24345e-13,4.263256e-14
naive,2026-01-30 10:00:00,2440,10,21.59265,3355.582,120.074,408.1806,45.78086,1,1,2348.908,2348.59,581.7889,315.6753,897.4642,2,0,28.58677,68.87745,800,0,499.6694,200,0.1,0.2046279,0.3172331,0,250,0.3172331,1766.801,54.22438,61.42965,0,8.613335,0,42.28034,31.80243,10.47791,347.4777,0,640.7051,0,5.684342e-14,-7.993606e-15,4.263256e-14
naive,2026-01-30 10:15:00,2441,10.25,21.95213,3371.012,123.757,405.7484,54.63745,1,1,2359.708,2359.391,1322.065,569.9061,1891.971,4,106.2526,401.2813,84.43715,800,500,0,324.9685,0.1624843,0.1259371,0.3172331,0,250,0.3172331,1037.326,66.23106,61.05157,17.50445,4.467086,0,42.47475,18.67187,23.80288,588.5779,0,1146.374,0,-2.273737e-13,1.24345e-13,4.263256e-14
naive,2026-01-30 10:30:00,2442,10.5,22.14054,3395.545,108.0238,401.9062,58.13106,1,1,2376.882,2376.564,583.2609,316.3242,899.5851,2,0,5.813882,93.77119,800,0,499.6694,200,0.1,0.2046279,0.3172331,0,250,0.3172331,1793.304,73.41119,60.85341,0.1728713,4.273824,0,42.78387,32.27946,10.50441,348.6037,0,636.4178,0,-5.684342e-14,-7.993606e-15,4.263256e-14
naive,2026-01-30 10:45:00,2443,10.75,22.27843,3389.709,104.7143,403.5683,65.51346,1,1,2372.796,2372.479,1316.833,571.0367,1887.869,4,77.35872,398.1496,112.3611,800,500,0,324.9685,0.1624843,0.1259371,0.3172331,0,250,0.3172331,1055.646,87.84081,60.70838,27.35555,5.418717,0,42.71033,19.00163,23.7087,590.0383,0,1168.315,0,0,1.24345e-13,4.263256e-14
naive,2026-01-30 11:00:00,2444,11,22.68168,3424.071,88.08504,411.5452,79.99117,1,1,2396.85,2396.532,597.7782,322.7241,920.5024,2,0,0,120.5024,800,0,498.6065,200.2657,0.1001329,0.2046279,0.3172331,0,250,0.3172331,1798.754,93.81671,60.28426,0,6.476645,0,43.14329,32.37757,10.76572,355.1017,0,653.5559,0,0,-7.993606e-15,4.263256e-14
naive,2026-01-30 11:15:00,2445,11.25,22.80353,3430.946,79.36008,419.6003,90.60815,1,1,2401.662,2401.345,948.8032,468.0782,1416.881,3,78.97682,406.6933,131.2112,800,0,0.9368502,200,0.1,0.1261044,0.3172331,0,250,0.3172331,1452.542,102.0261,60.15611,0,12.90695,0,43.22992,26.14576,17.08417,494.2239,0,943.0367,0,1.136868e-13,0,4.263256e-14
naive,2026-01-30 11:30:00,2446,11.5,23.19051,3425.374,84.97786,428.5662,98.42092,1,1,2397.762,2397.444,1329.264,577.7149,1906.979,4,67.28884,404.8291,134.8612,800,500,0,324.9685,0.1624843,0.1259371,0.3172331,0,250,0.3172331,1068.18,104.4467,59.74911,17.68902,23.73709,0,43.15971,19.22725,23.93247,596.9422,0,1198.127,0,-2.273737e-13,1.24345e-13,4.263256e-14
naive,2026-01-30 11:45:00,2447,11.75,23.4907,3433.582,85.0693,418.2931,107.3166,1,1,2403.507,2403.19,620.6166,332.7924,953.409,2,0,0,153.409,800,0,492.6084,201.7652,0.1008826,0.2046279,0.3172331,0,250,0.3172331,1782.574,118.4431,59.43338,0,16.34678,0,43.26313,32.08632,11.17681,364.8787,0,691.0931,0,0,-7.993606e-15,4.263256e-14
naive,2026-01-30 12:00:00,2448,12,23.89257,3437.931,94.4497,415.3485,116.8396,1,1,2406.552,2406.235,960.8483,475.1526,1436.001,3,64.1454,408.2651,163.5905,800,0,6.933938,200,0.1,0.1270486,0.3172331,0,250,0.3172331,1445.386,125.7781,59.01072,23.37037,7.083409,0,43.31793,26.01695,17.30098,501.1696,0,988.4848,0,-1.136868e-13,1.94289e-16,4.263256e-14
naive,2026-01-30 12:15:00,2449,12.25,24.0153,3448.017,96.70557,419.8144,120.85,1,1,2413.612,2413.295,1361.982,592.3666,1954.348,4,65.37007,415.3979,173.5802,800,500,0,324.9685,0.1624843,0.1259371,0.3172331,0,250,0.3172331,1051.313,133.2884,58.88164,31.33551,4.416429,0,43.44501,18.92363,24.52138,611.2903,0,1218.011,0,0,1.24345e-13,4.263256e-14
naive,2026-01-30 12:30:00,2450,12.5,24.34857,3447.907,88.97781,416.7448,138.5405,1,1,2413.535,2413.218,647.4077,344.6032,992.0109,2,0,0,192.0109,800,0,481.7615,204.477,0.1022385,0.2046279,0.3172331,0,250,0.3172331,1765.81,146.929,58.53112,24.29713,0,0,43.44363,31.78458,11.65905,376.3878,0,728.8407,0,-1.136868e-13,4.884981e-14,4.263256e-14
naive,2026-01-30 12:45:00,2451,12.75,24.32284,3502.601,81.52015,422.2488,142.6788,1,1,2451.821,2451.504,982.6941,485.9907,1468.685,3,53.996,413.0978,201.591,800,0,17.77917,200,0.1,0.1287562,0.3172331,0,250,0.3172331,1468.809,154.3012,58.55818,9.74498,9.150963,0,44.13278,26.43857,17.6942,512.4292,0,991.576,0,-1.136868e-13,1.748601e-15,4.263256e-14
naive,2026-01-30 13:00:00,2452,13,24.50912,3527.425,92.50975,418.1008,148.4951,1,1,2469.198,2468.88,1396.544,603.4561,2000,4,88.04757,417.151,214.392,780.4095,500,0,324.9685,0.1624843,0.1259371,0.3172331,0,250,0.3172331,1072.337,163.7798,56.93308,4.462177,0.9498695,0,44.44556,19.30206,25.1435,622.7582,0,1190.802,0,0,1.24345e-13,4.263256e-14
naive,2026-01-30 13:15:00,2453,13.25,24.85308,3536.784,75.99591,422.1551,161.9796,1,1,2475.749,2475.431,692.4906,364.478,1056.969,3,0,25.81098,231.1576,800,0,499.6694,200,0.1,0.2046279,0.3172331,0,250,0.3172331,1782.941,175.9515,58.00051,0,9.297093,0,44.56347,32.09293,12.47054,396.5709,0,743.9288,0,1.136868e-13,-7.993606e-15,4.263256e-14
naive,2026-01-30 13:30:00,2454,13.5,25.1384,3543.591,88.34059,418.0008,168.0016,1,1,2480.514,2480.197,1398.37,601.6299,2000,4,96.35047,409.9265,235.5269,758.1961,500,0,324.9685,0.1624843,0.1259371,0.3172331,0,250,0.3172331,1081.827,178.7397,54.6853,0,8.074314,0,452.2543,197.2417,255.0127,798.8716,0,1550.15,0,0,1.24345e-13,4.263256e-14
naive,2026-01-30 13:45:00,2455,13.75,25.08549,3534.87,85.02068,425.4632,177.2316,1,1,2474.409,2474.092,682.0825,359.8896,1041.972,3,0,0,241.9721,800,0,488.5992,202.7676,0.1013838,0.2046279,0.3172331,0,250,0.3172331,1792.009,183.7333,57.75607,3.894425,17.99022,0,450.6631,326.3779,124.2852,686.2675,0,1345.31,0,-1.136868e-13,4.884981e-14,4.263256e-14
naive,2026-01-30 14:00:00,2456,14,25.35597,3548.47,68.42789,421.522,176.2624,1,1,2483.929,2483.612,1043.389,507.9434,1551.332,4,94.38443,404.1822,252.7657,800,0,10.94253,200,0.1,0.1276798,0.3172331,0,250,0.3172331,1440.223,191.3821,57.47159,0,17.3398,0,454.8619,263.7364,191.1255,771.6798,0,1508.615,0,0,-6.383782e-16,4.263256e-14
naive,2026-01-30 14:15:00,2457,14.25,25.58595,3532.601,63.62211,415.9365,179.4162,1,1,2472.82,2472.503,1401.151,598.849,2000,4,111.2905,400.0831,260.5639,728.0625,500,0,324.9685,0.1624843,0.1259371,0.3172331,0,250,0.3172331,1071.352,196.8072,52.08352,0,15.85338,0,454.9351,197.1011,257.834,795.9501,0,1560.653,0,-1.136868e-13,1.24345e-13,4.263256e-14
naive,2026-01-30 14:30:00,2458,14.5,25.73763,3521.769,68.9255,417.8049,182.8365,1,1,2465.238,2464.921,720.046,376.6258,1096.672,3,0,24.89087,271.7809,800,0,499.6694,200,0.1,0.2046279,0.3172331,0,250,0.3172331,1744.875,204.9497,57.07019,0,17.06943,0,454.9367,322.0004,132.9363,698.6262,0,1362.493,0,5.684342e-14,-7.993606e-15,4.263256e-14
naive,2026-01-30 14:45:00,2459,14.75,25.79316,3494.122,113.9084,412.2776,187.2278,1,1,2445.885,2445.568,1404.419,595.5808,2000,4,127.0801,406.7349,276.3771,689.8079,500,0,324.9685,0.1624843,0.1259371,0.3172331,0,250,0.3172331,1041.149,208.2929,49.15898,0,5.542677,0,451.8745,192.3511,259.5235,787.9319,0,1530.121,0,2.273737e-13,1.24345e-13,4.263256e-14
naive,2026-01-30 15:00:00,2460,15,25.89636,3516.969,110.6357,427.8532,189.3158,1,1,2461.878,2461.561,724.3783,378.5357,1102.914,3,0,20.74261,282.1714,800,0,499.6694,200,0.1,0.2046279,0.3172331,0,250,0.3172331,1737.182,212.4268,56.90325,0,29.77615,0,455.7851,321.617,134.1681,700.1527,0,1387.653,0,-1.136868e-13,-7.993606e-15,4.263256e-14
naive,2026-01-30 15:15:00,2461,15.25,25.95017,3531.718,95.47651,421.9728,190.5849,1,1,2472.202,2471.885,1403.554,596.4455,2000,4,121.5198,390.7725,290.0014,697.7062,500,0,324.9685,0.1624843,0.1259371,0.3172331,0,250,0.3172331,1068.331,218.1967,49.57783,0,31.2003,0,458.1987,198.0047,260.194,794.4502,0,1586.946,0,-2.273737e-13,1.24345e-13,4.263256e-14
naive,2026-01-30 15:30:00,2462,15.5,26.19058,3538.399,120.0726,414.3888,198.2958,1,1,2476.879,2476.562,733.0227,382.3465,1115.369,3,0,24.37512,290.9941,800,0,499.6694,200,0.1,0.2046279,0.3172331,0,250,0.3172331,1743.539,218.3839,56.5938,0,21.38892,0,461.3266,324.7397,136.5869,707.0863,0,1387.4,0,-5.684342e-14,-7.993606e-15,4.263256e-14
naive,2026-01-30 15:45:00,2463,15.75,26.35366,3541.033,114.8292,399.6057,196.9275,1,1,2478.723,2478.406,1406.096,593.9038,2000,4,139.874,389.1095,293.2965,677.72,500,0,324.9685,0.1624843,0.1259371,0.3172331,0,250,0.3172331,1072.309,219.7292,47.79814,0,10.4962,0,463.2176,200.3905,262.8271,794.2943,0,1552.922,0,0,1.24345e-13,4.263256e-14
naive,2026-01-30 16:00:00,2464,16,26.58089,3456.252,114.4566,402.7161,203.1198,1,1,2419.377,2419.059,750.4002,390.0074,1140.408,3,0,45.62847,294.7791,800,0,499.6694,200,0.1,0.2046279,0.3172331,0,250,0.3172331,1668.659,220.304,56.1833,0,15.55578,0,454.249,313.2984,140.9506,703.3057,0,1370.239,0,0,-7.993606e-15,4.263256e-14
naive,2026-01-30 16:15:00,2465,16.25,26.74293,3443.896,148.2695,403.855,202.0026,1,1,2410.727,2410.41,1411.071,588.9286,2000,4,180.4125,388.3878,285.1858,646.0139,500,0,324.9685,0.1624843,0.1259371,0.3172331,0,250,0.3172331,999.3389,212.7647,45.23137,0,15.46727,0,454.1449,188.2605,265.8845,777.1891,0,1530.174,0,0,1.24345e-13,4.263256e-14
naive,2026-01-30 16:30:00,2466,16.5,26.63306,3452.428,193.3857,392.9332,194.418,1,1,2416.7,2416.382,787.4367,406.3349,1193.772,3,0,117.8862,275.8855,800,0,499.6694,200,0.1,0.2046279,0.3172331,0,250,0.3172331,1628.946,206.0687,56.12843,0,5.032285,0,454.2358,306.1718,148.0639,712.5068,0,1370.55,0,0,-7.993606e-15,4.263256e-14
naive,2026-01-30 16:45:00,2467,16.75,26.69581,3443.046,254.0414,385.4557,184.7338,1,1,2410.132,2409.815,1417.182,582.8184,2000,4,236.4024,381.6208,264.9311,617.0457,500,0,324.9685,0.1624843,0.1259371,0.3172331,0,250,0.3172331,992.6334,197.7535,43.24135,17.63899,3.834893,0,453.5899,186.8148,266.775,769.6332,0,1527.662,0,2.273737e-13,1.24345e-13,4.263256e-14
naive,2026-01-30 17:00:00,2468,17,27.00483,3382.019,290.7333,387.3165,182.3383,1,1,2367.413,2367.096,791.4487,408.1036,1199.552,3,0,146.7378,252.8145,800,0,499.6694,200,0.1,0.2046279,0.3172331,0,250,0.3172331,1575.647,188.0842,55.73742,24.20048,7.44206,0,448.4189,298.4481,149.9708,706.5517,0,1404.982,0,0,-7.993606e-15,4.263256e-14
naive,2026-01-30 17:15:00,2469,17.25,26.8716,3374.175,319.9436,390.5051,173.6972,1,1,2361.923,2361.605,1426.078,573.9223,2000,4,310.9247,377.7661,247.6857,563.6236,500,0,324.9685,0.1624843,0.1259371,0.3172331,0,250,0.3172331,935.5278,184.5326,39.36737,9.018961,12.73907,0,446.1404,176.7106,269.4298,750.6329,0,1494.51,0,1.136868e-13,1.24345e-13,4.263256e-14
naive,2026-01-30 17:30:00,2470,17.5,26.90672,3373.217,372.9348,375.9307,164.58,1,1,2361.252,2360.935,837.0291,428.1977,1265.227,3,0,227.4572,237.7697,800,0,499.6694,200,0.1,0.2046279,0.3172331,0,250,0.3172331,1523.905,177.0781,55.8406,16.55286,5.186054,0,446.3394,288.0586,158.2807,716.2563,0,1407.192,0,1.136868e-13,-7.993606e-15,4.263256e-14
naive,2026-01-30 17:45:00,2471,17.75,26.78832,3339.292,449.3613,367.0337,154.1997,1,1,2337.504,2337.187,1438.389,561.6106,2000,4,414.0409,367.5533,228.7458,489.6601,500,0,324.9685,0.1624843,0.1259371,0.3172331,0,250,0.3172331,898.7977,170.5742,34.25486,35.3204,0,0,440.7654,169.4794,271.286,731.09,0,1484.571,0,0,1.24345e-13,4.263256e-14
naive,2026-01-30 18:00:00,2472,18,26.64247,3293.753,526.809,0,147.1419,1,1,2305.627,2305.31,668.7673,354.0196,1022.787,3,0,0,222.7869,800,0,479.0604,205.1523,0.1025761,0.2046279,0.3172331,0,250,0.3172331,1636.543,166.3907,56.11852,53.30705,0,0,433.4434,307.6597,125.7837,661.6793,0,1352.18,0,0,-7.993606e-15,4.263256e-14
naive,2026-01-30 18:15:00,2473,18.25,26.62683,3266.775,564.3053,8.198154,145.3133,1,1,2286.742,2286.425,1069.236,467.6978,1536.934,4,528.4862,4.288681,204.159,800,0,20.47985,200,0.1,0.1291814,0.3172331,0,250,0.3172331,1217.189,152.5038,56.13498,15.33925,3.909473,0,429.7541,228.7498,201.0042,696.4476,0,1362.947,0,-5.684342e-14,1.498801e-15,4.263256e-14
naive,2026-01-30 18:30:00,2474,18.5,26.68817,3184.916,640.0596,0,133.9734,1,1,2229.441,2229.124,1443.193,556.8072,2000,4,603.237,6.692185,189.7722,700.2986,500,0,324.9685,0.1624843,0.1259371,0.3172331,0,250,0.3172331,785.9309,141.6639,49.08258,36.82253,0,0,419.5172,147.8898,271.6274,704.697,0,1417.695,0,0,1.24345e-13,4.263256e-14
naive,2026-01-30 18:45:00,2475,18.75,26.7137,3193.11,675.6097,0.1382589,117.9942,1,1,2235.177,2234.86,757.5018,374.1767,1131.679,3,159.3944,2.059372,170.2248,800,0,499.6694,200,0.1,0.2046279,0.3172331,0,250,0.3172331,1477.358,127.0371,56.04361,16.54583,0,0,420.819,278.1436,142.6753,652.3204,0,1270.133,0,1.705303e-13,-7.993606e-15,4.263256e-14
naive,2026-01-30 19:00:00,2476,19,26.68388,3169.832,690.5013,9.176938,115.6742,1,0,2218.882,2218.565,1454.016,545.9839,2000,4,697.2656,2.569032,159.4562,640.7092,500,0,324.9685,0.1624843,0.1259371,0.3172331,0,250,0.3172331,764.5491,119.0386,44.90969,0,6.607906,0,417.4933,143.8536,273.6398,689.8375,0,1340.55,0,0,1.24345e-13,4.263256e-14
naive,2026-01-30 19:15:00,2477,19.25,26.70292,3160.683,724.4686,5.141307,101.933,0,0,2212.478,2212.161,794.6096,382.2093,1176.819,3,229.3884,0.7095256,146.721,800,0,499.6694,200,0.1,0.2046279,0.3172331,0,250,0.3172331,1417.551,109.5091,56.05495,0,4.431782,0,416.4524,266.8242,149.6282,0,649.0335,3514.267,0,-1.136868e-13,-7.993606e-15,4.263256e-14
naive,2026-01-30 19:30:00,2478,19.5,26.37116,3153.859,732.2008,8.9459,96.37303,0,0,2207.701,2207.384,1457.378,542.6219,2000,4,731.2075,3.389561,135.5941,629.8088,500,0,324.9685,0.1624843,0.1259371,0.3172331,0,250,0.3172331,750.0061,101.5642,44.40457,0.9933047,5.556338,0,412.7183,140.2098,272.5086,0,682.8316,3716.917,0,0,1.24345e-13,4.263256e-14
naive,2026-01-30 19:45:00,2479,19.75,26.34807,3147.495,701.0426,10.72214,91.00431,0,0,2203.246,2202.929,769.9326,373.1382,1143.071,3,214.1917,0,128.8791,800,0,499.6694,200,0.1,0.2046279,0.3172331,0,250,0.3172331,1432.996,96.55819,56.42817,0,10.72214,0,411.6899,267.7641,143.9258,0,640.9023,3479.976,0,5.684342e-14,-7.993606e-15,4.263256e-14
naive,2026-01-30 20:00:00,2480,20,26.25724,3179.719,668.1057,8.321001,82.96906,0,0,2225.804,2225.486,1450.881,549.1191,2000,4,690.6581,0,118.206,691.1359,500,0,324.9685,0.1624843,0.1259371,0.3172331,0,250,0.3172331,774.6055,88.64767,48.83194,0,8.321001,0,415.1299,144.47,270.6599,0,693.5891,3774.158,0,0,1.24345e-13,4.263256e-14
naive,2026-01-30 20:15:00,2481,20.25,26.07737,3144.893,638.1007,0,74.44975,0,0,2201.425,2201.108,697.5147,350.1608,1047.676,3,138.9724,0,108.7031,800,0,499.6694,200,0.1,0.2046279,0.3172331,0,250,0.3172331,1503.593,81.67747,56.71286,0,0,0,409.0736,279.401,129.6726,0,629.5618,3398.788,0,5.684342e-14,-7.993606e-15,4.263256e-14
naive,2026-01-30 20:30:00,2482,20.5,25.90925,3129.359,600.5618,3.26818,60.65364,0,0,2190.552,2190.234,1437.316,562.4657,1999.782,4,595.906,0.4858958,103.3897,800,500,0,324.9685,0.1624843,0.1259371,0.3172331,0,250,0.3172331,752.9185,77.82411,56.88968,4.655813,2.782284,0,405.6591,139.4298,266.2292,0,701.8955,3809.255,0,2.273737e-13,1.24345e-13,4.263256e-14
naive,2026-01-30 20:45:00,2483,20.75,25.62104,3069.353,529.6256,4.102457,61.94146,0,0,2148.547,2148.23,605.9714,321.9874,927.9588,2,36.5557,5.448324,85.95478,800,0,499.6694,200,0.1,0.2046279,0.3172331,0,250,0.3172331,1542.259,64.89858,57.19281,0,0,0,395.5581,283.9374,111.6207,0,605.9248,3268.245,0,5.684342e-14,-7.993606e-15,4.263256e-14
naive,2026-01-30 21:00:00,2484,21,25.58729,3054.157,490.2902,8.573938,54.49917,0,0,2137.91,2137.593,1339.123,531.5149,1870.638,4,492.1941,0.6285943,77.81532,800,500,0,324.9685,0.1624843,0.1259371,0.3172331,0,250,0.3172331,798.4698,58.77404,57.2283,0,7.945344,0,393.3309,146.9018,246.4291,0,678.4167,3680.616,0,2.273737e-13,1.24345e-13,4.263256e-14
naive,2026-01-30 21:15:00,2485,21.25,25.29267,3010.082,415.9614,0,53.95085,0,0,2107.057,2106.74,565.7873,308.621,874.4083,2,0,0,74.40829,800,0,428.7502,217.7298,0.1088649,0.2046279,0.3172331,0,250,0.3172331,1540.953,56.37609,57.53817,0,0,0,385.357,281.8229,103.5341,0,590.4438,3182.711,0,0,-7.993606e-15,4.263256e-14
naive,2026-01-30 21:30:00,2486,21.5,24.89735,3037.686,346.5095,3.944712,45.51792,0,0,2126.381,2126.063,778.1271,368.6226,1146.75,3,282.5189,1.572645,62.6582,800,0,70.78211,200,0.1,0.1371013,0.3172331,0,250,0.3172331,1347.936,47.67169,57.95394,0,2.372067,0,38.27485,24.26285,14.012,0,392.8855,2099.764,0,-5.684342e-14,5.717649e-15,4.263256e-14
naive,2026-01-30 21:45:00,2487,21.75,24.68871,3039.438,308.2357,15.18053,40.88189,0,0,2127.607,2127.29,1176.34,482.7916,1659.132,4,298.5204,4.492977,56.11859,800,500,0,324.9685,0.1624843,0.1259371,0.3172331,0,250,0.3172331,950.9492,42.78988,58.17338,9.715325,10.68755,0,38.29692,17.11709,21.17984,0,499.9087,2719.248,0,-5.684342e-14,1.24345e-13,4.263256e-14
naive,2026-01-30 22:00:00,2488,22,24.39897,3025.4,278.7315,9.792148,30.24396,0,0,2117.78,2117.462,551.4594,302.3045,853.764,2,0,0,53.76399,800,0,260.7803,259.7223,0.1298611,0.2046279,0.3172331,0,250,0.3172331,1566.003,41.11914,58.47812,21.32715,6.416213,0,38.12003,28.18805,9.93198,0,330.4926,1799.779,0,5.684342e-14,-7.993606e-15,4.263256e-14
naive,2026-01-30 22:15:00,2489,22.25,24.17099,3048.686,228.9427,0,29.09555,0,0,2134.08,2133.763,551.217,302.1977,853.4147,2,0,0,53.4147,800,0,220.9531,204.4431,0.1022216,0.1635433,0.3172331,0,250,0.3172331,1582.546,40.94942,58.71789,8.297881,0,0,38.41345,28.48583,9.927617,0,330.6835,1767.016,0,-5.684342e-14,2.128853e-14,4.263256e-14
naive,2026-01-30 22:30:00,2490,22.5,24.14438,3020.614,190.5019,1.14899,19.03733,0,0,2114.43,2114.113,679.9755,338.2557,1018.231,3,174.0521,2.100092,42.07893,800,0,17.64374,200,0.1,0.1287348,0.3172331,0,250,0.3172331,1434.137,32.26801,58.74588,0,0,0,38.05974,25.81447,12.24527,0,364.0701,1936.297,0,0,-1.720846e-15,4.263256e-14
naive,2026-01-30 22:45:00,2491,22.75,23.8963,3017.622,168.3053,0,17.11481,0,0,2112.336,2112.018,1058.874,446.8959,1505.769,4,164.9496,2.258086,38.56175,800,500,0,324.9685,0.1624843,0.1259371,0.3172331,0,250,0.3172331,1053.145,29.64741,59.0068,3.355713,0,0,38.02204,18.95661,19.06543,0,465.8525,2501.595,0,5.684342e-14,1.24345e-13,4.263256e-14
naive,2026-01-30 23:00:00,2492,23,23.67973,2998.997,161.7131,0,26.82992,0,1,2099.298,2098.981,540.8665,297.6347,838.5012,2,0,0,38.50116,800,0,146.7181,288.2378,0.1441189,0.2046279,0.3172331,0,250,0.3172331,1558.114,29.66754,59.23458,16.5728,0,0,37.78736,28.04606,9.741307,0,325.6807,1753.193,0,0,4.884981e-14,4.263256e-14
naive,2026-01-30 23:15:00,2493,23.25,23.74005,2980.715,134.3497,0.5767179,25.94625,1,1,2086.501,2086.184,534.1995,294.6955,828.8951,2,0,0,28.89507,800,0,150.1423,250.6569,0.1253284,0.1814991,0.3172331,0,250,0.3172331,1551.984,22.25151,59.17113,0,0,3.69474,37.55701,27.93571,9.621302,323.2865,0,580.0055,0,0,-1.201816e-14,4.263256e-14
naive,2026-01-30 23:30:00,2494,23.5,23.3174,2982.288,118.1423,2.791394,19.35916,1,1,2087.601,2087.284,535.5851,295.3064,830.8914,2,0,0,30.89145,800,0,123.8564,219.6533,0.1098266,0.157835,0.3172331,0,250,0.3172331,1551.699,23.89333,59.61566,0,0,0,37.57683,27.93058,9.646242,323.2369,0,579.4063,0,-5.684342e-14,2.148282e-14,4.263256e-14
naive,2026-01-30 23:45:00,2495,23.75,23.12831,2974.046,100.7555,8.935682,21.2583,1,1,2081.832,2081.515,564.6551,303.1754,867.8305,2,41.58124,1.527994,24.72125,800,0,78.47487,200,0.1,0.1383125,0.3172331,0,250,0.3172331,1516.86,19.15832,59.81452,0,7.407689,2.099987,37.47298,27.30348,10.1695,330.8469,0,607.1807,0,-1.136868e-13,-1.165734e-15,4.263256e-14
naive,2026-01-31 00:00:00,2496,0,23.04393,2978.195,73.81429,3.753835,18.71892,1,1,2084.737,2084.419,1003.868,429.723,1433.591,3,105.4653,4.08162,24.04442,800,500,0,324.9685,0.1624843,0.1259371,0.3172331,0,250,0.3172331,1080.551,18.65002,59.90328,0,0,0.06889243,37.52526,19.44992,18.07534,449.185,0,830.9789,0,1.705303e-13,1.24345e-13,4.263256e-14
naive,2026-01-31 00:15:00,2497,0.25,23.00472,2958.063,88.08878,4.330843,18.70364,1,1,2070.644,2070.327,531.5705,293.5365,825.107,2,0,0,25.10701,800,0,109.4828,297.5467,0.1487733,0.2046279,0.3172331,0,250,0.3172331,1538.756,19.48209,59.94452,0,0,0,37.27159,27.69761,9.573979,321.2341,0,575.0307,0,0,-7.993606e-15,4.263256e-14
naive,2026-01-31 00:30:00,2498,0.5,23.06094,2930.651,83.06256,6.476508,14.47668,1,1,2051.456,2051.139,528.1252,292.0177,820.1428,2,0,0,20.14281,800,0,102.7968,271.8006,0.1359003,0.1873608,0.3172331,0,250,0.3172331,1523.013,15.621,59.88538,0,6.312834,0,36.9262,27.41424,9.511963,319.4319,0,582.3824,0,5.684342e-14,-8.382184e-14,4.263256e-14
naive,2026-01-31 00:45:00,2499,0.75,22.73869,2978.653,99.57031,3.413205,16.26271,1,1,2085.057,2084.74,530.797,293.1955,823.9926,2,0,0,23.99256,800,0,92.06398,248.7419,0.1243709,0.1711489,0.3172331,0,250,0.3172331,1553.943,18.66838,60.22431,9.185046,1.734491,0,37.53103,27.97097,9.560057,321.1665,0,593.4169,0,0,-3.513856e-14,4.263256e-14
naive,2026-01-31 01:00:00,2500,1,22.58813,2993.285,90.28292,0.6841475,13.61184,1,1,2095.299,2094.982,527.3818,291.69,819.0718,2,0,0,19.07178,800,0,85.56988,227.3102,0.1136551,0.1566291,0.3172331,0,250,0.3172331,1567.6,14.86254,60.38266,5.432059,0,0,37.71539,28.21681,9.498583,319.9068,0,581.2533,0,5.684342e-14,-2.423062e-14,4.263256e-14
naive,2026-01-31 01:15:00,2501,1.25,22.3506,2986.947,109.5922,3.098877,16.76333,1,1,2090.863,2090.546,526.2504,291.1912,817.4415,2,0,0,17.44153,800,0,87.70277,205.3488,0.1026744,0.1431339,0.3172331,0,250,0.3172331,1564.296,13.62524,60.63248,25.14759,0,3.138092,37.63554,28.15732,9.478217,319.8903,0,614.9487,0,0,-1.501577e-14,4.263256e-14
naive,2026-01-31 01:30:00,2502,1.5,22.07348,2995.73,107.6383,3.155018,16.63484,1,1,2097.011,2096.694,563.7417,301.6964,865.4381,2,50.62883,0.8610545,13.94823,800,0,21.2657,200,0.1,0.1293051,0.3172331,0,250,0.3172331,1532.952,10.92721,60.92394,35.74378,2.293963,5.707624,37.7462,27.59314,10.15306,330.2699,0,657.6155,0,0,-9.992007e-16,4.263256e-14
naive,2026-01-31 01:45:00,2503,1.75,21.76964,2973.484,117.4192,1.3859,12.34224,1,1,2081.439,2081.122,978.002,421.3004,1399.302,3,80.41048,0.9517272,17.94023,800,500,0,324.9685,0.1624843,0.1259371,0.3172331,0,250,0.3172331,1103.12,14.0982,61.2435,37.00867,0.4341724,0,37.4659,19.85615,17.60975,441.1566,0,878.0031,0,-1.136868e-13,1.24345e-13,4.263256e-14
naive,2026-01-31 02:00:00,2504,2,21.3797,2988.762,92.08441,0,9.239501,1,1,2092.133,2091.816,529.7474,292.7328,822.4802,2,0,0,22.48015,800,0,92.2577,301.8529,0.1509265,0.2046279,0.3172331,0,250,0.3172331,1562.069,17.73599,61.65362,0.6901222,0,0,37.6584,28.11724,9.541163,320.85,0,573.5302,0,-5.684342e-14,-7.993606e-15,4.263256e-14
naive,2026-01-31 02:15:00,2505,2.25,21.23626,2959.656,83.05697,0,10.77606,1,1,2071.759,2071.442,526.8345,291.4487,818.2831,2,0,0,18.28315,800,0,95.09798,278.0309,0.1390155,0.1900724,0.3172331,0,250,0.3172331,1544.608,14.44569,61.80448,0,0,0,37.29167,27.80294,9.488731,319.2516,0,568.9732,0,0,5.329071e-14,4.263256e-14
naive,2026-01-31 02:30:00,2506,2.5,21.15691,2983.161,78.65316,0.9778394,6.179306,1,1,2088.213,2087.896,524.9294,290.6088,815.5382,2,0,0,15.53824,800,0,99.37213,253.1441,0.1265721,0.175072,0.3172331,0,250,0.3172331,1562.966,12.28679,61.88794,0,0,0,37.58783,28.13339,9.45444,318.7422,0,567.8605,0,0,5.187517e-14,4.263256e-14
naive,2026-01-31 02:45:00,2507,2.75,20.85008,3000.315,110.5969,3.688139,8.394051,1,1,2100.221,2099.903,527.2651,291.6385,818.9036,2,0,0,18.90359,800,0,88.66561,230.9379,0.1154689,0.1594011,0.3172331,0,250,0.3172331,1572.638,14.99431,62.21064,23.438,2.181419,0,37.80397,28.30749,9.496482,319.946,0,614.0985,0,-5.684342e-14,5.415113e-14,4.263256e-14
naive,2026-01-31 03:00:00,2508,3,20.79473,3004.422,113.9985,0,13.93198,1,1,2103.096,2102.778,529.6227,292.6778,822.3005,2,0,0,22.30051,800,0,98.2608,206.3363,0.1031682,0.1454182,0.3172331,0,250,0.3172331,1573.156,17.69862,62.26886,16.84036,0,0,37.85572,28.3168,9.538918,320.9946,0,600.9864,0,0,-4.535261e-14,4.263256e-14
naive,2026-01-31 03:15:00,2509,3.25,20.57846,3027.329,105.2973,0,19.15012,1,1,2119.13,2118.813,578.0532,306.7734,884.8266,2,60.98697,0.1225534,23.7171,800,0,25.21533,200,0.1,0.129927,0.3172331,0,250,0.3172331,1540.76,18.86393,62.49632,19.095,0,0.2861893,38.14435,27.73368,10.41067,334.5549,0,631.7403,0,5.684342e-14,-1.387779e-16,4.263256e-14
naive,2026-01-31 03:30:00,2510,3.5,20.3158,3027.554,78.38021,0,9.845396,1,1,2119.288,2118.97,1001.416,428.7428,1430.159,3,104.6189,2.294194,23.2462,800,500,0,324.9685,0.1624843,0.1259371,0.3172331,0,250,0.3172331,1117.554,18.53823,62.77257,0,0,0,38.14718,20.11597,18.03121,448.8588,0,827.0985,0,5.684342e-14,1.24345e-13,4.263256e-14
naive,2026-01-31 03:45:00,2511,3.75,19.85813,3071.012,82.74583,1.089917,10.87915,1,1,2149.709,2149.391,529.8599,292.7824,822.6423,2,0,0,22.64235,800,0,108.8071,297.7156,0.1488578,0.2046279,0.3172331,0,250,0.3172331,1619.532,18.11388,63.25392,0,0,0,38.69476,29.15157,9.543189,321.934,0,572.7073,0,-5.684342e-14,6.306067e-14,4.263256e-14
naive,2026-01-31 04:00:00,2512,4,19.90578,3081.759,126.6962,5.373728,16.6683,1,1,2157.231,2156.914,528.7217,292.2806,821.0024,2,0,0,21.00236,800,0,129.3515,265.3308,0.1326654,0.1874671,0.3172331,0,250,0.3172331,1628.192,16.80189,63.20381,0,3.740396,0,38.83016,29.30746,9.522701,321.5881,0,578.5241,0,0,6.092349e-14,4.263256e-14
naive,2026-01-31 04:15:00,2513,4.25,19.91471,3039.752,143.5671,0.5014834,23.77957,1,1,2127.826,2127.509,532.7955,294.0766,826.872,2,0,0,26.87204,800,0,166.8225,223.5834,0.1117917,0.1670749,0.3172331,0,250,0.3172331,1594.714,21.49763,63.19441,0,0,2.281939,38.30087,28.70485,9.596029,323.158,0,575.2223,0,1.136868e-13,1.657008e-14,4.263256e-14
naive,2026-01-31 04:30:00,2514,4.5,19.80215,3020.238,186.884,0,15.35834,1,1,2114.166,2113.849,608.4743,315.4783,923.9526,2,100.5485,0.11954,23.28457,800,0,94.19292,200,0.1,0.1407872,0.3172331,0,250,0.3172331,1505.375,18.62766,63.3128,0,0,0,38.055,27.09675,10.95825,342.5751,0,613.9233,0,0,-5.245804e-15,4.263256e-14
naive,2026-01-31 04:45:00,2515,4.75,19.69504,3069.863,205.9463,0,11.11893,1,1,2148.904,2148.587,1097.257,456.7589,1554.016,4,224.2843,0.2178377,29.51419,800,500,0,324.9685,0.1624843,0.1259371,0.3172331,0,250,0.3172331,1051.329,23.61135,63.42545,0,0,0,38.68027,18.92392,19.75634,475.6829,0,880.0121,0,0,1.24345e-13,4.263256e-14
naive,2026-01-31 05:00:00,2516,5,19.48409,3058.453,273.2184,0,12.23063,1,1,2140.917,2140.6,532.8959,294.1208,827.0167,2,0,0,27.01671,800,0,284.3823,253.8218,0.1269109,0.2046279,0.3172331,0,250,0.3172331,1607.704,21.61337,63.64731,0,0,0,38.5365,28.93867,9.597836,323.0595,0,574.5158,0,1.136868e-13,4.884981e-14,4.263256e-14
naive,2026-01-31 05:15:00,2517,5.25,19.52827,3072.826,357.8296,0,20.38364,1,1,2150.978,2150.661,638.0919,324.4339,962.5258,2,135.0256,0.05497018,27.44528,800,0,215.1273,200,0.1,0.1598279,0.3172331,0,250,0.3172331,1512.569,21.95622,63.60085,7.67675,0,0,38.71761,27.22624,11.49136,351.6601,0,645.0117,0,0,3.969047e-15,4.263256e-14
naive,2026-01-31 05:30:00,2518,5.5,19.51062,3064.787,438.1139,0,18.53774,1,1,2145.351,2145.034,1255.809,502.6507,1758.459,4,426.0793,0.3617114,32.01824,800,500,0,324.9685,0.1624843,0.1259371,0.3172331,0,250,0.3172331,889.2253,25.61459,63.61942,12.03458,0,0,38.61632,16.00606,22.61026,518.6568,0,986.5014,0,0,1.24345e-13,4.263256e-14
naive,2026-01-31 05:45:00,2519,5.75,19.58718,3110.044,502.9157,0,17.55371,1,1,2177.031,2176.714,547.401,298.6721,846.0731,2,15.49529,1.826796,28.75105,800,0,499.6694,200,0.1,0.2046279,0.3172331,0,250,0.3172331,1629.313,23.00084,63.53889,0,0,0,39.18655,29.32763,9.858929,327.9997,0,584.5182,0,0,-7.993606e-15,4.263256e-14
naive,2026-01-31 06:00:00,2520,6,19.63041,3138.641,571.5426,0,17.9115,1,1,2197.049,2196.732,1380.99,538.5763,1919.567,4,587.9894,2.661314,28.91581,800,500,0,324.9685,0.1624843,0.1259371,0.3172331,0,250,0.3172331,815.7414,23.13265,63.49343,0,0,0,39.54688,14.68334,24.86353,553.2597,0,1035.089,0,0,1.24345e-13,4.263256e-14
naive,2026-01-31 06:15:00,2521,6.25,19.48103,3157.112,660.456,4.571779,25.61065,1,1,2209.978,2209.661,661.1771,330.9181,992.0952,2,166.0689,2.131692,23.89459,800,0,499.6694,200,0.1,0.2046279,0.3172331,0,250,0.3172331,1548.484,19.11567,63.65053,0,2.440087,6.494977,39.77961,27.87271,11.9069,359.8543,0,652.3109,0,1.136868e-13,-7.993606e-15,4.263256e-14
naive,2026-01-31 06:30:00,2522,6.5,19.32976,3145.381,707.2968,7.553012,10.91878,1,1,2201.767,2201.449,1450.703,549.2969,2000,4,725.4517,2.048848,21.96217,750.5373,500,0,324.9685,0.1624843,0.1259371,0.3172331,0,250,0.3172331,750.7462,17.56973,59.86439,0,5.504164,0,39.6318,13.51343,26.11837,562.8104,0,1067.768,0,0,1.24345e-13,4.263256e-14
naive,2026-01-31 06:45:00,2523,6.75,19.45457,3141.487,731.8527,0,14.88963,1,1,2199.041,2198.724,741.4612,353.9334,1095.395,3,270.1202,2.169484,23.10492,800,0,499.6694,200,0.1,0.2046279,0.3172331,0,250,0.3172331,1457.263,18.48394,63.67837,0,0,0,39.58274,26.23073,13.35201,380.1641,0,688.6901,0,-1.136868e-13,-7.993606e-15,4.263256e-14
naive,2026-01-31 07:00:00,2524,7,19.31693,3181.961,757.4513,0,10.28658,1,1,2227.373,2227.055,1457.736,542.2644,2000,4,778.1788,0.05277292,23.40441,698.364,500,0,324.9685,0.1624843,0.1259371,0.3172331,0,250,0.3172331,769.3199,18.72353,55.71472,0,0,0,40.09271,13.84776,26.24495,556.1122,0,1049.545,0,0,1.24345e-13,4.263256e-14
naive,2026-01-31 07:15:00,2525,7.25,19.45364,3170.987,734.4392,2.142732,12.46787,1,1,2219.691,2219.374,734.9387,352.5868,1087.525,3,257.2688,4.866081,25.39054,800,0,499.6694,200,0.1,0.2046279,0.3172331,0,250,0.3172331,1484.435,20.31243,63.67935,0,0,0,39.95444,26.71984,13.23461,379.3066,0,686.9739,0,0,-7.993606e-15,4.263256e-14
naive,2026-01-31 07:30:00,2526,7.5,19.68632,3127.235,687.896,0,18.64257,1,1,2189.065,2188.747,1449.595,550.4048,2000,4,713.8249,4.556744,28.20017,753.4182,500,0,324.9685,0.1624843,0.1259371,0.3172331,0,250,0.3172331,739.1521,22.56014,59.741,0,0,0,39.40316,13.30474,26.09842,563.7095,0,1060.21,0,1.136868e-13,1.24345e-13,4.263256e-14
naive,2026-01-31 07:45:00,2527,7.75,19.64379,3184.744,635.9369,0,24.42021,1,1,2229.321,2229.004,653.1204,328.9177,982.038,2,153.0275,1.278579,27.73197,800,0,499.6694,200,0.1,0.2046279,0.3172331,0,250,0.3172331,1575.884,22.18558,63.47935,0,0,2.234629,40.12778,28.3659,11.76188,357.6506,0,643.8869,0,0,-7.993606e-15,4.263256e-14
naive,2026-01-31 08:00:00,2528,8,19.87292,3220.322,568.054,177.3464,22.63393,1,1,2254.226,2253.908,1451.976,548.0238,2000,4,589.9909,370.7401,31.30479,507.9642,500,0,324.9685,0.1624843,0.1259371,0.3172331,0,250,0.3172331,801.9321,25.04383,40.15353,0,0,0,40.57606,14.43478,26.14128,562.4586,0,1079.744,0,-2.273737e-13,1.24345e-13,4.263256e-14
naive,2026-01-31 08:15:00,2529,8.25,20.03053,3197.44,473.1346,186.242,19.94267,1,1,2238.208,2237.891,792.9662,408.7726,1201.739,3,0,372.4014,29.33741,800,0,499.6694,200,0.1,0.2046279,0.3172331,0,250,0.3172331,1444.924,23.46277,63.07261,0,0,0,40.28774,26.00864,14.2791,434.7812,0,798.6058,0,-5.684342e-14,-7.993606e-15,4.263256e-14
naive,2026-01-31 08:30:00,2530,8.5,20.26393,3221.021,401.466,189.4391,25.75256,1,1,2254.715,2254.397,1428.7,571.2998,2000,4,414.787,375.6341,30.04135,679.5376,500,0,324.9685,0.1624843,0.1259371,0.3172331,0,250,0.3172331,825.6972,23.96965,53.36675,0,0,1.78291,40.58486,14.86255,25.72231,586.4585,0,1112.879,0,2.273737e-13,1.24345e-13,4.263256e-14
naive,2026-01-31 08:45:00,2531,8.75,20.35444,3251.487,349.5235,191.8219,26.55947,1,1,2276.041,2275.724,692.669,364.5566,1057.226,3,0,222.3594,34.86623,800,0,499.6694,200,0.1,0.2046279,0.3172331,0,250,0.3172331,1583.055,27.79412,62.73193,6.730712,0,0,40.96874,28.49499,12.47375,393.0516,0,727.1403,0,5.684342e-14,-7.993606e-15,4.263256e-14
naive,2026-01-31 09:00:00,2532,9,20.53744,3270.301,292.5302,194.9973,28.48556,1,1,2289.211,2288.894,1411.944,588.0559,2000,4,284.5876,378.9636,39.9459,796.5029,500,0,324.9685,0.1624843,0.1259371,0.3172331,0,250,0.3172331,876.9495,31.78497,62.26608,7.942643,0,0,41.2058,15.78509,25.4207,603.841,0,1151.334,0,-2.273737e-13,1.24345e-13,4.263256e-14
naive,2026-01-31 09:15:00,2533,9.25,20.78786,3323.861,249.237,190.4604,36.00626,1,1,2326.703,2326.386,628.1637,336.1195,964.2832,2,0,120.1393,44.14393,800,0,499.6694,200,0.1,0.2046279,0.3172331,0,250,0.3172331,1698.222,35.03691,62.27609,11.7444,0,0.9693494,41.88065,30.568,11.31266,366.8501,0,683.8986,0,0,-7.993606e-15,4.263256e-14
naive,2026-01-31 09:30:00,2534,9.5,21.2297,3360.621,213.5361,193.5046,43.84165,1,1,2352.435,2352.118,1356.837,575.3187,1932.156,4,189.615,393.3418,49.19922,800,500,0,324.9685,0.1624843,0.1259371,0.3172331,0,250,0.3172331,995.2804,38.87537,61.81138,23.92114,0,4.966275,42.34383,17.91505,24.42878,594.0734,0,1159.873,0,2.273737e-13,1.24345e-13,4.263256e-14
naive,2026-01-31 09:45:00,2535,9.75,21.53261,3344.821,173.8682,194.6086,57.06772,1,1,2341.375,2341.057,586.8373,317.9009,904.7382,2,0,46.61007,58.12811,800,0,499.6694,200,0.1,0.2046279,0.3172331,0,250,0.3172331,1754.22,45.78979,61.4928,26.71471,0,11.27793,42.14474,31.57596,10.56878,351.3944,0,679.6922,0,-5.684342e-14,-7.993606e-15,4.263256e-14
naive,2026-01-31 10:00:00,2536,10,21.81014,3351.155,148.4655,203.4453,59.4703,1,1,2345.808,2345.491,1323.684,568.4763,1892.16,4,124.2719,404.8324,63.05604,800,500,0,324.9685,0.1624843,0.1259371,0.3172331,0,250,0.3172331,1021.807,49.53171,61.2009,24.19361,0,9.938593,42.22455,18.39253,23.83202,588.5675,0,1150.018,0,2.273737e-13,1.24345e-13,4.263256e-14
naive,2026-01-31 10:15:00,2537,10.25,21.8578,3385.512,113.9844,199.2728,59.06655,1,1,2369.858,2369.541,581.575,315.581,897.156,2,0,20.82731,76.32865,800,0,499.6694,200,0.1,0.2046279,0.3172331,0,250,0.3172331,1787.966,59.9285,61.15078,0,0,0,42.65745,32.18339,10.47406,347.7643,0,626.7341,0,5.684342e-14,-7.993606e-15,4.263256e-14
naive,2026-01-31 10:30:00,2538,10.5,22.12654,3416.749,91.68278,198.1866,63.07664,1,1,2391.724,2391.407,1322.195,569.7044,1891.9,4,108.4305,400.4704,82.9988,800,500,0,324.9685,0.1624843,0.1259371,0.3172331,0,250,0.3172331,1069.212,64.98704,60.86813,0,0,0,43.05103,19.24581,23.80522,588.9502,0,1109.424,0,-1.136868e-13,1.24345e-13,4.263256e-14
naive,2026-01-31 10:45:00,2539,10.75,22.26595,3413.902,78.92313,217.6602,71.96196,1,1,2389.732,2389.414,581.2313,315.4294,896.6607,2,0,0,96.66068,800,0,494.1989,201.3676,0.1006838,0.2046279,0.3172331,0,250,0.3172331,1808.183,75.57631,60.72151,0,0,0,43.01517,32.54729,10.46787,347.9767,0,627.6417,0,-1.136868e-13,-7.993606e-15,4.263256e-14
naive,2026-01-31 11:00:00,2540,11,22.49001,3450.022,65.10549,214.5756,86.07864,1,1,2415.015,2414.698,941.27,463.9939,1405.264,3,85.39319,409.1024,110.7682,800,0,5.343734,200,0.1,0.1267982,0.3172331,0,250,0.3172331,1473.428,86.40806,60.48586,0,0,0,43.47027,26.5217,16.94857,490.5156,0,912.9846,0,-1.136868e-13,8.326673e-17,4.263256e-14
naive,2026-01-31 11:15:00,2541,11.25,22.76067,3434.26,99.95463,217.478,89.48919,1,1,2403.982,2403.664,1337.37,579.812,1917.182,4,79.69907,414.2818,123.2008,800,500,0,324.9685,0.1624843,0.1259371,0.3172331,0,250,0.3172331,1066.295,95.83971,60.20119,20.25556,0,0,43.27167,19.19331,24.07837,599.0053,0,1165.225,0,0,1.24345e-13,4.263256e-14
naive,2026-01-31 11:30:00,2542,11.5,23.12381,3463.995,115.7016,214.5588,91.58567,1,1,2424.796,2424.479,604.7847,325.813,930.5977,2,0,0,130.5977,800,0,495.323,201.0866,0.1005433,0.2046279,0.3172331,0,250,0.3172331,1819.694,101.2145,59.81927,38.81864,0,0,43.64633,32.7545,10.89184,358.5675,0,716.8004,0,0,-7.993606e-15,4.263256e-14
naive,2026-01-31 11:45:00,2543,11.75,23.43596,3427.3,86.27834,211.798,103.9505,1,1,2399.11,2398.793,965.5258,474.9182,1440.444,3,83.45003,411.485,145.5089,800,0,4.219784,200,0.1,0.1266213,0.3172331,0,250,0.3172331,1433.267,112.4074,59.49096,0,0,0,43.18399,25.79881,17.38517,500.717,0,934.5067,0,-1.705303e-13,0,4.263256e-14
naive,2026-01-31 12:00:00,2544,12,23.69325,3453.746,96.71866,210.11,112.4442,1,1,2417.622,2417.305,1363.111,590.6827,1953.794,4,83.71119,412.7742,157.3082,800,500,0,324.9685,0.1624843,0.1259371,0.3172331,0,250,0.3172331,1054.194,121.1987,59.22035,13.00747,0,0,43.5172,18.9755,24.54171,609.6582,0,1175.131,0,0,1.24345e-13,4.263256e-14
naive,2026-01-31 12:15:00,2545,12.25,23.91614,3514.249,96.4046,202.6233,121.6881,1,1,2459.974,2459.657,629.2888,336.6155,965.9043,2,0,1.13235,164.772,800,0,499.6694,200,0.1,0.2046279,0.3172331,0,250,0.3172331,1830.368,126.6554,58.98593,14.02089,0,0,44.27954,32.94663,11.33291,369.5622,0,696.9512,0,0,-7.993606e-15,4.263256e-14
naive,2026-01-31 12:30:00,2546,12.5,24.32148,3550.768,100.9741,197.8945,131.7947,1,1,2485.537,2485.22,1381.719,599.5972,1981.316,4,77.73154,417.5783,186.0062,800,500,0,324.9685,0.1624843,0.1259371,0.3172331,0,250,0.3172331,1103.501,142.3744,58.55962,23.24257,0,0,44.73967,19.86303,24.87665,619.4603,0,1213.134,0,0,1.24345e-13,4.263256e-14
naive,2026-01-31 12:45:00,2547,12.75,24.42689,3524.339,103.9754,197.6603,145.327,1,1,2467.038,2466.72,648.2461,344.9728,993.2189,2,0,0,193.2189,800,0,495.386,201.0709,0.1005354,0.2046279,0.3172331,0,250,0.3172331,1818.474,147.7323,58.44875,27.26243,0,0,44.40668,32.73254,11.67414,377.7054,0,736.6836,0,0,-6.483702e-14,4.263256e-14
naive,2026-01-31 13:00:00,2548,13,24.65053,3451.804,113.7379,200.1797,156.1512,1,1,2416.263,2415.946,1012.424,495.2782,1507.703,4,86.09934,418.2285,203.3747,800,0,4.156853,200,0.1,0.1266114,0.3172331,0,250,0.3172331,1403.521,155.1334,58.21354,23.48174,0,1.017851,43.49273,25.26338,18.22935,520.7254,0,1016.467,0,-1.705303e-13,1.387779e-16,4.263256e-14
naive,2026-01-31 13:15:00,2549,13.25,25.04352,3471.809,90.60032,204.0378,170.0108,1,1,2430.267,2429.949,1397.54,602.46,2000,4,92.39325,418.5369,221.0724,767.9974,500,0,324.9685,0.1624843,0.1259371,0.3172331,0,250,0.3172331,1032.409,167.9381,55.48802,0,0,2.072753,442.2516,187.8743,254.3773,790.7114,0,1518.999,0,0,1.24345e-13,4.263256e-14
naive,2026-01-31 13:30:00,2550,13.5,25.22168,3506.484,77.62309,201.5223,169.7601,1,1,2454.539,2454.222,677.1311,357.7068,1034.838,3,0,7.136354,227.7015,800,0,499.6694,200,0.1,0.2046279,0.3172331,0,250,0.3172331,1777.091,172.6493,57.61283,0,0,0,448.2673,324.5463,123.721,682.2531,0,1299.692,0,-5.684342e-14,-7.993606e-15,4.263256e-14
naive,2026-01-31 13:45:00,2551,13.75,25.5269,3510.109,76.16373,202.2181,182.9942,1,1,2457.076,2456.759,1397.074,602.9261,2000,4,82.99897,417.8765,237.1522,761.9723,500,0,324.9685,0.1624843,0.1259371,0.3172331,0,250,0.3172331,1059.685,179.2361,54.56848,0,0,3.758146,451.499,194.722,256.777,798.3387,0,1535.288,0,2.273737e-13,1.24345e-13,4.263256e-14
naive,2026-01-31 14:00:00,2552,14,25.83022,3514.929,94.61466,200.0058,200.4383,1,1,2460.45,2460.133,681.8231,359.7753,1041.598,3,0,0,241.5984,800,0,498.9699,200.1749,0.1000874,0.2046279,0.3172331,0,250,0.3172331,1778.31,182.0101,56.97281,9.880353,0,18.42819,454.9081,328.7884,126.1197,691.9708,0,1336.891,0,0,-7.993606e-15,4.263256e-14
naive,2026-01-31 14:15:00,2553,14.25,26.26528,3477.997,95.47524,204.444,208.4716,1,1,2434.598,2434.281,1035.576,505.7048,1541.281,4,84.2496,409.3521,247.6795,800,0,0.5734765,200,0.1,0.1260472,0.3172331,0,250,0.3172331,1398.705,185.7293,56.51524,10.65217,0,22.74228,454.1466,260.9124,193.2342,770.8596,0,1496.514,0,1.705303e-13,-2.775558e-17,4.263256e-14
naive,2026-01-31 14:30:00,2554,14.5,26.57553,3466.775,95.62276,200.8284,212.9758,1,1,2426.743,2426.426,1399.063,600.9365,2000,4,93.60455,410.6484,255.4681,740.279,500,0,324.9685,0.1624843,0.1259371,0.3172331,0,250,0.3172331,1027.362,190.9358,51.99435,2.018213,0,22.03998,455.5817,192.8706,262.7111,797.9447,0,1540.877,0,-1.136868e-13,1.24345e-13,4.263256e-14
naive,2026-01-31 14:45:00,2555,14.75,26.50883,3437.578,94.67847,201.876,210.3124,1,1,2406.305,2405.988,716.1894,374.9256,1091.115,3,0,30.30032,260.8146,800,0,499.6694,200,0.1,0.2046279,0.3172331,0,250,0.3172331,1689.798,195.0709,56.25908,0,0,15.24145,451.1234,316.7959,134.3275,694.5789,0,1325.866,0,-1.136868e-13,-7.993606e-15,4.263256e-14
naive,2026-01-31 15:00:00,2556,15,26.65022,3411.21,110.2173,202.199,211.8045,1,1,2387.847,2387.53,1402.726,597.2738,2000,4,115.5857,415.0085,265.1108,704.2949,500,0,324.9685,0.1624843,0.1259371,0.3172331,0,250,0.3172331,984.8037,197.9843,49.39781,0,0,13.82019,448.9721,185.1665,263.8056,785.0389,0,1514.505,0,0,1.24345e-13,4.263256e-14
naive,2026-01-31 15:15:00,2557,15.25,26.81794,3405.113,118.3533,194.6275,211.5237,1,1,2383.579,2383.262,712.1289,373.1355,1085.264,3,0,15.64814,269.6162,800,0,499.6694,200,0.1,0.2046279,0.3172331,0,250,0.3172331,1671.133,200.9872,55.93398,11.44874,0,10.53654,449.7296,315.3065,134.4231,690.4301,0,1337.683,0,0,-7.993606e-15,4.263256e-14
naive,2026-01-31 15:30:00,2558,15.5,27.04238,3444.727,142.853,195.8984,213.3992,1,1,2411.309,2410.992,1404.027,595.9733,2000,4,124.8624,405.2573,275.9949,693.8854,500,0,324.9685,0.1624843,0.1259371,0.3172331,0,250,0.3172331,1006.965,205.2466,48.30997,17.99057,0,8.152547,457.0909,190.8817,266.2093,788.4004,0,1553.486,0,0,1.24345e-13,4.263256e-14
naive,2026-01-31 15:45:00,2559,15.75,27.19439,3447.736,172.8014,189.3785,215.0375,1,1,2413.415,2413.098,720.9827,377.0387,1098.021,3,0,21.59994,276.4215,800,0,499.6694,200,0.1,0.2046279,0.3172331,0,250,0.3172331,1692.115,205.2277,55.53804,46.87998,0,9.809763,458.9449,321.7795,137.1653,700.6837,0,1419.755,0,-5.684342e-14,-7.993606e-15,4.263256e-14
naive,2026-01-31 16:00:00,2560,16,27.52823,3418.917,183.7,201.9842,210.0089,1,1,2393.242,2392.924,1405.087,594.9129,2000,4,133.9479,396.1539,282.0557,687.8424,500,0,324.9685,0.1624843,0.1259371,0.3172331,0,250,0.3172331,987.8373,208.6575,47.44989,49.75207,0,1.351341,458.3091,189.1722,269.1369,784.3439,0,1601.129,0,0,1.24345e-13,4.263256e-14
naive,2026-01-31 16:15:00,2561,16.25,27.74164,3407.073,180.048,196.3524,210.4836,1,1,2384.951,2384.634,748.6025,389.2149,1137.817,3,0,60.58694,277.2304,800,0,499.6694,200,0.1,0.2046279,0.3172331,0,250,0.3172331,1636.031,204.6146,54.96248,17.20056,0,5.86901,458.7838,314.717,144.0668,705.0609,0,1377.96,0,-5.684342e-14,-7.993606e-15,4.263256e-14
naive,2026-01-31 16:30:00,2562,16.5,27.63946,3374.878,184.813,194.6436,204.141,1,1,2362.415,2362.098,1414.277,585.7226,2000,4,210.1759,391.2491,267.141,631.4339,500,0,324.9685,0.1624843,0.1259371,0.3172331,0,250,0.3172331,947.8203,197.3863,43.46629,0,0,6.75466,453.4683,181.9352,271.5331,768.9543,0,1489.009,0,0,1.24345e-13,4.263256e-14
naive,2026-01-31 16:45:00,2563,16.75,27.59651,3354.243,218.6712,185.4389,199.1697,1,1,2347.97,2347.653,782.1401,403.9999,1186.14,3,0,130.9578,255.1821,800,0,499.6694,200,0.1,0.2046279,0.3172331,0,250,0.3172331,1565.513,188.6378,55.11512,0,0,10.53193,450.2872,300.2297,150.0575,706.2493,0,1350.494,0,5.684342e-14,-7.993606e-15,4.263256e-14
naive,2026-01-31 17:00:00,2564,17,27.35238,3352.313,264.6168,187.4194,188.3385,1,1,2346.619,2346.302,1422.322,577.6776,2000,4,280.0064,384.4423,248.5082,587.0431,500,0,324.9685,0.1624843,0.1259371,0.3172331,0,250,0.3172331,923.9792,184.1895,40.6321,0,0,4.149005,447.7222,176.2903,271.432,754.7595,0,1463.808,0,1.136868e-13,1.24345e-13,4.263256e-14
naive,2026-01-31 17:15:00,2565,17.25,27.59419,3305.931,313.7777,193.3788,181.387,1,1,2314.152,2313.835,820.4402,420.8845,1241.325,3,0,201.5555,239.7693,800,0,499.6694,200,0.1,0.2046279,0.3172331,0,250,0.3172331,1493.394,177.2486,55.11756,0,0,4.138442,443.7798,286.385,157.3949,708.0631,0,1354.119,0,-1.136868e-13,-7.993606e-15,4.263256e-14
naive,2026-01-31 17:30:00,2566,17.5,27.57368,3308.328,372.6956,190.8968,177.3586,1,1,2315.83,2315.513,1432.192,567.8081,2000,4,365.3174,374.0535,228.6195,532.0096,500,0,324.9685,0.1624843,0.1259371,0.3172331,0,250,0.3172331,883.3207,169.0437,36.66818,7.378206,0,8.314942,443.9096,169.3192,274.5904,738.7211,0,1448.918,0,0,1.24345e-13,4.263256e-14
naive,2026-01-31 17:45:00,2567,17.75,27.53564,3284.147,431.2064,186.4532,166.2889,1,1,2298.903,2298.586,873.7379,444.3807,1318.119,3,0,301.3554,216.7632,800,0,499.6694,200,0.1,0.2046279,0.3172331,0,250,0.3172331,1424.848,160.3429,55.17914,0,0,5.945981,440.3119,272.903,167.4089,718.4225,0,1374.769,0,0,-7.993606e-15,4.263256e-14
naive,2026-01-31 18:00:00,2568,18,27.29359,3302.595,510.6172,2.354692,148.4403,1,1,2311.816,2311.499,1430.497,569.5031,2000,4,502.8137,2.44705,208.6674,786.0719,500,0,324.9685,0.1624843,0.1259371,0.3172331,0,250,0.3172331,881.0022,154.7584,54.46861,7.8035,0,0,440.5385,167.8833,272.6552,737.3865,0,1426.957,0,-1.136868e-13,1.24345e-13,4.263256e-14
naive,2026-01-31 18:15:00,2569,18.25,27.18845,3264.781,564.5496,3.464403,136.0426,1,1,2285.347,2285.03,701.4782,361.5795,1063.058,3,57.67284,6.477575,198.9073,800,0,499.6694,200,0.1,0.2046279,0.3172331,0,250,0.3172331,1583.551,147.6872,55.5443,7.207362,0,0,434.5368,301.0972,133.4397,662.6766,0,1275.299,0,0,-7.993606e-15,4.263256e-14
naive,2026-01-31 18:30:00,2570,18.5,27.18233,3258.74,634.3478,7.93339,130.4797,1,1,2281.118,2280.801,1445.422,554.5777,2000,4,623.4267,3.114901,184.1165,689.3418,500,0,324.9685,0.1624843,0.1259371,0.3172331,0,250,0.3172331,835.3784,136.7141,47.8668,10.92109,4.818489,0,433.6773,158.8189,274.8584,713.3966,0,1400.094,0,0,1.24345e-13,4.263256e-14
naive,2026-01-31 18:45:00,2571,18.75,27.05072,3224.64,678.0188,0.2384545,116.5038,1,1,2257.248,2256.931,759.2586,373.8657,1133.124,3,168.52,1.04591,163.5584,800,0,499.6694,200,0.1,0.2046279,0.3172331,0,250,0.3172331,1497.672,121.6211,55.68915,9.829435,0,0,427.9613,283.9501,144.0112,657.8157,0,1269.937,0,0,-7.993606e-15,4.263256e-14
naive,2026-01-31 19:00:00,2572,19,26.90647,3227.337,704.2166,6.721908,115.3115,1,0,2259.136,2258.819,1453.556,546.4443,2000,4,693.4334,6.196912,156.8567,643.513,500,0,324.9685,0.1624843,0.1259371,0.3172331,0,250,0.3172331,805.2633,116.8187,44.9179,10.78316,0.5249957,0,427.0346,152.2154,274.8192,698.6597,0,1366.293,0,0,1.24345e-13,4.263256e-14
naive,2026-01-31 19:15:00,2573,19.25,26.71886,3171.542,726.315,5.293014,109.8332,1,0,2220.079,2219.762,790.4715,380.6599,1171.131,3,227.077,3.106569,140.9479,800,0,499.6694,200,0.1,0.2046279,0.3172331,0,250,0.3172331,1429.29,105.1822,56.03818,0,2.186445,4.650951,418.0212,269.1227,148.8985,650.6583,0,1242.045,0,0,-7.993606e-15,4.263256e-14
naive,2026-01-31 19:30:00,2574,19.5,26.85994,3153.414,724.3316,10.12161,98.54541,1,0,2207.39,2207.072,1457.413,542.5874,2000,4,731.8109,6.468068,131.6138,630.1072,500,0,324.9685,0.1624843,0.1259371,0.3172331,0,250,0.3172331,749.6599,98.06814,44.02072,0,3.653543,0.4772717,416.8499,141.5679,275.2819,684.2455,0,1325.27,0,1.136868e-13,1.24345e-13,4.263256e-14
naive,2026-01-31 19:45:00,2575,19.75,26.65111,3127.989,718.1816,8.66785,85.83281,0,0,2189.592,2189.275,765.5936,372.0829,1137.677,3,206.983,5.897179,124.7964,800,0,499.6694,200,0.1,0.2046279,0.3172331,0,250,0.3172331,1423.682,93.19681,56.10944,11.52925,2.770671,0,411.7031,267.6909,144.0121,0,639.7739,3480.3,0,-1.136868e-13,-7.993606e-15,4.263256e-14
naive,2026-01-31 20:00:00,2576,20,26.31184,3087.548,663.4292,5.404972,78.54458,0,0,2161.284,2160.967,1449.205,550.7955,2000,4,677.9608,4.57655,114.0961,703.3665,500,0,324.9685,0.1624843,0.1259371,0.3172331,0,250,0.3172331,711.7622,85.51563,49.6456,0,0.8284212,0,403.5485,132.8981,270.6504,0,683.6936,3705.892,0,2.273737e-13,1.24345e-13,4.263256e-14
naive,2026-01-31 20:15:00,2577,20.25,26.08565,3082.286,635.5798,10.78646,72.99926,0,0,2157.6,2157.283,693.5815,348.47,1042.052,3,138.6105,0,103.441,800,0,499.6694,200,0.1,0.2046279,0.3172331,0,250,0.3172331,1463.702,77.71674,56.70416,0,10.78646,0,400.9978,272.0342,128.9636,0,620.5042,3367.588,0,-5.684342e-14,-7.993606e-15,4.263256e-14
naive,2026-01-31 20:30:00,2578,20.5,25.87051,3080.132,606.1536,3.481396,70.77363,0,0,2156.092,2155.775,1431.543,559.6262,1991.17,4,598.3836,1.979706,90.80632,800,500,0,324.9685,0.1624843,0.1259371,0.3172331,0,250,0.3172331,724.2318,68.38043,56.93044,7.769986,1.50169,2.393209,398.9628,134.0117,264.9511,0,694.0807,3769.391,0,0,1.24345e-13,4.263256e-14
naive,2026-01-31 20:45:00,2579,20.75,25.67853,3066.532,565.2614,1.563181,68.87118,0,0,2146.572,2146.255,600.9732,320.2315,921.2047,2,32.79407,4.644238,83.76642,800,0,499.6694,200,0.1,0.2046279,0.3172331,0,250,0.3172331,1545.282,63.20777,57.13235,32.79786,0,5.663405,395.6551,284.8256,110.8296,0,606.101,3325.858,0,-5.684342e-14,-7.993606e-15,4.263256e-14
naive,2026-01-31 21:00:00,2580,21,25.45651,3043.504,489.7897,0,66.87154,0,0,2130.453,2130.135,1339.107,531.6372,1870.745,4,491.1079,4.927456,74.70924,800,500,0,324.9685,0.1624843,0.1259371,0.3172331,0,250,0.3172331,791.028,56.50617,57.36585,0,0,10.36537,390.9243,145.1485,245.7758,0,678.6877,3668.246,0,0,1.24345e-13,4.263256e-14
naive,2026-01-31 21:15:00,2581,21.25,25.11047,3031.288,413.0248,3.140139,54.52769,0,0,2121.902,2121.585,564.5876,308.0921,872.6797,2,0,0,72.67967,800,0,421.725,219.4861,0.109743,0.2046279,0.3172331,0,250,0.3172331,1556.997,55.17232,57.7298,0,3.140139,0,386.6546,283.7172,102.9374,0,591.8093,3195.422,0,0,4.884981e-14,4.263256e-14
naive,2026-01-31 21:30:00,2582,21.5,24.87869,3019.136,375.2312,7.297818,45.72703,0,0,2113.395,2113.078,769.6524,366.156,1135.808,3,271.848,2.895486,61.06492,800,0,77.80618,200,0.1,0.1382072,0.3172331,0,250,0.3172331,1343.425,46.4686,57.97358,25.57703,4.402332,0,38.04111,24.18166,13.85945,0,390.3376,2133.351,0,-5.684342e-14,-3.38618e-15,4.263256e-14
naive,2026-01-31 21:45:00,2583,21.75,24.71668,3050.873,299.1976,13.48436,40.285,0,0,2135.611,2135.294,1183.687,485.3879,1669.075,4,303.9222,10.45588,54.69719,800,500,0,324.9685,0.1624843,0.1259371,0.3172331,0,250,0.3172331,951.6067,41.69384,58.14396,0,3.028477,0,38.441,17.12892,21.31208,0,502.5168,2703.655,0,-5.684342e-14,1.24345e-13,4.263256e-14
naive,2026-01-31 22:00:00,2584,22,24.31176,3062.519,253.9768,3.268786,35.57621,0,0,2143.763,2143.446,546.0262,299.9093,845.9355,2,0,0,45.93554,800,0,276.2488,255.8552,0.1279276,0.2046279,0.3172331,0,250,0.3172331,1597.42,35.16393,58.56984,0,0,0.4122775,38.58773,28.75355,9.834182,0,328.7368,1742.161,0,-5.684342e-14,4.884981e-14,4.263256e-14
naive,2026-01-31 22:15:00,2585,22.25,24.34869,3089.95,211.7673,3.653659,26.60532,0,0,2162.965,2162.648,547.0934,300.1217,847.215,2,2.169592,0.0961666,44.94926,800,0,223.2596,200,0.1,0.1611082,0.3172331,0,250,0.3172331,1615.554,34.39564,58.531,0,3.557493,0,38.93337,29.07998,9.85339,0,329.2016,1750.898,0,0,1.16851e-14,4.263256e-14
naive,2026-01-31 22:30:00,2586,22.5,24.34035,3101.888,185.4813,0,21.16083,0,0,2171.322,2171.005,1074.793,450.7677,1525.561,4,191.3973,1.526714,32.63669,800,500,0,324.9685,0.1624843,0.1259371,0.3172331,0,250,0.3172331,1096.212,24.97612,58.53977,0,0,0,39.0838,19.73181,19.35198,0,470.4996,2521.89,0,5.684342e-14,1.24345e-13,4.263256e-14
naive,2026-01-31 22:45:00,2587,22.75,23.86182,3131.785,172.5849,2.396292,21.76524,0,0,2192.249,2191.932,534.6408,294.8901,829.5309,2,0,0,29.53092,800,0,167.9702,282.9248,0.1414624,0.2046279,0.3172331,0,250,0.3172331,1657.291,22.71239,59.04306,5.601551,1.409393,0,39.46049,29.83124,9.629245,0,324.7213,1731.638,0,5.684342e-14,-9.325873e-14,4.263256e-14
naive,2026-01-31 23:00:00,2588,23,23.57471,3112.763,167.9236,0,22.21472,0,1,2178.934,2178.617,539.4488,297.0097,836.4585,2,0,0,36.45848,800,0,154.9491,244.143,0.1220715,0.1781536,0.3172331,0,250,0.3172331,1639.168,28.12415,59.34502,13.63994,0,0,39.22081,29.50503,9.715789,0,326.5147,1752.597,0,5.684342e-14,2.337019e-14,4.263256e-14
naive,2026-01-31 23:15:00,2589,23.25,23.46796,3102.873,117.3445,0,23.42887,0,1,2172.011,2171.694,535.9868,295.4834,831.4702,2,0,0,31.47023,800,0,141.9571,208.6153,0.1043076,0.1537333,0.3172331,0,250,0.3172331,1635.707,24.30309,59.4573,0,0,0,39.0962,29.44272,9.653472,0,324.9262,1720.204,0,-5.684342e-14,-4.066192e-14,4.263256e-14
naive,2026-01-31 23:30:00,2590,23.5,23.40235,3090.036,103.7639,5.583051,29.89372,0,1,2163.025,2162.708,601.4957,314.2326,915.7283,2,85.15918,2.891002,27.67812,800,0,34.32975,200,0.1,0.131362,0.3172331,0,250,0.3172331,1561.212,21.38913,59.52631,0,2.692049,8.504587,38.93445,28.10182,10.83263,0,343.8328,1828.757,0,0,3.164136e-15,4.263256e-14
naive,2026-01-31 23:45:00,2591,23.75,23.39279,3067.904,70.41473,9.150919,31.60362,1,1,2147.533,2147.215,1009.849,431.8309,1441.68,3,109.9111,5.604761,26.16424,800,500,0,324.9685,0.1624843,0.1259371,0.3172331,0,250,0.3172331,1137.366,20.22124,59.53636,0,3.546158,11.38238,38.65559,20.47259,18.183,454.3085,0,847.7558,0,1.705303e-13,1.24345e-13,4.263256e-14
naive,2026-02-01 00:00:00,2592,0,22.90193,3075.193,65.95744,15.35814,24.99203,1,1,2152.635,2152.318,530.8505,293.2191,824.0696,2,0,0,24.06959,800,0,92.27986,301.8474,0.1509237,0.2046279,0.3172331,0,250,0.3172331,1621.468,18.69689,60.05262,0,11.36545,6.295147,38.74744,29.18642,9.561019,323.504,0,599.0542,0,-5.684342e-14,9.148238e-14,4.263256e-14
naive,2026-02-01 00:15:00,2593,0.25,22.5141,3074.217,51.2433,18.01638,21.85879,1,1,2151.952,2151.635,531.0476,293.306,824.3536,2,0,0,24.35364,800,0,100.2775,276.7305,0.1383653,0.1900689,0.3172331,0,250,0.3172331,1620.587,18.99309,60.46052,0,13.1442,2.865701,38.73514,29.17057,9.564567,322.9729,0,600.6015,0,-5.684342e-14,7.882583e-14,4.263256e-14
naive,2026-02-01 00:30:00,2594,0.5,22.21034,3075.736,58.49515,16.04072,19.03942,1,1,2153.015,2152.698,527.5041,291.7439,819.2479,2,0,0,19.24793,800,0,95.45442,252.8233,0.1264117,0.1742531,0.3172331,0,250,0.3172331,1625.194,15.05799,60.78,0,12.41764,3.981428,38.75427,29.25349,9.500784,321.683,0,596.4089,0,-1.136868e-13,-1.762479e-14,4.263256e-14
naive,2026-02-01 00:45:00,2595,0.75,22.05211,3071.333,60.1153,11.56732,20.36984,1,1,2149.933,2149.616,529.4867,292.6179,822.1046,2,0,0,22.10464,800,0,98.02526,228.2772,0.1141386,0.1591991,0.3172331,0,250,0.3172331,1620.129,17.32083,60.94642,0,8.922269,3.04901,38.6988,29.16233,9.536472,322.3037,0,591.4337,0,1.136868e-13,4.723999e-14,4.263256e-14
naive,2026-02-01 01:00:00,2596,1,21.68361,3086.458,72.76839,11.48278,15.06307,1,1,2160.52,2160.203,526.6266,291.357,817.9837,2,0,0,17.98368,800,0,88.25651,206.1772,0.1030886,0.1437428,0.3172331,0,250,0.3172331,1633.577,14.14472,61.33398,0,10.76137,0.9183446,38.88937,29.40438,9.48499,320.918,0,591.3986,0,-5.684342e-14,3.064216e-14,4.263256e-14
naive,2026-02-01 01:15:00,2597,1.25,21.52245,3039.644,85.72784,8.338597,15.29768,1,1,2127.751,2127.434,586.8808,309.1925,896.0733,2,73.36612,3.21996,19.48725,800,0,24.5788,200,0.1,0.1298267,0.3172331,0,250,0.3172331,1540.553,15.35245,61.50348,0,5.118637,0,38.29951,27.72995,10.56957,336.9224,0,613.4831,0,-5.684342e-14,3.885781e-16,4.263256e-14
naive,2026-02-01 01:30:00,2598,1.5,21.37021,3049.676,88.41209,5.768857,5.81776,1,1,2134.773,2134.456,987.2994,424.0781,1411.377,3,91.51521,2.101825,17.76045,800,500,0,324.9685,0.1624843,0.1259371,0.3172331,0,250,0.3172331,1147.157,14.01367,61.6636,0,3.667032,0,38.42592,20.64882,17.7771,444.727,0,826.408,0,5.684342e-14,1.24345e-13,4.263256e-14
naive,2026-02-01 01:45:00,2599,1.75,21.26034,3042.853,98.68032,0,10.76379,1,1,2129.997,2129.68,525.6187,290.9127,816.5314,2,0,0,16.53137,800,0,101.7761,299.4733,0.1497367,0.2046279,0.3172331,0,250,0.3172331,1604.061,13.05841,61.77915,0,0,0,38.33994,28.8731,9.466847,319.7858,0,570.07,0,0,4.884981e-14,4.263256e-14
naive,2026-02-01 02:00:00,2600,2,20.89273,3023.186,111.5824,0,15.71159,1,1,2116.23,2115.913,525.5648,290.8889,816.4537,2,0,0,16.45366,800,0,92.09652,276.4021,0.138201,0.188574,0.3172331,0,250,0.3172331,1590.348,13.04542,62.16578,19.82149,0,2.666175,38.09214,28.62627,9.465876,319.9631,0,604.1818,0,1.136868e-13,1.759703e-14,4.263256e-14
naive,2026-02-01 02:15:00,2601,2.25,20.73346,3017.374,103.4173,1.765314,12.53644,1,1,2112.162,2111.844,525.0092,290.644,815.6531,2,0,0,15.65312,800,0,88.40647,254.2569,0.1271285,0.1740463,0.3172331,0,250,0.3172331,1586.835,12.43064,62.3333,15.48549,1.29061,0.1057907,38.01891,28.56303,9.455875,319.2247,0,597.2632,0,-5.684342e-14,9.15934e-15,4.263256e-14
naive,2026-02-01 02:30:00,2602,2.5,20.56783,3033.198,99.47504,0,16.89211,1,1,2123.238,2122.921,521.8907,289.2692,811.1599,2,0,0,11.15993,800,0,88.64074,232.0567,0.1160284,0.1601019,0.3172331,0,250,0.3172331,1601.03,8.877251,62.5075,14.09728,0,8.014861,38.21829,28.81855,9.399743,319.4263,0,592.8496,0,0,-6.325496e-14,4.263256e-14
naive,2026-02-01 02:45:00,2603,2.75,20.34859,3054.251,87.05295,1.53657,14.79074,1,1,2137.976,2137.658,523.9862,290.193,814.1791,2,0,0,14.17912,800,0,102.3941,206.4217,0.1032108,0.1461227,0.3172331,0,250,0.3172331,1613.672,11.30376,62.73808,0,0,3.486982,38.48356,29.0461,9.437461,319.8191,0,569.0579,0,-5.684342e-14,-4.171663e-14,4.263256e-14
naive,2026-02-01 03:00:00,2604,3,20.36932,3046.746,77.47255,1.889495,10.23413,1,1,2132.722,2132.405,590.715,310.0193,900.7342,2,80.62475,0.4777912,19.63168,800,0,25.55675,200,0.1,0.1299807,0.3172331,0,250,0.3172331,1541.69,15.64734,62.71628,0,1.411704,0,38.389,27.75042,10.63858,337.7697,0,607.4188,0,0,1.665335e-16,4.263256e-14
naive,2026-02-01 03:15:00,2605,3.25,20.18927,3064.091,95.60742,0,7.275522,1,1,2144.864,2144.547,993.865,426.3918,1420.257,3,96.39722,0,23.8596,800,500,0,324.9685,0.1624843,0.1259371,0.3172331,0,250,0.3172331,1150.682,19.05155,62.90565,0,0,0,38.60755,20.71227,17.89528,447.1041,0,823.4393,0,-5.684342e-14,1.24345e-13,4.263256e-14
naive,2026-02-01 03:30:00,2606,3.5,20.25287,3070.684,123.8106,1.409161,6.127237,1,1,2149.479,2149.162,526.1354,291.1405,817.2759,2,0,0,17.27588,800,0,91.13212,302.1343,0.1510672,0.2046279,0.3172331,0,250,0.3172331,1623.026,13.78576,62.83876,33.68561,0.4020076,0,38.69062,29.21447,9.476148,320.3549,0,628.8174,0,5.684342e-14,-7.904788e-14,4.263256e-14
naive,2026-02-01 03:45:00,2607,3.75,20.05729,3092.805,129.5005,0,8.818766,1,1,2164.963,2164.646,526.4384,291.274,817.7124,2,0,0,17.71242,800,0,94.97882,278.3421,0.139171,0.1902496,0.3172331,0,250,0.3172331,1638.208,14.16182,63.04445,36.06276,0,0,38.96934,29.48774,9.481601,320.7618,0,632.8068,0,5.684342e-14,-2.431388e-14,4.263256e-14
naive,2026-02-01 04:00:00,2608,4,20.18076,3111.433,118.6815,4.860681,7.927154,1,1,2178.003,2177.686,528.7083,292.2747,820.9831,2,0,0,20.98306,800,0,130.6745,245.6296,0.1228148,0.1752679,0.3172331,0,250,0.3172331,1648.977,16.7561,62.9146,0,1.15822,0,39.20405,29.68159,9.52246,321.9563,0,575.1317,0,5.684342e-14,-3.469447e-14,4.263256e-14
naive,2026-02-01 04:15:00,2609,4.25,20.30798,3121.641,133.4012,8.768662,12.62273,1,1,2185.149,2184.831,534.0021,294.6085,828.6105,2,0,0,28.61055,800,0,154.2876,207.019,0.1035095,0.1546694,0.3172331,0,250,0.3172331,1650.829,22.81795,62.78079,0,7.742989,0,39.33267,29.71493,9.617747,324.3234,0,591.3751,0,0,3.816392e-14,4.263256e-14
naive,2026-02-01 04:30:00,2610,4.5,20.12046,3104.302,173.6511,7.971092,14.72117,1,1,2173.011,2172.694,655.0177,328.6304,983.6481,2,162.4739,0.05537318,21.11887,800,0,27.94581,200,0.1,0.1303569,0.3172331,0,250,0.3172331,1517.677,16.87474,62.97802,0,7.915719,0,39.11421,27.31818,11.79603,355.9486,0,654.7015,0,0,1.498801e-15,4.263256e-14
naive,2026-02-01 04:45:00,2611,4.75,20.10297,3073.642,220.6025,1.650007,11.87889,1,1,2151.549,2151.232,1083.628,451.9282,1535.556,4,214.3836,0.09076569,21.08173,800,500,0,324.9685,0.1624843,0.1259371,0.3172331,0,250,0.3172331,1067.604,16.84802,62.99641,6.218892,1.559242,0,38.72789,19.21687,19.51101,471.1451,0,884.8364,0,5.684342e-14,1.24345e-13,4.263256e-14
naive,2026-02-01 05:00:00,2612,5,20.0971,3110.709,264.212,2.099891,11.39919,1,1,2177.496,2177.179,528.4341,292.1538,820.588,2,0,0,20.58795,800,0,278.3146,255.3387,0.1276694,0.2046279,0.3172331,0,250,0.3172331,1648.745,16.45437,63.00259,0,1.773513,0,39.19494,29.67741,9.517524,321.8313,0,575.8439,0,0,4.884981e-14,4.263256e-14
naive,2026-02-01 05:15:00,2613,5.25,19.93565,3089.465,338.0001,3.57948,7.367817,1,1,2162.625,2162.308,636.0205,323.7177,959.7383,2,133.3695,0.02748509,26.34126,800,0,221.1941,200,0.1,0.160783,0.3172331,0,250,0.3172331,1526.287,21.07301,63.17239,0,3.551995,0,38.92725,27.47317,11.45408,351.1909,0,637.4401,0,5.684342e-14,1.398881e-14,4.263256e-14
naive,2026-02-01 05:30:00,2614,5.5,20.02449,3113.837,418.7196,0,7.949428,1,1,2179.686,2179.369,1257.428,502.582,1760.01,4,432.6597,0.1468703,27.20355,800,500,0,324.9685,0.1624843,0.1259371,0.3172331,0,250,0.3172331,921.9406,21.75751,63.07895,0,0,0,39.23435,16.59493,22.63942,519.1769,0,967.39,0,5.684342e-14,1.24345e-13,4.263256e-14
naive,2026-02-01 05:45:00,2615,5.75,20.10223,3117.552,482.4494,0,9.214376,1,1,2182.287,2181.969,538.7478,295.6768,834.4246,2,8.606449,0.822649,24.99553,800,0,499.6694,200,0.1,0.2046279,0.3172331,0,250,0.3172331,1643.222,19.97598,62.99719,0,0,0,39.28116,29.57799,9.703171,325.2548,0,579.6378,0,5.684342e-14,-7.993606e-15,4.263256e-14
naive,2026-02-01 06:00:00,2616,6,20.00075,3160.407,557.67,0,15.46149,1,1,2212.285,2211.968,1370.336,534.9761,1905.312,4,578.7696,1.253463,25.28875,800,500,0,324.9685,0.1624843,0.1259371,0.3172331,0,250,0.3172331,841.6318,20.23085,63.10392,0,0,0,39.82113,15.14937,24.67175,550.1255,0,1029.259,0,0,1.24345e-13,4.263256e-14
naive,2026-02-01 06:15:00,2617,6.25,20.04456,3155.182,650.0504,0,9.370411,1,1,2208.628,2208.31,662.8093,332.0007,994.81,2,163.0172,3.528689,28.26407,800,0,499.6694,200,0.1,0.2046279,0.3172331,0,250,0.3172331,1545.501,22.60118,63.05784,0,0,0,39.7553,27.81902,11.93628,359.8197,0,648.6993,0,-5.684342e-14,-7.993606e-15,4.263256e-14
naive,2026-02-01 06:30:00,2618,6.5,20.20803,3148.995,701.438,3.552953,12.33359,1,1,2204.297,2203.979,1449.267,550.7326,2000,4,715.3395,5.112659,17.31189,762.2359,500,0,324.9685,0.1624843,0.1259371,0.3172331,0,250,0.3172331,754.7119,13.8207,59.91738,0,0,0,39.67734,13.58481,26.09252,564.3174,0,1061.228,0,-2.273737e-13,1.24345e-13,4.263256e-14
naive,2026-02-01 06:45:00,2619,6.75,20.2461,3104.928,744.1433,2.926024,17.16069,1,1,2173.45,2173.133,722.7528,348.1663,1070.919,3,249.2693,1.027056,20.62271,800,0,499.6694,200,0.1,0.2046279,0.3172331,0,250,0.3172331,1450.38,16.45757,62.84588,0,1.898967,0.7031206,39.1221,26.10684,13.01526,374.3898,0,681.3538,0,-1.136868e-13,-7.993606e-15,4.263256e-14
naive,2026-02-01 07:00:00,2620,7,20.2258,3136.66,780.2992,0.9308427,19.87489,1,1,2195.662,2195.345,1455.91,544.0905,2000,4,766.741,0.02198872,17.70274,715.5343,500,0,324.9685,0.1624843,0.1259371,0.3172331,0,250,0.3172331,739.435,14.13021,56.22957,13.55816,0.908854,5.744677,39.52191,13.30983,26.21208,558.3538,0,1078.405,0,-2.273737e-13,1.24345e-13,4.263256e-14
naive,2026-02-01 07:15:00,2621,7.25,20.53224,3150.088,776.8308,0,21.61084,1,1,2205.062,2204.745,720.5207,347.7062,1068.227,3,244.865,3.31738,20.04453,800,0,499.6694,200,0.1,0.2046279,0.3172331,0,250,0.3172331,1484.224,15.95028,62.54493,32.29636,0,5.660557,39.69111,26.71603,12.97508,375.367,0,736.0821,0,5.684342e-14,-7.993606e-15,4.263256e-14
naive,2026-02-01 07:30:00,2622,7.5,20.50317,3149.967,742.8947,5.287376,23.0624,1,1,2204.977,2204.66,1447.413,552.5871,2000,4,699.5144,2.03921,25.539,772.9074,500,0,324.9685,0.1624843,0.1259371,0.3172331,0,250,0.3172331,757.2467,20.3284,60.45634,43.38024,3.248165,2.733997,39.68958,13.63044,26.05914,566.6736,0,1145.768,0,2.273737e-13,1.24345e-13,4.263256e-14
naive,2026-02-01 07:45:00,2623,7.75,20.66439,3158.289,659.4917,0,17.9662,1,1,2210.802,2210.485,646.7529,327.1788,973.9317,2,144.0478,0.5846933,29.29924,800,0,499.6694,200,0.1,0.2046279,0.3172331,0,250,0.3172331,1563.732,23.28366,62.40594,15.77449,0,0,39.79444,28.14718,11.64726,355.326,0,667.6563,0,0,-7.993606e-15,4.263256e-14
naive,2026-02-01 08:00:00,2624,8,20.94127,3208.405,575.285,7.850727,21.6824,1,1,2245.883,2245.566,1444.914,555.0861,2000,4,578.0334,266.0438,29.65931,626.2636,500,0,324.9685,0.1624843,0.1259371,0.3172331,0,250,0.3172331,800.6523,23.50411,48.62525,0,0,0,40.4259,14.41174,26.01416,569.4979,0,1084.292,0,2.273737e-13,1.24345e-13,4.263256e-14
naive,2026-02-01 08:15:00,2625,8.25,21.18451,3231.103,496.5753,12.17871,29.25179,1,1,2261.772,2261.455,711.3218,372.7797,1084.102,3,0,257.1957,26.90583,800,0,499.6694,200,0.1,0.2046279,0.3172331,0,250,0.3172331,1550.133,21.2697,61.85891,11.41126,0,7.98209,40.71189,27.90239,12.8095,402.0305,0,754.1542,0,0,-7.993606e-15,4.263256e-14
naive,2026-02-01 08:30:00,2626,8.5,21.09075,3263.714,416.4945,0,32.82753,1,1,2284.6,2284.283,1422.629,577.3712,2000,4,407.6353,274.9567,31.14082,786.2671,500,0,324.9685,0.1624843,0.1259371,0.3172331,0,250,0.3172331,861.6541,24.64092,60.89396,8.859199,0,8.186609,41.1228,15.50977,25.61303,594.2616,0,1135.3,0,1.136868e-13,1.24345e-13,4.263256e-14
naive,2026-02-01 08:45:00,2627,8.75,21.21137,3267.62,352.913,0,40.25098,1,1,2287.334,2287.017,624.4398,334.4779,958.9177,2,0,124.9783,33.93941,800,0,499.6694,200,0.1,0.2046279,0.3172331,0,250,0.3172331,1662.577,26.82262,61.83066,6.213437,0,13.42835,41.17202,29.92639,11.24563,366.6738,0,674.5063,0,0,-7.993606e-15,4.263256e-14
naive,2026-02-01 09:00:00,2628,9,21.36877,3287.753,294.6693,6.803478,47.06077,1,1,2301.427,2301.11,1346.993,559.1415,1906.134,4,289.1231,279.5127,37.49872,800,500,0,324.9685,0.1624843,0.1259371,0.3172331,0,250,0.3172331,954.1168,29.58836,61.66512,5.54623,0,17.47241,41.42569,17.1741,24.25158,579.2773,0,1098.749,0,0,1.24345e-13,4.263256e-14
naive,2026-02-01 09:15:00,2629,9.25,21.52565,3322.746,250.3966,5.350782,43.89224,1,1,2325.922,2325.605,561.1555,306.579,867.7345,2,0,23.09558,44.6389,800,0,499.6694,200,0.1,0.2046279,0.3172331,0,250,0.3172331,1764.45,35.1663,61.50011,6.193665,0,8.725943,41.8666,31.7601,10.10651,339.8226,0,621.1416,0,0,-7.993606e-15,4.263256e-14
naive,2026-02-01 09:30:00,2630,9.5,21.80256,3325.431,220.7253,0.3867942,47.93501,1,1,2327.802,2327.484,1294.476,546.2408,1840.716,4,202.9464,285.2599,52.51021,800,500,0,324.9685,0.1624843,0.1259371,0.3172331,0,250,0.3172331,1033.009,41.25095,61.20888,17.77886,0,6.684064,41.90043,18.59416,23.30627,565.9772,0,1093.763,0,0,1.24345e-13,4.263256e-14
naive,2026-02-01 09:45:00,2631,9.75,22.07521,3368.694,176.349,4.091345,47.63267,1,1,2358.086,2357.769,559.8613,306.0085,865.8698,2,0,0,65.86981,800,0,450.3324,212.3343,0.1061671,0.2046279,0.3172331,0,250,0.3172331,1797.907,51.6023,60.92212,14.45781,0,0,42.44555,32.36233,10.08321,338.3708,0,633.144,0,0,-7.993606e-15,4.263256e-14
naive,2026-02-01 10:00:00,2632,10,22.29998,3370.382,132.6901,1.290123,56.13671,1,1,2359.267,2358.95,836.3979,417.445,1253.843,3,88.05028,295.9034,69.88924,800,0,49.20334,200,0.1,0.1337038,0.3172331,0,250,0.3172331,1522.552,54.62544,60.68572,0,0,1.511262,42.46681,27.40594,15.06087,445.1117,0,821.9519,0,0,3.38618e-15,4.263256e-14
naive,2026-02-01 10:15:00,2633,10.25,22.54817,3426.985,129.2554,3.157666,56.75655,1,1,2398.89,2398.572,1247.435,536.0185,1783.454,4,114.5517,293.3066,75.59552,800,500,0,324.9685,0.1624843,0.1259371,0.3172331,0,250,0.3172331,1151.137,58.93538,60.42469,14.70372,0,0,43.18001,20.72046,22.45955,556.7389,0,1070.864,0,0,1.24345e-13,4.263256e-14
naive,2026-02-01 10:30:00,2634,10.5,22.89981,3416.472,117.5232,0,65.67887,1,1,2391.531,2391.213,570.6656,310.7716,881.4372,2,0,0,81.43721,800,0,389.9337,227.4339,0.113717,0.2046279,0.3172331,0,250,0.3172331,1820.548,63.26055,60.05485,18.64481,0,2.418327,43.04755,32.76986,10.27769,343.9634,0,652.5274,0,5.684342e-14,-7.993606e-15,4.263256e-14
naive,2026-02-01 10:45:00,2635,10.75,23.28486,3413.754,110.526,4.098865,74.89978,1,1,2389.628,2389.31,771.6392,399.3706,1171.01,3,0,277.1013,93.90845,800,0,109.5925,200,0.1,0.1432118,0.3172331,0,250,0.3172331,1617.671,72.65895,59.64987,26.02593,0,2.240835,43.0133,29.11808,13.89522,428.8826,0,835.5538,0,1.136868e-13,-4.884981e-15,4.263256e-14
naive,2026-02-01 11:00:00,2636,11,23.25588,3428.309,97.08338,7.782105,84.65635,1,1,2399.816,2399.499,1249.201,541.3574,1790.559,4,76.21497,304.0469,110.2967,800,500,0,324.9685,0.1624843,0.1259371,0.3172331,0,250,0.3172331,1150.298,85.36445,59.68036,20.86841,0,0,43.19669,20.70536,22.49133,562.0628,0,1092.983,0,0,1.24345e-13,4.263256e-14
naive,2026-02-01 11:15:00,2637,11.25,23.77144,3431.496,92.73191,9.03792,90.8703,1,1,2402.048,2401.73,596.4006,322.1168,918.5174,2,0,0,118.5174,800,0,398.4912,225.2946,0.1126473,0.2046279,0.3172331,0,250,0.3172331,1805.33,91.23808,59.13811,2.22001,0,0,43.23686,32.49593,10.74092,354.6128,0,646.5246,0,-5.684342e-14,4.884981e-14,4.263256e-14
naive,2026-02-01 11:30:00,2638,11.5,23.9229,3442.254,124.9844,1.581242,96.84145,1,1,2409.578,2409.261,811.7013,417.0319,1228.733,3,0,305.1653,123.5679,800,0,101.0364,200,0.1,0.1418647,0.3172331,0,250,0.3172331,1597.559,94.97636,58.97883,26.98643,0,1.865089,43.3724,28.75607,14.61633,446.1199,0,872.4403,0,5.684342e-14,3.358425e-15,4.263256e-14
naive,2026-02-01 11:45:00,2639,11.75,24.25206,3454.759,89.1411,0,105.6935,1,1,2418.332,2418.014,1277.066,552.3993,1829.465,4,86.6567,303.4353,139.3731,800,500,0,324.9685,0.1624843,0.1259371,0.3172331,0,250,0.3172331,1140.949,106.7575,58.63263,2.4844,0,0,43.52997,20.53707,22.99289,572.9364,0,1084.197,0,2.273737e-13,1.24345e-13,4.263256e-14
naive,2026-02-01 12:00:00,2640,12,24.26091,3496.333,100.0163,0,109.8658,1,1,2447.433,2447.116,618.8072,331.9947,950.8019,2,0,0,150.8019,800,0,393.8522,226.4543,0.1132272,0.2046279,0.3172331,0,250,0.3172331,1828.309,115.5011,58.62332,9.273119,0,0,44.0538,32.90956,11.14424,364.9043,0,679.8535,0,0,-7.993606e-15,4.263256e-14
naive,2026-02-01 12:15:00,2641,12.25,24.41833,3490.235,102.0855,10.81882,111.6607,1,1,2443.164,2442.847,824.4637,422.6582,1247.122,3,0,286.1928,160.9291,800,0,105.6747,200,0.1,0.142595,0.3172331,0,250,0.3172331,1618.383,123.0549,58.45775,11.9193,0,0,43.97696,29.1309,14.84606,451.7891,0,858.3741,0,-5.684342e-14,2.164935e-15,4.263256e-14
naive,2026-02-01 12:30:00,2642,12.5,24.47606,3525.967,108.6783,1.581055,115.964,1,1,2468.177,2467.86,1303.755,563.7061,1867.461,4,90.51769,298.6942,178.2494,800,500,0,324.9685,0.1624843,0.1259371,0.3172331,0,250,0.3172331,1164.104,136.2167,58.39704,18.1606,0,0,44.42718,20.95388,23.4733,584.66,0,1134.95,0,2.273737e-13,1.24345e-13,4.263256e-14
naive,2026-02-01 12:45:00,2643,12.75,24.84208,3548.131,97.14899,1.307154,135.2247,1,1,2483.692,2483.374,646.8738,344.3679,991.2416,2,0,0,191.2416,800,0,390.7079,227.2404,0.1136202,0.2046279,0.3172331,0,250,0.3172331,1836.501,145.5853,58.01208,5.499132,0,0,44.70645,33.05701,11.64944,377.4249,0,699.0722,0,0,-7.993606e-15,4.263256e-14
naive,2026-02-01 13:00:00,2644,13,25.17497,3548.792,96.20749,0,147.4125,1,1,2484.154,2483.837,860.1418,438.3869,1298.529,3,0,294.6877,203.8409,800,0,108.8184,200,0.1,0.1430899,0.3172331,0,250,0.3172331,1623.695,154.6338,57.66196,0,0,0,453.2505,296.254,156.9965,734.6409,0,1404.412,0,0,-4.246603e-15,4.263256e-14
naive,2026-02-01 13:15:00,2645,13.25,25.3842,3541.072,89.03317,2.135355,160.1738,1,1,2478.751,2478.433,1337.645,578.5369,1916.182,4,91.43752,302.4875,222.2569,800,500,0,324.9685,0.1624843,0.1259371,0.3172331,0,250,0.3172331,1140.788,168.2321,57.44191,0,0,0,454.1718,209.0222,245.1496,787.5591,0,1510.496,0,0,1.24345e-13,4.263256e-14
naive,2026-02-01 13:30:00,2646,13.5,25.56374,3584.439,86.76383,0,166.2813,1,1,2509.107,2508.79,670.4825,354.7757,1025.258,3,0,0,225.2582,800,0,383.3486,229.0802,0.1145401,0.2046279,0.3172331,0,250,0.3172331,1838.307,170.1803,57.25308,2.855485,0,0,461.4035,338.0491,123.3544,692.8249,0,1326.166,0,5.684342e-14,-7.993606e-15,4.263256e-14
naive,2026-02-01 13:45:00,2647,13.75,25.80969,3512.609,82.97154,0,174.0708,1,1,2458.826,2458.509,863.7403,439.9733,1303.714,3,0,264.1023,239.6114,800,0,116.1766,200,0.1,0.1442485,0.3172331,0,250,0.3172331,1594.768,180.5525,56.99439,3.869007,0,0,454.4181,294.7307,159.6873,734.704,0,1411.963,0,-1.136868e-13,-9.436896e-16,4.263256e-14
naive,2026-02-01 14:00:00,2648,14,25.87155,3503.262,109.8566,0,179.3824,1,1,2452.284,2451.966,1356.446,586.9599,1943.406,4,90.30803,298.3031,254.7951,800,500,0,324.9685,0.1624843,0.1259371,0.3172331,0,250,0.3172331,1095.52,191.8678,56.92934,19.54861,0,0,453.7796,202.719,251.0606,789.6789,0,1549.034,0,0,1.24345e-13,4.263256e-14
naive,2026-02-01 14:15:00,2649,14.25,25.97004,3502.317,121.0199,0,190.6899,1,1,2451.622,2451.305,697.4088,366.6462,1064.055,3,0,0,264.055,800,0,389.2669,227.6006,0.1138003,0.2046279,0.3172331,0,250,0.3172331,1753.896,198.6326,56.82575,30.22395,0,0,454.5685,325.1993,129.3692,691.8455,0,1371.898,0,1.136868e-13,-7.993606e-15,4.263256e-14
naive,2026-02-01 14:30:00,2650,14.5,26.03904,3515.387,122.9474,6.416561,200.3404,1,1,2460.771,2460.454,898.1048,455.1228,1353.228,3,0,281.7794,271.4483,800,0,110.2592,200,0.1,0.1433168,0.3172331,0,250,0.3172331,1562.349,204.0443,56.75318,27.98249,0,0,456.9079,290.0918,166.816,745.2147,0,1474.852,0,0,-5.356826e-15,4.263256e-14
naive,2026-02-01 14:45:00,2651,14.75,26.3081,3511.926,123.5008,5.305189,200.8729,1,1,2458.348,2458.031,1380.306,595.552,1975.858,4,106.5029,297.5815,271.774,800,500,0,324.9685,0.1624843,0.1259371,0.3172331,0,250,0.3172331,1077.724,203.7042,56.4702,16.99785,0,0,458.9802,201.2141,257.7662,796.7661,0,1559.324,0,-1.136868e-13,1.24345e-13,4.263256e-14
naive,2026-02-01 15:00:00,2652,15,26.45954,3527.623,111.9882,9.107991,211.1018,1,1,2469.336,2469.019,705.0223,370.0026,1075.025,3,0,0,275.0249,800,0,412.9478,221.6804,0.1108402,0.2046279,0.3172331,0,250,0.3172331,1763.997,205.8076,56.31093,0,0,5.294212,462.4701,330.3704,132.0996,701.3645,0,1339.379,0,1.705303e-13,-6.483702e-14,4.263256e-14
naive,2026-02-01 15:15:00,2653,15.25,26.42738,3528.647,93.85444,6.752004,209.3894,1,1,2470.053,2469.735,930.5662,466.2407,1396.807,3,26.83862,292.7083,277.2601,800,0,86.582,200,0.1,0.1395889,0.3172331,0,250,0.3172331,1539.169,207.5516,56.34475,0,0,1.837793,462.2979,288.0727,174.2252,754.6574,0,1445.927,0,-1.136868e-13,1.554312e-15,4.263256e-14
naive,2026-02-01 15:30:00,2654,15.5,26.59899,3539.227,110.8324,5.754226,214.4759,1,1,2477.459,2477.142,1399.871,600.1287,2000,4,134.9727,291.9818,281.9881,791.0574,500,0,324.9685,0.1624843,0.1259371,0.3172331,0,250,0.3172331,1077.271,210.7038,55.53644,0,0,3.772141,465.3282,202.3381,262.9901,803.1753,0,1543.872,0,2.273737e-13,1.24345e-13,4.263256e-14
naive,2026-02-01 15:45:00,2655,15.75,26.78081,3504.151,110.5576,9.636307,211.8757,1,1,2452.906,2452.589,710.9634,372.6217,1083.585,3,0,0,283.5851,800,0,435.769,215.9751,0.1079875,0.2046279,0.3172331,0,250,0.3172331,1741.625,211.4846,55.97303,0,0,0.3911043,462.4537,328.3538,134.0999,701.0492,0,1339.129,0,-1.136868e-13,-7.993606e-15,4.263256e-14
naive,2026-02-01 16:00:00,2656,16,27.0618,3498.342,122.9651,8.256939,206.6887,1,1,2448.839,2448.522,988.6483,483.4013,1472.05,3,97.82802,291.1926,283.0291,800,0,63.7644,200,0.1,0.1359964,0.3172331,0,250,0.3172331,1459.874,210.4337,55.6775,0,0,0,464.3932,276.8476,187.5455,760.249,0,1457.861,0,0,-1.026956e-15,4.263256e-14
naive,2026-02-01 16:15:00,2657,16.25,27.06964,3518.568,136.3625,2.462921,197.4983,1,1,2462.998,2462.681,1404.699,595.3008,2000,4,172.5179,288.6017,281.4754,757.405,500,0,324.9685,0.1624843,0.1259371,0.3172331,0,250,0.3172331,1057.981,209.2609,52.70522,0,0,0,467.1546,200.6664,266.4882,795.9671,0,1532.641,0,0,1.24345e-13,4.263256e-14
naive,2026-02-01 16:30:00,2658,16.5,27.19122,3475.963,164.6042,0,189.8763,1,1,2433.174,2432.857,702.9562,369.0918,1072.048,3,0,0,272.048,800,0,481.366,204.5758,0.1022879,0.2046279,0.3172331,0,250,0.3172331,1729.901,201.9875,55.54138,0,0,0,462.6716,328.9431,133.7285,698.0349,0,1333.586,0,-1.136868e-13,-7.993606e-15,4.263256e-14
naive,2026-02-01 16:45:00,2659,16.75,27.51883,3458.313,198.4875,6.553464,198.0596,1,1,2420.819,2420.502,1053.999,498.5096,1552.508,4,213.0054,276.6607,262.8423,800,0,18.17458,200,0.1,0.1288184,0.3172331,0,250,0.3172331,1366.503,194.4637,55.19682,0,0,3.595905,463.4984,261.6354,201.863,760.8336,0,1459.571,0,1.136868e-13,-1.748601e-15,4.263256e-14
naive,2026-02-01 17:00:00,2660,17,27.50992,3402.017,265.1374,5.972004,183.1951,1,1,2381.412,2381.094,1415.812,584.1881,2000,4,271.1962,277.835,251.3119,699.6568,500,0,324.9685,0.1624843,0.1259371,0.3172331,0,250,0.3172331,965.2825,185.9509,48.28174,0,0,0,455.8677,184.7816,271.0861,768.9698,0,1483.623,0,0,1.24345e-13,4.263256e-14
naive,2026-02-01 17:15:00,2661,17.25,27.48181,3396.367,333.792,5.787704,179.1648,1,1,2377.457,2377.14,749.336,389.5383,1138.874,3,0,96.26347,242.6108,800,0,499.6694,200,0.1,0.2046279,0.3172331,0,250,0.3172331,1627.803,179.5673,55.23576,19.3563,0,0,454.8414,311.4221,143.4194,700.9603,0,1373.17,0,-1.705303e-13,-7.993606e-15,4.263256e-14
naive,2026-02-01 17:30:00,2662,17.5,27.5547,3359.744,381.985,6.978113,169.4756,1,1,2351.82,2351.503,1427.9,572.1,2000,4,368.9856,274.9912,234.5395,621.4837,500,0,324.9685,0.1624843,0.1259371,0.3172331,0,250,0.3172331,923.6032,173.4566,42.8506,12.99946,0,0,450.6281,176.97,273.6582,749.07,0,1472.357,0,0,1.24345e-13,4.263256e-14
naive,2026-02-01 17:45:00,2663,17.75,27.47819,3360.114,444.6526,12.1883,166.0721,1,1,2352.08,2351.762,807.8002,415.3121,1223.112,3,0,202.1158,220.9966,800,0,499.6694,200,0.1,0.2046279,0.3172331,0,250,0.3172331,1543.962,163.576,55.23956,12.56667,0,2.496091,449.9522,295.3595,154.5926,711.1492,0,1381.831,0,0,-7.993606e-15,4.263256e-14
naive,2026-02-01 18:00:00,2664,18,27.45407,3314.2,500.1417,9.590506,159.8997,1,1,2319.94,2319.623,1430.81,569.1897,2000,4,506.9889,2.380105,203.9503,786.6807,500,0,324.9685,0.1624843,0.1259371,0.3172331,0,250,0.3172331,888.8124,150.9982,54.34482,0,7.210401,8.901513,443.5787,169.9433,273.6354,740.835,0,1432.97,0,2.273737e-13,1.24345e-13,4.263256e-14
naive,2026-02-01 18:15:00,2665,18.25,27.34835,3302.219,561.3463,1.113698,151.8849,1,1,2311.554,2311.236,697.4108,359.3027,1056.714,3,61.73847,4.766828,190.2083,800,0,499.6694,200,0.1,0.2046279,0.3172331,0,250,0.3172331,1613.825,140.9849,55.37612,0,0,10.9,440.9947,307.8832,133.1115,669.2654,0,1276.233,0,5.684342e-14,-7.993606e-15,4.263256e-14
naive,2026-02-01 18:30:00,2666,18.5,27.19195,3263.496,608.0989,0,139.9799,1,1,2284.448,2284.13,1446.154,553.8462,2000,4,629.6799,5.754026,179.4143,685.1518,500,0,324.9685,0.1624843,0.1259371,0.3172331,0,250,0.3172331,837.9765,133.2087,47.56719,0,0,6.771206,434.3977,159.3449,275.0528,714.4787,0,1375.444,0,0,1.24345e-13,4.263256e-14
naive,2026-02-01 18:45:00,2667,18.75,27.2419,3252.828,661.5556,0,132.2729,1,1,2276.98,2276.662,760.5047,373.7519,1134.257,3,174.0943,0.590897,159.5714,800,0,499.6694,200,0.1,0.2046279,0.3172331,0,250,0.3172331,1516.158,118.4123,55.48808,0,0,13.86061,433.4304,288.6055,144.8249,664.9958,0,1267.568,0,1.136868e-13,-7.993606e-15,4.263256e-14
naive,2026-02-01 19:00:00,2668,19,27.11039,3251.73,675.061,0,125.9014,1,0,2276.211,2275.894,1454.29,545.7097,2000,4,699.2321,6.535479,155.7021,638.5303,500,0,324.9685,0.1624843,0.1259371,0.3172331,0,250,0.3172331,821.6035,115.7049,44.39892,0,0,10.19651,432.0943,155.9654,276.1289,703.6107,0,1357.273,0,0,1.24345e-13,4.263256e-14
naive,2026-02-01 19:15:00,2669,19.25,26.88261,3292.655,669.0725,0,109.8877,1,0,2304.859,2304.541,793.3961,381.9981,1175.394,3,226.6664,4.312885,144.4149,800,0,499.6694,200,0.1,0.2046279,0.3172331,0,250,0.3172331,1511.145,107.5803,55.86596,0,0,2.307392,435.4613,285.5035,149.9577,667.9376,0,1273.026,0,1.136868e-13,-7.993606e-15,4.263256e-14
naive,2026-02-01 19:30:00,2670,19.5,26.738,3277.622,717.1905,6.465343,97.7974,0,0,2294.336,2294.018,1456.976,543.024,2000,4,727.6096,8.508757,132.026,631.8557,500,0,324.9685,0.1624843,0.1259371,0.3172331,0,250,0.3172331,837.0425,98.50404,44.24416,0,0,0,432.1743,157.6702,274.5042,0,700.6942,3804.043,0,0,1.24345e-13,4.263256e-14
naive,2026-02-01 19:45:00,2671,19.75,26.60004,3264.156,713.237,0,86.23612,0,0,2284.909,2284.592,767.673,372.2661,1139.939,3,213.1485,7.447854,119.3427,800,0,499.6694,200,0.1,0.2046279,0.3172331,0,250,0.3172331,1516.919,89.17286,56.16316,0.4189997,0,0,429.1719,284.9211,144.2507,0,657.1873,3552.069,0,-5.684342e-14,-7.993606e-15,4.263256e-14
naive,2026-02-01 20:00:00,2672,20,26.508,3283.473,690.4181,0,68.36994,0,0,2298.431,2298.114,1447.886,552.1137,2000,4,669.8962,5.052985,108.9799,716.0709,500,0,324.9685,0.1624843,0.1259371,0.3172331,0,250,0.3172331,850.2278,81.50997,50.35765,20.52183,0,0,430.8923,159.3942,271.4981,0,711.5079,3892.041,0,2.273737e-13,1.24345e-13,4.263256e-14
naive,2026-02-01 20:15:00,2673,20.25,26.48723,3278.062,660.7895,0,66.044,0,0,2294.643,2294.326,693.8864,348.8205,1042.707,3,136.7937,5.932555,99.98063,800,0,499.6694,200,0.1,0.2046279,0.3172331,0,250,0.3172331,1600.44,74.79572,56.2818,24.3264,0,0,429.998,299.9097,130.0883,0,648.7302,3546.662,0,-5.684342e-14,-7.993606e-15,4.263256e-14
naive,2026-02-01 20:30:00,2674,20.5,26.56339,3220.48,612.1757,6.666388,62.00137,0,0,2254.336,2254.019,1436.334,561.2795,1997.613,4,602.2384,2.822916,92.55212,800,500,0,324.9685,0.1624843,0.1259371,0.3172331,0,250,0.3172331,817.6846,69.18205,56.2017,9.937318,3.843471,0,423.1089,153.4685,269.6403,0,714.748,3891.659,0,0,1.24345e-13,4.263256e-14
naive,2026-02-01 20:45:00,2675,20.75,26.23015,3210.286,564.739,0.7371164,66.27442,0,0,2247.2,2246.883,616.4202,324.9303,941.3506,2,50.5394,3.002221,87.80896,800,0,499.6694,200,0.1,0.2046279,0.3172331,0,250,0.3172331,1630.463,65.87066,56.55218,14.5302,0,0.4037585,418.8877,303.9252,114.9625,0,628.9308,3420.563,0,-5.684342e-14,-7.993606e-15,4.263256e-14
naive,2026-02-01 21:00:00,2676,21,26.01843,3190.251,483.5865,7.631787,58.04906,0,0,2233.176,2232.858,1341.766,532.9151,1874.681,4,490.2176,2.233705,82.22959,800,500,0,324.9685,0.1624843,0.1259371,0.3172331,0,250,0.3172331,891.0927,61.82452,56.77486,0,5.398082,0,414.4742,165.3855,249.0887,0,698.3006,3786.093,0,2.273737e-13,1.24345e-13,4.263256e-14
naive,2026-02-01 21:15:00,2677,21.25,25.59038,3189.296,414.1488,14.80995,50.45144,0,0,2232.507,2232.19,564.2898,307.9608,872.2507,2,0,0,72.25066,800,0,418.4106,220.3147,0.1101574,0.2046279,0.3172331,0,250,0.3172331,1667.9,54.56926,57.22506,0,13.08287,0,410.7605,306.878,103.8824,0,614.8388,3339.803,0,0,4.884981e-14,4.263256e-14
naive,2026-02-01 21:30:00,2678,21.5,25.42641,3179.763,376.6039,9.562115,38.65102,0,0,2225.834,2225.517,778.9985,369.0388,1148.037,3,282.2499,5.302434,60.4849,800,0,81.1201,200,0.1,0.1387289,0.3172331,0,250,0.3172331,1446.519,45.76219,57.39751,13.23393,4.259681,0,408.1782,265.2657,142.9126,0,634.3044,3454.279,0,-1.136868e-13,2.942091e-15,4.263256e-14
naive,2026-02-01 21:45:00,2679,21.75,25.29405,3115.515,323.033,7.557234,39.08166,0,0,2180.86,2180.543,1182.009,484.9725,1666.981,4,301.1925,12.14371,53.64481,800,500,0,324.9685,0.1624843,0.1259371,0.3172331,0,250,0.3172331,998.5346,40.64386,57.53672,21.84053,0,0,398.8658,182.6258,216.24,0,667.5983,3644.737,0,1.705303e-13,1.24345e-13,4.263256e-14
naive,2026-02-01 22:00:00,2680,22,24.99868,3091.597,261.4549,11.5234,37.13514,0,0,2164.118,2163.801,546.2146,299.9924,846.207,2,0,0,46.207,800,0,265.759,258.4776,0.1292388,0.2046279,0.3172331,0,250,0.3172331,1617.586,35.11781,57.84737,0.6293819,6.589828,2.017336,38.95412,29.11655,9.837573,0,329.4757,1759.491,0,-5.684342e-14,-7.993606e-15,4.263256e-14
naive,2026-02-01 22:15:00,2681,22.25,24.66412,3128.042,202.0777,0,37.15626,0,0,2189.629,2189.312,541.4342,297.8849,839.3191,2,0,0,39.31909,800,0,220.0828,203.4162,0.1017081,0.1627596,0.3172331,0,250,0.3172331,1647.878,29.98816,58.19924,0,0,7.168109,39.41332,29.6618,9.751525,0,328.8413,1743.153,0,-5.684342e-14,4.463097e-14,4.263256e-14
naive,2026-02-01 22:30:00,2682,22.5,24.31599,3133.249,199.7866,0,29.91816,0,0,2193.275,2192.957,670.9744,334.2055,1005.18,3,174.7417,0.66194,29.77617,800,0,13.53676,200,0.1,0.1280882,0.3172331,0,250,0.3172331,1521.983,22.79282,58.56539,11.5081,0,7.125334,39.47894,27.39569,12.08325,0,362.8792,1949.801,0,0,-2.775558e-17,4.263256e-14
naive,2026-02-01 22:45:00,2683,22.75,23.89894,3094.953,184.3327,0,23.79544,0,0,2166.467,2166.15,1055.924,444.9525,1500.877,4,170.3569,1.733349,28.78654,800,500,0,324.9685,0.1624843,0.1259371,0.3172331,0,250,0.3172331,1110.225,22.13133,59.00402,13.97573,0,1.664109,38.99641,19.98406,19.01235,0,465.2326,2516.508,0,-1.136868e-13,1.24345e-13,4.263256e-14
naive,2026-02-01 23:00:00,2684,23,23.76205,3072.39,165.072,0,23.87218,0,1,2150.673,2150.355,536.506,295.7124,832.2184,2,0,0,32.21841,800,0,162.324,284.3364,0.1421682,0.2046279,0.3172331,0,250,0.3172331,1613.849,24.80507,59.14799,3.030496,0,0,38.71211,29.04929,9.662819,0,324.7616,1724.875,0,0,-3.641532e-14,4.263256e-14
naive,2026-02-01 23:15:00,2685,23.25,23.78998,3058.51,122.1024,0,23.58095,0,1,2140.957,2140.64,535.4721,295.2566,830.7287,2,0,0,30.7287,800,0,128.7264,252.11,0.126055,0.1790424,0.3172331,0,250,0.3172331,1605.168,23.65127,59.11861,0,0,0,38.53722,28.89302,9.644209,0,324.1496,1716.314,0,0,-2.19269e-15,4.263256e-14
naive,2026-02-01 23:30:00,2686,23.5,23.41125,3020.652,103.1542,0,15.43196,1,1,2114.456,2114.139,537.4491,296.1281,833.5772,2,0,0,33.57718,800,0,115.3608,223.2301,0.1116151,0.15875,0.3172331,0,250,0.3172331,1576.69,25.94543,59.51695,0,0,0,38.06021,28.38042,9.679794,324.5085,0,582.0605,0,-5.684342e-14,-4.168887e-14,4.263256e-14
naive,2026-02-01 23:45:00,2687,23.75,23.39959,2941.917,82.36997,0,13.51094,1,1,2059.342,2059.025,539.9765,297.2423,837.2188,2,0,3.045202,34.17363,800,0,92.77989,200,0.1,0.1405647,0.3172331,0,250,0.3172331,1519.048,26.40949,59.52921,0,0,0,37.06815,27.34286,9.725288,324.5852,0,582.2,0,5.684342e-14,-6.827872e-15,4.263256e-14
naive,2026-02-02 00:00:00,2688,0,23.15523,2970.595,57.30776,0,20.58789,1,1,2079.417,2079.099,988.4023,426.3944,1414.797,3,76.1312,10.19402,28.47153,800,500,0,324.9685,0.1624843,0.1259371,0.3172331,0,250,0.3172331,1090.697,22.05855,59.78622,0,0,0,37.4295,19.63255,17.79695,446.027,0,824.7945,0,0,1.24345e-13,4.263256e-14
naive,2026-02-02 00:15:00,2689,0.25,22.7445,2954.794,58.7443,0,19.24598,1,1,2068.356,2068.039,532.4257,293.9135,826.3393,2,0,0,26.33926,800,0,83.33508,304.0836,0.1520418,0.2046279,0.3172331,0,250,0.3172331,1535.613,20.49311,60.2182,0,0,0,37.23041,27.64104,9.589373,321.5546,0,575.3637,0,-5.684342e-14,9.148238e-14,4.263256e-14
naive,2026-02-02 00:30:00,2690,0.5,22.5966,2950.129,62.3051,0,15.35476,1,1,2065.09,2064.773,529.3853,292.5732,821.9585,2,0,0,21.95853,800,0,84.22839,282.9786,0.1414893,0.191477,0.3172331,0,250,0.3172331,1535.387,17.11069,60.37376,0,0,0,37.17162,27.63697,9.534646,320.2102,0,572.4999,0,0,7.205347e-14,4.263256e-14
naive,2026-02-02 00:45:00,2691,0.75,22.47691,2944.219,100.2527,1.046465,15.01287,1,1,2060.953,2060.636,531.009,293.289,824.298,2,0,0,24.29797,800,0,83.79521,261.9853,0.1309926,0.1781875,0.3172331,0,250,0.3172331,1529.627,18.95691,60.49964,23.98699,0,0,37.09716,27.53328,9.563872,320.8223,0,614.96,0,-5.684342e-14,-4.002354e-14,4.263256e-14
naive,2026-02-02 01:00:00,2692,1,22.31224,2947.929,78.45188,0,19.11849,1,1,2063.551,2063.233,527.1206,291.5748,818.6953,2,0,0,18.69534,800,0,86.2632,240.3782,0.1201891,0.1649683,0.3172331,0,250,0.3172331,1536.113,14.61045,60.67283,0,0,4.508039,37.14391,27.65003,9.49388,320.0026,0,571.7483,0,5.684342e-14,8.576473e-15,4.263256e-14
naive,2026-02-02 01:15:00,2693,1.25,22.06608,2949.359,96.19163,0,11.95723,1,1,2064.552,2064.234,527.7595,291.8564,819.6159,2,0,0,19.6159,800,0,97.48297,215.9696,0.1079848,0.1513626,0.3172331,0,250,0.3172331,1536.475,15.3685,60.93173,4.698367,0,0,37.16193,27.65655,9.505381,319.513,0,578.5825,0,5.684342e-14,-6.078471e-15,4.263256e-14
naive,2026-02-02 01:30:00,2694,1.5,22.08112,2998.68,99.4745,0,11.13874,1,1,2099.076,2098.758,545.5465,296.6205,842.167,2,25.86923,4.108711,12.18904,800,0,63.74259,200,0.1,0.1359929,0.3172331,0,250,0.3172331,1553.212,9.548298,60.91591,9.862672,0,1.590442,37.78336,27.95782,9.825548,324.8515,0,598.1857,0,0,1.859624e-15,4.263256e-14
naive,2026-02-02 01:45:00,2695,1.75,21.84292,2992.699,106.9862,0,15.91204,1,1,2094.889,2094.572,990.5325,424.5593,1415.092,3,99.45213,0.5267253,15.113,800,500,0,324.9685,0.1624843,0.1259371,0.3172331,0,250,0.3172331,1104.039,11.86759,61.16643,7.534087,0,4.044451,37.70801,19.87271,17.8353,445.1237,0,834.4315,0,1.705303e-13,1.24345e-13,4.263256e-14
naive,2026-02-02 02:00:00,2696,2,21.7346,3009.915,104.4215,0,9.898898,1,1,2106.94,2106.623,526.966,291.5067,818.4727,2,0,0,18.47269,800,0,102.799,299.2176,0.1496088,0.2046279,0.3172331,0,250,0.3172331,1579.657,14.52181,61.28036,1.756728,0,0,37.92492,28.43382,9.491099,319.9405,0,573.9709,0,0,6.306067e-14,4.263256e-14
naive,2026-02-02 02:15:00,2697,2.25,21.63592,3011.284,114.7677,0,15.86878,1,1,2107.898,2107.581,525.1403,290.7018,815.8421,2,0,0,15.84207,800,0,97.45433,274.8069,0.1374035,0.1884129,0.3172331,0,250,0.3172331,1582.441,12.46632,61.38414,18.5026,0,3.402461,37.94217,28.48394,9.458235,319.7653,0,602.3905,0,5.684342e-14,-9.500734e-14,4.263256e-14
naive,2026-02-02 02:30:00,2698,2.5,21.34221,3044.928,107.2666,0,11.2888,1,1,2131.449,2131.132,525.7878,290.9872,816.775,2,0,0,16.77501,800,0,94.29515,251.1899,0.1255949,0.1730419,0.3172331,0,250,0.3172331,1605.344,13.23988,61.69305,14.46368,0,0,38.36609,28.8962,9.46989,319.8834,0,595.312,0,-5.684342e-14,-1.34337e-14,4.263256e-14
naive,2026-02-02 02:45:00,2699,2.75,20.93497,3043.945,120.5038,0,11.99129,1,1,2130.761,2130.444,525.7253,290.9597,816.685,2,0,0,16.685,800,0,94.71918,227.4705,0.1137353,0.1581706,0.3172331,0,250,0.3172331,1604.719,13.2232,62.12137,27.81608,0,0,38.3537,28.88493,9.468766,319.8446,0,617.7854,0,5.684342e-14,-3.752554e-14,4.263256e-14
naive,2026-02-02 03:00:00,2700,3,20.55826,2992.011,124.8971,0,8.365815,1,1,2094.408,2094.09,525.2615,290.7552,816.0167,2,0,0,16.0167,800,0,91.78387,204.4888,0.1022444,0.1432349,0.3172331,0,250,0.3172331,1568.829,12.74183,62.51756,34.38182,0,0,37.69934,28.23892,9.460417,318.9941,0,626.9646,0,0,-4.510281e-14,4.263256e-14
naive,2026-02-02 03:15:00,2701,3.25,20.37237,3044.555,106.3844,0,14.90007,1,1,2131.189,2130.872,585.9907,308.2091,894.1998,2,78.33423,0,15.86558,800,0,17.82625,200,0.1,0.1287636,0.3172331,0,250,0.3172331,1544.881,12.6452,62.71307,10.22389,0,2.254864,38.3614,27.80785,10.55354,336.3922,0,619.8684,0,0,-5.551115e-17,4.263256e-14
naive,2026-02-02 03:30:00,2702,3.5,20.29883,3084.037,107.5345,0,7.901141,1,1,2158.826,2158.509,996.1247,425.9104,1422.035,3,108.8186,1.239877,11.9766,800,500,0,324.9685,0.1624843,0.1259371,0.3172331,0,250,0.3172331,1162.384,9.55265,62.79042,0,0,0,38.85887,20.92292,17.93595,446.8333,0,823.0274,0,1.136868e-13,1.24345e-13,4.263256e-14
naive,2026-02-02 03:45:00,2703,3.75,19.95586,3092.358,142.4758,0,4.224213,1,1,2164.651,2164.334,523.8582,290.1365,813.9947,2,0,0,13.99471,800,0,113.8325,296.4592,0.1482296,0.2046279,0.3172331,0,250,0.3172331,1640.475,11.19577,63.15114,29.32372,0,0,38.96372,29.52856,9.435157,319.6651,0,618.8686,0,0,6.306067e-14,4.263256e-14
naive,2026-02-02 04:00:00,2704,4,19.76915,3044.725,174.0833,0,0.2450439,1,1,2131.308,2130.99,524.4248,290.3864,814.8112,2,0,0,14.81117,800,0,126.5659,264.7711,0.1323855,0.186676,0.3172331,0,250,0.3172331,1606.566,11.84893,63.34751,51.86793,0,0,38.36354,28.91818,9.445357,319.3045,0,656.8153,0,5.684342e-14,-6.658563e-14,4.263256e-14
naive,2026-02-02 04:15:00,2705,4.25,19.89457,3079.024,171.8911,0,3.422603,1,1,2155.317,2155,529.0986,292.4468,821.5454,2,0,0,21.54543,800,0,147.6746,227.8108,0.1139054,0.1667225,0.3172331,0,250,0.3172331,1625.901,17.23634,63.2156,29.50056,0,0,38.79571,29.26622,9.529485,321.713,0,623.197,0,-5.684342e-14,-1.074141e-14,4.263256e-14
naive,2026-02-02 04:30:00,2706,4.5,19.59217,3084.033,203.2886,0,0.982651,1,1,2158.823,2158.506,585.1967,308.8524,894.049,2,69.98396,4.384101,19.68098,800,0,111.0996,200,0.1,0.1434491,0.3172331,0,250,0.3172331,1573.309,15.74479,63.53364,22.20499,0,0,38.85881,28.31956,10.53925,337.1719,0,641.1721,0,-5.684342e-14,-5.245804e-15,4.263256e-14
naive,2026-02-02 04:45:00,2707,4.75,19.60527,3060.816,264.7284,0,9.418067,1,1,2142.571,2142.254,1084.264,451.8356,1536.099,4,217.5179,0.9438104,17.63741,800,500,0,324.9685,0.1624843,0.1259371,0.3172331,0,250,0.3172331,1057.991,14.10992,63.51987,47.21055,0,0,38.56629,19.04383,19.52245,470.8794,0,951.7371,0,-5.684342e-14,1.24345e-13,4.263256e-14
naive,2026-02-02 05:00:00,2708,5,19.61736,3050.3,316.2676,0.7379558,4.843709,1,1,2135.21,2134.892,526.0294,291.0937,817.1231,2,0,0,17.12314,800,0,271.6362,257.0083,0.1285042,0.2046279,0.3172331,0,250,0.3172331,1608.863,13.69851,63.50715,45.90259,0,0,38.43377,28.95954,9.474239,320.0533,0,647.843,0,0,4.884981e-14,4.263256e-14
naive,2026-02-02 05:15:00,2709,5.25,19.70093,3085.956,364.5511,0,11.49358,1,1,2160.169,2159.852,618.5396,317.9039,936.4435,2,117.4593,1.968714,17.01555,800,0,227.8714,200,0.1,0.1618344,0.3172331,0,250,0.3172331,1541.312,13.61244,63.41926,19.22045,0,0,38.88304,27.74362,11.13942,345.6476,0,653.1037,0,1.136868e-13,-3.025358e-15,4.263256e-14
naive,2026-02-02 05:30:00,2710,5.5,19.49987,3072.25,446.3193,0,8.395082,1,1,2150.575,2150.258,1244.803,497.9419,1742.745,4,424.8789,0.06797073,17.79829,800,500,0,324.9685,0.1624843,0.1259371,0.3172331,0,250,0.3172331,905.4548,14.23863,63.63072,21.44048,0,0,38.71035,16.29819,22.41217,514.2401,0,993.8804,0,1.705303e-13,1.24345e-13,4.263256e-14
naive,2026-02-02 05:45:00,2711,5.75,19.55494,3074.948,525.4246,5.120244,12.78883,1,1,2152.464,2152.146,526.4271,291.2691,817.6962,2,0,0,17.69616,800,0,494.3025,201.3417,0.1006709,0.2046279,0.3172331,0,250,0.3172331,1625.719,14.15693,63.5728,31.45138,4.790932,0,38.74434,29.26295,9.481398,320.532,0,632.0626,0,-5.684342e-14,-7.993606e-15,4.263256e-14
naive,2026-02-02 06:00:00,2712,6,19.39628,3064.907,579.5119,5.568035,9.525501,1,1,2145.435,2145.118,966.1893,418.3099,1384.499,3,561.7727,0.5107575,22.21576,800,0,5.240105,200,0.1,0.1267819,0.3172331,0,250,0.3172331,1178.929,17.77261,63.73967,12.49906,5.057277,0,38.61783,21.22072,17.39712,439.5306,0,837.6388,0,0,1.110223e-16,4.263256e-14
naive,2026-02-02 06:15:00,2713,6.25,19.61429,3090.76,665.2081,8.953207,5.381445,1,1,2163.532,2163.215,1426.078,550.399,1976.477,4,655.6964,1.569283,19.21144,800,500,0,324.9685,0.1624843,0.1259371,0.3172331,0,250,0.3172331,737.1368,15.36915,63.51038,9.511634,7.383924,0,38.94358,13.26846,25.67512,563.6674,0,1085.031,0,0,1.24345e-13,4.263256e-14
naive,2026-02-02 06:30:00,2714,6.5,19.55435,3079.456,728.7686,0,6.955141,1,1,2155.619,2155.302,689.8871,338.5956,1028.483,3,207.9257,4.264799,16.29217,800,0,499.6694,200,0.1,0.2046279,0.3172331,0,250,0.3172331,1465.415,13.03373,63.57343,21.17344,0,0,38.80115,26.37747,12.42368,364.9731,0,694.9502,0,1.136868e-13,-7.993606e-15,4.263256e-14
naive,2026-02-02 06:45:00,2715,6.75,19.67449,3109.169,776.8286,0,1.879866,1,1,2176.419,2176.101,1453.433,546.5668,2000,4,746.2092,2.053421,20.99154,730.7458,500,0,324.9685,0.1624843,0.1259371,0.3172331,0,250,0.3172331,722.6681,16.79323,57.9546,30.61943,0,0,39.17553,13.00803,26.16751,559.5748,0,1106.769,0,-2.273737e-13,1.24345e-13,4.263256e-14
naive,2026-02-02 07:00:00,2716,7,19.65239,3114.242,812.9805,8.970146,3.275495,1,1,2179.969,2179.652,742.5572,353.8925,1096.45,3,274.5259,0.520759,21.40301,800,0,499.6694,200,0.1,0.2046279,0.3172331,0,250,0.3172331,1437.095,17.12241,63.47031,38.78519,8.449387,0,39.23945,25.86771,13.37174,379.7602,0,769.5959,0,0,-7.993606e-15,4.263256e-14
naive,2026-02-02 07:15:00,2717,7.25,19.76924,3179.317,815.2947,7.694956,12.24322,1,1,2225.522,2225.205,1455.668,544.3324,2000,4,762.0675,1.502641,23.6982,712.7317,500,0,324.9685,0.1624843,0.1259371,0.3172331,0,250,0.3172331,769.5373,18.95856,56.43714,53.2272,6.192315,0,40.0594,13.85167,26.20773,558.1841,0,1155.375,0,1.136868e-13,1.24345e-13,4.263256e-14
naive,2026-02-02 07:30:00,2718,7.5,19.67857,3173.15,784.0181,12.2373,21.61379,1,1,2221.205,2220.887,709.2314,345.2827,1054.514,3,223.4004,3.858685,27.25499,800,0,499.6694,200,0.1,0.2046279,0.3172331,0,250,0.3172331,1511.656,21.80399,63.44277,60.94835,8.378618,0,39.98168,27.20981,12.77187,372.4925,0,793.2009,0,5.684342e-14,-7.993606e-15,4.263256e-14
naive,2026-02-02 07:45:00,2719,7.75,19.84352,3185.164,730.3582,7.054491,17.54236,1,1,2229.615,2229.297,1426.685,551.1003,1977.785,4,652.0497,0.2442844,25.49149,800,500,0,324.9685,0.1624843,0.1259371,0.3172331,0,250,0.3172331,802.6123,20.39319,63.26929,78.30846,6.810207,0,40.13306,14.44702,25.68604,565.5474,0,1206.746,0,0,1.24345e-13,4.263256e-14
naive,2026-02-02 08:00:00,2720,8,20.06228,3219.876,623.198,376.5487,16.73412,1,1,2253.913,2253.596,679.1073,349.4549,1028.562,3,76.69061,123.5544,28.31726,800,0,499.6694,200,0.1,0.2046279,0.3172331,0,250,0.3172331,1574.488,22.6397,63.03921,46.83794,252.9944,0,40.57043,28.34079,12.22964,377.7957,0,1201.883,0,-5.684342e-14,-7.993606e-15,4.263256e-14
naive,2026-02-02 08:15:00,2721,8.25,20.21068,3248.868,517.1846,382.0721,17.88896,1,1,2274.208,2273.89,1395.445,556.4771,1951.922,4,491.0783,128.4992,32.34451,800,500,0,324.9685,0.1624843,0.1259371,0.3172331,0,250,0.3172331,878.4454,25.82109,62.88313,26.10622,253.5729,0,40.93574,15.81202,25.12372,572.2891,0,1556.281,0,2.273737e-13,1.24345e-13,4.263256e-14
naive,2026-02-02 08:30:00,2722,8.5,20.58471,3216.977,438.2554,389.9369,16.34019,1,1,2251.884,2251.567,564.4561,308.0341,872.4902,2,0,35.75165,36.73859,800,0,499.6694,200,0.1,0.2046279,0.3172331,0,250,0.3172331,1687.111,29.21902,62.48974,26.12709,266.6441,0,40.53391,30.36799,10.16592,338.4021,0,1111.534,0,-1.136868e-13,-7.993606e-15,4.263256e-14
naive,2026-02-02 08:45:00,2723,8.75,20.80172,3237.218,358.7343,389.4063,27.28086,1,1,2266.053,2265.735,1290.48,527.0091,1817.489,4,349.8061,124.5749,43.10836,800,500,0,324.9685,0.1624843,0.1259371,0.3172331,0,250,0.3172331,975.255,34.2102,62.26151,8.92813,264.8313,0,40.78895,17.55459,23.23436,544.5637,0,1491.318,0,0,1.24345e-13,4.263256e-14
naive,2026-02-02 09:00:00,2724,9,21.08278,3262.688,296.2901,396.4997,35.06438,1,1,2283.882,2283.565,548.5859,301.0377,849.6236,2,0,0,49.62358,800,0,420.9659,219.6759,0.1098379,0.2046279,0.3172331,0,250,0.3172331,1734.979,39.26901,61.9659,4.252352,267.5715,0,41.10987,31.22962,9.880255,332.2673,0,1063.719,0,-5.684342e-14,-7.993606e-15,4.263256e-14
naive,2026-02-02 09:15:00,2725,9.25,21.33458,3293.789,231.4477,391.9218,35.58172,1,1,2305.652,2305.335,768.9727,378.1173,1147.09,3,168.7784,127.6935,50.61811,800,0,78.56517,200,0.1,0.1383267,0.3172331,0,250,0.3172331,1536.362,39.95406,61.70108,0,264.2283,0,41.50174,27.65452,13.84722,405.7719,0,1197.924,0,0,-4.524159e-15,4.263256e-14
naive,2026-02-02 09:30:00,2726,9.5,21.77436,3301.594,196.5332,387.7765,43.92233,1,1,2311.116,2310.799,1195.926,501.6712,1697.597,4,212.3956,128.0926,57.10901,800,500,0,324.9685,0.1624843,0.1259371,0.3172331,0,250,0.3172331,1114.873,44.87656,61.23854,0,259.6839,0,41.60009,20.06771,21.53238,521.7389,0,1422.539,0,1.136868e-13,1.24345e-13,4.263256e-14
naive,2026-02-02 09:45:00,2727,9.75,21.88401,3352.406,184.5904,387.4703,40.48424,1,1,2346.684,2346.367,557.9058,305.1464,863.0522,2,0,0,63.05216,800,0,300.8509,249.7046,0.1248523,0.2046279,0.3172331,0,250,0.3172331,1788.461,49.4914,61.12321,15.3374,255.8724,0,42.24031,32.1923,10.04801,337.3387,0,1073.751,0,0,-7.993606e-15,4.263256e-14
naive,2026-02-02 10:00:00,2728,10,22.05275,3394.006,151.7152,394.1183,53.57486,1,1,2375.804,2375.487,611.2823,328.6774,939.9596,2,0,69.10614,70.85349,800,0,198.6613,200,0.1,0.1572354,0.3172331,0,250,0.3172331,1764.205,55.51924,60.94574,17.34304,260.723,0,42.76448,31.75569,11.00879,360.4331,0,1131.966,0,-5.684342e-14,-9.270362e-15,4.263256e-14
naive,2026-02-02 10:15:00,2729,10.25,22.2347,3387.818,129.5571,397.5341,60.23841,1,1,2371.473,2371.156,1141.273,488.2779,1629.551,4,122.4441,133.2175,73.88886,800,500,0,324.9685,0.1624843,0.1259371,0.3172331,0,250,0.3172331,1229.883,57.79013,60.75438,7.113014,264.3166,2.448272,42.68651,22.13789,20.54862,510.8376,0,1421.543,0,1.136868e-13,1.24345e-13,4.263256e-14
naive,2026-02-02 10:30:00,2730,10.5,22.53248,3368.761,109.006,396.5398,72.18077,1,1,2358.133,2357.816,571.6698,311.2143,882.884,2,0,0,82.88403,800,0,239.3777,265.0729,0.1325365,0.2046279,0.3172331,0,250,0.3172331,1786.146,64.62801,60.44119,0.0321305,266.136,7.552765,42.44639,32.15062,10.29577,344.6735,0,1080.491,0,0,-3.641532e-14,4.263256e-14
naive,2026-02-02 10:45:00,2731,10.75,22.78611,3381.504,73.43425,401.2169,81.75865,1,1,2367.053,2366.736,580.1785,314.9653,895.1439,2,0,0,95.14389,800,0,236.6996,205.8563,0.1029281,0.1669125,0.3172331,0,250,0.3172331,1786.557,73.99446,60.17443,0,263.484,7.764191,42.60696,32.15803,10.44892,348.4752,0,1083.764,0,-5.684342e-14,-5.190293e-15,4.263256e-14
naive,2026-02-02 11:00:00,2732,11,23.11806,3410.646,75.33123,406.9708,82.05457,1,1,2387.452,2387.135,737.6653,376.7481,1114.413,3,64.26726,140.5873,109.5589,800,0,23.29556,200,0.1,0.1296247,0.3172331,0,250,0.3172331,1649.47,84.91423,59.82531,0,266.3835,0,42.97414,29.69046,13.28369,406.4385,0,1205.085,0,0,-1.554312e-15,4.263256e-14
naive,2026-02-02 11:15:00,2733,11.25,23.37944,3449.55,77.12271,415.0172,90.92324,1,1,2414.685,2414.368,1154.863,497.9322,1652.795,4,91.65218,143.1122,118.0311,800,500,0,324.9685,0.1624843,0.1259371,0.3172331,0,250,0.3172331,1259.505,91.23382,59.5504,0,271.905,0,43.46433,22.67108,20.79325,520.6033,0,1443.248,0,5.684342e-14,1.24345e-13,4.263256e-14
naive,2026-02-02 11:30:00,2734,11.5,23.53435,3428.018,85.40184,417.8218,99.21174,1,1,2399.613,2399.296,600.6841,324.0052,924.6893,2,0,0,124.6893,800,0,252.1832,261.8716,0.1309358,0.2046279,0.3172331,0,250,0.3172331,1798.611,96.22588,59.38748,0,278.6749,2.985862,43.19303,32.37501,10.81802,356.9076,0,1127.718,0,-1.136868e-13,-6.483702e-14,4.263256e-14
naive,2026-02-02 11:45:00,2735,11.75,23.75036,3425.397,77.89795,411.3699,111.4124,1,1,2397.778,2397.461,610.1768,328.19,938.3668,2,0,0,138.3668,800,0,223.9939,205.8319,0.1029159,0.1648967,0.3172331,0,250,0.3172331,1787.284,106.5421,59.16029,0,275.2615,4.870312,43.16,32.17111,10.98889,361.2251,0,1130.721,0,-5.684342e-14,5.631606e-14,4.263256e-14
naive,2026-02-02 12:00:00,2736,12,24.03173,3393.239,102.3265,412.1599,113.895,1,1,2375.267,2374.95,766.6819,388.5282,1155.21,3,72.77235,135.895,146.5428,800,0,23.19785,200,0.1,0.1296093,0.3172331,0,250,0.3172331,1608.268,112.5077,58.86436,6.356357,276.265,1.387375,42.75481,28.94883,13.80598,417.7245,0,1256.748,0,0,-1.387779e-15,4.263256e-14
naive,2026-02-02 12:15:00,2737,12.25,23.95091,3393.204,114.6759,420.7261,118.1735,1,1,2375.243,2374.926,1181.519,509.0509,1690.57,4,96.96952,141.1111,152.4893,800,500,0,324.9685,0.1624843,0.1259371,0.3172331,0,250,0.3172331,1193.407,117.1717,58.94936,17.70633,279.6149,1.001767,42.75437,21.48132,21.27305,530.7106,0,1507.982,0,0,1.24345e-13,4.263256e-14
naive,2026-02-02 12:30:00,2738,12.5,24.35751,3445.643,135.4653,426.9665,125.4588,1,1,2411.95,2411.633,627.6141,335.8773,963.4914,2,0,0,163.4914,800,0,235.2846,266.0962,0.1330481,0.2046279,0.3172331,0,250,0.3172331,1784.019,125.0938,58.52172,34.78858,292.3585,0.3649938,43.4151,32.11233,11.30276,368.0551,0,1234.602,0,5.684342e-14,-7.993606e-15,4.263256e-14
naive,2026-02-02 12:45:00,2739,12.75,24.49928,3512.957,85.13947,419.9415,139.1676,1,1,2459.07,2458.753,641.5703,342.0298,983.6001,2,0,0,183.6001,800,0,229.3484,208.7172,0.1043586,0.1675569,0.3172331,0,250,0.3172331,1817.183,140.2716,58.37261,0,285.2279,0,44.26326,32.70929,11.55398,374.7391,0,1175.827,0,5.684342e-14,1.926237e-14,4.263256e-14
naive,2026-02-02 13:00:00,2740,13,24.6656,3534.029,79.98821,420.1538,146.872,1,1,2473.821,2473.503,795.4443,402.1696,1197.614,3,64.68989,134.4904,198.4337,800,0,34.73743,200,0.1,0.1314262,0.3172331,0,250,0.3172331,1678.059,151.3404,58.19769,0,285.6634,0,44.52877,30.20506,14.32371,432.3747,0,1292.046,0,-5.684342e-14,-1.720846e-15,4.263256e-14
naive,2026-02-02 13:15:00,2741,13.25,24.90856,3529.465,94.16405,416.4663,165.6641,1,1,2470.626,2470.308,1217.198,525.6312,1742.829,4,89.81187,136.746,216.2712,800,500,0,324.9685,0.1624843,0.1259371,0.3172331,0,250,0.3172331,1253.111,164.5243,57.94216,4.352182,279.7204,1.139756,44.47126,22.55599,21.91527,548.3941,0,1521.628,0,0,1.24345e-13,4.263256e-14
naive,2026-02-02 13:30:00,2742,13.5,25.07714,3522.326,101.1294,413.7691,171.0533,1,1,2465.628,2465.311,668.3932,353.8547,1022.248,3,0,0,222.2479,800,0,219.5227,270.0367,0.1350183,0.2046279,0.3172331,0,250,0.3172331,1796.918,168.7713,57.76485,15.81106,279.5648,2.28206,448.9888,327.2172,121.7716,681.4874,0,1807.513,0,-5.684342e-14,4.884981e-14,4.263256e-14
naive,2026-02-02 13:45:00,2743,13.75,25.08005,3570.529,105.5677,412.8213,168.1115,1,1,2499.371,2499.053,677.1047,357.6951,1034.8,3,0,0,234.7998,800,0,216.2804,215.9241,0.107962,0.1700381,0.3172331,0,250,0.3172331,1821.949,178.2975,57.7618,24.34268,277.766,0,455.1597,331.7946,123.3651,689.4897,0,1835.135,0,5.684342e-14,1.94289e-16,4.263256e-14
naive,2026-02-02 14:00:00,2744,14,25.23958,3589.892,103.1462,415.2394,180.2396,1,1,2512.924,2512.607,806.2357,410.1983,1216.434,3,37.19007,133.7358,245.5082,800,0,63.56042,200,0.1,0.1359642,0.3172331,0,250,0.3172331,1706.371,186.1157,57.59401,2.3957,281.5036,0,459.0951,311.7431,147.352,721.9414,0,1868.816,0,5.684342e-14,-3.025358e-15,4.263256e-14
naive,2026-02-02 14:15:00,2745,14.25,25.60431,3579.428,117.2579,415.1137,188.2687,1,1,2505.6,2505.283,1257.438,541.3319,1798.77,4,106.9555,133.8002,258.0144,800,500,0,324.9685,0.1624843,0.1259371,0.3172331,0,250,0.3172331,1247.844,194.8436,57.21041,10.30241,281.3135,0,461.137,229.6565,231.4806,770.9883,0,1980.652,0,0,1.24345e-13,4.263256e-14
naive,2026-02-02 14:30:00,2746,14.5,25.91181,3550.941,108.3738,411.0577,194.6844,1,1,2485.659,2485.342,700.4924,368.0056,1068.498,3,0,0,268.498,800,0,246.516,263.2884,0.1316442,0.2046279,0.3172331,0,250,0.3172331,1784.849,202.0999,56.887,0,274.3732,0,460.3326,330.5459,129.7867,698.5515,0,1806.399,0,5.684342e-14,-7.993606e-15,4.263256e-14
naive,2026-02-02 14:45:00,2747,14.75,26.23189,3520.228,105.671,404.7886,201.5538,1,1,2464.16,2463.843,701.1544,368.2974,1069.452,3,0,0,269.4519,800,0,251.8163,200.2928,0.1001464,0.1657888,0.3172331,0,250,0.3172331,1762.688,202.1279,56.55035,0,268.5635,0,459.3464,328.5844,130.762,696.8818,0,1793.416,0,-5.684342e-14,4.909961e-14,4.263256e-14
naive,2026-02-02 15:00:00,2748,15,26.30216,3511.913,143.7039,401.4124,207.9921,1,1,2458.339,2458.022,890.831,438.6771,1329.508,3,111.2911,139.5648,278.6522,800,0,1.045146,200,0.1,0.1261215,0.3172331,0,250,0.3172331,1567.191,208.8729,56.47644,31.36758,261.8476,0,458.9226,292.5631,166.3595,731.2402,0,1904.741,0,-2.273737e-13,0,4.263256e-14
naive,2026-02-02 15:15:00,2749,15.25,26.40637,3546.992,133.9847,414.9993,207.5673,1,1,2482.895,2482.577,1268.847,546.9053,1815.752,4,102.3837,135.0428,278.3258,800,500,0,324.9685,0.1624843,0.1259371,0.3172331,0,250,0.3172331,1213.73,208.3962,56.36685,31.60095,279.9565,0,464.5006,227.065,237.4356,773.9703,0,2021.964,0,0,1.24345e-13,4.263256e-14
naive,2026-02-02 15:30:00,2750,15.5,26.66681,3522.022,149.1047,411.5584,204.5743,1,1,2465.416,2465.098,711.5967,372.9009,1084.498,3,0,0,284.4976,800,0,255.7064,260.9908,0.1304954,0.2046279,0.3172331,0,250,0.3172331,1753.502,212.4245,56.09292,27.45785,277.4989,0,463.7159,329.8132,133.9027,702.7141,0,1868.374,0,-5.684342e-14,4.884981e-14,4.263256e-14
naive,2026-02-02 15:45:00,2751,15.75,26.96971,3495.948,153.954,417.576,210.0128,1,1,2447.163,2446.846,723.2727,378.0483,1101.321,3,0,17.66126,283.6597,800,0,243.7987,200,0.1,0.1643421,0.3172331,0,250,0.3172331,1723.574,211.1115,55.77435,24.96517,285.1049,0,463.1857,326.2285,136.9571,704.2768,0,1880.678,0,5.684342e-14,8.326673e-15,4.263256e-14
naive,2026-02-02 16:00:00,2752,16,27.0643,3486.838,173.9846,417.1637,213.4801,1,1,2440.786,2440.469,1299.324,555.8598,1855.184,4,140.0531,135.0719,280.0587,800,500,0,324.9685,0.1624843,0.1259371,0.3172331,0,250,0.3172331,1141.145,208.2196,55.67487,33.93154,282.0918,5.260471,462.8903,216.4159,246.4743,773.2734,0,2029.053,0,0,1.24345e-13,4.263256e-14
naive,2026-02-02 16:15:00,2753,16.25,27.01297,3462.767,187.3065,411.9528,189.8429,1,1,2423.937,2423.62,703.3913,369.2836,1072.675,3,0,0,272.6749,800,0,283.2099,254.1149,0.1270574,0.2046279,0.3172331,0,250,0.3172331,1720.228,202.8418,55.72885,34.82824,281.2211,0,459.2031,325.8889,133.3142,695.1725,0,1872.835,0,0,-7.993606e-15,4.263256e-14
naive,2026-02-02 16:30:00,2754,16.5,26.82214,3469.442,222.1243,403.8957,187.2466,1,1,2428.609,2428.292,759.1725,393.8747,1153.047,3,0,90.02237,263.0249,800,0,216.2996,200,0.1,0.1600124,0.3172331,0,250,0.3172331,1669.119,196.0647,55.92956,43.44734,276.2507,0,458.2658,314.9541,143.3117,708.8287,0,1906.216,0,0,-7.494005e-15,4.263256e-14
naive,2026-02-02 16:45:00,2755,16.75,27.06495,3422.661,264.6378,388.8275,183.4146,1,1,2395.863,2395.545,1340.944,565.4804,1906.424,4,213.4185,127.549,265.4565,800,500,0,324.9685,0.1624843,0.1259371,0.3172331,0,250,0.3172331,1054.602,197.3617,55.67418,51.21924,261.2784,0,454.3767,200.0058,254.3709,765.4862,0,2007.397,0,0,1.24345e-13,4.263256e-14
naive,2026-02-02 17:00:00,2756,17,26.90063,3408.53,293.2675,386.5908,175.5932,1,1,2385.971,2385.654,687.1788,362.1363,1049.315,3,0,0,249.3151,800,0,396.0287,225.9102,0.1129551,0.2046279,0.3172331,0,250,0.3172331,1698.475,185.6886,55.84701,25.06079,258.7688,0,450.9549,321.0163,129.9386,683.1526,0,1793.083,0,-1.136868e-13,-6.483702e-14,4.263256e-14
naive,2026-02-02 17:15:00,2757,17.25,26.98372,3373.945,327.4463,392.0471,179.8623,1,1,2361.762,2361.444,944.3118,449.1192,1393.431,3,221.7062,129.4491,242.2756,800,0,103.4985,200,0.1,0.1422523,0.3172331,0,250,0.3172331,1417.133,180.2846,55.75962,2.241553,262.598,0,447.1516,268.3053,178.8463,717.4245,0,1828.968,0,-1.705303e-13,1.720846e-15,4.263256e-14
naive,2026-02-02 17:30:00,2758,17.5,27.11243,3380.053,370.6204,378.2486,179.3054,1,1,2366.037,2365.72,1421.13,578.8703,2000,4,376.304,127.1208,231.4889,765.0863,500,0,324.9685,0.1624843,0.1259371,0.3172331,0,250,0.3172331,944.5904,172.0195,53.19669,0,251.1278,7.285879,449.1652,179.3197,269.8455,759.5732,0,1892.496,0,2.273737e-13,1.24345e-13,4.263256e-14
naive,2026-02-02 17:45:00,2759,17.75,27.53892,3364.067,417.9152,371.8815,184.5719,1,1,2354.847,2354.53,715.4325,374.5919,1090.024,3,0,67.2885,222.7359,800,0,499.6694,200,0.1,0.2046279,0.3172331,0,250,0.3172331,1639.098,164.7552,55.17569,0,244.2954,19.81671,451.0581,313.9601,137.0979,692.3478,0,1744.033,0,1.705303e-13,-7.993606e-15,4.263256e-14
naive,2026-02-02 18:00:00,2760,18,27.53733,3325.123,504.9151,5.501363,178.5711,1,1,2327.586,2327.269,1430.925,569.0746,2000,4,503.8757,6.328286,210.3613,779.4347,500,0,324.9685,0.1624843,0.1259371,0.3172331,0,250,0.3172331,896.3436,155.6045,53.75894,1.039383,0,22.96661,445.8214,171.6839,274.1375,745.1575,0,1431.629,0,2.273737e-13,1.24345e-13,4.263256e-14
naive,2026-02-02 18:15:00,2761,18.25,27.48046,3295.345,588.1692,3.653483,154.8377,1,1,2306.742,2306.424,701.7321,361.1811,1062.913,3,61.96254,2.792947,198.1577,800,0,499.6694,200,0.1,0.2046279,0.3172331,0,250,0.3172331,1604.692,146.6677,55.23718,26.53726,0.8605359,8.169992,441.3001,306.9918,134.3082,669.7359,0,1324.591,0,1.136868e-13,-7.993606e-15,4.263256e-14
naive,2026-02-02 18:30:00,2762,18.5,27.48593,3279.666,608.8883,7.860768,138.6798,1,1,2295.766,2295.449,1444.716,555.2838,2000,4,618.3074,2.554297,184.2775,694.8608,500,0,324.9685,0.1624843,0.1259371,0.3172331,0,250,0.3172331,850.733,136.3861,47.97269,0,5.306471,2.293738,439.2511,162.7715,276.4796,718.4941,0,1392.173,0,0,1.24345e-13,4.263256e-14
naive,2026-02-02 18:45:00,2763,18.75,27.48315,3300.45,647.1097,4.830104,131.7395,1,1,2310.315,2309.998,762.2665,375.2959,1137.562,3,167.6437,0.2489392,169.6698,800,0,499.6694,200,0.1,0.2046279,0.3172331,0,250,0.3172331,1547.731,125.5785,55.23434,0,4.581165,6.160959,442.0087,296.1114,145.8973,672.5861,0,1290.936,0,0,-7.993606e-15,4.263256e-14
naive,2026-02-02 19:00:00,2764,19,27.57624,3291.253,690.6281,4.952541,127.7446,1,0,2303.877,2303.56,1452.718,547.2821,2000,4,685.9821,3.006709,163.1632,647.848,500,0,324.9685,0.1624843,0.1259371,0.3172331,0,250,0.3172331,850.8417,120.6412,44.65004,4.645942,1.945831,7.103392,441.6422,163.1023,278.5399,711.7461,0,1384.632,0,2.273737e-13,1.24345e-13,4.263256e-14
naive,2026-02-02 19:15:00,2765,19.25,27.5662,3274.415,729.2546,2.010046,119.3638,1,0,2292.091,2291.773,768.4674,374.7556,1143.223,3,195.1654,1.99598,146.0617,800,0,499.6694,200,0.1,0.2046279,0.3172331,0,250,0.3172331,1523.306,108.0083,55.147,34.41975,0.01406555,11.35553,439.2899,291.9487,147.3412,668.8807,0,1335.119,0,-1.136868e-13,-7.993606e-15,4.263256e-14
naive,2026-02-02 19:30:00,2766,19.5,27.34818,3226.086,718.1953,0,112.1592,1,0,2258.26,2257.943,1456.108,543.8922,2000,4,721.7618,7.453764,131.4247,639.3598,500,0,324.9685,0.1624843,0.1259371,0.3172331,0,250,0.3172331,801.8352,97.4139,44.25672,0,0,14.74526,430.8259,152.9724,277.8536,699.6776,0,1349.566,0,0,1.24345e-13,4.263256e-14
naive,2026-02-02 19:45:00,2767,19.75,26.9397,3171.579,705.6172,0,112.4848,0,0,2220.106,2219.788,763.3987,370.3762,1133.775,3,213.1956,3.45362,117.1257,800,0,499.6694,200,0.1,0.2046279,0.3172331,0,250,0.3172331,1456.39,87.19802,55.80591,0,0,25.28674,419.947,275.4853,144.4617,0,650.6447,3515.764,0,-1.136868e-13,-7.993606e-15,4.263256e-14
naive,2026-02-02 20:00:00,2768,20,26.84398,3124.259,688.3162,2.209644,104.9548,0,0,2186.981,2186.664,1448.723,551.2773,2000,4,680.9165,2.349763,99.2332,717.5005,500,0,324.9685,0.1624843,0.1259371,0.3172331,0,250,0.3172331,737.9415,73.95336,50.14126,7.399719,0,31.00144,412.8591,139.3088,273.5503,0,696.4386,3786.768,0,0,1.24345e-13,4.263256e-14
naive,2026-02-02 20:15:00,2769,20.25,26.60613,3106.828,665.5074,1.027632,95.15299,0,0,2174.779,2174.462,697.4423,348.8042,1046.246,3,150.1083,2.696616,93.44158,800,0,499.6694,200,0.1,0.2046279,0.3172331,0,250,0.3172331,1477.02,69.81496,56.15674,15.72973,0,25.33803,408.5378,277.4619,131.0759,0,631.0259,3434.6,0,-5.684342e-14,-7.993606e-15,4.263256e-14
naive,2026-02-02 20:30:00,2770,20.5,26.63705,3115.269,602.183,0,80.17431,0,0,2180.688,2180.371,1438.302,561.4909,1999.793,4,607.7539,4.929044,87.10976,800,500,0,324.9685,0.1624843,0.1259371,0.3172331,0,250,0.3172331,742.0692,65.06259,56.12423,0,0,15.11172,409.9096,139.4887,270.4209,0,703.8201,3807.871,0,0,1.24345e-13,4.263256e-14
naive,2026-02-02 20:45:00,2771,20.75,26.29114,3111.219,562.3832,0,78.86183,0,0,2177.853,2177.536,621.9411,326.4165,948.3576,2,58.50589,1.733786,88.11788,800,0,499.6694,200,0.1,0.2046279,0.3172331,0,250,0.3172331,1555.595,66.05941,56.48803,4.207903,0,12.80242,406.4696,290.3327,116.1369,0,619.1386,3348.972,0,-1.136868e-13,-7.993606e-15,4.263256e-14
naive,2026-02-02 21:00:00,2772,21,26.14042,3132.718,486.6319,3.514317,64.33368,0,0,2192.903,2192.585,1339.165,532.1947,1871.359,4,486.6349,5.257704,79.46687,800,500,0,324.9685,0.1624843,0.1259371,0.3172331,0,250,0.3172331,853.4206,59.66982,56.64656,0,0,4.663861,408.0158,158.7891,249.2266,0,691.8515,3741.456,0,0,1.24345e-13,4.263256e-14
naive,2026-02-02 21:15:00,2773,21.25,25.85578,3093.441,440.0481,0.9645358,63.66761,0,0,2165.409,2165.091,562.2026,307.0407,869.2432,2,0,0,69.24324,800,0,424.1828,218.8717,0.1094358,0.2046279,0.3172331,0,250,0.3172331,1602.889,52.1508,56.94592,24.79579,0,11.5168,400.5666,296.5093,104.0573,0,605.6803,3309.95,0,0,-6.483702e-14,4.263256e-14
naive,2026-02-02 21:30:00,2774,21.5,25.54483,3082.105,369.2634,0,45.37876,0,0,2157.473,2157.156,787.2064,371.1026,1158.309,3,295.3182,7.677966,55.31287,800,0,75.34881,200,0.1,0.1378203,0.3172331,0,250,0.3172331,1369.95,41.79669,57.27296,0,0,3.582068,396.5893,251.8258,144.7636,0,623.5869,3365.296,0,1.136868e-13,-3.913536e-15,4.263256e-14
naive,2026-02-02 21:45:00,2775,21.75,25.56834,3070.375,310.6268,0,34.58059,0,0,2149.263,2148.946,1188.994,486.6035,1675.598,4,313.3701,9.725802,52.50191,800,500,0,324.9685,0.1624843,0.1259371,0.3172331,0,250,0.3172331,959.9513,39.66274,57.24824,0,0,0,395.268,176.5433,218.7246,0,663.1468,3582.903,0,0,1.24345e-13,4.263256e-14
naive,2026-02-02 22:00:00,2776,22,25.38173,3041.69,275.4455,0,34.11221,0,0,2129.183,2128.866,547.1559,300.4074,847.5633,2,0,0,47.56328,800,0,270.1004,257.3923,0.1286961,0.2046279,0.3172331,0,250,0.3172331,1581.71,36.00284,57.4445,13.95702,0,0,390.1025,289.7961,100.3064,0,590.2034,3205.57,0,0,-7.993606e-15,4.263256e-14
naive,2026-02-02 22:15:00,2777,22.25,25.14228,2988.501,238.2432,0,37.12225,0,0,2091.95,2091.633,544.9018,299.4136,844.3154,2,0,0,44.31538,800,0,210.2738,204.7833,0.1023916,0.1620761,0.3172331,0,250,0.3172331,1546.731,33.62925,57.69634,28.88285,0,3.49301,381.4401,282.0264,99.41363,0,582.077,3186.338,0,-5.684342e-14,-3.094747e-14,4.263256e-14
naive,2026-02-02 22:30:00,2778,22.5,25.02174,2978.251,211.8256,0.1417163,29.62718,0,0,2084.776,2084.458,674.8819,335.8118,1010.694,3,175.7199,0.2832632,34.69053,800,0,19.0042,200,0.1,0.128949,0.3172331,0,250,0.3172331,1409.577,26.35877,57.82313,17.10147,0,3.26841,379.215,256.3981,122.8169,0,592.8044,3224.873,0,5.684342e-14,2.498002e-16,4.263256e-14
naive,2026-02-02 22:45:00,2779,22.75,24.69168,3011.741,177.401,1.38952,24.13518,0,0,2108.219,2107.902,1061.97,446.6986,1508.669,4,178.085,0.7551949,29.82884,800,500,0,324.9685,0.1624843,0.1259371,0.3172331,0,250,0.3172331,1045.931,22.74349,58.17026,0,0.6343252,1.391695,37.94794,18.82676,19.12118,0,465.7768,2497.425,0,1.705303e-13,1.24345e-13,4.263256e-14
naive,2026-02-02 23:00:00,2780,23,24.41622,2972.229,149.8184,0,24.93095,0,1,2080.56,2080.243,536.0019,295.4901,831.492,2,0,0,31.49201,800,0,163.943,283.9316,0.1419658,0.2046279,0.3172331,0,250,0.3172331,1544.241,24.081,58.45997,0,0,0.8499454,37.45008,27.79633,9.653744,0,323.4392,1713.148,0,0,1.056932e-13,4.263256e-14
naive,2026-02-02 23:15:00,2781,23.25,24.10338,3003.697,150.661,2.224388,18.43233,0,1,2102.588,2102.271,535.4683,295.2549,830.7231,2,0,0,30.72312,800,0,124.8946,252.6633,0.1263316,0.1787876,0.3172331,0,250,0.3172331,1566.802,23.56995,58.78901,26.37446,1.616326,0,37.84658,28.20244,9.644139,0,323.4573,1761.162,0,0,-9.048318e-15,4.263256e-14
naive,2026-02-02 23:30:00,2782,23.5,24.14184,3028.927,160.1064,1.208752,18.67914,0,1,2120.249,2119.932,532.2499,293.836,826.086,2,0,0,26.08595,800,0,108.5758,225.4795,0.1127398,0.1590983,0.3172331,0,250,0.3172331,1587.682,20.00441,58.74855,53.46146,0,0,38.16448,28.57827,9.586209,0,322.4143,1799.408,0,0,6.439294e-15,4.263256e-14
naive,2026-02-02 23:45:00,2783,23.75,23.955,3023.177,146.1432,7.280691,11.47303,1,1,2116.224,2115.907,531.529,293.5182,825.0472,2,0,0,25.0472,800,0,88.25189,203.3811,0.1016905,0.1419812,0.3172331,0,250,0.3172331,1584.378,19.24526,58.94506,61.32632,3.845707,0,38.09204,28.5188,9.573232,322.037,0,690.1826,0,-5.684342e-14,-6.342149e-14,4.263256e-14
naive,2026-02-03 00:00:00,2784,0,23.80856,3028.797,136.4655,8.134445,18.59198,1,1,2120.158,2119.84,576.8024,307.2871,884.0894,2,52.03375,4.602465,27.45323,800,0,13.39617,200,0.1,0.1280661,0.3172331,0,250,0.3172331,1543.038,21.12612,59.09908,71.03555,3.53198,0,38.16284,27.77469,10.38815,335.0618,0,732.2661,0,0,-1.94289e-16,4.263256e-14
naive,2026-02-03 00:15:00,2785,0.25,23.72814,3022.799,112.9794,0,17.03944,1,1,2115.959,2115.642,973.6638,421.325,1394.989,3,64.12698,5.370442,25.49134,800,500,0,324.9685,0.1624843,0.1259371,0.3172331,0,250,0.3172331,1141.978,19.63279,59.18366,48.85239,0,0,38.08727,20.55561,17.53166,441.8806,0,901.4499,0,-5.684342e-14,1.24345e-13,4.263256e-14
naive,2026-02-03 00:30:00,2786,0.5,23.47392,3021.219,133.7884,0,22.49254,1,1,2114.853,2114.536,528.5166,292.1902,820.7069,2,0,0,20.70686,800,0,71.90538,306.941,0.1534705,0.2046279,0.3172331,0,250,0.3172331,1586.019,15.99002,59.45104,66.67033,0,6.502522,38.06736,28.54835,9.51901,321.8858,0,691.8956,0,-5.684342e-14,-9.325873e-14,4.263256e-14
naive,2026-02-03 00:45:00,2787,0.75,23.2282,3054.801,117.095,0,17.91352,1,1,2138.361,2138.044,529.0454,292.4233,821.4687,2,0,0,21.46874,800,0,93.5277,283.5108,0.1417554,0.1932763,0.3172331,0,250,0.3172331,1608.998,16.62055,59.70947,27.55215,0,1.292971,38.4905,28.96197,9.528527,321.6123,0,623.579,0,-5.684342e-14,1.063316e-13,4.263256e-14
naive,2026-02-03 01:00:00,2788,1,22.78874,3074.232,116.5075,0,17.94574,1,1,2151.962,2151.645,529.2879,292.5303,821.8182,2,0,0,21.81819,800,0,82.06591,262.9497,0.1314748,0.1785226,0.3172331,0,250,0.3172331,1622.357,16.96779,60.17166,37.45188,0,0.9779532,38.73532,29.20242,9.532893,321.903,0,640.7173,0,-5.684342e-14,4.815592e-14,4.263256e-14
naive,2026-02-03 01:15:00,2789,1.25,22.64231,3085.936,129.7607,0,18.67178,1,1,2160.155,2159.838,526.0554,291.1052,817.1606,2,0,0,17.16064,800,0,96.97313,238.665,0.1193325,0.1655755,0.3172331,0,250,0.3172331,1633.783,13.36576,60.32567,35.50219,0,5.306015,38.8828,29.40809,9.474708,321.4346,0,636.2441,0,-5.684342e-14,-4.27991e-14,4.263256e-14
naive,2026-02-03 01:30:00,2790,1.5,22.47201,3077.122,80.10602,0,19.75343,1,1,2153.985,2153.668,523.3669,289.92,813.2869,2,0,0,13.28695,800,0,97.18966,214.33,0.107165,0.1502838,0.3172331,0,250,0.3172331,1630.301,10.36679,60.50479,0,0,9.386632,38.77174,29.34542,9.426315,320.8899,0,573.712,0,-5.684342e-14,-2.545186e-14,4.263256e-14
naive,2026-02-03 01:45:00,2791,1.75,22.21863,3060.636,80.18728,0,18.52982,1,1,2142.445,2142.128,563.022,301.8426,864.8645,2,46.73316,0.2384081,17.89298,800,0,57.18504,200,0.1,0.1349605,0.3172331,0,250,0.3172331,1579.106,13.9968,60.77128,0,0,4.533022,38.56401,28.42391,10.14011,331.0472,0,593.7267,0,-1.136868e-13,2.498002e-16,4.263256e-14
naive,2026-02-03 02:00:00,2792,2,22.19147,3056.655,65.78191,0,18.05692,1,1,2139.658,2139.341,993.5496,425.3812,1418.931,3,103.7241,0.06711167,15.13957,800,500,0,324.9685,0.1624843,0.1259371,0.3172331,0,250,0.3172331,1145.792,11.84623,60.79985,0,0,6.210691,38.51385,20.62425,17.8896,447.0746,0,825.7494,0,5.684342e-14,1.24345e-13,4.263256e-14
naive,2026-02-03 02:15:00,2793,2.25,21.76922,3018.39,68.75087,2.135302,17.99099,1,1,2112.873,2112.556,526.7837,291.4263,818.21,2,0,0,18.20996,800,0,107.0117,298.1644,0.1490822,0.2046279,0.3172331,0,250,0.3172331,1585.772,14.31023,61.24394,0,1.599224,3.680763,38.03171,28.54389,9.487817,320.5988,0,575.0568,0,-1.136868e-13,-7.993606e-15,4.263256e-14
naive,2026-02-03 02:30:00,2794,2.5,21.65692,2998.279,77.51731,0,9.780174,1,1,2098.795,2098.478,524.8164,290.559,815.3753,2,0,0,15.37532,800,0,101.4838,272.7465,0.1363733,0.1877498,0.3172331,0,250,0.3172331,1573.661,12.09645,61.36206,0,0,0,37.77831,28.32591,9.452405,318.8849,0,568.7374,0,5.684342e-14,-2.96152e-14,4.263256e-14
naive,2026-02-03 02:45:00,2795,2.75,21.31278,3006.11,63.51451,0,12.06898,1,1,2104.277,2103.96,525.1036,290.6856,815.7891,2,0,0,15.78914,800,0,109.2107,245.4009,0.1227005,0.1717445,0.3172331,0,250,0.3172331,1578.857,12.46549,61.72401,0,0,0,37.87699,28.41942,9.457574,319.105,0,568.7705,0,-5.684342e-14,-2.384204e-14,4.263256e-14
naive,2026-02-03 03:00:00,2796,3,21.01413,2967.338,91.54516,0,9.76666,1,1,2077.137,2076.819,523.1562,289.8271,812.9833,2,0,0,12.98326,800,0,110.1514,217.8244,0.1089122,0.1545254,0.3172331,0,250,0.3172331,1553.663,10.28127,62.0381,0,0,0,37.38846,27.96594,9.422521,317.793,0,565.7932,0,5.684342e-14,4.624079e-14,4.263256e-14
naive,2026-02-03 03:15:00,2797,3.25,20.85504,2980.919,130.7676,0,12.41948,1,1,2086.643,2086.326,550.1521,298.0634,848.2155,2,30.80751,0,17.40797,800,0,71.16061,200,0.1,0.1371609,0.3172331,0,250,0.3172331,1536.174,13.8073,62.20543,28.79944,0,0,37.55958,27.65113,9.908448,325.7145,0,631.1269,0,-5.684342e-14,-7.494005e-16,4.263256e-14
naive,2026-02-03 03:30:00,2798,3.5,20.91629,2989.21,124.0611,1.181774,9.504792,1,1,2092.447,2092.13,994.1196,425.1233,1419.243,3,108.0045,0.5356629,10.70271,800,500,0,324.9685,0.1624843,0.1259371,0.3172331,0,250,0.3172331,1098.01,8.483714,62.14101,16.05664,0.6461109,1.021079,37.66405,19.76418,17.89986,445.0591,0,849.0218,0,0,1.24345e-13,4.263256e-14
naive,2026-02-03 03:45:00,2799,3.75,20.6486,2995.642,129.0641,2.723396,0,1,1,2096.949,2096.632,520.4685,288.6422,809.1108,2,0,0,9.110776,800,0,129.4393,292.5575,0.1462788,0.2046279,0.3172331,0,250,0.3172331,1576.164,7.241347,62.42255,0,2.429568,0,37.74509,28.37094,9.374144,317.0132,0,567.992,0,0,2.04281e-14,4.263256e-14
naive,2026-02-03 04:00:00,2800,4,20.42227,3002.983,165.2857,4.774742,5.68953,1,1,2102.088,2101.771,518.8627,287.9343,806.7971,2,0,0,6.797063,800,0,152.6651,254.3452,0.1271726,0.1842192,0.3172331,0,250,0.3172331,1582.908,5.414689,62.6606,14.61931,2.776032,0.2748413,37.83758,28.49234,9.34524,316.4724,0,592.4587,0,0,-2.664535e-15,4.263256e-14
naive,2026-02-03 04:15:00,2801,4.25,20.1832,2996.972,183.8754,8.520152,9.223532,1,1,2097.881,2097.564,522.4875,289.5323,812.0199,2,0,0,12.01985,800,0,160.6552,214.1414,0.1070707,0.1601574,0.3172331,0,250,0.3172331,1575.076,9.598265,62.91204,25.60891,6.131371,0,37.76185,28.35137,9.410486,317.8837,0,619.7433,0,0,4.865552e-14,4.263256e-14
naive,2026-02-03 04:30:00,2802,4.5,20.39454,3060.825,191.6868,3.894104,12.97982,1,1,2142.577,2142.26,628.2568,319.9016,948.1583,2,136.6776,1.992773,9.487974,800,0,56.43058,200,0.1,0.1348417,0.3172331,0,250,0.3172331,1514.003,7.560432,62.68976,0,1.901331,5.419383,38.56639,27.25206,11.31433,348.0558,0,628.8655,0,0,-8.326673e-16,4.263256e-14
naive,2026-02-03 04:45:00,2803,4.75,20.41567,3014.958,241.6733,9.880082,7.08293,1,1,2110.471,2110.153,1101.557,456.397,1557.954,4,243.2597,0.430655,14.26315,800,500,0,324.9685,0.1624843,0.1259371,0.3172331,0,250,0.3172331,1008.597,11.36309,62.66753,0,9.449427,0,37.98847,18.15474,19.83373,474.5517,0,894.9027,0,0,1.24345e-13,4.263256e-14
naive,2026-02-03 05:00:00,2804,5,20.43463,3009.085,284.6046,6.212057,9.921203,1,1,2106.359,2106.042,521.7603,289.2117,810.972,2,0,0,10.97197,800,0,296.3794,250.8225,0.1254113,0.2046279,0.3172331,0,250,0.3172331,1584.282,8.739426,62.64759,0,5.223087,1.181777,37.91447,28.51707,9.397395,317.9257,0,574.3826,0,-5.684342e-14,4.884981e-14,4.263256e-14
naive,2026-02-03 05:15:00,2805,5.25,20.69105,2980.388,370.2782,1.970326,13.30158,1,1,2086.272,2085.954,644.2537,325.0299,969.2836,2,152.85,0.8948701,15.53875,800,0,203.1321,200,0.1,0.1579393,0.3172331,0,250,0.3172331,1441.701,12.3451,62.37791,14.29611,1.075456,0.956488,37.55289,25.95061,11.60228,351.1407,0,658.6221,0,-1.136868e-13,-3.191891e-15,4.263256e-14
naive,2026-02-03 05:30:00,2806,5.5,20.71382,3011.069,432.1357,0,14.71767,1,1,2107.748,2107.431,1251.136,499.3247,1750.461,4,436.7248,0.006855125,13.72938,800,500,0,324.9685,0.1624843,0.1259371,0.3172331,0,250,0.3172331,856.2947,10.9051,62.35395,0,0,3.812569,37.93947,15.4133,22.52617,515.3764,0,960.6047,0,1.705303e-13,1.24345e-13,4.263256e-14
naive,2026-02-03 05:45:00,2807,5.75,20.43431,3051.712,534.0105,3.283965,10.76423,1,1,2136.198,2135.881,536.6113,294.4024,831.0138,2,11.40184,2.916685,16.69525,800,0,499.6694,200,0.1,0.2046279,0.3172331,0,250,0.3172331,1599.27,13.29819,62.64793,22.93923,0.3672796,0,38.45157,28.78686,9.664714,323.1893,0,616.1034,0,0,-7.993606e-15,4.263256e-14
naive,2026-02-03 06:00:00,2808,6,20.38921,3108.372,591.4149,7.713826,17.43822,1,1,2175.861,2175.543,1361.637,531.7449,1893.382,4,573.6949,3.240603,16.44622,800,500,0,324.9685,0.1624843,0.1259371,0.3172331,0,250,0.3172331,813.9065,13.10577,62.69536,17.72002,4.473222,4.332449,39.16549,14.65032,24.51517,547.1164,0,1061.984,0,-2.273737e-13,1.24345e-13,4.263256e-14
naive,2026-02-03 06:15:00,2809,6.25,20.26681,3094.15,664.0789,1.213741,20.98876,1,1,2165.905,2165.588,651.8199,327.3696,979.1895,2,161.2215,5.634411,12.3336,800,0,499.6694,200,0.1,0.2046279,0.3172331,0,250,0.3172331,1513.768,9.840552,62.82409,3.187943,0,11.1482,38.98629,27.24782,11.73847,356.4691,0,647.7603,0,5.684342e-14,-7.993606e-15,4.263256e-14
naive,2026-02-03 06:30:00,2810,6.5,20.59571,3119.548,695.7988,4.717689,16.13288,1,1,2183.683,2183.366,1449.343,550.657,2000,4,719.1385,1.958868,12.03016,766.8725,500,0,324.9685,0.1624843,0.1259371,0.3172331,0,250,0.3172331,734.0232,9.566794,59.891,0,2.758821,6.566087,39.3063,13.21242,26.09388,564.9666,0,1067.315,0,-2.273737e-13,1.24345e-13,4.263256e-14
naive,2026-02-03 06:45:00,2811,6.75,20.47106,3104.293,781.2211,5.359825,18.44772,1,1,2173.005,2172.688,726.4856,348.1701,1074.656,3,263.0704,0.9111915,10.6741,800,0,499.6694,200,0.1,0.2046279,0.3172331,0,250,0.3172331,1446.202,8.499051,62.60928,18.48127,4.448633,9.948672,39.11409,26.03163,13.08245,375.8603,0,720.8393,0,5.684342e-14,-7.993606e-15,4.263256e-14
naive,2026-02-03 07:00:00,2812,7,20.59526,3115.226,791.4418,0,26.35987,1,1,2180.658,2180.341,1459.714,540.286,2000,4,795.4458,5.170689,11.78458,687.5989,500,0,324.9685,0.1624843,0.1259371,0.3172331,0,250,0.3172331,720.6269,9.371542,53.70032,0,0,16.98833,39.25185,12.97128,26.28056,556.096,0,1051.779,0,0,1.24345e-13,4.263256e-14
naive,2026-02-03 07:15:00,2813,7.25,20.6222,3144.917,770.5989,0,20.38733,1,1,2201.442,2201.124,757.1431,358.2943,1115.437,3,291.5772,4.910677,18.94942,800,0,499.6694,200,0.1,0.2046279,0.3172331,0,250,0.3172331,1443.981,15.06522,62.45032,0,0,5.322112,39.62595,25.99167,13.63429,385.1757,0,700.0947,0,-5.684342e-14,-7.993606e-15,4.263256e-14
naive,2026-02-03 07:30:00,2814,7.5,20.67356,3119.428,736.6553,3.730638,12.8394,1,1,2183.599,2183.282,1455.45,544.5504,2000,4,756.5163,8.460203,26.97182,708.0517,500,0,324.9685,0.1624843,0.1259371,0.3172331,0,250,0.3172331,727.8325,21.43212,55.22475,0,0,0,39.30479,13.10098,26.2038,557.6514,0,1053.175,0,-2.273737e-13,1.24345e-13,4.263256e-14
naive,2026-02-03 07:45:00,2815,7.75,20.80103,3134.489,676.2373,11.08506,17.68916,1,1,2194.142,2193.825,684.9569,337.9107,1022.868,3,195.4125,3.984949,23.47014,800,0,499.6694,200,0.1,0.2046279,0.3172331,0,250,0.3172331,1508.868,18.62571,62.26224,0,7.100114,0,39.49456,27.15963,12.33493,365.0703,0,672.3433,0,5.684342e-14,-7.993606e-15,4.263256e-14
naive,2026-02-03 08:00:00,2816,8,20.91986,3138.69,606.0207,378.5359,20.18892,1,1,2197.083,2196.766,1447.548,552.4515,2000,4,601.9835,260.3236,24.22753,613.4654,500,0,324.9685,0.1624843,0.1259371,0.3172331,0,250,0.3172331,749.2174,19.20373,47.64882,4.037221,118.2123,0.9851855,39.5475,13.48591,26.06158,566.1031,0,1289.482,0,0,1.24345e-13,4.263256e-14
naive,2026-02-03 08:15:00,2817,8.25,20.97657,3170.314,552.8699,377.79,19.04526,1,1,2219.219,2218.902,721.4573,376.5807,1098.038,3,5.60904,265.5949,26.83408,800,0,499.6694,200,0.1,0.2046279,0.3172331,0,250,0.3172331,1497.445,21.25762,62.07761,47.59144,112.1951,0,39.94595,26.95401,12.99194,403.5347,0,1012.864,0,1.136868e-13,-7.993606e-15,4.263256e-14
naive,2026-02-03 08:30:00,2818,8.5,20.97142,3210.066,481.6346,377.9994,24.71604,1,1,2247.046,2246.729,1424.601,575.3987,2000,4,426.4642,267.5474,27.86038,778.128,500,0,324.9685,0.1624843,0.1259371,0.3172331,0,250,0.3172331,822.1279,22.07179,60.38568,55.17042,110.452,2.644244,40.44683,14.7983,25.64853,590.6419,0,1399.049,0,0,1.24345e-13,4.263256e-14
naive,2026-02-03 08:45:00,2819,8.75,21.05809,3189.533,383.326,378.9033,27.99367,1,1,2232.673,2232.356,626.1686,335.24,961.4086,2,0,123.072,38.33659,800,0,499.6694,200,0.1,0.2046279,0.3172331,0,250,0.3172331,1606.187,30.34477,61.99187,28.42588,111.062,0,40.18811,28.91137,11.27674,364.1514,0,899.1785,0,-5.684342e-14,-7.993606e-15,4.263256e-14
naive,2026-02-03 09:00:00,2820,9,21.10282,3210.053,312.2808,388.9639,32.96913,1,1,2247.037,2246.72,1353.63,561.4141,1915.044,4,294.6144,273.7207,46.70888,800,500,0,324.9685,0.1624843,0.1259371,0.3172331,0,250,0.3172331,893.0899,36.95501,61.94483,17.66631,115.2432,0,40.44667,16.07562,24.37105,577.4898,0,1314.56,0,0,1.24345e-13,4.263256e-14
naive,2026-02-03 09:15:00,2821,9.25,21.17704,3199.057,248.4593,387.8086,40.16406,1,1,2239.34,2239.023,554.0068,303.4275,857.4343,2,0,9.830338,47.60396,800,0,499.6694,200,0.1,0.2046279,0.3172331,0,250,0.3172331,1685.016,37.63492,61.86677,9.570249,117.1978,2.529142,40.30812,30.33028,9.977832,334.185,0,817.4448,0,-1.136868e-13,-7.993606e-15,4.263256e-14
naive,2026-02-03 09:30:00,2822,9.5,21.39965,3171.356,207.676,390.7876,37.81348,1,1,2219.95,2219.632,1286.457,542.5689,1829.026,4,204.098,268.4362,56.49188,800,500,0,324.9685,0.1624843,0.1259371,0.3172331,0,250,0.3172331,933.175,44.56096,61.63264,3.577945,122.3514,0,39.95909,16.79715,23.16194,559.366,0,1266.623,0,0,1.24345e-13,4.263256e-14
naive,2026-02-03 09:45:00,2823,9.75,21.59268,3182.248,155.4368,391.6621,36.76413,1,1,2227.574,2227.257,553.593,303.2451,856.8381,2,0,0,56.83811,800,0,447.9759,212.9234,0.1064617,0.2046279,0.3172331,0,250,0.3172331,1673.664,44.74629,61.42962,0,121.8691,0,40.09633,30.12594,9.970384,333.3711,0,807.858,0,0,4.884981e-14,4.263256e-14
naive,2026-02-03 10:00:00,2824,10,21.87761,3205.441,128.084,397.9,48.33868,1,1,2243.808,2243.491,824.8221,411.7804,1236.602,3,92.77013,274.2167,69.61562,800,0,51.5595,200,0.1,0.1340747,0.3172331,0,250,0.3172331,1418.669,54.64681,61.12995,0,123.6833,0,40.38855,25.53604,14.85251,437.3164,0,1019.215,0,5.684342e-14,3.885781e-16,4.263256e-14
naive,2026-02-03 10:15:00,2825,10.25,22.07036,3213.806,92.96295,405.0027,57.69603,1,1,2249.664,2249.347,1244.789,533.413,1778.202,4,126.6463,275.9785,75.57718,800,500,0,324.9685,0.1624843,0.1259371,0.3172331,0,250,0.3172331,1004.558,59.20997,60.92723,0,129.0242,0,40.49395,18.08204,22.41191,551.4951,0,1257.014,0,0,1.24345e-13,4.263256e-14
naive,2026-02-03 10:30:00,2826,10.5,22.56002,3226.156,98.88685,413.1241,64.89305,1,1,2258.309,2257.992,575.3441,312.8341,888.1782,2,0,0,88.17817,800,0,383.2478,229.1054,0.1145527,0.2046279,0.3172331,0,250,0.3172331,1682.648,68.73663,60.41222,0,138.9165,0,40.64956,30.28766,10.3619,343.1217,0,857.9106,0,1.136868e-13,-7.993606e-15,4.263256e-14
naive,2026-02-03 10:45:00,2827,10.75,22.69101,3298.242,86.53052,420.8957,70.56795,1,1,2308.769,2308.452,756.6991,392.7843,1149.483,3,0,248.8709,100.6125,800,0,116.2774,200,0.1,0.1442643,0.3172331,0,250,0.3172331,1551.753,78.32398,60.27446,1.554622,140.7233,0,41.55784,27.93155,13.62629,420.7158,0,1019.052,0,-5.684342e-14,3.969047e-15,4.263256e-14
naive,2026-02-03 11:00:00,2828,11,22.78995,3329.872,104.9387,417.9021,85.43599,1,1,2330.91,2330.593,1237.243,535.5496,1772.792,4,80.72051,284.5617,107.5103,800,500,0,324.9685,0.1624843,0.1259371,0.3172331,0,250,0.3172331,1093.35,83.60862,60.1704,24.21818,133.3404,1.827372,41.95639,19.68031,22.27608,555.5481,0,1315.193,0,1.136868e-13,1.24345e-13,4.263256e-14
naive,2026-02-03 11:15:00,2829,11.25,23.16618,3381.792,103.8382,413.9246,100.0904,1,1,2367.255,2366.938,595.8662,321.8812,917.7474,2,0,0,117.7474,800,0,374.0175,231.413,0.1157065,0.2046279,0.3172331,0,250,0.3172331,1771.071,91.21546,59.77469,19.92792,123.8173,8.874908,42.61059,31.87928,10.7313,355.317,0,891.3481,0,0,-7.993606e-15,4.263256e-14
naive,2026-02-03 11:30:00,2830,11.5,23.30737,3434.356,80.67145,420.8881,107.4526,1,1,2404.049,2403.732,784.3733,404.9844,1189.358,3,0,262.6203,126.7374,800,0,125.5062,200,0.1,0.1457174,0.3172331,0,250,0.3172331,1619.358,98.03661,59.6262,0,131.0394,9.415983,43.27288,29.14845,14.12443,435.7888,0,1030.541,0,1.136868e-13,-1.387779e-15,4.263256e-14
naive,2026-02-03 11:45:00,2831,11.75,23.56198,3447.638,109.6287,422.8954,111.9251,1,1,2413.347,2413.029,1262.626,546.5323,1809.159,4,82.46577,284.9445,141.7484,800,500,0,324.9685,0.1624843,0.1259371,0.3172331,0,250,0.3172331,1150.403,109.3595,59.35842,27.16291,137.9509,2.565645,43.44024,20.70725,22.73298,567.693,0,1353.429,0,0,1.24345e-13,4.263256e-14
naive,2026-02-03 12:00:00,2832,12,23.9306,3519.403,76.27406,422.8972,128.8465,1,1,2463.582,2463.265,616.4726,330.9655,947.4381,2,0,0,147.4381,800,0,384.8785,228.6977,0.1143489,0.2046279,0.3172331,0,250,0.3172331,1846.792,113.3143,58.97072,0,137.6434,15.53223,44.34448,33.24226,11.10222,366.9727,0,905.0381,0,-5.684342e-14,4.884981e-14,4.263256e-14
naive,2026-02-03 12:15:00,2833,12.25,24.14961,3526.172,123.3064,421.7419,130.5994,1,1,2468.321,2468.003,817.8633,419.7485,1237.612,3,0,284.4802,153.1316,800,0,114.6469,200,0.1,0.1440076,0.3172331,0,250,0.3172331,1650.14,117.4218,58.74038,16.43157,129.4896,13.17762,44.42977,29.70252,14.72725,451.8068,0,1089.245,0,1.136868e-13,5.717649e-15,4.263256e-14
naive,2026-02-03 12:30:00,2834,12.5,24.33107,3525.224,139.8586,423.6935,137.3909,1,1,2467.657,2467.34,1312.374,563.9876,1876.362,4,120.0917,292.738,163.5321,800,500,0,324.9685,0.1624843,0.1259371,0.3172331,0,250,0.3172331,1154.966,125.1596,58.54953,19.76693,130.9555,12.23129,44.41783,20.78938,23.62845,586.9715,0,1368.071,0,0,1.24345e-13,4.263256e-14
naive,2026-02-03 12:45:00,2835,12.75,24.68803,3501.856,150.7744,418.1792,143.2109,1,1,2451.299,2450.982,640.9335,341.7491,982.6827,2,0,0,182.6827,800,0,378.4941,230.2938,0.1151469,0.2046279,0.3172331,0,250,0.3172331,1810.048,139.2948,58.1741,61.13954,129.3201,3.916103,44.12339,32.58087,11.54251,375.0376,0,1013.172,0,0,-7.993606e-15,4.263256e-14
naive,2026-02-03 13:00:00,2836,13,24.95213,3495.045,160.1346,416.5033,157.7697,1,1,2446.532,2446.214,827.7267,424.0967,1251.823,3,0,256.7195,195.1039,800,0,121.0304,200,0.1,0.1450127,0.3172331,0,250,0.3172331,1618.488,148.3536,57.89633,71.26744,127.6206,9.416014,44.03757,29.13278,14.90479,454.9399,0,1187.828,0,0,-5.190293e-15,4.263256e-14
naive,2026-02-03 13:15:00,2837,13.25,25.09296,3507.024,158.7879,417.3679,167.1049,1,1,2454.917,2454.6,1324.374,572.6097,1896.983,4,92.08121,287.9215,216.9806,800,500,0,324.9685,0.1624843,0.1259371,0.3172331,0,250,0.3172331,1130.226,164.7439,57.74821,66.70671,129.4464,2.361055,447.18,205.8785,241.3015,778.9182,0,1831.234,0,0,1.24345e-13,4.263256e-14
naive,2026-02-03 13:30:00,2838,13.5,25.1381,3509.402,139.2607,419.9342,178.7532,1,1,2456.581,2456.264,669.4362,354.3145,1023.751,3,0,0,223.7506,800,0,379.1694,230.125,0.1150625,0.2046279,0.3172331,0,250,0.3172331,1786.828,169.8033,57.70074,45.38353,134.6419,8.949907,447.8882,325.7776,122.1106,681.7239,0,1609.078,0,0,-7.993606e-15,4.263256e-14
naive,2026-02-03 13:45:00,2839,13.75,25.28874,3514.219,116.8781,421.9007,181.4074,1,1,2459.953,2459.636,851.7743,434.6981,1286.472,3,0,259.2031,227.2693,800,0,120.3551,200,0.1,0.1449063,0.3172331,0,250,0.3172331,1607.862,172.1997,57.54231,22.43968,136.7809,9.207695,449.8621,294.0365,155.8256,730.4184,0,1670.757,0,-1.136868e-13,-1.582068e-15,4.263256e-14
naive,2026-02-03 14:00:00,2840,14,25.2588,3519.509,113.5191,417.9167,185.0917,1,1,2463.657,2463.339,1347.523,581.6318,1929.155,4,102.0299,285.8916,241.2337,800,500,0,324.9685,0.1624843,0.1259371,0.3172331,0,250,0.3172331,1115.816,182.8382,57.5738,11.48928,132.0251,2.253508,450.2681,203.9312,246.337,785.9748,0,1754.741,0,1.136868e-13,1.24345e-13,4.263256e-14
naive,2026-02-03 14:15:00,2841,14.25,25.32901,3480.129,74.3428,417.1746,184.0877,1,1,2436.091,2435.773,689.9168,363.3434,1053.26,3,0,0,253.2602,800,0,398.6153,225.2635,0.1126318,0.2046279,0.3172331,0,250,0.3172331,1745.856,191.8112,57.49995,0,131.2066,0,445.8594,319.531,126.3284,682.8744,0,1527.393,0,-1.705303e-13,-7.993606e-15,4.263256e-14
naive,2026-02-03 14:30:00,2842,14.5,25.36076,3460.652,88.91981,416.4333,178.6631,1,1,2422.457,2422.139,900.8384,455.3659,1356.204,3,8.087323,284.9938,263.1231,800,0,100.9123,200,0.1,0.1418452,0.3172331,0,250,0.3172331,1521.301,199.2141,57.46656,0,131.4394,0,443.6477,278.6104,165.0372,733.9763,0,1630.036,0,0,5.107026e-15,4.263256e-14
naive,2026-02-03 14:45:00,2843,14.75,25.57167,3452.455,93.38888,418.4142,180.8575,1,1,2416.718,2416.401,1369.724,590.4862,1960.21,4,109.8698,281.3377,269.0027,800,500,0,324.9685,0.1624843,0.1259371,0.3172331,0,250,0.3172331,1046.677,203.2118,57.24474,0,137.0765,0,444.4853,192.5059,251.9794,782.9921,0,1738.041,0,1.136868e-13,1.24345e-13,4.263256e-14
naive,2026-02-03 15:00:00,2844,15,25.83373,3439.853,102.6047,417.4451,193.2747,1,1,2407.897,2407.58,707.0719,370.9061,1077.978,3,0,0,277.978,800,0,410.356,222.3284,0.1111642,0.2046279,0.3172331,0,250,0.3172331,1700.508,209.4092,56.96912,0,136.4957,0,445.2234,314.4262,130.7972,685.3323,0,1542.029,0,-1.136868e-13,4.884981e-14,4.263256e-14
naive,2026-02-03 15:15:00,2845,15.25,25.891,3407.229,101.9652,409.0227,189.8265,1,1,2385.06,2384.743,929.2835,465.2385,1394.522,3,30.50972,286.3844,277.6279,800,0,89.17348,200,0.1,0.1399969,0.3172331,0,250,0.3172331,1455.46,209.0183,56.90888,0,122.6383,0,441.5152,269.4303,172.0849,734.6688,0,1616.866,0,0,6.467049e-15,4.263256e-14
naive,2026-02-03 15:30:00,2846,15.5,25.96535,3408.779,91.02242,409.7136,185.1083,1,1,2386.145,2385.828,1399.258,600.3001,1999.558,4,136.8197,284.1093,278.6286,800,500,0,324.9685,0.1624843,0.1259371,0.3172331,0,250,0.3172331,986.5707,209.606,56.83068,0,125.6043,0,442.3858,182.9079,259.4779,783.208,0,1719.149,0,-2.273737e-13,1.24345e-13,4.263256e-14
naive,2026-02-03 15:45:00,2847,15.75,25.93804,3387.283,111.3855,416.4013,186.8658,1,1,2371.098,2370.781,710.4138,372.3794,1082.793,3,0,0,282.7932,800,0,429.7429,217.4816,0.1087408,0.2046279,0.3172331,0,250,0.3172331,1660.367,212.8007,56.85941,0,129.6533,0,439.3514,307.6569,131.6945,680.0363,0,1519.758,0,-5.684342e-14,-7.993606e-15,4.263256e-14
naive,2026-02-03 16:00:00,2848,16,25.86132,3412.665,125.868,401.0602,186.3729,1,1,2388.865,2388.548,980.1559,480.681,1460.837,3,89.22368,287.7775,283.8358,800,0,69.78956,200,0.1,0.136945,0.3172331,0,250,0.3172331,1408.392,213.7594,56.9401,0,113.2828,0,441.9523,260.5598,181.3926,741.2408,0,1613.837,0,5.684342e-14,2.109424e-15,4.263256e-14
naive,2026-02-03 16:15:00,2849,16.25,25.90148,3385.071,146.0611,400.5213,184.5188,1,1,2369.55,2369.233,1403.343,596.6572,2000,4,171.6849,282.8819,262.9531,782.4802,500,0,324.9685,0.1624843,0.1259371,0.3172331,0,250,0.3172331,965.8899,197.9479,55.65181,0,117.6394,0,438.7375,178.8408,259.8967,775.498,0,1691.316,0,2.273737e-13,1.24345e-13,4.263256e-14
naive,2026-02-03 16:30:00,2850,16.5,26.06256,3384.839,179.2579,393.7894,189.0271,1,1,2369.387,2369.07,692.0721,364.2935,1056.366,3,0,0,256.3656,800,0,479.4926,205.0442,0.1025221,0.2046279,0.3172331,0,250,0.3172331,1676.998,192.6586,56.72844,0,116.683,0,440.1515,311.5291,128.6223,675.8226,0,1489.104,0,-5.684342e-14,4.884981e-14,4.263256e-14
naive,2026-02-03 16:45:00,2851,16.75,26.1949,3326.174,228.9505,382.8724,180.7532,1,1,2328.322,2328.004,1049.595,495.5824,1545.177,4,221.2916,268.786,255.0996,800,0,20.04775,200,0.1,0.1291133,0.3172331,0,250,0.3172331,1278.41,191.4371,56.58925,0,114.0865,0,433.6957,238.1289,195.5668,733.7113,0,1600.559,0,5.684342e-14,-1.526557e-15,4.263256e-14
naive,2026-02-03 17:00:00,2852,17,26.3275,3320.265,287.5879,383.2674,176.9252,1,1,2324.185,2323.868,1416.224,583.7756,2000,4,281.8509,267.666,241.7308,708.7523,500,0,324.9685,0.1624843,0.1259371,0.3172331,0,250,0.3172331,907.6436,181.1482,50.01115,5.736926,115.6014,0,434.1046,169.5271,264.5776,753.3026,0,1659.651,0,-1.136868e-13,1.24345e-13,4.263256e-14
naive,2026-02-03 17:15:00,2853,17.25,26.32731,3340.09,312.1342,385.9037,173.4401,1,1,2338.063,2337.746,750.2556,389.9436,1140.199,3,0,98.28943,241.9098,800,0,499.6694,200,0.1,0.2046279,0.3172331,0,250,0.3172331,1587.49,181.2827,56.45,0,114.4362,0,436.695,296.5057,140.1893,686.4494,0,1506.795,0,0,-7.993606e-15,4.263256e-14
naive,2026-02-03 17:30:00,2854,17.5,25.9804,3328.839,369.8846,374.6292,157.1975,1,1,2330.187,2329.87,1427.966,572.0345,2000,4,373.2041,262.8901,236.9166,626.9891,500,0,324.9685,0.1624843,0.1259371,0.3172331,0,250,0.3172331,901.9044,178.1984,44.52787,0,111.739,0,432.1439,167.2623,264.8816,739.2967,0,1621.249,0,2.273737e-13,1.24345e-13,4.263256e-14
naive,2026-02-03 17:45:00,2855,17.75,26.11814,3330.885,400.462,372.4115,150.8063,1,1,2331.62,2331.302,809.0414,415.8593,1224.901,3,0,187.421,237.4797,800,0,499.6694,200,0.1,0.2046279,0.3172331,0,250,0.3172331,1522.261,178.3603,56.66999,0,112.8205,0,433.628,283.1058,150.5222,698.9651,0,1528.792,0,0,-7.993606e-15,4.263256e-14
naive,2026-02-03 18:00:00,2856,18,26.29203,3317.928,453.2988,5.228041,138.2343,1,1,2322.549,2322.232,1431.853,568.1467,2000,4,504.4877,5.827641,227.3352,762.3494,500,0,324.9685,0.1624843,0.1259371,0.3172331,0,250,0.3172331,890.3788,170.4249,53.82864,0,0,0,433.4832,166.1813,267.3019,734.328,0,1408.099,0,0,1.24345e-13,4.263256e-14
naive,2026-02-03 18:15:00,2857,18.25,26.39287,3291.343,508.6218,1.08426,128.8231,1,1,2303.94,2303.623,717.538,366.4077,1083.946,3,76.60133,3.23804,204.1064,800,0,499.6694,200,0.1,0.2046279,0.3172331,0,250,0.3172331,1586.085,152.8465,56.38104,0,0,0,430.9021,296.6428,134.2593,663.0505,0,1262.672,0,5.684342e-14,-7.993606e-15,4.263256e-14
naive,2026-02-03 18:30:00,2858,18.5,26.4759,3286.244,573.6434,2.891774,122.9788,1,1,2300.371,2300.054,1444.263,555.7365,2000,4,613.1703,5.524192,185.8869,695.4186,500,0,324.9685,0.1624843,0.1259371,0.3172331,0,250,0.3172331,855.7903,139.0793,48.93462,0,0,0,430.9707,160.3309,270.6398,716.0674,0,1377.083,0,0,1.24345e-13,4.263256e-14
naive,2026-02-03 18:45:00,2859,18.75,26.56878,3276.69,631.1341,2.697901,109.9892,1,1,2293.683,2293.366,758.5273,374.9666,1133.494,3,156.5551,2.771798,174.167,800,0,499.6694,200,0.1,0.2046279,0.3172331,0,250,0.3172331,1534.839,130.1811,56.19603,0,0,0,430.5418,288.1009,142.4409,663.0675,0,1262.915,0,-5.684342e-14,-7.993606e-15,4.263256e-14
naive,2026-02-03 19:00:00,2860,19,26.85934,3265.264,680.3126,0,102.8328,1,0,2285.685,2285.368,1453.368,546.6323,2000,4,688.4355,4.079373,168.3479,639.1372,500,0,324.9685,0.1624843,0.1259371,0.3172331,0,250,0.3172331,832.0001,125.4403,44.65207,0,0,0,431.6301,157.1154,274.5147,703.7476,0,1357.262,0,2.273737e-13,1.24345e-13,4.263256e-14
naive,2026-02-03 19:15:00,2861,19.25,26.81215,3229.001,708.2102,1.044776,91.43749,0,0,2260.301,2259.984,788.854,381.5096,1170.364,3,213.9399,2.002613,154.421,800,0,499.6694,200,0.1,0.2046279,0.3172331,0,250,0.3172331,1471.13,115.1213,55.94007,0,0,0,426.4185,277.5369,148.8816,0,659.0465,3561.823,0,1.136868e-13,-7.993606e-15,4.263256e-14
naive,2026-02-03 19:30:00,2862,19.5,26.91773,3199.451,717.0922,0,82.35738,0,0,2239.616,2239.299,1456.182,543.8179,2000,4,719.7229,3.39579,142.2474,634.634,500,0,324.9685,0.1624843,0.1259371,0.3172331,0,250,0.3172331,783.1167,105.9257,44.28875,0,0,0,423.4439,148.0638,275.3801,0,691.8816,3755.524,0,2.273737e-13,1.24345e-13,4.263256e-14
naive,2026-02-03 19:45:00,2863,19.75,26.90662,3117.484,691.2589,3.753536,80.97012,0,0,2182.239,2181.921,771.8251,374.566,1146.391,3,209.203,1.576249,135.6118,800,0,499.6694,200,0.1,0.2046279,0.3172331,0,250,0.3172331,1410.096,100.9965,55.84071,0,2.177287,0,412.5002,266.5451,145.9551,0,641.1111,3467.046,0,0,-7.993606e-15,4.263256e-14
naive,2026-02-03 20:00:00,2864,20,26.86388,3119.05,681.5257,0,76.20721,0,0,2183.335,2183.018,1450.396,549.6045,2000,4,684.7398,2.279951,121.9067,691.0735,500,0,324.9685,0.1624843,0.1259371,0.3172331,0,250,0.3172331,732.6224,90.83134,48.27637,0,0,0,412.3412,138.3619,273.9793,0,687.9664,3729.504,0,0,1.24345e-13,4.263256e-14
naive,2026-02-03 20:15:00,2865,20.25,26.69868,3089.542,632.6048,0,61.94791,0,0,2162.68,2162.362,716.4008,356.1359,1072.537,3,158.7348,1.859573,111.9423,800,0,499.6694,200,0.1,0.2046279,0.3172331,0,250,0.3172331,1445.962,83.5549,56.05941,0,0,0,407.0432,272.148,134.8952,0,628.2838,3392.494,0,0,-7.993606e-15,4.263256e-14
naive,2026-02-03 20:30:00,2866,20.5,26.49394,3071.064,599.1661,0,53.46324,0,0,2149.745,2149.427,1438.458,561.5416,2000,4,604.7279,2.247773,98.13636,794.888,500,0,324.9685,0.1624843,0.1259371,0.3172331,0,250,0.3172331,710.9689,73.41076,55.91514,0,0,0,402.9008,133.2484,269.6525,0,694.79,3758.441,0,0,1.24345e-13,4.263256e-14
naive,2026-02-03 20:45:00,2867,20.75,26.17388,3092.82,539.4626,3.396919,53.82729,0,0,2164.974,2164.657,629.7513,329.5516,959.3029,2,61.09514,0.7225388,97.48522,800,0,499.6694,200,0.1,0.2046279,0.3172331,0,250,0.3172331,1534.905,73.17327,56.61136,0,2.67438,0,403.0953,285.7832,117.3121,0,615.3348,3325.267,0,-5.684342e-14,-7.993606e-15,4.263256e-14
naive,2026-02-03 21:00:00,2868,21,26.07744,3092.784,509.993,4.321644,57.24051,0,0,2164.949,2164.632,1340.86,532.9458,1873.806,4,486.6042,4.269518,82.93234,800,500,0,324.9685,0.1624843,0.1259371,0.3172331,0,250,0.3172331,823.7714,62.31374,56.71279,23.38874,0.05212625,0,402.2961,153.0752,249.2209,0,686.021,3749.749,0,-2.273737e-13,1.24345e-13,4.263256e-14
naive,2026-02-03 21:15:00,2869,21.25,25.84929,3095.987,427.2913,5.661682,44.74349,0,0,2167.191,2166.873,567.9919,309.5929,877.5848,2,0,0,77.58477,800,0,433.3593,216.5775,0.1082888,0.2046279,0.3172331,0,250,0.3172331,1598.882,58.43728,56.95274,0,1.051884,0,400.8434,295.729,105.1144,0,605.3218,3267.013,0,-5.684342e-14,-7.993606e-15,4.263256e-14
naive,2026-02-03 21:30:00,2870,21.5,25.49358,3069.641,374.8418,0.9200656,41.1194,0,0,2148.748,2148.431,792.7703,372.5295,1165.3,3,303.9433,3.523994,57.83253,800,0,66.17376,200,0.1,0.1363757,0.3172331,0,250,0.3172331,1355.661,43.72436,57.32687,4.724751,0,0,394.5766,248.9412,145.6354,0,621.4707,3361.746,0,-5.684342e-14,-1.887379e-15,4.263256e-14
naive,2026-02-03 21:45:00,2871,21.75,25.19232,3076.625,333.6124,0,37.18093,0,0,2153.638,2153.32,1181.535,483.496,1665.031,4,311.8503,4.43795,48.74314,800,500,0,324.9685,0.1624843,0.1259371,0.3172331,0,250,0.3172331,971.7851,36.96979,57.64371,21.76207,0,0.2111334,393.0824,177.3704,215.712,0,660.905,3607.668,0,1.705303e-13,1.24345e-13,4.263256e-14
naive,2026-02-03 22:00:00,2872,22,24.82818,3069.8,272.484,0,30.29348,0,0,2148.86,2148.542,546.1906,299.9818,846.1724,2,0,0,46.17236,800,0,272.8975,256.693,0.1283465,0.2046279,0.3172331,0,250,0.3172331,1602.352,35.15446,58.0267,3.473041,0,0,38.67947,28.84233,9.837141,0,328.8241,1749.244,0,5.684342e-14,-6.483702e-14,4.263256e-14
naive,2026-02-03 22:15:00,2873,22.25,24.83703,3067.444,224.5056,0,28.99019,0,0,2147.211,2146.894,546.6018,300.163,846.7648,2,0,0,46.76482,800,0,225.5917,200.2547,0.1001273,0.1616358,0.3172331,0,250,0.3172331,1600.292,35.60224,58.01739,0,0,0,38.64979,28.80525,9.844542,0,328.9683,1744.056,0,0,-2.400857e-14,4.263256e-14
naive,2026-02-03 22:30:00,2874,22.5,24.58853,3056.997,214.6615,0,22.76322,0,0,2139.898,2139.581,697.8437,342.6578,1040.501,3,203.2644,0.1835184,37.05348,800,0,0.8925397,200,0.1,0.1260974,0.3172331,0,250,0.3172331,1441.737,28.28261,58.27875,10.50452,0,0,38.51817,25.95127,12.5669,0,368.609,1979.906,0,5.684342e-14,2.775558e-17,4.263256e-14
naive,2026-02-03 22:45:00,2875,22.75,24.38422,3090.834,194.3237,3.907023,25.30534,0,0,2163.584,2163.267,1062.749,447.0623,1509.811,4,177.9112,1.116821,30.78296,800,500,0,324.9685,0.1624843,0.1259371,0.3172331,0,250,0.3172331,1100.518,23.5467,58.49363,16.41244,2.790202,1.75864,38.94451,19.80933,19.13519,0,467.1875,2536.851,0,0,1.24345e-13,4.263256e-14
naive,2026-02-03 23:00:00,2876,23,23.99851,3049.359,169.226,0,16.55613,0,1,2134.551,2134.234,536.3468,295.6421,831.9889,2,0,0,31.98894,800,0,156.3719,285.8244,0.1429122,0.2046279,0.3172331,0,250,0.3172331,1597.887,24.56789,58.8993,12.88334,0,0,38.42192,28.76197,9.659952,0,324.4041,1740.185,0,-5.684342e-14,-3.641532e-14,4.263256e-14
naive,2026-02-03 23:15:00,2877,23.25,23.63735,3048.932,138.107,0,15.94891,1,1,2134.253,2133.935,532.8607,294.1053,826.9661,2,0,0,26.96607,800,0,140.1582,250.7398,0.1253699,0.1799794,0.3172331,0,250,0.3172331,1601.075,20.78818,59.27915,0,0,0,38.41655,28.81934,9.597204,322.9247,0,579.1603,0,5.684342e-14,5.720424e-14,4.263256e-14
naive,2026-02-03 23:30:00,2878,23.5,23.55841,3049.08,116.222,0,18.94884,1,1,2134.356,2134.038,531.5918,293.5459,825.1378,2,0,0,25.13778,800,0,137.5529,216.3121,0.1081561,0.1578872,0.3172331,0,250,0.3172331,1602.447,19.39462,59.36218,0,0,0,38.4184,28.84404,9.574363,322.39,0,577.9975,0,0,6.966649e-15,4.263256e-14
naive,2026-02-03 23:45:00,2879,23.75,23.30385,3064.837,85.56682,2.610375,22.84446,1,1,2145.386,2145.069,572.9203,305.4347,878.355,2,53.21836,5.584347,19.55228,800,0,65.11232,200,0.1,0.1362086,0.3172331,0,250,0.3172331,1572.148,15.12504,59.6299,0,0,7.719416,38.61694,28.29867,10.31827,335.0909,0,603.0981,0,0,-3.663736e-15,4.263256e-14
