controller,timestamp,step,hour,ambient_c,it_kw,dhw_demand_kw,process_demand_kw,cooling_demand_kw,grid_available,grid_roster_available,site_captured_kw,captured_kw,hp_absorbed_kw,hp_compressor_kw,hp_delivered_kw,hp_units_on,dhw_heat_kw,process_heat_kw,absorption_heat_kw,orc_heat_kw,store_charge_kw,store_discharge_kw,store_energy_kwh,store_soc,store_standing_loss_kw,buffer_charge_kw,buffer_discharge_kw,buffer_energy_kwh,buffer_standing_loss_kw,rejected_kw,absorption_cooling_kw,orc_electric_kw,fallback_dhw_kw,fallback_process_kw,fallback_cooling_kw,baseline_rejection_electric_kw,actual_rejection_electric_kw,cooling_electric_saving_kw,grid_electric_kw,diesel_electric_kw,net_cost_inr,source_balance_residual_kw,hp_balance_residual_kw,store_balance_residual_kw,buffer_balance_residual_kw
mpc,2026-01-05 00:00:00,0,0,33.47789,3255.844,56.74595,0,55.99831,1,1,2279.091,1779.091,0,0,0,0,0,0,0,0,0,300,924.8426,0.4624213,0.6296853,500,0,249.9604,0.1586165,1779.091,0,0,0,0,55.99831,498.9873,389.5166,109.4707,401.777,0,803.554,0,0,1.669775e-13,7.81597e-14
mpc,2026-01-05 00:15:00,1,0.25,33.20246,3267.547,47.76979,0,63.75339,1,1,2287.283,2286.807,0,0,0,0,0,0,0,0,0,300,849.697,0.4248485,0.5823598,0.4757993,0,250,0.3171828,2286.807,0,0,0,0,63.75339,497.481,497.3775,0.1034857,511.2438,0,1022.488,0,0,-1.341149e-13,4.996004e-15
mpc,2026-01-05 00:30:00,2,0.5,33.03106,3235.011,51.79997,4.110644,33.22831,1,1,2264.508,2264.19,0,0,0,0,0,0,0,0,0,52.25787,836.4988,0.4182494,0.5350417,0.3172331,0,250,0.3172331,2264.19,0,0,0,4.110644,33.22831,490.5159,490.4472,0.06871599,497.6448,0,1002.38,0,0,1.532108e-13,4.263256e-14
mpc,2026-01-05 00:45:00,3,0.75,32.79322,3201.395,56.56748,2.191848,26.90758,1,1,2240.977,2240.659,0,0,0,0,0,0,0,0,0,52.25787,823.3026,0.4116513,0.526731,0.3172331,0,250,0.3172331,2240.659,0,0,4.309607,2.191848,26.90758,482.6835,482.6151,0.06832877,488.4108,0,988.0365,0,0,1.959544e-13,4.263256e-14
mpc,2026-01-05 01:00:00,4,1,32.47742,3198.195,51.30221,3.777693,49.74903,1,1,2238.736,2238.419,0,0,0,0,0,0,0,0,0,54.79642,809.4739,0.4047369,0.5184216,0.3172331,0,250,0.3172331,2238.419,0,0,0,2.202069,49.74903,478.6199,478.552,0.06782132,489.1879,0,982.1744,0,0,-9.126033e-14,4.263256e-14
mpc,2026-01-05 01:15:00,5,1.25,32.28589,3240.208,55.94951,6.274472,35.9778,1,1,2268.146,2267.828,0,0,0,0,0,0,0,0,0,54.79642,795.6474,0.3978237,0.5097139,0.3172331,0,250,0.3172331,2267.828,0,0,2.728714,4.698849,35.9778,482.7329,482.6653,0.0675172,490.3226,0,993.4577,0,0,-1.425526e-13,4.263256e-14
mpc,2026-01-05 01:30:00,6,1.5,32.22374,3190.189,60.9267,6.646545,27.08737,1,1,2233.132,2232.815,0,0,0,0,0,0,0,0,0,56.0816,781.5017,0.3907509,0.5010075,0.3172331,0,250,0.3172331,2232.815,0,0,7.570879,3.920769,27.08737,474.5903,474.5229,0.0674191,480.2796,0,980.3823,0,0,1.727507e-13,4.263256e-14
mpc,2026-01-05 01:45:00,7,1.75,32.12122,3170.411,53.56366,5.24665,28.18256,1,1,2219.288,2218.97,0,0,0,0,0,0,0,0,0,56.0816,767.3583,0.3836792,0.4921002,0.3172331,0,250,0.3172331,2218.97,0,0,0.2078433,2.520874,28.18256,470.5205,470.4532,0.06725791,476.4283,0,957.5637,0,0,-1.59317e-13,4.263256e-14
mpc,2026-01-05 02:00:00,8,2,31.81182,3137.399,59.27388,1.537075,26.9443,1,1,2196.179,2195.862,0,0,0,0,0,0,0,0,0,57.85914,752.7727,0.3763863,0.4831943,0.3172331,0,250,0.3172331,2195.862,0,0,4.945716,0,26.9443,462.2854,462.2186,0.06677607,467.8902,0,944.3118,0,0,-2.109979e-13,4.263256e-14
mpc,2026-01-05 02:15:00,9,2.25,31.44127,3126.691,65.01409,3.711207,47.67062,1,1,2188.684,2188.367,0,0,0,0,0,0,0,0,0,57.85914,738.1894,0.3690947,0.4740099,0.3172331,0,250,0.3172331,2188.367,0,0,10.68593,0.1802252,47.67062,456.7885,456.7223,0.06620802,466.6714,0,952.087,0,0,-1.296185e-13,4.263256e-14
mpc,2026-01-05 02:30:00,10,2.5,31.16802,3146.429,52.19309,4.811811,38.07176,1,1,2202.5,2202.183,0,0,0,0,0,0,0,0,0,59.24094,723.263,0.3616315,0.4648271,0.3172331,0,250,0.3172331,2202.183,0,0,0,1.462198,38.07176,456.8064,456.7406,0.06579528,464.6369,0,931.796,0,0,-1.350586e-13,4.263256e-14
mpc,2026-01-05 02:45:00,11,2.75,30.99452,3132.134,52.56207,0,34.90272,1,1,2192.494,2192.177,0,0,0,0,0,0,0,0,0,59.24094,708.3389,0.3541694,0.4554281,0.3172331,0,250,0.3172331,2192.177,0,0,0,0,34.90272,452.9382,452.8727,0.06553586,460.0831,0,920.1661,0,0,-2.964295e-14,4.263256e-14
mpc,2026-01-05 03:00:00,12,3,30.52618,3164.241,59.70869,0,36.422,1,1,2214.969,2214.652,0,0,0,0,0,0,0,0,0,58.49803,693.6029,0.3468014,0.4460306,0.3172331,0,250,0.3172331,2214.652,0,0,4.402992,0,36.422,452.7626,452.6977,0.06484573,460.1428,0,927.8807,0,0,-5.878631e-14,4.263256e-14
mpc,2026-01-05 03:15:00,13,3.25,30.34978,3185.407,60.66935,0,56.16577,1,1,2229.785,2229.467,0,0,0,0,0,0,0,0,0,58.49803,678.8692,0.3394346,0.4367516,0.3172331,0,250,0.3172331,2229.467,0,0,5.363651,0,56.16577,453.9903,453.9258,0.06458954,465.3613,0,939.9748,0,0,-1.277312e-13,4.263256e-14
mpc,2026-01-05 03:30:00,14,3.5,30.05445,3219.476,68.58676,0,61.7488,1,1,2253.633,2253.316,0,0,0,0,0,0,0,0,0,58.7396,664.0774,0.3320387,0.427474,0.3172331,0,250,0.3172331,2253.316,0,0,12.58344,0,61.7488,455.831,455.7669,0.06416514,468.2565,0,958.2194,0,0,1.905143e-13,4.263256e-14
mpc,2026-01-05 03:45:00,15,3.75,29.84309,3279.249,67.64425,0,63.66362,1,1,2295.474,2295.157,0,0,0,0,0,0,0,0,0,58.7396,649.288,0.324644,0.4181598,0.3172331,0,250,0.3172331,2295.157,0,0,11.64094,0,63.66362,462.1208,462.057,0.0638648,474.8736,0,969.8278,0,0,-2.025602e-13,4.263256e-14
mpc,2026-01-05 04:00:00,16,4,29.67285,3251.919,65.40124,0,46.47114,1,1,2276.343,2276.026,0,0,0,0,0,0,0,0,0,59.91159,634.2079,0.3171039,0.4088471,0.3172331,0,250,0.3172331,2276.026,0,0,7.883903,0,46.47114,456.5482,456.4846,0.06362494,465.805,0,945.2096,0,0,8.881784e-14,4.263256e-14
mpc,2026-01-05 04:15:00,17,4.25,29.549,3244.713,81.02668,0,32.89256,1,1,2271.299,2270.981,0,0,0,0,0,0,0,0,0,59.91159,619.1301,0.3095651,0.3993514,0.3172331,0,250,0.3172331,2270.981,0,0,23.50934,0,32.89256,454.2952,454.2318,0.06345157,460.8108,0,962.1752,0,0,1.21736e-13,4.263256e-14
mpc,2026-01-05 04:30:00,18,4.5,29.53648,3237.187,84.5924,0,18.85947,1,1,2266.031,2265.714,0,0,0,0,0,0,0,0,0,61.38963,603.6852,0.3018426,0.3898572,0.3172331,0,250,0.3172331,2265.714,0,0,25.33099,0,18.85947,453.1168,453.0534,0.0634341,456.8245,0,957.345,0,0,1.579847e-13,4.263256e-14
mpc,2026-01-05 04:45:00,19,4.75,29.62157,3236.791,115.8608,0,30.87364,1,1,2265.754,2265.436,0,0,0,0,0,0,0,0,0,61.38963,588.2428,0.2941214,0.3801317,0.3172331,0,250,0.3172331,2265.436,0,0,56.59939,0,30.87364,453.9108,453.8472,0.06355304,460.0323,0,1017.699,0,0,5.484502e-14,4.263256e-14
mpc,2026-01-05 05:00:00,20,5,29.56905,3260.72,160.9337,0,23.45556,1,1,2282.504,2282.187,0,0,0,0,0,0,0,0,0,65.27333,571.8319,0.2859159,0.3704079,0.3172331,0,250,0.3172331,2282.187,0,0,97.57573,0,23.45556,456.7379,456.6744,0.06347957,461.368,0,1091.054,0,0,-2.061684e-13,4.263256e-14
mpc,2026-01-05 05:15:00,21,5.25,29.72801,3286.976,199.505,0,24.35417,1,1,2300.883,2300.566,0,0,0,0,0,0,0,0,0,65.27333,555.4235,0.2777118,0.3600741,0.3172331,0,250,0.3172331,2300.566,0,0,136.147,0,24.35417,462.0323,461.9686,0.06370246,466.859,0,1168.572,0,0,-1.46716e-13,4.263256e-14
mpc,2026-01-05 05:30:00,22,5.5,29.63718,3281.079,236.7047,0,29.86041,1,1,2296.755,2296.438,0,0,0,0,0,0,0,0,0,75.72296,536.4053,0.2682027,0.3497421,0.3172331,0,250,0.3172331,2296.438,0,0,162.723,0,29.86041,460.2799,460.2163,0.06357491,466.2005,0,1213.098,0,0,-9.853229e-14,4.263256e-14
mpc,2026-01-05 05:45:00,23,5.75,29.69688,3326.901,277.002,0,53.15439,1,1,2328.831,2328.514,0,0,0,0,0,0,0,0,0,75.72296,517.3902,0.2586951,0.3377666,0.3172331,0,250,0.3172331,2328.514,0,0,203.0203,0,53.15439,467.3231,467.2594,0.06365869,477.9258,0,1306.062,0,0,8.65974e-14,4.263256e-14
mpc,2026-01-05 06:00:00,24,6,29.84467,3323.95,323.2248,1.838599,68.79683,1,1,2326.765,2326.448,0,0,0,0,0,0,0,0,0,90.81716,494.6044,0.2473022,0.325793,0.3172331,0,250,0.3172331,2326.448,0,0,234.0038,0.2424347,68.79683,468.4366,468.3728,0.06386703,482.2233,0,1368.521,0,0,-9.453549e-14,4.263256e-14
mpc,2026-01-05 06:15:00,25,6.25,29.90237,3328.336,381.4551,0,63.07866,1,1,2329.835,2329.518,0,0,0,0,0,0,0,0,0,90.81716,471.8223,0.2359111,0.3114452,0.3172331,0,250,0.3172331,2329.518,0,0,292.2341,0,63.07866,469.6548,469.5909,0.06394875,482.3065,0,1468.717,0,0,6.955547e-14,4.263256e-14
mpc,2026-01-05 06:30:00,26,6.5,29.86777,3314.362,416.664,3.456026,68.45909,1,1,2320.053,2319.736,0,0,0,0,0,0,0,0,0,111.005,443.9968,0.2219984,0.2970996,0.3172331,0,250,0.3172331,2319.736,0,0,307.2031,1.911928,68.45909,467.3244,467.2605,0.06389973,481.0501,0,1495.324,0,0,3.941292e-14,4.263256e-14
mpc,2026-01-05 06:45:00,27,6.75,29.82796,3347.086,432.6627,1.701949,40.77963,1,1,2342.96,2342.643,0,0,0,0,0,0,0,0,0,111.005,416.1756,0.2080878,0.2795782,0.3172331,0,250,0.3172331,2342.643,0,0,323.2018,0.1578515,40.77963,471.5226,471.4588,0.06384341,479.6657,0,1517.127,0,0,8.210099e-14,4.263256e-14
mpc,2026-01-05 07:00:00,28,7,29.86642,3378.485,434.3428,0,48.1101,1,1,2364.939,2364.622,0,0,0,0,0,0,0,0,0,133.5934,382.7117,0.1913559,0.2620597,0.3172331,0,250,0.3172331,2364.622,0,0,302.3674,0,48.1101,476.3515,476.2876,0.06389781,485.978,0,1493.54,0,0,-4.996004e-16,4.263256e-14
mpc,2026-01-05 07:15:00,29,7.25,30.00964,3387.441,427.1243,2.198444,38.11186,1,1,2371.209,2370.891,0,0,0,0,0,0,0,0,0,133.5934,349.2531,0.1746266,0.240988,0.3172331,0,250,0.3172331,2370.891,0,0,295.1489,0.580425,38.11186,479.1347,479.0706,0.06410123,486.7716,0,1483.676,0,0,1.965095e-14,4.263256e-14
mpc,2026-01-05 07:30:00,30,7.5,30.00782,3341.503,418.4759,4.143949,34.4511,1,1,2339.052,2338.735,149.4138,43.15011,192.564,1,151.8926,1.583432,0,0,39.08794,0,358.9701,0.1794851,0.2199196,0.3172331,0,250,0.3172331,2189.321,0,0,266.5833,2.560517,34.4511,472.618,442.364,30.25396,492.4751,0,1449.223,0,-7.105427e-15,7.605028e-14,4.263256e-14
mpc,2026-01-05 07:45:00,31,7.75,30.12678,3358.492,372.1418,0.7226678,27.98243,1,1,2350.945,2350.627,0,0,0,0,0,0,0,0,0,153.476,320.5446,0.1602723,0.2260382,0.3172331,0,250,0.3172331,2350.627,0,0,220.2492,0,27.98243,476.2801,476.2158,0.06426855,481.8848,0,1343.699,0,0,-3.250178e-14,4.263256e-14
mpc,2026-01-05 08:00:00,32,8,30.26675,3397.801,324.1559,265.8601,47.47998,1,1,2378.461,2378.144,0,0,0,0,0,0,0,0,0,168.7426,278.3085,0.1391543,0.2018423,0.3172331,0,250,0.3172331,2378.144,0,0,157.0498,264.2236,47.47998,483.3625,483.298,0.06446966,492.9471,0,1712.591,0,0,4.624079e-14,4.263256e-14
mpc,2026-01-05 08:15:00,33,8.25,30.51151,3406.565,275.4407,264.0931,74.80787,1,1,2384.596,2384.278,0,0,0,0,0,0,0,0,0,168.7426,236.079,0.1180395,0.1752468,0.3172331,0,250,0.3172331,2384.278,0,0,108.3346,262.4565,74.80787,487.2753,487.2105,0.06482435,502.497,0,1644.609,0,0,3.858025e-14,4.263256e-14
mpc,2026-01-05 08:30:00,34,8.5,30.72557,3425.913,231.333,265.3671,91.76315,1,1,2398.139,2397.822,118.9843,34.22813,153.2124,1,153.2124,0,0,0,0,38.82624,226.3353,0.1131676,0.1486555,0.3172331,0,250,0.3172331,2278.838,0,0,56.4215,248.2399,91.76315,492.4121,467.9158,24.49629,520.9857,0,1567.512,0,0,2.514655e-14,4.263256e-14
mpc,2026-01-05 08:45:00,35,8.75,30.9695,3461.361,193.0596,269.8548,78.50407,1,1,2422.953,2422.636,135.8358,39.07577,174.9115,1,174.9115,0,0,0,0,17.12714,222.0179,0.1110089,0.14252,0.3172331,0,250,0.3172331,2286.8,0,0,18.14805,252.7276,78.50407,500.2634,472.152,28.1113,527.4364,0,1522.133,0,-7.105427e-15,-3.863576e-14,4.263256e-14
mpc,2026-01-05 09:00:00,36,9,31.09274,3432.51,171.4763,278.5969,78.50727,1,1,2402.757,2402.44,117.4741,33.79369,151.2678,1,151.2678,0,0,0,0,56.75802,207.7934,0.1038967,0.1398014,0.3172331,0,250,0.3172331,2284.966,0,0,0,247.5539,78.50727,497.486,473.0976,24.38846,523.146,0,1473.323,0,-7.105427e-15,4.471423e-14,4.263256e-14
mpc,2026-01-05 09:15:00,37,9.25,31.29574,3482.053,142.1314,272.5398,92.997,1,1,2437.437,2437.12,137.4444,39.53852,176.9829,1,176.9829,0,0,0,0,31.04291,200,0.1,0.1308445,0.3172331,0,250,0.3172331,2299.675,0,0,0,241.4969,92.997,507.0104,478.3547,28.65574,537.2375,0,1491.057,0,-2.131628e-14,6.911138e-15,4.263256e-14
mpc,2026-01-05 09:30:00,38,9.5,31.62716,3455.086,101.0362,271.157,107.9383,1,1,2418.561,2418.243,462.3327,137.6673,600,4,175.9209,43.91267,0,0,380.1665,0,295.0101,0.1475051,0.1259371,0.3172331,0,250,0.3172331,1955.911,0,0,0,227.2444,107.9383,506.9282,409.9572,96.97102,570.2483,0,1532.493,0,-2.842171e-14,7.419065e-14,4.263256e-14
mpc,2026-01-05 09:45:00,39,9.75,32.05775,3489.638,73.29117,270.2224,124.9769,1,1,2442.747,2442.429,371.9181,111.6579,483.576,1,175.9209,43.91267,0,0,263.7425,0,360.8993,0.1804497,0.1857636,0.3172331,0,250,0.3172331,2070.511,0,0,0,226.3097,124.9769,517.1314,438.3288,78.80252,576.4444,0,1543.273,0,-5.684342e-14,1.032507e-14,4.263256e-14
mpc,2026-01-05 10:00:00,40,10,32.13509,3533.673,62.57873,269.4661,133.7997,1,1,2473.571,2473.254,559.8181,166.9164,726.7345,2,171.483,55.25152,0,0,500,0,485.8425,0.2429213,0.227253,0.3172331,0,250,0.3172331,1913.436,0,0,0,214.2146,133.7997,524.6017,405.8067,118.7951,601.0997,0,1571.719,0,-2.842171e-14,5.481726e-14,4.263256e-14
mpc,2026-01-05 10:15:00,41,10.25,32.58188,3544.31,57.70828,280.1597,143.64,1,1,2481.017,2480.7,559.8181,166.9164,726.7345,4,171.483,55.25152,0,0,500,0,610.766,0.305383,0.3059279,0.3172331,0,250,0.3172331,1920.882,0,0,0,224.9082,143.64,531.7233,411.6769,120.0463,609.3778,0,1606.722,0,-2.842171e-14,1.435518e-13,4.263256e-14
mpc,2026-01-05 10:30:00,42,10.5,33.00932,3581.771,57.33358,282.4542,180.836,1,1,2507.24,2506.923,562.957,168.9309,731.8879,2,166.1811,65.70682,0,0,500,0,735.6699,0.3678349,0.3845904,0.3172331,0,250,0.3172331,1943.966,0,0,0,216.7474,180.836,542.813,420.8651,121.9479,628.9467,0,1631.783,0,-2.842171e-14,-8.093526e-14,4.263256e-14
mpc,2026-01-05 10:45:00,43,10.75,33.36513,3615.755,49.4206,283.5827,190.7602,1,1,2531.029,2530.711,562.957,168.9309,731.8879,4,166.1811,65.70682,0,0,500,0,860.5541,0.430277,0.4632405,0.3172331,0,250,0.3172331,1967.754,0,0,0,217.8759,190.7602,552.6462,429.6561,122.9901,640.2392,0,1656.314,0,-2.842171e-14,1.426637e-14,4.263256e-14
mpc,2026-01-05 11:00:00,44,11,33.65559,3619.103,47.42309,289.7369,227.3642,1,0,2533.372,2533.055,0,0,0,0,0,0,0,0,0,236.6383,801.259,0.4006295,0.5418783,0.3172331,0,250,0.3172331,2533.055,0,0,0,214.1523,227.3642,557.0439,556.9741,0.06975397,606.9675,0,1583.348,0,0,4.463097e-14,4.263256e-14
mpc,2026-01-05 11:15:00,45,11.25,33.8726,3627.417,39.31394,294.5081,249.935,0,0,2539.192,2538.875,0,0,0,0,0,0,0,0,0,236.6383,741.9733,0.3709867,0.5045411,0.3172331,0,250,0.3172331,2538.875,0,0,0,218.9235,249.935,561.2697,561.1996,0.07012204,0,616.4459,3768.095,0,0,-2.108313e-13,4.263256e-14
mpc,2026-01-05 11:30:00,46,11.5,34.32174,3668.837,34.87027,298.2417,276.4933,0,0,2568.186,2567.869,0,0,0,0,0,0,0,0,0,240.9362,681.6225,0.3408112,0.4672097,0.3172331,0,250,0.3172331,2567.869,0,0,0,213.2424,276.4933,573.9466,573.8757,0.07089628,0,635.6673,3864.013,0,0,-1.934008e-13,4.263256e-14
mpc,2026-01-05 11:45:00,47,11.75,34.83336,3691.122,39.18618,304.7285,317.1487,0,0,2583.785,2583.468,0,0,0,0,0,0,0,0,0,240.9362,621.2811,0.3106406,0.4292077,0.3172331,0,250,0.3172331,2583.468,0,0,0,219.7291,317.1487,584.7878,584.716,0.07179932,0,656.4962,3989.762,0,0,-1.663114e-13,4.263256e-14
mpc,2026-01-05 12:00:00,48,12,35.31949,3718.53,50.50829,300.3916,362.7466,0,0,2602.971,2602.654,114.5972,35.40283,150,1,127.0794,0,22.92061,0,0,117.9225,591.7027,0.2958513,0.3912116,0.3172331,0,250,0.3172331,2488.057,15.52743,0,0,206.372,347.2192,596.3476,570.0204,26.32719,0,684.9721,4123.338,0,-2.131628e-14,-9.703349e-14,4.263256e-14
mpc,2026-01-05 12:15:00,49,12.25,35.73675,3736.977,40.80057,299.3448,394.4797,0,0,2615.884,2615.566,0,0,0,0,0,0,0,0,0,245.0019,530.359,0.2651795,0.3725865,0.3172331,0,250,0.3172331,2615.566,0,0,0,205.3253,394.4797,605.6748,605.6014,0.07345131,0,696.9381,4187.346,0,0,-8.160139e-14,4.263256e-14
mpc,2026-01-05 12:30:00,50,12.5,36.02378,3727.12,52.33981,297.5165,405.8727,0,0,2608.984,2608.667,133.0549,41.19763,174.2526,1,146.7693,27.48333,0,0,0,74.77017,511.583,0.2557915,0.3339593,0.3172331,0,250,0.3172331,2475.612,0,0,0,195.263,405.8727,608.5259,577.4178,31.10806,0,713.2822,4259.881,0,0,1.021405e-13,4.263256e-14
mpc,2026-01-05 12:45:00,51,12.75,36.10235,3707.156,50.12388,302.4088,422.9711,0,0,2595.009,2594.692,0,0,0,0,0,0,0,0,0,249.0228,449.2468,0.2246234,0.3221363,0.3172331,0,250,0.3172331,2594.692,0,0,0,200.1553,422.9711,606.489,606.4148,0.07414168,0,705.2689,4224.247,0,0,4.957146e-14,4.263256e-14
mpc,2026-01-05 13:00:00,52,13,36.3345,3692.437,43.8663,300.7848,444.9758,0,0,2584.706,2584.389,105.4034,44.59665,150,1,15.72244,0,134.2776,0,0,237.23,389.8686,0.1949343,0.2828841,0.3172331,0,250,0.3172331,2478.985,89.87519,0,0,190.9271,355.1006,607.7078,582.8511,24.85669,0,710.9379,4239.508,0,-2.131628e-14,-5.001555e-14,4.263256e-14
mpc,2026-01-05 13:15:00,53,13.25,36.64621,3672.314,51.82995,298.5881,465.0651,0,0,2570.62,2570.303,0,0,0,0,0,0,0,0,0,252.9524,326.5691,0.1632845,0.2454945,0.3172331,0,250,0.3172331,2570.303,0,0,0,188.7304,465.0651,609.308,609.2328,0.07519301,0,719.4661,4282.623,0,0,-4.507506e-14,4.263256e-14
mpc,2026-01-05 13:30:00,54,13.5,36.69641,3638.056,49.62518,299.5358,483.6139,0,0,2546.639,2546.322,0,0,0,0,0,0,0,0,0,256.4555,262.4038,0.1312019,0.2056358,0.3172331,0,250,0.3172331,2546.322,0,0,0,182.6474,483.6139,604.4151,604.3398,0.07529156,0,719.1199,4270.226,0,0,-1.239842e-13,4.263256e-14
mpc,2026-01-05 13:45:00,55,13.75,36.95961,3646.993,51.85721,299.3686,505.5616,0,0,2552.895,2552.578,0,0,0,0,0,0,0,0,0,249.45,200,0.1,0.1652318,0.3172331,0,250,0.3172331,2552.578,0,0,0,189.4857,505.5616,610.092,610.0162,0.0758125,0,730.8356,4346.458,0,0,-1.351696e-14,4.263256e-14
mpc,2026-01-05 14:00:00,56,14,37.2172,3644.692,50.68952,301.4961,538.3011,0,1,2551.284,2550.967,532.7026,166.362,699.0646,4,136.3947,123.4085,0,0,439.2613,0,309.7838,0.1548919,0.1259371,0.3172331,0,250,0.3172331,2018.264,0,0,0,178.0875,538.3011,613.8637,485.614,128.2497,0,781.4965,4605.432,0,0,1.098011e-13,4.263256e-14
mpc,2026-01-05 14:15:00,57,14.25,37.49829,3666.513,50.27226,302.7003,545.8915,1,1,2566.559,2566.242,115.3663,34.63373,150,1,136.3947,0,13.60526,0,0,123.4085,278.8829,0.1394415,0.1950663,0.3172331,0,250,0.3172331,2450.876,8.979659,0,0,179.2918,536.9118,622.1677,594.1245,28.04321,758.9127,0,1827.104,0,0,-3.691492e-14,4.263256e-14
mpc,2026-01-05 14:30:00,58,14.5,37.52248,3674.254,50.33691,299.0071,539.8952,1,1,2571.978,2571.661,581.8478,181.1546,763.0024,2,133.4322,129.5702,0,0,500,0,403.839,0.2019195,0.1756085,0.3172331,0,250,0.3172331,1989.813,0,0,0,169.4369,539.8952,623.8838,482.6683,141.2156,794.7851,0,1881.849,0,0,-9.889312e-14,4.263256e-14
mpc,2026-01-05 14:45:00,59,14.75,37.60498,3693.86,56.641,295.457,555.9019,1,1,2585.702,2585.385,115.1217,34.87833,150,1,133.4322,0,16.56781,0,0,129.5702,371.3829,0.1856915,0.2542915,0.3172331,0,250,0.3172331,2470.263,10.92084,0,0,165.8868,544.9811,628.5966,600.5329,28.06376,767.8987,0,1821.952,0,7.105427e-15,-6.755707e-14,4.263256e-14
mpc,2026-01-05 15:00:00,60,15,37.70534,3726.612,51.63868,291.2408,569.0652,1,1,2608.629,2608.311,114.9017,35.09834,150,1,130.7674,0,19.23258,0,0,135.159,337.5347,0.1687674,0.2338544,0.3172331,0,250,0.3172331,2493.41,12.66191,0,0,156.0819,556.4033,635.8766,607.791,28.08564,778.5176,0,1826.276,0,0,-4.238276e-14,4.263256e-14
mpc,2026-01-05 15:15:00,61,15.25,37.69775,3694.534,66.01463,288.9706,582.2594,1,1,2586.174,2585.856,0,0,0,0,0,0,0,0,0,265.9264,271,0.1355,0.2125406,0.3172331,0,250,0.3172331,2585.856,0,0,0,153.8116,582.2594,630.2748,630.1975,0.07731268,772.0996,0,1809.524,0,0,-1.232348e-14,4.263256e-14
mpc,2026-01-05 15:30:00,62,15.5,38.05651,3684.817,75.43165,296.035,584.6678,1,1,2579.372,2579.055,376.7268,123.2732,500,1,128.4468,140.1573,0,0,231.396,0,328.8063,0.1644031,0.1706447,0.3172331,0,250,0.3172331,2202.328,0,0,0,155.8777,584.6678,634.7217,541.9402,92.78153,809.0861,0,1887.061,0,0,-5.148659e-14,4.263256e-14
mpc,2026-01-05 15:45:00,63,15.75,38.10655,3670.158,83.75247,292.2665,592.7546,1,1,2569.11,2568.793,114.7101,35.28993,150,1,128.4468,0,21.55325,0,0,140.1573,293.7152,0.1468576,0.2070445,0.3172331,0,250,0.3172331,2454.083,14.12056,0,0,152.1092,578.6341,633.054,604.7101,28.34386,782.5812,0,1827.551,0,-1.421086e-14,3.735901e-14,4.263256e-14
mpc,2026-01-05 16:00:00,64,16,38.24955,3641.842,91.33766,286.0319,588.8675,1,1,2549.289,2548.972,587.4782,184.4114,771.8896,2,126.92,144.9695,0,0,500,0,418.669,0.2093345,0.1849482,0.3172331,0,250,0.3172331,1961.494,0,0,0,141.0624,588.8675,630.6144,485.2122,145.4022,815.291,0,1873.915,0,-2.842171e-14,-1.962319e-14,4.263256e-14
mpc,2026-01-05 16:15:00,65,16.25,38.29983,3606.997,100.7309,287.8106,577.6293,1,1,2524.898,2524.581,587.4782,184.4114,771.8896,2,126.92,144.9695,0,0,500,0,543.6031,0.2718015,0.2636297,0.3172331,0,250,0.3172331,1937.102,0,0,0,142.8411,577.6293,625.4362,479.8349,145.6014,807.3295,0,1861.06,0,-2.842171e-14,2.087219e-14,4.263256e-14
mpc,2026-01-05 16:30:00,66,16.5,38.57398,3608.073,122.0951,282.7708,562.2018,1,1,2525.651,2525.334,589.7368,185.5185,775.2552,2,125.9841,149.2711,0,0,500,0,668.5175,0.3342588,0.3422989,0.3172331,0,250,0.3172331,1935.597,0,0,0,133.4997,562.2018,630.3315,483.0706,147.2609,808.8989,0,1848.085,0,5.684342e-14,1.937339e-14,4.263256e-14
mpc,2026-01-05 16:45:00,67,16.75,38.79441,3610.271,142.3169,270.1306,540.6036,1,1,2527.189,2526.872,589.7368,185.5185,775.2552,2,125.9841,149.2711,0,0,500,0,793.4123,0.3967061,0.4209557,0.3172331,0,250,0.3172331,1937.135,0,0,16.33278,120.8594,540.6036,634.5554,486.3979,148.1574,807.6573,0,1851.971,0,5.684342e-14,-1.356692e-13,4.263256e-14
mpc,2026-01-05 17:00:00,68,17,38.90632,3593.762,161.4484,268.8958,533.0026,1,1,2515.633,2515.316,592.475,186.7038,779.1788,2,126.1671,153.0117,0,0,500,0,918.2874,0.4591437,0.4996001,0.3172331,0,250,0.3172331,1922.841,0,0,35.28133,115.8841,533.0026,633.6122,484.3057,149.3065,805.2568,0,1871.274,0,-1.136868e-13,4.668488e-14,4.263256e-14
mpc,2026-01-05 17:15:00,69,17.25,38.63141,3598.506,186.5885,267.6251,490.9957,1,1,2518.954,2518.637,592.475,186.7038,779.1788,2,126.1671,153.0117,0,0,500,0,1043.143,0.5215714,0.5782321,0.3172331,0,250,0.3172331,1926.162,0,0,60.4214,114.6135,490.9957,629.6529,481.475,148.1779,790.911,0,1883.757,0,-1.136868e-13,-1.588729e-13,4.263256e-14
mpc,2026-01-05 17:30:00,70,17.5,38.63714,3591.647,224.8159,271.1572,487.0457,1,1,2514.153,2513.836,595.822,188.0168,783.8388,2,127.5343,156.3045,0,0,500,0,1167.979,0.5839893,0.6568517,0.3172331,0,250,0.3172331,1918.014,0,0,97.28159,114.8526,487.0457,628.5517,479.5137,149.038,789.2944,0,1944.521,0,-5.684342e-14,-4.205525e-13,4.263256e-14
mpc,2026-01-05 17:45:00,71,17.75,38.7079,3600.494,263.5741,273.1808,448.5193,1,1,2520.346,2520.028,595.822,188.0168,783.8388,4,127.5343,156.3045,0,0,500,0,1292.795,0.6463974,0.735459,0.3172331,0,250,0.3172331,1924.206,0,0,136.0398,116.8763,448.5193,631.3283,481.9998,149.3286,782.3674,0,2001.015,0,-5.684342e-14,1.963984e-13,4.263256e-14
mpc,2026-01-05 18:00:00,72,18,38.80201,3578.181,300.3961,6.698916,417.8153,1,1,2504.727,2504.41,600.5724,189.7254,790.2978,2,130.7749,159.523,0,0,500,0,1417.591,0.7087956,0.8140539,0.3172331,0,250,0.3172331,1903.837,0,0,169.6213,0,417.8153,629.0472,478.1373,150.9098,772.7946,0,1838.186,0,2.842171e-14,-4.08451e-13,4.263256e-14
mpc,2026-01-05 18:15:00,73,18.25,38.6665,3559.34,323.4136,9.223879,394.9432,0,1,2491.538,2491.221,600.5724,189.7254,790.2978,2,130.7749,159.523,0,0,500,0,1542.368,0.771184,0.8926364,0.3172331,0,250,0.3172331,1890.648,0,0,192.6387,0,394.9432,623.4011,473.0541,150.347,0,761.5973,4521.087,0,2.842171e-14,3.597123e-13,4.263256e-14
mpc,2026-01-05 18:30:00,74,18.5,38.83277,3565.904,359.9783,4.104223,376.6794,0,0,2496.133,2495.816,0,0,0,0,0,0,0,0,0,291.097,1469.351,0.7346755,0.9712066,0.3172331,0,250,0.3172331,2495.816,0,0,224.308,0,376.6794,627.4221,627.3424,0.07973896,0,722.0236,4358.061,0,0,-2.130518e-13,4.263256e-14
mpc,2026-01-05 18:45:00,75,18.75,38.5706,3526.776,377.3978,0,354.123,0,0,2468.743,2468.426,0,0,0,0,0,0,0,0,0,291.097,1396.345,0.6981727,0.9252288,0.3172331,0,250,0.3172331,2468.426,0,0,241.7275,0,354.123,616.0715,615.9924,0.0791651,0,704.3633,4290.978,0,0,2.992051e-13,4.263256e-14
mpc,2026-01-05 19:00:00,76,19,38.38065,3515.452,400.3242,0,337.3825,0,0,2460.816,2460.499,0,0,0,0,0,0,0,0,0,293.1929,1322.827,0.6614137,0.8792583,0.3172331,0,250,0.3172331,2460.499,0,0,258.5219,0,337.3825,610.9082,610.8294,0.07875447,0,694.5861,4266.174,0,0,3.652634e-14,4.263256e-14
mpc,2026-01-05 19:15:00,77,19.25,38.38391,3517.076,412.7468,0,335.8282,0,0,2461.953,2461.636,0,0,0,0,0,0,0,0,0,293.1929,1249.321,0.6246605,0.832965,0.3172331,0,250,0.3172331,2461.636,0,0,270.9445,0,335.8282,611.2446,611.1658,0.07876146,0,694.544,4287.372,0,0,-1.318945e-13,4.263256e-14
mpc,2026-01-05 19:30:00,78,19.5,38.25495,3512.798,411.7325,0.721067,320.6477,0,0,2458.959,2458.641,0,0,0,0,0,0,0,0,0,296.0991,1175.1,0.5875498,0.7866791,0.3172331,0,250,0.3172331,2458.641,0,0,263.1422,0,320.6477,608.3586,608.2801,0.07848505,0,687.61,4235.775,0,0,-8.326673e-15,4.263256e-14
mpc,2026-01-05 19:45:00,79,19.75,38.36517,3504.554,408.9438,0,281.7919,0,0,2453.188,2452.871,0,0,0,0,0,0,0,0,0,296.0991,1100.89,0.5504449,0.739943,0.3172331,0,250,0.3172331,2452.871,0,0,260.3534,0,281.7919,608.757,608.6783,0.07872119,0,678.6047,4181.436,0,0,-2.562395e-13,4.263256e-14
mpc,2026-01-05 20:00:00,80,20,38.22163,3489.754,397.9071,0.7861919,249.7372,0,0,2442.828,2442.51,0,0,0,0,0,0,0,0,0,298.9641,1025.976,0.5129877,0.6932142,0.3172331,0,250,0.3172331,2442.51,0,0,242.7731,0,249.7372,603.8202,603.7418,0.07841394,0,665.472,4078.88,0,0,3.473888e-13,4.263256e-14
mpc,2026-01-05 20:15:00,81,20.25,37.95753,3451.511,370.4919,2.199354,217.5861,0,0,2416.058,2415.74,0,0,0,0,0,0,0,0,0,298.9641,951.073,0.4755365,0.6460417,0.3172331,0,250,0.3172331,2415.74,0,0,215.3579,0,217.5861,592.9454,592.8675,0.07785489,0,646.2672,3925.962,0,0,-2.198242e-14,4.263256e-14
mpc,2026-01-05 20:30:00,82,20.5,37.71527,3451.762,341.9342,0,198.5249,0,0,2416.233,2415.916,236.8707,104.4242,341.2949,1,0,0,341.2949,0,0,301.0794,875.6534,0.4378267,0.5988767,0.3172331,0,250,0.3172331,2179.046,224.6669,0,181.2132,0,0,589.1355,531.3034,57.83208,0,635.7276,3809.095,0,0,-1.633138e-13,4.263256e-14
mpc,2026-01-05 20:45:00,83,20.75,37.36907,3410.706,301.1592,2.151143,164.3151,0,0,2387.494,2387.177,236.8707,104.4242,341.2949,2,0,0,341.2949,0,0,301.0794,800.2457,0.4001228,0.5513861,0.3172331,0,250,0.3172331,2150.307,225.6121,0,140.4382,0,0,576.7727,519.4727,57.30004,0,623.8969,3673.689,0,0,3.630429e-14,4.263256e-14
mpc,2026-01-05 21:00:00,84,21,36.98966,3378,287.9233,0.8152139,135.8597,0,0,2364.6,2364.283,235.82,103.961,339.781,2,0,0,339.781,0,0,301.5923,724.7216,0.3623608,0.503903,0.3172331,0,250,0.3172331,2128.463,225.6427,0,123.3731,0,0,565.5399,509.0631,56.47679,0,613.0241,3584.451,0,-2.842171e-14,2.342571e-14,4.263256e-14
mpc,2026-01-05 21:15:00,85,21.25,36.85053,3355.435,242.5889,0,128.687,0,0,2348.804,2348.487,235.82,103.961,339.781,1,0,0,339.781,0,0,301.5923,649.2095,0.3246047,0.4563466,0.3172331,0,250,0.3172331,2112.667,226.0209,0,78.03874,0,0,559.7133,503.4425,56.27082,0,607.4035,3475.336,0,-2.842171e-14,6.911138e-14,4.263256e-14
mpc,2026-01-05 21:30:00,86,21.5,36.69438,3355.5,211.5618,0,118.3069,0,0,2348.85,2348.533,233.6222,102.9921,336.6143,2,0,0,336.6143,0,0,300.7568,573.9181,0.286959,0.4087977,0.3172331,0,250,0.3172331,2114.911,224.3349,0,44.66962,0,0,557.4425,501.9226,55.51983,0,604.9147,3404.086,0,-1.421086e-14,1.659783e-14,4.263256e-14
mpc,2026-01-05 21:45:00,87,21.75,36.62141,3382.05,179.9745,4.486297,115.7478,0,0,2367.435,2367.118,0,0,0,0,0,0,0,0,0,300.7568,498.6386,0.2493193,0.3613878,0.3172331,0,250,0.3172331,2367.118,0,0,13.0823,0,115.7478,560.7849,560.7097,0.07514442,0,588.1274,3257.268,0,0,-6.578071e-14,4.263256e-14
mpc,2026-01-05 22:00:00,88,22,36.2721,3394.355,159.3505,6.482502,111.9695,0,0,2376.048,2375.731,231.1547,101.9043,333.0591,1,0,0,333.0591,0,0,298.4216,423.9547,0.2119773,0.3139854,0.3172331,0,250,0.3172331,2144.576,223.0907,0,0,0,0,557.7488,503.4136,54.33526,0,605.3179,3329.249,0,-2.842171e-14,1.262324e-13,4.263256e-14
mpc,2026-01-05 22:15:00,89,22.25,36.23559,3401.743,128.9875,6.72215,83.47648,0,0,2381.22,2380.903,277.2772,115.1723,392.4495,1,59.39043,0,333.0591,0,0,239.0312,364.1301,0.1820651,0.266958,0.3172331,0,250,0.3172331,2103.626,223.188,0,0,0,0,558.4364,493.3358,65.10057,0,608.5082,3346.795,0,0,-6.07292e-14,4.263256e-14
mpc,2026-01-05 22:30:00,90,22.5,35.9335,3391.272,116.549,4.514762,81.22161,0,0,2373.891,2373.573,246.7283,105.9526,352.6809,1,23.68312,0,328.9978,0,0,271.4574,296.2085,0.1481042,0.2292874,0.3172331,0,250,0.3172331,2126.845,221.2615,0,0,0,0,552.4126,494.9242,57.48834,0,600.8768,3304.823,0,-1.421086e-14,-1.404155e-13,4.263256e-14
mpc,2026-01-05 22:45:00,91,22.75,35.86979,3367.855,108.9765,0,77.92343,0,0,2357.499,2357.181,358.0502,137.9765,496.0267,1,167.0289,0,328.9978,0,0,128.1116,264.1339,0.132067,0.1865181,0.3172331,0,250,0.3172331,1999.131,221.4292,0,0,0,0,547.7048,464.4472,83.25754,0,602.4237,3313.331,0,0,-1.092737e-13,4.263256e-14
mpc,2026-01-05 23:00:00,92,23,35.53893,3321.416,94.57931,0,82.84798,0,0,2324.991,2324.674,349.7659,135.1157,484.8815,1,160.3769,0,324.5047,0,0,130.848,231.3803,0.1156902,0.1663213,0.3172331,0,250,0.3172331,1974.908,219.2641,0,0,0,0,535.6236,454.9726,80.65096,0,590.0883,3245.486,0,-5.684342e-14,-3.419487e-14,4.263256e-14
mpc,2026-01-05 23:15:00,93,23.25,35.16757,3290.983,78.78979,0,76.97321,1,0,2303.688,2303.371,354.0157,136.3382,490.3539,1,165.8492,0,324.5047,0,0,125.3756,200,0.1,0.1456968,0.3172331,0,250,0.3172331,1949.355,220.2282,0,0,0,0,525.7681,444.8991,80.86898,581.2373,0,1162.475,0,-5.684342e-14,-1.146305e-14,4.263256e-14
mpc,2026-01-05 23:30:00,94,23.5,34.92484,3284.968,74.88235,0,63.31503,1,1,2299.478,2299.16,823.1587,283.8804,1107.039,4,164.1649,122.7081,320.1661,0,500,0,324.9685,0.1624843,0.1259371,0.3172331,0,250,0.3172331,1476.002,217.9055,0,0,0,0,521.6284,334.8258,186.8026,618.7062,0,1237.412,0,0,5.176415e-14,4.263256e-14
mpc,2026-01-05 23:45:00,95,23.75,34.78344,3320.735,58.3857,0,55.0384,1,1,2324.515,2324.198,823.1587,283.8804,1107.039,3,164.1649,122.7081,320.1661,0,500,0,449.9174,0.2249587,0.2046279,0.3172331,0,250,0.3172331,1501.039,218.2676,0,0,0,0,525.454,339.3082,186.1458,623.1886,0,1246.377,0,0,2.722822e-14,4.263256e-14
mpc,2026-01-06 00:00:00,96,0,34.5282,3319.239,57.10021,0,52.04479,1,1,2323.467,2323.15,432.3672,124.3787,556.7459,3,56.74595,0,0,0,500,0,574.8465,0.2874233,0.2833064,0.3172331,0,250,0.3172331,1890.783,0,0,0.3542552,0,52.04479,521.905,424.7139,97.19102,560.7832,0,1122.177,0,-4.263256e-14,4.574119e-14,4.263256e-14
mpc,2026-01-06 00:15:00,97,0.25,34.17808,3312.226,65.22931,0,50.67897,1,1,2318.558,2318.241,388.2985,111.7015,500,1,47.76979,0,0,0,452.2302,0,687.8136,0.3439068,0.3619724,0.3172331,0,250,0.3172331,1929.942,0,0,17.45952,0,50.67897,516.3352,429.7918,86.54345,552.7794,0,1135.676,0,0,1.691425e-13,4.263256e-14
mpc,2026-01-06 00:30:00,98,0.5,33.73443,3311.738,62.48356,0,45.20824,1,1,2318.216,2317.899,387.9591,112.0409,500,1,51.79997,4.110644,0,0,444.0894,0,798.7277,0.3993638,0.4331061,0.3172331,0,250,0.3172331,1929.94,0,0,10.68358,0,45.20824,510.7089,425.1706,85.53824,547.171,0,1112.771,0,-2.842171e-14,1.480482e-13,4.263256e-14
mpc,2026-01-06 00:45:00,99,0.75,33.2902,3260.598,41.68727,1.483756,40.4474,1,1,2282.419,2282.102,388.1175,111.8825,500,1,56.56748,2.191848,0,0,441.2407,0,908.9121,0.454456,0.5029471,0.3172331,0,250,0.3172331,1893.984,0,0,0,0,40.4474,497.4673,412.8055,84.66176,533.5038,0,1067.008,0,2.842171e-14,1.104672e-13,4.263256e-14
mpc,2026-01-06 01:00:00,100,1,33.10193,3237.283,38.96084,1.653689,42.04885,1,1,2266.098,2265.781,387.9866,112.0134,500,1,51.30221,3.777693,0,0,444.9201,0,1019.999,0.5099995,0.5723286,0.3172331,0,250,0.3172331,1877.794,0,0,0,0,42.04885,491.6908,407.4379,84.25293,528.5749,0,1057.15,0,0,-1.371125e-13,4.263256e-14
mpc,2026-01-06 01:15:00,101,1.25,32.98269,3249.305,42.34785,1.555537,40.73916,1,1,2274.514,2274.196,387.7804,112.2196,500,1,55.94951,6.274472,0,0,437.776,0,1129.283,0.5646412,0.6422784,0.3172331,0,250,0.3172331,1886.416,0,0,0,0,40.73916,492.1161,408.1469,83.96921,529.1808,0,1058.362,0,0,-1.000311e-13,4.263256e-14
mpc,2026-01-06 01:30:00,102,1.5,32.71921,3272.057,41.89752,2.734818,36.5942,1,1,2290.44,2290.122,387.7497,112.2503,500,1,60.9267,6.646545,0,0,432.4268,0,1237.211,0.6186057,0.7110926,0.3172331,0,250,0.3172331,1902.373,0,0,0,0,36.5942,492.4737,409.0344,83.43933,529.1529,0,1058.306,0,0,-2.364775e-14,4.263256e-14
mpc,2026-01-06 01:45:00,103,1.75,32.34647,3247.672,30.04007,3.28846,62.31808,1,1,2273.37,2273.053,387.8653,112.1347,500,1,53.56366,5.24665,0,0,441.1897,0,1347.314,0.673657,0.7790539,0.3172331,0,250,0.3172331,1885.188,0,0,0,0,62.31808,484.5321,401.7973,82.73482,527.214,0,1054.428,0,2.842171e-14,2.642331e-14,4.263256e-14
mpc,2026-01-06 02:00:00,104,2,32.23867,3258.284,27.01304,1.896349,66.48518,1,1,2280.799,2280.481,388.1716,111.8284,500,1,59.27388,1.537075,0,0,439.1891,0,1456.899,0.7284496,0.8483839,0.3172331,0,250,0.3172331,1892.31,0,0,0,0.3592742,66.48518,484.8898,402.2984,82.59135,528.2614,0,1057.142,0,-5.684342e-14,4.191092e-13,4.263256e-14
mpc,2026-01-06 02:15:00,105,2.25,31.85977,3205.611,40.71814,0,56.81457,1,1,2243.928,2243.61,441.3639,127.3614,568.7253,2,65.01409,3.711207,0,0,500,0,1581.67,0.7908349,0.9173881,0.3172331,0,250,0.3172331,1802.247,0,0,0,0,56.81457,472.8613,379.7861,93.07515,519.12,0,1038.24,0,4.263256e-14,4.041212e-13,4.263256e-14
mpc,2026-01-06 02:30:00,106,2.5,31.56857,3226.706,44.7464,1.116519,51.74266,1,1,2258.694,2258.377,387.9012,112.0988,500,1,52.19309,4.811811,0,0,442.9951,0,1692.17,0.8460848,0.9959543,0.3172331,0,250,0.3172331,1870.476,0,0,0,0,51.74266,472.7817,391.5212,81.26048,514.4506,0,1028.901,0,-2.842171e-14,-8.515411e-14,4.263256e-14
mpc,2026-01-06 02:45:00,107,2.75,31.46442,3268.477,27.17259,3.167357,49.99761,1,1,2287.934,2287.616,388.2985,111.7015,500,1,52.56207,0,0,0,447.4379,0,1803.763,0.9018814,1.065534,0.3172331,0,250,0.3172331,1899.318,0,0,0,3.167357,49.99761,477.7563,396.6072,81.14902,518.7491,0,1042.962,0,0,4.616307e-13,4.263256e-14
mpc,2026-01-06 03:00:00,108,3,30.99877,3259.917,43.56661,1.099976,34.60291,1,1,2281.942,2281.624,346.2019,99.59164,445.7935,1,59.70869,0,0,0,386.0848,0,1900,0.95,1.135803,0.3172331,0,250,0.3172331,1935.422,0,0,0,1.099976,34.60291,471.4624,399.8695,71.59286,506.6103,0,1015.118,0,-5.684342e-14,-3.792522e-13,4.263256e-14
mpc,2026-01-06 03:15:00,109,3.25,30.89395,3243.025,46.80576,5.190908,27.998,1,1,2270.117,2269.8,0,0,0,0,0,0,0,0,0,60.66935,1884.534,0.9422668,1.196402,0.3172331,0,250,0.3172331,2269.8,0,0,0,5.190908,27.998,467.9048,467.8394,0.06538643,473.6102,0,956.1747,0,0,2.442491e-14,4.263256e-14
mpc,2026-01-06 03:30:00,110,3.5,30.67682,3316.843,51.93421,0,11.86433,1,1,2321.79,2321.473,114.9736,35.02636,150,1,68.58676,0,18.36082,0,63.05242,0,1900,0.95,1.186663,0.3172331,0,250,0.3172331,2206.5,13.12038,0,0,0,0,476.211,452.5642,23.64674,487.5906,0,975.1811,0,-7.105427e-15,3.28626e-13,4.263256e-14
mpc,2026-01-06 03:45:00,111,3.75,30.56552,3308.045,49.4007,2.371838,7.338133,1,1,2315.632,2315.314,0,0,0,0,0,0,0,0,0,67.64425,1882.79,0.9413949,1.196402,0.3172331,0,250,0.3172331,2315.314,0,0,0,2.371838,7.338133,473.7581,473.6932,0.06490314,475.1945,0,954.4805,0,0,1.647571e-13,4.263256e-14
mpc,2026-01-06 04:00:00,112,4,30.44535,3337.222,65.90298,0,19.32955,1,1,2336.055,2335.738,0,0,0,0,0,0,0,0,0,65.40124,1866.143,0.9330716,1.185565,0.3172331,0,250,0.3172331,2335.738,0,0,0.5017404,0,19.32955,476.6476,476.5829,0.06472809,480.5269,0,961.9193,0,0,4.118927e-13,4.263256e-14
mpc,2026-01-06 04:15:00,113,4.25,30.37731,3308.531,74.79078,0,3.007966,1,1,2315.972,2315.655,0,0,0,0,0,0,0,0,0,81.02668,1845.593,0.9227964,1.175083,0.3172331,0,250,0.3172331,2315.655,0,0,0,0,3.007966,471.8293,471.7647,0.06462939,472.3775,0,944.755,0,0,-3.741452e-13,4.263256e-14
mpc,2026-01-06 04:30:00,114,4.5,30.3891,3272.913,92.94845,0,13.43609,1,1,2291.039,2290.722,0,0,0,0,0,0,0,0,0,84.5924,1824.154,0.912077,1.162143,0.3172331,0,250,0.3172331,2290.722,0,0,8.356056,0,13.43609,466.873,466.8084,0.06464647,469.5464,0,953.507,0,0,8.792966e-14,4.263256e-14
mpc,2026-01-06 04:45:00,115,4.75,30.22728,3237.092,110.6441,0,16.416,1,1,2265.964,2265.647,0,0,0,0,0,0,0,0,0,115.8608,1794.902,0.8974509,1.148643,0.3172331,0,250,0.3172331,2265.647,0,0,0,0,16.416,460.0944,460.03,0.06441282,463.3632,0,926.7263,0,0,-2.13829e-13,4.263256e-14
mpc,2026-01-06 05:00:00,116,5,30.36711,3276.52,128.8595,0,11.84603,1,1,2293.564,2293.247,0,0,0,0,0,0,0,0,0,160.9337,1754.386,0.8771929,1.130223,0.3172331,0,250,0.3172331,2293.247,0,0,0,0,11.84603,467.1574,467.0928,0.06461462,469.5056,0,939.0112,0,0,3.947953e-13,4.263256e-14
mpc,2026-01-06 05:15:00,117,5.25,30.43086,3240.358,184.2096,0,30.48681,1,1,2268.251,2267.934,154.9349,44.57002,199.505,1,199.505,0,0,0,0,0,1754.11,0.8770548,1.104711,0.3172331,0,250,0.3172331,2112.999,0,0,0,0,30.48681,462.6623,430.995,31.66728,481.7835,0,963.567,0,0,-2.109424e-14,4.263256e-14
mpc,2026-01-06 05:30:00,118,5.5,30.52564,3204.684,220.733,0,35.33504,1,1,2243.279,2242.961,0,0,0,0,0,0,0,0,0,236.7047,1694.657,0.8473286,1.104537,0.3172331,0,250,0.3172331,2242.961,0,0,0,0,35.33504,458.5438,458.479,0.06484494,465.7018,0,931.4035,0,0,-3.796963e-13,4.263256e-14
mpc,2026-01-06 05:45:00,119,5.75,30.67776,3214.728,264.47,0,32.97578,1,1,2250.309,2249.992,0,0,0,0,0,0,0,0,0,277.002,1625.14,0.81257,1.067101,0.3172331,0,250,0.3172331,2249.992,0,0,0,0,32.97578,461.5596,461.4945,0.06506749,468.2582,0,936.5163,0,0,-1.207923e-13,4.263256e-14
mpc,2026-01-06 06:00:00,120,6,30.79576,3231.144,314.2128,4.755517,47.59332,1,1,2261.801,2261.484,173.0279,49.77481,222.8027,1,222.8027,0,0,0,0,102.2607,1599.319,0.7996595,1.023327,0.3172331,0,250,0.3172331,2088.456,0,0,0,2.916918,47.59332,465.1551,429.5055,35.64963,489.0682,0,983.1681,0,0,2.109424e-14,4.263256e-14
mpc,2026-01-06 06:15:00,121,6.25,30.9367,3249.905,364.606,0.6041072,54.72841,1,1,2274.933,2274.616,684.5354,196.9198,881.4551,3,381.4551,0,0,0,500,0,1724.067,0.8620336,1.007068,0.3172331,0,250,0.3172331,1590.081,0,0,0,0.6041072,54.72841,469.3524,328.0572,141.2952,536.2682,0,1073.579,0,8.526513e-14,3.721468e-13,4.263256e-14
mpc,2026-01-06 06:30:00,122,6.5,30.99307,3242.424,394.255,2.243736,48.25898,1,1,2269.697,2269.38,0,0,0,0,0,0,0,0,0,420.12,1618.766,0.8093829,1.08562,0.3172331,0,250,0.3172331,2269.38,0,0,0,0,48.25898,468.8718,468.8063,0.06553371,478.7756,0,957.5511,0,0,3.752554e-14,4.263256e-14
mpc,2026-01-06 06:45:00,123,6.75,30.87072,3250.811,421.652,0,29.25781,1,1,2275.568,2275.251,0,0,0,0,0,0,0,0,0,434.3647,1509.92,0.7549599,1.019313,0.3172331,0,250,0.3172331,2275.251,0,0,0,0,29.25781,468.7814,468.716,0.06535201,474.7433,0,949.4866,0,0,-2.573497e-13,4.263256e-14
mpc,2026-01-06 07:00:00,124,7,30.93549,3283.39,443.5162,0,33.1493,1,1,2298.373,2298.056,387.3141,111.4184,498.7324,1,434.3428,0,0,0,64.3896,0,1525.78,0.7628897,0.9507743,0.3172331,0,250,0.3172331,1910.742,0,0,9.173415,0,33.1493,474.1753,394.2034,79.97186,512.4607,0,1040.746,0,0,-3.93241e-13,4.263256e-14
mpc,2026-01-06 07:15:00,125,7.25,30.93402,3260.558,435.068,0,26.75026,1,1,2282.391,2282.073,721.5276,207.7951,929.3227,4,427.1243,2.198444,0,0,500,0,1650.539,0.8252696,0.960761,0.3172331,0,250,0.3172331,1560.546,0,0,7.94374,0,26.75026,470.8622,321.944,148.9182,535.2577,0,1084.218,0,5.684342e-14,4.551914e-14,4.263256e-14
mpc,2026-01-06 07:30:00,126,7.5,30.86463,3299.086,404.6177,0,40.6963,1,1,2309.36,2309.043,461.0938,133.0831,594.1769,2,418.4759,4.143949,0,0,171.557,0,1693.169,0.8465844,1.03932,0.3172331,0,250,0.3172331,1847.949,0,0,0,0,40.6963,475.677,380.6366,95.04046,522.1022,0,1044.204,0,-8.526513e-14,-4.367617e-13,4.263256e-14
mpc,2026-01-06 07:45:00,127,7.75,31.03152,3346.866,379.1729,0,62.08841,1,1,2342.806,2342.489,677.8042,195.0602,872.8644,3,372.1418,0.7226678,0,0,500,0,1817.902,0.9089511,1.066164,0.3172331,0,250,0.3172331,1664.685,0,0,7.031174,0,62.08841,484.3978,344.1896,140.2082,552.0873,0,1116.303,0,0,-2.275957e-13,4.263256e-14
mpc,2026-01-06 08:00:00,128,8,31.10471,3408.975,327.669,259.3461,83.9601,1,1,2386.282,2385.965,251.7385,72.41742,324.1559,1,324.1559,0,0,0,0,265.8601,1751.151,0.8755755,1.144706,0.3172331,0,250,0.3172331,2134.227,0,0,3.513138,0,83.9601,494.2097,442.0078,52.20185,531.8138,0,1069.688,0,-1.421086e-14,1.19238e-13,4.263256e-14
mpc,2026-01-06 08:15:00,129,8.25,31.13272,3438.42,278.6898,266.5091,78.39987,1,1,2406.894,2406.577,213.9064,61.5343,275.4407,1,275.4407,0,0,0,0,264.0931,1684.852,0.842426,1.102674,0.3172331,0,250,0.3172331,2192.67,0,0,3.249048,2.416033,78.39987,498.7966,454.4017,44.395,532.1833,0,1074.139,0,-7.105427e-15,-3.259615e-13,4.263256e-14
mpc,2026-01-06 08:30:00,130,8.5,31.17396,3484.318,238.3564,265.5067,91.23321,1,1,2439.023,2438.706,752.1251,244.575,996.7001,3,231.333,265.3671,0,0,500,0,1809.587,0.9047934,1.060927,0.3172331,0,250,0.3172331,1686.58,0,0,7.023376,0.1396203,91.23321,505.9306,349.8502,156.0804,613.3499,0,1239.056,0,-1.421086e-13,-1.749711e-13,4.263256e-14
mpc,2026-01-06 08:45:00,131,8.75,31.39986,3502.538,198.7247,271.6117,89.03515,1,1,2451.777,2451.459,149.9295,43.1301,193.0596,1,193.0596,0,0,0,0,269.8548,1741.838,0.8709191,1.13947,0.3172331,0,250,0.3172331,2301.53,0,0,5.665127,1.756911,89.03515,511.2112,479.8838,31.32741,541.5783,0,1095.96,0,-2.131628e-14,-1.136868e-13,4.263256e-14
mpc,2026-01-06 09:00:00,132,9,31.64827,3552.442,148.3253,273.9385,97.52933,1,1,2486.709,2486.392,116.4895,33.51046,150,1,150,0,0,0,0,300.0731,1666.546,0.8332729,1.09681,0.3172331,0,250,0.3172331,2369.903,0,0,0,0,97.52933,521.4659,496.9714,24.49452,550.9339,0,1101.868,0,-1.421086e-14,5.528911e-14,4.263256e-14
mpc,2026-01-06 09:15:00,133,9.25,32.0317,3560.488,136.3663,277.2691,121.5624,1,1,2492.342,2492.025,610.4077,204.5699,814.9776,2,142.1314,272.5398,0,0,400.3064,0,1766.36,0.88318,1.049399,0.3172331,0,250,0.3172331,1881.617,0,0,0,4.729253,121.5624,527.311,398.0984,129.2126,628.3875,0,1264.933,0,-8.526513e-14,4.469758e-13,4.263256e-14
mpc,2026-01-06 09:30:00,134,9.5,32.24837,3622.338,114.4935,284.4688,130.1977,1,1,2535.636,2535.319,0,0,0,0,0,0,0,0,0,372.1932,1673.034,0.8365168,1.112251,0.3172331,0,250,0.3172331,2535.319,0,0,13.45734,13.31176,130.1977,539.1897,539.1222,0.06745794,566.8081,0,1179.793,0,0,3.885781e-14,4.263256e-14
mpc,2026-01-06 09:45:00,135,9.75,32.61093,3636.677,103.6454,286.0695,148.3357,1,1,2545.674,2545.356,0,0,0,0,0,0,0,0,0,343.5135,1586.892,0.7934459,1.053485,0.3172331,0,250,0.3172331,2545.356,0,0,30.35427,15.8471,148.3357,545.9541,545.886,0.06803492,577.6986,0,1235.095,0,0,1.865175e-14,4.263256e-14
mpc,2026-01-06 10:00:00,136,10,33.02594,3621.583,85.7742,283.6771,174.7896,1,1,2535.108,2534.791,0,0,0,0,0,0,0,0,0,332.0448,1503.631,0.7518154,0.9992426,0.3172331,0,250,0.3172331,2534.791,0,0,23.19547,14.21102,174.7896,549.0637,548.995,0.0687076,586.8517,0,1238.229,0,0,3.48277e-13,4.263256e-14
mpc,2026-01-06 10:15:00,137,10.25,33.41209,3632.663,85.06548,287.156,184.2149,1,1,2542.864,2542.547,0,0,0,0,0,0,0,0,0,337.868,1418.927,0.7094636,0.9468143,0.3172331,0,250,0.3172331,2542.547,0,0,27.3572,6.996291,184.2149,555.8573,555.788,0.06934556,596.0565,0,1251.373,0,0,4.557465e-13,4.263256e-14
mpc,2026-01-06 10:30:00,138,10.5,33.34461,3594.472,69.03916,289.39,200.9657,1,1,2516.13,2515.813,0,0,0,0,0,0,0,0,0,339.7878,1333.757,0.6668784,0.8934777,0.3172331,0,250,0.3172331,2515.813,0,0,11.70558,6.935839,200.9657,549.1224,549.0532,0.06923323,592.9121,0,1217.981,0,0,1.069145e-13,4.263256e-14
mpc,2026-01-06 10:45:00,139,10.75,33.75356,3644.742,62.32156,291.3123,247.6291,0,1,2551.32,2551.003,0,0,0,0,0,0,0,0,0,333.0033,1250.296,0.625148,0.8398471,0.3172331,0,250,0.3172331,2551.003,0,0,12.90096,7.729578,247.6291,562.3228,562.2529,0.06991965,0,616.8315,3428.161,0,0,2.178258e-13,4.263256e-14
mpc,2026-01-06 11:00:00,140,11,34.04796,3649.075,58.12854,290.4529,259.8508,0,0,2554.353,2554.035,0,0,0,0,0,0,0,0,0,337.16,1165.809,0.5829046,0.7872931,0.3172331,0,250,0.3172331,2554.035,0,0,10.70545,0.7160295,259.8508,567.0385,566.9681,0.0704223,0,624.6521,3455.289,0,0,-9.947598e-14,4.263256e-14
mpc,2026-01-06 11:15:00,141,11.25,34.35499,3694.897,61.61724,294.9108,274.1599,0,0,2586.428,2586.11,0,0,0,0,0,0,0,0,0,333.822,1082.17,0.5410851,0.734093,0.3172331,0,250,0.3172331,2586.11,0,0,22.3033,0.4026893,274.1599,578.496,578.4251,0.07095427,0,639.7454,3557.767,0,0,3.449463e-13,4.263256e-14
mpc,2026-01-06 11:30:00,142,11.5,34.65561,3759.714,47.77529,302.8304,302.2951,0,0,2631.8,2631.483,279.9661,123.4228,403.3889,1,0,0,403.3889,0,0,333.112,998.7219,0.4993609,0.6814267,0.3172331,0,250,0.3172331,2351.517,275.4158,0,12.90502,4.588646,26.87928,593.0305,529.8735,63.15699,0,659.3531,3656.619,0,0,2.513545e-13,4.263256e-14
mpc,2026-01-06 11:45:00,143,11.75,34.95715,3756.053,55.54435,293.7693,318.9929,0,0,2629.237,2628.92,323.0613,142.4213,465.4826,1,0,0,465.4826,0,0,343.9146,912.586,0.456293,0.6288805,0.3172331,0,250,0.3172331,2305.858,316.6877,0,16.35817,0,2.30516,596.9144,523.4979,73.41647,0,666.4425,3693.652,0,0,2.137179e-13,4.263256e-14
mpc,2026-01-06 12:00:00,144,12,35.24873,3755.716,51.60693,299.3724,350.3669,0,0,2629.001,2628.684,347.0176,152.9824,500,1,0,0,500,0,0,350.8999,824.7174,0.4123587,0.574642,0.3172331,0,250,0.3172331,2281.667,339.0051,0,1.098644,0,11.36186,601.239,521.8053,79.43367,0,677.3861,3727.519,0,0,1.835199e-13,4.263256e-14
mpc,2026-01-06 12:15:00,145,12.25,35.44943,3751.977,47.0947,305.7788,376.6018,0,0,2626.384,2626.067,347.0176,152.9824,500,1,0,0,500,0,0,340.1454,739.5512,0.3697756,0.5193125,0.3172331,0,250,0.3172331,2279.049,338.2023,0,6.294128,6.433984,38.39948,603.6884,523.8516,79.83676,0,685.6603,3793.088,0,0,-4.396483e-14,4.263256e-14
mpc,2026-01-06 12:30:00,146,12.5,35.44709,3763.86,50.67314,307.4457,384.6406,0,0,2634.702,2634.384,347.0176,152.9824,500,1,0,0,500,0,0,349.8564,651.9707,0.3259854,0.4656846,0.3172331,0,250,0.3172331,2287.367,338.2116,0,0,9.929198,46.42899,605.5644,525.7324,79.83205,0,689.3861,3808.751,0,0,-1.419975e-13,4.263256e-14
mpc,2026-01-06 12:45:00,147,12.75,35.67724,3822.474,35.78973,306.9569,406.2634,0,0,2675.732,2675.415,437.3735,192.8157,630.1892,2,0,0,630.1892,0,0,352.5326,563.7349,0.2818675,0.4105364,0.3172331,0,250,0.3172331,2238.041,425.1144,0,0,4.548103,0,618.5943,517.406,101.1884,0,710.2217,3914.065,0,0,-5.478951e-14,4.263256e-14
mpc,2026-01-06 13:00:00,148,13,35.81186,3845.209,45.1893,301.4935,436.6848,0,0,2691.646,2691.329,461.4042,203.4096,664.8138,2,0,0,664.8138,0,0,344.6511,477.4834,0.2387417,0.3549756,0.3172331,0,250,0.3172331,2229.925,447.7555,0,1.323003,0.7086649,0,624.4112,517.3005,107.1107,0,720.7101,3967.41,0,-5.684342e-14,-3.469447e-14,4.263256e-14
mpc,2026-01-06 13:15:00,149,13.25,36.18648,3835.938,40.68515,299.4737,455.9611,0,0,2685.157,2684.84,484.0385,213.3879,697.4265,2,0,0,697.4265,0,0,350.4181,389.8037,0.1949018,0.3006643,0.3172331,0,250,0.3172331,2200.801,467.6301,0,0,0.8855569,0,628.9179,515.472,113.4459,0,728.86,4010.258,0,-2.842171e-14,-8.965051e-14,4.263256e-14
mpc,2026-01-06 13:30:00,150,13.5,36.37353,3849.524,47.26373,302.5725,457.1592,0,0,2694.667,2694.35,351.1148,148.8853,500,1,49.62518,0,450.3748,0,0,299.5358,314.8584,0.1574292,0.2454537,0.3172331,0,250,0.3172331,2343.235,301.3061,0,0,3.036708,155.8531,634.2017,551.4906,82.71106,0,737.0566,4059.05,0,-2.842171e-14,-6.175616e-14,4.263256e-14
mpc,2026-01-06 13:45:00,151,13.75,36.60106,3777.634,52.79489,296.7779,461.7622,1,0,2644.344,2644.027,568.4452,244.4297,812.8748,2,51.85721,0,761.0176,0,0,299.3686,239.9667,0.1199833,0.1982617,0.3172331,0,250,0.3172331,2075.582,507.7445,0,0.937682,0,0,626.0457,491.3918,134.6539,735.8214,0,1473.26,0,-2.842171e-14,-4.052314e-14,4.263256e-14
mpc,2026-01-06 14:00:00,152,14,36.69769,3776.104,77.11805,297.6651,489.1523,1,1,2643.273,2642.955,1201.039,463.9677,1665.007,4,50.68952,301.4961,812.8215,0,500,0,364.9289,0.1824644,0.1511035,0.3172331,0,250,0.3172331,1441.916,541.6792,0,26.42853,0,0,627.3709,342.2334,285.1375,806.201,0,1657.991,0,5.684342e-14,1.490474e-14,4.263256e-14
mpc,2026-01-06 14:15:00,153,14.25,36.82971,3695.678,49.51629,300.2153,499.7582,1,1,2586.975,2586.658,613.0717,264.2917,877.3634,2,50.27226,0,827.0912,0,0,302.7003,289.1964,0.1445982,0.2297904,0.3172331,0,250,0.3172331,1973.586,550.3153,0,0,0,0,616.1324,470.0433,146.0891,734.3351,0,1468.67,0,-1.705303e-13,1.01863e-14,4.263256e-14
mpc,2026-01-06 14:30:00,154,14.5,37.01637,3733.092,44.24969,298.3164,505.9536,1,1,2613.165,2612.847,1202.803,464.7871,1667.59,4,50.33691,299.0071,818.246,0,500,0,414.1508,0.2070754,0.1821027,0.3172331,0,250,0.3172331,1410.044,543.2082,0,0,0,0,625.4284,337.4766,287.9518,802.2637,0,1604.527,0,5.684342e-14,-4.882206e-14,4.263256e-14
mpc,2026-01-06 14:45:00,155,14.75,36.99938,3674.205,63.4037,296.4297,500.8549,1,1,2571.944,2571.626,1222.657,472.7898,1695.447,4,56.641,295.457,843.3488,0,500,0,539.0856,0.2695428,0.2607847,0.3172331,0,250,0.3172331,1348.969,559.9878,0,6.762695,0.9727259,0,615.2876,322.7147,292.5728,795.5045,0,1604.353,0,1.705303e-13,-4.968248e-14,4.263256e-14
mpc,2026-01-06 15:00:00,156,15,37.20465,3695.711,55.2155,293.1819,520.0458,1,1,2586.998,2586.681,1230.437,476.8144,1707.251,4,51.63868,291.2408,864.3714,0,500,0,664.0008,0.3320004,0.3394543,0.3172331,0,250,0.3172331,1356.244,572.5275,0,3.576818,1.941124,0,622.2501,326.2172,296.033,803.0316,0,1615.582,0,5.684342e-14,-1.215139e-13,4.263256e-14
mpc,2026-01-06 15:15:00,157,15.25,37.34285,3671.863,57.12005,289.1279,532.3565,1,1,2570.304,2569.987,665.0235,285.322,950.3455,2,66.01463,0,884.3309,0,0,288.9706,591.6536,0.2958268,0.4181116,0.3172331,0,250,0.3172331,1904.964,584.7701,0,0,0.1573308,0,620.5038,459.8822,160.6216,745.2041,0,1490.68,0,-5.684342e-14,3.314016e-14,4.263256e-14
mpc,2026-01-06 15:30:00,158,15.5,37.32668,3740.426,60.21711,294.9971,540.2512,1,1,2618.298,2617.981,1271.331,492.0123,1763.343,4,75.43165,296.035,891.8765,0,500,0,716.5605,0.3582802,0.3725556,0.3172331,0,250,0.3172331,1346.65,589.8752,0,0,0,0,631.8188,324.9587,306.8601,816.971,0,1633.942,0,5.684342e-14,-7.849277e-14,4.263256e-14
mpc,2026-01-06 15:45:00,159,15.75,37.14036,3691.445,62.66946,295.452,531.7417,1,1,2584.011,2583.694,692.9806,295.5368,988.5174,3,83.75247,0,904.7649,0,0,292.2665,643.381,0.3216905,0.4512076,0.3172331,0,250,0.3172331,1890.714,599.748,0,0,3.185553,0,620.4764,454.0007,166.4756,749.5375,0,1504.57,0,0,1.922351e-13,4.263256e-14
mpc,2026-01-06 16:00:00,160,16,37.32179,3673.171,88.67587,293.7271,551.806,1,1,2571.22,2570.903,1282.659,495.1143,1777.774,4,91.33766,286.0319,900.4041,0,500,0,768.2798,0.3841399,0.4051276,0.3172331,0,250,0.3172331,1288.244,595.5504,0,0,7.695233,0,620.3779,310.8243,309.5535,805.9386,0,1625.151,0,-1.705303e-13,-4.934941e-14,4.263256e-14
mpc,2026-01-06 16:15:00,161,16.25,37.38091,3707.807,97.15426,287.6886,549.0516,1,1,2595.465,2595.148,1279.64,492.6657,1772.305,4,100.7309,287.8106,883.7639,0,500,0,893.1588,0.4465794,0.4837745,0.3172331,0,250,0.3172331,1315.508,584.1262,0,0,0,0,627.2119,317.9015,309.3104,810.5672,0,1621.134,0,-1.705303e-13,-1.189049e-13,4.263256e-14
mpc,2026-01-06 16:30:00,162,16.5,37.3941,3698.802,106.5415,283.2636,528.7122,1,1,2589.162,2588.844,1278.361,489.5606,1767.922,4,122.0951,282.7708,863.0561,0,500,0,1018.018,0.5090091,0.562409,0.3172331,0,250,0.3172331,1310.483,570.3483,0,0,0.4927871,0,625.9079,316.7982,309.1097,806.3588,0,1613.568,0,-1.705303e-13,8.248957e-14,4.263256e-14
mpc,2026-01-06 16:45:00,163,16.75,37.42988,3681.378,135.4072,283.3734,521.4809,1,1,2576.965,2576.647,1263.845,480.7554,1744.6,4,142.3169,270.1306,832.1527,0,500,0,1142.858,0.571429,0.6410311,0.3172331,0,250,0.3172331,1312.803,549.6876,0,0,13.24281,0,623.5527,317.6612,305.8915,798.4166,0,1619.677,0,1.705303e-13,3.896883e-14,4.263256e-14
mpc,2026-01-06 17:00:00,164,17,37.71606,3651.894,150.848,281.6934,510.9697,1,1,2556.326,2556.008,1270.511,481.4182,1751.929,4,161.4484,268.8958,821.5847,0,500,0,1267.678,0.633839,0.7196409,0.3172331,0,250,0.3172331,1285.498,540.8258,0,0,12.79757,0,623.3065,313.4417,309.8648,794.8599,0,1611.796,0,-5.684342e-14,-1.625366e-13,4.263256e-14
mpc,2026-01-06 17:15:00,165,17.25,37.73898,3632.731,175.1629,273.0449,470.7782,1,1,2542.912,2542.595,668.3989,272.4666,940.8655,2,186.5885,0,754.277,0,0,267.6251,1200.572,0.6002861,0.7982383,0.3172331,0,250,0.3172331,1874.196,496.3807,0,0,5.419792,0,620.4174,457.2646,163.1528,729.7313,0,1468.812,0,0,5.406786e-14,4.263256e-14
mpc,2026-01-06 17:30:00,166,17.5,37.7626,3591.166,203.0526,270.2153,457.191,1,1,2513.816,2513.499,693.9113,279.1663,973.0775,4,224.8159,0,748.2617,0,0,271.1572,1132.594,0.566297,0.7559827,0.3172331,0,250,0.3172331,1819.588,492.2808,0,0,0,0,613.7076,444.2229,169.4846,723.3892,0,1446.778,0,0,2.916556e-13,4.263256e-14
mpc,2026-01-06 17:45:00,167,17.75,37.56427,3569.206,249.8657,266.7976,440.4825,1,1,2498.445,2498.127,683.3477,269.8987,953.2463,4,263.5741,0,689.6723,0,0,273.1808,1064.12,0.5320602,0.7131778,0.3172331,0,250,0.3172331,1814.78,454.8291,0,0,0,0,606.7234,440.7019,166.0215,710.6006,0,1421.201,0,-1.705303e-13,-3.071987e-13,4.263256e-14
mpc,2026-01-06 18:00:00,168,18,37.75918,3550.869,276.0779,0,413.6156,1,1,2485.608,2485.291,1072.641,377.6585,1450.3,4,300.3961,6.698916,643.2046,0,500,0,1188.953,0.5944765,0.670061,0.3172331,0,250,0.3172331,1412.65,423.1814,0,0,0,0,606.7653,344.844,261.9214,722.5025,0,1445.005,0,5.684342e-14,2.038369e-13,4.263256e-14
mpc,2026-01-06 18:15:00,169,18.25,37.83891,3552.655,297.3694,0,394.3208,1,1,2486.858,2486.541,1067.128,372.4902,1439.619,4,323.4136,9.223879,606.9811,0,500,0,1313.766,0.6568829,0.7486662,0.3172331,0,250,0.3172331,1419.413,398.9619,0,0,0,0,608.3731,347.2383,261.1348,719.7285,0,1439.457,0,5.684342e-14,4.460876e-13,4.263256e-14
mpc,2026-01-06 18:30:00,170,18.5,37.91944,3533.268,335.399,0,368.8834,0,0,2473.287,2472.97,1073.313,370.867,1444.18,4,359.9783,4.104223,580.0978,0,500,0,1438.559,0.7192795,0.827259,0.3172331,0,250,0.3172331,1399.657,380.918,0,0,0,0,606.3671,343.1489,263.2182,0,714.0159,3927.088,0,5.684342e-14,3.034239e-13,4.263256e-14
mpc,2026-01-06 18:45:00,171,18.75,37.84882,3534.223,354.207,0,351.1623,0,0,2473.956,2473.639,466.5837,192.0135,658.5972,2,114.993,0,543.6042,0,0,262.4048,1372.731,0.6863656,0.9058395,0.3172331,0,250,0.3172331,2007.055,357.2618,0,0,0,0,605.378,491.1272,114.2508,0,683.1407,3757.274,0,-2.842171e-14,2.730038e-13,4.263256e-14
mpc,2026-01-06 19:00:00,172,19,37.87487,3470.249,371.7956,0,329.5382,0,0,2429.174,2428.857,358.6088,158.0924,516.7012,2,0,0,516.7012,0,0,400.3242,1272.434,0.6362171,0.8643888,0.3172331,0,250,0.3172331,2070.248,339.4732,0,0,0,0,594.8369,506.9459,87.89097,0,665.0383,3657.711,0,0,4.42868e-13,4.263256e-14
mpc,2026-01-06 19:15:00,173,19.25,37.81237,3491.816,390.3267,3.884077,319.784,0,0,2444.271,2443.954,347.0176,152.9824,500,1,0,0,500,0,0,412.7468,1169.047,0.5845236,0.8012331,0.3172331,0,250,0.3172331,2096.936,328.7505,0,0,3.884077,0,597.5279,512.6182,84.90967,0,665.6006,3667.503,0,0,2.711165e-13,4.263256e-14
mpc,2026-01-06 19:30:00,174,19.5,37.76532,3480.912,393.6317,1.564488,274.4989,0,0,2436.638,2436.321,340.297,150.0196,490.3167,1,0,0,490.3167,0,0,412.4536,1065.75,0.5328748,0.7361318,0.3172331,0,250,0.3172331,2096.024,322.5683,0,0,0.8434208,0,594.9094,511.7478,83.16155,0,661.7675,3641.176,0,-2.842171e-14,1.845191e-13,4.263256e-14
mpc,2026-01-06 19:45:00,175,19.75,37.6028,3500.247,381.2688,0.8824252,271.8432,0,0,2450.173,2449.856,299.4639,132.0184,431.4823,1,0,0,431.4823,0,0,408.9438,963.346,0.481673,0.6710869,0.3172331,0,250,0.3172331,2150.392,284.4235,0,0,0.8824252,0,595.6141,522.7401,72.87398,0,654.7585,3602.694,0,-2.842171e-14,-3.042011e-14,4.263256e-14
mpc,2026-01-06 20:00:00,176,20,37.25457,3483.87,372.1094,0,240.8496,0,0,2438.709,2438.392,264.9331,116.7955,381.7286,1,7.477634e-06,0,381.7286,0,0,398.6933,863.521,0.4317605,0.6066048,0.3172331,0,250,0.3172331,2173.459,252.6904,0,0,0,0,587.3581,523.4731,63.885,0,640.2686,3521.477,0,1.421086e-14,-1.154632e-13,4.263256e-14
mpc,2026-01-06 20:15:00,177,20.25,37.22105,3451.544,345.4867,0,215.607,0,0,2416.081,2415.764,230.0827,101.4317,331.5144,1,0,0,331.5144,0,0,372.6913,770.2122,0.3851061,0.5437465,0.3172331,0,250,0.3172331,2185.681,219.5393,0,0,0,0,581.3919,525.9498,55.44211,0,627.3815,3450.598,0,-2.842171e-14,6.961098e-14,4.263256e-14
mpc,2026-01-06 20:30:00,178,20.5,36.78737,3429.653,324.28,0.8494183,182.5381,0,0,2400.757,2400.44,273.9445,110.8673,384.8118,1,83.22962,0,301.5822,0,0,258.7046,705.4148,0.3527074,0.4849913,0.3172331,0,250,0.3172331,2126.495,200.7636,0,0,0.8494183,0,571.1479,505.9002,65.24777,0,616.7675,3393.686,0,1.421086e-14,-1.648681e-14,4.263256e-14
mpc,2026-01-06 20:45:00,179,20.75,36.56575,3375.939,286.9652,3.216495,169.5282,0,0,2363.158,2362.84,172.5148,76.053,248.5678,1,0,0,248.5678,0,0,303.3104,629.4762,0.3147381,0.4441894,0.3172331,0,250,0.3172331,2190.326,165.9126,0,0,1.065352,3.615651,558.9611,518.0809,40.88022,0,594.9891,3274.278,0,-1.421086e-14,-2.16771e-13,4.263256e-14
mpc,2026-01-06 21:00:00,180,21,36.3379,3355.28,255.413,0,161.8646,0,0,2348.696,2348.379,141.9875,62.59504,204.5825,1,0,0,204.5825,0,0,288.7385,557.1925,0.2785962,0.3963719,0.3172331,0,250,0.3172331,2206.391,136.9264,0,0,0,24.93814,552.2664,518.8053,33.46117,0,587.2642,3229.953,0,-7.105427e-15,-1.534328e-13,4.263256e-14
mpc,2026-01-06 21:15:00,181,21.25,35.99102,3347.724,239.5796,0,149.9872,0,0,2343.407,2343.089,134.2662,59.19114,193.4574,1,0,0,193.4574,0,0,242.5889,496.4575,0.2482288,0.3508559,0.3172331,0,250,0.3172331,2208.823,130.0172,0,0,0,19.96999,546.1228,514.7586,31.36421,0,578.6037,3182.32,0,0,-9.875434e-14,4.263256e-14
mpc,2026-01-06 21:30:00,182,21.5,35.85191,3338.638,199.0904,0,132.6766,0,0,2337.046,2336.729,123.2047,54.3147,177.5194,1,0,0,177.5194,0,0,211.5618,443.4889,0.2217445,0.312612,0.3172331,0,250,0.3172331,2213.524,119.5034,0,0,0,13.17328,542.7054,514.0213,28.68408,0,571.395,3142.673,0,-7.105427e-15,-7.382983e-14,4.263256e-14
mpc,2026-01-06 21:45:00,183,21.75,35.59725,3283.356,170.3761,0,98.29167,0,0,2298.349,2298.032,120.4342,53.09328,173.5274,1,0,0,173.5274,0,0,184.4608,397.3039,0.198652,0.2792585,0.3172331,0,250,0.3172331,2177.598,117.1695,0,0,0,0,530.2696,502.4101,27.85947,0,555.5034,3055.269,0,0,-7.721601e-14,4.263256e-14
mpc,2026-01-06 22:00:00,184,22,35.30461,3293.599,152.7523,0,90.59499,0,0,2305.52,2305.202,116.0169,51.14593,167.1628,1,0,0,167.1628,0,0,165.833,355.7831,0.1778916,0.2501765,0.3172331,0,250,0.3172331,2189.186,113.2634,0,0,0,0,528.0026,501.3602,26.64246,0,552.5061,3038.784,0,-7.105427e-15,-8.532064e-14,4.263256e-14
mpc,2026-01-06 22:15:00,185,22.25,35.13061,3261.349,136.7338,0,79.8568,0,0,2282.944,2282.627,0,0,0,0,0,0,0,0,0,135.7096,321.7997,0.1608999,0.2240314,0.3172331,0,250,0.3172331,2282.627,0,0,7.746291,0,79.8568,520.5507,520.4784,0.07233461,0,538.6871,2976.141,0,0,6.558642e-14,4.263256e-14
mpc,2026-01-06 22:30:00,186,22.5,34.8205,3255.161,119.2324,0,74.76954,0,0,2278.613,2278.296,0,0,0,0,0,0,0,0,0,121.0637,291.4831,0.1457416,0.2026326,0.3172331,0,250,0.3172331,2278.296,0,0,2.683444,0,74.76954,515.553,515.4812,0.07177633,0,532.3984,2932.82,0,0,-5.984102e-14,4.263256e-14
mpc,2026-01-06 22:45:00,187,22.75,34.74937,3277.228,99.81161,0,59.5316,0,0,2294.059,2293.742,0,0,0,0,0,0,0,0,0,108.9765,264.1931,0.1320966,0.1835427,0.3172331,0,250,0.3172331,2293.742,0,0,0,0,59.5316,518.1307,518.059,0.07164949,0,531.5047,2923.276,0,0,3.447243e-14,4.263256e-14
mpc,2026-01-06 23:00:00,188,23,34.53727,3253.145,94.55246,0,59.58576,0,0,2277.201,2276.884,0,0,0,0,0,0,0,0,0,94.57931,240.5067,0.1202534,0.1663585,0.3172331,0,250,0.3172331,2276.884,0,0,0,0,59.58576,511.6271,511.5559,0.07127391,0,524.9432,2887.188,0,0,-1.101896e-14,4.263256e-14
mpc,2026-01-06 23:15:00,189,23.25,34.21489,3248.39,78.15029,0.2120474,44.18135,0,0,2273.873,2273.556,0,0,0,0,0,0,0,0,0,78.78979,220.7714,0.1103857,0.1514436,0.3172331,0,250,0.3172331,2273.556,0,0,0,0.2120474,44.18135,506.8412,506.7705,0.07071053,0,516.6184,2841.767,0,0,-1.257328e-14,4.263256e-14
mpc,2026-01-06 23:30:00,190,23.5,33.70122,3235.669,85.5303,2.980129,41.71783,1,1,2264.968,2264.651,511.0166,156.8938,667.9104,2,74.88235,0,93.02808,0,500,0,345.7366,0.1728683,0.1390165,0.3172331,0,250,0.3172331,1753.634,64.22568,0,10.64796,2.980129,0,498.5769,386.0193,112.5576,542.9131,0,1109.335,0,5.684342e-14,8.326673e-16,4.263256e-14
mpc,2026-01-06 23:45:00,191,23.75,33.27408,3250.666,76.37037,3.22055,42.95287,1,1,2275.466,2275.149,388.2985,111.7015,500,1,58.3857,0,0,0,441.6143,0,456.0858,0.2280429,0.2177053,0.3172331,0,250,0.3172331,1886.85,0,0,17.98467,3.22055,42.95287,495.7603,411.0918,84.66848,532.1516,0,1100.882,0,-4.263256e-14,1.106615e-13,4.263256e-14
mpc,2026-01-07 00:00:00,192,0,33.16184,3217.749,56.289,7.873178,48.48389,1,1,2252.424,2252.107,388.2985,111.7015,500,1,56.9895,0,0,0,443.0105,0,566.7666,0.2833833,0.2871905,0.3172331,0,250,0.3172331,1863.809,0,0,0,7.873178,48.48389,489.4236,404.9823,84.44134,527.2188,0,1068.019,0,-1.421086e-14,-1.980083e-13,4.263256e-14
mpc,2026-01-07 00:15:00,193,0.25,32.90175,3180.526,73.53492,5.106754,54.77472,1,1,2226.368,2226.051,388.2985,111.7015,500,1,59.77321,0,0,0,440.2268,0,676.7341,0.3383671,0.3568846,0.3172331,0,250,0.3172331,1837.753,0,0,13.76171,5.106754,54.77472,480.7732,396.8536,83.91963,520.3834,0,1073.315,0,0,-2.168821e-13,4.263256e-14
mpc,2026-01-07 00:30:00,194,0.5,32.61479,3136.662,63.0942,4.595505,48.80601,1,1,2195.663,2195.346,435.1218,125.3077,560.4295,2,59.14494,1.284576,0,0,500,0,801.6276,0.4008138,0.4261295,0.3172331,0,250,0.3172331,1760.224,0,0,3.949263,3.310929,48.80601,470.9326,377.5383,93.3943,513.3141,0,1039.152,0,7.105427e-14,3.652634e-14,4.263256e-14
mpc,2026-01-07 00:45:00,195,0.75,32.58318,3212.837,62.86223,7.432442,13.75799,1,1,2248.986,2248.669,425.4673,122.5751,548.0424,2,46.33734,1.705035,0,0,500,0,926.5014,0.4632507,0.5047731,0.3172331,0,250,0.3172331,1823.202,0,0,16.52489,5.727407,13.75799,482.01,390.7545,91.25551,516.2782,0,1070.942,0,1.421086e-14,1.250111e-13,4.263256e-14
mpc,2026-01-07 01:00:00,196,1,32.17343,3234.199,66.48808,0,17.06014,1,1,2263.939,2263.622,423.1588,121.9762,545.135,3,42.81752,2.31744,0,0,500,0,1051.355,0.5256778,0.5834043,0.3172331,0,250,0.3172331,1840.463,0,0,23.67056,0,17.06014,480.5723,390.6799,89.89238,516.2775,0,1073.387,0,2.842171e-14,-1.972866e-13,4.263256e-14
mpc,2026-01-07 01:15:00,197,1.25,31.86331,3275.758,69.94674,0,13.01248,1,1,2293.031,2292.714,426.5897,123.0389,549.6286,2,46.59837,3.030204,0,0,500,0,1176.19,0.588095,0.6620232,0.3172331,0,250,0.3172331,1866.124,0,0,23.34837,0,13.01248,483.2484,393.2792,89.96917,519.0604,0,1078.397,0,-1.421086e-14,-1.637579e-13,4.263256e-14
mpc,2026-01-07 01:30:00,198,1.5,31.57654,3256.531,58.66371,0,12.21584,1,1,2279.572,2279.254,428.2005,123.6008,551.8014,3,47.84414,3.957233,0,0,500,0,1301.005,0.6505024,0.7406296,0.3172331,0,250,0.3172331,1851.054,0,0,10.81957,0,12.21584,477.2392,387.527,89.71225,513.6852,0,1046.034,0,0,-2.242651e-13,4.263256e-14
mpc,2026-01-07 01:45:00,199,1.75,31.43684,3280.285,52.41511,0,24.1656,1,1,2296.2,2295.883,420.0434,121.2482,541.2916,2,37.3912,3.900394,0,0,500,0,1425.8,0.7129,0.8192237,0.3172331,0,250,0.3172331,1875.839,0,0,15.02391,0,24.1656,479.1788,391.4565,87.72228,517.7477,0,1061.412,0,-1.421086e-14,2.29039e-13,4.263256e-14
mpc,2026-01-07 02:00:00,200,2,31.14293,3258.016,52.89162,2.329836,39.17475,1,1,2280.611,2280.294,418.3442,120.5344,538.8786,3,37.09455,1.784076,0,0,500,0,1550.576,0.7752878,0.8978054,0.3172331,0,250,0.3172331,1861.949,0,0,15.79707,0.5457599,39.17475,472.7362,385.954,86.78219,514.6088,0,1057.409,0,0,1.331157e-13,4.263256e-14
mpc,2026-01-07 02:15:00,201,2.25,30.86717,3221.661,75.78362,0,56.7138,1,1,2255.163,2254.846,426.6213,122.8491,549.4704,2,48.31062,1.159752,0,0,500,0,1675.332,0.8376657,0.9763747,0.3172331,0,250,0.3172331,1828.224,0,0,27.473,0,56.7138,464.5404,376.5955,87.94495,511.127,0,1069.645,0,-7.105427e-14,-6.317169e-14,4.263256e-14
mpc,2026-01-07 02:30:00,202,2.5,30.47489,3248.537,72.55774,0,51.64289,1,1,2273.976,2273.659,426.432,122.9128,549.3448,2,47.07349,2.271298,0,0,500,0,1800.068,0.9000339,1.054932,0.3172331,0,250,0.3172331,1847.227,0,0,25.48425,0,51.64289,464.2888,377.1573,87.13147,510.6143,0,1065.189,0,2.842171e-14,-2.173817e-13,4.263256e-14
mpc,2026-01-07 02:45:00,203,2.75,30.40123,3240.736,66.71599,0,48.65563,1,1,2268.515,2268.198,189.7513,54.81711,244.5684,1,35.1068,2.177558,0,0,207.284,0,1851.605,0.9258027,1.133476,0.3172331,0,250,0.3172331,2078.447,0,0,31.60919,0,48.65563,462.4088,423.6657,38.74312,488.4007,0,1031.327,0,0,-4.363177e-13,4.263256e-14
mpc,2026-01-07 03:00:00,204,3,30.34884,3249.798,65.52732,0,67.73234,1,1,2274.858,2274.541,189.5138,54.5977,244.1115,1,48.61101,0.7562338,0,0,194.7443,0,1900,0.95,1.165929,0.3172331,0,250,0.3172331,2085.027,0,0,16.91631,0,67.73234,463.1578,424.5085,38.64932,492.8964,0,1014.973,0,0,4.547473e-13,4.263256e-14
mpc,2026-01-07 03:15:00,205,3.25,30.14161,3262.071,71.38202,0,49.23067,1,1,2283.45,2283.133,0,0,0,0,0,0,0,0,0,54.70688,1886.024,0.9430121,1.196402,0.3172331,0,250,0.3172331,2283.133,0,0,20.24389,0,49.23067,462.7593,462.695,0.06428981,472.672,0,980.2647,0,0,-3.508305e-14,4.263256e-14
mpc,2026-01-07 03:30:00,206,3.5,30.03261,3277.376,83.84168,0,48.48696,1,1,2294.164,2293.846,0,0,0,0,0,0,0,0,0,57.13813,1871.443,0.9357214,1.187602,0.3172331,0,250,0.3172331,2293.846,0,0,26.70355,0,48.48696,463.8035,463.7394,0.06413397,473.5418,0,993.1472,0,0,3.421707e-13,4.263256e-14
mpc,2026-01-07 03:45:00,207,3.75,29.74873,3269.584,80.86662,0,59.2697,1,1,2288.709,2288.391,0,0,0,0,0,0,0,0,0,56.73245,1856.965,0.9284825,1.17842,0.3172331,0,250,0.3172331,2288.391,0,0,25.76481,0,59.2697,459.7979,459.7342,0.06373163,471.6414,0,987.7271,0,0,-4.023448e-13,4.263256e-14
mpc,2026-01-07 04:00:00,208,4,29.58932,3209.51,79.54939,0,46.20091,1,1,2246.657,2246.34,0,0,0,0,0,0,0,0,0,65.74619,1840.236,0.9201181,1.169304,0.3172331,0,250,0.3172331,2246.34,0,0,13.8032,0,46.20091,449.7655,449.702,0.06350791,458.9511,0,941.7128,0,0,2.673417e-13,4.263256e-14
mpc,2026-01-07 04:15:00,209,4.25,29.68698,3192.224,85.35039,0,40.97172,1,1,2234.557,2234.24,0,0,0,0,0,0,0,0,0,76.7395,1820.762,0.9103808,1.15877,0.3172331,0,250,0.3172331,2234.24,0,0,8.61089,0,40.97172,448.3072,448.2436,0.06364478,456.4635,0,927.7808,0,0,2.056133e-13,4.263256e-14
mpc,2026-01-07 04:30:00,210,4.5,29.63652,3225.904,98.36731,0,27.83846,1,1,2258.133,2257.816,0,0,0,0,0,0,0,0,0,90.33718,1797.891,0.8989453,1.146507,0.3172331,0,250,0.3172331,2257.816,0,0,8.030122,0,27.83846,452.5332,452.4696,0.06357399,458.0485,0,929.949,0,0,-3.306244e-13,4.263256e-14
mpc,2026-01-07 04:45:00,211,4.75,29.88493,3290.74,130.2686,0,22.23815,1,1,2303.518,2303.201,0,0,0,0,0,0,0,0,0,112.2743,1769.539,0.8847695,1.132105,0.3172331,0,250,0.3172331,2303.201,0,0,17.99424,0,22.23815,464.1702,464.1063,0.06392403,468.5874,0,968.2149,0,0,7.793766e-14,4.263256e-14
mpc,2026-01-07 05:00:00,212,5,29.74283,3292.368,163.3105,0.3696285,39.8212,1,1,2304.657,2304.34,0,0,0,0,0,0,0,0,0,138.8827,1734.54,0.8672699,1.114253,0.3172331,0,250,0.3172331,2304.34,0,0,24.42789,0.3696285,39.8212,462.9418,462.878,0.06372332,470.877,0,984.5298,0,0,-1.025846e-13,4.263256e-14
mpc,2026-01-07 05:15:00,213,5.25,29.79699,3332.767,203.6875,0,53.49584,1,1,2332.937,2332.62,0,0,0,0,0,0,0,0,0,188.9894,1687.019,0.8435097,1.092214,0.3172331,0,250,0.3172331,2332.62,0,0,14.6981,0,53.49584,469.1837,469.1199,0.06379966,479.8786,0,985.1114,0,0,1.116884e-13,4.263256e-14
mpc,2026-01-07 05:30:00,214,5.5,29.76618,3268.605,256.3955,0,36.70929,1,1,2288.024,2287.706,0,0,0,0,0,0,0,0,0,225.7242,1630.323,0.8151614,1.062291,0.3172331,0,250,0.3172331,2287.706,0,0,30.67135,0,36.70929,459.8377,459.7739,0.06375621,467.1516,0,987.2113,0,0,1.050271e-13,4.263256e-14
mpc,2026-01-07 05:45:00,215,5.75,29.85181,3321.08,293.8095,0,39.72097,1,1,2324.756,2324.439,0,0,0,0,0,0,0,0,0,268.3863,1562.97,0.7814848,1.02659,0.3172331,0,250,0.3172331,2324.439,0,0,25.42327,0,39.72097,468.1061,468.0423,0.06387713,476.0403,0,995.9358,0,0,-1.805223e-13,4.263256e-14
mpc,2026-01-07 06:00:00,216,6,29.87888,3296.615,343.7687,0,31.86127,1,1,2307.63,2307.313,232.9791,67.02092,300,2,300,0,0,0,0,20.87303,1557.505,0.7787527,0.984179,0.3172331,0,250,0.3172331,2074.334,0,0,26.73966,0,31.86127,464.9365,417.9325,47.00405,491.3727,0,1028.871,0,-2.842171e-14,2.479128e-13,4.263256e-14
mpc,2026-01-07 06:15:00,217,6.25,29.85089,3282.905,383.4329,0,15.38283,1,1,2298.034,2297.717,388.2642,111.7358,500,1,369.8714,0.4153237,0,0,129.7133,0,1589.688,0.7948442,0.9807383,0.3172331,0,250,0.3172331,1909.452,0,0,13.56157,0,15.38283,462.716,384.474,78.24204,499.3072,0,1022.008,0,-5.684342e-14,-4.358736e-13,4.263256e-14
mpc,2026-01-07 06:30:00,218,6.5,29.80093,3293.508,408.4468,0,24.44414,1,1,2305.456,2305.139,701.7342,202.1462,903.8804,2,401.2578,2.622577,0,0,500,0,1714.438,0.8572191,1.001003,0.3172331,0,250,0.3172331,1603.404,0,0,7.188995,0,24.44414,463.6973,322.4934,141.2039,529.556,0,1071.513,0,-5.684342e-14,-6.483703e-14,4.263256e-14
mpc,2026-01-07 06:45:00,219,6.75,30.28053,3320.657,424.0264,0,23.87489,1,1,2324.46,2324.143,0,0,0,0,0,0,0,0,0,425.6247,1607.762,0.8038811,1.079557,0.3172331,0,250,0.3172331,2324.143,0,0,0,0,23.87489,472.5336,472.4691,0.06448951,477.3226,0,954.6451,0,0,3.523848e-13,4.263256e-14
mpc,2026-01-07 07:00:00,220,7,30.36165,3306.325,428.6212,0,47.19909,1,1,2314.428,2314.111,342.2071,98.44246,440.6495,1,440.6495,0,0,0,0,0,1607.509,0.8037545,1.012384,0.3172331,0,250,0.3172331,1971.904,0,0,0,0,47.19909,471.3493,401.5918,69.75745,509.6467,0,1019.293,0,-2.842171e-14,-7.438494e-14,4.263256e-14
mpc,2026-01-07 07:15:00,221,7.25,30.20665,3355.787,422.2871,0,52.05275,1,1,2349.051,2348.734,388.2417,111.7583,500,1,432.5856,0.6870136,0,0,66.72741,0,1623.938,0.8119689,1.012225,0.3172331,0,250,0.3172331,1960.492,0,0,0,0,52.05275,476.7452,397.8862,78.85891,520.2087,0,1040.417,0,-1.421086e-14,-1.039169e-13,4.263256e-14
mpc,2026-01-07 07:30:00,222,7.5,30.24881,3334.839,408.1018,2.120977,59.30077,1,1,2334.388,2334.07,388.1916,111.8084,500,1,408.9484,1.294984,0,0,89.75663,0,1646.121,0.8230607,1.02257,0.3172331,0,250,0.3172331,1945.879,0,0,0,0.8259926,59.30077,474.2155,395.2925,78.923,519.1475,0,1039.72,0,-4.263256e-14,2.011724e-13,4.263256e-14
mpc,2026-01-07 07:45:00,223,7.75,30.47949,3363.133,380.6687,5.764526,77.97554,1,1,2354.193,2353.876,388.2798,111.7202,500,1,376.9757,0.2258337,0,0,122.7985,0,1676.562,0.8382809,1.036539,0.3172331,0,250,0.3172331,1965.596,0,0,3.693022,5.538692,77.97554,480.7168,401.3668,79.34995,529.0093,0,1073.943,0,0,-1.851852e-13,4.263256e-14
mpc,2026-01-07 08:00:00,224,8,30.56987,3362.74,337.9445,263.7544,69.38331,1,1,2353.918,2353.601,253.6141,72.957,326.5711,1,326.5711,0,0,0,0,261.3817,1610.953,0.8054762,1.055706,0.3172331,0,250,0.3172331,2099.987,0,0,11.3734,2.372697,69.38331,481.6384,429.6812,51.95725,516.8348,0,1057.382,0,-2.842171e-14,-3.392842e-13,4.263256e-14
mpc,2026-01-07 08:15:00,225,8.25,30.91663,3395.072,297.3969,270.1064,88.72873,1,1,2376.55,2376.233,215.6411,62.03332,277.6744,1,277.6744,0,0,0,0,265.7541,1544.26,0.7721302,1.014393,0.3172331,0,250,0.3172331,2160.592,0,0,19.72247,4.352319,88.72873,490.0942,445.5591,44.53511,525.8901,0,1093.309,0,-7.105427e-15,-1.84297e-14,4.263256e-14
mpc,2026-01-07 08:30:00,226,8.5,31.22702,3366.296,249.2643,272.8077,57.1422,1,1,2356.407,2356.09,183.4024,52.75923,236.1616,1,236.1616,0,0,0,0,265.4631,1477.651,0.7388257,0.9723981,0.3172331,0,250,0.3172331,2172.688,0,0,13.10275,7.344627,57.1422,489.386,451.2305,38.15546,515.8572,0,1066.986,0,-1.421086e-14,3.839151e-13,4.263256e-14
mpc,2026-01-07 08:45:00,227,8.75,31.39742,3374.507,205.7651,274.9057,72.31526,1,1,2362.155,2361.837,152.9541,44.00021,196.9544,1,196.9544,0,0,0,0,271.0627,1409.653,0.7048266,0.9304555,0.3172331,0,250,0.3172331,2208.883,0,0,8.810746,3.843006,72.31526,492.4969,460.5406,31.95628,519.6182,0,1061.064,0,0,2.234879e-13,4.263256e-14
mpc,2026-01-07 09:00:00,228,9,31.53785,3377.998,164.3609,284.4431,96.36325,1,1,2364.599,2364.281,365.5614,134.4386,500,1,155.56,275.3942,0,0,69.04575,0,1426.693,0.7133464,0.887638,0.3172331,0,250,0.3172331,1998.72,0,0,8.800863,9.048867,96.36325,494.5994,418.0691,76.53027,572.6638,0,1176.118,0,0,4.163336e-13,4.263256e-14
mpc,2026-01-07 09:15:00,229,9.25,31.6204,3441.461,147.2705,283.558,112.3727,1,1,2409.023,2408.705,365.5287,134.4713,500,1,138.1679,275.7912,0,0,86.04089,0,1447.978,0.7239892,0.8983675,0.3172331,0,250,0.3172331,2043.177,0,0,9.102556,7.766807,112.3727,504.8503,428.1813,76.66903,586.2021,0,1201.504,0,0,4.195533e-13,4.263256e-14
mpc,2026-01-07 09:30:00,230,9.5,31.75405,3413.531,130.0073,276.1513,139.2957,1,1,2389.472,2389.154,334.5758,126.0474,460.6232,1,110.2881,280.3089,0,0,70.02622,0,1465.257,0.7326285,0.9117707,0.3172331,0,250,0.3172331,2054.579,0,0,19.71925,0,139.2957,502.3006,431.9013,70.39923,587.2307,0,1208.477,0,4.263256e-14,-7.394085e-14,4.263256e-14
mpc,2026-01-07 09:45:00,231,9.75,31.79707,3499.322,100.4828,282.938,126.7833,1,1,2449.525,2449.208,0,0,0,0,0,0,0,0,0,375.277,1371.207,0.6856035,0.9226508,0.3172331,0,250,0.3172331,2449.208,0,0,6.323106,1.82076,126.7833,515.4375,515.3708,0.06675328,542.0489,0,1098.146,0,0,-2.364775e-14,4.263256e-14
mpc,2026-01-07 10:00:00,232,10,32.19857,3512.854,90.24699,284.3811,132.7098,1,1,2458.998,2458.681,0,0,0,0,0,0,0,0,0,357.7618,1281.551,0.6407754,0.863429,0.3172331,0,250,0.3172331,2458.681,0,0,11.72137,5.144932,132.7098,522.2846,522.2172,0.06737946,550.4044,0,1129.903,0,0,1.433298e-13,4.263256e-14
mpc,2026-01-07 10:15:00,233,10.25,32.6544,3545.814,78.52709,286.6882,162.5061,1,1,2482.07,2481.753,0,0,0,0,0,0,0,0,0,361.486,1190.977,0.5954888,0.8069737,0.3172331,0,250,0.3172331,2481.753,0,0,2.010735,1.718567,162.5061,532.8599,532.7918,0.06810476,567.6792,0,1141.791,0,0,-4.765077e-13,4.263256e-14
mpc,2026-01-07 10:30:00,234,10.5,32.74248,3503.84,67.18282,285.3129,175.1791,1,1,2452.688,2452.37,421.8191,178.1809,600,4,65.38116,254.14,280.4789,0,0,33.08262,1182.519,0.5912597,0.7499411,0.3172331,0,250,0.3172331,2030.551,195.7911,0,1.801655,0,0,527.6495,436.8349,90.81468,615.0158,0,1233.139,0,5.684342e-14,1.187939e-13,4.263256e-14
mpc,2026-01-07 10:45:00,235,10.75,32.84711,3519.525,67.18498,289.1903,153.4697,1,1,2463.668,2463.351,634.0708,213.1159,847.1868,2,58.29001,288.8968,0,0,500,0,1307.333,0.6536666,0.7446151,0.3172331,0,250,0.3172331,1829.28,0,0,8.894971,0.2935829,153.4697,531.3272,394.5118,136.8154,640.7258,0,1297.302,0,-8.526513e-14,3.836931e-13,4.263256e-14
mpc,2026-01-07 11:00:00,236,11,32.88105,3578.064,63.22569,296.9376,168.2168,0,0,2504.645,2504.328,251.6706,110.9488,362.6194,2,0,0,362.6194,0,0,345.0123,1220.874,0.6104372,0.8232086,0.3172331,0,250,0.3172331,2252.657,252.7281,0,8.442607,6.708431,0,540.5998,486.2111,54.38878,0,597.1598,3310.514,0,-2.842171e-14,2.359224e-13,4.263256e-14
mpc,2026-01-07 11:15:00,237,11.25,33.02519,3645.111,60.56103,301.0041,205.9886,0,0,2551.578,2551.26,269.5684,118.839,388.4074,2,0,0,388.4074,0,0,349.4324,1133.324,0.566662,0.7687667,0.3172331,0,250,0.3172331,2281.692,270.2533,0,5.913572,6.219115,0,552.621,494.1691,58.45187,0,613.0081,3392.473,0,-2.842171e-14,3.541611e-14,4.263256e-14
mpc,2026-01-07 11:30:00,238,11.5,32.89368,3635.877,55.88315,300.0135,202.8535,0,0,2545.114,2544.797,0,0,0,0,0,0,0,0,0,345.1389,1046.861,0.5234305,0.7136375,0.3172331,0,250,0.3172331,2544.797,0,0,12.14068,0,202.8535,549.4994,549.4309,0.06849178,0,593.2277,3283.695,0,0,-4.115597e-13,4.263256e-14
mpc,2026-01-07 11:45:00,239,11.75,33.02339,3686.444,53.7447,299.2598,258.1856,0,0,2580.51,2580.193,324.6773,143.1337,467.8109,2,0,0,467.8109,0,0,347.6265,959.7895,0.4798947,0.659193,0.3172331,0,250,0.3172331,2255.516,325.5089,0,3.312281,2.065716,0,558.8633,488.4789,70.38432,0,631.6126,3483.146,0,0,-1.19571e-13,4.263256e-14
mpc,2026-01-07 12:00:00,240,12,33.47105,3703.619,42.57096,303.5484,272.4614,0,0,2592.533,2592.216,347.0176,152.9824,500,1,0,0,500,0,0,350.9545,871.8998,0.4359499,0.6043654,0.3172331,0,250,0.3172331,2245.198,346.1158,0,0,3.857564,0,567.5194,491.4859,76.03346,0,644.4683,3551.23,0,0,1.654232e-14,4.263256e-14
mpc,2026-01-07 12:15:00,241,12.25,33.70014,3731.115,40.11841,305.5523,302.502,0,0,2611.781,2611.463,347.0176,152.9824,500,1,0,0,500,0,0,348.896,784.5385,0.3922693,0.5490225,0.3172331,0,250,0.3172331,2264.446,345.1995,0,0,1.784088,0,574.9041,498.4489,76.45521,0,651.4313,3585.95,0,0,4.785061e-14,4.263256e-14
mpc,2026-01-07 12:30:00,242,12.5,34.08235,3731.798,42.91428,309.5689,334.8453,0,0,2612.259,2611.941,347.0176,152.9824,500,1,0,0,500,0,0,355.5368,695.5308,0.3477654,0.4940124,0.3172331,0,250,0.3172331,2264.924,343.6706,0,0,5.226045,0,580.3805,503.2111,77.16938,0,656.1935,3618.079,0,0,2.410849e-13,4.263256e-14
mpc,2026-01-07 12:45:00,243,12.75,34.28356,3778.412,52.33667,305.6665,351.9866,0,0,2644.888,2644.571,347.0176,152.9824,500,1,0,0,500,0,0,345.8048,608.9702,0.3044851,0.4379656,0.3172331,0,250,0.3172331,2297.553,342.8657,0,12.06752,0.1309078,9.120846,590.534,512.9832,77.55073,0,668.0021,3695.054,0,0,1.397216e-13,4.263256e-14
mpc,2026-01-07 13:00:00,244,13,34.77246,3731.429,64.56564,305.115,377.1014,0,0,2612.001,2611.683,453.5458,199.9453,653.4911,2,0,0,653.4911,0,0,346.0479,522.3623,0.2611812,0.3834596,0.3172331,0,250,0.3172331,2158.137,445.5635,0,19.78978,3.842957,0,590.2786,487.7114,102.5672,0,687.6567,3822.878,0,-2.842171e-14,-6.333822e-14,4.263256e-14
mpc,2026-01-07 13:15:00,245,13.25,35.04815,3755.441,63.52556,303.7888,403.8138,0,0,2628.808,2628.491,475.7203,209.7209,685.4412,2,0,0,685.4412,0,0,343.3648,436.4389,0.2182194,0.3289239,0.3172331,0,250,0.3172331,2152.771,465.836,0,19.35766,4.591827,0,598.1765,489.8558,108.3208,0,699.5766,3888.984,0,-5.684342e-14,-8.149037e-14,4.263256e-14
mpc,2026-01-07 13:30:00,246,13.5,35.24015,3797.653,50.8892,302.8253,406.7628,0,0,2658.357,2658.04,484.1848,213.335,697.5198,2,0.9872445,0,696.5326,0,0,348.638,349.2107,0.1746053,0.2748192,0.3172331,0,250,0.3172331,2173.855,472.304,0,2.887519,1.201709,0,607.8212,497.042,110.7792,0,710.377,3914.128,0,-2.842171e-14,-8.126832e-14,4.263256e-14
mpc,2026-01-07 13:45:00,247,13.75,35.80564,3810.348,45.67395,300.6561,451.7326,0,0,2667.244,2666.927,536.0168,230.057,766.0738,2,52.50186,0,713.5719,0,0,297.5875,274.7588,0.1373794,0.2198928,0.3172331,0,250,0.3172331,2130.91,480.6298,0,0,3.068578,0,618.6521,494.2525,124.3996,0,724.3094,3988.995,0,-8.526513e-14,1.124378e-13,4.263256e-14
mpc,2026-01-07 14:00:00,248,14,35.98248,3791.497,51.16094,301.3082,467.6156,1,1,2654.048,2653.731,579.9203,247.4659,827.3862,4,68.85913,0,758.5271,0,0,298.8623,200,0.1,0.1730116,0.3172331,0,250,0.3172331,2073.811,509.8365,0,0,2.445898,0,618.3814,483.1887,135.1928,730.6546,0,1465.528,0,0,2.398082e-14,4.263256e-14
mpc,2026-01-07 14:15:00,249,14.25,36.03284,3795.854,48.14377,304.0296,463.9279,1,1,2657.098,2656.781,1173.518,451.9465,1625.465,4,49.75253,300.9919,774.7204,0,500,0,324.9685,0.1624843,0.1259371,0.3172331,0,250,0.3172331,1483.262,520.4085,0,0,3.037707,0,619.8922,346.0402,273.852,797.9867,0,1601.214,0,-5.684342e-14,1.46827e-14,4.263256e-14
mpc,2026-01-07 14:30:00,250,14.5,36.25921,3790.582,41.79377,299.0191,501.0255,1,1,2653.407,2653.09,1172.396,451.88,1624.276,4,46.15194,298.5323,779.5917,0,500,0,449.9174,0.2249587,0.2046279,0.3172331,0,250,0.3172331,1480.694,522.269,0,0,0.4868285,0,622.6481,347.4595,275.1887,799.3394,0,1599.519,0,-1.136868e-13,-8.50986e-14,4.263256e-14
mpc,2026-01-07 14:45:00,251,14.75,36.44163,3769.899,44.19517,300.2554,516.5365,1,1,2638.93,2638.612,1087.394,412.6061,1500,3,61.29036,296.1257,642.5839,0,500,0,574.8465,0.2874233,0.2833064,0.3172331,0,250,0.3172331,1551.218,429.5461,0,0,4.129673,86.9904,622.1805,365.7308,256.4497,798.8466,0,1604.817,0,-1.136868e-13,-2.808864e-14,4.263256e-14
mpc,2026-01-07 15:00:00,252,15,36.75479,3785.969,49.22347,294.5561,543.6757,1,1,2650.178,2649.861,1195.394,461.0736,1656.468,4,54.09775,292.5754,809.7949,0,500,0,699.756,0.349878,0.3619724,0.3172331,0,250,0.3172331,1454.466,539.2924,0,0,1.98079,4.383324,629.9489,345.7275,284.2213,807.8431,0,1619.103,0,0,1.906808e-13,4.263256e-14
mpc,2026-01-07 15:15:00,253,15.25,36.79372,3803.017,57.62553,297.6827,535.8495,1,1,2662.112,2661.794,1211.332,467.4097,1678.742,4,59.89961,289.0788,829.7639,0,500,0,824.6459,0.4123229,0.4406261,0.3172331,0,250,0.3172331,1450.462,552.3325,0,0,8.603877,0,633.4303,345.127,288.3033,812.5367,0,1639.915,0,1.136868e-13,1.555422e-13,4.263256e-14
mpc,2026-01-07 15:30:00,254,15.5,37.04454,3742.454,55.44065,295.4315,519.2412,1,1,2619.718,2619.4,1226.813,473.6309,1700.444,4,64.97165,295.3215,840.1506,0,500,0,949.5161,0.474758,0.5192674,0.3172331,0,250,0.3172331,1392.588,557.5606,0,0,0.1100194,0,627.4621,333.5459,293.9163,807.1767,0,1614.543,0,-5.684342e-14,5.32907e-14,4.263256e-14
mpc,2026-01-07 15:45:00,255,15.75,37.28508,3775.046,63.12203,288.2601,540.5202,1,1,2642.532,2642.215,1225.255,472.4341,1697.689,4,69.2579,294.4565,833.9746,0,500,0,1074.367,0.5371833,0.5978963,0.3172331,0,250,0.3172331,1416.96,551.8571,0,0,0,0,636.9633,341.548,295.4153,813.9822,0,1627.964,0,1.705303e-13,-8.770762e-15,4.263256e-14
mpc,2026-01-07 16:00:00,256,16,37.31084,3750.042,78.72033,278.9321,527.7751,1,1,2625.03,2624.713,1253.242,482.3633,1735.605,4,89.50768,291.3224,854.7752,0,500,0,1199.197,0.5995987,0.6765129,0.3172331,0,250,0.3172331,1371.471,565.4451,0,0,0,0,633.177,330.8091,302.3679,813.1724,0,1626.345,0,-1.705303e-13,2.245981e-13,4.263256e-14
mpc,2026-01-07 16:15:00,257,16.25,37.43004,3720.392,95.52955,277.62,517.9983,1,1,2604.274,2603.957,1252.263,480.8891,1733.152,4,98.27197,287.7267,847.1533,0,500,0,1324.009,0.6620043,0.7551171,0.3172331,0,250,0.3172331,1351.694,559.5953,0,0,0,0,630.1635,327.0732,303.0903,807.9623,0,1615.925,0,5.684342e-14,-2.075007e-13,4.263256e-14
mpc,2026-01-07 16:30:00,258,16.5,37.40339,3721.542,117.5829,281.5575,496.2757,1,1,2605.079,2604.762,1091.531,408.4688,1500,3,111.402,283.1096,605.4884,0,500,0,1448.8,0.7244001,0.8337089,0.3172331,0,250,0.3172331,1513.231,400.0903,0,6.180844,0,96.1854,629.9116,365.9012,264.0104,797.6277,0,1605.917,0,-5.684342e-14,-2.994271e-13,4.263256e-14
mpc,2026-01-07 16:45:00,259,16.75,37.77469,3673.988,136.5661,274.6115,518.7828,1,1,2571.792,2571.474,1245.994,473.4509,1719.445,4,137.5665,279.235,802.6432,0,500,0,1573.572,0.7867861,0.9122883,0.3172331,0,250,0.3172331,1325.481,527.9807,0,0,0,0,628.0652,323.6998,304.3655,797.1507,0,1594.301,0,0,-2.612355e-13,4.263256e-14
mpc,2026-01-07 17:00:00,260,17,37.72801,3664.305,156.2495,273.7165,494.3383,1,1,2565.013,2564.696,668.1898,276.2321,944.4219,2,154.1606,0,790.2613,0,0,277.6941,1503.901,0.7519505,0.9908553,0.3172331,0,250,0.3172331,1896.506,520.1309,0,2.088932,0,0,625.6254,462.5716,163.0537,738.8037,0,1481.211,0,0,1.554312e-14,4.263256e-14
mpc,2026-01-07 17:15:00,261,17.25,37.69834,3631.582,196.4549,270.2679,472.5262,1,1,2542.108,2541.791,643.6722,262.5004,906.1726,2,178.7334,0,727.4393,0,0,271.3512,1435.826,0.7179132,0.9469844,0.3172331,0,250,0.3172331,1898.118,478.9557,0,17.72155,0,0,619.5453,462.5965,156.9488,725.0969,0,1480.764,0,0,-7.982504e-14,4.263256e-14
mpc,2026-01-07 17:30:00,262,17.5,37.57274,3609.006,219.0843,268.1025,477.9197,1,1,2526.304,2525.987,1232.799,459.0349,1691.834,4,209.8537,270.5097,711.4708,0,500,0,1560.6,0.7803002,0.9041188,0.3172331,0,250,0.3172331,1293.188,469.1567,0,9.230626,0,8.762936,613.6276,314.1093,299.5183,775.2727,0,1566.468,0,-5.684342e-14,-3.979039e-13,4.263256e-14
mpc,2026-01-07 17:45:00,263,17.75,37.52559,3597.994,259.6354,267.4047,445.1071,1,1,2518.596,2518.279,665.6034,263.1973,928.8007,2,254.1496,0,674.6512,0,0,268.7924,1493.157,0.7465783,0.9826872,0.3172331,0,250,0.3172331,1852.675,445.1317,0,5.485849,0,0,610.9856,449.4401,161.5455,712.6374,0,1434.738,0,-5.684342e-14,1.361133e-13,4.263256e-14
mpc,2026-01-07 18:00:00,264,18,37.50615,3575.601,282.3213,0,414.6475,1,1,2502.921,2502.604,1049.496,369.4439,1418.94,4,283.6773,2.093411,633.169,0,500,0,1617.921,0.8089608,0.9402188,0.3172331,0,250,0.3172331,1453.108,417.8604,0,0,0,0,606.8683,352.3263,254.5419,721.7702,0,1443.54,0,5.684342e-14,-3.861356e-13,4.263256e-14
mpc,2026-01-07 18:15:00,265,18.25,37.57022,3544.64,320.9904,2.35226,381.8775,1,1,2481.248,2480.93,1045.442,365.0598,1410.502,4,305.5082,2.882462,602.1115,0,500,0,1742.667,0.8713334,1.018782,0.3172331,0,250,0.3172331,1435.488,397.0553,0,15.48217,0,0,602.6431,348.65,253.9931,713.7098,0,1454.126,0,-1.136868e-13,9.703349e-14,4.263256e-14
mpc,2026-01-07 18:30:00,266,18.5,37.43672,3556.359,335.6204,3.456826,329.3011,0,0,2489.451,2489.134,347.0176,152.9824,500,1,0,0,500,0,0,344.3626,1656.302,0.8281509,1.097332,0.3172331,0,250,0.3172331,2142.116,330.2531,0,0,2.174256,0,602.4866,518.4261,84.06053,0,671.4084,3696.497,0,0,-2.549072e-13,4.263256e-14
mpc,2026-01-07 18:45:00,267,18.75,37.34299,3545.529,368.0034,0.107283,309.5054,0,0,2481.87,2481.553,372.8399,164.3661,537.206,2,0,0,537.206,0,0,361.4541,1565.678,0.7828388,1.042949,0.3172331,0,250,0.3172331,2108.713,355.2308,0,6.549265,0.107283,0,599.1568,509.0716,90.08515,0,673.4378,3715.39,0,-2.842171e-14,-1.303402e-13,4.263256e-14
mpc,2026-01-07 19:00:00,268,19,37.07331,3531.432,381.763,5.933979,305.7834,0,0,2472.002,2471.685,347.0176,152.9824,500,1,0,0,500,0,0,380.7108,1470.253,0.7351267,0.9858842,0.3172331,0,250,0.3172331,2124.667,331.7067,0,1.052212,5.933979,0,592.5312,509.2761,83.25508,0,662.2585,3654.473,0,0,-4.884981e-14,4.263256e-14
mpc,2026-01-07 19:15:00,269,19.25,36.86706,3526.961,392.5632,4.105574,273.8224,0,0,2468.873,2468.556,343.5919,151.4722,495.0641,1,0,0,495.0641,0,0,400.0033,1370.021,0.6850106,0.925797,0.3172331,0,250,0.3172331,2124.964,329.2491,0,0,1.435271,0,588.5803,506.5922,81.98809,0,658.0644,3621.83,0,0,3.03868e-13,4.263256e-14
mpc,2026-01-07 19:30:00,270,19.5,37.11273,3442.167,395.8549,0,279.1201,0,0,2409.517,2409.2,305.3681,134.6212,439.9893,1,0,0,439.9893,0,0,400.5892,1269.658,0.6348291,0.8626822,0.3172331,0,250,0.3172331,2103.832,291.7561,0,0,0,0,578.1546,504.8065,73.34804,0,639.4278,3516.853,0,-2.842171e-14,-7.305268e-14,4.263256e-14
mpc,2026-01-07 19:45:00,271,19.75,37.11514,3450.082,387.8229,4.865242,252.1595,0,0,2415.057,2414.74,290.3312,127.9922,418.3234,2,0,0,418.3234,0,0,390.5239,1171.827,0.5859137,0.7994851,0.3172331,0,250,0.3172331,2124.409,277.3815,0,0,4.258574,0,579.5208,509.7764,69.74444,0,637.7686,3515.073,0,-2.842171e-14,1.99063e-13,4.263256e-14
mpc,2026-01-07 20:00:00,272,20,36.86425,3490.326,355.5279,8.708146,226.6717,0,0,2443.228,2442.911,256.3669,113.0191,369.386,1,0,0,369.386,0,0,380.4168,1076.539,0.5382693,0.7378825,0.3172331,0,250,0.3172331,2186.544,245.6734,0,0,8.462461,0,582.4237,521.2346,61.18909,0,634.2537,3502.993,0,-2.842171e-14,-9.081624e-14,4.263256e-14
mpc,2026-01-07 20:15:00,273,20.25,36.52897,3432.224,357.8544,7.888583,193.4224,0,0,2402.557,2402.24,227.2415,100.1792,327.4207,2,0,0,327.4207,0,0,353.9882,987.8722,0.4939361,0.6778806,0.3172331,0,250,0.3172331,2174.998,218.6412,0,4.5535,7.201285,0,567.737,513.9636,53.77334,0,614.1428,3398.063,0,-2.842171e-14,1.237899e-13,4.263256e-14
mpc,2026-01-07 20:30:00,274,20.5,36.23039,3476.59,328.9533,13.48307,182.1909,0,0,2433.613,2433.296,196.1996,86.49443,282.6941,1,0,0,282.6941,0,0,330.3809,905.1214,0.4525607,0.6220486,0.3172331,0,250,0.3172331,2237.097,189.4494,0,0,12.89909,0,570.6469,524.5665,46.08034,0,611.061,3383.086,0,-1.421086e-14,-1.023626e-13,4.263256e-14
mpc,2026-01-07 20:45:00,275,20.75,36.04549,3396.78,288.6332,5.9947,178.968,0,0,2377.746,2377.429,175.1073,77.19589,252.3032,1,0,0,252.3032,0,0,294.2844,831.4078,0.4157039,0.5699417,0.3172331,0,250,0.3172331,2202.321,169.4559,0,0,3.111128,9.512105,554.9004,513.9612,40.93926,0,593.3769,3268.94,0,-1.421086e-14,1.338929e-13,4.263256e-14
mpc,2026-01-07 21:00:00,276,21,35.85655,3359.58,268.8169,7.533148,164.8264,0,0,2351.706,2351.389,159.8095,70.45189,230.2614,1,0,0,230.2614,0,0,265.8272,764.8202,0.3824101,0.5235253,0.3172331,0,250,0.3172331,2191.579,154.9999,0,3.244493,7.278393,9.826505,546.1742,508.9854,37.1888,0,581.7195,3217.609,0,0,-6.994405e-14,4.263256e-14
mpc,2026-01-07 21:15:00,277,21.25,35.5557,3363.972,248.0269,0.3362261,150.6269,0,0,2354.781,2354.464,148.4897,65.46157,213.9513,1,0,0,213.9513,0,0,240.52,704.5698,0.3522849,0.481596,0.3172331,0,250,0.3172331,2205.974,144.5358,0,7.50695,0.3362261,6.091183,542.7171,508.4209,34.29622,0,575.2863,3177.604,0,0,-1.698641e-13,4.263256e-14
mpc,2026-01-07 21:30:00,278,21.5,35.17616,3332.411,211.1764,6.013186,131.248,0,0,2332.687,2332.37,132.5712,58.44389,191.0151,1,0,0,191.0151,0,0,202.9877,653.7119,0.326856,0.4436573,0.3172331,0,250,0.3172331,2199.799,129.6211,0,8.188658,6.013186,1.626933,532.5014,502.1658,30.33551,0,560.9811,3109.894,0,-7.105427e-15,5.467848e-14,4.263256e-14
mpc,2026-01-07 21:45:00,279,21.75,35.14258,3297.964,177.0751,6.317177,123.1664,0,0,2308.575,2308.258,107.0432,47.18991,154.2331,1,0,0,154.2331,0,0,174.7776,609.9146,0.3049573,0.4116328,0.3172331,0,250,0.3172331,2201.215,104.7026,0,3.699472,4.915209,18.46385,526.553,502.0656,24.48739,0,553.4669,3058.928,0,-7.105427e-15,3.075318e-14,4.263256e-14
mpc,2026-01-07 22:00:00,280,22,34.97228,3296.42,139.7651,7.623065,99.30969,0,0,2307.494,2307.177,0,0,0,0,0,0,0,0,0,156.84,570.6086,0.2853043,0.3840543,0.3172331,0,250,0.3172331,2307.177,0,0,0,5.597283,99.30969,524.0672,523.9952,0.07204849,0,546.5499,3015.68,0,0,8.731904e-14,4.263256e-14
mpc,2026-01-07 22:15:00,281,22.25,34.68698,3301.421,122.1609,1.898076,98.98437,0,0,2310.995,2310.678,0,0,0,0,0,0,0,0,0,136.4137,536.4153,0.2682077,0.3593039,0.3172331,0,250,0.3172331,2310.678,0,0,0,0,98.98437,521.1479,521.0764,0.07153861,0,543.3982,2988.69,0,0,-1.657563e-13,4.263256e-14
mpc,2026-01-07 22:30:00,282,22.5,34.4168,3315.808,96.17595,1.097817,89.80454,0,0,2321.066,2320.749,0,0,0,0,0,0,0,0,0,119.8047,506.3797,0.2531899,0.3377729,0.3172331,0,250,0.3172331,2320.749,0,0,0,0,89.80454,519.9343,519.8632,0.07106234,0,539.98,2969.89,0,0,-5.140333e-14,4.263256e-14
mpc,2026-01-07 22:45:00,283,22.75,34.10232,3296.255,98.85403,0.9741172,73.31985,0,0,2307.379,2307.061,0,0,0,0,0,0,0,0,0,102.6756,480.6311,0.2403155,0.3188599,0.3172331,0,250,0.3172331,2307.061,0,0,0,0.9741172,73.31985,512.8939,512.8234,0.07051591,0,529.1213,2911.847,0,0,-1.204592e-13,4.263256e-14
mpc,2026-01-07 23:00:00,284,23,33.47255,3233.656,83.57564,0.3359603,47.11535,0,0,2263.559,2263.242,0,0,0,0,0,0,0,0,0,94.56085,456.9152,0.2284576,0.3026464,0.3172331,0,250,0.3172331,2263.242,0,0,0,0.3359603,47.11535,495.5232,495.4537,0.06944652,0,505.7679,2782.303,0,0,-2.88658e-15,4.263256e-14
mpc,2026-01-07 23:15:00,285,23.25,33.24284,3251.115,77.72468,0.5530901,51.5601,0,0,2275.78,2275.463,0,0,0,0,0,0,0,0,0,78.49592,437.2193,0.2186097,0.2877128,0.3172331,0,250,0.3172331,2275.463,0,0,0,0.4073075,51.5601,495.4578,495.3888,0.06906449,0,506.6139,2787.079,0,0,-3.641532e-14,4.263256e-14
mpc,2026-01-07 23:30:00,286,23.5,32.85733,3283.407,62.5208,3.591517,55.46009,1,1,2298.385,2298.068,502.4986,152.2678,654.7664,2,82.20282,2.048839,70.5147,0,500,0,562.1505,0.2810752,0.2753106,0.3172331,0,250,0.3172331,1795.569,49.15871,0,0,1.542678,6.301377,495.8018,387.3356,108.4661,540.9627,0,1084.586,0,-5.684342e-14,-6.189493e-14,4.263256e-14
mpc,2026-01-07 23:45:00,287,23.75,32.48251,3262.565,54.07081,8.223722,52.10286,1,1,2283.795,2283.478,444.7795,128.1848,572.9643,3,70.75016,2.214128,0,0,500,0,687.062,0.343531,0.3539779,0.3172331,0,250,0.3172331,1838.699,0,0,0,6.009594,52.10286,488.3115,393.1428,95.1687,532.468,0,1075.303,0,0,2.452483e-13,4.263256e-14
mpc,2026-01-08 00:00:00,288,0,32.15763,3278.166,55.77378,10.47984,43.91446,1,1,2294.716,2294.399,387.9099,112.0901,500,1,56.56904,4.706791,0,0,438.7242,0,796.6349,0.3983174,0.4326329,0.3172331,0,250,0.3172331,1906.489,0,0,0,5.773047,43.91446,486.9257,404.5461,82.37959,525.9547,0,1061.868,0,-2.842171e-14,1.37168e-13,4.263256e-14
mpc,2026-01-08 00:15:00,289,0.25,32.01437,3233.794,45.75262,9.830478,39.76562,1,1,2263.655,2263.338,443.1617,127.8086,570.9702,3,67.91729,3.052951,0,0,500,0,921.5095,0.4607547,0.5016293,0.3172331,0,250,0.3172331,1820.177,0,0,0,6.777527,39.76562,478.7341,384.944,93.7901,521.1625,0,1054.016,0,7.105427e-14,1.973977e-13,4.263256e-14
mpc,2026-01-08 00:30:00,290,0.5,31.62537,3214.763,53.7534,2.639416,45.54845,1,1,2250.334,2250.017,438.3032,126.4354,564.7386,2,61.45511,3.283484,0,0,500,0,1046.364,0.5231822,0.580261,0.3172331,0,250,0.3172331,1811.714,0,0,0,0,45.54845,471.6486,379.7179,91.93065,515.6998,0,1031.4,0,2.842171e-14,-4.353185e-13,4.263256e-14
mpc,2026-01-08 00:45:00,291,0.75,31.20852,3187.055,46.66335,1.394131,28.52292,1,1,2230.939,2230.622,435.5729,125.8466,561.4195,3,56.28711,5.132395,0,0,500,0,1171.2,0.5855999,0.6588803,0.3172331,0,250,0.3172331,1795.049,0,0,0,0,28.52292,463.1326,372.6438,90.48878,504.4116,0,1008.823,0,-4.263256e-14,-4.043432e-13,4.263256e-14
mpc,2026-01-08 01:00:00,292,1,31.06931,3198.3,50.38426,0,18.59237,1,1,2238.81,2238.493,388.2207,111.7793,500,1,57.02709,0.9421146,0,0,442.0308,0,1281.523,0.6407615,0.7374873,0.3172331,0,250,0.3172331,1850.272,0,0,0,0,18.59237,463.2938,382.8907,80.40308,498.5175,0,997.035,0,1.421086e-14,3.078648e-13,4.263256e-14
mpc,2026-01-08 01:15:00,293,1.25,30.94996,3173.809,43.55927,0,31.95338,1,1,2221.666,2221.349,436.2382,125.6243,561.8624,3,60.62131,1.24111,0,0,500,0,1406.321,0.7031606,0.8069563,0.3172331,0,250,0.3172331,1785.111,0,0,0,0,31.95338,458.5005,368.4055,90.09493,500.6242,0,1001.249,0,2.842171e-14,4.587441e-13,4.263256e-14
mpc,2026-01-08 01:30:00,294,1.5,30.61366,3228.267,52.93217,5.658127,28.10904,1,1,2259.787,2259.47,388.1655,111.8345,500,1,54.40285,1.610098,0,0,443.9871,0,1517.097,0.7585483,0.8855399,0.3172331,0,250,0.3172331,1871.304,0,0,0,4.04803,28.10904,462.8342,383.2678,79.56641,500.8594,0,1008.702,0,0,2.04281e-13,4.263256e-14
mpc,2026-01-08 01:45:00,295,1.75,30.48529,3241.659,41.29901,6.329989,28.3245,1,1,2269.161,2268.844,425.4935,122.5692,548.0627,3,46.48475,1.577949,0,0,500,0,1641.858,0.8209289,0.9552935,0.3172331,0,250,0.3172331,1843.35,0,0,0,4.75204,28.3245,463.4139,376.4538,86.96017,504.8074,0,1017.812,0,0,2.932099e-13,4.263256e-14
mpc,2026-01-08 02:00:00,296,2,30.254,3239.944,43.89493,6.254506,44.84726,1,1,2267.961,2267.644,388.1244,111.8756,500,1,46.69186,2.108637,0,0,451.1995,0,1754.399,0.8771996,1.033854,0.3172331,0,250,0.3172331,1879.519,0,0,0,4.145869,44.84726,460.7747,381.8562,78.9185,502.8433,0,1012.838,0,-4.263256e-14,-3.670397e-13,4.263256e-14
mpc,2026-01-08 02:15:00,297,2.25,30.11049,3259.142,45.50628,4.847531,52.23611,1,1,2281.4,2281.082,229.4957,66.07032,295.566,1,64.85024,0.4840704,0,0,230.2317,0,1811.681,0.9058405,1.10472,0.3172331,0,250,0.3172331,2051.587,0,0,0,4.36346,52.23611,462.0233,415.4821,46.54113,492.1312,0,991.7893,0,1.421086e-14,4.112266e-13,4.263256e-14
mpc,2026-01-08 02:30:00,298,2.5,29.77431,3289.823,32.96931,1.418746,38.19091,1,1,2302.876,2302.559,232.9206,67.10307,300.0236,1,62.34405,0.9310293,0,0,236.7485,0,1870.583,0.9352915,1.140789,0.3172331,0,250,0.3172331,2069.638,0,0,0,0.4877165,38.19091,462.9058,416.0222,46.8836,490.8021,0,982.4455,0,0,1.967315e-13,4.263256e-14
mpc,2026-01-08 02:45:00,299,2.75,29.72461,3291.699,33.17557,8.436353,31.68019,1,1,2304.189,2303.872,0,0,0,0,0,0,0,0,0,54.98503,1856.542,0.9282711,1.177879,0.3172331,0,250,0.3172331,2303.872,0,0,0,7.575658,31.68019,462.6614,462.5977,0.06369767,468.9588,0,950.9856,0,0,-2.131628e-13,4.263256e-14
mpc,2026-01-08 03:00:00,300,3,29.734,3261.786,41.11008,10.19726,41.98178,1,1,2283.25,2282.933,227.5136,72.48643,300,2,58.80078,0.2989066,65.90012,0,175.0002,0,1900,0.95,1.169037,0.3172331,0,250,0.3172331,2055.419,47.58832,0,0,9.898349,0,458.5521,412.7961,45.75596,485.2826,0,987.6398,0,1.421086e-14,1.84297e-14,4.263256e-14
mpc,2026-01-08 03:15:00,301,3.25,29.68074,3262.956,38.40228,5.279837,35.62132,1,1,2284.069,2283.752,0,0,0,0,0,0,0,0,0,64.71696,1883.522,0.9417608,1.196402,0.3172331,0,250,0.3172331,2283.752,0,0,0,3.869264,35.62132,458.1775,458.1139,0.06363602,465.2594,0,937.1933,0,0,3.53495e-13,4.263256e-14
mpc,2026-01-08 03:30:00,302,3.5,29.63,3251.104,44.71834,2.326624,27.38148,1,1,2275.773,2275.456,0,0,0,0,0,0,0,0,0,0,1883.225,0.9416126,1.186026,0.3172331,0,250,0.3172331,2275.456,0,0,44.71834,2.326624,27.38148,456.0028,455.9392,0.06356485,461.4257,0,1004.004,0,0,-2.404743e-13,4.263256e-14
mpc,2026-01-08 03:45:00,303,3.75,29.02981,3268.287,33.3559,0,39.69838,1,1,2287.801,2287.484,0,0,0,0,0,0,0,0,0,71.23596,1865.12,0.9325598,1.185839,0.3172331,0,250,0.3172331,2287.484,0,0,0,0,39.69838,452.4278,452.3651,0.06273494,460.2157,0,920.4314,0,0,-1.079137e-13,4.263256e-14
mpc,2026-01-08 04:00:00,304,4,28.9764,3258.936,51.51997,3.176843,25.31143,1,1,2281.255,2280.938,0,0,0,0,0,0,0,0,0,73.99572,1846.327,0.9231636,1.174438,0.3172331,0,250,0.3172331,2280.938,0,0,0,3.176843,25.31143,450.6097,450.5471,0.06266214,455.5468,0,916.5736,0,0,-1.945111e-13,4.263256e-14
mpc,2026-01-08 04:15:00,305,4.25,28.90081,3264.811,62.93511,1.304023,35.46623,1,1,2285.367,2285.05,0,0,0,0,0,0,0,0,0,81.91697,1825.557,0.9127786,1.162605,0.3172331,0,250,0.3172331,2285.05,0,0,0,1.304023,35.46623,450.6819,450.6193,0.06255939,457.6134,0,917.4762,0,0,-2.358114e-13,4.263256e-14
mpc,2026-01-08 04:30:00,306,4.5,28.82539,3296.695,78.06239,0,7.974141,1,1,2307.686,2307.369,0,0,0,0,0,0,0,0,0,95.09806,1801.495,0.9007477,1.149527,0.3172331,0,250,0.3172331,2307.369,0,0,0,0,7.974141,454.3399,454.2774,0.0624572,455.8474,0,911.6947,0,0,-2.577938e-13,4.263256e-14
mpc,2026-01-08 04:45:00,307,4.75,28.70364,3275.303,102.9651,7.284402,8.075802,1,1,2292.712,2292.395,0,0,0,0,0,0,0,0,0,123.0566,1770.448,0.8852238,1.134375,0.3172331,0,250,0.3172331,2292.395,0,0,0,7.284402,8.075802,450.2046,450.1423,0.06229295,451.7281,0,916.0217,0,0,-1.554312e-13,4.263256e-14
mpc,2026-01-08 05:00:00,308,5,28.68879,3277.065,137.2021,3.703042,14.31265,1,1,2293.945,2293.628,119.3154,34.32338,153.6388,1,153.6388,0,0,0,0,0.2209736,1770.114,0.8850568,1.114825,0.3172331,0,250,0.3172331,2174.313,0,0,0,3.482069,14.31265,450.3024,426.8185,23.48394,463.9514,0,933.9094,0,0,-8.104628e-14,4.263256e-14
mpc,2026-01-08 05:15:00,309,5.25,28.7369,3278.179,175.5598,6.849761,23.79521,1,1,2294.726,2294.408,0,0,0,0,0,0,0,0,0,197.8491,1720.373,0.8601864,1.114615,0.3172331,0,250,0.3172331,2294.408,0,0,0,6.849761,23.79521,450.9239,450.8616,0.06233773,455.5375,0,922.8908,0,0,1.576517e-13,4.263256e-14
mpc,2026-01-08 05:30:00,310,5.5,28.71311,3271.323,225.5377,0.6969857,4.217907,1,1,2289.926,2289.609,0,0,0,0,0,0,0,0,0,244.1362,1659.068,0.8295339,1.083293,0.3172331,0,250,0.3172331,2289.609,0,0,0,0.6969857,4.217907,449.7496,449.6873,0.06230571,450.5157,0,902.2337,0,0,-6.150636e-14,4.263256e-14
mpc,2026-01-08 05:45:00,311,5.75,28.68075,3351.31,280.8002,0,0,1,1,2345.917,2345.6,0,0,0,0,0,0,0,0,0,283.6445,1587.896,0.7939478,1.044691,0.3172331,0,250,0.3172331,2345.6,0,0,0,0,0,460.4245,460.3622,0.06226217,460.3622,0,920.7245,0,0,-2.267075e-13,4.263256e-14
mpc,2026-01-08 06:00:00,312,6,28.88619,3381.304,329.5735,0,16.05078,1,1,2366.913,2366.595,0,0,0,0,0,0,0,0,0,334.5897,1503.998,0.7519991,0.9998746,0.3172331,0,250,0.3172331,2366.595,0,0,0,0,16.05078,466.6149,466.5523,0.06253955,469.7166,0,939.4332,0,0,1.487699e-14,4.263256e-14
mpc,2026-01-08 06:15:00,313,6.25,28.80235,3359.97,368.0285,3.32448,18.84924,1,1,2351.979,2351.662,0,0,0,0,0,0,0,0,0,378.2231,1409.206,0.7046028,0.9470456,0.3172331,0,250,0.3172331,2351.662,0,0,0,3.160321,18.84924,462.8293,462.7669,0.06242606,466.4761,0,938.4037,0,0,3.68483e-13,4.263256e-14
mpc,2026-01-08 06:30:00,314,6.5,29.01483,3346.171,410.5813,0.8445723,11.19201,1,1,2342.32,2342.003,0,0,0,0,0,0,0,0,0,406.7227,1307.303,0.6536516,0.8873562,0.3172331,0,250,0.3172331,2342.003,0,0,4.919183,0,11.19201,463.0583,462.9956,0.0627145,465.2082,0,938.902,0,0,3.398393e-13,4.263256e-14
mpc,2026-01-08 06:45:00,315,6.75,29.13062,3363.96,421.8983,5.502671,18.30222,1,1,2354.772,2354.455,621.5235,178.8168,800.3404,4,424.5077,0.2219934,0,0,375.6107,0,1401,0.7005,0.8231896,0.3172331,0,250,0.3172331,1732.931,0,0,0,5.280677,18.30222,466.6952,343.4518,123.2434,525.8959,0,1060.901,0,-1.421086e-13,2.909894e-13,4.263256e-14
mpc,2026-01-08 07:00:00,316,7,29.13449,3405.655,426.2365,2.075925,39.47323,1,1,2383.958,2383.641,724.8873,208.5278,933.415,3,433.415,0,0,0,500,0,1525.78,0.7628897,0.8821892,0.3172331,0,250,0.3172331,1658.754,0,0,0,2.075925,39.47323,472.5195,328.7782,143.7413,545.1299,0,1093.841,0,-1.136868e-13,1.206812e-13,4.263256e-14
mpc,2026-01-08 07:15:00,317,7.25,29.22236,3406.414,396.7215,0.6025589,45.3121,1,1,2384.49,2384.172,719.6315,207.0463,926.6779,2,426.3911,0.2867535,0,0,500,0,1650.539,0.8252696,0.960761,0.3172331,0,250,0.3172331,1664.541,0,0,0,0.3158054,45.3121,473.5321,330.5586,142.9735,546.6034,0,1093.752,0,8.526513e-14,1.707523e-13,4.263256e-14
mpc,2026-01-08 07:30:00,318,7.5,29.24401,3435.576,382.6685,4.120346,31.14361,1,1,2404.903,2404.586,388.1492,111.8508,500,1,408.5082,1.80849,0,0,89.68331,0,1672.7,0.8363502,1.03932,0.3172331,0,250,0.3172331,2016.437,0,0,0,2.311856,31.14361,477.8119,400.6305,77.18142,518.669,0,1041.326,0,-2.842171e-14,-8.060219e-14,4.263256e-14
mpc,2026-01-08 07:45:00,319,7.75,29.48937,3394.291,350.8843,0,54.63295,1,1,2376.004,2375.686,388.0062,111.9938,500,1,379.15,3.540445,0,0,117.3095,0,1701.764,0.8508822,1.053275,0.3172331,0,250,0.3172331,1987.68,0,0,0,0,54.63295,474.6151,397.0461,77.56897,519.9531,0,1039.906,0,2.842171e-14,-3.117506e-13,4.263256e-14
mpc,2026-01-08 08:00:00,320,8,29.70483,3421.481,323.3937,263.5146,63.99149,1,1,2395.037,2394.72,258.8815,74.47225,333.3538,1,333.3538,0,0,0,0,262.8312,1635.789,0.8178943,1.071576,0.3172331,0,250,0.3172331,2135.838,0,0,0,0.6833758,63.99149,480.6928,428.6707,52.02215,515.9863,0,1033.151,0,1.421086e-14,-1.105782e-13,4.263256e-14
mpc,2026-01-08 08:15:00,321,8.25,29.81533,3471.253,275.309,264.9709,71.06169,1,1,2429.877,2429.559,224.7857,64.66393,289.4496,1,289.4496,0,0,0,0,268.3445,1568.445,0.7842225,1.030032,0.3172331,0,250,0.3172331,2204.774,0,0,0,0,71.06169,488.8779,443.5885,45.28947,522.5496,0,1045.099,0,-1.421086e-14,-3.33733e-13,4.263256e-14
mpc,2026-01-08 08:30:00,322,8.5,29.86863,3484.464,226.9795,268.6757,75.78383,1,1,2439.125,2438.808,189.4596,54.50172,243.9614,1,243.9614,0,0,0,0,269.8532,1500.735,0.7503674,0.9876268,0.3172331,0,250,0.3172331,2249.348,0,0,0,0,75.78383,491.3182,453.091,38.22717,522.8581,0,1045.716,0,-7.105427e-15,2.098322e-13,4.263256e-14
mpc,2026-01-08 08:45:00,323,8.75,30.11844,3478.067,205.211,274.1297,80.15344,1,1,2434.647,2434.33,157.0238,45.17092,202.1947,1,202.1947,0,0,0,0,273.3517,1432.161,0.7160803,0.9449907,0.3172331,0,250,0.3172331,2277.306,0,0,3.016334,0.7779153,80.15344,493.1459,461.2759,31.86995,522.6822,0,1051.909,0,0,-1.39444e-13,4.263256e-14
mpc,2026-01-08 09:00:00,324,9,30.4639,3522.805,168.1603,277.3873,89.34316,1,1,2465.963,2465.646,117.0784,33.67986,150.7583,1,150.7583,0,0,0,0,290.9993,1359.185,0.6795927,0.9018106,0.3172331,0,250,0.3172331,2348.568,0,0,7.228803,0,89.34316,503.3635,479.4002,23.96333,531.3172,0,1075.104,0,-7.105427e-15,-1.401102e-13,4.263256e-14
mpc,2026-01-08 09:15:00,325,9.25,30.67838,3507.613,128.3257,283.7208,95.69739,1,1,2455.329,2455.012,0,0,0,0,0,0,0,0,0,424.049,1252.959,0.6264796,0.8558591,0.3172331,0,250,0.3172331,2455.012,0,0,0,3.308868,95.69739,503.6182,503.5532,0.06506841,523.1819,0,1052.072,0,0,-1.167955e-13,4.263256e-14
mpc,2026-01-08 09:30:00,326,9.5,30.97154,3517.837,91.90201,287.3093,93.81853,1,1,2462.486,2462.169,114.1789,35.82113,150,1,122.0128,27.98723,0,0,0,249.7728,1190.319,0.5951593,0.78897,0.3172331,0,250,0.3172331,2347.99,0,0,0,9.549274,93.81853,508.4492,484.8083,23.64093,540.0009,0,1096.474,0,1.421086e-14,-2.38809e-13,4.263256e-14
mpc,2026-01-08 09:45:00,327,9.75,31.16893,3553.448,67.21473,285.4912,108.431,1,1,2487.414,2487.096,0,0,0,0,0,0,0,0,0,379.9259,1095.15,0.5475749,0.7495262,0.3172331,0,250,0.3172331,2487.096,0,0,0,3.360816,108.431,515.9091,515.8433,0.06579664,538.3328,0,1082.463,0,0,-5.839773e-14,4.263256e-14
mpc,2026-01-08 10:00:00,328,10,31.43206,3545.796,68.88731,288.146,105.3664,1,1,2482.057,2481.74,0,0,0,0,0,0,0,0,0,367.667,1003.061,0.5015304,0.6895998,0.3172331,0,250,0.3172331,2481.74,0,0,0,5.901604,105.3664,517.9074,517.8412,0.06619403,539.827,0,1089.834,0,0,-1.666445e-13,4.263256e-14
mpc,2026-01-08 10:15:00,329,10.25,31.65473,3636.779,61.80603,288.4491,139.9968,1,1,2545.745,2545.428,514.4281,178.3866,692.8147,4,77.58833,285.9638,0,0,329.2626,0,1085.218,0.5426092,0.6316126,0.3172331,0,250,0.3172331,2031,0,0,0,2.485355,139.9968,533.9253,425.9665,107.9588,633.715,0,1271.717,0,0,4.362066e-13,4.263256e-14
mpc,2026-01-08 10:30:00,330,10.5,31.95933,3638.508,61.22455,286.4451,180.086,1,1,2546.956,2546.639,638.3939,214.0567,852.4505,3,66.40257,286.048,0,0,500,0,1210.048,0.6050238,0.6833461,0.3172331,0,250,0.3172331,1908.245,0,0,0,0.3971194,180.086,537.9597,403.0532,134.9065,655.1471,0,1310.979,0,-8.526513e-14,4.510836e-13,4.263256e-14
mpc,2026-01-08 10:45:00,331,10.75,32.03306,3595.355,59.82114,287.8984,188.6828,1,1,2516.749,2516.431,638.2491,214.3327,852.5818,4,63.5463,289.0355,0,0,500,0,1334.857,0.6674286,0.7619492,0.3172331,0,250,0.3172331,1878.182,0,0,0,0,188.6828,532.4915,397.3841,135.1073,651.6381,0,1303.276,0,0,1.971756e-13,4.263256e-14
mpc,2026-01-08 11:00:00,332,11,32.39286,3645.721,51.48055,292.8076,215.9145,1,0,2552.005,2551.687,0,0,0,0,0,0,0,0,0,354.0156,1246.143,0.6230715,0.84054,0.3172331,0,250,0.3172331,2551.687,0,0,0,0,215.9145,544.5106,544.4429,0.0676867,590.5117,0,1181.023,0,0,-2.711165e-13,4.263256e-14
mpc,2026-01-08 11:15:00,333,11.25,32.63973,3669.365,46.53801,287.5442,220.9952,0,0,2568.556,2568.238,0,0,0,0,0,0,0,0,0,356.5777,1156.803,0.5784012,0.784678,0.3172331,0,250,0.3172331,2568.238,0,0,0,0,220.9952,551.236,551.168,0.06808118,0,598.5956,3292.276,0,0,-7.327472e-14,4.263256e-14
mpc,2026-01-08 11:30:00,334,11.5,32.96444,3680.329,53.8433,292.9481,254.3682,0,0,2576.23,2575.913,0,0,0,0,0,0,0,0,0,351.487,1068.749,0.5343743,0.7284216,0.3172331,0,250,0.3172331,2575.913,0,0,2.904183,0,254.3682,557.154,557.0853,0.06860709,0,612.0968,3371.542,0,0,2.3892e-13,4.263256e-14
mpc,2026-01-08 11:45:00,335,11.75,33.19735,3705.207,50.85113,299.7107,272.2298,0,0,2593.645,2593.328,0,0,0,0,0,0,0,0,0,350.8159,980.8764,0.4904382,0.6729753,0.3172331,0,250,0.3172331,2593.328,0,0,0,1.229598,272.2298,564.0454,563.9764,0.06898934,0,623.1788,3429.604,0,0,-1.409983e-13,4.263256e-14
mpc,2026-01-08 12:00:00,336,12,33.51545,3730.92,48.22518,301.1951,262.9428,0,0,2611.644,2611.327,308.7877,136.1288,444.9165,1,0,0,444.9165,0,0,348.0636,893.7061,0.4468531,0.6176435,0.3172331,0,250,0.3172331,2302.539,307.8272,0,2.163486,0,0,572.3147,504.5776,67.73715,0,640.7064,3527.617,0,-2.842171e-14,-1.497691e-13,4.263256e-14
mpc,2026-01-08 12:15:00,337,12.25,33.64938,3733.449,46.99605,297.4223,265.0147,0,0,2613.414,2613.097,339.3108,149.5849,488.8957,1,0,0,488.8957,0,0,346.9073,806.8386,0.4034193,0.5627536,0.3172331,0,250,0.3172331,2273.786,337.7316,0,4.892933,0,0,574.5575,499.8905,74.66702,0,649.4754,3580.555,0,-5.684342e-14,1.888489e-13,4.263256e-14
mpc,2026-01-08 12:30:00,338,12.5,34.07585,3757.479,48.86981,303.4221,299.6654,0,0,2630.235,2629.918,347.0176,152.9824,500,1,0,0,500,0,0,353.672,718.2936,0.3591468,0.5080544,0.3172331,0,250,0.3172331,2282.901,343.6966,0,2.617731,0,0,584.2816,507.1245,77.15711,0,660.1069,3635.103,0,0,-2.697842e-14,4.263256e-14
mpc,2026-01-08 12:45:00,339,12.75,34.11926,3769.638,60.03451,303.4789,313.3971,0,0,2638.746,2638.429,383.302,168.9783,552.2803,2,0,0,552.2803,0,0,353.1438,629.8946,0.3149473,0.4522989,0.3172331,0,250,0.3172331,2255.127,379.442,0,12.48292,0,0,586.7947,501.4869,85.30783,0,670.4652,3709.092,0,-2.842171e-14,4.390932e-14,4.263256e-14
mpc,2026-01-08 13:00:00,340,13,34.24663,3794.453,60.38264,307.3316,356.964,0,0,2656.117,2655.8,347.0176,152.9824,500,1,0,0,500,0,0,360.1665,539.7538,0.2698769,0.3966354,0.3172331,0,250,0.3172331,2308.782,343.0135,0,3.78222,3.765557,13.95052,592.5037,515.0232,77.48045,0,671.1176,3704.167,0,0,1.519895e-13,4.263256e-14
mpc,2026-01-08 13:15:00,341,13.25,34.53495,3776.508,64.81835,302.8341,385.0721,0,0,2643.555,2643.238,437.6797,192.9507,630.6304,4,0,0,630.6304,0,0,357.7312,450.236,0.225118,0.339875,0.3172331,0,250,0.3172331,2205.559,431.1749,0,9.024938,0.8962319,0,593.9032,495.5024,98.40073,0,688.4531,3803.606,0,0,-9.325873e-15,4.263256e-14
mpc,2026-01-08 13:30:00,342,13.5,34.97448,3764.242,52.80402,306.7791,419.3304,0,0,2634.969,2634.652,443.2152,195.391,638.6062,2,0,0,638.6062,0,0,352.0667,362.1485,0.1810742,0.283507,0.3172331,0,250,0.3172331,2191.437,434.3826,0,3.064875,4.451591,0,598.4747,497.7362,100.7386,0,693.1272,3825.166,0,-5.684342e-14,1.815215e-14,4.263256e-14
mpc,2026-01-08 13:45:00,343,13.75,35.2483,3780.132,45.06841,300.9236,417.7177,0,0,2646.092,2645.775,477.591,210.5456,688.1366,4,0,0,688.1366,0,0,347.8498,275.129,0.1375645,0.2280396,0.3172331,0,250,0.3172331,2168.184,466.566,0,0,1.489335,0,605.141,495.8471,109.2939,0,706.3926,3887.729,0,-5.684342e-14,-7.494005e-14,4.263256e-14
mpc,2026-01-08 14:00:00,344,14,35.44344,3793.465,57.06739,303.8018,452.3964,0,1,2655.426,2655.108,1003.277,397.2129,1400.49,3,58.15301,300.3428,721.1863,0,320.8079,0,355.2877,0.1776438,0.1732447,0.3172331,0,250,0.3172331,1651.831,487.8482,0,0,3.458995,0,610.2714,379.6248,230.6466,0,776.8377,4278.574,0,0,-1.193212e-13,4.263256e-14
mpc,2026-01-08 14:15:00,345,14.25,35.47539,3783.427,59.62293,295.5943,454.7312,1,1,2648.399,2648.082,1139.234,436.9464,1576.181,4,48.79437,302.8197,724.5667,0,500,0,480.2317,0.2401159,0.2237194,0.3172331,0,250,0.3172331,1508.848,489.9497,0,10.82856,0,0,609.1485,347.0444,262.1041,783.9909,0,1586.661,0,-1.705303e-13,6.994405e-14,4.263256e-14
mpc,2026-01-08 14:30:00,346,14.5,35.659,3776.505,60.67994,297.4875,467.2878,1,1,2643.554,2643.236,561.8728,242.5174,804.3902,3,43.57546,0,760.8147,0,0,298.8266,405.4495,0.2027247,0.3023949,0.3172331,0,250,0.3172331,2081.364,513.343,0,17.10448,0,0,610.8718,480.961,129.9107,723.4784,0,1476.462,0,-8.526513e-14,7.904788e-14,4.263256e-14
mpc,2026-01-08 14:45:00,347,14.75,35.85289,3791.101,58.25239,298.3819,470.0673,1,1,2653.771,2653.454,1174.324,452.1487,1626.473,4,51.03825,298.5899,776.8444,0,500,0,530.3857,0.2651928,0.2553056,0.3172331,0,250,0.3172331,1479.13,522.9537,0,7.214144,0,0,616.27,343.4898,272.7802,795.6385,0,1603.721,0,-5.684342e-14,2.087219e-13,4.263256e-14
mpc,2026-01-08 15:00:00,348,15,36.25604,3752.688,71.31931,293.4494,492.6287,1,1,2626.881,2626.564,1196.932,462.1003,1659.033,4,51.16676,293.7503,814.1157,0,500,0,655.3022,0.3276511,0.3339761,0.3172331,0,250,0.3172331,1429.632,545.4182,0,20.15255,0,0,616.3732,335.4497,280.9235,797.55,0,1629.863,0,0,-1.696421e-13,4.263256e-14
mpc,2026-01-08 15:15:00,349,15.25,36.50314,3709.798,72.76366,295.1299,515.0802,1,1,2596.858,2596.541,1203.832,464.2597,1668.091,4,58.5824,294.2217,815.2872,0,500,0,780.199,0.3900995,0.4126342,0.3172331,0,250,0.3172331,1392.71,544.5914,0,14.18126,0.9082452,0,613.2397,328.8839,284.3558,793.1435,0,1612.316,0,-1.705303e-13,1.515454e-13,4.263256e-14
mpc,2026-01-08 15:30:00,350,15.5,36.45492,3724.627,70.18305,291.2579,491.7673,1,1,2607.239,2606.922,1198.721,461.9159,1660.637,4,59.34612,295.3922,805.8988,0,500,0,905.0762,0.4525381,0.4912799,0.3172331,0,250,0.3172331,1408.2,538.631,0,10.83693,0,0,614.9208,332.126,282.7948,794.0419,0,1606.777,0,1.705303e-13,1.042499e-13,4.263256e-14
mpc,2026-01-08 15:45:00,351,15.75,36.85693,3722.298,71.47492,286.8349,513.8118,1,1,2605.609,2605.291,1213.125,467.5111,1680.636,4,65.68998,290.737,824.2091,0,500,0,1029.934,0.5149668,0.5699132,0.3172331,0,250,0.3172331,1392.167,548.2182,0,5.784941,0,0,621.0132,331.8049,289.2083,799.316,0,1608.611,0,-1.136868e-13,-9.503509e-14,4.263256e-14
mpc,2026-01-08 16:00:00,352,16,36.92456,3688.157,77.49581,285.2106,505.7549,1,1,2581.71,2581.392,1219.631,468.3116,1687.943,4,83.07138,283.8786,820.9926,0,500,0,1154.772,0.5773858,0.6485342,0.3172331,0,250,0.3172331,1361.762,545.6346,0,0,1.332023,0,616.4102,325.1348,291.2754,793.4464,0,1589.191,0,0,-8.193446e-14,4.263256e-14
mpc,2026-01-08 16:15:00,353,16.25,36.914,3667.997,96.19418,283.6607,501.0789,1,1,2567.598,2567.281,1220.824,467.2224,1688.047,4,96.64949,281.6852,809.712,0,500,0,1279.59,0.6397949,0.7271427,0.3172331,0,250,0.3172331,1346.456,538.2058,0,0,1.975485,0,612.8708,321.3914,291.4794,788.6138,0,1580.635,0,0,2.011724e-13,4.263256e-14
mpc,2026-01-08 16:30:00,354,16.5,37.19481,3635.501,114.2258,288.3848,499.479,1,1,2544.851,2544.533,629.9715,264.0217,893.9933,3,115.171,0,778.8222,0,0,282.1794,1208.843,0.6044218,0.8057389,0.3172331,0,250,0.3172331,1914.562,515.9242,0,0,6.205447,0,611.9533,460.3894,151.5638,724.4112,0,1459.527,0,0,-2.335909e-13,4.263256e-14
mpc,2026-01-08 16:45:00,355,16.75,37.25782,3611.705,134.4436,289.8956,499.5233,1,1,2528.194,2527.876,1237.928,469.9626,1707.891,4,137.0013,276.408,794.4816,0,500,0,1333.653,0.6668266,0.761191,0.3172331,0,250,0.3172331,1289.948,525.8972,0,0,13.48758,0,608.9627,310.7081,298.2546,780.6706,0,1584.607,0,5.684342e-14,4.632961e-13,4.263256e-14
mpc,2026-01-08 17:00:00,356,17,37.26267,3637.013,168.668,287.5225,486.5173,1,1,2545.909,2545.592,653.0579,269.4066,922.4645,3,155.4598,0,767.0047,0,0,275.2553,1264.629,0.6323147,0.8397819,0.3172331,0,250,0.3172331,1892.534,507.6793,0,13.20819,12.26716,0,613.3086,455.9108,157.3979,725.3174,0,1494.58,0,-1.136868e-13,4.046763e-13,4.263256e-14
mpc,2026-01-08 17:15:00,357,17.25,37.32732,3619.758,192.1772,277.949,466.5514,1,1,2533.83,2533.513,648.0114,263.1465,911.1579,4,189.3821,0,721.7758,0,0,270.6778,1196.761,0.5983804,0.7963186,0.3172331,0,250,0.3172331,1885.502,477.3691,0,2.79506,7.271217,0,611.4463,454.9962,156.4502,718.1427,0,1453.65,0,0,1.44218e-13,4.263256e-14
mpc,2026-01-08 17:30:00,358,17.5,37.45568,3571.357,217.1666,272.2031,424.7072,1,1,2499.95,2499.633,1241.871,462.3653,1704.236,4,215.4755,269.0751,719.6854,0,500,0,1321.572,0.6607863,0.7535828,0.3172331,0,250,0.3172331,1257.762,475.2476,0,1.691141,3.127978,0,605.333,304.552,300.781,766.9173,0,1542.148,0,-1.705303e-13,3.208544e-13,4.263256e-14
mpc,2026-01-08 17:45:00,359,17.75,37.58441,3571.548,250.9902,263.466,410.8646,1,1,2500.084,2499.767,668.2567,263.9691,932.2258,4,257.4943,0,674.7315,0,0,267.9932,1254.366,0.6271831,0.8321748,0.3172331,0,250,0.3172331,1831.51,444.8671,0,0,0,0,607.4483,445.0041,162.4442,708.9732,0,1417.946,0,-1.705303e-13,3.093081e-13,4.263256e-14
mpc,2026-01-08 18:00:00,360,18,37.38609,3567.798,285.0093,0,380.3081,1,1,2497.459,2497.141,1046.131,368.0433,1414.175,4,282.9823,0.8737717,630.3187,0,500,0,1379.169,0.6895843,0.789856,0.3172331,0,250,0.3172331,1451.01,416.5847,0,2.027019,0,0,603.611,350.6947,252.9163,718.738,0,1440.973,0,5.684342e-14,-8.315571e-14,4.263256e-14
mpc,2026-01-08 18:15:00,361,18.25,37.61195,3545.443,301.0851,0,384.8017,0,1,2481.81,2481.493,1042.985,362.8608,1405.846,4,314.8877,2.609357,588.3489,0,500,0,1503.952,0.7519758,0.8684423,0.3172331,0,250,0.3172331,1438.508,387.7833,0,0,0,0,603.4524,349.7733,253.6791,0,712.6341,3919.488,0,0,3.448353e-13,4.263256e-14
mpc,2026-01-08 18:30:00,362,18.5,37.68027,3523.598,325.0504,0,385.6652,0,0,2466.518,2466.201,365.1984,160.9974,526.1958,2,0,0,526.1958,0,0,341.3393,1418.38,0.70919,0.9470163,0.3172331,0,250,0.3172331,2101.003,346.5304,0,0,0,39.13479,600.8321,511.7943,89.03788,0,682.3247,3752.786,0,-5.684342e-14,4.365397e-13,4.263256e-14
mpc,2026-01-08 18:45:00,363,18.75,37.55774,3517.535,360.766,0,357.047,0,0,2462.274,2461.957,344.0757,151.6855,495.7611,2,0,0,495.7611,0,0,365.5438,1326.771,0.6633854,0.8931331,0.3172331,0,250,0.3172331,2117.881,326.9733,0,0,0,30.07363,597.8356,514.2176,83.61795,0,673.2049,3702.627,0,-5.684342e-14,-3.841372e-14,4.263256e-14
mpc,2026-01-08 19:00:00,364,19,37.36256,3516.175,388.4962,0,313.7927,0,0,2461.323,2461.005,332.9816,146.7239,479.7054,1,0.5946516,0,479.1108,0,0,384.4283,1230.455,0.6152274,0.8354481,0.3172331,0,250,0.3172331,2128.024,316.7399,0,7.020763,0,0,594.5054,514.0008,80.50466,0,660.7246,3646.096,0,0,2.049472e-13,4.263256e-14
mpc,2026-01-08 19:15:00,365,19.25,37.13356,3488.99,397.8384,1.588765,265.0341,0,0,2442.293,2441.976,308.9141,136.1845,445.0987,1,0,0,445.0987,0,0,398.098,1130.737,0.5653683,0.7747994,0.3172331,0,250,0.3172331,2133.062,295.0699,0,3.250323,0,0,586.3414,512.1017,74.23973,0,648.2862,3571.181,0,-2.842171e-14,-4.141132e-14,4.263256e-14
mpc,2026-01-08 19:30:00,366,19.5,37.03302,3451.83,398.1779,4.651514,245.759,0,0,2416.281,2415.964,297.6695,131.2273,428.8968,1,0,0,428.8968,0,0,397.841,1031.098,0.5155492,0.7120083,0.3172331,0,250,0.3172331,2118.294,284.6742,0,0.8561473,4.132329,0,578.5603,507.2097,71.35068,0,638.437,3520.008,0,-2.842171e-14,-4.286571e-13,4.263256e-14
mpc,2026-01-08 19:45:00,367,19.75,36.81702,3427.981,384.0287,4.417814,212.0942,0,0,2399.587,2399.269,274.5549,121.0373,395.5922,2,0,0,395.5922,0,0,391.9451,932.9498,0.4664749,0.6492676,0.3172331,0,250,0.3172331,2124.715,263.2523,0,0,1.269456,0,571.3127,505.869,65.44375,0,626.9063,3450.174,0,-4.263256e-14,7.882584e-15,4.263256e-14
mpc,2026-01-08 20:00:00,368,20,36.57275,3437.828,375.4125,0,192.3656,0,0,2406.479,2406.162,244.5307,107.8011,352.3318,1,4.659496e-06,0,352.3318,0,0,370.87,840.0854,0.4200427,0.5874648,0.3172331,0,250,0.3172331,2161.631,235.1526,0,9.851064,0,0,569.3118,511.387,57.92479,0,619.1881,3422.528,0,-2.842171e-14,3.042011e-14,4.263256e-14
mpc,2026-01-08 20:15:00,369,20.25,36.52117,3437.687,359.1706,1.279507,180.1314,0,0,2406.381,2406.064,211.5209,93.24877,304.7696,1,0,0,304.7696,0,0,361.1448,749.667,0.3748335,0.5289895,0.3172331,0,250,0.3172331,2194.543,203.5345,0,3.028589,0,0,568.5254,518.477,50.04832,0,611.7258,3369.716,0,-2.842171e-14,-1.64535e-13,4.263256e-14
mpc,2026-01-08 20:30:00,370,20.5,36.39693,3403.818,338.0548,3.004825,162.0821,0,0,2382.673,2382.356,191.7766,84.54452,276.3211,1,3.165608e-06,0,276.3211,0,0,337.6679,665.132,0.332566,0.4720543,0.3172331,0,250,0.3172331,2190.579,184.8103,0,8.678228,0,0,561.1124,515.8749,45.23752,0,600.4194,3317.277,0,-4.263256e-14,1.068034e-13,4.263256e-14
mpc,2026-01-08 20:45:00,371,20.75,36.16106,3460.132,302.6807,5.968553,145.5553,0,0,2422.092,2421.775,180.9879,79.78834,260.7762,1,0,0,260.7762,0,0,294.5522,591.3892,0.2956946,0.4188239,0.3172331,0,250,0.3172331,2240.787,174.9056,0,12.86693,1.230134,0,566.9316,524.4941,42.43752,0,604.2824,3347.871,0,-1.421086e-14,1.807998e-13,4.263256e-14
mpc,2026-01-08 21:00:00,372,21,36.06132,3494.491,264.8923,4.860961,122.5311,0,0,2446.144,2445.826,165.7645,73.07711,238.8416,1,0,0,238.8416,0,0,272.2765,523.227,0.2616135,0.3723891,0.3172331,0,250,0.3172331,2280.062,160.3844,0,0,0.2511163,0,571.0946,532.3199,38.77465,0,605.397,3330.117,0,0,7.832623e-14,4.263256e-14
mpc,2026-01-08 21:15:00,373,21.25,36.03192,3426.58,240.0597,0.09682683,118.8907,0,0,2398.606,2398.289,152.1464,67.0736,219.22,1,0,0,219.22,0,0,245.2232,461.8388,0.2309194,0.3294684,0.3172331,0,250,0.3172331,2246.142,147.2599,0,0,0,0,559.5737,524.0052,35.56842,0,591.0788,3250.934,0,0,-5.762058e-14,4.263256e-14
mpc,2026-01-08 21:30:00,374,21.5,35.67021,3425.223,205.2486,2.680987,106.4727,0,0,2397.656,2397.339,133.5065,58.85623,192.3628,1,0,0,192.3628,0,0,211.5373,408.8818,0.2044409,0.2908132,0.3172331,0,250,0.3172331,2263.832,129.7753,0,0,0,0,554.2078,523.275,30.93278,0,582.1312,3201.722,0,7.105427e-15,-2.858824e-14,4.263256e-14
mpc,2026-01-08 21:45:00,375,21.75,35.36588,3369.427,175.4285,3.860921,106.5082,0,0,2358.599,2358.281,118.4617,52.22375,170.6855,1,0,0,170.6855,0,0,179.9946,363.8188,0.1819094,0.2574669,0.3172331,0,250,0.3172331,2239.82,115.5665,0,0,0,0,540.9936,513.7492,27.24443,0,565.973,3112.851,0,-7.105427e-15,9.331424e-14,4.263256e-14
mpc,2026-01-08 22:00:00,376,22,35.25605,3350.732,135.5396,4.256991,120.1118,0,0,2345.512,2345.195,0,0,0,0,0,0,0,0,0,151.2517,325.9486,0.1629743,0.2290914,0.3172331,0,250,0.3172331,2345.195,0,0,0,0,120.1118,536.5053,536.4327,0.07256293,0,563.9067,3101.487,0,0,4.801715e-15,4.263256e-14
mpc,2026-01-08 22:15:00,377,22.25,35.10866,3374.18,112.4626,2.320472,97.41682,0,0,2361.926,2361.609,0,0,0,0,0,0,0,0,0,129.0229,293.6416,0.1468208,0.2052451,0.3172331,0,250,0.3172331,2361.609,0,0,0,0.3089505,97.41682,538.2635,538.1912,0.07229482,0,560.3917,3082.687,0,0,1.015021e-13,4.263256e-14
mpc,2026-01-08 22:30:00,378,22.5,34.8903,3371.38,107.3719,0.6546585,56.00437,0,0,2359.966,2359.648,0,0,0,0,0,0,0,0,0,106.3438,267.0094,0.1335047,0.1849018,0.3172331,0,250,0.3172331,2359.648,0,0,2.273256,0,56.00437,534.889,534.8171,0.07190125,0,547.5105,3015.229,0,0,2.856049e-14,4.263256e-14
mpc,2026-01-08 22:45:00,379,22.75,34.78868,3316.52,102.1947,0,54.73259,0,0,2321.564,2321.247,0,0,0,0,0,0,0,0,0,101.0169,241.7132,0.1208566,0.1681319,0.3172331,0,250,0.3172331,2321.247,0,0,1.760194,0,54.73259,524.8553,524.7836,0.07171953,0,537.1575,2957.403,0,0,4.393708e-14,4.263256e-14
mpc,2026-01-08 23:00:00,380,23,34.38883,3316.713,85.2206,0,53.18045,0,0,2321.699,2321.382,0,0,0,0,0,0,0,0,0,88.19458,219.6265,0.1098132,0.1522032,0.3172331,0,250,0.3172331,2321.382,0,0,0,0,53.18045,519.718,519.647,0.0710134,0,531.5516,2923.534,0,0,1.44329e-15,4.263256e-14
mpc,2026-01-08 23:15:00,381,23.25,33.93805,3238.14,78.41562,0,60.23228,1,0,2266.698,2266.381,0,0,0,0,0,0,0,0,0,78.36754,200,0.1,0.1382956,0.3172331,0,250,0.3172331,2266.381,0,0,0.436354,0,60.23228,501.8355,501.7652,0.07023381,515.1004,0,1030.954,0,0,3.128053e-14,4.263256e-14
mpc,2026-01-08 23:30:00,382,23.5,33.56864,3197.386,70.3151,0,57.76556,1,1,2238.17,2237.853,445.012,128.3306,573.3427,2,70.38576,2.95692,0,0,500,0,324.9685,0.1624843,0.1259371,0.3172331,0,250,0.3172331,1792.841,0,0,0,0,57.76556,491.1015,393.3869,97.71459,534.3925,0,1068.785,0,2.842171e-14,6.564194e-14,4.263256e-14
mpc,2026-01-08 23:45:00,383,23.75,33.32943,3206.782,80.19645,0,52.7496,1,1,2244.747,2244.43,439.4522,127.0326,566.4848,3,60.69329,5.791505,0,0,500,0,449.9174,0.2249587,0.2046279,0.3172331,0,250,0.3172331,1804.978,0,0,19.50316,0,52.7496,489.7172,393.7765,95.94071,532.317,0,1098.277,0,-2.842171e-14,-8.798517e-15,4.263256e-14
mpc,2026-01-09 00:00:00,384,0,32.97158,3191.215,51.32207,0,44.61697,1,1,2233.85,2233.533,437.4141,126.678,564.0921,2,56.12077,7.971345,0,0,500,0,574.8465,0.2874233,0.2833064,0.3172331,0,250,0.3172331,1796.119,0,0,0,0,44.61697,483.1905,388.5075,94.68298,524.8364,0,1049.673,0,-5.684342e-14,1.872391e-13,4.263256e-14
mpc,2026-01-09 00:15:00,385,0.25,32.65758,3241.423,50.39847,0,65.69425,1,1,2268.996,2268.679,436.1245,126.1921,562.3166,3,55.42647,6.890156,0,0,500,0,699.756,0.349878,0.3619724,0.3172331,0,250,0.3172331,1832.554,0,0,0,0,65.69425,487.153,393.449,93.70396,533.7457,0,1067.491,0,-2.842171e-14,9.037215e-14,4.263256e-14
mpc,2026-01-09 00:30:00,386,0.5,32.28435,3243.333,25.12091,1.630342,54.25522,1,1,2270.333,2270.016,388.0596,111.9404,500,1,57.14015,2.892873,0,0,439.967,0,809.6376,0.4048188,0.4406261,0.3172331,0,250,0.3172331,1881.956,0,0,0,0,54.25522,483.181,400.5251,82.65586,524.0123,0,1048.025,0,2.842171e-14,-8.998358e-14,4.263256e-14
mpc,2026-01-09 00:45:00,387,0.75,31.96342,3274.592,38.64056,2.470805,59.36574,1,1,2292.214,2291.897,429.7817,123.9542,553.7359,2,50.73324,3.002604,0,0,500,0,934.5102,0.4672551,0.5098169,0.3172331,0,250,0.3172331,1862.115,0,0,0,0,59.36574,484.2,393.3473,90.85271,529.8417,0,1059.683,0,-4.263256e-14,-1.34559e-13,4.263256e-14
mpc,2026-01-09 01:00:00,388,1,31.59908,3268.894,54.55496,3.864992,69.55634,1,1,2288.226,2287.909,388.2655,111.7345,500,1,53.16884,0.3993065,0,0,446.4318,0,1045.971,0.5229855,0.5884474,0.3172331,0,250,0.3172331,1899.643,0,0,1.386121,3.465685,69.55634,479.2999,397.906,81.39391,524.21,0,1056.789,0,0,3.828049e-13,4.263256e-14
mpc,2026-01-09 01:15:00,389,1.25,31.42148,3265.485,52.74577,7.636291,56.54456,1,1,2285.84,2285.523,428.1456,123.2192,551.3648,2,50.84897,0.515864,0,0,500,0,1170.806,0.5854032,0.6586326,0.3172331,0,250,0.3172331,1857.377,0,0,1.896799,7.120426,56.54456,476.8488,387.4672,89.38159,522.4821,0,1060.519,0,-7.105427e-14,1.432188e-14,4.263256e-14
mpc,2026-01-09 01:30:00,390,1.5,31.30611,3262.668,53.53113,13.78158,50.43684,1,1,2283.867,2283.55,432.5117,124.8338,557.3455,2,53.45635,3.88915,0,0,500,0,1295.622,0.647811,0.7372396,0.3172331,0,250,0.3172331,1851.039,0,0,0.0747781,9.892432,50.43684,475.1793,385.1254,90.05399,520.453,0,1058.099,0,0,1.038059e-13,4.263256e-14
mpc,2026-01-09 01:45:00,391,1.75,31.03178,3307.35,56.88518,10.26755,35.33575,1,1,2315.145,2314.828,424.9664,122.7034,547.6698,3,43.40332,4.266435,0,0,500,0,1420.418,0.7102091,0.8158342,0.3172331,0,250,0.3172331,1889.861,0,0,13.48186,6.00112,35.33575,478.6815,390.7495,87.93204,520.7589,0,1075.126,0,-2.842171e-14,3.579359e-13,4.263256e-14
mpc,2026-01-09 02:00:00,392,2,30.80326,3333.815,64.64485,4.868329,46.94917,1,1,2333.671,2333.353,426.2774,123.1011,549.3786,2,44.91791,4.460674,0,0,500,0,1545.195,0.7725973,0.8944165,0.3172331,0,250,0.3172331,1907.076,0,0,19.72694,0.4076559,46.94917,480.017,392.27,87.74706,525.0282,0,1084.789,0,-2.842171e-14,-2.732259e-13,4.263256e-14
mpc,2026-01-09 02:15:00,393,2.25,30.53682,3286.085,44.42141,3.871848,52.12387,1,1,2300.259,2299.942,432.0599,124.6029,556.6628,3,53.72293,2.939899,0,0,500,0,1669.951,0.8349756,0.9729863,0.3172331,0,250,0.3172331,1867.882,0,0,0,0.9319493,52.12387,470.3093,381.9058,88.40351,517.1659,0,1035.939,0,-1.421086e-14,-4.177769e-13,4.263256e-14
mpc,2026-01-09 02:30:00,394,2.5,30.42722,3271.022,44.28673,0,50.10201,1,1,2289.715,2289.398,424.5534,122.2575,546.811,3,45.62039,1.190601,0,0,500,0,1794.688,0.8973442,1.051544,0.3172331,0,250,0.3172331,1864.844,0,0,0,0,50.10201,467.0024,380.3472,86.65515,512.8234,0,1025.647,0,-5.684342e-14,7.971401e-14,4.263256e-14
mpc,2026-01-09 02:45:00,395,2.75,30.27103,3310.711,49.68683,0,46.35399,1,1,2317.498,2317.18,105.0533,44.94668,150,1,42.07667,5.175337,53.56178,49.18621,0,0,1794.406,0.8972029,1.130089,0.3172331,0,250,0.3172331,2212.127,38.44835,3.215684,7.610159,0,7.905646,471.0183,449.6023,21.41597,496.1558,0,1001.822,0,-3.552714e-14,1.59428e-13,4.263256e-14
mpc,2026-01-09 03:00:00,396,3,30.32305,3259.425,48.73714,2.020114,64.54084,1,1,2281.598,2281.281,370.7949,107.2955,478.0904,1,48.66578,5.918029,0,0,423.5066,0,1900,0.95,1.129911,0.3172331,0,250,0.3172331,1910.486,0,0,0.0713599,0,64.54084,464.2617,388.7474,75.51425,509.1757,0,1018.475,0,-1.421086e-14,-8.85958e-14,4.263256e-14
mpc,2026-01-09 03:15:00,397,3.25,30.03572,3307.049,47.10981,5.651357,69.93966,1,1,2314.934,2314.617,0,0,0,0,0,0,0,0,0,52.7255,1886.52,0.9432598,1.196402,0.3172331,0,250,0.3172331,2314.617,0,0,0,2.015461,69.93966,468.0351,467.9709,0.0641384,482.1114,0,967.6994,0,0,-2.509104e-13,4.263256e-14
mpc,2026-01-09 03:30:00,398,3.5,29.9542,3314.487,46.06288,7.088961,45.8311,1,1,2320.141,2319.823,0,0,0,0,0,0,0,0,0,58.24391,1871.662,0.9358308,1.187914,0.3172331,0,250,0.3172331,2319.823,0,0,0,5.769741,45.8311,468.2387,468.1747,0.06402233,477.4241,0,964.801,0,0,-1.476597e-13,4.263256e-14
mpc,2026-01-09 03:45:00,399,3.75,29.89725,3278.066,53.11406,5.560565,42.42266,1,1,2294.646,2294.329,0,0,0,0,0,0,0,0,0,49.64672,1858.955,0.9294776,1.178558,0.3172331,0,250,0.3172331,2294.329,0,0,3.760762,5.267141,42.42266,462.5089,462.4449,0.0639415,470.9956,0,957.5644,0,0,-4.121148e-13,4.263256e-14
mpc,2026-01-09 04:00:00,400,4,29.7501,3218.596,66.72374,8.045715,49.29107,1,1,2253.017,2252.7,0,0,0,0,0,0,0,0,0,63.04022,1842.903,0.9214513,1.170557,0.3172331,0,250,0.3172331,2252.7,0,0,5.484822,6.244412,49.29107,452.6413,452.5775,0.06373356,462.4803,0,945.1936,0,0,-2.216005e-13,4.263256e-14
mpc,2026-01-09 04:15:00,401,4.25,29.74207,3232.253,89.96617,10.39017,50.68754,1,1,2262.577,2262.26,0,0,0,0,0,0,0,0,0,71.85087,1824.65,0.9123249,1.160449,0.3172331,0,250,0.3172331,2262.26,0,0,18.85469,9.650774,50.68754,454.4813,454.4176,0.06372225,464.5991,0,978.3701,0,0,-1.407763e-13,4.263256e-14
mpc,2026-01-09 04:30:00,402,4.5,29.48613,3288.84,106.8941,9.096887,52.96908,1,1,2302.188,2301.871,0,0,0,0,0,0,0,0,0,85.47379,1802.994,0.901497,1.148955,0.3172331,0,250,0.3172331,2301.871,0,0,21.42031,9.096887,52.96908,459.8375,459.7742,0.06336392,470.3542,0,993.3505,0,0,2.777778e-13,4.263256e-14
mpc,2026-01-09 04:45:00,403,4.75,29.71189,3296.138,122.3155,3.884047,53.70025,1,1,2307.297,2306.979,0,0,0,0,0,0,0,0,0,115.7471,1773.773,0.8868867,1.135319,0.3172331,0,250,0.3172331,2306.979,0,0,10.69869,0,53.70025,463.1552,463.0916,0.06367979,473.8711,0,966.1974,0,0,8.437695e-14,4.263256e-14
mpc,2026-01-09 05:00:00,404,5,29.50026,3312.159,154.8901,1.020421,57.22894,1,1,2318.512,2318.194,116.0043,33.99574,150,1,144.1223,2.194928,3.682799,0,0,0,1773.494,0.8867471,1.116919,0.3172331,0,250,0.3172331,2202.19,2.666338,0,10.76778,0,54.5626,463.2418,440.0006,23.24119,484.898,0,988.3704,0,7.105427e-15,2.748912e-13,4.263256e-14
mpc,2026-01-09 05:15:00,405,5.25,29.60219,3325.16,200.4926,1.163165,63.18548,1,1,2327.612,2327.294,0,0,0,0,0,0,0,0,0,188.9975,1725.966,0.8629828,1.116743,0.3172331,0,250,0.3172331,2327.294,0,0,15.37897,0,63.18548,466.1042,466.0406,0.06352591,478.6935,0,983.9157,0,0,3.232969e-13,4.263256e-14
mpc,2026-01-09 05:30:00,406,5.5,29.45398,3318.457,236.41,0,67.73248,1,1,2322.92,2322.603,0,0,0,0,0,0,0,0,0,233.8672,1667.227,0.8336136,1.086815,0.3172331,0,250,0.3172331,2322.603,0,0,2.937998,0,67.73248,463.6509,463.5876,0.06331919,477.1069,0,959.2818,0,0,1.221245e-14,4.263256e-14
mpc,2026-01-09 05:45:00,407,5.75,29.62035,3332.274,280.8895,1.548086,54.72981,1,1,2332.592,2332.274,0,0,0,0,0,0,0,0,0,281.9371,1596.48,0.7982402,1.049829,0.3172331,0,250,0.3172331,2332.274,0,0,0,1.548086,54.72981,467.2882,467.2247,0.06355133,478.1887,0,959.0479,0,0,-2.848832e-13,4.263256e-14
mpc,2026-01-09 06:00:00,408,6,29.6018,3318.901,332.2144,9.55005,62.75655,1,1,2323.23,2322.913,0,0,0,0,0,0,0,0,0,331.6876,1513.307,0.7566536,1.00528,0.3172331,0,250,0.3172331,2322.913,0,0,1.209899,8.866965,62.75655,465.2228,465.1593,0.06352537,477.7262,0,972.835,0,0,-1.088019e-13,4.263256e-14
mpc,2026-01-09 06:15:00,409,6.25,29.67152,3312.291,366.9882,4.545792,52.05425,1,1,2318.604,2318.287,0,0,0,0,0,0,0,0,0,374.2272,1419.512,0.7097561,0.9529074,0.3172331,0,250,0.3172331,2318.287,0,0,0,2.586042,52.05425,465.0105,464.9469,0.06362308,475.3867,0,955.2343,0,0,-1.300071e-13,4.263256e-14
mpc,2026-01-09 06:30:00,410,6.5,29.74398,3300.638,399.2781,11.27567,38.73288,1,1,2310.447,2310.13,116.4895,33.51046,150,1,150,0,0,0,0,259.2596,1354.474,0.6772369,0.893846,0.3172331,0,250,0.3172331,2193.64,0,0,0,10.34107,38.73288,464.1164,440.6525,23.46383,481.9436,0,981.7254,0,-1.421086e-14,-1.759704e-13,4.263256e-14
mpc,2026-01-09 06:45:00,411,6.75,29.96894,3308.756,421.567,4.000895,18.64042,1,1,2316.129,2315.812,232.9791,67.02092,300,2,300,0,0,0,0,126.179,1322.716,0.6613579,0.8528923,0.3172331,0,250,0.3172331,2082.833,0,0,0,0.7930951,18.64042,467.5822,420.4841,47.09806,491.2682,0,983.9045,0,-2.842171e-14,-8.293366e-14,4.263256e-14
mpc,2026-01-09 07:00:00,412,7,30.02299,3318.412,433.288,3.294427,29.93931,1,1,2322.889,2322.572,525.0428,151.1638,676.2067,2,429.4067,1.177071,0,0,245.6229,0,1383.913,0.6919567,0.8328948,0.3172331,0,250,0.3172331,1797.529,0,0,3.881319,2.117356,29.93931,469.5103,363.3227,106.1876,520.538,0,1051.424,0,0,3.164136e-13,4.263256e-14
mpc,2026-01-09 07:15:00,413,7.25,29.74951,3344.209,409.7097,2.289216,20.54386,1,1,2340.946,2340.629,706.7251,203.3515,910.0766,4,409.6216,0.4549789,0,0,500,0,1508.696,0.7543477,0.87143,0.3172331,0,250,0.3172331,1633.904,0,0,0.08811679,1.834237,20.54386,470.3005,328.2543,142.0461,535.7331,0,1074.782,0,-2.842171e-14,3.198552e-13,4.263256e-14
mpc,2026-01-09 07:30:00,414,7.5,29.78403,3354.363,393.8427,2.273343,23.94089,1,1,2348.054,2347.737,696.2595,200.6216,896.8811,2,393.7846,3.096528,0,0,500,0,1633.458,0.816729,0.9500034,0.3172331,0,250,0.3172331,1651.477,0,0,0.05811184,0,23.94089,472.0887,332.0383,140.0504,537.4733,0,1075.047,0,-5.684342e-14,4.021228e-13,4.263256e-14
mpc,2026-01-09 07:45:00,415,7.75,29.95742,3331.674,359.4962,3.351737,41.41525,1,1,2332.172,2331.855,671.3813,193.2977,864.679,4,363.156,1.522953,0,0,500,0,1758.201,0.8791004,1.028565,0.3172331,0,250,0.3172331,1660.473,0,0,0,1.828783,41.41525,470.7004,335.132,135.5684,536.7885,0,1076.732,0,-2.842171e-14,-7.860379e-14,4.263256e-14
mpc,2026-01-09 08:00:00,416,8,30.06337,3331.754,319.9739,262.9249,57.43611,1,1,2332.228,2331.91,825.456,265.4377,1090.894,3,327.7121,263.1816,0,0,500,0,1882.924,0.941462,1.107113,0.3172331,0,250,0.3172331,1506.455,0,0,0,0,57.43611,471.8216,304.7634,167.0581,581.8208,0,1163.642,0,0,-2.74003e-13,4.263256e-14
mpc,2026-01-09 08:15:00,417,8.25,30.34095,3357.646,284.3607,265.388,42.92522,1,1,2350.352,2350.035,218.5552,62.8716,281.4268,1,281.4268,0,0,0,0,266.4395,1816.018,0.9080089,1.18565,0.3172331,0,250,0.3172331,2131.48,0,0,2.933887,0,42.92522,478.4437,433.8895,44.55422,505.499,0,1016.059,0,-7.105427e-15,7.371881e-14,4.263256e-14
mpc,2026-01-09 08:30:00,418,8.5,30.66165,3403.207,242.3086,277.2435,65.61637,1,1,2382.245,2381.927,181.9993,52.35561,234.3549,1,234.3549,0,0,0,0,269.1781,1748.437,0.8742187,1.14352,0.3172331,0,250,0.3172331,2199.928,0,0,7.953658,8.065432,65.61637,488.4433,451.0621,37.38125,516.8713,0,1061.376,0,-7.105427e-15,-3.541611e-13,4.263256e-14
mpc,2026-01-09 08:45:00,419,8.75,30.84113,3422.143,215.5668,273.7719,70.63941,1,1,2395.5,2395.183,158.3676,45.55748,203.925,1,203.925,0,0,0,0,273.7978,1679.713,0.8398563,1.100965,0.3172331,0,250,0.3172331,2236.815,0,0,11.64177,0,70.63941,493.1574,460.4893,32.66816,520.5892,0,1061.26,0,7.105427e-15,4.622969e-13,4.263256e-14
mpc,2026-01-09 09:00:00,420,9,30.85764,3459.153,176.1351,278.8158,88.15229,1,1,2421.407,2421.09,709.8837,233.856,943.7397,2,164.8982,278.8415,0,0,500,0,1804.448,0.9022241,1.057691,0.3172331,0,250,0.3172331,1711.206,0,0,11.23692,0,88.15229,498.6772,352.4147,146.2625,604.4252,0,1228.234,0,-5.684342e-14,2.073897e-13,4.263256e-14
mpc,2026-01-09 09:15:00,421,9.25,31.26096,3442.116,124.8879,280.7343,112.5785,1,1,2409.481,2409.164,115.2441,34.75592,150,1,134.9147,0,15.08526,0,0,282.3043,1733.588,0.8667941,1.136235,0.3172331,0,250,0.3172331,2293.92,10.70921,0,0,0,101.8693,500.7969,476.7781,24.01875,532.707,0,1065.414,0,7.105427e-15,-9.237056e-14,4.263256e-14
mpc,2026-01-09 09:30:00,422,9.5,31.63179,3504.066,96.98843,285.5998,114.9025,1,1,2452.846,2452.529,104.1053,45.89472,150,1,0,0,150,0,0,388.2382,1636.256,0.8181278,1.091615,0.3172331,0,250,0.3172331,2348.424,106.0419,0,0,2.350217,8.860626,514.1692,492.28,21.8892,540.0321,0,1084.118,0,0,2.395861e-13,4.263256e-14
mpc,2026-01-09 09:45:00,423,9.75,31.82926,3514.205,84.10676,287.4242,131.9567,1,1,2459.944,2459.627,0,0,0,0,0,0,0,0,0,364.7267,1544.816,0.7724082,1.030326,0.3172331,0,250,0.3172331,2459.627,0,0,3.497664,3.306614,131.9567,518.0158,517.949,0.06680305,545.7365,0,1103.21,0,0,3.885781e-13,4.263256e-14
mpc,2026-01-09 10:00:00,424,10,32.34778,3517.08,72.80011,284.1172,145.4272,1,1,2461.956,2461.639,318.6034,131.3966,450,3,76.1563,214.9985,158.8452,0,0,70.66138,1526.908,0.7634539,0.9727482,0.3172331,0,250,0.3172331,2143.035,111.3851,0,0,0,34.04214,524.7422,456.7673,67.97487,595.4196,0,1190.839,0,2.842171e-14,-4.187761e-13,4.263256e-14
mpc,2026-01-09 10:15:00,425,10.25,32.54922,3545.229,74.20097,283.8918,146.7749,1,1,2481.66,2481.343,213.8893,86.11069,300,2,68.78181,15.64648,215.5717,0,0,271.7615,1458.727,0.7293636,0.9614715,0.3172331,0,250,0.3172331,2267.454,150.8153,0,5.419157,0,0,531.452,485.5793,45.87271,571.69,0,1152.728,0,-1.421086e-14,4.13114e-13,4.263256e-14
mpc,2026-01-09 10:30:00,426,10.5,32.65436,3582.075,51.61088,290.9411,160.4757,0,1,2507.453,2507.135,0,0,0,0,0,0,0,0,0,349.8383,1371.038,0.685519,0.9185391,0.3172331,0,250,0.3172331,2507.135,0,0,0,4.629198,160.4757,538.3086,538.2405,0.0681047,0,572.692,3157.791,0,0,-2.485789e-13,4.263256e-14
mpc,2026-01-09 10:45:00,427,10.75,32.89366,3597.102,53.8669,297.1151,191.701,0,1,2517.971,2517.654,0,0,0,0,0,0,0,0,0,349.9235,1283.341,0.6416706,0.8633225,0.3172331,0,250,0.3172331,2517.654,0,0,0,8.683851,191.701,543.639,543.5706,0.06849176,0,584.9595,3232.257,0,0,-1.39555e-13,4.263256e-14
mpc,2026-01-09 11:00:00,428,11,33.29693,3635.464,53.50593,300.5621,222.9258,0,0,2544.825,2544.508,0,0,0,0,0,0,0,0,0,348.5434,1196.003,0.5980017,0.8081012,0.3172331,0,250,0.3172331,2544.508,0,0,0,7.13964,222.9258,554.7498,554.6806,0.06915407,0,603.2765,3330.337,0,0,4.759526e-13,4.263256e-14
mpc,2026-01-09 11:15:00,429,11.25,33.43827,3605.286,54.18179,299.4003,246.9736,0,0,2523.7,2523.383,0,0,0,0,0,0,0,0,0,343.9288,1109.833,0.5549164,0.7531058,0.3172331,0,250,0.3172331,2523.383,0,0,2.536506,7.11673,246.9736,552.0157,551.9463,0.06938924,0,605.9675,3349.473,0,0,3.946843e-13,4.263256e-14
mpc,2026-01-09 11:30:00,430,11.5,33.95804,3627.403,51.69168,300.3025,267.9844,0,0,2539.182,2538.865,0,0,0,0,0,0,0,0,0,348.9049,1022.432,0.511216,0.6988455,0.3172331,0,250,0.3172331,2538.865,0,0,0,4.037996,267.9844,562.436,562.3657,0.07026802,0,621.725,3426.453,0,0,-1.081357e-13,4.263256e-14
mpc,2026-01-09 11:45:00,431,11.75,34.10373,3672.532,49.52642,302.4907,266.2171,0,0,2570.773,2570.455,0,0,0,0,0,0,0,0,0,350.6943,934.5974,0.4672987,0.6438104,0.3172331,0,250,0.3172331,2570.455,0,0,0,3.372599,266.2171,571.4619,571.3914,0.07051835,0,630.5693,3473.949,0,0,2.459144e-13,4.263256e-14
mpc,2026-01-09 12:00:00,432,12,34.49067,3700.484,38.97424,298.4685,306.9736,0,0,2590.339,2590.022,0,0,0,0,0,0,0,0,0,348.8387,847.2406,0.4236203,0.5885023,0.3172331,0,250,0.3172331,2590.022,0,0,0,0,306.9736,581.3114,581.2402,0.07119192,0,650.1297,3575.713,0,0,1.353362e-13,4.263256e-14
mpc,2026-01-09 12:15:00,433,12.25,34.82018,3704.31,56.69835,302.5148,331.4554,0,0,2593.017,2592.7,297.7184,131.2489,428.9673,2,0,0,428.9673,0,0,345.5669,760.7155,0.3803578,0.533495,0.3172331,0,250,0.3172331,2294.981,292.3149,0,11.78203,1.864249,39.14053,586.6846,519.2523,67.43222,0,659.357,3650.003,0,-2.842171e-14,1.281197e-13,4.263256e-14
mpc,2026-01-09 12:30:00,434,12.5,35.05447,3724.475,47.63954,296.3267,358.0564,0,0,2607.133,2606.816,350.9588,149.0412,500,1,47.73684,0,452.2632,0,0,305.1997,684.2958,0.3421479,0.4790114,0.3172331,0,250,0.3172331,2255.857,307.3419,0,0,0,50.71453,593.3381,513.3938,79.94433,0,673.9767,3706.872,0,-8.526513e-14,4.207745e-14,4.263256e-14
mpc,2026-01-09 12:45:00,435,12.75,35.44513,3778.9,56.55916,303.3021,389.9574,0,0,2645.23,2644.912,351.5206,148.4795,500,1,54.54032,0,445.4597,0,0,304.4178,608.0837,0.3040418,0.4308911,0.3172331,0,250,0.3172331,2293.392,301.3263,0,2.018833,0,88.63112,607.954,527.091,80.863,0,695.9406,3831.156,0,-2.842171e-14,4.068967e-14,4.263256e-14
mpc,2026-01-09 13:00:00,436,13,35.49274,3746.998,53.45428,301.1039,411.7173,0,0,2622.899,2622.581,347.0176,152.9824,500,1,0,0,500,0,0,364.4304,516.8804,0.2584402,0.3829014,0.3172331,0,250,0.3172331,2275.564,338.029,0,0,0,73.68828,603.5481,523.6239,79.92429,0,693.5625,3814.594,0,0,2.129408e-13,4.263256e-14
mpc,2026-01-09 13:15:00,437,13.25,35.90822,3757.908,51.68274,303.8689,441.4471,0,0,2630.536,2630.219,411.0143,181.1953,592.2096,2,0,0,592.2096,0,0,363.2756,425.9801,0.21299,0.325472,0.3172331,0,250,0.3172331,2219.204,398.3997,0,0,1.423325,43.04744,611.7388,516.0825,95.65636,0,707.2886,3892.542,0,-2.842171e-14,-1.006972e-13,4.263256e-14
mpc,2026-01-09 13:30:00,438,13.5,36.1287,3762.576,66.27021,304.735,467.5115,1,0,2633.803,2633.486,434.3955,191.5029,625.8984,2,0,0,625.8984,0,0,356.3276,336.8311,0.1684156,0.2682334,0.3172331,0,250,0.3172331,2199.09,419.9593,0,14.80896,0,47.55224,615.9728,514.3056,101.6671,716.9296,0,1459.405,0,-2.842171e-14,-9.092727e-14,4.263256e-14
mpc,2026-01-09 13:45:00,439,13.75,36.27853,3780.42,60.57887,297.1783,483.0285,1,0,2646.294,2645.977,448.8894,197.8925,646.7818,4,0,0,646.7818,0,0,346.7919,250.0801,0.1250401,0.2120976,0.3172331,0,250,0.3172331,2197.087,433.1962,0,14.0486,0,49.83229,621.2889,515.8255,105.4634,725.4174,0,1475.069,0,-2.842171e-14,7.702172e-14,4.263256e-14
mpc,2026-01-09 14:00:00,440,14,36.58784,3745.123,67.15399,297.3602,494.3661,1,1,2621.586,2621.269,1087.097,412.9028,1500,3,57.69684,302.2811,640.0221,0,500,0,375.0408,0.1875204,0.1574718,0.3172331,0,250,0.3172331,1534.171,427.085,0,9.457151,0,67.28115,620.4442,363.0885,257.3557,791.9146,0,1600.143,0,-5.684342e-14,2.972622e-14,4.263256e-14
mpc,2026-01-09 14:15:00,441,14.25,36.92568,3787.216,62.26774,294.4356,515.0653,1,1,2651.051,2650.734,524.7301,224.7921,749.5221,4,54.93208,0,694.5901,0,0,298.7063,300.3051,0.1501526,0.2361577,0.3172331,0,250,0.3172331,2126.004,461.6208,0,7.335657,0,53.4445,632.9848,507.6206,125.3642,745.1735,0,1503.001,0,0,3.741452e-14,4.263256e-14
mpc,2026-01-09 14:30:00,442,14.5,37.21247,3799.689,64.73805,295.4856,549.5481,1,1,2659.782,2659.465,542.2107,232.6989,774.9096,2,53.24661,0,721.663,0,0,298.0631,225.7421,0.112871,0.1890977,0.3172331,0,250,0.3172331,2117.254,477.9576,0,11.49143,0,71.5905,639.8894,509.3682,130.5212,759.2903,0,1538.403,0,0,-6.772361e-15,4.263256e-14
mpc,2026-01-09 14:45:00,443,14.75,37.64558,3845.282,59.59842,289.6317,594.2453,1,1,2691.698,2691.38,1146.089,439.2083,1585.297,4,55.18361,298.4725,731.6414,0,500,0,350.7065,0.1753533,0.1421465,0.3172331,0,250,0.3172331,1545.291,482.0313,0,4.414808,0,112.214,655.0758,376.076,278.9998,842.5937,0,1692.803,0,-1.136868e-13,7.782663e-14,4.263256e-14
mpc,2026-01-09 15:00:00,444,15,37.94255,3820.314,52.23417,293.3701,614.3908,1,1,2674.22,2673.902,1087.504,412.4965,1500,3,62.61782,293.5877,643.7945,0,500,0,475.6513,0.2378257,0.2208348,0.3172331,0,250,0.3172331,1586.399,422.6251,0,0,0,191.7658,656.0378,389.1743,266.8635,848.7147,0,1697.429,0,-5.684342e-14,-2.575717e-14,4.263256e-14
mpc,2026-01-09 15:15:00,445,15.25,38.25034,3779.444,50.99729,295.456,601.8328,1,1,2645.611,2645.294,1192.689,458.396,1651.085,4,66.5789,294.7278,789.7779,0,500,0,600.5765,0.3002882,0.2995107,0.3172331,0,250,0.3172331,1452.605,516.5126,0,0,0.7281653,85.32021,654.4552,359.3367,295.1186,838.8387,0,1678.933,0,0,-4.862777e-14,4.263256e-14
mpc,2026-01-09 15:30:00,446,15.5,38.30451,3712.147,64.17825,291.1918,586.9326,1,1,2598.503,2598.186,1087.735,412.265,1500,3,65.42111,293.0424,641.5365,0,500,0,725.4819,0.362741,0.3781742,0.3172331,0,250,0.3172331,1510.451,419.2851,0,0,0,167.6475,643.7509,374.1978,269.5531,827.9956,0,1655.991,0,0,-4.912737e-14,4.263256e-14
mpc,2026-01-09 15:45:00,447,15.75,38.42914,3689.625,73.89504,298.7165,579.0408,1,1,2582.738,2582.42,1193.305,458.396,1651.701,4,68.86564,288.5482,794.2876,0,500,0,850.3677,0.4251839,0.4568253,0.3172331,0,250,0.3172331,1389.115,518.3258,0,5.029398,10.1683,60.71504,642.0257,345.3109,296.7148,818.7996,0,1663.815,0,-1.136868e-13,1.760259e-13,4.263256e-14
mpc,2026-01-09 16:00:00,448,16,38.59773,3647.038,84.03138,288.2875,574.8807,1,1,2552.927,2552.61,1193.866,457.3297,1651.196,4,79.908,284.6883,786.5997,0,500,0,975.2338,0.4876169,0.5354641,0.3172331,0,250,0.3172331,1358.743,512.248,0,4.123376,3.599138,62.63268,637.5544,339.3253,298.2291,812.2965,0,1637.914,0,0,-1.589839e-13,4.263256e-14
mpc,2026-01-09 16:15:00,449,16.25,38.67409,3589.677,92.37566,282.7095,555.0824,1,1,2512.774,2512.456,1199.204,457.7236,1656.927,4,96.37551,282.816,777.7357,0,500,0,1100.08,0.5500402,0.6140905,0.3172331,0,250,0.3172331,1313.253,506.0005,0,0,0,49.0819,628.8459,328.6542,300.1917,798.661,0,1597.322,0,-5.684342e-14,-1.008083e-13,4.263256e-14
mpc,2026-01-09 16:30:00,450,16.5,38.77599,3569.914,108.3403,280.4457,556.0163,1,1,2498.94,2498.623,1206.112,458.6075,1664.719,4,114.546,285.7023,764.4711,0,500,0,1224.907,0.6124536,0.6927045,0.3172331,0,250,0.3172331,1292.511,496.7472,0,0,0,59.26905,627.1431,324.3733,302.7698,797.8552,0,1595.71,0,0,8.815171e-14,4.263256e-14
mpc,2026-01-09 16:45:00,451,16.75,38.87714,3565.958,132.9461,277.1791,537.9009,1,1,2496.171,2495.853,1226.267,464.9984,1691.266,4,135.5157,284.1307,771.6192,0,500,0,1349.714,0.6748572,0.7713061,0.3172331,0,250,0.3172331,1269.586,500.7677,0,0,0,37.13324,628.2022,319.5121,308.69,793.8558,0,1587.711,0,-5.684342e-14,-1.617595e-13,4.263256e-14
mpc,2026-01-09 17:00:00,452,17,39.01522,3561.209,154.3126,272.4952,522.1635,1,1,2492.846,2492.529,646.0746,265.4441,911.5187,3,162.8907,0,748.628,0,0,282.283,1278.931,0.6394656,0.8498953,0.3172331,0,250,0.3172331,1846.455,485.0197,0,0,0,37.14377,629.7729,466.4736,163.2993,741.3014,0,1482.603,0,-5.684342e-14,-3.624878e-13,4.263256e-14
mpc,2026-01-09 17:15:00,453,17.25,39.01193,3625.555,180.1373,274.9959,514.2355,1,1,2537.888,2537.571,642.5932,260.5789,903.1721,4,190.8867,0,712.2854,0,0,274.8305,1210.022,0.6050111,0.8053242,0.3172331,0,250,0.3172331,1894.978,461.493,0,0,0.1654247,52.74248,641.0933,478.6883,162.4049,752.5905,0,1505.466,0,-5.684342e-14,-9.692247e-14,4.263256e-14
mpc,2026-01-09 17:30:00,454,17.5,38.95971,3646.032,197.2135,271.883,486.046,1,1,2552.222,2551.905,1213.378,449.7049,1663.082,4,216.3091,270.8464,675.927,0,500,0,1334.832,0.6674158,0.7619332,0.3172331,0,250,0.3172331,1338.528,438.2185,0,0,1.036606,47.82749,643.7801,337.6342,306.1459,799.4033,0,1600.595,0,-5.684342e-14,-9.325873e-15,4.263256e-14
mpc,2026-01-09 17:45:00,455,17.75,38.82907,3622.593,226.7978,265.8537,441.4789,1,1,2535.815,2535.498,644.948,254.1415,899.0895,4,253.7279,0,645.3616,0,0,265.3941,1268.273,0.6341365,0.8405239,0.3172331,0,250,0.3172331,1890.55,419.0768,0,0,0.4596238,22.4021,637.3312,475.1555,162.1757,734.9273,0,1470.648,0,2.842171e-14,2.607914e-13,4.263256e-14
mpc,2026-01-09 18:00:00,456,18,38.67492,3613.64,258.0759,0,428.0489,1,1,2529.548,2529.231,1024.87,358.5488,1383.419,4,284.0048,0.345305,599.0692,0,500,0,1393.073,0.6965367,0.7986129,0.3172331,0,250,0.3172331,1504.36,389.7548,0,0,0,38.29409,633.0583,376.4893,256.569,744.6218,0,1489.244,0,1.136868e-13,-1.110223e-16,4.263256e-14
mpc,2026-01-09 18:15:00,457,18.25,38.77407,3573.79,288.2581,0,412.3453,1,1,2501.653,2501.336,1033.938,359.8217,1393.759,4,306.9066,1.08171,585.7711,0,500,0,1517.854,0.758927,0.8771979,0.3172331,0,250,0.3172331,1467.398,380.6385,0,0,0,31.70687,627.7906,368.244,259.5466,736.0226,0,1472.045,0,0,3.557155e-13,4.263256e-14
mpc,2026-01-09 18:30:00,458,18.5,38.69088,3537.183,325.8776,0,376.9341,1,0,2476.028,2475.711,347.0176,152.9824,500,1,0,0,500,0,0,331.9578,1434.626,0.7173128,0.9557705,0.3172331,0,250,0.3172331,2128.693,325.2365,0,0,0,51.69764,619.9364,532.9723,86.96408,698.8985,0,1397.797,0,0,-2.113865e-13,4.263256e-14
mpc,2026-01-09 18:45:00,459,18.75,38.70479,3528.215,369.3764,0,347.1583,1,0,2469.75,2469.433,362.0481,159.6086,521.6567,2,0,0,521.6567,0,0,362.7048,1343.724,0.6718618,0.9033628,0.3172331,0,250,0.3172331,2107.385,339.2655,0,6.699186,0,7.892767,618.6016,527.8395,90.76212,689.425,0,1390.406,0,-2.842171e-14,8.681944e-14,4.263256e-14
mpc,2026-01-09 19:00:00,460,19,38.43017,3501.552,398.1884,0,321.7704,1,0,2451.086,2450.769,330.7454,145.8088,476.5543,1,0,0,476.5543,0,0,386.8339,1246.804,0.6234018,0.8461231,0.3172331,0,250,0.3172331,2120.023,310.9796,0,12.88388,0,10.79077,609.3166,527.0176,82.29901,675.5089,0,1373.242,0,0,-1.179057e-13,4.263256e-14
mpc,2026-01-09 19:15:00,461,19.25,38.05916,3521.857,410.7143,0,269.8797,0,0,2465.3,2464.983,291.0318,128.3011,419.3329,1,0,0,419.3329,0,0,398.7575,1146.918,0.573459,0.785094,0.3172331,0,250,0.3172331,2173.951,274.8839,0,14.39624,0,0,606.6949,534.9958,71.69917,0,663.2968,3672.966,0,0,-4.038991e-13,4.263256e-14
mpc,2026-01-09 19:30:00,462,19.5,37.79232,3512.677,402.9877,0,266.679,0,0,2458.874,2458.557,274.2985,120.9242,395.2227,1,0,0,395.2227,0,0,400.5837,1046.591,0.5232958,0.7221974,0.3172331,0,250,0.3172331,2184.258,259.9227,0,5.272182,0,6.756265,600.7738,533.6772,67.09653,0,656.2522,3618.482,0,0,-4.258815e-13,4.263256e-14
mpc,2026-01-09 19:45:00,463,19.75,37.79823,3455.457,402.1992,0,268.75,0,0,2418.82,2418.503,244.1709,107.6425,351.8133,2,0,0,351.8133,0,0,389.8175,948.9724,0.4744862,0.6590233,0.3172331,0,250,0.3172331,2174.332,231.3574,0,16.24977,0,37.39254,591.0814,531.3364,59.74498,0,648.1164,3592.671,0,0,-2.384759e-13,4.263256e-14
mpc,2026-01-09 20:00:00,464,20,37.77753,3394.95,399.6401,0,234.411,0,0,2376.465,2376.148,219.1865,96.62816,315.8146,1,0,0,315.8146,0,0,373.3234,855.4922,0.4277461,0.597554,0.3172331,0,250,0.3172331,2156.961,207.7365,0,28.60163,0,26.67458,580.4082,526.7984,53.60978,0,629.9414,3514.015,0,-2.842171e-14,-1.383338e-13,4.263256e-14
mpc,2026-01-09 20:15:00,465,20.25,37.64558,3387.25,365.1771,0,193.1047,0,0,2371.075,2370.758,197.7119,87.16113,284.8731,1,0,0,284.8731,0,0,360.5941,765.209,0.3826045,0.5386909,0.3172331,0,250,0.3172331,2173.046,187.6844,0,7.455013,0,5.420305,577.0462,528.8521,48.19417,0,617.3323,3408.188,0,-2.842171e-14,1.876277e-13,4.263256e-14
mpc,2026-01-09 20:30:00,466,20.5,37.35279,3406.127,330.9081,0,158.7285,0,0,2384.289,2383.972,178.3014,78.60399,256.9053,1,0,0,256.9053,0,0,339.4888,680.2163,0.3401082,0.4818409,0.3172331,0,250,0.3172331,2205.67,169.8601,0,0,0,0,575.7493,532.6171,43.13216,0,611.2211,3361.716,0,-1.421086e-14,-1.61593e-13,4.263256e-14
mpc,2026-01-09 20:45:00,467,20.75,37.13688,3359.954,280.4158,0,160.2605,0,0,2351.968,2351.651,163.7586,72.19284,235.9515,1,0,0,235.9515,0,0,302.4757,604.4903,0.3022452,0.4283222,0.3172331,0,250,0.3172331,2187.892,156.4134,0,0,0,3.847091,564.7059,525.3114,39.3945,0,598.428,3291.354,0,-1.421086e-14,-6.461498e-14,4.263256e-14
mpc,2026-01-09 21:00:00,468,21,36.88834,3324.031,241.7604,0,155.553,0,0,2326.822,2326.505,143.6974,63.34887,207.0463,1,0,0,207.0463,0,0,270.658,536.7306,0.2683653,0.3806387,0.3172331,0,250,0.3172331,2182.807,137.6637,0,0,0,17.88934,555.025,520.6727,34.35233,0,588.2888,3235.588,0,-2.131628e-14,1.781908e-14,4.263256e-14
mpc,2026-01-09 21:15:00,469,21.25,36.62393,3380.903,231.2493,0,156.5963,0,0,2366.632,2366.315,135.6448,59.7989,195.4437,1,0,0,195.4437,0,0,242.3256,476.0648,0.2380324,0.3379714,0.3172331,0,250,0.3172331,2230.67,130.3626,0,0,0,26.23362,560.6316,528.4235,32.20806,0,594.4369,3269.403,0,0,4.357625e-14,4.263256e-14
mpc,2026-01-09 21:30:00,470,21.5,36.06984,3362.435,215.0489,0,131.0804,0,0,2353.704,2353.387,119.9913,52.89806,172.8894,1,0,0,172.8894,0,0,209.4099,423.6373,0.2118187,0.299771,0.3172331,0,250,0.3172331,2233.396,116.0851,0,8.708943,0,14.99534,549.6332,521.539,28.09426,0,577.9387,3193.686,0,-1.421086e-14,1.509903e-14,4.263256e-14
mpc,2026-01-09 21:45:00,471,21.75,35.72641,3336.65,187.6379,0,125.8985,0,0,2335.655,2335.338,113.0714,49.84745,162.9189,1,0,0,162.9189,0,0,179.5107,378.693,0.1893465,0.2667582,0.3172331,0,250,0.3172331,2222.266,109.8381,0,12.17573,0,16.06045,540.649,514.4022,26.24681,0,567.9673,3144.823,0,0,2.731149e-14,4.263256e-14
mpc,2026-01-09 22:00:00,472,22,35.46392,3388.674,159.8518,0,102.2798,0,0,2372.072,2371.754,113.2852,49.94168,163.2269,1,0,0,163.2269,0,0,144.698,342.4588,0.1712294,0.2384574,0.3172331,0,250,0.3172331,2258.469,110.3885,0,19.86635,0,0,545.4331,519.3114,26.12169,0,569.2531,3165.161,0,-7.105427e-15,1.101896e-14,4.263256e-14
mpc,2026-01-09 22:15:00,473,22.25,35.41708,3356.035,128.9197,2.155226,83.6317,0,0,2349.225,2348.907,0,0,0,0,0,0,0,0,0,120.968,312.1629,0.1560815,0.2156413,0.3172331,0,250,0.3172331,2348.907,0,0,10.10313,0.003797139,83.6317,539.5405,539.4677,0.07285812,0,558.6751,3090.148,0,0,3.663736e-14,4.263256e-14
mpc,2026-01-09 22:30:00,474,22.5,35.18553,3306.911,115.2965,2.400563,67.28213,0,0,2314.838,2314.52,0,0,0,0,0,0,0,0,0,107.3135,285.2854,0.1426427,0.1965644,0.3172331,0,250,0.3172331,2314.52,0,0,8.869864,1.513703,67.28213,528.551,528.4785,0.07243439,0,543.8412,3009.038,0,0,-5.961898e-14,4.263256e-14
mpc,2026-01-09 22:45:00,475,22.75,35.11047,3298.479,95.98653,0,52.83757,0,0,2308.936,2308.618,0,0,0,0,0,0,0,0,0,101.6395,259.8306,0.1299153,0.17964,0.3172331,0,250,0.3172331,2308.618,0,0,0,0,52.83757,526.2114,526.1391,0.0722981,0,538.1809,2959.995,0,0,-7.749357e-14,4.263256e-14
mpc,2026-01-09 23:00:00,476,23,34.79608,3255.911,98.2609,1.454869,56.80708,0,0,2279.137,2278.82,0,0,0,0,0,0,0,0,0,86.52009,238.1597,0.1190798,0.1636115,0.3172331,0,250,0.3172331,2278.82,0,0,11.82739,1.368281,56.80708,515.3585,515.2868,0.07173274,0,528.132,2927.489,0,0,-9.992007e-16,4.263256e-14
mpc,2026-01-09 23:15:00,477,23.25,34.49863,3212.279,91.54901,0,59.72664,0,0,2248.595,2248.278,0,0,0,0,0,0,0,0,0,78.39279,218.524,0.109262,0.1499657,0.3172331,0,250,0.3172331,2248.278,0,0,13.32501,0,59.72664,504.7181,504.6469,0.07120592,0,518.0531,2872.278,0,0,-3.780309e-14,4.263256e-14
mpc,2026-01-09 23:30:00,478,23.5,33.72654,3243.674,87.09891,1.169148,73.42662,0,1,2270.572,2270.254,443.8878,127.8305,571.7183,3,70.42398,1.294325,0,0,500,0,343.4896,0.1717448,0.1376014,0.3172331,0,250,0.3172331,1826.367,0,0,16.67493,0,73.42662,500.117,402.2762,97.84078,0,546.2797,3033.303,0,4.263256e-14,-9.067747e-14,4.263256e-14
mpc,2026-01-09 23:45:00,479,23.75,33.52926,3228.266,77.22438,2.939078,71.25613,0,1,2259.787,2259.469,445.8565,128.5269,574.3834,2,71.86544,2.517935,0,0,500,0,468.4355,0.2342178,0.2162904,0.3172331,0,250,0.3172331,1813.613,0,0,5.358938,0.4211439,71.25613,495.3737,397.5668,97.80691,0,541.7139,2989.397,0,2.842171e-14,-7.929768e-14,4.263256e-14
mpc,2026-01-10 00:00:00,480,0,33.34303,3242.966,64.23761,0,68.24989,1,1,2270.076,2269.759,432.3064,124.7441,557.0504,3,53.44969,3.600748,0,0,500,0,593.3618,0.2966809,0.294967,0.3172331,0,250,0.3172331,1837.453,0,0,10.78792,0,68.24989,495.4046,400.9921,94.41257,540.6305,0,1099.87,0,4.263256e-14,1.553202e-13,4.263256e-14
mpc,2026-01-10 00:15:00,481,0.25,33.31608,3212.351,69.41713,0,53.614,1,1,2248.646,2248.328,431.3975,124.4295,555.8271,3,52.72562,3.101444,0,0,500,0,718.2684,0.3591342,0.3736312,0.3172331,0,250,0.3172331,1816.931,0,0,16.69151,0,53.614,490.4105,396.2572,94.15333,532.3795,0,1093.552,0,2.842171e-14,-1.09468e-13,4.263256e-14
mpc,2026-01-10 00:30:00,482,0.5,32.99644,3210.265,60.74398,0,55.58698,1,1,2247.185,2246.868,420.4164,121.1761,541.5925,3,39.38013,2.212339,0,0,500,0,843.1553,0.4215777,0.4522831,0.3172331,0,250,0.3172331,1826.451,0,0,21.36385,0,55.58698,486.3625,395.3023,91.06017,528.5092,0,1093.871,0,5.684342e-14,-1.981193e-13,4.263256e-14
mpc,2026-01-10 00:45:00,483,0.75,32.75773,3182.328,47.60836,0,33.91246,1,1,2227.63,2227.312,424.4658,122.3976,546.8633,3,44.11851,2.744842,0,0,500,0,968.0226,0.4840113,0.5309225,0.3172331,0,250,0.3172331,1802.847,0,0,3.489854,0,33.91246,479.4055,387.9884,91.41704,517.6843,0,1041.389,0,4.263256e-14,-1.966205e-13,4.263256e-14
mpc,2026-01-10 01:00:00,484,1,32.42038,3167.231,58.33414,3.966216,22.79751,1,1,2217.061,2216.744,431.9096,124.4924,556.402,3,54.0949,2.307054,0,0,500,0,1092.87,0.5464351,0.6095496,0.3172331,0,250,0.3172331,1784.835,0,0,4.239244,1.659162,22.79751,473.351,381.0689,92.28205,510.4287,0,1031.032,0,-1.421086e-14,4.117817e-13,4.263256e-14
mpc,2026-01-10 01:15:00,485,1.25,32.02978,3225.68,62.69463,4.350915,7.057334,1,1,2257.976,2257.659,431.8076,124.6906,556.4982,3,52.05049,4.447703,0,0,500,0,1217.698,0.6088491,0.6881643,0.3172331,0,250,0.3172331,1825.852,0,0,10.64414,0,7.057334,477.7043,386.2826,91.42162,512.4663,0,1043.294,0,-2.842171e-14,1.776357e-14,4.263256e-14
mpc,2026-01-10 01:30:00,486,1.5,31.70924,3245.988,59.39934,2.80161,28.95435,1,1,2272.191,2271.874,387.5259,112.4741,500,1,53.56386,9.35765,0,0,437.0785,0,1326.776,0.663388,0.7667667,0.3172331,0,250,0.3172331,1884.348,0,0,5.83548,0,28.95435,477.1523,395.7066,81.44571,514.261,0,1038.588,0,-4.263256e-14,-2.252642e-13,4.263256e-14
mpc,2026-01-10 01:45:00,487,1.75,31.44647,3260.299,60.85627,0,29.12468,1,1,2282.209,2281.892,433.1501,125.4092,558.5593,2,50.98454,7.574756,0,0,500,0,1451.567,0.7257836,0.8354514,0.3172331,0,250,0.3172331,1848.742,0,0,9.871739,0,29.12468,476.3646,385.8872,90.47744,517.3756,0,1051.78,0,5.684342e-14,1.416645e-13,4.263256e-14
mpc,2026-01-10 02:00:00,488,2,31.41489,3253.172,78.141,2.306304,34.00829,1,1,2277.22,2276.903,387.911,112.089,500,1,55.97124,4.69328,0,0,439.3355,0,1561.173,0.7805863,0.9140306,0.3172331,0,250,0.3172331,1888.992,0,0,22.16976,0,34.00829,474.9788,394.0028,80.97598,513.1852,0,1064.613,0,0,3.028688e-13,4.263256e-14
mpc,2026-01-10 02:15:00,489,2.25,31.21509,3241.824,52.23456,1.171179,43.61082,1,1,2269.277,2268.959,428.5333,123.6427,552.1759,3,48.72583,3.450125,0,0,500,0,1685.927,0.8429634,0.9830475,0.3172331,0,250,0.3172331,1840.426,0,0,3.508733,0,43.61082,471.162,382.1213,89.04074,514.8187,0,1035.69,0,-4.263256e-14,4.085621e-14,4.263256e-14
mpc,2026-01-10 02:30:00,490,2.5,30.92348,3241.755,51.886,4.496205,44.48992,1,1,2269.229,2268.911,388.2562,111.7438,500,1,45.03852,0.5118673,0,0,454.4496,0,1799.274,0.8996369,1.061603,0.3172331,0,250,0.3172331,1880.655,0,0,6.847474,3.984338,44.48992,468.035,387.8906,80.1444,508.8105,0,1036.306,0,-1.421086e-14,1.754152e-13,4.263256e-14
mpc,2026-01-10 02:45:00,491,2.75,30.76672,3231.756,56.05006,3.075965,36.82515,1,1,2262.229,2261.912,351.4777,101.3528,452.8305,3,46.50246,2.29036,0,0,404.0377,0,1900,0.95,1.132976,0.3172331,0,250,0.3172331,1910.434,0,0,9.547599,0.7856053,36.82515,464.9376,392.6361,72.30157,501.5573,0,1020.939,0,-1.421086e-14,3.421707e-13,4.263256e-14
mpc,2026-01-10 03:00:00,492,3,30.63234,3249.34,54.05221,0.530836,15.0055,1,1,2274.538,2274.221,107.3772,42.62279,150,1,48.8068,3.752904,79.56688,16.67702,1.196402,0,1900,0.95,1.196402,0.3172331,0,250,0.3172331,2166.844,56.88565,1.082385,5.245415,0,0,466.0516,443.9851,22.06653,486.6078,0,981.0463,0,-7.105427e-15,1.925127e-13,4.263256e-14
mpc,2026-01-10 03:15:00,493,3.25,30.39487,3248.259,49.59504,0,16.83583,1,1,2273.781,2273.464,0,0,0,0,0,0,0,0,0,52.8467,1886.489,0.9432446,1.196402,0.3172331,0,250,0.3172331,2273.464,0,0,1.48344,0,16.83583,463.4162,463.3515,0.06465484,466.7828,0,936.1246,0,0,1.04361e-13,4.263256e-14
mpc,2026-01-10 03:30:00,494,3.5,30.40946,3256.006,66.61886,0,24.96066,1,1,2279.204,2278.887,112.8804,37.11963,150,1,51.05416,4.525843,39.189,0,55.231,0,1900,0.95,1.187895,0.3172331,0,250,0.3172331,2166.007,28.08771,0,15.5647,0,0,464.6735,441.5953,23.07819,478.7149,0,984.279,0,-1.421086e-14,-2.511325e-13,4.263256e-14
mpc,2026-01-10 03:45:00,495,3.75,30.04248,3328.355,87.67518,0,39.59427,1,1,2329.848,2329.531,0,0,0,0,0,0,0,0,0,54.80356,1886,0.943,1.196402,0.3172331,0,250,0.3172331,2329.531,0,0,36.08061,0,39.59427,471.1212,471.0571,0.06414805,479.0635,0,1020.366,0,0,1.527667e-13,4.263256e-14
mpc,2026-01-10 04:00:00,496,4,29.91225,3317.093,96.8697,1.205214,45.27122,1,1,2321.965,2321.648,0,0,0,0,0,0,0,0,0,69.64293,1868.292,0.9341462,1.187587,0.3172331,0,250,0.3172331,2321.648,0,0,32.49884,0,45.27122,468.1709,468.1069,0.06396276,477.2348,0,1010.53,0,0,7.771561e-15,4.263256e-14
mpc,2026-01-10 04:15:00,497,4.25,29.91239,3280.941,112.3138,6.153243,28.47854,1,1,2296.659,2296.341,0,0,0,0,0,0,0,0,0,87.73524,1846.064,0.9230322,1.176436,0.3172331,0,250,0.3172331,2296.341,0,0,30.68013,0.05162806,28.47854,463.0698,463.0059,0.06396296,468.7479,0,990.5081,0,0,2.999823e-13,4.263256e-14
mpc,2026-01-10 04:30:00,498,4.5,29.6669,3323.88,116.4481,0.3126977,35.60081,1,1,2326.716,2326.399,0,0,0,0,0,0,0,0,0,102.4788,1820.154,0.9100771,1.16244,0.3172331,0,250,0.3172331,2326.399,0,0,19.02313,0,35.60081,466.5899,466.5263,0.06361659,473.6655,0,980.1459,0,0,-2.076117e-13,4.263256e-14
mpc,2026-01-10 04:45:00,499,4.75,29.66147,3290.963,134.081,0,41.10418,1,1,2303.674,2303.357,0,0,0,0,0,0,0,0,0,121.6705,1789.45,0.894725,1.146124,0.3172331,0,250,0.3172331,2303.357,0,0,16.40778,0,41.10418,461.9138,461.8502,0.06360897,470.0921,0,968.4876,0,0,-1.429967e-13,4.263256e-14
mpc,2026-01-10 05:00:00,500,5,29.79314,3266.308,165.0584,0,25.14614,1,1,2286.416,2286.098,0,0,0,0,0,0,0,0,0,151.7983,1751.219,0.8756094,1.12679,0.3172331,0,250,0.3172331,2286.098,0,0,14.80698,0,25.14614,459.7885,459.7247,0.06379424,464.7815,0,955.1051,0,0,-3.13749e-13,4.263256e-14
mpc,2026-01-10 05:15:00,501,5.25,29.83008,3323.28,206.0376,0,25.66274,1,1,2326.296,2325.979,0,0,0,0,0,0,0,0,0,196.1173,1701.914,0.8509569,1.102717,0.3172331,0,250,0.3172331,2325.979,0,0,12.29623,0,25.66274,468.1909,468.1271,0.0638464,473.292,0,967.795,0,0,-2.366995e-13,4.263256e-14
mpc,2026-01-10 05:30:00,502,5.5,29.60447,3335.138,242.5306,0,21.54612,1,1,2334.596,2334.279,0,0,0,0,0,0,0,0,0,235.4772,1642.776,0.8213883,1.07167,0.3172331,0,250,0.3172331,2334.279,0,0,7.229433,0,21.54612,467.5263,467.4628,0.0635291,471.7776,0,956.0259,0,0,1.307843e-13,4.263256e-14
mpc,2026-01-10 05:45:00,503,5.75,29.5243,3308.718,296.4357,0,20.16486,1,1,2316.102,2315.785,0,0,0,0,0,0,0,0,0,282.3852,1571.922,0.7859608,1.034432,0.3172331,0,250,0.3172331,2315.785,0,0,14.91047,0,20.16486,463.005,462.9416,0.0634171,466.9727,0,959.6659,0,0,-3.212985e-13,4.263256e-14
mpc,2026-01-10 06:00:00,504,6,29.71742,3319.192,340.102,0,33.50017,1,1,2323.434,2323.117,0,0,0,0,0,0,0,0,0,337.4401,1487.314,0.7436571,0.989816,0.3172331,0,250,0.3172331,2323.117,0,0,8.244777,0,33.50017,466.4515,466.3878,0.06368756,473.1133,0,960.4489,0,0,-2.117195e-13,4.263256e-14
mpc,2026-01-10 06:15:00,505,6.25,29.80359,3364.794,384.3905,0,46.74494,1,1,2355.356,2355.039,0,0,0,0,0,0,0,0,0,372.8117,1393.877,0.6969385,0.9365399,0.3172331,0,250,0.3172331,2355.039,0,0,14.97432,0,46.74494,473.7617,473.6979,0.06380899,483.1003,0,992.0312,0,0,4.03455e-13,4.263256e-14
mpc,2026-01-10 06:30:00,506,6.5,29.86585,3343.155,425.0866,0,35.90495,1,1,2340.209,2339.892,232.9791,67.02092,300,2,300,0,0,0,0,110.002,1366.157,0.6830786,0.877704,0.3172331,0,250,0.3172331,2106.912,0,0,21.74529,0,35.90495,471.3643,424.3738,46.99048,498.6267,0,1034.764,0,-2.842171e-14,4.156675e-13,4.263256e-14
mpc,2026-01-10 06:45:00,507,6.75,30.00324,3358.274,444.3683,0,32.92353,1,1,2350.792,2350.474,330.3924,95.43143,425.8239,1,422.1772,3.646666,0,0,0,0,1365.942,0.682971,0.8602491,0.3172331,0,250,0.3172331,2020.082,0,0,22.19113,0,32.92353,474.9417,408.1268,66.81485,510.2099,0,1058.7,0,-4.263256e-14,-3.271827e-13,4.263256e-14
mpc,2026-01-10 07:00:00,508,7,30.19232,3432.046,438.5485,0,26.24234,1,1,2402.432,2402.115,725.0182,208.8158,933.834,3,431.4795,2.354461,0,0,500,0,1490.727,0.7453635,0.8601137,0.3172331,0,250,0.3172331,1677.096,0,0,7.069024,0,26.24234,487.4229,340.2616,147.1613,554.4016,0,1120.997,0,-5.684342e-14,4.172218e-13,4.263256e-14
mpc,2026-01-10 07:15:00,509,7.25,30.20993,3426.913,419.0727,0,15.6148,1,1,2398.839,2398.522,707.4015,203.6538,911.0553,4,409.5869,1.468361,0,0,500,0,1615.492,0.8077462,0.938689,0.3172331,0,250,0.3172331,1691.121,0,0,9.485763,0,15.6148,486.8854,343.2418,143.6436,550.0648,0,1116.493,0,-1.136868e-13,1.314504e-13,4.263256e-14
mpc,2026-01-10 07:30:00,510,7.5,30.2986,3385.837,393.885,0,34.26114,1,1,2370.086,2369.769,622.5304,179.364,801.8943,2,393.7912,2.644264,0,0,405.4589,0,1716.603,0.8583014,1.017252,0.3172331,0,250,0.3172331,1747.238,0,0,0.0938223,0,34.26114,482.0037,355.3354,126.6683,541.667,0,1083.496,0,-1.136868e-13,1.671996e-13,4.263256e-14
mpc,2026-01-10 07:45:00,511,7.75,30.45897,3390.432,362.1167,0,41.77403,1,1,2373.302,2372.985,670.5438,193.1686,863.7125,4,361.1371,2.575406,0,0,500,0,1841.333,0.9206663,1.08092,0.3172331,0,250,0.3172331,1702.441,0,0,0.9796164,0,41.77403,484.3955,347.4715,136.924,549.1663,0,1100.022,0,-1.705303e-13,-3.916867e-13,4.263256e-14
mpc,2026-01-10 08:00:00,512,8,30.54394,3400.475,322.1339,132.8799,25.45618,1,1,2380.333,2380.015,251.2204,72.2684,323.4889,1,323.4889,0,0,0,0,263.0529,1775.28,0.8876397,1.15946,0.3172331,0,250,0.3172331,2128.795,0,0,0,0,25.45618,486.7591,435.3216,51.43745,512.7956,0,1025.591,0,0,4.214407e-13,4.263256e-14
mpc,2026-01-10 08:15:00,513,8.25,30.69689,3406.05,274.8646,137.2335,47.10099,1,1,2384.235,2383.918,219.9233,63.26516,283.1884,1,283.1884,0,0,0,0,265.8851,1708.529,0.8542644,1.117868,0.3172331,0,250,0.3172331,2163.995,0,0,0,0,47.10099,489.2403,444.0473,45.19291,516.9775,0,1033.955,0,-7.105427e-15,1.934008e-13,4.263256e-14
mpc,2026-01-10 08:30:00,514,8.5,31.04898,3474.067,233.7009,141.4716,45.05042,1,1,2431.847,2431.53,185.4975,53.36192,238.8594,1,238.8594,0,0,0,0,273.7095,1639.832,0.8199162,1.075835,0.3172331,0,250,0.3172331,2246.032,0,0,0,0,45.05042,503.0077,464.5734,38.43425,527.2536,0,1054.507,0,-2.131628e-14,1.285638e-13,4.263256e-14
mpc,2026-01-10 08:45:00,515,8.75,31.11605,3492.019,192.9884,140.1542,71.58553,1,1,2444.414,2444.096,163.4413,47.01704,210.4583,1,210.4583,0,0,0,0,273.8114,1571.121,0.7855607,1.032578,0.3172331,0,250,0.3172331,2280.655,0,0,0,0,71.58553,506.3797,472.4558,33.92388,534.3023,0,1068.605,0,-7.105427e-15,2.011724e-13,4.263256e-14
mpc,2026-01-10 09:00:00,516,9,31.57255,3505.906,160.7594,138.1898,73.43429,1,1,2454.134,2453.817,365.2731,134.7269,500,1,171.1954,278.8864,0,0,49.91819,0,1583.354,0.7916768,0.9893121,0.3172331,0,250,0.3172331,2088.544,0,0,0,0,73.43429,513.7375,437.2065,76.53106,587.3057,0,1174.611,0,-2.842171e-14,4.501954e-13,4.263256e-14
mpc,2026-01-10 09:15:00,517,9.25,32.02952,3534.655,125.8676,135.2898,96.61858,1,1,2474.258,2473.941,0,0,0,0,0,0,0,0,0,410.8873,1480.382,0.7401913,0.9970146,0.3172331,0,250,0.3172331,2473.941,0,0,0,0,96.61858,523.4583,523.3912,0.06711437,543.832,0,1087.664,0,0,2.112754e-13,4.263256e-14
mpc,2026-01-10 09:30:00,518,9.5,32.02527,3551.087,111.1945,141.4896,103.8448,1,1,2485.761,2485.444,0,0,0,0,0,0,0,0,0,385.2095,1383.847,0.6919236,0.9321752,0.3172331,0,250,0.3172331,2485.444,0,0,10.52236,0,103.8448,525.8399,525.7728,0.06710774,547.7402,0,1113.631,0,0,-4.116707e-13,4.263256e-14
mpc,2026-01-10 09:45:00,519,9.75,32.23741,3513.367,73.44867,136.8615,107.7608,1,1,2459.357,2459.04,0,0,0,0,0,0,0,0,0,368.5708,1291.487,0.6457433,0.8713882,0.3172331,0,250,0.3172331,2459.04,0,0,0,0,107.7608,522.8352,522.7678,0.06744065,545.6767,0,1091.353,0,0,2.705613e-13,4.263256e-14
mpc,2026-01-10 10:00:00,520,10,32.52028,3555.452,67.25327,142.9792,125.1048,1,1,2488.816,2488.499,0,0,0,0,0,0,0,0,0,359.2239,1201.477,0.6007387,0.8132302,0.3172331,0,250,0.3172331,2488.499,0,0,0,0,125.1048,532.6212,532.5533,0.06788974,559.3265,0,1118.653,0,0,-2.077227e-13,4.263256e-14
mpc,2026-01-10 10:15:00,521,10.25,32.66557,3589.443,61.24851,140.9666,149.5742,1,1,2512.61,2512.293,0,0,0,0,0,0,0,0,0,357.2819,1111.968,0.5559838,0.7565526,0.3172331,0,250,0.3172331,2512.293,0,0,0,0,149.5742,539.5588,539.4906,0.06812274,571.6102,0,1143.22,0,0,4.666267e-13,4.263256e-14
mpc,2026-01-10 10:30:00,522,10.5,32.82045,3615.982,61.49309,142.8724,163.7316,0,1,2531.188,2530.87,323.451,123.7577,447.2087,1,56.92191,288.8737,0,0,101.413,0,1137.146,0.5685729,0.7001898,0.3172331,0,250,0.3172331,2207.419,0,0,4.571181,0,163.7316,545.5439,475.7625,69.78137,0,634.8091,3499.335,0,2.842171e-14,-3.402834e-13,4.263256e-14
mpc,2026-01-10 10:45:00,523,10.75,33.04666,3649.588,71.31322,145.6432,171.2989,0,1,2554.712,2554.394,636.3477,214.2349,850.5826,4,57.32199,293.2606,0,0,500,0,1261.967,0.6309834,0.7160441,0.3172331,0,250,0.3172331,1918.047,0,0,13.99123,0,171.2989,553.5829,415.6234,137.9595,0,666.9772,3692.509,0,0,3.096412e-13,4.263256e-14
mpc,2026-01-10 11:00:00,524,11,33.4036,3689.553,71.87246,140.498,201.3809,0,0,2582.687,2582.37,0,0,0,0,0,0,0,0,0,351.7185,1173.839,0.5869193,0.794642,0.3172331,0,250,0.3172331,2582.37,0,0,17.58926,0,201.3809,564.4474,564.3781,0.06933142,0,608.3899,3376.486,0,0,8.160139e-14,4.263256e-14
mpc,2026-01-10 11:15:00,525,11.25,33.59874,3731.488,67.08263,146.1181,223.3322,0,0,2612.041,2611.724,0,0,0,0,0,0,0,0,0,349.3751,1086.31,0.543155,0.739149,0.3172331,0,250,0.3172331,2611.724,0,0,13.98268,0,223.3322,573.5533,573.4837,0.06965819,0,622.5231,3447.997,0,0,-4.111156e-13,4.263256e-14
mpc,2026-01-10 11:30:00,526,11.5,34.09992,3689.084,59.00725,144.8396,246.8055,0,0,2582.359,2582.042,0,0,0,0,0,0,0,0,0,350.7018,998.4636,0.4992318,0.6840335,0.3172331,0,250,0.3172331,2582.042,0,0,6.8018,0,246.8055,573.9839,573.9134,0.07051177,0,628.7712,3469.974,0,0,2.051692e-13,4.263256e-14
mpc,2026-01-10 11:45:00,527,11.75,34.39773,3679.439,61.88347,143.1017,281.5912,0,0,2575.607,2575.29,0,0,0,0,0,0,0,0,0,351.4691,910.4391,0.4552196,0.6287179,0.3172331,0,250,0.3172331,2575.29,0,0,11.41618,0,281.5912,576.6822,576.6112,0.07102896,0,639.6599,3537.822,0,0,2.084999e-13,4.263256e-14
mpc,2026-01-10 12:00:00,528,12,34.64284,3666.733,57.06086,143.8546,301.1567,0,0,2566.713,2566.396,298.1871,131.4555,429.6426,1,0,0,429.6426,0,0,342.4746,824.6771,0.4123386,0.5732902,0.3172331,0,250,0.3172331,2268.209,293.3846,0,14.44354,0,7.77214,578.1813,510.9398,67.2415,0,644.1461,3567.719,0,-5.684342e-14,-4.984901e-14,4.263256e-14
mpc,2026-01-10 12:15:00,529,12.25,35.08769,3672.811,52.07726,146.3466,328.2729,0,0,2570.968,2570.65,319.1112,140.6799,459.7911,1,0,0,459.7911,0,0,353.1302,736.2648,0.3681324,0.5192871,0.3172331,0,250,0.3172331,2251.539,312.3354,0,0.6448779,0,15.93757,585.5946,512.8378,72.75687,0,657.1477,3615.425,0,-2.842171e-14,1.262324e-13,4.263256e-14
mpc,2026-01-10 12:30:00,530,12.5,35.41941,3700.408,60.98579,150.7845,367.2047,0,0,2590.285,2589.968,347.0176,152.9824,500,1,0,0,500,0,0,347.9348,649.1652,0.3245826,0.4636151,0.3172331,0,250,0.3172331,2242.95,338.3223,0,13.36016,0,28.88238,594.9393,515.1631,79.77622,0,674.7793,3734.332,0,0,-1.060263e-13,4.263256e-14
mpc,2026-01-10 12:45:00,531,12.75,35.71214,3666.664,60.36303,154.4077,407.4644,0,0,2566.664,2566.347,375.0732,165.3507,540.4239,2,0,0,540.4239,0,0,359.5459,559.1765,0.2795882,0.4087698,0.3172331,0,250,0.3172331,2191.274,364.4094,0,4.617044,0,43.05504,593.9065,507.044,86.86247,0,682.3573,3760.929,0,0,-2.230993e-13,4.263256e-14
mpc,2026-01-10 13:00:00,532,13,35.90767,3704.416,61.00404,154.0858,443.3423,0,0,2593.091,2592.774,347.0176,152.9824,500,1,0,0,500,0,0,359.1155,469.3096,0.2346548,0.3521052,0.3172331,0,250,0.3172331,2245.756,336.3693,0,5.064467,0,106.973,603.0225,522.2499,80.77261,0,700.1088,3859.335,0,0,-1.092459e-13,4.263256e-14
mpc,2026-01-10 13:15:00,533,13.25,36.37626,3677.219,58.45344,151.0115,475.8481,0,0,2574.053,2573.736,435.0965,191.8119,626.9084,4,0,0,626.9084,0,0,359.152,379.4477,0.1897238,0.2955174,0.3172331,0,250,0.3172331,2138.64,419.3954,0,2.570592,0,56.45269,605.8575,503.3738,102.4838,0,708.473,3901.036,0,-2.842171e-14,-6.666889e-14,4.263256e-14
mpc,2026-01-10 13:30:00,534,13.5,36.70353,3668.63,50.08747,149.8288,494.65,1,0,2568.041,2567.724,491.5834,212.0466,703.63,3,39.23625,0,664.3938,0,0,325.2783,298.0684,0.1490342,0.2389327,0.3172331,0,250,0.3172331,2076.14,442.7332,0,0,0,51.91675,609.6078,492.8393,116.7686,717.21,0,1434.42,0,2.842171e-14,6.999956e-14,4.263256e-14
mpc,2026-01-10 13:45:00,535,13.75,36.88882,3654.921,35.00746,149.694,510.4082,1,0,2558.445,2558.128,519.3847,222.5125,741.8972,4,54.2861,0,687.6111,0,0,298.5697,223.3791,0.1116895,0.1876893,0.3172331,0,250,0.3172331,2038.743,457.1854,0,0,0,53.22282,610.2826,486.3147,123.9679,721.5227,0,1443.045,0,-5.684342e-14,8.243406e-15,4.263256e-14
mpc,2026-01-10 14:00:00,536,14,36.88655,3661.735,44.28516,145.5594,528.7516,1,1,2563.215,2562.897,1087.522,412.4782,1500,3,62.83894,299.5644,637.5967,0,500,0,348.3439,0.1741719,0.1406585,0.3172331,0,250,0.3172331,1475.376,423.9429,0,0,0,104.8087,611.3839,351.91,259.4739,789.3874,0,1578.775,0,-1.136868e-13,9.203749e-14,4.263256e-14
mpc,2026-01-10 14:15:00,537,14.25,37.1306,3686.889,52.45868,144.5225,533.6738,1,1,2580.822,2580.505,558.2763,239.0968,797.3731,4,59.00152,0,738.3715,0,0,296.35,274.2016,0.1371008,0.219347,0.3172331,0,250,0.3172331,2022.228,489.5073,0,0,0,44.16654,619.5508,485.4551,134.0957,735.1545,0,1470.309,0,-2.842171e-14,1.332268e-14,4.263256e-14
mpc,2026-01-10 14:30:00,538,14.5,37.16556,3642.535,55.10105,144.9641,551.2816,1,1,2549.775,2549.457,588.3783,252.2953,840.6737,3,59.60645,0,781.0672,0,0,296.6336,200,0.1,0.1726607,0.3172331,0,250,0.3172331,1961.079,517.5942,0,0,0,33.68743,612.6631,471.2106,141.4525,731.6004,0,1463.201,0,0,3.735901e-14,4.263256e-14
mpc,2026-01-10 14:45:00,539,14.75,37.11636,3699.678,47.59855,133.0814,549.2495,1,1,2589.774,2589.457,1209.59,466.9242,1676.514,4,57.5239,293.5901,825.4002,0,500,0,324.9685,0.1624843,0.1259371,0.3172331,0,250,0.3172331,1379.867,547.2974,0,0,0,1.952089,621.4662,331.1257,290.3405,798.5183,0,1597.037,0,-1.705303e-13,1.100786e-13,4.263256e-14
mpc,2026-01-10 15:00:00,540,15,37.24449,3676.375,48.10246,136.5169,563.2671,1,1,2573.462,2573.145,1233.643,477.611,1711.254,4,56.82726,293.4814,860.9458,0,500,0,449.9174,0.2249587,0.2046279,0.3172331,0,250,0.3172331,1339.502,569.9841,0,0,0,0,619.6476,322.5301,297.1175,800.141,0,1600.282,0,5.684342e-14,8.201773e-14,4.263256e-14
mpc,2026-01-10 15:15:00,541,15.25,37.43248,3736.894,53.21463,136.445,575.5927,1,1,2615.826,2615.509,1236.008,478.5248,1714.533,4,57.90988,295.1929,861.4304,0,500,0,574.8465,0.2874233,0.2833064,0.3172331,0,250,0.3172331,1379.501,569.0094,0,0,0,6.583308,632.9999,333.8233,299.1766,813.9411,0,1627.882,0,-5.684342e-14,9.714452e-14,4.263256e-14
mpc,2026-01-10 15:30:00,542,15.5,37.73582,3684.875,48.36747,143.2932,578.9397,1,1,2579.413,2579.095,1222.875,471.9314,1694.806,4,64.6628,292.0124,838.1309,0,500,0,699.756,0.349878,0.3619724,0.3172331,0,250,0.3172331,1356.221,551.5851,0,0,0,27.35451,629.2694,330.8615,298.4079,809.4663,0,1618.932,0,-1.705303e-13,4.668488e-14,4.263256e-14
mpc,2026-01-10 15:45:00,543,15.75,37.89186,3702.869,58.13992,144.8501,583.9114,1,1,2592.009,2591.691,1234.802,476.363,1711.165,4,71.61027,294.1535,845.4008,0,500,0,824.6459,0.4123229,0.4406261,0.3172331,0,250,0.3172331,1356.89,555.3143,0,0,0,28.59707,635.0012,332.4166,302.5846,815.7854,0,1631.571,0,-1.705303e-13,1.970646e-13,4.263256e-14
mpc,2026-01-10 16:00:00,544,16,38.1001,3705.893,71.88175,137.0997,576.6051,1,1,2594.125,2593.808,1233.385,474.4884,1707.873,4,82.11939,286.6057,839.1484,0,500,0,949.5161,0.474758,0.5192674,0.3172331,0,250,0.3172331,1360.423,549.8093,0,0,0,26.7958,639.1063,335.163,303.9433,816.253,0,1632.506,0,0,-1.74416e-13,4.263256e-14
mpc,2026-01-10 16:15:00,545,16.25,38.02687,3683.438,85.30936,139.0531,553.4448,1,1,2578.407,2578.09,1225.88,469.7507,1695.631,4,94.13236,282.6873,818.811,0,500,0,1074.367,0.5371833,0.5978963,0.3172331,0,250,0.3172331,1352.21,536.964,0,0,0,16.48078,633.9756,332.4797,301.4959,806.2827,0,1612.565,0,5.684342e-14,-5.084821e-14,4.263256e-14
mpc,2026-01-10 16:30:00,546,16.5,38.09634,3630.074,92.49748,130.6355,561.0583,1,1,2541.052,2540.735,1235.962,472.1729,1708.135,4,111.1339,282.7746,814.2267,0,500,0,1199.197,0.5995987,0.6765129,0.3172331,0,250,0.3172331,1304.772,533.5052,0,0,0,27.55308,625.9669,321.4198,304.5471,800.3802,0,1600.76,0,-1.705303e-13,3.6815e-13,4.263256e-14
mpc,2026-01-10 16:45:00,547,16.75,38.16843,3608.66,112.3906,138.1944,560.6272,1,1,2526.062,2525.745,1244.255,473.0996,1717.355,4,134.0766,280.2496,803.0285,0,500,0,1324.009,0.6620043,0.7551171,0.3172331,0,250,0.3172331,1281.49,525.7047,0,0,0,34.92258,623.4924,316.3023,307.1901,798.0216,0,1596.043,0,-1.136868e-13,-3.330669e-13,4.263256e-14
mpc,2026-01-10 17:00:00,548,17,38.31948,3633.605,133.0644,133.6322,527.8465,1,1,2543.523,2543.206,1095.39,404.6099,1500,3,158.1417,276.8299,565.0285,0,500,0,1448.8,0.7244001,0.8337089,0.3172331,0,250,0.3172331,1447.816,369.2145,0,0,0,158.632,630.3875,358.8271,271.5604,802.7524,0,1605.505,0,5.684342e-14,2.156053e-13,4.263256e-14
mpc,2026-01-10 17:15:00,549,17.25,38.35492,3638.145,153.8869,133.1309,501.6401,1,1,2546.702,2546.385,1248.221,468.7862,1717.008,4,185.0347,274.9211,757.0519,0,500,0,1573.572,0.7867861,0.9122883,0.3172331,0,250,0.3172331,1298.163,494.4765,0,0,0,7.163648,631.7856,322.0482,309.7374,792.6116,0,1585.223,0,-5.684342e-14,-1.509903e-14,4.263256e-14
mpc,2026-01-10 17:30:00,550,17.5,38.46256,3637.754,179.208,136.6295,497.7823,1,1,2546.428,2546.111,657.1576,265.2308,922.3885,3,205.7557,0,716.6328,0,0,271.4067,1505.473,0.7527364,0.9908553,0.3172331,0,250,0.3172331,1888.953,467.4592,0,0,0,30.32311,633.5788,469.9919,163.5868,742.7675,0,1485.535,0,-5.684342e-14,-1.777467e-13,4.263256e-14
mpc,2026-01-10 17:45:00,551,17.75,38.38152,3649.997,218.3638,132.2063,468.8031,1,1,2554.997,2554.68,1219.198,449.5962,1668.795,4,238.7953,265.6345,664.3649,0,500,0,1630.236,0.8151179,0.9479741,0.3172331,0,250,0.3172331,1335.482,433.7957,0,0,0,35.00744,634.304,331.5469,302.7571,789.834,0,1579.668,0,-5.684342e-14,-1.187939e-13,4.263256e-14
mpc,2026-01-10 18:00:00,552,18,38.39654,3629.424,251.6571,0,434.9009,1,1,2540.597,2540.279,1036.029,365.1839,1401.213,4,269.5803,0.1353316,631.4971,0,500,0,1754.979,0.8774896,1.026536,0.3172331,0,250,0.3172331,1504.251,412.2588,0,0,0,22.6421,630.9877,373.5987,257.389,744.406,0,1488.812,0,-2.273737e-13,1.829648e-13,4.263256e-14
mpc,2026-01-10 18:15:00,553,18.25,38.40138,3594.689,306.2746,0,397.1043,1,1,2516.282,2515.965,1044.123,365.5338,1409.657,4,296.6352,0.4714635,612.5501,0,500,0,1879.703,0.9398515,1.105085,0.3172331,0,250,0.3172331,1471.842,399.866,0,9.639381,0,0,625.0314,365.5979,259.4336,731.1317,0,1478.891,0,0,-4.058975e-13,4.263256e-14
mpc,2026-01-10 18:30:00,554,18.5,38.17229,3587.676,337.4552,0.7854471,371.0078,1,0,2511.374,2511.056,347.0176,152.9824,500,1,0,0,500,0,0,328.5214,1797.277,0.8986383,1.183621,0.3172331,0,250,0.3172331,2164.039,327.3108,0,9.435749,0.2835242,43.69701,619.9318,534.1923,85.73951,697.9613,0,1412.688,0,0,-8.482104e-14,4.263256e-14
mpc,2026-01-10 18:45:00,555,18.75,38.1145,3573.829,365.6628,7.465027,350.5174,0,0,2501.68,2501.363,366.3748,161.516,527.8909,2,0,0,527.8909,0,0,366.4445,1705.383,0.8526913,1.131719,0.3172331,0,250,0.3172331,2134.988,345.8129,0,0,7.452023,4.704599,616.5716,526.1956,90.37601,0,688.8711,3801.646,0,-2.842171e-14,2.915446e-13,4.263256e-14
mpc,2026-01-10 19:00:00,556,19,37.97575,3577.131,384.8104,4.96059,327.861,0,0,2503.992,2503.675,336.8587,148.5038,485.3625,2,0,0,485.3625,0,0,393.1793,1606.819,0.8034096,1.073854,0.3172331,0,250,0.3172331,2166.816,318.4919,0,0,4.24132,9.369068,614.8285,532.0385,82.78994,0,682.8428,3762.952,0,-2.842171e-14,-2.311484e-13,4.263256e-14
mpc,2026-01-10 19:15:00,557,19.25,37.61599,3552.83,392.0789,1.016707,292.7561,0,0,2486.981,2486.664,287.6745,126.821,414.4955,1,0,0,414.4955,0,0,405.3691,1505.224,0.752612,1.011791,0.3172331,0,250,0.3172331,2198.99,273.1824,0,0,0,19.5737,604.7751,534.7423,70.03279,0,666.3232,3664.778,0,-2.842171e-14,1.927347e-13,4.263256e-14
mpc,2026-01-10 19:30:00,558,19.5,37.61676,3533.756,403.7407,1.126709,272.1828,0,0,2473.629,2473.312,278.1118,122.6053,400.7172,1,0,0,400.7172,0,0,401.8809,1404.517,0.7022584,0.9478175,0.3172331,0,250,0.3172331,2195.2,264.099,0,3.128088,0,8.083825,601.5408,533.832,67.70878,0,658.4031,3626.613,0,-1.421086e-14,-3.521627e-13,4.263256e-14
mpc,2026-01-10 19:45:00,559,19.75,37.42921,3526.06,402.1009,0.02662642,245.2468,0,0,2468.242,2467.925,265.7918,117.174,382.9658,1,0,0,382.9658,0,0,396.6972,1305.121,0.6525608,0.8844037,0.3172331,0,250,0.3172331,2202.133,252.9743,0,7.153656,0,0,597.2342,532.8445,64.38972,0,650.0185,3587.442,0,0,-2.318146e-13,4.263256e-14
mpc,2026-01-10 20:00:00,560,20,37.16438,3490.557,391.5769,1.571001,212.6733,0,0,2443.39,2443.073,234.575,103.4122,337.9871,1,0,0,337.9871,0,0,387.8211,1207.961,0.6039804,0.8218159,0.3172331,0,250,0.3172331,2208.498,223.979,0,4.82727,0.4995859,0,587.0827,530.6443,56.43846,0,634.0564,3496.499,0,0,2.181588e-13,4.263256e-14
mpc,2026-01-10 20:15:00,561,20.25,36.94941,3431.096,371.168,1.834772,192.937,0,0,2401.767,2401.45,200.6709,88.46559,289.1365,1,0,0,289.1365,0,0,363.2093,1116.968,0.5584841,0.7606352,0.3172331,0,250,0.3172331,2200.779,192.1036,0,9.282413,0.5110409,0.8333846,573.8216,525.8022,48.01936,0,614.4669,3396.462,0,-1.421086e-14,-2.722267e-13,4.263256e-14
mpc,2026-01-10 20:30:00,562,20.5,36.78932,3408.671,327.3771,3.130813,176.327,0,0,2386.07,2385.753,171.7685,75.72396,247.4924,1,0,0,247.4924,0,0,334.7999,1033.092,0.5165462,0.7033386,0.3172331,0,250,0.3172331,2213.984,164.7521,0,0,0.6948077,11.57492,567.6827,526.7408,40.94183,0,605.2187,3329.901,0,-1.421086e-14,-7.005507e-14,4.263256e-14
mpc,2026-01-10 20:45:00,563,20.75,36.79489,3392.044,302.6506,3.142276,169.589,0,0,2374.431,2374.114,166.0412,73.1991,239.2403,1,0,0,239.2403,0,0,290.2239,960.3739,0.480187,0.6505232,0.3172331,0,250,0.3172331,2208.073,159.2481,0,14.86645,0.7025291,10.34089,564.996,525.411,39.58499,0,601.0707,3332.746,0,-1.421086e-14,2.373657e-13,4.263256e-14
mpc,2026-01-10 21:00:00,564,21,36.56862,3403.701,267.515,0,140.0797,0,0,2382.591,2382.273,154.0904,67.93063,222.0211,1,0,0,222.0211,0,0,254.6606,896.5576,0.4482788,0.6047334,0.3172331,0,250,0.3172331,2228.183,148.1882,0,15.01153,0,0,563.5996,527.0747,36.52499,0,595.0053,3298.424,0,0,1.730838e-13,4.263256e-14
mpc,2026-01-10 21:15:00,565,21.25,36.41526,3398.716,234.4197,0,112.1386,0,0,2379.101,2378.784,150.7931,66.47698,217.27,1,0,0,217.27,0,0,236.2228,837.3607,0.4186804,0.5645492,0.3172331,0,250,0.3172331,2227.991,145.2837,0,0,0,0,560.5374,524.9345,35.60294,0,591.4115,3252.763,0,0,2.309264e-14,4.263256e-14
mpc,2026-01-10 21:30:00,566,21.5,36.36865,3362.76,209.7255,0,104.4418,0,0,2353.932,2353.615,128.5876,56.68771,185.2753,1,0,0,185.2753,0,0,212.6341,784.0704,0.3920352,0.5272738,0.3172331,0,250,0.3172331,2225.027,123.9586,0,0,0,0,553.9382,523.6037,30.33448,0,580.2914,3191.603,0,-2.131628e-14,1.405542e-13,4.263256e-14
mpc,2026-01-10 21:45:00,567,21.75,36.20164,3351.679,175.477,0,97.73602,0,0,2346.175,2345.858,122.3585,53.94163,176.3001,1,0,0,176.3001,0,0,184.0791,737.9272,0.3689636,0.4937176,0.3172331,0,250,0.3172331,2223.499,118.1893,0,0,0,0,549.7362,520.9918,28.74435,0,574.9334,3162.134,0,-7.105427e-15,-6.433742e-14,4.263256e-14
mpc,2026-01-10 22:00:00,568,22,36.09564,3327.548,138.3896,0.3596196,92.08405,0,0,2329.283,2328.966,108.6773,47.9103,156.5876,1,0,0,156.5876,0,0,153.0388,699.5513,0.3497756,0.4646619,0.3172331,0,250,0.3172331,2220.289,105.1071,0,0,0,0,544.2913,518.8222,25.46912,0,566.7325,3117.029,0,-7.105427e-15,2.425837e-14,4.263256e-14
mpc,2026-01-10 22:15:00,569,22.25,35.78025,3301.881,121.7315,0,108.9918,0,0,2311.317,2311,0,0,0,0,0,0,0,0,0,126.4899,667.8187,0.3339093,0.4404972,0.3172331,0,250,0.3172331,2311,0,0,0,0,108.9918,535.7497,535.6762,0.07353277,0,560.9399,3085.169,0,0,-9.681145e-14,4.263256e-14
mpc,2026-01-10 22:30:00,570,22.5,35.62258,3314.596,119.6963,0.867635,112.2521,0,0,2320.217,2319.9,0,0,0,0,0,0,0,0,0,112.925,639.4823,0.3197412,0.4205157,0.3172331,0,250,0.3172331,2319.9,0,0,8.494476,0,112.2521,535.6595,535.5862,0.07323835,0,561.5014,3102.911,0,0,-9.048318e-14,4.263256e-14
mpc,2026-01-10 22:45:00,571,22.75,35.35132,3275.011,90.59226,0,89.68223,0,0,2292.508,2292.191,0,0,0,0,0,0,0,0,0,98.47552,614.7628,0.3073814,0.4026726,0.3172331,0,250,0.3172331,2292.191,0,0,0,0,89.68223,525.6412,525.5685,0.07273728,0,546.1314,3003.723,0,0,1.665335e-14,4.263256e-14
mpc,2026-01-10 23:00:00,572,23,35.22418,3297.839,81.638,0,78.66716,0,0,2308.487,2308.17,0,0,0,0,0,0,0,0,0,93.77517,591.2222,0.2956111,0.3871071,0.3172331,0,250,0.3172331,2308.17,0,0,0,0,78.66716,527.6131,527.5406,0.07250477,0,545.5203,3000.361,0,0,2.808864e-14,4.263256e-14
mpc,2026-01-10 23:15:00,573,23.25,34.82269,3278.428,69.42033,0,66.41085,0,0,2294.9,2294.582,0,0,0,0,0,0,0,0,0,85.7001,569.7041,0.2848521,0.3722839,0.3172331,0,250,0.3172331,2294.582,0,0,0,0,66.41085,519.2663,519.1946,0.07178024,0,534.2213,2938.217,0,0,1.719736e-13,4.263256e-14
mpc,2026-01-10 23:30:00,574,23.5,34.45132,3282.597,73.05436,3.492682,88.6532,0,1,2297.818,2297.501,450.9383,129.8524,580.7908,3,79.55539,1.235374,0,0,500,0,694.6144,0.3473072,0.3587343,0.3172331,0,250,0.3172331,1846.562,0,0,0,2.257308,88.6532,515.1648,413.9945,101.1703,0,563.7227,3104.369,0,0,2.011724e-13,4.263256e-14
mpc,2026-01-10 23:45:00,575,23.75,34.34787,3263.528,66.04374,1.585981,73.36587,1,1,2284.47,2284.153,448.2829,129.2541,577.537,3,74.7447,2.79229,0,0,500,0,819.5051,0.4097525,0.4373885,0.3172331,0,250,0.3172331,1835.87,0,0,0,0,73.36587,510.8689,410.5498,100.3191,556.2105,0,1112.421,0,-5.684342e-14,-1.189604e-13,4.263256e-14
mpc,2026-01-11 00:00:00,576,0,34.05275,3240.899,51.13234,2.903105,72.08718,1,1,2268.629,2268.312,435.5572,125.472,561.0292,2,59.37797,1.651239,0,0,500,0,944.3761,0.472188,0.5160303,0.3172331,0,250,0.3172331,1832.755,0,0,0,1.251866,72.08718,503.67,406.8993,96.77071,548.3757,0,1098.911,0,0,1.934008e-13,4.263256e-14
mpc,2026-01-11 00:15:00,577,0.25,33.7392,3223.229,35.12761,1.132656,66.00836,1,1,2256.26,2255.943,437.2325,125.9309,563.1634,3,61.72838,1.434995,0,0,500,0,1069.227,0.5346137,0.5946598,0.3172331,0,250,0.3172331,1818.71,0,0,0,0,66.00836,497.1172,400.7128,96.40445,541.1872,0,1082.374,0,1.421086e-14,-1.058043e-13,4.263256e-14
mpc,2026-01-11 00:30:00,578,0.5,33.48658,3247.459,50.95757,0,46.20109,1,1,2273.221,2272.904,428.6439,123.4135,552.0574,2,51.06221,0.9951971,0,0,500,0,1194.059,0.5970295,0.6732768,0.3172331,0,250,0.3172331,1844.26,0,0,0,0,46.20109,497.8064,403.8693,93.93701,537.4003,0,1074.801,0,0,-2.942091e-13,4.263256e-14
mpc,2026-01-11 00:45:00,579,0.75,33.13863,3199.791,50.76961,4.886033,53.67939,1,1,2239.854,2239.537,424.8503,122.3448,547.1951,3,45.98687,1.208213,0,0,500,0,1318.871,0.6594355,0.7518815,0.3172331,0,250,0.3172331,1814.686,0,0,4.78274,3.677821,53.67939,486.4225,394.0901,92.33237,528.0923,0,1070.779,0,-4.263256e-14,4.418688e-14,4.263256e-14
mpc,2026-01-11 01:00:00,580,1,33.06044,3209.059,45.08881,6.167673,58.13499,1,1,2246.341,2246.024,434.3209,125.2829,559.6038,2,56.38527,3.218518,0,0,500,0,1443.664,0.7218317,0.8304738,0.3172331,0,250,0.3172331,1811.703,0,0,0,2.949155,58.13499,486.9219,392.7088,94.21309,530.5932,0,1066.274,0,1.421086e-14,-3.458345e-13,4.263256e-14
mpc,2026-01-11 01:15:00,581,1.25,32.65076,3196.274,45.53454,0,57.57199,1,1,2237.392,2237.075,387.9355,112.0645,500,1,57.79939,4.395931,0,0,437.8047,0,1552.887,0.7764437,0.9090537,0.3172331,0,250,0.3172331,1849.139,0,0,0,0,57.57199,480.2903,396.9459,83.34437,521.3691,0,1042.738,0,-7.105427e-14,3.275158e-13,4.263256e-14
mpc,2026-01-11 01:30:00,582,1.5,32.39404,3189.454,47.2848,1.072042,56.89573,1,1,2232.618,2232.301,436.4133,126.1578,562.5711,2,56.78468,5.786418,0,0,500,0,1677.643,0.8388215,0.9778304,0.3172331,0,250,0.3172331,1795.887,0,0,0,0,56.89573,476.3776,383.1917,93.18596,521.4895,0,1042.979,0,2.842171e-14,3.615996e-13,4.263256e-14
mpc,2026-01-11 01:45:00,583,1.75,32.21095,3245.021,42.30662,0.9509392,30.20268,1,1,2271.515,2271.198,434.4934,125.3566,559.85,2,56.40532,3.444723,0,0,500,0,1802.379,0.9011894,1.056387,0.3172331,0,250,0.3172331,1836.704,0,0,0,0,30.20268,482.6033,390.224,92.37935,521.9974,0,1043.995,0,0,2.315925e-13,4.263256e-14
mpc,2026-01-11 02:00:00,584,2,31.97811,3223.087,43.4205,0,43.19067,1,1,2256.161,2255.844,359.4457,103.7635,463.2092,1,68.18373,3.40588,0,0,391.6196,0,1900,0.95,1.134931,0.3172331,0,250,0.3172331,1896.398,0,0,0,0,43.19067,476.747,400.7259,76.02111,513.616,0,1027.232,0,-4.263256e-14,-9.836576e-14,4.263256e-14
mpc,2026-01-11 02:15:00,585,2.25,31.66528,3207.517,51.6671,0,29.79984,1,1,2245.262,2244.945,0,0,0,0,0,0,0,0,0,52.77973,1886.506,0.943253,1.196402,0.3172331,0,250,0.3172331,2244.945,0,0,1.1183,0,29.79984,471.0189,470.9523,0.06655027,477.2038,0,956.3367,0,0,1.585398e-13,4.263256e-14
mpc,2026-01-11 02:30:00,586,2.5,31.35681,3174.386,42.32026,0,50.20446,1,1,2222.07,2221.753,0,0,0,0,0,0,0,0,0,51.32366,1873.378,0.936689,1.187905,0.3172331,0,250,0.3172331,2221.753,0,0,0,0,50.20446,462.8588,462.7928,0.06607988,473.2504,0,946.5008,0,0,1.796341e-13,4.263256e-14
mpc,2026-01-11 02:45:00,587,2.75,31.2304,3140.053,54.23347,0,40.08886,1,1,2198.037,2197.72,0,0,0,0,0,0,0,0,0,54.40267,1859.483,0.9297412,1.179639,0.3172331,0,250,0.3172331,2197.72,0,0,2.598291,0,40.08886,456.5304,456.4645,0.06588904,464.791,0,934.064,0,0,-3.010925e-13,4.263256e-14
mpc,2026-01-11 03:00:00,588,3,30.92681,3156.092,49.98944,1.547754,34.01928,1,1,2209.264,2208.947,168.2555,48.61908,216.8745,1,51.59099,2.042658,0,0,163.2409,0,1900,0.95,1.170889,0.3172331,0,250,0.3172331,2040.691,0,0,0,0,34.01928,455.7016,420.9303,34.77123,476.5665,0,953.1331,0,7.105427e-15,-3.606004e-13,4.263256e-14
mpc,2026-01-11 03:15:00,589,3.25,30.85686,3158.118,55.0104,0,32.76284,1,1,2210.682,2210.365,0,0,0,0,0,0,0,0,0,50.92515,1886.97,0.9434848,1.196402,0.3172331,0,250,0.3172331,2210.365,0,0,6.23549,0,32.76284,455.2714,455.2061,0.06533148,461.9533,0,934.6629,0,0,3.43503e-13,4.263256e-14
mpc,2026-01-11 03:30:00,590,3.5,30.51775,3196.823,70.02581,0,24.05555,1,1,2237.776,2237.459,113.414,36.58599,150,1,59.43893,2.051435,35.19989,0,53.30974,0,1900,0.95,1.188197,0.3172331,0,250,0.3172331,2124.045,25.19812,0,10.58689,0,0,457.3379,434.0945,23.24344,470.6805,0,959.6234,0,-3.552714e-14,4.485301e-14,4.263256e-14
mpc,2026-01-11 03:45:00,591,3.75,30.32249,3216.043,64.2422,0.9774925,12.04372,1,1,2251.23,2250.913,0,0,0,0,0,0,0,0,0,72.64794,1881.539,0.9407695,1.196402,0.3172331,0,250,0.3172331,2250.913,0,0,0,0,12.04372,458.0767,458.0121,0.06455008,460.4628,0,920.9255,0,0,-7.238654e-14,4.263256e-14
mpc,2026-01-11 04:00:00,592,4,30.22053,3203.409,72.42517,0,21.54219,1,1,2242.386,2242.069,0,0,0,0,0,0,0,0,0,85.14672,1859.956,0.929978,1.184778,0.3172331,0,250,0.3172331,2242.069,0,0,0,0,21.54219,455.2383,455.1739,0.06440311,459.5473,0,919.0946,0,0,-3.257394e-13,4.263256e-14
mpc,2026-01-11 04:15:00,593,4.25,29.96681,3257.077,88.38691,0,9.936694,1,1,2279.954,2279.637,0,0,0,0,0,0,0,0,0,104.5282,1833.531,0.9167656,1.171187,0.3172331,0,250,0.3172331,2279.637,0,0,0,0,9.936694,460.2573,460.1932,0.06404026,462.1992,0,924.3984,0,0,-4.03233e-13,4.263256e-14
mpc,2026-01-11 04:30:00,594,4.5,29.97927,3291.804,112.1744,2.161424,25.80216,1,1,2304.263,2303.945,0,0,0,0,0,0,0,0,0,110.2069,1805.691,0.9028454,1.154548,0.3172331,0,250,0.3172331,2303.945,0,0,4.413684,0,25.80216,465.2933,465.2292,0.06405798,470.4393,0,948.4923,0,0,-1.663114e-13,4.263256e-14
mpc,2026-01-11 04:45:00,595,4.75,29.91978,3292.852,126.7524,4.12275,16.6033,1,1,2304.997,2304.679,0,0,0,0,0,0,0,0,0,128.4093,1773.304,0.8866521,1.137017,0.3172331,0,250,0.3172331,2304.679,0,0,0.188283,2.27761,16.6033,464.8272,464.7632,0.06397344,468.1114,0,940.4766,0,0,3.059775e-13,4.263256e-14
mpc,2026-01-11 05:00:00,596,5,29.7448,3315.55,168.2078,6.179169,27.74727,1,1,2320.885,2320.568,0,0,0,0,0,0,0,0,0,159.0389,1733.265,0.8666327,1.116624,0.3172331,0,250,0.3172331,2320.568,0,0,9.886789,5.461218,27.74727,466.2217,466.158,0.0637261,471.7319,0,969.9391,0,0,1.54321e-13,4.263256e-14
mpc,2026-01-11 05:15:00,597,5.25,29.52603,3360.058,186.5873,4.005231,29.03092,1,1,2352.041,2351.723,0,0,0,0,0,0,0,0,0,201.4874,1682.621,0.8413103,1.091412,0.3172331,0,250,0.3172331,2351.723,0,0,0,2.892468,29.03092,470.2072,470.1438,0.06341952,475.9475,0,956.8845,0,0,-2.855494e-13,4.263256e-14
mpc,2026-01-11 05:30:00,598,5.5,29.32118,3363.159,232.6787,6.808418,44.5778,1,1,2354.211,2353.894,0,0,0,0,0,0,0,0,0,239.244,1622.545,0.8112724,1.059522,0.3172331,0,250,0.3172331,2353.894,0,0,0,6.72478,44.5778,468.5306,468.4674,0.06313511,477.3392,0,966.2787,0,0,-2.506884e-13,4.263256e-14
mpc,2026-01-11 05:45:00,599,5.75,29.34656,3343.248,270.61,10.45086,55.54804,1,1,2340.274,2339.956,0,0,0,0,0,0,0,0,0,290.0949,1549.766,0.7748828,1.021693,0.3172331,0,250,0.3172331,2339.956,0,0,0,10.06384,55.54804,466.0156,465.9525,0.06317021,477.0137,0,971.3875,0,0,3.248513e-13,4.263256e-14
mpc,2026-01-11 06:00:00,600,6,29.23176,3347.235,317.7465,5.216256,63.16269,1,1,2343.064,2342.747,0,0,0,0,0,0,0,0,0,338.8645,1464.805,0.7324028,0.9758647,0.3172331,0,250,0.3172331,2342.747,0,0,0,2.715247,63.16269,465.401,465.338,0.06301176,477.884,0,960.4517,0,0,1.076916e-14,4.263256e-14
mpc,2026-01-11 06:15:00,601,6.25,29.109,3354.565,367.7462,1.675095,38.25971,1,1,2348.196,2347.878,0,0,0,0,0,0,0,0,0,379.1511,1369.787,0.6848936,0.9223666,0.3172331,0,250,0.3172331,2347.878,0,0,0,0.1276275,38.25971,465.1726,465.1097,0.0628432,472.6889,0,945.5979,0,0,-1.74305e-13,4.263256e-14
mpc,2026-01-11 06:30:00,602,6.5,29.1529,3365.992,398.9396,5.719588,48.18313,1,1,2356.194,2355.877,346.6088,103.3912,450,3,415.361,0,34.63898,0,0,2.999701,1368.822,0.6844108,0.8625349,0.3172331,0,250,0.3172331,2009.268,25.17481,0,0,2.719887,23.00832,467.2039,398.4128,68.7911,506.3663,0,1017.424,0,1.421086e-14,1.512124e-13,4.263256e-14
mpc,2026-01-11 06:45:00,603,6.75,29.53971,3400.934,429.0068,5.368898,52.93615,1,1,2380.654,2380.336,0,0,0,0,0,0,0,0,0,436.0607,1259.591,0.6297955,0.8619269,0.3172331,0,250,0.3172331,2380.336,0,0,0,3.691334,52.93615,476.0705,476.0071,0.0634386,486.593,0,979.5535,0,0,1.328937e-13,4.263256e-14
mpc,2026-01-11 07:00:00,604,7,29.67808,3410.327,436.0718,8.131627,73.84732,1,1,2387.229,2386.912,388.2099,111.7901,500,1,435.3169,1.072718,0,0,63.61041,0,1275.295,0.6376477,0.793146,0.3172331,0,250,0.3172331,1998.702,0,0,0.7548812,7.05891,73.84732,478.8429,400.9101,77.93281,527.5129,0,1068.505,0,4.263256e-14,-3.572698e-13,4.263256e-14
mpc,2026-01-11 07:15:00,605,7.25,29.89468,3369.474,431.7466,7.533535,67.91006,1,1,2358.632,2358.315,710.7467,204.5308,915.2775,2,414.6109,0.6665954,0,0,500,0,1400.094,0.7000473,0.8030348,0.3172331,0,250,0.3172331,1647.568,0,0,17.13567,6.86694,67.91006,475.3787,332.0648,143.3139,550.2829,0,1141.97,0,-5.684342e-14,-1.439959e-13,4.263256e-14
mpc,2026-01-11 07:30:00,606,7.5,30.05349,3362.633,411.4025,5.64943,71.12189,1,1,2353.843,2353.526,694.8845,200.0256,894.9101,3,393.6998,1.210265,0,0,500,0,1524.874,0.7624371,0.881619,0.3172331,0,250,0.3172331,1658.641,0,0,17.70268,4.439165,71.12189,476.0898,335.4778,140.6119,549.8886,0,1137.972,0,2.842171e-14,-2.067235e-13,4.263256e-14
mpc,2026-01-11 07:45:00,607,7.75,30.30074,3353.801,358.5871,4.243614,65.40565,1,1,2347.661,2347.343,280.7263,80.75633,361.4826,1,361.4826,0,0,0,0,1.133387,1524.351,0.7621754,0.9601909,0.3172331,0,250,0.3172331,2066.617,0,0,0,3.110227,65.40565,477.4658,420.3073,57.15847,514.3658,0,1034.097,0,0,-1.771916e-13,4.263256e-14
mpc,2026-01-11 08:00:00,608,8,30.2842,3387.781,332.6167,2.044282,64.7805,1,1,2371.447,2371.129,771.7673,242.3693,1014.137,3,322.6665,191.4701,0,0,500,0,1649.111,0.8245554,0.9598613,0.3172331,0,250,0.3172331,1599.362,0,0,9.950206,0,64.7805,482.125,325.157,156.968,580.6965,0,1178.557,0,-5.684342e-14,4.140022e-13,4.263256e-14
mpc,2026-01-11 08:15:00,609,8.25,30.40243,3402.451,273.6719,2.931081,70.80589,1,1,2381.716,2381.398,216.2829,62.21794,278.5008,1,278.5008,0,0,0,0,195.0983,1600.077,0.8000383,1.038421,0.3172331,0,250,0.3172331,2165.116,0,0,0,0,70.80589,485.4964,441.3439,44.15245,517.9952,0,1035.99,0,-1.421086e-14,4.43201e-13,4.263256e-14
mpc,2026-01-11 08:30:00,610,8.5,30.62419,3434.419,232.2883,1.491504,84.20476,1,1,2404.093,2403.776,116.4895,33.51046,150,1,150,0,0,0,0,286.8594,1528.11,0.7640549,1.007545,0.3172331,0,250,0.3172331,2287.286,0,0,0,0,84.20476,492.5068,468.5776,23.92925,519.3384,0,1038.677,0,-1.421086e-14,-6.616929e-14,4.263256e-14
mpc,2026-01-11 08:45:00,611,8.75,30.82111,3441.734,193.6978,0,73.44027,1,1,2409.214,2408.897,224.7934,75.20659,300,2,200.854,0,99.14602,0,0,200.2994,1477.794,0.7388972,0.9622284,0.3172331,0,250,0.3172331,2184.103,70.73386,0,0,0,2.706418,495.7559,449.4338,46.32214,525.1973,0,1050.395,0,-1.421086e-14,2.079448e-13,4.263256e-14
mpc,2026-01-11 09:00:00,612,9,31.00661,3445.449,144.0102,4.449401,94.57722,1,1,2411.814,2411.497,128.5501,36.9799,165.53,1,165.53,0,0,0,0,201.4817,1427.191,0.7135957,0.9305455,0.3172331,0,250,0.3172331,2282.947,0,0,0,0,94.57722,498.3836,471.7541,26.62948,528.2777,0,1056.555,0,-1.421086e-14,-3.571588e-13,4.263256e-14
mpc,2026-01-11 09:15:00,613,9.25,31.14119,3498.247,115.5903,1.789858,84.20079,1,1,2448.773,2448.456,0,0,0,0,0,0,0,0,0,328.4486,1344.855,0.6724273,0.8986815,0.3172331,0,250,0.3172331,2448.456,0,0,0,0,84.20079,507.5735,507.5078,0.06575502,524.9606,0,1049.921,0,0,3.443912e-13,4.263256e-14
mpc,2026-01-11 09:30:00,614,9.5,31.33943,3528.33,90.75983,3.418253,112.1433,1,1,2469.831,2469.514,371.2986,128.7014,500,1,106.2329,205.9049,0,0,187.8622,0,1391.608,0.6958042,0.8468352,0.3172331,0,250,0.3172331,2098.215,0,0,0,0,112.1433,514.2629,436.8858,77.37704,588.9375,0,1177.875,0,-8.526513e-14,3.252954e-14,4.263256e-14
mpc,2026-01-11 09:45:00,615,9.75,31.47954,3539.442,70.05957,0,124.7746,1,1,2477.61,2477.292,0,0,0,0,0,0,0,0,0,281.2786,1321.07,0.6605349,0.8762754,0.3172331,0,250,0.3172331,2477.292,0,0,0,0,124.7746,517.5433,517.477,0.06626623,543.5409,0,1087.082,0,0,4.547473e-13,4.263256e-14
mpc,2026-01-11 10:00:00,616,10,31.41439,3514.772,64.58306,0,146.793,1,1,2460.341,2460.023,0,0,0,0,0,0,0,0,0,277.1421,1251.576,0.6257881,0.8318582,0.3172331,0,250,0.3172331,2460.023,0,0,0,0,146.793,513.1678,513.1016,0.06616718,543.7191,0,1087.438,0,0,-7.693846e-14,4.263256e-14
mpc,2026-01-11 10:15:00,617,10.25,31.5199,3508.593,60.48452,0,121.1086,1,1,2456.015,2455.698,0,0,0,0,0,0,0,0,0,271.856,1183.415,0.5917076,0.7880992,0.3172331,0,250,0.3172331,2455.698,0,0,0,0,121.1086,513.5087,513.4424,0.06632775,538.764,0,1077.528,0,0,-2.359224e-13,4.263256e-14
mpc,2026-01-11 10:30:00,618,10.5,31.85013,3509.845,56.94205,0,160.988,1,1,2456.892,2456.574,0,0,0,0,0,0,0,0,0,267.9506,1116.241,0.5581206,0.7451792,0.3172331,0,250,0.3172331,2456.574,0,0,0,0,160.988,517.6233,517.5565,0.06683536,551.4738,0,1102.948,0,0,-2.494671e-13,4.263256e-14
mpc,2026-01-11 10:45:00,619,10.75,32.32419,3543.644,55.90935,0,179.3942,1,1,2480.551,2480.234,213.5744,86.42561,300,2,64.96742,0,235.0326,0,0,212.0519,1063.053,0.5315263,0.7028808,0.3172331,0,250,0.3172331,2266.659,164.8534,0,0,0,14.54084,528.4132,482.8495,45.56373,572.3726,0,1144.745,0,-1.421086e-14,2.120526e-14,4.263256e-14
mpc,2026-01-11 11:00:00,620,11,32.83164,3550.208,43.42618,1.190782,208.6274,1,0,2485.146,2484.829,0,0,0,0,0,0,0,0,0,274.9867,994.1385,0.4970693,0.6693886,0.3172331,0,250,0.3172331,2484.829,0,0,0,0,208.6274,535.7627,535.6943,0.06839102,580.6715,0,1161.343,0,0,2.742251e-14,4.263256e-14
mpc,2026-01-11 11:15:00,621,11.25,33.1144,3611.53,48.67175,1.043416,226.4953,1,0,2528.071,2527.754,0,0,0,0,0,0,0,0,0,274.2928,925.4088,0.4627044,0.6259945,0.3172331,0,250,0.3172331,2527.754,0,0,0,0,226.4953,548.6961,548.6273,0.06885272,597.7862,0,1195.572,0,0,1.334488e-13,4.263256e-14
mpc,2026-01-11 11:30:00,622,11.5,33.50152,3654.514,40.13922,5.855127,257.5765,0,0,2558.16,2557.842,0,0,0,0,0,0,0,0,0,269.8673,857.7963,0.4288982,0.5827164,0.3172331,0,250,0.3172331,2557.842,0,0,0,0,257.5765,560.4059,560.3364,0.069495,0,616.7627,3392.195,0,0,5.340173e-14,4.263256e-14
mpc,2026-01-11 11:45:00,623,11.75,33.88864,3667.289,40.17855,4.442051,276.8128,0,0,2567.102,2566.785,279.3963,123.1716,402.5679,2,0,0,402.5679,0,0,270.8892,789.939,0.3949695,0.5401418,0.3172331,0,250,0.3172331,2287.389,277.3253,0,0,0,0,567.6605,505.8077,61.85274,0,628.9793,3459.386,0,0,-1.534328e-13,4.263256e-14
mpc,2026-01-11 12:00:00,624,12,34.06474,3661.343,39.25966,1.617312,285.9125,0,0,2562.94,2562.623,302.3173,133.2763,435.5935,1,0,0,435.5935,0,0,264.6292,723.6573,0.3618287,0.497413,0.3172331,0,250,0.3172331,2260.305,299.4628,0,0,0,0,569.1781,501.969,67.20911,0,635.2452,3493.849,0,-5.684342e-14,5.367928e-14,4.263256e-14
mpc,2026-01-11 12:15:00,625,12.25,34.10912,3667.249,32.16973,3.603915,311.1667,0,0,2567.074,2566.757,327.6603,144.4488,472.1091,1,0,0,472.1091,0,0,268.0091,656.5412,0.3282706,0.4556764,0.3172331,0,250,0.3172331,2239.096,324.3989,0,0,0,0,570.715,497.7986,72.91637,0,642.2473,3532.36,0,0,1.737499e-13,4.263256e-14
mpc,2026-01-11 12:30:00,626,12.5,34.37812,3693.923,42.42709,0.3431745,327.6774,0,0,2585.746,2585.429,347.0176,152.9824,500,1,0,0,500,0,0,273.0254,588.1815,0.2940907,0.4134143,0.3172331,0,250,0.3172331,2238.412,342.4875,0,0,0,0,578.673,500.9418,77.73125,0,653.9242,3596.583,0,0,1.309508e-13,4.263256e-14
mpc,2026-01-11 12:45:00,627,12.75,34.40937,3708.896,57.43413,0,337.521,0,0,2596.227,2595.91,399.001,175.8992,574.9002,2,0,0,574.9002,0,0,279.9912,518.0911,0.2590455,0.3703692,0.3172331,0,250,0.3172331,2196.909,393.6485,0,0,0,0,581.466,492.0324,89.43359,0,667.9316,3673.624,0,-2.842171e-14,1.398881e-13,4.263256e-14
mpc,2026-01-11 13:00:00,628,13,34.6259,3715.067,53.21667,0,354.4448,0,0,2600.547,2600.23,347.0176,152.9824,500,1,0,0,500,0,0,279.9289,448.0273,0.2240136,0.3262344,0.3172331,0,250,0.3172331,2253.212,341.4964,0,0,0,12.94847,585.557,507.3487,78.2083,0,663.2467,3647.857,0,0,5.712097e-14,4.263256e-14
mpc,2026-01-11 13:15:00,629,13.25,34.95695,3756.276,58.17334,0,404.1612,0,0,2629.393,2629.076,466.9145,205.8388,672.7533,4,0,0,672.7533,0,0,276.885,378.7355,0.1893678,0.2821162,0.3172331,0,250,0.3172331,2162.162,457.7039,0,0.8167752,0,0,596.947,490.8721,106.0749,0,696.7109,3833.319,0,0,-2.053913e-14,4.263256e-14
mpc,2026-01-11 13:30:00,630,13.5,35.01537,3748.78,50.28326,0,412.4449,0,0,2624.146,2623.829,532.9695,228.4832,761.4527,2,54.43813,0,707.0145,0,0,219.5912,323.7781,0.1618891,0.2384842,0.3172331,0,250,0.3172331,2090.859,480.6829,0,0,0,0,596.6261,475.378,121.2481,0,703.8612,3871.237,0,0,-5.473399e-14,4.263256e-14
mpc,2026-01-11 13:45:00,631,13.75,35.25662,3747.437,55.18375,0,454.1813,0,0,2623.206,2622.889,541.3137,233.4433,774.7569,4,43.6652,0,731.0918,0,0,216.6992,269.5523,0.1347762,0.2038783,0.3172331,0,250,0.3172331,2081.575,495.6415,0,11.51855,0,0,600.0326,476.1399,123.8928,0,709.5831,3922.577,0,-2.842171e-14,-5.181966e-14,4.263256e-14
mpc,2026-01-11 14:00:00,632,14,35.64507,3763.234,67.28729,0,471.8487,0,1,2634.264,2633.947,1033.722,401.0323,1434.754,3,52.60072,214.8876,760.1872,0,407.0784,0,371.2795,0.1856397,0.1697332,0.3172331,0,250,0.3172331,1600.225,513.0043,0,14.68656,0,0,608.5097,369.6488,238.8609,0,770.6811,4264.08,0,-2.273737e-13,4.235501e-14,4.263256e-14
mpc,2026-01-11 14:15:00,633,14.25,35.90626,3766.766,69.1129,0,479.8185,0,1,2636.736,2636.419,580.7612,249.4289,830.1901,4,55.4742,0,774.7159,0,0,212.8004,318.021,0.1590105,0.2337893,0.3172331,0,250,0.3172331,2055.658,521.1901,0,13.6387,0,0,613.1501,478.0253,135.1247,0,727.4542,4024.525,0,-5.684342e-14,1.067757e-13,4.263256e-14
mpc,2026-01-11 14:30:00,634,14.5,36.17617,3788.821,56.76149,0,492.7642,1,1,2652.175,2651.858,605.6707,260.199,865.8697,3,57.24973,0,808.62,0,0,213.2075,264.669,0.1323345,0.2002531,0.3172331,0,250,0.3172331,2046.187,542.253,0,0,0,0,621.0278,479.1309,141.8969,739.3299,0,1478.66,0,0,2.792211e-14,4.263256e-14
mpc,2026-01-11 14:45:00,635,14.75,36.48276,3762.795,57.85459,0,500.5361,1,1,2633.956,2633.639,1144.982,439.0853,1584.067,4,52.11334,205.3044,826.6493,0,500,0,389.6274,0.1948137,0.1666582,0.3172331,0,250,0.3172331,1488.658,552.3157,0,5.741254,0,0,621.6712,351.3557,270.3156,790.441,0,1590.786,0,-2.273737e-13,-1.326161e-13,4.263256e-14
mpc,2026-01-11 15:00:00,636,15,36.88197,3731.766,56.10844,0,512.7657,1,1,2612.236,2611.919,1086.64,413.3603,1500,3,52.15508,207.1446,740.7003,0,500,0,514.566,0.257283,0.2453426,0.3172331,0,250,0.3172331,1525.28,492.5244,0,3.953358,0,20.24124,623.0019,363.7695,259.2323,781.9572,0,1570.734,0,0,-8.323897e-14,4.263256e-14
mpc,2026-01-11 15:15:00,637,15.25,37.05849,3741.676,57.14778,0,521.7448,1,1,2619.173,2618.856,1177.191,452.89,1630.081,4,55.43283,207.8807,866.7679,0,500,0,639.485,0.3197425,0.3240147,0.3172331,0,250,0.3172331,1441.664,575.1283,0,1.714944,0,0,627.5624,345.4275,282.1349,798.3175,0,1599.593,0,1.136868e-13,-1.725842e-13,4.263256e-14
mpc,2026-01-11 15:30:00,638,15.5,37.36056,3732.445,77.00307,0,506.5403,1,1,2612.712,2612.394,1086.941,413.0594,1500,3,55.79933,210.192,734.0087,0,500,0,764.3844,0.3821922,0.4026743,0.3172331,0,250,0.3172331,1525.454,485.2645,0,21.20374,0,21.2758,631.0382,368.437,262.6012,786.6351,0,1609.847,0,-1.705303e-13,-2.135514e-13,4.263256e-14
mpc,2026-01-11 15:45:00,639,15.75,37.47716,3739.043,75.0004,0,533.6363,1,1,2617.33,2617.012,1188.592,456.8641,1645.456,4,64.27472,212.0116,869.1695,0,500,0,889.264,0.444632,0.4813216,0.3172331,0,250,0.3172331,1428.421,573.8107,0,10.72568,0,0,634.118,346.0731,288.0449,802.9371,0,1624.376,0,1.136868e-13,-9.853229e-14,4.263256e-14
mpc,2026-01-11 16:00:00,640,16,37.51584,3738.828,76.13727,0.8149284,524.0691,1,1,2617.179,2616.862,1088.647,411.3532,1500,3,76.46521,204.3834,719.1514,0,500,0,1014.124,0.507062,0.5599565,0.3172331,0,250,0.3172331,1528.215,474.5488,0,0,0,49.52031,634.7359,370.633,264.1028,793.9962,0,1587.993,0,-5.684342e-14,-2.68674e-14,4.263256e-14
mpc,2026-01-11 16:15:00,641,16.25,37.65167,3734.461,93.64841,9.152829,535.0798,1,1,2614.122,2613.805,1176.73,448.6598,1625.39,4,89.28423,203.7087,832.3971,0,500,0,1138.964,0.5694822,0.638579,0.3172331,0,250,0.3172331,1437.075,548.3721,0,4.364175,0,0,636.3001,349.7965,286.5036,798.4564,0,1604.441,0,-5.684342e-14,4.047873e-13,4.263256e-14
mpc,2026-01-11 16:30:00,642,16.5,37.65093,3682.883,100.862,14.10298,503.1385,1,1,2578.018,2577.701,1090.664,409.3361,1500,3,100.8967,199.138,699.9653,0,500,0,1263.785,0.6318925,0.7171892,0.3172331,0,250,0.3172331,1487.037,461.1319,0,0,0,42.00663,627.4996,361.9506,265.5491,781.5113,0,1563.023,0,-5.684342e-14,-7.138734e-14,4.263256e-14
mpc,2026-01-11 16:45:00,643,16.75,37.63906,3660.659,112.3378,8.127743,486.1458,1,1,2562.462,2562.144,1201.058,455.4755,1656.533,4,122.1442,202.1885,832.2004,0,500,0,1388.586,0.6942931,0.7957869,0.3172331,0,250,0.3172331,1361.087,548.3265,0,0,0,0,623.5149,331.1885,292.3264,786.664,0,1573.328,0,-1.136868e-13,1.533218e-13,4.263256e-14
mpc,2026-01-11 17:00:00,644,17,37.60695,3627.189,122.4018,5.554194,455.6239,1,1,2539.032,2538.715,664.0301,275.5537,939.5838,3,144.4476,0,795.1361,0,0,198.1329,1338.834,0.6694172,0.8743723,0.3172331,0,250,0.3172331,1874.685,524.1095,0,0,0,0,617.2834,455.7688,161.5145,731.3225,0,1462.645,0,-1.136868e-13,-2.623457e-13,4.263256e-14
mpc,2026-01-11 17:15:00,645,17.25,37.33958,3598.228,146.0002,0,435.2691,1,1,2518.76,2518.442,659.9894,270.9795,930.969,4,167.9252,0,763.0437,0,0,196.9754,1289.38,0.6446899,0.8430443,0.3172331,0,250,0.3172331,1858.453,504.5881,0,0,0,0,608.0074,448.6149,159.3925,719.5945,0,1439.189,0,-1.136868e-13,4.984901e-14,4.263256e-14
mpc,2026-01-11 17:30:00,646,17.5,37.37164,3586.477,179.1507,0,422.2155,1,1,2510.534,2510.217,663.2871,269.6656,932.9528,3,191.1912,0,741.7616,0,0,197.3023,1239.851,0.6199256,0.8119035,0.3172331,0,250,0.3172331,1846.929,490.3243,0,0,0,0,606.5381,446.2131,160.325,715.8787,0,1431.757,0,5.684342e-14,1.850742e-13,4.263256e-14
mpc,2026-01-11 17:45:00,647,17.75,37.2082,3609.594,213.7173,0,417.2878,1,1,2526.716,2526.398,1179.756,433.5478,1613.304,4,227.5332,192.2308,693.5399,0,500,0,1364.656,0.682328,0.7807161,0.3172331,0,250,0.3172331,1346.642,459.3553,0,0,0,0,607.8076,323.9381,283.8695,757.4859,0,1514.972,0,1.136868e-13,-4.520828e-13,4.263256e-14
mpc,2026-01-11 18:00:00,648,18,37.18035,3639.149,257.7262,0,396.3897,1,1,2547.404,2547.087,1041.36,368.7007,1410.061,3,259.7731,0.06698916,650.2206,0,500,0,1489.441,0.7447206,0.8593039,0.3172331,0,250,0.3172331,1505.727,430.8083,0,0,0,0,612.333,361.9396,250.3934,730.6403,0,1461.281,0,-1.136868e-13,3.796963e-14,4.263256e-14
mpc,2026-01-11 18:15:00,649,18.25,37.33799,3582.493,296.1802,0,388.7125,1,1,2507.745,2507.428,1046.397,365.9128,1412.31,4,301.8768,0.2098518,610.2234,0,500,0,1614.207,0.8071033,0.9378793,0.3172331,0,250,0.3172331,1461.031,403.5384,0,0,0,0,605.323,352.6656,252.6574,718.5784,0,1437.157,0,0,2.126077e-13,4.263256e-14
mpc,2026-01-11 18:30:00,650,18.5,37.2196,3553.935,340.9952,2.026055,359.9583,0,0,2487.755,2487.438,347.0176,152.9824,500,1,0,0,500,0,0,333.8105,1530.5,0.76525,1.016442,0.3172331,0,250,0.3172331,2140.42,331.1216,0,7.830663,1.380175,28.83664,598.616,515.0385,83.57744,0,674.9597,3728.167,0,0,2.511325e-13,4.263256e-14
mpc,2026-01-11 18:45:00,651,18.75,37.08282,3507.401,370.0259,2.834006,353.5034,0,0,2455.181,2454.864,369.3658,162.8346,532.2004,2,0,0,532.2004,0,0,370.12,1437.729,0.7188645,0.9637334,0.3172331,0,250,0.3172331,2085.498,353.0285,0,4.017035,0,0.4749298,588.6467,500.0126,88.63408,0,662.9611,3653.215,0,-2.842171e-14,2.831069e-13,4.263256e-14
mpc,2026-01-11 19:00:00,652,19,37.17849,3467.354,385.91,0,314.0877,0,0,2427.148,2426.831,342.3278,150.9149,493.2427,1,0,0,493.2427,0,0,391.3647,1339.661,0.6698308,0.9053169,0.3172331,0,250,0.3172331,2084.503,326.8089,0,0,0,0,583.3977,501.0384,82.35936,0,651.9533,3585.743,0,-2.842171e-14,-3.193001e-13,4.263256e-14
mpc,2026-01-11 19:15:00,653,19.25,37.14924,3445.374,398.7516,0,309.0914,0,0,2411.761,2411.444,298.885,131.7632,430.6482,2,0,0,430.6482,0,0,398.6576,1239.786,0.6198931,0.8435652,0.3172331,0,250,0.3172331,2112.559,285.4362,0,1.126853,0,23.65518,579.2514,507.3897,71.86172,0,644.8343,3548.532,0,-2.842171e-14,-1.256773e-13,4.263256e-14
mpc,2026-01-11 19:30:00,654,19.5,37.15938,3389.171,419.3861,0,279.7418,0,0,2372.419,2372.102,282.6168,124.5914,407.2081,1,0,0,407.2081,0,0,403.5847,1138.695,0.5693474,0.7806752,0.3172331,0,250,0.3172331,2089.485,269.867,0,17.01769,0,9.874764,569.9549,501.9823,67.97265,0,628.946,3488.558,0,0,-2.744471e-13,4.263256e-14
mpc,2026-01-11 19:45:00,655,19.75,36.97954,3393.254,410.5931,0,259.1401,0,0,2375.278,2374.961,261.0226,115.0716,376.0942,2,0,0,376.0942,0,0,399.7004,1038.591,0.5192953,0.7170195,0.3172331,0,250,0.3172331,2113.938,249.7882,0,11.69836,0,9.351929,567.9424,505.4546,62.48785,0,622.7623,3445.372,0,-1.421086e-14,-4.38205e-13,4.263256e-14
mpc,2026-01-11 20:00:00,656,20,36.92952,3354.707,399.1871,0,233.2629,0,0,2348.295,2347.977,227.8042,100.4273,328.2315,1,0,0,328.2315,0,0,390.8318,940.7191,0.4703595,0.6539852,0.3172331,0,250,0.3172331,2120.173,218.1308,0,9.662561,0,15.13207,560.7529,506.2794,54.47348,0,610.3201,3373.428,0,-2.842171e-14,1.110223e-16,4.263256e-14
mpc,2026-01-11 20:15:00,657,20.25,36.67792,3346.287,384.2475,0,221.5486,0,0,2342.401,2342.084,201.0201,88.61951,289.6396,1,0,0,289.6396,0,0,368.6236,848.4151,0.4242075,0.592357,0.3172331,0,250,0.3172331,2141.064,193.067,0,17.20297,0,28.48162,555.6733,507.9113,47.76199,0,603.2873,3347.755,0,0,2.720046e-14,4.263256e-14
mpc,2026-01-11 20:30:00,658,20.5,36.41605,3320.782,346.4316,0,189.0655,0,0,2324.548,2324.23,178.2946,78.601,256.8956,1,0,0,256.8956,0,0,332.4773,765.1622,0.3825811,0.5342345,0.3172331,0,250,0.3172331,2145.936,171.7788,0,16.72798,0,17.28675,547.6953,505.6119,42.0834,0,588.2859,3264.428,0,-1.421086e-14,-2.152722e-13,4.263256e-14
mpc,2026-01-11 20:45:00,659,20.75,36.3087,3336.959,317.8831,0.6177248,171.3963,0,0,2335.871,2335.554,171.7617,75.721,247.4827,1,0,0,247.4827,0,0,298.8961,690.3177,0.3451589,0.4818114,0.3172331,0,250,0.3172331,2163.792,165.6972,0,21.81706,0,5.699111,548.8364,508.4047,40.43168,0,585.4648,3257.691,0,-1.421086e-14,1.016964e-13,4.263256e-14
mpc,2026-01-11 21:00:00,660,21,36.03351,3351.038,283.6233,6.953735,174.0764,0,0,2345.727,2345.41,149.1572,65.7558,214.913,1,0,0,214.913,0,0,261.7569,624.7698,0.3123849,0.434683,0.3172331,0,250,0.3172331,2196.252,144.3639,0,22.83451,5.98561,29.7125,547.2596,512.3872,34.87248,0,585.0749,3267.627,0,-1.421086e-14,-5.639933e-14,4.263256e-14
mpc,2026-01-11 21:15:00,661,21.25,35.92649,3355.308,243.0655,2.158633,162.182,0,0,2348.716,2348.398,131.6583,58.04143,189.6997,1,0,0,189.6997,0,0,235.1976,565.8721,0.282936,0.3934084,0.3172331,0,250,0.3172331,2216.74,127.5898,0,7.896343,2.130202,34.59226,546.4562,515.7505,30.70565,0,581.8403,3217.417,0,0,-1.36724e-13,4.263256e-14
mpc,2026-01-11 21:30:00,662,21.5,36.01957,3339.589,219.7187,3.191555,149.3456,0,0,2337.712,2337.395,117.3072,51.71478,169.022,1,0,0,169.022,0,0,211.0197,513.0281,0.256514,0.3563214,0.3172331,0,250,0.3172331,2220.088,113.5563,0,9.321379,2.569178,35.78926,545.1948,517.7628,27.43205,0,577.8242,3198.544,0,-1.421086e-14,1.998957e-13,4.263256e-14
mpc,2026-01-11 21:45:00,663,21.75,35.56923,3284.821,178.0766,2.317698,129.3728,0,0,2299.375,2299.058,110.707,48.80508,159.5121,1,0,0,159.5121,0,0,179.3583,468.1078,0.2340539,0.3230463,0.3172331,0,250,0.3172331,2188.351,107.7418,0,0,1.493666,21.63098,530.1293,504.5323,25.59705,0,558.3244,3073.361,0,-1.421086e-14,-9.342527e-14,4.263256e-14
mpc,2026-01-11 22:00:00,664,22,35.23602,3254.07,147.9328,8.203369,100.6109,0,0,2277.849,2277.532,0,0,0,0,0,0,0,0,0,145.1334,431.7507,0.2158754,0.2947606,0.3172331,0,250,0.3172331,2277.532,0,0,3.954061,7.048761,100.6109,520.7657,520.6932,0.07252636,0,543.695,3009.302,0,0,-5.045964e-14,4.263256e-14
mpc,2026-01-11 22:15:00,665,22.25,35.14108,3267.673,122.3796,9.760428,103.1927,0,0,2287.371,2287.054,0,0,0,0,0,0,0,0,0,123.7897,400.7353,0.2003677,0.2718671,0.3172331,0,250,0.3172331,2287.054,0,0,0,8.78104,103.1927,521.697,521.6247,0.07235362,0,545.1606,3013.531,0,0,9.325873e-15,4.263256e-14
mpc,2026-01-11 22:30:00,666,22.5,34.87391,3249.843,93.89541,8.960738,103.5988,0,0,2274.89,2274.573,0,0,0,0,0,0,0,0,0,117.1566,371.3831,0.1856916,0.2523372,0.3172331,0,250,0.3172331,2274.573,0,0,0,7.704801,103.5988,515.3958,515.3239,0.07187187,0,538.7951,2976.664,0,0,-1.197931e-13,4.263256e-14
mpc,2026-01-11 22:45:00,667,22.75,34.77236,3242.205,90.87267,7.457593,104.6238,0,0,2269.544,2269.226,0,0,0,0,0,0,0,0,0,94.16315,347.7838,0.1738919,0.2338545,0.3172331,0,250,0.3172331,2269.226,0,0,0,7.408887,104.6238,512.8865,512.8148,0.07169043,0,536.4584,2963.301,0,0,-7.294165e-14,4.263256e-14
mpc,2026-01-11 23:00:00,668,23,34.38291,3257.162,77.57004,3.149519,91.20567,0,0,2280.013,2279.696,0,0,0,0,0,0,0,0,0,87.08874,325.9569,0.1629784,0.2189944,0.3172331,0,250,0.3172331,2279.696,0,0,0,2.769004,91.20567,510.3121,510.2411,0.07100305,0,530.6548,2923.378,0,0,8.323897e-14,4.263256e-14
mpc,2026-01-11 23:15:00,669,23.25,34.16758,3310.352,59.81955,0,91.5475,0,0,2317.246,2316.929,0,0,0,0,0,0,0,0,0,76.74734,306.7188,0.1533594,0.2052503,0.3172331,0,250,0.3172331,2316.929,0,0,0,0,91.5475,515.9105,515.8399,0.07062862,0,536.222,2949.221,0,0,-1.138534e-13,4.263256e-14
mpc,2026-01-11 23:30:00,670,23.5,33.88781,3277.223,51.93063,0,80.29391,1,1,2294.056,2293.739,528.048,164.2717,692.3198,2,75.97791,2.452441,113.8894,0,500,0,431.6705,0.2158352,0.1931363,0.3172331,0,250,0.3172331,1765.691,78.45815,0,0,0,1.83576,507.2718,390.4374,116.8345,555.115,0,1110.23,0,5.684342e-14,-4.682366e-14,4.263256e-14
mpc,2026-01-11 23:45:00,671,23.75,33.64613,3281.056,45.24532,0,65.8807,1,1,2296.739,2296.422,463.487,136.513,600,4,70.06853,2.082656,27.84881,0,500,0,556.6025,0.2783013,0.2718166,0.3172331,0,250,0.3172331,1832.935,19.23882,0,0,0,46.64187,504.897,402.9379,101.9591,549.7043,0,1099.409,0,-2.842171e-14,1.839084e-13,4.263256e-14
mpc,2026-01-12 00:00:00,672,0,33.43006,3257.317,57.48571,0,68.23386,1,1,2280.122,2279.805,432.4575,124.6469,557.1045,3,54.82631,2.278163,0,0,500,0,681.5149,0.3407575,0.3504845,0.3172331,0,250,0.3172331,1847.347,0,0,2.659399,0,68.23386,498.6387,403.9954,94.6433,543.5644,0,1091.716,0,-2.842171e-14,1.459943e-14,4.263256e-14
mpc,2026-01-12 00:15:00,673,0.25,33.01392,3223.337,60.22265,0,61.97441,1,1,2256.336,2256.018,425.7461,122.6034,548.3495,2,47.13291,1.21662,0,0,500,0,806.4076,0.4032038,0.4291399,0.3172331,0,250,0.3172331,1830.272,0,0,13.08974,0,61.97441,488.5463,396.2942,92.25209,532.3165,0,1087.213,0,-7.105427e-14,2.111644e-13,4.263256e-14
mpc,2026-01-12 00:30:00,674,0.5,32.62246,3216.309,66.72723,0,57.96653,1,1,2251.416,2251.099,428.042,123.1791,551.2211,2,50.80156,0.4195219,0,0,500,0,931.2807,0.4656403,0.5077831,0.3172331,0,250,0.3172331,1823.057,0,0,15.92568,0,57.96653,482.978,391.0855,91.89241,526.6997,0,1080.871,0,1.421086e-14,-1.314504e-13,4.263256e-14
mpc,2026-01-12 00:45:00,675,0.75,32.55901,3212.796,63.60045,5.169397,70.73888,1,1,2248.957,2248.64,428.1725,123.5141,551.6865,3,48.46953,3.217008,0,0,500,0,1056.134,0.528067,0.5864138,0.3172331,0,250,0.3172331,1820.467,0,0,15.13091,1.952389,70.73888,481.7292,389.9462,91.78299,528.6126,0,1086.694,0,-7.105427e-14,-4.065637e-13,4.263256e-14
mpc,2026-01-12 01:00:00,676,1,32.35448,3204.927,63.39494,6.789401,65.56525,1,1,2243.449,2243.131,387.8969,112.1031,500,1,50.16756,4.86411,0,0,444.9683,0,1167.21,0.583605,0.6650321,0.3172331,0,250,0.3172331,1855.235,0,0,13.22738,1.925291,65.56525,478.2446,395.4875,82.75709,521.5674,0,1069.273,0,2.842171e-14,-1.434408e-13,4.263256e-14
mpc,2026-01-12 01:15:00,677,1.25,32.13161,3223.21,52.67856,0,71.5165,1,1,2256.247,2255.93,429.3435,123.7237,553.0672,3,51.04752,2.019639,0,0,500,0,1292.026,0.6460131,0.734975,0.3172331,0,250,0.3172331,1826.586,0,0,1.631041,0,71.5165,478.4723,387.3561,91.11624,526.2459,0,1055.305,0,5.684342e-14,-1.875167e-13,4.263256e-14
mpc,2026-01-12 01:30:00,678,1.5,31.89652,3216.708,57.61392,0,74.1262,1,1,2251.695,2251.378,430.5665,124.2067,554.7731,2,51.51907,3.25407,0,0,500,0,1416.823,0.7084114,0.8135699,0.3172331,0,250,0.3172331,1820.812,0,0,6.094855,0,74.1262,474.9027,384.0255,90.87722,523.866,0,1058.246,0,4.263256e-14,-2.231548e-14,4.263256e-14
mpc,2026-01-12 01:45:00,679,1.75,31.72214,3164.825,52.9925,1.432902,51.05908,1,1,2215.378,2215.06,427.5969,123.2302,550.8271,2,48.72259,2.104507,0,0,500,0,1541.6,0.7707999,0.8921525,0.3172331,0,250,0.3172331,1787.464,0,0,4.269912,0,51.05908,465.3603,375.473,89.88726,509.4287,0,1026.223,0,4.263256e-14,-4.749534e-13,4.263256e-14
mpc,2026-01-12 02:00:00,680,2,31.35994,3191.179,56.45864,2.1851,54.46078,1,1,2233.825,2233.508,431.8438,124.3918,556.2357,2,54.69662,1.539061,0,0,500,0,1666.357,0.8331785,0.9707227,0.3172331,0,250,0.3172331,1801.664,0,0,1.762026,0.6460392,54.46078,465.3408,375.3149,90.02593,511.0518,0,1026.257,0,5.684342e-14,-1.649791e-13,4.263256e-14
mpc,2026-01-12 02:15:00,681,2.25,31.0308,3213.957,54.16243,3.10114,48.09732,1,1,2249.77,2249.452,428.6021,123.4019,552.0041,3,51.00428,0.9997932,0,0,500,0,1791.095,0.8955474,1.049281,0.3172331,0,250,0.3172331,1820.85,0,0,3.158142,2.101347,48.09732,465.1541,376.4723,88.68179,509.8187,0,1028.71,0,4.263256e-14,1.629807e-13,4.263256e-14
mpc,2026-01-12 02:30:00,682,2.5,31.01432,3182.463,45.5148,0,49.82079,1,1,2227.724,2227.407,375.0466,108.0176,483.0643,1,45.10914,1.206154,0,0,436.749,0,1900,0.95,1.127826,0.3172331,0,250,0.3172331,1852.36,0,0,0.4056607,0,49.82079,460.4235,382.8437,77.57977,501.1582,0,1003.016,0,1.421086e-14,2.531308e-13,4.263256e-14
mpc,2026-01-12 02:45:00,683,2.75,30.85741,3177.855,59.99142,0,36.57804,1,1,2224.499,2224.181,0,0,0,0,0,0,0,0,0,54.29065,1886.128,0.9430641,1.196402,0.3172331,0,250,0.3172331,2224.181,0,0,6.923248,0,36.57804,458.1226,458.0572,0.06533231,465.5903,0,943.1231,0,0,7.038814e-14,4.263256e-14
mpc,2026-01-12 03:00:00,684,3,30.80393,3180.013,55.94477,9.973438,42.05366,1,1,2226.009,2225.692,112.9668,37.03319,150,1,50.65742,1.74725,40.92061,0,56.67473,0,1900,0.95,1.187667,0.3172331,0,250,0.3172331,2112.725,29.19966,0,5.287355,8.226188,12.854,457.8788,434.5768,23.30196,474.254,0,971.8189,0,-1.421086e-14,-5.195844e-14,4.263256e-14
mpc,2026-01-12 03:15:00,685,3.25,30.57307,3213.037,73.96951,5.762744,53.94866,1,1,2249.126,2248.809,0,0,0,0,0,0,0,0,0,53.11753,1886.421,0.9432108,1.196402,0.3172331,0,250,0.3172331,2248.809,0,0,21.84604,4.76868,53.94866,460.2298,460.1649,0.06491416,471.2042,0,988.3188,0,0,3.415046e-13,4.263256e-14
mpc,2026-01-12 03:30:00,686,3.5,30.61533,3216.039,73.15154,2.042762,42.49344,1,1,2251.227,2250.91,114.0647,35.93527,150,1,65.12855,0.9670066,28.40266,0,55.50179,0,1900,0.95,1.187852,0.3172331,0,250,0.3172331,2136.845,20.3101,0,8.022988,1.075755,22.18334,461.0985,437.6707,23.42782,478.1496,0,971.9945,0,7.105427e-15,2.879918e-13,4.263256e-14
mpc,2026-01-12 03:45:00,687,3.75,30.53564,3251.052,75.20075,0.1397677,45.47608,1,1,2275.737,2275.419,0,0,0,0,0,0,0,0,0,68.63343,1882.543,0.9412713,1.196402,0.3172331,0,250,0.3172331,2275.419,0,0,7.795927,0,45.47608,465.2831,465.2182,0.06485952,474.516,0,962.48,0,0,1.088019e-13,4.263256e-14
mpc,2026-01-12 04:00:00,688,4,30.48833,3235.42,85.11182,0,49.60042,1,1,2264.794,2264.477,0,0,0,0,0,0,0,0,0,78.30976,1862.669,0.9313344,1.185409,0.3172331,0,250,0.3172331,2264.477,0,0,8.227694,0,49.60042,462.5537,462.4889,0.06479058,472.6191,0,959.431,0,0,-2.045031e-13,4.263256e-14
mpc,2026-01-12 04:15:00,689,4.25,30.4647,3266.507,99.36437,4.535827,39.85981,1,1,2286.555,2286.238,0,0,0,0,0,0,0,0,0,95.93918,1838.391,0.9191954,1.172895,0.3172331,0,250,0.3172331,2286.238,0,0,6.275521,1.685495,39.85981,466.7503,466.6855,0.06475621,474.822,0,963.3768,0,0,3.348433e-13,4.263256e-14
mpc,2026-01-12 04:30:00,690,4.5,30.28132,3270.529,118.1182,1.046193,44.80254,1,1,2289.37,2289.053,0,0,0,0,0,0,0,0,0,112.7938,1809.903,0.9049514,1.157608,0.3172331,0,250,0.3172331,2289.053,0,0,7.683062,0,44.80254,465.4086,465.3442,0.06449066,474.4521,0,962.1575,0,0,1.474376e-13,4.263256e-14
mpc,2026-01-12 04:45:00,691,4.75,29.97716,3265.59,137.6988,3.976027,46.99426,1,1,2285.913,2285.596,0,0,0,0,0,0,0,0,0,129.8698,1777.15,0.8885753,1.139669,0.3172331,0,250,0.3172331,2285.596,0,0,10.92678,0.8782081,46.99426,461.5664,461.5024,0.06405499,470.9914,0,962.3463,0,0,-3.128608e-13,4.263256e-14
mpc,2026-01-12 05:00:00,692,5,29.7963,3295.045,168.9205,3.963162,39.46747,1,1,2306.531,2306.214,0,0,0,0,0,0,0,0,0,167.4941,1734.997,0.8674986,1.119046,0.3172331,0,250,0.3172331,2306.214,0,0,5.139945,0.2496237,39.46747,463.8661,463.8023,0.06379869,471.7396,0,952.7762,0,0,3.068656e-13,4.263256e-14
mpc,2026-01-12 05:15:00,693,5.25,29.98618,3319.586,196.5723,0.4906906,33.22498,1,1,2323.711,2323.393,0,0,0,0,0,0,0,0,0,195.5703,1685.832,0.8429158,1.092502,0.3172331,0,250,0.3172331,2323.393,0,0,3.687009,0,33.22498,469.2923,469.2283,0.06406781,475.9383,0,958.2367,0,0,1.898481e-13,4.263256e-14
mpc,2026-01-12 05:30:00,694,5.5,30.14704,3335.552,228.7322,0,43.95329,1,1,2334.886,2334.569,227.3339,72.66607,300,2,235.5873,3.779479,54.26322,6.370036,0,0,1685.566,0.8427831,1.061543,0.3172331,0,250,0.3172331,2107.235,39.00569,0.417497,0,0,4.9476,473.2405,427.0996,46.1409,500.7685,0,1001.067,0,0,1.880718e-13,4.263256e-14
mpc,2026-01-12 05:45:00,695,5.75,30.1083,3332.153,290.0443,0,33.8621,1,1,2332.507,2332.19,348.9787,101.0213,450,3,279.212,5.933745,0,0,164.8542,0,1726.514,0.8632572,1.061376,0.3172331,0,250,0.3172331,1983.211,0,0,10.83225,0,33.8621,472.3504,401.6153,70.73507,509.4939,0,1037.674,0,-2.842171e-14,1.088019e-14,4.263256e-14
mpc,2026-01-12 06:00:00,696,6,30.09324,3362.756,337.2499,0,24.98512,1,1,2353.929,2353.612,0,0,0,0,0,0,0,0,0,330.2105,1643.69,0.821845,1.087161,0.3172331,0,250,0.3172331,2353.612,0,0,11.10191,0,24.98512,476.5286,476.4644,0.06422056,481.5224,0,982.1955,0,0,-3.952394e-14,4.263256e-14
mpc,2026-01-12 06:15:00,697,6.25,30.26975,3393.758,376.0697,0,38.96971,1,1,2375.631,2375.313,0,0,0,0,0,0,0,0,0,373.7518,1549.993,0.7749966,1.035008,0.3172331,0,250,0.3172331,2375.313,0,0,3.956965,0,38.96971,482.8196,482.7552,0.06447398,490.6753,0,988.1763,0,0,2.824407e-13,4.263256e-14
mpc,2026-01-12 06:30:00,698,6.5,30.3044,3381.893,395.3562,10.02801,33.77145,1,1,2367.325,2367.008,0,0,0,0,0,0,0,0,0,410.8059,1447.048,0.7235239,0.976008,0.3172331,0,250,0.3172331,2367.008,0,0,0,5.464489,33.77145,481.5046,481.4401,0.06452396,488.3091,0,986.0444,0,0,-2.678968e-13,4.263256e-14
mpc,2026-01-12 06:45:00,699,6.75,30.20896,3386.399,428.8028,9.836287,34.582,1,1,2370.479,2370.162,0,0,0,0,0,0,0,0,0,435.134,1338.036,0.6690182,0.9111848,0.3172331,0,250,0.3172331,2370.162,0,0,0,6.128152,34.582,481.1188,481.0544,0.06438647,488.0733,0,986.7176,0,0,3.919087e-14,4.263256e-14
mpc,2026-01-12 07:00:00,700,7,30.46573,3350.558,434.5836,9.289655,45.27047,1,1,2345.39,2345.073,0,0,0,0,0,0,0,0,0,440.7621,1227.635,0.6138177,0.8425419,0.3172331,0,250,0.3172331,2345.073,0,0,0,4.318133,45.27047,478.7713,478.7066,0.06475771,487.9478,0,983.3443,0,0,1.088019e-14,4.263256e-14
mpc,2026-01-12 07:15:00,701,7.25,30.63337,3347.129,415.7043,10.17503,55.45345,1,1,2342.99,2342.673,0,0,0,0,0,0,0,0,0,428.4747,1120.323,0.5601617,0.773024,0.3172331,0,250,0.3172331,2342.673,0,0,0,5.726753,55.45345,480.0886,480.0236,0.0650024,491.3862,0,992.6511,0,0,-4.324319e-13,4.263256e-14
mpc,2026-01-12 07:30:00,702,7.5,30.42633,3391.327,393.6559,7.722319,70.25453,1,1,2373.929,2373.611,0,0,0,0,0,0,0,0,0,406.9738,1018.404,0.5092018,0.7054512,0.3172331,0,250,0.3172331,2373.611,0,0,0,4.093894,70.25453,484.1685,484.1038,0.06470046,498.4324,0,1003.927,0,0,1.514344e-13,4.263256e-14
mpc,2026-01-12 07:45:00,703,7.75,30.52548,3379.672,368.7558,8.568589,72.02997,1,1,2365.77,2365.453,0,0,0,0,0,0,0,0,0,362.6924,927.5701,0.4637851,0.6412738,0.3172331,0,250,0.3172331,2365.453,0,0,8.914825,5.717102,72.02997,483.5803,483.5155,0.0648447,498.2389,0,1021.718,0,0,-5.373479e-14,4.263256e-14
mpc,2026-01-12 08:00:00,704,8,30.69885,3407.939,329.1594,269.7438,69.52506,1,1,2385.557,2385.24,0,0,0,0,0,0,0,0,0,415.0144,823.6705,0.4118353,0.5840773,0.3172331,0,250,0.3172331,2385.24,0,0,1.084559,182.8042,69.52506,489.5332,489.4681,0.06509847,503.7352,0,1324.678,0,0,1.308953e-13,4.263256e-14
mpc,2026-01-12 08:15:00,705,8.25,30.92938,3424.628,292.3077,275.5629,65.7034,1,1,2397.24,2396.922,0,0,0,0,0,0,0,0,0,364.942,732.3053,0.3661527,0.5186532,0.3172331,0,250,0.3172331,2396.922,0,0,16.4485,186.4802,65.7034,494.5038,494.4384,0.065439,507.9917,0,1366.035,0,0,-2.395861e-13,4.263256e-14
mpc,2026-01-12 08:30:00,706,8.5,31.12904,3486.046,217.5286,268.4604,57.57366,1,1,2440.232,2439.915,0,0,0,0,0,0,0,0,0,324.9811,650.9448,0.3254724,0.4611219,0.3172331,0,250,0.3172331,2439.915,0,0,0,177.4579,57.57366,505.6633,505.5975,0.06573682,517.5279,0,1341.171,0,0,1.061928e-13,4.263256e-14
mpc,2026-01-12 08:45:00,707,8.75,31.23808,3499.673,189.6977,272.1033,81.87805,1,1,2449.771,2449.454,0,0,0,0,0,0,0,0,0,286.8239,579.1363,0.2895682,0.4098904,0.3172331,0,250,0.3172331,2449.454,0,0,0,182.2914,81.87805,508.9047,508.8388,0.06590061,525.8478,0,1366.148,0,0,-6.761258e-14,4.263256e-14
mpc,2026-01-12 09:00:00,708,9,31.42724,3461.644,149.9618,270.2468,89.68443,1,1,2423.151,2422.834,0,0,0,0,0,0,0,0,0,246.4603,517.4301,0.2587151,0.3646737,0.3172331,0,250,0.3172331,2422.834,0,0,0,177.4967,89.68443,505.56,505.4938,0.06618669,524.2053,0,1354.592,0,0,8.471002e-14,4.263256e-14
mpc,2026-01-12 09:15:00,709,9.25,31.68039,3473.404,124.663,271.8926,109.4371,1,1,2431.383,2431.065,545.3191,166.5592,711.8784,2,120.7535,91.12488,0,0,500,0,642.3487,0.3211743,0.3258181,0.3172331,0,250,0.3172331,1885.746,0,0,3.90951,180.7678,109.4371,510.2419,395.7364,114.5054,585.2618,0,1489.092,0,2.842171e-14,9.40914e-14,4.263256e-14
mpc,2026-01-12 09:30:00,710,9.5,31.86929,3508.963,99.12287,280.1851,122.1218,1,1,2456.274,2455.957,380.3383,119.4324,499.7707,1,97.69532,94.2576,0,0,307.8177,0,719.202,0.359601,0.4044775,0.3172331,0,250,0.3172331,2075.619,0,0,1.427545,185.9275,122.1218,517.7232,437.4902,80.23297,582.6629,0,1488.513,0,0,1.053602e-13,4.263256e-14
mpc,2026-01-12 09:45:00,711,9.75,32.05375,3546.177,87.1097,285.3881,130.5179,1,1,2482.324,2482.007,0,0,0,0,0,0,0,0,0,164.8949,677.865,0.3389325,0.4528709,0.3172331,0,250,0.3172331,2482.007,0,0,13.71511,193.8878,130.5179,525.461,525.3939,0.06715224,553.0221,0,1464.159,0,0,1.771916e-13,4.263256e-14
mpc,2026-01-12 10:00:00,712,10,32.4576,3576.001,79.90449,284.9119,121.7179,1,1,2503.201,2502.883,334.0821,105.9678,440.0499,1,67.17706,92.77056,0,0,280.1023,0,747.7839,0.3738919,0.4268417,0.3172331,0,250,0.3172331,2168.801,0,0,12.72744,192.1413,121.7179,534.9103,463.4523,71.45798,595.4301,0,1544.259,0,-2.842171e-14,-9.325873e-14,4.263256e-14
mpc,2026-01-12 10:15:00,713,10.25,32.57969,3624.697,78.01059,285.2521,133.2397,1,1,2537.288,2536.97,0,0,0,0,0,0,0,0,0,155.3307,708.8335,0.3544168,0.4708685,0.3172331,0,250,0.3172331,2536.97,0,0,15.01636,192.9156,133.2397,543.7549,543.6869,0.06798482,572.2409,0,1503.165,0,0,9.720003e-14,4.263256e-14
mpc,2026-01-12 10:30:00,714,10.5,32.78676,3640.451,70.1977,285.424,158.04,1,1,2548.315,2547.998,0,0,0,0,0,0,0,0,0,151.5334,670.8386,0.3354193,0.4463421,0.3172331,0,250,0.3172331,2547.998,0,0,12.21772,191.8706,158.04,548.7971,548.7288,0.06831831,582.7638,0,1517.58,0,0,3.441691e-14,4.263256e-14
mpc,2026-01-12 10:45:00,715,10.75,32.78028,3600.024,69.47705,289.0941,188.9538,1,1,2520.017,2519.7,0,0,0,0,0,0,0,0,0,155.1569,631.9437,0.3159719,0.4224172,0.3172331,0,250,0.3172331,2519.7,0,0,9.476599,193.9376,188.9538,542.6196,542.5512,0.06830782,583.2375,0,1517.364,0,0,4.007905e-14,4.263256e-14
mpc,2026-01-12 11:00:00,716,11,33.11545,3603.687,67.39149,290.7492,220.057,1,0,2522.581,2522.264,0,0,0,0,0,0,0,0,0,148.0236,594.8383,0.2974192,0.3979257,0.3172331,0,250,0.3172331,2522.264,0,0,14.69844,195.4186,220.057,547.5182,547.4494,0.06885444,595.212,0,1552.876,0,0,-6.050715e-15,4.263256e-14
mpc,2026-01-12 11:15:00,717,11.25,33.48906,3631.773,57.32901,288.2035,249.6816,0,0,2542.241,2541.924,0,0,0,0,0,0,0,0,0,150.574,557.1012,0.2785506,0.374561,0.3172331,0,250,0.3172331,2541.924,0,0,3.132776,191.8257,249.6816,556.7516,556.6821,0.06947414,0,611.3624,3698.797,0,0,-1.443845e-13,4.263256e-14
mpc,2026-01-12 11:30:00,718,11.5,33.82571,3633.259,55.18281,290.4519,270.2246,0,0,2543.281,2542.964,0,0,0,0,0,0,0,0,0,146.4615,520.3981,0.2601991,0.3507985,0.3172331,0,250,0.3172331,2542.964,0,0,7.863851,191.3094,270.2246,561.5334,561.4634,0.07004218,0,621.1265,3759.77,0,0,-4.074518e-14,4.263256e-14
mpc,2026-01-12 11:45:00,719,11.75,34.20923,3663.749,63.18167,295.9564,289.0129,0,0,2564.624,2564.307,278.9838,122.9897,401.9735,1,0,0,401.9735,0,0,146.111,483.7885,0.2418942,0.3276871,0.3172331,0,250,0.3172331,2285.323,275.8849,0,15.49654,197.5305,13.12794,571.5698,509.3228,62.24693,0,635.2383,3861.282,0,-1.421086e-14,3.352873e-14,4.263256e-14
mpc,2026-01-12 12:00:00,720,12,34.52781,3688.317,43.66181,297.6249,304.9162,0,0,2581.822,2581.504,294.8332,129.9769,424.8101,1,0,0,424.8101,0,0,141.1075,448.4354,0.2242177,0.3046345,0.3172331,0,250,0.3172331,2286.671,290.4756,0,0,200.831,14.44057,579.9316,513.6346,66.29701,0,646.8552,3904.137,0,-2.842171e-14,-6.42264e-14,4.263256e-14
mpc,2026-01-12 12:15:00,721,12.25,34.8305,3744.354,57.69262,300.0715,339.8716,0,0,2621.048,2620.73,320.3935,141.2452,461.6386,1,0,0,461.6386,0,0,140.0501,413.3523,0.2066762,0.2823732,0.3172331,0,250,0.3172331,2300.337,314.5403,0,16.55304,201.161,25.3313,593.1791,520.5978,72.58124,0,667.5758,4047.224,0,-2.842171e-14,7.810419e-14,4.263256e-14
mpc,2026-01-12 12:30:00,722,12.5,35.14628,3729.445,54.88147,299.7142,371.4566,0,0,2610.612,2610.295,346.3607,152.6928,499.0535,1,0,0,499.0535,0,0,145.9876,376.7903,0.1883952,0.2602819,0.3172331,0,250,0.3172331,2263.934,338.7724,0,6.77487,201.8332,32.68424,595.4986,516.419,79.07963,0,676.5672,4080.969,0,0,-6.439293e-15,4.263256e-14
mpc,2026-01-12 12:45:00,723,12.75,35.36035,3705.209,61.70482,301.9806,389.4431,0,0,2593.646,2593.329,367.8947,162.186,530.0807,2,0,0,530.0807,0,0,157.228,337.424,0.168712,0.2372593,0.3172331,0,250,0.3172331,2225.434,358.9268,0,3.831838,202.6256,30.51628,594.8235,510.3783,84.44527,0,679.5629,4093.735,0,-2.842171e-14,5.409562e-14,4.263256e-14
mpc,2026-01-12 13:00:00,724,13,35.75868,3684.754,57.36647,296.7483,426.1623,0,0,2579.328,2579.011,347.0176,152.9824,500,1,0,0,500,0,0,154.8348,298.6622,0.1493311,0.2124709,0.3172331,0,250,0.3172331,2231.993,336.9653,0,1.669443,197.6106,89.19703,597.5446,517.0787,80.46594,0,690.725,4142.746,0,0,-7.963075e-14,4.263256e-14
mpc,2026-01-12 13:15:00,725,13.25,35.94837,3688.747,44.61712,294.103,426.3752,0,0,2582.123,2581.806,437.0631,192.6789,629.7419,4,0,0,629.7419,0,0,156.1582,259.5756,0.1297878,0.1880632,0.3172331,0,250,0.3172331,2144.743,423.4467,0,0,195.6737,2.928507,601.0978,499.2791,101.8187,0,692.6397,4147.055,0,-5.684342e-14,1.526557e-14,4.263256e-14
mpc,2026-01-12 13:30:00,726,13.5,35.98642,3717.068,34.8085,293.4183,450.6937,0,0,2601.948,2601.631,460.1218,201.6759,661.7977,2,9.821505,0,651.9762,0,0,140.8858,224.3133,0.1121566,0.163451,0.3172331,0,250,0.3172331,2141.509,438.1988,0,0,194.9717,12.49483,606.3036,499.0125,107.2911,0,703.6,4206.126,0,2.842171e-14,5.728751e-14,4.263256e-14
mpc,2026-01-12 13:45:00,727,13.75,36.31938,3721.583,35.08243,299.1019,466.48,0,0,2605.108,2604.791,523.106,224.6549,747.7609,4,50.06724,0,697.6937,0,0,97.11199,200,0.1,0.1412468,0.3172331,0,250,0.3172331,2081.685,467.0675,0,0,201.9899,0,612.2653,489.2478,123.0175,0,713.9026,4274.897,0,-5.684342e-14,1.246225e-14,4.263256e-14
mpc,2026-01-12 14:00:00,728,14,36.77128,3709.916,29.52616,301.8421,506.2323,0,1,2596.941,2596.624,766.9151,308.1077,1075.023,3,60.78554,96.26599,726.6857,0,191.2855,0,247.7899,0.123895,0.1259371,0.3172331,0,250,0.3172331,1829.709,483.8489,0,0,205.5762,22.38334,617.5608,435.1105,182.4502,0,748.541,4471.595,0,-1.136868e-13,-4.718448e-14,4.263256e-14
mpc,2026-01-12 14:15:00,729,14.25,36.84375,3687.907,43.09162,300.8224,510.2768,1,1,2581.535,2581.217,563.3526,240.8545,804.2071,4,63.03808,0,741.169,0,0,95.32536,223.9195,0.1119598,0.1560297,0.3172331,0,250,0.3172331,2017.865,493.0627,0,0,205.4971,17.2141,615.063,480.766,134.297,725.7219,0,1805.926,0,-5.684342e-14,5.684342e-14,4.263256e-14
mpc,2026-01-12 14:30:00,730,14.5,37.01849,3691.186,35.07586,300.7958,521.5587,1,1,2583.83,2583.513,577.7632,247.9168,825.68,3,57.07501,4.574075e-06,768.605,0,0,95.53721,200,0.1,0.1409989,0.3172331,0,250,0.3172331,2005.75,510.24,0,0,205.2586,11.31867,618.4421,480.078,138.3641,730.704,0,1815.479,0,0,5.234702e-14,4.263256e-14
mpc,2026-01-12 14:45:00,731,14.75,37.10546,3713.886,27.5609,299.1006,524.0642,1,1,2599.72,2599.403,967.4781,371.5359,1339.014,4,55.30203,91.91465,784.9574,0,406.8399,0,301.6785,0.1508393,0.1259371,0.3172331,0,250,0.3172331,1631.925,520.5494,0,0,207.186,3.514741,623.6735,391.4991,232.1744,763.8782,0,1885.152,0,-5.684342e-14,5.095924e-14,4.263256e-14
mpc,2026-01-12 15:00:00,732,15,37.22057,3742.357,44.38763,305.7869,537.151,1,1,2619.65,2619.333,1056.902,400.0005,1456.902,3,54.25595,92.82904,809.8176,0,500,0,426.631,0.2133155,0.1899625,0.3172331,0,250,0.3172331,1562.431,536.2899,0,0,212.9578,0.8611429,630.3695,375.9695,254.3999,776.1773,0,1919.707,0,-5.684342e-14,8.520962e-15,4.263256e-14
mpc,2026-01-12 15:15:00,733,15.25,37.37832,3765.653,49.22807,298.8673,558.111,1,1,2635.957,2635.64,1067.959,404.6418,1472.601,4,56.2165,93.16738,823.2171,0,500,0,551.5639,0.2757819,0.2686433,0.3172331,0,250,0.3172331,1567.681,544.1246,0,0,205.6999,13.98634,636.9531,378.8146,258.1385,786.8362,0,1928.505,0,-5.684342e-14,-1.459943e-13,4.263256e-14
mpc,2026-01-12 15:30:00,734,15.5,37.35432,3766.926,48.83696,300.9111,550.5293,1,1,2636.849,2636.531,1065.939,402.7064,1468.646,3,67.36508,94.1878,809.4567,0,497.6361,0,675.886,0.337943,0.3473117,0.3172331,0,250,0.3172331,1570.592,535.1848,0,0,206.7233,15.34448,636.7623,379.2762,257.4862,785.688,0,1927.974,0,5.684342e-14,1.887379e-15,4.263256e-14
mpc,2026-01-12 15:45:00,735,15.75,37.44326,3753.82,54.07454,295.4838,551.0882,1,1,2627.674,2627.357,1089.054,412.2881,1501.342,4,70.11549,95.11998,836.1065,0,500,0,800.7796,0.4003898,0.4255955,0.3172331,0,250,0.3172331,1538.303,552.2098,0,0,200.3638,0,636.0496,372.3586,263.691,784.6467,0,1914.921,0,-1.705303e-13,-1.789124e-13,4.263256e-14
mpc,2026-01-12 16:00:00,736,16,37.36288,3715.331,65.77827,291.3372,547.0498,1,1,2600.732,2600.415,1083.944,409.3039,1493.248,3,76.26566,92.09407,824.8886,0,500,0,925.6536,0.4628268,0.5042392,0.3172331,0,250,0.3172331,1516.47,545.3314,0,0,199.2431,1.718401,628.1835,366.2898,261.8937,776.0088,0,1895.712,0,-1.705303e-13,-1.407763e-13,4.263256e-14
mpc,2026-01-12 16:15:00,737,16.25,37.3862,3705.272,80.25491,283.8961,520.8732,1,1,2593.691,2593.373,1096.569,413.0438,1509.612,4,91.61089,96.33479,821.6668,0,500,0,1050.508,0.5252539,0.5828705,0.3172331,0,250,0.3172331,1496.805,543.0481,0,0,187.5613,0,626.8711,361.7639,265.1072,774.8077,0,1873.159,0,1.136868e-13,-1.04583e-13,4.263256e-14
mpc,2026-01-12 16:30:00,738,16.5,37.31402,3724.077,94.73724,280.0753,519.7525,1,1,2606.854,2606.536,1087.189,407.8243,1495.013,3,100.7277,96.95203,797.3334,0,500,0,1175.342,0.5876712,0.6614894,0.3172331,0,250,0.3172331,1519.348,527.4264,0,0,183.1232,0,628.8457,366.509,262.3368,774.3332,0,1864.554,0,-5.684342e-14,-2.111644e-13,4.263256e-14
mpc,2026-01-12 16:45:00,739,16.75,37.24402,3698.99,96.32482,280.1342,511.3002,1,1,2589.293,2588.976,632.3108,264.8777,897.1885,4,116.6445,0,780.5439,0,0,95.10111,1151.382,0.5756911,0.7400959,0.3172331,0,250,0.3172331,1956.665,516.7574,0,0,185.0331,0,623.4517,471.1271,152.3246,736.0049,0,1791.192,0,-1.136868e-13,4.396483e-14,4.263256e-14
mpc,2026-01-12 17:00:00,740,17,37.07326,3691.582,120.0513,272.5849,479.8843,1,1,2584.107,2583.79,1066.933,395.1541,1462.088,3,132.1715,91.82967,738.0864,0,500,0,1276.201,0.6381005,0.7250085,0.3172331,0,250,0.3172331,1516.857,489.6568,0,0,180.7552,0,619.4016,363.5853,255.8163,758.7394,0,1829.282,0,0,-1.199041e-14,4.263256e-14
mpc,2026-01-12 17:15:00,741,17.25,37.27082,3662.065,143.4734,269.4986,464.6761,1,1,2563.445,2563.128,1060.23,389.4027,1449.633,4,155.6779,88.3155,705.6394,0,500,0,1401,0.7005,0.803605,0.3172331,0,250,0.3172331,1502.898,467.0157,0,0,181.1832,0,617.6664,362.1258,255.5406,751.5285,0,1815.598,0,-1.705303e-13,1.176836e-14,4.263256e-14
mpc,2026-01-12 17:30:00,742,17.5,37.35637,3646.741,180.3338,267.4317,431.5257,1,1,2552.719,2552.402,1068.376,389.5923,1457.968,3,184.271,88.45769,685.2392,0,500,0,1525.78,0.7628897,0.8821892,0.3172331,0,250,0.3172331,1484.026,453.0453,0,0,178.974,0,616.4798,358.3912,258.0886,747.9835,0,1804.697,0,-1.136868e-13,-1.838529e-13,4.263256e-14
mpc,2026-01-12 17:45:00,743,17.75,37.10819,3593.706,222.2249,263.2661,397.8442,1,1,2515.594,2515.277,1075.758,388.6452,1464.404,4,219.5921,86.14338,658.6682,0,500,0,1650.539,0.8252696,0.960761,0.3172331,0,250,0.3172331,1439.518,436.7856,0,2.632886,177.1227,0,603.5351,345.3657,258.1694,734.0109,0,1778.1,0,-1.705303e-13,-8.85958e-14,4.263256e-14
mpc,2026-01-12 18:00:00,744,18,37.01819,3537.995,259.365,0.6265356,367.4883,1,1,2476.596,2476.279,1020.531,359.6946,1380.225,3,258.2905,0,621.9349,0,500,0,1775.28,0.8876397,1.03932,0.3172331,0,250,0.3172331,1455.748,412.8743,0,1.074604,0.6265356,0,592.771,348.432,244.339,708.1266,0,1419.188,0,1.136868e-13,-4.085621e-13,4.263256e-14
mpc,2026-01-12 18:15:00,745,18.25,36.90261,3497.355,293.569,3.261912,362.0411,1,1,2448.149,2447.832,1035.313,361.4274,1396.741,4,298.5065,0.04704521,598.1872,0,500,0,1900,0.95,1.117868,0.3172331,0,250,0.3172331,1412.518,397.6624,0,0,3.214867,0,584.1844,337.0592,247.1252,698.4866,0,1402.519,0,5.684342e-14,-3.375078e-13,4.263256e-14
mpc,2026-01-12 18:30:00,746,18.5,36.76866,3435.768,325.8328,1.705381,332.6615,0,0,2405.037,2404.72,385.1561,169.7957,554.9518,2,0,0,554.9518,0,0,338.7153,1815.022,0.907511,1.196402,0.3172331,0,250,0.3172331,2019.564,369.515,0,0,0.3255529,0,571.8862,480.2258,91.66048,0,650.0214,3575.68,0,-2.842171e-14,-6.661338e-16,4.263256e-14
mpc,2026-01-12 18:45:00,747,18.75,36.52101,3456.567,340.0636,3.262602,297.0021,0,0,2419.597,2419.28,369.7063,162.9847,532.691,3,0,0,532.691,0,0,371.6227,1721.831,0.8609153,1.142893,0.3172331,0,250,0.3172331,2049.573,355.7481,0,0,0,0,571.6453,484.2249,87.42044,0,647.2096,3559.653,0,0,-1.090239e-13,4.263256e-14
mpc,2026-01-12 19:00:00,748,19,36.54588,3509.727,372.9254,4.703526,279.1663,0,0,2456.809,2456.491,335.0183,147.6925,482.7108,1,0,0,482.7108,0,0,388.3725,1624.466,0.8122333,1.084212,0.3172331,0,250,0.3172331,2121.473,322.2736,0,0,3.344699,0,580.8122,501.5358,79.27641,0,649.2283,3576.525,0,-2.842171e-14,-3.317346e-13,4.263256e-14
mpc,2026-01-12 19:15:00,749,19.25,36.40363,3480.889,394.1194,2.58469,247.3495,0,0,2436.622,2436.305,312.3705,137.7082,450.0787,2,0,0,450.0787,0,0,398.7199,1524.531,0.7622654,1.022903,0.3172331,0,250,0.3172331,2123.935,300.9996,0,0,2.130123,0,573.917,500.2672,73.64982,0,637.9754,3512.539,0,-2.842171e-14,-4.147793e-13,4.263256e-14
mpc,2026-01-12 19:30:00,750,19.5,36.35886,3439.313,403.8636,0,204.8018,0,0,2407.519,2407.202,288.1479,127.0298,415.1777,1,0,0,415.1777,0,0,412.2482,1421.229,0.7106144,0.9599747,0.3172331,0,250,0.3172331,2119.054,277.8075,0,0,0,0,566.405,498.5393,67.86576,0,625.569,3440.63,0,0,6.927792e-14,4.263256e-14
mpc,2026-01-12 19:45:00,751,19.75,36.30569,3433.268,399.6262,4.54563,189.0512,0,0,2403.288,2402.97,266.5785,117.5209,384.0994,2,0,0,384.0994,0,0,405.7196,1319.575,0.6597876,0.8949269,0.3172331,0,250,0.3172331,2136.392,257.1755,0,0,4.211953,0,564.6327,501.9277,62.70497,0,619.4486,3414.233,0,-4.263256e-14,4.138911e-13,4.263256e-14
mpc,2026-01-12 20:00:00,752,20,36.34734,3458.174,377.9473,0,201.7552,0,0,2420.722,2420.405,236.5934,104.302,340.8954,1,0,0,340.8954,0,0,395.5731,1220.474,0.6102371,0.8309171,0.3172331,0,250,0.3172331,2183.811,228.1344,0,0,0,0,569.3415,513.6213,55.72017,0,617.9233,3398.578,0,0,-3.895773e-13,4.263256e-14
mpc,2026-01-12 20:15:00,753,20.25,35.95774,3436.028,355.4502,3.107026,202.2319,0,0,2405.22,2404.902,217.3357,95.81224,313.1479,2,0,0,313.1479,0,0,377.2003,1125.982,0.562991,0.7685147,0.3172331,0,250,0.3172331,2187.566,210.5413,0,0,2.426586,0,560.0504,509.3704,50.68003,0,605.1826,3332.69,0,0,1.567635e-13,4.263256e-14
mpc,2026-01-12 20:30:00,754,20.5,36.02057,3447.244,327.8813,10.10835,182.6894,0,0,2413.071,2412.754,188.0029,82.88089,270.8838,1,0,0,270.8838,0,0,340.0263,1040.798,0.520399,0.7090143,0.3172331,0,250,0.3172331,2224.751,181.9893,0,0,8.897253,0.7001111,562.7843,518.8636,43.92063,0,601.9078,3325.841,0,-1.421086e-14,-3.640421e-13,4.263256e-14
mpc,2026-01-12 20:45:00,755,20.75,36.00659,3420.042,291.6082,9.20477,176.4337,0,0,2394.029,2393.712,175.0552,77.17291,252.2281,1,0,0,252.2281,0,0,309.5004,963.2591,0.4816296,0.6553753,0.3172331,0,250,0.3172331,2218.657,169.484,0,0,7.628966,6.949731,558.1432,517.2569,40.88626,0,596.0501,3291.435,0,-1.421086e-14,2.198242e-14,4.263256e-14
mpc,2026-01-12 21:00:00,756,21,35.88822,3402.608,273.0362,12.31354,157.7132,0,0,2381.825,2381.508,166.2679,73.29904,239.5669,1,0,0,239.5669,0,0,277.2762,893.7885,0.4468942,0.6065502,0.3172331,0,250,0.3172331,2215.24,161.2032,0,0,8.095272,0,553.6173,514.8972,38.72004,0,588.1962,3249.044,0,-1.421086e-14,9.670042e-14,4.263256e-14
mpc,2026-01-12 21:15:00,757,21.25,35.99352,3340.89,241.026,6.797812,129.2508,0,0,2338.623,2338.306,151.5226,66.7986,218.3212,1,0,0,218.3212,0,0,240.599,833.498,0.416749,0.5628055,0.3172331,0,250,0.3172331,2186.783,146.7232,0,1.625829,5.598998,0,545.0431,509.6551,35.38802,0,576.4537,3182.958,0,-1.421086e-14,1.787459e-13,4.263256e-14
mpc,2026-01-12 21:30:00,758,21.5,35.80132,3338.814,219.2842,5.034838,124.6059,0,0,2337.17,2336.853,137.7511,60.72744,198.4785,1,0,0,198.4785,0,0,217.5691,778.9745,0.3894873,0.5248415,0.3172331,0,250,0.3172331,2199.102,133.693,0,3.724861,3.025169,0,542.0336,510.0129,32.02063,0,570.7404,3150.716,0,0,-1.387779e-13,4.263256e-14
mpc,2026-01-12 21:45:00,759,21.75,35.68025,3302.029,191.8503,8.809394,134.2846,0,0,2311.421,2311.103,122.9874,54.21887,177.2063,1,0,0,177.2063,0,0,179.9387,733.8672,0.3669336,0.4905088,0.3172331,0,250,0.3172331,2188.116,119.5359,0,13.50572,7.215271,14.74873,534.4111,505.9025,28.5086,0,563.5314,3135.166,0,-7.105427e-15,2.006173e-13,4.263256e-14
mpc,2026-01-12 22:00:00,760,22,35.34716,3268.16,161.5781,3.504112,117.403,0,0,2287.712,2287.395,0,0,0,0,0,0,0,0,0,151.2095,695.9493,0.3479747,0.4621054,0.3172331,0,250,0.3172331,2287.395,0,0,15.33566,0,117.403,524.4866,524.4139,0.07272966,0,551.33,3058.769,0,0,-7.621681e-14,4.263256e-14
mpc,2026-01-12 22:15:00,761,22.25,35.25241,3226.21,132.0997,0,87.49175,0,0,2258.347,2258.03,104.1838,45.92934,150.1131,1,0,0,150.1131,0,0,128.4266,663.7331,0.3318666,0.4382291,0.3172331,0,250,0.3172331,2153.846,101.7738,0,9.453935,0,0,516.5201,492.619,23.90106,0,538.5484,2978.324,0,-7.105427e-15,6.783463e-14,4.263256e-14
mpc,2026-01-12 22:30:00,762,22.5,35.02425,3248.455,111.7865,0,95.81898,0,0,2273.918,2273.601,0,0,0,0,0,0,0,0,0,109.3746,636.285,0.3181425,0.417943,0.3172331,0,250,0.3172331,2273.601,0,0,7.899898,0,95.81898,517.113,517.0409,0.07214215,0,538.8311,2977.199,0,0,6.733503e-14,4.263256e-14
mpc,2026-01-12 22:45:00,763,22.75,34.71084,3309.506,91.0862,0.6488588,75.78103,0,0,2316.655,2316.337,0,0,0,0,0,0,0,0,0,96.35251,612.0967,0.3060483,0.4006593,0.3172331,0,250,0.3172331,2316.337,0,0,0,0,75.78103,522.7336,522.662,0.07158097,0,539.7613,2968.687,0,0,-1.357248e-13,4.263256e-14
mpc,2026-01-12 23:00:00,764,23,34.72883,3278.587,72.16049,1.110167,58.02046,0,0,2295.011,2294.693,0,0,0,0,0,0,0,0,0,83.65594,591.0863,0.2955432,0.3854283,0.3172331,0,250,0.3172331,2294.693,0,0,0,0,58.02046,518.0811,518.0095,0.07161294,0,531.1072,2921.089,0,0,1.688094e-13,4.263256e-14
mpc,2026-01-12 23:15:00,765,23.25,34.42561,3264.951,58.03678,0,50.35224,0,0,2285.466,2285.149,0,0,0,0,0,0,0,0,0,67.51168,574.1154,0.2870577,0.3721984,0.3172331,0,250,0.3172331,2285.149,0,0,0,0,50.35224,512.0708,511.9998,0.07107777,0,523.2815,2878.048,0,0,-6.133982e-14,4.263256e-14
mpc,2026-01-12 23:30:00,766,23.5,34.16269,3251.005,57.88138,1.973433,38.84523,1,1,2275.704,2275.386,518.1409,161.4601,679.6009,2,62.89878,1.1151,115.5871,0,500,0,699.025,0.3495125,0.361512,0.3172331,0,250,0.3172331,1757.245,79.37345,0,0,0.8583333,0,506.6008,391.1854,115.4154,552.6454,0,1106.772,0,-5.684342e-14,-1.890155e-13,4.263256e-14
mpc,2026-01-12 23:45:00,767,23.75,33.87299,3260.331,45.59099,1.128202,49.9284,1,1,2282.232,2281.914,432.8464,124.6172,557.4636,3,56.51773,0.9458645,0,0,500,0,823.9149,0.4119575,0.4401658,0.3172331,0,250,0.3172331,1849.068,0,0,0,0.1823372,49.9284,504.4753,408.7268,95.74855,544.3804,0,1089.075,0,1.421086e-14,-7.510659e-14,4.263256e-14
mpc,2026-01-13 00:00:00,768,0,33.51224,3281.543,45.4769,0,62.10072,1,1,2297.08,2296.763,432.766,124.6013,557.3673,2,56.35321,1.014105,0,0,500,0,948.7853,0.4743926,0.5188072,0.3172331,0,250,0.3172331,1863.997,0,0,0,0,62.10072,503.3424,408.444,94.89837,546.653,0,1093.306,0,1.421086e-14,-6.894485e-14,4.263256e-14
mpc,2026-01-13 00:15:00,769,0.25,33.32254,3271.316,35.85786,0,39.81126,1,1,2289.922,2289.604,430.9174,124.0181,554.9356,3,54.40474,0.530841,0,0,500,0,1073.636,0.5368179,0.5974362,0.3172331,0,250,0.3172331,1858.687,0,0,0,0,39.81126,499.4898,405.4266,94.06319,538.1286,0,1076.257,0,-2.842171e-14,-6.161738e-14,4.263256e-14
mpc,2026-01-13 00:30:00,770,0.5,33.16207,3253.239,49.7167,0,37.54968,1,1,2277.267,2276.95,388.2836,111.7164,500,1,59.6907,0.1802605,0,0,440.129,0,1183.499,0.5917496,0.6760528,0.3172331,0,250,0.3172331,1888.667,0,0,0,0,37.54968,494.8244,410.3859,84.43857,530.2614,0,1060.523,0,-1.421086e-14,-4.212186e-13,4.263256e-14
mpc,2026-01-13 00:45:00,771,0.75,32.9547,3201.799,49.09535,0.7346408,50.377,1,1,2241.259,2240.942,435.4487,125.7213,561.17,3,56.87957,4.290424,0,0,500,0,1308.313,0.6541564,0.7452321,0.3172331,0,250,0.3172331,1805.494,0,0,0,0,50.377,484.5984,390.3784,94.22,526.9921,0,1053.984,0,2.842171e-14,2.137179e-13,4.263256e-14
mpc,2026-01-13 01:00:00,772,1,32.39924,3224.183,47.99441,5.103145,44.18245,1,1,2256.928,2256.611,437.11,126.3752,563.4851,2,57.53983,5.945284,0,0,500,0,1433.107,0.7165534,0.8238254,0.3172331,0,250,0.3172331,1819.501,0,0,0,0,44.18245,481.6235,388.2775,93.34601,524.0811,0,1048.162,0,1.421086e-14,-1.049161e-13,4.263256e-14
mpc,2026-01-13 01:15:00,773,1.25,32.29291,3227.347,50.93664,0.1646192,63.1439,1,1,2259.143,2258.826,388.2238,111.7762,500,1,52.08814,0.9039243,0,0,447.0079,0,1544.633,0.7723166,0.9024064,0.3172331,0,250,0.3172331,1870.602,0,0,0,0,63.1439,480.8959,398.1885,82.70738,523.4059,0,1046.812,0,-5.684342e-14,7.782663e-14,4.263256e-14
mpc,2026-01-13 01:30:00,774,1.5,32.0156,3180.167,47.90676,0,61.29834,1,1,2226.117,2225.8,431.9553,124.4098,556.3651,2,54.95862,1.406446,0,0,500,0,1669.39,0.834695,0.9726329,0.3172331,0,250,0.3172331,1793.844,0,0,0,0,61.29834,470.8086,379.3859,91.42271,516.7599,0,1033.52,0,2.842171e-14,-4.385381e-13,4.263256e-14
mpc,2026-01-13 01:45:00,775,1.75,31.63496,3158.909,38.46933,0,52.18549,1,1,2211.236,2210.919,429.2316,123.6538,552.8855,2,51.21967,1.665808,0,0,500,0,1794.127,0.8970636,1.05119,0.3172331,0,250,0.3172331,1781.688,0,0,0,0,52.18549,463.5566,373.5074,90.04927,508.1012,0,1016.202,0,5.684342e-14,2.196021e-13,4.263256e-14
mpc,2026-01-13 02:00:00,776,2,31.50277,3146.713,38.82659,0,50.31713,1,1,2202.699,2202.382,374.487,107.9273,482.4143,1,55.92336,1.870367,0,0,424.6205,0,1900,0.95,1.129736,0.3172331,0,250,0.3172331,1827.895,0,0,0,0,50.31713,460.3635,382.0295,78.33398,500.473,0,1000.946,0,0,-2.262635e-13,4.263256e-14
mpc,2026-01-13 02:15:00,777,2.25,31.37453,3154.061,54.20584,0,56.16946,1,1,2207.843,2207.526,0,0,0,0,0,0,0,0,0,55,1885.951,0.9429755,1.196402,0.3172331,0,250,0.3172331,2207.526,0,0,1.342547,0,56.16946,460.0821,460.016,0.06610673,471.7209,0,945.7577,0,0,1.041389e-13,4.263256e-14
mpc,2026-01-13 02:30:00,778,2.5,31.04771,3148.663,56.12745,0,50.14921,1,1,2204.064,2203.747,0,0,0,0,0,0,0,0,0,46.00674,1874.152,0.9370762,1.187556,0.3172331,0,250,0.3172331,2203.747,0,0,10.68863,0,50.14921,455.8795,455.8139,0.06561517,466.1865,0,950.8109,0,0,2.922107e-13,4.263256e-14
mpc,2026-01-13 02:45:00,779,2.75,31.19205,3188.979,64.29977,1.085802,33.76782,1,1,2232.285,2231.968,0,0,0,0,0,0,0,0,0,57.63251,1859.449,0.9297246,1.180126,0.3172331,0,250,0.3172331,2231.968,0,0,7.205104,0.5479592,33.76782,463.238,463.1721,0.06583137,470.1795,0,953.7331,0,0,1.385558e-13,4.263256e-14
mpc,2026-01-13 03:00:00,780,3,30.86576,3176.599,81.34056,2.625941,26.62194,1,1,2223.619,2223.302,172.8854,50.39732,223.2828,1,53.66758,6.240981,0,0,163.3742,0,1900,0.95,1.170868,0.3172331,0,250,0.3172331,2050.417,0,0,27.67298,0,26.62194,458.0281,422.3512,35.67683,478.2322,0,1004.2,0,-1.421086e-14,-3.919087e-13,4.263256e-14
mpc,2026-01-13 03:15:00,781,3.25,30.48741,3179.255,77.0351,4.497642,21.85198,1,1,2225.479,2225.161,0,0,0,0,0,0,0,0,0,67.78227,1882.755,0.9413777,1.196402,0.3172331,0,250,0.3172331,2225.161,0,0,12.8105,0.9399682,21.85198,454.5147,454.4499,0.06478925,458.9128,0,941.5451,0,0,-2.471357e-13,4.263256e-14
mpc,2026-01-13 03:30:00,782,3.5,30.20195,3168.125,72.59726,0,42.54232,1,1,2217.688,2217.371,115.6585,34.34151,150,1,69.76999,1.5245,8.541302,0,70.16421,0,1900,0.95,1.185543,0.3172331,0,250,0.3172331,2101.712,6.135938,0,2.827272,0,36.40639,450.0374,426.5023,23.53506,468.2318,0,941.3407,0,-1.421086e-14,3.752554e-14,4.263256e-14
mpc,2026-01-13 03:45:00,783,3.75,30.26827,3205.902,83.86019,0,33.20427,1,1,2244.132,2243.814,0,0,0,0,0,0,0,0,0,72.67275,1881.533,0.9407664,1.196402,0.3172331,0,250,0.3172331,2243.814,0,0,11.78672,0,33.20427,456.0789,456.0144,0.06447185,462.7626,0,945.8572,0,0,-1.407763e-13,4.263256e-14
mpc,2026-01-13 04:00:00,784,4,30.13955,3207.874,86.98337,0,16.98016,1,1,2245.512,2245.194,116.4391,33.56086,150,1,81.70424,0.6104483,0,0,67.68531,0,1898.158,0.9490789,1.184774,0.3172331,0,250,0.3172331,2128.755,0,0,5.279132,0,16.98016,455.0499,431.3893,23.66052,468.3912,0,945.8889,0,-1.421086e-14,-3.175238e-14,4.263256e-14
mpc,2026-01-13 04:15:00,785,4.25,30.00145,3222.241,87.15722,0,22.44059,1,1,2255.568,2255.251,0,0,0,0,0,0,0,0,0,100.614,1872.706,0.9363528,1.195242,0.3172331,0,250,0.3172331,2255.251,0,0,0,0,22.44059,455.6851,455.621,0.06408956,460.1546,0,920.3092,0,0,6.37268e-14,4.263256e-14
mpc,2026-01-13 04:30:00,786,4.5,29.92055,3249.58,93.87839,6.939322,24.62533,1,1,2274.706,2274.389,161.6536,46.67375,208.3274,1,114.872,1.60813,0,0,91.84723,0,1895.372,0.9476863,1.179215,0.3172331,0,250,0.3172331,2112.735,0,0,0,5.331192,24.62533,458.7267,426.063,32.66372,477.7027,0,964.6018,0,0,-8.992807e-14,4.263256e-14
mpc,2026-01-13 04:45:00,787,4.75,29.78679,3258.305,114.8195,3.683191,23.11357,1,1,2280.813,2280.496,0,0,0,0,0,0,0,0,0,136.5473,1860.937,0.9304687,1.193488,0.3172331,0,250,0.3172331,2280.496,0,0,0,0.1257984,23.11357,458.5975,458.5337,0.06378528,463.1811,0,926.5793,0,0,-4.996004e-14,4.263256e-14
mpc,2026-01-13 05:00:00,788,5,29.65877,3263.619,150.658,0,28.21008,1,1,2284.533,2284.216,0,0,0,0,0,0,0,0,0,170.7402,1817.959,0.9089797,1.171805,0.3172331,0,250,0.3172331,2284.216,0,0,0,0,28.21008,458.0485,457.9849,0.06360518,463.641,0,927.2821,0,0,-2.711165e-13,4.263256e-14
mpc,2026-01-13 05:15:00,789,5.25,29.55539,3293.291,186.6725,0,25.20333,1,1,2305.304,2304.987,0,0,0,0,0,0,0,0,0,196.5251,1768.542,0.8842709,1.144742,0.3172331,0,250,0.3172331,2304.987,0,0,0,0,25.20333,461.1615,461.0981,0.06346048,466.1399,0,932.2797,0,0,-3.519407e-13,4.263256e-14
mpc,2026-01-13 05:30:00,790,5.5,29.64565,3309.247,227.9555,1.951043,25.86929,1,1,2316.473,2316.156,0,0,0,0,0,0,0,0,0,233.6873,1709.842,0.8549208,1.113625,0.3172331,0,250,0.3172331,2316.156,0,0,0,0.2349992,25.86929,464.3182,464.2546,0.06358679,469.4399,0,939.2852,0,0,-1.521005e-13,4.263256e-14
mpc,2026-01-13 05:45:00,791,5.75,29.79219,3317.521,266.557,0.1801196,38.31188,1,1,2322.264,2321.947,0,0,0,0,0,0,0,0,0,288.0378,1637.563,0.8187815,1.076662,0.3172331,0,250,0.3172331,2321.947,0,0,0,0,38.31188,466.9878,466.924,0.0637929,474.6282,0,949.2564,0,0,9.547918e-15,4.263256e-14
mpc,2026-01-13 06:00:00,792,6,29.68393,3313.475,312.4409,0,54.17388,1,1,2319.432,2319.115,0,0,0,0,0,0,0,0,0,334.1577,1553.766,0.7768829,1.031149,0.3172331,0,250,0.3172331,2319.115,0,0,0,0,54.17388,465.304,465.2404,0.0636405,476.1083,0,952.2165,0,0,2.855494e-13,4.263256e-14
mpc,2026-01-13 06:15:00,793,6.25,29.76292,3327.279,358.4761,0,52.94757,1,1,2329.095,2328.778,0,0,0,0,0,0,0,0,0,375.1586,1459.732,0.7298658,0.9783835,0.3172331,0,250,0.3172331,2328.778,0,0,0,0,52.94757,468.0584,467.9946,0.06375163,478.635,0,957.27,0,0,1.023626e-13,4.263256e-14
mpc,2026-01-13 06:30:00,794,6.5,29.92954,3317.998,380.3281,1.266128,49.77705,1,1,2322.599,2322.281,0,0,0,0,0,0,0,0,0,407.9772,1357.507,0.6787537,0.9191715,0.3172331,0,250,0.3172331,2322.281,0,0,0,0,49.77705,468.4783,468.4143,0.0639873,478.4546,0,956.9091,0,0,-3.024248e-13,4.263256e-14
mpc,2026-01-13 06:45:00,795,6.75,29.86799,3371.722,401.617,0,46.76663,1,1,2360.205,2359.888,144.9269,41.69101,186.6179,1,186.6179,0,0,0,0,250.6184,1294.639,0.6473196,0.8548025,0.3172331,0,250,0.3172331,2214.961,0,0,0,0,46.76663,475.4145,446.1581,29.25642,497.2693,0,994.5385,0,-7.105427e-15,1.720846e-13,4.263256e-14
mpc,2026-01-13 07:00:00,796,7,29.90003,3386.067,432.0925,0,39.21154,1,1,2370.247,2369.93,674.0598,194.6875,868.7474,3,435.1401,7.348457,0,0,426.2588,0,1401,0.7005,0.8152153,0.3172331,0,250,0.3172331,1695.87,0,0,0,0,39.21154,477.7763,341.8405,135.9358,544.432,0,1088.864,0,-1.136868e-13,-3.028688e-13,4.263256e-14
mpc,2026-01-13 07:15:00,797,7.25,29.87917,3405.254,432.5036,0,38.1046,1,1,2383.678,2383.36,719.3641,207.7476,927.1117,4,419.5056,7.606163,0,0,500,0,1525.78,0.7628897,0.8821892,0.3172331,0,250,0.3172331,1663.996,0,0,12.99808,0,38.1046,480.2615,335.2607,145.0008,550.6855,0,1123.793,0,5.684342e-14,-1.637579e-13,4.263256e-14
mpc,2026-01-13 07:30:00,798,7.5,29.84273,3395.436,417.9149,5.537208,25.80406,1,1,2376.805,2376.488,476.8296,137.794,614.6236,2,398.0541,5.876917,0,0,210.6926,0,1578.212,0.7891062,0.960761,0.3172331,0,250,0.3172331,1899.658,0,0,19.86084,0,25.80406,478.4903,382.4327,96.05758,525.4215,0,1085.103,0,2.842171e-14,2.872147e-13,4.263256e-14
mpc,2026-01-13 07:45:00,799,7.75,30.00459,3402.181,363.6694,2.822343,37.02633,1,1,2381.527,2381.209,283.237,81.47859,364.7156,1,364.7156,0,0,0,0,5.998859,1576.464,0.7882321,0.9937772,0.3172331,0,250,0.3172331,2097.972,0,0,0,0,37.02633,481.1656,423.876,57.28954,512.8355,0,1025.671,0,-1.421086e-14,1.049161e-13,4.263256e-14
mpc,2026-01-13 08:00:00,800,8,30.0714,3435.298,322.5592,270.3824,43.51982,1,1,2404.709,2404.392,384.2629,130.3008,514.5637,2,328.6939,185.8698,0,0,0,0,1576.216,0.788108,0.9926765,0.3172331,0,250,0.3172331,2020.129,0,0,0,84.51262,43.51982,486.5718,408.7554,77.81642,547.8621,0,1241.508,0,0,1.496581e-13,4.263256e-14
mpc,2026-01-13 08:15:00,801,8.25,30.33083,3396.35,282.1563,267.4448,66.75045,1,1,2377.445,2377.128,549.8068,178.365,728.1718,2,284.8692,190.0303,0,0,253.2723,0,1639.286,0.819643,0.9925202,0.3172331,0,250,0.3172331,1827.321,0,0,0,77.41448,66.75045,483.8491,371.8899,111.9593,563.8397,0,1261.219,0,-5.684342e-14,-1.254552e-14,4.263256e-14
mpc,2026-01-13 08:30:00,802,8.5,30.51587,3413.178,236.101,267.8636,48.70159,1,1,2389.225,2388.907,116.4895,33.51046,150,1,150,0,0,0,0,261.871,1573.56,0.7867801,1.032234,0.3172331,0,250,0.3172331,2272.418,0,0,11.19646,80.89715,48.70159,488.269,464.398,23.87098,507.8613,0,1174.584,0,-1.421086e-14,2.811085e-13,4.263256e-14
mpc,2026-01-13 08:45:00,803,8.75,30.77039,3420.872,200.5403,265.5182,80.61095,1,1,2394.61,2394.293,224.1332,75.86683,300,2,192.857,0,107.143,0,0,188.3956,1526.214,0.7631068,0.9908478,0.3172331,0,250,0.3172331,2170.16,76.48261,0,7.683246,77.12264,4.128338,492.1857,446.0524,46.1333,522.7678,0,1191.826,0,-2.842171e-14,7.605028e-14,4.263256e-14
mpc,2026-01-13 09:00:00,804,9,30.94361,3418.111,164.7218,272.5178,93.28269,1,1,2392.678,2392.36,116.4895,33.51046,150,1,150,0,0,0,0,190.2501,1478.411,0.7392054,0.9610344,0.3172331,0,250,0.3172331,2275.871,0,0,13.13561,83.85398,93.28269,493.7221,469.6194,24.10274,522.3785,0,1212.064,0,-1.421086e-14,3.38507e-13,4.263256e-14
mpc,2026-01-13 09:15:00,805,9.25,31.08315,3467.533,136.4939,273.6639,103.6664,1,1,2427.273,2426.956,114.248,35.75201,150,1,122.85,0,27.15004,0,0,188.7699,1430.986,0.7154928,0.9309336,0.3172331,0,250,0.3172331,2312.708,19.31277,0,13.64392,84.89396,84.35364,502.4521,478.7368,23.71531,531.9503,0,1233.878,0,0,1.255662e-13,4.263256e-14
mpc,2026-01-13 09:30:00,806,9.5,31.30406,3473.022,117.8103,279.8208,108.2936,1,1,2431.115,2430.798,112.2408,37.75922,150,1,98.53841,0,51.46159,0,0,194.7228,1382.08,0.6910399,0.9010707,0.3172331,0,250,0.3172331,2318.557,36.51547,0,19.27186,85.098,71.77813,505.7917,482.3741,23.41761,535.0667,0,1250.171,0,-7.105427e-15,-3.673728e-13,4.263256e-14
mpc,2026-01-13 09:45:00,807,9.75,31.54469,3474.193,82.33292,285.7629,110.4029,1,1,2431.935,2431.618,0,0,0,0,0,0,0,0,0,277.0908,1312.589,0.6562947,0.8702753,0.3172331,0,250,0.3172331,2431.618,0,0,1.539393,89.46565,110.4029,508.7642,508.6978,0.06636559,531.7943,0,1220.572,0,0,1.715295e-13,4.263256e-14
mpc,2026-01-13 10:00:00,808,10,31.70164,3532.505,73.46959,286.4294,106.4339,1,1,2472.753,2472.436,0,0,0,0,0,0,0,0,0,270.7555,1244.694,0.622347,0.8265183,0.3172331,0,250,0.3172331,2472.436,0,0,0,89.75772,106.4339,519.1785,519.1119,0.06660616,541.4587,0,1237.749,0,0,1.655343e-13,4.263256e-14
mpc,2026-01-13 10:15:00,809,10.25,32.01359,3507.23,55.86637,291.6426,132.2618,1,1,2455.061,2454.744,0,0,0,0,0,0,0,0,0,267.7433,1177.562,0.5887811,0.7837655,0.3172331,0,250,0.3172331,2454.744,0,0,0,95.00749,132.2618,519.2046,519.1375,0.06708951,547.1086,0,1258.105,0,0,1.353362e-13,4.263256e-14
mpc,2026-01-13 10:30:00,810,10.5,32.37164,3566.975,56.47297,287.9484,137.4078,1,1,2496.883,2496.566,0,0,0,0,0,0,0,0,0,261.9572,1111.888,0.5559437,0.7414936,0.3172331,0,250,0.3172331,2496.566,0,0,0,90.69145,137.4078,532.4844,532.4167,0.06765302,561.7202,0,1279.883,0,0,3.854694e-13,4.263256e-14
mpc,2026-01-13 10:45:00,811,10.75,32.656,3618.941,64.12364,296.4683,188.8668,1,1,2533.259,2532.941,0,0,0,0,0,0,0,0,0,265.2935,1045.389,0.5226945,0.7001392,0.3172331,0,250,0.3172331,2532.941,0,0,0,96.48374,188.8668,543.8699,543.8018,0.06810734,584.3499,0,1335.134,0,0,1.69198e-13,4.263256e-14
mpc,2026-01-13 11:00:00,812,11,33.14547,3581.942,59.066,293.4189,218.513,1,0,2507.359,2507.042,0,0,0,0,0,0,0,0,0,261.8068,979.7728,0.4898864,0.6582662,0.3172331,0,250,0.3172331,2507.042,0,0,0,92.49577,218.513,544.6047,544.5358,0.06890382,591.9974,0,1343.55,0,0,-2.386979e-14,4.263256e-14
mpc,2026-01-13 11:15:00,813,11.25,33.32874,3602.844,44.07695,293.6559,221.6269,1,0,2521.991,2521.674,0,0,0,0,0,0,0,0,0,256.0322,915.6105,0.4578053,0.6169486,0.3172331,0,250,0.3172331,2521.674,0,0,0,93.61805,221.6269,550.192,550.1227,0.06920687,598.4724,0,1358.436,0,0,-2.380318e-13,4.263256e-14
mpc,2026-01-13 11:30:00,814,11.5,33.66418,3635.606,35.48739,293.4114,250.9585,1,0,2544.924,2544.607,0,0,0,0,0,0,0,0,0,254.1538,851.9279,0.425964,0.5765465,0.3172331,0,250,0.3172331,2544.607,0,0,0,90.94412,250.9585,559.7003,559.6305,0.06976847,614.8233,0,1386.525,0,0,1.872946e-13,4.263256e-14
mpc,2026-01-13 11:45:00,815,11.75,33.87769,3683.209,39.83282,295.8016,264.9884,0,0,2578.246,2577.929,286.154,126.1507,412.3047,2,0,0,412.3047,0,0,261.4214,786.4384,0.3932192,0.5364465,0.3172331,0,250,0.3172331,2291.775,284.0691,0,0,90.63148,0,569.9729,506.6427,63.3302,0,632.7935,3636.703,0,-4.263256e-14,3.608225e-14,4.263256e-14
mpc,2026-01-13 12:00:00,816,12,34.17444,3682.51,38.42181,294.1021,280.8481,0,0,2577.757,2577.44,302.6565,133.4258,436.0823,1,0,0,436.0823,0,0,249.3585,723.975,0.3619875,0.4952088,0.3172331,0,250,0.3172331,2274.783,299.416,0,0,88.75873,0,574.007,506.5418,67.46525,0,639.9676,3672.93,0,-2.842171e-14,1.630918e-13,4.263256e-14
mpc,2026-01-13 12:15:00,817,12.25,34.33002,3693.023,54.76264,299.2033,307.1803,0,0,2585.116,2584.799,334.4083,147.4236,481.8319,1,0,0,481.8319,0,0,257.8303,659.4035,0.3297017,0.4558765,0.3172331,0,250,0.3172331,2250.391,330.2282,0,4.563972,91.57173,0,577.8478,503.027,74.82078,0,650.4506,3743.313,0,-2.842171e-14,-1.921796e-13,4.263256e-14
mpc,2026-01-13 12:30:00,818,12.5,34.73666,3726.448,51.53706,300.5697,324.2713,0,0,2608.514,2608.197,347.0176,152.9824,500,1,0,0,500,0,0,258.9016,594.5743,0.2972871,0.4152167,0.3172331,0,250,0.3172331,2261.179,341.0534,0,0,93.56653,0,588.9666,510.5432,78.42343,0,663.5256,3810.793,0,0,2.065015e-13,4.263256e-14
mpc,2026-01-13 12:45:00,819,12.75,35.0145,3710.693,65.84386,311.379,362.4736,0,0,2597.485,2597.168,385.1363,169.787,554.9233,2,0,0,554.9233,0,0,269.0014,527.2303,0.2636152,0.3743947,0.3172331,0,250,0.3172331,2212.032,377.2835,0,5.752094,102.4694,0,590.5517,502.9169,87.63485,0,672.7038,3886.553,0,0,8.21565e-14,4.263256e-14
mpc,2026-01-13 13:00:00,820,13,35.41854,3737.359,61.51818,309.5432,410.5425,0,0,2616.151,2615.834,347.0176,152.9824,500,1,0,0,500,0,0,262.6571,461.4831,0.2307415,0.3319892,0.3172331,0,250,0.3172331,2268.816,338.3259,0,4.815945,103.5884,72.2167,600.8669,521.0925,79.77445,0,690.6613,3985.635,0,0,7.227552e-14,4.263256e-14
mpc,2026-01-13 13:15:00,821,13.25,35.49405,3772.329,50.03007,307.7796,435.2324,0,0,2640.63,2640.313,438.9423,193.5073,632.4496,4,0,0,632.4496,0,0,254.779,397.7157,0.1988578,0.2905891,0.3172331,0,250,0.3172331,2201.371,427.5661,0,0,103.6136,7.666379,607.6485,506.5683,101.0802,0,701.8398,4038.852,0,0,2.714495e-14,4.263256e-14
mpc,2026-01-13 13:30:00,822,13.5,35.66486,3743.271,67.88589,309.1123,444.6749,0,0,2620.289,2619.972,459.7663,202.6875,662.4538,2,0,0,662.4538,0,0,246.3646,336.0619,0.168031,0.2504357,0.3172331,0,250,0.3172331,2160.206,446.9451,0,25.28142,105.3522,0,605.5862,499.2543,106.3319,0,701.9419,4086.023,0,-5.684342e-14,4.335421e-14,4.263256e-14
mpc,2026-01-13 13:45:00,823,13.75,35.77614,3754.512,60.92609,302.7379,456.4789,0,0,2628.158,2627.841,484.2785,213.4937,697.7722,2,0,0,697.7722,0,0,248.0325,274.0009,0.1370005,0.2116133,0.3172331,0,250,0.3172331,2143.563,470.1525,0,19.24687,96.38464,0,609.1279,496.8132,112.3147,0,710.3069,4106.153,0,-5.684342e-14,2.495226e-14,4.263256e-14
mpc,2026-01-13 14:00:00,824,14,35.92644,3756.401,70.10333,298.1113,476.5275,0,1,2629.481,2629.163,551.1483,237.812,788.9603,2,43.38609,0,745.5743,0,0,207.4374,222.0984,0.1110492,0.1725344,0.3172331,0,250,0.3172331,2078.015,501.4646,0,26.71724,90.67384,0,611.7787,483.4739,128.3048,0,721.286,4169.572,0,-1.136868e-13,-5.767609e-14,4.263256e-14
mpc,2026-01-13 14:15:00,825,14.25,36.04637,3726.617,76.68969,296.005,496.2567,0,1,2608.632,2608.315,1096.515,417.7251,1514.24,4,52.06094,206.469,755.7104,0,500,0,347.0635,0.1735317,0.1398521,0.3172331,0,250,0.3172331,1511.8,507.557,0,24.62875,89.53604,0,608.7966,352.8204,255.9762,0,770.5455,4434.935,0,1.136868e-13,-1.338374e-13,4.263256e-14
mpc,2026-01-13 14:30:00,826,14.5,36.23061,3732.314,69.14493,286.1654,518.5715,0,1,2612.62,2612.302,1086.046,413.9541,1500,3,44.96266,206.5476,748.4897,0,500,0,472.0088,0.2360044,0.2185408,0.3172331,0,250,0.3172331,1526.256,501.6042,0,24.18227,79.61779,16.96732,612.6247,357.887,254.7378,0,775.8197,4446.063,0,-5.684342e-14,1.089962e-13,4.263256e-14
mpc,2026-01-13 14:45:00,827,14.75,36.41627,3723.748,71.11396,289.8274,536.367,1,1,2606.624,2606.307,1107.721,424.1093,1531.83,4,39.92089,203.9269,787.9825,0,500,0,596.9345,0.2984673,0.297217,0.3172331,0,250,0.3172331,1498.586,526.9002,0,31.19307,85.9005,9.466779,614.1599,353.0894,261.0705,779.4292,0,1760.845,0,5.684342e-14,-1.499911e-13,4.263256e-14
mpc,2026-01-13 15:00:00,828,15,36.58586,3700.133,75.82371,286.3971,538.5298,1,1,2590.093,2589.776,1086.358,413.642,1500,3,48.74293,208.0479,743.2092,0,500,0,721.8406,0.3609203,0.3758809,0.3172331,0,250,0.3172331,1503.418,495.9533,0,27.08078,78.34924,42.57653,612.9593,355.7919,257.1674,779.5098,0,1740.887,0,-5.684342e-14,-1.643685e-13,4.263256e-14
mpc,2026-01-13 15:15:00,829,15.25,36.67492,3689.619,83.82794,292.1688,536.7272,1,1,2582.733,2582.416,1150.269,441.3904,1591.659,4,52.32953,204.4026,834.9272,0,500,0,846.7269,0.4233635,0.4545324,0.3172331,0,250,0.3172331,1432.147,556.563,0,31.49841,87.76618,0,612.6378,339.7128,272.925,781.1032,0,1767.938,0,1.705303e-13,-1.76692e-13,4.263256e-14
mpc,2026-01-13 15:30:00,830,15.5,36.84727,3661.808,78.91956,284.7822,549.6038,1,1,2563.265,2562.948,1087.046,412.9535,1500,3,57.08217,206.0354,736.8825,0,500,0,971.5936,0.4857968,0.5331715,0.3172331,0,250,0.3172331,1475.902,490.1903,0,21.83739,78.74686,59.41349,610.7667,351.6731,259.0935,778.7835,0,1731.075,0,-1.136868e-13,1.728617e-13,4.263256e-14
mpc,2026-01-13 15:45:00,831,15.75,37.09374,3672.197,72.32181,284.4417,538.7646,1,1,2570.538,2570.22,1156.976,443.2891,1600.265,4,61.22336,203.4532,835.5882,0,500,0,1096.441,0.5482203,0.6117983,0.3172331,0,250,0.3172331,1413.245,554.2039,0,11.09845,80.98848,0,616.482,338.933,277.549,782.2221,0,1723.294,0,-5.684342e-14,-4.265477e-13,4.263256e-14
mpc,2026-01-13 16:00:00,832,16,37.09188,3677.155,89.2861,272.9596,524.0627,1,1,2574.009,2573.691,1088.144,411.8559,1500,3,70.37686,199.799,729.8241,0,500,0,1221.268,0.610634,0.6904126,0.3172331,0,250,0.3172331,1485.547,484.0668,0,18.90924,73.16057,39.99593,617.2841,356.2555,261.0286,777.703,0,1714.226,0,5.684342e-14,4.451994e-14,4.263256e-14
mpc,2026-01-13 16:15:00,833,16.25,37.19326,3686.423,102.1887,265.6871,506.2369,1,1,2580.496,2580.179,623.7382,264.8287,888.5669,4,85.28739,0,803.2795,0,0,197.7023,1171.65,0.5858251,0.7690146,0.3172331,0,250,0.3172331,1956.441,532.1357,0,16.90129,67.98476,0,620.4992,470.4405,150.0587,735.2692,0,1616.967,0,-5.684342e-14,2.302603e-13,4.263256e-14
mpc,2026-01-13 16:30:00,834,16.5,37.26852,3672.684,99.05963,271.9926,485.4709,1,1,2570.879,2570.561,624.619,263.7882,888.4072,3,97.29804,0,791.1091,0,0,195.849,1122.504,0.5612518,0.737771,0.3172331,0,250,0.3172331,1945.942,523.597,0,1.761591,76.14366,0,619.4198,468.8496,150.5703,732.6378,0,1599.662,0,5.684342e-14,-1.616485e-13,4.263256e-14
mpc,2026-01-13 16:45:00,835,16.75,37.39778,3660.579,127.8177,274.8782,479.3777,1,1,2562.405,2562.088,620.514,261.0324,881.5464,4,105.2518,0,776.2946,0,0,195.0921,1073.554,0.5367769,0.706824,0.3172331,0,250,0.3172331,1941.574,512.9893,0,22.56589,79.78617,0,619.5004,469.405,150.0954,730.4374,0,1637.432,0,-5.684342e-14,-2.930989e-13,4.263256e-14
mpc,2026-01-13 17:00:00,836,17,37.43999,3626.612,138.6179,270.162,465.5288,1,1,2538.628,2538.311,1123.653,420.9827,1544.636,4,125.2479,189.4585,729.9298,0,500,0,1198.385,0.5991924,0.6760011,0.3172331,0,250,0.3172331,1414.658,482.1041,0,13.36994,80.70354,0,614.4418,342.3994,272.0424,763.3821,0,1689.041,0,-1.136868e-13,-2.200462e-13,4.263256e-14
mpc,2026-01-13 17:15:00,837,17.25,37.4715,3627.128,164.8059,271.5722,438.1794,1,1,2538.989,2538.672,1121.372,417.1881,1538.56,4,148.6918,186.2114,703.6567,0,500,0,1323.196,0.6615981,0.7546054,0.3172331,0,250,0.3172331,1417.3,464.5739,0,16.11413,85.36078,0,615.0452,343.327,271.7181,760.5151,0,1696.074,0,-1.136868e-13,-1.655343e-13,4.263256e-14
mpc,2026-01-13 17:30:00,838,17.5,37.35902,3589.954,192.757,270.3836,431.7007,1,1,2512.968,2512.651,604.5774,244.8922,849.4696,3,181.871,0,667.5986,0,0,185.2022,1276.687,0.6383437,0.8331972,0.3172331,0,250,0.3172331,1908.073,441.368,0,10.886,85.18139,0,606.9226,460.8307,146.0919,705.7229,0,1577.162,0,-1.136868e-13,3.93463e-13,4.263256e-14
mpc,2026-01-13 17:45:00,839,17.75,37.36289,3587.405,226.3289,274.5994,405.5545,1,1,2511.183,2510.866,1120.913,408.4063,1529.319,4,220.8127,181.8972,626.6094,0,500,0,1401.486,0.7007432,0.8039113,0.3172331,0,250,0.3172331,1389.953,414.2495,0,5.516156,92.70219,0,606.5541,335.7309,270.8232,744.1372,0,1657.701,0,-1.136868e-13,-3.945733e-13,4.263256e-14
mpc,2026-01-13 18:00:00,840,18,37.22682,3554.558,262.8121,2.360855,375.0312,1,1,2488.191,2487.874,995.0544,348.4136,1343.468,4,258.7084,0.3445946,584.415,0,500,0,1526.266,0.7631329,0.8824954,0.3172331,0,250,0.3172331,1492.819,386.9911,0,4.103747,2.016261,0,598.8354,359.2783,239.5571,707.6919,0,1425.941,0,1.136868e-13,-3.408385e-13,4.263256e-14
mpc,2026-01-13 18:15:00,841,18.25,37.26231,3516.095,291.1694,0.9454636,351.3346,1,1,2461.266,2460.949,1013.91,352.301,1366.211,4,295.9054,1.817574,568.4877,0,500,0,1651.025,0.8255127,0.9610672,0.3172331,0,250,0.3172331,1447.039,376.2829,0,0,0,0,592.9125,348.5879,244.3245,700.889,0,1401.778,0,2.273737e-13,3.178569e-13,4.263256e-14
mpc,2026-01-13 18:30:00,842,18.5,37.19936,3512.116,333.9583,2.783019,322.0183,0,0,2458.481,2458.164,363.7871,160.3752,524.1623,2,0,0,524.1623,0,0,332.6759,1567.597,0.7837983,1.039627,0.3172331,0,250,0.3172331,2094.377,347.2078,0,2.855715,1.209723,0,591.2554,503.6897,87.56571,0,664.0649,3659.37,0,-2.842171e-14,1.352252e-13,4.263256e-14
mpc,2026-01-13 18:45:00,843,18.75,37.13853,3537.982,365.377,1.954411,298.2219,0,0,2476.588,2476.27,335.8832,148.0738,483.9571,3,0,0,483.9571,0,0,356.185,1478.304,0.7391518,0.9870926,0.3172331,0,250,0.3172331,2140.387,320.8112,0,12.59186,0,0,594.6528,513.9278,80.72502,0,662.0016,3662.73,0,-2.842171e-14,2.299272e-13,4.263256e-14
mpc,2026-01-13 19:00:00,844,19,36.94021,3534.76,389.955,9.975625,287.1815,0,0,2474.332,2474.015,310.2236,136.7618,446.9854,1,0,0,446.9854,0,0,382.5022,1382.445,0.6912227,0.9308661,0.3172331,0,250,0.3172331,2163.791,297.0121,0,10.69436,6.734075,0,591.0155,516.8401,74.17536,0,653.6019,3624.875,0,0,1.978417e-13,4.263256e-14
mpc,2026-01-13 19:15:00,845,19.25,36.948,3494.598,410.6434,10.71591,282.4503,0,0,2446.219,2445.901,281.6396,124.1605,405.8001,1,0,0,405.8001,0,0,397.5376,1282.843,0.6414216,0.8705055,0.3172331,0,250,0.3172331,2164.262,269.6201,0,14.72224,9.099498,12.83024,584.4201,517.0585,67.3616,0,644.2842,3584.656,0,1.421086e-14,4.160006e-13,4.263256e-14
mpc,2026-01-13 19:30:00,846,19.5,36.9242,3434.646,420.3227,6.274585,272.1309,0,0,2404.252,2403.935,246.3806,108.6167,354.9972,1,0,0,354.9972,0,0,407.7201,1180.711,0.5903557,0.8077876,0.3172331,0,250,0.3172331,2157.555,235.9334,0,12.83079,6.04635,36.19748,574.035,515.1339,58.90113,0,632.3929,3510.724,0,-1.421086e-14,3.849143e-13,4.263256e-14
mpc,2026-01-13 19:45:00,847,19.75,36.90608,3380.747,411.2692,10.2131,255.1089,0,0,2366.523,2366.206,227.4557,100.2736,327.7293,2,0,0,327.7293,0,0,405.0039,1079.274,0.5396372,0.7434766,0.3172331,0,250,0.3172331,2138.75,217.8585,0,8.905597,7.572798,37.25037,564.7579,510.4011,54.35678,0,619.5643,3436.029,0,0,6.195045e-14,4.263256e-14
mpc,2026-01-13 20:00:00,848,20,37.04947,3381.657,394.8581,5.39732,237.16,0,0,2367.16,2366.843,221.3803,97.59529,318.9756,1,0,0,318.9756,0,0,385.9782,982.61,0.491305,0.6796033,0.3172331,0,250,0.3172331,2145.463,211.6735,0,9.155576,5.121718,25.48643,567.0445,513.9376,53.10682,0,617.6381,3421.638,0,-1.421086e-14,-3.230749e-14,4.263256e-14
mpc,2026-01-13 20:15:00,849,20.25,36.87845,3376.738,365.8739,0,215.0391,0,0,2363.717,2363.4,212.5864,93.7185,306.3049,1,0,0,306.3049,0,0,367.1539,890.6669,0.4453334,0.6187351,0.3172331,0,250,0.3172331,2150.813,203.6843,0,0.7534566,0,11.35482,563.6794,512.908,50.77147,0,609.3343,3352.638,0,0,1.620926e-14,4.263256e-14
mpc,2026-01-13 20:30:00,850,20.5,36.85789,3315.44,340.7497,1.711608,203.4387,0,0,2320.808,2320.491,188.5157,83.10697,271.6227,1,0,0,271.6227,0,0,338.9542,805.7881,0.4028941,0.5608399,0.3172331,0,250,0.3172331,2131.975,180.6662,0,7.925771,0,22.77248,553.1486,508.1415,45.00703,0,596.6762,3295.391,0,-2.842171e-14,-7.305268e-14,4.263256e-14
mpc,2026-01-13 20:45:00,851,20.75,36.65031,3310.677,305.3324,3.179335,183.2502,0,0,2317.474,2317.157,179.1281,78.96844,258.0965,1,0,0,258.0965,0,0,304.9076,729.4344,0.3647172,0.507393,0.3172331,0,250,0.3172331,2138.029,172.0981,0,6.198309,0,11.15209,549.3641,506.8261,42.53804,0,588.4382,3247.102,0,0,1.74305e-14,4.263256e-14
mpc,2026-01-13 21:00:00,852,21,36.49901,3337.277,257.7147,1.754757,170.2246,0,0,2336.094,2335.777,164.2755,72.42069,236.6961,1,0,0,236.6961,0,0,281.935,658.8358,0.3294179,0.4593141,0.3172331,0,250,0.3172331,2171.501,158.1149,0,0,0,12.10965,551.6018,512.7379,38.86386,0,588.018,3234.099,0,0,2.432499e-13,4.263256e-14
mpc,2026-01-13 21:15:00,853,21.25,36.33278,3327.758,230.9021,3.415692,150.5815,0,0,2329.431,2329.114,141.3829,62.32851,203.7114,1,0,0,203.7114,0,0,244.5887,597.5849,0.2987925,0.4148593,0.3172331,0,250,0.3172331,2187.731,136.3517,0,0,0,14.22974,547.6639,514.3493,33.31459,0,580.0234,3190.128,0,0,-6.52256e-14,4.263256e-14
mpc,2026-01-13 21:30:00,854,21.5,36.14323,3318.28,191.7747,0,133.1274,0,0,2322.796,2322.479,132.4961,58.41079,190.9069,1,0,0,190.9069,0,0,221.3531,542.1526,0.2710763,0.3762905,0.3172331,0,250,0.3172331,2189.983,128.0707,0,0,0,5.056725,543.4402,512.3673,31.07295,0,571.9611,3145.786,0,0,-1.887934e-13,4.263256e-14
mpc,2026-01-13 21:45:00,855,21.75,35.99582,3279.569,176.629,0,128.1426,0,0,2295.699,2295.381,131.3083,57.88717,189.1955,1,0,0,189.1955,0,0,191.3203,494.2372,0.2471186,0.3413855,0.3172331,0,250,0.3172331,2164.073,127.1457,0,0,0,0.9968409,535.0705,504.3918,30.67866,0,562.5113,3093.812,0,-2.131628e-14,7.105427e-14,4.263256e-14
mpc,2026-01-13 22:00:00,856,22,35.71448,3295.789,163.3408,0,106.1677,0,0,2307.052,2306.735,112.0793,49.41007,161.4894,1,0,0,161.4894,0,0,158.7416,454.474,0.227237,0.3112139,0.3172331,0,250,0.3172331,2194.656,108.8897,0,8.781811,0,0,533.8661,507.8568,26.00925,0,557.2669,3080.117,0,-1.421086e-14,-7.649437e-14,4.263256e-14
mpc,2026-01-13 22:15:00,857,22.25,35.47207,3270.887,141.4919,0.5733126,120.4506,0,0,2289.621,2289.304,0,0,0,0,0,0,0,0,0,130.3876,421.8055,0.2109028,0.2861756,0.3172331,0,250,0.3172331,2289.304,0,0,13.71753,0,120.4506,526.583,526.5101,0.07295948,0,554.2121,3071.829,0,0,1.230682e-13,4.263256e-14
mpc,2026-01-13 22:30:00,858,22.5,35.28838,3253.456,109.5144,1.88777,81.7911,0,0,2277.419,2277.102,0,0,0,0,0,0,0,0,0,110.6824,394.0685,0.1970343,0.2656048,0.3172331,0,250,0.3172331,2277.102,0,0,1.320444,0,81.7911,521.3541,521.2814,0.07262201,0,540.0053,2972.307,0,0,3.824718e-14,4.263256e-14
mpc,2026-01-13 22:45:00,859,22.75,35.2569,3283.605,94.08306,3.55774,53.19599,0,0,2298.523,2298.206,0,0,0,0,0,0,0,0,0,93.74942,370.5691,0.1852846,0.2481392,0.3172331,0,250,0.3172331,2298.206,0,0,2.564655,1.326729,53.19599,525.7683,525.6957,0.07256446,0,537.8639,2964.964,0,0,2.8616e-14,4.263256e-14
mpc,2026-01-13 23:00:00,860,23,34.88198,3250.19,73.65605,3.00355,44.88072,0,0,2275.133,2274.816,0,0,0,0,0,0,0,0,0,77.80463,351.0596,0.1755298,0.2333419,0.3172331,0,250,0.3172331,2274.816,0,0,0,1.529476,44.88072,515.5545,515.4826,0.07188633,0,525.6528,2893.729,0,0,-1.096345e-14,4.263256e-14
mpc,2026-01-13 23:15:00,861,23.25,34.3813,3243.994,60.86768,0,51.88253,0,0,2270.796,2270.479,0,0,0,0,0,0,0,0,0,62.1341,335.4708,0.1677354,0.2210571,0.3172331,0,250,0.3172331,2270.479,0,0,0,0,51.88253,508.2289,508.1579,0.07100023,0,519.7698,2858.734,0,0,6.44762e-14,4.263256e-14
mpc,2026-01-13 23:30:00,862,23.5,34.05496,3243.44,50.55658,0,38.86096,1,1,2270.408,2270.091,493.9982,151.1652,645.1634,2,59.9704,1.598883,83.59408,0,500,0,460.418,0.230209,0.2112411,0.3172331,0,250,0.3172331,1776.093,57.47597,0,0,0,0,504.0921,394.3407,109.7514,545.5059,0,1091.012,0,-5.684342e-14,5.326295e-14,4.263256e-14
mpc,2026-01-13 23:45:00,863,23.75,33.80421,3252.811,49.3436,0,54.55501,1,1,2276.968,2276.65,428.0967,123.2608,551.3575,3,50.31748,1.04002,0,0,500,0,585.3456,0.2926728,0.2899185,0.3172331,0,250,0.3172331,1848.554,0,0,0,0,54.55501,502.4714,407.9309,94.54054,543.2306,0,1086.461,0,2.842171e-14,-1.476041e-13,4.263256e-14
mpc,2026-01-14 00:00:00,864,0,33.56548,3290.079,50.29958,0,56.31764,1,1,2303.055,2302.738,427.688,123.0809,550.7688,2,50.31566,0.453171,0,0,500,0,710.2534,0.3551267,0.3685835,0.3172331,0,250,0.3172331,1875.05,0,0,0,0,56.31764,505.3001,411.3939,93.90615,546.8311,0,1093.662,0,-1.421086e-14,-1.187939e-14,4.263256e-14
mpc,2026-01-14 00:15:00,865,0.25,33.3179,3278.628,49.70776,3.290661,50.23606,1,1,2295.039,2294.722,422.5763,121.5871,544.1634,3,43.92915,0.2342235,0,0,500,0,835.1416,0.4175708,0.4472362,0.3172331,0,250,0.3172331,1872.146,0,0,5.778608,3.056437,50.23606,500.5504,408.3169,92.2335,540.8605,0,1096.961,0,0,1.904032e-14,4.263256e-14
mpc,2026-01-14 00:30:00,866,0.5,33.21527,3283.298,52.37677,0,32.73256,1,1,2298.309,2297.992,430.445,123.8321,554.2771,3,54.21805,0.059001,0,0,500,0,960.0101,0.4800051,0.5258764,0.3172331,0,250,0.3172331,1867.546,0,0,0,0,32.73256,500.0323,406.3134,93.71893,537.2669,0,1074.534,0,0,1.061373e-13,4.263256e-14
mpc,2026-01-14 00:45:00,867,0.75,33.08792,3270.604,44.06358,0,55.22697,1,1,2289.423,2289.106,430.7872,124.1736,554.9609,3,52.61477,2.346083,0,0,500,0,1084.859,0.5424295,0.6045043,0.3172331,0,250,0.3172331,1858.319,0,0,0,0,55.22697,496.5856,403.0772,93.50839,539.2298,0,1078.46,0,4.263256e-14,-1.237899e-13,4.263256e-14
mpc,2026-01-14 01:00:00,868,1,32.83093,3218.673,54.91031,0,61.38206,1,1,2253.072,2252.754,387.8427,112.1573,500,1,52.16797,5.519812,0,0,442.3122,0,1195.266,0.5976331,0.6831198,0.3172331,0,250,0.3172331,1864.911,0,0,2.74234,0,61.38206,485.7226,402.0421,83.68046,527.4322,0,1059.595,0,-4.263256e-14,-2.1394e-13,4.263256e-14
mpc,2026-01-14 01:15:00,869,1.25,32.52604,3250.058,62.01055,3.794188,52.49354,1,1,2275.041,2274.724,428.4377,123.2973,551.735,3,51.27418,0.4608121,0,0,500,0,1320.078,0.6600391,0.7526417,0.3172331,0,250,0.3172331,1846.286,0,0,10.73637,3.333375,52.49354,486.9382,395.1696,91.76851,529.7024,0,1083.675,0,0,-3.094192e-13,4.263256e-14
mpc,2026-01-14 01:30:00,870,1.5,32.24579,3265.015,54.09026,4.225167,62.83973,1,1,2285.511,2285.194,428.3191,123.2781,551.5972,2,50.99628,0.6009385,0,0,500,0,1444.87,0.7224352,0.8312338,0.3172331,0,250,0.3172331,1856.874,0,0,3.093977,3.624229,62.83973,485.9725,394.8308,91.14176,531.4706,0,1074.53,0,5.684342e-14,-3.894662e-13,4.263256e-14
mpc,2026-01-14 01:45:00,871,1.75,31.9735,3289.143,56.63924,0.3326132,46.86827,1,1,2302.4,2302.083,388.2373,111.7627,500,1,44.07656,0.7409891,0,0,455.1825,0,1558.438,0.7792192,0.9098137,0.3172331,0,250,0.3172331,1913.845,0,0,12.56269,0,46.86827,486.4655,404.3693,82.09624,526.0346,0,1073.74,0,-4.263256e-14,1.619815e-13,4.263256e-14
mpc,2026-01-14 02:00:00,872,2,31.72847,3249.17,50.19994,0.762644,37.53478,1,1,2274.419,2274.102,424.8395,122.3006,547.1401,2,46.31864,0.821502,0,0,500,0,1683.193,0.8415966,0.9813259,0.3172331,0,250,0.3172331,1849.263,0,0,3.881296,0,37.53478,477.8324,388.5113,89.32113,518.6976,0,1044.09,0,4.263256e-14,2.83773e-13,4.263256e-14
mpc,2026-01-14 02:15:00,873,2.25,31.31924,3251.458,44.36028,0,28.39464,1,1,2276.021,2275.704,430.5196,123.9493,554.4688,2,53.50909,0.9597562,0,0,500,0,1807.928,0.9039641,1.059882,0.3172331,0,250,0.3172331,1845.184,0,0,0,0,28.39464,473.6891,384.0226,89.66643,513.8814,0,1027.763,0,2.842171e-14,1.79412e-13,4.263256e-14
mpc,2026-01-14 02:30:00,874,2.5,31.06891,3300.051,46.5038,2.246656,46.85184,1,1,2310.035,2309.718,0,0,0,0,0,0,0,0,0,51.37595,1794.8,0.8973998,1.138426,0.3172331,0,250,0.3172331,2309.718,0,0,0,2.007658,46.85184,478.0287,477.9631,0.06564684,487.6584,0,978.7799,0,0,-2.242651e-13,4.263256e-14
mpc,2026-01-14 02:45:00,875,2.75,30.83628,3347.55,56.12048,5.849669,59.03778,1,1,2343.285,2342.968,0,0,0,0,0,0,0,0,0,61.83409,1779.059,0.8895293,1.130159,0.3172331,0,250,0.3172331,2342.968,0,0,0,5.014316,59.03778,482.355,482.2897,0.06530105,494.4423,0,997.5344,0,0,1.683098e-13,4.263256e-14
mpc,2026-01-14 03:00:00,876,3,30.64802,3330.405,54.33544,7.024002,46.67636,1,1,2331.283,2330.966,387.9441,112.0559,500,1,68.81069,4.292274,0,0,426.897,0,1885.503,0.9427514,1.120247,0.3172331,0,250,0.3172331,1943.022,0,0,0,2.731728,46.67636,477.8475,398.2649,79.58266,519.8881,0,1044.488,0,-4.263256e-14,-2.546852e-13,4.263256e-14
mpc,2026-01-14 03:15:00,877,3.25,30.46517,3323.332,58.32472,2.549166,48.05661,1,1,2326.332,2326.015,0,0,0,0,0,0,0,0,0,75.34911,1866.369,0.9331843,1.187273,0.3172331,0,250,0.3172331,2326.015,0,0,0,0,48.05661,474.875,474.8102,0.0647569,484.62,0,969.2401,0,0,-3.490541e-13,4.263256e-14
mpc,2026-01-14 03:30:00,878,3.5,30.41745,3285.659,63.12482,1.488017,51.11341,1,1,2299.961,2299.644,161.2398,46.45557,207.6954,1,71.31886,0.6757359,0,0,135.7008,0,1900,0.95,1.175225,0.3172331,0,250,0.3172331,2138.404,0,0,0,0.8122814,51.11341,468.9892,436.0459,32.94338,492.9241,0,987.2493,0,0,-2.016165e-13,4.263256e-14
mpc,2026-01-14 03:45:00,879,3.75,30.22668,3276.39,56.96231,0,39.50579,1,1,2293.473,2293.155,0,0,0,0,0,0,0,0,0,78.67541,1880.032,0.940016,1.196402,0.3172331,0,250,0.3172331,2293.155,0,0,0,0,39.50579,465.6736,465.6092,0.06441196,473.6306,0,947.2611,0,0,4.414247e-13,4.263256e-14
mpc,2026-01-14 04:00:00,880,4,30.06443,3255.486,45.55666,4.859593,38.58151,1,1,2278.84,2278.523,128.7479,37.0637,165.8116,1,84.50299,0.2529434,0,0,81.05564,0,1900,0.95,1.183829,0.3172331,0,250,0.3172331,2149.775,0,0,0,4.606649,38.58151,461.0317,434.9206,26.11114,479.7897,0,967.5259,0,1.421086e-14,-4.318768e-13,4.263256e-14
mpc,2026-01-14 04:15:00,881,4.25,30.04628,3287.642,55.08502,2.396397,47.36248,1,1,2301.349,2301.032,0,0,0,0,0,0,0,0,0,93.09082,1876.428,0.9382141,1.196402,0.3172331,0,250,0.3172331,2301.032,0,0,0,0.7339343,47.36248,465.3976,465.3335,0.06415347,474.9115,0,951.0891,0,0,-2.220446e-16,4.263256e-14
mpc,2026-01-14 04:30:00,882,4.5,29.94219,3276.807,76.9932,2.675907,34.46892,1,1,2293.765,2293.448,157.5608,45.80755,203.3684,1,103.3645,4.535119,0,0,95.46878,0,1900,0.95,1.181559,0.3172331,0,250,0.3172331,2135.887,0,0,0,0,34.46892,462.7923,430.9387,31.85364,483.7007,0,967.4014,0,-3.552714e-14,-3.641532e-14,4.263256e-14
mpc,2026-01-14 04:45:00,883,4.75,29.91381,3277.957,102.1683,3.745241,38.70307,1,1,2294.57,2294.253,0,0,0,0,0,0,0,0,0,126.6307,1868.043,0.9340216,1.196402,0.3172331,0,250,0.3172331,2294.253,0,0,0,0.08022443,38.70307,462.6633,462.5994,0.06396497,470.4032,0,940.9448,0,0,1.39444e-13,4.263256e-14
mpc,2026-01-14 05:00:00,884,5,29.96063,3303.919,132.4096,0.5450105,24.79245,1,1,2312.744,2312.426,0,0,0,0,0,0,0,0,0,159.7894,1827.802,0.9139009,1.176279,0.3172331,0,250,0.3172331,2312.426,0,0,0,0,24.79245,466.8125,466.7484,0.06403147,471.7526,0,943.5053,0,0,-2.262635e-13,4.263256e-14
mpc,2026-01-14 05:15:00,885,5.25,29.99093,3302.324,162.4872,2.293866,23.1786,1,1,2311.627,2311.31,0,0,0,0,0,0,0,0,0,190.9658,1779.773,0.8898863,1.15094,0.3172331,0,250,0.3172331,2311.31,0,0,0,1.598805,23.1786,466.9013,466.8372,0.06407458,471.5188,0,945.7955,0,0,3.017586e-13,4.263256e-14
mpc,2026-01-14 05:30:00,886,5.5,30.01515,3333.931,215.7113,3.677956,34.27366,1,1,2333.752,2333.434,0,0,0,0,0,0,0,0,0,231.4872,1721.621,0.8608103,1.120697,0.3172331,0,250,0.3172331,2333.434,0,0,0,1.780902,34.27366,471.6238,471.5597,0.06410908,478.486,0,960.044,0,0,-3.23741e-13,4.263256e-14
mpc,2026-01-14 05:45:00,887,5.75,29.99795,3329.806,275.1432,0.8676376,24.31081,1,1,2330.864,2330.547,0,0,0,0,0,0,0,0,0,276.2223,1652.294,0.826147,1.084079,0.3172331,0,250,0.3172331,2330.547,0,0,0.3050441,0,24.31081,470.8602,470.7961,0.06408457,475.7072,0,951.9405,0,0,4.565237e-13,4.263256e-14
mpc,2026-01-14 06:00:00,888,6,30.11241,3353.06,332.7592,0,37.95533,1,1,2347.142,2346.825,116.4895,33.51046,150,1,150,0,0,0,0,172.0466,1609.022,0.8045111,1.040425,0.3172331,0,250,0.3172331,2230.335,0,0,11.5295,0,37.95533,475.3576,451.7012,23.65642,492.8986,0,1005.686,0,-1.421086e-14,2.08944e-13,4.263256e-14
mpc,2026-01-14 06:15:00,889,6.25,30.1767,3328.113,376.4805,0,41.27879,1,1,2329.679,2329.362,0,0,0,0,0,0,0,0,0,365.8736,1517.301,0.7586503,1.013178,0.3172331,0,250,0.3172331,2329.362,0,0,10.93214,0,41.27879,472.4976,472.4333,0.06434013,480.8053,0,980.4685,0,0,-1.054712e-13,4.263256e-14
mpc,2026-01-14 06:30:00,890,6.5,30.16901,3337.094,401.1603,1.950066,38.04314,1,1,2335.966,2335.648,116.4895,33.51046,150,1,150,0,0,0,0,243.3617,1456.221,0.7281106,0.9554219,0.3172331,0,250,0.3172331,2219.159,0,0,11.92229,0,38.04314,473.6913,450.005,23.68629,491.2299,0,1003.026,0,-1.421086e-14,3.145262e-13,4.263256e-14
mpc,2026-01-14 06:45:00,891,6.75,30.2249,3309.005,426.7324,4.530598,35.2064,1,1,2316.303,2315.986,0,0,0,0,0,0,0,0,0,417.678,1351.573,0.6757863,0.9169612,0.3172331,0,250,0.3172331,2315.986,0,0,12.29276,1.292214,35.2064,470.2905,470.2261,0.06440939,477.3742,0,978.1825,0,0,3.708145e-13,4.263256e-14
mpc,2026-01-14 07:00:00,892,7,30.15855,3305.794,418.6253,5.204322,45.07292,1,1,2314.056,2313.739,338.9892,97.87662,436.8658,1,433.4809,3.384857,0,0,0,0,1351.36,0.6756799,0.8510654,0.3172331,0,250,0.3172331,1974.75,0,0,0,1.819466,45.07292,469.139,400.3499,68.78912,507.3644,0,1017.867,0,-1.421086e-14,1.715295e-13,4.263256e-14
mpc,2026-01-14 07:15:00,893,7.25,30.14377,3309.841,421.3688,6.234523,58.15639,1,1,2316.888,2316.571,333.8243,96.40303,430.2273,1,426.7277,3.499592,0,0,0,0,1351.147,0.6755735,0.8509315,0.3172331,0,250,0.3172331,1982.747,0,0,0,2.734931,58.15639,469.5584,401.8387,67.71969,510.0282,0,1024.774,0,-2.842171e-14,-1.695311e-13,4.263256e-14
mpc,2026-01-14 07:30:00,894,7.5,30.02641,3386.678,406.8638,6.858504,62.02906,1,1,2370.675,2370.358,709.9367,204.8373,914.7739,3,409.0333,5.740646,0,0,500,0,1475.934,0.7379672,0.8507975,0.3172331,0,250,0.3172331,1660.421,0,0,0,1.117857,62.02906,479.2054,335.6356,143.5699,553.0113,0,1107.951,0,-1.421086e-13,-1.250111e-13,4.263256e-14
mpc,2026-01-14 07:45:00,895,7.75,30.08388,3373.243,365.1339,6.125826,54.63457,1,1,2361.27,2360.953,673.9765,194.3364,868.3129,4,364.0422,4.270704,0,0,500,0,1600.702,0.800351,0.9293742,0.3172331,0,250,0.3172331,1686.976,0,0,1.091669,1.855122,54.63457,477.9151,341.4398,136.4754,546.834,0,1098.751,0,2.842171e-14,-9.503509e-14,4.263256e-14
mpc,2026-01-14 08:00:00,896,8,30.41882,3444.907,326.8386,267.3985,61.41878,1,1,2411.435,2411.118,116.4895,33.51046,150,1,150,0,0,0,0,406.2808,1498.88,0.7494399,1.007939,0.3172331,0,250,0.3172331,2294.628,0,0,1.487082,36.46928,61.41878,491.7353,467.9163,23.81902,513.9511,0,1093.377,0,-1.421086e-14,2.284839e-13,4.263256e-14
mpc,2026-01-14 08:15:00,897,8.25,30.51865,3472.537,283.8408,272.1067,90.06652,1,1,2430.776,2430.459,231.5992,68.40077,300,2,283.2871,0,16.71295,0,0,231.1562,1440.855,0.7204274,0.9438227,0.3172331,0,250,0.3172331,2198.859,11.96398,0,0.553748,40.95048,78.10254,496.7916,449.3935,47.3981,533.7566,0,1139.108,0,-2.842171e-14,-1.932898e-13,4.263256e-14
mpc,2026-01-14 08:30:00,898,8.5,30.80707,3493.354,238.7759,275.2104,79.63171,1,1,2445.348,2445.03,369.3155,130.6845,500,1,230.9133,229.9243,0,0,39.16243,0,1450.419,0.7252093,0.9072852,0.3172331,0,250,0.3172331,2075.715,0,0,7.86256,45.28613,79.63171,503.0315,426.9945,76.037,574.06,0,1239.801,0,-2.842171e-14,3.138601e-13,4.263256e-14
mpc,2026-01-14 08:45:00,899,8.75,31.00314,3482.718,209.6575,278.0027,84.34401,1,1,2437.903,2437.586,152.9726,44.00553,196.9782,1,196.9782,0,0,0,0,229.2853,1392.869,0.6964345,0.9133073,0.3172331,0,250,0.3172331,2284.613,0,0,12.67929,48.71737,84.34401,503.7348,472.0611,31.67372,533.4943,0,1172.898,0,-2.131628e-14,-3.047562e-13,4.263256e-14
mpc,2026-01-14 09:00:00,900,9,31.11979,3518.724,169.1399,282.6245,107.9265,1,1,2463.107,2462.79,116.4895,33.51046,150,1,150,0,0,0,0,241.8511,1332.187,0.6660935,0.8770692,0.3172331,0,250,0.3172331,2346.3,0,0,10.52889,49.3844,107.9265,510.2957,486.0962,24.19952,541.9664,0,1187.283,0,-1.421086e-14,-1.375566e-13,4.263256e-14
mpc,2026-01-14 09:15:00,901,9.25,31.51321,3579.7,125.7862,280.839,106.1264,1,1,2505.79,2505.473,114.8534,35.14662,150,1,130.1826,0,19.81738,0,0,233.9195,1273.497,0.6367487,0.8388586,0.3172331,0,250,0.3172331,2390.62,14.02861,0,0,46.91954,92.09778,523.8352,499.7588,24.07641,554.1585,0,1189.253,0,7.105427e-15,-1.456613e-13,4.263256e-14
mpc,2026-01-14 09:30:00,902,9.5,31.81515,3608.611,93.12422,276.2881,88.92771,1,1,2526.028,2525.71,113.0951,36.9049,150,1,108.8861,0,41.11394,0,0,240.0175,1213.293,0.6066463,0.8019026,0.3172331,0,250,0.3172331,2412.615,29.00502,0,0,36.27061,59.9227,531.7579,507.8833,23.8746,557.4026,0,1177.372,0,-1.421086e-14,3.83138e-13,4.263256e-14
mpc,2026-01-14 09:45:00,903,9.75,31.82103,3620.391,87.15648,280.6058,102.3175,1,1,2534.273,2533.956,0,0,0,0,0,0,0,0,0,325.4575,1131.737,0.5658686,0.7639925,0.3172331,0,250,0.3172331,2533.956,0,0,5.662078,36.64272,102.3175,533.5665,533.4997,0.06679032,555.0416,0,1183.059,0,0,2.133849e-13,4.263256e-14
mpc,2026-01-14 10:00:00,904,10,32.20098,3625.184,61.82182,286.0695,128.513,1,1,2537.628,2537.311,0,0,0,0,0,0,0,0,0,318.1188,1052.029,0.5260146,0.7126383,0.3172331,0,250,0.3172331,2537.311,0,0,0,41.59258,128.513,539.0159,538.9485,0.06738325,566.2458,0,1204.239,0,0,-1.175726e-13,4.263256e-14
mpc,2026-01-14 10:15:00,905,10.25,32.31026,3648.828,58.28166,288.6085,146.9339,1,1,2554.18,2553.862,0,0,0,0,0,0,0,0,0,309.9789,974.3689,0.4871845,0.6624474,0.3172331,0,250,0.3172331,2553.862,0,0,0,41.28143,146.9339,543.9202,543.8527,0.06755574,575.1427,0,1221.496,0,0,-3.763656e-14,4.263256e-14
mpc,2026-01-14 10:30:00,906,10.5,32.54367,3657.301,42.69219,293.4181,157.9115,1,1,2560.111,2559.794,321.6907,118.6459,440.3366,1,60.16172,245.5545,0,0,134.6204,0,1007.871,0.5039353,0.6135458,0.3172331,0,250,0.3172331,2238.103,0,0,0,47.86362,157.9115,548.1806,479.231,68.94955,631.6896,0,1345.944,0,2.842171e-14,1.223466e-13,4.263256e-14
mpc,2026-01-14 10:45:00,907,10.75,32.89176,3657.775,48.733,293.0014,179.2605,1,1,2560.443,2560.125,612.9614,203.0607,816.0221,4,64.58759,251.4345,0,0,500,0,1132.712,0.566356,0.6346414,0.3172331,0,250,0.3172331,1947.164,0,0,0,41.56687,179.2605,552.7837,420.3806,132.4031,662.1426,0,1395.988,0,-8.526513e-14,-3.23408e-13,4.263256e-14
mpc,2026-01-14 11:00:00,908,11,33.11595,3689.522,47.91637,296.3202,210.5256,1,0,2582.666,2582.348,0,0,0,0,0,0,0,0,0,309.8986,1055.059,0.5275295,0.7132521,0.3172331,0,250,0.3172331,2582.348,0,0,0,46.14543,210.5256,560.5661,560.4972,0.06885526,606.1917,0,1291.984,0,0,5.961898e-14,4.263256e-14
mpc,2026-01-14 11:15:00,909,11.25,33.52734,3686.192,56.38527,296.1254,233.8411,0,0,2580.334,2580.017,0,0,0,0,0,0,0,0,0,299.1745,980.0993,0.4900497,0.6643552,0.3172331,0,250,0.3172331,2580.017,0,0,7.066935,46.26917,233.8411,565.6156,565.5461,0.06953826,0,616.8046,3484.43,0,0,1.44329e-13,4.263256e-14
mpc,2026-01-14 11:30:00,910,11.5,33.89108,3718.05,43.22414,296.6059,258.0505,0,0,2602.635,2602.318,0,0,0,0,0,0,0,0,0,293.5225,906.5644,0.4532822,0.6171542,0.3172331,0,250,0.3172331,2602.318,0,0,0.5710345,45.73649,258.0505,575.5519,575.4818,0.07015356,0,632.5476,3558.892,0,0,-6.850076e-14,4.263256e-14
mpc,2026-01-14 11:45:00,911,11.75,33.94933,3777.683,34.0268,296.0269,271.2058,0,0,2644.378,2644.061,275.6922,121.5387,397.2309,2,0,0,397.2309,0,0,300.5331,831.2884,0.4156442,0.5708503,0.3172331,0,250,0.3172331,2368.369,273.4559,0,0,42.61192,0,585.6129,524.4891,61.12389,0,646.0277,3626.658,0,-1.421086e-14,1.177947e-13,4.263256e-14
mpc,2026-01-14 12:00:00,912,12,34.15309,3797.222,36.93102,302.6825,298.2523,0,0,2658.055,2657.738,292.2925,128.8569,421.1494,1,0,0,421.1494,0,0,293.4039,757.8066,0.3789033,0.5234501,0.3172331,0,250,0.3172331,2365.446,289.235,0,0,50.15204,9.017287,591.5782,526.4548,65.12337,0,657.3186,3701.764,0,-2.842171e-14,9.514611e-14,4.263256e-14
mpc,2026-01-14 12:15:00,913,12.25,34.45355,3776.484,36.94621,307.9493,329.6272,0,0,2643.539,2643.222,321.4854,141.7266,463.212,1,0,0,463.212,0,0,308.9648,680.4461,0.340223,0.4771797,0.3172331,0,250,0.3172331,2321.736,317.0091,0,0,51.5953,12.61809,592.7072,520.5559,72.15129,0,665.1115,3747.115,0,-2.842171e-14,-5.195844e-14,4.263256e-14
mpc,2026-01-14 12:30:00,914,12.5,34.63862,3768.762,50.64311,303.3411,348.117,0,0,2638.133,2637.816,345.3597,152.2515,497.6112,1,0,0,497.6112,0,0,308.4308,603.2312,0.3016156,0.4284669,0.3172331,0,250,0.3172331,2292.456,339.8142,0,0,46.55802,8.302752,594.2074,516.3479,77.85951,0,670.4695,3767.895,0,0,1.933453e-13,4.263256e-14
mpc,2026-01-14 12:45:00,915,12.75,34.86693,3796.056,50.04704,293.4538,361.8723,0,0,2657.239,2656.922,376.4151,165.9422,542.3573,2,0,0,542.3573,0,0,326.8569,521.422,0.260711,0.3798459,0.3172331,0,250,0.3172331,2280.507,369.3803,0,0,29.87901,0,601.9156,516.5785,85.33709,0,682.5207,3805.405,0,-2.842171e-14,1.136313e-13,4.263256e-14
mpc,2026-01-14 13:00:00,916,13,35.22216,3768.747,50.87188,290.3635,390.9021,0,0,2638.122,2637.805,347.0176,152.9824,500,1,0,0,500,0,0,320.5213,441.2096,0.2206048,0.3283318,0.3172331,0,250,0.3172331,2290.788,339.1113,0,0,29.12795,51.79079,602.922,523.5414,79.38063,0,688.3601,3836.227,0,0,-3.091971e-14,4.263256e-14
mpc,2026-01-14 13:15:00,917,13.25,35.5064,3817.474,48.77353,295.0449,407.1126,0,0,2672.232,2671.915,442.891,195.2481,638.139,4,0,0,638.139,0,0,309.7169,363.711,0.1818555,0.2778233,0.3172331,0,250,0.3172331,2229.024,431.3494,0,0,35.58413,0,615.1128,513.092,102.0207,0,708.3401,3957.253,0,0,9.092727e-14,4.263256e-14
mpc,2026-01-14 13:30:00,918,13.5,35.6215,3801.795,60.09319,298.9164,435.7027,0,0,2661.256,2660.939,458.0882,201.9477,660.0359,2,0,0,660.0359,0,0,316.4515,284.5408,0.1422704,0.2290234,0.3172331,0,250,0.3172331,2202.851,445.5427,0,3.662022,38.89612,0,614.3769,508.5496,105.8273,0,710.4973,3981.148,0,-2.842171e-14,4.490852e-14,4.263256e-14
mpc,2026-01-14 13:45:00,919,13.75,35.87216,3797.11,40.63547,297.2276,465.6611,0,0,2657.977,2657.66,476.1674,209.918,686.0854,4,0,0,686.0854,0,0,310.0335,206.9877,0.1034938,0.1791712,0.3172331,0,250,0.3172331,2181.492,461.7511,0,0,39.50877,3.910007,617.5508,506.845,110.7058,0,717.6714,4015.345,0,-2.842171e-14,-3.866352e-14,4.263256e-14
mpc,2026-01-14 14:00:00,920,14,36.01058,3799.51,42.82384,295.3404,477.0705,0,1,2659.657,2659.339,1113.924,424.6764,1538.6,4,58.14086,255.6849,724.7743,0,500,0,331.9551,0.1659776,0.1303371,0.3172331,0,250,0.3172331,1545.416,486.9869,0,0,39.65543,0,620.1348,360.3345,259.8003,0,785.0109,4385.966,0,-1.705303e-13,-5.634382e-14,4.263256e-14
mpc,2026-01-14 14:15:00,921,14.25,36.06131,3874.18,35.45791,296.444,490.249,1,1,2711.926,2711.609,568.8526,242.9613,811.8139,4,65.7103,0,746.1036,0,0,254.0792,268.3831,0.1341915,0.2090273,0.3172331,0,250,0.3172331,2142.756,501.0157,0,0,42.36487,0,633.1459,500.2634,132.8825,743.2247,0,1559.529,0,-8.526513e-14,4.80449e-14,4.263256e-14
mpc,2026-01-14 14:30:00,922,14.5,36.11409,3844.084,28.67912,298.7297,492.7681,1,1,2690.859,2690.542,1144.204,438.0104,1582.214,4,58.26667,248.7227,775.2249,0,500,0,393.3408,0.1966704,0.1689969,0.3172331,0,250,0.3172331,1546.338,520.2436,0,0,50.007,0,629.0801,361.5092,267.5709,799.5196,0,1685.301,0,5.684342e-14,-1.167677e-13,4.263256e-14
mpc,2026-01-14 14:45:00,923,14.75,36.34104,3804.905,51.97412,295.6103,493.1473,1,1,2663.434,2663.116,1157.667,444.0845,1601.752,4,57.09987,249.6107,795.0412,0,500,0,518.2789,0.2591394,0.2476809,0.3172331,0,250,0.3172331,1505.449,532.0985,0,0,45.9996,0,626.324,354.0163,272.3077,798.1008,0,1675.551,0,1.705303e-13,1.025013e-13,4.263256e-14
mpc,2026-01-14 15:00:00,924,15,36.51343,3775.298,64.68205,291.7801,510.4142,1,1,2642.709,2642.392,1171.585,449.4356,1621.021,4,63.69596,249.5929,807.7321,0,500,0,643.1973,0.3215986,0.3263526,0.3172331,0,250,0.3172331,1470.806,539.4783,0,0.9860909,42.18722,0,624.234,347.419,276.815,796.8546,0,1668.183,0,-1.705303e-13,-6.900036e-14,4.263256e-14
mpc,2026-01-14 15:15:00,925,15.25,36.6765,3776.491,72.91025,292.0204,545.6432,1,1,2643.544,2643.226,1184.314,454.3355,1638.65,4,69.67843,251.0923,817.879,0,500,0,768.096,0.384048,0.4050119,0.3172331,0,250,0.3172331,1458.912,545.1883,0,3.231819,40.92802,0.4548631,627.0882,346.0758,281.0124,800.5192,0,1677.214,0,1.136868e-13,1.44329e-15,4.263256e-14
mpc,2026-01-14 15:30:00,926,15.5,36.67546,3801.481,66.81529,291.8534,524.2066,1,1,2661.037,2660.719,625.5255,267.5233,893.0488,3,69.25913,0,823.7897,0,0,247.7591,706.0353,0.3530177,0.4836588,0.3172331,0,250,0.3172331,2035.194,549.1352,0,0,44.09431,0,631.2207,482.7654,148.4553,750.2888,0,1576.64,0,-1.136868e-13,-9.925394e-14,4.263256e-14
mpc,2026-01-14 15:45:00,927,15.75,36.78677,3746.781,76.04213,290.0517,522.9524,1,1,2622.747,2622.429,1182.303,453.7204,1636.023,4,67.39532,246.3991,822.229,0,500,0,830.9242,0.4154621,0.4445801,0.3172331,0,250,0.3172331,1440.126,547.3627,0,8.646807,43.65265,0,623.9501,342.6053,281.3448,796.3257,0,1682.868,0,2.842171e-13,-8.7097e-14,4.263256e-14
mpc,2026-01-14 16:00:00,928,16,36.77197,3716.818,86.5655,282.9757,524.1464,1,1,2601.772,2601.455,1175.892,449.3069,1625.199,4,80.73807,238.5327,805.9281,0,500,0,955.7934,0.4778967,0.5232208,0.3172331,0,250,0.3172331,1425.563,536.6064,0,5.827435,44.44296,0,618.7209,339.0095,279.7113,788.3164,0,1663.349,0,0,1.626477e-13,4.263256e-14
mpc,2026-01-14 16:15:00,929,16.25,36.7576,3692.537,95.94223,285.4073,509.9265,1,1,2584.776,2584.459,1166.304,443.4334,1609.737,4,94.58023,233.6437,781.5135,0,500,0,1080.643,0.5403215,0.6018491,0.3172331,0,250,0.3172331,1418.155,520.4405,0,1.362002,51.76355,0,614.4479,337.121,277.3269,780.5544,0,1652.75,0,5.684342e-14,-2.416955e-13,4.263256e-14
mpc,2026-01-14 16:30:00,930,16.5,36.82757,3664.805,114.2619,281.743,524.8025,1,1,2565.364,2565.046,1090.442,409.5584,1500,3,98.20449,236.3316,665.4639,0,500,0,1205.473,0.6027364,0.680465,0.3172331,0,250,0.3172331,1474.605,442.786,0,16.05738,45.41134,82.01646,610.9511,351.1827,259.7683,780.2737,0,1666.581,0,-5.684342e-14,-1.509903e-13,4.263256e-14
mpc,2026-01-14 16:45:00,931,16.75,36.72271,3688.14,138.9712,275.7505,503.7686,1,1,2581.698,2581.381,1092.033,407.9666,1500,3,117.4844,237.5442,644.9715,0,500,0,1330.283,0.6651415,0.7590686,0.3172331,0,250,0.3172331,1489.348,429.6918,0,21.48681,38.20629,74.07674,613.1568,353.7221,259.4348,779.282,0,1661.535,0,-5.684342e-14,3.679279e-13,4.263256e-14
mpc,2026-01-14 17:00:00,932,17,36.87036,3686.585,162.8314,274.456,478.1388,1,1,2580.61,2580.292,599.195,248.4083,847.6033,3,132.367,0,715.2363,0,0,232.4086,1271.972,0.6359858,0.8376597,0.3172331,0,250,0.3172331,1981.097,475.6587,0,30.46437,42.04748,2.480055,615.2716,472.3353,142.9363,721.3349,0,1567.753,0,0,1.738609e-13,4.263256e-14
mpc,2026-01-14 17:15:00,933,17.25,37.23574,3695.184,194.4654,269.0493,497.4452,1,1,2586.629,2586.312,1143.698,426.0125,1569.711,4,157.2505,231.6753,680.7849,0,500,0,1396.771,0.6983856,0.8009418,0.3172331,0,250,0.3172331,1442.613,450.7573,0,37.21487,37.37395,46.68792,622.6736,347.2772,275.3964,784.5288,0,1697.723,0,-1.136868e-13,-1.84408e-13,4.263256e-14
mpc,2026-01-14 17:30:00,934,17.5,37.31529,3648.211,226.5932,269.4006,462.683,1,1,2553.748,2553.43,602.7232,243.3844,846.1076,2,187.6742,0,658.4334,0,0,230.5601,1338.911,0.6694557,0.8795264,0.3172331,0,250,0.3172331,1950.707,435.539,0,38.91899,38.84051,27.14395,616.0558,470.5808,145.4751,720.5133,0,1575.162,0,-5.684342e-14,-2.082778e-13,4.263256e-14
mpc,2026-01-14 17:45:00,935,17.75,37.18142,3590.398,250.1491,270.0311,423.1517,1,1,2513.278,2512.961,603.0303,239.2405,842.2708,4,223.6472,0,618.6236,0,0,231.4082,1280.849,0.6404243,0.8430929,0.3172331,0,250,0.3172331,1909.931,409.8682,0,26.50187,38.62289,13.28342,604.1471,459.1131,145.0339,701.5467,0,1515.434,0,0,-3.852474e-13,4.263256e-14
mpc,2026-01-14 18:00:00,936,18,37.13265,3567.627,284.3571,0.724459,409.7423,1,1,2497.339,2497.022,990.164,345.9959,1336.16,4,260.9095,1.455104,573.7952,0,500,0,1405.647,0.7028235,0.8065315,0.3172331,0,250,0.3172331,1506.858,380.3911,0,23.44761,0,29.35124,599.5425,361.7551,237.7873,714.7974,0,1470.042,0,-2.273737e-13,-2.325917e-13,4.263256e-14
mpc,2026-01-14 18:15:00,937,18.25,36.90031,3527.252,304.4601,9.856459,382.1962,1,1,2469.076,2468.759,996.8736,345.1165,1341.99,4,293.1668,1.335483,547.4879,0,500,0,1530.426,0.7652128,0.8851153,0.3172331,0,250,0.3172331,1471.885,363.9686,0,11.29333,8.520976,18.22758,589.1424,351.2043,237.9382,700.67,0,1435.52,0,1.136868e-13,1.239009e-13,4.263256e-14
mpc,2026-01-14 18:30:00,938,18.5,36.80712,3516.457,322.8453,5.66446,356.9395,1,0,2461.52,2461.203,347.0176,152.9824,500,1,0,0,500,0,0,334.9349,1446.451,0.7232255,0.9636866,0.3172331,0,250,0.3172331,2114.185,332.7715,0,0,3.425055,24.16794,585.9065,503.2317,82.67482,661.9667,0,1329.842,0,0,3.647083e-13,4.263256e-14
mpc,2026-01-14 18:45:00,939,18.75,36.81294,3526.365,361.5998,6.223461,319.9646,0,0,2468.456,2468.139,322.938,142.3669,465.3049,2,0,0,465.3049,0,0,362.2586,1355.659,0.6778293,0.910809,0.3172331,0,250,0.3172331,2145.201,309.6588,0,1.945031,3.619553,10.3058,587.6469,510.6919,76.95496,0,655.5122,3614.916,0,-2.842171e-14,4.189982e-13,4.263256e-14
mpc,2026-01-14 19:00:00,940,19,36.81198,3445.597,375.3954,2.02061,309.3467,0,0,2411.918,2411.601,304.4181,134.2024,438.6205,1,0,0,438.6205,0,0,392.0156,1257.441,0.6287207,0.8536384,0.3172331,0,250,0.3172331,2107.183,291.9038,0,0,0,17.44296,574.1729,501.6287,72.54423,0,639.9835,3519.909,0,0,2.866596e-13,4.263256e-14
mpc,2026-01-14 19:15:00,941,19.25,36.58308,3454.448,392.9473,3.067645,276.8219,0,0,2418.114,2417.797,289.1189,127.4578,416.5768,2,0,0,416.5768,0,0,410.6372,1154.584,0.577292,0.7917924,0.3172331,0,250,0.3172331,2128.678,277.9964,0,0,0,0,572.218,503.7263,68.49163,0,631.1842,3471.513,0,0,2.678968e-13,4.263256e-14
mpc,2026-01-14 19:30:00,942,19.5,36.51364,3495.224,392.7215,0,264.0881,0,0,2446.657,2446.34,266.9775,117.6968,384.6743,1,0,0,384.6743,0,0,418.2521,1049.839,0.5249196,0.7270247,0.3172331,0,250,0.3172331,2179.362,256.9205,0,0,0,7.167613,577.9278,514.7898,63.13802,0,634.1797,3487.988,0,0,-2.88769e-13,4.263256e-14
mpc,2026-01-14 19:45:00,943,19.75,36.54001,3436.477,390.6113,0.5299447,235.0822,0,0,2405.534,2405.216,248.6373,109.6115,358.2489,2,0,0,358.2489,0,0,414.1642,946.133,0.4730665,0.6610684,0.3172331,0,250,0.3172331,2156.579,239.1956,0,0,0,0,568.6036,509.7574,58.84617,0,619.3689,3406.529,0,0,3.919087e-14,4.263256e-14
mpc,2026-01-14 20:00:00,944,20,36.62749,3427.323,389.0556,6.212686,212.074,0,0,2399.126,2398.809,357.3164,138.9373,496.2537,1,156.2325,0,340.0212,0,0,237.7016,886.5586,0.4432793,0.5957661,0.3172331,0,250,0.3172331,2041.493,226.7874,0,0,3.165609,0,568.3819,483.6542,84.72771,0,622.5915,3429.714,0,0,6.17284e-14,4.263256e-14
mpc,2026-01-14 20:15:00,945,20.25,36.37853,3378.053,375.8486,0,200.6013,0,0,2364.637,2364.32,219.305,96.68042,315.9854,1,0,0,315.9854,0,0,366.5378,794.7846,0.3973923,0.558253,0.3172331,0,250,0.3172331,2145.015,211.3853,0,10.19209,0,0,556.5997,504.9039,51.69575,0,601.5844,3326.295,0,-1.421086e-14,2.520206e-13,4.263256e-14
mpc,2026-01-14 20:30:00,946,20.5,36.09668,3344.24,343.4575,0,181.0891,0,0,2340.968,2340.651,201.6543,88.8991,290.5534,1,0,0,290.5534,0,0,340.9771,709.4152,0.3547076,0.5004642,0.3172331,0,250,0.3172331,2138.997,195.0272,0,6.135512,0,0,547.0363,499.8397,47.1966,0,588.7388,3248.647,0,-2.842171e-14,1.701972e-13,4.263256e-14
mpc,2026-01-14 20:45:00,947,20.75,35.92369,3340.886,313.4932,0,163.6201,0,0,2338.62,2338.303,185.477,81.76737,267.2444,1,0,0,267.2444,0,0,307.0893,632.5312,0.3162656,0.4467084,0.3172331,0,250,0.3172331,2152.826,179.7514,0,10.7447,0,0,544.0684,500.8442,43.2241,0,582.6116,3222.898,0,0,7.56617e-14,4.263256e-14
mpc,2026-01-14 21:00:00,948,21,35.3514,3381.068,275.0666,0,143.1739,0,0,2366.748,2366.431,171.3074,75.5207,246.8281,1,0,0,246.8281,0,0,269.8234,564.9758,0.2824879,0.3982957,0.3172331,0,250,0.3172331,2195.123,167.1492,0,10.1698,0,0,542.6646,503.3133,39.3513,0,578.834,3201.13,0,-1.421086e-14,-1.371125e-14,4.263256e-14
mpc,2026-01-14 21:15:00,949,21.25,35.08586,3405.699,243.4185,0.5882142,121.7185,0,0,2383.989,2383.672,149.6283,65.96348,215.5917,1,0,0,215.5917,0,0,239.0052,505.1356,0.2525678,0.355757,0.3172331,0,250,0.3172331,2234.044,146.4543,0,8.251394,0,0,542.9813,508.8294,34.15183,0,574.7929,3175.595,0,0,5.778711e-14,4.263256e-14
mpc,2026-01-14 21:30:00,950,21.5,34.8454,3384.47,200.8327,1.358861,111.0562,0,0,2369.129,2368.812,157.7282,66.14184,223.87,1,28.51815,0,195.3519,0,0,176.6535,460.8927,0.2304463,0.3180765,0.3172331,0,250,0.3172331,2211.084,133.0809,0,0,0,0,536.3654,500.5842,35.78112,0,566.7261,3116.993,0,-1.421086e-14,7.999157e-14,4.263256e-14
mpc,2026-01-14 21:45:00,951,21.75,34.57216,3389.93,178.5968,4.402317,116.2592,0,0,2372.951,2372.634,132.0296,58.20511,190.2347,1,0,0,190.2347,0,0,183.2777,415.0007,0.2075004,0.2902174,0.3172331,0,250,0.3172331,2240.604,130.0107,0,0,1.883235,0,533.5996,503.8391,29.76049,0,562.0442,3094.492,0,0,-3.902434e-14,4.263256e-14
mpc,2026-01-14 22:00:00,952,22,34.14579,3293.379,153.4707,2.316579,118.4703,0,0,2305.365,2305.048,110.6375,48.77445,159.412,1,0,0,159.412,0,0,161.3768,374.5912,0.1872956,0.2613199,0.3172331,0,250,0.3172331,2194.41,109.4895,0,0,0.3955963,8.980818,512.9915,488.3018,24.68973,0,539.0747,2965.593,0,0,-7.271961e-15,4.263256e-14
mpc,2026-01-14 22:15:00,953,22.25,33.88966,3278.264,122.8857,0,109.1417,0,0,2294.785,2294.468,111.3502,49.08865,160.4389,1,0,0,160.4389,0,0,136.8735,340.3139,0.1701569,0.2358746,0.3172331,0,250,0.3172331,2183.118,110.5236,0,0,0,0,507.4559,482.7624,24.69352,0,531.851,2925.181,0,0,1.224021e-14,4.263256e-14
mpc,2026-01-14 22:30:00,954,22.5,33.55916,3267.742,113.6098,0.007839524,92.88188,0,0,2287.42,2287.102,0,0,0,0,0,0,0,0,0,111.023,312.5045,0.1562523,0.2142906,0.3172331,0,250,0.3172331,2287.102,0,0,4.798368,0,92.88188,501.7931,501.7235,0.06959167,0,522.0991,2879.822,0,0,9.722778e-14,4.263256e-14
mpc,2026-01-14 22:45:00,955,22.75,33.42486,3280.004,93.24715,0,83.3496,0,0,2296.003,2295.686,0,0,0,0,0,0,0,0,0,95.90713,288.4785,0.1442393,0.1967795,0.3172331,0,250,0.3172331,2295.686,0,0,0.3539062,0,83.3496,502.0489,501.9796,0.06936687,0,520.205,2861.738,0,0,-9.525714e-14,4.263256e-14
mpc,2026-01-14 23:00:00,956,23,33.06754,3253.334,70.82267,0,65.82022,0,0,2277.334,2277.016,0,0,0,0,0,0,0,0,0,77.09521,269.1593,0.1345797,0.1816507,0.3172331,0,250,0.3172331,2277.016,0,0,0,0,65.82022,493.7233,493.6545,0.06877576,0,507.9242,2793.583,0,0,6.444845e-14,4.263256e-14
mpc,2026-01-14 23:15:00,957,23.25,32.79216,3228.591,64.50067,0,68.92907,0,0,2260.014,2259.697,0,0,0,0,0,0,0,0,0,61.25092,253.8042,0.1269021,0.1694857,0.3172331,0,250,0.3172331,2259.697,0,0,3.249754,0,68.92907,486.7717,486.7034,0.06832705,0,501.5496,2764.129,0,0,4.318768e-14,4.263256e-14
mpc,2026-01-14 23:30:00,958,23.5,32.52231,3207.156,62.04126,0,71.38417,0,1,2245.009,2244.692,478.837,145.1195,623.9565,3,54.60598,0.6913754,68.65919,0,500,0,378.7643,0.1893821,0.1598168,0.3172331,0,250,0.3172331,1765.855,48.04918,0,7.435279,0,23.33499,480.468,377.9213,102.5467,0,528.0349,2917.018,0,-5.684342e-14,1.162403e-13,4.263256e-14
mpc,2026-01-14 23:45:00,959,23.75,32.35664,3228.622,64.34006,0,75.9471,1,1,2260.035,2259.718,427.1208,122.9142,550.0349,3,49.6148,0.420131,0,0,500,0,503.7047,0.2518523,0.2385023,0.3172331,0,250,0.3172331,1832.597,0,0,14.72525,0,75.9471,481.8048,390.6816,91.12322,529.7865,0,1084.974,0,1.421086e-14,-4.75453e-14,4.263256e-14
mpc,2026-01-15 00:00:00,960,0,31.78591,3240.197,58.89705,1.709402,69.06603,1,1,2268.138,2267.821,427.4518,122.9802,550.432,2,50.28687,0.1451553,0,0,500,0,628.6254,0.3143127,0.3171754,0.3172331,0,250,0.3172331,1840.369,0,0,8.61018,1.564247,69.06603,477.1461,387.1567,89.98939,524.6663,0,1066.883,0,5.684342e-14,-4.185541e-14,4.263256e-14
mpc,2026-01-15 00:15:00,961,0.25,31.50875,3229.584,64.89147,0,66.22004,1,1,2260.709,2260.392,426.2331,122.8126,549.0457,3,47.17916,1.866496,0,0,500,0,753.5264,0.3767632,0.3958362,0.3172331,0,250,0.3172331,1834.159,0,0,17.71231,0,66.22004,472.5525,383.3914,89.16115,520.0458,0,1070.645,0,0,1.197376e-13,4.263256e-14
mpc,2026-01-15 00:30:00,962,0.5,31.37825,3254.947,63.81494,0,55.93778,1,1,2278.463,2278.146,429.6695,123.6044,553.2739,3,53.25764,0.01630342,0,0,500,0,878.4078,0.4392039,0.4744845,0.3172331,0,250,0.3172331,1848.476,0,0,10.5573,0,55.93778,474.8388,385.2283,89.61058,520.4903,0,1059.192,0,1.421086e-14,1.16851e-13,4.263256e-14
mpc,2026-01-15 00:45:00,963,0.75,31.10455,3246.646,54.34885,0,68.70884,1,1,2272.652,2272.335,426.3337,122.7572,549.0909,2,48.01791,1.072998,0,0,500,0,1003.269,0.5016348,0.5531205,0.3172331,0,250,0.3172331,1846.001,0,0,6.33094,0,68.70884,470.6746,382.3136,88.36097,519.3007,0,1049.522,0,-5.684342e-14,-2.232658e-13,4.263256e-14
mpc,2026-01-15 01:00:00,964,1,30.68521,3226.981,51.99441,0,53.55593,1,1,2258.887,2258.569,388.0907,111.9093,500,1,53.77334,2.516872,0,0,443.7098,0,1114.039,0.5570195,0.6317441,0.3172331,0,250,0.3172331,1870.479,0,0,0,0,53.55593,463.3968,383.7173,79.67952,506.6133,0,1013.227,0,0,-1.296741e-13,4.263256e-14
mpc,2026-01-15 01:15:00,965,1.25,30.51601,3209.283,63.0727,0,65.98296,1,1,2246.498,2246.181,434.3252,125.1856,559.5108,3,57.21947,2.291339,0,0,500,0,1238.864,0.6194318,0.701494,0.3172331,0,250,0.3172331,1811.856,0,0,5.853229,0,65.98296,459.1025,370.2774,88.8251,508.9475,0,1027.992,0,2.842171e-14,4.762857e-14,4.263256e-14
mpc,2026-01-15 01:30:00,966,1.5,30.35466,3158.199,45.6153,0,38.93459,1,1,2210.739,2210.422,388.0862,111.9138,500,1,52.72754,2.571292,0,0,444.7012,0,1349.844,0.6749219,0.7800943,0.3172331,0,250,0.3172331,1822.336,0,0,0,0,38.93459,450.1619,371.0732,79.08865,490.9151,0,981.8302,0,-5.684342e-14,8.437695e-14,4.263256e-14
mpc,2026-01-15 01:45:00,967,1.75,30.12189,3176.466,57.16254,3.584649,28.79803,1,1,2223.526,2223.209,428.2782,123.2562,551.5344,2,51.02932,0.505108,0,0,500,0,1474.631,0.7373157,0.8499769,0.3172331,0,250,0.3172331,1794.93,0,0,6.13322,3.079541,28.79803,450.4172,363.5971,86.82012,492.6869,0,1001.266,0,0,2.047251e-13,4.263256e-14
mpc,2026-01-15 02:00:00,968,2,29.78319,3204.877,50.33176,0,34.23941,1,1,2243.414,2243.096,388.2344,111.7656,500,1,48.47194,0.7764756,0,0,450.7516,0,1587.087,0.7935436,0.9285538,0.3172331,0,250,0.3172331,1854.862,0,0,1.859815,0,34.23941,451.0418,372.9229,78.1189,491.5724,0,986.353,0,-4.263256e-14,-7.682743e-14,4.263256e-14
mpc,2026-01-15 02:15:00,969,2.25,29.51129,3225.375,57.56159,0,44.22379,1,1,2257.762,2257.445,426.2814,122.6742,548.9556,2,48.52137,0.4342788,0,0,500,0,1711.837,0.8559187,0.9993655,0.3172331,0,250,0.3172331,1831.164,0,0,9.040219,0,44.22379,451.2133,365.9577,85.25565,497.47,0,1010.534,0,-2.842171e-14,-4.310996e-13,4.263256e-14
mpc,2026-01-15 02:30:00,970,2.5,29.30723,3299.132,52.61325,0,45.70169,1,1,2309.392,2309.075,388.189,111.811,500,1,48.66733,1.325585,0,0,450.0071,0,1824.07,0.9120348,1.077919,0.3172331,0,250,0.3172331,1920.886,0,0,3.945924,0,45.70169,459.4704,382.1742,77.29615,503.0779,0,1012.962,0,0,2.335909e-13,4.263256e-14
mpc,2026-01-15 02:45:00,971,2.75,29.04244,3279.706,59.8628,0,38.68296,1,1,2295.794,2295.477,0,0,0,0,0,0,0,0,0,62.02001,1808.277,0.9041387,1.14859,0.3172331,0,250,0.3172331,2295.477,0,0,1.39308,0,38.68296,454.1333,454.0705,0.06275219,461.7225,0,925.848,0,0,-2.444711e-13,4.263256e-14
mpc,2026-01-15 03:00:00,972,3,28.65602,3240.294,64.24022,0,28.6967,1,1,2268.206,2267.889,337.2257,97.62869,434.8544,1,61.00089,5.824704,0,0,368.0288,0,1900,0.95,1.138646,0.3172331,0,250,0.3172331,1930.663,0,0,3.239329,0,28.6967,444.9349,378.722,66.21295,481.9799,0,969.5476,0,-4.263256e-14,-2.269296e-13,4.263256e-14
mpc,2026-01-15 03:15:00,973,3.25,28.43611,3290.399,48.83864,0,19.50408,1,1,2303.279,2302.962,0,0,0,0,0,0,0,0,0,67.70172,1882.775,0.9413877,1.196402,0.3172331,0,250,0.3172331,2302.962,0,0,0,0,19.50408,449.681,449.6191,0.06193505,453.427,0,906.854,0,0,-3.250733e-13,4.263256e-14
mpc,2026-01-15 03:30:00,974,3.5,28.32343,3325.618,40.61181,0,17.14677,1,1,2327.933,2327.615,115.4182,34.58177,150,1,66.94045,1.134431,11.84144,0,70.08369,0,1900,0.95,1.185556,0.3172331,0,250,0.3172331,2212.197,8.684658,0,0,0,8.462115,453.3971,430.856,22.54108,467.0859,0,934.1718,0,2.131628e-14,-3.397283e-14,4.263256e-14
mpc,2026-01-15 03:45:00,975,3.75,28.16731,3293.175,48.21536,0,20.23829,1,1,2305.223,2304.905,0,0,0,0,0,0,0,0,0,66.93642,1882.967,0.9414834,1.196402,0.3172331,0,250,0.3172331,2304.905,0,0,0,0,20.23829,447.4774,447.4158,0.06157957,451.3443,0,902.6887,0,0,1.811884e-13,4.263256e-14
mpc,2026-01-15 04:00:00,976,4,28.08313,3287.459,52.61049,0,13.76809,1,1,2301.222,2300.904,115.0496,34.95035,150,1,63.24131,2.777337,14.66286,0,69.31849,0,1900,0.95,1.185677,0.3172331,0,250,0.3172331,2185.855,10.78211,0,0,0,2.98598,445.8992,423.545,22.35422,459.074,0,918.1479,0,0,1.396661e-13,4.263256e-14
mpc,2026-01-15 04:15:00,977,4.25,28.03513,3272.91,62.94551,0,8.354236,1,1,2291.037,2290.72,0,0,0,0,0,0,0,0,0,73.66436,1881.285,0.9406424,1.196402,0.3172331,0,250,0.3172331,2290.72,0,0,0,0,8.354236,443.4721,443.4107,0.06140626,445.0278,0,890.0557,0,0,-2.160494e-13,4.263256e-14
mpc,2026-01-15 04:30:00,978,4.5,28.10835,3289.814,93.36096,0,7.247278,1,1,2302.87,2302.552,0,0,0,0,0,0,0,0,0,92.53409,1857.855,0.9289276,1.184618,0.3172331,0,250,0.3172331,2302.552,0,0,4.364293,0,7.247278,446.4586,446.3971,0.06150215,447.8021,0,903.1327,0,0,3.468337e-13,4.263256e-14
mpc,2026-01-15 04:45:00,979,4.75,28.36583,3281.918,115.595,0,20.09036,1,1,2297.343,2297.026,0,0,0,0,0,0,0,0,0,115.3665,1828.721,0.9143605,1.169864,0.3172331,0,250,0.3172331,2297.026,0,0,3.931314,0,20.09036,447.8462,447.7844,0.06184172,451.7008,0,910.1831,0,0,2.775558e-13,4.263256e-14
mpc,2026-01-15 05:00:00,980,5,28.44399,3306.448,143.8399,0,22.71478,1,1,2314.514,2314.196,0,0,0,0,0,0,0,0,0,145.1152,1792.154,0.8960772,1.151519,0.3172331,0,250,0.3172331,2314.196,0,0,0,0,22.71478,451.9509,451.889,0.06194554,456.3245,0,912.649,0,0,4.041212e-14,4.263256e-14
mpc,2026-01-15 05:15:00,981,5.25,28.25963,3333.625,180.3989,0,6.583096,1,1,2333.538,2333.22,0,0,0,0,0,0,0,0,0,176.6122,1747.719,0.8738596,1.128493,0.3172331,0,250,0.3172331,2333.22,0,0,5.319142,0,6.583096,453.8684,453.8067,0.0617012,455.0871,0,919.3498,0,0,-2.149392e-13,4.263256e-14
mpc,2026-01-15 05:30:00,982,5.5,27.93189,3383.735,217.9083,0,0,1,1,2368.614,2368.297,0,0,0,0,0,0,0,0,0,224.7777,1691.25,0.8456248,1.100513,0.3172331,0,250,0.3172331,2368.297,0,0,0,0,0,457.483,457.4217,0.06127158,457.4217,0,914.8434,0,0,-3.959055e-13,4.263256e-14
mpc,2026-01-15 05:45:00,983,5.75,27.9592,3363.244,264.2713,0,0,1,1,2354.27,2353.953,0,0,0,0,0,0,0,0,0,276.1017,1621.958,0.810979,1.064955,0.3172331,0,250,0.3172331,2353.953,0,0,0,0,0,454.9765,454.9152,0.06130714,454.9152,0,909.8304,0,0,2.398082e-13,4.263256e-14
mpc,2026-01-15 06:00:00,984,6,28.02488,3380.487,307.6742,0,2.077781,1,1,2366.341,2366.024,243.9604,70.17991,314.1403,1,314.1403,0,0,0,0,13.82526,1618.246,0.8091232,1.021323,0.3172331,0,250,0.3172331,2122.064,0,0,0,0,2.077781,457.9486,410.6745,47.27408,481.2566,0,962.5131,0,0,-6.683543e-14,4.263256e-14
mpc,2026-01-15 06:15:00,985,6.25,27.94661,3403.976,367.5637,0.4946182,0,1,1,2382.783,2382.466,0,0,0,0,0,0,0,0,0,371.6859,1525.07,0.7625351,1.018986,0.3172331,0,250,0.3172331,2382.466,0,0,0,0.3654055,0,460.3635,460.3023,0.06129074,460.3023,0,921.2348,0,0,-3.723688e-13,4.263256e-14
mpc,2026-01-15 06:30:00,986,6.5,28.07337,3404.591,411.2784,0,0.7071818,1,1,2383.214,2382.897,232.9791,67.02092,300,2,300,0,0,0,0,98.59558,1500.181,0.7500906,0.9603143,0.3172331,0,250,0.3172331,2149.918,0,0,15.67401,0,0.7071818,461.6905,416.495,45.19556,483.6529,0,994.3434,0,-2.842171e-14,2.930989e-13,4.263256e-14
mpc,2026-01-15 06:45:00,987,6.75,28.08059,3444.341,430.3546,0,2.778681,1,1,2411.039,2410.721,637.2835,183.75,821.0335,4,421.1168,3.980637,0,0,395.9361,0,1598.929,0.7994645,0.9446421,0.3172331,0,250,0.3172331,1773.438,0,0,9.237821,0,2.778681,467.1528,343.6139,123.5388,527.9024,0,1071.74,0,0,2.027267e-13,4.263256e-14
mpc,2026-01-15 07:00:00,988,7,28.25712,3448.337,444.7759,0,33.25446,1,1,2413.836,2413.518,721.6695,208.0717,929.7411,3,425.3245,4.416662,0,0,500,0,1723.677,0.8618387,1.006822,0.3172331,0,250,0.3172331,1691.849,0,0,19.45138,0,33.25446,469.461,329.0435,140.4174,543.5828,0,1120.719,0,5.684342e-14,-3.252953e-13,4.263256e-14
mpc,2026-01-15 07:15:00,989,7.25,28.35354,3447.013,438.0986,1.650836,34.0239,1,1,2412.909,2412.592,329.1444,94.68473,423.8292,2,423.8292,0,0,0,0,5.04956,1722.144,0.8610718,1.085374,0.3172331,0,250,0.3172331,2083.447,0,0,14.26944,0,34.0239,470.2508,406.0421,64.20864,507.3578,0,1039.33,0,-1.421086e-14,3.443912e-13,4.263256e-14
mpc,2026-01-15 07:30:00,990,7.5,28.55948,3501.517,410.4594,0,19.16842,1,1,2451.062,2450.744,116.4895,33.51046,150,1,150,0,0,0,0,264.2671,1655.806,0.8279028,1.084409,0.3172331,0,250,0.3172331,2334.255,0,0,2.58068,0,19.16842,479.8047,456.9393,22.86537,494.2021,0,992.8558,0,-1.421086e-14,1.052491e-13,4.263256e-14
mpc,2026-01-15 07:45:00,991,7.75,28.50073,3472.698,374.1339,0,14.62692,1,1,2430.889,2430.572,329.2749,95.29089,424.5658,1,364.7583,5.348719,0,0,54.45872,0,1669.16,0.8345799,1.042637,0.3172331,0,250,0.3172331,2101.297,0,0,9.375544,0,14.62692,475.2546,410.8172,64.4374,508.9678,0,1034.108,0,-1.421086e-14,1.756373e-13,4.263256e-14
mpc,2026-01-15 08:00:00,992,8,28.6288,3504.955,329.7492,258.3797,18.51242,1,1,2453.468,2453.151,253.3053,72.86814,326.1734,1,326.1734,0,0,0,0,252.4231,1605.791,0.8028956,1.051045,0.3172331,0,250,0.3172331,2199.846,0,0,3.575775,5.95659,18.51242,480.9938,431.272,49.72179,507.7694,0,1031.982,0,0,-4.491962e-13,4.263256e-14
mpc,2026-01-15 08:15:00,993,8.25,28.8085,3483.963,296.6044,264.526,23.38863,1,1,2438.774,2438.457,220.3617,63.39128,283.7529,1,283.7529,0,0,0,0,255.1325,1541.755,0.7708776,1.011143,0.3172331,0,250,0.3172331,2218.095,0,0,12.85146,9.393415,23.38863,479.973,436.5414,43.43162,504.5358,0,1047.444,0,0,4.618528e-14,4.263256e-14
mpc,2026-01-15 08:30:00,994,8.5,28.83496,3506.08,254.4232,266.2122,45.19681,1,1,2454.256,2453.939,116.4895,33.51046,150,1,150,0,0,0,0,341.3902,1456.165,0.7280825,0.9708207,0.3172331,0,250,0.3172331,2337.449,0,0,19.25629,9.988941,45.19681,483.2968,460.295,23.00182,502.7057,0,1055.86,0,-1.421086e-14,1.955103e-13,4.263256e-14
mpc,2026-01-15 08:45:00,995,8.75,29.30576,3533.488,203.6524,268.1991,68.88148,1,1,2473.442,2473.124,139.2647,40.06218,179.3269,1,179.3269,0,0,0,0,282.0581,1385.421,0.6927106,0.9169257,0.3172331,0,250,0.3172331,2333.86,0,0,0,10.7249,68.88148,492.0934,464.3235,27.76995,518.0897,0,1054.68,0,-7.105427e-15,3.691492e-13,4.263256e-14
mpc,2026-01-15 09:00:00,996,9,29.46865,3563.079,156.094,273.8761,67.30712,1,1,2494.155,2493.838,127.6569,36.72296,164.3799,1,164.3799,0,0,0,0,261.777,1319.759,0.6598795,0.8723794,0.3172331,0,250,0.3172331,2366.181,0,0,0,12.09916,67.30712,497.9896,472.438,25.55165,522.5996,0,1066.07,0,-7.105427e-15,4.723999e-13,4.263256e-14
mpc,2026-01-15 09:15:00,997,9.25,29.89356,3603.784,118.8969,274.1636,72.70307,1,1,2522.649,2522.332,114.6576,35.34241,150,1,127.8112,22.1888,0,0,0,238.9184,1259.822,0.6299108,0.8310328,0.3172331,0,250,0.3172331,2407.674,0,0,0,13.05643,72.70307,508.4234,485.251,23.17243,535.2462,0,1093.015,0,-1.421086e-14,-4.461986e-13,4.263256e-14
mpc,2026-01-15 09:30:00,998,9.5,30.05774,3584.73,98.50245,282.6787,69.16282,1,1,2509.311,2508.994,0,0,0,0,0,0,0,0,0,361.69,1169.201,0.5846004,0.7932912,0.3172331,0,250,0.3172331,2508.994,0,0,0,21.28613,69.16282,507.5827,507.5186,0.06416982,521.5088,0,1079.736,0,0,-4.82836e-13,4.263256e-14
mpc,2026-01-15 09:45:00,999,9.75,30.28782,3558.137,86.3758,283.3464,98.58651,1,1,2490.696,2490.379,0,0,0,0,0,0,0,0,0,350.4175,1081.412,0.5407062,0.7362286,0.3172331,0,250,0.3172331,2490.379,0,0,1.59032,17.71443,98.58651,506.4099,506.3454,0.06450003,526.3901,0,1086.081,0,0,-1.432188e-14,4.263256e-14
mpc,2026-01-15 10:00:00,1000,10,30.70929,3578.96,76.21853,285.2413,122.6147,1,1,2505.272,2504.955,0,0,0,0,0,0,0,0,0,336.0959,997.2181,0.498609,0.6809495,0.3172331,0,250,0.3172331,2504.955,0,0,8.958373,16.4056,122.6147,514.2207,514.1556,0.06511382,539.3229,0,1122.399,0,0,-1.653122e-13,4.263256e-14
mpc,2026-01-15 10:15:00,1001,10.25,31.02016,3602.265,60.10482,286.6793,133.9246,1,1,2521.585,2521.268,0,0,0,0,0,0,0,0,0,331.9078,914.0842,0.4570421,0.6279336,0.3172331,0,250,0.3172331,2521.268,0,0,0,15.1455,133.9246,521.2275,521.162,0.06557408,548.845,0,1123.816,0,0,1.671996e-13,4.263256e-14
mpc,2026-01-15 10:30:00,1002,10.5,31.32102,3613.805,57.78848,281.8274,132.6351,1,1,2529.663,2529.346,617.3452,206.6554,824.0006,3,50.61575,273.3848,0,0,500,0,1038.94,0.5194701,0.5755854,0.3172331,0,250,0.3172331,1912.001,0,0,7.172731,8.442582,132.6351,526.4991,397.9449,128.5541,632.2057,0,1291.348,0,-5.684342e-14,3.850253e-13,4.263256e-14
mpc,2026-01-15 10:45:00,1003,10.75,31.63517,3693.912,61.13649,285.0557,148.3378,1,1,2585.739,2585.421,623.1797,208.5951,831.7749,4,55.9317,275.8431,0,0,500,0,1163.777,0.5818884,0.6542055,0.3172331,0,250,0.3172331,1962.242,0,0,5.204793,9.212568,148.3378,542.0686,411.3601,130.7085,651.0524,0,1326.975,0,2.842171e-14,2.956524e-13,4.263256e-14
mpc,2026-01-15 11:00:00,1004,11,31.73959,3698.966,41.77377,282.6529,133.9773,1,0,2589.276,2588.959,0,0,0,0,0,0,0,0,0,330.4472,1080.982,0.5404909,0.7328131,0.3172331,0,250,0.3172331,2588.959,0,0,0,5.557048,133.9773,544.1205,544.0538,0.06666458,572.2083,0,1154.003,0,0,1.310063e-14,4.263256e-14
mpc,2026-01-15 11:15:00,1005,11.25,31.97552,3668.899,36.05239,290.2325,165.1286,1,0,2568.229,2567.912,0,0,0,0,0,0,0,0,0,330.0636,998.2957,0.4991478,0.6806783,0.3172331,0,250,0.3172331,2567.912,0,0,0,13.39659,165.1286,542.657,542.59,0.06703014,577.481,0,1178.071,0,0,-1.633138e-13,4.263256e-14
mpc,2026-01-15 11:30:00,1006,11.5,32.13923,3662.197,32.09382,284.1388,197.3272,1,0,2563.538,2563.22,0,0,0,0,0,0,0,0,0,320.504,918.0125,0.4590063,0.6286121,0.3172331,0,250,0.3172331,2563.22,0,0,0,6.605867,197.3272,543.7347,543.6674,0.06728618,585.5212,0,1182.438,0,0,-1.609823e-14,4.263256e-14
mpc,2026-01-15 11:45:00,1007,11.75,32.45442,3690.211,33.79321,285.6901,234.0724,0,0,2583.148,2582.83,274.519,121.0215,395.5404,2,0,0,395.5404,0,0,318.3856,838.2716,0.4191358,0.578059,0.3172331,0,250,0.3172331,2308.311,277.0225,0,0,7.301118,0,551.953,493.2275,58.72552,0,614.2489,3390.963,0,0,-9.769963e-14,4.263256e-14
mpc,2026-01-15 12:00:00,1008,12,32.6713,3699.657,37.37956,291.884,256.0147,0,0,2589.76,2589.443,297.5442,131.1721,428.7163,1,0,0,428.7163,0,0,320.3094,758.0623,0.3790311,0.5278473,0.3172331,0,250,0.3172331,2291.898,299.5139,0,0,10.22548,0,556.2012,492.2297,63.97152,0,623.4018,3446.349,0,-2.842171e-14,-1.235678e-13,4.263256e-14
mpc,2026-01-15 12:15:00,1009,12.25,32.95159,3742.281,35.66846,300.8526,290.7354,0,0,2619.597,2619.279,328.9442,145.0148,473.959,1,0,0,473.959,0,0,330.465,675.3267,0.3376633,0.4773407,0.3172331,0,250,0.3172331,2290.335,330.059,0,0,14.53881,0,566.3595,495.1728,71.18667,0,640.1876,3546.111,0,0,2.182143e-13,4.263256e-14
mpc,2026-01-15 12:30:00,1010,12.5,33.22389,3769.733,40.48363,303.6828,326.9356,0,0,2638.813,2638.495,347.0176,152.9824,500,1,0,0,500,0,0,335.0831,591.4496,0.2957248,0.4252433,0.3172331,0,250,0.3172331,2291.478,347.1044,0,0,19.74091,0,574.2327,498.6491,75.58362,0,651.6314,3618.026,0,0,-4.696243e-14,4.263256e-14
mpc,2026-01-15 12:45:00,1011,12.75,33.49681,3793.201,22.18099,301.7231,323.6784,0,0,2655.24,2654.923,372.6833,164.2971,536.9804,2,0,0,536.9804,0,0,337.6392,506.9467,0.2534733,0.3724271,0.3172331,0,250,0.3172331,2282.24,371.6041,0,0,20.11993,0,581.6072,499.9047,81.7025,0,664.2017,3687.816,0,-2.842171e-14,2.248202e-14,4.263256e-14
mpc,2026-01-15 13:00:00,1012,13,33.76411,3810.751,31.93397,299.7615,356.7253,0,0,2667.526,2667.209,409.2744,180.4282,589.7026,2,0,0,589.7026,0,0,333.4468,423.5052,0.2117526,0.3192169,0.3172331,0,250,0.3172331,2257.934,406.8282,0,0,20.97318,0,588.0856,497.7866,90.299,0,678.2149,3766.36,0,-2.842171e-14,1.208478e-13,4.263256e-14
mpc,2026-01-15 13:15:00,1013,13.25,33.94422,3823.564,31.24373,301.6747,394.4895,0,0,2676.495,2676.178,429.7722,189.4127,619.1848,4,0.4370495,0,618.7478,0,0,329.4154,341.0847,0.1705423,0.266675,0.3172331,0,250,0.3172331,2246.406,425.9746,0,0,21.10379,0,592.6516,497.4177,95.23394,0,686.8303,3813.971,0,0,7.510659e-14,4.263256e-14
mpc,2026-01-15 13:30:00,1014,13.5,34.06542,3808.723,50.37913,301.9093,380.5731,0,0,2666.106,2665.789,498.0807,212.6338,710.7145,2,58.37836,0,652.3362,0,0,282.9362,270.2969,0.1351485,0.214776,0.3172331,0,250,0.3172331,2167.708,448.4659,0,0,18.97306,0,592.0991,481.413,110.6861,0,694.0468,3849.986,0,0,-5.520584e-14,4.263256e-14
mpc,2026-01-15 13:45:00,1015,13.75,34.23035,3840.106,38.48139,294.9148,416.1181,0,0,2688.074,2687.757,514.1878,221.2242,735.412,4,45.85605,1.046822e-06,689.556,0,0,281.0175,200,0.1,0.170202,0.3172331,0,250,0.3172331,2173.569,473.1438,0,0,13.89725,0,599.3929,484.6674,114.7255,0,705.8916,3906.376,0,0,5.74818e-14,4.263256e-14
mpc,2026-01-15 14:00:00,1016,14,34.6123,3852.496,32.50179,301.5079,420.0409,0,1,2696.747,2696.43,1118.132,427.5543,1545.686,4,49.54369,279.0709,717.0716,0,500,0,324.9685,0.1624843,0.1259371,0.3172331,0,250,0.3172331,1578.298,489.8328,0,0,22.43706,0,607.0136,355.2607,251.7528,0,782.815,4344.186,0,0,-1.305622e-13,4.263256e-14
mpc,2026-01-15 14:15:00,1017,14.25,34.89061,3812.801,31.74654,302.4698,432.973,0,1,2668.961,2668.643,1131.983,433.7286,1565.712,4,48.97276,278.979,737.7602,0,500,0,449.9174,0.2249587,0.2046279,0.3172331,0,250,0.3172331,1536.66,502.3225,0,0,23.49086,0,604.9277,348.2885,256.6392,0,782.0171,4341.616,0,-5.684342e-14,6.361578e-14,4.263256e-14
mpc,2026-01-15 14:30:00,1018,14.5,35.18417,3809.039,48.10582,301.5553,442.6205,0,1,2666.327,2666.01,1136.338,436.4951,1572.833,4,41.85633,277.7923,753.1848,0,500,0,574.8465,0.2874233,0.2833064,0.3172331,0,250,0.3172331,1529.671,511.056,0,6.249489,23.76295,0,608.7864,349.2607,259.5257,0,785.7557,4373.428,0,-5.684342e-14,-1.538214e-13,4.263256e-14
mpc,2026-01-15 14:45:00,1019,14.75,35.56716,3819.275,39.87763,298.3034,447.3302,1,1,2673.493,2673.175,1152.185,442.0229,1594.207,4,54.11225,276.4925,763.6027,0,500,0,699.756,0.349878,0.3619724,0.3172331,0,250,0.3172331,1520.991,515.7852,0,0,21.81084,0,616.3511,350.6516,265.6996,792.6745,0,1622.973,0,0,1.787459e-14,4.263256e-14
mpc,2026-01-15 15:00:00,1020,15,35.60149,3835.489,47.23452,293.8952,452.6448,1,1,2684.843,2684.525,1172.896,449.9596,1622.855,4,64.14738,274.4368,784.2713,0,500,0,824.6459,0.4123229,0.4406261,0.3172331,0,250,0.3172331,1511.63,529.5306,0,0,19.45842,0,619.5072,348.7971,270.71,798.7567,0,1631.079,0,5.684342e-14,-6.439293e-14,4.263256e-14
mpc,2026-01-15 15:15:00,1021,15.25,35.84383,3819.967,61.36528,294.6849,477.4112,1,1,2673.977,2673.66,1202.968,462.3547,1665.323,4,71.39665,275.2009,818.7254,0,500,0,949.5161,0.474758,0.5192674,0.3172331,0,250,0.3172331,1470.692,551.2064,0,0,19.48394,0,620.8186,341.4512,279.3674,803.8059,0,1641.222,0,-1.705303e-13,2.410294e-13,4.263256e-14
mpc,2026-01-15 15:30:00,1022,15.5,35.86452,3814.472,66.99317,290.6879,494.2203,1,1,2670.13,2669.813,1188.71,456.497,1645.207,4,67.79802,273.602,803.8068,0,500,0,1074.367,0.5371833,0.5978963,0.3172331,0,250,0.3172331,1481.103,541.0294,0,0,17.08591,0,620.2534,344.0503,276.203,800.5473,0,1630.568,0,-1.705303e-13,-3.228529e-13,4.263256e-14
mpc,2026-01-15 15:45:00,1023,15.75,35.96844,3732.76,61.44816,288.3702,479.6569,1,1,2612.932,2612.615,1189.803,456.4735,1646.276,4,72.04434,271.9811,802.2506,0,500,0,1199.197,0.5995987,0.6765129,0.3172331,0,250,0.3172331,1422.812,539.315,0,0,16.38915,0,608.5826,331.3897,277.1929,787.8632,0,1603.998,0,0,-1.365574e-13,4.263256e-14
mpc,2026-01-15 16:00:00,1024,16,36.1637,3708.285,72.05761,288.3077,507.136,1,1,2595.799,2595.482,1189.399,454.8841,1644.283,4,83.91075,264.5026,795.8699,0,500,0,1324.009,0.6620043,0.7551171,0.3172331,0,250,0.3172331,1406.083,533.7822,0,0,23.80515,0,607.6319,329.1398,278.4921,784.0239,0,1609.112,0,-5.684342e-14,2.93654e-13,4.263256e-14
mpc,2026-01-15 16:15:00,1025,16.25,36.48875,3691.705,84.52082,287.3211,512.0598,1,1,2584.193,2583.876,1181.473,450.0401,1631.514,4,95.25835,263.5291,772.7261,0,500,0,1448.8,0.7244001,0.8337089,0.3172331,0,250,0.3172331,1402.403,516.2506,0,0,23.79196,0,610.0208,331.0491,278.9718,781.0892,0,1603.22,0,5.684342e-14,1.547651e-13,4.263256e-14
mpc,2026-01-15 16:30:00,1026,16.5,36.48253,3647.597,98.23635,285.0074,498.5731,1,1,2553.318,2553.001,621.1752,261.1214,882.2966,3,106.9539,0,775.3427,0,0,262.6881,1382.9,0.6914501,0.9122883,0.3172331,0,250,0.3172331,1931.826,518.0373,0,0,22.31925,0,602.6352,455.9503,146.6849,717.0717,0,1472.644,0,-5.684342e-14,-8.126832e-14,4.263256e-14
mpc,2026-01-15 16:45:00,1027,16.75,36.55037,3634.934,112.7578,282.2371,471.3957,1,1,2544.454,2544.136,622.3589,259.0038,881.3627,4,129.1417,0,752.221,0,0,259.9405,1317.697,0.6588487,0.8707919,0.3172331,0,250,0.3172331,1921.777,502.1805,0,0,22.29661,0,601.6025,454.3789,147.2236,713.3827,0,1465.227,0,-5.684342e-14,-2.704503e-13,4.263256e-14
mpc,2026-01-15 17:00:00,1028,17,36.76391,3613.935,143.7944,274.1657,451.1091,1,1,2529.755,2529.437,613.4274,252.7108,866.1382,2,148.9424,0,717.1958,0,0,256.8768,1253.271,0.6266354,0.8297347,0.3172331,0,250,0.3172331,1916.01,477.5726,0,0,17.28891,0,601.4675,455.5453,145.9222,708.2562,0,1446.336,0,-1.136868e-13,5.67324e-14,4.263256e-14
mpc,2026-01-15 17:15:00,1029,17.25,36.61392,3569.434,172.7744,264.0465,414.6989,1,1,2498.604,2498.287,1201.644,449.1424,1650.786,4,177.5534,253.6226,719.6101,0,500,0,1378.073,0.6890367,0.7891662,0.3172331,0,250,0.3172331,1296.643,480.0438,0,0,10.42397,0,591.74,307.0817,284.6583,756.2241,0,1530.429,0,5.684342e-14,-3.630429e-14,4.263256e-14
mpc,2026-01-15 17:30:00,1030,17.5,36.69022,3575.019,210.4015,272.9129,396.6564,1,1,2502.513,2502.196,634.8818,255.0283,889.9101,3,208.9694,0,680.9407,0,0,253.3095,1314.529,0.6572645,0.8677526,0.3172331,0,250,0.3172331,1867.314,453.8322,0,1.432041,19.60348,0,593.8462,443.1135,150.7327,698.1418,0,1432.57,0,-2.842171e-14,5.140333e-14,4.263256e-14
mpc,2026-01-15 17:45:00,1031,17.75,36.66122,3543.311,247.5427,268.5174,368.3812,1,1,2480.318,2480,1186.301,435.1698,1621.471,4,238.1523,254.0616,629.2568,0,500,0,1439.322,0.7196611,0.8277397,0.3172331,0,250,0.3172331,1293.699,419.5319,0,9.39036,14.45583,0,588.1341,306.7626,281.3715,741.9324,0,1524.999,0,-1.705303e-13,-3.849143e-13,4.263256e-14
mpc,2026-01-15 18:00:00,1032,18,36.5409,3521.076,271.6799,0,325.0356,1,1,2464.753,2464.436,1016.463,356.0654,1372.528,4,273.7235,1.063851,597.7409,0,500,0,1564.096,0.7820478,0.9063201,0.3172331,0,250,0.3172331,1447.973,399.0953,0,0,0,0,582.615,342.2699,240.3451,698.3352,0,1396.67,0,1.136868e-13,1.482148e-13,4.263256e-14
mpc,2026-01-15 18:15:00,1033,18.25,36.5387,3535.095,299.904,0,322.315,1,1,2474.567,2474.25,1015.074,352.4118,1367.486,4,299.2908,6.048848,562.1465,0,500,0,1688.849,0.8444247,0.9848881,0.3172331,0,250,0.3172331,1459.175,375.3398,0,0.6131901,0,0,584.9012,344.8981,240.0031,697.3099,0,1395.678,0,1.136868e-13,-2.916556e-13,4.263256e-14
mpc,2026-01-15 18:30:00,1034,18.5,36.57737,3500.145,345.8082,0,308.712,1,0,2450.102,2449.785,361.4334,159.3376,520.771,2,0,0,520.771,0,0,331.3449,1605.747,0.8028736,1.063444,0.3172331,0,250,0.3172331,2088.351,347.5527,0,18.59618,0,0,579.7014,494.1101,85.59128,653.4477,0,1338.974,0,-2.842171e-14,-4.016787e-13,4.263256e-14
mpc,2026-01-15 18:45:00,1035,18.75,36.40211,3522.266,352.3006,0.7971803,285.7879,1,0,2465.586,2465.269,328.2266,144.6984,472.9249,2,0,0,472.9249,0,0,365.1341,1514.211,0.7571055,1.011116,0.3172331,0,250,0.3172331,2137.042,316.2842,0,0,0,0,580.7161,503.3347,77.38147,648.033,0,1296.066,0,-2.842171e-14,-3.272938e-13,4.263256e-14
mpc,2026-01-15 19:00:00,1036,19,36.38009,3512.09,385.7875,1.639698,269.2108,0,0,2458.463,2458.146,314.0346,138.4419,452.4764,1,0,0,452.4764,0,0,383.9498,1417.985,0.7089926,0.9534765,0.3172331,0,250,0.3172331,2144.111,302.6883,0,6.106623,0,0,578.7083,504.7117,73.99664,0,643.1536,3547.878,0,-2.842171e-14,-1.962874e-13,4.263256e-14
mpc,2026-01-15 19:15:00,1037,19.25,36.31433,3466.415,410.1855,0,252.4684,0,0,2426.49,2426.173,288.0807,127.0001,415.0808,1,0,0,415.0808,0,0,402.6592,1317.097,0.6585486,0.8928845,0.3172331,0,250,0.3172331,2138.093,277.8905,0,12.22302,0,0,570.2112,502.4394,67.77184,0,629.4395,3483.002,0,-4.263256e-14,-4.016787e-13,4.263256e-14
mpc,2026-01-15 19:30:00,1038,19.5,36.0486,3410.461,410.3489,0,220.9223,0,0,2387.323,2387.006,270.6209,119.303,389.9239,1,0,0,389.9239,0,0,404.2063,1215.838,0.6079191,0.8293568,0.3172331,0,250,0.3172331,2116.385,261.8772,0,7.733821,0,0,557.1798,493.9453,63.23454,0,613.2483,3386.206,0,-2.842171e-14,-1.904033e-13,4.263256e-14
mpc,2026-01-15 19:45:00,1039,19.75,36.13355,3402.984,407.2217,0,225.3996,0,0,2382.088,2381.771,245.9769,108.4387,354.4156,2,0,0,354.4156,0,0,401.5931,1115.249,0.5576243,0.7655955,0.3172331,0,250,0.3172331,2135.794,237.7886,0,9.019398,0,0,557.1734,499.5649,57.60851,0,608.0036,3359.578,0,-2.842171e-14,-1.599831e-13,4.263256e-14
mpc,2026-01-15 20:00:00,1040,20,36.14066,3372.872,414.2172,0,213.4619,0,0,2361.01,2360.693,227.5593,100.3193,327.8787,1,0,0,327.8787,0,0,394.6338,1016.415,0.5082073,0.7022557,0.3172331,0,250,0.3172331,2133.134,219.9655,0,24.38109,0,0,552.3442,499.0338,53.31036,0,599.3531,3338.5,0,0,-6.17284e-14,4.263256e-14
mpc,2026-01-15 20:15:00,1041,20.25,35.87831,3334.422,377.302,0,191.6975,0,0,2334.095,2333.778,213.2039,93.99075,307.1947,2,0,0,307.1947,0,0,371.5363,923.3705,0.4616852,0.6400213,0.3172331,0,250,0.3172331,2120.574,206.7339,0,6.175324,0,0,542.3857,492.7687,49.61701,0,586.7595,3237.829,0,0,4.22995e-14,4.263256e-14
mpc,2026-01-15 20:30:00,1042,20.5,35.64005,3298.878,354.3941,0,169.6901,0,0,2309.215,2308.898,193.8176,85.44429,279.2618,1,0,0,279.2618,0,0,342.3166,837.646,0.418823,0.5814329,0.3172331,0,250,0.3172331,2115.08,188.4681,0,13.78108,0,0,533.3559,488.5169,44.83902,0,573.9612,3180.559,0,-1.421086e-14,-7.016609e-14,4.263256e-14
mpc,2026-01-15 20:45:00,1043,20.75,35.56703,3287.988,321.9057,0.7337452,140.7478,0,0,2301.592,2301.275,176.4767,77.79958,254.2763,1,0,0,254.2763,0,0,310.4918,759.8912,0.3799456,0.5274534,0.3172331,0,250,0.3172331,2124.798,171.7544,0,13.40703,0,0,530.6109,489.8527,40.75822,0,567.6523,3145.215,0,-1.421086e-14,-1.608713e-13,4.263256e-14
mpc,2026-01-15 21:00:00,1044,21,35.31634,3278.365,278.8791,0.2268844,132.1327,0,0,2294.856,2294.539,157.8947,69.60771,227.5024,1,0,0,227.5024,0,0,272.6927,691.5984,0.3457992,0.4784923,0.3172331,0,250,0.3172331,2136.644,154.1259,0,8.450376,0,0,525.7158,489.4719,36.24388,0,559.0796,3089.515,0,-1.421086e-14,1.239564e-13,4.263256e-14
mpc,2026-01-15 21:15:00,1045,21.25,34.88119,3285.542,250.2954,0,130.1361,0,0,2299.879,2299.562,135.686,59.81705,195.503,1,0,0,195.503,0,0,241.7841,631.0435,0.3155217,0.4354893,0.3172331,0,250,0.3172331,2163.876,133.1279,0,10.61247,0,0,521.152,490.3337,30.81829,0,550.1507,3044.135,0,-7.105427e-15,8.654188e-14,4.263256e-14
mpc,2026-01-15 21:30:00,1046,21.5,34.81538,3252.518,219.2512,1.778086,135.8693,0,0,2276.763,2276.445,123.2225,54.32254,177.5451,1,0,0,177.5451,0,0,203.5578,580.0547,0.2900273,0.3973588,0.3172331,0,250,0.3172331,2153.223,120.9929,0,17.20455,0.2669541,14.87647,515.0688,487.1206,27.94823,0,544.8086,3026.586,0,-7.105427e-15,4.951595e-14,4.263256e-14
mpc,2026-01-15 21:45:00,1047,21.75,34.60345,3243.526,180.3448,1.615663,118.5912,0,0,2270.468,2270.151,124.5152,54.89243,179.4077,1,0,0,179.4077,0,0,183.2916,534.1405,0.2670702,0.3652519,0.3172331,0,250,0.3172331,2145.636,122.5664,0,0.6475281,0,0,510.9501,482.8576,28.09252,0,537.75,2958.742,0,-7.105427e-15,1.117995e-13,4.263256e-14
mpc,2026-01-15 22:00:00,1048,22,34.63043,3232.505,161.4635,0,117.9023,0,0,2262.753,2262.436,115.7429,51.02514,166.768,1,0,0,166.768,0,0,158.5084,494.4293,0.2472146,0.3363404,0.3172331,0,250,0.3172331,2146.693,113.8953,0,5.067066,0,4.007011,509.5542,483.4184,26.13582,0,535.3459,2953.143,0,0,6.045164e-14,4.263256e-14
mpc,2026-01-15 22:15:00,1049,22.25,34.44543,3219.012,130.7893,0,95.22588,0,0,2253.308,2252.991,110.4952,48.71169,159.2069,1,0,0,159.2069,0,0,129.3078,462.0245,0.2310123,0.3113349,0.3172331,0,250,0.3172331,2142.496,108.967,0,2.134385,0,0,505.1125,480.2722,24.84024,0,528.9839,2913.093,0,-7.105427e-15,-4.718448e-15,4.263256e-14
mpc,2026-01-15 22:30:00,1050,22.5,34.23238,3261.102,109.928,0,81.75176,0,0,2282.771,2282.454,0,0,0,0,0,0,0,0,0,112.4857,433.8303,0.2169152,0.29093,0.3172331,0,250,0.3172331,2282.454,0,0,0,0,81.75176,509.0428,508.9721,0.07074087,0,527.2022,2899.612,0,0,1.798561e-14,4.263256e-14
mpc,2026-01-15 22:45:00,1051,22.75,34.36319,3266.762,96.07936,1.182821,73.25662,0,0,2286.734,2286.416,0,0,0,0,0,0,0,0,0,94.39256,410.1639,0.205082,0.2731766,0.3172331,0,250,0.3172331,2286.416,0,0,3.026972,0,73.25662,511.568,511.497,0.0709686,0,527.8853,2908.591,0,0,-2.331468e-14,4.263256e-14
mpc,2026-01-15 23:00:00,1052,23,34.08885,3319.663,96.90727,3.066712,77.36433,0,0,2323.764,2323.447,0,0,0,0,0,0,0,0,0,73.57574,391.7054,0.1958527,0.2582742,0.3172331,0,250,0.3172331,2323.447,0,0,24.38765,2.01058,77.36433,516.3661,516.2956,0.07049269,0,533.4868,2979.714,0,0,-8.976153e-14,4.263256e-14
mpc,2026-01-15 23:15:00,1053,23.25,33.71112,3325.672,93.65931,0.2069568,81.85397,0,0,2327.97,2327.653,0,0,0,0,0,0,0,0,0,62.95158,375.9058,0.1879529,0.2466512,0.3172331,0,250,0.3172331,2327.653,0,0,30.70773,0.2069568,81.85397,512.5682,512.4983,0.0698478,0,530.5208,2971.192,0,0,5.653811e-14,4.263256e-14
mpc,2026-01-15 23:30:00,1054,23.5,33.48756,3318.785,88.00117,3.501946,69.54833,0,1,2323.149,2322.832,388.2722,111.7278,500,1,58.63621,0.3183571,0,0,441.0454,0,486.108,0.243054,0.2367024,0.3172331,0,250,0.3172331,1934.56,0,0,29.36496,3.183588,69.54833,508.7521,423.654,85.09814,0,550.6123,3084.514,0,-2.842171e-14,4.693468e-14,4.263256e-14
mpc,2026-01-15 23:45:00,1055,23.75,33.38128,3335.943,74.58385,0,63.5223,0,1,2335.16,2334.843,433.1274,124.6183,557.7457,3,57.54923,0.1964946,0,0,500,0,611.0315,0.3055157,0.3060951,0.3172331,0,250,0.3172331,1901.716,0,0,17.03462,0,63.5223,510.0765,415.3978,94.6787,0,553.8915,3075.788,0,-1.421086e-14,-3.430589e-14,4.263256e-14
mpc,2026-01-16 00:00:00,1056,0,32.97468,3346.967,75.89573,4.472013,83.39488,1,1,2342.877,2342.56,431.6768,124.2863,555.963,2,54.96481,0.9982331,0,0,500,0,735.9353,0.3679676,0.3847576,0.3172331,0,250,0.3172331,1910.883,0,0,20.93092,3.47378,83.39488,506.8108,413.3619,93.44887,555.6881,0,1153.474,0,0,-2.04059e-13,4.263256e-14
mpc,2026-01-16 00:15:00,1057,0.25,32.6059,3282.091,54.79114,0,65.12626,1,1,2297.464,2297.146,433.0176,124.6557,557.6734,2,56.82805,0.8453184,0,0,500,0,860.8195,0.4304097,0.4634077,0.3172331,0,250,0.3172331,1864.129,0,0,0,0,65.12626,492.6637,399.7402,92.9235,538.3615,0,1076.723,0,8.526513e-14,-3.497203e-15,4.263256e-14
mpc,2026-01-16 00:30:00,1058,0.5,32.41866,3251.259,47.096,0,42.87403,1,1,2275.881,2275.564,434.2119,124.9094,559.1214,3,59.12136,0,0,0,500,0,985.6839,0.492842,0.5420454,0.3172331,0,250,0.3172331,1841.352,0,0,0,0,42.87403,485.8896,393.1197,92.76987,527.1825,0,1054.365,0,-4.263256e-14,-1.676437e-14,4.263256e-14
mpc,2026-01-16 00:45:00,1059,0.75,31.76072,3241.47,56.50173,0,39.28182,1,1,2269.029,2268.712,428.5788,123.3362,551.915,3,51.4707,0.4443474,0,0,500,0,1110.529,0.5552644,0.6206707,0.3172331,0,250,0.3172331,1840.133,0,0,5.031029,0,39.28182,477.0555,386.8816,90.17391,518.4766,0,1045.632,0,4.263256e-14,2.293721e-13,4.263256e-14
mpc,2026-01-16 01:00:00,1060,1,31.388,3246.803,61.19563,0,34.0456,1,1,2272.762,2272.445,388.2064,111.7936,500,1,52.7387,1.114863,0,0,446.1464,0,1221.891,0.6109453,0.6992837,0.3172331,0,250,0.3172331,1884.239,0,0,8.456927,0,34.0456,473.7566,392.769,80.98764,511.6594,0,1037.907,0,-1.421086e-14,-8.104628e-15,4.263256e-14
mpc,2026-01-16 01:15:00,1061,1.25,31.26921,3250.749,70.21044,1.961915,39.3524,1,1,2275.524,2275.207,435.9666,125.5218,561.4884,3,60.47658,1.01181,0,0,500,0,1346.698,0.6733491,0.7694066,0.3172331,0,250,0.3172331,1839.241,0,0,9.733861,0.9501048,39.3524,473.0439,382.3477,90.6962,516.0502,0,1050.53,0,-4.263256e-14,3.73146e-13,4.263256e-14
mpc,2026-01-16 01:30:00,1062,1.5,30.97651,3205.828,76.7392,2.274771,42.12592,1,1,2244.079,2243.762,388.2072,111.7928,500,1,48.78018,1.105749,0,0,450.1141,0,1459.015,0.7295074,0.8479961,0.3172331,0,250,0.3172331,1855.555,0,0,27.95903,1.169023,42.12592,463.4054,383.1746,80.23081,503.6664,0,1057.579,0,-1.421086e-14,3.640421e-13,4.263256e-14
mpc,2026-01-16 01:45:00,1063,1.75,30.55814,3220.167,68.01608,0,35.86931,1,1,2254.117,2253.8,431.9721,124.4932,556.4652,3,54.31985,2.145374,0,0,500,0,1583.785,0.7918925,0.9187202,0.3172331,0,250,0.3172331,1821.828,0,0,13.69623,0,35.86931,461.0961,372.6682,88.42795,504.4987,0,1032.623,0,0,7.860379e-14,4.263256e-14
mpc,2026-01-16 02:00:00,1064,2,30.61399,3233.354,54.62103,0,39.81273,1,1,2263.347,2263.03,426.8589,122.8285,549.6874,3,49.3644,0.3229791,0,0,500,0,1708.536,0.8542679,0.9972862,0.3172331,0,250,0.3172331,1836.171,0,0,5.256632,0,39.81273,463.567,376.075,87.49196,507.0577,0,1023.183,0,4.263256e-14,-1.402212e-13,4.263256e-14
mpc,2026-01-16 02:15:00,1065,2.25,30.24255,3211.474,42.50296,0,42.6976,1,1,2248.032,2247.715,428.846,123.3835,552.2295,3,53.51745,0.1667688,0,0,498.5453,0,1832.903,0.9164516,1.07584,0.3172331,0,250,0.3172331,1818.869,0,0,0,0,42.6976,456.609,369.4395,87.16948,501.4956,0,1002.991,0,-4.263256e-14,2.529088e-13,4.263256e-14
mpc,2026-01-16 02:30:00,1066,2.5,30.00027,3187.485,49.63981,2.222825,33.07645,1,1,2231.24,2230.922,204.0663,58.76809,262.8344,1,50.93954,0.606626,0,0,211.2882,0,1885.437,0.9427183,1.154152,0.3172331,0,250,0.3172331,2026.856,0,0,0,1.616199,33.07645,450.7582,409.4683,41.28985,474.9185,0,952.625,0,-2.131628e-14,-2.176037e-13,4.263256e-14
mpc,2026-01-16 02:45:00,1067,2.75,29.79045,3214.595,55.01415,4.193423,17.34904,1,1,2250.217,2249.899,0,0,0,0,0,0,0,0,0,60.93885,1869.905,0.9349525,1.187232,0.3172331,0,250,0.3172331,2249.899,0,0,0,2.56995,17.34904,452.4822,452.4184,0.06379044,455.907,0,916.2471,0,0,-3.028688e-13,4.263256e-14
mpc,2026-01-16 03:00:00,1068,3,29.65324,3210.441,73.39104,0,7.817395,1,1,2247.309,2246.992,145.1463,42.03119,187.1775,1,63.0144,2.606049,0,0,121.5571,0,1900,0.95,1.177452,0.3172331,0,250,0.3172331,2101.845,0,0,10.37663,0,7.817395,450.5301,421.3683,29.16186,464.9666,0,947.833,0,-1.421086e-14,3.104184e-13,4.263256e-14
mpc,2026-01-16 03:15:00,1069,3.25,29.47034,3241.898,67.92911,0,31.99674,1,1,2269.329,2269.011,0,0,0,0,0,0,0,0,0,57.44643,1885.339,0.9426697,1.196402,0.3172331,0,250,0.3172331,2269.011,0,0,11.94782,0,31.99674,453.1169,453.0536,0.06334194,459.4424,0,939.4947,0,0,-3.121947e-13,4.263256e-14
mpc,2026-01-16 03:30:00,1070,3.5,29.33965,3272.29,75.03687,4.780649,54.02616,1,1,2290.603,2290.286,113.3839,36.61613,150,1,52.55366,0.4741424,37.1422,0,59.83,0,1900,0.95,1.18717,0.3172331,0,250,0.3172331,2176.902,26.9386,0,22.48322,4.306506,27.08756,456.0557,433.418,22.63772,475.4272,0,997.0667,0,-1.421086e-14,1.398881e-14,4.263256e-14
mpc,2026-01-16 03:45:00,1071,3.75,29.24168,3280.974,93.56394,5.193707,51.96991,1,1,2296.682,2296.365,0,0,0,0,0,0,0,0,0,56.77042,1885.508,0.9427541,1.196402,0.3172331,0,250,0.3172331,2296.365,0,0,36.82005,5.167168,51.96991,456.2869,456.2239,0.06302541,466.5489,0,1005.526,0,0,-2.773337e-13,4.263256e-14
mpc,2026-01-16 04:00:00,1072,4,29.13994,3241.6,100.0563,2.7868,64.0104,1,1,2269.12,2268.803,0,0,0,0,0,0,0,0,0,58.66268,1870.546,0.9352729,1.187277,0.3172331,0,250,0.3172331,2268.803,0,0,42.62059,1.55985,64.0104,449.8111,449.7483,0.0628856,462.4371,0,1001.086,0,0,2.693401e-13,4.263256e-14
mpc,2026-01-16 04:15:00,1073,4.25,29.07733,3225.7,122.6058,3.12098,46.276,1,1,2257.99,2257.673,0,0,0,0,0,0,0,0,0,67.59667,1853.352,0.9266761,1.177855,0.3172331,0,250,0.3172331,2257.673,0,0,55.89658,2.233557,46.276,446.9945,446.9317,0.06279986,456.0926,0,1012.46,0,0,-3.739231e-13,4.263256e-14
mpc,2026-01-16 04:30:00,1074,4.5,28.70911,3189.808,138.8972,0,32.87356,1,1,2232.865,2232.548,0,0,0,0,0,0,0,0,0,92.77648,1829.866,0.9149331,1.167029,0.3172331,0,250,0.3172331,2232.548,0,0,47.72111,0,32.87356,438.5048,438.4425,0.06230032,444.8985,0,972.1158,0,0,-6.883383e-15,4.263256e-14
mpc,2026-01-16 04:45:00,1075,4.75,28.72842,3197.385,146.5563,0,38.76775,1,1,2238.17,2237.852,0,0,0,0,0,0,0,0,0,115.318,1800.749,0.9003744,1.15224,0.3172331,0,250,0.3172331,2237.852,0,0,32.8978,0,38.76775,439.7299,439.6676,0.06232632,447.2842,0,951.3171,0,0,-8.21565e-15,4.263256e-14
mpc,2026-01-16 05:00:00,1076,5,28.52343,3195.249,161.4104,0,28.8639,1,1,2236.674,2236.357,421.1504,121.2007,542.3511,2,143.7541,0.4579941,0,0,398.139,0,1900,0.95,1.133905,0.3172331,0,250,0.3172331,1815.207,0,0,17.65633,0,28.8639,437.4979,355.058,82.4399,481.9046,0,994.2663,0,5.684342e-14,2.131628e-13,4.263256e-14
mpc,2026-01-16 05:15:00,1077,5.25,28.23877,3259.896,198.3076,0,17.60814,1,1,2281.927,2281.61,0,0,0,0,0,0,0,0,0,178.5408,1855.066,0.9275329,1.196402,0.3172331,0,250,0.3172331,2281.61,0,0,20.44492,0,17.60814,443.6323,443.5707,0.06167368,446.9939,0,929.2553,0,0,-4.387601e-13,4.263256e-14
mpc,2026-01-16 05:30:00,1078,5.5,28.43633,3289.626,246.6389,2.950589,11.72155,1,1,2302.738,2302.421,0,0,0,0,0,0,0,0,0,220.9373,1799.539,0.8997697,1.168108,0.3172331,0,250,0.3172331,2302.421,0,0,26.99139,1.660807,11.72155,449.5776,449.5157,0.06193535,451.8042,0,953.0334,0,0,1.363354e-13,4.263256e-14
mpc,2026-01-16 05:45:00,1079,5.75,28.30123,3292.256,286.3031,0,10.30426,1,1,2304.579,2304.262,0,0,0,0,0,0,0,0,0,269.4481,1731.894,0.865947,1.133144,0.3172331,0,250,0.3172331,2304.262,0,0,17.30253,0,10.30426,448.6354,448.5737,0.06175617,450.5796,0,931.0061,0,0,-3.588241e-13,4.263256e-14
mpc,2026-01-16 06:00:00,1080,6,28.37588,3271.333,339.8798,3.65138,10.31347,1,1,2289.933,2289.616,0,0,0,0,0,0,0,0,0,316.6263,1652.465,0.8262324,1.090548,0.3172331,0,250,0.3172331,2289.616,0,0,23.35785,3.547054,10.31347,446.498,446.4361,0.06185505,448.4471,0,943.3051,0,0,3.241851e-13,4.263256e-14
mpc,2026-01-16 06:15:00,1081,6.25,28.34296,3336.682,380.2407,5.174194,25.78153,1,1,2335.678,2335.36,0,0,0,0,0,0,0,0,0,369.6052,1559.803,0.7799017,1.040533,0.3172331,0,250,0.3172331,2335.36,0,0,10.94109,4.868653,25.78153,455.0961,455.0343,0.06181141,460.0577,0,947.3872,0,0,-1.496581e-13,4.263256e-14
mpc,2026-01-16 06:30:00,1082,6.5,28.34021,3321.38,408.8674,7.694253,5.825407,1,1,2324.966,2324.649,0,0,0,0,0,0,0,0,0,405.3853,1458.211,0.7291058,0.9821853,0.3172331,0,250,0.3172331,2324.649,0,0,4.73739,6.439009,5.825407,452.9823,452.9204,0.06180776,454.0554,0,927.3901,0,0,2.702283e-13,4.263256e-14
mpc,2026-01-16 06:45:00,1083,6.75,28.50601,3282.26,427.3731,0.2490967,0,1,1,2297.582,2297.265,155.1953,44.64492,199.8402,1,199.8402,0,0,0,0,227.9278,1401,0.7005,0.9182144,0.3172331,0,250,0.3172331,2142.07,0,0,1.337014,0,0,449.2432,418.8361,30.40716,463.481,0,929.2683,0,-1.421086e-14,3.543832e-13,4.263256e-14
mpc,2026-01-16 07:00:00,1084,7,28.48754,3287.305,431.5978,0.3239337,0,1,1,2301.113,2300.796,728.2098,209.6886,937.8984,3,435.9702,1.928196,0,0,500,0,1525.78,0.7628897,0.8821892,0.3172331,0,250,0.3172331,1572.586,0,0,0,0,0,449.755,307.3636,142.3914,517.0522,0,1034.104,0,-8.526513e-14,6.883383e-14,4.263256e-14
mpc,2026-01-16 07:15:00,1085,7.25,28.67126,3276.603,422.9175,2.446623,0,1,1,2293.622,2293.305,725.8086,209.1252,934.9338,4,431.8077,3.126013,0,0,500,0,1650.539,0.8252696,0.960761,0.3172331,0,250,0.3172331,1567.496,0,0,0,0,0,450.0686,307.5838,142.4849,516.7089,0,1033.418,0,0,1.509903e-13,4.263256e-14
mpc,2026-01-16 07:30:00,1086,7.5,28.87026,3330.789,400.1676,4.973415,0,1,1,2331.552,2331.235,560.8361,161.6413,722.4774,2,409.4681,2.878195,0,0,310.1311,0,1727.812,0.8639061,1.03932,0.3172331,0,250,0.3172331,1770.399,0,0,0,2.09522,0,459.4851,348.8972,110.588,510.5385,0,1024.691,0,-8.526513e-14,1.021405e-13,4.263256e-14
mpc,2026-01-16 07:45:00,1087,7.75,29.18485,3329.373,371.2197,2.555798,18.71199,1,1,2330.561,2330.244,677.2377,195.0739,872.3116,4,369.9281,2.383439,0,0,500,0,1852.54,0.9262701,1.087978,0.3172331,0,250,0.3172331,1653.006,0,0,1.291593,0.1723587,18.71199,462.4434,327.9991,134.4444,526.7858,0,1056.097,0,5.684342e-14,-2.216005e-13,4.263256e-14
mpc,2026-01-16 08:00:00,1088,8,29.31594,3372.38,318.8151,259.9555,27.96787,1,1,2360.666,2360.349,254.8096,73.30088,328.1105,1,328.1105,0,0,0,0,256.2612,1788.183,0.8940917,1.166517,0.3172331,0,250,0.3172331,2105.539,0,0,0,3.694325,27.96787,469.7613,418.9923,50.76902,497.8586,0,1002.09,0,0,1.401102e-13,4.263256e-14
mpc,2026-01-16 08:15:00,1089,8.25,29.64071,3436.7,271.7412,269.793,47.66642,1,1,2405.69,2405.373,300.8477,98.0365,398.8842,1,290.7888,108.0954,0,0,0,152.7231,1749.721,0.8748605,1.125993,0.3172331,0,250,0.3172331,2104.525,0,0,0,8.974596,47.66642,482.1485,421.789,60.35949,529.3788,0,1074.239,0,2.842171e-14,-1.560974e-13,4.263256e-14
mpc,2026-01-16 08:30:00,1090,8.5,30.06361,3428.411,221.0549,272.045,55.47426,1,1,2399.888,2399.571,190.9016,54.91651,245.8181,1,245.8181,0,0,0,0,262.2305,1683.888,0.841944,1.101774,0.3172331,0,250,0.3172331,2208.669,0,0,0,9.814519,55.47426,485.5122,446.8275,38.68475,512.9668,0,1042.864,0,-1.421086e-14,3.745892e-13,4.263256e-14
mpc,2026-01-16 08:45:00,1091,8.75,30.47755,3446.81,169.419,275.4617,56.80955,1,1,2412.767,2412.45,158.2524,45.52436,203.7768,1,203.7768,0,0,0,0,263.8791,1617.653,0.8088266,1.06032,0.3172331,0,250,0.3172331,2254.197,0,0,0,11.58261,56.80955,492.6558,460.2779,32.37787,517.4021,0,1054.784,0,-1.421086e-14,2.116085e-13,4.263256e-14
mpc,2026-01-16 09:00:00,1092,9,30.76935,3518.74,139.1662,280.8707,66.77759,1,1,2463.118,2462.801,366.0916,133.9084,500,1,159.8892,268.9734,0,0,71.13746,0,1635.183,0.8175914,1.018612,0.3172331,0,250,0.3172331,2096.709,0,0,0,11.89737,66.77759,506.2549,430.9454,75.30952,578.5789,0,1177.681,0,-2.842171e-14,-3.874678e-13,4.263256e-14
mpc,2026-01-16 09:15:00,1093,9.25,31.05244,3523.141,93.18563,278.9289,88.01772,1,1,2466.199,2465.882,0,0,0,0,0,0,0,0,0,391.8454,1536.964,0.768482,1.029651,0.3172331,0,250,0.3172331,2465.882,0,0,0,10.10619,88.01772,510.1532,510.0876,0.06562224,528.2948,0,1074.023,0,0,-2.464695e-13,4.263256e-14
mpc,2026-01-16 09:30:00,1094,9.5,31.65603,3530.931,68.32691,287.5095,116.5566,1,1,2471.652,2471.334,112.3183,37.68165,150,1,99.47792,0,50.52208,0,0,273.6163,1468.318,0.734159,0.9678037,0.3172331,0,250,0.3172331,2359.016,35.70657,0,0,13.89313,80.85,518.4011,494.777,23.62404,549.4161,0,1122.798,0,-2.842171e-14,1.223466e-13,4.263256e-14
mpc,2026-01-16 09:45:00,1095,9.75,32.18222,3539.629,56.04586,283.9701,106.1641,1,1,2477.74,2477.423,646.3264,215.2621,861.5885,2,85.66692,275.9216,0,0,500,0,1593.087,0.7965435,0.9245783,0.3172331,0,250,0.3172331,1831.097,0,0,0,8.048485,106.1641,526.0645,388.7715,137.2929,626.574,0,1267.032,0,-2.842171e-14,2.615685e-13,4.263256e-14
mpc,2026-01-16 10:00:00,1096,10,32.32171,3538.884,39.40262,289.84,113.8349,1,1,2477.219,2476.902,0,0,0,0,0,0,0,0,0,350.5984,1505.187,0.7525932,1.003143,0.3172331,0,250,0.3172331,2476.902,0,0,0,11.39296,113.8349,527.6728,527.6052,0.06757386,551.8532,0,1123.359,0,0,1.028067e-13,4.263256e-14
mpc,2026-01-16 10:15:00,1097,10.25,32.68897,3540.818,40.64964,288.7454,145.1516,1,1,2478.573,2478.256,0,0,0,0,0,0,0,0,0,340.5499,1419.812,0.709906,0.9477939,0.3172331,0,250,0.3172331,2478.256,0,0,0,8.250248,145.1516,532.5439,532.4757,0.0681604,563.6628,0,1141.557,0,0,6.517009e-14,4.263256e-14
mpc,2026-01-16 10:30:00,1098,10.5,33.01808,3594.161,49.85218,289.7576,175.2587,1,1,2515.913,2515.595,0,0,0,0,0,0,0,0,0,333.1105,1336.311,0.6681555,0.8940349,0.3172331,0,250,0.3172331,2515.595,0,0,0,11.14424,175.2587,544.8044,544.7357,0.06869474,582.6868,0,1184.597,0,0,5.218048e-15,4.263256e-14
mpc,2026-01-16 10:45:00,1099,10.75,33.28159,3645.257,47.76565,287.2489,195.54,0,1,2551.68,2551.363,0,0,0,0,0,0,0,0,0,340.3266,1251.019,0.6255095,0.8414554,0.3172331,0,250,0.3172331,2551.363,0,0,0,5.73053,195.54,556.0396,555.9705,0.06912865,0,598.5809,3302.08,0,0,9.992007e-15,4.263256e-14
mpc,2026-01-16 11:00:00,1100,11,33.55885,3632.992,38.83524,289.423,213.5796,0,0,2543.094,2542.777,0,0,0,0,0,0,0,0,0,327.7151,1168.893,0.5844466,0.7877483,0.3172331,0,250,0.3172331,2542.777,0,0,0,8.707265,213.5796,557.8763,557.8067,0.06959114,0,604.6595,3340.647,0,0,4.108935e-13,4.263256e-14
mpc,2026-01-16 11:15:00,1101,11.25,33.88154,3702.344,49.46205,295.8433,245.2968,0,0,2591.641,2591.323,0,0,0,0,0,0,0,0,0,328.5152,1086.58,0.5432902,0.7360349,0.3172331,0,250,0.3172331,2591.323,0,0,5.736966,11.05317,245.2968,572.9876,572.9175,0.07013728,0,627.1503,3478.29,0,0,1.686429e-13,4.263256e-14
mpc,2026-01-16 11:30:00,1102,11.5,34.26286,3750.931,54.31395,293.4781,266.3084,0,0,2625.652,2625.335,0,0,0,0,0,0,0,0,0,318.5934,1006.761,0.5033805,0.6842037,0.3172331,0,250,0.3172331,2625.335,0,0,17.44583,11.75281,266.3084,585.9411,585.8703,0.07079381,0,645.2997,3599.516,0,0,7.538414e-14,4.263256e-14
mpc,2026-01-16 11:45:00,1103,11.75,34.54897,3740.643,43.49665,296.6667,284.777,0,0,2618.45,2618.133,0,0,0,0,0,0,0,0,0,319.4045,926.7514,0.4633757,0.6339427,0.3172331,0,250,0.3172331,2618.133,0,0,7.042258,13.71651,284.777,588.4669,588.3956,0.07129453,0,652.3959,3623.987,0,0,-5.440093e-14,4.263256e-14
mpc,2026-01-16 12:00:00,1104,12,34.84933,3698.939,51.7653,298.0032,316.226,0,0,2589.257,2588.94,0,0,0,0,0,0,0,0,0,325.7923,845.1574,0.4225787,0.5835618,0.3172331,0,250,0.3172331,2588.94,0,0,13.82428,10.15196,316.226,586.2591,586.1873,0.07182786,0,657.7872,3659.189,0,0,-4.218847e-15,4.263256e-14
mpc,2026-01-16 12:15:00,1105,12.25,35.28365,3683.696,51.61288,294.1756,363.8032,0,0,2578.587,2578.27,0,0,0,0,0,0,0,0,0,334.3743,761.4308,0.3807154,0.5321832,0.3172331,0,250,0.3172331,2578.27,0,0,12.13836,0,363.8032,590.228,590.1554,0.07261335,0,673.4284,3724.795,0,0,-1.535438e-13,4.263256e-14
mpc,2026-01-16 12:30:00,1106,12.5,35.57232,3694.12,51.94582,292.9817,405.2236,0,0,2585.884,2585.567,0,0,0,0,0,0,0,0,0,340.7433,676.1251,0.3380626,0.4794618,0.3172331,0,250,0.3172331,2585.567,0,0,6.632131,0,405.2236,596.2318,596.1586,0.07314499,0,689.5918,3804.195,0,0,9.037215e-14,4.263256e-14
mpc,2026-01-16 12:45:00,1107,12.75,35.8856,3702.155,49.03977,296.0505,442.8639,0,0,2591.508,2591.191,345.9115,152.4948,498.4062,1,0,0,498.4062,0,0,330.7699,593.3262,0.2966631,0.4257461,0.3172331,0,250,0.3172331,2245.28,335.3851,0,11.58965,2.730686,107.4788,602.3144,521.8444,80.46995,0,699.3192,3870.958,0,-2.842171e-14,7.149836e-14,4.263256e-14
mpc,2026-01-16 13:00:00,1108,13,36.25031,3760.357,45.32685,293.8955,466.7263,0,0,2632.25,2631.933,347.0176,152.9824,500,1,0,0,500,0,0,333.1896,509.9354,0.2549677,0.3736088,0.3172331,0,250,0.3172331,2284.915,334.9988,0,3.120316,2.912385,131.7275,617.5416,536.0547,81.48683,0,719.9412,3970.083,0,0,8.865131e-14,4.263256e-14
mpc,2026-01-16 13:15:00,1109,13.25,36.69026,3728.17,40.66988,290.9283,467.002,0,0,2609.719,2609.402,420.1071,183.9431,604.0502,2,10.5976,0,593.4526,0,0,321.5934,429.4568,0.2147284,0.3210988,0.3172331,0,250,0.3172331,2189.295,395.5231,0,1.30998,0,71.47893,619.2869,519.5201,99.76677,0,720.4252,3964.599,0,2.842171e-14,3.841372e-14,4.263256e-14
mpc,2026-01-16 13:30:00,1110,13.5,37.0668,3732.464,43.9835,299.3312,498.1396,0,0,2612.725,2612.408,348.0311,151.9689,500,1,12.27586,0,487.7241,0,0,335.8911,345.4164,0.1727082,0.2704226,0.3172331,0,250,0.3172331,2264.377,323.5882,0,0,5.289335,174.5514,626.1546,542.6709,83.48369,0,736.4721,4059.72,0,-2.842171e-14,-6.028511e-14,4.263256e-14
mpc,2026-01-16 13:45:00,1111,13.75,37.32212,3732.945,41.44876,291.3975,528.6307,1,0,2613.062,2612.744,478.9794,206.1801,685.1595,4,41.84263,0,643.3169,0,0,289.2906,273.0394,0.1365197,0.2175036,0.3172331,0,250,0.3172331,2133.765,425.5046,0,0,2.106894,103.1261,630.4788,514.8343,115.6446,745.8966,0,1495.428,0,0,-3.225198e-14,4.263256e-14
mpc,2026-01-16 14:00:00,1112,14,37.5454,3758.677,41.25215,292.7205,531.4076,1,1,2631.074,2630.757,489.4718,210.994,700.4657,2,40.25925,8.139733e-06,660.2065,0,0,291.9855,200,0.1,0.1719289,0.3172331,0,250,0.3172331,2141.285,435.4965,0,0.9929005,0.7349631,95.91117,638.6093,519.7287,118.8807,754.002,0,1510.985,0,-8.526513e-14,1.823541e-14,4.263256e-14
mpc,2026-01-16 14:15:00,1113,14.25,37.57202,3749.873,48.7925,290.2723,533.0732,1,1,2624.911,2624.594,1094.808,418.456,1513.264,4,39.58926,292.4764,681.1982,0,500,0,324.9685,0.1624843,0.1259371,0.3172331,0,250,0.3172331,1529.786,449.1983,0,9.203242,0,83.87484,637.5665,371.5707,265.9957,810.3992,0,1636.674,0,5.684342e-14,-1.249278e-13,4.263256e-14
mpc,2026-01-16 14:30:00,1114,14.5,37.78701,3739.577,48.4076,291.3963,569.6272,1,1,2617.704,2617.386,1109.598,424.2889,1533.887,4,45.3654,291.3671,697.1539,0,500,0,449.9174,0.2249587,0.2046279,0.3172331,0,250,0.3172331,1507.789,458.5209,0,3.042197,0.02916335,111.1063,639.4892,368.3437,271.1455,819.7753,0,1644.849,0,-2.273737e-13,7.760459e-14,4.263256e-14
mpc,2026-01-16 14:45:00,1115,14.75,37.81673,3735.827,40.58434,297.6764,570.7283,1,1,2615.079,2614.761,1115.809,426.8956,1542.704,4,46.47102,289.0346,707.1987,0,500,0,574.8465,0.2874233,0.2833064,0.3172331,0,250,0.3172331,1498.953,464.9592,0,0,8.641789,105.7691,639.3586,366.4778,272.8808,819.2328,0,1653.373,0,-5.684342e-14,-1.314504e-13,4.263256e-14
mpc,2026-01-16 15:00:00,1116,15,37.83752,3718.49,39.32953,295.3064,582.0362,1,1,2602.943,2602.626,1129.505,431.9107,1561.416,4,55.07092,285.6096,720.7356,0,500,0,699.756,0.349878,0.3619724,0.3172331,0,250,0.3172331,1473.12,473.7394,0,0,9.696827,108.2968,636.7475,360.3635,276.384,818.7664,0,1654.26,0,-1.705303e-13,4.862777e-14,4.263256e-14
mpc,2026-01-16 15:15:00,1117,15.25,38.06459,3728.23,54.4479,293.622,600.4382,1,1,2609.761,2609.444,1164.309,445.9328,1610.241,4,66.17433,286.4499,757.6172,0,500,0,824.6459,0.4123229,0.4406261,0.3172331,0,250,0.3172331,1445.136,496.6054,0,0,7.172165,103.8328,642.3403,355.6911,286.6492,827.1803,0,1666.733,0,-5.684342e-14,-2.525757e-14,4.263256e-14
mpc,2026-01-16 15:30:00,1118,15.5,38.17866,3732.808,72.85082,293.6734,594.3024,1,1,2612.965,2612.648,1168.481,447.6164,1616.098,4,67.486,283.4941,765.1177,0,500,0,949.5161,0.474758,0.5192674,0.3172331,0,250,0.3172331,1444.167,500.8236,0,5.364825,10.17931,93.47872,645.1213,356.5538,288.5675,827.2494,0,1681.312,0,5.684342e-14,-1.663114e-13,4.263256e-14
mpc,2026-01-16 15:45:00,1119,15.75,38.35272,3695.693,75.85653,290.0957,607.3143,1,1,2586.985,2586.668,1157.568,442.9496,1600.517,4,66.27077,281.4723,752.7741,0,500,0,1074.367,0.5371833,0.5978963,0.3172331,0,250,0.3172331,1429.101,491.6957,0,9.585755,8.623468,115.6186,641.7406,354.5099,287.2307,826.1404,0,1683.692,0,0,-2.670086e-13,4.263256e-14
mpc,2026-01-16 16:00:00,1120,16,38.36776,3707.568,79.67517,292.1054,586.4564,1,1,2595.298,2594.98,1178.249,450.729,1628.978,4,77.51787,278.0225,773.4375,0,500,0,1199.197,0.5995987,0.6765129,0.3172331,0,250,0.3172331,1416.732,505.0995,0,2.157302,14.08293,81.35696,644.0669,351.5858,292.4811,822.5049,0,1673.024,0,5.684342e-14,3.823608e-13,4.263256e-14
mpc,2026-01-16 16:15:00,1121,16.25,38.60603,3699.527,87.7382,289.6653,574.4575,1,1,2589.669,2589.352,1183.586,451.6596,1635.246,4,89.47346,277.0292,768.743,0,500,0,1324.009,0.6620043,0.7551171,0.3172331,0,250,0.3172331,1405.766,500.5683,0,0,12.63608,73.88921,646.8777,351.1485,295.7292,821.2651,0,1664.327,0,-5.684342e-14,-8.848477e-14,4.263256e-14
mpc,2026-01-16 16:30:00,1122,16.5,38.68843,3677.464,105.5945,287.1282,548.415,1,1,2574.225,2573.908,1148.126,440.2208,1588.347,4,102.1617,275.4211,758.7058,0,452.0578,0,1436.815,0.7184074,0.8337089,0.3172331,0,250,0.3172331,1425.782,493.5325,0,3.432823,11.70709,54.88256,644.479,356.9566,287.5224,810.9177,0,1647.952,0,-1.136868e-13,1.788569e-13,4.263256e-14
mpc,2026-01-16 16:45:00,1123,16.75,38.8899,3684.543,124.2446,276.993,539.7683,1,1,2579.18,2578.863,597.508,249.1019,846.6099,4,120.2846,0,726.3252,0,0,272.7046,1368.412,0.6842062,0.9047412,0.3172331,0,250,0.3172331,1981.355,471.2985,0,3.960017,4.288373,68.46986,649.3224,498.8167,150.5057,765.1563,0,1544.541,0,0,3.428369e-13,4.263256e-14
mpc,2026-01-16 17:00:00,1124,17,39.00559,3694.2,165.6711,277.7743,524.2897,1,1,2585.94,2585.623,595.8652,245.2936,841.1589,2,146.2101,0,694.9487,0,0,266.9013,1301.472,0.6507358,0.8616692,0.3172331,0,250,0.3172331,1989.758,450.2957,0,19.46093,10.87305,73.99398,653.1166,502.5421,150.5745,766.5239,0,1585.374,0,0,3.904654e-13,4.263256e-14
mpc,2026-01-16 17:15:00,1125,17.25,39.03713,3643.989,185.3495,271.0382,505.1045,1,1,2550.792,2550.475,1166.236,433.8306,1600.067,4,175.0515,259.8828,665.1323,0,500,0,1426.267,0.7131334,0.8195176,0.3172331,0,250,0.3172331,1384.239,430.8082,0,10.29795,11.15536,74.29637,644.8045,349.9162,294.8883,802.5279,0,1642.063,0,0,2.18825e-13,4.263256e-14
mpc,2026-01-16 17:30:00,1126,17.5,38.9678,3610.386,210.7296,266.4094,485.9423,1,1,2527.27,2526.953,602.6169,240.6946,843.3115,3,209.8917,0,633.4197,0,0,264.6362,1359.883,0.6799416,0.8980993,0.3172331,0,250,0.3172331,1924.336,410.6191,0,0.8378858,1.773223,75.32318,637.6293,485.5093,152.12,745.2079,0,1494.92,0,-1.136868e-13,1.787459e-13,4.263256e-14
mpc,2026-01-16 17:45:00,1127,17.75,38.94882,3591.74,245.3661,263.0628,457.4337,1,1,2514.218,2513.901,596.3024,233.923,830.2255,4,243.4145,0,586.811,0,0,262.6296,1294.012,0.6470059,0.8562985,0.3172331,0,250,0.3172331,1917.598,380.4938,0,1.951682,0.4331509,76.93992,634.0021,483.5544,150.4476,736.8792,0,1477.872,0,-8.526513e-14,1.110223e-15,4.263256e-14
mpc,2026-01-16 18:00:00,1128,18,39.01644,3613.671,284.9829,1.857499,446.6494,1,1,2529.57,2529.252,972.6363,336.8674,1309.504,4,272.69,0.4957442,536.3179,0,500,0,1418.808,0.709404,0.8148202,0.3172331,0,250,0.3172331,1556.616,347.4635,0,12.29287,1.361755,99.18588,639.072,393.2644,245.8076,755.1902,0,1533.935,0,0,2.38698e-13,4.263256e-14
mpc,2026-01-16 18:15:00,1129,18.25,39.04874,3594.198,310.7164,3.425512,415.2999,1,1,2515.939,2515.622,982.3476,337.9394,1320.287,4,299.6673,2.740666,517.879,0,500,0,1543.585,0.7717923,0.8934026,0.3172331,0,250,0.3172331,1533.274,335.3837,0,11.04907,0.6848457,79.91624,636.1994,387.7153,248.4841,745.8629,0,1511.967,0,5.684342e-14,2.055023e-13,4.263256e-14
mpc,2026-01-16 18:30:00,1130,18.5,38.81699,3570.566,333.9243,4.908513,365.3914,1,0,2499.396,2499.079,338.8918,149.4001,488.2919,1,0,0,488.2919,0,0,339.3507,1458.504,0.729252,0.9719726,0.3172331,0,250,0.3172331,2160.187,317.128,0,0,3.024791,48.26335,627.9683,542.7427,85.22558,704.2689,0,1413.756,0,0,-2.697842e-14,4.263256e-14
mpc,2026-01-16 18:45:00,1131,18.75,38.86004,3594.45,361.3378,4.232215,358.84,0,0,2516.115,2515.797,310.499,136.8832,447.3822,2,0,0,447.3822,0,0,358.5942,1368.626,0.6843129,0.9183986,0.3172331,0,250,0.3172331,2205.298,290.4045,0,5.266938,1.708911,68.43549,632.9219,554.7369,78.18499,0,708.8349,3910.625,0,0,-3.910205e-13,4.263256e-14
mpc,2026-01-16 19:00:00,1132,19,38.72395,3551.224,383.6683,7.114901,341.0011,0,0,2485.857,2485.54,294.765,129.9469,424.7119,1,0,0,424.7119,0,0,385.928,1271.928,0.6359642,0.8618036,0.3172331,0,250,0.3172331,2190.775,276.1512,0,0.629177,4.226057,64.84983,622.9648,549.0161,73.94867,0,695.2146,3832.055,0,0,-3.173017e-13,4.263256e-14
mpc,2026-01-16 19:15:00,1133,19.25,38.70648,3545.251,395.9341,4.531648,299.0469,0,0,2481.676,2481.359,273.6742,120.649,394.3233,1,0,0,394.3233,0,0,406.9101,1170.001,0.5850003,0.8009147,0.3172331,0,250,0.3172331,2207.684,256.4474,0,0,2.339425,42.59944,621.6176,552.9874,68.6302,0,684.3069,3767.723,0,-1.421086e-14,-1.358913e-13,4.263256e-14
mpc,2026-01-16 19:30:00,1134,19.5,38.47563,3493.89,414.5943,5.780254,260.2834,0,0,2445.723,2445.406,247.523,109.1203,356.6433,1,0,0,356.6433,0,0,407.6935,1067.893,0.5339466,0.7367323,0.3172331,0,250,0.3172331,2197.883,232.6009,0,7.664982,5.016037,27.68244,608.74,547.0526,61.68739,0,663.0631,3668.722,0,-1.421086e-14,2.232658e-13,4.263256e-14
mpc,2026-01-16 19:45:00,1135,19.75,38.40516,3470.14,410.5054,5.836505,260.661,0,0,2429.098,2428.781,239.04,105.3806,344.4206,1,0,0,344.4206,0,0,404.7769,966.5308,0.4832654,0.6724366,0.3172331,0,250,0.3172331,2189.741,224.8236,0,7.31418,4.250899,35.83742,603.4377,543.9765,59.46126,0,658.2598,3640.379,0,-1.421086e-14,1.121325e-14,4.263256e-14
mpc,2026-01-16 20:00:00,1136,20,38.13295,3469.833,403.0168,5.562125,236.864,0,0,2428.883,2428.566,223.9235,98.71646,322.6399,1,0,0,322.6399,0,0,405.4798,865.0087,0.4325043,0.6086103,0.3172331,0,250,0.3172331,2204.643,211.3086,0,0,3.345565,25.55533,598.9293,543.6346,55.29468,0,648.6526,3573.361,0,-2.842171e-14,-1.361133e-13,4.263256e-14
mpc,2026-01-16 20:15:00,1137,20.25,37.96932,3424.174,384.9735,5.186391,206.7659,0,0,2396.922,2396.605,204.724,90.25236,294.9763,1,0,0,294.9763,0,0,374.726,771.191,0.3855955,0.5446833,0.3172331,0,250,0.3172331,2191.881,193.5769,0,10.42121,5.012692,13.18904,588.4363,538.0994,50.33692,0,631.5896,3500.366,0,-1.421086e-14,-1.298961e-13,4.263256e-14
mpc,2026-01-16 20:30:00,1138,20.5,37.73721,3386.773,339.1439,5.066757,172.8185,0,0,2370.741,2370.424,183.4031,80.8531,264.2562,1,0,0,264.2562,0,0,349.0097,683.8172,0.3419086,0.4856077,0.3172331,0,250,0.3172331,2187.021,173.9076,0,0,4.324638,0,578.3838,533.562,44.82179,0,614.4151,3386.743,0,-1.421086e-14,7.827072e-14,4.263256e-14
mpc,2026-01-16 20:45:00,1139,20.75,37.49541,3368.463,301.3245,6.239047,160.5156,0,0,2357.924,2357.607,158.998,70.09413,229.0922,1,0,0,229.0922,0,0,317.315,604.3808,0.3021904,0.4305897,0.3172331,0,250,0.3172331,2198.609,151.2092,0,0,4.949951,9.306366,571.548,532.9308,38.61715,0,605.2807,3337.583,0,-1.421086e-14,2.182143e-13,4.263256e-14
mpc,2026-01-16 21:00:00,1140,21,37.20655,3394.599,266.9327,3.673775,144.304,0,0,2376.22,2375.902,145.4795,64.13452,209.6141,1,0,0,209.6141,0,0,276.1655,535.2443,0.2676221,0.3805697,0.3172331,0,250,0.3172331,2230.423,138.8374,0,0,2.583666,5.466633,571.5804,536.5101,35.07023,0,601.9596,3315.235,0,0,1.006417e-13,4.263256e-14
mpc,2026-01-16 21:15:00,1141,21.25,36.96224,3330.95,234.441,0,141.5691,0,0,2331.665,2331.347,133.9162,59.03685,192.9531,1,0,0,192.9531,0,0,246.4222,473.5545,0.2367772,0.3370355,0.3172331,0,250,0.3172331,2197.431,128.1791,0,0,0,13.38992,557.2608,525.1794,32.0814,0,587.4164,3230.79,0,0,5.850875e-14,4.263256e-14
mpc,2026-01-16 21:30:00,1142,21.5,36.50258,3306.092,204.0649,0,124.7764,0,0,2314.264,2313.947,131.4962,57.96995,189.4661,1,0,0,189.4661,0,0,212.8984,420.2553,0.2101277,0.2981903,0.3172331,0,250,0.3172331,2182.451,126.5594,0,0,0,0,546.4981,515.3712,31.12685,0,573.3412,3153.376,0,-1.421086e-14,-8.393286e-14,4.263256e-14
mpc,2026-01-16 21:45:00,1143,21.75,36.37815,3326.296,166.9127,0,111.7049,0,0,2328.407,2328.09,122.2088,53.87564,176.0845,1,0,0,176.0845,0,0,182.4192,374.5844,0.1872922,0.2646286,0.3172331,0,250,0.3172331,2205.881,117.796,0,0,0,0,548.0664,519.2259,28.8405,0,573.1015,3152.058,0,0,-6.594725e-14,4.263256e-14
mpc,2026-01-16 22:00:00,1144,22,36.25562,3257.436,145.9829,0.3877753,87.85747,0,0,2280.205,2279.888,117.9879,52.01485,170.0027,1,0,0,170.0027,0,0,160.117,334.4962,0.1672481,0.2358703,0.3172331,0,250,0.3172331,2161.9,113.8942,0,0,0,0,535.0231,507.2642,27.75889,0,559.279,3076.035,0,-1.421086e-14,1.149081e-14,4.263256e-14
mpc,2026-01-16 22:15:00,1145,22.25,35.94221,3308.413,115.8948,0.6387358,63.3936,0,0,2315.889,2315.572,0,0,0,0,0,0,0,0,0,130.1685,301.9014,0.1509507,0.2106273,0.3172331,0,250,0.3172331,2315.572,0,0,0,0.3747297,63.3936,539.0355,538.9617,0.07383769,0,553.7169,3046.089,0,0,1.607048e-14,4.263256e-14
mpc,2026-01-16 22:30:00,1146,22.5,35.50251,3302.757,104.4335,2.749162,68.57699,0,0,2311.93,2311.613,0,0,0,0,0,0,0,0,0,111.0852,274.0826,0.1370413,0.1901029,0.3172331,0,250,0.3172331,2311.613,0,0,0,2.332778,68.57699,532.1236,532.0506,0.07301571,0,547.8346,3017.114,0,0,7.030487e-14,4.263256e-14
mpc,2026-01-16 22:45:00,1147,22.75,35.15652,3345.587,100.3569,0,62.85605,0,0,2341.911,2341.593,0,0,0,0,0,0,0,0,0,95.98216,250.0439,0.1250219,0.1725858,0.3172331,0,250,0.3172331,2341.593,0,0,5.633805,0,62.85605,534.3433,534.2709,0.07238165,0,548.6124,3027.087,0,0,-3.749778e-14,4.263256e-14
mpc,2026-01-16 23:00:00,1148,23,35.01581,3301.491,87.99371,0,80.13627,0,0,2311.044,2310.727,0,0,0,0,0,0,0,0,0,87.98481,228.0083,0.1140042,0.157449,0.3172331,0,250,0.3172331,2310.727,0,0,2.174517,0,80.13627,525.4449,525.3728,0.07212693,0,543.5928,2993.511,0,0,2.156608e-14,4.263256e-14
mpc,2026-01-16 23:15:00,1149,23.25,34.82923,3312.078,79.06965,1.138331,74.01363,0,0,2318.454,2318.137,0,0,0,0,0,0,0,0,0,79.84817,208.0104,0.1040052,0.1435735,0.3172331,0,250,0.3172331,2318.137,0,0,0,1.024505,74.01363,524.6814,524.6096,0.07179193,0,541.3594,2979.244,0,0,-1.515454e-14,4.263256e-14
mpc,2026-01-16 23:30:00,1150,23.5,34.52005,3281.079,87.81372,2.557634,50.47326,0,1,2296.755,2296.438,447.6939,129.0067,576.7006,2,74.64097,2.059669,0,0,500,0,332.9776,0.1664888,0.1309811,0.3172331,0,250,0.3172331,1848.744,0,0,13.17274,0.4979657,50.47326,515.8008,415.1874,100.6135,0,555.5293,3078.993,0,0,-1.420808e-13,4.263256e-14
mpc,2026-01-16 23:45:00,1151,23.75,34.36729,3280.289,77.3985,2.644545,38.59828,1,1,2296.203,2295.885,440.2814,126.6631,566.9445,3,66.87226,0.07226989,0,0,500,0,457.9252,0.2289626,0.2096712,0.3172331,0,250,0.3172331,1855.604,0,0,10.52624,2.572275,38.59828,513.738,415.1612,98.57679,550.4601,0,1123.515,0,2.842171e-14,-3.419487e-14,4.263256e-14
mpc,2026-01-17 00:00:00,1152,0,33.96197,3252.274,63.99372,3.680744,47.91802,1,1,2276.592,2276.275,388.0577,111.9423,500,1,66.43775,2.915989,0,0,430.6463,0,565.5147,0.2827574,0.2883488,0.3172331,0,250,0.3172331,1888.217,0,0,0,0.7647556,47.91802,504.3197,418.2854,86.03437,540.8427,0,1083.005,0,0,-1.675882e-13,4.263256e-14
mpc,2026-01-17 00:15:00,1153,0.25,33.61681,3232.189,52.88285,0,35.29562,1,1,2262.532,2262.215,431.8147,124.263,556.0778,3,55.67155,0.4062059,0,0,500,0,690.4257,0.3452128,0.3560963,0.3172331,0,250,0.3172331,1830.4,0,0,0,0,35.29562,497.0249,402.0957,94.92918,534.1123,0,1068.225,0,5.684342e-14,-2.555733e-13,4.263256e-14
mpc,2026-01-17 00:30:00,1154,0.5,33.41763,3187.373,48.27975,0,37.15971,1,1,2231.161,2230.844,388.2985,111.7015,500,1,52.4717,0,0,0,447.5283,0,802.1991,0.4010995,0.4347509,0.3172331,0,250,0.3172331,1842.545,0,0,0,0,37.15971,487.7857,402.8249,84.96078,522.6504,0,1045.301,0,-2.842171e-14,1.29341e-14,4.263256e-14
mpc,2026-01-17 00:45:00,1155,0.75,33.14789,3121.878,52.16739,0,35.73301,1,1,2185.314,2184.997,430.5097,123.8645,554.3742,3,54.18527,0.1889803,0,0,500,0,927.0728,0.4635364,0.505133,0.3172331,0,250,0.3172331,1754.487,0,0,0,0,35.73301,474.6832,381.1011,93.58211,512.7274,0,1025.455,0,-1.421086e-14,-2.34146e-13,4.263256e-14
mpc,2026-01-17 01:00:00,1156,1,32.81981,3142.167,46.79262,2.909459,48.75569,1,1,2199.517,2199.2,433.1613,124.6553,557.8166,2,57.36394,0.452622,0,0,500,0,1051.927,0.5259634,0.5837642,0.3172331,0,250,0.3172331,1766.039,0,0,0,2.456837,48.75569,474.0522,380.6265,93.4257,515.7899,0,1035.818,0,-1.421086e-14,1.539879e-13,4.263256e-14
mpc,2026-01-17 01:15:00,1157,1.25,32.24956,3221.685,55.43692,5.99057,37.9037,1,1,2255.179,2254.862,463.1412,136.8588,600,4,65.88093,1.542587,32.57648,0,500,0,1176.761,0.5883806,0.6623829,0.3172331,0,250,0.3172331,1791.721,22.86881,0,0,4.447983,15.03489,479.5653,381.0106,98.55473,521.0665,0,1049.806,0,-2.842171e-14,-1.881828e-13,4.263256e-14
mpc,2026-01-17 01:30:00,1158,1.5,32.10569,3215.403,49.65156,1.865979,35.74785,1,1,2250.782,2250.465,439.3228,126.5677,565.8905,2,64.12168,1.768865,0,0,500,0,1301.576,0.650788,0.7409893,0.3172331,0,250,0.3172331,1811.142,0,0,0,0.09711426,35.74785,477.025,383.8488,93.17617,517.9928,0,1036.153,0,-5.684342e-14,-3.479439e-13,4.263256e-14
mpc,2026-01-17 01:45:00,1159,1.75,31.92391,3205.146,41.41239,2.504576,19.01816,1,1,2243.602,2243.285,437.048,125.8288,562.8768,2,61.90257,0.9742433,0,0,500,0,1426.371,0.7131856,0.8195833,0.3172331,0,250,0.3172331,1806.237,0,0,0,1.530333,19.01816,473.4966,381.1937,92.30287,511.0362,0,1024.712,0,-5.684342e-14,-1.735279e-13,4.263256e-14
mpc,2026-01-17 02:00:00,1160,2,31.48237,3222.439,40.09017,3.68567,22.23149,1,1,2255.707,2255.39,428.8943,123.3941,552.2884,2,52.15321,0.1352193,0,0,500,0,1551.147,0.7755733,0.898165,0.3172331,0,250,0.3172331,1826.496,0,0,0,3.550451,22.23149,471.2212,381.5581,89.66304,509.5964,0,1025.317,0,-2.842171e-14,1.798561e-13,4.263256e-14
mpc,2026-01-17 02:15:00,1161,2.25,31.35931,3208.759,46.83699,0,33.14238,1,1,2246.131,2245.814,425.1526,122.3099,547.4625,2,47.40047,0.06202279,0,0,500,0,1675.902,0.8379512,0.9767343,0.3172331,0,250,0.3172331,1820.661,0,0,0,0,33.14238,467.8976,379.2668,88.63076,508.4807,0,1016.962,0,0,2.506884e-13,4.263256e-14
mpc,2026-01-17 02:30:00,1162,2.5,31.16645,3202.478,46.78602,0,31.47773,1,1,2241.735,2241.417,111.864,38.13599,150,1,50.17554,1.492152,54.53292,0,43.79939,0,1686.588,0.8432942,1.055291,0.3172331,0,250,0.3172331,2129.553,38.75482,0,0,0,0,464.9271,441.6611,23.26596,479.7971,0,959.5942,0,-7.105427e-15,3.077538e-13,4.263256e-14
mpc,2026-01-17 02:45:00,1163,2.75,31.02384,3178.491,53.01019,3.342393,29.39962,1,1,2224.944,2224.626,112.9039,37.09614,150,1,56.91509,3.062633,40.36767,0,49.6546,0,1698.737,0.8493683,1.06202,0.3172331,0,250,0.3172331,2111.723,28.73408,0,0,0.2797598,0.6655307,459.9484,436.5429,23.40547,473.7766,0,948.0358,0,-1.421086e-14,-3.592682e-13,4.263256e-14
mpc,2026-01-17 03:00:00,1164,3,30.9802,3168.802,58.01226,0,26.8509,1,1,2218.162,2217.844,406.6164,117.0974,523.7138,2,68.6312,1.189124,0,0,453.8935,0,1811.943,0.9059713,1.06967,0.3172331,0,250,0.3172331,1811.228,0,0,0,0,26.8509,458.0917,374.0523,84.03936,496.695,0,993.3899,0,0,4.72955e-13,4.263256e-14
mpc,2026-01-17 03:15:00,1165,3.25,30.72924,3214.567,74.19384,3.060468,34.79617,1,1,2250.197,2249.88,116.4362,33.5638,150,1,62.45088,0.6460369,0,0,86.90308,0,1833.383,0.9166915,1.140954,0.3172331,0,250,0.3172331,2133.444,0,0,11.74296,2.414432,34.79617,462.0733,438.0983,23.97508,478.8074,0,982.0362,0,-7.105427e-15,1.880718e-13,4.263256e-14
mpc,2026-01-17 03:30:00,1166,3.5,30.68295,3201.488,86.52967,2.304978,27.52632,1,1,2241.042,2240.724,260.1286,75.13385,335.2624,1,64.79136,2.848774,0,0,267.6223,0,1900,0.95,1.154454,0.3172331,0,250,0.3172331,1980.596,0,0,21.73831,0,27.52632,459.7127,406.2865,53.42615,487.0669,0,1011.632,0,1.421086e-14,9.481305e-14,4.263256e-14
mpc,2026-01-17 03:45:00,1167,3.75,30.64626,3219.767,86.87342,0.6286372,14.67407,1,1,2253.837,2253.52,0,0,0,0,0,0,0,0,0,79.55804,1879.811,0.9399057,1.196402,0.3172331,0,250,0.3172331,2253.52,0,0,10.18449,0,14.67407,461.9549,461.8899,0.06502128,464.8975,0,947.3633,0,0,-3.206324e-13,4.263256e-14
mpc,2026-01-17 04:00:00,1168,4,30.63372,3220.581,95.92514,0,0,1,1,2254.407,2254.09,0,0,0,0,0,0,0,0,0,82.54195,1858.88,0.92944,1.18369,0.3172331,0,250,0.3172331,2254.09,0,0,15.49908,0,0,461.9411,461.8761,0.06500291,461.8761,0,950.4881,0,0,1.052491e-13,4.263256e-14
mpc,2026-01-17 04:15:00,1169,4.25,30.74926,3209.451,103.2953,2.126551,0,1,1,2246.615,2246.298,205.4344,59.31986,264.7542,1,97.0088,2.094823,0,0,165.6506,0,1900,0.95,1.17051,0.3172331,0,250,0.3172331,2040.864,0,0,6.286493,0.03172747,0,461.5466,419.2768,42.26978,478.5966,0,968.0922,0,2.842171e-14,-2.007283e-13,4.263256e-14
mpc,2026-01-17 04:30:00,1170,4.5,30.75086,3232.993,110.4552,0,0,1,1,2263.095,2262.778,0,0,0,0,0,0,0,0,0,117.8615,1870.236,0.9351178,1.196402,0.3172331,0,250,0.3172331,2262.778,0,0,0,0,0,464.9489,464.8837,0.06517498,464.8837,0,929.7674,0,0,-4.023448e-13,4.263256e-14
mpc,2026-01-17 04:45:00,1171,4.75,30.6092,3267.003,139.1207,0,9.307629,1,1,2286.902,2286.585,114.9644,35.03559,150,1,131.5274,0,18.47264,0,0,0.7543365,1869.753,0.9348763,1.17766,0.3172331,0,250,0.3172331,2171.62,13.21027,0,7.593359,0,0,468.3407,444.7318,23.60883,479.7674,0,972.6334,0,-7.105427e-15,1.671996e-13,4.263256e-14
mpc,2026-01-17 05:00:00,1172,5,30.79236,3242.211,153.8994,0,2.632181,1,1,2269.548,2269.23,118.9888,34.22943,153.2183,1,153.2183,0,0,0,0,0.2064562,1869.407,0.9347033,1.177356,0.3172331,0,250,0.3172331,2150.242,0,0,0.6811258,0,2.632181,466.7124,442.1781,24.53424,476.9488,0,955.0726,0,0,-2.295941e-13,4.263256e-14
mpc,2026-01-17 05:15:00,1173,5.25,30.61138,3265.581,215.8202,0,6.615579,1,1,2285.907,2285.589,0,0,0,0,0,0,0,0,0,189.1234,1821.831,0.9109157,1.177138,0.3172331,0,250,0.3172331,2285.589,0,0,27.02187,0,6.615579,468.1599,468.0949,0.0649702,469.4498,0,985.5123,0,0,7.704948e-14,4.263256e-14
mpc,2026-01-17 05:30:00,1174,5.5,30.53362,3297.883,247.4089,0,17.96141,1,1,2308.518,2308.2,0,0,0,0,0,0,0,0,0,236.5429,1762.409,0.8812045,1.14718,0.3172331,0,250,0.3172331,2308.2,0,0,13.09579,0,17.96141,471.9639,471.899,0.06485658,475.5712,0,973.7326,0,0,1.005862e-13,4.263256e-14
mpc,2026-01-17 05:45:00,1175,5.75,30.4088,3297.348,285.1536,0,14.64564,1,1,2308.144,2307.827,0,0,0,0,0,0,0,0,0,278.6042,1692.48,0.8462402,1.109763,0.3172331,0,250,0.3172331,2307.827,0,0,6.767015,0,14.64564,470.5665,470.5018,0.06467503,473.4877,0,958.6485,0,0,2.295941e-13,4.263256e-14
mpc,2026-01-17 06:00:00,1176,6,30.4151,3305.345,327.4345,0,25.29538,1,1,2313.741,2313.424,189.3359,54.46613,243.8021,1,243.8021,0,0,0,0,87.58642,1670.317,0.8351587,1.06573,0.3172331,0,250,0.3172331,2124.088,0,0,0,0,25.29538,471.7743,433.1038,38.67048,492.7277,0,985.4553,0,-1.421086e-14,3.776979e-13,4.263256e-14
mpc,2026-01-17 06:15:00,1177,6.25,30.59271,3316.623,364.7272,0,32.449,1,1,2321.636,2321.319,116.4895,33.51046,150,1,150,0,0,0,0,228.3099,1612.977,0.8064885,1.051774,0.3172331,0,250,0.3172331,2204.829,0,0,0,0,32.449,475.2775,451.3652,23.91228,491.5185,0,983.037,0,-1.421086e-14,3.141931e-13,4.263256e-14
mpc,2026-01-17 06:30:00,1178,6.5,30.81312,3333.696,382.4789,0,36.26313,1,1,2333.587,2333.27,0,0,0,0,0,0,0,0,0,411.5358,1509.839,0.7549195,1.015668,0.3172331,0,250,0.3172331,2333.27,0,0,0,0,36.26313,480.1069,480.0417,0.06526682,487.5024,0,975.0047,0,0,2.644551e-13,4.263256e-14
mpc,2026-01-17 06:45:00,1179,6.75,30.93921,3315.41,422.0306,1.280057,34.95506,1,1,2320.787,2320.47,199.575,57.4116,256.9866,1,256.9866,0,0,0,0,170.7432,1466.916,0.7334578,0.9507235,0.3172331,0,250,0.3172331,2120.895,0,0,0,0.3489676,34.95506,478.8399,437.5969,41.24307,502.2206,0,1005.043,0,0,2.939871e-13,4.263256e-14
mpc,2026-01-17 07:00:00,1180,7,30.94129,3320.028,422.7929,4.350233,26.21335,1,1,2324.02,2323.702,520.9412,149.9725,670.9137,2,433.4648,1.069792,0,0,236.3791,0,1525.78,0.7628897,0.9236953,0.3172331,0,250,0.3172331,1802.761,0,0,0,3.280442,26.21335,479.5295,371.975,107.5545,527.3562,0,1060.371,0,5.684342e-14,-2.992051e-13,4.263256e-14
mpc,2026-01-17 07:15:00,1181,7.25,30.96779,3351.457,409.0001,2.965993,6.348269,1,1,2346.02,2345.703,721.7999,207.9358,929.7356,4,426.9503,2.785331,0,0,500,0,1650.539,0.8252696,0.960761,0.3172331,0,250,0.3172331,1623.903,0,0,0,0.1806622,6.348269,484.3603,335.2717,149.0886,544.5181,0,1089.348,0,0,3.969047e-13,4.263256e-14
mpc,2026-01-17 07:30:00,1182,7.5,31.00444,3349.317,386.1223,4.096749,10.88492,1,1,2344.522,2344.205,705.173,203.2868,908.4598,2,404.4136,4.0462,0,0,500,0,1775.28,0.8876397,1.03932,0.3172331,0,250,0.3172331,1639.032,0,0,0,0.05054857,10.88492,484.4543,338.6771,145.7772,544.213,0,1088.513,0,-1.136868e-13,1.24345e-14,4.263256e-14
mpc,2026-01-17 07:45:00,1183,7.75,31.2595,3368.873,360.3851,0.862108,32.94548,1,1,2358.211,2357.894,677.8878,195.2728,873.1605,4,370.6648,2.495713,0,0,500,0,1900,0.95,1.117868,0.3172331,0,250,0.3172331,1680.006,0,0,0,0,32.94548,490.1243,349.168,140.9563,551.2881,0,1102.576,0,0,1.887379e-14,4.263256e-14
mpc,2026-01-17 08:00:00,1184,8,31.28533,3388.624,330.9446,136.9703,23.0012,1,1,2372.037,2371.72,116.4895,33.51046,150,1,150,0,0,0,0,431.6363,1791.792,0.8958959,1.196402,0.3172331,0,250,0.3172331,2255.23,0,0,7.901057,0,23.0012,493.2892,468.998,24.29116,507.2918,0,1028.213,0,-1.421086e-14,-1.068034e-13,4.263256e-14
mpc,2026-01-17 08:15:00,1185,8.25,31.5569,3389.713,286.5025,137.3754,35.65411,1,1,2372.799,2372.482,439.5682,160.4318,600,4,280.3603,252.9438,66.6959,0,0,13.13948,1788.225,0.8941124,1.128265,0.3172331,0,250,0.3172331,1932.914,47.19034,0,6.142135,0,0,496.5323,404.4818,92.05047,564.9136,0,1140.422,0,0,-1.378897e-13,4.263256e-14
mpc,2026-01-17 08:30:00,1186,8.5,31.72313,3418.465,253.8255,139.5164,49.76621,1,1,2392.925,2392.608,180.4172,51.90047,232.3176,1,232.3176,0,0,0,0,267.9804,1720.948,0.8604741,1.126019,0.3172331,0,250,0.3172331,2212.191,0,0,21.50783,0,49.76621,502.6672,464.7014,37.96578,527.056,0,1091.213,0,-1.421086e-14,1.700862e-13,4.263256e-14
mpc,2026-01-17 08:45:00,1187,8.75,31.92826,3476.275,216.1394,139.8398,66.43486,1,1,2433.392,2433.075,143.6785,41.33189,185.0104,1,185.0104,0,0,0,0,270.632,1653.019,0.8265097,1.083656,0.3172331,0,250,0.3172331,2289.397,0,0,31.12903,0,66.43486,513.6025,483.2101,30.39237,538.564,0,1130.826,0,7.105427e-15,2.795542e-13,4.263256e-14
mpc,2026-01-17 09:00:00,1188,9,32.31864,3471.383,171.9426,142.9631,83.51954,1,1,2429.968,2429.651,306.8643,117.611,424.4753,1,148.5371,275.9382,0,0,0,0,1652.759,0.8263796,1.040882,0.3172331,0,250,0.3172331,2122.787,0,0,23.40549,0,83.51954,517.5707,452.1426,65.42808,587.5428,0,1215.46,0,0,3.812506e-13,4.263256e-14
mpc,2026-01-17 09:15:00,1189,9.25,32.45831,3476.132,129.3109,143.0236,102.6931,1,1,2433.292,2432.975,112.9018,37.09822,150,1,106.5445,0,43.45549,0,0,274.7914,1583.801,0.7919006,1.040718,0.3172331,0,250,0.3172331,2320.073,30.43333,0,22.7664,0,72.25977,519.9802,495.786,24.19423,548.3256,0,1135.923,0,0,-1.105782e-13,4.263256e-14
mpc,2026-01-17 09:30:00,1190,9.5,32.8864,3495.849,112.175,143.2186,105.2835,1,1,2447.094,2446.777,319.0992,130.9008,450,3,82.16089,225.5053,142.3338,0,0,56.07806,1569.532,0.7847661,0.9972964,0.3172331,0,250,0.3172331,2127.678,99.19367,0,30.01412,0,6.089835,528.2453,459.2941,68.95126,591.5095,0,1234.793,0,0,1.924017e-13,4.263256e-14
mpc,2026-01-17 09:45:00,1191,9.75,32.92072,3488.05,92.5299,149.9669,138.456,1,1,2441.635,2441.318,213.9434,86.05657,300,2,69.43738,82.48369,148.0789,0,0,198.2051,1519.734,0.759867,0.9883115,0.3172331,0,250,0.3172331,2227.375,103.1569,0,23.09252,0,35.29914,527.4968,481.2074,46.2894,574.8901,0,1189.615,0,-2.842171e-14,1.499911e-13,4.263256e-14
mpc,2026-01-17 10:00:00,1192,10,33.04158,3501.512,80.86348,148.0529,164.9878,1,1,2451.058,2450.741,108.5687,41.43126,150,1,54.06209,0,95.93791,0,0,285.0704,1448.227,0.7241135,0.9569542,0.3172331,0,250,0.3172331,2342.172,66.74088,0,26.80139,0,98.24696,531.0578,507.466,23.59175,570.1839,0,1186.6,0,0,2.358114e-13,4.263256e-14
mpc,2026-01-17 10:15:00,1193,10.25,33.07278,3492.815,74.94348,152.8421,185.7738,1,1,2444.971,2444.653,316.3891,133.6109,450,3,49.33568,199.3528,201.3115,0,0,86.04719,1426.487,0.7132437,0.9119274,0.3172331,0,250,0.3172331,2128.264,139.9956,0,25.6078,0,45.77816,530.1331,461.4629,68.67014,604.9997,0,1254.173,0,2.842171e-14,-2.13829e-13,4.263256e-14
mpc,2026-01-17 10:30:00,1194,10.5,33.2208,3479.315,68.1234,148.6725,198.2418,1,1,2435.521,2435.203,0,0,0,0,0,0,0,0,0,336.9255,1342.031,0.6710157,0.8982382,0.3172331,0,250,0.3172331,2435.203,0,0,16.33749,0,198.2418,529.955,529.886,0.06902806,573.0222,0,1174.227,0,0,-3.748113e-13,4.263256e-14
mpc,2026-01-17 10:45:00,1195,10.75,33.54765,3529.617,59.72008,146.5169,217.7317,1,1,2470.732,2470.415,0,0,0,0,0,0,0,0,0,337.5743,1257.427,0.6287133,0.8450575,0.3172331,0,250,0.3172331,2470.415,0,0,7.162075,0,217.7317,541.8559,541.7863,0.06957234,589.5371,0,1191.429,0,0,1.115774e-13,4.263256e-14
mpc,2026-01-17 11:00:00,1196,11,33.89689,3586.133,49.4798,148.9319,214.4788,1,0,2510.293,2509.976,0,0,0,0,0,0,0,0,0,328.1903,1175.181,0.5875905,0.7917831,0.3172331,0,250,0.3172331,2509.976,0,0,7.19162,0,214.4788,555.2098,555.1396,0.07016348,602.5766,0,1217.559,0,0,-3.13416e-13,4.263256e-14
mpc,2026-01-17 11:15:00,1197,11.25,34.19098,3657.774,61.03696,146.5756,230.5314,1,0,2560.442,2560.124,0,0,0,0,0,0,0,0,0,338.0849,1090.475,0.5452374,0.7399943,0.3172331,0,250,0.3172331,2560.124,0,0,14.21636,0,230.5314,570.3823,570.3116,0.07066911,621.6664,0,1267.856,0,0,2.831069e-14,4.263256e-14
mpc,2026-01-17 11:30:00,1198,11.5,34.48052,3667.795,62.76438,146.6686,239.09,0,0,2567.456,2567.139,0,0,0,0,0,0,0,0,0,334.9409,1006.568,0.503284,0.686656,0.3172331,0,250,0.3172331,2567.139,0,0,16.40194,0,239.09,576.032,575.9608,0.0711741,0,629.6028,3491.109,0,0,1.73972e-13,4.263256e-14
mpc,2026-01-17 11:45:00,1199,11.75,34.58239,3707.327,64.45925,138.1925,268.8228,0,0,2595.129,2594.812,0,0,0,0,0,0,0,0,0,330.9778,923.665,0.4618325,0.6338211,0.3172331,0,250,0.3172331,2594.812,0,0,24.34751,0,268.8228,583.7081,583.6367,0.07135349,0,644.1015,3584.558,0,0,-2.09277e-13,4.263256e-14
mpc,2026-01-17 12:00:00,1200,12,34.66559,3707.995,55.68096,140.1424,285.8873,0,0,2595.597,2595.279,299.9252,132.2217,432.1469,1,0,0,432.1469,0,0,339.3029,838.6939,0.4193469,0.5816183,0.3172331,0,250,0.3172331,2295.354,295.016,0,10.24651,0,0,585.0174,517.3462,67.67116,0,649.568,3590.299,0,0,-6.983303e-14,4.263256e-14
mpc,2026-01-17 12:15:00,1201,12.25,34.9612,3698.481,59.76164,141.5937,314.6668,0,0,2588.936,2588.619,342.6824,151.0712,493.7536,1,0,0,493.7536,0,0,340.9127,753.3337,0.3766668,0.5281132,0.3172331,0,250,0.3172331,2245.937,335.9057,0,13.81021,0,0,587.8244,509.9455,77.87891,0,661.0167,3659.414,0,-2.842171e-14,-8.570922e-14,4.263256e-14
mpc,2026-01-17 12:30:00,1202,12.5,35.38862,3728.202,49.98028,152.3423,364.4498,0,0,2609.741,2609.424,347.0176,152.9824,500,1,0,0,500,0,0,343.3548,667.3764,0.3336882,0.4743632,0.3172331,0,250,0.3172331,2262.407,338.4455,0,1.113243,0,26.00423,598.942,519.2278,79.71419,0,678.1782,3731.901,0,0,-9.647838e-14,4.263256e-14
mpc,2026-01-17 12:45:00,1203,12.75,35.58646,3729.17,44.86912,152.3144,388.3759,0,0,2610.419,2610.102,405.8704,178.9276,584.7979,2,0,0,584.7979,0,0,338.705,582.5951,0.2912976,0.4202371,0.3172331,0,250,0.3172331,2204.232,394.9189,0,1.245727,0,0,602.1048,508.4159,93.68898,0,687.3434,3782.538,0,0,1.614264e-13,4.263256e-14
mpc,2026-01-17 13:00:00,1204,13,35.66201,3754.143,58.75451,151.1822,417.0727,0,0,2627.9,2627.583,436.4111,192.3914,628.8026,4,0,0,628.8026,0,0,336.6119,498.3504,0.2491752,0.3668516,0.3172331,0,250,0.3172331,2191.172,424.2556,0,14.98123,0,0,607.3011,506.3742,100.9268,0,698.7657,3869.054,0,-5.684342e-14,-8.271162e-14,4.263256e-14
mpc,2026-01-17 13:15:00,1205,13.25,35.69914,3764.426,72.25725,151.057,429.1951,0,0,2635.098,2634.781,451.8028,199.1769,650.9797,4,0,0,650.9797,0,0,332.1134,415.2436,0.2076218,0.3138039,0.3172331,0,250,0.3172331,2182.978,439.0252,0,32.24948,0,0,609.5398,504.9573,104.5825,0,704.1341,3928.368,0,-2.842171e-14,1.000311e-13,4.263256e-14
mpc,2026-01-17 13:30:00,1206,13.5,35.84255,3738.86,72.83014,146.8185,466.5731,0,0,2617.202,2616.885,509.6624,218.904,728.5664,2,48.59018,0,679.9762,0,0,297.3034,340.8524,0.1704262,0.2614728,0.3172331,0,250,0.3172331,2107.222,457.8005,0,24.23996,0,8.772574,607.6173,489.2189,118.3984,0,710.1595,3947.691,0,-5.684342e-14,-7.793766e-14,4.263256e-14
mpc,2026-01-17 13:45:00,1207,13.75,36.27253,3714.223,52.14828,148.6138,486.7531,0,0,2599.956,2599.639,537.1785,231.8668,769.0453,4,41.59321,0,727.452,0,0,290.7836,268.1028,0.1340514,0.2146297,0.3172331,0,250,0.3172331,2062.461,487.2617,0,10.55507,0,0,610.3153,484.1432,126.1721,0,716.01,3956.262,0,-8.526513e-14,7.921441e-14,4.263256e-14
mpc,2026-01-17 14:00:00,1208,14,36.45754,3694.927,56.88594,150.1934,496.7524,0,1,2586.449,2586.131,1135.608,436.3079,1571.916,4,40.72155,292.7565,738.4376,0,500,0,393.0606,0.1965303,0.1688204,0.3172331,0,250,0.3172331,1450.524,493.5272,0,16.16438,0,3.225235,610.0588,342.1312,267.9276,0,779.1998,4313.483,0,1.136868e-13,6.286638e-14,4.263256e-14
mpc,2026-01-17 14:15:00,1209,14.25,36.5246,3687.703,47.88296,152.3961,499.3305,0,1,2581.392,2581.075,554.7663,239.2846,794.0509,4,44.4149,0,749.636,0,0,291.6572,320.0844,0.1600422,0.2475045,0.3172331,0,250,0.3172331,2026.308,500.6093,0,3.468058,0,0,609.9274,478.7731,131.1543,0,718.0578,3955.3,0,0,-1.403044e-13,4.263256e-14
mpc,2026-01-17 14:30:00,1210,14.5,36.63811,3721.021,55.59531,147.8603,520.157,1,1,2604.715,2604.398,1174.141,452.5699,1626.711,4,46.81851,291.8285,788.0636,0,500,0,445.034,0.222517,0.2015525,0.3172331,0,250,0.3172331,1430.257,525.5558,0,8.776809,0,0,617.2591,338.9388,278.3202,791.5087,0,1598.157,0,1.705303e-13,6.786238e-14,4.263256e-14
mpc,2026-01-17 14:45:00,1211,14.75,36.75703,3718.524,67.45985,148.9369,536.4612,1,1,2602.967,2602.65,1177.003,454.2604,1631.263,4,43.21315,294.2445,793.8053,0,500,0,569.964,0.284982,0.2802314,0.3172331,0,250,0.3172331,1425.647,528.6296,0,24.2467,0,7.831565,618.7631,338.897,279.866,795.0191,0,1631.864,0,0,-3.885781e-15,4.263256e-14
mpc,2026-01-17 15:00:00,1212,15,36.96137,3754.135,64.75785,146.0452,560.9557,1,1,2627.895,2627.578,597.9378,258.0757,856.0135,3,46.44174,0,809.5717,0,0,291.3415,497.0389,0.2485194,0.358898,0.3172331,0,250,0.3172331,2029.64,537.8058,0,18.31611,0,23.14988,628.0446,485.0667,142.9779,748.675,0,1528.945,0,-5.684342e-14,-1.279532e-13,4.263256e-14
mpc,2026-01-17 15:15:00,1213,15.25,37.03122,3756.624,51.57132,148.4423,541.7036,1,1,2629.637,2629.32,1221.847,472.0586,1693.905,4,59.78433,290.7916,843.3294,0,500,0,621.9606,0.3109803,0.3129781,0.3172331,0,250,0.3172331,1407.473,559.7601,0,0,0,0,629.6169,336.9928,292.6241,809.0514,0,1618.103,0,5.684342e-14,1.648126e-13,4.263256e-14
mpc,2026-01-17 15:30:00,1214,15.5,37.05817,3736.391,56.10161,147.5585,538.247,1,1,2615.474,2615.156,1228.358,473.6514,1702.01,4,70.52683,289.4721,842.0108,0,500,0,746.8627,0.3734314,0.3916395,0.3172331,0,250,0.3172331,1386.798,558.7034,0,0,0,0,626.6707,332.2785,294.3922,805.9299,0,1611.86,0,1.705303e-13,-8.321122e-14,4.263256e-14
mpc,2026-01-17 15:45:00,1215,15.75,37.1632,3698.934,56.36616,141.0033,529.1284,1,1,2589.254,2588.937,1231.559,474.9282,1706.488,4,71.65577,286.5832,848.2487,0,500,0,871.7452,0.4358726,0.4702885,0.3172331,0,250,0.3172331,1357.377,562.1296,0,0,0,0,622.1106,326.1321,295.9785,801.0603,0,1602.121,0,1.705303e-13,7.988055e-14,4.263256e-14
mpc,2026-01-17 16:00:00,1216,16,37.33852,3636.219,68.39457,143.7598,538.9139,1,1,2545.354,2545.036,1231.533,474.0709,1705.604,4,78.76485,286.1748,840.6641,0,500,0,996.6079,0.498304,0.5489251,0.3172331,0,250,0.3172331,1313.504,555.9243,0,0,0,0,614.4097,317.0598,297.3499,791.1307,0,1582.261,0,-1.705303e-13,4.318768e-14,4.263256e-14
mpc,2026-01-17 16:15:00,1217,16.25,37.52929,3662.294,79.45607,136.3237,540.1429,1,1,2563.606,2563.289,1230.639,472.5125,1703.151,4,88.5503,284.4489,830.152,0,500,0,1121.451,0.5607255,0.6275494,0.3172331,0,250,0.3172331,1332.65,547.7057,0,0,0,0,621.9662,323.3193,298.6468,795.8319,0,1591.664,0,1.136868e-13,2.529088e-13,4.263256e-14
mpc,2026-01-17 16:30:00,1218,16.5,37.68072,3684.988,109.2259,136.7775,519.4344,1,1,2579.492,2579.175,1223.453,467.4826,1690.936,4,104.2038,282.3237,804.408,0,500,0,1246.274,0.6231372,0.7061613,0.3172331,0,250,0.3172331,1355.722,529.7463,0,5.022108,0,0,628.3596,330.2514,298.1082,797.734,0,1604.131,0,0,3.939071e-13,4.263256e-14
mpc,2026-01-17 16:45:00,1219,16.75,37.68343,3658.756,108.9875,139.4014,506.1117,1,1,2561.13,2560.812,1218.243,462.9923,1681.235,4,122.6413,275.4233,783.1703,0,500,0,1371.078,0.6855392,0.7847608,0.3172331,0,250,0.3172331,1342.57,515.7431,0,0,0,0,623.9318,327.0713,296.8605,790.0637,0,1580.127,0,-1.705303e-13,2.989831e-13,4.263256e-14
mpc,2026-01-17 17:00:00,1220,17,37.5093,3685.735,130.8019,137.7027,476.5568,1,1,2580.014,2579.697,647.1229,266.5875,913.7104,3,157.1634,0,756.547,0,0,273.2674,1302.546,0.6512728,0.8633479,0.3172331,0,250,0.3172331,1932.574,499.2647,0,0,0,0,625.6133,468.6191,156.9941,735.2066,0,1470.413,0,0,-3.355094e-13,4.263256e-14
mpc,2026-01-17 17:15:00,1221,17.25,37.438,3655.629,158.8131,132.6648,437.7414,1,1,2558.94,2558.623,1218.635,456.218,1674.853,4,181.0414,266.3371,727.4741,0,500,0,1427.341,0.7136703,0.8201939,0.3172331,0,250,0.3172331,1339.988,480.4937,0,0,0,0,619.3252,324.3095,295.0158,780.5275,0,1561.055,0,-5.684342e-14,2.878808e-13,4.263256e-14
mpc,2026-01-17 17:30:00,1222,17.5,37.4918,3628.532,187.6893,130.7816,427.2521,1,1,2539.973,2539.655,646.9265,260.1289,907.0554,2,210.7289,0,696.3265,0,0,265.9493,1360.629,0.6803143,0.8987754,0.3172331,0,250,0.3172331,1892.729,459.6212,0,0,0,0,615.6163,458.743,156.8733,718.8719,0,1437.744,0,-5.684342e-14,2.24154e-13,4.263256e-14
mpc,2026-01-17 17:45:00,1223,17.75,37.31748,3633.383,223.9304,128.994,390.0643,1,1,2543.368,2543.051,641.8667,253.8508,895.7174,4,244.7531,0,650.9644,0,0,263.2129,1294.611,0.6473056,0.8567679,0.3172331,0,250,0.3172331,1901.184,430.587,0,0,0,0,613.5877,458.6608,154.9269,712.5116,0,1425.023,0,0,2.583489e-13,4.263256e-14
mpc,2026-01-17 18:00:00,1224,18,37.33478,3603.683,264.2824,0.2502761,388.508,1,1,2522.578,2522.261,1036.187,364.0512,1400.238,4,279.6886,1.239133,619.3106,0,500,0,1419.407,0.7097037,0.8151977,0.3172331,0,250,0.3172331,1486.074,409.5636,0,0,0,0,608.8516,358.6801,250.1715,722.7312,0,1445.463,0,-1.136868e-13,9.281465e-14,4.263256e-14
mpc,2026-01-17 18:15:00,1225,18.25,37.22491,3563.796,313.6885,2.359758,374.2813,1,1,2494.657,2494.34,1033.846,359.9133,1393.759,4,305.7969,3.179318,584.7831,0,500,0,1544.184,0.772092,0.89378,0.3172331,0,250,0.3172331,1460.494,387.2438,0,7.891596,0,0,600.3612,351.4807,248.8805,711.394,0,1436.401,0,0,3.610445e-13,4.263256e-14
mpc,2026-01-17 18:30:00,1226,18.5,37.10026,3530.633,341.5843,0,346.9649,1,0,2471.443,2471.126,366.9225,161.7575,528.68,2,0,0,528.68,0,0,339.0493,1459.178,0.7295892,0.97235,0.3172331,0,250,0.3172331,2104.203,350.6195,0,6.107889,0,0,592.8184,504.7296,88.08882,666.4871,0,1343.51,0,-2.842171e-14,-3.341771e-13,4.263256e-14
mpc,2026-01-17 18:45:00,1227,18.75,37.18127,3464.778,351.4814,1.20719,324.4735,1,0,2425.344,2425.027,350.1731,154.3735,504.5466,2,0,0,504.5466,0,0,362.4384,1368.339,0.6841696,0.9188233,0.3172331,0,250,0.3172331,2074.854,334.2873,0,0,0,0,583.007,498.7557,84.25125,653.1292,0,1306.258,0,0,2.677858e-13,4.263256e-14
mpc,2026-01-17 19:00:00,1228,19,37.1266,3451.675,373.9783,3.763445,311.9329,0,0,2416.172,2415.855,332.354,146.518,478.872,1,0,0,478.872,0,0,388.4857,1271.002,0.6355012,0.8616231,0.3172331,0,250,0.3172331,2083.501,317.486,0,0,0,0,579.9638,500.1113,79.85246,0,646.6293,3556.461,0,-2.842171e-14,-2.779998e-13,4.263256e-14
mpc,2026-01-17 19:15:00,1229,19.25,37.20524,3439.401,386.2711,3.092697,293.9298,0,0,2407.581,2407.264,298.3023,131.5063,429.8086,2,0,0,429.8086,0,0,403.3139,1169.974,0.5849869,0.8003315,0.3172331,0,250,0.3172331,2108.961,284.6872,0,0,0,9.242642,579.104,507.276,71.82801,0,641.0054,3525.53,0,-2.842171e-14,-3.288481e-13,4.263256e-14
mpc,2026-01-17 19:30:00,1230,19.5,36.96548,3458.958,400.8216,0,253.3529,0,0,2421.271,2420.954,263.5,116.1637,379.6638,1,0,0,379.6638,0,0,414.5208,1066.159,0.5330797,0.7367153,0.3172331,0,250,0.3172331,2157.453,252.2016,0,0,0,1.151246,578.7256,515.6687,63.0569,0,632.1076,3476.592,0,0,2.834399e-13,4.263256e-14
mpc,2026-01-17 19:45:00,1231,19.75,36.98173,3456.552,394.0073,0,230.4954,0,0,2419.586,2419.269,259.7353,114.5041,374.2394,2,0,0,374.2394,0,0,410.9939,963.2431,0.4816215,0.671345,0.3172331,0,250,0.3172331,2159.534,248.5497,0,0,0,0,578.5702,516.3865,62.18363,0,630.8906,3469.898,0,-1.421086e-14,-2.53797e-13,4.263256e-14
mpc,2026-01-17 20:00:00,1232,20,36.95261,3415.369,390.9609,1.219334,215.2074,0,0,2390.758,2390.441,238.6104,105.1912,343.8016,1,0,0,343.8016,0,0,407.2685,861.2743,0.4306372,0.60654,0.3172331,0,250,0.3172331,2151.831,228.4146,0,0,0,0,571.2393,514.1508,57.08852,0,619.342,3406.381,0,0,-1.983968e-13,4.263256e-14
mpc,2026-01-17 20:15:00,1233,20.25,36.40052,3420.573,356.4289,3.849849,184.9162,0,0,2394.401,2394.084,212.2785,93.5828,305.8614,1,0,0,305.8614,0,0,383.3226,765.3081,0.3826541,0.5423318,0.3172331,0,250,0.3172331,2181.805,204.5588,0,0,0.9351934,0,563.9267,513.8564,50.07033,0,607.4392,3342.529,0,-1.421086e-14,-6.938894e-14,4.263256e-14
mpc,2026-01-17 20:30:00,1234,20.5,36.21921,3408.866,313.1142,0,171.5784,0,0,2386.206,2385.889,182.666,80.52814,263.1941,1,0,0,263.1941,0,0,346.4765,678.5685,0.3392843,0.4819033,0.3172331,0,250,0.3172331,2203.223,176.4049,0,0,0,0,559.3693,516.4748,42.89454,0,597.0029,3283.516,0,-2.842171e-14,2.237654e-13,4.263256e-14
mpc,2026-01-17 20:45:00,1235,20.75,36.23779,3430.7,292.4857,0,155.8692,0,0,2401.49,2401.173,164.1223,72.35318,236.4755,1,0,0,236.4755,0,0,312.0658,600.4452,0.3002226,0.4272846,0.3172331,0,250,0.3172331,2237.051,158.4617,0,0,0,0,563.2221,524.656,38.56605,0,597.0092,3283.551,0,-1.421086e-14,-2.519096e-13,4.263256e-14
mpc,2026-01-17 21:00:00,1236,21,36.1426,3428.744,271.5088,0,150.3627,0,0,2400.121,2399.804,148.45,65.44406,213.8941,1,0,0,213.8941,0,0,273.2043,532.0496,0.2660248,0.3780915,0.3172331,0,250,0.3172331,2251.354,143.4928,0,0.7853912,0,6.869912,561.5219,526.717,34.80494,0,593.7683,3267.08,0,0,-7.31637e-14,4.263256e-14
mpc,2026-01-17 21:15:00,1237,21.25,35.87685,3398.883,232.0394,0,147.1649,0,0,2379.218,2378.901,141.485,62.37353,203.8585,1,0,0,203.8585,0,0,239.9218,471.9854,0.2359927,0.3350239,0.3172331,0,250,0.3172331,2237.416,137.1938,0,0,0,9.971116,552.8506,519.9005,32.95008,0,584.591,3215.25,0,-2.131628e-14,5.712097e-14,4.263256e-14
mpc,2026-01-17 21:30:00,1238,21.5,35.62949,3403.428,204.3993,5.683773,123.1272,0,0,2382.399,2382.082,130.4725,57.51869,187.9912,1,0,0,187.9912,0,0,208.0602,419.8961,0.209948,0.2972023,0.3172331,0,250,0.3172331,2251.61,126.8873,0,0,4.943576,0,550.1116,519.9114,30.20021,0,577.4301,3184.393,0,-7.105427e-15,1.515454e-14,4.263256e-14
mpc,2026-01-17 21:45:00,1239,21.75,35.2348,3368.35,171.9096,0,116.9201,0,0,2357.845,2357.528,118.7507,52.35115,171.1019,1,0,0,171.1019,0,0,173.9006,376.3548,0.1881774,0.2644024,0.3172331,0,250,0.3172331,2238.777,116.0279,0,0,0,0.8922344,539.038,511.8173,27.22069,0,564.3724,3104.048,0,-7.105427e-15,8.104628e-15,4.263256e-14
mpc,2026-01-17 22:00:00,1240,22,35.03122,3323.533,161.5257,1.385215,94.5903,0,0,2326.473,2326.156,0,0,0,0,0,0,0,0,0,152.5943,338.147,0.1690735,0.2369851,0.3172331,0,250,0.3172331,2326.156,0,0,9.574775,0.7418334,94.5903,529.1569,529.0847,0.07215473,0,550.5993,3046.092,0,0,-8.743006e-14,4.263256e-14
mpc,2026-01-17 22:15:00,1241,22.25,34.56062,3317.989,142.0692,5.574975,93.30528,0,0,2322.592,2322.275,0,0,0,0,0,0,0,0,0,122.6037,307.4429,0.1537214,0.2129262,0.3172331,0,250,0.3172331,2322.275,0,0,19.94309,5.097401,93.30528,522.1265,522.0552,0.07131507,0,543.0305,3029.863,0,0,1.099954e-13,4.263256e-14
mpc,2026-01-17 22:30:00,1242,22.5,34.18903,3320.726,120.1765,10.13032,73.57153,0,0,2324.508,2324.191,0,0,0,0,0,0,0,0,0,108.901,280.1692,0.1400846,0.1935923,0.3172331,0,250,0.3172331,2324.191,0,0,12.97244,8.433341,73.57153,517.7992,517.7285,0.07066572,0,534.1171,2974.569,0,0,5.975775e-14,4.263256e-14
mpc,2026-01-17 22:45:00,1243,22.75,34.0923,3334.778,102.2386,9.292068,73.89554,0,0,2334.345,2334.028,0,0,0,0,0,0,0,0,0,98.40154,255.5247,0.1277624,0.1764184,0.3172331,0,250,0.3172331,2334.028,0,0,4.398187,8.730923,73.89554,518.7609,518.6903,0.07049863,0,535.1121,2965.765,0,0,4.371503e-14,4.263256e-14
mpc,2026-01-17 23:00:00,1244,23,33.84169,3316.962,99.5592,8.153338,60.0364,0,0,2321.874,2321.556,0,0,0,0,0,0,0,0,0,87.99435,233.4859,0.1167429,0.1609002,0.3172331,0,250,0.3172331,2321.556,0,0,12.53541,7.182784,60.0364,512.8476,512.7775,0.07006937,0,526.0381,2927.224,0,0,-4.540812e-14,4.263256e-14
mpc,2026-01-17 23:15:00,1245,23.25,33.54416,3304.253,86.20538,3.179405,45.56921,0,0,2312.977,2312.66,0,0,0,0,0,0,0,0,0,80.12335,213.4183,0.1067092,0.1470227,0.3172331,0,250,0.3172331,2312.66,0,0,6.759849,2.501583,45.56921,507.2158,507.1463,0.06956648,0,517.1392,2860.242,0,0,-1.965095e-14,4.263256e-14
mpc,2026-01-17 23:30:00,1246,23.5,33.27954,3310.947,76.94753,1.094098,50.61336,0,1,2317.663,2317.346,511.2787,156.1689,667.4475,2,81.94755,2.321654,83.17834,0,500,0,338.3847,0.1691924,0.1343864,0.3172331,0,250,0.3172331,1806.067,57.70612,0,0,0,0,505.0199,393.5429,111.477,0,549.7117,3023.415,0,0,5.970224e-14,4.263256e-14
mpc,2026-01-17 23:45:00,1247,23.75,33.38518,3294.802,69.58156,0,48.73354,0,1,2306.362,2306.044,445.8345,128.4099,574.2445,2,72.7674,1.477064,0,0,500,0,463.3315,0.2316657,0.2130759,0.3172331,0,250,0.3172331,1860.21,0,0,0,0,48.73354,503.8331,406.3696,97.46347,0,545.4255,2999.84,0,2.842171e-14,1.088019e-14,4.263256e-14
mpc,2026-01-18 00:00:00,1248,0,33.26456,3325.576,67.53977,0,60.48659,1,1,2327.903,2327.586,388.0221,111.9779,500,1,65.2375,3.347541,0,0,431.415,0,571.1123,0.2855561,0.291753,0.3172331,0,250,0.3172331,1939.564,0,0,2.302265,0,60.48659,507.0691,422.4801,84.58895,547.6334,0,1099.238,0,-1.421086e-14,3.730349e-14,4.263256e-14
mpc,2026-01-18 00:15:00,1249,0.25,32.90867,3268.502,80.98653,0,36.65628,1,1,2287.952,2287.634,430.6402,123.8994,554.5396,2,54.3751,0.164533,0,0,500,0,696.0223,0.3480112,0.359621,0.3172331,0,250,0.3172331,1856.994,0,0,26.61143,0,36.65628,494.153,401.0746,93.07842,532.8911,0,1111.687,0,5.684342e-14,5.678791e-14,4.263256e-14
mpc,2026-01-18 00:30:00,1250,0.5,32.87509,3228.254,69.78268,0,32.2328,1,1,2259.778,2259.461,388.2985,111.7015,500,1,50.2661,0,0,0,449.7339,0,808.3463,0.4041731,0.4382751,0.3172331,0,250,0.3172331,1871.162,0,0,19.51658,0,32.2328,487.679,403.8125,83.86654,522.4701,0,1078.606,0,-1.421086e-14,7.122081e-14,4.263256e-14
mpc,2026-01-18 00:45:00,1251,0.75,32.61441,3221.752,70.18005,0.41165,27.01181,1,1,2255.227,2254.909,429.6288,123.5981,553.2268,2,53.16045,0.06638678,0,0,500,0,933.219,0.4666095,0.5090038,0.3172331,0,250,0.3172331,1825.281,0,0,17.0196,0.3452632,27.01181,483.7036,391.4883,92.21531,520.8798,0,1071.714,0,-4.263256e-14,5.961898e-14,4.263256e-14
mpc,2026-01-18 01:00:00,1252,1,32.4671,3252.622,57.2893,2.213039,34.57968,1,1,2276.835,2276.518,429.6099,123.7738,553.3837,2,51.61353,1.770159,0,0,500,0,1058.072,0.529036,0.5876343,0.3172331,0,250,0.3172331,1846.908,0,0,5.675766,0.4428795,34.57968,486.6468,394.7549,91.89189,525.9197,0,1062.394,0,5.684342e-14,3.561596e-13,4.263256e-14
mpc,2026-01-18 01:15:00,1253,1.25,32.15245,3245.607,58.04047,0,10.78941,1,1,2271.925,2271.607,462.677,137.323,600,4,60.25769,3.978294,35.76402,0,500,0,1182.906,0.5914528,0.6662525,0.3172331,0,250,0.3172331,1808.93,25.13425,0,0,0,0,482.0313,383.7984,98.23287,521.1214,0,1042.243,0,0,3.490541e-13,4.263256e-14
mpc,2026-01-18 01:30:00,1254,1.5,31.80086,3206.666,43.16497,2.314907,13.50173,1,1,2244.666,2244.349,433.2013,124.8107,558.012,2,56.20578,1.80624,0,0,500,0,1307.719,0.6538597,0.7448583,0.3172331,0,250,0.3172331,1811.147,0,0,0,0.5086678,13.50173,472.3717,381.1413,91.23046,508.7933,0,1018.464,0,5.684342e-14,2.675638e-14,4.263256e-14
mpc,2026-01-18 01:45:00,1255,1.75,31.68581,3231.312,57.84793,2.821715,35.68697,1,1,2261.919,2261.601,429.0036,123.6066,552.6102,2,50.77161,1.838634,0,0,500,0,1432.513,0.7162567,0.8234517,0.3172331,0,250,0.3172331,1832.598,0,0,7.07632,0.983081,35.68697,474.7381,384.631,90.10712,515.7277,0,1045.358,0,-5.684342e-14,-4.741762e-13,4.263256e-14
mpc,2026-01-18 02:00:00,1256,2,31.37447,3201.007,63.67252,0,33.57207,1,1,2240.705,2240.387,388.1261,111.8739,500,1,45.59578,2.087102,0,0,452.3171,0,1545.367,0.7726836,0.9020327,0.3172331,0,250,0.3172331,1852.261,0,0,18.07674,0,33.57207,466.9294,385.9836,80.9458,504.8534,0,1040.889,0,0,2.106093e-13,4.263256e-14
mpc,2026-01-18 02:15:00,1257,2.25,31.07342,3242.883,61.03981,0,31.43305,1,1,2270.018,2269.701,424.9266,122.2416,547.1682,3,47.13723,0.0310114,0,0,500,0,1670.124,0.835062,0.9730951,0.3172331,0,250,0.3172331,1844.774,0,0,13.90257,0,31.43305,469.7959,381.7888,88.00715,510.5357,0,1045.053,0,0,-2.503553e-13,4.263256e-14
mpc,2026-01-18 02:30:00,1258,2.5,31.00343,3267.028,49.21359,0,33.34831,1,1,2286.92,2286.603,388.2433,111.7567,500,1,48.35874,0.668039,0,0,450.9732,0,1782.604,0.8913022,1.051653,0.3172331,0,250,0.3172331,1898.359,0,0,0.8548436,0,33.34831,472.5409,392.2536,80.28737,510.901,0,1023.277,0,0,2.182699e-13,4.263256e-14
mpc,2026-01-18 02:45:00,1259,2.75,30.67595,3302.774,67.63547,0,30.11176,1,1,2311.942,2311.625,388.0342,111.9658,500,1,54.78461,3.200872,0,0,442.0145,0,1892.827,0.9464137,1.12248,0.3172331,0,250,0.3172331,1923.591,0,0,12.85086,0,30.11176,474.1818,394.5305,79.65129,512.6722,0,1047.512,0,1.421086e-14,1.076916e-13,4.263256e-14
mpc,2026-01-18 03:00:00,1260,3,30.33015,3325.523,78.767,0,34.66027,1,1,2327.866,2327.549,110.5279,39.47215,150,1,62.86636,0.5034533,32.70002,24.04768,29.88249,0,1900,0.95,1.191886,0.3172331,0,250,0.3172331,2217.021,23.45765,1.570315,15.90065,0,11.20263,473.7517,451.1933,22.55845,492.9453,0,1011.553,0,-7.105427e-15,-8.65974e-14,4.263256e-14
mpc,2026-01-18 03:15:00,1261,3.25,30.25598,3340.405,64.65532,2.117797,18.3878,1,1,2338.284,2337.967,0,0,0,0,0,0,0,0,0,70.80446,1882,0.9409999,1.196402,0.3172331,0,250,0.3172331,2337.967,0,0,0,0.1595008,18.3878,475.0831,475.0186,0.06445414,478.7546,0,957.7843,0,0,7.505108e-14,4.263256e-14
mpc,2026-01-18 03:30:00,1262,3.5,29.86925,3343.302,59.91192,0,13.19335,1,1,2340.312,2339.994,118.0702,34.23709,152.3073,1,76.56366,2.557729,0,0,73.18593,0,1900,0.95,1.185068,0.3172331,0,250,0.3172331,2221.924,0,0,0,0,13.19335,471.4205,447.5731,23.84737,484.4678,0,968.9357,0,0,1.163514e-13,4.263256e-14
mpc,2026-01-18 03:45:00,1263,3.75,29.65814,3319.782,59.9805,0,19.10226,1,1,2323.847,2323.53,0,0,0,0,0,0,0,0,0,83.88011,1878.731,0.9393654,1.196402,0.3172331,0,250,0.3172331,2323.53,0,0,0,0,19.10226,465.9245,465.8609,0.06360429,469.6908,0,939.3817,0,0,1.367795e-13,4.263256e-14
mpc,2026-01-18 04:00:00,1264,4,29.51389,3307.639,65.23033,0,17.86475,1,1,2315.347,2315.03,0,0,0,0,0,0,0,0,0,89.89446,1855.961,0.9279808,1.183009,0.3172331,0,250,0.3172331,2315.03,0,0,0,0,17.86475,462.7481,462.6847,0.06340259,466.2551,0,932.5103,0,0,2.755574e-13,4.263256e-14
mpc,2026-01-18 04:15:00,1265,4.25,29.25866,3302.283,77.1066,0,3.044648,1,1,2311.598,2311.281,0,0,0,0,0,0,0,0,0,102.6234,1830.014,0.9150067,1.168672,0.3172331,0,250,0.3172331,2311.281,0,0,0,0,3.044648,459.4209,459.3579,0.0630488,459.963,0,919.9259,0,0,-3.992362e-13,4.263256e-14
mpc,2026-01-18 04:30:00,1266,4.5,29.05172,3304.3,98.94296,0.9092521,30.03387,1,1,2313.01,2312.693,0,0,0,0,0,0,0,0,0,113.8694,1801.258,0.900629,1.152333,0.3172331,0,250,0.3172331,2312.693,0,0,0,0.6262083,30.03387,457.6311,457.5684,0.06276485,463.5106,0,928.1014,0,0,-5.040413e-14,4.263256e-14
mpc,2026-01-18 04:45:00,1267,4.75,29.09511,3288.238,114.498,0,39.21256,1,1,2301.767,2301.449,0,0,0,0,0,0,0,0,0,136.1093,1766.947,0.8834736,1.134226,0.3172331,0,250,0.3172331,2301.449,0,0,0,0,39.21256,455.8371,455.7742,0.06282418,463.5398,0,927.0797,0,0,-3.637091e-13,4.263256e-14
mpc,2026-01-18 05:00:00,1268,5,29.10522,3272.112,156.075,0,33.02809,1,1,2290.478,2290.161,119.2705,34.31045,153.5809,1,153.5809,0,0,0,0,0.06688215,1766.652,0.8833261,1.112621,0.3172331,0,250,0.3172331,2170.89,0,0,2.494033,0,33.02809,453.7014,430.0133,23.68812,470.866,0,946.0343,0,0,1.065814e-13,4.263256e-14
mpc,2026-01-18 05:15:00,1269,5.25,28.97055,3317.617,192.4763,0,38.94972,1,1,2322.332,2322.015,0,0,0,0,0,0,0,0,0,203.869,1715.407,0.8577035,1.112435,0.3172331,0,250,0.3172331,2322.015,0,0,0,0,38.94972,458.6653,458.6027,0.06265418,466.2953,0,932.5906,0,0,2.433609e-13,4.263256e-14
mpc,2026-01-18 05:30:00,1270,5.5,29.04639,3288.136,234.7627,0,30.06215,1,1,2301.695,2301.378,0,0,0,0,0,0,0,0,0,242.4762,1654.518,0.8272589,1.080167,0.3172331,0,250,0.3172331,2301.378,0,0,0,0,30.06215,455.3397,455.277,0.06275758,461.2241,0,922.4482,0,0,7.993606e-14,4.263256e-14
mpc,2026-01-18 05:45:00,1271,5.75,29.26677,3325.937,291.2645,0,46.48747,1,1,2328.156,2327.839,0,0,0,0,0,0,0,0,0,282.1585,1583.718,0.7918589,1.041826,0.3172331,0,250,0.3172331,2327.839,0,0,9.152949,0,46.48747,462.7937,462.7307,0.06305999,471.9715,0,959.7318,0,0,3.546052e-13,4.263256e-14
mpc,2026-01-18 06:00:00,1272,6,29.13684,3383.757,342.9673,0,33.30543,1,1,2368.63,2368.312,0,0,0,0,0,0,0,0,0,329.1519,1501.18,0.7505902,0.9972439,0.3172331,0,250,0.3172331,2368.312,0,0,14.72825,0,33.30543,469.5053,469.4424,0.06288134,476.0441,0,977.4945,0,0,-1.353362e-13,4.263256e-14
mpc,2026-01-18 06:15:00,1273,6.25,29.2009,3352.534,379.8895,0,24.64549,1,1,2346.773,2346.456,0,0,0,0,0,0,0,0,0,370.8749,1408.225,0.7041127,0.9452713,0.3172331,0,250,0.3172331,2346.456,0,0,10.3675,0,24.64549,465.8236,465.7607,0.06296929,470.6527,0,959.1893,0,0,-4.753975e-13,4.263256e-14
mpc,2026-01-18 06:30:00,1274,6.5,29.53044,3393.589,406.293,0.2490174,9.571408,1,1,2375.512,2375.195,0,0,0,0,0,0,0,0,0,395.6985,1309.079,0.6545395,0.8867389,0.3172331,0,250,0.3172331,2375.195,0,0,12.74119,0,9.571408,474.9456,474.8822,0.06342567,476.7958,0,975.5702,0,0,1.609823e-13,4.263256e-14
mpc,2026-01-18 06:45:00,1275,6.75,29.69496,3389.941,429.5078,0,27.6765,1,1,2372.959,2372.642,329.4787,94.78091,424.2596,2,424.2596,0,0,0,0,1.091198,1308.6,0.6543001,0.8243079,0.3172331,0,250,0.3172331,2043.163,0,0,5.248195,0,27.6765,476.1579,409.9811,66.17686,510.3155,0,1029.684,0,0,3.665956e-13,4.263256e-14
mpc,2026-01-18 07:00:00,1276,7,29.90066,3431.68,432.6808,1.62119,38.45172,1,1,2402.176,2401.858,232.9791,67.02092,300,2,300,0,0,0,0,130.5543,1275.756,0.6378778,0.8240064,0.3172331,0,250,0.3172331,2168.879,0,0,4.953203,0,38.45172,484.2191,437.1923,47.02676,511.9642,0,1032.473,0,-2.842171e-14,4.274359e-14,4.263256e-14
mpc,2026-01-18 07:15:00,1277,7.25,29.98873,3415.182,432.8074,3.184489,49.40452,1,1,2390.627,2390.31,311.0515,89.47996,400.5315,1,400.5315,0,0,0,0,19.44989,1270.692,0.6353462,0.8033246,0.3172331,0,250,0.3172331,2079.258,0,0,15.68054,0.32996,49.40452,482.8341,419.947,62.88703,519.4052,0,1066.428,0,1.421086e-14,5.32907e-14,4.263256e-14
mpc,2026-01-18 07:30:00,1278,7.5,30.01474,3454.225,398.1456,6.84577,44.58451,1,1,2417.957,2417.64,697.3076,201.0222,898.3298,3,394.3023,4.027458,0,0,500,0,1395.492,0.6977461,0.8001363,0.3172331,0,250,0.3172331,1720.332,0,0,3.843224,2.818312,44.58451,488.6363,347.6558,140.9805,557.6879,0,1126.867,0,-5.684342e-14,-6.694645e-14,4.263256e-14
mpc,2026-01-18 07:45:00,1279,7.75,30.30942,3437.035,362.2072,10.70016,35.33073,1,1,2405.925,2405.608,672.9414,193.7506,866.692,4,365.1304,1.561533,0,0,500,0,1520.273,0.7601363,0.878721,0.3172331,0,250,0.3172331,1732.666,0,0,0,9.138627,35.33073,489.4106,352.457,136.9535,553.3946,0,1122.553,0,-5.684342e-14,3.058664e-13,4.263256e-14
mpc,2026-01-18 08:00:00,1280,8,30.55234,3410.728,319.1463,7.59214,67.59435,1,1,2387.509,2387.192,776.3513,243.8297,1020.181,3,327.3779,192.8031,0,0,500,0,1645.033,0.8225166,0.9572934,0.3172331,0,250,0.3172331,1610.841,0,0,0,0,67.59435,488.3188,329.4663,158.8525,587.1212,0,1174.242,0,2.842171e-14,-4.067857e-13,4.263256e-14
mpc,2026-01-18 08:15:00,1281,8.25,30.71581,3474.317,274.1612,1.296218,70.41722,1,1,2432.022,2431.705,220.4467,63.41573,283.8624,1,283.8624,0,0,0,0,196.4577,1595.66,0.79783,1.035853,0.3172331,0,250,0.3172331,2211.258,0,0,0,0,70.41722,499.2592,453.9396,45.31966,531.811,0,1063.622,0,-1.421086e-14,-3.395062e-13,4.263256e-14
mpc,2026-01-18 08:30:00,1282,8.5,30.8384,3460.783,231.2061,0.9863157,68.70547,1,1,2422.548,2422.231,700.1459,222.5127,922.6586,2,244.2346,198.4932,0,0,479.9308,0,1715.391,0.8576957,1.004764,0.3172331,0,250,0.3172331,1722.085,0,0,0,0,68.70547,498.6949,354.5007,144.1942,591.1568,0,1182.314,0,8.526513e-14,2.797762e-13,4.263256e-14
mpc,2026-01-18 08:45:00,1283,8.75,30.80724,3442.446,187.0018,0.7095124,81.4284,1,1,2409.712,2409.395,683.9505,218.0026,901.9531,4,202.0604,199.8927,0,0,500,0,1840.121,0.9200607,1.080157,0.3172331,0,250,0.3172331,1725.445,0,0,0,0,81.4284,495.7028,354.9418,140.761,589.6951,0,1179.39,0,-5.684342e-14,-2.298162e-13,4.263256e-14
mpc,2026-01-18 09:00:00,1284,9,31.03817,3466.056,142.3227,0,87.32836,1,1,2426.239,2425.922,116.4895,33.51046,150,1,150,0,0,0,0,215.3389,1785.997,0.8929985,1.158697,0.3172331,0,250,0.3172331,2309.432,0,0,0,0,87.32836,501.7244,477.5698,24.15459,529.1389,0,1058.278,0,-1.421086e-14,8.304468e-14,4.263256e-14
mpc,2026-01-18 09:15:00,1285,9.25,31.16892,3479.792,116.207,0,90.68274,1,1,2435.855,2435.537,0,0,0,0,0,0,0,0,0,322.4798,1705.096,0.8525479,1.124616,0.3172331,0,250,0.3172331,2435.537,0,0,0,0,90.68274,505.2153,505.1495,0.06579662,523.9578,0,1047.916,0,0,-5.306866e-14,4.263256e-14
mpc,2026-01-18 09:30:00,1286,9.5,31.38319,3534.254,102.6797,0,88.20151,1,1,2473.978,2473.66,371.2262,128.7738,500,1,98.60193,206.7817,0,0,194.6164,0,1753.482,0.8767408,1.073674,0.3172331,0,250,0.3172331,2102.434,0,0,4.077787,0,88.20151,515.6431,438.2035,77.43958,585.3608,0,1177.756,0,-2.842171e-14,-3.264056e-13,4.263256e-14
mpc,2026-01-18 09:45:00,1287,9.75,31.71051,3527.756,68.16011,0,124.5992,1,1,2469.429,2469.112,0,0,0,0,0,0,0,0,0,292.2189,1680.151,0.8400754,1.104142,0.3172331,0,250,0.3172331,2469.112,0,0,0,0,124.5992,518.5868,518.5202,0.0666198,544.6864,0,1089.373,0,0,2.975398e-13,4.263256e-14
mpc,2026-01-18 10:00:00,1288,10,32.06334,3537.633,61.87915,0,149.6813,1,1,2476.343,2476.026,0,0,0,0,0,0,0,0,0,279.8306,1609.929,0.8049643,1.057966,0.3172331,0,250,0.3172331,2476.026,0,0,0,0,149.6813,524.3122,524.245,0.06716724,555.9368,0,1111.873,0,0,-7.327472e-14,4.263256e-14
mpc,2026-01-18 10:15:00,1289,10.25,32.40787,3581.425,58.21527,0,174.8082,1,1,2506.998,2506.681,0,0,0,0,0,0,0,0,0,277.1723,1540.382,0.7701911,1.013748,0.3172331,0,250,0.3172331,2506.681,0,0,0,0,174.8082,535.0963,535.0286,0.06771057,572.3398,0,1144.68,0,0,2.229328e-13,4.263256e-14
mpc,2026-01-18 10:30:00,1290,10.5,32.95611,3580.323,62.46947,0,181.274,1,1,2506.226,2505.909,0,0,0,0,0,0,0,0,0,272.1442,1472.104,0.7360518,0.969956,0.3172331,0,250,0.3172331,2505.909,0,0,1.637896,0,181.274,541.9069,541.8383,0.06859349,581.0341,0,1164.894,0,0,3.4861e-13,4.263256e-14
mpc,2026-01-18 10:45:00,1291,10.75,33.36262,3628.792,53.69091,0,202.0757,0,1,2540.154,2539.837,0,0,0,0,0,0,0,0,0,266.6113,1405.219,0.7026095,0.926962,0.3172331,0,250,0.3172331,2539.837,0,0,0,0,202.0757,554.6053,554.536,0.06926317,0,598.6563,3292.61,0,0,-4.442002e-13,4.263256e-14
mpc,2026-01-18 11:00:00,1292,11,33.52174,3671.715,52.50671,0,221.3817,0,0,2570.201,2569.884,0,0,0,0,0,0,0,0,0,257.9651,1340.506,0.6702533,0.8848458,0.3172331,0,250,0.3172331,2569.884,0,0,6.320105,0,221.3817,563.3183,563.2488,0.06952888,0,611.7696,3375.635,0,0,9.392487e-14,4.263256e-14
mpc,2026-01-18 11:15:00,1293,11.25,33.6752,3732.784,56.56436,0,224.3624,0,0,2612.948,2612.631,0,0,0,0,0,0,0,0,0,267.5029,1273.42,0.6367099,0.8440973,0.3172331,0,250,0.3172331,2612.631,0,0,2.028141,0,224.3624,574.814,574.7442,0.06978707,0,624.101,3436.054,0,0,3.175238e-13,4.263256e-14
mpc,2026-01-18 11:30:00,1294,11.5,34.24042,3787.179,51.50116,0,272.1996,0,0,2651.025,2650.708,244.7702,107.9067,352.6768,1,0,0,352.6768,0,0,267.1099,1206.442,0.6032209,0.8018538,0.3172331,0,250,0.3172331,2405.938,241.9633,0,0,0,30.23624,591.2776,536.6139,54.66364,0,651.2644,3581.954,0,0,1.483258e-13,4.263256e-14
mpc,2026-01-18 11:45:00,1295,11.75,34.41219,3758.777,49.23833,0,306.2187,0,0,2631.144,2630.827,0,0,0,0,0,0,0,0,0,261.644,1140.841,0.5704205,0.7596787,0.3172331,0,250,0.3172331,2630.827,0,0,0,0,306.2187,589.3269,589.2559,0.07105427,0,657.8432,3618.137,0,0,4.273248e-13,4.263256e-14
mpc,2026-01-18 12:00:00,1296,12,34.66469,3738.107,47.44081,0,326.6575,0,0,2616.675,2616.358,294.6358,129.8899,424.5257,1,0,0,424.5257,0,0,261.7006,1075.236,0.5376181,0.7183708,0.3172331,0,250,0.3172331,2321.722,289.8163,0,0,0,36.84123,589.755,523.2775,66.47751,0,661.4709,3638.09,0,-5.684342e-14,2.285949e-13,4.263256e-14
mpc,2026-01-18 12:15:00,1297,12.25,35.14764,3717.88,38.31652,0,359.1646,0,0,2602.516,2602.199,330.7075,145.7921,476.4996,1,0,0,476.4996,0,0,265.4769,1008.698,0.5043488,0.6770605,0.3172331,0,250,0.3172331,2271.491,323.4569,0,0,0,35.70771,593.6721,518.1604,75.51159,0,672.098,3696.539,0,-2.842171e-14,-3.674838e-14,4.263256e-14
mpc,2026-01-18 12:30:00,1298,12.5,35.62003,3726.349,46.80485,0.06327861,375.0994,0,0,2608.444,2608.127,347.0176,152.9824,500,1,0,0,500,0,0,267.0966,941.7648,0.4708824,0.6351621,0.3172331,0,250,0.3172331,2261.109,337.5199,0,0,0,37.57958,602.1622,521.9796,80.18263,0,683.6372,3760.005,0,0,-1.221245e-13,4.263256e-14
mpc,2026-01-18 12:45:00,1299,12.75,35.85464,3730.983,51.48187,0,381.9235,0,0,2611.688,2611.371,402.2081,177.3131,579.5212,2,0,0,579.5212,0,0,261.9483,876.1294,0.4380647,0.5930155,0.3172331,0,250,0.3172331,2209.163,390.1122,0,7.445916,0,0,606.5245,513.0442,93.48034,0,690.3573,3809.809,0,-5.684342e-14,1.397771e-13,4.263256e-14
mpc,2026-01-18 13:00:00,1300,13,36.12253,3732.623,52.11147,2.961702,426.5604,0,0,2612.836,2612.519,432.4091,190.6272,623.0362,2,0,0,623.0362,0,0,268.0984,808.9669,0.4044835,0.5516859,0.3172331,0,250,0.3172331,2180.11,418.0696,0,0.2850761,0,8.490751,610.9723,509.7858,101.1865,0,702.3983,3863.683,0,-5.684342e-14,7.782663e-14,4.263256e-14
mpc,2026-01-18 13:15:00,1301,13.25,36.13952,3709.386,45.29161,3.977814,455.2885,0,0,2596.57,2596.253,446.2238,196.7174,642.9412,2,0,0,642.9412,0,0,273.4069,740.4878,0.3702439,0.5093946,0.3172331,0,250,0.3172331,2150.029,431.3389,0,0,0,23.94966,607.434,502.9715,104.4625,0,705.2916,3879.104,0,0,2.011724e-13,4.263256e-14
mpc,2026-01-18 13:30:00,1302,13.5,36.24672,3754.584,50.13923,4.418027,468.1924,0,0,2628.209,2627.892,476.7122,210.1582,686.8704,2,0,0,686.8704,0,0,277.6828,670.9506,0.3354753,0.4662743,0.3172331,0,250,0.3172331,2151.18,460.2212,0,0,0,7.971255,616.5364,504.6328,111.9036,0,716.6609,3941.635,0,-2.842171e-14,-3.796963e-14,4.263256e-14
mpc,2026-01-18 13:45:00,1303,13.75,36.41782,3716.793,52.42651,2.601824,480.6967,1,0,2601.755,2601.438,504.4122,222.3697,726.7819,4,0,0,726.7819,0,0,261.1465,605.5583,0.3027792,0.4224877,0.3172331,0,250,0.3172331,2097.026,485.9682,0,5.163878,0,0,613.0374,494.1107,118.9266,716.4804,0,1441.869,0,-2.842171e-14,1.480482e-13,4.263256e-14
mpc,2026-01-18 14:00:00,1304,14,36.62691,3710.065,48.33141,2.30152,509.4836,1,1,2597.046,2596.729,552.389,237.6508,790.0398,2,49.33904,0,740.7008,0,0,215.7151,551.5342,0.2757671,0.3813112,0.3172331,0,250,0.3172331,2044.34,494.0361,0,0,0,15.44753,615.2621,484.3213,130.9408,725.6318,0,1451.264,0,-1.136868e-13,1.632583e-13,4.263256e-14
mpc,2026-01-18 14:15:00,1305,14.25,36.78434,3738.132,38.71656,3.690937,518.5703,1,1,2616.693,2616.375,555.0258,239.2009,794.2266,4,46.08094,0,748.1457,0,0,216.4328,497.3392,0.2486696,0.347293,0.3172331,0,250,0.3172331,2061.349,498.0595,0,0,0,20.5108,622.4703,490.3629,132.1074,734.4429,0,1468.886,0,0,9.831025e-14,4.263256e-14
mpc,2026-01-18 14:30:00,1306,14.5,36.99298,3754.009,47.20399,1.827081,524.4995,1,1,2627.806,2627.489,583.6933,251.18,834.8734,2,51.61963,0,783.2538,0,0,214.0266,443.7542,0.2218771,0.3131672,0.3172331,0,250,0.3172331,2043.795,520.1245,0,0,0,4.37505,628.5456,488.8559,139.6896,741.0825,0,1482.165,0,-2.842171e-14,-1.187939e-14,4.263256e-14
mpc,2026-01-18 14:45:00,1307,14.75,37.45449,3742.434,50.3453,1.109889,535.8779,1,1,2619.704,2619.387,598.8838,257.3163,856.2001,4,56.33091,0,799.8692,0,0,215.6988,389.7597,0.1948798,0.2794255,0.3172331,0,250,0.3172331,2020.503,528.2049,0,0,0,7.673021,634.31,489.2252,145.0848,748.3994,0,1496.799,0,0,2.897682e-14,4.263256e-14
mpc,2026-01-18 15:00:00,1308,15,37.6742,3760.905,59.10055,0,562.8044,1,1,2632.633,2632.316,618.5558,265.9909,884.5467,3,56.31179,0,828.235,0,0,212.7937,336.4999,0.16825,0.245426,0.3172331,0,250,0.3172331,2013.76,545.4808,0,2.788759,0,17.32363,641.1927,490.4627,150.73,760.6729,0,1526.156,0,0,-1.072475e-13,4.263256e-14
mpc,2026-01-18 15:15:00,1309,15.25,37.85929,3739.051,52.13755,0,565.6351,1,1,2617.336,2617.018,1154.181,442.7789,1596.959,4,55.15439,213.844,827.9611,0,500,0,461.4469,0.2307235,0.211889,0.3172331,0,250,0.3172331,1462.838,544.0745,0,0,0,21.56062,640.6436,358.0579,282.5857,806.1141,0,1612.228,0,0,2.789435e-14,4.263256e-14
mpc,2026-01-18 15:30:00,1310,15.5,37.98975,3779.028,39.34323,0.402076,564.1799,1,1,2645.319,2645.002,1157.064,443.1743,1600.238,4,62.5153,212.7555,824.9673,0,500,0,586.3743,0.2931871,0.2905664,0.3172331,0,250,0.3172331,1487.938,541.2462,0,0,0,22.93368,649.7756,365.4855,284.2901,814.293,0,1628.586,0,-5.684342e-14,1.105782e-13,4.263256e-14
mpc,2026-01-18 15:45:00,1311,15.75,38.0829,3783.041,55.54891,2.880064,561.2305,1,1,2648.129,2647.811,1151.016,440.4353,1591.451,4,63.12859,207.8264,820.4965,0,500,0,711.282,0.355641,0.3692313,0.3172331,0,250,0.3172331,1496.795,537.7015,0,0,0,23.52893,652.107,368.5888,283.5182,814.8181,0,1629.636,0,-2.273737e-13,2.16771e-13,4.263256e-14
mpc,2026-01-18 16:00:00,1312,16,38.34378,3735.426,66.95849,0,539.7477,1,1,2614.798,2614.481,630.3029,269.1899,899.4928,4,72.9545,0,826.5383,0,0,209.2125,658.8669,0.3294334,0.4478838,0.3172331,0,250,0.3172331,1984.178,539.9359,0,0,0,0,648.482,492.0853,156.3967,761.2752,0,1522.55,0,1.136868e-13,4.463097e-14,4.263256e-14
mpc,2026-01-18 16:15:00,1313,16.25,38.2974,3735.703,72.54688,0,504.8934,1,1,2614.992,2614.675,1166.721,444.9448,1611.666,4,83.42132,204.296,823.9489,0,500,0,783.7631,0.3918816,0.4148788,0.3172331,0,250,0.3172331,1447.953,538.5501,0,0,0,0,647.7103,358.6452,289.0651,803.59,0,1607.18,0,0,9.992007e-14,4.263256e-14
mpc,2026-01-18 16:30:00,1314,16.5,38.34941,3703.725,88.64896,0,512.7659,1,1,2592.607,2592.29,1164.929,441.3613,1606.29,4,106.9029,203.5383,795.8489,0,500,0,908.6398,0.4543199,0.4935242,0.3172331,0,250,0.3172331,1427.361,519.8523,0,0,0,0,643.0772,354.0464,289.0307,795.4077,0,1590.815,0,-5.684342e-14,1.054712e-13,4.263256e-14
mpc,2026-01-18 16:45:00,1315,16.75,38.25911,3689.984,109.1249,0,504.1876,1,1,2582.989,2582.671,1155.662,436.3123,1591.974,4,115.0034,201.8739,775.097,0,500,0,1033.497,0.5167484,0.5721572,0.3172331,0,250,0.3172331,1427.009,506.857,0,0,0,0,639.1167,353.0892,286.0274,789.4016,0,1578.803,0,5.684342e-14,-3.492762e-13,4.263256e-14
mpc,2026-01-18 17:00:00,1316,17,38.30804,3696.93,129.9025,0,507.172,1,1,2587.851,2587.534,1149.847,430.4505,1580.297,4,142.7286,199.9318,737.6366,0,500,0,1158.334,0.579167,0.6507777,0.3172331,0,250,0.3172331,1437.687,482.0718,0,0,0,25.10013,641.1737,356.2057,284.968,792.875,0,1585.75,0,0,8.881784e-16,4.263256e-14
mpc,2026-01-18 17:15:00,1317,17.25,38.34404,3644.615,166.6497,0,509.9178,1,1,2551.23,2550.913,1133.952,420.3336,1554.286,4,168.8716,193.9897,691.4247,0,500,0,1283.152,0.6415758,0.729386,0.3172331,0,250,0.3172331,1416.961,451.6716,0,0,0,58.24621,632.7211,351.4151,281.306,786.1942,0,1572.388,0,-1.705303e-13,-1.59428e-13,4.263256e-14
mpc,2026-01-18 17:30:00,1318,17.5,38.46698,3657.243,185.1591,0,495.8137,1,1,2560.07,2559.753,618.1525,248.9405,867.093,3,198.1478,0,668.9452,0,0,192.8338,1234.741,0.6173706,0.8079818,0.3172331,0,250,0.3172331,1941.601,436.329,0,0,0,59.48471,637.0501,483.1496,153.9006,746.8923,0,1493.785,0,2.842171e-14,-1.219025e-13,4.263256e-14
mpc,2026-01-18 17:45:00,1319,17.75,38.6071,3619.415,208.0499,0,462.5125,1,1,2533.591,2533.273,609.3283,240.8491,850.1774,4,233.4647,0,616.7127,0,0,190.5607,1186.907,0.5934533,0.7774985,0.3172331,0,250,0.3172331,1923.945,401.5682,0,0,0,60.94424,632.8885,480.5996,152.2888,736.6725,0,1473.345,0,-2.842171e-14,-4.261036e-13,4.263256e-14
mpc,2026-01-18 18:00:00,1320,18,38.65841,3620.904,232.9128,0.5005456,439.3297,1,1,2534.633,2534.315,1016.607,356.4208,1373.028,4,271.2704,0.691732,601.0659,0,500,0,1311.72,0.6558599,0.7473777,0.3172331,0,250,0.3172331,1517.708,391.1332,0,0,0,48.19653,634.0426,379.6572,254.3853,748.1345,0,1496.269,0,-1.136868e-13,4.146683e-13,4.263256e-14
mpc,2026-01-18 18:15:00,1321,18.25,38.81628,3601.121,280.0764,2.606495,423.5683,1,1,2520.785,2520.467,1029.053,357.2792,1386.332,4,310.1783,2.698596,573.4554,0,500,0,1436.513,0.7182567,0.8259708,0.3172331,0,250,0.3172331,1491.414,372.442,0,0,0,51.12632,633.3296,374.7075,258.6222,744.8318,0,1489.664,0,0,-3.440581e-13,4.263256e-14
mpc,2026-01-18 18:30:00,1322,18.5,38.94995,3555.439,293.564,4.016458,415.0831,1,0,2488.807,2488.49,364.506,160.6921,525.1982,2,0,0,525.1982,0,0,340.5122,1351.159,0.6755796,0.9045514,0.3172331,0,250,0.3172331,2123.984,340.5387,0,0,2.433393,74.5444,627.614,535.6148,91.99918,715.1052,0,1434.408,0,-2.842171e-14,3.326228e-13,4.263256e-14
mpc,2026-01-18 18:45:00,1323,18.75,38.89867,3494.063,334.3023,1.339495,389.7277,1,0,2445.844,2445.527,437.049,178.4507,615.4997,4,119.5533,0,495.9464,0,0,237.3607,1291.606,0.6458031,0.8508051,0.3172331,0,250,0.3172331,2008.478,321.7753,0,0,0,67.95242,615.9038,505.7678,110.136,701.33,0,1402.66,0,0,4.054534e-13,4.263256e-14
mpc,2026-01-18 19:00:00,1324,19,38.83834,3445.018,365.6846,0,359.5306,0,0,2411.513,2411.196,328.914,145.0014,473.9154,1,0,0,473.9154,0,0,382.5907,1195.755,0.5978776,0.8133056,0.3172331,0,250,0.3172331,2082.282,307.7101,0,0,0,51.82055,606.2455,523.478,82.76752,0,681.5069,3748.288,0,0,-2.166045e-13,4.263256e-14
mpc,2026-01-18 19:15:00,1325,19.25,38.46145,3442.405,382.7321,0,320.0668,0,0,2409.683,2409.366,476.2104,183.4521,659.6625,4,222.6383,0,437.0242,0,0,173.0455,1152.306,0.5761528,0.7529496,0.3172331,0,250,0.3172331,1933.156,285.0746,0,0,0,34.99225,599.537,480.9754,118.5616,0,673.1337,3702.235,0,-2.842171e-14,4.019007e-13,4.263256e-14
mpc,2026-01-18 19:30:00,1326,19.5,38.36658,3400.825,391.6598,0,293.0394,0,0,2380.578,2380.26,263.6488,116.2293,379.8782,1,0,0,379.8782,0,0,406.994,1050.376,0.5251879,0.72559,0.3172331,0,250,0.3172331,2116.612,248.086,0,0,0,44.95342,590.7616,525.2561,65.50553,0,652.641,3589.526,0,0,-2.949863e-13,4.263256e-14
mpc,2026-01-18 19:45:00,1327,19.75,38.21416,3380.158,395.6245,0,273.822,0,0,2366.111,2365.793,249.1026,109.8166,358.9192,2,0,0,358.9192,0,0,401.6846,949.7893,0.4748946,0.6614062,0.3172331,0,250,0.3172331,2116.691,234.8361,0,0,0,38.9859,584.7385,523.0992,61.63929,0,642.5505,3534.028,0,-1.421086e-14,2.026157e-13,4.263256e-14
mpc,2026-01-18 20:00:00,1328,20,37.82887,3367.361,378.4434,0,243.1583,0,0,2357.153,2356.835,230.8981,101.7912,332.6892,1,0,0,332.6892,0,0,399.0979,849.8653,0.4249326,0.5980684,0.3172331,0,250,0.3172331,2125.937,218.6996,0,0,0,24.45867,576.4866,519.9385,56.5481,0,627.7115,3452.414,0,-2.842171e-14,4.218847e-15,4.263256e-14
mpc,2026-01-18 20:15:00,1329,20.25,37.5969,3344.172,358.6623,3.056782,224.0813,0,0,2340.92,2340.603,200.8278,88.53473,289.3625,1,0,0,289.3625,0,0,370.665,757.0652,0.3785326,0.5351477,0.3172331,0,250,0.3172331,2139.775,190.7549,0,0,0,33.32633,568.966,520.0773,48.88876,0,616.712,3391.916,0,-1.421086e-14,-9.547918e-14,4.263256e-14
mpc,2026-01-18 20:30:00,1330,20.5,37.53359,3328.315,347.305,2.443899,205.9823,0,0,2329.821,2329.503,179.6968,79.21915,258.9159,1,0,0,258.9159,0,0,328.1948,674.8974,0.3374487,0.4767129,0.3172331,0,250,0.3172331,2149.807,170.8149,0,20.5122,1.041894,35.16736,565.3114,521.6325,43.67888,0,609.3847,3388.797,0,-1.421086e-14,7.488454e-14,4.263256e-14
mpc,2026-01-18 20:45:00,1331,20.75,37.17093,3341.087,309.3937,0,190.4318,0,0,2338.761,2338.444,162.377,71.58377,233.9608,1,0,0,233.9608,0,0,301.3278,599.4592,0.2997296,0.424973,0.3172331,0,250,0.3172331,2176.067,155.03,0,9.869332,0,35.40177,562.0403,522.9424,39.09794,0,603.0338,3333.71,0,-1.421086e-14,5.206946e-14,4.263256e-14
mpc,2026-01-18 21:00:00,1332,21,37.12867,3362.707,271.7849,0.3083409,178.8231,0,0,2353.895,2353.578,157.0121,68.46336,225.4755,1,6.349175,0,219.1263,0,0,265.9212,532.8845,0.2664423,0.3774707,0.3172331,0,250,0.3172331,2196.565,145.2743,0,0.6184119,0,33.54879,565.046,527.2795,37.76649,0,603.7962,3321.946,0,2.842171e-14,5.168088e-14,4.263256e-14
mpc,2026-01-18 21:15:00,1333,21.25,36.96723,3361.028,242.9919,0,156.3213,0,0,2352.72,2352.402,147.0058,64.80736,211.8131,1,0,0,211.8131,0,0,235.6323,473.8926,0.2369463,0.3355496,0.3172331,0,250,0.3172331,2205.397,140.6995,0,7.525254,0,15.62186,562.3666,527.1522,35.21437,0,595.6936,3289.296,0,-1.421086e-14,-1.759703e-14,4.263256e-14
mpc,2026-01-18 21:30:00,1334,21.5,36.70408,3362.683,210.4774,2.971099,132.6374,0,0,2353.878,2353.561,128.3447,56.58064,184.9253,1,0,0,184.9253,0,0,209.2737,421.4995,0.2107498,0.2984032,0.3172331,0,250,0.3172331,2225.216,123.2282,0,4.661434,0,9.409249,558.7774,528.2349,30.54252,0,587.0491,3236.811,0,-1.421086e-14,-8.604228e-14,4.263256e-14
mpc,2026-01-18 21:45:00,1335,21.75,36.44417,3359.574,177.8619,0,123.4701,0,0,2351.702,2351.385,119.1848,52.54251,171.7273,1,0,0,171.7273,0,0,172.8028,378.2325,0.1891162,0.2654121,0.3172331,0,250,0.3172331,2232.2,114.7905,0,5.561123,0,8.679515,554.4974,526.3206,28.17686,0,580.9096,3204.596,0,-7.105427e-15,-1.99285e-14,4.263256e-14
mpc,2026-01-18 22:00:00,1336,22,36.30352,3330.175,151.4212,1.169062,124.2447,0,0,2331.123,2330.806,0,0,0,0,0,0,0,0,0,158.2763,338.6039,0.1693019,0.2381674,0.3172331,0,250,0.3172331,2330.806,0,0,0,0.15938,124.2447,547.6473,547.5728,0.07452711,0,576.7614,3172.463,0,0,3.574918e-14,4.263256e-14
mpc,2026-01-18 22:15:00,1337,22.25,35.86087,3321.815,122.2733,0,109.5336,0,0,2325.27,2324.953,0,0,0,0,0,0,0,0,0,136.339,304.4658,0.1522329,0.2132139,0.3172331,0,250,0.3172331,2324.953,0,0,0,0,109.5336,540.0943,540.0206,0.07368424,0,565.4621,3110.042,0,0,1.262601e-13,4.263256e-14
mpc,2026-01-18 22:30:00,1338,22.5,35.86706,3264.794,104.4662,0.05976106,117.8316,0,0,2285.356,2285.038,0,0,0,0,0,0,0,0,0,120.6826,274.2472,0.1371236,0.1917177,0.3172331,0,250,0.3172331,2285.038,0,0,0,0,117.8316,530.9072,530.8335,0.07369589,0,558.2067,3070.137,0,0,4.057865e-14,4.263256e-14
mpc,2026-01-18 22:45:00,1339,22.75,35.49392,3264.716,97.55654,1.286013,111.7425,0,0,2285.301,2284.984,0,0,0,0,0,0,0,0,0,105.6351,247.7953,0.1238976,0.1726895,0.3172331,0,250,0.3172331,2284.984,0,0,0,0,111.7425,525.8802,525.8072,0.07299983,0,551.5208,3033.364,0,0,5.881406e-14,4.263256e-14
mpc,2026-01-18 23:00:00,1340,23,35.12548,3250.451,85.70262,3.479459,115.5501,0,0,2275.316,2274.998,0,0,0,0,0,0,0,0,0,99.04423,222.9952,0.1114976,0.1560331,0.3172331,0,250,0.3172331,2274.998,0,0,0,0,115.5501,518.7444,518.6721,0.07232531,0,545.0161,2997.589,0,0,-5.190293e-15,4.263256e-14
mpc,2026-01-18 23:15:00,1341,23.25,35.01463,3282.005,66.09395,0.2356243,111.8387,0,0,2297.403,2297.086,0,0,0,0,0,0,0,0,0,85.50033,201.585,0.1007925,0.1404168,0.3172331,0,250,0.3172331,2297.086,0,0,0,0,111.8387,522.3282,522.2561,0.07212481,0,547.6833,3012.258,0,0,4.321543e-14,4.263256e-14
mpc,2026-01-18 23:30:00,1342,23.5,34.84443,3225.343,53.82031,2.465733,91.39298,0,1,2257.74,2257.423,388.1597,111.8403,500,1,79.52672,1.68113,0,0,418.7921,0,306.2514,0.1531257,0.1269351,0.3172331,0,250,0.3172331,1869.263,0,0,0,0.7846029,91.39298,511.1348,423.1866,87.94816,0,555.7176,3057.8,0,-5.684342e-14,1.529332e-14,4.263256e-14
mpc,2026-01-18 23:45:00,1343,23.75,34.74245,3200.133,40.47332,0.4215631,64.84431,0,1,2240.093,2239.776,444.0816,127.8201,571.9017,2,71.22933,0.6724182,0,0,500,0,431.2031,0.2156016,0.192842,0.3172331,0,250,0.3172331,1795.695,0,0,0,0,64.84431,505.8551,405.5015,100.3536,0,547.9647,3013.806,0,4.263256e-14,2.436939e-14,4.263256e-14
mpc,2026-01-19 00:00:00,1344,0,34.60288,3267.399,45.36673,0,69.8159,1,1,2287.18,2286.862,388.1711,111.8289,500,1,66.6584,1.542298,0,0,431.7993,0,539.0851,0.2695425,0.2715223,0.3172331,0,250,0.3172331,1898.691,0,0,0,0,69.8159,514.7035,427.2787,87.42485,554.8188,0,1109.638,0,-2.842171e-14,-1.568745e-13,4.263256e-14
mpc,2026-01-19 00:15:00,1345,0.25,34.37668,3280.258,54.93816,0,81.29058,1,1,2296.18,2295.863,441.8793,127.1221,569.0014,3,68.93555,0.06581322,0,0,500,0,664.0002,0.3320001,0.339454,0.3172331,0,250,0.3172331,1853.984,0,0,0,0,81.29058,513.8518,414.8946,98.95715,560.2084,0,1120.417,0,4.263256e-14,-1.554312e-13,4.263256e-14
mpc,2026-01-19 00:30:00,1346,0.5,33.93848,3307.195,48.79409,0,59.17503,1,1,2315.036,2314.719,435.5446,125.2928,560.8374,2,60.83738,0,0,0,500,0,788.8957,0.3944478,0.4181112,0.3172331,0,250,0.3172331,1879.175,0,0,0,0,59.17503,512.5428,416.0441,96.49862,554.4381,0,1108.876,0,2.842171e-14,-6.328271e-15,4.263256e-14
mpc,2026-01-19 00:45:00,1347,0.75,33.61192,3271.441,60.77248,0,33.7091,1,1,2290.009,2289.692,437.0064,125.7382,562.7445,3,62.51075,0.2337539,0,0,500,0,913.7715,0.4568857,0.4967561,0.3172331,0,250,0.3172331,1852.686,0,0,0,0,33.7091,503.0015,406.9432,96.05831,540.0855,0,1080.171,0,7.105427e-14,1.004752e-14,4.263256e-14
mpc,2026-01-19 01:00:00,1348,1,33.37928,3225.125,53.91023,2.560535,47.5054,1,1,2257.588,2257.27,432.1855,124.5387,556.7242,2,54.72862,1.995567,0,0,500,0,1038.628,0.5193138,0.5753885,0.3172331,0,250,0.3172331,1825.085,0,0,0,0.5649671,47.5054,493.1083,398.6399,94.46841,533.5548,0,1068.084,0,1.421086e-14,-3.659295e-13,4.263256e-14
mpc,2026-01-19 01:15:00,1349,1.25,33.12497,3238.685,40.84396,1.828361,27.8666,1,1,2267.079,2266.762,435.4597,125.4609,560.9206,3,59.10995,1.810602,0,0,500,0,1163.464,0.5817321,0.6540086,0.3172331,0,250,0.3172331,1831.302,0,0,0,0.01775835,27.8666,492.1743,397.5688,94.60551,529.0794,0,1058.189,0,-5.684342e-14,-3.365086e-13,4.263256e-14
mpc,2026-01-19 01:30:00,1350,1.5,32.61385,3240.897,39.12614,1.565272,43.67549,1,1,2268.628,2268.311,427.9656,123.3355,551.3011,3,49.20396,2.09717,0,0,500,0,1288.281,0.6441405,0.7326163,0.3172331,0,250,0.3172331,1840.345,0,0,0,0,43.67549,486.5714,394.7141,91.85738,527.417,0,1054.834,0,4.263256e-14,-3.199663e-13,4.263256e-14
mpc,2026-01-19 01:45:00,1351,1.75,32.51814,3252.6,44.98839,2.745005,46.48468,1,1,2276.82,2276.503,432.4244,124.6465,557.071,3,54.70699,2.363972,0,0,500,0,1413.078,0.7065391,0.8112117,0.3172331,0,250,0.3172331,1844.079,0,0,0,0.3810331,46.48468,487.2283,394.6237,92.60458,529.2177,0,1059.093,0,5.684342e-14,-1.323386e-13,4.263256e-14
mpc,2026-01-19 02:00:00,1352,2,32.51931,3288.153,47.76924,3.986725,41.78837,1,1,2301.707,2301.39,432.0542,124.3883,556.4425,2,55.5058,0.9366704,0,0,500,0,1537.856,0.7689279,0.8897946,0.3172331,0,250,0.3172331,1869.336,0,0,0,3.050055,41.78837,492.5676,400.0397,92.52791,533.3707,0,1072.003,0,-2.842171e-14,1.042499e-13,4.263256e-14
mpc,2026-01-19 02:15:00,1353,2.25,32.49299,3301.345,48.82595,0.937563,31.30479,1,1,2310.941,2310.624,430.7697,123.9192,554.6888,2,54.68884,0,0,0,500,0,1662.614,0.8313068,0.9683652,0.3172331,0,250,0.3172331,1879.854,0,0,0,0.937563,31.30479,494.2375,402.0416,92.1959,532.6559,0,1066.929,0,4.263256e-14,-3.941292e-14,4.263256e-14
mpc,2026-01-19 02:30:00,1354,2.5,32.15267,3249.432,38.97208,0,38.93415,1,1,2274.602,2274.285,388.2727,111.7273,500,1,48.84277,0.3116721,0,0,450.8456,0,1775.063,0.8875317,1.046923,0.3172331,0,250,0.3172331,1886.012,0,0,0,0,38.93415,482.6019,400.1548,82.44706,520.1427,0,1040.285,0,-4.263256e-14,2.924327e-13,4.263256e-14
mpc,2026-01-19 02:45:00,1355,2.75,32.0157,3235.789,46.73212,4.799894,34.52023,1,1,2265.052,2264.735,437.3196,125.9593,563.279,3,61.8123,1.46666,0,0,500,0,1899.784,0.9498919,1.117731,0.3172331,0,250,0.3172331,1827.415,0,0,0,3.333234,34.52023,479.0443,386.4868,92.55744,519.747,0,1045.244,0,2.842171e-14,-2.478018e-13,4.263256e-14
mpc,2026-01-19 03:00:00,1356,3,31.55785,3181.096,45.08887,1.52237,62.6528,1,1,2226.767,2226.45,108.3956,41.60442,150,1,71.74397,0.1667394,40.91618,35.11238,2.060727,0,1900,0.95,1.196266,0.3172331,0,250,0.3172331,2118.055,28.94972,2.236167,0,1.35563,33.70308,465.9839,443.2341,22.74976,491.8914,0,983.6056,0,-7.105427e-15,4.447553e-13,4.263256e-14
mpc,2026-01-19 03:15:00,1357,3.25,31.61412,3210.472,39.21647,0,72.00284,1,1,2247.33,2247.013,0,0,0,0,0,0,0,0,0,68.66502,1882.535,0.9412673,1.196402,0.3172331,0,250,0.3172331,2247.013,0,0,0,0,72.00284,470.8969,470.8304,0.0664718,485.9176,0,971.8353,0,0,4.558576e-13,4.263256e-14
mpc,2026-01-19 03:30:00,1358,3.5,31.20962,3208.358,49.12146,0,52.10448,1,1,2245.85,2245.533,0,0,0,0,0,0,0,0,0,68.78714,1865.042,0.9325208,1.185404,0.3172331,0,250,0.3172331,2245.533,0,0,0,0,52.10448,466.2398,466.174,0.06585777,476.9909,0,953.9818,0,0,3.841372e-13,4.263256e-14
mpc,2026-01-19 03:45:00,1359,3.75,31.12949,3186.595,58.73569,0.5340742,32.85857,1,1,2230.617,2230.299,0,0,0,0,0,0,0,0,0,71.10432,1846.972,0.9234859,1.174389,0.3172331,0,250,0.3172331,2230.299,0,0,0,0,32.85857,462.2315,462.1657,0.06573748,468.9747,0,937.9495,0,0,-4.516387e-13,4.263256e-14
mpc,2026-01-19 04:00:00,1360,4,31.16184,3213.18,75.69471,2.109016,25.47327,1,1,2249.226,2248.909,0,0,0,0,0,0,0,0,0,76.70782,1827.504,0.9137521,1.163011,0.3172331,0,250,0.3172331,2248.909,0,0,0,1.677408,25.47327,466.4317,466.3659,0.065786,471.6484,0,946.1903,0,0,-3.774758e-13,4.263256e-14
mpc,2026-01-19 04:15:00,1361,4.25,31.22465,3197.328,84.69734,0,40.85862,1,1,2238.13,2237.813,0,0,0,0,0,0,0,0,0,89.01978,1804.961,0.9024807,1.150753,0.3172331,0,250,0.3172331,2237.813,0,0,0,0,40.85862,464.7966,464.7307,0.06588039,473.2159,0,946.4318,0,0,-2.022826e-13,4.263256e-14
mpc,2026-01-19 04:30:00,1362,4.5,31.1782,3241.61,121.2212,0,49.40977,1,1,2269.127,2268.81,0,0,0,0,0,0,0,0,0,106.4698,1778.06,0.8890299,1.136558,0.3172331,0,250,0.3172331,2268.81,0,0,15.37439,0,49.40977,470.7343,470.6685,0.06581055,480.9186,0,988.3581,0,0,-2.851053e-13,4.263256e-14
mpc,2026-01-19 04:45:00,1363,4.75,30.9178,3271.022,147.6123,0,47.85111,1,1,2289.715,2289.398,0,0,0,0,0,0,0,0,0,124.4239,1746.674,0.873337,1.119618,0.3172331,0,250,0.3172331,2289.398,0,0,23.30019,0,47.85111,472.1995,472.1341,0.0654218,482.0022,0,1004.197,0,0,-3.146372e-13,4.263256e-14
mpc,2026-01-19 05:00:00,1364,5,30.84939,3336.176,177.7884,2.348419,53.01503,1,1,2335.323,2335.006,0,0,0,0,0,0,0,0,0,155.043,1707.638,0.8538192,1.099855,0.3172331,0,250,0.3172331,2335.006,0,0,22.75631,2.337519,53.01503,480.8589,480.7935,0.06532044,491.7097,0,1026.706,0,0,-2.116085e-13,4.263256e-14
mpc,2026-01-19 05:15:00,1365,5.25,30.77663,3311.836,196.266,0,44.85944,1,1,2318.285,2317.968,0,0,0,0,0,0,0,0,0,197.7962,1657.92,0.8289602,1.075275,0.3172331,0,250,0.3172331,2317.968,0,0,0,0,44.85944,476.5652,476.5,0.06521296,485.7216,0,971.4432,0,0,8.593126e-14,4.263256e-14
mpc,2026-01-19 05:30:00,1366,5.5,30.80443,3339.305,220.9174,7.317711,43.73354,1,1,2337.513,2337.196,0,0,0,0,0,0,0,0,0,238.5047,1598.033,0.7990166,1.043968,0.3172331,0,250,0.3172331,2337.196,0,0,0,6.870571,43.73354,480.8201,480.7548,0.06525398,489.7507,0,991.3532,0,0,2.147171e-13,4.263256e-14
mpc,2026-01-19 05:45:00,1367,5.75,30.92933,3326.686,270.6564,4.887861,58.3062,1,1,2328.68,2328.363,0,0,0,0,0,0,0,0,0,287.2414,1525.971,0.7629857,1.006258,0.3172331,0,250,0.3172331,2328.363,0,0,0,4.868707,58.3062,480.3608,480.2953,0.06543892,492.3228,0,993.044,0,0,-3.317346e-13,4.263256e-14
mpc,2026-01-19 06:00:00,1368,6,31.02724,3299.307,325.5955,0,71.60313,1,1,2309.515,2309.198,0,0,0,0,0,0,0,0,0,336.8777,1441.512,0.7207559,0.9608818,0.3172331,0,250,0.3172331,2309.198,0,0,0,0,71.60313,477.4682,477.4026,0.06558463,492.2058,0,984.4116,0,0,1.965095e-14,4.263256e-14
mpc,2026-01-19 06:15:00,1369,6.25,31.33079,3360.442,376.7894,0,46.80242,1,1,2352.31,2351.992,0,0,0,0,0,0,0,0,0,375.8881,1347.313,0.6736564,0.9076988,0.3172331,0,250,0.3172331,2351.992,0,0,1.546948,0,46.80242,489.696,489.6299,0.06604052,499.3731,0,1001.415,0,0,-2.209344e-14,4.263256e-14
mpc,2026-01-19 06:30:00,1370,6.5,31.45736,3335.545,399.9332,0.481841,32.41989,1,1,2334.881,2334.564,0,0,0,0,0,0,0,0,0,401.6473,1246.689,0.6233444,0.8483831,0.3172331,0,250,0.3172331,2334.564,0,0,0,0,32.41989,487.4807,487.4144,0.06623248,494.1831,0,988.3663,0,0,-3.730349e-14,4.263256e-14
mpc,2026-01-19 06:45:00,1371,6.75,31.46298,3389.828,435.2267,0,24.96696,1,1,2372.88,2372.562,0,0,0,0,0,0,0,0,0,427.5308,1139.61,0.5698049,0.7850217,0.3172331,0,250,0.3172331,2372.562,0,0,8.136426,0,24.96696,495.478,495.4117,0.06624103,500.625,0,1015.285,0,0,3.217426e-13,4.263256e-14
mpc,2026-01-19 07:00:00,1372,7,31.74832,3383.774,428.9444,0,33.17986,1,1,2368.642,2368.325,0,0,0,0,0,0,0,0,0,432.5188,1031.301,0.5156504,0.7175956,0.3172331,0,250,0.3172331,2368.325,0,0,0,0,33.17986,497.856,497.7893,0.06667804,504.7632,0,1009.527,0,0,1.004752e-13,4.263256e-14
mpc,2026-01-19 07:15:00,1373,7.25,31.7938,3410.617,415.8953,0,42.72493,1,1,2387.432,2387.115,0,0,0,0,0,0,0,0,0,428.6953,923.9646,0.4619823,0.649395,0.3172331,0,250,0.3172331,2387.115,0,0,0,0,42.72493,502.3336,502.2669,0.06674823,511.2565,0,1022.513,0,0,-2.078338e-13,4.263256e-14
mpc,2026-01-19 07:30:00,1374,7.5,31.93311,3405.352,390.4964,0,68.02192,1,1,2383.747,2383.43,0,0,0,0,0,0,0,0,0,401.9488,823.3319,0.411666,0.581807,0.3172331,0,250,0.3172331,2383.43,0,0,0,0,68.02192,503.1807,503.1137,0.06696414,517.4723,0,1034.945,0,0,-1.625366e-13,4.263256e-14
mpc,2026-01-19 07:45:00,1375,7.75,32.07388,3395.677,365.7834,0,89.89766,1,1,2376.974,2376.657,0,0,0,0,0,0,0,0,0,370.0607,730.6871,0.3653436,0.5184401,0.3172331,0,250,0.3172331,2376.657,0,0,2.280772,0,89.89766,503.3964,503.3293,0.06718374,522.3678,0,1048.67,0,0,1.606493e-13,4.263256e-14
mpc,2026-01-19 08:00:00,1376,8,31.90723,3388.343,321.8805,257.7671,94.10768,1,1,2371.84,2371.523,0,0,0,0,0,0,0,0,0,413.3579,627.2326,0.3136163,0.460103,0.3172331,0,250,0.3172331,2371.523,0,0,0,167.1834,94.10768,500.3665,500.2996,0.06692392,520.1527,0,1328.697,0,0,1.442735e-13,4.263256e-14
mpc,2026-01-19 08:15:00,1377,8.25,32.09306,3398.996,287.5212,266.0644,104.0677,1,1,2379.298,2378.98,0,0,0,0,0,0,0,0,0,367.1266,535.3522,0.2676761,0.3949592,0.3172331,0,250,0.3172331,2378.98,0,0,9.169381,177.2896,104.0677,504.1137,504.0465,0.06721377,526.0959,0,1373.833,0,0,-3.225198e-14,4.263256e-14
mpc,2026-01-19 08:30:00,1378,8.5,32.29311,3428.857,234.5982,266.0369,115.9481,1,1,2400.2,2399.882,227.778,72.22198,300,2,237.004,0,62.99599,0,0,89.56044,512.8778,0.2564389,0.3371035,0.3172331,0,250,0.3172331,2172.104,44.20146,0,0,176.4765,71.74669,510.9245,462.3705,48.55407,549.865,0,1404.152,0,-1.421086e-14,4.385381e-15,4.263256e-14
mpc,2026-01-19 08:45:00,1379,8.75,32.44007,3487.049,204.9668,272.0351,101.6484,1,1,2440.935,2440.617,0,0,0,0,0,0,0,0,0,283.6281,441.8901,0.2209451,0.3229517,0.3172331,0,250,0.3172331,2440.617,0,0,11.36951,182.0044,101.6484,521.3899,521.3221,0.06776179,543.0344,0,1419.639,0,0,1.598721e-14,4.263256e-14
mpc,2026-01-19 09:00:00,1380,9,32.60788,3479.987,165.6922,279.8152,114.4249,1,1,2435.991,2435.673,117.1091,33.68869,150.7978,1,150.7978,0,0,0,0,91.51675,418.9413,0.2094707,0.2782517,0.3172331,0,250,0.3172331,2318.564,0,0,14.89444,188.2984,114.4249,522.3935,497.2117,25.18185,555.4386,0,1461.385,0,-7.105427e-15,3.613776e-14,4.263256e-14
mpc,2026-01-19 09:15:00,1381,9.25,32.63803,3499.92,128.3054,283.0091,121.6611,1,1,2449.944,2449.627,542.7117,165.8266,708.5383,4,117.2494,91.28896,0,0,500,0,543.8754,0.2719377,0.2638012,0.3172331,0,250,0.3172331,1906.915,0,0,11.05602,191.7202,121.6611,525.7598,409.2254,116.5344,601.1605,0,1552.11,0,-2.842171e-14,1.859624e-14,4.263256e-14
mpc,2026-01-19 09:30:00,1382,9.5,32.85813,3512.019,103.7886,283.3941,149.4243,1,1,2458.413,2458.096,112.4178,37.58219,150,1,100.6825,0,49.31746,0,0,92.76368,520.5989,0.2602994,0.3424704,0.3172331,0,250,0.3172331,2345.678,34.38093,0,3.106037,190.6304,115.0434,530.3327,506.0133,24.31937,568.4128,0,1471.021,0,-2.131628e-14,-2.124412e-13,4.263256e-14
mpc,2026-01-19 09:45:00,1383,9.75,33.27148,3530.463,92.09253,284.6554,177.2544,1,1,2471.324,2471.007,0,0,0,0,0,0,0,0,0,168.4365,478.4078,0.2392039,0.3278135,0.3172331,0,250,0.3172331,2471.007,0,0,17.86124,190.4502,177.2544,538.3987,538.3296,0.06911189,576.946,0,1513.229,0,0,-4.546363e-14,4.263256e-14
mpc,2026-01-19 10:00:00,1384,10,33.47125,3524.385,73.17487,283.2383,169.1491,1,1,2467.069,2466.752,375.4631,118.0708,493.5339,1,64.75978,94.64178,0,0,334.1323,0,561.8656,0.2809328,0.3012464,0.3172331,0,250,0.3172331,2091.289,0,0,8.415095,188.5965,169.1491,540.0572,457.7965,82.26071,612.8951,0,1565.635,0,0,-7.771561e-16,4.263256e-14
mpc,2026-01-19 10:15:00,1385,10.25,33.63332,3513.817,58.46281,285.8254,184.038,1,1,2459.672,2459.355,501.7211,154.5232,656.2443,4,60.36176,95.88254,0,0,500,0,686.7771,0.3433886,0.3537985,0.3172331,0,250,0.3172331,1957.634,0,0,0,189.9429,184.038,540.5474,430.2174,110.33,625.1856,0,1578.023,0,-2.842171e-14,1.478262e-13,4.263256e-14
mpc,2026-01-19 10:30:00,1386,10.5,33.79101,3532.807,62.44837,292.0461,191.5225,1,1,2472.965,2472.648,109.1976,40.80237,150,1,61.67932,0,88.32068,0,0,94.77824,662.9744,0.3314872,0.4324535,0.3172331,0,250,0.3172331,2363.45,60.9123,0,0.7690455,197.2679,130.6102,545.5483,521.3888,24.15952,591.0044,0,1523.623,0,7.105427e-15,1.609823e-15,4.263256e-14
mpc,2026-01-19 10:45:00,1387,10.75,34.29575,3562.773,67.63004,295.6025,217.2516,0,1,2493.941,2493.624,0,0,0,0,0,0,0,0,0,149.0412,625.6098,0.3128049,0.4174653,0.3172331,0,250,0.3172331,2493.624,0,0,12.76542,201.4259,217.2516,556.9981,556.9273,0.070851,0,605.4484,3699.446,0,0,-7.499557e-14,4.263256e-14
mpc,2026-01-19 11:00:00,1388,11,34.36168,3653.806,72.52618,292.1193,235.4815,0,0,2557.664,2557.347,0,0,0,0,0,0,0,0,0,144.5035,589.3854,0.2946927,0.3939373,0.3172331,0,250,0.3172331,2557.347,0,0,22.97963,197.1624,235.4815,572.1568,572.0859,0.07096595,0,624.7638,3815.946,0,0,4.396483e-14,4.263256e-14
mpc,2026-01-19 11:15:00,1389,11.25,34.71876,3705.653,55.98079,299.0741,262.9132,0,0,2593.957,2593.64,0,0,0,0,0,0,0,0,0,151.192,551.4946,0.2757473,0.3711274,0.3172331,0,250,0.3172331,2593.64,0,0,0.3046156,203.5583,262.9132,585.4196,585.348,0.07159504,0,644.6838,3897.424,0,0,1.005862e-13,4.263256e-14
mpc,2026-01-19 11:30:00,1390,11.5,34.98015,3699.692,57.26812,295.5828,275.6755,0,0,2589.785,2589.467,261.8122,115.4197,377.2319,1,0,0,377.2319,0,0,148.3161,514.3288,0.2571644,0.3472681,0.3172331,0,250,0.3172331,2327.655,256.5776,0,3.909664,200.6251,19.09787,588.2955,528.7501,59.54533,0,648.5081,3919.617,0,0,-7.938095e-15,4.263256e-14
mpc,2026-01-19 11:45:00,1391,11.75,35.47678,3673.77,60.34367,292.7432,319.5427,0,0,2571.639,2571.322,293.3404,129.3189,422.6593,2,0,0,422.6593,0,0,144.4952,478.124,0.239062,0.3238653,0.3172331,0,250,0.3172331,2277.981,285.7962,0,9.159648,199.432,33.74645,591.5139,523.9684,67.54549,0,661.0494,3995.593,0,-2.842171e-14,-1.89293e-14,4.263256e-14
mpc,2026-01-19 12:00:00,1392,12,35.88951,3644.008,45.5893,295.4495,361.7536,0,0,2550.806,2550.489,315.4792,139.0787,454.558,1,0,0,454.558,0,0,143.6012,442.1485,0.2210742,0.3010677,0.3172331,0,250,0.3172331,2235.009,305.8648,0,0,201.0646,55.88882,592.9136,519.5094,73.40426,0,671.579,4040.521,0,0,-1.060263e-14,4.263256e-14
mpc,2026-01-19 12:15:00,1393,12.25,36.11577,3691.336,50.86859,300.4841,406.5777,0,0,2583.935,2583.618,351.1063,154.7849,505.8912,2,0,0,505.8912,0,0,140.1712,407.036,0.203518,0.2784144,0.3172331,0,250,0.3172331,2232.512,339.4903,0,5.590582,205.5909,67.0874,604.1092,521.9484,82.1608,0,692.4179,4172.587,0,-2.842171e-14,6.150636e-14,4.263256e-14
mpc,2026-01-19 12:30:00,1394,12.5,36.15026,3737.154,56.04842,301.7882,418.7289,0,0,2616.008,2615.691,347.0176,152.9824,500,1,0,0,500,0,0,145.5585,370.5824,0.1852912,0.2563046,0.3172331,0,250,0.3172331,2268.673,335.399,0,8.024774,204.2534,83.32995,612.1506,530.8736,81.27699,0,703.3554,4234.634,0,0,1.232348e-13,4.263256e-14
mpc,2026-01-19 12:45:00,1395,12.75,36.56987,3797.444,69.23131,293.4551,451.3496,0,0,2658.211,2657.894,398.3605,175.6169,573.9774,2,0,0,573.9774,0,0,145.8592,334.0592,0.1670296,0.2333503,0.3172331,0,250,0.3172331,2259.533,383.096,0,21.04579,195.7814,68.25353,628.8179,534.508,94.30994,0,726.2707,4368.516,0,-2.842171e-14,4.476974e-14,4.263256e-14
mpc,2026-01-19 13:00:00,1396,13,36.98513,3784.585,55.3451,297.7034,459.0008,0,0,2649.209,2648.892,437.9407,193.0657,631.0064,2,0,0,631.0064,0,0,150.6012,296.3563,0.1481782,0.2103522,0.3172331,0,250,0.3172331,2210.951,419.0633,0,3.326627,199.1207,39.93746,633.5343,528.7289,104.8054,0,731.3453,4371.621,0,-2.842171e-14,-3.641532e-14,4.263256e-14
mpc,2026-01-19 13:15:00,1397,13.25,37.0581,3791.323,53.76853,295.4137,489.7598,0,0,2653.926,2653.609,460.4073,202.9701,663.3775,4,0,0,663.3775,0,0,149.8189,258.8549,0.1294275,0.1866112,0.3172331,0,250,0.3172331,2193.202,440.1743,0,2.875493,196.4878,49.58549,635.8828,525.4929,110.39,0,740.3437,4415.792,0,-2.842171e-14,-6.070144e-14,4.263256e-14
mpc,2026-01-19 13:30:00,1398,13.5,37.36649,3776.999,73.25521,296.7554,524.6215,0,0,2643.899,2643.582,495.1435,216.2808,711.4243,3,16.83531,0,694.589,0,0,137.8457,224.3528,0.1121764,0.1629972,0.3172331,0,250,0.3172331,2148.438,459.1706,0,17.79339,197.5362,65.45091,638.6715,518.9859,119.6856,0,751.0773,4502.369,0,-8.526513e-14,1.637579e-15,4.263256e-14
mpc,2026-01-19 13:45:00,1399,13.75,37.46418,3811.036,60.17336,299.6512,518.0397,1,0,2667.725,2667.408,541.2187,232.625,773.8438,3,50.19154,0,723.6522,0,0,97.26982,200,0.1,0.1412716,0.3172331,0,250,0.3172331,2126.189,477.8179,0,9.981818,202.3813,40.22179,646.104,514.9479,131.1562,757.3144,0,1880.955,0,2.842171e-14,-5.562217e-14,4.263256e-14
mpc,2026-01-19 14:00:00,1400,14,37.55741,3823.948,53.96838,304.0849,542.2649,1,1,2676.763,2676.446,781.9331,315.5474,1097.48,4,48.93662,97.90396,754.3903,0,196.2496,0,249.0309,0.1245155,0.1259371,0.3172331,0,250,0.3172331,1894.513,497.5511,0,5.031758,206.1809,44.71373,649.9072,459.98,189.9272,786.3837,0,1937.109,0,-5.684342e-14,-6.938894e-15,4.263256e-14
mpc,2026-01-19 14:15:00,1401,14.25,37.5337,3787.898,50.10592,300.4263,564.0309,1,1,2651.528,2651.211,564.3414,243.7713,808.1127,4,42.18333,0,765.9294,0,0,98.97413,224.2482,0.1121241,0.1568111,0.3172331,0,250,0.3172331,2086.87,505.3069,0,7.922594,201.4522,58.72405,643.3729,506.3629,137.0101,764.3831,0,1889.938,0,-2.842171e-14,-4.718448e-14,4.263256e-14
mpc,2026-01-19 14:30:00,1402,14.5,37.83258,3781.794,40.08776,297.6775,576.8428,1,1,2647.256,2646.938,585.2981,252.1587,837.4568,3,49.34025,1.635869e-06,788.1165,0,0,96.85153,200,0.1,0.1412058,0.3172331,0,250,0.3172331,2061.64,518.06,0,0,200.826,58.78272,647.5014,504.2637,143.2377,770.8003,0,1888.025,0,5.684342e-14,4.601874e-14,4.263256e-14
mpc,2026-01-19 14:45:00,1403,14.75,38.03169,3743.866,52.04618,295.788,581.2536,1,1,2620.706,2620.389,976.1163,376.992,1353.108,4,53.1695,97.29147,807.528,0,395.1193,0,298.7483,0.1493742,0.1259371,0.3172331,0,250,0.3172331,1644.273,529.5336,0,0,198.4966,51.71993,644.4602,404.3446,240.1156,794.0551,0,1930.517,0,-1.705303e-13,5.5983e-14,4.263256e-14
mpc,2026-01-19 15:00:00,1404,15,38.24667,3739.984,73.6365,296.5861,587.8456,1,1,2617.989,2617.671,1085.13,412.0201,1497.15,4,57.82791,95.34239,843.9801,0,500,0,423.7013,0.2118507,0.1881174,0.3172331,0,250,0.3172331,1532.541,551.9855,0,15.80859,201.2437,35.86012,647.5575,379.0729,268.4846,799.9629,0,1974.341,0,-1.705303e-13,4.940493e-15,4.263256e-14
mpc,2026-01-19 15:15:00,1405,15.25,38.57185,3693.824,76.53921,288.2423,601.7009,1,1,2585.677,2585.359,1084.169,412.115,1496.284,4,53.46698,95.84154,846.9755,0,500,0,548.6346,0.2743173,0.2667985,0.3172331,0,250,0.3172331,1501.19,551.7411,0,23.07223,192.4007,49.95978,645.2744,374.633,270.6414,799.2159,0,1970.123,0,-1.705303e-13,-2.597922e-14,4.263256e-14
mpc,2026-01-19 15:30:00,1406,15.5,38.77831,3695.97,82.99,284.6388,588.1468,1,1,2587.179,2586.862,1079.915,410.666,1490.581,3,49.88144,95.57085,845.1282,0,500,0,673.5482,0.3367741,0.3454672,0.3172331,0,250,0.3172331,1506.947,549.1419,0,33.10856,189.068,39.00489,649.3294,378.2131,271.1162,798.6685,0,1980.592,0,-5.684342e-14,-3.497203e-15,4.263256e-14
mpc,2026-01-19 15:45:00,1407,15.75,38.95798,3720.382,72.7518,276.6979,612.0047,1,1,2604.267,2603.95,1083.842,411.3053,1495.148,3,59.06269,94.71031,841.3746,0,500,0,798.4422,0.3992211,0.4241235,0.3172331,0,250,0.3172331,1520.108,545.4936,0,13.68911,181.9876,66.51106,656.8765,383.418,273.4585,811.4995,0,1960.541,0,-5.684342e-14,1.758038e-13,4.263256e-14
mpc,2026-01-19 16:00:00,1408,16,39.14285,3738.133,78.58253,283.0569,625.2859,1,1,2616.693,2616.376,1081.664,409.078,1490.742,4,69.71389,93.79709,827.231,0,500,0,923.3165,0.4616583,0.5027674,0.3172331,0,250,0.3172331,1534.711,535.1003,0,8.868642,189.2598,90.18563,663.4135,389.0974,274.3161,821.0403,0,1983.852,0,5.684342e-14,8.11573e-14,4.263256e-14
mpc,2026-01-19 16:15:00,1409,16.25,39.07495,3682.818,83.99575,281.5465,613.2699,1,1,2577.972,2577.655,1064.898,400.7654,1465.664,4,77.46016,91.57183,796.6319,0,500,0,1048.171,0.5240856,0.5813989,0.3172331,0,250,0.3172331,1512.757,515.7398,0,6.535595,189.9746,97.53012,652.3614,382.8063,269.5551,808.2519,0,1955.484,0,-1.705303e-13,-1.159073e-13,4.263256e-14
mpc,2026-01-19 16:30:00,1410,16.5,39.12715,3668.505,91.22933,278.0684,583.886,1,1,2567.954,2567.636,1075.494,403.1214,1478.616,4,96.92241,91.25491,790.4385,0,500,0,1173.006,0.5865031,0.660018,0.3172331,0,250,0.3172331,1492.142,511.4001,0,0,186.8135,72.48582,650.7715,378.139,272.6325,799.6299,0,1921.513,0,-5.684342e-14,3.590461e-13,4.263256e-14
mpc,2026-01-19 16:45:00,1411,16.75,39.01082,3616.648,101.1505,280.1835,579.847,1,1,2531.654,2531.337,1009.009,382.1165,1391.125,4,111.8704,90.46515,773.5539,0,415.2358,0,1276.63,0.6383152,0.7386248,0.3172331,0,250,0.3172331,1522.328,501.196,0,0,189.7184,78.65102,639.4987,384.5418,254.9569,786.5257,0,1900.315,0,-5.684342e-14,-1.29563e-13,4.263256e-14
mpc,2026-01-19 17:00:00,1412,17,38.92015,3634.802,135.7265,274.5833,554.5184,1,1,2544.361,2544.044,1080.377,401.0688,1481.446,4,135.8599,89.65762,759.516,0,496.4126,0,1400.533,0.7002663,0.8038755,0.3172331,0,250,0.3172331,1463.667,492.6515,0,0,184.9257,61.86694,641.0936,368.7949,272.2987,785.4521,0,1889.901,0,-2.273737e-13,-2.078338e-13,4.263256e-14
mpc,2026-01-19 17:15:00,1413,17.25,38.91956,3627.264,157.4853,271.8218,534.4485,1,1,2539.085,2538.767,1093.213,402.5037,1495.717,4,167.7786,86.98981,740.9483,0,500,0,1525.312,0.7626561,0.8818949,0.3172331,0,250,0.3172331,1445.554,480.6114,0,0,184.832,53.8372,639.7535,364.2251,275.5283,780.2938,0,1879.423,0,-5.684342e-14,1.383338e-13,4.263256e-14
mpc,2026-01-19 17:30:00,1414,17.5,39.05224,3576.678,197.4135,272.3973,526.1604,1,1,2503.675,2503.358,710.0403,289.9596,1000,3,191.0269,86.40201,719.7413,0,2.829809,0,1525.78,0.7628897,0.9604667,0.3172331,0,250,0.3172331,1793.317,466.0915,0,6.38662,185.9953,60.06882,633.16,453.5161,179.6439,758.6667,0,1849.192,0,0,-3.830269e-13,4.263256e-14
mpc,2026-01-19 17:45:00,1415,17.75,39.29547,3537.984,236.0899,267.004,503.6932,1,1,2476.589,2476.272,1082.19,391.492,1473.683,4,219.4974,85.38853,668.7966,0,500,0,1650.539,0.8252696,0.960761,0.3172331,0,250,0.3172331,1394.081,431.7994,0,16.59252,181.6155,71.89382,630.5766,354.9539,275.6227,764.7512,0,1871.411,0,5.684342e-14,-6.872281e-14,4.263256e-14
mpc,2026-01-19 18:00:00,1416,18,39.10917,3541.718,272.3311,3.857394,473.4,1,1,2479.203,2478.886,1029.206,364.473,1393.679,4,250.2698,0.5988667,642.81,0,500,0,1775.28,0.8876397,1.03932,0.3172331,0,250,0.3172331,1449.68,415.9794,0,22.06122,3.258528,57.42061,627.9657,367.1944,260.7713,746.2116,0,1536.1,0,-2.273737e-13,4.223288e-13,4.263256e-14
mpc,2026-01-19 18:15:00,1417,18.25,39.07192,3481.558,296.5941,6.181125,441.2594,0,1,2437.091,2436.773,1046.755,367.0377,1413.793,4,293.7462,2.641157,617.4054,0,500,0,1900,0.95,1.117868,0.3172331,0,250,0.3172331,1390.018,399.7235,0,2.847905,3.539967,41.53593,616.6589,351.7174,264.9414,0,729.265,4021.977,0,-1.705303e-13,3.950174e-13,4.263256e-14
mpc,2026-01-19 18:30:00,1418,18.5,38.98603,3476.064,340.8321,3.22533,415.7283,0,0,2433.245,2432.927,408.4397,180.0602,588.4999,2,0,0,588.4999,0,0,316.9533,1820.463,0.9102313,1.196402,0.3172331,0,250,0.3172331,2024.488,381.4137,0,26.81807,0.2861369,34.31464,614.2174,511.036,103.1814,0,699.7582,3895.425,0,-2.842171e-14,8.21565e-15,4.263256e-14
mpc,2026-01-19 18:45:00,1419,18.75,38.96175,3475.733,371.9133,2.112929,368.5048,0,0,2433.013,2432.696,384.5164,169.5137,554.0301,3,0,0,554.0301,0,0,345.3282,1733.844,0.866922,1.146319,0.3172331,0,250,0.3172331,2048.179,359.181,0,28.31532,0.3826712,9.323793,613.7452,516.6681,97.07708,0,688.5338,3836.44,0,-2.842171e-14,-2.13829e-13,4.263256e-14
mpc,2026-01-19 19:00:00,1420,19,38.92765,3445.164,402.0627,3.241508,333.4519,0,0,2411.615,2411.298,359.7694,158.604,518.3735,2,0,0,518.3735,0,0,373.3749,1640.227,0.8201136,1.091776,0.3172331,0,250,0.3172331,2051.528,336.206,0,30.70458,1.224705,0,607.7723,517.0237,90.74861,0,675.6277,3771.03,0,-5.684342e-14,1.789679e-13,4.263256e-14
mpc,2026-01-19 19:15:00,1421,19.25,38.84826,3427.749,419.5526,0.0277451,324.6637,0,0,2399.424,2399.107,324.22,142.9321,467.1521,2,0,0,467.1521,0,0,388.5427,1542.833,0.7714167,1.032827,0.3172331,0,250,0.3172331,2074.887,303.2816,0,32.49541,0,21.38204,603.3719,521.762,81.60986,0,670.071,3741.445,0,-2.842171e-14,2.235989e-13,4.263256e-14
mpc,2026-01-19 19:30:00,1422,19.5,38.58022,3420.014,420.1152,0,316.2478,0,0,2394.01,2393.693,290.2373,127.9509,418.1882,1,0,0,418.1882,0,0,398.7011,1442.915,0.7214576,0.9714996,0.3172331,0,250,0.3172331,2103.455,272.3903,0,22.17049,0,43.85752,597.5799,525.0533,72.52667,0,663.9516,3689.978,0,-4.263256e-14,1.335598e-13,4.263256e-14
mpc,2026-01-19 19:45:00,1423,19.75,38.47657,3423.659,420.6503,0,277.4387,0,0,2396.561,2396.244,272.2527,120.0224,392.2751,2,0,0,392.2751,0,0,398.4551,1343.074,0.6715372,0.9085826,0.3172331,0,250,0.3172331,2123.991,255.8369,0,23.00828,0,21.60179,596.519,528.6746,67.84436,0,654.0738,3637.095,0,1.421086e-14,1.834088e-13,4.263256e-14
mpc,2026-01-19 20:00:00,1424,20,38.42284,3375.851,402.3016,0,259.4989,0,0,2363.095,2362.778,245.3665,108.1696,353.536,1,0,0,353.536,0,0,387.8372,1245.904,0.6229518,0.8457142,0.3172331,0,250,0.3172331,2117.412,230.7237,0,15.61495,0,28.77518,587.3252,526.2628,61.06238,0,641.5842,3555.649,0,-2.842171e-14,9.769963e-14,4.263256e-14
mpc,2026-01-19 20:15:00,1425,20.25,38.17131,3353.046,373.3404,0,243.6634,0,0,2347.132,2346.815,220.1303,97.04424,317.1746,2,0,0,317.1746,0,0,365.8752,1154.239,0.5771194,0.7845273,0.3172331,0,250,0.3172331,2126.685,207.6318,0,10.73128,0,36.03159,579.3734,524.9575,54.41596,0,630.8959,3488.439,0,-1.421086e-14,-3.937961e-13,4.263256e-14
mpc,2026-01-19 20:30:00,1426,20.5,38.23208,3368.173,337.6043,0,212.2104,0,0,2357.721,2357.404,199.9454,88.14574,288.0911,1,0,0,288.0911,0,0,339.9592,1069.067,0.5345336,0.7268072,0.3172331,0,250,0.3172331,2157.458,188.4529,0,0,0,23.75747,582.9491,533.4339,49.51515,0,627.4538,3450.996,0,-1.421086e-14,2.501333e-13,4.263256e-14
mpc,2026-01-19 20:45:00,1427,20.75,37.98944,3288.495,306.2016,0,182.8111,0,0,2301.946,2301.629,182.7353,80.5587,263.294,1,0,0,263.294,0,0,305.6825,992.4783,0.4962391,0.6731759,0.3172331,0,250,0.3172331,2118.894,172.7431,0,1.336227,0,10.06799,565.4274,520.4642,44.96322,0,603.4959,3321.532,0,-1.421086e-14,-7.283063e-14,4.263256e-14
mpc,2026-01-19 21:00:00,1428,21,37.68442,3316.996,272.6052,0,167.9358,0,0,2321.897,2321.58,171.3726,75.54945,246.9221,1,0,0,246.9221,0,0,272.0526,924.3089,0.4621544,0.624949,0.3172331,0,250,0.3172331,2150.207,162.6043,0,1.191972,0,5.331564,565.6661,523.8386,41.82748,0,600.6869,3305.834,0,-1.421086e-14,-2.975398e-14,4.263256e-14
mpc,2026-01-19 21:15:00,1429,21.25,37.49144,3347.314,224.451,0,137.1782,0,0,2343.12,2342.802,156.1429,68.83547,224.9784,1,0,0,224.9784,0,0,239.5264,864.2818,0.4321409,0.5820238,0.3172331,0,250,0.3172331,2186.66,148.5011,0,0,0,0,567.8994,529.9783,37.92108,0,598.8138,3293.476,0,-1.421086e-14,-2.038369e-13,4.263256e-14
mpc,2026-01-19 21:30:00,1430,21.5,37.21664,3384.568,197.1895,0,105.5435,0,0,2369.197,2368.88,133.7193,58.95005,192.6694,1,0,0,192.6694,0,0,211.4183,811.2912,0.4056456,0.5442256,0.3172331,0,250,0.3172331,2235.161,127.5986,0,0,0,0,570.0435,537.7935,32.25002,0,596.7435,3282.089,0,-1.421086e-14,-2.270406e-13,4.263256e-14
mpc,2026-01-19 21:45:00,1431,21.75,36.78981,3301.111,178.8604,0,99.79318,0,0,2310.778,2310.461,124.0167,54.67265,178.6893,1,0,0,178.6893,0,0,175.3552,767.3247,0.3836623,0.5108582,0.3172331,0,250,0.3172331,2186.444,118.9502,0,3.674017,0,0,549.7767,520.1954,29.58134,0,574.868,3168.112,0,-7.105427e-15,-1.94178e-13,4.263256e-14
mpc,2026-01-19 22:00:00,1432,22,36.53268,3282.868,146.4232,0,107.5819,0,0,2298.007,2297.69,115.3089,50.83382,166.1427,1,0,0,166.1427,0,0,155.0392,728.4441,0.364222,0.4831731,0.3172331,0,250,0.3172331,2182.381,110.9399,0,0,0,0,543.0838,515.7581,27.32571,0,566.5919,3116.255,0,-7.105427e-15,-2.11331e-13,4.263256e-14
mpc,2026-01-19 22:15:00,1433,22.25,36.48012,3262.104,141.8836,0,90.11536,0,0,2283.473,2283.156,0,0,0,0,0,0,0,0,0,128.5632,696.1886,0.3480943,0.4586905,0.3172331,0,250,0.3172331,2283.156,0,0,14.79653,0,90.11536,538.9125,538.8376,0.07486879,0,560.1054,3106.104,0,0,-1.543765e-13,4.263256e-14
mpc,2026-01-19 22:30:00,1434,22.5,36.47205,3299.497,111.7301,0,84.66236,0,0,2309.648,2309.33,0,0,0,0,0,0,0,0,0,111.8107,668.1263,0.3340632,0.4383798,0.3172331,0,250,0.3172331,2309.33,0,0,2.833788,0,84.66236,544.9757,544.9008,0.07485311,0,564.8774,3111.714,0,0,-8.648637e-14,4.263256e-14
mpc,2026-01-19 22:45:00,1435,22.75,36.12187,3307.868,98.39588,0,44.17345,0,0,2315.508,2315.19,0,0,0,0,0,0,0,0,0,101.9934,642.5228,0.3212614,0.4207093,0.3172331,0,250,0.3172331,2315.19,0,0,0,0,44.17345,541.4373,541.3631,0.0741789,0,551.6922,3034.307,0,0,1.185163e-13,4.263256e-14
mpc,2026-01-19 23:00:00,1436,23,35.96117,3323.088,94.05326,0,37.53103,0,0,2326.162,2325.844,0,0,0,0,0,0,0,0,0,93.71927,618.9918,0.3094959,0.4045872,0.3172331,0,250,0.3172331,2325.844,0,0,4.4694,0,37.53103,541.6895,541.6157,0.07387356,0,550.3555,3034.665,0,0,-2.459144e-14,4.263256e-14
mpc,2026-01-19 23:15:00,1437,23.25,35.69632,3326.926,90.37846,0,41.27303,1,0,2328.848,2328.531,0,0,0,0,0,0,0,0,0,75.04442,600.1333,0.3000666,0.3897701,0.3172331,0,250,0.3172331,2328.531,0,0,16.40543,0,41.27303,538.6607,538.5873,0.07337576,548.1337,0,1124.567,0,0,-1.201261e-13,4.263256e-14
mpc,2026-01-19 23:30:00,1438,23.5,35.4501,3270.047,82.59712,0,56.91,1,1,2289.033,2288.715,515.8252,160.1271,675.9523,4,65.52215,2.111691,108.3185,0,500,0,725.0388,0.3625194,0.3778951,0.3172331,0,250,0.3172331,1772.89,73.26652,0,17.07497,0,0,526.1552,407.5151,118.6401,567.6422,0,1164.739,0,2.842171e-14,2.199352e-13,4.263256e-14
mpc,2026-01-19 23:45:00,1439,23.75,35.33149,3275.011,74.31385,0,36.00403,1,1,2292.508,2292.191,388.2531,111.7469,500,1,54.45296,0.5492051,0,0,444.9978,0,836.1741,0.4180871,0.4565463,0.3172331,0,250,0.3172331,1903.937,0,0,19.86088,0,36.00403,525.3785,436.329,89.04942,556.327,0,1146.914,0,-2.842171e-14,-1.262879e-13,4.263256e-14
mpc,2026-01-20 00:00:00,1440,0,35.15787,3210.303,71.51521,0,49.12376,1,1,2247.212,2246.895,497.4818,153.2932,650.775,3,54.99162,0.699478,95.08388,0,500,0,961.0425,0.4805213,0.5265266,0.3172331,0,250,0.3172331,1749.413,64.53695,0,16.5236,0,0,512.7538,399.1693,113.5844,552.4625,0,1133.428,0,0,2.371436e-13,4.263256e-14
mpc,2026-01-20 00:15:00,1441,0.25,34.89448,3226.888,55.15688,6.048919,57.86544,1,1,2258.822,2258.504,435.9601,125.4158,561.3759,3,61.34303,0.03290661,0,0,500,0,1085.891,0.5429456,0.6051544,0.3172331,0,250,0.3172331,1822.544,0,0,0,6.016013,57.86544,512.0178,413.1248,98.89305,551.6572,0,1113.692,0,-2.842171e-14,-3.914646e-13,4.263256e-14
mpc,2026-01-20 00:30:00,1442,0.5,34.4937,3233.483,51.1504,1.868794,67.5284,1,1,2263.438,2263.121,430.414,123.8169,554.2309,2,54.23085,0,0,0,500,0,1210.72,0.6053601,0.6837698,0.3172331,0,250,0.3172331,1832.707,0,0,0,1.868794,67.5284,507.9879,411.3181,96.66987,550.2905,0,1103.805,0,2.842171e-14,4.52749e-13,4.263256e-14
mpc,2026-01-20 00:45:00,1443,0.75,34.07417,3228.439,43.67996,3.311556,44.02422,1,1,2259.907,2259.59,436.1948,125.4908,561.6856,3,61.58266,0.1029125,0,0,500,0,1335.53,0.6677648,0.7623728,0.3172331,0,250,0.3172331,1823.396,0,0,0,3.208643,44.02422,501.9962,405.0333,96.963,540.3032,0,1086.141,0,1.421086e-14,4.163336e-13,4.263256e-14
mpc,2026-01-20 01:00:00,1444,1,33.80047,3235.147,50.24724,0,43.13578,1,1,2264.603,2264.286,388.1077,111.8923,500,1,54.23684,2.310689,0,0,443.4525,0,1446.183,0.7230913,0.8409635,0.3172331,0,250,0.3172331,1876.178,0,0,0,0,43.13578,499.6975,413.9893,85.70816,535.3998,0,1070.8,0,-7.105427e-14,-2.621237e-13,4.263256e-14
mpc,2026-01-20 01:15:00,1445,1.25,33.58415,3252.804,63.15311,0,55.49425,1,1,2276.963,2276.646,427.6576,123.2217,550.8793,3,49.01881,1.860504,0,0,500,0,1570.955,0.7854775,0.91064,0.3172331,0,250,0.3172331,1848.988,0,0,14.13431,0,55.49425,499.8005,405.8587,93.94182,541.2616,0,1106.905,0,2.842171e-14,8.892886e-14,4.263256e-14
mpc,2026-01-20 01:30:00,1446,1.5,33.39842,3227.468,55.89077,0,54.74678,1,1,2259.228,2258.911,423.3891,121.9895,545.3785,2,43.55898,1.819534,0,0,500,0,1695.708,0.8478538,0.9892073,0.3172331,0,250,0.3172331,1835.522,0,0,12.33179,0,54.74678,493.6936,401.104,92.58964,535.0569,0,1091.386,0,0,2.843281e-13,4.263256e-14
mpc,2026-01-20 01:45:00,1447,1.75,33.25682,3236.981,55.17886,0,52.27844,1,1,2265.887,2265.569,428.3715,123.5048,551.8763,2,49.28553,2.59075,0,0,500,0,1820.441,0.9102203,1.067762,0.3172331,0,250,0.3172331,1837.198,0,0,5.893326,0,52.27844,493.4691,400.1084,93.36065,534.9985,0,1080.163,0,-5.684342e-14,2.582379e-13,4.263256e-14
mpc,2026-01-20 02:00:00,1448,2,33.14921,3273.282,68.77298,0,51.52824,1,1,2291.297,2290.98,214.4483,61.97113,276.4194,1,51.24172,2.642606,0,0,222.5351,0,1875.788,0.9378939,1.146305,0.3172331,0,250,0.3172331,2076.532,0,0,17.53126,0,51.52824,497.72,451.0682,46.65179,524.2324,0,1078.706,0,-2.131628e-14,2.515765e-13,4.263256e-14
mpc,2026-01-20 02:15:00,1449,2.25,32.61071,3277.41,63.14909,0,48.2615,1,1,2294.187,2293.87,116.447,33.55303,150,1,51.45465,0.5156596,0,0,98.02969,0,1900,0.95,1.181156,0.3172331,0,250,0.3172331,2177.423,0,0,11.69444,0,48.2615,492.0169,466.9753,25.04153,510.8787,0,1041.93,0,-2.131628e-14,3.277378e-13,4.263256e-14
mpc,2026-01-20 02:30:00,1450,2.5,32.51839,3276.959,62.51103,0,40.62881,1,1,2293.871,2293.554,105.0291,44.97093,150,1,43.35166,0.1336078,51.68671,53.63162,1.196405,0,1900,0.95,1.196402,0.3172331,0,250,0.3172331,2188.525,36.17309,3.347857,19.15937,0,4.45572,490.8801,468.3364,22.54373,514.2608,0,1057.805,0,-7.105427e-15,3.563816e-13,4.263256e-14
mpc,2026-01-20 02:45:00,1451,2.75,32.18309,3270.822,61.83473,0,19.74234,1,1,2289.575,2289.258,0,0,0,0,0,0,0,0,0,56.79112,1885.503,0.9427516,1.196402,0.3172331,0,250,0.3172331,2289.258,0,0,8.352805,0,19.74234,486.1239,486.0565,0.0673551,490.2482,0,994.9051,0,0,-4.178879e-13,4.263256e-14
mpc,2026-01-20 03:00:00,1452,3,32.14401,3232.976,62.7983,2.684168,13.80613,1,1,2263.083,2262.766,0,0,0,0,0,0,0,0,0,57.85735,1870.742,0.935371,1.187274,0.3172331,0,250,0.3172331,2262.766,0,0,5.848493,1.776625,13.80613,480.0609,479.9936,0.06729367,482.9222,0,978.9977,0,0,5.57332e-14,4.263256e-14
mpc,2026-01-20 03:15:00,1453,3.25,32.01555,3275.115,49.26495,2.544252,22.89079,1,1,2292.581,2292.264,0,0,0,0,0,0,0,0,0,52.51482,1857.319,0.9286594,1.177979,0.3172331,0,250,0.3172331,2292.264,0,0,0,1.622054,22.89079,484.8647,484.7976,0.06709256,489.6388,0,982.0757,0,0,-3.645972e-13,4.263256e-14
mpc,2026-01-20 03:30:00,1454,3.5,31.93917,3261.46,61.37228,0,18.96327,1,1,2283.022,2282.705,0,0,0,0,0,0,0,0,0,58.10418,1842.5,0.9212502,1.169526,0.3172331,0,250,0.3172331,2282.705,0,0,3.798612,0,18.96327,481.9867,481.9198,0.06697357,485.9233,0,978.3991,0,0,-3.963496e-13,4.263256e-14
mpc,2026-01-20 03:45:00,1455,3.75,31.72442,3263.492,70.80843,0.8439614,0,1,1,2284.444,2284.127,0,0,0,0,0,0,0,0,0,64.56555,1826.069,0.9130345,1.160195,0.3172331,0,250,0.3172331,2284.127,0,0,6.871736,0.2150988,0,479.8936,479.8269,0.06664121,479.8269,0,971.8786,0,0,3.603784e-13,4.263256e-14
mpc,2026-01-20 04:00:00,1456,4,31.63346,3257.43,62.82724,2.929035,19.82338,1,1,2280.201,2279.884,0,0,0,0,0,0,0,0,0,77.30918,1806.454,0.9032271,1.149849,0.3172331,0,250,0.3172331,2279.884,0,0,0,1.58114,19.82338,477.9975,477.9311,0.06650143,482.0866,0,966.9007,0,0,-3.246292e-13,4.263256e-14
mpc,2026-01-20 04:15:00,1457,4.25,31.27858,3252.412,93.32669,0,14.25601,1,1,2276.688,2276.371,0,0,0,0,0,0,0,0,0,86.63087,1784.512,0.892256,1.137498,0.3172331,0,250,0.3172331,2276.371,0,0,7.131012,0,14.25601,473.3873,473.3214,0.06596165,476.2856,0,964.8722,0,0,3.455014e-13,4.263256e-14
mpc,2026-01-20 04:30:00,1458,4.5,31.32898,3243.727,107.6751,2.467358,39.53691,1,1,2270.609,2270.292,0,0,0,0,0,0,0,0,0,114.4981,1755.607,0.8778033,1.123681,0.3172331,0,250,0.3172331,2270.292,0,0,0,2.213286,39.53691,472.6682,472.6022,0.06603779,480.8325,0,965.4829,0,0,1.161293e-13,4.263256e-14
mpc,2026-01-20 04:45:00,1459,4.75,31.20865,3235.405,119.3918,3.924455,50.19258,1,1,2264.784,2264.466,0,0,0,0,0,0,0,0,0,137.2046,1721.029,0.8605145,1.10548,0.3172331,0,250,0.3172331,2264.466,0,0,0,3.887002,50.19258,470.16,470.0941,0.06585632,480.5139,0,967.7329,0,0,1.949552e-13,4.263256e-14
mpc,2026-01-20 05:00:00,1460,5,30.81245,3273.497,150.9735,0.4427416,41.25253,1,1,2291.448,2291.131,0,0,0,0,0,0,0,0,0,168.8388,1678.549,0.8392742,1.083707,0.3172331,0,250,0.3172331,2291.131,0,0,0,0,41.25253,471.4302,471.3649,0.06526583,479.852,0,959.704,0,0,-6.217249e-15,4.263256e-14
mpc,2026-01-20 05:15:00,1461,5.25,30.91312,3317.303,195.4624,0,29.15769,1,1,2322.113,2321.795,0,0,0,0,0,0,0,0,0,197.135,1629.001,0.8145002,1.056957,0.3172331,0,250,0.3172331,2321.795,0,0,0,0,29.15769,478.8298,478.7644,0.06541485,484.7768,0,969.5536,0,0,1.298961e-13,4.263256e-14
mpc,2026-01-20 05:30:00,1462,5.5,31.10896,3324.978,231.9139,2.559085,20.38227,1,1,2327.485,2327.168,0,0,0,0,0,0,0,0,0,232.9406,1570.509,0.7852545,1.025758,0.3172331,0,250,0.3172331,2327.168,0,0,3.182425,0,20.38227,482.0791,482.0134,0.06570674,486.2351,0,977.9598,0,0,1.347811e-13,4.263256e-14
mpc,2026-01-20 05:45:00,1463,5.75,30.987,3296.74,283.1753,0,39.45175,1,1,2307.718,2307.401,0,0,0,0,0,0,0,0,0,280.9446,1500.025,0.7500128,0.9889264,0.3172331,0,250,0.3172331,2307.401,0,0,4.927689,0,39.45175,476.6603,476.5948,0.06552466,484.7436,0,977.9875,0,0,-3.352874e-13,4.263256e-14
mpc,2026-01-20 06:00:00,1464,6,31.15563,3305.215,326.5507,0,45.63538,1,1,2313.65,2313.333,0,0,0,0,0,0,0,0,0,330.7691,1417.097,0.7085486,0.9445441,0.3172331,0,250,0.3172331,2313.333,0,0,0,0,45.63538,479.7237,479.6579,0.06577668,489.1202,0,978.2403,0,0,3.750333e-13,4.263256e-14
mpc,2026-01-20 06:15:00,1465,6.25,31.08398,3374.679,374.5272,0,41.3201,1,1,2362.275,2361.958,232.9791,67.02092,300,2,300,0,0,0,0,76.37057,1397.781,0.6988907,0.8923253,0.3172331,0,250,0.3172331,2128.979,0,0,0,0,41.3201,489.0067,440.7128,48.29389,516.2873,0,1032.574,0,-2.842171e-14,-3.970157e-13,4.263256e-14
mpc,2026-01-20 06:30:00,1466,6.5,30.83366,3382.995,405.2394,0,68.25478,1,1,2368.097,2367.78,0,0,0,0,0,0,0,0,0,400.846,1297.35,0.6486749,0.8801625,0.3172331,0,250,0.3172331,2367.78,0,0,5.124826,0,68.25478,487.4335,487.3682,0.06529717,501.4173,0,1011.675,0,0,-2.315925e-13,4.263256e-14
mpc,2026-01-20 06:45:00,1467,6.75,30.85266,3379.317,429.3473,0,52.41223,1,1,2365.522,2365.205,335.209,96.42934,431.6384,1,431.6384,0,0,0,0,0.2113677,1297.093,0.6485464,0.8169222,0.3172331,0,250,0.3172331,2029.996,0,0,0,0,52.41223,487.113,418.0208,69.09224,525.2429,0,1050.486,0,0,1.336709e-13,4.263256e-14
mpc,2026-01-20 07:00:00,1468,7,30.97765,3363.192,441.1195,6.222851,32.67223,1,1,2354.235,2353.917,388.2163,111.7837,500,1,429.4864,0.9955654,0,0,69.51801,0,1314.268,0.657134,0.8167603,0.3172331,0,250,0.3172331,1965.701,0,0,11.63303,5.227286,32.67223,486.1652,405.9304,80.23476,524.4612,0,1078.006,0,0,-1.74305e-13,4.263256e-14
mpc,2026-01-20 07:15:00,1469,7.25,31.09294,3389.05,432.4953,13.58686,51.61363,1,1,2372.335,2372.018,388.1854,111.8146,500,1,420.1458,1.369734,0,0,78.48444,0,1333.682,0.6668411,0.8275753,0.3172331,0,250,0.3172331,1983.833,0,0,12.34944,12.21712,51.61363,491.1895,410.7504,80.43905,533.2516,0,1108.88,0,2.842171e-14,-4.175549e-13,4.263256e-14
mpc,2026-01-20 07:30:00,1470,7.5,31.21959,3393.027,413.1876,16.8466,53.43122,1,1,2375.119,2374.801,519.216,149.6304,668.8464,2,392.9303,2.520308,0,0,273.3958,0,1401.821,0.7009106,0.8398002,0.3172331,0,250,0.3172331,1855.585,0,0,20.2573,14.32629,53.43122,493.1884,385.3084,107.88,546.0337,0,1151.724,0,-1.136868e-13,-2.431388e-14,4.263256e-14
mpc,2026-01-20 07:45:00,1471,7.75,31.3861,3439.819,376.534,10.4511,72.85692,1,1,2407.873,2407.556,673.5627,194.0788,867.6414,4,364.6739,2.967541,0,0,500,0,1526.601,0.7633003,0.8827063,0.3172331,0,250,0.3172331,1733.994,0,0,11.86007,7.483558,72.85692,501.8986,361.4347,140.464,570.6998,0,1174.767,0,-5.684342e-14,-2.515765e-13,4.263256e-14
mpc,2026-01-20 08:00:00,1472,8,31.55603,3475.816,335.3083,264.7426,73.46804,1,1,2433.071,2432.754,764.2081,239.0759,1003.284,3,322.3383,180.9457,0,0,500,0,1651.36,0.8256801,0.961278,0.3172331,0,250,0.3172331,1668.546,0,0,12.96996,83.79688,73.46804,509.1346,349.1531,159.9815,603.6027,0,1374.128,0,-2.842171e-14,3.467226e-13,4.263256e-14
mpc,2026-01-20 08:15:00,1473,8.25,31.68306,3493.427,298.682,273.9826,104.2829,1,1,2445.399,2445.081,220.0991,63.31574,283.4148,1,283.4148,0,0,0,0,184.6457,1604.939,0.8024695,1.039837,0.3172331,0,250,0.3172331,2224.982,0,0,15.26719,89.33688,104.2829,513.2148,466.9562,46.25869,552.1577,0,1284.757,0,-2.131628e-14,1.554312e-14,4.263256e-14
mpc,2026-01-20 08:30:00,1474,8.5,31.77346,3499.917,244.4381,271.2043,98.97527,1,1,2449.942,2449.625,183.136,52.68259,235.8186,1,235.8186,0,0,0,0,184.9875,1558.439,0.7792197,1.010606,0.3172331,0,250,0.3172331,2266.489,0,0,8.619564,86.21682,98.97527,515.2436,476.6618,38.58177,550.1598,0,1263.912,0,0,-2.136069e-13,4.263256e-14
mpc,2026-01-20 08:45:00,1475,8.75,31.92092,3521.252,203.3951,279.5461,104.2355,1,1,2464.876,2464.559,224.7278,75.27218,300,2,200.0595,0,99.94051,0,0,188.4946,1511.07,0.7555352,0.9813264,0.3172331,0,250,0.3172331,2239.831,70.42135,0,3.335646,91.05152,33.81413,520.1589,472.668,47.4909,555.0759,0,1272.97,0,-1.421086e-14,4.370948e-13,4.263256e-14
mpc,2026-01-20 09:00:00,1476,9,32.06916,3536.468,146.2054,279.0854,118.6418,1,1,2475.528,2475.21,221.3475,78.65254,300,2,159.1161,0,140.8839,0,0,193.4012,1462.482,0.7312411,0.9514989,0.3172331,0,250,0.3172331,2253.863,99.1043,0,0,85.68411,19.53753,524.2105,477.2715,46.93907,560.0612,0,1267.928,0,0,4.396483e-13,4.263256e-14
mpc,2026-01-20 09:15:00,1477,9.25,32.23499,3538.221,118.4806,280.0075,134.2012,1,1,2476.755,2476.438,0,0,0,0,0,0,0,0,0,318.4881,1382.63,0.691315,0.9209036,0.3172331,0,250,0.3172331,2476.438,0,0,0,84.95154,134.2012,526.5041,526.4366,0.06743683,554.9649,0,1256.471,0,0,-6.550316e-14,4.263256e-14
mpc,2026-01-20 09:30:00,1478,9.5,32.30702,3584.64,103.3758,282.4947,142.8588,1,1,2509.248,2508.931,372.1292,127.8708,500,1,102.5323,195.8449,0,0,201.6228,0,1432.818,0.716409,0.8706218,0.3172331,0,250,0.3172331,2136.801,0,0,0.8434942,86.64983,142.8588,534.3114,455.0038,79.30758,613.2946,0,1377.515,0,-5.684342e-14,3.780309e-13,4.263256e-14
mpc,2026-01-20 09:45:00,1479,9.75,32.46273,3588.339,89.18286,285.0811,135.1867,1,1,2511.837,2511.52,0,0,0,0,0,0,0,0,0,281.4239,1362.236,0.6811183,0.9022245,0.3172331,0,250,0.3172331,2511.52,0,0,4.986979,87.85316,135.1867,536.8206,536.7528,0.06779788,565.6444,0,1291.438,0,0,-3.553824e-13,4.263256e-14
mpc,2026-01-20 10:00:00,1480,10,32.70836,3583.504,69.17711,288.026,156.842,1,1,2508.452,2508.135,0,0,0,0,0,0,0,0,0,266.1372,1295.488,0.6477439,0.8577804,0.3172331,0,250,0.3172331,2508.135,0,0,0,91.42111,156.842,539.2109,539.1427,0.06819166,572.8571,0,1303.416,0,0,3.78142e-13,4.263256e-14
mpc,2026-01-20 10:15:00,1481,10.25,32.98997,3553.312,62.70366,282.1019,159.6029,1,1,2487.318,2487.001,0,0,0,0,0,0,0,0,0,258.1209,1230.754,0.6153768,0.8157496,0.3172331,0,250,0.3172331,2487.001,0,0,3.184683,83.49998,159.6029,538.2521,538.1835,0.06864878,572.7213,0,1294.974,0,0,3.830269e-13,4.263256e-14
mpc,2026-01-20 10:30:00,1482,10.5,33.22799,3571.07,56.44542,288.7813,186.2854,0,1,2499.749,2499.432,0,0,0,0,0,0,0,0,0,263.7388,1164.625,0.5823126,0.7749875,0.3172331,0,250,0.3172331,2499.432,0,0,0,87.25659,186.2854,544.0245,543.9554,0.06903995,0,584.497,3365.251,0,0,2.031708e-14,4.263256e-14
mpc,2026-01-20 10:45:00,1483,10.75,33.45508,3553.971,59.32053,290.2369,194.3295,0,1,2487.78,2487.462,0,0,0,0,0,0,0,0,0,265.041,1098.182,0.5490908,0.7333474,0.3172331,0,250,0.3172331,2487.462,0,0,0,87.07989,194.3295,544.379,544.3096,0.06941733,0,586.833,3377.794,0,0,4.13336e-13,4.263256e-14
mpc,2026-01-20 11:00:00,1484,11,33.77929,3603.655,60.8199,294,216.7954,0,0,2522.558,2522.241,228.0204,100.5226,328.5429,1,0,0,328.5429,0,0,263.8349,1032.05,0.516025,0.6915088,0.3172331,0,250,0.3172331,2294.22,226.6176,0,0,92.37514,0,556.3307,505.9726,50.35809,0,606.4952,3495.07,0,-1.421086e-14,2.775558e-14,4.263256e-14
mpc,2026-01-20 11:15:00,1485,11.25,34.14114,3605.039,51.63003,294.9949,232.1401,0,0,2523.527,2523.21,249.2513,109.8822,359.1335,1,0,0,359.1335,0,0,261.6508,966.4748,0.4832374,0.6498667,0.3172331,0,250,0.3172331,2273.959,246.6783,0,0,89.357,0,561.4733,505.9454,55.52786,0,615.8276,3541.193,0,-1.421086e-14,-1.449951e-13,4.263256e-14
mpc,2026-01-20 11:30:00,1486,11.5,34.48512,3605.807,68.64646,294.654,248.9666,0,0,2524.065,2523.748,272.5594,120.1576,392.717,1,0,0,392.717,0,0,259.1878,901.5257,0.4507628,0.608575,0.3172331,0,250,0.3172331,2251.189,268.6651,0,12.95216,91.16045,0,566.361,505.1317,61.22928,0,625.2893,3618.685,0,-2.842171e-14,-2.930989e-14,4.263256e-14
mpc,2026-01-20 11:45:00,1487,11.75,34.51197,3573.213,55.53312,299.2941,288.5073,0,0,2501.249,2500.932,312.445,137.7411,450.186,1,0,0,450.186,0,0,257.5239,837.0028,0.4185014,0.5676775,0.3172331,0,250,0.3172331,2188.487,307.8841,0,0,98.19488,0,561.6136,491.3881,70.22551,0,629.1292,3629.597,0,-2.842171e-14,5.528911e-14,4.263256e-14
mpc,2026-01-20 12:00:00,1488,12,34.7095,3615.689,61.78844,301.5053,302.3089,0,0,2530.982,2530.665,347.0176,152.9824,500,1,0,0,500,0,0,250.4002,774.271,0.3871355,0.5270484,0.3172331,0,250,0.3172331,2183.648,341.162,0,14.46724,98.42629,0,571.0759,492.7053,78.37058,0,645.6877,3746.024,0,0,-3.674838e-14,4.263256e-14
mpc,2026-01-20 12:15:00,1489,12.25,35.05669,3635.968,56.18552,303.0098,337.1002,0,0,2545.177,2544.86,389.0908,171.5303,560.6211,2,0,0,560.6211,0,0,254.4545,710.5355,0.3552677,0.4875471,0.3172331,0,250,0.3172331,2155.769,380.9681,0,7.793791,96.94705,0,579.2703,490.6428,88.62743,0,662.1732,3822.63,0,-2.842171e-14,2.197687e-13,4.263256e-14
mpc,2026-01-20 12:30:00,1490,12.5,35.37446,3679.632,62.02006,303.105,348.5989,0,0,2575.742,2575.425,347.0176,152.9824,500,1,0,0,500,0,0,260.4754,645.3048,0.3226524,0.4474138,0.3172331,0,250,0.3172331,2228.407,338.5022,0,9.581183,95.06847,10.09673,590.9279,511.2422,79.68571,0,666.541,3846.496,0,0,9.214851e-14,4.263256e-14
mpc,2026-01-20 12:45:00,1491,12.75,35.70823,3672.551,71.76227,299.0328,387.0129,0,0,2570.785,2570.468,437.2545,192.7632,630.0177,4,0,0,630.0177,0,0,263.1776,579.4088,0.2897044,0.4063389,0.3172331,0,250,0.3172331,2133.214,424.8425,0,12.03421,95.58322,0,594.8007,493.5601,101.2407,0,686.3233,3960.418,0,-2.842171e-14,1.299516e-13,4.263256e-14
mpc,2026-01-20 13:00:00,1492,13,35.98773,3718.414,73.8645,299.7642,426.3498,0,0,2602.89,2602.573,460.7606,203.1259,663.8864,2,0,0,663.8864,0,0,260.1447,514.2814,0.2571407,0.3648452,0.3172331,0,250,0.3172331,2141.812,446.1968,0,19.93255,93.55144,0,606.5435,499.0999,107.4435,0,702.2258,4058.002,0,-2.842171e-14,-1.920131e-13,4.263256e-14
mpc,2026-01-20 13:15:00,1493,13.25,36.10834,3747.553,69.03925,295.6268,442.4629,0,0,2623.287,2622.97,488.7278,215.4552,704.183,4,0,0,704.183,0,0,257.8417,449.74,0.22487,0.3238354,0.3172331,0,250,0.3172331,2134.242,472.6006,0,16.32668,90.49762,0,613.1921,498.8781,114.3141,0,714.3333,4113.105,0,-2.842171e-14,-1.308953e-13,4.263256e-14
mpc,2026-01-20 13:30:00,1494,13.5,36.49303,3794.017,66.60779,299.9734,468.973,1,0,2655.812,2655.495,519.7813,229.1451,748.9265,2,0,0,748.9265,0,0,271.3046,381.843,0.1909215,0.2831947,0.3172331,0,250,0.3172331,2135.714,500.3247,0,1.235316,94.0413,0,626.9968,504.2094,122.7873,733.3546,0,1631.061,0,0,5.967449e-14,4.263256e-14
mpc,2026-01-20 13:45:00,1495,13.75,36.53117,3775.31,59.8321,293.3166,494.5573,1,0,2642.717,2642.399,525.4877,231.6608,757.1485,4,0,0,757.1485,0,0,262.4409,316.1727,0.1580863,0.240441,0.3172331,0,250,0.3172331,2116.912,505.5864,0,4.123913,86.5839,0,624.5237,500.2661,124.2576,731.9269,0,1620.325,0,-5.684342e-14,3.666511e-14,4.263256e-14
mpc,2026-01-20 14:00:00,1496,14,36.86745,3800.633,55.21455,292.0898,518.4109,1,1,2660.443,2660.126,589.6706,253.8017,843.4723,3,51.73266,0,791.7396,0,0,209.4649,263.7567,0.1318784,0.1990893,0.3172331,0,250,0.3172331,2070.455,526.5547,0,3.48189,82.62491,0,634.2572,493.6024,140.6548,747.4041,0,1643.342,0,-8.526513e-14,1.920686e-14,4.263256e-14
mpc,2026-01-20 14:15:00,1497,14.25,37.06117,3768.158,63.17759,281.6031,542.7573,1,1,2637.71,2637.393,601.5521,259.6725,861.2245,4,46.41249,0,814.812,0,0,207.9722,211.7221,0.1058611,0.1660837,0.3172331,0,250,0.3172331,2035.841,540.6365,0,16.7651,73.63095,2.120854,632.0486,487.8286,144.22,748.0093,0,1651.952,0,5.684342e-14,1.332268e-14,4.263256e-14
mpc,2026-01-20 14:30:00,1498,14.5,37.05441,3764.332,59.27887,281.2426,536.5142,1,1,2635.032,2634.715,1146.182,440.5571,1586.739,4,44.18999,205.5109,837.0384,0,500,0,336.6888,0.1683444,0.1333183,0.3172331,0,250,0.3172331,1488.533,555.4291,0,15.08888,75.73176,0,631.2944,356.619,274.6755,797.176,0,1751.018,0,-5.684342e-14,2.789435e-14,4.263256e-14
mpc,2026-01-20 14:45:00,1499,14.75,37.17845,3749.936,62.25737,284.6444,558.4572,1,1,2624.955,2624.638,1161.693,446.3883,1608.082,4,52.65342,204.6393,850.7889,0,500,0,461.6358,0.2308179,0.212008,0.3172331,0,250,0.3172331,1462.944,563.7092,0,9.603953,80.00513,0,630.9426,351.638,279.3046,798.0263,0,1750.628,0,-5.684342e-14,-2.514655e-14,4.263256e-14
mpc,2026-01-20 15:00:00,1500,15,37.49843,3778.399,73.3637,284.6575,566.7253,1,1,2644.879,2644.562,658.583,282.4126,940.9956,3,66.60414,0,874.3914,0,0,204.2088,410.5109,0.2052555,0.2906853,0.3172331,0,250,0.3172331,1985.979,577.1093,0,6.759561,80.44872,0,641.156,481.4293,159.7267,763.8418,0,1678.118,0,0,-1.015854e-14,4.263256e-14
mpc,2026-01-20 15:15:00,1501,15.25,37.56953,3773.178,75.32031,283.8082,567.4353,1,1,2641.225,2640.907,1195.218,459.5804,1654.799,4,65.99832,199.8413,888.9592,0,500,0,535.4463,0.2677232,0.2584927,0.3172331,0,250,0.3172331,1445.689,586.2187,0,9.321994,83.96692,0,641.4862,351.121,290.3652,810.7014,0,1782.326,0,1.136868e-13,9.492407e-14,4.263256e-14
mpc,2026-01-20 15:30:00,1502,15.5,37.54672,3805.762,67.24501,290.0726,562.7158,1,1,2664.034,2663.716,1087.937,412.0634,1500,3,67.86306,197.7748,734.3621,0,500,0,660.362,0.330181,0.3371627,0.3172331,0,250,0.3172331,1575.78,484.4045,0,0,92.29772,78.31131,646.6318,382.4837,264.1482,813.5553,0,1786.324,0,0,-4.640732e-14,4.263256e-14
mpc,2026-01-20 15:45:00,1503,15.75,37.63132,3787.412,64.89598,287.4293,554.8066,1,1,2651.188,2650.871,1196.524,460.1024,1656.626,4,66.44687,192.997,897.1823,0,500,0,785.2581,0.392629,0.4158203,0.3172331,0,250,0.3172331,1454.347,591.1978,0,0,94.43235,0,644.971,353.8081,291.1629,813.9105,0,1790.717,0,5.684342e-14,-8.726353e-14,4.263256e-14
mpc,2026-01-20 16:00:00,1504,16,37.63234,3763.292,64.91401,282.3261,542.5533,1,1,2634.304,2633.987,1209.194,464.7352,1673.929,4,74.45793,196.1336,903.3378,0,500,0,910.1345,0.4550672,0.4944655,0.3172331,0,250,0.3172331,1424.793,595.2465,0,0,86.19242,0,640.881,346.6277,294.2533,811.3628,0,1771.408,0,1.136868e-13,-1.986744e-13,4.263256e-14
mpc,2026-01-20 16:15:00,1505,16.25,37.56291,3733.764,72.85256,278.7311,535.9412,1,1,2613.635,2613.318,1196.006,458.1541,1654.16,4,80.90586,194.2932,878.9609,0,500,0,1034.991,0.5174956,0.5730983,0.3172331,0,250,0.3172331,1417.312,579.6718,0,0,84.4379,0,634.6733,344.1682,290.5051,802.3223,0,1750.3,0,0,-1.766365e-13,4.263256e-14
mpc,2026-01-20 16:30:00,1506,16.5,37.69915,3715.14,86.63443,279.8494,507.1506,1,1,2600.598,2600.281,1090.081,409.9193,1500,3,93.83256,192.2249,713.9425,0,500,0,1159.828,0.5799141,0.6517188,0.3172331,0,250,0.3172331,1510.2,470.0646,0,0,87.62448,37.08601,633.814,368.0638,265.7502,787.0217,0,1725.196,0,5.684342e-14,3.310685e-13,4.263256e-14
mpc,2026-01-20 16:45:00,1507,16.75,37.86482,3670.214,114.5073,275.743,506.5906,1,1,2569.15,2568.832,1187.543,451.456,1638.999,4,105.8496,193.081,840.0684,0,500,0,1284.646,0.6423228,0.7303268,0.3172331,0,250,0.3172331,1381.29,551.9933,0,8.65776,82.66196,0,628.9429,338.1477,290.7951,789.6037,0,1736.734,0,0,5.218048e-15,4.263256e-14
mpc,2026-01-20 17:00:00,1508,17,37.83661,3621.037,132.9011,271.5561,474.6574,1,1,2534.726,2534.409,668.6668,278.6492,947.316,3,135.6092,0,811.7068,0,0,189.6617,1237.028,0.618514,0.8089226,0.3172331,0,250,0.3172331,1865.742,533.5407,0,0,81.89433,0,620.0447,456.3979,163.6469,735.0471,0,1611.362,0,-5.684342e-14,3.465006e-13,4.263256e-14
mpc,2026-01-20 17:15:00,1509,17.25,37.93227,3591.646,159.5589,272.2593,467.3478,1,1,2514.153,2513.835,671.6044,276.8043,948.4088,4,162.0045,0,786.4043,0,0,186.9451,1190.097,0.5950485,0.7789384,0.3172331,0,250,0.3172331,1842.231,516.3073,0,0,85.31423,0,616.5992,451.8096,164.7897,728.6139,0,1604.395,0,-5.684342e-14,-1.283418e-13,4.263256e-14
mpc,2026-01-20 17:30:00,1510,17.5,37.89141,3568.577,179.4393,269.3373,459.2112,1,1,2498.004,2497.686,1203.826,448.1004,1651.926,4,194.4003,186.985,770.5408,0,500,0,1314.91,0.6574548,0.7493866,0.3172331,0,250,0.3172331,1293.861,506.1442,0,0,82.35227,0,611.9641,316.9716,294.9925,765.072,0,1672.202,0,-5.684342e-14,1.265654e-14,4.263256e-14
mpc,2026-01-20 17:45:00,1511,17.75,37.87151,3542.113,211.5281,263.1461,439.5101,1,1,2479.479,2479.162,683.742,274.2503,957.9923,4,228.4543,0,729.538,0,0,183.5553,1268.814,0.6344069,0.8279793,0.3172331,0,250,0.3172331,1795.42,479.3268,0,0,79.59086,0,607.1004,439.6085,167.4919,713.8589,0,1565.012,0,-1.136868e-13,-2.672307e-13,4.263256e-14
mpc,2026-01-20 18:00:00,1512,18,37.8637,3587.777,250.9726,0,409.267,1,1,2511.444,2511.127,1073.585,382.6124,1456.197,4,262.2505,2.376856,691.57,0,500,0,1393.614,0.696807,0.7989535,0.3172331,0,250,0.3172331,1437.542,454.424,0,0,0,0,614.7976,351.908,262.8896,734.5204,0,1469.041,0,0,4.201084e-13,4.263256e-14
mpc,2026-01-20 18:15:00,1513,18.25,38.01672,3558.413,290.7989,0.9267014,385.5235,0,1,2490.889,2490.572,1073.96,378.8383,1452.798,4,295.367,4.604254,652.8271,0,500,0,1518.395,0.7591974,0.8775384,0.3172331,0,250,0.3172331,1416.612,428.1673,0,0,0,0,612.2888,348.2192,264.0695,0,727.0575,3998.816,0,5.684342e-14,-3.93352e-13,4.263256e-14
mpc,2026-01-20 18:30:00,1514,18.5,38.02186,3528.129,334.933,0.7258551,356.561,0,0,2469.69,2469.373,428.8991,189.0798,617.9788,3,0,0,617.9788,0,0,331.7597,1435.216,0.7176079,0.9561109,0.3172331,0,250,0.3172331,2040.474,405.286,0,6.253429,0,0,607.1622,501.6413,105.5209,0,690.7211,3809.753,0,-2.842171e-14,4.544143e-13,4.263256e-14
mpc,2026-01-20 18:45:00,1515,18.75,37.81362,3541.065,360.8313,3.730849,327.7137,0,0,2478.745,2478.428,390.2341,172.0343,562.2685,2,0,0,562.2685,0,0,360.9662,1344.748,0.6723741,0.9037343,0.3172331,0,250,0.3172331,2088.194,369.6865,0,1.796747,1.799212,0,605.9759,510.4983,95.47761,0,682.5326,3760.132,0,-2.842171e-14,2.057243e-13,4.263256e-14
mpc,2026-01-20 19:00:00,1516,19,37.78809,3538.573,393.7731,7.550884,299.4261,0,0,2477.001,2476.684,347.0176,152.9824,500,1,0,0,500,0,0,390.7293,1246.854,0.6234271,0.8467683,0.3172331,0,250,0.3172331,2129.666,328.8477,0,5.687012,4.907696,0,605.1338,520.2796,84.85426,0,673.262,3721.217,0,0,2.245981e-13,4.263256e-14
mpc,2026-01-20 19:15:00,1517,19.25,37.64991,3490.482,388.6425,7.870625,269.9033,0,0,2443.337,2443.02,348.8215,151.9559,500.7773,2,15.3139,0,485.4634,0,0,390.0491,1149.146,0.5745729,0.7851259,0.3172331,0,250,0.3172331,2094.199,319.8236,0,0,7.226983,0,594.7017,509.7223,84.9794,0,661.6781,3651.696,0,-2.842171e-14,-2.829958e-13,4.263256e-14
mpc,2026-01-20 19:30:00,1518,19.5,37.46496,3490.43,403.224,7.27098,256.6217,0,0,2443.301,2442.984,315.9195,139.2728,455.1923,1,0,0,455.1923,0,0,410.2298,1046.407,0.5232037,0.7236002,0.3172331,0,250,0.3172331,2127.064,300.5545,0,0,6.981968,0,591.7625,515.1707,76.59188,0,654.4434,3611.483,0,0,5.717649e-14,4.263256e-14
mpc,2026-01-20 19:45:00,1519,19.75,37.21756,3491.61,395.2813,3.788085,226.9335,0,0,2444.127,2443.81,284.7333,125.5244,410.2577,2,0,0,410.2577,0,0,410.4176,943.6382,0.4718191,0.6589074,0.3172331,0,250,0.3172331,2159.076,271.6971,0,0,3.49096,0,588.0862,519.4997,68.58658,0,645.0241,3553.654,0,-1.421086e-14,-1.953992e-14,4.263256e-14
mpc,2026-01-20 20:00:00,1520,20,37.0633,3441.338,390.2264,0,186.7435,0,0,2408.936,2408.619,261.9897,115.4979,377.4877,1,0,0,377.4877,0,0,395.6043,844.5886,0.4222943,0.5941952,0.3172331,0,250,0.3172331,2146.629,250.4606,0,0,0,0,577.2622,514.4046,62.85758,0,629.9026,3464.464,0,-4.263256e-14,-2.24154e-13,4.263256e-14
mpc,2026-01-20 20:15:00,1521,20.25,36.89108,3416.746,376.6015,5.500044,194.4835,0,0,2391.722,2391.405,240.8864,106.1946,347.081,2,0,0,347.081,0,0,369.813,752.0024,0.3760012,0.5318251,0.3172331,0,250,0.3172331,2150.518,230.7642,0,8.274032,4.014548,0,570.547,513.0077,57.53931,0,619.2023,3426.81,0,-1.421086e-14,1.115774e-13,4.263256e-14
mpc,2026-01-20 20:30:00,1522,20.5,36.66161,3417.011,349.4786,2.324969,186.8198,0,0,2391.908,2391.591,213.661,94.19225,307.8532,1,6.026001e-07,0,307.8532,0,0,338.4263,667.2774,0.3336387,0.4735249,0.3172331,0,250,0.3172331,2177.93,205.2479,0,11.91666,1.460656,0,567.1761,516.437,50.73913,0,610.6292,3381.537,0,1.421086e-14,4.996004e-16,4.263256e-14
mpc,2026-01-20 20:45:00,1523,20.75,36.29222,3420.059,307.1522,0.5643518,181.1233,0,0,2394.042,2393.724,188.5395,83.11746,271.657,1,0,0,271.657,0,0,305.8235,590.7165,0.2953583,0.4201748,0.3172331,0,250,0.3172331,2205.185,181.9184,0,1.655305,0.2377246,0,562.2646,517.9097,44.35489,0,601.0272,3308.915,0,-1.421086e-14,-1.110223e-13,4.263256e-14
mpc,2026-01-20 21:00:00,1524,21,35.87313,3377.191,274.5685,3.134449,163.0761,0,0,2364.034,2363.716,174.4896,76.92359,251.4132,1,4.777046e-06,0,251.4132,0,0,272.4003,522.5235,0.2612617,0.3719655,0.3172331,0,250,0.3172331,2189.227,169.2048,0,2.433451,2.869138,0,549.2699,508.6545,40.61539,0,585.5781,3229.827,0,0,9.553469e-14,4.263256e-14
mpc,2026-01-20 21:15:00,1525,21.25,35.68543,3391.998,246.1752,5.230037,137.8685,0,0,2374.399,2374.081,149.6741,65.98368,215.6578,1,0,0,215.6578,0,0,231.2088,464.639,0.2323195,0.3290254,0.3172331,0,250,0.3172331,2224.407,145.4647,0,14.97233,5.224155,0,549.0444,514.3611,34.68326,0,580.3448,3226.735,0,0,-1.34337e-14,4.263256e-14
mpc,2026-01-20 21:30:00,1526,21.5,35.49437,3385.071,205.1569,4.58455,119.1156,0,0,2369.55,2369.233,120.9944,53.34029,174.3347,1,5.63228e-07,0,174.3347,0,0,203.6721,413.6478,0.2068239,0.2925764,0.3172331,0,250,0.3172331,2248.238,117.8581,0,2.958808,3.110572,1.257501,545.2732,517.3573,27.91585,0,570.987,3150.898,0,-7.105427e-15,4.518608e-14,4.263256e-14
mpc,2026-01-20 21:45:00,1527,21.75,35.55491,3339.645,179.4889,5.498292,105.5383,0,0,2337.751,2337.434,113.054,49.83975,162.8938,1,0,0,162.8938,0,0,177.2827,369.262,0.184631,0.260468,0.3172331,0,250,0.3172331,2224.38,110.0446,0,2.282571,5.421956,0,538.7816,512.6529,26.12867,0,562.4927,3107,0,-1.421086e-14,1.182388e-14,4.263256e-14
mpc,2026-01-20 22:00:00,1528,22,35.29648,3319.594,158.4535,5.992148,98.55047,0,0,2323.716,2323.399,113.4051,49.99452,163.3996,1,0,0,163.3996,0,0,150.3353,331.6201,0.16581,0.2325189,0.3172331,0,250,0.3172331,2209.994,110.7242,0,8.6192,5.491102,0,532.0609,506.0219,26.03898,0,556.0164,3082.431,0,-1.421086e-14,1.000866e-13,4.263256e-14
mpc,2026-01-20 22:15:00,1529,22.25,35.1878,3356.833,133.4433,3.991382,96.00992,0,0,2349.783,2349.466,0,0,0,0,0,0,0,0,0,135.9929,297.5697,0.1487848,0.2088163,0.3172331,0,250,0.3172331,2349.466,0,0,0,3.290449,96.00992,536.5608,536.4884,0.07243853,0,558.4118,3076.941,0,0,1.277589e-13,4.263256e-14
mpc,2026-01-20 22:30:00,1530,22.5,35.09417,3347.656,103.7521,3.636291,93.88877,0,0,2343.359,2343.042,0,0,0,0,0,0,0,0,0,111.9137,269.5444,0.1347722,0.1873753,0.3172331,0,250,0.3172331,2343.042,0,0,0,2.268177,93.88877,533.8384,533.7661,0.07226856,0,555.1548,3057.264,0,0,2.203793e-14,4.263256e-14
mpc,2026-01-20 22:45:00,1531,22.75,34.83043,3279.385,84.11048,6.727175,92.61992,0,0,2295.57,2295.253,0,0,0,0,0,0,0,0,0,100.1076,244.4751,0.1222375,0.1697281,0.3172331,0,250,0.3172331,2295.253,0,0,0,5.266967,92.61992,519.5181,519.4463,0.07179408,0,540.4074,2981.326,0,0,3.713696e-14,4.263256e-14
mpc,2026-01-20 23:00:00,1532,23,34.58141,3240.953,73.03746,6.838168,70.6078,0,0,2268.667,2268.35,0,0,0,0,0,0,0,0,0,94.05771,220.9221,0.1104611,0.1539424,0.3172331,0,250,0.3172331,2268.35,0,0,0,4.928568,70.6078,510.2663,510.1949,0.07135174,0,526.076,2901.92,0,0,5.975775e-14,4.263256e-14
mpc,2026-01-20 23:15:00,1533,23.25,34.26415,3281.728,73.25313,6.798721,69.55692,1,0,2297.21,2296.893,0,0,0,0,0,0,0,0,0,83.54945,200,0.1,0.1391114,0.3172331,0,250,0.3172331,2296.893,0,0,0,6.297231,69.55692,512.662,512.5912,0.07079604,528.1141,0,1067.091,0,0,-2.498002e-15,4.263256e-14
mpc,2026-01-20 23:30:00,1534,23.5,34.23327,3272.605,64.99919,0,64.31982,1,1,2290.823,2290.506,513.2424,157.8743,671.1167,2,74.88832,0.9456457,95.28274,0,500,0,324.9685,0.1624843,0.1259371,0.3172331,0,250,0.3172331,1777.264,65.37672,0,0,0,0,510.8496,396.3267,114.5229,554.201,0,1108.402,0,5.684342e-14,7.333023e-14,4.263256e-14
mpc,2026-01-20 23:45:00,1535,23.75,33.77206,3270.59,53.86183,0,67.1903,1,1,2289.413,2289.096,485.8863,146.9496,632.8358,4,65.34574,0.237618,67.25247,0,500,0,449.9174,0.2249587,0.2046279,0.3172331,0,250,0.3172331,1803.21,46.39234,0,0,0,20.79796,504.8238,397.6142,107.2096,549.1498,0,1098.3,0,0,-8.906764e-14,4.263256e-14
mpc,2026-01-21 00:00:00,1536,0,33.50591,3233.414,62.14073,1.632206,32.18042,1,1,2263.39,2263.072,388.2745,111.7255,500,1,64.08639,0.2905715,0,0,435.623,0,558.7523,0.2793761,0.2833064,0.3172331,0,250,0.3172331,1874.798,0,0,0,1.341634,32.18042,495.8843,410.748,85.13626,529.5239,0,1061.362,0,-1.421086e-14,1.895706e-13,4.263256e-14
mpc,2026-01-21 00:15:00,1537,0.25,33.42717,3274.303,63.97726,0,48.69001,1,1,2292.012,2291.695,496.8662,152.6427,649.5089,4,58.17809,3.326906,88.00392,0,500,0,683.6643,0.3418322,0.3518381,0.3172331,0,250,0.3172331,1794.829,60.94999,0,5.79917,0,0,501.2041,392.4828,108.7212,545.1255,0,1100.255,0,5.684342e-14,-2.520206e-14,4.263256e-14
mpc,2026-01-21 00:30:00,1538,0.5,33.15514,3263.215,68.59115,0,38.94788,1,1,2284.251,2283.933,388.2136,111.7864,500,1,52.69922,1.027837,0,0,446.2729,0,795.125,0.3975625,0.4304934,0.3172331,0,250,0.3172331,1895.72,0,0,15.89193,0,38.94788,496.2596,411.8502,84.40938,532.0982,0,1091.61,0,-2.842171e-14,1.606493e-13,4.263256e-14
mpc,2026-01-21 00:45:00,1539,0.75,32.82758,3241.209,52.85158,0,43.98131,1,1,2268.846,2268.529,429.9182,123.8731,553.7913,2,51.9206,1.870754,0,0,500,0,919.9998,0.4599999,0.5006785,0.3172331,0,250,0.3172331,1838.611,0,0,0.9309794,0,43.98131,489.0844,396.3406,92.74382,529.6946,0,1060.995,0,-2.842171e-14,-1.326716e-13,4.263256e-14
mpc,2026-01-21 01:00:00,1540,1,32.61118,3235.951,42.70723,0.8916637,28.37361,1,1,2265.166,2264.849,388.2117,111.7883,500,1,52.07175,1.051171,0,0,446.8771,0,1031.574,0.5157871,0.5793104,0.3172331,0,250,0.3172331,1876.637,0,0,0,0,28.37361,485.7983,402.4725,83.32577,520.346,0,1040.692,0,0,-1.654232e-14,4.263256e-14
mpc,2026-01-21 01:15:00,1541,1.25,32.43914,3313.792,49.77992,0,42.25648,1,1,2319.654,2319.337,462.3846,137.6154,600,4,56.71684,0.7958569,42.4873,0,500,0,1156.412,0.5782059,0.6495672,0.3172331,0,250,0.3172331,1856.953,29.7618,0,0,0,12.49468,495.4732,396.6411,98.83213,536.9253,0,1073.851,0,-5.684342e-14,-1.915135e-13,4.263256e-14
mpc,2026-01-21 01:30:00,1542,1.5,32.27894,3297.631,51.80205,0,63.05573,1,1,2308.342,2308.024,427.8247,123.1579,550.9827,2,50.17477,0.8079013,0,0,500,0,1281.23,0.6406149,0.7281756,0.3172331,0,250,0.3172331,1880.2,0,0,1.627282,0,63.05573,491.2079,400.1006,91.10728,536.6766,0,1076.16,0,1.421086e-14,-2.179368e-13,4.263256e-14
mpc,2026-01-21 01:45:00,1543,1.75,32.08908,3293.59,32.95096,0,58.74656,1,1,2305.513,2305.196,429.9238,123.8019,553.7257,2,52.53979,1.185933,0,0,500,0,1406.028,0.703014,0.8067716,0.3172331,0,250,0.3172331,1875.272,0,0,0,0,58.74656,488.4354,397.2866,91.14888,533.5343,0,1067.069,0,-4.263256e-14,-8.981704e-14,4.263256e-14
mpc,2026-01-21 02:00:00,1544,2,31.96916,3242.796,40.27916,0,61.22193,1,1,2269.957,2269.64,436.497,125.6923,562.1894,2,61.0084,1.180965,0,0,500,0,1530.807,0.7654034,0.8853553,0.3172331,0,250,0.3172331,1833.143,0,0,0,0,61.22193,479.5625,387.2789,92.28356,525.9053,0,1051.811,0,1.421086e-14,8.75966e-14,4.263256e-14
mpc,2026-01-21 02:15:00,1545,2.25,31.8837,3226.174,37.62922,0,43.65977,1,1,2258.322,2258.005,433.5277,124.7375,558.2652,3,58.03079,0.2343908,0,0,500,0,1655.566,0.8277829,0.9639266,0.3172331,0,250,0.3172331,1824.477,0,0,0,0,43.65977,476.1587,384.6841,91.47456,518.6271,0,1037.254,0,0,-9.736656e-14,4.263256e-14
mpc,2026-01-21 02:30:00,1546,2.5,31.54095,3181.109,49.65388,0,45.35454,1,1,2226.776,2226.459,461.4024,138.5976,600,4,53.88795,0.0444565,55.13574,0,490.9319,0,1778.038,0.8890191,1.042485,0.3172331,0,250,0.3172331,1765.056,39.01804,0,0,0,6.336496,465.8044,369.2204,96.58404,509.1435,0,1018.287,0,-5.684342e-14,1.716405e-13,4.263256e-14
mpc,2026-01-21 02:45:00,1547,2.75,31.30722,3219.691,56.97288,0,51.90109,1,1,2253.784,2253.467,346.3871,103.6129,450,3,58.15781,1.450962,35.87329,0,354.5179,0,1866.388,0.9331938,1.119604,0.3172331,0,250,0.3172331,1907.08,25.45362,0,0,0,26.44748,468.9321,396.7953,72.1368,505.911,0,1011.822,0,0,2.151612e-13,4.263256e-14
mpc,2026-01-21 03:00:00,1548,3,31.2495,3208.32,60.41871,0,49.54841,1,1,2245.824,2245.507,0,0,0,0,0,0,0,0,0,62.13105,1850.561,0.9252806,1.175237,0.3172331,0,250,0.3172331,2245.507,0,0,0.1445525,0,49.54841,466.6594,466.5935,0.06591782,476.8892,0,954.0277,0,0,2.724487e-13,4.263256e-14
mpc,2026-01-21 03:15:00,1549,3.25,31.15422,3206.168,51.44247,0,44.05325,1,1,2244.318,2244.001,0,0,0,0,0,0,0,0,0,52.02164,1837.264,0.9186322,1.165271,0.3172331,0,250,0.3172331,2244.001,0,0,1.227328,0,44.05325,465.333,465.2672,0.06577456,474.4011,0,950.9194,0,0,4.320988e-13,4.263256e-14
mpc,2026-01-21 03:30:00,1550,3.5,31.03929,3220.469,63.08675,2.247628,30.95191,1,1,2254.328,2254.011,118.9601,34.24358,153.2037,1,59.45789,0.2108619,0,0,93.53494,0,1860.359,0.9301795,1.156899,0.3172331,0,250,0.3172331,2135.051,0,0,3.628856,2.036766,30.95191,466.1866,441.5205,24.6661,482.1648,0,974.1028,0,-7.105427e-15,2.726708e-13,4.263256e-14
mpc,2026-01-21 03:45:00,1551,3.75,30.99577,3239.233,51.20335,1.70914,33.14129,1,1,2267.463,2267.146,116.429,33.57098,150,1,67.52332,0.7330033,0,0,81.74368,0,1880.502,0.940251,1.171441,0.3172331,0,250,0.3172331,2150.717,0,0,0,0.976137,33.14129,468.4391,444.3203,24.11881,484.738,0,971.1598,0,-7.105427e-15,-1.412204e-13,4.263256e-14
mpc,2026-01-21 04:00:00,1552,4,31.00278,3299.994,55.86879,4.214085,39.76357,1,1,2309.996,2309.679,116.3084,33.6916,150,1,68.62979,2.193959,0,0,79.17625,0,1900,0.95,1.184125,0.3172331,0,250,0.3172331,2193.37,0,0,0,2.020126,39.76357,477.302,453.2043,24.09773,495.1121,0,993.7088,0,0,3.53273e-13,4.263256e-14
mpc,2026-01-21 04:15:00,1553,4.25,30.78855,3296.467,59.64865,0,48.36859,1,1,2307.527,2307.21,0,0,0,0,0,0,0,0,0,90.17189,1877.158,0.938579,1.196402,0.3172331,0,250,0.3172331,2307.21,0,0,0,0,48.36859,474.4816,474.4164,0.06523055,484.3621,0,968.7242,0,0,-1.088019e-13,4.263256e-14
mpc,2026-01-21 04:30:00,1554,4.5,30.54442,3322.233,63.54519,4.271859,27.82062,1,1,2325.563,2325.246,319.2605,130.7395,450,3,110.6341,1.466157,53.91933,191.4301,92.55031,0,1900,0.95,1.182019,0.3172331,0,250,0.3172331,2005.985,38.58708,12.44647,0,2.805702,0,475.5643,410.2125,65.3518,540.952,0,1072.742,0,0,2.262635e-13,4.263256e-14
mpc,2026-01-21 04:45:00,1555,4.75,30.32888,3298.008,91.60469,3.444993,22.67339,1,1,2308.606,2308.289,0,0,0,0,0,0,0,0,0,129.5099,1867.323,0.9336617,1.196402,0.3172331,0,250,0.3172331,2308.289,0,0,0,1.286543,22.67339,469.8187,469.7542,0.06455933,474.3684,0,950.9561,0,0,-1.254552e-13,4.263256e-14
mpc,2026-01-21 05:00:00,1556,5,30.52409,3273.068,133.8516,6.934606,29.88011,1,1,2291.148,2290.83,0,0,0,0,0,0,0,0,0,159.4037,1827.178,0.9135893,1.175826,0.3172331,0,250,0.3172331,2290.83,0,0,0,6.103993,29.88011,468.3123,468.2475,0.06484268,474.355,0,959.2394,0,0,-1.887379e-13,4.263256e-14
mpc,2026-01-21 05:15:00,1557,5.25,30.35401,3262.425,174.2205,7.657386,33.81182,1,1,2283.698,2283.38,0,0,0,0,0,0,0,0,0,196.2291,1777.834,0.8889168,1.150548,0.3172331,0,250,0.3172331,2283.38,0,0,0,7.657386,33.81182,465.0113,464.9467,0.06459566,471.8315,0,956.872,0,0,-1.174616e-13,4.263256e-14
mpc,2026-01-21 05:30:00,1558,5.5,30.30977,3273.223,230.6423,4.478115,57.93182,1,1,2291.256,2290.939,0,0,0,0,0,0,0,0,0,233.7318,1719.121,0.8595604,1.119476,0.3172331,0,250,0.3172331,2290.939,0,0,0.2064771,1.182178,57.93182,466.0885,466.024,0.06453172,477.8085,0,958.0125,0,0,2.069456e-13,4.263256e-14
mpc,2026-01-21 05:45:00,1559,5.75,30.28958,3292.476,262.2021,8.989098,60.60198,1,1,2304.733,2304.416,0,0,0,0,0,0,0,0,0,282.2107,1648.297,0.8241488,1.082505,0.3172331,0,250,0.3172331,2304.416,0,0,0,7.767132,60.60198,468.6182,468.5537,0.06450257,480.8759,0,975.15,0,0,-1.754152e-14,4.263256e-14
mpc,2026-01-21 06:00:00,1560,6,30.44506,3331.301,307.4239,3.614516,68.00305,1,1,2331.911,2331.594,0,0,0,0,0,0,0,0,0,328.4769,1565.919,0.7829594,1.037909,0.3172331,0,250,0.3172331,2331.594,0,0,0,3.541488,68.00305,475.7988,475.7341,0.06472766,489.6093,0,985.3277,0,0,2.720046e-13,4.263256e-14
mpc,2026-01-21 06:15:00,1561,6.25,30.25555,3361.472,347.2012,4.497103,87.63531,1,1,2353.03,2352.713,232.9791,67.02092,300,2,300,0,0,0,0,75.39931,1546.822,0.7734112,0.9860361,0.3172331,0,250,0.3172331,2119.734,0,0,0,4.388673,87.63531,478.0745,430.6748,47.39975,515.5009,0,1038.572,0,-2.842171e-14,-4.751755e-14,4.263256e-14
mpc,2026-01-21 06:30:00,1562,6.5,30.3072,3349.464,388.7355,10.63715,66.67927,1,1,2344.625,2344.307,0,0,0,0,0,0,0,0,0,403.3384,1445.744,0.7228722,0.9740114,0.3172331,0,250,0.3172331,2344.307,0,0,0,10.33292,66.67927,476.9173,476.8528,0.06452801,490.416,0,998.6562,0,0,2.552403e-13,4.263256e-14
mpc,2026-01-21 06:45:00,1563,6.75,30.53849,3365.425,408.5467,1.794368,61.16893,1,1,2355.798,2355.48,202.8643,58.35783,261.2221,1,261.2221,0,0,0,0,169.288,1403.195,0.7015974,0.910364,0.3172331,0,250,0.3172331,2152.616,0,0,0,1.725383,61.16893,481.6828,440.1389,41.54391,511.0037,0,1024.984,0,0,3.257394e-13,4.263256e-14
mpc,2026-01-21 07:00:00,1564,7,30.77074,3401.97,424.1237,1.356481,56.70934,1,1,2381.379,2381.062,387.9813,112.0187,500,1,435.9929,3.841101,0,0,60.16604,0,1418.015,0.7090077,0.8835712,0.3172331,0,250,0.3172331,1993.08,0,0,0,0,56.70934,489.47,409.6589,79.81112,533.3336,0,1066.667,0,2.842171e-14,-2.307043e-13,4.263256e-14
mpc,2026-01-21 07:15:00,1565,7.25,30.92498,3371.103,418.9755,7.197597,71.75435,1,1,2359.772,2359.455,725.5616,209.5796,935.1411,3,427.0725,8.068651,0,0,500,0,1542.792,0.7713961,0.8929035,0.3172331,0,250,0.3172331,1633.893,0,0,0,0,71.75435,486.7263,337.0066,149.7197,561.3863,0,1122.773,0,-5.684342e-14,-3.6815e-13,4.263256e-14
mpc,2026-01-21 07:30:00,1566,7.5,31.00676,3367.266,403.1951,12.12857,64.98145,1,1,2357.086,2356.769,681.4999,197.1513,878.6513,3,404.0688,10.39142,0,0,464.191,0,1658.597,0.8292985,0.9714736,0.3172331,0,250,0.3172331,1675.269,0,0,0,1.737141,64.98145,487.0761,346.1832,140.893,556.7625,0,1116.522,0,0,2.280398e-13,4.263256e-14
mpc,2026-01-21 07:45:00,1567,7.75,31.36642,3352.149,350.0234,2.505276,85.59914,1,1,2346.504,2346.187,288.2645,82.92485,371.1894,1,371.1894,0,0,0,0,7.126345,1656.554,0.8282772,1.044394,0.3172331,0,250,0.3172331,2057.922,0,0,0,0,85.59914,488.8862,428.7612,60.12504,529.5203,0,1059.041,0,-1.421086e-14,-3.668177e-13,4.263256e-14
mpc,2026-01-21 08:00:00,1568,8,31.29115,3393.134,314.0806,264.3561,77.28291,1,1,2375.194,2374.876,175.9792,50.6238,226.603,1,226.603,0,0,0,0,328.398,1574.194,0.787097,1.043108,0.3172331,0,250,0.3172331,2198.897,0,0,0,38.76346,77.28291,494.0114,457.3439,36.6675,524.0416,0,1114.95,0,-2.131628e-14,1.09468e-13,4.263256e-14
mpc,2026-01-21 08:15:00,1569,8.25,31.57776,3413.186,265.6303,267.3558,76.264,1,1,2389.23,2388.913,226.596,65.18471,291.7807,1,291.7807,0,0,0,0,232.272,1515.878,0.7579392,0.9912469,0.3172331,0,250,0.3172331,2162.317,0,0,0,35.08385,76.264,500.2108,452.7041,47.50671,533.8555,0,1128.231,0,0,1.512124e-13,4.263256e-14
mpc,2026-01-21 08:30:00,1570,8.5,31.81398,3410.901,224.6872,268.1919,77.5359,1,1,2387.631,2387.313,116.4895,33.51046,150,1,150,0,0,0,0,321.3607,1435.3,0.7176497,0.9545263,0.3172331,0,250,0.3172331,2270.824,0,0,0,37.32308,77.5359,502.6102,478.0217,24.58851,527.8539,0,1120.09,0,-1.421086e-14,3.840261e-13,4.263256e-14
mpc,2026-01-21 08:45:00,1571,8.75,32.07222,3449.281,179.125,267.8506,94.31452,1,1,2414.497,2414.18,329.8992,120.1008,450,3,201.7811,237.0275,0,0,11.19139,0,1437.871,0.7189357,0.9037871,0.3172331,0,250,0.3172331,2084.28,0,0,0,30.82313,94.31452,511.3233,441.3926,69.93066,581.4666,0,1216.103,0,1.421086e-14,2.082778e-13,4.263256e-14
mpc,2026-01-21 09:00:00,1572,9,32.29847,3461.255,152.8605,275.4717,118.8533,1,1,2422.879,2422.561,116.4895,33.51046,150,1,150,0,0,0,0,240.8112,1377.442,0.6887211,0.9054065,0.3172331,0,250,0.3172331,2306.072,0,0,1.00436,36.51666,118.8533,515.8169,490.9494,24.86749,549.763,0,1164.25,0,-1.421086e-14,4.318768e-13,4.263256e-14
mpc,2026-01-21 09:15:00,1573,9.25,32.52691,3510.095,118.3178,283.3466,119.3435,1,1,2457.066,2456.749,0,0,0,0,0,0,0,0,0,360.9316,1286.993,0.6434962,0.8673552,0.3172331,0,250,0.3172331,2456.749,0,0,0,43.1188,119.3435,525.9087,525.8408,0.06790033,551.385,0,1177.15,0,0,9.992007e-16,4.263256e-14
mpc,2026-01-21 09:30:00,1574,9.5,32.85895,3522.102,104.4171,282.3354,142.9617,1,1,2465.471,2465.154,112.6162,37.38378,150,1,103.0857,0,46.9143,0,0,241.9585,1226.3,0.6131501,0.8104003,0.3172331,0,250,0.3172331,2352.538,32.70529,0,1.331383,40.37683,110.2564,531.8656,507.5029,24.36265,568.6719,0,1209.29,0,0,3.419487e-13,4.263256e-14
mpc,2026-01-21 09:45:00,1575,9.75,32.92702,3549.425,88.71885,286.7411,153.1206,1,1,2484.597,2484.28,0,0,0,0,0,0,0,0,0,330.8338,1143.399,0.5716994,0.7721833,0.3172331,0,250,0.3172331,2484.28,0,0,1.854763,42.77139,153.1206,536.8588,536.7902,0.06854606,569.8757,0,1216.732,0,0,3.501643e-13,4.263256e-14
mpc,2026-01-21 10:00:00,1576,10,32.99294,3529.956,73.57905,291.3281,165.7568,0,1,2470.969,2470.652,0,0,0,0,0,0,0,0,0,314.6358,1064.56,0.5322799,0.7199815,0.3172331,0,250,0.3172331,2470.652,0,0,4.219008,46.05241,165.7568,534.752,534.6833,0.06865364,0,570.5554,3224.773,0,0,-9.769963e-14,4.263256e-14
mpc,2026-01-21 10:15:00,1577,10.25,33.25118,3566.408,65.96427,295.6247,192.0358,0,1,2496.485,2496.168,0,0,0,0,0,0,0,0,0,304.146,988.3558,0.4941779,0.6703377,0.3172331,0,250,0.3172331,2496.168,0,0,4.714502,52.72847,192.0358,543.6159,543.5469,0.0690783,0,585.3631,3318.586,0,0,-9.55902e-14,4.263256e-14
mpc,2026-01-21 10:30:00,1578,10.5,33.50039,3577.248,53.81168,293.5521,184.8607,0,1,2504.074,2503.757,367.8324,132.1676,500,1,59.1345,247.8883,0,0,192.9772,0,1036.445,0.5182222,0.6223531,0.3172331,0,250,0.3172331,2135.924,0,0,0,45.66381,184.8607,548.5427,467.8958,80.6469,0,640.559,3601.845,0,-5.684342e-14,-1.117995e-13,4.263256e-14
mpc,2026-01-21 10:45:00,1579,10.75,33.76855,3554.764,41.17441,291.5443,207.1011,0,1,2488.335,2488.018,608.4341,201.5476,809.9817,4,60.52939,249.4523,0,0,500,0,1161.281,0.5806407,0.6526339,0.3172331,0,250,0.3172331,1879.583,0,0,0,42.09205,207.1011,548.64,414.4196,134.2204,0,661.6299,3711.573,0,0,1.300071e-13,4.263256e-14
mpc,2026-01-21 11:00:00,1580,11,34.22533,3536.726,32.82722,292.0853,211.1308,0,0,2475.708,2475.391,0,0,0,0,0,0,0,0,0,312.3431,1083.013,0.5415064,0.7312418,0.3172331,0,250,0.3172331,2475.391,0,0,0,41.29389,211.1308,551.971,551.9003,0.07072864,0,598.9729,3365.583,0,0,3.663736e-13,4.263256e-14
mpc,2026-01-21 11:15:00,1581,11.25,34.3993,3547.099,45.06076,300.3024,248.6038,0,0,2482.97,2482.652,241.0795,106.2797,347.3591,2,0,0,347.3591,0,0,306.7447,1006.156,0.503078,0.6819572,0.3172331,0,250,0.3172331,2241.573,237.8735,0,0,47.13873,10.73035,555.9621,501.9109,54.05117,0,610.5932,3439.577,0,0,1.754152e-14,4.263256e-14
mpc,2026-01-21 11:30:00,1582,11.5,34.74867,3604.051,40.03546,299.371,258.9694,0,0,2522.836,2522.518,261.7074,115.3735,377.0809,1,0,0,377.0809,0,0,314.7979,927.2982,0.4636491,0.6335617,0.3172331,0,250,0.3172331,2260.811,257.1732,0,0,47.37124,1.796229,569.7915,510.6123,59.17922,0,626.3915,3526.869,0,-1.421086e-14,1.383338e-13,4.263256e-14
mpc,2026-01-21 11:45:00,1583,11.75,35.04903,3575.629,45.15236,296.6233,287.4488,0,0,2502.941,2502.623,301.9368,133.1086,435.0454,2,0,0,435.0454,0,0,309.466,849.7857,0.4248928,0.5839061,0.3172331,0,250,0.3172331,2200.686,295.6602,0,0,43.12586,0,569.5482,500.7698,68.7784,0,633.8784,3560.723,0,-2.842171e-14,-1.401102e-13,4.263256e-14
mpc,2026-01-21 12:00:00,1584,12,35.60536,3641.24,43.10478,293.7077,313.0414,0,0,2548.868,2548.551,325.5931,143.5374,469.1305,1,0,0,469.1305,0,0,310.8433,771.9411,0.3859706,0.5350976,0.3172331,0,250,0.3172331,2222.958,316.7368,0,0,38.13145,0,588.1899,512.9812,75.20874,0,656.5186,3676.629,0,-2.842171e-14,-6.528111e-14,4.263256e-14
mpc,2026-01-21 12:15:00,1585,12.25,35.66509,3659.794,47.45623,298.3223,351.6884,0,0,2561.856,2561.539,364.7502,160.7998,525.55,2,0,0,525.55,0,0,310.3424,694.234,0.347117,0.48608,0.3172331,0,250,0.3172331,2196.789,354.5777,0,0,40.57417,0,592.0847,507.7119,84.37275,0,668.5117,3746.805,0,-2.842171e-14,-1.165734e-15,4.263256e-14
mpc,2026-01-21 12:30:00,1586,12.5,35.83575,3686.463,52.29519,300.6743,391.0388,0,0,2580.524,2580.207,347.0176,152.9824,500,1,0,0,500,0,0,316.3585,615.0351,0.3075175,0.437149,0.3172331,0,250,0.3172331,2233.189,336.657,0,0,41.99831,54.38177,598.998,518.3737,80.62428,0,683.9793,3834.333,0,0,-5.151435e-14,4.263256e-14
mpc,2026-01-21 12:45:00,1587,12.75,36.01484,3722.165,54.4094,297.5133,392.4347,0,0,2605.515,2605.198,415.8409,183.3231,599.164,2,0,0,599.164,0,0,320.7867,534.7416,0.2673708,0.3872786,0.3172331,0,250,0.3172331,2189.357,402.567,0,0,43.12754,0,607.5774,510.5339,97.04348,0,693.857,3890.609,0,-2.842171e-14,-1.290079e-13,4.263256e-14
mpc,2026-01-21 13:00:00,1588,13,36.42056,3710.49,64.36009,300.5421,436.6375,1,0,2597.343,2597.026,449.5999,198.2057,647.8056,2,0,0,647.8056,0,0,320.9649,454.4162,0.2272081,0.3367189,0.3172331,0,250,0.3172331,2147.426,433.1458,0,0,44.45591,3.491725,612.0413,506.0222,106.019,705.0507,0,1486.788,0,-5.684342e-14,-1.54321e-14,4.263256e-14
mpc,2026-01-21 13:15:00,1589,13.25,36.53904,3721.078,50.42879,297.8359,445.0177,1,0,2604.755,2604.437,518.7002,221.4984,740.1985,4,60.27389,0,679.9246,0,0,254.6272,390.6879,0.1953439,0.2861392,0.3172331,0,250,0.3172331,2085.737,453.9773,0,0,44.52229,0,615.6786,492.9999,122.6787,714.4982,0,1505.797,0,-2.842171e-14,-6.405987e-14,4.263256e-14
mpc,2026-01-21 13:30:00,1590,13.5,36.97387,3725.985,38.76824,296.5596,467.1906,1,0,2608.19,2607.872,553.2393,236.0449,789.2842,2,65.98976,0,723.2944,0,0,256.051,326.6136,0.1633068,0.2460104,0.3172331,0,250,0.3172331,2054.633,480.4187,0,0,40.50857,0,623.5401,491.2013,132.3388,727.2462,0,1524.37,0,5.684342e-14,-8.157364e-14,4.263256e-14
mpc,2026-01-21 13:45:00,1591,13.75,37.3893,3717.362,52.0936,296.3524,514.1617,1,0,2602.154,2601.836,564.2177,241.8277,806.0453,4,58.06338,0,747.982,0,0,252.7569,263.3729,0.1316865,0.2056638,0.3172331,0,250,0.3172331,2037.619,494.3305,0,0,43.5955,19.83117,628.9684,492.5143,136.4541,739.1354,0,1553.473,0,2.842171e-14,-2.337019e-14,4.263256e-14
mpc,2026-01-21 14:00:00,1592,14,37.69709,3747.097,44.87607,290.6956,541.27,1,1,2622.968,2622.651,586.6325,252.2337,838.8662,3,53.65422,0,785.212,0,0,253.3259,200,0.1,0.1658421,0.3172331,0,250,0.3172331,2036.018,517.0019,0,0,37.36962,24.26817,639.2307,496.1881,143.0426,754.3361,0,1573.135,0,-2.842171e-14,-3.691492e-14,4.263256e-14
mpc,2026-01-21 14:15:00,1593,14.25,37.93735,3749.968,43.60112,289.9452,566.5813,1,1,2624.978,2624.661,989.9075,397.8578,1387.765,4,55.60761,246.8812,816.8896,0,268.3869,0,267.0652,0.1335326,0.1259371,0.3172331,0,250,0.3172331,1634.753,536.289,0,0,43.06399,30.29232,643.8675,400.9803,242.8872,806.2683,0,1686.822,0,5.684342e-14,-3.297362e-14,4.263256e-14
mpc,2026-01-21 14:30:00,1594,14.5,37.9066,3766.849,66.05398,286.4686,596.3849,1,1,2636.794,2636.477,1086.67,413.3303,1500,3,52.51877,245.5586,701.9226,0,500,0,392.0232,0.1960116,0.1681671,0.3172331,0,250,0.3172331,1549.807,460.9857,0,13.5352,40.91005,135.3991,646.2296,379.8291,266.4004,826.3432,0,1746.604,0,-1.136868e-13,-3.266831e-14,4.263256e-14
mpc,2026-01-21 14:45:00,1595,14.75,38.09303,3780.708,70.5816,289.1442,599.8313,1,1,2646.496,2646.178,1192.309,459.2639,1651.573,4,57.87799,247.018,846.6772,0,500,0,516.9615,0.2584807,0.2468513,0.3172331,0,250,0.3172331,1453.869,554.7901,0,12.70361,42.12617,45.04121,651.8838,358.1165,293.7673,828.4749,0,1751.531,0,1.136868e-13,2.506329e-14,4.263256e-14
mpc,2026-01-21 15:00:00,1596,15,38.05682,3777.06,46.43663,293.9588,605.1424,1,1,2643.942,2643.625,655.6798,280.6873,936.3671,3,70.34805,0,866.019,0,0,246.8555,455.1662,0.2275831,0.3255231,0.3172331,0,250,0.3172331,1987.945,567.7148,0,0,47.10334,37.42751,650.6163,489.1897,161.4265,779.0871,0,1639.428,0,-5.684342e-14,-3.846923e-14,4.263256e-14
mpc,2026-01-21 15:15:00,1597,15.25,38.14889,3780.941,58.51713,297.7424,582.9335,1,1,2646.659,2646.341,1219.362,469.6172,1688.979,4,71.09866,244.3965,873.4838,0,500,0,580.0946,0.2900473,0.2866115,0.3172331,0,250,0.3172331,1426.98,571.9649,0,0,53.34586,10.96854,652.912,352.0258,300.8862,824.3489,0,1740.719,0,-1.705303e-13,-4.118927e-14,4.263256e-14
mpc,2026-01-21 15:30:00,1598,15.5,38.30117,3731.01,65.49195,297.6257,578.7952,1,1,2611.707,2611.39,1212.011,466.8184,1678.83,4,67.38547,246.9061,864.538,0,500,0,705.0033,0.3525016,0.3652771,0.3172331,0,250,0.3172331,1399.379,565.0539,0,0,50.71955,13.74131,646.9632,346.6494,300.3139,816.8717,0,1721.235,0,5.684342e-14,-1.065814e-14,4.263256e-14
mpc,2026-01-21 15:45:00,1599,15.75,38.37185,3682.744,54.96924,297.4461,583.7662,1,1,2577.921,2577.604,1209.865,466.0971,1675.962,4,65.49653,243.342,867.1238,0,500,0,829.8923,0.4149461,0.4439302,0.3172331,0,250,0.3172331,1367.738,566.2537,0,0,54.10404,17.51244,639.826,339.4653,300.3608,809.9089,0,1713.147,0,-5.684342e-14,4.513057e-14,4.263256e-14
mpc,2026-01-21 16:00:00,1600,16,38.59172,3712.98,76.06795,290.945,561.7185,1,1,2599.086,2598.769,1206.387,464.1329,1670.52,4,69.11716,241.9567,859.4457,0,500,0,954.7616,0.4773808,0.522571,0.3172331,0,250,0.3172331,1392.382,559.728,0,6.950789,48.98825,1.990431,648.9747,347.6687,301.3061,812.2986,0,1721.092,0,5.684342e-14,7.271961e-14,4.263256e-14
mpc,2026-01-21 16:15:00,1601,16.25,38.65368,3685.296,96.52413,290.0362,560.5518,1,1,2579.707,2579.39,1198.161,459.6465,1657.807,4,76.34625,239.1714,842.2895,0,500,0,1079.611,0.5398057,0.6011994,0.3172331,0,250,0.3172331,1381.23,548.1372,0,20.17788,50.86482,12.41463,645.2342,345.4719,299.7622,808.2235,0,1738.996,0,0,-2.882139e-13,4.263256e-14
mpc,2026-01-21 16:30:00,1602,16.5,38.51536,3686.247,101.6188,289.8228,542.3885,1,1,2580.373,2580.055,1089.735,410.2647,1500,3,89.64969,238.8658,671.4845,0,500,0,1204.441,0.6022207,0.6798154,0.3172331,0,250,0.3172331,1490.32,437.7254,0,11.96911,50.95705,104.6631,642.9537,371.3444,271.6093,807.6881,0,1723.924,0,5.684342e-14,1.141309e-13,4.263256e-14
mpc,2026-01-21 16:45:00,1603,16.75,38.42722,3694.702,124.1343,276.7855,517.312,1,1,2586.291,2585.974,1195.24,454.3051,1649.545,4,110.4235,237.0368,802.0847,0,500,0,1329.252,0.6646259,0.7584191,0.3172331,0,250,0.3172331,1390.734,523.4262,0,13.71077,39.74873,0,642.8753,345.6953,297.18,800.0004,0,1692.218,0,5.684342e-14,-1.488809e-13,4.263256e-14
mpc,2026-01-21 17:00:00,1604,17,38.29668,3678.236,151.8308,272.4883,485.6073,1,1,2574.765,2574.448,633.3576,263.2857,896.6433,3,133.907,0,762.7363,0,0,233.1839,1270.746,0.6353733,0.8370104,0.3172331,0,250,0.3172331,1941.091,498.5446,0,17.92381,39.30441,0,637.7341,480.7816,156.9526,744.0672,0,1586.853,0,-1.136868e-13,-2.261524e-13,4.263256e-14
mpc,2026-01-21 17:15:00,1605,17.25,38.27624,3672.526,169.4304,270.8633,476.1412,1,1,2570.768,2570.451,642.2611,264.047,906.3081,4,160.5021,0,745.8061,0,0,232.3925,1212.448,0.6062242,0.8001705,0.3172331,0,250,0.3172331,1928.19,487.6006,0,8.92833,38.47071,0,636.3897,477.3204,159.0693,741.3675,0,1564.498,0,0,-1.899592e-13,4.263256e-14
mpc,2026-01-21 17:30:00,1606,17.5,38.44272,3610.82,197.6599,278.6869,467.8424,1,1,2527.574,2527.257,652.3138,265.4495,917.7633,4,185.9671,0,731.7961,0,0,230.8312,1154.55,0.5772749,0.763461,0.3172331,0,250,0.3172331,1874.943,477.4664,0,11.69275,47.85568,0,628.5464,466.2529,162.2935,731.7024,0,1566.126,0,-5.684342e-14,2.976508e-13,4.263256e-14
mpc,2026-01-21 17:45:00,1607,17.75,38.49326,3554.78,237.8707,274.2836,461.6763,1,1,2488.346,2488.029,653.6589,262.1238,915.7827,4,218.9082,0,696.8745,0,0,225.8775,1097.899,0.5489493,0.727003,0.3172331,0,250,0.3172331,1834.37,454.3997,0,18.96252,48.40609,7.276541,619.648,456.7948,162.8531,720.7306,0,1557.672,0,-5.684342e-14,3.995693e-13,4.263256e-14
mpc,2026-01-21 18:00:00,1608,18,38.50422,3510.089,276.3112,0,423.2993,0,1,2457.063,2456.745,1041.601,369.2918,1410.893,3,255.6978,1.074078,654.121,0,500,0,1222.726,0.6113629,0.6913306,0.3172331,0,250,0.3172331,1415.144,426.4648,0,20.61341,0,0,612.0414,352.505,259.5364,0,721.7969,4005.441,0,1.136868e-13,-2.49134e-13,4.263256e-14
mpc,2026-01-21 18:15:00,1609,18.25,38.2864,3484.884,306.1815,0,415.0425,0,1,2439.419,2439.102,1045.906,366.8004,1412.706,4,292.5949,2.554244,617.5571,0,500,0,1347.533,0.6737666,0.7699325,0.3172331,0,250,0.3172331,1393.196,403.7025,0,13.58666,0,11.33999,604.0414,344.9789,259.0626,0,714.5872,3953.667,0,-5.684342e-14,-2.614575e-13,4.263256e-14
mpc,2026-01-21 18:30:00,1610,18.5,38.52951,3408.544,326.4208,1.57792,404.0523,0,0,2385.981,2385.663,658.8244,250.9639,909.7882,3,331.8647,0,577.9236,0,0,1.785698,1346.875,0.6734374,0.8485219,0.3172331,0,250,0.3172331,1726.839,376.6698,0,0,0,27.38253,594.7474,430.4448,164.3026,0,688.2342,3785.288,0,5.684342e-14,3.005374e-13,4.263256e-14
mpc,2026-01-21 18:45:00,1611,18.75,38.43986,3401.627,348.5201,3.716021,366.6047,0,0,2381.139,2380.822,645.8194,241.8984,887.7179,3,359.8756,0,527.8423,0,0,2.893914,1345.939,0.6729696,0.8481072,0.3172331,0,250,0.3172331,1735.002,344.4071,0,0,0.8221075,22.19762,592.0852,431.4193,160.666,0,678.8373,3735.023,0,-8.526513e-14,-6.106227e-15,4.263256e-14
mpc,2026-01-21 19:00:00,1612,19,38.65208,3354.591,376.084,4.746831,336.2497,0,0,2348.213,2347.896,358.9052,154.6128,513.518,3,30.3486,0,483.1694,0,0,366.1648,1254.186,0.6270931,0.8475182,0.3172331,0,250,0.3172331,1988.991,314.4386,0,0,0,21.81111,587.3071,497.4627,89.84442,0,657.5306,3616.418,0,-8.526513e-14,2.654543e-13,4.263256e-14
mpc,2026-01-21 19:15:00,1613,19.25,38.41694,3388.419,384.8018,5.503339,287.7528,0,0,2371.894,2371.576,308.23,135.8829,444.1129,2,0,0,444.1129,0,0,400.4845,1153.868,0.5769338,0.7897426,0.3172331,0,250,0.3172331,2063.346,289.8567,0,0,0.9222914,0,589.4167,512.7425,76.67413,0,648.6254,3569.031,0,0,2.38698e-13,4.263256e-14
mpc,2026-01-21 19:30:00,1614,19.5,38.20728,3397.531,403.1966,7.510763,274.8721,0,0,2378.272,2377.955,290.8299,128.2121,419.0419,1,0,0,419.0419,0,0,410.3523,1051.098,0.5255489,0.7265735,0.3172331,0,250,0.3172331,2087.125,274.1966,0,0,3.396118,0.675519,587.6341,515.6961,71.93793,0,644.0751,3548.271,0,0,-3.885781e-13,4.263256e-14
mpc,2026-01-21 19:45:00,1615,19.75,38.39587,3403.266,396.6077,0.5520096,271.3749,0,0,2382.286,2381.969,259.1916,114.2644,373.4559,2,0,0,373.4559,0,0,404.2251,949.8761,0.474938,0.6618609,0.3172331,0,250,0.3172331,2122.777,243.8044,0,0,0,27.57048,591.6585,527.2076,64.45095,0,648.3193,3565.756,0,-4.263256e-14,1.554312e-14,4.263256e-14
mpc,2026-01-21 20:00:00,1616,20,38.08761,3341.468,372.0865,0,234.1261,0,0,2339.028,2338.71,225.4555,99.39186,324.8474,1,0,0,324.8474,0,0,392.5359,851.5926,0.4257963,0.598123,0.3172331,0,250,0.3172331,2113.255,212.8722,0,0,0,21.25386,576.0636,520.4595,55.60408,0,625.0858,3437.972,0,-2.842171e-14,1.072475e-13,4.263256e-14
mpc,2026-01-21 20:15:00,1617,20.25,37.96227,3329.99,329.0292,0,213.2315,0,0,2330.993,2330.675,220.3224,97.12893,317.4513,2,0,0,317.4513,0,0,376.4874,757.3367,0.3786683,0.5362354,0.3172331,0,250,0.3172331,2110.353,208.3439,0,0,0,4.88764,572.142,517.986,54.15599,0,616.3147,3389.731,0,-2.842171e-14,2.031708e-14,4.263256e-14
mpc,2026-01-21 20:30:00,1618,20.5,37.72505,3366.891,311.9865,0,179.7001,0,0,2356.824,2356.507,203.4032,89.6701,293.0733,1,0,0,293.0733,0,0,345.9468,670.7308,0.3353654,0.4768838,0.3172331,0,250,0.3172331,2153.103,192.9007,0,0,0,0,574.8008,525.1158,49.68493,0,614.7859,3381.323,0,0,-1.612044e-13,4.263256e-14
mpc,2026-01-21 20:45:00,1619,20.75,37.41481,3337.291,292.3438,0,167.1052,0,0,2336.104,2335.787,188.38,83.04716,271.4272,1,0,0,271.4272,0,0,306.9237,593.8943,0.2969471,0.4223493,0.3172331,0,250,0.3172331,2147.407,179.3269,0,0,0,0,565.0446,519.4035,45.64111,0,602.4506,3313.478,0,-1.421086e-14,1.542655e-13,4.263256e-14
mpc,2026-01-21 21:00:00,1620,21,37.48175,3352.813,260.0613,0,154.9586,0,0,2346.969,2346.652,171.3085,75.52119,246.8297,1,0,0,246.8297,0,0,275.3177,524.9713,0.2624857,0.3739665,0.3172331,0,250,0.3172331,2175.343,162.9436,0,0,0,0,568.6855,527.0995,41.586,0,602.6206,3314.414,0,0,1.64202e-13,4.263256e-14
mpc,2026-01-21 21:15:00,1621,21.25,37.12275,3317.565,226.6946,0,139.2168,0,0,2322.295,2321.978,145.5252,64.15466,209.6799,1,0,0,209.6799,0,0,242.3384,464.3041,0.232152,0.3305668,0.3172331,0,250,0.3172331,2176.453,139.0215,0,0,0,0.1952892,557.3735,522.3699,35.00361,0,586.5714,3226.143,0,-1.421086e-14,-9.298118e-14,4.263256e-14
mpc,2026-01-21 21:30:00,1622,21.5,37.00363,3306.95,190.6596,3.393894,143.3623,0,0,2314.865,2314.548,0,0,0,0,0,0,0,0,0,207.0648,412.4648,0.2062324,0.2923655,0.3172331,0,250,0.3172331,2314.548,0,0,0,0.2138902,143.3623,553.8484,553.7725,0.07590033,0,588.0729,3234.77,0,0,-5.978551e-14,4.263256e-14
mpc,2026-01-21 21:45:00,1623,21.75,36.90129,3370.443,159.0279,12.69795,110.4783,0,0,2359.31,2358.993,0,0,0,0,0,0,0,0,0,181.5548,367.0112,0.1835056,0.2597231,0.3172331,0,250,0.3172331,2358.993,0,0,0,9.657731,110.4783,562.9659,562.8902,0.07569645,0,589.252,3257.545,0,0,-3.097522e-14,4.263256e-14
mpc,2026-01-21 22:00:00,1624,22,36.51435,3367.985,128.519,9.330118,105.6536,0,0,2357.59,2357.272,106.7242,47.04926,153.7734,1,0,0,153.7734,0,0,158.0493,327.4411,0.1637205,0.2311015,0.3172331,0,250,0.3172331,2250.548,102.703,0,0,5.817133,2.950623,556.8993,531.6145,25.28485,0,579.3607,3196.519,0,-7.105427e-15,2.353673e-14,4.263256e-14
mpc,2026-01-21 22:15:00,1625,22.25,36.00798,3381.729,118.9229,2.827025,73.50382,0,0,2367.21,2366.893,0,0,0,0,0,0,0,0,0,136.7535,293.2011,0.1466006,0.2061848,0.3172331,0,250,0.3172331,2366.893,0,0,0,0.3402408,73.50382,551.9102,551.8362,0.07396224,0,568.9735,3129.941,0,0,7.630008e-14,4.263256e-14
mpc,2026-01-21 22:30:00,1626,22.5,35.51518,3355.823,98.25674,2.694813,65.10883,0,0,2349.076,2348.759,0,0,0,0,0,0,0,0,0,109.2975,265.8306,0.1329153,0.1846245,0.3172331,0,250,0.3172331,2348.759,0,0,0,0.1261826,65.10883,540.8469,540.7738,0.07303914,0,555.7644,3056.922,0,0,5.551115e-14,4.263256e-14
mpc,2026-01-21 22:45:00,1627,22.75,35.14912,3295.127,87.62107,6.13125,45.63515,0,0,2306.589,2306.272,0,0,0,0,0,0,0,0,0,94.97708,242.0445,0.1210222,0.1673896,0.3172331,0,250,0.3172331,2306.272,0,0,0,1.80055,45.63515,526.1865,526.1141,0.07236822,0,536.5245,2953.991,0,0,4.887757e-14,4.263256e-14
mpc,2026-01-21 23:00:00,1628,23,34.91428,3247.886,79.91595,6.558403,51.65109,1,0,2273.52,2273.203,0,0,0,0,0,0,0,0,0,86.292,220.4334,0.1102167,0.1524119,0.3172331,0,250,0.3172331,2273.203,0,0,0,1.941541,51.65109,515.6042,515.5323,0.07194426,527.2461,0,1057.841,0,0,-3.072542e-14,4.263256e-14
mpc,2026-01-21 23:15:00,1629,23.25,34.69152,3269.246,88.96744,5.243427,38.80755,1,0,2288.472,2288.155,0,0,0,0,0,0,0,0,0,81.59474,200,0.1,0.1388037,0.3172331,0,250,0.3172331,2288.155,0,0,11.32408,1.292049,38.80755,516.127,516.0554,0.07154665,524.8078,0,1071.378,0,0,-3.994027e-14,4.263256e-14
mpc,2026-01-21 23:30:00,1630,23.5,34.39888,3271.793,75.24869,0,30.66388,1,1,2290.255,2289.938,508.2558,156.3359,664.5917,2,69.34094,0.436765,94.81397,0,500,0,324.9685,0.1624843,0.1259371,0.3172331,0,250,0.3172331,1781.682,64.92946,0,5.907756,0,0,512.8061,398.9326,113.8735,555.2685,0,1120.728,0,5.684342e-14,-3.089196e-14,4.263256e-14
mpc,2026-01-21 23:45:00,1631,23.75,34.11759,3303.589,67.18326,0.262465,63.88342,1,1,2312.512,2312.195,492.326,150.5634,642.8894,2,58.83215,0.1034785,83.95377,0,500,0,449.9174,0.2249587,0.2046279,0.3172331,0,250,0.3172331,1819.869,57.68121,0,8.351105,0.1589865,6.202206,514.227,404.6793,109.5477,556.6219,0,1127.924,0,-5.684342e-14,2.220446e-14,4.263256e-14
mpc,2026-01-22 00:00:00,1632,0,33.97804,3277.835,71.12902,0,72.11289,1,1,2294.485,2294.167,388.2146,111.7854,500,1,62.91604,1.016048,0,0,436.0679,0,558.8635,0.2794318,0.2833064,0.3172331,0,250,0.3172331,1905.953,0,0,8.21299,0,72.11289,508.4825,422.3797,86.10284,550.1461,0,1114.46,0,1.421086e-14,-1.657563e-13,4.263256e-14
mpc,2026-01-22 00:15:00,1633,0.25,33.81214,3278.655,73.51015,0,49.97398,1,1,2295.059,2294.742,436.8945,125.8419,562.7364,3,61.22419,1.51223,0,0,500,0,683.7755,0.3418878,0.3519082,0.3172331,0,250,0.3172331,1857.847,0,0,12.28596,0,49.97398,506.5612,410.0606,96.50058,546.9327,0,1115.059,0,0,-1.901257e-13,4.263256e-14
mpc,2026-01-22 00:30:00,1634,0.5,33.59757,3251.36,76.3573,0,29.11286,1,1,2275.952,2275.635,436.2232,125.5377,561.7609,3,61.29371,0.4671986,0,0,500,0,808.6679,0.4043339,0.4305634,0.3172331,0,250,0.3172331,1839.411,0,0,15.06359,0,29.11286,499.7406,403.8875,95.85307,535.8176,0,1097.62,0,0,-1.8896e-13,4.263256e-14
mpc,2026-01-22 00:45:00,1635,0.75,33.2574,3264.929,68.00846,1.475843,27.16315,1,1,2285.45,2285.133,429.5798,123.6671,553.2469,3,52.39842,0.8484715,0,0,500,0,933.5406,0.4667703,0.5092063,0.3172331,0,250,0.3172331,1855.553,0,0,15.61004,0.6273714,27.16315,497.7366,404.1115,93.62508,533.6943,0,1095.398,0,2.842171e-14,-6.106227e-15,4.263256e-14
mpc,2026-01-22 01:00:00,1636,1,33.10536,3203.421,51.19171,0,22.79113,1,1,2242.395,2242.078,425.4167,122.4821,547.8988,2,46.93229,0.9665203,0,0,500,0,1058.394,0.5291968,0.5878368,0.3172331,0,250,0.3172331,1816.661,0,0,4.259419,0,22.79113,486.5875,394.2055,92.38195,521.6331,0,1050.614,0,2.842171e-14,-4.045653e-13,4.263256e-14
mpc,2026-01-22 01:15:00,1637,1.25,32.88095,3209.643,46.16063,0,48.36503,1,1,2246.75,2246.433,429.5374,123.6028,553.1402,3,52.78137,0.3588338,0,0,500,0,1183.227,0.5916135,0.666455,0.3172331,0,250,0.3172331,1816.896,0,0,0,0,48.36503,484.935,392.1559,92.77914,526.1978,0,1052.396,0,-2.842171e-14,-1.803002e-13,4.263256e-14
mpc,2026-01-22 01:30:00,1638,1.5,32.54314,3190.177,27.52549,0,40.34042,1,1,2233.124,2232.807,428.2176,123.2237,551.4413,2,51.07763,0.3636453,0,0,500,0,1308.041,0.6540204,0.7450607,0.3172331,0,250,0.3172331,1804.589,0,0,0,0,40.34042,478.1589,386.4006,91.75833,518.262,0,1036.524,0,-5.684342e-14,1.997291e-13,4.263256e-14
mpc,2026-01-22 01:45:00,1639,1.75,32.23771,3194.337,21.93871,0,55.21076,1,1,2236.036,2235.719,421.0572,121.1805,542.2377,3,41.71716,0.5205779,0,0,500,0,1432.835,0.7164174,0.8236541,0.3172331,0,250,0.3172331,1814.662,0,0,0,0,55.21076,475.3628,385.7821,89.58072,518.7,0,1037.4,0,0,-3.830269e-14,4.263256e-14
mpc,2026-01-22 02:00:00,1640,2,32.17777,3227.577,47.22724,0,45.62203,1,1,2259.304,2258.986,388.2529,111.7471,500,1,49.61073,0.5521204,0,0,449.8372,0,1545.069,0.7725343,0.9022351,0.3172331,0,250,0.3172331,1870.734,0,0,0,0,45.62203,479.637,397.1458,82.49117,518.5782,0,1037.156,0,5.684342e-14,1.282308e-13,4.263256e-14
mpc,2026-01-22 02:15:00,1641,2.25,32.20614,3240.626,55.50422,0,41.50164,1,1,2268.438,2268.121,424.6873,122.1814,546.8687,3,46.75621,0.1125076,0,0,500,0,1669.825,0.8349127,0.972907,0.3172331,0,250,0.3172331,1843.433,0,0,8.748005,0,41.50164,481.8954,391.6096,90.28579,522.6074,0,1060.305,0,1.421086e-14,-4.045653e-13,4.263256e-14
mpc,2026-01-22 02:30:00,1642,2.5,31.93358,3257.932,50.56271,0,42.3843,1,1,2280.552,2280.235,388.2966,111.7034,500,1,51.50684,0.02222825,0,0,448.4709,0,1781.68,0.8908401,1.051465,0.3172331,0,250,0.3172331,1891.938,0,0,0,0,42.3843,481.4027,399.3701,82.03267,520.0204,0,1040.041,0,-1.421086e-14,-3.939071e-13,4.263256e-14
mpc,2026-01-22 02:45:00,1643,2.75,31.47307,3235.147,46.44037,0,26.03461,1,1,2264.603,2264.286,185.1453,53.3334,238.4787,1,57.39374,0.6847694,0,0,180.4002,0,1826.5,0.9132499,1.121898,0.3172331,0,250,0.3172331,2079.14,0,0,0,0,26.03461,472.9785,434.2433,38.73516,493.0142,0,986.0284,0,-1.421086e-14,2.966516e-13,4.263256e-14
mpc,2026-01-22 03:00:00,1644,3,31.37618,3168.367,41.9089,2.106226,24.85636,1,1,2217.857,2217.54,232.9636,67.10723,300.0709,1,60.17304,0.8537264,0,0,239.0441,0,1885.973,0.9429866,1.15012,0.3172331,0,250,0.3172331,1984.576,0,0,0,1.2525,24.85636,462.1864,413.5722,48.61415,485.8594,0,973.8792,0,-2.842171e-14,1.230127e-13,4.263256e-14
mpc,2026-01-22 03:15:00,1645,3.25,31.09804,3156.375,40.14488,0,29.32617,1,1,2209.462,2209.145,0,0,0,0,0,0,0,0,0,51.51467,1872.798,0.9363989,1.18757,0.3172331,0,250,0.3172331,2209.145,0,0,0,0,29.32617,457.5199,457.4543,0.0656904,463.5269,0,927.0538,0,0,3.330669e-13,4.263256e-14
mpc,2026-01-22 03:30:00,1646,3.5,31.04869,3184.163,50.70279,0,20.05097,1,1,2228.914,2228.597,0,0,0,0,0,0,0,0,0,62.74202,1856.817,0.9284087,1.179273,0.3172331,0,250,0.3172331,2228.597,0,0,0,0,20.05097,461.0297,460.964,0.06561663,465.1114,0,930.2228,0,0,2.160494e-13,4.263256e-14
mpc,2026-01-22 03:45:00,1647,3.75,30.86873,3169.907,64.93122,0,15.20157,1,1,2218.935,2218.617,0,0,0,0,0,0,0,0,0,59.86398,1841.559,0.9207796,1.169211,0.3172331,0,250,0.3172331,2218.617,0,0,6.346858,0,15.20157,457.0939,457.0286,0.06534907,460.16,0,931.2684,0,0,3.177458e-13,4.263256e-14
mpc,2026-01-22 04:00:00,1648,4,31.04371,3200.132,71.86533,0,23.44121,1,1,2240.093,2239.775,126.9393,36.87065,163.8099,1,61.69859,3.330955,0,0,98.7804,0,1865.964,0.9329821,1.159603,0.3172331,0,250,0.3172331,2112.836,0,0,10.16674,0,23.44121,463.2893,436.9705,26.31882,478.6891,0,974.9159,0,0,-3.417266e-13,4.263256e-14
mpc,2026-01-22 04:15:00,1649,4.25,30.95501,3167.562,94.08326,1.952136,27.25655,1,1,2217.293,2216.976,116.4835,33.51655,150,1,73.44941,0.07374081,0,0,76.47685,0,1884.79,0.9423949,1.17497,0.3172331,0,250,0.3172331,2100.493,0,0,20.63386,1.878395,27.25655,457.6505,433.5428,24.10772,472.6851,0,984.2039,0,0,-4.398704e-13,4.263256e-14
mpc,2026-01-22 04:30:00,1650,4.5,30.98526,3187.214,89.50711,2.241944,26.02774,1,1,2231.05,2230.732,116.2409,33.75912,150,1,84.9604,3.011825,1.578159e-07,0,62.02777,0,1900,0.95,1.186824,0.3172331,0,250,0.3172331,2114.491,1.123835e-07,0,4.546706,0,26.02774,460.8062,436.7321,24.07419,475.867,0,959.5771,0,7.105427e-15,-6.772361e-14,4.263256e-14
mpc,2026-01-22 04:45:00,1651,4.75,30.75513,3243.651,124.5684,0,28.67555,1,1,2270.555,2270.238,0,0,0,0,0,0,0,0,0,110.7927,1872.003,0.9360014,1.196402,0.3172331,0,250,0.3172331,2270.238,0,0,16.65152,0,28.67555,466.5267,466.4615,0.06518127,472.3534,0,973.4307,0,0,-2.49134e-13,4.263256e-14
mpc,2026-01-22 05:00:00,1652,5,30.33581,3268.816,169.9026,0,18.27606,1,1,2288.171,2287.854,0,0,0,0,0,0,0,0,0,149.3987,1834.358,0.9171792,1.178773,0.3172331,0,250,0.3172331,2287.854,0,0,24.71044,0,18.27606,465.7323,465.6677,0.06456933,469.3876,0,981.4007,0,0,-2.702283e-13,4.263256e-14
mpc,2026-01-22 05:15:00,1653,5.25,30.32322,3255.406,207.8011,0,9.80216,1,1,2278.785,2278.467,0,0,0,0,0,0,0,0,0,188.3737,1786.976,0.8934881,1.155069,0.3172331,0,250,0.3172331,2278.467,0,0,23.63897,0,9.80216,463.6911,463.6265,0.06455114,465.6211,0,972.0193,0,0,3.859135e-13,4.263256e-14
mpc,2026-01-22 05:30:00,1654,5.5,30.34399,3286.931,239.9207,0,1.553197,1,1,2300.852,2300.535,0,0,0,0,0,0,0,0,0,234.5049,1728.069,0.8640343,1.125233,0.3172331,0,250,0.3172331,2300.535,0,0,9.426111,0,1.553197,468.3991,468.3345,0.06458117,468.6507,0,953.5615,0,0,1.925127e-13,4.263256e-14
mpc,2026-01-22 05:45:00,1655,5.75,30.44103,3293.131,280.4715,0,0,1,1,2305.191,2304.874,0,0,0,0,0,0,0,0,0,276.1436,1658.761,0.8293803,1.08814,0.3172331,0,250,0.3172331,2304.874,0,0,9.858384,0,0,470.3046,470.2398,0.06472182,470.2398,0,957.4854,0,0,2.562395e-13,4.263256e-14
mpc,2026-01-22 06:00:00,1656,6,30.38821,3287.683,315.7282,3.824357,0,1,1,2301.378,2301.061,246.0943,70.79378,316.8881,1,316.8881,0,0,0,0,2.024497,1657.993,0.8289967,1.044497,0.3172331,0,250,0.3172331,2054.966,0,0,0,1.79986,0,468.9706,418.7573,50.2133,489.5511,0,982.2069,0,0,4.019007e-14,4.263256e-14
mpc,2026-01-22 06:15:00,1657,6.25,30.2576,3331.891,352.7833,1.426729,0.1732428,1,1,2332.324,2332.007,195.1226,56.13077,251.2534,1,251.2534,0,0,0,0,111.1704,1629.94,0.8149699,1.044014,0.3172331,0,250,0.3172331,2136.884,0,0,0,0,0.1732428,473.8893,434.1792,39.71011,490.3452,0,980.6903,0,-1.421086e-14,-3.099743e-13,4.263256e-14
mpc,2026-01-22 06:30:00,1658,6.5,30.10626,3350.537,376.4757,2.295218,9.278305,1,1,2345.376,2345.059,0,0,0,0,0,0,0,0,0,401.1569,1529.394,0.764697,1.026349,0.3172331,0,250,0.3172331,2345.059,0,0,0,0,9.278305,474.9348,474.8705,0.06423918,476.7494,0,953.4987,0,0,2.644551e-13,4.263256e-14
mpc,2026-01-22 06:45:00,1659,6.75,30.2546,3307.05,407.2253,5.279782,21.78865,1,1,2314.935,2314.618,0,0,0,0,0,0,0,0,0,419.4694,1424.286,0.712143,0.963037,0.3172331,0,250,0.3172331,2314.618,0,0,0,4.264788,21.78865,470.3247,470.2602,0.06445215,474.687,0,956.7307,0,0,2.626788e-13,4.263256e-14
mpc,2026-01-22 07:00:00,1660,7,30.43851,3310.054,415.8595,0,25.66152,1,1,2317.037,2316.72,335.2082,96.692,431.9002,1,429.4271,2.473081,0,0,0,0,1424.062,0.7120308,0.8968519,0.3172331,0,250,0.3172331,1981.512,0,0,0,0,25.66152,472.6946,404.2447,68.44993,506.1719,0,1012.344,0,0,7.960299e-14,4.263256e-14
mpc,2026-01-22 07:15:00,1661,7.25,30.43068,3373.12,415.5728,0,46.32619,1,1,2361.184,2360.867,348.8413,101.1587,450,3,422.5174,7.598404,0,0,19.88425,0,1428.809,0.7144043,0.8967108,0.3172331,0,250,0.3172331,2012.025,0,0,0,0,46.32619,481.6162,410.3975,71.21868,521.0055,0,1042.011,0,-2.842171e-14,6.283862e-14,4.263256e-14
mpc,2026-01-22 07:30:00,1662,7.5,30.48515,3383.538,400.774,0.1721066,52.48285,1,1,2368.476,2368.159,709.5721,205.3294,914.9015,3,403.5451,11.35632,0,0,500,0,1553.584,0.7767918,0.8996998,0.3172331,0,250,0.3172331,1658.587,0,0,0,0,52.48285,483.6948,338.7198,144.975,554.7674,0,1109.535,0,0,4.374279e-14,4.263256e-14
mpc,2026-01-22 07:45:00,1663,7.75,30.52947,3450.493,369.2253,0.14966,65.88035,1,1,2415.345,2415.028,670.7106,193.4285,864.1391,4,359.5706,4.568485,0,0,500,0,1678.339,0.8391695,0.9782688,0.3172331,0,250,0.3172331,1744.317,0,0,9.65467,0,65.88035,493.758,356.5829,137.1752,563.479,0,1143.612,0,-1.136868e-13,3.366196e-13,4.263256e-14
mpc,2026-01-22 08:00:00,1664,8,30.43773,3475.61,320.5668,253.5534,79.36576,1,1,2432.927,2432.61,192.2519,55.30495,247.5568,1,247.5568,0,0,0,0,321.6368,1597.666,0.7988328,1.056825,0.3172331,0,250,0.3172331,2240.358,0,0,0,5.321218,79.36576,496.3283,457.0433,39.28498,528.5393,0,1066.258,0,7.105427e-15,-7.327472e-14,4.263256e-14
mpc,2026-01-22 08:15:00,1665,8.25,30.6355,3504.667,269.7326,254.9,76.35536,1,1,2453.267,2452.95,215.4476,61.97765,277.4252,1,277.4252,0,0,0,0,252.9793,1534.169,0.7670847,1.006027,0.3172331,0,250,0.3172331,2237.502,0,0,0,1.92068,76.35536,502.7088,458.4956,44.21324,536.1195,0,1075.552,0,-1.421086e-14,-4.063416e-14,4.263256e-14
mpc,2026-01-22 08:30:00,1666,8.5,30.92977,3463.22,229.0662,260.9524,75.03718,1,1,2424.254,2423.936,728.0527,236.3132,964.3658,2,231.6866,252.7911,0,0,479.888,0,1653.9,0.8269499,0.9660439,0.3172331,0,250,0.3172331,1695.884,0,0,0,8.161286,75.03718,500.0806,349.8308,150.2498,601.6228,0,1217.324,0,-5.684342e-14,2.512435e-13,4.263256e-14
mpc,2026-01-22 08:45:00,1667,8.75,31.09541,3465.221,180.8351,266.2504,81.32251,1,1,2425.655,2425.338,0,0,0,0,0,0,0,0,0,444.7661,1542.448,0.771224,1.041437,0.3172331,0,250,0.3172331,2425.338,0,0,0,10.81488,81.32251,502.2574,502.1917,0.06568645,519.0304,0,1056.716,0,0,-1.598721e-14,4.263256e-14
mpc,2026-01-22 09:00:00,1668,9,31.11683,3522.954,151.2008,267.7641,75.38979,1,1,2466.068,2465.751,220.7975,79.20254,300,2,152.4544,0,147.5456,0,0,260.5266,1477.073,0.7385367,0.9712569,0.3172331,0,250,0.3172331,2244.953,104.9146,0,0,7.237502,0,510.8746,465.0681,45.80648,544.2707,0,1101.026,0,-2.842171e-14,2.773337e-13,4.263256e-14
mpc,2026-01-22 09:15:00,1669,9.25,31.31054,3569.591,127.278,276.5828,96.8117,1,1,2498.713,2498.396,665.2736,219.5997,884.8734,2,119.42,265.4534,0,0,500,0,1601.841,0.8009205,0.9300915,0.3172331,0,250,0.3172331,1833.123,0,0,7.858064,11.12946,96.8117,519.9326,381.4364,138.4962,621.1807,0,1275.115,0,2.842171e-14,1.155742e-13,4.263256e-14
mpc,2026-01-22 09:30:00,1670,9.5,31.7172,3579.977,102.9042,278.3723,106.2532,1,1,2505.984,2505.667,0,0,0,0,0,0,0,0,0,369.4436,1509.228,0.7546139,1.008656,0.3172331,0,250,0.3172331,2505.667,0,0,0,12.71746,106.2532,526.3447,526.2781,0.06663009,548.595,0,1119.128,0,0,2.757794e-13,4.263256e-14
mpc,2026-01-22 09:45:00,1671,9.75,32.22917,3569.622,86.22028,286.617,110.0357,1,1,2498.735,2498.418,0,0,0,0,0,0,0,0,0,356.9368,1419.756,0.7098781,0.9503387,0.3172331,0,250,0.3172331,2498.418,0,0,0,17.64147,110.0357,531.1044,531.037,0.06742767,554.425,0,1139.282,0,0,3.907985e-13,4.263256e-14
mpc,2026-01-22 10:00:00,1672,10,32.5026,3559.001,71.58783,285.8542,116.1954,1,1,2491.301,2490.983,0,0,0,0,0,0,0,0,0,343.734,1333.599,0.6667996,0.8939996,0.3172331,0,250,0.3172331,2490.983,0,0,0,13.76919,116.1954,532.9312,532.8633,0.0678615,557.7195,0,1139.191,0,0,3.929079e-13,4.263256e-14
mpc,2026-01-22 10:15:00,1673,10.25,32.64452,3570.602,68.33498,282.6593,140.5165,1,1,2499.421,2499.104,0,0,0,0,0,0,0,0,0,337.1504,1249.102,0.6245508,0.8397478,0.3172331,0,250,0.3172331,2499.104,0,0,4.547045,9.296913,140.5165,536.4597,536.3917,0.06808887,566.5512,0,1156.983,0,0,-6.439293e-15,4.263256e-14
mpc,2026-01-22 10:30:00,1674,10.5,32.63792,3587.737,58.35291,284.7429,154.8368,1,1,2511.416,2511.099,0,0,0,0,0,0,0,0,0,330.7516,1166.217,0.5831085,0.786541,0.3172331,0,250,0.3172331,2511.099,0,0,2.16686,10.17733,154.8368,538.9502,538.8821,0.06807827,572.1101,0,1165.514,0,0,3.541611e-14,4.263256e-14
mpc,2026-01-22 10:45:00,1675,10.75,32.69676,3581.821,54.26428,289.654,183.1745,1,1,2507.275,2506.958,514.9193,177.2755,692.1949,4,49.94827,274.1837,0,0,368.0629,0,1258.049,0.6290246,0.7343498,0.3172331,0,250,0.3172331,1992.038,0,0,4.316009,15.47031,183.1745,538.81,428.0864,110.7237,644.7259,0,1323.583,0,-5.684342e-14,4.668488e-13,4.263256e-14
mpc,2026-01-22 11:00:00,1676,11,32.95131,3580.356,70.42451,287.3477,211.283,1,0,2506.249,2505.932,218.1759,96.18263,314.3585,1,0,0,314.3585,0,0,321.0405,1177.591,0.5887955,0.7921751,0.3172331,0,250,0.3172331,2287.756,218.916,0,24.45813,12.2736,0,541.85,494.6119,47.23811,590.7945,0,1244.951,0,-2.842171e-14,-1.252332e-13,4.263256e-14
mpc,2026-01-22 11:15:00,1677,11.25,33.24905,3622.438,56.98891,301.4799,247.9009,1,0,2535.706,2535.389,247.6874,109.1928,356.8802,1,0,0,356.8802,0,0,329.6461,1094.994,0.5474971,0.7415118,0.3172331,0,250,0.3172331,2287.702,247.6776,0,8.036709,20.78599,0.2233004,552.1281,498.1273,54.00087,607.3687,0,1264.457,0,-2.842171e-14,-1.34337e-14,4.263256e-14
mpc,2026-01-22 11:30:00,1678,11.5,33.55136,3677.023,53.16074,293.7092,261.8415,1,0,2573.916,2573.599,263.1462,116.0078,379.154,1,0,0,379.154,0,0,330.0824,1012.301,0.5061506,0.6895018,0.3172331,0,250,0.3172331,2310.452,262.2188,0,2.733968,14.0536,0,564.5357,506.7504,57.78532,622.7582,0,1274.475,0,-1.421086e-14,2.88658e-14,4.263256e-14
mpc,2026-01-22 11:45:00,1679,11.75,33.78552,3700.513,57.122,296.7214,290.9724,0,0,2590.359,2590.042,297.8524,131.3079,429.1603,2,0,0,429.1603,0,0,328.9704,929.8992,0.4649496,0.6374312,0.3172331,0,250,0.3172331,2292.189,295.9987,0,6.977616,17.89539,0,571.37,505.6011,65.76894,0,636.909,3545.906,0,-2.842171e-14,1.19349e-13,4.263256e-14
mpc,2026-01-22 12:00:00,1680,12,33.85253,3713.343,51.678,304.9236,295.9889,0,0,2599.34,2599.023,324.2081,142.9268,467.135,1,0,0,467.135,0,0,326.7812,848.0575,0.4240288,0.5855439,0.3172331,0,250,0.3172331,2274.815,321.9399,0,3.04923,26.77124,0,574.2848,502.5859,71.69896,0,645.5127,3601.76,0,-5.684342e-14,-5.861978e-14,4.263256e-14
mpc,2026-01-22 12:15:00,1681,12.25,33.91589,3757.899,53.74913,304.8495,317.9357,0,0,2630.529,2630.212,363.9377,160.4416,524.3792,2,0,0,524.3792,0,0,331.5402,765.039,0.3825195,0.5340094,0.3172331,0,250,0.3172331,2266.274,361.1257,0,3.870404,23.18806,0,582.0719,501.4711,80.60071,0,661.9127,3687.196,0,-2.842171e-14,1.567635e-13,4.263256e-14
mpc,2026-01-22 12:30:00,1682,12.5,34.20293,3727.258,54.37735,300.9634,330.9362,0,0,2609.081,2608.763,347.0176,152.9824,500,1,0,0,500,0,0,338.194,680.37,0.340185,0.4817338,0.3172331,0,250,0.3172331,2261.746,343.1883,0,0,17.62184,0,581.3877,503.9902,77.39745,0,656.9726,3643.747,0,0,-3.552714e-15,4.263256e-14
mpc,2026-01-22 12:45:00,1683,12.75,34.3587,3730.744,56.87398,293.124,364.6008,0,0,2611.521,2611.203,411.0348,181.2043,592.2391,2,0,0,592.2391,0,0,339.7473,595.3261,0.297663,0.428419,0.3172331,0,250,0.3172331,2200.169,405.761,0,0,13.5121,0,584.1618,492.148,92.01388,0,673.3523,3726.746,0,-5.684342e-14,1.204592e-14,4.263256e-14
mpc,2026-01-22 13:00:00,1684,13,34.78721,3727.691,60.45111,295.099,389.5476,0,0,2609.384,2609.066,452.3324,199.4103,651.7427,2,0,0,651.7427,0,0,346.8138,508.5289,0.2542645,0.3748681,0.3172331,0,250,0.3172331,2156.734,444.2945,0,0,13.02466,0,589.9036,487.5731,102.3305,0,686.9834,3800.876,0,0,2.148282e-14,4.263256e-14
mpc,2026-01-22 13:15:00,1685,13.25,34.84713,3721.839,73.01127,301.8084,409.1564,0,0,2605.287,2604.97,467.4772,206.0869,673.5641,4,0,0,673.5641,0,0,334.8597,424.7339,0.212367,0.3202132,0.3172331,0,250,0.3172331,2137.493,458.8473,0,17.44697,22.51301,0,589.8564,483.9442,105.9121,0,690.0311,3864.102,0,-2.842171e-14,1.272316e-13,4.263256e-14
mpc,2026-01-22 13:30:00,1686,13.5,35.31113,3705.219,73.16063,296.2159,430.522,0,0,2593.653,2593.336,495.4167,218.404,713.8208,2,0,0,713.8208,0,0,331.0309,341.9094,0.1709547,0.2674487,0.3172331,0,250,0.3172331,2097.919,483.6214,0,21.99213,16.35357,0,594.0876,480.5376,113.55,0,698.9416,3910.325,0,-2.842171e-14,7.832623e-14,4.263256e-14
mpc,2026-01-22 13:45:00,1687,13.75,35.4571,3742.47,72.93614,299.1143,462.1093,0,0,2619.729,2619.412,531.3302,234.2364,765.5666,4,0,0,765.5666,0,0,333.2066,258.5539,0.129277,0.2152953,0.3172331,0,250,0.3172331,2088.081,517.7858,0,18.02705,20.81678,0,602.2753,480.0497,122.2257,0,714.2861,3995.579,0,0,-2.731149e-14,4.263256e-14
mpc,2026-01-22 14:00:00,1688,14,35.71035,3760.244,75.0044,303.6059,475.9634,0,1,2632.171,2631.854,1059.865,419.9329,1479.798,4,48.92849,275.4413,806.6765,0,348.7517,0,345.7011,0.1728506,0.1628076,0.3172331,0,250,0.3172331,1571.989,543.9558,0,26.07591,28.16457,0,609.0364,363.7296,245.3069,0,783.6625,4403.708,0,1.136868e-13,-1.137979e-14,4.263256e-14
mpc,2026-01-22 14:15:00,1689,14.25,35.95257,3751.182,70.68207,303.8156,491.8448,0,1,2625.827,2625.51,1200.793,464.0399,1664.833,4,49.16914,272.057,843.607,0,500,0,470.6467,0.2353233,0.2176829,0.3172331,0,250,0.3172331,1424.717,567.224,0,21.51294,31.75863,0,611.3374,331.6984,279.639,0,795.7384,4468.454,0,-1.136868e-13,-8.298917e-14,4.263256e-14
mpc,2026-01-22 14:30:00,1690,14.5,36.10917,3788.189,80.27934,303.8024,491.0859,0,1,2651.732,2651.415,650.6237,279.6993,930.323,2,59.91612,0,870.4069,0,0,269.5522,403.1846,0.2015923,0.2963593,0.3172331,0,250,0.3172331,2000.791,584.1533,0,20.36322,34.25014,0,619.8545,467.694,152.1604,0,747.3933,4204.871,0,5.684342e-14,-8.493206e-15,4.263256e-14
mpc,2026-01-22 14:45:00,1691,14.75,36.03713,3735.997,68.546,299.6825,484.3715,1,1,2615.198,2614.881,1242.012,480.3395,1722.351,4,64.90207,271.696,885.7532,0,500,0,528.1211,0.2640605,0.2538794,0.3172331,0,250,0.3172331,1372.869,594.963,0,3.643932,27.98656,0,610.1842,320.321,289.8632,800.6606,0,1655.884,0,2.273737e-13,-1.237899e-14,4.263256e-14
mpc,2026-01-22 15:00:00,1692,15,36.15503,3725.848,65.37941,298.4522,480.1873,1,1,2608.094,2607.777,1087.07,412.9305,1500,3,57.36093,274.3061,668.333,0,500,0,653.0379,0.326519,0.3325501,0.3172331,0,250,0.3172331,1520.707,448.2909,0,8.018477,24.14618,31.89645,610.3736,355.8919,254.4817,776.2871,0,1608.058,0,-1.136868e-13,4.291012e-14,4.263256e-14
mpc,2026-01-22 15:15:00,1693,15.25,36.52069,3695.091,70.97552,291.3325,509.3342,1,1,2586.563,2586.246,1242.841,480.7668,1723.607,4,64.38199,275.2045,884.0209,0,500,0,777.9351,0.3889676,0.4112084,0.3172331,0,250,0.3172331,1343.406,590.3796,0,6.593534,16.12799,0,611.0872,317.3856,293.7016,798.1524,0,1635.499,0,-5.684342e-14,1.54321e-14,4.263256e-14
mpc,2026-01-22 15:30:00,1694,15.5,36.50449,3735.85,72.14686,290.8902,498.8079,1,1,2615.095,2614.778,1240.545,479.49,1720.035,4,66.60833,276.2769,877.1497,0,500,0,902.8127,0.4514063,0.4898543,0.3172331,0,250,0.3172331,1374.233,585.9045,0,5.53853,14.61323,0,617.5678,324.5319,293.0359,804.0219,0,1642.806,0,0,2.067235e-13,4.263256e-14
mpc,2026-01-22 15:45:00,1695,15.75,36.4028,3716.262,71.42927,287.7032,487.7335,1,1,2601.383,2601.066,1238.377,479.3381,1717.715,4,59.85063,274.5214,883.3431,0,500,0,1027.671,0.5138353,0.5684879,0.3172331,0,250,0.3172331,1362.689,590.7601,0,11.57864,13.18176,0,612.7113,320.9581,291.7532,800.2962,0,1643.304,0,5.684342e-14,-7.049916e-14,4.263256e-14
mpc,2026-01-22 16:00:00,1696,16,36.50014,3709.839,75.93879,279.7939,497.1889,1,1,2596.887,2596.57,1080.304,419.6963,1500,3,73.00835,270.3643,754.2226,0,402.4047,0,1128.11,0.564055,0.6471091,0.3172331,0,250,0.3172331,1516.266,503.8198,0,2.930444,9.42964,0,613.1988,358.0336,255.1653,777.7298,0,1576.781,0,5.684342e-14,8.326673e-15,4.263256e-14
mpc,2026-01-22 16:15:00,1697,16.25,36.55667,3683.429,87.73676,279.881,478.1929,1,1,2578.4,2578.083,1235.489,474.779,1710.268,4,87.47475,268.6114,854.1822,0,500,0,1252.932,0.6264662,0.7103543,0.3172331,0,250,0.3172331,1342.593,570.2065,0,0.2620132,11.26959,0,609.7286,317.4906,292.2381,792.2695,0,1604.431,0,5.684342e-14,3.709255e-13,4.263256e-14
mpc,2026-01-22 16:30:00,1698,16.5,36.48304,3696.508,94.51211,269.9875,457.2465,1,1,2587.555,2587.238,644.9945,272.905,917.8996,3,96.16938,0,821.7302,0,0,268.3399,1185.65,0.5928251,0.7889531,0.3172331,0,250,0.3172331,1942.244,549.0272,0,0,1.647578,0,610.7241,458.4153,152.3088,731.3203,0,1465.483,0,0,-4.106715e-13,4.263256e-14
mpc,2026-01-22 16:45:00,1699,16.75,36.46536,3688.484,111.0398,269.9911,443.7133,1,1,2581.939,2581.622,1214.562,461.9319,1676.494,4,117.9172,260.3478,798.2295,0,500,0,1310.464,0.6552318,0.7465865,0.3172331,0,250,0.3172331,1367.059,533.4385,0,0,9.643334,0,609.1187,322.51,286.6086,784.442,0,1585.519,0,-1.705303e-13,-1.251221e-13,4.263256e-14
mpc,2026-01-22 17:00:00,1700,17,36.46732,3676.376,135.0714,267.3841,448.4648,1,1,2573.463,2573.146,634.2219,262.4913,896.7132,3,143.7873,0,752.9259,0,0,256.2394,1246.197,0.6230987,0.8251797,0.3172331,0,250,0.3172331,1938.924,503.1513,0,0,11.14471,0,607.1502,457.4451,149.7051,719.9365,0,1459.098,0,0,3.053113e-14,4.263256e-14
mpc,2026-01-22 17:15:00,1701,17.25,36.46178,3653.961,159.246,266.7761,429.7801,1,1,2557.773,2557.456,1205.431,452.2655,1657.697,4,165.3369,255.0219,737.3381,0,500,0,1371.001,0.6855006,0.7847122,0.3172331,0,250,0.3172331,1352.024,492.7673,0,0,11.75418,0,603.3616,318.9335,284.4281,771.199,0,1562.674,0,1.136868e-13,-1.620926e-13,4.263256e-14
mpc,2026-01-22 17:30:00,1702,17.5,36.51445,3650.381,199.8689,262.7339,415.8109,1,1,2555.267,2554.95,652.5468,264.7892,917.3359,3,192.3814,0,724.9545,0,0,258.5795,1306.14,0.6530702,0.8632994,0.3172331,0,250,0.3172331,1902.403,484.1858,0,7.487476,4.154309,0,603.5954,449.3784,154.217,714.1675,0,1448.417,0,-1.136868e-13,1.624256e-13,4.263256e-14
mpc,2026-01-22 17:45:00,1703,17.75,36.62004,3634.402,228.915,265.5817,392.32,1,1,2544.082,2543.764,667.0422,266.7785,933.8208,4,229.3765,0,704.4443,0,0,253.8935,1242.461,0.6212307,0.8224575,0.3172331,0,250,0.3172331,1876.722,469.8923,0,0,11.68823,0,602.6065,444.5317,158.0748,711.3103,0,1442.783,0,0,3.758105e-13,4.263256e-14
mpc,2026-01-22 18:00:00,1704,18,36.66527,3620.482,269.7348,0,382.8335,1,1,2534.338,2534.02,1049.235,371.2921,1420.527,4,267.1752,0.5114951,652.8408,0,500,0,1367.266,0.6836329,0.7823598,0.3172331,0,250,0.3172331,1484.785,435.2345,0,2.559595,0,0,601.0068,352.1101,248.8967,723.4022,0,1451.22,0,-1.705303e-13,-1.633138e-13,4.263256e-14
mpc,2026-01-22 18:15:00,1705,18.25,36.68657,3551.683,291.2761,0,348.0193,1,1,2486.178,2485.861,1058.112,371.2914,1429.403,4,300.0756,1.185185,628.1422,0,500,0,1492.051,0.7460253,0.8609473,0.3172331,0,250,0.3172331,1427.749,418.6615,0,0,0,0,589.9137,338.7725,251.1412,710.0639,0,1420.128,0,1.705303e-13,-4.440892e-16,4.263256e-14
mpc,2026-01-22 18:30:00,1706,18.5,36.8641,3562.401,326.8068,0,333.2679,0,0,2493.681,2493.363,417.6729,184.1307,601.8037,2,0,0,601.8037,0,0,330.7,1409.141,0.7045704,0.9395224,0.3172331,0,250,0.3172331,2075.691,400.2519,0,0,0,0,594.4484,494.8071,99.64129,0,678.9378,3734.158,0,0,5.062617e-14,4.263256e-14
mpc,2026-01-22 18:45:00,1707,18.75,36.9455,3563.948,368.4347,0.9290308,319.9517,0,0,2494.764,2494.447,379.6758,167.3797,547.0555,3,0,0,547.0555,0,0,357.2451,1319.608,0.6598038,0.8873153,0.3172331,0,250,0.3172331,2114.771,363.4834,0,14.55309,0,0,595.9787,505.2014,90.77722,0,672.5811,3724.3,0,-5.684342e-14,-3.986811e-13,4.263256e-14
mpc,2026-01-22 19:00:00,1708,19,36.48726,3551.297,382.0673,4.319789,284.4155,0,0,2485.908,2485.591,424.5219,175.4781,600,4,98.11778,0,501.8822,0,0,290.0536,1246.887,0.6234433,0.8309376,0.3172331,0,250,0.3172331,2061.069,335.3085,0,0,0,0,586.7971,486.5141,100.283,0,661.9922,3640.957,0,0,-3.914646e-13,4.263256e-14
mpc,2026-01-22 19:15:00,1709,19.25,36.35015,3512.256,408.3387,2.750634,271.1663,0,0,2458.579,2458.262,312.9092,137.0908,450,3,7.187096,0,442.8129,0,0,387.8872,1149.718,0.5748592,0.7851462,0.3172331,0,250,0.3172331,2145.352,296.3299,0,18.36941,0,0,578.2872,504.6126,73.67462,0,641.7034,3561.056,0,2.842171e-14,2.977618e-13,4.263256e-14
mpc,2026-01-22 19:30:00,1710,19.5,36.04037,3486.405,422.1223,0,245.1224,0,0,2440.484,2440.166,291.7725,128.6276,420.4001,1,0,0,420.4001,0,0,410.7298,1046.855,0.5234275,0.7239609,0.3172331,0,250,0.3172331,2148.394,282.3732,0,17.39904,0,0,569.4667,501.31,68.15673,0,629.9376,3494.67,0,0,3.175238e-13,4.263256e-14
mpc,2026-01-22 19:45:00,1711,19.75,35.83391,3433.551,413.979,0,229.4037,0,0,2403.486,2403.168,275.5234,121.4642,396.9876,2,0,0,396.9876,0,0,400.508,946.5632,0.4732816,0.6591893,0.3172331,0,250,0.3172331,2127.645,267.3032,0,14.78002,0,0,557.8772,493.8514,64.02585,0,615.3156,3409.731,0,0,1.587619e-13,4.263256e-14
mpc,2026-01-22 20:00:00,1712,20,35.80406,3404.006,393.9269,0,203.5063,0,0,2382.804,2382.487,238.0217,104.9317,342.9534,1,0,0,342.9534,0,0,381.3319,851.0812,0.4255406,0.596037,0.3172331,0,250,0.3172331,2144.465,231.0022,0,12.67505,0,0,552.6556,497.3765,55.27914,0,602.3081,3334.559,0,-1.421086e-14,9.003909e-14,4.263256e-14
mpc,2026-01-22 20:15:00,1713,20.25,35.6324,3442.928,375.2351,0,193.8808,0,0,2410.05,2409.733,223.5068,98.53279,322.0396,2,0,0,322.0396,0,0,350.4854,763.3259,0.381663,0.5359134,0.3172331,0,250,0.3172331,2186.226,217.3577,0,26.40642,0,0,556.5374,504.8511,51.68626,0,603.3839,3364.162,0,-1.421086e-14,1.754152e-13,4.263256e-14
mpc,2026-01-22 20:30:00,1714,20.5,35.4184,3416.091,327.5671,0,175.8657,0,0,2391.264,2390.947,196.0334,86.42112,282.4545,1,0,0,282.4545,0,0,327.2478,681.3938,0.3406969,0.4806551,0.3172331,0,250,0.3172331,2194.914,191.1236,0,1.073432,0,0,549.2138,504.117,45.09684,0,590.5381,3249.811,0,-1.421086e-14,-1.514899e-13,4.263256e-14
mpc,2026-01-22 20:45:00,1715,20.75,35.41971,3381.007,299.7747,0,170.4415,0,0,2366.705,2366.388,181.5803,80.0495,261.6298,1,0,0,261.6298,0,0,298.8575,606.5722,0.3032861,0.4290637,0.3172331,0,250,0.3172331,2184.807,177.0298,0,1.120738,0,0,543.5913,501.8125,41.77872,0,581.862,3202.175,0,-2.842171e-14,-1.459943e-13,4.263256e-14
mpc,2026-01-22 21:00:00,1716,21,35.04015,3373.103,275.0302,0,156.8764,0,0,2361.172,2360.855,166.8707,73.56477,240.4354,1,0,0,240.4354,0,0,266.913,539.7484,0.2698742,0.3819496,0.3172331,0,250,0.3172331,2193.984,163.4189,0,8.952957,0,0,537.1691,499.1337,38.03542,0,572.6985,3165.285,0,0,1.024736e-13,4.263256e-14
mpc,2026-01-22 21:15:00,1717,21.25,34.83611,3354.059,242.3157,3.167554,131.0969,0,0,2347.841,2347.524,145.5932,64.18462,209.7778,1,0,0,209.7778,0,0,233.6023,481.2629,0.2406314,0.3398717,0.3172331,0,250,0.3172331,2201.931,142.924,0,10.02088,1.860044,0,531.4229,498.3968,33.02614,0,562.5814,3114.692,0,-1.421086e-14,1.215694e-14,4.263256e-14
mpc,2026-01-22 21:30:00,1718,21.5,34.70596,3312.43,205.6454,1.424063,107.0105,0,0,2318.701,2318.384,136.9372,60.36866,197.3059,1,0,0,197.3059,0,0,199.7423,431.2516,0.2156258,0.3030442,0.3172331,0,250,0.3172331,2181.446,134.6321,0,9.178127,0,0,523.1319,492.1653,30.96656,0,552.534,3054.769,0,0,6.583623e-14,4.263256e-14
mpc,2026-01-22 21:45:00,1719,21.75,34.49766,3318.428,177.8596,0,107.7833,0,0,2322.9,2322.582,112.9767,49.80567,162.7824,1,0,0,162.7824,0,0,176.1597,387.1437,0.1935719,0.2715528,0.3172331,0,250,0.3172331,2209.606,111.3462,0,10.05836,0,0,521.384,495.9547,25.42927,0,545.7604,3019.033,0,-1.421086e-14,-1.169065e-13,4.263256e-14
mpc,2026-01-22 22:00:00,1720,22,34.12709,3297.628,146.5571,0,90.73495,0,0,2308.339,2308.022,108.289,47.7391,156.0281,1,0,0,156.0281,0,0,146.8507,350.3701,0.1751851,0.2437787,0.3172331,0,250,0.3172331,2199.733,107.1887,0,6.426098,0,0,513.4184,489.2623,24.15608,0,537.0014,2964.593,0,-1.421086e-14,3.527734e-14,4.263256e-14
mpc,2026-01-22 22:15:00,1721,22.25,33.90023,3292.614,120.4501,0,95.77618,0,0,2304.83,2304.513,0,0,0,0,0,0,0,0,0,128.579,318.1702,0.1590851,0.2206229,0.3172331,0,250,0.3172331,2304.513,0,0,0,0,95.77618,509.8082,509.738,0.07016918,0,530.9229,2920.076,0,0,1.457168e-14,4.263256e-14
mpc,2026-01-22 22:30:00,1722,22.5,33.77551,3317.232,106.4821,0,86.22086,0,0,2322.062,2321.745,0,0,0,0,0,0,0,0,0,104.6823,291.9496,0.1459748,0.2003471,0.3172331,0,250,0.3172331,2321.745,0,0,4.424119,0,86.22086,512.0659,511.9959,0.06995689,0,531.0096,2928.184,0,0,3.594347e-14,4.263256e-14
mpc,2026-01-22 22:45:00,1723,22.75,33.58593,3311.795,90.05775,2.634596,85.87448,0,0,2318.257,2317.939,0,0,0,0,0,0,0,0,0,94.257,268.3394,0.1341697,0.1838364,0.3172331,0,250,0.3172331,2317.939,0,0,1.104872,0,85.87448,508.8865,508.8169,0.06963666,0,527.6674,2904.077,0,0,-3.996803e-14,4.263256e-14
mpc,2026-01-22 23:00:00,1724,23,33.3869,3334.854,76.2006,4.745593,69.53691,0,0,2334.398,2334.08,0,0,0,0,0,0,0,0,0,86.30948,246.7197,0.1233599,0.1689693,0.3172331,0,250,0.3172331,2334.08,0,0,0,0,69.53691,509.9787,509.9094,0.06930358,0,525.1006,2888.053,0,0,4.277134e-14,4.263256e-14
mpc,2026-01-22 23:15:00,1725,23.25,33.1834,3331.435,56.68036,2.915794,33.89874,0,0,2332.005,2331.687,0,0,0,0,0,0,0,0,0,88.58061,224.5357,0.1122679,0.1553558,0.3172331,0,250,0.3172331,2331.687,0,0,0,0,33.89874,506.9767,506.9077,0.06896632,0,514.2773,2828.525,0,0,-3.330669e-15,4.263256e-14
mpc,2026-01-22 23:30:00,1726,23.5,32.95553,3296.401,64.52184,0,36.4632,1,1,2307.481,2307.164,388.2844,111.7156,500,1,72.65634,0.170745,0,0,427.1729,0,331.2936,0.1656468,0.1413869,0.3172331,0,250,0.3172331,1918.879,0,0,0,0,36.4632,498.9265,414.9026,84.02395,534.5023,0,1069.005,0,1.421086e-14,-1.726397e-14,4.263256e-14
mpc,2026-01-22 23:45:00,1727,23.75,32.54823,3265.308,51.60119,0,27.5487,1,1,2285.716,2285.398,499.2944,153.0773,652.3718,4,63.52319,0.1918793,88.65668,0,500,0,456.2415,0.2281207,0.2086107,0.3172331,0,250,0.3172331,1786.104,62.02548,0,0,0,0,489.4786,382.4884,106.9902,535.5657,0,1071.131,0,8.526513e-14,4.313217e-14,4.263256e-14
mpc,2026-01-23 00:00:00,1728,0,32.2654,3262.237,45.06737,0,17.31347,1,1,2283.566,2283.249,500.3353,153.0635,653.3988,2,67.49704,0.4448589,85.45687,0,500,0,581.1697,0.2905848,0.2872886,0.3172331,0,250,0.3172331,1782.914,59.9802,0,0,0,0,485.7819,379.2783,106.5036,532.3418,0,1064.684,0,2.842171e-14,1.377787e-13,4.263256e-14
mpc,2026-01-23 00:15:00,1729,0.25,32.08134,3229.972,47.90916,0,11.17782,1,1,2260.98,2260.663,441.5636,127.1014,568.6651,3,67.93919,0.7258703,0,0,500,0,706.0782,0.3530391,0.365954,0.3172331,0,250,0.3172331,1819.1,0,0,0,0,11.17782,478.9145,385.3165,93.59795,514.7856,0,1029.571,0,2.842171e-14,1.870171e-13,4.263256e-14
mpc,2026-01-23 00:30:00,1730,0.5,31.43861,3242.768,47.88051,0,13.49761,1,1,2269.938,2269.62,388.2799,111.7201,500,1,69.60051,0.2242553,0,0,430.1752,0,813.5108,0.4067554,0.4446071,0.3172331,0,250,0.3172331,1881.341,0,0,0,0,13.49761,473.7177,392.6206,81.09709,507.1575,0,1014.315,0,-4.263256e-14,-1.835199e-13,4.263256e-14
mpc,2026-01-23 00:45:00,1731,0.75,31.30946,3280.178,38.14212,0.7761792,43.37591,1,1,2296.125,2295.807,436.3783,125.662,562.0404,2,60.82304,1.217333,0,0,500,0,938.3828,0.4691914,0.5122558,0.3172331,0,250,0.3172331,1859.429,0,0,0,0,43.37591,477.7661,386.9007,90.86543,521.5882,0,1043.176,0,2.842171e-14,-7.549517e-15,4.263256e-14
mpc,2026-01-23 01:00:00,1732,1,31.12942,3264.782,37.88318,0,5.379159,1,1,2285.347,2285.03,388.2634,111.7366,500,1,49.17114,0.424298,0,0,450.4046,0,1050.836,0.5254181,0.5908859,0.3172331,0,250,0.3172331,1896.767,0,0,0,0,5.379159,473.5721,393.05,80.52211,505.9013,0,1011.803,0,-4.263256e-14,-3.977929e-13,4.263256e-14
mpc,2026-01-23 01:15:00,1733,1.25,30.77015,3254.833,40.00957,0,8.767409,1,1,2278.383,2278.066,426.588,122.7324,549.3204,3,49.16908,0.1513237,0,0,500,0,1175.671,0.5878354,0.6616961,0.3172331,0,250,0.3172331,1851.478,0,0,0,0,8.767409,468.2941,380.5489,87.74521,505.0833,0,1010.167,0,-4.263256e-14,4.001244e-13,4.263256e-14
mpc,2026-01-23 01:30:00,1734,1.5,30.46419,3299.966,52.66338,3.36647,39.76482,1,1,2309.976,2309.659,417.9959,120.2598,538.2558,2,38.11255,0.1432216,0,0,500,0,1300.486,0.6502428,0.7403026,0.3172331,0,250,0.3172331,1891.663,0,0,14.55083,3.223248,39.76482,471.5258,386.1373,85.38853,514.5142,0,1059.689,0,-1.421086e-14,-5.906386e-14,4.263256e-14
mpc,2026-01-23 01:45:00,1735,1.75,30.23845,3309.007,46.1415,0.265903,25.12697,1,1,2316.305,2315.988,412.3275,118.6372,530.9647,3,30.746,0.2187303,0,0,500,0,1425.281,0.7126405,0.8188968,0.3172331,0,250,0.3172331,1903.66,0,0,15.3955,0.04717264,25.12697,470.4331,386.6265,83.80666,510.3669,0,1047.372,0,-2.842171e-14,7.682743e-14,4.263256e-14
mpc,2026-01-23 02:00:00,1736,2,30.10252,3307.83,40.44226,0.4123687,36.55921,1,1,2315.481,2315.164,388.279,111.721,500,1,48.36035,0.236193,0,0,451.4035,0,1537.907,0.7689537,0.8974785,0.3172331,0,250,0.3172331,1926.885,0,0,0,0.1761757,36.55921,468.8421,390.1586,78.68354,509.2822,0,1018.868,0,-5.684342e-14,2.006173e-13,4.263256e-14
mpc,2026-01-23 02:15:00,1737,2.25,29.8735,3320.216,45.55295,0,12.22316,1,1,2324.151,2323.834,428.4368,123.2531,551.6899,3,51.64298,0.04687815,0,0,500,0,1662.665,0.8313327,0.9683978,0.3172331,0,250,0.3172331,1895.397,0,0,0,0,12.22316,468.2093,381.8351,86.37416,507.5506,0,1015.101,0,-4.263256e-14,-4.307665e-14,4.263256e-14
mpc,2026-01-23 02:30:00,1738,2.5,29.8565,3309.873,43.54796,5.558413,16.17421,1,1,2316.911,2316.594,460.9856,139.0144,600,4,51.12502,0,60.22875,0,488.6462,0,1784.565,0.8922826,1.046956,0.3172331,0,250,0.3172331,1855.608,43.43384,0,0,5.558413,0,466.575,373.6787,92.89625,512.6932,0,1034.975,0,0,2.808864e-13,4.263256e-14
mpc,2026-01-23 02:45:00,1739,2.75,29.751,3338.955,39.43946,0,12.79182,1,1,2337.268,2336.951,345.6801,104.3199,450,3,51.42501,0.2734186,45.61329,0,352.6883,0,1872.456,0.9362282,1.123714,0.3172331,0,250,0.3172331,1991.271,32.93243,0,0,0,0,469.5771,400.0633,69.51381,504.3831,0,1008.766,0,2.842171e-14,4.070078e-13,4.263256e-14
mpc,2026-01-23 03:00:00,1740,3,29.50132,3346.37,48.28352,0,19.09851,1,1,2342.459,2342.142,126.4651,36.54562,163.0107,1,50.10027,1.556643,0,0,111.3538,0,1900,0.95,1.179058,0.3172331,0,250,0.3172331,2215.677,0,0,0,0,19.09851,468.0374,442.7055,25.33187,483.0671,0,966.1342,0,-1.421086e-14,-3.010925e-13,4.263256e-14
mpc,2026-01-23 03:15:00,1741,3.25,29.30748,3266.789,50.65402,0,26.80403,1,1,2286.752,2286.435,0,0,0,0,0,0,0,0,0,45.22623,1888.394,0.9441972,1.196402,0.3172331,0,250,0.3172331,2286.435,0,0,5.806065,0,26.80403,454.9685,454.9054,0.06311617,460.2382,0,930.4919,0,0,3.212985e-13,4.263256e-14
mpc,2026-01-23 03:30:00,1742,3.5,29.21934,3285.693,55.21617,0,50.99512,1,1,2299.985,2299.668,111.9933,38.00672,150,1,55.5425,0.5849567,34.02026,12.24054,47.61173,0,1900,0.95,1.189094,0.3172331,0,250,0.3172331,2187.675,24.70706,0.8171836,0,0,26.28806,456.7202,434.4182,22.30209,477.645,0,954.3707,0,1.421086e-14,6.838974e-14,4.263256e-14
mpc,2026-01-23 03:45:00,1743,3.75,29.21038,3292.637,70.20763,0,44.12064,1,1,2304.846,2304.529,0,0,0,0,0,0,0,0,0,62.5767,1884.057,0.9420284,1.196402,0.3172331,0,250,0.3172331,2304.529,0,0,8.192484,0,44.12064,457.596,457.533,0.06298234,466.2926,0,946.7172,0,0,-1.321165e-13,4.263256e-14
mpc,2026-01-23 04:00:00,1744,4,29.20879,3249.004,77.25402,2.891192,31.41527,1,1,2274.303,2273.985,0,0,0,0,0,0,0,0,0,68.59145,1866.612,0.9333061,1.186363,0.3172331,0,250,0.3172331,2273.985,0,0,10.17303,1.380735,31.41527,451.5163,451.4534,0.06298015,457.6902,0,935.3107,0,0,-1.141309e-13,4.263256e-14
mpc,2026-01-23 04:15:00,1745,4.25,29.12034,3285.074,84.86648,5.799924,33.45949,1,1,2299.552,2299.234,0,0,0,0,0,0,0,0,0,85.76205,1844.878,0.922439,1.175378,0.3172331,0,250,0.3172331,2299.234,0,0,0.1993688,4.704984,33.45949,455.6488,455.586,0.06285873,462.2158,0,932.8917,0,0,4.396483e-13,4.263256e-14
mpc,2026-01-23 04:30:00,1746,4.5,29.08017,3284.137,90.47432,7.352157,31.47314,1,1,2298.896,2298.578,241.6521,69.79392,311.446,2,87.18069,2.615302,0,0,221.65,0,1900,0.95,1.161693,0.3172331,0,250,0.3172331,2056.926,0,0,3.293631,4.736855,31.47314,455.1204,407.2169,47.90351,483.2416,0,980.3359,0,-2.842171e-14,-2.295941e-13,4.263256e-14
mpc,2026-01-23 04:45:00,1747,4.75,29.03331,3271.756,108.2365,4.882982,36.3719,1,1,2290.229,2289.912,0,0,0,0,0,0,0,0,0,118.1348,1870.167,0.9350836,1.196402,0.3172331,0,250,0.3172331,2289.912,0,0,0,3.550799,36.3719,452.9425,452.8798,0.06273972,460.0731,0,926.2713,0,0,-3.206324e-13,4.263256e-14
mpc,2026-01-23 05:00:00,1748,5,29.11318,3223.889,140.3887,0,22.26226,1,1,2256.722,2256.405,0,0,0,0,0,0,0,0,0,160.4803,1829.753,0.9148764,1.177617,0.3172331,0,250,0.3172331,2256.405,0,0,0,0,22.26226,447.0926,447.0298,0.06284892,451.4403,0,902.8806,0,0,-6.306067e-14,4.263256e-14
mpc,2026-01-23 05:15:00,1749,5.25,28.97313,3241.416,178.3127,0.05179664,21.08582,1,1,2268.992,2268.674,0,0,0,0,0,0,0,0,0,199.0366,1779.706,0.8898528,1.152168,0.3172331,0,250,0.3172331,2268.674,0,0,0,0,21.08582,448.1555,448.0928,0.06265769,452.2576,0,904.5152,0,0,3.068656e-13,4.263256e-14
mpc,2026-01-23 05:30:00,1750,5.5,29.05847,3258.212,214.9692,0,25.80847,1,1,2280.748,2280.431,0,0,0,0,0,0,0,0,0,237.4543,1720.062,0.8600309,1.120655,0.3172331,0,250,0.3172331,2280.431,0,0,0,0,25.80847,451.3144,451.2516,0.06277407,456.3586,0,912.7171,0,0,-3.93463e-13,4.263256e-14
mpc,2026-01-23 05:45:00,1751,5.75,28.84034,3290.129,263.3216,0,17.60775,1,1,2303.09,2302.773,0,0,0,0,0,0,0,0,0,278.4922,1650.168,0.825084,1.083098,0.3172331,0,250,0.3172331,2302.773,0,0,0,0,17.60775,453.5819,453.5195,0.06247744,456.9872,0,913.9744,0,0,-6.905587e-14,4.263256e-14
mpc,2026-01-23 06:00:00,1752,6,28.94216,3308.248,311.1074,1.155439,19.47289,1,1,2315.774,2315.456,232.9791,67.02092,300,2,300,0,0,0,0,19.11308,1645.13,0.822565,1.039087,0.3172331,0,250,0.3172331,2082.477,0,0,0,0,19.47289,457.088,411.0399,46.04809,481.9044,0,963.8088,0,-2.842171e-14,2.202683e-13,4.263256e-14
mpc,2026-01-23 06:15:00,1753,6.25,29.03448,3318.341,344.2311,0,31.4681,1,1,2322.838,2322.521,0,0,0,0,0,0,0,0,0,357.7679,1555.429,0.7777145,1.035914,0.3172331,0,250,0.3172331,2322.521,0,0,0,0,31.4681,459.4034,459.3406,0.06274132,465.5643,0,931.1286,0,0,-3.377298e-13,4.263256e-14
mpc,2026-01-23 06:30:00,1754,6.5,29.10951,3309.714,379.6564,0,17.9291,1,1,2316.8,2316.483,0,0,0,0,0,0,0,0,0,388.7723,1457.991,0.7289955,0.9794308,0.3172331,0,250,0.3172331,2316.483,0,0,0,0,17.9291,458.9582,458.8953,0.06284389,462.4471,0,924.8942,0,0,-9.414691e-14,4.263256e-14
mpc,2026-01-23 06:45:00,1755,6.75,28.92365,3317.742,395.4611,0,25.52244,1,1,2322.42,2322.102,146.4066,42.11668,188.5233,1,188.5233,0,0,0,0,227.046,1401,0.7005,0.9180756,0.3172331,0,250,0.3172331,2175.696,0,0,0,0,25.52244,458.2157,429.267,28.94876,476.4192,0,952.8385,0,-7.105427e-15,-3.967937e-13,4.263256e-14
mpc,2026-01-23 07:00:00,1756,7,29.23886,3350.234,398.3598,0,48.29603,1,1,2345.164,2344.847,716.8417,206.3368,923.1785,3,422.0168,1.161789,0,0,500,0,1525.78,0.7628897,0.8821892,0.3172331,0,250,0.3172331,1628.005,0,0,0,0,48.29603,465.8903,323.4195,142.4708,539.3508,0,1078.702,0,0,-4.652945e-13,4.263256e-14
mpc,2026-01-23 07:15:00,1757,7.25,29.47966,3320.65,408.6724,0,70.81763,1,1,2324.455,2324.138,715.9431,206.3294,922.2724,4,418.7493,3.523172,0,0,500,0,1650.539,0.8252696,0.960761,0.3172331,0,250,0.3172331,1608.195,0,0,0,0,70.81763,464.219,321.174,143.045,541.6465,0,1083.293,0,-8.526513e-14,2.076117e-13,4.263256e-14
mpc,2026-01-23 07:30:00,1758,7.5,29.62035,3331.311,395.6079,0,62.69254,1,1,2331.918,2331.601,704.3082,203.1741,907.4822,3,402.156,5.326275,0,0,500,0,1775.28,0.8876397,1.03932,0.3172331,0,250,0.3172331,1627.292,0,0,0,0,62.69254,467.1533,325.9957,141.1577,541.7289,0,1083.458,0,0,-9.081624e-14,4.263256e-14
mpc,2026-01-23 07:45:00,1759,7.75,29.83194,3356.719,347.8123,0.1284431,60.82745,1,1,2349.704,2349.386,673.1962,193.8902,867.0864,4,364.901,2.185388,0,0,500,0,1900,0.95,1.117868,0.3172331,0,250,0.3172331,1676.19,0,0,0,0,60.82745,472.9214,337.3643,135.5571,543.4972,0,1086.994,0,2.842171e-14,1.776357e-15,4.263256e-14
mpc,2026-01-23 08:00:00,1760,8,29.87492,3379.82,303.3712,253.5066,50.86756,1,1,2365.874,2365.557,116.4895,33.51046,150,1,150,0,0,0,0,422.5777,1794.056,0.8970282,1.196402,0.3172331,0,250,0.3172331,2249.067,0,0,0,1.784191,50.86756,476.6296,453.0977,23.53192,496.8559,0,996.7895,0,-1.421086e-14,4.167777e-13,4.263256e-14
mpc,2026-01-23 08:15:00,1761,8.25,30.12185,3420.989,263.9484,261.1881,68.19612,1,1,2394.693,2394.375,444.9367,155.0633,600,4,273.3266,254.6148,0,0,72.05858,0,1811.789,0.9058943,1.129691,0.3172331,0,250,0.3172331,1949.439,0,0,0,6.573345,68.19612,485.0897,394.8952,90.19451,563.7729,0,1138.885,0,0,-3.561596e-13,4.263256e-14
mpc,2026-01-23 08:30:00,1762,8.5,30.51665,3487.773,219.8759,260.0909,85.01587,1,1,2441.441,2441.124,178.9148,51.46828,230.383,1,230.383,0,0,0,0,257.8331,1747.045,0.8735226,1.140857,0.3172331,0,250,0.3172331,2262.209,0,0,0,2.25786,85.01587,498.9489,462.3199,36.62903,531.1626,0,1066.22,0,0,-4.207745e-13,4.263256e-14
mpc,2026-01-23 08:45:00,1763,8.75,30.56437,3489.104,182.0789,270.4846,93.36277,1,1,2442.373,2442.056,143.5133,41.28438,184.7977,1,184.7977,0,0,0,0,261.9602,1681.28,0.8406401,1.100089,0.3172331,0,250,0.3172331,2298.543,0,0,0,8.524321,93.36277,499.6754,470.2497,29.42572,530.6348,0,1075.974,0,7.105427e-15,1.223466e-13,4.263256e-14
mpc,2026-01-23 09:00:00,1764,9,31.12874,3496.375,148.3168,274.3756,105.0025,1,1,2447.462,2447.145,116.4895,33.51046,150,1,150,0,0,0,0,266.8195,1614.311,0.8071553,1.058677,0.3172331,0,250,0.3172331,2330.656,0,0,0,9.326738,105.0025,507.1579,482.9535,24.20445,538.2223,0,1092.533,0,-1.421086e-14,7.527312e-14,4.263256e-14
mpc,2026-01-23 09:15:00,1765,9.25,31.29124,3502.044,123.4676,279.4078,111.5612,1,1,2451.431,2451.113,114.3291,35.67089,150,1,123.8326,0,26.16744,0,0,272.1388,1546.022,0.7730109,1.016508,0.3172331,0,250,0.3172331,2336.784,18.57025,0,0,7.26895,92.99096,509.8689,486.0238,23.8451,541.0357,0,1094.61,0,-1.421086e-14,-2.902123e-13,4.263256e-14
mpc,2026-01-23 09:30:00,1766,9.5,31.62839,3464.904,88.34347,283.0218,147.3159,1,1,2425.433,2425.116,320.8586,129.1414,450,3,103.4714,173.5196,173.009,0,0,99.67034,1520.861,0.7604304,0.9735073,0.3172331,0,250,0.3172331,2104.257,122.3127,0,0,9.831916,25.00319,508.3829,441.0629,67.32008,575.445,0,1167.85,0,0,3.602674e-13,4.263256e-14
mpc,2026-01-23 09:45:00,1767,9.75,31.75741,3526.696,74.34044,285.5288,163.208,1,1,2468.687,2468.37,215.4096,84.59039,300,2,87.19594,30.32876,182.4753,0,0,248.9381,1458.387,0.7291934,0.9576638,0.3172331,0,250,0.3172331,2252.96,128.8167,0,0,6.262007,34.39128,518.9932,473.6409,45.35235,565.4614,0,1141.725,0,-1.421086e-14,2.557954e-13,4.263256e-14
mpc,2026-01-23 10:00:00,1768,10,32.05369,3557.093,67.4431,286.9055,169.914,1,1,2489.965,2489.648,0,0,0,0,0,0,0,0,0,352.0317,1370.149,0.6850747,0.9183248,0.3172331,0,250,0.3172331,2489.648,0,0,0,6.648043,169.914,527.0777,527.0105,0.06715214,562.9781,0,1137.424,0,0,3.592682e-13,4.263256e-14
mpc,2026-01-23 10:15:00,1769,10.25,32.13928,3594.823,50.51651,291.7577,173.7906,1,1,2516.376,2516.059,0,0,0,0,0,0,0,0,0,345.4774,1283.564,0.6417822,0.862763,0.3172331,0,250,0.3172331,2516.059,0,0,0,12.71692,173.7906,533.7322,533.6649,0.06728626,570.5265,0,1162.99,0,0,-6.317169e-14,4.263256e-14
mpc,2026-01-23 10:30:00,1770,10.5,32.31272,3610.952,50.69156,294.4493,198.2529,1,1,2527.667,2527.349,0,0,0,0,0,0,0,0,0,338.1129,1198.834,0.599417,0.8082417,0.3172331,0,250,0.3172331,2527.349,0,0,0,13.70997,198.2529,538.3053,538.2377,0.06755964,580.4587,0,1184.567,0,0,4.808376e-13,4.263256e-14
mpc,2026-01-23 10:45:00,1771,10.75,32.5477,3648.682,58.82758,296.7119,202.588,1,1,2554.077,2553.76,625.5212,210.0582,835.5794,3,52.30994,283.2695,0,0,500,0,1323.645,0.6618227,0.7548882,0.3172331,0,250,0.3172331,1928.239,0,0,6.517644,13.44238,202.588,546.9406,412.921,134.0196,666.3622,0,1367.156,0,-2.842171e-14,2.865486e-13,4.263256e-14
mpc,2026-01-23 11:00:00,1772,11,32.73078,3653.4,51.74114,302.8097,225.2842,1,0,2557.38,2557.063,0,0,0,0,0,0,0,0,0,341.8478,1237.975,0.6189875,0.8334801,0.3172331,0,250,0.3172331,2557.063,0,0,0,20.37185,225.2842,550.0198,549.9516,0.06822783,598.4038,0,1231.949,0,0,-1.397771e-13,4.263256e-14
mpc,2026-01-23 11:15:00,1773,11.25,32.97109,3684.617,53.43479,296.3959,248.7853,1,0,2579.231,2578.914,0,0,0,0,0,0,0,0,0,346.0538,1151.267,0.5756334,0.7795347,0.3172331,0,250,0.3172331,2578.914,0,0,0.08940082,3.687525,248.7853,557.8912,557.8226,0.06861794,611.6352,0,1229.786,0,0,1.232348e-14,4.263256e-14
mpc,2026-01-23 11:30:00,1774,11.5,33.37109,3677.426,52.03706,298.1246,255.7283,0,0,2574.198,2573.881,262.7077,115.8144,378.5221,1,0,0,378.5221,0,0,339.9931,1066.087,0.5330436,0.7249358,0.3172331,0,250,0.3172331,2311.173,262.3276,0,0.03113509,10.13747,0,562.1526,504.7133,57.43929,0,620.5277,3430.443,0,1.421086e-14,3.902434e-13,4.263256e-14
mpc,2026-01-23 11:45:00,1775,11.75,33.47611,3722.017,72.746,295.9047,268.5358,0,0,2605.412,2605.095,294.8698,129.9931,424.8629,2,0,0,424.8629,0,0,343.3027,980.0937,0.4900468,0.6712995,0.3172331,0,250,0.3172331,2310.225,294.0863,0,18.73029,6.617707,0,570.4081,505.7822,64.6259,0,635.7753,3540.49,0,0,2.219336e-13,4.263256e-14
mpc,2026-01-23 12:00:00,1776,12,33.59294,3697.359,73.94224,294.1804,265.118,0,0,2588.151,2587.834,309.3546,136.3787,445.7334,1,0,0,445.7334,0,0,343.8883,893.9674,0.4469837,0.6171506,0.3172331,0,250,0.3172331,2278.479,308.1161,0,23.54344,0.6909405,0,568.2279,500.2395,67.98838,0,636.6182,3543.205,0,0,2.375877e-14,4.263256e-14
mpc,2026-01-23 12:15:00,1777,12.25,33.87125,3727.805,64.91593,296.4842,307.0211,0,0,2609.463,2609.146,339.3328,149.5946,488.9274,1,0,0,488.9274,0,0,347.1249,807.0454,0.4035227,0.5629181,0.3172331,0,250,0.3172331,2269.813,336.8856,0,12.84022,1.435071,0,576.7838,501.7091,75.07469,0,651.3037,3606.795,0,0,1.482148e-13,4.263256e-14
mpc,2026-01-23 12:30:00,1778,12.5,34.06646,3741.821,46.50143,301.9189,327.3118,0,0,2619.275,2618.958,347.0176,152.9824,500,1,0,0,500,0,0,348.3472,719.8316,0.3599158,0.5081847,0.3172331,0,250,0.3172331,2271.94,343.7342,0,0,8.233751,0,581.7134,504.574,77.13941,0,657.5564,3630.763,0,0,-1.135758e-13,4.263256e-14
mpc,2026-01-23 12:45:00,1779,12.75,34.20099,3768.55,51.70219,297.1964,348.0784,0,0,2637.985,2637.668,387.3949,170.7827,558.1776,2,0,0,558.1776,0,0,346.1107,633.1906,0.3165953,0.4532674,0.3172331,0,250,0.3172331,2250.273,383.1287,0,0,9.520077,0,587.8005,501.4098,86.39072,0,672.1925,3713.481,0,-2.842171e-14,4.263256e-14,4.263256e-14
mpc,2026-01-23 13:00:00,1780,13,34.4794,3761.661,49.56371,297.1454,376.0008,0,0,2633.162,2632.845,347.0176,152.9824,500,1,0,0,500,0,0,352.4668,544.9742,0.2724871,0.3987108,0.3172331,0,250,0.3172331,2285.828,342.0824,0,0,7.277461,33.91837,590.7573,512.8317,77.92553,0,673.4238,3716.385,0,0,2.420841e-13,4.263256e-14
mpc,2026-01-23 13:15:00,1781,13.25,34.66022,3744.505,63.87932,293.9234,398.6229,0,0,2621.154,2620.836,439.0158,193.5397,632.5556,4,0,0,632.5556,0,0,357.6546,455.4747,0.2277374,0.3431623,0.3172331,0,250,0.3172331,2181.821,431.8572,0,0,1.633752,0,590.6991,491.6916,99.00741,0,685.2314,3771.591,0,0,1.103562e-13,4.263256e-14
mpc,2026-01-23 13:30:00,1782,13.5,34.9514,3734.756,74.21369,289.9746,422.4275,0,0,2614.33,2614.012,464.8566,204.9316,669.7882,2,0,0,669.7882,0,0,352.767,367.2113,0.1836057,0.2868058,0.3172331,0,250,0.3172331,2149.156,455.7164,0,10.8965,0.5247563,0,593.4447,487.8517,105.593,0,692.7833,3830.01,0,-5.684342e-14,-2.187139e-14,4.263256e-14
mpc,2026-01-23 13:45:00,1783,13.75,35.18424,3732.732,78.99482,293.2613,454.5064,0,0,2612.912,2612.595,499.4198,220.1688,719.5886,4,0,0,719.5886,0,0,355.2165,278.3494,0.1391747,0.2312276,0.3172331,0,250,0.3172331,2113.175,488.2596,0,14.098,2.941661,0,596.5916,482.4894,114.1021,0,702.6582,3894.014,0,-2.842171e-14,-1.299516e-13,4.263256e-14
mpc,2026-01-23 14:00:00,1784,14,35.38642,3733.45,74.25742,296.1017,487.1384,0,1,2613.415,2613.097,570.0845,243.7874,813.8719,3,63.33109,0,750.5408,0,0,291.4601,205.4405,0.1027203,0.1752725,0.3172331,0,250,0.3172331,2043.013,508.0476,0,10.92633,4.641597,0,599.7517,468.8504,130.9013,0,712.6378,3946.363,0,-8.526513e-14,2.969847e-14,4.263256e-14
mpc,2026-01-23 14:15:00,1785,14.25,35.59561,3711,58.44601,302.7056,489.7112,0,1,2597.7,2597.383,1179.375,453.1769,1632.552,4,61.11519,289.9963,781.4408,0,500,0,330.4082,0.1652041,0.1293629,0.3172331,0,250,0.3172331,1418.007,527.6562,0,0,12.70923,0,599.3103,327.1457,272.1646,0,780.3226,4313.698,0,-1.705303e-13,-1.085243e-14,4.263256e-14
mpc,2026-01-23 14:30:00,1786,14.5,35.9353,3708.124,65.68154,296.209,506.6361,1,1,2595.687,2595.37,1088.219,411.7809,1500,3,71.28502,288.8566,639.8584,0,500,0,455.3562,0.2276781,0.2080532,0.3172331,0,250,0.3172331,1507.151,430.316,0,0,7.352356,76.32009,604.0532,350.7353,253.3178,780.277,0,1573.237,0,5.684342e-14,-1.402767e-13,4.263256e-14
mpc,2026-01-23 14:45:00,1787,14.75,36.29847,3662.79,63.18451,292.4678,529.8161,1,1,2563.953,2563.635,1191.248,457.6987,1648.946,4,67.1004,287.5698,794.2761,0,500,0,580.2845,0.2901422,0.2867311,0.3172331,0,250,0.3172331,1372.388,531.857,0,0,4.898001,0,602.2671,322.3711,279.8961,780.0697,0,1568.589,0,-5.684342e-14,-1.400546e-13,4.263256e-14
mpc,2026-01-23 15:00:00,1788,15,36.45441,3662.147,73.21654,288.6572,544.5797,1,1,2563.503,2563.186,1087.443,412.5572,1500,3,61.88289,288.0871,650.03,0,500,0,705.1931,0.3525966,0.3653966,0.3172331,0,250,0.3172331,1475.743,434.4572,0,11.33365,0.5701495,110.1225,604.5976,348.0513,256.5462,786.5807,0,1593.695,0,1.136868e-13,-1.322831e-13,4.263256e-14
mpc,2026-01-23 15:15:00,1789,15.25,36.48376,3664.079,68.89861,292.5874,536.7004,1,1,2564.855,2564.538,1205.233,463.7466,1668.98,4,68.08968,284.622,816.2682,0,500,0,830.0821,0.4150411,0.4440498,0.3172331,0,250,0.3172331,1359.305,545.3732,0,0.8089293,7.965461,0,605.3776,320.8339,284.5436,784.5806,0,1584.297,0,-5.684342e-14,1.360578e-13,4.263256e-14
mpc,2026-01-23 15:30:00,1790,15.5,36.43815,3718.382,57.94145,286.2966,519.4548,1,1,2602.867,2602.55,1198.377,460.5421,1658.92,4,69.62054,284.9203,804.3787,0,500,0,954.9515,0.4774757,0.5226905,0.3172331,0,250,0.3172331,1404.173,537.723,0,0,1.376311,0,613.6227,331.032,282.5908,791.5741,0,1585.522,0,5.684342e-14,1.563194e-13,4.263256e-14
mpc,2026-01-23 15:45:00,1791,15.75,36.28656,3748.678,52.02173,282.6528,509.7136,1,1,2624.075,2623.758,1188.819,456.7438,1645.563,4,66.12816,282.3923,797.0424,0,500,0,1079.801,0.5399006,0.6013189,0.3172331,0,250,0.3172331,1434.938,533.7853,0,0,0.2604205,0,616.2001,336.9604,279.2397,793.7041,0,1587.858,0,-1.705303e-13,-4.320988e-13,4.263256e-14
mpc,2026-01-23 16:00:00,1792,16,36.26123,3759.856,57.43201,281.1648,482.2217,1,1,2631.899,2631.582,1088.487,411.5134,1500,3,74.52525,276.0925,649.3823,0,500,0,1204.631,0.6023156,0.6799349,0.3172331,0,250,0.3172331,1543.095,435.0278,0,0,5.072298,47.19394,617.6333,362.1214,255.5119,784.7099,0,1578.169,0,-5.684342e-14,-4.781731e-13,4.263256e-14
mpc,2026-01-23 16:15:00,1793,16.25,36.26414,3752.881,82.69613,281.2194,467.1887,1,1,2627.016,2626.699,1186.669,453.2446,1639.913,4,87.57384,275.3319,777.0074,0,500,0,1329.441,0.6647207,0.7585386,0.3172331,0,250,0.3172331,1440.031,520.5071,0,0,5.887492,0,616.5338,337.9604,278.5734,791.205,0,1592.566,0,1.705303e-13,4.08118e-13,4.263256e-14
mpc,2026-01-23 16:30:00,1794,16.5,36.35615,3722.435,88.36672,281.008,460.0928,1,1,2605.704,2605.387,1090.194,409.8057,1500,3,95.2092,269.8019,634.9888,0,500,0,1454.232,0.7271161,0.8371298,0.3172331,0,250,0.3172331,1515.193,424.9033,0,0,11.20602,35.18952,612.9881,356.4468,256.5412,774.5308,0,1568.392,0,-5.684342e-14,3.641532e-14,4.263256e-14
mpc,2026-01-23 16:45:00,1795,16.75,36.19373,3650.508,111.7735,277.4219,453.0449,1,1,2555.356,2555.038,590.4106,246.6997,837.1102,4,114.1762,0,722.934,0,0,266.1838,1387.457,0.6937287,0.9157087,0.3172331,0,250,0.3172331,1964.628,484.6912,0,0,11.23812,0,598.6276,460.2414,138.3862,706.9411,0,1433.268,0,0,5.850875e-14,4.263256e-14
mpc,2026-01-23 17:00:00,1796,17,36.44817,3624.508,132.5067,272.8823,462.1898,1,1,2537.156,2536.838,598.1937,247.1912,845.385,2,138.8875,0,706.4975,0,0,262.8763,1321.52,0.6607599,0.8736616,0.3172331,0,250,0.3172331,1938.645,472.2332,0,0,10.00606,0,598.2868,457.1519,141.1349,704.3431,0,1425.947,0,0,-3.845813e-13,4.263256e-14
mpc,2026-01-23 17:15:00,1797,17.25,36.63485,3597.605,173.7325,273.7341,450.235,1,1,2518.324,2518.006,1170.653,437.344,1607.997,4,161.8854,262.0315,684.0797,0,500,0,1446.312,0.7231559,0.8321417,0.3172331,0,250,0.3172331,1347.354,456.2273,0,11.84708,11.70262,0,596.7356,319.2656,277.4701,756.6095,0,1553.842,0,-5.684342e-14,4.607426e-14,4.263256e-14
mpc,2026-01-23 17:30:00,1798,17.5,36.82564,3563.654,203.9952,271.9185,442.7917,1,1,2494.558,2494.241,615.5679,248.0178,863.5856,2,196.3263,0,667.2593,0,0,261.4235,1380.728,0.6903641,0.9107213,0.3172331,0,250,0.3172331,1878.673,443.991,0,7.66893,10.49497,0,594.0584,447.3904,146.6679,695.4082,0,1422.149,0,0,4.601874e-13,4.263256e-14
mpc,2026-01-23 17:45:00,1799,17.75,36.76801,3575.226,228.8154,265.4703,400.7921,1,1,2502.658,2502.341,621.4212,246.7162,868.1374,4,228.9591,0,639.1783,0,0,260.8585,1315.296,0.6576481,0.8694243,0.3172331,0,250,0.3172331,1880.92,425.6007,0,0,4.611736,0,595.0891,447.2504,147.8387,693.9666,0,1395.889,0,-5.684342e-14,3.260725e-13,4.263256e-14
mpc,2026-01-23 18:00:00,1800,18,36.79243,3550.281,265.7957,5.18786,370.569,0,1,2485.197,2484.88,1019.171,357.8845,1377.055,4,268.4663,0.2053834,608.3835,0,500,0,1440.089,0.7200446,0.8282228,0.3172331,0,250,0.3172331,1465.709,404.9769,0,0,4.982476,0,591.3147,348.7431,242.5716,0,706.6276,3895.047,0,-1.136868e-13,-3.592682e-13,4.263256e-14
mpc,2026-01-23 18:15:00,1801,18.25,36.64423,3512.461,310.3299,8.891062,339.5236,0,1,2458.723,2458.406,1012.575,351.7951,1364.37,4,295.2112,0.4959879,568.6624,0,500,0,1564.862,0.7824313,0.9068031,0.3172331,0,250,0.3172331,1445.831,379.2103,0,15.11869,8.395074,0,582.7553,342.6843,240.071,0,694.4794,3860.198,0,-1.136868e-13,-3.413936e-13,4.263256e-14
mpc,2026-01-23 18:30:00,1802,18.5,36.80545,3455.981,342.1152,5.499319,326.5348,0,0,2419.186,2418.869,378.5215,166.8709,545.3924,2,0,0,545.3924,0,0,328.5928,1482.468,0.741234,0.985371,0.3172331,0,250,0.3172331,2040.348,362.9894,0,14.24554,4.77614,0,575.8048,485.6352,90.16964,0,652.5061,3621.596,0,-2.842171e-14,-3.527179e-13,4.263256e-14
mpc,2026-01-23 18:45:00,1803,18.75,36.58765,3486.404,368.7544,0.2461607,297.3683,0,0,2440.483,2440.166,354.0443,156.0801,510.1243,3,0,0,510.1243,0,0,363.8976,1391.26,0.6956301,0.9334883,0.3172331,0,250,0.3172331,2086.121,340.4053,0,6.889019,0,0,577.5801,493.7146,83.86543,0,649.7947,3585.754,0,-2.842171e-14,2.471357e-13,4.263256e-14
mpc,2026-01-23 19:00:00,1804,19,36.44668,3496.694,375.3372,5.283048,264.1301,0,0,2447.686,2447.369,318.5102,140.4149,458.9251,1,0,0,458.9251,0,0,387.2358,1294.232,0.6471161,0.8760562,0.3172331,0,250,0.3172331,2128.858,306.7578,0,0,0.6146403,0,577.1666,501.9868,75.17981,0,642.4017,3534.27,0,-2.842171e-14,-3.650413e-13,4.263256e-14
mpc,2026-01-23 19:15:00,1805,19.25,36.54243,3474.807,398.1406,8.521225,206.6418,0,0,2432.365,2432.047,292.3632,128.888,421.2513,2,0,0,421.2513,0,0,403.7843,1193.082,0.5965412,0.8149591,0.3172331,0,250,0.3172331,2139.684,281.2529,0,0,4.655753,0,574.9818,505.7957,69.18615,0,634.6837,3498.792,0,0,-1.317835e-13,4.263256e-14
mpc,2026-01-23 19:30:00,1806,19.5,36.75839,3466.742,403.042,6.05222,206.9782,0,0,2426.72,2426.403,270.0224,119.0391,389.0616,1,0,0,389.0616,0,0,416.9507,1088.657,0.5443285,0.7512665,0.3172331,0,250,0.3172331,2156.38,259.0889,0,0,3.302011,0,576.887,512.6211,64.26595,0,631.6602,3479.827,0,-1.421086e-14,3.889111e-13,4.263256e-14
mpc,2026-01-23 19:45:00,1807,19.75,36.61883,3443.269,404.9585,1.648056,188.6194,0,0,2410.288,2409.971,253.3745,111.6999,365.0745,2,0,0,365.0745,0,0,407.7518,986.5476,0.4932738,0.6855113,0.3172331,0,250,0.3172331,2156.597,243.5227,0,0,1.055484,0,570.8974,510.8084,60.08907,0,622.5083,3425.616,0,-1.421086e-14,-5.706546e-14,4.263256e-14
mpc,2026-01-23 20:00:00,1808,20,36.42312,3443.911,386.7552,6.273502,193.3084,0,0,2410.738,2410.42,221.7105,97.74084,319.4513,1,0,0,319.4513,0,0,388.1144,889.3637,0.4446819,0.6212146,0.3172331,0,250,0.3172331,2188.71,213.5899,0,0,6.261309,0,568.107,515.7847,52.32236,0,613.5255,3385.191,0,-1.421086e-14,-1.6942e-13,4.263256e-14
mpc,2026-01-23 20:15:00,1809,20.25,35.94239,3431.108,360.0874,0.8129952,182.356,0,0,2401.776,2401.458,209.7593,92.47217,302.2314,2,0,0,302.2314,0,0,363.993,798.2255,0.3991127,0.5600193,0.3172331,0,250,0.3172331,2191.699,203.2388,0,0,0.05335574,0,559.0287,510.132,48.89665,0,602.6042,3314.415,0,0,1.612044e-13,4.263256e-14
mpc,2026-01-23 20:30:00,1810,20.5,36.00179,3398.242,344.4177,5.270956,184.3241,0,0,2378.769,2378.452,187.1817,82.51887,269.7006,1,0,0,269.7006,0,0,327.3813,716.2545,0.3581272,0.5026309,0.3172331,0,250,0.3172331,2191.27,181.2349,0,17.36426,4.943081,3.089165,554.5172,510.8091,43.70805,0,594.0481,3305.745,0,-1.421086e-14,1.432188e-14,4.263256e-14
mpc,2026-01-23 20:45:00,1811,20.75,35.86321,3365.148,301.2783,1.863609,136.9826,0,0,2355.604,2355.287,177.8065,78.38582,256.1923,1,0,0,256.1923,0,0,299.3108,641.314,0.320657,0.451015,0.3172331,0,250,0.3172331,2177.48,172.4416,0,2.035141,1.795886,0,547.1727,505.7971,41.37556,0,584.1829,3219.615,0,-1.421086e-14,1.494915e-13,4.263256e-14
mpc,2026-01-23 21:00:00,1812,21,35.42757,3319.485,262.0928,0.1380088,129.4281,0,0,2323.639,2323.322,163.1256,71.91375,235.0393,1,0,0,235.0393,0,0,271.3935,573.3647,0.2866823,0.403826,0.3172331,0,250,0.3172331,2160.196,159.0228,0,0,0,0,533.8058,496.2584,37.54745,0,568.1722,3124.947,0,-1.421086e-14,1.680878e-13,4.263256e-14
mpc,2026-01-23 21:15:00,1813,21.25,35.3432,3305.321,232.0032,0.8723302,120.9872,0,0,2313.725,2313.407,138.8291,61.2027,200.0318,1,0,0,200.0318,0,0,240.2608,513.2092,0.2566046,0.3610393,0.3172331,0,250,0.3172331,2174.578,135.4725,0,0,0,0,530.3973,498.4995,31.89786,0,559.7022,3078.362,0,-1.421086e-14,-7.238654e-14,4.263256e-14
mpc,2026-01-23 21:30:00,1814,21.5,35.21391,3331.426,182.8171,2.076682,111.0667,0,0,2331.998,2331.681,121.375,53.50805,174.883,1,0,0,174.883,0,0,203.7998,462.1785,0.2310892,0.3231603,0.3172331,0,250,0.3172331,2210.306,118.6212,0,0,0,0,532.8492,505.0431,27.80602,0,558.5512,3072.032,0,0,-1.021405e-13,4.263256e-14
mpc,2026-01-23 21:45:00,1815,21.75,34.94878,3274.101,158.026,0,105.2719,0,0,2291.871,2291.554,110.9306,48.90365,159.8342,1,0,0,159.8342,0,0,177.1721,417.8127,0.2089063,0.291027,0.3172331,0,250,0.3172331,2180.623,108.7528,0,0,0,0,520.2137,494.9624,25.25126,0,543.8661,2991.263,0,0,1.084133e-13,4.263256e-14
mpc,2026-01-23 22:00:00,1816,22,34.65015,3285.538,146.2249,0,98.45044,0,0,2299.876,2299.559,0,0,0,0,0,0,0,0,0,146.8042,381.0459,0.1905229,0.2630905,0.3172331,0,250,0.3172331,2299.559,0,0,2.509505,0,98.45044,518.1671,518.0956,0.0714733,0,540.2767,2975.851,0,0,5.850875e-14,4.263256e-14
mpc,2026-01-23 22:15:00,1817,22.25,34.5133,3293.284,114.8361,0,82.05334,0,0,2305.299,2304.982,0,0,0,0,0,0,0,0,0,124.1933,349.9376,0.1749688,0.239939,0.3172331,0,250,0.3172331,2304.982,0,0,0,0,82.05334,517.6333,517.562,0.07123171,0,535.9864,2947.925,0,0,-6.07292e-14,4.263256e-14
mpc,2026-01-23 22:30:00,1818,22.5,34.30482,3270.382,86.86177,0,70.92302,0,0,2289.267,2288.95,0,0,0,0,0,0,0,0,0,105.6698,323.465,0.1617325,0.2203506,0.3172331,0,250,0.3172331,2288.95,0,0,0,0,70.92302,511.4001,511.3293,0.07086679,0,527.1728,2899.45,0,0,-8.537615e-14,4.263256e-14
mpc,2026-01-23 22:45:00,1819,22.75,34.12415,3225.719,74.18391,0,50.69232,0,0,2258.003,2257.686,0,0,0,0,0,0,0,0,0,93.33134,300.0813,0.1500406,0.2036812,0.3172331,0,250,0.3172331,2257.686,0,0,0,0,50.69232,502.1865,502.1159,0.07055356,0,513.3901,2823.645,0,0,9.814372e-14,4.263256e-14
mpc,2026-01-23 23:00:00,1820,23,34.03518,3214.617,77.04485,0,54.65677,1,0,2250.231,2249.914,0,0,0,0,0,0,0,0,0,83.2875,279.2122,0.1396061,0.1889568,0.3172331,0,250,0.3172331,2249.914,0,0,0,0,54.65677,499.3711,499.3007,0.07040033,511.4302,0,1022.86,0,0,-6.569745e-14,4.263256e-14
mpc,2026-01-23 23:15:00,1821,23.25,33.9371,3205.126,64.7438,0,49.38289,1,0,2243.588,2243.271,0,0,0,0,0,0,0,0,0,72.67619,260.9992,0.1304996,0.1758158,0.3172331,0,250,0.3172331,2243.271,0,0,0,0,49.38289,496.7076,496.6374,0.07023219,507.5703,0,1015.141,0,0,-1.048606e-13,4.263256e-14
mpc,2026-01-23 23:30:00,1822,23.5,33.77922,3227.49,47.25311,0,50.12862,1,1,2259.243,2258.926,441.207,126.9281,568.1351,3,68.07483,0.06025565,0,0,500,0,385.9581,0.192979,0.1643474,0.3172331,0,250,0.3172331,1817.719,0,0,0,0,50.12862,498.2578,400.8832,97.3746,538.8668,0,1077.734,0,-4.263256e-14,7.455148e-14,4.263256e-14
mpc,2026-01-23 23:45:00,1823,23.75,33.59701,3243.108,55.06533,0,54.21974,1,1,2270.175,2269.858,432.5078,124.4271,556.9349,3,56.86086,0.0740475,0,0,500,0,510.8973,0.2554487,0.2430321,0.3172331,0,250,0.3172331,1837.35,0,0,0,0,54.21974,498.4654,403.4294,95.03597,539.7616,0,1079.523,0,-2.842171e-14,-2.889355e-14,4.263256e-14
mpc,2026-01-24 00:00:00,1824,0,33.17248,3234.621,52.12046,0,26.95316,1,1,2264.235,2263.917,431.2907,124.0899,555.3805,2,55.18469,0.1958647,0,0,500,0,635.8169,0.3179085,0.3217045,0.3172331,0,250,0.3172331,1832.627,0,0,0,0,26.95316,492.115,398.3081,93.80685,528.2561,0,1056.512,0,5.684342e-14,2.153833e-13,4.263256e-14
mpc,2026-01-24 00:15:00,1825,0.25,32.77379,3250.125,52.95437,2.449237,28.71598,1,1,2275.088,2274.77,432.8298,124.544,557.3738,2,57.07132,0.302446,0,0,500,0,760.7168,0.3803584,0.4003646,0.3172331,0,250,0.3172331,1841.941,0,0,0,2.14679,28.71598,489.8051,396.5526,93.25252,527.2789,0,1058.261,0,2.842171e-14,-1.332823e-13,4.263256e-14
mpc,2026-01-24 00:30:00,1826,0.5,32.63197,3225.317,73.42936,0.06234449,26.66669,1,1,2257.722,2257.405,433.3172,124.662,557.9792,2,57.88577,0.09343972,0,0,500,0,885.597,0.4427985,0.4790122,0.3172331,0,250,0.3172331,1824.087,0,0,15.54359,0,26.66669,484.4394,391.3945,93.04496,521.7783,0,1070.369,0,-7.105427e-14,-4.890532e-14,4.263256e-14
mpc,2026-01-24 00:45:00,1827,0.75,32.47062,3227.691,64.51827,0,15.47303,1,1,2259.383,2259.066,426.5743,122.815,549.3893,3,48.42372,0.9655535,0,0,500,0,1010.458,0.5052288,0.5576475,0.3172331,0,250,0.3172331,1832.492,0,0,16.09455,0,15.47303,482.9567,391.7061,91.25061,517.8285,0,1063.42,0,-4.263256e-14,5.095924e-14,4.263256e-14
mpc,2026-01-24 01:00:00,1828,1,32.29666,3257.586,46.69485,5.967747,13.00185,1,1,2280.31,2279.993,388.2836,111.7164,500,1,42.92201,0.1803407,0,0,456.8976,0,1124.523,0.5622615,0.6362704,0.3172331,0,250,0.3172331,1891.71,0,0,3.77284,5.787407,13.00185,485.4443,402.717,82.72736,517.2013,0,1050.894,0,2.842171e-14,9.992007e-15,4.263256e-14
mpc,2026-01-24 01:15:00,1829,1.25,32.17007,3243.591,54.85631,1.321524,35.52676,1,1,2270.514,2270.196,422.5515,121.559,544.1105,2,44.07395,0.03656721,0,0,500,0,1249.346,0.624673,0.7080956,0.3172331,0,250,0.3172331,1847.645,0,0,10.78236,1.284957,35.52676,481.9301,392.1737,89.75643,521.2735,0,1063.363,0,-2.842171e-14,3.161915e-13,4.263256e-14
mpc,2026-01-24 01:30:00,1830,1.5,31.86812,3238.624,64.3967,0,18.67701,1,1,2267.037,2266.72,388.1411,111.8589,500,1,46.07119,1.906013,0,0,452.0228,0,1362.155,0.6810775,0.7866948,0.3172331,0,250,0.3172331,1878.579,0,0,18.32552,0,18.67701,477.8235,395.9481,81.87539,511.7436,0,1055.099,0,-4.263256e-14,2.63567e-13,4.263256e-14
mpc,2026-01-24 01:45:00,1831,1.75,31.72126,3201.035,61.42392,0,7.148655,1,1,2240.724,2240.407,418.7867,120.4964,539.2832,3,39.05381,0.2293639,0,0,500,0,1486.941,0.7434703,0.857729,0.3172331,0,250,0.3172331,1821.62,0,0,22.37011,0,7.148655,470.675,382.6402,88.03481,504.6382,0,1047.865,0,5.684342e-14,8.315571e-14,4.263256e-14
mpc,2026-01-24 02:00:00,1832,2,31.38078,3201.365,63.17031,0,8.479094,1,1,2240.956,2240.639,388.2732,111.7268,500,1,43.91431,0.3065373,0,0,455.7792,0,1600.651,0.8003256,0.9363047,0.3172331,0,250,0.3172331,1852.365,0,0,19.25599,0,8.479094,467.0493,386.0612,80.98816,499.5552,0,1032.327,0,0,-4.662937e-14,4.263256e-14
mpc,2026-01-24 02:15:00,1833,2.25,31.18932,3222.164,63.05775,0,6.82602,1,1,2255.515,2255.198,388.2969,111.7031,500,1,48.19006,0.01875126,0,0,451.7912,0,1713.347,0.8566735,1.007907,0.3172331,0,250,0.3172331,1866.901,0,0,14.86769,0,6.82602,468.0293,387.3902,80.63914,500.5097,0,1026.666,0,-1.421086e-14,3.641532e-14,4.263256e-14
mpc,2026-01-24 02:30:00,1834,2.5,31.12169,3214.248,64.65969,0,7.295816,1,1,2249.974,2249.657,388.0461,111.9539,500,1,46.94765,3.057127,0,0,449.9952,0,1825.576,0.9127881,1.078869,0.3172331,0,250,0.3172331,1861.611,0,0,17.71204,0,7.295816,466.1598,385.6969,80.46288,499.1625,0,1028.878,0,-2.842171e-14,-3.170797e-13,4.263256e-14
mpc,2026-01-24 02:45:00,1835,2.75,30.85551,3259.35,75.69404,0.9159332,16.70544,1,1,2281.545,2281.228,0,0,0,0,0,0,0,0,0,44.93727,1814.054,0.9070272,1.149539,0.3172331,0,250,0.3172331,2281.228,0,0,30.85276,0.8199353,16.70544,469.8507,469.7854,0.06532949,473.2256,0,1001.087,0,0,-1.671996e-13,4.263256e-14
mpc,2026-01-24 03:00:00,1836,3,30.94539,3275.023,57.15855,6.407677,27.96395,1,1,2292.516,2292.199,267.8236,77.11809,344.9416,1,49.11277,0.6912123,0,0,295.1377,0,1887.553,0.9437767,1.142284,0.3172331,0,250,0.3172331,2024.375,0,0,8.045785,5.716465,27.96395,473.0732,417.7409,55.33232,500.6295,0,1024.999,0,4.263256e-14,2.49134e-13,4.263256e-14
mpc,2026-01-24 03:15:00,1837,3.25,30.93857,3273.331,56.6282,18.36897,14.53461,1,1,2291.332,2291.015,0,0,0,0,0,0,0,0,0,48.11155,1875.228,0.9376141,1.188565,0.3172331,0,250,0.3172331,2291.015,0,0,8.665039,18.22058,14.53461,472.7557,472.6902,0.06545265,475.689,0,997.7558,0,0,-9.681145e-14,4.263256e-14
mpc,2026-01-24 03:30:00,1838,3.5,30.97476,3295.782,63.44472,18.07473,0,1,1,2307.047,2306.73,120.9735,34.82904,155.8025,1,55.26517,0.2697153,0,0,100.2677,0,1900,0.95,1.180804,0.3172331,0,250,0.3172331,2185.756,0,0,8.179558,17.80502,0,476.3894,451.3437,25.0457,486.1727,0,1017.169,0,-3.552714e-14,2.278178e-13,4.263256e-14
mpc,2026-01-24 03:45:00,1839,3.75,30.81734,3322.255,76.33153,14.78498,0,1,1,2325.578,2325.261,0,0,0,0,0,0,0,0,0,66.56432,1883.06,0.9415299,1.196402,0.3172331,0,250,0.3172331,2325.261,0,0,10.02518,14.527,0,478.5049,478.4396,0.06527305,478.4396,0,999.2318,0,0,1.820766e-14,4.263256e-14
mpc,2026-01-24 04:00:00,1840,4,30.52267,3345.056,68.52086,11.11175,14.83942,1,1,2341.539,2341.222,0,0,0,0,0,0,0,0,0,74.75234,1864.075,0.9320377,1.185735,0.3172331,0,250,0.3172331,2341.222,0,0,0,8.827272,14.83942,478.5971,478.5322,0.06484061,481.5653,0,978.3577,0,0,3.78364e-13,4.263256e-14
mpc,2026-01-24 04:15:00,1841,4.25,30.33638,3305.974,83.0352,14.55714,23.57486,1,1,2314.182,2313.864,0,0,0,0,0,0,0,0,0,88.16456,1841.741,0.9208704,1.173781,0.3172331,0,250,0.3172331,2313.864,0,0,0,10.87914,23.57486,471.0325,470.9679,0.06457016,475.7664,0,970.2992,0,0,-3.628209e-13,4.263256e-14
mpc,2026-01-24 04:30:00,1842,4.5,30.33025,3283.812,98.98215,8.104044,43.32312,1,1,2298.668,2298.351,254.2957,73.71111,328.0068,2,88.56069,5.249256,0,0,234.1969,0,1900,0.95,1.159717,0.3172331,0,250,0.3172331,2044.055,0,0,10.42147,2.854788,43.32312,467.8107,415.9935,51.81724,498.5214,0,1019.944,0,-2.842171e-14,-4.13003e-14,4.263256e-14
mpc,2026-01-24 04:45:00,1843,4.75,30.23164,3286.625,116.262,5.865654,52.93876,1,1,2300.637,2300.32,0,0,0,0,0,0,0,0,0,115.0268,1870.944,0.9354721,1.196402,0.3172331,0,250,0.3172331,2300.32,0,0,4.530447,2.570392,52.93876,467.18,467.1156,0.06441909,477.8657,0,967.9803,0,0,-1.19682e-13,4.263256e-14
mpc,2026-01-24 05:00:00,1844,5,30.28045,3270.8,160.3906,6.929586,39.98811,1,1,2289.56,2289.243,171.078,49.3097,220.3877,1,148.4168,0.9012581,0,0,71.06965,0,1888.417,0.9442085,1.178106,0.3172331,0,250,0.3172331,2118.165,0,0,11.97382,6.028328,39.98811,465.4381,430.5957,34.84245,488.0344,0,1007.123,0,-2.131628e-14,2.14273e-13,4.263256e-14
mpc,2026-01-24 05:15:00,1845,5.25,30.27066,3331.008,201.7533,0,48.28476,1,1,2331.705,2331.388,0,0,0,0,0,0,0,0,0,187.4993,1841.245,0.9206225,1.189109,0.3172331,0,250,0.3172331,2331.388,0,0,15.20131,0,48.28476,473.902,473.8375,0.06447529,483.651,0,993.5243,0,0,-3.379519e-13,4.263256e-14
mpc,2026-01-24 05:30:00,1846,5.5,30.1815,3280.323,251.1445,0,28.32257,1,1,2296.226,2295.909,116.4895,33.51046,150,1,150,0,0,0,0,75.06365,1822.189,0.9110946,1.159405,0.3172331,0,250,0.3172331,2179.419,0,0,26.89251,0,28.32257,465.7626,442.0697,23.69289,481.3251,0,1009.04,0,-1.421086e-14,9.303669e-14,4.263256e-14
mpc,2026-01-24 05:45:00,1847,5.75,30.30879,3296.665,300.162,0,35.44316,1,1,2307.665,2307.348,0,0,0,0,0,0,0,0,0,270.07,1754.385,0.8771924,1.147406,0.3172331,0,250,0.3172331,2307.348,0,0,31.26839,0,35.44316,469.4161,469.3516,0.0645303,476.5613,0,1007.061,0,0,-4.563017e-13,4.263256e-14
mpc,2026-01-24 06:00:00,1848,6,30.50567,3268.329,342.0511,0,25.30628,1,1,2287.831,2287.513,0,0,0,0,0,0,0,0,0,315.2264,1675.302,0.837651,1.10471,0.3172331,0,250,0.3172331,2287.513,0,0,28.84996,0,25.30628,467.4407,467.3758,0.06481583,472.5463,0,994.8588,0,0,-5.284662e-14,4.263256e-14
mpc,2026-01-24 06:15:00,1849,6.25,30.44606,3258.528,370.5618,0,38.72288,1,1,2280.969,2280.652,0,0,0,0,0,0,0,0,0,350.1444,1587.502,0.7937511,1.054913,0.3172331,0,250,0.3172331,2280.652,0,0,21.31366,0,38.72288,465.4153,465.3505,0.06472911,473.2516,0,983.2694,0,0,4.161116e-13,4.263256e-14
mpc,2026-01-24 06:30:00,1850,6.5,30.5665,3315.861,390.7033,5.87275,36.70426,1,1,2321.103,2320.785,116.4895,33.51046,150,1,150,0,0,0,0,233.7641,1528.811,0.7644056,0.9996269,0.3172331,0,250,0.3172331,2204.296,0,0,8.80155,4.01036,36.70426,474.888,450.9898,23.89818,492.0098,0,1006.12,0,-1.421086e-14,-2.172706e-13,4.263256e-14
mpc,2026-01-24 06:45:00,1851,6.75,30.65639,3327.712,416.9571,6.460084,24.31909,1,1,2329.398,2329.081,0,0,0,0,0,0,0,0,0,404.3378,1427.486,0.7137431,0.9626701,0.3172331,0,250,0.3172331,2329.081,0,0,14.15459,4.924814,24.31909,477.5513,477.4863,0.06503614,482.472,0,997.8559,0,0,-3.329559e-13,4.263256e-14
mpc,2026-01-24 07:00:00,1852,7,30.77845,3346.596,426.1387,4.143617,18.25977,1,1,2342.617,2342.3,317.9056,91.50378,409.4094,1,408.9193,0.4901322,0,0,0,0,1427.262,0.7136307,0.8988671,0.3172331,0,250,0.3172331,2024.394,0,0,17.21946,3.653484,18.25977,481.5869,416.1677,65.41912,511.4253,0,1058.856,0,-1.421086e-14,4.172218e-13,4.263256e-14
mpc,2026-01-24 07:15:00,1853,7.25,30.86583,3374.29,412.1985,4.822193,36.00725,1,1,2362.003,2361.686,349.3386,100.6614,450,3,413.2108,1.574899,0,0,35.21428,0,1435.84,0.7179202,0.8987256,0.3172331,0,250,0.3172331,2012.347,0,0,0,3.247293,36.00725,486.5335,414.5102,72.02332,522.5885,0,1050.779,0,7.105427e-14,3.590461e-13,4.263256e-14
mpc,2026-01-24 07:30:00,1854,7.5,30.81957,3375.129,393.905,0,46.97757,1,1,2362.59,2362.273,699.5314,201.4898,901.0213,4,398.612,2.409242,0,0,500,0,1560.614,0.7803072,0.9041276,0.3172331,0,250,0.3172331,1662.741,0,0,0,0,46.97757,486.1449,342.1386,144.0063,553.2949,0,1106.59,0,0,3.920197e-13,4.263256e-14
mpc,2026-01-24 07:45:00,1855,7.75,31.13678,3407.393,358.7178,1.174874,53.592,1,1,2385.175,2384.858,664.9986,191.41,856.4086,3,355.3703,1.038248,0,0,500,0,1685.369,0.8426843,0.982696,0.3172331,0,250,0.3172331,1719.859,0,0,3.347442,0.1366252,53.592,494.3415,356.4509,137.8906,558.9682,0,1123.946,0,-5.684342e-14,-8.748557e-14,4.263256e-14
mpc,2026-01-24 08:00:00,1856,8,31.14663,3437.31,323.0577,126.0223,67.41747,1,1,2406.117,2405.8,805.4788,258.6093,1064.088,4,311.08,253.0081,0,0,500,0,1810.103,0.9050517,1.061252,0.3172331,0,250,0.3172331,1600.321,0,0,11.9777,0,67.41747,498.7939,331.7504,167.0435,604.3356,0,1229.333,0,-1.136868e-13,-2.83551e-13,4.263256e-14
mpc,2026-01-24 08:15:00,1857,8.25,31.19471,3449.391,296.3711,133.1847,86.41053,1,1,2414.573,2414.256,208.0554,59.85114,267.9065,1,267.9065,0,0,0,0,258.4946,1745.195,0.8725974,1.139795,0.3172331,0,250,0.3172331,2206.201,0,0,28.46458,0,86.41053,501.0962,457.8527,43.24355,535.6366,0,1120.375,0,7.105427e-15,1.831868e-13,4.263256e-14
mpc,2026-01-24 08:30:00,1858,8.5,31.45592,3453.269,247.5982,131.1525,83.21045,1,1,2417.288,2416.971,174.258,50.12868,224.3867,1,224.3867,0,0,0,0,259.3619,1680.08,0.8400398,1.098924,0.3172331,0,250,0.3172331,2242.713,0,0,23.21152,0,83.21045,504.669,468.2221,36.44693,535.723,0,1111.486,0,0,2.149392e-13,4.263256e-14
mpc,2026-01-24 08:45:00,1859,8.75,31.66608,3475.431,206.4887,135.8215,69.52414,1,1,2432.802,2432.484,142.1066,40.8797,182.9863,1,182.9863,0,0,0,0,266.8963,1613.091,0.8065455,1.057921,0.3172331,0,250,0.3172331,2290.378,0,0,23.50236,0,69.52414,510.3711,480.4924,29.87872,535.9574,0,1112.456,0,0,3.501643e-13,4.263256e-14
mpc,2026-01-24 09:00:00,1860,9,31.76039,3516.688,170.279,137.4779,92.13903,1,1,2461.682,2461.365,365.9693,134.0307,500,1,149.7651,270.4548,0,0,79.78019,0,1632.782,0.8163911,1.01574,0.3172331,0,250,0.3172331,2095.395,0,0,20.51395,0,92.13903,517.5561,440.5462,77.00987,593.9487,0,1223.284,0,5.684342e-14,1.596501e-13,4.263256e-14
mpc,2026-01-24 09:15:00,1861,9.25,31.88474,3524.473,149.7154,143.74,95.1642,1,1,2467.131,2466.814,0,0,0,0,0,0,0,0,0,400.0591,1532.51,0.7662551,1.028139,0.3172331,0,250,0.3172331,2466.814,0,0,26.13837,0,95.1642,520.1979,520.131,0.06688901,540.1965,0,1125.482,0,0,-4.33209e-13,4.263256e-14
mpc,2026-01-24 09:30:00,1862,9.5,32.08478,3536.654,116.3016,138.9404,96.99613,1,1,2475.658,2475.341,0,0,0,0,0,0,0,0,0,374.0443,1438.758,0.719379,0.9649993,0.3172331,0,250,0.3172331,2475.341,0,0,21.18525,0,96.99613,524.4289,524.3617,0.0672008,544.9088,0,1126.362,0,0,4.226619e-13,4.263256e-14
mpc,2026-01-24 09:45:00,1863,9.75,32.25767,3517.55,86.64636,139.6939,113.1265,1,1,2462.285,2461.968,0,0,0,0,0,0,0,0,0,363.1224,1347.751,0.6738754,0.9059648,0.3172331,0,250,0.3172331,2461.968,0,0,6.575192,0,113.1265,523.7058,523.6383,0.06747262,547.6993,0,1106.741,0,0,-1.84186e-13,4.263256e-14
mpc,2026-01-24 10:00:00,1864,10,32.57973,3563.954,70.68009,144.4604,144.9838,1,1,2494.768,2494.451,0,0,0,0,0,0,0,0,0,353.6483,1259.127,0.6295633,0.848659,0.3172331,0,250,0.3172331,2494.451,0,0,1.318791,0,144.9838,534.6432,534.5752,0.06798489,565.6461,0,1133.567,0,0,1.04361e-14,4.263256e-14
mpc,2026-01-24 10:15:00,1865,10.25,32.6717,3565.329,54.90299,147.5718,137.0112,1,1,2495.73,2495.413,0,0,0,0,0,0,0,0,0,344.0982,1172.904,0.5864519,0.7928536,0.3172331,0,250,0.3172331,2495.413,0,0,0,0,137.0112,536.0116,535.9435,0.0681326,565.3696,0,1130.739,0,0,-2.426948e-13,4.263256e-14
mpc,2026-01-24 10:30:00,1866,10.5,32.97006,3610.712,58.9044,143.677,175.7716,1,1,2527.499,2527.181,360.6391,134.4306,495.0697,1,53.62192,288.6391,0,0,152.8087,0,1210.921,0.6054607,0.7385604,0.3172331,0,250,0.3172331,2166.542,0,0,5.282486,0,175.7716,546.6878,468.6144,78.07341,641.0638,0,1291.24,0,0,-3.673728e-13,4.263256e-14
mpc,2026-01-24 10:45:00,1867,10.75,33.42386,3639.767,56.38225,147.3725,210.5341,1,1,2547.837,2547.519,633.5428,213.1892,846.732,4,55.71771,291.0143,0,0,500,0,1335.731,0.6678654,0.7624994,0.3172331,0,250,0.3172331,1913.977,0,0,0.6645471,0,210.5341,557.102,418.5041,138.5979,677.728,0,1356.602,0,-2.842171e-14,2.799983e-13,4.263256e-14
mpc,2026-01-24 11:00:00,1868,11,33.70523,3685.705,42.69595,152.4379,230.598,0,0,2579.994,2579.676,0,0,0,0,0,0,0,0,0,348.9945,1248.272,0.6241359,0.8410901,0.3172331,0,250,0.3172331,2579.676,0,0,0,0,230.598,567.9772,567.9073,0.06983783,0,618.6727,3402.7,0,0,2.394751e-13,4.263256e-14
mpc,2026-01-24 11:15:00,1869,11.25,33.84683,3703.097,49.29489,148.726,244.029,0,0,2592.168,2591.851,0,0,0,0,0,0,0,0,0,348.4656,1160.959,0.5804795,0.7860185,0.3172331,0,250,0.3172331,2591.851,0,0,0,0,244.029,572.6209,572.5508,0.07007813,0,626.4579,3445.518,0,0,-2.845502e-13,4.263256e-14
mpc,2026-01-24 11:30:00,1870,11.5,34.01282,3685.133,37.41704,152.5603,254.0267,0,0,2579.593,2579.276,0,0,0,0,0,0,0,0,0,345.7722,1074.333,0.5371666,0.7310388,0.3172331,0,250,0.3172331,2579.276,0,0,0,0,254.0267,572.1508,572.0804,0.07036194,0,628.4233,3456.328,0,0,-1.748601e-13,4.263256e-14
mpc,2026-01-24 11:45:00,1871,11.75,34.27992,3757.78,34.93158,146.7155,287.387,0,0,2630.446,2630.129,0,0,0,0,0,0,0,0,0,357.5273,984.7822,0.4923911,0.6764918,0.3172331,0,250,0.3172331,2630.129,0,0,0,0,287.387,587.2568,587.186,0.07082347,0,651.3462,3582.404,0,0,7.049916e-14,4.263256e-14
mpc,2026-01-24 12:00:00,1872,12,34.45899,3788.807,44.02961,146.0843,293.7502,0,0,2652.165,2651.847,285.5159,125.8694,411.3852,1,0,0,411.3852,0,0,357.4952,895.2534,0.4476267,0.6201029,0.3172331,0,250,0.3172331,2366.332,281.5225,0,0,0,12.22772,594.721,530.6258,64.09516,0,659.2371,3625.804,0,-1.421086e-14,2.069456e-13,4.263256e-14
mpc,2026-01-24 12:15:00,1873,12.25,34.87869,3782.963,33.57341,155.3465,304.0577,0,0,2648.074,2647.757,322.7311,142.2757,465.0068,1,0,0,465.0068,0,0,355.2831,806.2916,0.4031458,0.5637279,0.3172331,0,250,0.3172331,2325.026,316.6559,0,0,0,0,600.0154,526.8173,73.19809,0,669.093,3680.012,0,0,9.614531e-14,4.263256e-14
mpc,2026-01-24 12:30:00,1874,12.5,34.89288,3761.521,44.93822,153.6414,337.2836,0,0,2633.065,2632.747,343.9533,151.6315,495.5848,1,0,0,495.5848,0,0,348.7044,718.9886,0.3594943,0.50771,0.3172331,0,250,0.3172331,2288.794,337.4223,0,0,0,0,596.8256,518.7912,78.03433,0,670.4227,3687.325,0,0,1.2923e-13,4.263256e-14
mpc,2026-01-24 12:45:00,1875,12.75,35.35856,3734.823,38.7594,148.3025,387.1804,0,0,2614.376,2614.059,367.6103,162.0606,529.6709,2,0,0,529.6709,0,0,347.9327,631.8923,0.3159461,0.4527366,0.3172331,0,250,0.3172331,2246.449,358.6568,0,0,0,28.52353,599.5509,515.1747,84.37624,0,683.7766,3760.771,0,0,2.38698e-15,4.263256e-14
mpc,2026-01-24 13:00:00,1876,13,35.3392,3782.307,26.30725,152.0767,391.2646,0,0,2647.615,2647.298,347.0176,152.9824,500,1,0,0,500,0,0,349.6589,544.3781,0.272189,0.3978933,0.3172331,0,250,0.3172331,2300.28,338.6432,0,0,0,52.62144,606.8769,527.2621,79.61487,0,692.3062,3807.684,0,0,-7.549517e-14,4.263256e-14
mpc,2026-01-24 13:15:00,1877,13.25,35.57516,3773.399,38.02261,153.0468,413.8679,0,0,2641.379,2641.062,420.2305,185.2582,605.4887,4,0,0,605.4887,0,0,357.9978,454.7929,0.2273964,0.3427869,0.3172331,0,250,0.3172331,2220.831,408.9463,0,0,0,4.921649,609.0713,512.0979,96.97341,0,698.491,3841.7,0,-5.684342e-14,1.300626e-13,4.263256e-14
mpc,2026-01-24 13:30:00,1878,13.5,35.66813,3780.624,47.65243,155.5658,441.5817,0,0,2646.437,2646.12,347.0176,152.9824,500,1,0,0,500,0,0,359.1619,364.9309,0.1824654,0.2863764,0.3172331,0,250,0.3172331,2299.102,337.3275,0,0,0,104.2542,611.68,531.3994,80.28069,0,708.4784,3896.631,0,0,6.02296e-14,4.263256e-14
mpc,2026-01-24 13:45:00,1879,13.75,36.00202,3799.132,46.00657,151.7839,478.3457,0,0,2659.392,2659.075,0,0,0,0,0,0,0,0,0,364.9712,273.6306,0.1368153,0.2297916,0.3172331,0,250,0.3172331,2659.075,0,0,0,0,478.3457,619.937,619.863,0.07395093,0,731.3713,4022.542,0,0,3.355649e-14,4.263256e-14
mpc,2026-01-24 14:00:00,1880,14,36.11746,3798.499,50.59697,150.5322,485.9647,1,1,2658.949,2658.632,1081.584,418.416,1500,3,69.30122,294.3501,714.7297,0,421.619,0,378.9923,0.1894961,0.1723012,0.3172331,0,250,0.3172331,1577.048,479.6267,0,0,0,6.337988,621.674,368.7208,252.9533,788.6186,0,1577.237,0,0,6.930567e-14,4.263256e-14
mpc,2026-01-24 14:15:00,1881,14.25,36.17726,3802.158,42.275,146.0599,499.63,1,1,2661.511,2661.193,1161.936,445.6693,1607.605,4,59.59612,297.361,750.6481,0,500,0,503.9326,0.2519663,0.2386459,0.3172331,0,250,0.3172331,1499.258,503.371,0,0,0,0,623.2314,351.073,272.1585,796.7423,0,1593.485,0,5.684342e-14,-8.965051e-14,4.263256e-14
mpc,2026-01-24 14:30:00,1882,14.5,36.331,3785.676,51.38762,147.6188,524.6366,1,1,2649.973,2649.656,588.6608,251.3787,840.0395,3,68.3589,0,771.6806,0,0,293.2757,430.5344,0.2152672,0.317319,0.3172331,0,250,0.3172331,2060.995,516.5259,0,0,0,8.110684,622.9969,484.5308,138.4661,737.8162,0,1475.632,0,-1.136868e-13,5.107026e-15,4.263256e-14
mpc,2026-01-24 14:45:00,1883,14.75,36.46397,3792.448,68.22478,146.8939,509.2721,1,1,2654.714,2654.397,1190.765,457.7341,1648.499,4,65.01502,290.6343,792.8499,0,500,0,555.4666,0.2777333,0.2711012,0.3172331,0,250,0.3172331,1463.631,529.8523,0,3.209766,0,0,626.2648,345.2805,280.9843,803.0146,0,1611.566,0,1.136868e-13,-4.735101e-14,4.263256e-14
mpc,2026-01-24 15:00:00,1884,15,36.38662,3803.186,57.66715,148.3766,517.4967,1,1,2662.231,2661.913,1087.941,412.0589,1500,3,67.91827,288.8142,643.2675,0,500,0,680.3791,0.3401896,0.3497692,0.3172331,0,250,0.3172331,1573.972,430.2862,0,0,0,87.21048,626.78,370.5668,256.2132,803.158,0,1606.316,0,5.684342e-14,-1.565414e-14,4.263256e-14
mpc,2026-01-24 15:15:00,1885,15.25,36.60997,3779.279,52.13093,142.9506,518.5385,1,1,2645.495,2645.178,1203.918,463.1205,1667.038,4,68.47835,289.4406,809.1193,0,500,0,805.272,0.402636,0.4284248,0.3172331,0,250,0.3172331,1441.26,539.7799,0,0,0,0,626.4636,341.296,285.1676,804.4165,0,1608.833,0,5.684342e-14,1.610934e-13,4.263256e-14
mpc,2026-01-24 15:30:00,1886,15.5,36.44789,3768.544,54.64876,146.1139,509.5821,1,1,2637.981,2637.664,1183.745,454.8577,1638.603,4,63.17903,286.1012,789.3225,0,500,0,930.1453,0.4650726,0.507068,0.3172331,0,250,0.3172331,1453.919,527.5965,0,0,0,0,622.0579,342.8462,279.2118,797.7038,0,1595.408,0,-5.684342e-14,-1.920686e-13,4.263256e-14
mpc,2026-01-24 15:45:00,1887,15.75,36.73945,3738.479,74.37037,145.6599,522.9305,1,1,2616.936,2616.618,584.7193,250.8352,835.5544,4,58.3209,0,777.2335,0,0,283.0126,859.2457,0.4296229,0.5856988,0.3172331,0,250,0.3172331,2031.899,517.7031,0,16.04947,0,5.227347,621.7977,482.7899,139.0078,734.8672,0,1497.42,0,-2.842171e-14,1.028067e-13,4.263256e-14
mpc,2026-01-24 16:00:00,1888,16,36.81729,3726.816,75.11434,142.5074,510.7708,1,1,2608.771,2608.454,1087.716,412.2843,1500,3,65.18739,279.2799,655.5327,0,500,0,984.1104,0.4920552,0.5410544,0.3172331,0,250,0.3172331,1520.739,436.2319,0,9.926952,0,74.53894,621.1215,362.0722,259.0494,792.1034,0,1601.331,0,-5.684342e-14,-1.696421e-13,4.263256e-14
mpc,2026-01-24 16:15:00,1889,16.25,37.04655,3741.925,87.1062,143.7063,493.3512,1,1,2619.348,2619.031,1156.503,440.2464,1596.749,4,85.04797,279.0127,732.6885,0,500,0,1108.956,0.5544778,0.6196799,0.3172331,0,250,0.3172331,1462.528,486.2323,0,2.058229,0,7.118958,627.4069,350.3162,277.0906,792.2679,0,1588.086,0,-5.684342e-14,4.187761e-13,4.263256e-14
mpc,2026-01-24 16:30:00,1890,16.5,37.05558,3724.718,98.77705,140.8048,481.6048,1,1,2607.303,2606.985,1089.885,410.1147,1500,3,91.46678,276.3838,632.1494,0,500,0,1233.781,0.6168905,0.698293,0.3172331,0,250,0.3172331,1517.1,419.4661,0,7.310274,0,62.13868,624.6703,363.4742,261.1961,788.4764,0,1589.563,0,1.705303e-13,6.727951e-14,4.263256e-14
mpc,2026-01-24 16:45:00,1891,16.75,37.02404,3687.462,113.9168,142.1143,478.7849,1,1,2581.224,2580.906,1148.624,433.4516,1582.076,4,112.9711,272.6849,696.4199,0,500,0,1358.587,0.6792934,0.7768938,0.3172331,0,250,0.3172331,1432.282,462.2889,0,0.9457146,0,16.49603,617.9085,342.8681,275.0404,780.2686,0,1562.168,0,-1.705303e-13,3.441691e-15,4.263256e-14
mpc,2026-01-24 17:00:00,1892,17,37.16489,3661.519,134.154,137.4168,468.6224,1,1,2563.064,2562.746,589.6514,243.8254,833.4767,3,135.5248,0,697.9519,0,0,268.6994,1291.198,0.645599,0.8554821,0.3172331,0,250,0.3172331,1973.095,462.5194,0,0,0,6.103057,615.8454,474.0894,141.7559,719.3812,0,1438.763,0,5.684342e-14,4.094502e-13,4.263256e-14
mpc,2026-01-24 17:15:00,1893,17.25,37.12662,3610.183,169.284,134.8824,443.7336,1,1,2527.128,2526.811,1177.013,439.362,1616.375,4,168.4902,268.8008,679.0836,0,500,0,1415.995,0.7079974,0.8130485,0.3172331,0,250,0.3172331,1349.798,450.2236,0,0.793838,0,0,606.5973,323.9978,282.5995,763.3598,0,1528.089,0,1.705303e-13,1.14575e-13,4.263256e-14
mpc,2026-01-24 17:30:00,1894,17.5,36.94697,3586.09,197.0308,132.4737,407.1636,1,1,2510.263,2509.946,618.2089,248.667,866.8759,3,200.6556,0,666.2203,0,0,267.5959,1348.873,0.6744364,0.8916311,0.3172331,0,250,0.3172331,1891.737,442.6529,0,0,0,0,599.7044,451.9379,147.7665,700.6049,0,1401.21,0,2.842171e-14,-1.088019e-14,4.263256e-14
mpc,2026-01-24 17:45:00,1895,17.75,36.94288,3603.49,246.8176,129.2133,394.5725,1,1,2522.443,2522.125,1178.722,432.9175,1611.64,4,229.0004,263.8155,618.8239,0,500,0,1473.66,0.7368303,0.8493655,0.3172331,0,250,0.3172331,1343.403,411.1818,0,17.8172,0,0,602.5494,320.9059,281.6435,753.8234,0,1538.381,0,0,1.74305e-13,4.263256e-14
mpc,2026-01-24 18:00:00,1896,18,36.75393,3620.7,272.7303,0,367.126,1,1,2534.49,2534.172,1000.218,349.6915,1349.91,3,267.1031,2.935476,579.8711,0,500,0,1598.428,0.7992143,0.9279424,0.3172331,0,250,0.3172331,1533.954,386.1759,0,5.62726,0,0,602.4362,364.6137,237.8225,714.3051,0,1438.317,0,-5.684342e-14,-1.251221e-13,4.263256e-14
mpc,2026-01-24 18:15:00,1897,18.25,36.7278,3543.996,317.6244,1.802143,353.0321,1,1,2480.797,2480.48,999.4787,345.034,1344.513,4,303.5149,5.086106,535.9117,0,500,0,1723.177,0.8615885,1.006507,0.3172331,0,250,0.3172331,1481.001,357.0124,0,14.10953,0,0,589.2711,351.7866,237.4845,696.8206,0,1417.98,0,1.136868e-13,-2.622347e-13,4.263256e-14
mpc,2026-01-24 18:30:00,1898,18.5,36.86555,3543.411,352.0408,0,330.235,1,0,2480.388,2480.071,357.8059,157.7384,515.5442,2,0,0,515.5442,0,0,338.8894,1638.183,0.8190916,1.085059,0.3172331,0,250,0.3172331,2122.265,342.8759,0,16.50633,0,0,591.3021,505.9288,85.37331,663.6672,0,1355.808,0,-2.842171e-14,1.860734e-13,4.263256e-14
mpc,2026-01-24 18:45:00,1899,18.75,36.92969,3526.015,366.2759,7.53393,317.3456,0,0,2468.21,2467.893,329.5673,145.2894,474.8567,3,0,0,474.8567,0,0,366.6246,1546.269,0.7731346,1.03154,0.3172331,0,250,0.3172331,2138.326,315.572,0,0.7070793,6.478165,1.773599,589.3903,510.6164,78.77398,0,656.3293,3622.206,0,-2.842171e-14,-3.537171e-13,4.263256e-14
mpc,2026-01-24 19:00:00,1900,19,36.85059,3458.545,393.9936,4.57332,307.1618,0,0,2420.982,2420.664,294.2263,129.7094,423.9356,1,0,0,423.9356,0,0,383.4667,1450.159,0.7250796,0.9736631,0.3172331,0,250,0.3172331,2126.438,282,0,15.52453,0,25.16184,576.914,506.725,70.18899,0,642.4304,3560.147,0,-5.684342e-14,2.639e-13,4.263256e-14
mpc,2026-01-24 19:15:00,1901,19.25,36.7337,3456.739,409.7104,0,269.2505,0,0,2419.718,2419.4,249.5013,109.9924,359.4937,2,0,0,359.4937,0,0,405.3175,1348.601,0.6743007,0.913144,0.3172331,0,250,0.3172331,2169.899,239.4697,0,10.8217,0,29.78079,574.8513,515.502,59.34927,0,632.5694,3497.799,0,-1.421086e-14,2.260414e-13,4.263256e-14
mpc,2026-01-24 19:30:00,1902,19.5,36.58193,3451.061,407.6306,0,257.272,0,0,2415.742,2415.425,240.1409,105.8659,346.0067,1,0,0,346.0067,0,0,412.6609,1245.224,0.622612,0.8491946,0.3172331,0,250,0.3172331,2175.284,230.9057,0,0,0,26.36632,571.6398,514.7399,56.89986,0,626.8449,3447.647,0,0,-1.94178e-13,4.263256e-14
mpc,2026-01-24 19:45:00,1903,19.75,36.37406,3450.54,398.9616,0,220.381,0,0,2415.378,2415.061,222.1856,97.95033,320.136,2,0,0,320.136,0,0,407.1102,1143.25,0.5716252,0.7840993,0.3172331,0,250,0.3172331,2192.875,214.1734,0,0,0,6.207683,568.4777,516.1099,52.36774,0,615.5213,3385.367,0,-2.842171e-14,-1.7919e-13,4.263256e-14
mpc,2026-01-24 20:00:00,1904,20,36.28203,3397.29,391.1862,0,210.0169,0,0,2378.103,2377.785,210.2691,92.69694,302.9661,1,0,0,302.9661,0,0,390.6397,1045.41,0.5227052,0.719888,0.3172331,0,250,0.3172331,2167.516,202.9096,0,3.996947,0,7.107239,558.3742,508.9289,49.4453,0,603.2947,3325.015,0,-1.421086e-14,-2.764455e-14,4.263256e-14
mpc,2026-01-24 20:15:00,1905,20.25,36.10883,3372.446,368.1279,0,171.7381,0,0,2360.712,2360.395,197.97,87.27489,285.2449,1,0,0,285.2449,0,0,361.9765,954.7518,0.4773759,0.6582797,0.3172331,0,250,0.3172331,2162.425,191.4362,0,6.904124,0,0,551.8224,505.4722,46.35014,0,592.7471,3272.019,0,0,-1.180167e-13,4.263256e-14
mpc,2026-01-24 20:30:00,1906,20.5,35.89375,3374.173,344.2786,0,147.9483,0,0,2361.921,2361.604,188.8897,83.27186,272.1616,1,0,0,272.1616,0,0,339.4987,869.7268,0.4348634,0.6011932,0.3172331,0,250,0.3172331,2172.714,183.1239,0,7.819645,0,0,549.0684,505.0841,43.98435,0,588.356,3249.447,0,-2.842171e-14,5.295764e-14,4.263256e-14
mpc,2026-01-24 20:45:00,1907,20.75,35.75183,3319.927,314.546,0,119.4239,0,0,2323.949,2323.632,157.6539,69.50156,227.1554,1,0,0,227.1554,0,0,301.3568,794.2507,0.3971253,0.5476542,0.3172331,0,250,0.3172331,2165.978,153.0994,0,14.24247,0,0,538.2878,501.6975,36.59027,0,571.1991,3166.163,0,-1.421086e-14,2.128297e-13,4.263256e-14
mpc,2026-01-24 21:00:00,1908,21,35.30039,3355.631,287.8253,1.177461,115.9537,0,0,2348.942,2348.625,146.3768,64.53008,210.9069,1,0,0,210.9069,0,0,266.25,727.5632,0.3637816,0.500128,0.3172331,0,250,0.3172331,2202.248,142.9099,0,21.81097,0.94175,0,537.8899,504.298,33.59182,0,568.8281,3167.803,0,0,1.002531e-13,4.263256e-14
mpc,2026-01-24 21:15:00,1909,21.25,35.35899,3352.583,245.0716,0,108.5318,0,0,2346.808,2346.491,130.6274,57.58695,188.2143,1,0,0,188.2143,0,0,236.1449,668.4124,0.3342062,0.4581359,0.3172331,0,250,0.3172331,2215.863,127.4452,0,10.45988,0,0,538.1956,508.1659,30.02964,0,565.7529,3129.684,0,-1.421086e-14,6.539214e-14,4.263256e-14
mpc,2026-01-24 21:30:00,1910,21.5,35.23157,3326.815,202.6306,0,80.60667,0,0,2328.771,2328.453,117.3093,51.71572,169.0251,1,0,0,169.0251,0,0,193.3107,619.9795,0.3099898,0.4208895,0.3172331,0,250,0.3172331,2211.144,114.6239,0,11.48425,0,0,532.348,505.459,26.88898,0,557.1747,3084.271,0,0,-8.187895e-14,4.263256e-14
mpc,2026-01-24 21:45:00,1911,21.75,34.83106,3352.28,183.1908,1.314472,79.05598,0,0,2346.596,2346.278,109.0061,48.05524,157.0613,1,0,0,157.0613,0,0,166.5915,578.234,0.289117,0.390392,0.3172331,0,250,0.3172331,2237.273,107.014,0,18.39797,0,0,531.0743,506.3326,24.74172,0,554.3878,3080.869,0,-1.421086e-14,1.830758e-13,4.263256e-14
mpc,2026-01-24 22:00:00,1912,22,34.62167,3367.659,148.393,0,68.93496,0,0,2357.361,2357.044,0,0,0,0,0,0,0,0,0,146.2815,541.5726,0.2707863,0.3641055,0.3172331,0,250,0.3172331,2357.044,0,0,3.542349,0,68.93496,530.744,530.6725,0.07142289,0,546.1928,3010.171,0,0,1.941225e-13,4.263256e-14
mpc,2026-01-24 22:15:00,1913,22.25,34.24355,3337.126,135.5835,0,79.81594,0,0,2335.988,2335.671,0,0,0,0,0,0,0,0,0,118.8145,511.7837,0.2558919,0.3410203,0.3172331,0,250,0.3172331,2335.671,0,0,17.30777,0,79.81594,521.0527,520.9819,0.07076026,0,538.7852,2993.175,0,0,2.048362e-14,4.263256e-14
mpc,2026-01-24 22:30:00,1914,22.5,33.9386,3297.086,112.4652,0.6484403,66.5868,0,0,2307.96,2307.643,0,0,0,0,0,0,0,0,0,95.15797,487.9137,0.2439568,0.3222627,0.3172331,0,250,0.3172331,2307.643,0,0,17.81307,0.1426505,66.5868,510.9776,510.9074,0.07023474,0,525.6496,2922.046,0,0,-6.350476e-14,4.263256e-14
mpc,2026-01-24 22:45:00,1915,22.75,33.58377,3309.082,90.01407,0,54.08717,0,0,2316.358,2316.04,0,0,0,0,0,0,0,0,0,82.72274,467.1562,0.2335781,0.3072321,0.3172331,0,250,0.3172331,2316.04,0,0,9.034944,0,54.08717,508.4431,508.3734,0.06963301,0,520.2456,2876.936,0,0,-9.364731e-14,4.263256e-14
mpc,2026-01-24 23:00:00,1916,23,33.4854,3368.848,84.37944,0.0875426,55.00526,0,0,2358.194,2357.876,0,0,0,0,0,0,0,0,0,79.7548,447.144,0.223572,0.2941614,0.3172331,0,250,0.3172331,2357.876,0,0,6.974745,0,55.00526,516.3997,516.3302,0.06946802,0,528.3753,2918.096,0,0,-6.439293e-15,4.263256e-14
mpc,2026-01-24 23:15:00,1917,23.25,32.99077,3350.915,79.3855,0,41.94309,0,0,2345.64,2345.323,0,0,0,0,0,0,0,0,0,68.28689,430.0018,0.2150009,0.28156,0.3172331,0,250,0.3172331,2345.323,0,0,12.79906,0,41.94309,507.6028,507.5341,0.06865007,0,516.6107,2863.437,0,0,3.369527e-14,4.263256e-14
mpc,2026-01-24 23:30:00,1918,23.5,32.70214,3319.996,81.93059,0,52.62485,0,1,2323.997,2323.68,432.2629,124.3514,556.6143,3,56.58962,0.02465733,0,0,500,0,554.9342,0.2774671,0.2707658,0.3172331,0,250,0.3172331,1891.417,0,0,25.34097,0,52.62485,499.4875,406.5147,92.97272,0,542.1766,3025.684,0,1.421086e-14,4.596323e-14,4.263256e-14
mpc,2026-01-24 23:45:00,1919,23.75,32.24562,3274.897,64.3627,0,25.75548,1,1,2292.428,2292.111,431.6825,124.1856,555.868,3,55.83232,0.03571143,0,0,500,0,679.8468,0.3399234,0.3494339,0.3172331,0,250,0.3172331,1860.428,0,0,8.530383,0,25.75548,487.4414,395.5848,91.85655,525.2468,0,1065.208,0,1.421086e-14,-7.871481e-14,4.263256e-14
mpc,2026-01-25 00:00:00,1920,0,32.00486,3288.072,76.59569,0,56.7032,1,1,2301.651,2301.333,429.8717,123.6695,553.5412,2,53.45958,0.08161029,0,0,500,0,804.7398,0.4023699,0.4280896,0.3172331,0,250,0.3172331,1871.462,0,0,23.13611,0,56.7032,486.6619,395.7026,90.95931,531.3615,0,1102.633,0,-1.421086e-14,4.47975e-14,4.263256e-14
mpc,2026-01-25 00:15:00,1921,0.25,31.7274,3244.418,66.93318,3.264553,38.26498,1,1,2271.093,2270.776,431.8553,124.3876,556.2429,3,54.7748,1.468058,0,0,500,0,929.6131,0.4648065,0.5067328,0.3172331,0,250,0.3172331,1838.92,0,0,12.15838,1.796495,38.26498,477.1217,386.3289,90.79281,518.7553,0,1061.583,0,7.105427e-14,-2.9865e-14,4.263256e-14
mpc,2026-01-25 00:30:00,1922,0.5,31.31199,3258.878,60.42454,5.947341,34.4733,1,1,2281.215,2280.898,439.9606,126.5708,566.5313,3,66.45966,0.07166536,0,0,500,0,1054.467,0.5272334,0.5853637,0.3172331,0,250,0.3172331,1840.937,0,0,0,5.875676,34.4733,474.6913,383.0752,91.61612,516.8194,0,1043.774,0,2.842171e-14,-1.463274e-13,4.263256e-14
mpc,2026-01-25 00:45:00,1923,0.75,31.27347,3267.206,57.90093,0,51.07559,1,1,2287.044,2286.727,433.1053,124.6376,557.7429,3,57.3055,0.437377,0,0,500,0,1179.301,0.5896504,0.6639822,0.3172331,0,250,0.3172331,1853.621,0,0,0.595431,0,51.07559,475.485,385.3748,90.11016,520.6312,0,1042.29,0,-5.684342e-14,-4.554135e-13,4.263256e-14
mpc,2026-01-25 01:00:00,1924,1,31.25335,3266.534,59.5164,0,51.25269,1,1,2286.573,2286.256,388.0217,111.9783,500,1,44.97538,3.35245,0,0,451.6722,0,1292.033,0.6460166,0.7425884,0.3172331,0,250,0.3172331,1898.235,0,0,14.54102,0,51.25269,475.1685,394.4686,80.69998,517.0976,0,1059.278,0,-2.842171e-14,2.34035e-13,4.263256e-14
mpc,2026-01-25 01:15:00,1925,1.25,30.95983,3252.523,53.90927,0,68.33361,1,1,2276.766,2276.449,427.5469,123.0713,550.6183,3,49.87314,0.7451217,0,0,500,0,1416.83,0.7084149,0.8135743,0.3172331,0,250,0.3172331,1848.902,0,0,4.03613,0,68.33361,469.9771,381.656,88.32105,518.833,0,1044.628,0,-5.684342e-14,1.216804e-13,4.263256e-14
mpc,2026-01-25 01:30:00,1926,1.5,30.8159,3302.604,51.02226,0,68.0724,1,1,2311.823,2311.506,388.2277,111.7723,500,1,55.98627,0.8572701,0,0,443.1565,0,1527.396,0.7636979,0.8921569,0.3172331,0,250,0.3172331,1923.278,0,0,0,0,68.0724,475.6591,395.7157,79.94338,521.494,0,1042.988,0,-7.105427e-14,-3.78364e-13,4.263256e-14
mpc,2026-01-25 01:45:00,1927,1.75,30.59203,3289.778,48.14843,1.332609,41.03134,1,1,2302.845,2302.527,0,0,0,0,0,0,0,0,0,0,1527.155,0.7635777,0.9617788,0.3172331,0,250,0.3172331,2302.527,0,0,48.14843,1.332609,41.03134,471.4233,471.3584,0.06494189,479.758,0,1044.871,0,0,2.106093e-13,4.263256e-14
mpc,2026-01-25 02:00:00,1928,2,30.4287,3325.711,60.40794,7.397797,40.47382,1,1,2327.998,2327.68,430.6357,123.8959,554.5316,2,54.38862,0.1429594,0,0,500,0,1651.915,0.8259575,0.9616273,0.3172331,0,250,0.3172331,1897.045,0,0,6.01933,7.254838,40.47382,474.8261,386.9275,87.89858,519.0785,0,1061.055,0,-2.842171e-14,-1.787459e-14,4.263256e-14
mpc,2026-01-25 02:15:00,1929,2.25,30.44258,3325.356,46.47802,0.8840986,56.90257,1,1,2327.749,2327.432,244.6628,70.38297,315.0458,2,56.36321,0.00937563,0,0,258.6732,0,1716.323,0.8581616,1.040187,0.3172331,0,250,0.3172331,2082.769,0,0,0,0.8747229,56.90257,474.9232,424.9407,49.98251,506.9334,0,1015.376,0,-2.842171e-14,-4.298784e-13,4.263256e-14
mpc,2026-01-25 02:30:00,1930,2.5,30.23042,3345.354,40.70757,0.2420152,64.48459,1,1,2341.747,2341.43,388.1837,111.8163,500,1,56.63998,1.389603,0,0,441.9704,0,1826.546,0.9132728,1.080744,0.3172331,0,250,0.3172331,1953.246,0,0,0,0,64.48459,475.5151,396.6261,78.88899,521.5366,0,1043.073,0,-4.263256e-14,-2.136069e-13,4.263256e-14
mpc,2026-01-25 02:45:00,1931,2.75,30.29858,3314.052,42.85378,0,82.10547,1,1,2319.836,2319.519,194.2932,55.95084,250.244,1,61.61709,0.5517622,0,0,188.0752,0,1873.277,0.9366385,1.150149,0.3172331,0,250,0.3172331,2125.226,0,0,0,0,82.10547,471.7842,432.2063,39.57785,504.8549,0,1009.71,0,-2.842171e-14,-1.580958e-13,4.263256e-14
mpc,2026-01-25 03:00:00,1932,3,30.10547,3315.361,45.71415,0,71.77859,1,1,2320.753,2320.435,127.9629,37.21986,165.1828,1,53.26494,3.845877,0,0,108.072,0,1900,0.95,1.179575,0.3172331,0,250,0.3172331,2192.472,0,0,0,0,71.77859,469.9404,443.9643,25.97607,495.719,0,991.438,0,1.421086e-14,-3.4861e-14,4.263256e-14
mpc,2026-01-25 03:15:00,1933,3.25,29.95166,3305.186,40.23903,0.8021109,36.28653,1,1,2313.631,2313.313,0,0,0,0,0,0,0,0,0,62.7298,1884.018,0.9420092,1.196402,0.3172331,0,250,0.3172331,2313.313,0,0,0,0,36.28653,466.8986,466.8346,0.06401873,474.1573,0,948.3147,0,0,-1.412204e-13,4.263256e-14
mpc,2026-01-25 03:30:00,1934,3.5,30.06989,3291.268,42.2433,7.008427,30.2459,1,1,2303.887,2303.57,114.4064,35.59361,150,1,59.65597,10.05348,15.178,0,65.11254,0,1900,0.95,1.186339,0.3172331,0,250,0.3172331,2189.164,10.91967,0,0,0,19.32623,466.1558,442.9432,23.21254,482.4472,0,964.8945,0,-7.105427e-15,-3.679279e-13,4.263256e-14
mpc,2026-01-25 03:45:00,1935,3.75,29.98927,3254.717,48.51127,7.136311,27.41105,1,1,2278.302,2277.985,0,0,0,0,0,0,0,0,0,80.1291,1879.669,0.9398343,1.196402,0.3172331,0,250,0.3172331,2277.985,0,0,0,0,27.41105,460.1532,460.0892,0.06407221,465.6254,0,931.2509,0,0,3.03535e-13,4.263256e-14
mpc,2026-01-25 04:00:00,1936,4,29.62344,3261.395,67.3254,5.061086,15.20917,1,1,2282.977,2282.659,123.7174,36.34712,160.0645,1,70.43075,7.124636,0,0,82.50911,0,1900,0.95,1.1836,0.3172331,0,250,0.3172331,2158.942,0,0,0,0,15.20917,457.38,432.5305,24.84955,471.9246,0,943.8493,0,-1.421086e-14,2.335909e-13,4.263256e-14
mpc,2026-01-25 04:15:00,1937,4.25,29.57068,3323.549,84.65098,1.879655,27.47309,1,1,2326.485,2326.167,0,0,0,0,0,0,0,0,0,93.56257,1876.31,0.9381551,1.196402,0.3172331,0,250,0.3172331,2326.167,0,0,0.7790712,0,27.47309,465.5552,465.4918,0.06348184,470.9894,0,943.3227,0,0,-4.001244e-13,4.263256e-14
mpc,2026-01-25 04:30:00,1938,4.5,29.33768,3363.872,109.9882,1.235443,20.92248,1,1,2354.71,2354.393,0,0,0,0,0,0,0,0,0,101.1698,1850.722,0.9253612,1.181485,0.3172331,0,250,0.3172331,2354.393,0,0,15.64559,0,20.92248,468.7991,468.7359,0.06315791,472.9014,0,972.7914,0,0,-4.072298e-13,4.263256e-14
mpc,2026-01-25 04:45:00,1939,4.75,29.07408,3346.704,126.8955,0.8627824,22.14589,1,1,2342.693,2342.376,0,0,0,0,0,0,0,0,0,119.0932,1820.658,0.9103289,1.165373,0.3172331,0,250,0.3172331,2342.376,0,0,12.49983,0,22.14589,463.7296,463.6668,0.06279541,468.0505,0,957.6632,0,0,-2.917666e-13,4.263256e-14
mpc,2026-01-25 05:00:00,1940,5,28.92394,3389.351,148.0759,2.708606,31.13852,1,1,2372.546,2372.229,0,0,0,0,0,0,0,0,0,159.3806,1780.526,0.890263,1.146441,0.3172331,0,250,0.3172331,2372.229,0,0,0,0,31.13852,468.1086,468.046,0.06259079,474.1897,0,948.3794,0,0,8.437695e-14,4.263256e-14
mpc,2026-01-25 05:15:00,1941,5.25,28.95733,3379.267,193.3368,6.412179,33.64651,1,1,2365.487,2365.17,0,0,0,0,0,0,0,0,0,195.4574,1731.381,0.8656907,1.121171,0.3172331,0,250,0.3172331,2365.17,0,0,0,6.016361,33.64651,467.0543,466.9916,0.06263618,473.635,0,957.6481,0,0,-4.636291e-13,4.263256e-14
mpc,2026-01-25 05:30:00,1942,5.5,28.81979,3347.349,230.9429,1.909835,22.98326,1,1,2343.144,2342.827,0,0,0,0,0,0,0,0,0,239.3901,1671.261,0.8356307,1.090226,0.3172331,0,250,0.3172331,2342.827,0,0,0,1.56157,22.98326,461.2649,461.2025,0.06244964,465.7269,0,934.1475,0,0,-1.190159e-13,4.263256e-14
mpc,2026-01-25 05:45:00,1943,5.75,28.6639,3343.645,267.9091,0,29.03821,1,1,2340.551,2340.234,0,0,0,0,0,0,0,0,0,286.5546,1599.36,0.7996798,1.052369,0.3172331,0,250,0.3172331,2340.234,0,0,0,0,29.03821,459.2043,459.1421,0.06223953,464.8392,0,929.6785,0,0,-4.72955e-14,4.263256e-14
mpc,2026-01-25 06:00:00,1944,6,28.66035,3358.096,311.7774,0,37.49422,1,1,2350.667,2350.35,0,0,0,0,0,0,0,0,0,329.879,1516.638,0.758319,1.007093,0.3172331,0,250,0.3172331,2350.35,0,0,0,0,37.49422,461.1538,461.0915,0.06223477,468.4472,0,936.8943,0,0,-4.343192e-13,4.263256e-14
mpc,2026-01-25 06:15:00,1945,6.25,28.7762,3378.914,357.5702,1.892928,27.56058,1,1,2365.24,2364.922,0,0,0,0,0,0,0,0,0,361.2153,1426.095,0.7130477,0.9550047,0.3172331,0,250,0.3172331,2364.922,0,0,0,1.496865,27.56058,465.1755,465.1131,0.06239074,470.5335,0,943.649,0,0,-1.075806e-13,4.263256e-14
mpc,2026-01-25 06:30:00,1946,6.5,28.76462,3383.682,378.657,0,34.34201,1,1,2368.578,2368.26,0,0,0,0,0,0,0,0,0,390.561,1328.231,0.6641154,0.8979914,0.3172331,0,250,0.3172331,2368.26,0,0,0,0,34.34201,465.7153,465.6529,0.06237511,472.4053,0,944.8107,0,0,-8.770762e-15,4.263256e-14
mpc,2026-01-25 06:45:00,1947,6.75,28.69134,3385.997,403.5939,0,28.90071,1,1,2370.198,2369.881,116.538,33.52441,150.0624,1,150.0624,0,0,0,0,264.6392,1261.862,0.6309309,0.8363674,0.3172331,0,250,0.3172331,2253.343,0,0,0,0,28.90071,465.2964,442.3564,22.93999,481.5543,0,963.1087,0,-7.105427e-15,-3.18634e-13,4.263256e-14
mpc,2026-01-25 07:00:00,1948,7,28.52391,3406.646,425.2059,2.084441,17.43971,1,1,2384.652,2384.335,313.1021,90.06987,403.172,2,403.172,0,0,0,0,17.48667,1257.292,0.6286458,0.7945759,0.3172331,0,250,0.3172331,2071.233,0,0,7.018468,0,17.43971,466.4474,405.1413,61.30608,498.6225,0,1009.352,0,-4.263256e-14,2.848832e-13,4.263256e-14
mpc,2026-01-25 07:15:00,1949,7.25,28.55774,3413.536,415.1812,0,28.48335,1,1,2389.475,2389.158,320.3491,92.15458,412.5037,2,412.5037,0,0,0,0,3.283823,1256.273,0.6281363,0.7916981,0.3172331,0,250,0.3172331,2068.809,0,0,2.677521,0,28.48335,467.7313,404.962,62.7693,502.6921,0,1010.003,0,-2.842171e-14,-5.22915e-14,4.263256e-14
mpc,2026-01-25 07:30:00,1950,7.5,28.81871,3392.546,401.1933,1.30852,39.44317,1,1,2374.782,2374.465,690.0496,198.6085,888.6581,2,395.9711,0.964013,0,0,491.723,0,1379.006,0.6895028,0.7910565,0.3172331,0,250,0.3172331,1684.415,0,0,5.222168,0.3445074,39.44317,467.4821,331.5815,135.9005,537.9546,0,1085.512,0,0,2.298162e-13,4.263256e-14
mpc,2026-01-25 07:45:00,1951,7.75,29.11296,3402.517,378.7066,4.685989,43.88613,1,1,2381.762,2381.445,666.4487,191.8264,858.2751,4,357.2446,1.030536,0,0,500,0,1503.789,0.7518943,0.8683396,0.3172331,0,250,0.3172331,1714.996,0,0,21.46208,3.655453,43.88613,471.8627,339.7663,132.0963,540.2872,0,1123.902,0,0,2.494671e-13,4.263256e-14
mpc,2026-01-25 08:00:00,1952,8,29.39152,3417.817,336.6229,6.451304,31.19079,1,1,2392.472,2392.155,762.8076,239.0196,1001.827,3,317.6215,184.2057,0,0,500,0,1628.552,0.8142759,0.9469136,0.3172331,0,250,0.3172331,1629.347,0,0,19.0014,0,31.19079,476.8794,324.7696,152.1098,570.0063,0,1172.79,0,-2.842171e-14,-1.810774e-13,4.263256e-14
mpc,2026-01-25 08:15:00,1953,8.25,29.55631,3421.954,288.4925,2.333221,42.66909,1,1,2395.368,2395.051,220.157,63.33242,283.4895,1,283.4895,0,0,0,0,190.6447,1580.634,0.7903172,1.025475,0.3172331,0,250,0.3172331,2174.894,0,0,5.003081,0,42.66909,479.188,435.0827,44.10539,506.9509,0,1022.532,0,-2.131628e-14,1.183498e-13,4.263256e-14
mpc,2026-01-25 08:30:00,1954,8.5,29.7736,3452.748,240.8942,8.842245,23.69632,1,1,2416.924,2416.607,184.1351,52.96999,237.105,1,237.105,0,0,0,0,189.9649,1532.894,0.7664471,0.9953022,0.3172331,0,250,0.3172331,2232.472,0,0,3.789155,0,23.69632,485.8232,448.7467,37.07655,506.4798,0,1019.496,0,-1.421086e-14,1.652012e-13,4.263256e-14
mpc,2026-01-25 08:45:00,1955,8.75,30.15042,3473.424,214.2564,5.541866,55.80425,1,1,2431.397,2431.079,0,0,0,0,0,0,0,0,0,391.8393,1434.693,0.7173466,0.965241,0.3172331,0,250,0.3172331,2431.079,0,0,18.39387,0,55.80425,492.8386,492.7743,0.06430243,504.0857,0,1039.901,0,0,1.997291e-13,4.263256e-14
mpc,2026-01-25 09:00:00,1956,9,30.25801,3473.28,173.6331,5.407642,87.41005,1,1,2431.296,2430.979,125.1104,35.99041,161.1008,1,161.1008,0,0,0,0,198.4918,1384.844,0.6924221,0.9034052,0.3172331,0,250,0.3172331,2305.869,0,0,12.53227,0,87.41005,494.0034,468.5183,25.48503,522.2692,0,1066.157,0,0,-7.51621e-14,4.263256e-14
mpc,2026-01-25 09:15:00,1957,9.25,30.53771,3527.769,142.9255,1.872482,122.3431,1,1,2469.438,2469.121,0,0,0,0,0,0,0,0,0,342.7487,1298.939,0.6494695,0.8720161,0.3172331,0,250,0.3172331,2469.121,0,0,4.873279,0,122.3431,504.9096,504.8447,0.06486254,529.8594,0,1068.125,0,0,2.107203e-13,4.263256e-14
mpc,2026-01-25 09:30:00,1958,9.5,30.53537,3531.488,121.7729,6.409923,118.4434,1,1,2472.042,2471.724,317.171,112.8407,430.0117,1,106.7265,203.178,0,0,120.1072,0,1328.761,0.6643807,0.8179229,0.3172331,0,250,0.3172331,2154.553,0,0,15.04643,0,118.4434,505.4154,440.5041,64.91131,577.5608,0,1181.077,0,0,7.827072e-14,4.263256e-14
mpc,2026-01-25 09:45:00,1959,9.75,30.87689,3554.895,95.45248,11.20682,123.4627,1,1,2488.426,2488.109,0,0,0,0,0,0,0,0,0,289.2207,1256.247,0.6281235,0.8367016,0.3172331,0,250,0.3172331,2488.109,0,0,11.72492,0,123.4627,512.7031,512.6378,0.06536114,538.0754,0,1096.376,0,0,-1.231237e-13,4.263256e-14
mpc,2026-01-25 10:00:00,1960,10,31.07698,3567.927,86.84657,8.540361,124.8564,1,1,2497.549,2497.231,0,0,0,0,0,0,0,0,0,278.761,1186.359,0.5931795,0.7910403,0.3172331,0,250,0.3172331,2497.231,0,0,16.72697,0,124.8564,516.9269,516.8612,0.0656589,542.7032,0,1114.26,0,0,-3.442802e-13,4.263256e-14
mpc,2026-01-25 10:15:00,1961,10.25,31.19261,3565.628,59.00849,13.00667,145.9413,1,1,2495.94,2495.623,411.4155,140.8158,552.2313,2,56.16288,211.3045,0,0,284.7639,0,1257.363,0.6286816,0.7470329,0.3172331,0,250,0.3172331,2084.207,0,0,2.845604,0,145.9413,517.9574,432.5146,85.44276,603.6162,0,1212.141,0,0,2.772227e-13,4.263256e-14
mpc,2026-01-25 10:30:00,1962,10.5,31.56638,3601.277,58.6393,7.349672,164.2768,1,1,2520.894,2520.577,0,0,0,0,0,0,0,0,0,266.6942,1190.492,0.5952459,0.7917432,0.3172331,0,250,0.3172331,2520.577,0,0,2.122661,0,164.2768,527.6378,527.5714,0.06639873,561.9555,0,1127.573,0,0,4.440892e-15,4.263256e-14
mpc,2026-01-25 10:45:00,1963,10.75,31.69781,3624.902,60.20874,4.066171,175.9706,1,1,2537.431,2537.114,0,0,0,0,0,0,0,0,0,269.4796,1122.935,0.5614672,0.7496352,0.3172331,0,250,0.3172331,2537.114,0,0,4.058462,0,175.9706,532.7111,532.6445,0.06660027,569.588,0,1146.177,0,0,2.274847e-13,4.263256e-14
mpc,2026-01-25 11:00:00,1964,11,31.86615,3659.682,58.18496,0,201.9228,0,0,2561.777,2561.46,0,0,0,0,0,0,0,0,0,265.8825,1056.287,0.5281435,0.7070954,0.3172331,0,250,0.3172331,2561.46,0,0,9.732945,0,201.9228,539.9213,539.8544,0.06686019,0,582.4118,3220.054,0,0,-2.804423e-13,4.263256e-14
mpc,2026-01-25 11:15:00,1965,11.25,32.35061,3721.34,50.74595,3.897022,227.4172,0,0,2604.938,2604.621,0,0,0,0,0,0,0,0,0,267.1366,989.3366,0.4946683,0.6651285,0.3172331,0,250,0.3172331,2604.621,0,0,0,0,227.4172,555.2541,555.1865,0.06761965,0,603.6615,3320.139,0,0,1.325606e-13,4.263256e-14
mpc,2026-01-25 11:30:00,1966,11.5,32.49705,3724.879,49.40308,0.1277166,242.4735,0,0,2607.415,2607.098,0,0,0,0,0,0,0,0,0,261.4172,923.8266,0.4619133,0.6229708,0.3172331,0,250,0.3172331,2607.098,0,0,5.487769,0,242.4735,557.6972,557.6293,0.06785264,0,609.4917,3361.671,0,0,-3.985701e-14,4.263256e-14
mpc,2026-01-25 11:45:00,1967,11.75,32.69593,3722.709,60.56179,7.594983,232.2695,0,0,2605.896,2605.579,286.1866,126.1651,412.3516,2,0,0,412.3516,0,0,262.246,858.1197,0.4290598,0.5817201,0.3172331,0,250,0.3172331,2319.393,287.9998,0,12.33657,0,0,559.9926,498.4245,61.56807,0,624.5896,3456.523,0,0,-1.598721e-13,4.263256e-14
mpc,2026-01-25 12:00:00,1968,12,32.89108,3652.92,62.49361,3.816489,272.2836,0,0,2557.044,2556.727,292.0454,128.7479,420.7933,1,0,0,420.7933,0,0,266.9024,791.259,0.3956295,0.5403454,0.3172331,0,250,0.3172331,2264.681,293.2388,0,9.743503,0,0,552.0411,488.9228,63.11827,0,617.6708,3413.997,0,0,4.32987e-15,4.263256e-14
mpc,2026-01-25 12:15:00,1969,12.25,33.27583,3687.825,62.6641,8.022717,298.0352,0,0,2581.477,2581.16,315.3328,139.0142,454.347,1,0,0,454.347,0,0,265.2742,724.8159,0.3624079,0.4982442,0.3172331,0,250,0.3172331,2265.827,315.223,0,17.51464,0,0,562.4552,493.681,68.77419,0,632.6952,3510.036,0,0,-5.151435e-14,4.263256e-14
mpc,2026-01-25 12:30:00,1970,12.5,33.31464,3685.533,58.34725,9.024918,314.2235,0,0,2579.873,2579.556,343.407,151.3906,494.7976,1,0,0,494.7976,0,0,267.4941,657.8283,0.3289141,0.4564059,0.3172331,0,250,0.3172331,2236.149,343.1337,0,11.06495,0,0,562.629,487.6682,74.96075,0,639.0589,3533.911,0,-2.842171e-14,-2.298717e-13,4.263256e-14
mpc,2026-01-25 12:45:00,1971,12.75,33.75348,3682.176,47.42821,2.198801,326.7111,0,0,2577.523,2577.206,383.3537,169.0011,552.3548,2,0,0,552.3548,0,0,260.7474,592.5379,0.2962689,0.4142248,0.3172331,0,250,0.3172331,2193.852,381.1094,0,1.512088,0,0,568.0972,483.5345,84.56272,0,652.5356,3591.554,0,-2.842171e-14,-1.359468e-13,4.263256e-14
mpc,2026-01-25 13:00:00,1972,13,33.98981,3684.417,42.7509,0.09478684,346.8976,0,0,2579.092,2578.775,347.0176,152.9824,500,1,0,0,500,0,0,256.7026,528.2689,0.2641345,0.3731124,0.3172331,0,250,0.3172331,2231.757,344.0408,0,3.388109,0,2.856783,571.7186,494.7234,76.99524,0,648.339,3571.709,0,0,7.016609e-14,4.263256e-14
mpc,2026-01-25 13:15:00,1973,13.25,34.21015,3713.001,42.92446,2.555056,363.1571,0,0,2599.101,2598.784,422.5453,186.2787,608.8239,4,0,0,608.8239,0,0,267.7156,461.2569,0.2306284,0.3326432,0.3172331,0,250,0.3172331,2176.238,417.8473,0,0,0,0,579.2664,485.0222,94.24414,0,671.3009,3692.155,0,-2.842171e-14,-2.781109e-14,4.263256e-14
mpc,2026-01-25 13:30:00,1974,13.5,34.34781,3716.288,48.86796,5.413282,383.2304,0,0,2601.402,2601.084,347.0176,152.9824,500,1,0,0,500,0,0,274.9404,392.4492,0.1962246,0.2904467,0.3172331,0,250,0.3172331,2254.067,342.6087,0,0,0,40.62164,581.7425,504.0692,77.6733,0,666.1357,3663.746,0,0,7.410739e-14,4.263256e-14
mpc,2026-01-25 13:45:00,1975,13.75,34.57597,3718.466,58.99432,7.240395,391.4956,0,0,2602.926,2602.609,487.4524,214.8929,702.3453,4,0,0,702.3453,0,0,274.5784,323.7428,0.1618714,0.2471195,0.3172331,0,250,0.3172331,2115.157,479.9773,0,0.7866117,0,0,585.3688,475.6749,109.6939,0,690.5679,3799.48,0,-2.842171e-14,-3.771983e-14,4.263256e-14
mpc,2026-01-25 14:00:00,1976,14,35.00458,3717.477,39.60208,3.877745,404.6789,1,1,2602.234,2601.916,505.0362,222.6447,727.6809,2,0,0,727.6809,0,0,275.9493,254.7045,0.1273523,0.2038561,0.3172331,0,250,0.3172331,2096.88,494.7964,0,0,0,0,591.4844,476.6182,114.8662,699.263,0,1398.526,0,-2.842171e-14,2.8616e-14,4.263256e-14
mpc,2026-01-25 14:15:00,1977,14.25,35.25604,3722.338,36.67749,0,429.116,1,1,2605.637,2605.32,849.9425,346.8113,1196.754,4,50.28927,215.6008,746.7437,0,184.1199,0,300.6944,0.1503472,0.1603837,0.3172331,0,250,0.3172331,1755.377,506.2561,0,0,0,0,596.0053,401.5195,194.4858,748.3308,0,1496.661,0,1.136868e-13,-1.706968e-14,4.263256e-14
mpc,2026-01-25 14:30:00,1978,14.5,35.34658,3716.574,43.41734,0,460.6815,1,1,2601.602,2601.285,1122.773,428.4508,1551.224,4,59.20625,214.6239,777.3936,0,500,0,425.6471,0.2128235,0.1893429,0.3172331,0,250,0.3172331,1478.512,526.4722,0,0,0,0,596.441,338.9623,257.4787,767.4131,0,1534.826,0,0,-4.066192e-14,4.263256e-14
mpc,2026-01-25 14:45:00,1979,14.75,35.50258,3699.074,62.13276,0,491.1337,1,1,2589.352,2589.035,1125.737,428.8493,1554.586,4,66.83997,212.9785,774.7677,0,500,0,550.5801,0.27529,0.2680237,0.3172331,0,250,0.3172331,1463.298,523.727,0,0,0,0,595.9772,336.7994,259.1778,765.6487,0,1531.297,0,1.705303e-13,9.248158e-14,4.263256e-14
mpc,2026-01-25 15:00:00,1980,15,35.76069,3673.139,51.10558,0,496.4783,1,1,2571.197,2570.88,594.8103,254.7995,849.6097,2,62.39207,0,787.2177,0,0,212.9426,497.2577,0.2486289,0.3466922,0.3172331,0,250,0.3172331,1976.069,530.5174,0,0,0,0,595.6913,457.813,137.8783,712.6124,0,1425.225,0,0,-2.059464e-14,4.263256e-14
mpc,2026-01-25 15:15:00,1981,15.25,35.94544,3702.26,52.33541,0,516.166,1,1,2591.582,2591.264,1129.211,431.2408,1560.452,4,59.61138,210.1753,790.665,0,500,0,622.1794,0.3110897,0.3131159,0.3172331,0,250,0.3172331,1462.053,531.672,0,0,0,0,603.2543,340.3288,262.9254,771.5696,0,1543.139,0,-5.684342e-14,-1.066369e-13,4.263256e-14
mpc,2026-01-25 15:30:00,1982,15.5,36.07091,3710.344,68.88659,0,504.4909,1,1,2597.241,2596.924,1116.611,425.8006,1542.412,4,58.6492,210.3728,773.3898,0,500,0,747.0815,0.3735407,0.3917773,0.3172331,0,250,0.3172331,1480.312,519.2792,0,10.23739,0,0,606.5203,345.6898,260.8305,771.4904,0,1560.64,0,-5.684342e-14,2.103873e-14,4.263256e-14
mpc,2026-01-25 15:45:00,1983,15.75,36.2938,3699.609,78.26098,0,499.6143,1,1,2589.727,2589.409,1126.949,429.3346,1556.284,4,67.25455,208.6884,780.3411,0,500,0,871.9639,0.435982,0.4704263,0.3172331,0,250,0.3172331,1462.46,522.5552,0,11.00643,0,0,608.2479,343.4873,264.7606,772.8219,0,1564.63,0,-5.684342e-14,-1.179057e-13,4.263256e-14
mpc,2026-01-25 16:00:00,1984,16,36.46817,3670.999,68.27902,0,495.4322,1,1,2569.699,2569.382,1113.409,422.9589,1536.368,4,70.67105,205.2699,760.427,0,500,0,996.8266,0.4984133,0.5490629,0.3172331,0,250,0.3172331,1455.973,508.1589,0,0,0,0,606.2755,343.5113,262.7642,766.4702,0,1532.94,0,-1.136868e-13,2.29039e-13,4.263256e-14
mpc,2026-01-25 16:15:00,1985,16.25,36.43868,3706.762,67.1639,0,474.3632,1,1,2594.733,2594.416,1110.102,419.6498,1529.752,4,86.23407,205.8209,737.6972,0,500,0,1121.67,0.5608348,0.6276871,0.3172331,0,250,0.3172331,1484.314,493.1436,0,0,0,0,611.7136,349.9299,261.7837,769.5797,0,1539.159,0,-5.684342e-14,-3.111955e-13,4.263256e-14
mpc,2026-01-25 16:30:00,1986,16.5,36.28596,3675.722,83.22145,0,456.3997,1,1,2573.005,2572.688,573.1579,241.3172,814.4751,3,95.48643,0,718.9887,0,0,202.962,1070.753,0.5353763,0.706299,0.3172331,0,250,0.3172331,1999.53,481.5156,0,0,0,0,604.1982,469.5336,134.6646,710.8508,0,1421.702,0,-2.842171e-14,-3.207434e-13,4.263256e-14
mpc,2026-01-25 16:45:00,1987,16.75,36.43413,3675.081,96.05932,2.719498,441.4734,1,1,2572.557,2572.24,580.206,242.2897,822.4956,4,113.4308,0,709.0649,0,0,202.0733,1020.066,0.5100329,0.6742372,0.3172331,0,250,0.3172331,1992.034,474.029,0,0,0,0,606.4139,469.5705,136.8434,711.8602,0,1423.72,0,0,-5.973e-14,4.263256e-14
mpc,2026-01-25 17:00:00,1988,17,36.74057,3621.364,126.2004,0,420.9802,1,1,2534.955,2534.638,1117.59,417.1821,1534.772,4,134.7268,197.6873,702.358,0,500,0,1144.905,0.5724526,0.6423205,0.3172331,0,250,0.3172331,1417.048,467.8234,0,0,0,0,602.3363,336.7079,265.6284,753.89,0,1507.78,0,-1.705303e-13,-4.796164e-14,4.263256e-14
mpc,2026-01-25 17:15:00,1989,17.25,36.67791,3634.171,167.4755,3.878154,399.6578,1,1,2543.919,2543.602,1122.697,415.37,1538.067,4,168.8864,196.3386,672.8424,0,500,0,1269.725,0.6348625,0.72093,0.3172331,0,250,0.3172331,1420.905,448.5011,0,0,0,0,603.478,337.0723,266.4057,752.4424,0,1504.885,0,-5.684342e-14,-5.329071e-15,4.263256e-14
mpc,2026-01-25 17:30:00,1990,17.5,36.68784,3630.291,198.4854,4.954045,388.9801,1,1,2541.204,2540.887,595.7538,238.9889,834.7427,3,198.7959,0,635.9468,0,0,194.4133,1220.922,0.6104609,0.7995272,0.3172331,0,250,0.3172331,1945.133,423.8568,0,0,0,0,602.9901,461.5513,141.4388,700.5402,0,1401.08,0,-5.684342e-14,-1.366685e-13,4.263256e-14
mpc,2026-01-25 17:45:00,1991,17.75,36.87499,3581.814,234.083,1.25805,370.4667,1,1,2507.269,2506.952,1125.611,408.3246,1533.935,4,238.9084,190.9519,604.075,0,500,0,1345.729,0.6728648,0.7687965,0.3172331,0,250,0.3172331,1381.342,401.7099,0,0,0,0,597.8584,329.3809,268.4775,737.7056,0,1475.411,0,1.136868e-13,4.707346e-13,4.263256e-14
mpc,2026-01-25 18:00:00,1992,18,37.09223,3564.285,258.5435,0,364.8592,1,1,2494.999,2494.682,990.193,344.8824,1335.075,4,270.3771,1.335539,563.3628,0,500,0,1470.518,0.7352589,0.8473862,0.3172331,0,250,0.3172331,1504.489,373.6572,0,0,0,0,598.3421,360.8014,237.5407,705.6838,0,1411.368,0,1.136868e-13,-3.885781e-14,4.263256e-14
mpc,2026-01-25 18:15:00,1993,18.25,37.07118,3517.258,289.0313,0,365.3748,1,1,2462.08,2461.763,1001.28,344.8996,1346.18,4,311.32,3.294289,531.5653,0,500,0,1595.286,0.7976431,0.9259634,0.3172331,0,250,0.3172331,1460.483,352.6566,0,0,0,12.71813,590.1198,350.0535,240.0662,698.0014,0,1396.003,0,-1.136868e-13,2.468026e-13,4.263256e-14
mpc,2026-01-25 18:30:00,1994,18.5,37.18698,3494.467,329.4549,0,335.9826,1,0,2446.127,2445.81,347.0176,152.9824,500,1,0,0,500,0,0,346.2966,1508.461,0.7542305,1.004528,0.3172331,0,250,0.3172331,2098.792,331.2521,0,0,0,4.730594,588.0916,504.5863,83.50536,658.706,0,1317.412,0,0,-2.655653e-13,4.263256e-14
mpc,2026-01-25 18:45:00,1995,18.75,37.21874,3447.294,361.9136,0,312.2686,0,0,2413.106,2412.789,329.9721,145.4679,475.44,1,0,0,475.44,0,0,370.8125,1415.52,0.7077602,0.9498557,0.3172331,0,250,0.3172331,2082.817,314.8602,0,0,0,0,580.6404,501.1664,79.47406,0,646.6342,3556.488,0,-2.842171e-14,3.467226e-13,4.263256e-14
mpc,2026-01-25 19:00:00,1996,19,37.06281,3444.738,390.2507,0,272.8716,0,0,2411.316,2410.999,307.9816,135.7734,443.755,1,0,0,443.755,0,0,391.8544,1317.334,0.6586669,0.8913324,0.3172331,0,250,0.3172331,2103.017,294.4303,0,3.171486,0,0,577.825,503.9472,73.87781,0,639.7206,3523.934,0,-2.842171e-14,2.674527e-13,4.263256e-14
mpc,2026-01-25 19:15:00,1997,19.25,36.70183,3461.002,405.0444,0,257.3123,0,0,2422.701,2422.384,266.1113,117.3149,383.4262,1,0,0,383.4262,0,0,407.9782,1215.132,0.607566,0.8295058,0.3172331,0,250,0.3172331,2156.273,255.5096,0,0,0,1.802667,575.0811,511.8385,63.24265,0,629.5813,3462.697,0,-1.421086e-14,3.308465e-14,4.263256e-14
mpc,2026-01-25 19:30:00,1998,19.5,36.4735,3427.132,416.5341,0,246.1758,0,0,2398.992,2398.675,254.7835,112.3211,367.1046,1,0,0,367.1046,0,0,410.0715,1112.423,0.5562114,0.7651508,0.3172331,0,250,0.3172331,2143.892,245.3037,0,8.496643,0,0.8720531,566.0785,505.8836,60.19488,0,618.4104,3415.914,0,-2.842171e-14,1.865175e-14,4.263256e-14
mpc,2026-01-25 19:45:00,1999,19.75,36.39814,3403.968,394.6329,0,212.7832,0,0,2382.778,2382.461,225.2488,99.30074,324.5496,1,0,0,324.5496,0,0,402.8039,1011.547,0.5057734,0.7004763,0.3172331,0,250,0.3172331,2157.212,217.0636,0,0,0,0,561.1547,508.0329,53.1218,0,607.3336,3340.335,0,-1.421086e-14,-8.371082e-14,4.263256e-14
mpc,2026-01-25 20:00:00,2000,20,36.31409,3401.087,390.9219,0,217.8561,0,0,2380.761,2380.444,214.0446,94.36134,308.4059,1,0,0,308.4059,0,0,391.1127,913.6093,0.4568047,0.6369562,0.3172331,0,250,0.3172331,2166.399,206.4738,0,1.377564,0,11.38227,559.4616,509.0881,50.37347,0,606.1242,3336.06,0,-2.842171e-14,-6.67244e-14,4.263256e-14
mpc,2026-01-25 20:15:00,2001,20.25,36.09563,3341.221,347.9025,0,187.5884,0,0,2338.855,2338.537,186.5192,82.22682,268.746,1,0,0,268.746,0,0,365.5506,822.0779,0.4110389,0.5752864,0.3172331,0,250,0.3172331,2152.018,180.3917,0,0,0,7.19668,546.5277,502.8691,43.65867,0,586.7776,3227.276,0,0,-1.576517e-14,4.263256e-14
mpc,2026-01-25 20:30:00,2002,20.5,35.81888,3340.937,329.4641,0,150.657,0,0,2338.656,2338.339,168.7459,74.39148,243.1374,1,0,0,243.1374,0,0,342.0949,736.4247,0.3682124,0.5176504,0.3172331,0,250,0.3172331,2169.593,163.7406,0,0,0,0,542.6212,503.3947,39.22648,0,577.7862,3177.824,0,0,1.945111e-13,4.263256e-14
mpc,2026-01-25 20:45:00,2003,20.75,35.43494,3322.799,316.4715,0.1743698,116.1951,0,0,2325.959,2325.642,138.3508,60.99182,199.3426,1,0,0,199.3426,0,0,308.5923,659.1607,0.3295804,0.4637158,0.3172331,0,250,0.3172331,2187.291,134.8594,0,8.356397,0,0,534.4382,502.5763,31.86191,0,563.5681,3114.04,0,0,1.105782e-13,4.263256e-14
mpc,2026-01-25 21:00:00,2004,21,35.03219,3319.448,275.877,0,100.628,0,0,2323.613,2323.296,130.9663,57.73637,188.7027,1,0,0,188.7027,0,0,278.796,589.3579,0.294679,0.4150638,0.3172331,0,250,0.3172331,2192.33,128.2692,0,0,0,0,528.5193,498.6581,29.8612,0,556.3945,3060.17,0,-1.421086e-14,-1.626477e-14,4.263256e-14
mpc,2026-01-25 21:15:00,2005,21.25,34.82459,3242.423,243.5228,0,92.61264,0,0,2269.696,2269.379,119.7461,52.78997,172.5361,1,0,0,172.5361,0,0,241.0736,528.9968,0.2644984,0.3711101,0.3172331,0,250,0.3172331,2149.633,117.5667,0,3.152017,0,0,513.5879,486.4199,27.16799,0,539.2098,2971.091,0,-1.421086e-14,2.157163e-13,4.263256e-14
mpc,2026-01-25 21:30:00,2006,21.5,34.41856,3222.607,207.3703,0,76.47717,0,0,2255.825,2255.507,0,0,0,0,0,0,0,0,0,198.388,479.3165,0.2396582,0.3331015,0.3172331,0,250,0.3172331,2255.507,0,0,9.933721,0,76.47717,505.3418,505.2707,0.07106543,0,522.4029,2890.352,0,0,1.79301e-14,4.263256e-14
mpc,2026-01-25 21:45:00,2007,21.75,34.20948,3224.685,167.5873,3.620741,74.65326,0,0,2257.279,2256.962,0,0,0,0,0,0,0,0,0,176.4022,435.1405,0.2175702,0.3018186,0.3172331,0,250,0.3172331,2256.962,0,0,0,2.152918,74.65326,503.0757,503.005,0.07070115,0,519.6428,2861.749,0,0,1.831868e-14,4.263256e-14
mpc,2026-01-25 22:00:00,2008,22,33.89071,3253.656,141.4461,1.307142,92.56858,0,0,2277.559,2277.242,0,0,0,0,0,0,0,0,0,147.4048,398.2208,0.1991104,0.2740016,0.3172331,0,250,0.3172331,2277.242,0,0,0,0.7207935,92.56858,503.6595,503.5894,0.07015293,0,524.06,2883.573,0,0,9.803269e-14,4.263256e-14
mpc,2026-01-25 22:15:00,2009,22.25,33.61494,3220.852,123.3378,1.399573,86.71901,0,0,2254.597,2254.279,0,0,0,0,0,0,0,0,0,127.989,366.1609,0.1830804,0.2507538,0.3172331,0,250,0.3172331,2254.279,0,0,0,1.178394,86.71901,495.2592,495.1895,0.06968546,0,514.2387,2830.346,0,0,1.029177e-13,4.263256e-14
mpc,2026-01-25 22:30:00,2010,22.5,33.66581,3193.108,105.8361,4.118105,82.9193,0,0,2235.176,2234.858,0,0,0,0,0,0,0,0,0,105.0185,339.8486,0.1699243,0.2305661,0.3172331,0,250,0.3172331,2234.858,0,0,1.381718,3.553996,82.9193,491.5974,491.5276,0.06977123,0,509.7646,2812.22,0,0,-9.331424e-14,4.263256e-14
mpc,2026-01-25 22:45:00,2011,22.75,33.43771,3196.719,95.07456,0,76.33029,0,0,2237.703,2237.386,0,0,0,0,0,0,0,0,0,86.66512,318.1288,0.1590644,0.2139977,0.3172331,0,250,0.3172331,2237.386,0,0,9.166691,0,76.33029,489.4523,489.3829,0.06938832,0,506.0787,2799.245,0,0,-9.967027e-14,4.263256e-14
mpc,2026-01-25 23:00:00,2012,23,33.15494,3193.499,80.56935,0,56.76526,0,0,2235.449,2235.132,0,0,0,0,0,0,0,0,0,82.29336,297.5054,0.1487527,0.2003211,0.3172331,0,250,0.3172331,2235.132,0,0,0,0,56.76526,485.655,485.5861,0.06891941,0,497.9184,2738.551,0,0,-1.81799e-14,4.263256e-14
mpc,2026-01-25 23:15:00,2013,23.25,32.89242,3210.021,58.80381,0,40.93043,0,0,2247.015,2246.698,0,0,0,0,0,0,0,0,0,74.21488,278.9048,0.1394524,0.1873348,0.3172331,0,250,0.3172331,2246.698,0,0,0,0,40.93043,485.1243,485.0558,0.06848973,0,493.8925,2716.409,0,0,4.152234e-14,4.263256e-14
mpc,2026-01-25 23:30:00,2014,23.5,32.45977,3196.053,66.97457,0,31.44386,0,1,2237.237,2236.92,463.5231,136.4769,600,4,70.50611,0,29.49389,0,500,0,403.8609,0.2019305,0.1756223,0.3172331,0,250,0.3172331,1773.397,20.65521,0,0,0,10.78864,478.1008,378.9774,99.12335,0,517.7599,2847.679,0,0,-5.906386e-14,4.263256e-14
mpc,2026-01-25 23:45:00,2015,23.75,32.39535,3206.125,61.22616,1.69056,20.98902,1,1,2244.287,2243.97,435.3208,125.2298,560.5506,3,60.5375,0.01312325,0,0,500,0,528.7974,0.2643987,0.2543053,0.3172331,0,250,0.3172331,1808.649,0,0,0.6886644,1.677437,20.98902,478.8823,385.9266,92.95571,515.635,0,1035.351,0,-1.421086e-14,-1.962319e-13,4.263256e-14
mpc,2026-01-26 00:00:00,2016,0,32.26522,3185.084,48.12099,3.22913,43.85146,1,1,2229.559,2229.241,439.6388,126.4741,566.1129,2,66.08025,0.03264411,0,0,500,0,653.7141,0.3268571,0.332976,0.3172331,0,250,0.3172331,1789.602,0,0,0,3.196486,43.85146,474.2908,380.6996,93.59123,516.5021,0,1038.518,0,0,-1.820766e-14,4.263256e-14
mpc,2026-01-26 00:15:00,2017,0.25,31.95599,3196.15,42.13598,2.202054,47.43871,1,1,2237.305,2236.988,388.0947,111.9053,500,1,61.30756,2.468302,0,0,436.2241,0,762.6672,0.3813336,0.4116342,0.3172331,0,250,0.3172331,1848.893,0,0,0,0,47.43871,472.5196,390.4869,82.03273,512.4112,0,1024.822,0,-5.684342e-14,2.294276e-13,4.263256e-14
mpc,2026-01-26 00:30:00,2018,0.5,31.74984,3226.859,38.34519,0,48.15844,1,1,2258.802,2258.484,439.5473,126.7957,566.343,2,63.03769,3.305312,0,0,500,0,887.5472,0.4437736,0.4802404,0.3172331,0,250,0.3172331,1818.937,0,0,0,0,48.15844,474.7857,382.329,92.45674,519.2472,0,1038.495,0,-1.421086e-14,-2.814415e-14,4.263256e-14
mpc,2026-01-26 00:45:00,2019,0.75,31.43028,3212.014,39.56557,1.464566,45.1495,1,1,2248.41,2248.092,0,0,0,0,0,0,0,0,0,0,887.4075,0.4437037,0.5588755,0.3172331,0,250,0.3172331,2248.092,0,0,39.56557,1.464566,45.1495,469.1351,469.0689,0.06619131,478.4895,0,1027.756,0,0,-1.998401e-15,4.263256e-14
mpc,2026-01-26 01:00:00,2020,1,31.25608,3202.334,43.52155,5.158038,16.69909,1,1,2241.633,2241.316,388.1738,111.8262,500,1,52.86991,1.50977,0,0,445.6203,0,998.6729,0.4993364,0.5587875,0.3172331,0,250,0.3172331,1853.142,0,0,0,3.648268,16.69909,465.8587,385.1221,80.73663,500.4187,0,1007.131,0,2.842171e-14,6.661338e-16,4.263256e-14
mpc,2026-01-26 01:15:00,2021,1.25,30.86127,3244.172,40.29948,2.625466,14.83359,1,1,2270.921,2270.603,428.9888,123.442,552.4309,3,52.10048,0.330381,0,0,500,0,1123.516,0.5617578,0.6288497,0.3172331,0,250,0.3172331,1841.614,0,0,0,2.295085,14.83359,467.7237,379.3029,88.42081,505.8001,0,1015.559,0,2.842171e-14,-2.114975e-13,4.263256e-14
mpc,2026-01-26 01:30:00,2022,1.5,30.68574,3218.264,28.85212,0,2.722739,1,1,2252.785,2252.467,462.1151,137.8849,600,4,53.45225,0.4039763,46.14378,0,500,0,1248.339,0.6241694,0.7074613,0.3172331,0,250,0.3172331,1790.352,32.97038,0,0,0,0,462.1505,367.2842,94.8663,505.1691,0,1010.338,0,5.684342e-14,-3.258505e-13,4.263256e-14
mpc,2026-01-26 01:45:00,2023,1.75,30.67833,3191.643,30.84008,0,0,1,1,2234.15,2233.833,388.2353,111.7647,500,1,49.68234,0.7648432,0,0,449.5528,0,1360.531,0.6802652,0.7860606,0.3172331,0,250,0.3172331,1845.597,0,0,0,0,0,458.2511,378.5543,79.69682,490.319,0,980.638,0,0,-4.001244e-13,4.263256e-14
mpc,2026-01-26 02:00:00,2024,2,30.54008,3155.922,49.74617,0,21.37299,1,1,2209.146,2208.828,387.9585,112.0415,500,1,57.72469,4.118273,0,0,438.157,0,1469.855,0.7349278,0.8567061,0.3172331,0,250,0.3172331,1820.87,0,0,0,0,21.37299,451.7134,372.321,79.39238,488.7328,0,977.4656,0,-5.684342e-14,2.147171e-13,4.263256e-14
mpc,2026-01-26 02:15:00,2025,2.25,30.2764,3150.31,51.45208,0,21.07866,1,1,2205.217,2204.9,428.2059,123.2334,551.4392,3,50.95299,0.4862542,0,0,500,0,1594.624,0.7973121,0.9255465,0.3172331,0,250,0.3172331,1776.694,0,0,0.4990885,0,21.07866,448.2517,361.1463,87.10535,488.6643,0,978.1896,0,-2.842171e-14,1.948441e-13,4.263256e-14
mpc,2026-01-26 02:30:00,2026,2.5,30.22512,3165.528,60.79732,0,21.13393,1,1,2215.87,2215.552,388.2324,111.7676,500,1,47.92616,0.8001179,0,0,451.2737,0,1707.192,0.8535958,1.004112,0.3172331,0,250,0.3172331,1827.32,0,0,12.87116,0,21.13393,449.9012,371.0116,78.88953,487.0702,0,996.3431,0,-5.684342e-14,-1.716405e-13,4.263256e-14
mpc,2026-01-26 02:45:00,2027,2.75,30.31395,3169.269,49.82952,0.09562098,20.85196,1,1,2218.488,2218.171,428.3012,123.2334,551.5346,2,51.30565,0.2289833,0,0,500,0,1831.923,0.9159614,1.074993,0.3172331,0,250,0.3172331,1789.87,0,0,0,0,20.85196,451.3283,364.1304,87.19794,491.6059,0,983.2119,0,-2.842171e-14,-2.651213e-13,4.263256e-14
mpc,2026-01-26 03:00:00,2028,3,30.2531,3242.24,52.51978,0.8189788,36.86381,1,1,2269.568,2269.251,251.7496,72.60499,324.3546,1,49.15825,1.734072,0,0,273.4623,0,1900,0.95,1.153535,0.3172331,0,250,0.3172331,2017.501,0,0,3.361533,0,36.86381,461.092,409.8814,51.21064,489.9757,0,985.7501,0,-4.263256e-14,-1.820766e-14,4.263256e-14
mpc,2026-01-26 03:15:00,2029,3.25,30.12188,3222.861,53.44766,0,20.99895,1,1,2256.003,2255.685,0,0,0,0,0,0,0,0,0,50.95459,1886.962,0.9434811,1.196402,0.3172331,0,250,0.3172331,2255.685,0,0,7.551921,0,20.99895,456.9959,456.9316,0.06426154,461.1853,0,935.3977,0,0,2.564615e-13,4.263256e-14
mpc,2026-01-26 03:30:00,2030,3.5,29.88765,3205.008,75.59462,0,21.04136,1,1,2243.506,2243.189,0,0,0,0,0,0,0,0,0,58.54981,1872.028,0.9360139,1.188192,0.3172331,0,250,0.3172331,2243.189,0,0,25.46308,0,21.04136,452.1048,452.0408,0.06392789,456.281,0,956.4859,0,0,-2.307043e-13,4.263256e-14
mpc,2026-01-26 03:45:00,2031,3.75,29.83062,3213.384,88.66389,0,26.42407,1,1,2249.369,2249.052,0,0,0,0,0,0,0,0,0,66.83155,1855.025,0.9275126,1.178788,0.3172331,0,250,0.3172331,2249.052,0,0,29.49618,0,26.42407,452.714,452.6501,0.06384717,457.9683,0,966.8175,0,0,2.018385e-13,4.263256e-14
mpc,2026-01-26 04:00:00,2032,4,29.98122,3255.057,76.57591,0,27.0443,1,1,2278.54,2278.223,198.2014,57.65666,255.858,1,68.76858,6.02205,0,0,181.0674,0,1900,0.95,1.168082,0.3172331,0,250,0.3172331,2080.021,0,0,7.807331,0,27.0443,460.1191,420.031,40.08803,483.1489,0,979.7654,0,1.421086e-14,2.482459e-13,4.263256e-14
mpc,2026-01-26 04:15:00,2033,4.25,29.63167,3247.346,84.16271,0,28.61637,1,1,2273.142,2272.825,0,0,0,0,0,0,0,0,0,89.79791,1877.251,0.9386257,1.196402,0.3172331,0,250,0.3172331,2272.825,0,0,0,0,28.61637,455.4924,455.4288,0.06356718,461.163,0,922.326,0,0,-7.127632e-14,4.263256e-14
mpc,2026-01-26 04:30:00,2034,4.5,29.69144,3258.69,111.3552,0,27.39862,1,1,2281.083,2280.766,0,0,0,0,0,0,0,0,0,106.7289,1850.274,0.9251368,1.182078,0.3172331,0,250,0.3172331,2280.766,0,0,8.436225,0,27.39862,457.6866,457.6229,0.06365105,463.1203,0,940.7931,0,0,2.347012e-13,4.263256e-14
mpc,2026-01-26 04:45:00,2035,4.75,29.65789,3270.148,123.7943,0,37.34122,1,1,2289.103,2288.786,0,0,0,0,0,0,0,0,0,123.7359,1819.048,0.9095242,1.16509,0.3172331,0,250,0.3172331,2288.786,0,0,2.693489,0,37.34122,458.9559,458.8923,0.06360395,466.3791,0,937.4045,0,0,-4.440892e-16,4.263256e-14
mpc,2026-01-26 05:00:00,2036,5,29.81827,3264.827,137.0914,0,48.7477,1,1,2285.379,2285.061,117.3189,33.74905,151.068,1,151.068,0,0,0,0,3.365249,1817.921,0.9089604,1.145428,0.3172331,0,250,0.3172331,2167.742,0,0,0,0,48.7477,459.8357,436.1664,23.66929,479.7238,0,959.4476,0,0,-3.865797e-13,4.263256e-14
mpc,2026-01-26 05:15:00,2037,5.25,29.77922,3272.55,178.612,0.7717442,48.25627,1,1,2290.785,2290.468,0,0,0,0,0,0,0,0,0,197.6862,1768.213,0.8841065,1.144718,0.3172331,0,250,0.3172331,2290.468,0,0,0,0,48.25627,460.5255,460.4617,0.0637746,470.1628,0,940.3257,0,0,-2.264855e-13,4.263256e-14
mpc,2026-01-26 05:30:00,2038,5.5,29.49282,3251.23,230.5829,2.129401,44.57214,1,1,2275.861,2275.544,0,0,0,0,0,0,0,0,0,235.6946,1709.011,0.8545055,1.113418,0.3172331,0,250,0.3172331,2275.544,0,0,0,0.9638385,44.57214,454.6457,454.5824,0.06337323,463.4865,0,928.6356,0,0,4.241052e-13,4.263256e-14
mpc,2026-01-26 05:45:00,2039,5.75,29.76788,3200.94,277.8388,3.021693,54.7365,1,1,2240.658,2240.341,0,0,0,0,0,0,0,0,0,276.2682,1639.675,0.8198375,1.076139,0.3172331,0,250,0.3172331,2240.341,0,0,1.750351,2.841911,54.7365,450.3352,450.2715,0.0637586,461.2726,0,930.4669,0,0,6.727951e-14,4.263256e-14
mpc,2026-01-26 06:00:00,2040,6,29.64642,3217.973,321.8761,1.70744,42.11252,1,1,2252.581,2252.264,0,0,0,0,0,0,0,0,0,319.9258,1559.435,0.7797177,1.032479,0.3172331,0,250,0.3172331,2252.264,0,0,2.35246,1.305279,42.11252,451.5192,451.4556,0.06358786,459.8969,0,926.1033,0,0,-1.152412e-13,4.263256e-14
mpc,2026-01-26 06:15:00,2041,6.25,29.79892,3268.957,374.5224,1.327927,42.63914,1,1,2288.27,2287.953,0,0,0,0,0,0,0,0,0,360.1426,1469.154,0.7345771,0.9819536,0.3172331,0,250,0.3172331,2287.953,0,0,15.58218,0.1255379,42.63914,460.2203,460.1565,0.06380239,468.7321,0,964.5601,0,0,-2.312595e-13,4.263256e-14
mpc,2026-01-26 06:30:00,2042,6.5,29.84594,3288.093,407.9015,0,73.97273,1,1,2301.665,2301.348,0,0,0,0,0,0,0,0,0,383.9425,1372.937,0.6864687,0.9251049,0.3172331,0,250,0.3172331,2301.348,0,0,25.75467,0,73.97273,463.3965,463.3326,0.06386883,478.2256,0,1000.878,0,0,2.364775e-13,4.263256e-14
mpc,2026-01-26 06:45:00,2043,6.75,29.92113,3280.425,421.8564,1.723036,79.19972,1,1,2296.297,2295.98,0,0,0,0,0,0,0,0,0,408.4118,1270.618,0.6353091,0.8645185,0.3172331,0,250,0.3172331,2295.98,0,0,15.35945,0,79.19972,463.0868,463.0228,0.06397537,478.9948,0,984.4846,0,0,-2.624567e-13,4.263256e-14
mpc,2026-01-26 07:00:00,2044,7,30.03559,3297.514,426.2904,4.502224,88.38928,1,1,2308.26,2307.942,0,0,0,0,0,0,0,0,0,424.1594,1164.378,0.5821892,0.8000897,0.3172331,0,250,0.3172331,2307.942,0,0,4.402655,2.230519,88.38928,466.6842,466.6201,0.06413822,484.4906,0,980.4235,0,0,-2.772227e-13,4.263256e-14
mpc,2026-01-26 07:15:00,2045,7.25,30.07669,3355.623,416.6181,13.94523,81.37244,1,1,2348.936,2348.619,0,0,0,0,0,0,0,0,0,415.4085,1060.343,0.5301715,0.733192,0.3172331,0,250,0.3172331,2348.619,0,0,2.694986,12.45987,81.37244,475.3426,475.2785,0.0641969,491.7454,0,1009.633,0,0,-1.867395e-13,4.263256e-14
mpc,2026-01-26 07:30:00,2046,7.5,30.22937,3346.021,403.4203,6.806025,83.07559,1,1,2342.214,2341.897,0,0,0,0,0,0,0,0,0,399.9793,960.1812,0.4800906,0.6676824,0.3172331,0,250,0.3172331,2341.897,0,0,4.580313,5.666696,83.07559,475.5989,475.5344,0.06441583,492.4034,0,1002.483,0,0,6.827872e-14,4.263256e-14
mpc,2026-01-26 07:45:00,2047,7.75,30.41219,3369.481,372.1575,15.92269,68.08946,1,1,2358.637,2358.32,0,0,0,0,0,0,0,0,0,371.9812,867.0347,0.4335174,0.604612,0.3172331,0,250,0.3172331,2358.32,0,0,3.224903,12.87416,68.08946,480.8973,480.8326,0.06467995,494.7152,0,1017.201,0,0,1.375566e-13,4.263256e-14
mpc,2026-01-26 08:00:00,2048,8,30.6728,3392.827,316.8994,271.7511,64.98671,1,1,2374.979,2374.661,0,0,0,0,0,0,0,0,0,414.0614,763.3829,0.3816914,0.5459591,0.3172331,0,250,0.3172331,2374.661,0,0,0,185.6643,64.98671,487.0759,487.0109,0.06506021,500.3388,0,1320.948,0,0,1.767475e-13,4.263256e-14
mpc,2026-01-26 08:15:00,2049,8.25,30.85741,3436.454,278.4806,272.3156,66.19208,1,1,2405.517,2405.2,0,0,0,0,0,0,0,0,0,372.9775,670.0183,0.3350092,0.480691,0.3172331,0,250,0.3172331,2405.2,0,0,0,185.5617,66.19208,495.4023,495.337,0.0653323,508.9688,0,1338.032,0,0,-6.505907e-14,4.263256e-14
mpc,2026-01-26 08:30:00,2050,8.5,31.0798,3434.92,224.0304,271.0996,71.52554,1,1,2404.444,2404.127,185.7371,53.43084,239.1679,1,239.1679,0,0,0,0,89.98576,647.4164,0.3237082,0.4219007,0.3172331,0,250,0.3172331,2218.39,0,0,0,181.1138,71.52554,497.6886,459.1778,38.51081,527.4135,0,1367.248,0,-1.421086e-14,4.224399e-14,4.263256e-14
mpc,2026-01-26 08:45:00,2051,8.75,31.44488,3485.296,182.023,275.654,65.61398,1,1,2439.707,2439.39,611.361,185.5364,796.8974,2,205.9709,90.92654,0,0,500,0,772.3145,0.3861573,0.4076686,0.3172331,0,250,0.3172331,1828.029,0,0,0,184.7274,65.61398,509.2205,381.5498,127.6707,580.7812,0,1480.217,0,1.136868e-13,1.659228e-13,4.263256e-14
mpc,2026-01-26 09:00:00,2052,9,31.52873,3486.865,159.4866,279.7573,97.32882,1,1,2440.805,2440.488,194.2473,65.65516,259.9025,1,167.9453,91.95723,0,0,0,0,772.1929,0.3860965,0.4863151,0.3172331,0,250,0.3172331,2246.241,0,0,0,187.8,97.32882,510.4322,469.744,40.68822,555.753,0,1435.461,0,0,2.224332e-13,4.263256e-14
mpc,2026-01-26 09:15:00,2053,9.25,31.75115,3522.873,115.4144,279.0723,110.6862,1,1,2466.011,2465.694,458.2973,141.7027,600,4,140.7691,92.78996,0,0,366.441,0,863.6816,0.4318408,0.4862386,0.3172331,0,250,0.3172331,2007.396,0,0,0,186.2823,110.6862,518.3556,421.9548,96.40078,586.9238,0,1495.185,0,-5.684342e-14,-5.17919e-14,4.263256e-14
mpc,2026-01-26 09:30:00,2054,9.5,32.03601,3564.695,89.35589,277.4118,102.5846,1,1,2495.286,2494.969,347.0044,109.8811,456.8855,1,114.919,94.61346,0,0,247.353,0,925.3839,0.462692,0.5438477,0.3172331,0,250,0.3172331,2147.965,0,0,0,182.7983,102.5846,527.9869,454.4958,73.49107,586.0831,0,1487.493,0,-4.263256e-14,-1.924017e-13,4.263256e-14
mpc,2026-01-26 09:45:00,2055,9.75,32.40092,3619.498,72.25071,278.5648,128.0305,1,1,2533.648,2533.331,0,0,0,0,0,0,0,0,0,188.3257,878.1568,0.4390784,0.5827007,0.3172331,0,250,0.3172331,2533.331,0,0,0,180.2977,128.0305,540.6964,540.6287,0.06769952,567.9512,0,1446.916,0,0,4.296563e-14,4.263256e-14
mpc,2026-01-26 10:00:00,2056,10,32.62853,3668.527,54.26756,284.2951,152.96,1,1,2567.969,2567.652,110.6501,39.34992,150,1,79.27155,0,70.72845,0,0,98.24048,853.4584,0.4267292,0.5529625,0.3172331,0,250,0.3172331,2457.002,49.43719,0,0,186.0547,103.5228,550.9644,527.1561,23.80832,588.7171,0,1498.378,0,-1.421086e-14,2.068345e-13,4.263256e-14
mpc,2026-01-26 10:15:00,2057,10.25,32.88403,3639.565,60.60337,276.406,182.1363,1,1,2547.695,2547.378,0,0,0,0,0,0,0,0,0,159.5295,813.4417,0.4067209,0.5374103,0.3172331,0,250,0.3172331,2547.378,0,0,2.9979,174.482,182.1363,549.9307,549.8623,0.06847609,589.1771,0,1484.507,0,0,2.076117e-14,4.263256e-14
mpc,2026-01-26 10:30:00,2058,10.5,33.08712,3683.415,52.04515,276.9032,190.673,1,1,2578.39,2578.073,0,0,0,0,0,0,0,0,0,155.9105,774.336,0.387168,0.5122123,0.3172331,0,250,0.3172331,2578.073,0,0,0,178.6117,190.673,559.2533,559.1845,0.0688079,600.5415,0,1509.188,0,0,9.381385e-14,4.263256e-14
mpc,2026-01-26 10:45:00,2059,10.75,33.50143,3644.046,50.99975,283.7782,217.372,1,1,2550.832,2550.515,0,0,0,0,0,0,0,0,0,156.3005,735.139,0.3675695,0.487588,0.3172331,0,250,0.3172331,2550.515,0,0,0,185.8773,217.372,558.7996,558.7301,0.06949486,606.3489,0,1533.336,0,0,-1.254552e-14,4.263256e-14
mpc,2026-01-26 11:00:00,2060,11,33.71371,3641.726,49.03864,292.9754,225.0967,1,0,2549.208,2548.891,0,0,0,0,0,0,0,0,0,151.2663,697.2067,0.3486033,0.4629063,0.3172331,0,250,0.3172331,2548.891,0,0,0,195.3797,225.0967,561.3151,561.2453,0.06985218,610.8098,0,1558.649,0,0,1.906808e-13,4.263256e-14
mpc,2026-01-26 11:15:00,2061,11.25,34.05975,3663.607,56.06027,296.3003,246.6549,0,0,2564.525,2564.208,0,0,0,0,0,0,0,0,0,149.8355,659.6381,0.329819,0.4390208,0.3172331,0,250,0.3172331,2564.208,0,0,5.147143,197.3779,246.6549,569.4608,569.3903,0.07044259,0,624.1608,3782.24,0,0,-2.386979e-14,4.263256e-14
mpc,2026-01-26 11:30:00,2062,11.5,34.3033,3641.95,57.62304,296.7115,279.2148,0,0,2549.365,2549.048,0,0,0,0,0,0,0,0,0,144.5203,623.4041,0.3117021,0.4153644,0.3172331,0,250,0.3172331,2549.048,0,0,10.70743,199.1068,279.2148,569.4822,569.4113,0.07086416,0,631.7829,3836.735,0,0,-2.459144e-14,4.263256e-14
mpc,2026-01-26 11:45:00,2063,11.75,34.56437,3663.184,64.4346,299.4219,301.8819,0,0,2564.229,2563.912,0,0,0,0,0,0,0,0,0,155.212,584.503,0.2922515,0.3925484,0.3172331,0,250,0.3172331,2563.912,0,0,9.348722,199.2958,301.8819,576.5008,576.4295,0.07132169,0,644.2999,3903.561,0,0,2.071676e-13,4.263256e-14
mpc,2026-01-26 12:00:00,2064,12,34.66133,3693.316,52.26073,299.9761,320.7848,0,0,2585.321,2585.004,0,0,0,0,0,0,0,0,0,156.373,545.3177,0.2726589,0.368053,0.3172331,0,250,0.3172331,2585.004,0,0,0,201.9189,320.7848,582.6399,582.5684,0.07149311,0,654.8619,3950.051,0,0,-9.581225e-14,4.263256e-14
mpc,2026-01-26 12:15:00,2065,12.25,34.92487,3728.823,49.45693,300.8768,331.2137,0,0,2610.176,2609.859,0,0,0,0,0,0,0,0,0,157.9132,505.7536,0.2528768,0.3433786,0.3172331,0,250,0.3172331,2609.859,0,0,0,197.8105,331.2137,592.1097,592.0377,0.07196326,0,667.1724,4010.671,0,0,1.537659e-14,4.263256e-14
mpc,2026-01-26 12:30:00,2066,12.5,35.17376,3730.969,57.05328,296.1975,367.2197,0,0,2611.678,2611.361,0,0,0,0,0,0,0,0,0,156.9877,466.427,0.2332135,0.3184656,0.3172331,0,250,0.3172331,2611.361,0,0,3.762591,192.5005,367.2197,596.1529,596.0805,0.07241299,0,679.9037,4078.024,0,0,4.585221e-14,4.263256e-14
mpc,2026-01-26 12:45:00,2067,12.75,35.2293,3770.651,59.83813,293.7838,378.2655,0,0,2639.456,2639.138,347.0176,152.9824,500,1,0,0,500,0,0,144.1745,430.31,0.215155,0.2937023,0.3172331,0,250,0.3172331,2292.121,339.0828,0,13.20899,196.2385,39.18268,603.3349,523.94,79.39486,0,685.8789,4133.631,0,0,2.947642e-14,4.263256e-14
mpc,2026-01-26 13:00:00,2068,13,35.37886,3771.322,62.39483,292.6791,414.1461,0,0,2639.925,2639.608,347.0176,152.9824,500,1,0,0,500,0,0,138.578,395.5978,0.1977989,0.2709599,0.3172331,0,250,0.3172331,2292.59,338.4845,0,21.30898,195.1869,75.6616,605.7201,526.0255,79.69457,0,696.3682,4203.48,0,0,8.326673e-15,4.263256e-14
mpc,2026-01-26 13:15:00,2069,13.25,35.56056,3792.483,60.6275,296.2524,431.043,0,0,2654.738,2654.421,391.3952,172.5462,563.9414,2,0,0,563.9414,0,0,145.0703,359.2679,0.1796339,0.2491021,0.3172331,0,250,0.3172331,2263.026,380.9512,0,14.49835,197.3112,50.09181,611.9251,521.6342,90.2909,0,705.7268,4246.868,0,-5.684342e-14,5.659362e-14,4.263256e-14
mpc,2026-01-26 13:30:00,2070,13.5,35.5958,3813.458,52.06216,294.444,451.7788,0,0,2669.421,2669.104,347.0176,152.9824,500,1,0,0,500,0,0,153.203,320.9106,0.1604553,0.2262257,0.3172331,0,250,0.3172331,2322.086,337.6168,0,0,194.0366,114.1621,615.8599,535.7265,80.13333,0,715.0471,4267.472,0,0,1.008915e-13,4.263256e-14
mpc,2026-01-26 13:45:00,2071,13.75,35.66592,3851.371,53.8766,296.4968,468.9731,0,0,2695.96,2695.643,437.2584,192.7649,630.0233,4,0,0,630.0233,0,0,159.6504,280.9475,0.1404737,0.2020727,0.3172331,0,250,0.3172331,2258.384,425.0595,0,0,195.5613,43.91361,623.0914,521.9587,101.1326,0,724.873,4324.145,0,-2.842171e-14,-1.790235e-14,4.263256e-14
mpc,2026-01-26 14:00:00,2072,14,36.07807,3829.177,51.99462,294.365,481.8531,0,1,2680.424,2680.107,453.7883,200.0522,653.8405,2,0,0,653.8405,0,0,147.7543,243.9647,0.1219823,0.1769085,0.3172331,0,250,0.3172331,2226.318,438.9724,0,3.453459,195.1519,42.88065,626.0607,519.9963,106.0644,0,730.064,4357.946,0,-2.842171e-14,-3.116951e-14,4.263256e-14
mpc,2026-01-26 14:15:00,2073,14.25,36.15187,3827.229,55.71814,291.7193,473.7308,1,1,2679.06,2678.743,893.9808,340.0661,1234.047,4,42.79279,96.64536,683.089,0,411.5197,0,346.8062,0.1734031,0.153621,0.3172331,0,250,0.3172331,1784.762,458.2059,0,12.92534,195.074,15.52491,626.9309,417.6549,209.276,761.3539,0,1881.507,0,-5.684342e-14,-7.888135e-14,4.263256e-14
mpc,2026-01-26 14:30:00,2074,14.5,36.23882,3806.322,49.98431,293.3305,502.9438,1,1,2664.425,2664.108,993.1592,372.7887,1365.948,4,50.53606,96.18168,722.9846,0,496.2457,0,470.813,0.2354065,0.2183788,0.3172331,0,250,0.3172331,1670.949,484.4643,0,0,197.1489,18.47947,624.9049,391.8985,233.0065,769.0213,0,1878.124,0,-1.136868e-13,9.686696e-14,4.263256e-14
mpc,2026-01-26 14:45:00,2075,14.75,36.24515,3785.02,45.05407,289.7698,485.8328,1,1,2649.514,2649.197,568.8117,243.1143,811.926,4,64.27286,0,747.6531,0,0,95.43305,446.8806,0.2234403,0.296464,0.3172331,0,250,0.3172331,2080.385,500.9566,0,0,194.3368,0,621.5091,488.0059,133.5033,731.1201,0,1797.471,0,0,9.547918e-14,4.263256e-14
mpc,2026-01-26 15:00:00,2076,15,36.5822,3747.974,47.8743,291.2623,521.0624,1,1,2623.582,2623.265,570.4759,244.8033,815.2792,2,56.24218,0,759.037,0,0,95.38138,422.9649,0.2114825,0.2813942,0.3172331,0,250,0.3172331,2052.789,506.5376,0,0,195.8809,14.52481,620.8254,485.757,135.0683,733.9973,0,1805.889,0,-2.842171e-14,2.664535e-14,4.263256e-14
mpc,2026-01-26 15:15:00,2077,15.25,36.8629,3763.584,60.92887,290.6707,516.133,1,1,2634.509,2634.191,1036.336,390.7792,1427.115,4,55.55736,94.2077,777.35,0,500,0,547.8984,0.2739492,0.2663348,0.3172331,0,250,0.3172331,1597.856,517.013,0,5.371506,196.4631,0,627.9995,380.8879,247.1116,771.6671,0,1891.499,0,0,-1.071365e-13,4.263256e-14
mpc,2026-01-26 15:30:00,2078,15.5,37.04944,3721.77,74.58184,291.3385,546.5966,1,1,2605.239,2604.922,1031.377,387.5776,1418.954,4,64.09242,94.28183,760.5799,0,500,0,672.8121,0.3364061,0.3450036,0.3172331,0,250,0.3172331,1573.545,504.7243,0,10.48942,197.0567,41.87231,624.0748,376.9366,247.1382,774.5445,0,1907.106,0,1.136868e-13,-4.563017e-14,4.263256e-14
mpc,2026-01-26 15:45:00,2079,15.75,37.19,3677.776,71.33778,290.184,539.6728,1,1,2574.443,2574.126,584.7297,249.0699,833.7997,4,73.19855,0,760.6011,0,0,93.54169,649.3208,0.3246604,0.4236599,0.3172331,0,250,0.3172331,1989.397,503.8831,0,0,196.6423,35.78979,618.9904,478.3237,140.6667,735.9988,0,1811.206,0,-1.421086e-13,3.652634e-14,4.263256e-14
mpc,2026-01-26 16:00:00,2080,16,37.24004,3666.579,83.8818,285.1549,523.1528,1,1,2566.605,2566.288,1025.457,384.3611,1409.818,4,69.19133,91.99847,748.6278,0,500,0,774.2186,0.3871093,0.4088678,0.3172331,0,250,0.3172331,1540.831,495.6513,0,14.69048,193.1564,27.50151,617.9237,370.9633,246.9604,761.9455,0,1882.427,0,1.136868e-13,-2.758904e-14,4.263256e-14
mpc,2026-01-26 16:15:00,2081,16.25,37.3021,3643.685,96.80512,285.6861,526.5068,1,1,2550.58,2550.263,1011.409,377.3956,1388.804,4,75.68608,92.25498,720.8632,0,500,0,899.0967,0.4495483,0.4875141,0.3172331,0,250,0.3172331,1538.854,476.911,0,21.11904,193.4312,49.59584,615.0765,371.0971,243.9793,760.4528,0,1891.005,0,5.684342e-14,6.117329e-14,4.263256e-14
mpc,2026-01-26 16:30:00,2082,16.5,37.29773,3695.853,95.40356,281.9341,503.5035,1,1,2587.097,2586.78,1004.221,372.6794,1376.9,4,88.69439,91.01649,697.1895,0,500,0,1023.955,0.5119776,0.566148,0.3172331,0,250,0.3172331,1582.559,461.2732,0,6.709167,190.9177,42.23025,623.8103,381.5924,242.2179,764.4545,0,1869.815,0,5.684342e-14,-1.157963e-13,4.263256e-14
mpc,2026-01-26 16:45:00,2083,16.75,37.45123,3680.421,112.4485,284.5213,483.7994,1,1,2576.294,2575.977,1005.713,371.5279,1377.241,4,103.9044,92.10763,681.2291,0,500,0,1148.794,0.574397,0.6447695,0.3172331,0,250,0.3172331,1570.264,449.877,0,8.544108,192.4137,33.92238,623.7451,380.1757,243.5694,759.9165,0,1866.485,0,-1.705303e-13,2.754463e-13,4.263256e-14
mpc,2026-01-26 17:00:00,2084,17,37.59093,3715.052,145.0037,278.5792,471.2133,1,1,2600.537,2600.219,1010.85,370.6917,1381.541,4,129.9687,88.63461,662.9379,0,500,0,1273.613,0.6368065,0.7233787,0.3172331,0,250,0.3172331,1589.37,437.0568,0,15.03497,189.9445,34.15651,631.9656,386.2383,245.7272,765.2305,0,1884.051,0,-1.136868e-13,3.976819e-13,4.263256e-14
mpc,2026-01-26 17:15:00,2085,17.25,37.74086,3643.781,179.0172,273.3165,459.7764,1,1,2550.647,2550.329,1020.051,370.1968,1390.247,4,168.2269,90.18036,631.8402,0,500,0,1398.413,0.6992063,0.8019755,0.3172331,0,250,0.3172331,1530.279,415.7971,0,10.7903,183.1361,43.97929,622.3357,373.3748,248.9609,754.3022,0,1843.127,0,-1.136868e-13,-4.38205e-13,4.263256e-14
mpc,2026-01-26 17:30:00,2086,17.5,38.01953,3600.884,199.6217,268.63,462.5479,1,1,2520.619,2520.302,1025.829,369.1257,1394.955,4,198.6451,89.87718,606.4325,0,500,0,1523.193,0.7615962,0.8805599,0.3172331,0,250,0.3172331,1494.473,397.7249,0,0.9765627,178.7528,64.82295,619.6438,367.3863,252.2576,752.4474,0,1814.928,0,-5.684342e-14,-4.518608e-14,4.263256e-14
mpc,2026-01-26 17:45:00,2087,17.75,38.10261,3616.911,232.213,271.3169,433.0532,1,1,2531.838,2531.521,1032.267,367.4932,1399.76,4,236.2264,86.24791,577.286,0,500,0,1647.953,0.8239763,0.959132,0.3172331,0,250,0.3172331,1499.253,378.2257,0,0,185.069,54.82746,623.8031,369.3913,254.4117,750.3931,0,1820.03,0,0,2.745581e-13,4.263256e-14
mpc,2026-01-26 18:00:00,2088,18,38.15777,3573.577,259.3216,0,411.7335,1,1,2501.504,2501.187,978.8298,340.6554,1319.485,4,263.7997,0.6225432,555.0629,0,500,0,1772.693,0.8863466,1.037692,0.3172331,0,250,0.3172331,1522.357,363.4207,0,0,0,48.31279,617.2522,375.6453,241.6069,728.2219,0,1456.444,0,0,-1.787459e-13,4.263256e-14
mpc,2026-01-26 18:15:00,2089,18.25,38.24274,3533.881,285.5999,0,401.6481,1,1,2473.717,2473.4,997.2661,344.5708,1341.837,4,299.2083,1.52673,541.1019,0,500,0,1897.414,0.9487071,1.116239,0.3172331,0,250,0.3172331,1476.133,353.9121,0,0,0,47.73606,611.8065,365.0814,246.7251,721.4585,0,1442.917,0,1.136868e-13,3.170797e-13,4.263256e-14
mpc,2026-01-26 18:30:00,2090,18.5,37.97804,3530.054,317.7076,8.135272,370.5857,0,0,2471.038,2470.721,347.0176,152.9824,500,1,0,0,500,0,0,337.181,1812.82,0.9064101,1.194774,0.3172331,0,250,0.3172331,2123.703,328.0878,0,0,7.436537,42.49786,606.7746,521.4849,85.28964,0,684.9029,3779.794,0,0,5.12923e-14,4.263256e-14
mpc,2026-01-26 18:45:00,2091,18.75,37.90096,3491.024,354.6947,11.62072,302.2001,0,0,2443.717,2443.4,327.8957,144.5525,472.4483,3,0,0,472.4483,0,0,365.9435,1721.049,0.8605245,1.141506,0.3172331,0,250,0.3172331,2115.504,310.3004,0,0,9.549613,0,598.819,518.3922,80.42673,0,662.9448,3662.669,0,0,4.436451e-13,4.263256e-14
mpc,2026-01-26 19:00:00,2092,19,37.61043,3456.255,370.4746,7.944605,264.0456,0,0,2419.378,2419.061,295.0925,130.0913,425.1838,1,0,0,425.1838,0,0,390.9032,1623.052,0.8115261,1.083719,0.3172331,0,250,0.3172331,2123.969,280.2457,0,0,5.780875,0,588.2483,516.4223,71.82601,0,646.5136,3565.797,0,-5.684342e-14,-3.002043e-13,4.263256e-14
mpc,2026-01-26 19:15:00,2093,19.25,37.70873,3463.893,385.1809,5.814306,243.0399,0,0,2424.725,2424.408,266.2991,117.3977,383.6968,1,0,0,383.6968,0,0,406.3271,1521.215,0.7606075,1.022012,0.3172331,0,250,0.3172331,2158.109,252.5992,0,0,4.465454,0,591.1023,526.1062,64.99604,0,643.504,3546.975,0,-2.842171e-14,1.649791e-13,4.263256e-14
mpc,2026-01-26 19:30:00,2094,19.5,37.51943,3439.102,380.4774,8.036644,226.5894,0,0,2407.371,2407.054,254.5917,112.2365,366.8282,1,0,0,366.8282,0,0,413.5179,1417.596,0.708798,0.9578868,0.3172331,0,250,0.3172331,2152.462,242.0496,0,0,7.087452,0,583.9077,522.0795,61.82814,0,634.3161,3500.964,0,-1.421086e-14,1.387779e-14,4.263256e-14
mpc,2026-01-26 19:45:00,2095,19.75,37.61088,3427.398,379.5493,7.536655,212.1059,0,0,2399.178,2398.861,222.1017,97.91332,320.015,2,0,0,320.015,0,0,398.2142,1317.819,0.6589097,0.8926394,0.3172331,0,250,0.3172331,2176.759,210.926,0,0,7.289967,1.179895,583.3438,529.2642,54.07964,0,627.4644,3463.629,0,-1.421086e-14,-4.274359e-14,4.263256e-14
mpc,2026-01-26 20:00:00,2096,20,37.59214,3441.72,354.634,9.207337,211.8981,0,0,2409.204,2408.887,220.089,97.02604,317.1151,1,0,0,317.1151,0,0,391.0073,1219.86,0.60993,0.8298115,0.3172331,0,250,0.3172331,2188.798,209.0622,0,0,8.454517,2.835933,585.488,531.9246,53.56343,0,629.6398,3477.603,0,-1.421086e-14,-2.945422e-13,4.263256e-14
mpc,2026-01-26 20:15:00,2097,20.25,37.34801,3453.191,341.9267,5.3814,205.897,0,0,2417.234,2416.917,190.1568,83.83043,273.9872,1,0,0,273.9872,0,0,355.8498,1130.706,0.5653528,0.768128,0.3172331,0,250,0.3172331,2226.76,181.1647,0,0,5.22884,24.73234,583.6306,537.6415,45.98912,0,627.4435,3459.959,0,0,3.913536e-13,4.263256e-14
mpc,2026-01-26 20:30:00,2098,20.5,36.9482,3449.8,336.6395,7.330272,185.9945,0,0,2414.86,2414.543,161.1269,71.03263,232.1595,1,0,0,232.1595,0,0,335.3737,1046.684,0.5233421,0.7119887,0.3172331,0,250,0.3172331,2253.416,154.2501,0,1.921615,6.674507,31.74441,576.9313,538.3609,38.57041,0,616.9775,3408.205,0,-2.842171e-14,-3.812506e-13,4.263256e-14
mpc,2026-01-26 20:45:00,2099,20.75,36.60924,3474.703,304.06,2.321087,158.5127,0,0,2432.292,2431.975,127.3518,56.14293,183.4947,1,0,0,183.4947,0,0,313.0815,968.249,0.4841245,0.6590816,0.3172331,0,250,0.3172331,2304.623,122.4141,0,0,1.995907,36.09856,575.9652,545.7333,30.23195,0,610.4243,3360.777,0,0,2.53797e-13,4.263256e-14
mpc,2026-01-26 21:00:00,2100,21,36.54236,3430.687,266.2289,0,157.9985,0,0,2401.481,2401.164,115.0364,50.71371,165.7501,1,0,0,165.7501,0,0,277.1805,898.8014,0.4494007,0.6096922,0.3172331,0,250,0.3172331,2286.127,110.6649,0,0,0,47.33361,567.6803,540.4121,27.26817,0,602.3148,3312.732,0,-7.105427e-15,3.241851e-14,4.263256e-14
mpc,2026-01-26 21:15:00,2101,21.25,36.28621,3378.957,241.9365,0,146.8599,0,0,2365.27,2364.953,105.5323,46.52382,152.0561,1,0,0,152.0561,0,0,242.4726,838.0418,0.4190209,0.5659621,0.3172331,0,250,0.3172331,2259.421,101.8336,0,0,0,45.02631,555.4212,530.5652,24.85597,0,587.6622,3232.142,0,0,-8.293366e-14,4.263256e-14
mpc,2026-01-26 21:30:00,2102,21.5,35.8704,3407.845,201.888,0,147.1804,0,0,2385.492,2385.175,0,0,0,0,0,0,0,0,0,203.2305,787.1022,0.3935511,0.5277026,0.3172331,0,250,0.3172331,2385.175,0,0,0,0,147.1804,554.217,554.1434,0.0737022,0,588.3375,3235.856,0,0,1.351141e-13,4.263256e-14
mpc,2026-01-26 21:45:00,2103,21.75,35.61229,3391.651,181.967,0,118.7415,0,0,2374.155,2373.838,0,0,0,0,0,0,0,0,0,173.4312,743.6205,0.3718103,0.4956267,0.3172331,0,250,0.3172331,2373.838,0,0,11.16476,0,118.7415,547.9687,547.8955,0.07321922,0,575.3017,3183.419,0,0,-1.197931e-13,4.263256e-14
mpc,2026-01-26 22:00:00,2104,22,35.59627,3360.423,153.21,3.02757,111.5077,0,0,2352.296,2351.979,0,0,0,0,0,0,0,0,0,144.8888,707.2812,0.3536406,0.4682469,0.3172331,0,250,0.3172331,2351.979,0,0,9.286656,2.062118,111.5077,542.7028,542.6296,0.07318945,0,568.3557,3145.533,0,0,1.96676e-13,4.263256e-14
mpc,2026-01-26 22:15:00,2105,22.25,35.55952,3285.213,126.1492,6.396733,83.61594,0,0,2299.649,2299.332,0,0,0,0,0,0,0,0,0,126.1136,675.6415,0.3378208,0.4453646,0.3172331,0,250,0.3172331,2299.332,0,0,0.9018542,5.530514,83.61594,530.062,529.9889,0.07312124,0,549.2621,3032.037,0,0,7.632783e-14,4.263256e-14
mpc,2026-01-26 22:30:00,2106,22.5,35.24343,3307.771,116.5474,3.406648,75.19524,0,0,2315.44,2315.122,0,0,0,0,0,0,0,0,0,107.5937,648.6367,0.3243184,0.4254416,0.3172331,0,250,0.3172331,2315.122,0,0,11.47106,0.8893205,75.19524,529.4584,529.3858,0.07253988,0,546.5803,3027.513,0,0,-2.010059e-13,4.263256e-14
mpc,2026-01-26 22:45:00,2107,22.75,35.02544,3319.282,92.19572,2.23615,60.57798,0,0,2323.498,2323.18,0,0,0,0,0,0,0,0,0,91.11463,625.756,0.312878,0.408437,0.3172331,0,250,0.3172331,2323.18,0,0,1.402719,1.914524,60.57798,528.4038,528.3317,0.07214432,0,542.1082,2987.317,0,0,-2.011724e-13,4.263256e-14
mpc,2026-01-26 23:00:00,2108,23,34.84317,3286.374,83.45868,0,72.64913,0,0,2300.461,2300.144,0,0,0,0,0,0,0,0,0,81.25082,605.3447,0.3026724,0.3940294,0.3172331,0,250,0.3172331,2300.144,0,0,2.666576,0,72.64913,520.7903,520.7184,0.07181685,0,537.1651,2959.008,0,0,2.050582e-13,4.263256e-14
mpc,2026-01-26 23:15:00,2109,23.25,34.38557,3288.707,68.21431,0,55.17028,0,0,2302.095,2301.778,0,0,0,0,0,0,0,0,0,65.62227,588.8439,0.2944219,0.3811767,0.3172331,0,250,0.3172331,2301.778,0,0,2.910683,0,55.17028,515.2882,515.2172,0.0710077,0,527.5662,2906.635,0,0,6.877832e-14,4.263256e-14
mpc,2026-01-26 23:30:00,2110,23.5,34.05282,3303.85,55.79525,0,56.20664,1,1,2312.695,2312.378,388.2985,111.7015,500,1,68.37009,0,0,0,431.6299,0,696.6587,0.3483293,0.3707864,0.3172331,0,250,0.3172331,1924.079,0,0,0,0,56.20664,513.4541,427.1754,86.27871,551.3557,0,1102.711,0,-2.842171e-14,2.055578e-13,4.263256e-14
mpc,2026-01-26 23:45:00,2111,23.75,33.73771,3256.012,66.2966,0,55.43974,1,1,2279.208,2278.891,436.1919,125.5784,561.7703,3,60.83525,0.9350574,0,0,500,0,821.549,0.4107745,0.4386757,0.3172331,0,250,0.3172331,1842.699,0,0,5.46135,0,55.43974,502.1553,405.9836,96.1717,543.7764,0,1096.974,0,1.421086e-14,1.004197e-13,4.263256e-14
mpc,2026-01-27 00:00:00,2112,0,33.52975,3272.06,60.20599,0,60.96411,1,1,2290.442,2290.125,433.1617,124.7979,557.9596,2,56.16728,1.792344,0,0,500,0,946.4197,0.4732098,0.5173174,0.3172331,0,250,0.3172331,1856.963,0,0,4.038711,0,60.96411,502.0997,407.0745,95.02519,545.2367,0,1097.44,0,2.842171e-14,-1.969536e-13,4.263256e-14
mpc,2026-01-27 00:15:00,2113,0.25,33.20438,3270.569,54.46179,0,52.71166,1,1,2289.398,2289.081,429.3358,123.7535,553.0892,3,50.76804,2.321176,0,0,500,0,1071.271,0.5356353,0.5959466,0.3172331,0,250,0.3172331,1859.745,0,0,3.693748,0,52.71166,497.9639,404.5107,93.45324,539.7294,0,1085.831,0,5.684342e-14,-1.291189e-13,4.263256e-14
mpc,2026-01-27 00:30:00,2114,0.5,32.76803,3239.379,69.30065,0.7604537,35.08017,1,1,2267.565,2267.248,427.8661,123.2428,551.1089,2,49.61459,1.494317,0,0,500,0,1196.102,0.598051,0.6745634,0.3172331,0,250,0.3172331,1839.382,0,0,19.68605,0,35.08017,488.1191,395.9478,92.17132,526.742,0,1087.442,0,-4.263256e-14,1.120215e-13,4.263256e-14
mpc,2026-01-27 00:45:00,2115,0.75,32.56265,3227.41,69.00814,0,38.07552,1,1,2259.187,2258.869,426.0063,122.6418,548.6481,3,47.77428,0.8738369,0,0,500,0,1320.914,0.6604569,0.7531679,0.3172331,0,250,0.3172331,1832.863,0,0,21.23386,0,38.07552,483.9619,392.6351,91.32682,523.4334,0,1083.495,0,0,-4.268808e-13,4.263256e-14
mpc,2026-01-27 01:00:00,2116,1,32.23649,3217.275,79.48148,3.262821,48.40275,1,1,2252.092,2251.775,388.0044,111.9956,500,1,47.7644,3.561967,0,0,448.6736,0,1432.874,0.7164371,0.83176,0.3172331,0,250,0.3172331,1863.771,0,0,31.71708,0,48.40275,478.7625,396.2109,82.5516,518.4962,0,1091.704,0,0,4.044542e-13,4.263256e-14
mpc,2026-01-27 01:15:00,2117,1.25,31.84193,3201.539,80.54508,7.712309,47.76855,1,1,2241.077,2240.76,424.8595,122.3894,547.2489,2,45.64628,1.602589,0,0,500,0,1557.649,0.7788243,0.9022599,0.3172331,0,250,0.3172331,1815.9,0,0,34.8988,6.10972,47.76855,472.0653,382.5052,89.56014,514.9566,0,1100.653,0,2.842171e-14,-2.358114e-13,4.263256e-14
mpc,2026-01-27 01:30:00,2118,1.5,31.45762,3197.776,78.73521,2.930839,29.30915,1,1,2238.443,2238.126,419.5207,120.7011,540.2219,2,40.05354,0.1683235,0,0,500,0,1682.403,0.8412017,0.9808285,0.3172331,0,250,0.3172331,1818.605,0,0,38.68167,2.762516,29.30915,467.3489,379.6938,87.65503,506.5142,0,1084.52,0,5.684342e-14,2.735589e-13,4.263256e-14
mpc,2026-01-27 01:45:00,2119,1.75,31.21448,3154.207,64.27193,4.269219,59.37028,1,1,2207.945,2207.628,419.1721,120.6197,539.7918,3,39.44538,0.3464473,0,0,500,0,1807.139,0.9035693,1.059385,0.3172331,0,250,0.3172331,1788.456,0,0,24.82655,3.922772,59.37028,458.4217,371.3258,87.09591,504.2722,0,1058.137,0,5.684342e-14,2.557954e-13,4.263256e-14
mpc,2026-01-27 02:00:00,2120,2,31.19881,3164.115,70.86308,4.783533,54.84746,1,1,2214.88,2214.563,332.1249,95.74094,427.8659,1,53.41226,1.870068,0,0,372.5835,0,1900,0.95,1.137929,0.3172331,0,250,0.3172331,1882.438,0,0,17.45082,2.913465,54.84746,459.6969,390.6988,68.99815,497.8233,0,1030.775,0,-1.421086e-14,-3.566036e-13,4.263256e-14
mpc,2026-01-27 02:15:00,2121,2.25,30.97927,3227.167,60.4812,0.6498853,27.60204,1,1,2259.017,2258.7,0,0,0,0,0,0,0,0,0,51.47013,1886.833,0.9434167,1.196402,0.3172331,0,250,0.3172331,2258.7,0,0,9.232099,0.4288606,27.60204,466.5193,466.4538,0.06551316,472.154,0,960.9731,0,0,2.808864e-13,4.263256e-14
mpc,2026-01-27 02:30:00,2122,2.5,30.93348,3239.765,65.3499,0,40.77663,1,1,2267.835,2267.518,0,0,0,0,0,0,0,0,0,55.3982,1872.687,0.9363434,1.188111,0.3172331,0,250,0.3172331,2267.518,0,0,10.29013,0,40.77663,467.8537,467.7883,0.06544509,476.2005,0,970.1515,0,0,-1.463274e-13,4.263256e-14
mpc,2026-01-27 02:45:00,2123,2.75,30.46613,3223.166,63.45035,2.424488,20.89014,1,1,2256.216,2255.899,0,0,0,0,0,0,0,0,0,50.83598,1859.683,0.9298415,1.179203,0.3172331,0,250,0.3172331,2255.899,0,0,12.77687,2.261984,20.89014,460.5721,460.5073,0.06475828,464.7717,0,955.4855,0,0,4.041212e-13,4.263256e-14
mpc,2026-01-27 03:00:00,2124,3,30.19894,3241.436,71.35071,9.444031,26.77269,1,1,2269.006,2268.688,166.6549,48.0756,214.7305,1,51.02998,1.261484,0,0,162.439,0,1900,0.95,1.171015,0.3172331,0,250,0.3172331,2102.033,0,0,20.32072,8.182547,26.77269,460.4205,426.5389,33.88153,480.0472,0,1009.263,0,-7.105427e-15,3.78364e-13,4.263256e-14
mpc,2026-01-27 03:15:00,2125,3.25,29.89235,3261.627,75.63377,4.476133,16.10495,1,1,2283.139,2282.821,0,0,0,0,0,0,0,0,0,52.50618,1886.574,0.9432872,1.196402,0.3172331,0,250,0.3172331,2282.821,0,0,25.53239,2.071329,16.10495,460.1394,460.0755,0.06393455,463.3212,0,974.2589,0,0,-2.662315e-13,4.263256e-14
mpc,2026-01-27 03:30:00,2126,3.5,29.73016,3274.553,64.88854,8.057625,45.05701,1,1,2292.187,2291.87,113.934,36.06595,150,1,64.15696,3.943551,27.00896,0,54.89053,0,1900,0.95,1.187948,0.3172331,0,250,0.3172331,2177.936,19.50475,0,0.7315752,4.114074,25.55226,460.308,437.3645,22.94349,478.5617,0,965.4822,0,-1.421086e-14,-1.985079e-13,4.263256e-14
mpc,2026-01-27 03:45:00,2127,3.75,29.71899,3301.482,75.97088,0,57.45031,1,1,2311.038,2310.72,0,0,0,0,0,0,0,0,0,78.94915,1879.964,0.9399818,1.196402,0.3172331,0,250,0.3172331,2310.72,0,0,0.5971009,0,57.45031,463.9789,463.9152,0.06368976,475.4493,0,951.9285,0,0,-2.695621e-13,4.263256e-14
mpc,2026-01-27 04:00:00,2128,4,29.55032,3269.491,77.63479,1.848456,55.85024,1,1,2288.644,2288.326,121.8076,35.33642,157.144,1,73.0293,2.785382,0,0,81.32934,0,1900,0.95,1.183785,0.3172331,0,250,0.3172331,2166.519,0,0,4.605493,0,55.85024,457.7777,433.3501,24.42758,479.8578,0,967.6601,0,-7.105427e-15,-4.145573e-13,4.263256e-14
mpc,2026-01-27 04:15:00,2129,4.25,29.30765,3298.071,93.5071,2.174751,46.48905,1,1,2308.65,2308.332,0,0,0,0,0,0,0,0,0,86.68374,1878.03,0.939015,1.196402,0.3172331,0,250,0.3172331,2308.332,0,0,9.369165,0,46.48905,459.3269,459.2638,0.06311641,468.5132,0,953.1881,0,0,-1.574296e-13,4.263256e-14
mpc,2026-01-27 04:30:00,2130,4.5,29.36844,3264.749,110.7586,0,38.79599,1,1,2285.325,2285.007,0,0,0,0,0,0,0,0,0,109.3061,1850.408,0.9252039,1.182568,0.3172331,0,250,0.3172331,2285.007,0,0,3.189054,0,38.79599,455.2919,455.2287,0.06320049,462.9578,0,931.4167,0,0,-1.056932e-13,4.263256e-14
mpc,2026-01-27 04:45:00,2131,4.75,29.22144,3275.025,130.4493,0,47.71799,1,1,2292.518,2292.2,0,0,0,0,0,0,0,0,0,123.7796,1819.172,0.9095858,1.165175,0.3172331,0,250,0.3172331,2292.2,0,0,7.867875,0,47.71799,455.2584,455.1954,0.06299755,464.6714,0,942.9149,0,0,1.199041e-13,4.263256e-14
mpc,2026-01-27 05:00:00,2132,5,29.22707,3238.833,158.7149,0,34.74471,1,1,2267.183,2266.866,0,0,0,0,0,0,0,0,0,145.0002,1782.635,0.8913176,1.145506,0.3172331,0,250,0.3172331,2266.866,0,0,15.29272,0,34.74471,450.2826,450.2196,0.0630053,457.1202,0,940.6204,0,0,-2.442491e-13,4.263256e-14
mpc,2026-01-27 05:15:00,2133,5.25,29.12707,3260.401,199.4973,0.2707456,47.79221,1,1,2282.28,2281.963,0,0,0,0,0,0,0,0,0,187.7017,1735.429,0.8677146,1.122499,0.3172331,0,250,0.3172331,2281.963,0,0,13.90228,0,47.79221,452.293,452.2301,0.06286795,461.7014,0,947.3842,0,0,8.65974e-15,4.263256e-14
mpc,2026-01-27 05:30:00,2134,5.5,29.19896,3227.889,246.6955,3.359771,50.60119,1,1,2259.523,2259.205,0,0,0,0,0,0,0,0,0,234.2404,1676.596,0.8382979,1.092774,0.3172331,0,250,0.3172331,2259.205,0,0,14.1485,1.666361,50.60119,448.4857,448.4227,0.06296662,458.4664,0,944.2134,0,0,3.268497e-13,4.263256e-14
mpc,2026-01-27 05:45:00,2135,5.75,29.16967,3254.347,296.8456,2.408149,56.01019,1,1,2278.043,2277.726,0,0,0,0,0,0,0,0,0,278.9574,1606.593,0.8032963,1.055728,0.3172331,0,250,0.3172331,2277.726,0,0,19.64004,0.6563266,56.01019,451.8729,451.81,0.06292639,462.9201,0,960.8515,0,0,-2.198242e-14,4.263256e-14
mpc,2026-01-27 06:00:00,2136,6,29.31128,3348.076,329.1804,5.574045,43.34818,1,1,2343.653,2343.336,0,0,0,0,0,0,0,0,0,322.076,1525.821,0.7629103,1.011648,0.3172331,0,250,0.3172331,2343.336,0,0,8.213952,4.464549,43.34818,466.3282,466.2651,0.06312143,474.8903,0,971.651,0,0,4.374279e-13,4.263256e-14
mpc,2026-01-27 06:15:00,2137,6.25,29.4455,3304.165,371.1735,2.483769,23.18537,1,1,2312.915,2312.598,0,0,0,0,0,0,0,0,0,368.8636,1433.365,0.7166823,0.9607869,0.3172331,0,250,0.3172331,2312.598,0,0,3.586983,1.206672,23.18537,461.5681,461.5047,0.0633074,466.1316,0,940.5323,0,0,-4.695133e-13,4.263256e-14
mpc,2026-01-27 06:30:00,2138,6.5,29.80317,3321.201,410.5769,0,31.20142,1,1,2324.84,2324.523,0,0,0,0,0,0,0,0,0,397.1512,1333.851,0.6669256,0.9025686,0.3172331,0,250,0.3172331,2324.523,0,0,14.28273,0,31.20142,467.6194,467.5556,0.06380839,473.8314,0,972.3006,0,0,3.149703e-13,4.263256e-14
mpc,2026-01-27 06:45:00,2139,6.75,29.87373,3340.384,450.0389,0.3043257,44.56385,1,1,2338.269,2337.952,116.4895,33.51046,150,1,150,0,0,0,0,266.8038,1266.94,0.6334701,0.8399065,0.3172331,0,250,0.3172331,2221.462,0,0,35.08157,0,44.56385,471.0558,447.5245,23.5313,490.0125,0,1040.541,0,-1.421086e-14,-2.078338e-13,4.263256e-14
mpc,2026-01-27 07:00:00,2140,7,29.84421,3352.356,447.0247,4.03267,78.30354,1,1,2346.649,2346.332,499.2302,143.9861,643.2164,2,424.3743,3.508132,0,0,215.334,0,1320.574,0.6602871,0.7977737,0.3172331,0,250,0.3172331,1847.101,0,0,22.65041,0.5245375,78.30354,472.435,371.8645,100.5705,531.6149,0,1103.207,0,-2.842171e-14,-2.556844e-13,4.263256e-14
mpc,2026-01-27 07:15:00,2141,7.25,29.8082,3382.354,433.6505,2.132002,67.17713,1,1,2367.648,2367.33,716.6202,207.0342,923.6544,2,415.3339,8.320517,0,0,500,0,1445.366,0.7226832,0.8315462,0.3172331,0,250,0.3172331,1650.71,0,0,18.31657,0,67.17713,476.2826,332.0615,144.2211,552.6092,0,1136.814,0,2.842171e-14,4.13003e-13,4.263256e-14
mpc,2026-01-27 07:30:00,2142,7.5,29.863,3357.283,420.5354,0.8377134,56.2567,1,1,2350.098,2349.781,573.6369,165.4637,739.1006,2,401.2759,4.195171,0,0,333.6296,0,1528.546,0.7642731,0.910126,0.3172331,0,250,0.3172331,1776.144,0,0,19.25948,0,56.2567,473.3263,357.7278,115.5984,534.5221,0,1102.267,0,-1.705303e-13,3.126388e-13,4.263256e-14
mpc,2026-01-27 07:45:00,2143,7.75,30.06011,3419.724,377.4285,0,64.09419,1,1,2393.807,2393.49,287.8727,82.81212,370.6848,1,370.6848,0,0,0,0,10.10443,1525.78,0.7628897,0.9625031,0.3172331,0,250,0.3172331,2105.617,0,0,6.74375,0,64.09419,484.2442,425.9462,58.29806,521.7239,0,1055.081,0,0,3.839151e-13,4.263256e-14
mpc,2026-01-27 08:00:00,2144,8,30.12899,3444.439,330.0506,264.5271,84.36906,1,1,2411.108,2410.79,761.1919,238.8081,1000,2,321.938,186.5886,0,0,491.4734,0,1648.408,0.8242038,0.960761,0.3172331,0,250,0.3172331,1649.598,0,0,8.1126,77.93855,84.36906,488.4926,334.2102,154.2825,590.1116,0,1328.661,0,-1.705303e-13,-4.309886e-13,4.263256e-14
mpc,2026-01-27 08:15:00,2145,8.25,30.50297,3472.968,295.6495,260.8256,76.20364,1,1,2431.078,2430.76,737.2793,231.9911,969.2704,4,282.1003,187.17,0,0,500,0,1773.148,0.8865741,1.037978,0.3172331,0,250,0.3172331,1693.481,0,0,13.54917,73.65557,76.20364,496.6783,345.9845,150.6937,593.5443,0,1337.517,0,0,-9.947598e-14,4.263256e-14
mpc,2026-01-27 08:30:00,2146,8.5,30.71529,3479.615,252.4728,272.172,89.95018,1,1,2435.73,2435.413,309.824,109.1092,418.9332,1,230.9741,187.9591,0,0,0,0,1772.869,0.8864345,1.116525,0.3172331,0,250,0.3172331,2125.589,0,0,21.49873,84.21288,89.95018,500.0147,436.3479,63.6668,563.9223,0,1310.197,0,-7.105427e-14,1.720846e-13,4.263256e-14
mpc,2026-01-27 08:45:00,2147,8.75,30.78617,3512.678,211.0762,275.2929,100.7375,1,1,2458.874,2458.557,282.2946,101.4941,383.7887,1,192.9673,190.8215,0,0,0,0,1772.59,0.886295,1.11635,0.3172331,0,250,0.3172331,2176.263,0,0,18.10888,84.47144,100.7375,505.5749,447.4664,58.10848,569.6734,0,1316.298,0,0,-2.879918e-13,4.263256e-14
mpc,2026-01-27 09:00:00,2148,9,30.93697,3485.558,169.5893,278.8196,90.62011,1,1,2439.891,2439.573,126.9952,36.53262,163.5279,1,163.5279,0,0,0,0,193.5445,1723.925,0.8619624,1.116174,0.3172331,0,250,0.3172331,2312.578,0,0,6.061446,85.27505,90.62011,503.3885,477.1219,26.2666,532.3509,0,1222.257,0,0,2.924327e-13,4.263256e-14
mpc,2026-01-27 09:15:00,2149,9.25,31.07616,3527.641,126.5444,286.8142,83.3313,1,1,2469.349,2469.032,0,0,0,0,0,0,0,0,0,320.6195,1643.498,0.8217492,1.08553,0.3172331,0,250,0.3172331,2469.032,0,0,0,93.27204,83.3313,511.0807,511.015,0.06565768,528.2621,0,1217.418,0,0,-1.376677e-14,4.263256e-14
mpc,2026-01-27 09:30:00,2150,9.5,31.33214,3525.414,103.2851,290.5415,114.7858,1,1,2467.79,2467.472,372.3316,127.6685,500,1,101.0646,193.3937,0,0,205.5417,0,1694.625,0.8473126,1.034887,0.3172331,0,250,0.3172331,2095.141,0,0,2.220527,97.14784,114.7858,513.752,436.1728,77.57917,587.7378,0,1346.886,0,2.842171e-14,1.911804e-13,4.263256e-14
mpc,2026-01-27 09:45:00,2151,9.75,31.43971,3552.782,84.85775,295.675,119.7139,1,1,2486.947,2486.63,0,0,0,0,0,0,0,0,0,275.979,1625.364,0.8126818,1.067081,0.3172331,0,250,0.3172331,2486.63,0,0,4.530564,100.0232,119.7139,519.0188,518.9526,0.06620564,543.9366,0,1268.228,0,0,-3.412826e-13,4.263256e-14
mpc,2026-01-27 10:00:00,2152,10,31.85665,3588.026,59.03469,293.2467,161.135,1,1,2511.618,2511.301,0,0,0,0,0,0,0,0,0,264.3884,1559.011,0.7795054,1.023468,0.3172331,0,250,0.3172331,2511.301,0,0,0,94.43839,161.135,529.2332,529.1664,0.06684546,563.1198,0,1289.146,0,0,-7.238654e-14,4.263256e-14
mpc,2026-01-27 10:15:00,2153,10.25,32.06449,3619.898,53.48298,292.5421,135.8249,1,1,2533.929,2533.611,0,0,0,0,0,0,0,0,0,255.4054,1494.914,0.747457,0.9816862,0.3172331,0,250,0.3172331,2533.611,0,0,0,96.36121,135.8249,536.519,536.4518,0.06716905,565.2106,0,1296.644,0,0,3.838041e-13,4.263256e-14
mpc,2026-01-27 10:30:00,2154,10.5,32.29388,3652.986,50.3504,294.4166,162.4712,1,1,2557.09,2556.773,0,0,0,0,0,0,0,0,0,249.3212,1432.348,0.7161742,0.9413254,0.3172331,0,250,0.3172331,2556.773,0,0,0,99.6883,162.4712,544.3312,544.2636,0.06752983,578.8491,0,1329.66,0,0,7.494005e-14,4.263256e-14
mpc,2026-01-27 10:45:00,2155,10.75,32.67886,3671.264,53.94809,289.2039,190.1367,0,1,2569.885,2569.568,0,0,0,0,0,0,0,0,0,252.6297,1368.965,0.6844827,0.9019287,0.3172331,0,250,0.3172331,2569.568,0,0,0,90.88055,190.1367,552.0312,551.9631,0.06814413,0,592.8059,3417.202,0,0,-1.115774e-13,4.263256e-14
mpc,2026-01-27 11:00:00,2156,11,32.84793,3642.541,50.41933,288.3013,197.586,0,0,2549.779,2549.462,0,0,0,0,0,0,0,0,0,254.2021,1305.199,0.6525997,0.8620174,0.3172331,0,250,0.3172331,2549.462,0,0,0,85.06396,197.586,549.9091,549.8407,0.06841745,0,592.454,3405.232,0,0,3.491651e-13,4.263256e-14
mpc,2026-01-27 11:15:00,2157,11.25,33.11769,3685.608,56.15998,290.5241,238.9513,0,0,2579.925,2579.608,0,0,0,0,0,0,0,0,0,259.3361,1240.16,0.6200799,0.8218649,0.3172331,0,250,0.3172331,2579.608,0,0,2.462835,84.88516,238.9513,559.9946,559.9258,0.06885813,0,611.7922,3515.532,0,0,-2.627898e-13,4.263256e-14
mpc,2026-01-27 11:30:00,2158,11.5,33.6216,3702.769,51.12385,289.7663,276.3911,0,0,2591.938,2591.621,0,0,0,0,0,0,0,0,0,257.9035,1175.489,0.5877444,0.7809105,0.3172331,0,250,0.3172331,2591.621,0,0,0,84.46166,276.3911,569.4535,569.3838,0.06969669,0,630.1074,3611.287,0,0,-2.631229e-14,4.263256e-14
mpc,2026-01-27 11:45:00,2159,11.75,33.94234,3717.876,62.51022,296.4428,324.6851,0,0,2602.513,2602.196,283.1654,124.8332,407.9985,2,0,0,407.9985,0,0,267.8851,1108.332,0.5541662,0.740188,0.3172331,0,250,0.3172331,2319.03,280.8912,0,2.507681,88.56019,43.79389,576.2435,513.4753,62.76818,0,648.0053,3721.121,0,-2.842171e-14,-3.266276e-13,4.263256e-14
mpc,2026-01-27 12:00:00,2160,12,34.24582,3687.869,77.66681,292.7703,333.4496,0,0,2581.508,2581.191,305.185,134.5405,439.7256,1,0,0,439.7256,0,0,262.0278,1042.651,0.5213255,0.6979007,0.3172331,0,250,0.3172331,2276.006,301.6665,0,22.85474,85.55466,31.78311,575.849,507.7016,68.14745,0,649.3319,3758.332,0,-2.842171e-14,2.912115e-13,4.263256e-14
mpc,2026-01-27 12:15:00,2161,12.25,34.44629,3700.857,63.548,297.1564,362.4207,0,0,2590.6,2590.282,322.8406,142.324,465.1646,1,0,0,465.1646,0,0,261.7254,977.0556,0.4885278,0.6565421,0.3172331,0,250,0.3172331,2267.442,318.3725,0,11.85651,87.12253,44.04826,580.7337,508.2915,72.44217,0,660.4898,3803.433,0,-2.842171e-14,3.441691e-14,4.263256e-14
mpc,2026-01-27 12:30:00,2162,12.5,34.57696,3726.055,69.4797,295.5439,382.4415,0,0,2608.238,2607.921,347.0176,152.9824,500,1,0,0,500,0,0,263.0181,911.1472,0.4555736,0.6152376,0.3172331,0,250,0.3172331,2260.904,341.6922,0,14.18543,87.82016,40.74936,586.5779,508.4643,78.11361,0,670.6109,3864.32,0,0,-2.210454e-13,4.263256e-14
mpc,2026-01-27 12:45:00,2163,12.75,35.06166,3745.591,70.67725,295.6338,405.8409,0,0,2621.914,2621.596,371.5262,163.787,535.3132,2,0,0,535.3132,0,0,257.3104,846.6762,0.4233381,0.5737361,0.3172331,0,250,0.3172331,2250.07,363.7489,0,16.99141,92.00926,42.09201,596.8095,512.1691,84.64036,0,685.5373,3958.481,0,0,2.273737e-13,4.263256e-14
mpc,2026-01-27 13:00:00,2164,13,35.28919,3754.72,72.73512,301.7141,424.222,0,0,2628.304,2627.987,347.0176,152.9824,500,1,0,0,500,0,0,255.5037,782.667,0.3913335,0.5331396,0.3172331,0,250,0.3172331,2280.969,338.8433,0,20.24256,98.70303,85.37873,601.6919,522.1773,79.5146,0,694.7052,4026.06,0,0,-2.553513e-15,4.263256e-14
mpc,2026-01-27 13:15:00,2165,13.25,35.77797,3786.745,65.0668,299.9361,440.3309,0,0,2650.722,2650.405,419.4204,184.9011,604.3214,4,0,0,604.3214,0,0,259.4513,717.681,0.3588405,0.4928339,0.3172331,0,250,0.3172331,2230.984,407.1774,0,11.26937,94.28219,33.15344,614.3861,517.0991,97.28707,0,709.6845,4085.341,0,0,1.785794e-13,4.263256e-14
mpc,2026-01-27 13:30:00,2166,13.5,35.91978,3754.794,62.31834,303.1743,455.0384,0,0,2628.356,2628.039,441.9847,194.8486,636.8333,2,0,0,636.8333,0,0,257.4851,653.1967,0.3265984,0.4519132,0.3172331,0,250,0.3172331,2186.054,428.3607,0,10.18729,97.82028,26.67771,611.4128,508.5237,102.889,0,709.5781,4088.993,0,-2.842171e-14,2.370326e-14,4.263256e-14
mpc,2026-01-27 13:45:00,2167,13.75,36.30641,3721.835,62.48581,299.5781,470.5726,1,0,2605.285,2604.967,461.9116,203.6333,665.5449,4,0,0,665.5449,0,0,262.5372,587.4596,0.2937298,0.4113084,0.3172331,0,250,0.3172331,2143.056,445.6147,0,6.65491,92.87183,24.95784,612.1015,503.5026,108.5989,712.9996,0,1597.683,0,-5.684342e-14,6.955547e-14,4.263256e-14
mpc,2026-01-27 14:00:00,2168,14,36.49122,3677.883,61.36397,299.7947,488.0747,1,1,2574.518,2574.201,488.2437,213.642,701.8857,2,13.44857,0,688.4371,0,0,241.5006,526.992,0.263496,0.3699147,0.3172331,0,250,0.3172331,2085.957,459.9243,0,11.13305,95.0765,28.15031,607.7759,492.4395,115.3364,712.727,0,1608.666,0,0,-1.403877e-13,4.263256e-14
mpc,2026-01-27 14:15:00,2169,14.25,36.74689,3698.029,70.71259,295.2817,514.3361,1,1,2588.62,2588.303,521.2019,223.8639,745.0658,4,49.6593,0,695.4065,0,0,202.0839,476.388,0.238194,0.3318391,0.3172331,0,250,0.3172331,2067.101,463.158,0,21.05329,93.19789,51.17814,615.1895,491.2497,123.9398,727.2762,0,1651.636,0,0,-2.137179e-14,4.263256e-14
mpc,2026-01-27 14:30:00,2170,14.5,37.09447,3719.371,83.97545,288.1054,549.6304,1,1,2603.559,2603.242,551.1581,237.0221,788.1802,2,50.06242,0,738.1178,0,0,202.7972,425.6137,0.2128069,0.2999746,0.3172331,0,250,0.3172331,2052.084,489.5524,0,33.91303,85.30821,60.07807,624.4134,492.1527,132.2607,743.5834,0,1692.823,0,-1.705303e-13,2.331468e-15,4.263256e-14
mpc,2026-01-27 14:45:00,2171,14.75,37.32681,3725.363,72.08816,286.3843,565.9899,1,1,2607.754,2607.437,551.8107,236.8728,788.6835,4,53.73587,0,734.9476,0,0,200.5092,375.4195,0.1877097,0.2680027,0.3172331,0,250,0.3172331,2055.626,486.0837,0,18.3523,85.87516,79.90614,629.2766,496.0427,133.2338,752.1977,0,1684.188,0,-5.684342e-14,-2.547962e-14,4.263256e-14
mpc,2026-01-27 15:00:00,2172,15,37.59241,3725.976,59.52318,285.8719,575.3864,1,1,2608.183,2607.866,1102.846,420.5875,1523.433,4,51.4601,201.3409,770.6323,0,500,0,500.3604,0.2501802,0.2363961,0.3172331,0,250,0.3172331,1505.02,508.0476,0,8.063073,84.53099,67.33879,633.8488,365.7547,268.0941,802.707,0,1765.139,0,-5.684342e-14,-7.355228e-14,4.263256e-14
mpc,2026-01-27 15:15:00,2173,15.25,37.5354,3666.179,54.41698,286.9784,562.2323,1,1,2566.325,2566.008,1111.459,423.5709,1535.03,4,58.30006,200.4564,776.2735,0,500,0,625.2816,0.3126408,0.3150696,0.3172331,0,250,0.3172331,1454.549,512.1207,0,0,86.52199,50.11169,622.7274,352.9511,269.7762,788.6818,0,1726.614,0,1.705303e-13,1.237899e-13,4.263256e-14
mpc,2026-01-27 15:30:00,2174,15.5,37.6106,3681.224,71.80536,287.1345,567.8121,1,1,2576.857,2576.539,1133.543,431.9393,1565.482,4,69.79444,200.8787,794.8093,0,500,0,750.1832,0.3750916,0.3937307,0.3172331,0,250,0.3172331,1442.996,523.8709,0,2.010921,86.25572,43.94121,626.5403,350.852,275.6883,793.4752,0,1739.21,0,1.705303e-13,-1.034728e-13,4.263256e-14
mpc,2026-01-27 15:45:00,2175,15.75,37.9976,3669.108,79.5136,288.3454,598.2958,1,1,2568.376,2568.058,1131.636,430.7999,1562.436,4,72.30483,199.9416,790.1896,0,500,0,875.0651,0.4375325,0.4723793,0.3172331,0,250,0.3172331,1436.422,518.3795,0,7.20877,88.40388,79.91624,631.0095,352.9064,278.1031,803.3404,0,1771.613,0,-5.684342e-14,-1.582623e-13,4.263256e-14
mpc,2026-01-27 16:00:00,2176,16,38.06968,3709.611,86.22419,283.3943,572.4966,1,1,2596.727,2596.41,1120.155,425.136,1545.291,4,77.36952,196.4996,771.4219,0,500,0,999.9273,0.4999636,0.5510156,0.3172331,0,250,0.3172331,1476.255,505.6227,0,8.854665,86.89468,66.87391,639.2205,363.4007,275.8198,804.9987,0,1775.165,0,-5.684342e-14,2.253753e-14,4.263256e-14
mpc,2026-01-27 16:15:00,2177,16.25,38.1977,3659.863,84.26049,281.5686,547.8252,1,1,2561.904,2561.587,1121.603,424.5883,1546.192,4,87.34132,196.9311,761.9194,0,500,0,1124.77,0.5623849,0.6296396,0.3172331,0,250,0.3172331,1439.984,498.6141,0,0,84.63754,49.21112,632.8419,355.7049,277.137,792.4494,0,1730.899,0,1.705303e-13,-3.252954e-14,4.263256e-14
mpc,2026-01-27 16:30:00,2178,16.5,38.24633,3619.874,98.83336,277.947,523.9107,1,1,2533.912,2533.595,1103.133,415.8374,1518.971,4,92.45533,194.3087,732.2065,0,500,0,1249.593,0.6247964,0.7082511,0.3172331,0,250,0.3172331,1430.461,478.8845,0,6.37803,83.63826,45.02613,626.7554,353.8203,272.9351,780.7947,0,1716.868,0,-1.705303e-13,-1.920686e-13,4.263256e-14
mpc,2026-01-27 16:45:00,2179,16.75,38.21922,3622.026,117.039,279.5459,529.5444,1,1,2535.418,2535.101,576.6563,241.3015,817.9578,4,108.5823,0,709.3755,0,0,196.2591,1200.331,0.6001657,0.7868503,0.3172331,0,250,0.3172331,1958.445,464.1062,0,8.456677,83.28681,65.43819,626.6658,484.0583,142.6075,741.5339,0,1641.325,0,5.684342e-14,5.073719e-14,4.263256e-14
mpc,2026-01-27 17:00:00,2180,17,38.06319,3561.701,155.0593,277.4824,494.3846,1,1,2493.191,2492.873,587.1132,242.3828,829.496,2,138.2457,0,691.2503,0,0,191.4252,1152.286,0.576143,0.755831,0.3172331,0,250,0.3172331,1905.76,453.1108,0,16.81361,86.05715,41.27385,613.6255,469.0468,144.5787,721.5879,0,1620.628,0,0,3.950174e-13,4.263256e-14
mpc,2026-01-27 17:15:00,2181,17.25,37.93896,3537.32,179.5185,277.4055,461.3631,1,1,2476.124,2475.807,599.0077,243.3484,842.3561,4,174.2083,0,668.1478,0,0,189.2104,1104.802,0.552401,0.7255777,0.3172331,0,250,0.3172331,1876.799,438.6312,0,5.310254,88.19519,22.73185,607.3822,460.3705,147.0118,709.2949,0,1579.887,0,-2.842171e-14,4.884981e-14,4.263256e-14
mpc,2026-01-27 17:30:00,2182,17.5,38.16704,3571.38,216.3453,268.2685,472.1827,1,1,2499.966,2499.649,1130.423,415.1663,1545.59,4,199.2307,186.5193,659.8397,0,500,0,1229.628,0.6148141,0.6956777,0.3172331,0,250,0.3172331,1369.226,431.9731,0,17.11462,81.74918,40.20959,617.028,337.9448,279.0832,763.0354,0,1696.611,0,-1.705303e-13,1.6942e-13,4.263256e-14
mpc,2026-01-27 17:45:00,2183,17.75,38.1457,3569.284,241.7837,268.9973,429.008,1,1,2498.499,2498.182,1131.728,411.575,1543.303,4,234.2538,186.3724,622.6765,0,500,0,1354.435,0.6772173,0.7742788,0.3172331,0,250,0.3172331,1366.454,407.75,0,7.529962,82.62489,21.258,616.3086,337.0653,279.2433,753.8841,0,1663.285,0,-5.684342e-14,-2.717826e-13,4.263256e-14
mpc,2026-01-27 18:00:00,2184,18,37.96318,3541.474,279.8634,0.333858,407.3562,1,1,2479.032,2478.715,1004.516,352.2602,1356.776,4,261.438,0.259393,595.0789,0,500,0,1479.221,0.7396107,0.8528676,0.3172331,0,250,0.3172331,1474.199,390.5471,0,18.42538,0.07446497,16.80911,608.4933,361.8509,246.6424,718.2369,0,1468.386,0,5.684342e-14,-1.968425e-13,4.263256e-14
mpc,2026-01-27 18:15:00,2185,18.25,37.80305,3572.811,308.803,2.602198,390.7117,1,1,2500.968,2500.651,1018.618,354.8583,1373.476,4,291.8566,0.6608102,580.9587,0,500,0,1603.988,0.8019943,0.931444,0.3172331,0,250,0.3172331,1482.033,382.0243,0,16.94643,1.941388,8.687491,611.2349,362.2078,249.0271,719.1893,0,1470.96,0,-1.136868e-13,1.091349e-13,4.263256e-14
mpc,2026-01-27 18:30:00,2186,18.5,37.85896,3558.072,344.2409,0,366.284,1,0,2490.65,2490.333,373.0814,164.4726,537.5539,3,0,0,537.5539,0,0,331.019,1520.981,0.7604906,1.010008,0.3172331,0,250,0.3172331,2117.252,353.2419,0,17.98704,0,13.04204,609.6296,518.2339,91.39574,685.8987,0,1402.825,0,0,-4.571898e-13,4.263256e-14
mpc,2026-01-27 18:45:00,2187,18.75,37.65992,3538.975,375.8481,0.8639604,325.0216,0,0,2477.282,2476.965,323.2738,142.515,465.7888,2,0,0,465.7888,0,0,366.1687,1429.2,0.7145998,0.9577396,0.3172331,0,250,0.3172331,2153.691,306.8247,0,17.04297,0,18.19689,603.1254,524.3431,78.78229,0,671.2883,3721.485,0,-2.842171e-14,-4.120038e-13,4.263256e-14
mpc,2026-01-27 19:00:00,2188,19,37.48834,3498.953,381.5155,0,303.648,0,0,2449.267,2448.95,285.9639,126.0669,412.0309,1,0,0,412.0309,0,0,384.0883,1332.953,0.6664763,0.8999461,0.3172331,0,250,0.3172331,2162.986,271.9788,0,2.743482,0,31.66916,593.5771,524.1972,69.37992,0,657.9391,3623.398,0,-2.842171e-14,2.187139e-14,4.263256e-14
mpc,2026-01-27 19:15:00,2189,19.25,37.23826,3511.912,405.16,0,270.159,0,0,2458.339,2458.021,261.0263,115.0732,376.0996,2,0,0,376.0996,0,0,397.9316,1233.26,0.6166299,0.8393407,0.3172331,0,250,0.3172331,2196.995,249.0132,0,10.96238,0,21.14572,591.8301,528.9132,62.91687,0,649.0771,3588.834,0,-1.421086e-14,4.222178e-13,4.263256e-14
mpc,2026-01-27 19:30:00,2190,19.5,36.95642,3441.132,421.2731,0,233.1037,0,0,2408.793,2408.475,245.9236,108.4152,354.3387,1,0,0,354.3387,0,0,399.7361,1133.132,0.5665658,0.7765656,0.3172331,0,250,0.3172331,2162.552,235.4044,0,26.33482,0,0,575.6061,516.7643,58.8418,0,625.1794,3483.914,0,-1.421086e-14,6.117329e-14,4.263256e-14
mpc,2026-01-27 19:45:00,2191,19.75,37.04019,3458.399,423.268,1.674353,208.6118,0,0,2420.879,2420.562,222.889,98.26041,321.1494,1,0,0,321.1494,0,0,392.0124,1034.95,0.5174751,0.7135164,0.3172331,0,250,0.3172331,2197.673,213.1399,0,35.48866,0,0,579.7709,526.3157,53.45516,0,624.5761,3496.387,0,-1.421086e-14,-3.083089e-13,4.263256e-14
mpc,2026-01-27 20:00:00,2192,20,36.87369,3461.582,403.2961,1.757207,185.0602,0,0,2423.107,2422.79,221.9593,97.85055,319.8099,1,0,0,319.8099,0,0,376.0364,940.7782,0.4703891,0.651693,0.3172331,0,250,0.3172331,2200.831,212.6769,0,32.6374,0,0,577.7703,524.7703,53.00004,0,622.6209,3480.714,0,0,-1.232348e-14,4.263256e-14
mpc,2026-01-27 20:15:00,2193,20.25,36.67034,3437.487,383.9859,2.689158,166.4205,0,0,2406.241,2405.923,204.2148,90.02791,294.2427,1,0,0,294.2427,0,0,351.0105,852.8775,0.4264387,0.5923942,0.3172331,0,250,0.3172331,2201.709,196.1532,0,35.97581,0,0,570.7047,522.1944,48.51027,0,612.2223,3429.281,0,-1.421086e-14,9.103829e-14,4.263256e-14
mpc,2026-01-27 20:30:00,2194,20.5,36.41828,3467.874,352.648,0,155.5921,0,0,2427.512,2427.195,178.8928,78.86472,257.7575,1,0,0,257.7575,0,0,340.0185,767.7386,0.3838693,0.5370444,0.3172331,0,250,0.3172331,2248.302,172.3505,0,16.92467,0,0,571.9881,529.7613,42.22678,0,608.6261,3376.638,0,0,-4.773959e-15,4.263256e-14
mpc,2026-01-27 20:45:00,2195,20.75,36.326,3444.071,313.7941,0,147.6795,0,0,2410.849,2410.532,147.4434,65.00027,212.4436,1,0,0,212.4436,0,0,309.4926,690.2446,0.3451223,0.4834337,0.3172331,0,250,0.3172331,2263.089,142.2081,0,5.714853,0,5.471383,566.7067,531.9733,34.73337,0,598.2597,3300.287,0,-1.421086e-14,-1.810774e-13,4.263256e-14
mpc,2026-01-27 21:00:00,2196,21,36.13633,3424.901,270.8188,0,153.4217,0,0,2397.431,2397.114,141.5236,62.39054,203.9141,1,0,0,203.9141,0,0,271.2882,622.3139,0.3111569,0.4346369,0.3172331,0,250,0.3172331,2255.59,136.8079,0,0,0,16.61384,560.802,527.6229,33.1791,0,593.8997,3266.448,0,-2.131628e-14,4.646283e-14,4.263256e-14
mpc,2026-01-27 21:15:00,2197,21.25,35.96605,3376.197,231.5102,0,128.7188,0,0,2363.338,2363.021,130.7762,57.65254,188.4287,1,0,0,188.4287,0,0,242.1747,561.6722,0.2808361,0.3918619,0.3172331,0,250,0.3172331,2232.245,126.6753,0,0,0,2.043509,550.4155,519.8842,30.53132,0,578.0126,3179.07,0,-1.421086e-14,-8.437695e-15,4.263256e-14
mpc,2026-01-27 21:30:00,2198,21.5,35.7654,3345.634,202.0244,0,114.6352,0,0,2341.944,2341.626,121.8754,53.72866,175.6041,1,0,0,175.6041,0,0,202.5232,510.953,0.2554765,0.3536767,0.3172331,0,250,0.3172331,2219.751,118.3355,0,0,0,0,542.6435,514.3306,28.31282,0,568.0593,3124.326,0,-7.105427e-15,8.454348e-14,4.263256e-14
mpc,2026-01-27 21:45:00,2199,21.75,35.49162,3348.087,172.4982,0,98.70954,0,0,2343.661,2343.344,104.2404,45.9543,150.1947,1,0,0,150.1947,0,0,178.2002,466.3225,0.2331612,0.3217396,0.3172331,0,250,0.3172331,2239.103,101.5417,0,0,0,0,539.2783,515.2195,24.05881,0,561.1738,3086.456,0,0,-3.885781e-15,4.263256e-14
mpc,2026-01-27 22:00:00,2200,22,35.19485,3348.42,154.6508,0,82.68718,0,0,2343.894,2343.577,0,0,0,0,0,0,0,0,0,151.047,428.4873,0.2142437,0.2936364,0.3172331,0,250,0.3172331,2343.577,0,0,5.689038,0,82.68718,535.3108,535.2383,0.07245136,0,554.1228,3057.489,0,0,-5.107026e-15,4.263256e-14
mpc,2026-01-27 22:15:00,2201,22.25,34.72938,3340.118,124.8754,0,61.03065,0,0,2338.083,2337.766,0,0,0,0,0,0,0,0,0,129.7229,395.9891,0.1979946,0.2698122,0.3172331,0,250,0.3172331,2337.766,0,0,0,0,61.03065,527.8115,527.7399,0.07161392,0,541.5173,2978.345,0,0,-2.114975e-14,4.263256e-14
mpc,2026-01-27 22:30:00,2202,22.5,34.42331,3331.65,112.585,0,67.21766,0,0,2332.155,2331.838,0,0,0,0,0,0,0,0,0,114.5192,367.297,0.1836485,0.2493486,0.3172331,0,250,0.3172331,2331.838,0,0,1.073748,0,67.21766,522.5022,522.4311,0.07107374,0,537.4907,2958.051,0,0,-1.071365e-14,4.263256e-14
mpc,2026-01-27 22:45:00,2203,22.75,34.45884,3349.754,82.94314,0,81.69563,0,0,2344.828,2344.511,0,0,0,0,0,0,0,0,0,93.00842,343.9871,0.1719935,0.2312815,0.3172331,0,250,0.3172331,2344.511,0,0,0,0,81.69563,525.8018,525.7307,0.07113602,0,544.0501,2992.275,0,0,6.175616e-14,4.263256e-14
mpc,2026-01-27 23:00:00,2204,23,34.04428,3323.652,70.68245,0,86.29404,0,0,2326.557,2326.24,0,0,0,0,0,0,0,0,0,82.51656,323.3038,0.1616519,0.2166036,0.3172331,0,250,0.3172331,2326.24,0,0,0,0,86.29404,516.4239,516.3535,0.07041597,0,535.5081,2945.295,0,0,1.110223e-15,4.263256e-14
mpc,2026-01-27 23:15:00,2205,23.25,33.79152,3318.036,62.60908,0.8404865,79.89281,0,0,2322.626,2322.308,0,0,0,0,0,0,0,0,0,67.1163,306.4738,0.1532369,0.2035797,0.3172331,0,250,0.3172331,2322.308,0,0,0,0.7297363,79.89281,512.3891,512.3191,0.06998407,0,529.9441,2915.951,0,0,-1.15713e-13,4.263256e-14
mpc,2026-01-27 23:30:00,2206,23.5,33.5806,3262.672,65.16961,0,67.73777,0,1,2283.87,2283.553,436.1899,125.4784,561.6683,2,61.66828,0,0,0,500,0,431.4256,0.2157128,0.1929821,0.3172331,0,250,0.3172331,1847.363,0,0,3.50133,0,67.73777,501.2738,405.4673,95.80647,0,545.8131,3008.012,0,-1.421086e-14,-4.818368e-14,4.263256e-14
mpc,2026-01-27 23:45:00,2207,23.75,33.4805,3280.447,74.24603,0,59.13395,1,1,2296.313,2295.996,438.2572,126.1184,564.3756,3,63.95032,0.4252647,0,0,500,0,556.3577,0.2781788,0.2716624,0.3172331,0,250,0.3172331,1857.738,0,0,10.29571,0,59.13395,502.7896,406.7615,96.02816,545.8275,0,1109.415,0,0,-1.426637e-14,4.263256e-14
mpc,2026-01-28 00:00:00,2208,0,33.56946,3264.74,57.99397,0.9703888,32.75316,1,1,2285.318,2285.001,434.3314,125.0296,559.361,3,58.55369,0.8072825,0,0,500,0,681.2701,0.340635,0.3503303,0.3172331,0,250,0.3172331,1850.669,0,0,0,0.1631063,32.75316,501.4565,406.0837,95.37289,538.3001,0,1076.882,0,1.421086e-14,1.174616e-13,4.263256e-14
mpc,2026-01-28 00:15:00,2209,0.25,33.25824,3301.244,48.40355,0,32.5307,1,1,2310.871,2310.553,430.0891,123.8366,553.9257,3,52.86097,1.064722,0,0,500,0,806.1628,0.4030814,0.4289858,0.3172331,0,250,0.3172331,1880.464,0,0,0,0,32.5307,503.283,409.5451,93.7379,540.4665,0,1080.933,0,4.263256e-14,2.0417e-13,4.263256e-14
mpc,2026-01-28 00:30:00,2210,0.5,32.88873,3303.847,46.0681,0,47.15327,1,1,2312.693,2312.376,435.9502,125.5301,561.4803,2,60.34525,1.135048,0,0,500,0,931.0359,0.465518,0.5076289,0.3172331,0,250,0.3172331,1876.426,0,0,0,0,47.15327,499.2602,405.0795,94.18065,540.789,0,1081.578,0,-5.684342e-14,2.331468e-14,4.263256e-14
mpc,2026-01-28 00:45:00,2211,0.75,32.77721,3301.717,21.57123,0,43.08169,1,1,2311.202,2310.885,434.7522,125.107,559.8592,3,59.46282,0.3964234,0,0,500,0,1055.889,0.5279447,0.5862597,0.3172331,0,250,0.3172331,1876.132,0,0,0,0,43.08169,497.6205,403.9465,93.67398,538.3293,0,1076.659,0,-4.263256e-14,1.824096e-13,4.263256e-14
mpc,2026-01-28 01:00:00,2212,1,32.55898,3240.283,38.43669,0,35.72914,1,1,2268.198,2267.881,388.0192,111.9808,500,1,65.34149,3.382448,0,0,431.2761,0,1163.542,0.5817711,0.664878,0.3172331,0,250,0.3172331,1879.861,0,0,0,0,35.72914,485.8502,402.6682,83.18205,522.3022,0,1044.604,0,-1.421086e-14,-2.116085e-13,4.263256e-14
mpc,2026-01-28 01:15:00,2213,1.25,32.58004,3198.833,41.91221,0,22.12627,1,1,2239.183,2238.866,442.1049,127.7077,569.8126,3,64.84839,4.964213,0,0,500,0,1288.359,0.6441795,0.7326654,0.3172331,0,250,0.3172331,1796.761,0,0,0,0,22.12627,479.8734,385.0591,94.81431,517.5086,0,1035.017,0,-5.684342e-14,-2.065015e-13,4.263256e-14
mpc,2026-01-28 01:30:00,2214,1.5,32.43825,3201.936,59.1568,0.9352339,29.32766,1,1,2241.355,2241.038,436.9827,125.885,562.8677,2,61.18843,1.679291,0,0,500,0,1413.156,0.7065781,0.8112608,0.3172331,0,250,0.3172331,1804.055,0,0,0,0,29.32766,478.7387,385.3343,93.40438,517.4835,0,1034.967,0,2.842171e-14,2.365885e-13,4.263256e-14
mpc,2026-01-28 01:45:00,2215,1.75,32.12245,3189.96,49.36093,0,19.40168,1,1,2232.972,2232.655,431.2419,124.3222,555.5641,3,53.05081,2.513302,0,0,500,0,1537.934,0.7689668,0.8898437,0.3172331,0,250,0.3172331,1801.413,0,0,0,0,19.40168,473.4353,381.936,91.49928,510.3718,0,1020.744,0,4.263256e-14,1.265654e-13,4.263256e-14
mpc,2026-01-28 02:00:00,2216,2,31.87895,3183.488,48.91502,0,33.79255,1,1,2228.441,2228.124,439.7494,126.8773,566.6268,3,63.09982,3.526926,0,0,500,0,1662.692,0.8313458,0.9684143,0.3172331,0,250,0.3172331,1788.375,0,0,0,0,33.79255,469.8067,377.0305,92.77618,511.0321,0,1022.064,0,-1.421086e-14,-5.617729e-14,4.263256e-14
mpc,2026-01-28 02:15:00,2217,2.25,31.7269,3185.52,37.76166,0,17.07527,1,1,2229.864,2229.546,432.3612,124.4263,556.7876,3,56.32403,0.4635287,0,0,500,0,1787.43,0.8937149,1.046973,0.3172331,0,250,0.3172331,1797.185,0,0,0,0,17.07527,468.4547,377.5567,90.89806,505.5702,0,1011.14,0,0,-1.383338e-13,4.263256e-14
mpc,2026-01-28 02:30:00,2218,2.5,31.59548,3174.973,23.91266,0,19.2752,1,1,2222.481,2222.164,388.2869,111.7131,500,1,60.63626,0.1402101,0,0,439.2235,0,1896.954,0.9484772,1.125518,0.3172331,0,250,0.3172331,1833.877,0,0,0,0,19.2752,465.4901,384.0985,81.39164,499.8487,0,999.6974,0,-4.263256e-14,-2.553513e-14,4.263256e-14
mpc,2026-01-28 02:45:00,2219,2.75,31.26276,3212.455,27.3241,0,21.02888,1,1,2248.718,2248.401,0,0,0,0,0,0,0,0,0,58.93859,1881.921,0.9409606,1.194484,0.3172331,0,250,0.3172331,2248.401,0,0,0,0,21.02888,467.4024,467.3365,0.06593779,471.7074,0,943.4148,0,0,-1.263434e-13,4.263256e-14
mpc,2026-01-28 03:00:00,2220,3,30.8425,3231.277,45.75187,3.413278,40.18849,1,1,2261.894,2261.577,0,0,0,0,0,0,0,0,0,67.84163,1864.664,0.9323322,1.185018,0.3172331,0,250,0.3172331,2261.577,0,0,0,0,40.18849,465.6667,465.6014,0.06531025,473.8752,0,947.7503,0,0,1.765255e-13,4.263256e-14
mpc,2026-01-28 03:15:00,2221,3.25,30.48131,3277.734,40.40895,2.652001,65.0826,1,1,2294.414,2294.097,0,0,0,0,0,0,0,0,0,67.51168,1847.493,0.9237465,1.174152,0.3172331,0,250,0.3172331,2294.097,0,0,0,0,65.0826,468.5293,468.4645,0.06478037,481.7546,0,963.5093,0,0,8.437695e-14,4.263256e-14
mpc,2026-01-28 03:30:00,2222,3.5,30.42621,3247.888,65.85366,0.08309605,47.80595,1,1,2273.522,2273.204,218.3413,63.46671,281.808,1,64.44013,6.176442,0,0,211.1914,0,1900,0.95,1.163339,0.3172331,0,250,0.3172331,2054.863,0,0,1.413524,0,47.80595,463.689,419.0932,44.59582,492.31,0,987.0584,0,-2.842171e-14,-2.087219e-14,4.263256e-14
mpc,2026-01-28 03:45:00,2223,3.75,30.28454,3307.18,75.37175,0,40.29731,1,1,2315.026,2314.709,0,0,0,0,0,0,0,0,0,77.23696,1880.392,0.9401958,1.196402,0.3172331,0,250,0.3172331,2314.709,0,0,0,0,40.29731,470.6581,470.5936,0.06449531,478.7862,0,957.5725,0,0,3.652634e-13,4.263256e-14
mpc,2026-01-28 04:00:00,2224,4,29.93991,3285.711,77.36691,0,38.11518,1,1,2299.998,2299.68,0,0,0,0,0,0,0,0,0,77.84933,1860.633,0.9303167,1.184055,0.3172331,0,250,0.3172331,2299.68,0,0,1.75497,0,38.11518,464.0263,463.9623,0.06400202,471.6521,0,946.3315,0,0,-2.118306e-13,4.263256e-14
mpc,2026-01-28 04:15:00,2225,4.25,29.78156,3289.472,84.444,1.638772,34.91921,1,1,2302.631,2302.314,0,0,0,0,0,0,0,0,0,91.70267,1837.415,0.9187074,1.171614,0.3172331,0,250,0.3172331,2302.314,0,0,0,0,34.91921,462.9308,462.867,0.0637779,469.8873,0,939.7746,0,0,1.871836e-13,4.263256e-14
mpc,2026-01-28 04:30:00,2226,4.5,29.46023,3340.087,111.5323,0,32.54064,1,1,2338.061,2337.744,0,0,0,0,0,0,0,0,0,110.3312,1809.543,0.9047713,1.156993,0.3172331,0,250,0.3172331,2337.744,0,0,1.923956,0,32.54064,466.7371,466.6738,0.06332788,473.1697,0,949.6582,0,0,1.221245e-14,4.263256e-14
mpc,2026-01-28 04:45:00,2227,4.75,29.37672,3359.559,128.1803,0,15.19911,1,1,2351.691,2351.374,0,0,0,0,0,0,0,0,0,127.6411,1777.348,0.8886738,1.139442,0.3172331,0,250,0.3172331,2351.374,0,0,1.033611,0,15.19911,468.5987,468.5355,0.06321196,471.564,0,944.9111,0,0,2.757794e-13,4.263256e-14
mpc,2026-01-28 05:00:00,2228,5,29.23209,3307.851,155.7857,0,25.77147,1,1,2315.496,2315.179,0,0,0,0,0,0,0,0,0,152.533,1738.935,0.8694673,1.11917,0.3172331,0,250,0.3172331,2315.179,0,0,3.924221,0,25.77147,459.9284,459.8654,0.06301221,464.9844,0,936.7381,0,0,2.728928e-13,4.263256e-14
mpc,2026-01-28 05:15:00,2229,5.25,29.14593,3331.474,206.1713,0,20.86941,1,1,2332.032,2331.714,0,0,0,0,0,0,0,0,0,194.4212,1690.055,0.8450277,1.094982,0.3172331,0,250,0.3172331,2331.714,0,0,12.86243,0,20.86941,462.3425,462.2796,0.0628938,466.4171,0,955.0219,0,0,-4.025669e-13,4.263256e-14
mpc,2026-01-28 05:30:00,2230,5.5,29.13934,3370.286,252.6336,0,13.0528,1,1,2359.2,2358.883,0,0,0,0,0,0,0,0,0,242.9066,1629.063,0.8145314,1.064203,0.3172331,0,250,0.3172331,2358.883,0,0,12.33636,0,13.0528,467.6617,467.5988,0.06288477,470.1863,0,961.6527,0,0,1.667555e-13,4.263256e-14
mpc,2026-01-28 05:45:00,2231,5.75,29.18455,3374.927,293.7475,0,9.314979,1,1,2362.449,2362.132,0,0,0,0,0,0,0,0,0,290.033,1556.298,0.778149,1.025797,0.3172331,0,250,0.3172331,2362.132,0,0,5.794377,0,9.314979,468.7678,468.7049,0.06294683,470.5532,0,951.1017,0,0,-7.949197e-14,4.263256e-14
mpc,2026-01-28 06:00:00,2232,6,29.23031,3386.922,334.8186,0,29.93235,1,1,2370.846,2370.528,0,0,0,0,0,0,0,0,0,328.9675,1473.811,0.7369056,0.9799781,0.3172331,0,250,0.3172331,2370.528,0,0,9.405113,0,29.93235,470.9043,470.8413,0.06300976,476.7865,0,969.7969,0,0,-1.54099e-13,4.263256e-14
mpc,2026-01-28 06:15:00,2233,6.25,29.45293,3356.503,386.1026,3.228176,30.93432,1,1,2349.552,2349.235,0,0,0,0,0,0,0,0,0,371.5645,1380.688,0.690344,0.9280373,0.3172331,0,250,0.3172331,2349.235,0,0,16.47761,1.288702,30.93432,468.9559,468.8926,0.06331773,475.0668,0,980.7806,0,0,-3.421707e-13,4.263256e-14
mpc,2026-01-28 06:30:00,2234,6.5,29.83386,3359.405,421.5759,0,21.70496,1,1,2351.583,2351.266,0,0,0,0,0,0,0,0,0,404.4412,1279.36,0.6396802,0.869399,0.3172331,0,250,0.3172331,2351.266,0,0,17.45136,0,21.70496,473.3198,473.2559,0.06385175,477.6246,0,985.3529,0,0,1.850742e-13,4.263256e-14
mpc,2026-01-28 06:45:00,2235,6.75,30.02513,3352.673,446.0582,0,31.29402,1,1,2346.872,2346.554,451.8518,130.0874,581.9393,2,434.2461,0.9739401,0,0,146.7192,0,1315.839,0.6579194,0.8055945,0.3172331,0,250,0.3172331,1894.702,0,0,11.8121,0,31.29402,474.3804,382.982,91.39833,519.395,0,1059.166,0,5.684342e-14,2.904343e-13,4.263256e-14
mpc,2026-01-28 07:00:00,2236,7,30.09549,3328.276,435.2285,0,19.85871,1,1,2329.794,2329.476,607.1153,175.0525,782.1678,2,436.8936,3.800838,0,0,341.4734,0,1401,0.7005,0.8285644,0.3172331,0,250,0.3172331,1722.361,0,0,0,0,19.85871,471.6662,348.6916,122.9746,527.7645,0,1055.529,0,-1.136868e-13,-2.214895e-13,4.263256e-14
mpc,2026-01-28 07:15:00,2237,7.25,30.30441,3326.06,431.352,0,36.34683,1,1,2328.242,2327.925,722.0815,208.2416,930.3231,4,425.4231,4.900019,0,0,500,0,1525.78,0.7628897,0.8821892,0.3172331,0,250,0.3172331,1605.843,0,0,5.928843,0,36.34683,473.5553,326.6222,146.9331,542.2566,0,1094.74,0,-8.526513e-14,3.099743e-13,4.263256e-14
mpc,2026-01-28 07:30:00,2238,7.5,30.33487,3337.249,414.4193,0,40.05005,1,1,2336.074,2335.757,319.8864,92.02148,411.9079,2,411.9079,0,0,0,0,2.320992,1524.959,0.7624795,0.960761,0.3172331,0,250,0.3172331,2015.871,0,0,2.511389,0,40.05005,475.4725,410.2999,65.17259,510.473,0,1025.278,0,0,-3.207434e-13,4.263256e-14
mpc,2026-01-28 07:45:00,2239,7.75,30.36875,3339.439,380.5265,0,56.39606,1,1,2337.607,2337.29,290.9554,83.69891,374.6543,2,374.6543,0,0,0,0,4.6058,1523.568,0.7617838,0.9602444,0.3172331,0,250,0.3172331,2046.335,0,0,5.872202,0,56.39606,476.1457,416.8166,59.32912,512.0027,0,1034.135,0,0,-2.129408e-13,4.263256e-14
mpc,2026-01-28 08:00:00,2240,8,30.41254,3346.84,339.8959,256.2528,85.86956,1,1,2342.788,2342.47,800.2298,254.4522,1054.682,4,326.5734,228.1086,0,0,500,0,1648.328,0.8241639,0.9593681,0.3172331,0,250,0.3172331,1542.241,0,0,13.32249,28.14421,85.86956,477.6695,314.4465,163.223,586.4066,0,1244.343,0,0,-5.695444e-14,4.263256e-14
mpc,2026-01-28 08:15:00,2241,8.25,30.62281,3358.473,279.7707,262.588,79.63247,1,1,2350.931,2350.614,336.2291,113.7709,450,3,289.6413,62.5469,97.81176,0,0,163.6981,1607.144,0.8035718,1.037928,0.3172331,0,250,0.3172331,2014.385,69.93713,0,0,36.34305,9.695341,481.6011,412.6577,68.94335,528.4147,0,1119.521,0,-7.105427e-14,3.745892e-13,4.263256e-14
mpc,2026-01-28 08:30:00,2242,8.5,30.96829,3426.358,234.5727,261.9285,65.23798,1,1,2398.45,2398.133,116.4895,33.51046,150,1,150,0,0,0,0,325.7426,1525.455,0.7627275,1.011995,0.3172331,0,250,0.3172331,2281.644,0,0,0,29.02893,65.23798,495.1907,471.0745,24.11625,518.0542,0,1086.183,0,-1.421086e-14,-3.905765e-13,4.263256e-14
mpc,2026-01-28 08:45:00,2243,8.75,31.45152,3486.456,172.3941,271.107,84.37807,1,1,2440.519,2440.202,224.9774,75.02258,300,2,203.0828,0,96.91725,0,0,235.8529,1466.252,0.7331258,0.9605567,0.3172331,0,250,0.3172331,2215.224,68.655,0,0,35.25407,15.72307,509.4676,462.4364,47.03111,540.7413,0,1142.296,0,0,7.405188e-14,4.263256e-14
mpc,2026-01-28 09:00:00,2244,9,31.82468,3563.747,148.0394,273.6897,98.62498,1,1,2494.623,2494.306,683.8292,222.1229,905.9521,4,166.974,238.978,0,0,500,0,1591.021,0.7955104,0.9232772,0.3172331,0,250,0.3172331,1810.476,0,0,0,34.71168,98.62498,525.2629,381.2104,144.0525,624.0995,0,1308.077,0,0,-2.866596e-13,4.263256e-14
mpc,2026-01-28 09:15:00,2245,9.25,32.12425,3546.065,116.5567,271.276,105.0565,1,1,2482.246,2481.928,655.6418,214.4718,870.1136,2,126.832,243.2816,0,0,500,0,1715.77,0.8578852,1.001842,0.3172331,0,250,0.3172331,1826.287,0,0,0,27.99443,105.0565,526.3085,387.226,139.0824,623.9728,0,1296.236,0,-2.842171e-14,-3.415046e-13,4.263256e-14
mpc,2026-01-28 09:30:00,2246,9.5,32.25185,3565.343,97.41531,273.2932,102.6748,1,1,2495.74,2495.423,0,0,0,0,0,0,0,0,0,347.6807,1628.58,0.8142901,1.080396,0.3172331,0,250,0.3172331,2495.423,0,0,0,27.98206,102.6748,530.7492,530.6817,0.06746344,552.5167,0,1153.303,0,0,-2.009504e-13,4.263256e-14
mpc,2026-01-28 09:45:00,2247,9.75,32.48888,3578.501,89.31046,280.2917,114.7816,1,1,2504.951,2504.633,0,0,0,0,0,0,0,0,0,332.0388,1545.314,0.772657,1.025493,0.3172331,0,250,0.3172331,2504.633,0,0,6.440389,31.12291,114.7816,535.6782,535.6104,0.0678396,560.1562,0,1185.109,0,0,1.212364e-13,4.263256e-14
mpc,2026-01-28 10:00:00,2248,10,32.79408,3574.989,83.43591,282.831,139.9256,1,1,2502.492,2502.175,0,0,0,0,0,0,0,0,0,311.2603,1467.256,0.7336279,0.9730616,0.3172331,0,250,0.3172331,2502.175,0,0,21.3796,33.62703,139.9256,539.0223,538.954,0.06833016,569.0932,0,1233.073,0,0,-1.776357e-14,4.263256e-14
mpc,2026-01-28 10:15:00,2249,10.25,33.01829,3569.712,71.16832,290.2476,138.5039,1,1,2498.798,2498.481,0,0,0,0,0,0,0,0,0,303.6871,1391.103,0.6955515,0.9239094,0.3172331,0,250,0.3172331,2498.481,0,0,15.08199,42.64681,138.5039,541.1011,541.0324,0.06869509,571.0247,0,1241.631,0,0,-1.44329e-14,4.263256e-14
mpc,2026-01-28 10:30:00,2250,10.5,33.50639,3613.838,69.612,293.4461,171.0208,1,1,2529.686,2529.369,0,0,0,0,0,0,0,0,0,300.2405,1315.824,0.6579119,0.8759571,0.3172331,0,250,0.3172331,2529.369,0,0,17.3287,45.48896,171.0208,554.2334,554.1639,0.06950316,591.6332,0,1291.627,0,0,-8.826273e-14,4.263256e-14
mpc,2026-01-28 10:45:00,2251,10.75,33.64658,3653.811,56.84598,291.6228,181.8741,0,1,2557.668,2557.351,0,0,0,0,0,0,0,0,0,300.8788,1240.397,0.6201985,0.828555,0.3172331,0,250,0.3172331,2557.351,0,0,2.66124,44.92876,181.8741,562.2637,562.194,0.06973879,0,602.1762,3394.062,0,0,-5.984102e-14,4.263256e-14
mpc,2026-01-28 11:00:00,2252,11,33.8056,3717.306,61.94124,298.0274,218.7844,0,0,2602.114,2601.797,0,0,0,0,0,0,0,0,0,299.2074,1165.4,0.5826999,0.7810598,0.3172331,0,250,0.3172331,2601.797,0,0,11.09488,49.66634,218.7844,574.2426,574.1726,0.07000799,0,622.4546,3528.314,0,0,3.330669e-14,4.263256e-14
mpc,2026-01-28 11:15:00,2253,11.25,34.11058,3687.66,64.06179,294.3954,243.6195,0,0,2581.362,2581.044,0,0,0,0,0,0,0,0,0,305.8059,1088.765,0.5443825,0.7338352,0.3172331,0,250,0.3172331,2581.044,0,0,8.96589,43.68547,243.6195,573.9119,573.8414,0.07053016,0,628.0051,3544.852,0,0,-4.396483e-14,4.263256e-14
mpc,2026-01-28 11:30:00,2254,11.5,34.62749,3733.267,59.80507,293.6644,284.0364,0,0,2613.287,2612.97,0,0,0,0,0,0,0,0,0,301.9877,1013.097,0.5065483,0.6855793,0.3172331,0,250,0.3172331,2612.97,0,0,7.90962,43.57213,284.0364,588.4489,588.3774,0.0714332,0,652.3356,3676.651,0,0,1.650902e-13,4.263256e-14
mpc,2026-01-28 11:45:00,2255,11.75,34.64404,3721.008,48.80736,297.8085,316.3934,0,0,2604.705,2604.388,307.0778,135.375,442.4528,1,0,0,442.4528,0,0,316.5609,933.797,0.4668985,0.6379321,0.3172331,0,250,0.3172331,2297.31,302.1279,0,0,42.77703,14.26555,586.7569,517.5106,69.24629,0,656.0991,3682.336,0,0,1.84297e-13,4.263256e-14
mpc,2026-01-28 12:00:00,2256,12,34.78881,3699.399,45.64228,303.5798,328.457,0,0,2589.58,2589.262,322.6959,142.2602,464.9561,1,0,0,464.9561,0,0,320.191,853.6022,0.4268011,0.5879982,0.3172331,0,250,0.3172331,2266.567,316.9557,0,0,50.86706,11.50128,585.4498,512.4233,73.02651,0,657.2837,3702.806,0,0,-1.073586e-13,4.263256e-14
mpc,2026-01-28 12:15:00,2257,12.25,35.21049,3734.326,47.97664,300.9077,360.2989,0,0,2614.028,2613.711,347.1625,153.0463,500.2087,2,0,0,500.2087,0,0,314.7133,774.7895,0.3873948,0.5375008,0.3172331,0,250,0.3172331,2266.548,339.2996,0,0,44.54422,20.99929,597.2401,517.8497,79.39044,0,675.6938,3793.155,0,-2.842171e-14,2.964295e-14,4.263256e-14
mpc,2026-01-28 12:30:00,2258,12.5,35.37069,3738.408,48.83736,298.3665,395.4357,0,0,2616.886,2616.569,347.0176,152.9824,500,1,0,0,500,0,0,317.6112,695.2647,0.3476324,0.4878736,0.3172331,0,250,0.3172331,2269.551,338.5172,0,0,43.95486,56.91851,600.31,520.6319,79.67814,0,686.6713,3852.514,0,0,1.659783e-14,4.263256e-14
mpc,2026-01-28 12:45:00,2259,12.75,35.88382,3786.698,43.68319,301.2683,417.2945,0,0,2650.689,2650.371,394.6459,173.9793,568.6251,2,0,0,568.6251,0,0,315.6629,616.2396,0.3081198,0.437798,0.3172331,0,250,0.3172331,2255.725,382.6446,0,0,48.66962,34.6499,616.041,524.2485,91.79255,0,706.2806,3968.499,0,0,1.820766e-14,4.263256e-14
mpc,2026-01-28 13:00:00,2260,13,36.01303,3735.415,45.9091,299.9508,459.3248,0,0,2614.791,2614.473,347.0176,152.9824,500,1,0,0,500,0,0,319.2659,536.3261,0.268163,0.388037,0.3172331,0,250,0.3172331,2267.456,335.9479,0,0,44.32914,123.3769,609.712,528.7211,80.99089,0,710.4723,3984.066,0,0,-1.210143e-14,4.263256e-14
mpc,2026-01-28 13:15:00,2261,13.25,36.38362,3772.104,52.58841,300.0402,496.3138,0,0,2640.473,2640.156,437.6191,192.924,630.543,4,0,0,630.543,0,0,315.8868,457.2699,0.228635,0.3377167,0.3172331,0,250,0.3172331,2202.537,421.7898,0,0,44.15679,74.52396,621.6092,518.5121,103.0972,0,728.9802,4085.561,0,-5.684342e-14,-3.530509e-14,4.263256e-14
mpc,2026-01-28 13:30:00,2262,13.5,36.59379,3745.358,45.25937,302.4353,522.5121,0,0,2621.751,2621.434,456.4886,201.2426,657.7311,2,0,0,657.7311,0,0,315.2997,378.373,0.1891865,0.2879362,0.3172331,0,250,0.3172331,2164.945,438.8709,0,0,44.88893,83.64122,620.5792,512.4514,108.1278,0,733.4922,4111.641,0,0,-8.887335e-14,4.263256e-14
mpc,2026-01-28 13:45:00,2263,13.75,36.8669,3729.098,39.54659,297.1521,526.4906,1,0,2610.368,2610.051,475.1634,209.4753,684.6388,4,0,0,684.6388,0,0,315.7318,299.3805,0.1496903,0.238256,0.3172331,0,250,0.3172331,2134.888,455.3291,0,0,40.94549,71.16151,622.3104,508.9561,113.3543,735.3963,0,1541.424,0,-2.842171e-14,4.921064e-14,4.263256e-14
mpc,2026-01-28 14:00:00,2264,14,36.93533,3679.936,35.91222,294.909,519.5064,1,1,2575.956,2575.638,536.5238,229.8327,766.3565,2,56.26613,0,710.0903,0,0,255.4284,235.4763,0.1177381,0.1885155,0.3172331,0,250,0.3172331,2039.114,471.8673,0,0,39.48058,47.63912,615.2103,486.9977,128.2127,728.2079,0,1524.52,0,-2.842171e-14,4.80449e-14,4.263256e-14
mpc,2026-01-28 14:15:00,2265,14.25,36.92136,3708.843,41.65297,295.2831,550.5667,1,1,2596.19,2595.873,634.7057,272.5277,907.2333,4,61.21225,109.9731,736.048,0,0,141.7569,200,0.1,0.148276,0.3172331,0,250,0.3172331,1961.168,489.1989,0,0,43.55305,61.36779,619.8155,468.2099,151.6056,755.3885,0,1585.906,0,0,-5.329071e-15,4.263256e-14
mpc,2026-01-28 14:30:00,2266,14.5,37.20896,3703.644,51.98153,298.3837,554.699,1,1,2592.551,2592.233,1159.457,443.5078,1602.964,4,68.57846,248.1338,786.252,0,500,0,324.9685,0.1624843,0.1259371,0.3172331,0,250,0.3172331,1432.777,520.757,0,0,50.24991,33.94208,623.657,344.6649,278.992,796.3378,0,1679.357,0,5.684342e-14,1.573741e-14,4.263256e-14
mpc,2026-01-28 14:45:00,2267,14.75,37.31338,3740.397,63.59763,295.8455,566.4247,1,1,2618.278,2617.961,1163.707,445.9586,1609.666,4,63.72833,246.1447,799.7927,0,500,0,449.9174,0.2249587,0.2046279,0.3172331,0,250,0.3172331,1454.254,529.0573,0,0,49.70076,37.36746,631.5909,350.8005,280.7903,805.7731,0,1697.28,0,1.705303e-13,-7.951972e-14,4.263256e-14
mpc,2026-01-28 15:00:00,2268,15,37.35541,3741.546,65.57043,289.6304,563.8578,1,1,2619.082,2618.765,1175.363,452.0354,1627.398,4,55.84048,246.2216,825.3362,0,500,0,574.8465,0.2874233,0.2833064,0.3172331,0,250,0.3172331,1443.402,545.6766,0,9.729952,43.40872,18.18128,632.4904,348.5717,283.9187,804.9978,0,1701.66,0,5.684342e-14,-1.798561e-14,4.263256e-14
mpc,2026-01-28 15:15:00,2269,15.25,37.36146,3706.637,62.3481,288.6221,569.6403,1,1,2594.646,2594.329,1170.063,449.6639,1619.727,4,56.13608,246.4184,817.1726,0,500,0,699.756,0.349878,0.3619724,0.3172331,0,250,0.3172331,1424.265,540.2396,0,6.21202,42.20366,29.4007,626.6898,344.0055,282.6842,800.7706,0,1685.058,0,5.684342e-14,2.052802e-13,4.263256e-14
mpc,2026-01-28 15:30:00,2270,15.5,37.36329,3673.847,56.62258,287.2596,569.0413,1,1,2571.693,2571.375,1191.243,457.2309,1648.474,4,71.01754,246.6991,830.7575,0,500,0,824.6459,0.4123229,0.4406261,0.3172331,0,250,0.3172331,1380.132,549.2085,0,0,40.56052,19.83274,621.1761,333.3622,287.8139,795.3835,0,1660.734,0,-5.684342e-14,1.746936e-13,4.263256e-14
mpc,2026-01-28 15:45:00,2271,15.75,37.66412,3641.933,69.27031,280.492,572.9891,1,1,2549.353,2549.036,1213.186,466.2602,1679.446,4,76.43149,246.9491,856.0654,0,500,0,949.5161,0.474758,0.5192674,0.3172331,0,250,0.3172331,1335.85,563.8792,0,0,33.54291,9.10983,620.7417,325.266,295.4757,793.7443,0,1645.35,0,0,7.693846e-14,4.263256e-14
mpc,2026-01-28 16:00:00,2272,16,37.65105,3607.387,79.66229,282.5021,566.7968,1,1,2525.171,2524.854,1194.392,457.2825,1651.674,4,82.25098,242.7022,826.721,0,500,0,1074.367,0.5371833,0.5978963,0.3172331,0,250,0.3172331,1330.462,544.6368,0,0,39.79995,22.15998,614.6385,323.8407,290.7977,786.5171,0,1641.689,0,5.684342e-14,1.931788e-14,4.263256e-14
mpc,2026-01-28 16:15:00,2273,16.25,37.6734,3623.882,88.76577,272.9675,554.8788,1,1,2536.718,2536.4,1179.495,450.3297,1629.824,4,85.49082,241.8928,802.4406,0,500,0,1199.197,0.5995987,0.6765129,0.3172331,0,250,0.3172331,1356.906,528.4977,0,3.274947,31.07469,26.38113,617.8186,330.475,287.3436,787.2298,0,1633.713,0,1.705303e-13,-1.975087e-13,4.263256e-14
mpc,2026-01-28 16:30:00,2274,16.5,38.00676,3591.098,116.5615,276.3227,542.7557,1,1,2513.768,2513.451,1090.247,409.753,1500,3,95.84712,238.7147,665.4382,0,500,0,1324.009,0.6620043,0.7551171,0.3172331,0,250,0.3172331,1423.204,436.4915,0,20.71437,37.60799,106.2642,617.7464,349.7455,268.0009,785.6125,0,1671.831,0,-1.705303e-13,2.842171e-13,4.263256e-14
mpc,2026-01-28 16:45:00,2275,16.75,38.00785,3573.743,125.7177,272.3582,541.6346,1,1,2501.62,2501.303,617.5821,258.8119,876.394,3,113.0524,0,763.3415,0,0,240.561,1263.66,0.63183,0.8337089,0.3172331,0,250,0.3172331,1883.721,500.7041,0,12.66527,31.79724,40.93055,614.7792,462.9289,151.8502,731.7996,0,1540.297,0,0,2.53797e-13,4.263256e-14
mpc,2026-01-28 17:00:00,2276,17,38.04849,3571.899,152.5588,264.6222,516.2657,1,1,2500.329,2500.012,1094.502,405.4979,1500,3,147.3861,237.2624,615.3514,0,500,0,1388.461,0.6942305,0.7957082,0.3172331,0,250,0.3172331,1405.51,403.4319,0,5.172669,27.35982,112.8339,615.1377,345.7873,269.3504,779.0449,0,1614.208,0,5.684342e-14,2.310374e-13,4.263256e-14
mpc,2026-01-28 17:15:00,2277,17.25,38.1207,3559.025,168.7492,268.8071,491.9275,1,1,2491.318,2491,613.9118,249.5727,863.4845,4,177.1179,0,686.3666,0,0,236.2541,1329.179,0.6645895,0.8742936,0.3172331,0,250,0.3172331,1877.089,449.5938,0,0,32.553,42.33378,614.1206,462.7105,151.4101,722.7187,0,1501.591,0,-2.842171e-14,-1.916245e-13,4.263256e-14
mpc,2026-01-28 17:30:00,2278,17.5,38.08884,3553.738,202.9429,265.9716,463.7946,1,1,2487.617,2487.299,642.9332,258.6165,901.5496,3,208.6437,0,692.9059,0,0,229.9891,1271.473,0.6357362,0.8369645,0.3172331,0,250,0.3172331,1844.366,454.0538,0,0,35.98254,9.740806,612.6792,454.252,158.4272,715.2675,0,1492.605,0,0,-3.180789e-13,4.263256e-14
mpc,2026-01-28 17:45:00,2279,17.75,37.98949,3562.014,239.744,260.6266,441.2913,1,1,2493.409,2493.092,1177.32,431.1893,1608.509,4,238.3306,230.3546,639.824,0,500,0,1396.272,0.6981362,0.8006276,0.3172331,0,250,0.3172331,1315.772,419.7783,0,1.4134,30.27202,21.513,612.4573,323.1938,289.2636,759.6674,0,1573.992,0,5.684342e-14,3.240741e-13,4.263256e-14
mpc,2026-01-28 18:00:00,2280,18,38.13012,3559.028,263.3745,0,428.597,0,1,2491.319,2491.002,1021.884,358.7282,1380.613,4,271.4303,0.2873791,608.8949,0,500,0,1521.053,0.7605263,0.8792122,0.3172331,0,250,0.3172331,1469.118,398.8013,0,0,0,29.79571,614.278,362.2364,252.0415,0,728.3113,4005.712,0,-5.684342e-14,-3.059775e-13,4.263256e-14
mpc,2026-01-28 18:15:00,2281,18.25,38.12659,3511.001,317.4322,0,407.9846,0,1,2457.701,2457.384,1031.38,359.4057,1390.786,4,300.926,1.699137,588.1608,0,500,0,1645.813,0.8229065,0.9577845,0.3172331,0,250,0.3172331,1426.004,385.2378,0,16.50625,0,22.7468,605.9308,351.5723,254.3586,0,716.586,3969.696,0,1.136868e-13,1.478817e-13,4.263256e-14
mpc,2026-01-28 18:30:00,2282,18.5,37.98227,3497.447,354.0315,0,374.6571,0,0,2448.213,2447.896,380.45,167.721,548.1711,2,0,0,548.1711,0,0,338.1502,1561.016,0.7805082,1.036344,0.3172331,0,250,0.3172331,2067.445,359.678,0,18.02512,0,14.97915,601.2383,507.7285,93.50979,0,679.1282,3766.298,0,0,8.171242e-14,4.263256e-14
mpc,2026-01-28 18:45:00,2283,18.75,37.72442,3444.323,362.7025,0,344.2821,0,0,2411.026,2410.709,333.5481,147.0444,480.5924,2,0,0,480.5924,0,0,371.9643,1467.78,0.7338898,0.9829492,0.3172331,0,250,0.3172331,2077.161,316.3282,0,0,0,27.95389,588.0101,506.5858,81.42432,0,660.4476,3632.462,0,-2.842171e-14,-5.306866e-14,4.263256e-14
mpc,2026-01-28 19:00:00,2284,19,37.48267,3429.483,384.8272,0,329.8638,0,0,2400.638,2400.321,303.8137,133.936,437.7496,1,0,0,437.7496,0,0,382.673,1371.88,0.6859402,0.9242393,0.3172331,0,250,0.3172331,2096.507,288.9755,0,4.517892,0,40.88834,581.704,508.0093,73.69464,0,651.853,3592.985,0,0,7.238654e-14,4.263256e-14
mpc,2026-01-28 19:15:00,2285,19.25,37.24464,3433.494,401.9106,0,315.2938,0,0,2403.446,2403.128,273.1179,120.4038,393.5217,2,0,0,393.5217,0,0,401.9218,1271.184,0.635592,0.8638529,0.3172331,0,250,0.3172331,2130.01,260.5282,0,1.640364,0,54.76553,578.7127,512.8738,65.83898,0,646.4642,3558.383,0,1.421086e-14,-2.410294e-13,4.263256e-14
mpc,2026-01-28 19:30:00,2286,19.5,36.84612,3412.979,412.5647,0.4480632,264.1631,0,0,2389.085,2388.768,244.4495,107.7653,352.2149,1,0,0,352.2149,0,0,411.5974,1168.084,0.5840422,0.8004459,0.3172331,0,250,0.3172331,2144.318,234.3043,0,3.097485,0,29.85885,569.2463,510.9258,58.32047,0,625.8056,3447.274,0,-1.421086e-14,2.247091e-13,4.263256e-14
mpc,2026-01-28 19:45:00,2287,19.75,36.86978,3414.341,400.6998,0,225.8027,0,0,2390.039,2389.722,220.0367,97.00299,317.0397,2,0,0,317.0397,0,0,410.0657,1065.384,0.5326921,0.7355257,0.3172331,0,250,0.3172331,2169.685,210.8447,0,0,0,14.95802,569.8269,517.2906,52.53623,0,617.8599,3398.229,0,-2.842171e-14,-3.23741e-13,4.263256e-14
mpc,2026-01-28 20:00:00,2288,20,36.73743,3437.859,380.0152,0,197.0621,0,0,2406.501,2406.184,206.0704,90.84595,296.9164,1,0,0,296.9164,0,0,392.0094,967.2141,0.483607,0.6708568,0.3172331,0,250,0.3172331,2200.113,197.7762,0,0,0,0,571.7672,522.731,49.0362,0,613.5769,3374.673,0,-1.421086e-14,1.89404e-13,4.263256e-14
mpc,2026-01-28 20:15:00,2289,20.25,36.64768,3454.242,354.2401,0,195.8737,0,0,2417.969,2417.652,187.1805,82.51835,269.6988,1,0,0,269.6988,0,0,370.6234,874.406,0.437203,0.6090405,0.3172331,0,250,0.3172331,2230.472,179.8402,0,0,0,16.0335,573.1475,528.7037,44.44385,0,615.0226,3382.624,0,-1.421086e-14,-1.332268e-15,4.263256e-14
mpc,2026-01-28 20:30:00,2290,20.5,36.28969,3370.431,324.6291,0,166.2978,0,0,2359.302,2358.984,169.2152,74.59837,243.8136,1,0,0,243.8136,0,0,346.9679,787.5263,0.3937632,0.5506006,0.3172331,0,250,0.3172331,2189.769,163.2777,0,0,0,3.020091,554.0693,514.2555,39.81378,0,589.5631,3242.597,0,0,1.74305e-14,4.263256e-14
mpc,2026-01-28 20:45:00,2291,20.75,36.04366,3340.855,294.6335,0,134.6173,0,0,2338.598,2338.281,150.4069,66.30675,216.7137,1,0,0,216.7137,0,0,311.9674,709.4105,0.3547053,0.4958938,0.3172331,0,250,0.3172331,2187.874,145.5559,0,0,0,0,545.7388,510.5655,35.17321,0,576.8723,3172.798,0,0,5.218048e-14,4.263256e-14
mpc,2026-01-28 21:00:00,2292,21,35.81902,3329.781,260.0504,0,112.6821,0,0,2330.846,2330.529,150.7654,66.46479,217.2302,1,0,0,217.2302,0,0,271.0579,641.5344,0.3207672,0.4467054,0.3172331,0,250,0.3172331,2179.764,146.2932,0,0,0,0,540.8111,505.7564,35.05472,0,572.2212,3147.217,0,0,-2.436384e-13,4.263256e-14
mpc,2026-01-28 21:15:00,2293,21.25,35.62532,3350.307,231.3329,2.358577,116.6663,0,0,2345.215,2344.898,131.7437,58.07909,189.8228,1,0,0,189.8228,0,0,236.4034,582.3325,0.2911663,0.4039648,0.3172331,0,250,0.3172331,2213.154,128.1299,0,0,2.309455,0,541.4682,510.9776,30.49051,0,569.0567,3133.796,0,-1.421086e-14,6.200596e-14,4.263256e-14
mpc,2026-01-28 21:30:00,2294,21.5,35.38517,3326.948,192.8777,4.319,102.3132,0,0,2328.863,2328.546,119.5631,52.70927,172.2723,1,0,0,172.2723,0,0,202.3699,531.6484,0.2658242,0.3666862,0.3172331,0,250,0.3172331,2208.983,116.6144,0,0,4.263226,0,534.4334,506.9229,27.51043,0,559.6322,3085.331,0,0,-1.191269e-13,4.263256e-14
mpc,2026-01-28 21:45:00,2295,21.75,35.00171,3362.455,164.0413,0.7851392,105.8975,0,0,2353.718,2353.401,0,0,0,0,0,0,0,0,0,175.0751,487.7959,0.243898,0.3347712,0.3172331,0,250,0.3172331,2353.401,0,0,0,0.2849267,105.8975,534.9589,534.8868,0.07210151,0,558.9554,3074.746,0,0,-3.691492e-14,4.263256e-14
mpc,2026-01-28 22:00:00,2296,22,34.91674,3360.057,141.8518,0,92.78474,0,0,2352.04,2351.722,0,0,0,0,0,0,0,0,0,153.0574,449.4547,0.2247274,0.3071579,0.3172331,0,250,0.3172331,2351.722,0,0,0,0,92.78474,533.4441,533.3722,0.07194867,0,554.4158,3049.287,0,0,-5.551115e-14,4.263256e-14
mpc,2026-01-28 22:15:00,2297,22.25,34.77331,3317.57,126.4647,0.203016,69.23695,0,0,2322.299,2321.982,0,0,0,0,0,0,0,0,0,127.0668,417.6173,0.2088086,0.2830151,0.3172331,0,250,0.3172331,2321.982,0,0,1.165023,0,69.23695,524.821,524.7493,0.07169214,0,540.3963,2974.189,0,0,-2.620126e-14,4.263256e-14
mpc,2026-01-28 22:30:00,2298,22.5,34.54025,3282.772,113.8659,4.086246,57.03096,0,0,2297.941,2297.623,0,0,0,0,0,0,0,0,0,113.5625,389.1609,0.1945805,0.2629675,0.3172331,0,250,0.3172331,2297.623,0,0,1.681638,2.70799,57.03096,516.3247,516.2535,0.07127916,0,529.0677,2917.445,0,0,8.937295e-15,4.263256e-14
mpc,2026-01-28 22:45:00,2299,22.75,34.42695,3256.657,105.9203,1.014925,60.26284,0,0,2279.66,2279.343,0,0,0,0,0,0,0,0,0,87.54694,367.2129,0.1836065,0.2450489,0.3172331,0,250,0.3172331,2279.343,0,0,18.95876,0.4295414,60.26284,510.7869,510.7158,0.07108012,0,524.2185,2916.647,0,0,-8.526513e-14,4.263256e-14
mpc,2026-01-28 23:00:00,2300,23,34.33105,3211.844,89.77379,3.377914,47.19576,1,0,2248.291,2247.974,0,0,0,0,0,0,0,0,0,75.98205,348.1596,0.1740798,0.2312286,0.3172331,0,250,0.3172331,2247.974,0,0,13.84357,3.326081,47.19576,502.5704,502.4995,0.0709125,513.0493,0,1055.716,0,0,-1.027511e-13,4.263256e-14
mpc,2026-01-28 23:15:00,2301,23.25,34.25463,3211.356,76.25915,9.841121,52.93084,1,0,2247.949,2247.632,0,0,0,0,0,0,0,0,0,64.86741,331.8879,0.165944,0.219231,0.3172331,0,250,0.3172331,2247.632,0,0,11.88317,9.349696,52.93084,501.5515,501.4807,0.07077951,513.2904,0,1063.207,0,0,8.096301e-14,4.263256e-14
mpc,2026-01-28 23:30:00,2302,23.5,34.01432,3254.287,67.71985,0.1810746,51.08615,1,1,2278.001,2277.684,437.6247,125.8912,563.5159,2,63.51586,0,0,0,500,0,456.8357,0.2284179,0.208985,0.3172331,0,250,0.3172331,1840.059,0,0,4.20399,0.1810746,51.08615,505.2764,408.1379,97.13855,545.3603,0,1098.285,0,-4.263256e-14,1.876277e-14,4.263256e-14
mpc,2026-01-28 23:45:00,2303,23.75,33.71157,3262.433,54.17896,2.258547,43.81894,1,1,2283.703,2283.386,442.4842,127.3107,569.7949,3,69.59206,0.2028672,0,0,500,0,581.7638,0.2908819,0.2876627,0.3172331,0,250,0.3172331,1840.901,0,0,0,2.055679,43.81894,502.8269,405.3306,97.49626,542.2894,0,1088.125,0,0,-3.408385e-14,4.263256e-14
mpc,2026-01-29 00:00:00,2304,0,33.3891,3289.177,46.25992,4.270431,54.85336,1,1,2302.424,2302.106,434.0158,124.951,558.9668,2,58.04557,0.9212094,0,0,500,0,706.6722,0.3533361,0.3663281,0.3172331,0,250,0.3172331,1868.091,0,0,0,3.349221,54.85336,503.0202,408.1296,94.89058,545.0646,0,1095.907,0,0,-1.805778e-13,4.263256e-14
mpc,2026-01-29 00:15:00,2305,0.25,33.24804,3262.354,34.54239,0,41.88636,1,1,2283.648,2283.331,427.5977,123.0574,550.655,3,50.17856,0.4764589,0,0,500,0,831.561,0.4157805,0.4449811,0.3172331,0,250,0.3172331,1855.733,0,0,0,0,41.88636,497.2325,404.06,93.17251,536.2375,0,1072.475,0,-2.842171e-14,5.601075e-14,4.263256e-14
mpc,2026-01-29 00:30:00,2306,0.5,32.9015,3234.862,31.26227,0,51.24459,1,1,2264.403,2264.086,429.2014,123.52,552.7214,2,52.23266,0.4887274,0,0,500,0,956.4301,0.478215,0.5236217,0.3172331,0,250,0.3172331,1834.885,0,0,0,0,51.24459,488.9839,396.232,92.75188,530.8179,0,1061.636,0,1.421086e-14,-6.383782e-14,4.263256e-14
mpc,2026-01-29 00:45:00,2307,0.75,32.53321,3223.349,37.52602,0,65.99694,1,1,2256.344,2256.027,418.2712,120.3433,538.6144,3,38.43091,0.1835097,0,0,500,0,1081.28,0.5406397,0.60225,0.3172331,0,250,0.3172331,1837.756,0,0,0,0,65.99694,483.018,393.4103,89.60765,527.8816,0,1055.763,0,-7.105427e-14,4.773959e-15,4.263256e-14
mpc,2026-01-29 01:00:00,2308,1,32.36302,3201.03,53.96175,0,86.83804,1,1,2240.721,2240.403,388.1702,111.8298,500,1,50.52168,1.554025,0,0,447.9243,0,1193.09,0.5965452,0.6808658,0.3172331,0,250,0.3172331,1852.233,0,0,3.440062,0,86.83804,477.7587,394.9268,82.83194,525.2719,0,1056.478,0,1.421086e-14,-4.661826e-13,4.263256e-14
mpc,2026-01-29 01:15:00,2309,1.25,32.19419,3258.314,59.97843,0,86.87863,1,1,2280.82,2280.503,430.4249,124.0613,554.4862,2,52.21661,2.269564,0,0,500,0,1317.902,0.6589513,0.7512715,0.3172331,0,250,0.3172331,1850.078,0,0,7.761815,0,86.87863,484.3904,392.9113,91.4791,535.4235,0,1084.236,0,0,-3.249623e-13,4.263256e-14
mpc,2026-01-29 01:30:00,2310,1.5,32.04664,3244.951,58.18956,0,71.92132,1,1,2271.465,2271.148,388.1927,111.8073,500,1,60.04798,1.280753,0,0,438.6713,0,1427.363,0.7136814,0.8298639,0.3172331,0,250,0.3172331,1882.955,0,0,0,0,71.92132,480.7467,398.5201,82.2266,525.5493,0,1051.099,0,-2.842171e-14,-7.160939e-14,4.263256e-14
mpc,2026-01-29 01:45:00,2311,1.75,31.71326,3268.24,50.21097,0,69.83405,1,1,2287.768,2287.451,428.7051,123.4461,552.1512,2,51.01462,1.136594,0,0,500,0,1552.138,0.7760691,0.8987895,0.3172331,0,250,0.3172331,1858.746,0,0,0,0,69.83405,480.468,390.3664,90.10157,528.4788,0,1056.958,0,-2.842171e-14,-1.174616e-13,4.263256e-14
mpc,2026-01-29 02:00:00,2312,2,31.54056,3268.523,58.91841,2.850313,47.06308,1,1,2287.966,2287.649,432.3158,124.5309,556.8467,3,55.2768,1.569897,0,0,500,0,1676.894,0.8384469,0.9773587,0.3172331,0,250,0.3172331,1855.333,0,0,3.64161,1.280417,47.06308,478.6001,388.1013,90.49882,522.4769,0,1053.444,0,8.526513e-14,3.800293e-13,4.263256e-14
mpc,2026-01-29 02:15:00,2313,2.25,31.45758,3248.458,61.00162,3.164361,39.36165,1,1,2273.921,2273.604,424.2462,122.0645,546.3107,3,46.10405,0.2066762,0,0,500,0,1801.63,0.9008149,1.055916,0.3172331,0,250,0.3172331,1849.358,0,0,14.89757,2.957685,39.36165,474.7556,386.1141,88.64154,516.3967,0,1063.594,0,2.842171e-14,-1.587619e-13,4.263256e-14
mpc,2026-01-29 02:30:00,2314,2.5,31.20273,3274.422,57.07749,3.233674,31.19139,1,1,2292.096,2291.778,226.8966,65.27837,292.175,1,40.54917,0.06768489,0,0,251.5581,0,1864.236,0.9321179,1.13446,0.3172331,0,250,0.3172331,2064.882,0,0,16.52831,3.165989,31.19139,475.7656,428.6033,47.16231,500.356,0,1034.685,0,0,-3.959055e-13,4.263256e-14
mpc,2026-01-29 02:45:00,2315,2.75,30.98848,3284.233,63.3105,5.687249,19.65139,1,1,2298.963,2298.646,0,0,0,0,0,0,0,0,0,41.55726,1853.553,0.9267765,1.173882,0.3172331,0,250,0.3172331,2298.646,0,0,22.38915,5.051334,19.65139,474.8679,474.8024,0.06552686,478.8616,0,1005.058,0,0,1.671996e-13,4.263256e-14
mpc,2026-01-29 03:00:00,2316,3,30.78375,3287.746,52.55778,0,33.61937,1,1,2301.422,2301.105,189.6144,55.02088,244.6352,1,53.21529,4.464742,0,0,186.9552,0,1900,0.95,1.167155,0.3172331,0,250,0.3172331,2111.49,0,0,0,0,33.61937,473.1748,434.1247,39.05014,496.0577,0,992.1155,0,-7.105427e-15,-2.451372e-13,4.263256e-14
mpc,2026-01-29 03:15:00,2317,3.25,30.82943,3281.028,56.39386,0.229191,46.71177,1,1,2296.72,2296.403,0,0,0,0,0,0,0,0,0,54.18326,1886.155,0.9430775,1.196402,0.3172331,0,250,0.3172331,2296.403,0,0,5.195722,0,46.71177,472.6964,472.6311,0.06529091,482.245,0,973.4526,0,0,-1.496581e-13,4.263256e-14
mpc,2026-01-29 03:30:00,2318,3.5,30.80598,3284.257,65.45194,0,39.24179,1,1,2298.98,2298.662,114.1789,35.82107,150,1,65.44622,2.772025,25.21441,0,56.56735,0,1900,0.95,1.187684,0.3172331,0,250,0.3172331,2184.483,17.99179,0,0.005714904,0,21.25,472.9105,449.3581,23.55238,489.5504,0,979.1106,0,1.421086e-14,-2.864375e-14,4.263256e-14
mpc,2026-01-29 03:45:00,2319,3.75,30.50426,3295.486,56.2215,0,37.39207,1,1,2306.84,2306.523,0,0,0,0,0,0,0,0,0,76.39364,1880.602,0.9403012,1.196402,0.3172331,0,250,0.3172331,2306.523,0,0,0,0,37.39207,471.3098,471.245,0.06481378,478.8845,0,957.769,0,0,2.857714e-13,4.263256e-14
mpc,2026-01-29 04:00:00,2320,4,30.19716,3336.361,64.88429,0,20.57343,1,1,2335.453,2335.135,0,0,0,0,0,0,0,0,0,77.62515,1860.9,0.9304501,1.184188,0.3172331,0,250,0.3172331,2335.135,0,0,0,0,20.57343,473.8849,473.8205,0.06436952,477.9951,0,955.9901,0,0,-6.528111e-14,4.263256e-14
mpc,2026-01-29 04:15:00,2321,4.25,30.19108,3317.644,77.90998,4.22587,7.916464,1,1,2322.351,2322.033,0,0,0,0,0,0,0,0,0,88.55055,1838.47,0.9192348,1.171782,0.3172331,0,250,0.3172331,2322.033,0,0,0,2.337733,7.916464,471.1624,471.0981,0.06436079,472.7042,0,949.4409,0,0,1.387779e-13,4.263256e-14
mpc,2026-01-29 04:30:00,2322,4.5,30.08771,3299.58,85.14082,0,39.05109,1,1,2309.706,2309.389,0,0,0,0,0,0,0,0,0,111.0762,1810.411,0.9052056,1.157657,0.3172331,0,250,0.3172331,2309.389,0,0,0,0,39.05109,467.5186,467.4544,0.06421266,475.3589,0,950.7178,0,0,-2.473577e-13,4.263256e-14
mpc,2026-01-29 04:45:00,2323,4.75,30.09824,3268.518,114.5478,0,47.3235,1,1,2287.963,2287.646,0,0,0,0,0,0,0,0,0,127.9284,1778.144,0.889072,1.139989,0.3172331,0,250,0.3172331,2287.646,0,0,0,0,47.3235,463.226,463.1618,0.06422771,472.743,0,945.486,0,0,3.748113e-13,4.263256e-14
mpc,2026-01-29 05:00:00,2324,5,30.08982,3272.408,146.4955,0,27.05804,1,1,2290.686,2290.369,0,0,0,0,0,0,0,0,0,154.1013,1739.339,0.8696694,1.119671,0.3172331,0,250,0.3172331,2290.369,0,0,0,0,27.05804,463.6903,463.6261,0.06421567,469.1033,0,938.2066,0,0,1.953993e-13,4.263256e-14
mpc,2026-01-29 05:15:00,2325,5.25,30.19458,3289.966,180.4063,0,34.35908,1,1,2302.976,2302.659,0,0,0,0,0,0,0,0,0,200.6684,1688.898,0.8444489,1.095236,0.3172331,0,250,0.3172331,2302.659,0,0,0,0,34.35908,467.2682,467.2038,0.06436581,474.1752,0,948.3504,0,0,1.2923e-13,4.263256e-14
mpc,2026-01-29 05:30:00,2326,5.5,29.97188,3344.057,220.5474,1.107388,29.28965,1,1,2340.84,2340.522,0,0,0,0,0,0,0,0,0,248.203,1626.581,0.8132906,1.063474,0.3172331,0,250,0.3172331,2340.522,0,0,0,0,29.28965,472.6016,472.5375,0.06404747,478.4509,0,956.9019,0,0,-5.062617e-14,4.263256e-14
mpc,2026-01-29 05:45:00,2327,5.75,29.90965,3313.604,280.1209,0,30.56115,1,1,2319.523,2319.205,0,0,0,0,0,0,0,0,0,292.1097,1553.298,0.7766489,1.024234,0.3172331,0,250,0.3172331,2319.205,0,0,0,0,30.56115,467.6514,467.5875,0.06395907,473.7491,0,947.4981,0,0,4.001244e-13,4.263256e-14
mpc,2026-01-29 06:00:00,2328,6,29.96942,3265.821,317.6263,0,21.85859,1,1,2286.075,2285.757,0,0,0,0,0,0,0,0,0,332.2214,1469.998,0.7349989,0.9780888,0.3172331,0,250,0.3172331,2285.757,0,0,0,0,21.85859,461.5196,461.4556,0.06404396,465.8684,0,931.7369,0,0,1.185718e-13,4.263256e-14
mpc,2026-01-29 06:15:00,2329,6.25,30.04351,3270.673,370.6615,0,34.30594,1,1,2289.471,2289.153,0,0,0,0,0,0,0,0,0,381.475,1374.398,0.6871989,0.9256361,0.3172331,0,250,0.3172331,2289.153,0,0,0,0,34.30594,462.9669,462.9028,0.06414951,469.84,0,939.68,0,0,1.945111e-13,4.263256e-14
mpc,2026-01-29 06:30:00,2330,6.5,29.98019,3284.585,401.5285,0,42.87776,1,1,2299.21,2298.892,116.4895,33.51046,150,1,150,0,0,0,0,264.1201,1308.151,0.6540757,0.8654381,0.3172331,0,250,0.3172331,2182.403,0,0,0,0,42.87776,464.2824,440.6954,23.58694,482.8642,0,965.7285,0,-1.421086e-14,-3.03646e-13,4.263256e-14
mpc,2026-01-29 06:45:00,2331,6.75,29.98998,3286.726,427.2677,0,19.34065,1,1,2300.708,2300.391,722.9004,208,930.9005,2,440.938,0.4120474,0,0,489.5505,0,1430.333,0.7151665,0.8237237,0.3172331,0,250,0.3172331,1577.491,0,0,0,0,19.34065,464.6861,318.614,146.0721,530.5204,0,1061.041,0,-8.526513e-14,-3.756995e-13,4.263256e-14
mpc,2026-01-29 07:00:00,2332,7,30.00936,3370.416,429.3133,0,27.42873,1,1,2359.291,2358.974,338.6377,97.41565,436.0533,1,436.0533,0,0,0,0,1.735529,1429.674,0.714837,0.9006597,0.3172331,0,250,0.3172331,2020.336,0,0,0,0,27.42873,476.7237,408.2337,68.48998,511.1916,0,1022.383,0,0,-2.668976e-13,4.263256e-14
mpc,2026-01-29 07:15:00,2333,7.25,30.12762,3305.666,429.8718,0,24.6296,1,1,2313.966,2313.649,722.855,208.188,931.043,3,428.7401,2.302872,0,0,500,0,1554.449,0.7772244,0.9002447,0.3172331,0,250,0.3172331,1590.794,0,0,1.131677,0,24.6296,468.7975,322.2866,146.5109,535.4644,0,1072.881,0,-5.684342e-14,2.721157e-13,4.263256e-14
mpc,2026-01-29 07:30:00,2334,7.5,30.34636,3303.134,401.1835,0,62.24308,1,1,2312.193,2311.876,388.2083,111.7917,500,1,413.3687,1.091577,0,0,85.53971,0,1575.589,0.7877946,0.9788137,0.3172331,0,250,0.3172331,1923.668,0,0,0,0,62.24308,470.7329,391.6341,79.09882,516.0977,0,1032.195,0,-4.263256e-14,-3.317346e-13,4.263256e-14
mpc,2026-01-29 07:45:00,2335,7.75,30.45161,3320.043,374.8621,0,82.97835,1,1,2324.03,2323.713,683.2753,196.788,880.0632,2,377.8934,2.169804,0,0,500,0,1700.341,0.8501705,0.9921254,0.3172331,0,250,0.3172331,1640.438,0,0,0,0,82.97835,474.2607,334.7612,139.4995,548.4824,0,1096.965,0,-5.684342e-14,3.246292e-13,4.263256e-14
mpc,2026-01-29 08:00:00,2336,8,30.58752,3363.24,340.2944,259.5688,80.82915,1,1,2354.268,2353.951,116.4895,33.51046,150,1,150,0,0,0,0,428.8684,1592.856,0.7964282,1.07068,0.3172331,0,250,0.3172331,2237.461,0,0,6.485019,14.50977,80.82915,481.9014,457.9919,23.90949,508.0475,0,1052.311,0,-1.421086e-14,2.018385e-13,4.263256e-14
mpc,2026-01-29 08:15:00,2337,8.25,30.48491,3410.448,283.2663,265.1725,58.06468,1,1,2387.313,2386.996,116.4895,33.51046,150,1,150,0,0,0,0,381.8954,1497.132,0.7485659,1.002998,0.3172331,0,250,0.3172331,2270.507,0,0,0,17.47263,58.06468,487.5392,463.6848,23.85438,509.0533,0,1048.247,0,-1.421086e-14,-7.083223e-14,4.263256e-14
mpc,2026-01-29 08:30:00,2338,8.5,30.53352,3432.883,242.7239,266.9605,67.56897,1,1,2403.018,2402.701,367.6331,132.3669,500,1,238.2123,250.3017,0,0,11.48602,0,1499.767,0.7498838,0.9427219,0.3172331,0,250,0.3172331,2035.068,0,0,4.511635,16.65881,67.56897,491.2828,416.0576,75.22527,562.2385,0,1160.996,0,-8.526513e-14,1.050271e-13,4.263256e-14
mpc,2026-01-29 08:45:00,2339,8.75,30.97502,3468.897,193.2879,272.927,86.9723,1,1,2428.228,2427.91,144.5184,41.57351,186.0919,1,186.0919,0,0,0,0,256.7089,1435.354,0.7176771,0.9443816,0.3172331,0,250,0.3172331,2283.392,0,0,7.19594,16.21807,86.9723,501.4153,471.5075,29.90775,531.0403,0,1102.47,0,7.105427e-15,-1.750822e-13,4.263256e-14
mpc,2026-01-29 09:00:00,2340,9,30.96026,3477.754,165.1994,274.1248,79.47719,1,1,2434.427,2434.11,444.5277,155.4723,600,4,156.5278,259.5688,0,0,183.9034,0,1481.104,0.7405521,0.9038215,0.3172331,0,250,0.3172331,1989.583,0,0,8.671635,14.55605,79.47719,502.527,410.6999,91.82718,582.5782,0,1205.224,0,0,3.765877e-13,4.263256e-14
mpc,2026-01-29 09:15:00,2341,9.25,31.35947,3453.202,138.0605,275.7772,90.22177,1,1,2417.241,2416.924,322.3031,127.6969,450,3,120.9673,185.968,143.0647,0,0,74.18851,1462.324,0.7311619,0.9326296,0.3172331,0,250,0.3172331,2094.621,101.4507,0,17.09328,15.62064,0,503.5438,436.3377,67.20615,564.0346,0,1184.501,0,2.842171e-14,4.407585e-14,4.263256e-14
mpc,2026-01-29 09:30:00,2342,9.5,31.5493,3481.809,106.5158,280.2955,99.03921,1,1,2437.267,2436.949,112.3136,37.68639,150,1,99.42052,0,50.57948,0,0,262.1656,1396.552,0.6982761,0.9208039,0.3172331,0,250,0.3172331,2324.636,35.79033,0,7.095322,18.1299,63.24889,509.9335,486.3685,23.56502,537.288,0,1118.09,0,-7.105427e-15,-1.268985e-13,4.263256e-14
mpc,2026-01-29 09:45:00,2343,9.75,31.53168,3479.581,88.86426,288.6292,107.3798,1,1,2435.707,2435.39,319.4371,130.5629,450,3,86.25423,195.1999,168.5459,0,0,72.51656,1378.203,0.6891016,0.8793885,0.3172331,0,250,0.3172331,2115.952,119.2878,0,2.61003,20.9127,0,509.4007,442.5277,66.87303,573.0905,0,1186.758,0,-8.526513e-14,8.326673e-15,4.263256e-14
mpc,2026-01-29 10:00:00,2344,10,31.97009,3450.518,77.53173,289.7899,121.5192,1,1,2415.362,2415.045,0,0,0,0,0,0,0,0,0,342.7603,1292.296,0.6461481,0.8678344,0.3172331,0,250,0.3172331,2415.045,0,0,3.940841,20.62043,121.5192,510.2925,510.2255,0.06702169,535.8988,0,1114.166,0,0,2.197131e-13,4.263256e-14
mpc,2026-01-29 10:15:00,2345,10.25,32.38949,3468.33,57.72631,295.9179,150.8108,1,1,2427.831,2427.514,0,0,0,0,0,0,0,0,0,336.7991,1207.893,0.6039465,0.81374,0.3172331,0,250,0.3172331,2427.514,0,0,0,23.45815,150.8108,517.9752,517.9075,0.06768135,550.0829,0,1140.631,0,0,-8.792966e-14,4.263256e-14
mpc,2026-01-29 10:30:00,2346,10.5,32.57941,3497.798,68.79953,293.6794,174.3142,1,1,2448.459,2448.141,0,0,0,0,0,0,0,0,0,336.15,1123.665,0.5618327,0.7605925,0.3172331,0,250,0.3172331,2448.141,0,0,7.062938,19.26603,174.3142,524.7149,524.6469,0.06798438,562.0032,0,1169.424,0,0,3.020917e-13,4.263256e-14
mpc,2026-01-29 10:45:00,2347,10.75,32.95286,3534.887,62.05601,296.9411,197.1936,1,1,2474.421,2474.104,620.854,207.6095,828.4634,4,55.59864,272.8648,0,0,500,0,1248.488,0.6242442,0.7075556,0.3172331,0,250,0.3172331,1853.25,0,0,6.457363,24.07632,197.1936,534.9884,400.6865,134.3019,650.9307,0,1354.532,0,-5.684342e-14,-1.089129e-13,4.263256e-14
mpc,2026-01-29 11:00:00,2348,11,33.16885,3568.434,64.62396,299.8553,214.5745,1,0,2497.903,2497.586,0,0,0,0,0,0,0,0,0,334.062,1164.776,0.5823882,0.7861549,0.3172331,0,250,0.3172331,2497.586,0,0,7.786228,22.63103,214.5745,542.8541,542.7852,0.06894233,589.4174,0,1231.304,0,0,-2.006173e-13,4.263256e-14
mpc,2026-01-29 11:15:00,2349,11.25,33.4406,3600.941,70.41498,300.1165,233.1645,1,0,2520.659,2520.341,0,0,0,0,0,0,0,0,0,336.2966,1080.519,0.5402594,0.7334426,0.3172331,0,250,0.3172331,2520.341,0,0,10.35622,23.87858,233.1645,551.3813,551.3119,0.06939313,602.3155,0,1263.686,0,0,3.393952e-13,4.263256e-14
mpc,2026-01-29 11:30:00,2350,11.5,33.72829,3667.757,56.42808,303.4242,249.0058,0,0,2567.43,2567.113,281.7028,124.1884,405.8912,1,0,0,405.8912,0,0,331.9286,997.3667,0.4986833,0.6803869,0.3172331,0,250,0.3172331,2285.41,280.1354,0,0.1006977,27.82298,0,565.5272,503.4067,62.12047,0,627.5951,3499.941,0,-2.842171e-14,2.819966e-14,4.263256e-14
mpc,2026-01-29 11:45:00,2351,11.75,33.96395,3689.409,45.3375,303.027,247.2555,0,0,2582.586,2582.269,315.4492,139.0655,454.5147,1,0,0,454.5147,0,0,334.767,913.5179,0.4567589,0.6280272,0.3172331,0,250,0.3172331,2266.82,312.8372,0,0,22.91789,0,572.1325,502.1793,69.95322,0,641.2448,3566.38,0,0,2.997602e-15,4.263256e-14
mpc,2026-01-29 12:00:00,2352,12,34.29707,3708.239,38.05249,304.8212,293.4687,0,0,2595.767,2595.45,329.505,145.262,474.767,1,0,0,474.767,0,0,337.7489,828.9369,0.4144684,0.5752288,0.3172331,0,250,0.3172331,2265.945,325.5114,0,0,22.60823,0,579.7589,506.0938,73.66508,0,651.3558,3621.456,0,0,-2.118306e-13,4.263256e-14
mpc,2026-01-29 12:15:00,2353,12.25,34.60885,3755.936,47.91507,303.931,313.9672,0,0,2629.155,2628.838,359.2891,158.3923,517.6814,2,0,0,517.6814,0,0,335.0293,745.049,0.3725245,0.5219694,0.3172331,0,250,0.3172331,2269.548,353.6433,0,0,21.5646,0,591.7487,510.8114,80.93726,0,669.2037,3717.819,0,-2.842171e-14,2.047251e-13,4.263256e-14
mpc,2026-01-29 12:30:00,2354,12.5,34.79836,3787.678,47.51435,299.0304,354.5881,0,0,2651.374,2651.057,347.0176,152.9824,500,1,0,0,500,0,0,335.4325,661.0736,0.3305368,0.4691465,0.3172331,0,250,0.3172331,2304.039,340.8065,0,0,18.95585,13.78158,599.5628,521.0189,78.54381,0,677.1178,3756.847,0,0,-1.724176e-13,4.263256e-14
mpc,2026-01-29 12:45:00,2355,12.75,35.09088,3761.465,56.59394,299.477,392.7662,0,0,2633.025,2632.708,414.5331,182.7465,597.2796,2,0,0,597.2796,0,0,333.4473,577.6077,0.2888039,0.4162684,0.3172331,0,250,0.3172331,2218.175,405.7159,0,4.054673,18.56896,0,599.7775,505.2787,94.49886,0,688.0252,3823.164,0,-2.842171e-14,-4.862777e-14,4.263256e-14
mpc,2026-01-29 13:00:00,2356,13,35.2711,3773.03,62.55034,297.067,415.3906,0,0,2641.121,2640.804,347.0176,152.9824,500,1,0,0,500,0,0,335.6212,493.6115,0.2468057,0.3637111,0.3172331,0,250,0.3172331,2293.786,338.9156,0,8.469846,15.52625,76.47502,604.3508,524.8724,79.47841,0,695.3541,3865.841,0,0,-7.943646e-14,4.263256e-14
mpc,2026-01-29 13:15:00,2357,13.25,35.53081,3751.071,59.10672,291.0267,424.7569,0,0,2625.75,2625.432,480.4067,211.7868,692.1935,4,0,0,692.1935,0,0,337.6954,409.1099,0.204555,0.3108199,0.3172331,0,250,0.3172331,2145.026,467.7522,0,3.095623,9.342361,0,604.787,494.0622,110.7248,0,705.8491,3903.626,0,-5.684342e-14,-4.135581e-14,4.263256e-14
mpc,2026-01-29 13:30:00,2358,13.5,35.70064,3754.954,69.07144,297.9674,447.4409,0,0,2628.468,2628.151,544.007,233.7749,777.7819,2,50.85828,0,726.9236,0,0,283.748,338.1085,0.1690543,0.2576105,0.3172331,0,250,0.3172331,2084.144,490.2336,0,18.21315,14.21943,0,608.0294,482.1138,125.9156,0,715.8887,3993.334,0,-2.842171e-14,5.32907e-14,4.263256e-14
mpc,2026-01-29 13:45:00,2359,13.75,35.94006,3796.08,66.95479,296.5493,465.612,0,0,2657.256,2656.939,553.8085,238.3768,792.1854,4,48.49706,0,743.6883,0,0,280.2381,267.9958,0.1339979,0.212902,0.3172331,0,250,0.3172331,2103.13,500.1152,0,18.45773,16.31122,0,618.4565,489.4879,128.9686,0,727.8647,4063.232,0,-2.842171e-14,1.334766e-13,4.263256e-14
mpc,2026-01-29 14:00:00,2360,14,36.36514,3790.951,56.63828,295.6207,480.3637,0,1,2653.666,2653.349,994.9529,395.5666,1390.52,3,45.06668,278.6379,749.9288,0,316.8861,0,347.1751,0.1735876,0.168753,0.3172331,0,250,0.3172331,1658.396,501.7615,0,11.57159,16.98276,0,624.4163,390.226,234.1903,0,785.7925,4371.115,0,1.136868e-13,-3.375078e-14,4.263256e-14
mpc,2026-01-29 14:15:00,2361,14.25,36.48352,3772.603,62.46072,293.7201,483.039,0,1,2640.822,2640.505,585.4199,252.07,837.4899,4,50.53729,0,786.9526,0,0,277.1807,277.8253,0.1389126,0.2186111,0.3172331,0,250,0.3172331,2055.085,525.7881,0,11.92343,16.53944,0,623.3039,485.0544,138.2495,0,737.1244,4103.283,0,-8.526513e-14,7.04159e-14,4.263256e-14
mpc,2026-01-29 14:30:00,2362,14.5,36.48667,3730.344,57.18407,288.4208,506.3672,1,1,2611.241,2610.924,1087.241,412.7591,1500,3,59.43726,277.2515,663.3112,0,500,0,402.7815,0.2013908,0.1749425,0.3172331,0,250,0.3172331,1523.683,443.1626,0,0,11.16932,63.20459,616.3724,359.6589,256.7135,787.3371,0,1593.941,0,-5.684342e-14,1.24234e-13,4.263256e-14
mpc,2026-01-29 14:45:00,2363,14.75,36.87797,3739.187,61.91926,287.5689,532.7074,1,1,2617.431,2617.114,1205.247,464.2974,1669.544,4,63.5102,274.946,831.0881,0,500,0,527.7181,0.2638591,0.2536256,0.3172331,0,250,0.3172331,1411.867,552.6539,0,0,12.62286,0,624.1751,336.6859,287.4892,800.9833,0,1623.741,0,-2.273737e-13,-7.055467e-14,4.263256e-14
mpc,2026-01-29 15:00:00,2364,15,37.08398,3730.955,57.30671,292.9725,536.185,1,1,2611.669,2611.352,1087.381,412.6193,1500,3,61.13023,271.5702,667.2995,0,500,0,652.6351,0.3263175,0.3322964,0.3172331,0,250,0.3172331,1523.971,442.6386,0,0,21.40226,93.54645,626.185,365.3938,260.7912,800.4422,0,1637.803,0,-1.136868e-13,2.947642e-14,4.263256e-14
mpc,2026-01-29 15:15:00,2365,15.25,37.1532,3745.556,67.49285,288.1364,530.322,1,1,2621.889,2621.572,1207.055,465.5648,1672.62,4,59.55554,271.1521,841.912,0,500,0,777.5323,0.3887662,0.4109547,0.3172331,0,250,0.3172331,1414.517,557.9977,0,7.937308,16.98426,0,629.7854,339.7711,290.0142,805.336,0,1653.662,0,5.684342e-14,-1.029177e-13,4.263256e-14
mpc,2026-01-29 15:30:00,2366,15.5,37.26156,3751.61,69.51589,287.7542,543.7675,1,1,2626.127,2625.809,637.6541,273.5957,911.2498,3,63.1603,0,848.0895,0,0,270.5223,709.7794,0.3548897,0.4896007,0.3172331,0,250,0.3172331,1988.155,561.3568,0,6.355592,17.2319,0,632.6144,478.9319,153.6825,752.5276,0,1545.744,0,-5.684342e-14,-5.140333e-14,4.263256e-14
mpc,2026-01-29 15:45:00,2367,15.75,37.2692,3753.904,73.6862,284.1433,530.4852,1,1,2627.733,2627.416,1229.883,474.094,1703.977,4,72.45828,266.9188,864.6005,0,500,0,834.6676,0.4173338,0.4469377,0.3172331,0,250,0.3172331,1397.532,572.2327,0,1.227923,17.22453,0,633.1295,336.7233,296.4062,810.8172,0,1653.465,0,-5.684342e-14,-3.680389e-14,4.263256e-14
mpc,2026-01-29 16:00:00,2368,16,37.50393,3762.703,77.77684,283.929,538.9338,1,1,2633.892,2633.575,1222.859,469.9899,1692.849,4,80.92668,266.1051,845.8173,0,500,0,959.5362,0.4797681,0.525578,0.3172331,0,250,0.3172331,1410.716,558.2129,0,0,17.82386,0,638.5862,342.0275,296.5587,812.0175,0,1654.781,0,0,-1.316725e-13,4.263256e-14
mpc,2026-01-29 16:15:00,2369,16.25,37.69174,3731.255,104.6977,283.8617,547.2707,1,1,2611.879,2611.561,1209.788,463.4538,1673.242,4,87.43019,260.4929,825.3185,0,500,0,1084.385,0.5421926,0.6042059,0.3172331,0,250,0.3172331,1401.774,543.4443,0,17.26751,23.36874,3.826408,636.4368,341.5704,294.8664,805.9565,0,1682.011,0,-5.684342e-14,2.445821e-13,4.263256e-14
mpc,2026-01-29 16:30:00,2370,16.5,37.85087,3741.935,115.0513,287.6281,536.3656,1,1,2619.355,2619.038,1209.276,460.8661,1670.142,4,107.2859,260.9225,801.9338,0,500,0,1209.215,0.6046072,0.6828215,0.3172331,0,250,0.3172331,1409.762,527.0253,0,7.765477,26.70566,9.340312,640.9926,344.9883,296.0043,808.1401,0,1675.743,0,5.684342e-14,4.13114e-13,4.263256e-14
mpc,2026-01-29 16:45:00,2371,16.75,37.93913,3666.794,143.261,281.65,523.043,1,1,2566.756,2566.439,1215.827,462.23,1678.057,4,120.0973,259.5785,798.3808,0,500,0,1334.024,0.6670121,0.7614246,0.3172331,0,250,0.3172331,1350.612,524.1266,0,23.16366,22.07146,0,629.6168,331.3007,298.3161,793.5307,0,1665.092,0,-1.705303e-13,2.976508e-13,4.263256e-14
mpc,2026-01-29 17:00:00,2372,17,37.71502,3676.576,137.4862,280.6728,497.8071,1,1,2573.603,2573.286,644.2093,266.1087,910.318,2,150.3908,0,759.9272,0,0,253.8195,1270.359,0.6351796,0.8400154,0.3172331,0,250,0.3172331,1929.076,500.2448,0,0,26.8533,0,627.5018,470.3519,157.1499,736.4606,0,1519.243,0,-5.684342e-14,3.111955e-13,4.263256e-14
mpc,2026-01-29 17:15:00,2373,17.25,37.59013,3621.807,167.7535,271.3106,477.5815,1,1,2535.265,2534.948,635.5652,259.6476,895.2129,4,172.6705,0,722.5423,0,0,255.6222,1206.254,0.6031269,0.7999266,0.3172331,0,250,0.3172331,1899.383,476.3569,0,0,15.68844,1.224565,616.0905,461.5658,154.5247,721.511,0,1470.085,0,0,-1.558753e-13,4.263256e-14
mpc,2026-01-29 17:30:00,2374,17.5,37.64169,3555.771,198.0764,269.9193,464.1425,1,1,2489.04,2488.723,646.9762,260.7651,907.7413,3,205.5644,0,702.1769,0,0,251.2035,1143.263,0.5716315,0.7595603,0.3172331,0,250,0.3172331,1841.747,462.6409,0,0,18.71579,1.501673,605.6921,448.1774,157.5148,709.3079,0,1450.901,0,-5.684342e-14,2.495781e-13,4.263256e-14
mpc,2026-01-29 17:45:00,2375,17.75,37.29335,3539.436,235.5052,269.733,401.6276,1,1,2477.605,2477.288,1203.577,442.6732,1646.25,4,239.0993,248.4539,658.6966,0,500,0,1268.083,0.6340415,0.7198959,0.3172331,0,250,0.3172331,1273.711,435.8287,0,0,21.27917,0,597.3399,307.0863,290.2536,749.7595,0,1536.226,0,5.684342e-14,-3.610445e-13,4.263256e-14
mpc,2026-01-29 18:00:00,2376,18,37.26787,3520.685,276.8035,8.081484,395.9774,1,1,2464.479,2464.162,1036.124,365.5353,1401.66,4,266.9802,0.1353431,634.5442,0,500,0,1392.883,0.6964417,0.7984933,0.3172331,0,250,0.3172331,1428.038,419.9776,0,9.823293,7.946141,0,593.774,344.0612,249.7128,709.5965,0,1449.845,0,-1.136868e-13,3.963496e-14,4.263256e-14
mpc,2026-01-29 18:15:00,2377,18.25,37.10241,3533.261,300.1855,3.216526,372.4072,1,1,2473.283,2472.965,1051.497,367.1988,1418.696,4,309.9678,0.775503,607.9529,0,500,0,1517.664,0.758832,0.8770782,0.3172331,0,250,0.3172331,1421.468,403.1827,0,0,2.441023,0,593.2933,340.983,252.3103,708.1818,0,1420.574,0,1.136868e-13,-5.595524e-14,4.263256e-14
mpc,2026-01-29 18:30:00,2378,18.5,37.13761,3495.274,350.7518,0,349.5533,1,0,2446.692,2446.374,389.5694,171.7413,561.3107,2,0,0,561.3107,0,0,346.8684,1430.708,0.715354,0.9556508,0.3172331,0,250,0.3172331,2056.805,372.0924,0,4.914588,0,0,587.4603,493.847,93.61332,665.5883,0,1339.654,0,-2.842171e-14,1.09579e-13,4.263256e-14
mpc,2026-01-29 18:45:00,2379,18.75,37.04696,3449.959,381.1997,0,318.3554,0,0,2414.971,2414.654,349.6694,154.1514,503.8208,3,0,0,503.8208,0,0,366.8841,1338.762,0.6693809,0.9008959,0.3172331,0,250,0.3172331,2064.985,334.3477,0,16.07914,0,0,578.4591,494.6267,83.83245,0,648.7781,3596.016,0,0,-1.575406e-13,4.263256e-14
mpc,2026-01-29 19:00:00,2380,19,37.10353,3445.255,398.826,0,307.3546,0,0,2411.678,2411.361,327.3349,144.3053,471.6401,1,0,0,471.6401,0,0,383.7342,1242.618,0.6213087,0.8429987,0.3172331,0,250,0.3172331,2084.026,312.7784,0,16.18939,0,0,578.5327,499.9329,78.5998,0,644.2382,3571.237,0,0,2.231548e-14,4.263256e-14
mpc,2026-01-29 19:15:00,2381,19.25,37.04827,3447.404,407.3151,0,267.7228,0,0,2413.183,2412.865,304.5037,134.2402,438.7438,2,0,0,438.7438,0,0,401.7733,1141.979,0.5709893,0.782458,0.3172331,0,250,0.3172331,2108.362,291.1565,0,6.324682,0,0,578.0508,505.0344,73.01642,0,639.2745,3526.92,0,-5.684342e-14,3.63265e-13,4.263256e-14
mpc,2026-01-29 19:30:00,2382,19.5,36.94776,3411.44,410.5793,0,238.0287,0,0,2388.008,2387.691,261.3801,115.2292,376.6093,1,0,0,376.6093,0,0,412.1672,1038.757,0.5193785,0.7190872,0.3172331,0,250,0.3172331,2126.311,250.226,0,0,0,0,570.5095,507.9884,62.52108,0,623.2176,3427.697,0,-1.421086e-14,2.134959e-13,4.263256e-14
mpc,2026-01-29 19:45:00,2383,19.75,36.69075,3404.927,395.9782,0,225.7144,0,0,2383.449,2383.132,228.5286,100.7466,329.2752,2,0,0,329.2752,0,0,404.8477,937.3815,0.4686908,0.65409,0.3172331,0,250,0.3172331,2154.603,219.4534,0,0,0,6.261039,565.6001,511.2943,54.30585,0,613.5267,3374.397,0,-1.421086e-14,-3.774758e-14,4.263256e-14
mpc,2026-01-29 20:00:00,2384,20,36.62941,3362.254,380.5086,0,204.4603,0,0,2353.578,2353.26,205.6241,90.64921,296.2733,1,0,0,296.2733,0,0,385.2327,840.9258,0.4204629,0.5902554,0.3172331,0,250,0.3172331,2147.636,197.6039,0,0,0,6.85638,557.6188,508.8263,48.79243,0,601.1,3306.05,0,0,1.524336e-13,4.263256e-14
mpc,2026-01-29 20:15:00,2385,20.25,36.78083,3360.231,357.6786,0,206.846,0,0,2352.162,2351.845,209.6052,90.39476,300,2,16.89255,0,283.1074,0,0,344.6519,754.6304,0.3773152,0.5295186,0.3172331,0,250,0.3172331,2142.24,188.4797,0,0,0,18.36628,559.4912,509.5585,49.93269,0,604.3219,3323.771,0,-2.842171e-14,-1.920686e-14,4.263256e-14
mpc,2026-01-29 20:30:00,2386,20.5,36.38293,3352.092,327.7249,0.2736634,174.6489,0,0,2346.464,2346.147,171.174,75.46192,246.636,1,0,0,246.636,0,0,334.8401,670.8016,0.3354008,0.4751797,0.3172331,0,250,0.3172331,2174.973,164.9838,0,0,0,9.665052,552.3852,512.0141,40.37105,0,589.7513,3243.632,0,0,-6.639134e-14,4.263256e-14
mpc,2026-01-29 20:45:00,2387,20.75,36.06549,3278.66,304.8105,4.319269,163.9521,0,0,2295.062,2294.745,144.3724,63.64645,208.0189,1,0,0,208.0189,0,0,302.4173,595.0917,0.2975458,0.4223939,0.3172331,0,250,0.3172331,2150.373,139.6797,0,2.699012,4.013384,24.27243,535.8794,502.0955,33.78392,0,571.4093,3154.33,0,-1.421086e-14,-2.020606e-13,4.263256e-14
mpc,2026-01-29 21:00:00,2388,21,36.08806,3295.874,268.3015,2.900074,162.7441,0,0,2307.112,2306.795,132.0226,58.20203,190.2246,1,0,0,190.2246,0,0,264.8761,528.779,0.2643895,0.3747205,0.3172331,0,250,0.3172331,2174.772,127.6969,0,3.450327,2.875145,35.04722,539.0054,508.0871,30.91825,0,574.4772,3170.536,0,0,-2.112199e-13,4.263256e-14
mpc,2026-01-29 21:15:00,2389,21.25,35.94703,3290.3,238.5054,2.381886,136.6986,0,0,2303.21,2302.892,125.594,55.36799,180.962,1,0,0,180.962,0,0,234.8466,469.9841,0.2349921,0.3329644,0.3172331,0,250,0.3172331,2177.298,121.6831,0,4.964743,1.075945,15.01545,536.1505,506.8404,29.31012,0,565.7038,3121.791,0,-7.105427e-15,4.291012e-14,4.263256e-14
mpc,2026-01-29 21:30:00,2390,21.5,35.69041,3263.326,213.3598,0,116.5035,0,0,2284.328,2284.011,112.0317,49.38907,161.4207,1,0,0,161.4207,0,0,199.4609,420.0449,0.2100224,0.2959421,0.3172331,0,250,0.3172331,2171.979,108.8745,0,16.29507,0,7.628991,528.2839,502.3016,25.98231,0,553.4549,3072.111,0,-7.105427e-15,1.008083e-13,4.263256e-14
mpc,2026-01-29 21:45:00,2391,21.75,35.56587,3315.393,186.2658,0,131.9266,0,0,2320.775,2320.458,105.8652,46.67057,152.5358,1,0,0,152.5358,0,0,169.4459,377.6173,0.1888086,0.2644961,0.3172331,0,250,0.3172331,2214.593,103.0338,0,17.45907,0,28.8928,535.0176,510.5389,24.47866,0,563.8703,3131.403,0,-1.421086e-14,-8.310019e-14,4.263256e-14
mpc,2026-01-29 22:00:00,2392,22,35.37372,3318.635,166.4424,0,102.7016,0,0,2323.045,2322.727,0,0,0,0,0,0,0,0,0,146.9975,340.8085,0.1704042,0.2377801,0.3172331,0,250,0.3172331,2322.727,0,0,19.87362,0,102.7016,532.9439,532.8712,0.07277839,0,556.4326,3094.661,0,0,7.749357e-14,4.263256e-14
mpc,2026-01-29 22:15:00,2393,22.25,35.04626,3296.024,136.7148,0,111.8945,0,0,2307.217,2306.9,0,0,0,0,0,0,0,0,0,126.8885,309.0327,0.1545163,0.2146021,0.3172331,0,250,0.3172331,2306.9,0,0,10.77547,0,111.8945,524.9746,524.9024,0.0721819,0,550.3624,3045.581,0,0,6.880607e-14,4.263256e-14
mpc,2026-01-29 22:30:00,2394,22.5,34.71249,3272.375,118.001,0,115.1145,0,0,2290.663,2290.345,0,0,0,0,0,0,0,0,0,116.043,279.9733,0.1399866,0.1945933,0.3172331,0,250,0.3172331,2290.345,0,0,4.833085,0,115.1145,516.8899,516.8183,0.0715839,0,542.7939,2993.704,0,0,7.621681e-14,4.263256e-14
mpc,2026-01-29 22:45:00,2395,22.75,34.5736,3275.479,94.41359,0,112.3338,0,0,2292.836,2292.518,0,0,0,0,0,0,0,0,0,98.17784,255.3848,0.1276924,0.1762951,0.3172331,0,250,0.3172331,2292.518,0,0,0,0,112.3338,515.6027,515.5313,0.07133797,0,540.7925,2974.359,0,0,5.162537e-15,4.263256e-14
mpc,2026-01-29 23:00:00,2396,23,34.36308,3292.812,74.0527,0,103.2085,0,0,2304.968,2304.651,0,0,0,0,0,0,0,0,0,85.40735,233.9927,0.1169964,0.160812,0.3172331,0,250,0.3172331,2304.651,0,0,0,0,103.2085,515.6457,515.5748,0.07096839,0,538.6636,2962.65,0,0,-5.992429e-14,4.263256e-14
mpc,2026-01-29 23:15:00,2397,23.25,34.24507,3286.765,69.33522,0,85.93334,0,0,2300.735,2300.418,0,0,0,0,0,0,0,0,0,76.5786,214.8112,0.1074056,0.1473418,0.3172331,0,250,0.3172331,2300.418,0,0,0,0,85.93334,513.2085,513.1377,0.0707629,0,532.3063,2927.684,0,0,-2.14273e-14,4.263256e-14
mpc,2026-01-29 23:30:00,2398,23.5,34.06869,3292.71,65.79499,0,87.10796,0,1,2304.897,2304.58,439.385,126.4082,565.7932,3,65.69362,0.09959102,0,0,500,0,339.7774,0.1698887,0.1352635,0.3172331,0,250,0.3172331,1865.195,0,0,0.1013707,0,87.10796,511.9213,414.2627,97.65859,0,560.0177,3080.272,0,-4.263256e-14,3.100298e-14,4.263256e-14
mpc,2026-01-29 23:45:00,2399,23.75,33.72623,3257.133,59.18639,10.57806,74.31564,1,1,2279.993,2279.676,436.7584,125.783,562.5415,3,61.21474,1.326729,0,0,500,0,464.7239,0.232362,0.2139529,0.3172331,0,250,0.3172331,1842.918,0,0,0,9.251335,74.31564,502.1885,405.9188,96.26975,548.0705,0,1112.1,0,2.842171e-14,-3.816392e-14,4.263256e-14
mpc,2026-01-30 00:00:00,2400,0,33.66406,3247.543,61.47369,5.369464,64.75036,1,1,2273.28,2272.963,461.9643,138.0357,600,4,51.62533,2.752791,45.62188,0,500,0,589.6508,0.2948254,0.2926299,0.3172331,0,250,0.3172331,1810.998,31.51046,0,9.848352,2.616673,33.2399,499.9567,398.2883,101.6684,543.6344,0,1108.771,0,0,4.657386e-14,4.263256e-14
mpc,2026-01-30 00:15:00,2401,0.25,33.283,3272.193,53.38378,7.199063,72.58042,1,1,2290.535,2290.218,420.7511,121.0584,541.8095,2,41.60962,0.1998861,0,0,500,0,714.558,0.357279,0.3712944,0.3172331,0,250,0.3172331,1869.467,0,0,11.77416,6.999177,72.58042,499.1502,407.3916,91.75861,544.2666,0,1120.917,0,2.842171e-14,1.399991e-13,4.263256e-14
mpc,2026-01-30 00:30:00,2402,0.5,32.9682,3267.515,42.19091,4.457752,91.82483,1,1,2287.26,2286.943,420.1978,120.9004,541.0982,2,40.88739,0.2108247,0,0,500,0,839.4455,0.4197227,0.4499467,0.3172331,0,250,0.3172331,1866.745,0,0,1.303512,4.246928,91.82483,494.7034,403.7517,90.95172,544.5126,0,1098.6,0,-4.263256e-14,1.754152e-14,4.263256e-14
mpc,2026-01-30 00:45:00,2403,0.75,32.61591,3276.284,35.54049,2.509037,99.27617,1,1,2293.399,2293.082,460.8471,139.1529,600,4,38.09457,0.07322828,61.8322,0,500,0,964.3133,0.4821567,0.5285865,0.3172331,0,250,0.3172331,1832.235,43.2252,0,0,2.435809,56.05097,491.9082,392.9937,98.91455,544.1688,0,1092.539,0,-2.842171e-14,-1.704192e-13,4.263256e-14
mpc,2026-01-30 01:00:00,2404,1,32.19025,3259.706,40.1901,5.47496,98.89212,1,1,2281.794,2281.477,429.6856,123.6827,553.3684,2,52.65926,0.7091178,0,0,500,0,1089.161,0.5445808,0.607214,0.3172331,0,250,0.3172331,1851.792,0,0,0,4.765842,98.89212,484.5529,393.2392,91.31372,537.9223,0,1084.066,0,-2.842171e-14,-3.530509e-13,4.263256e-14
mpc,2026-01-30 01:15:00,2405,1.25,32.03696,3287.89,47.71744,7.697095,82.80435,1,1,2301.523,2301.206,462.3893,137.6107,600,4,56.77332,1.069966,42.15671,0,500,0,1213.99,0.606995,0.685829,0.3172331,0,250,0.3172331,1838.817,29.66586,0,0,6.62713,53.13849,486.9985,389.0906,97.90793,537.9453,0,1087.322,0,5.684342e-14,-3.113065e-13,4.263256e-14
mpc,2026-01-30 01:30:00,2406,1.5,31.67215,3258.916,58.06914,2.620642,65.09295,1,1,2281.241,2280.924,388.2501,111.7499,500,1,59.3487,0.5855091,0,0,440.0658,0,1323.815,0.6619077,0.7644317,0.3172331,0,250,0.3172331,1892.674,0,0,0,2.035133,65.09295,478.6426,397.1146,81.52794,522.5221,0,1048.555,0,-2.842171e-14,-1.94289e-14,4.263256e-14
mpc,2026-01-30 01:45:00,2407,1.75,31.36584,3231.617,59.72694,0.9737113,65.19893,1,1,2262.132,2261.815,428.1144,123.2127,551.3271,2,50.78811,0.5389585,0,0,500,0,1448.607,0.7243035,0.8335872,0.3172331,0,250,0.3172331,1833.7,0,0,8.93883,0.4347529,65.19893,471.3013,382.0402,89.26109,518.8366,0,1053.843,0,-4.263256e-14,-4.22884e-13,4.263256e-14
mpc,2026-01-30 02:00:00,2408,2,31.28181,3196.192,53.17862,3.433129,44.61333,1,1,2237.334,2237.017,434.5144,125.2399,559.7543,3,57.46462,2.289652,0,0,500,0,1573.379,0.7866895,0.9121666,0.3172331,0,250,0.3172331,1802.503,0,0,0,1.143477,44.61333,465.2389,374.8185,90.42037,509.3354,0,1020.643,0,0,8.060219e-14,4.263256e-14
mpc,2026-01-30 02:15:00,2409,2.25,31.1962,3213.145,46.84626,2.965298,42.16961,1,1,2249.202,2248.884,431.8055,124.4124,556.2179,3,54.38179,1.836067,0,0,500,0,1698.131,0.8490656,0.9907337,0.3172331,0,250,0.3172331,1817.079,0,0,0,1.129231,42.16961,466.7925,377.111,89.68145,510.2752,0,1022.498,0,0,-9.015011e-14,4.263256e-14
mpc,2026-01-30 02:30:00,2410,2.5,30.92686,3215.931,33.99555,0,45.39182,1,1,2251.152,2250.835,388.1512,111.8488,500,1,49.71339,1.783361,0,0,448.5032,0,1809.99,0.9049949,1.069288,0.3172331,0,250,0.3172331,1862.684,0,0,0,0,45.39182,464.3422,384.2133,80.12889,505.425,0,1010.85,0,-4.263256e-14,-1.669775e-13,4.263256e-14
mpc,2026-01-30 02:45:00,2411,2.75,30.58156,3244.475,38.53407,0,28.63368,1,1,2271.133,2270.816,324.3223,93.66252,417.9849,1,53.37133,3.432866,0,0,361.1807,0,1900,0.95,1.139724,0.3172331,0,250,0.3172331,1946.493,0,0,0,0,28.63368,464.8218,398.3794,66.44242,497.9022,0,995.8045,0,1.421086e-14,2.278178e-13,4.263256e-14
mpc,2026-01-30 03:00:00,2412,3,30.40812,3233.532,56.09827,0,43.70163,1,1,2263.473,2263.155,106.3077,43.69227,150,1,53.01869,2.091629,49.4189,44.27437,1.19641,0,1900,0.95,1.196402,0.3172331,0,250,0.3172331,2156.848,35.42026,2.88658,3.079586,0,8.281371,461.4522,439.7147,21.73754,485.0953,0,972.2555,0,7.105427e-15,-2.733369e-13,4.263256e-14
mpc,2026-01-30 03:15:00,2413,3.25,30.05421,3196.677,56.14943,0,47.60189,1,1,2237.674,2237.357,0,0,0,0,0,0,0,0,0,55.76428,1885.76,0.9428799,1.196402,0.3172331,0,250,0.3172331,2237.357,0,0,1.911071,0,47.60189,452.6005,452.5364,0.06416478,462.1645,0,927.6256,0,0,-1.054712e-13,4.263256e-14
mpc,2026-01-30 03:30:00,2414,3.5,29.79393,3210.649,64.8494,0,52.8775,1,1,2247.454,2247.137,114.3145,35.68548,150,1,65.50765,1.308605,25.03562,0,58.14812,0,1900,0.95,1.187435,0.3172331,0,250,0.3172331,2132.822,18.06692,0,0,0,34.81057,451.9614,428.909,23.05236,471.5949,0,943.1898,0,0,4.372058e-13,4.263256e-14
mpc,2026-01-30 03:45:00,2415,3.75,29.63126,3198.286,72.81544,0,42.36246,1,1,2238.8,2238.483,0,0,0,0,0,0,0,0,0,65.33858,1883.366,0.9416831,1.196402,0.3172331,0,250,0.3172331,2238.483,0,0,7.767436,0,42.36246,448.6069,448.5433,0.06356661,457.0318,0,927.4624,0,0,-1.953993e-13,4.263256e-14
mpc,2026-01-30 04:00:00,2416,4,29.51439,3195.917,84.74146,0,38.352,1,1,2237.142,2236.825,115.4927,34.50734,150,1,70.20477,0.4341539,11.64016,0,67.72091,0,1900,0.95,1.185928,0.3172331,0,250,0.3172331,2121.332,8.426137,0,14.53669,0,29.92587,447.1229,423.9767,23.14616,464.4651,0,954.006,0,0,4.347633e-13,4.263256e-14
mpc,2026-01-30 04:15:00,2417,4.25,29.36186,3240.256,102.3701,6.004103,40.2754,1,1,2268.18,2267.862,0,0,0,0,0,0,0,0,0,85.0919,1878.428,0.939214,1.196402,0.3172331,0,250,0.3172331,2267.862,0,0,20.4563,2.826047,40.2754,451.811,451.7478,0.06319138,459.7705,0,959.703,0,0,2.293721e-13,4.263256e-14
mpc,2026-01-30 04:30:00,2418,4.5,29.27974,3261.36,125.113,6.487083,39.61557,1,1,2282.952,2282.635,0,0,0,0,0,0,0,0,0,96.86464,1853.916,0.926958,1.182818,0.3172331,0,250,0.3172331,2282.635,0,0,28.35411,6.381334,39.61557,453.9368,453.8738,0.06307788,461.7508,0,983.4203,0,0,-3.204104e-13,4.263256e-14
mpc,2026-01-30 04:45:00,2419,4.75,29.41281,3255.89,142.313,0.06023977,35.33011,1,1,2279.123,2278.806,0,0,0,0,0,0,0,0,0,120.6664,1823.458,0.9117288,1.167384,0.3172331,0,250,0.3172331,2278.806,0,0,21.72247,0,35.33011,454.4984,454.4351,0.06326201,461.4806,0,960.4324,0,0,4.276579e-13,4.263256e-14
mpc,2026-01-30 05:00:00,2420,5,29.46166,3264.387,152.5187,0,38.45578,1,1,2285.071,2284.753,0,0,0,0,0,0,0,0,0,150.1082,1785.643,0.8928218,1.148205,0.3172331,0,250,0.3172331,2284.753,0,0,2.53396,0,38.45578,456.1732,456.1099,0.06332987,463.7869,0,931.9448,0,0,-3.836931e-13,4.263256e-14
mpc,2026-01-30 05:15:00,2421,5.25,29.62389,3242.784,198.982,0,42.54521,1,1,2269.949,2269.632,0,0,0,0,0,0,0,0,0,189.7201,1737.932,0.8689662,1.124394,0.3172331,0,250,0.3172331,2269.632,0,0,9.461198,0,42.54521,454.7746,454.711,0.06355629,463.2348,0,942.7901,0,0,-4.238832e-13,4.263256e-14
mpc,2026-01-30 05:30:00,2422,5.5,29.73758,3223.036,242.0409,0,42.31992,1,1,2256.125,2255.808,0,0,0,0,0,0,0,0,0,233.8793,1679.189,0.8395945,1.094351,0.3172331,0,250,0.3172331,2255.808,0,0,9.318485,0,42.31992,453.1403,453.0766,0.06371593,461.5765,0,939.2274,0,0,2.668976e-13,4.263256e-14
mpc,2026-01-30 05:45:00,2423,5.75,29.78024,3259.954,287.7292,1.174781,43.88781,1,1,2281.968,2281.65,0,0,0,0,0,0,0,0,0,285.8166,1607.47,0.8037352,1.057361,0.3172331,0,250,0.3172331,2281.65,0,0,2.35264,0.7347181,43.88781,458.7632,458.6994,0.06377604,467.5226,0,940.3708,0,0,1.54099e-13,4.263256e-14
mpc,2026-01-30 06:00:00,2424,6,29.65152,3307.696,333.6458,2.563331,47.00073,1,1,2315.387,2315.07,0,0,0,0,0,0,0,0,0,324.4049,1526.116,0.7630581,1.012201,0.3172331,0,250,0.3172331,2315.07,0,0,9.995181,1.809074,47.00073,464.1606,464.097,0.06359502,473.5191,0,967.4005,0,0,-9.503509e-14,4.263256e-14
mpc,2026-01-30 06:15:00,2425,6.25,29.52621,3328.834,369.7693,2.370069,56.32703,1,1,2330.184,2329.867,0,0,0,0,0,0,0,0,0,375.7228,1431.945,0.7159726,0.960973,0.3172331,0,250,0.3172331,2329.867,0,0,0,1.160718,56.32703,465.8395,465.7761,0.06341977,477.0367,0,956.0757,0,0,1.09468e-13,4.263256e-14
mpc,2026-01-30 06:30:00,2426,6.5,29.59123,3310.506,391.7645,0.3996324,55.15365,1,1,2317.355,2317.037,222.3491,63.96301,286.3121,1,286.3121,0,0,0,0,121.1257,1401.438,0.7007192,0.9016749,0.3172331,0,250,0.3172331,2094.688,0,0,0,0.3409049,55.15365,463.9382,419.36,44.57816,494.3648,0,989.3178,0,0,-3.127498e-13,4.263256e-14
mpc,2026-01-30 06:45:00,2427,6.75,29.62227,3323.121,412.4621,0,45.27405,1,1,2326.185,2325.867,725.3556,208.6824,934.038,4,433.8507,0.1872717,0,0,500,0,1526.218,0.7631089,0.8824652,0.3172331,0,250,0.3172331,1600.512,0,0,0,0,45.27405,466.0245,320.6442,145.3802,538.3968,0,1076.794,0,-1.136868e-13,-2.997602e-15,4.263256e-14
mpc,2026-01-30 07:00:00,2428,7,29.60183,3337.192,433.306,0,53.97524,1,1,2336.034,2335.717,335.9966,96.65588,432.6524,1,432.6524,0,0,0,0,0.7921566,1525.78,0.7628897,0.961037,0.3172331,0,250,0.3172331,1999.72,0,0,0.6535412,0,53.97524,467.7871,400.4408,67.34629,507.9051,0,1016.938,0,0,-3.779199e-13,4.263256e-14
mpc,2026-01-30 07:15:00,2429,7.25,29.77366,3352.7,425.5333,2.818373,66.51264,1,1,2346.89,2346.573,722.59,207.9734,930.5634,2,429.562,1.001324,0,0,500,0,1650.539,0.8252696,0.960761,0.3172331,0,250,0.3172331,1623.983,0,0,0,1.817049,66.51264,471.7465,326.4355,145.311,547.7785,0,1098.691,0,0,-3.919087e-13,4.263256e-14
mpc,2026-01-30 07:30:00,2430,7.5,30.06576,3335.224,404.995,3.76455,66.9456,1,1,2334.657,2334.34,704.5841,202.7368,907.3209,3,406.8539,0.4669973,0,0,500,0,1775.28,0.8876397,1.03932,0.3172331,0,250,0.3172331,1629.756,0,0,0,3.297553,66.9456,472.3382,329.7255,142.6127,546.0065,0,1097.701,0,-1.136868e-13,1.44329e-14,4.263256e-14
mpc,2026-01-30 07:45:00,2431,7.75,30.20219,3372.023,370.3273,9.739463,60.92816,1,1,2360.416,2360.099,681.2092,196.0588,877.268,2,376.3664,0.9016029,0,0,500,0,1900,0.95,1.117868,0.3172331,0,250,0.3172331,1678.89,0,0,0,8.83786,60.92816,479.004,340.7005,138.3035,549.1235,0,1113.492,0,-5.684342e-14,-9.769963e-14,4.263256e-14
mpc,2026-01-30 08:00:00,2432,8,30.37289,3387.818,336.6816,276.6232,48.57487,1,1,2371.472,2371.155,116.4895,33.51046,150,1,150,0,0,0,0,441.0961,1789.427,0.8947134,1.196402,0.3172331,0,250,0.3172331,2254.666,0,0,0,23.07711,48.57487,483.0885,459.294,23.7945,502.6995,0,1045.207,0,-1.421086e-14,-6.661338e-16,4.263256e-14
mpc,2026-01-30 08:15:00,2433,8.25,30.47465,3380.028,282.4963,278.1205,64.70286,1,1,2366.02,2365.702,743.7263,241.3529,985.0793,4,283.8747,257.7853,0,0,443.4193,0,1900,0.95,1.126776,0.3172331,0,250,0.3172331,1621.976,0,0,0,20.33519,64.70286,483.0791,331.165,151.9142,585.7285,0,1206.535,0,-5.684342e-14,1.980638e-13,4.263256e-14
mpc,2026-01-30 08:30:00,2434,8.5,30.57192,3358.59,239.9413,270.8477,47.73098,1,1,2351.013,2350.696,116.4895,33.51046,150,1,150,0,0,0,0,350.9479,1811.964,0.905982,1.196402,0.3172331,0,250,0.3172331,2234.207,0,0,0,10.83328,47.73098,481.0662,457.1651,23.90109,500.4423,0,1019.572,0,-1.421086e-14,2.164935e-13,4.263256e-14
mpc,2026-01-30 08:45:00,2435,8.75,31.02853,3362.022,194.0212,272.4134,89.36904,1,1,2353.416,2353.098,0,0,0,0,0,0,0,0,0,456.3607,1697.589,0.8487943,1.140967,0.3172331,0,250,0.3172331,2353.098,0,0,3.833983,6.239915,89.36904,486.5584,486.4928,0.06558655,504.9695,0,1027.316,0,0,3.790301e-13,4.263256e-14
mpc,2026-01-30 09:00:00,2436,9,31.07255,3380.172,165.5294,278.8915,96.87285,1,1,2366.121,2365.803,116.4895,33.51046,150,1,150,0,0,0,0,279.4903,1627.449,0.8137244,1.068947,0.3172331,0,250,0.3172331,2249.314,0,0,4.159403,10.77124,96.87285,489.6752,465.5018,24.17349,519.0603,0,1063.876,0,-1.421086e-14,-3.912426e-13,4.263256e-14
mpc,2026-01-30 09:15:00,2437,9.25,31.27174,3425.255,125.9866,278.6347,86.85182,1,1,2397.679,2397.362,114.87,35.12998,150,1,130.3842,0,19.61582,0,0,269.3426,1559.857,0.7799284,1.024781,0.3172331,0,250,0.3172331,2282.492,13.92382,0,0,9.292101,72.928,498.4666,474.5197,23.94691,524.8111,0,1065.651,0,0,3.874678e-13,4.263256e-14
mpc,2026-01-30 09:30:00,2438,9.5,31.44348,3479.595,117.5579,284.3896,107.6262,1,1,2435.716,2435.399,320.8526,129.1474,450,3,103.398,201.6526,144.9494,0,0,71.0864,1541.84,0.7709199,0.982219,0.3172331,0,250,0.3172331,2114.547,102.6897,0,14.1599,11.65056,4.936468,508.3711,441.3381,67.03302,571.5158,0,1187.555,0,-2.842171e-14,3.262946e-13,4.263256e-14
mpc,2026-01-30 09:45:00,2439,9.75,31.66839,3465.744,100.955,287.045,107.4897,1,1,2426.021,2425.704,215.4573,84.54267,300,2,87.77394,53.32737,158.8987,0,0,226.5219,1484.966,0.7424833,0.9708739,0.3172331,0,250,0.3172331,2210.246,112.2862,0,13.18102,7.19571,0,508.9756,463.7064,45.26919,548.2491,0,1131.648,0,0,2.198242e-13,4.263256e-14
mpc,2026-01-30 10:00:00,2440,10,32.05127,3516.942,95.10138,289.3608,127.2413,1,1,2461.859,2461.542,0,0,0,0,0,0,0,0,0,356.8546,1395.519,0.6977596,0.9350617,0.3172331,0,250,0.3172331,2461.542,0,0,19.35868,8.248811,127.2413,521.0989,521.0318,0.06714836,547.9648,0,1143.553,0,0,-2.795542e-13,4.263256e-14
mpc,2026-01-30 10:15:00,2441,10.25,32.4317,3564.914,85.93172,288.9819,152.2563,1,1,2495.44,2495.122,0,0,0,0,0,0,0,0,0,346.6968,1308.625,0.6543126,0.8787379,0.3172331,0,250,0.3172331,2495.122,0,0,25.21285,3.003924,152.2563,532.9275,532.8597,0.06774847,565.3756,0,1179.425,0,0,1.814104e-13,4.263256e-14
mpc,2026-01-30 10:30:00,2442,10.5,32.66821,3566.04,64.76014,291.9361,183.4841,1,1,2496.228,2495.911,0,0,0,0,0,0,0,0,0,351.293,1220.596,0.610298,0.8240221,0.3172331,0,250,0.3172331,2495.911,0,0,0,6.291965,183.4841,536.0742,536.0061,0.06812698,575.41,0,1161.674,0,0,-2.038369e-13,4.263256e-14
mpc,2026-01-30 10:45:00,2443,10.75,33.07362,3569.997,63.15666,299.8713,212.1804,1,1,2498.998,2498.681,541.573,186.2706,727.8436,4,59.13406,286.6718,0,0,382.0378,0,1315.913,0.6579566,0.7685914,0.3172331,0,250,0.3172331,1957.108,0,0,4.022603,13.19958,212.1804,541.8586,424.3603,117.4982,656.6381,0,1342.984,0,-1.136868e-13,3.670397e-13,4.263256e-14
mpc,2026-01-30 11:00:00,2444,11,33.23442,3645.297,64.69781,301.7502,223.3333,1,0,2551.708,2551.39,0,0,0,0,0,0,0,0,0,351.318,1227.877,0.6139383,0.8286113,0.3172331,0,250,0.3172331,2551.39,0,0,3.576414,11.5536,223.3333,555.4177,555.3486,0.06905057,603.9605,0,1234.02,0,0,3.943512e-13,4.263256e-14
mpc,2026-01-30 11:15:00,2445,11.25,33.5448,3653.159,67.38846,302.5778,234.5664,0,0,2557.212,2556.894,0,0,0,0,0,0,0,0,0,355.6998,1138.758,0.5693792,0.7731759,0.3172331,0,250,0.3172331,2556.894,0,0,1.594688,12.6718,234.5664,560.7832,560.7136,0.06956756,0,612.1528,3391.45,0,0,3.216316e-13,4.263256e-14
mpc,2026-01-30 11:30:00,2446,11.5,34.04066,3683.968,63.55198,305.9098,265.2521,0,0,2578.778,2578.46,264.62,116.6575,381.2774,1,0,0,381.2774,0,0,347.8,1051.629,0.5258145,0.7170594,0.3172331,0,250,0.3172331,2313.84,262.1948,0,7.187022,14.47469,3.057241,572.3586,513.5559,58.80269,0,630.8919,3507.272,0,-4.263256e-14,1.54321e-13,4.263256e-14
mpc,2026-01-30 11:45:00,2447,11.75,34.22657,3685.885,70.91805,302.3815,263.4461,0,0,2580.119,2579.802,279.5439,123.2366,402.7805,1,0,0,402.7805,0,0,342.7012,965.7882,0.4828941,0.6621954,0.3172331,0,250,0.3172331,2300.258,276.3829,0,21.49708,9.101245,0,575.2676,512.8693,62.39828,0,636.106,3551.365,0,0,-6.228351e-14,4.263256e-14
mpc,2026-01-30 12:00:00,2448,12,34.51425,3690.797,61.04983,302.0788,287.1446,0,0,2583.558,2583.24,312.1318,137.603,449.7348,1,0,0,449.7348,0,0,341.1777,880.3418,0.4401709,0.6081427,0.3172331,0,250,0.3172331,2271.109,307.5673,0,15.08717,6.863816,0,580.1273,509.9682,70.15916,0,647.5712,3599.507,0,0,-8.038015e-14,4.263256e-14
mpc,2026-01-30 12:15:00,2449,12.25,34.96744,3665.043,58.05213,303.2472,317.0709,0,0,2565.53,2565.213,337.5917,148.827,486.4186,1,0,0,486.4186,0,0,344.8406,793.993,0.3969965,0.5543383,0.3172331,0,250,0.3172331,2227.621,330.8913,0,8.017063,8.441646,0,582.6009,505.8658,76.73502,0,654.6928,3629.202,0,-2.842171e-14,-8.437695e-15,4.263256e-14
mpc,2026-01-30 12:30:00,2450,12.5,35.11003,3678.59,63.72717,301.3061,342.3934,0,0,2575.013,2574.696,347.0176,152.9824,500,1,0,0,500,0,0,342.1992,708.3183,0.3541591,0.4999658,0.3172331,0,250,0.3172331,2227.678,339.5599,0,12.57838,10.25567,2.833556,586.8445,507.687,79.15748,0,661.3152,3676.622,0,0,-9.636736e-14,4.263256e-14
mpc,2026-01-30 12:45:00,2451,12.75,35.36775,3665.037,56.35675,303.5952,382.8882,0,0,2565.526,2565.209,407.8757,179.8116,587.6873,2,0,0,587.6873,0,0,346.5785,621.5621,0.3107811,0.4460176,0.3172331,0,250,0.3172331,2157.333,397.8984,0,1.49995,11.87351,0,588.4845,494.8525,93.63196,0,674.6641,3733.722,0,0,-1.928457e-13,4.263256e-14
mpc,2026-01-30 13:00:00,2452,13,35.57057,3660.305,45.07352,295.9091,414.0989,0,0,2562.213,2561.896,347.0176,152.9824,500,1,0,0,500,0,0,349.5829,534.0686,0.2670343,0.3913886,0.3172331,0,250,0.3172331,2214.879,337.7177,0,0,5.172299,76.38123,590.7479,510.6658,80.08206,0,681.2588,3755.846,0,0,-1.529332e-13,4.263256e-14
mpc,2026-01-30 13:15:00,2453,13.25,35.6632,3694.398,65.06362,291.6354,448.1451,0,0,2586.079,2585.762,456.6671,201.3213,657.9883,4,0,0,657.9883,0,0,345.1952,447.6857,0.2238429,0.3362951,0.3172331,0,250,0.3172331,2129.094,443.9411,0,7.329722,4.174126,4.204037,597.6542,492.0431,105.6111,0,694.336,3838.692,0,-5.684342e-14,-1.227352e-13,4.263256e-14
mpc,2026-01-30 13:30:00,2454,13.5,35.94819,3693.904,66.76527,293.8209,488.4926,0,0,2585.733,2585.416,480.8031,211.9616,692.7646,2,0,0,692.7646,0,0,353.0973,359.3409,0.1796705,0.2819011,0.3172331,0,250,0.3172331,2104.613,465.825,0,5.925945,1.562928,22.66758,601.9352,489.9348,112.0005,0,707.1732,3902.371,0,-2.842171e-14,4.501954e-14,4.263256e-14
mpc,2026-01-30 13:45:00,2455,13.75,36.06151,3763.764,52.01776,294.2188,496.4469,0,0,2634.635,2634.318,497.0249,219.113,716.1379,4,1.292036e-05,0,716.1379,0,0,348.3709,272.1916,0.1360958,0.2262717,0.3172331,0,250,0.3172331,2137.293,480.8923,0,0,4.391809,15.55457,615.1041,498.9904,116.1137,0,721.7349,3977.118,0,-5.684342e-14,4.574119e-14,4.263256e-14
mpc,2026-01-30 14:00:00,2456,14,36.49193,3754.81,57.94284,294.4529,520.2044,0,1,2628.367,2628.05,1137.151,435.7192,1572.87,4,51.39052,288.5951,732.8848,0,500,0,397.1488,0.1985744,0.1713951,0.3172331,0,250,0.3172331,1490.898,489.6144,0,6.552318,5.857778,30.59007,620.4997,351.9683,268.5313,0,794.9092,4393.408,0,5.684342e-14,5.440093e-15,4.263256e-14
mpc,2026-01-30 14:15:00,2457,14.25,36.6961,3774.139,57.44789,296.8728,526.6242,1,1,2641.898,2641.58,1154.176,442.5342,1596.71,4,57.19436,286.8472,752.6687,0,500,0,522.0863,0.2610431,0.2500788,0.3172331,0,250,0.3172331,1487.404,501.6019,0,0.2535267,10.02553,25.0223,627.0184,353.0152,274.0033,801.488,0,1620.707,0,-5.684342e-14,5.456746e-14,4.263256e-14
mpc,2026-01-30 14:30:00,2458,14.5,36.85894,3776.01,55.50082,298.789,537.6762,1,1,2643.207,2642.89,589.7969,253.0636,842.8605,3,58.40512,0,784.4554,0,0,283.9427,451.0184,0.2255092,0.3287501,0.3172331,0,250,0.3172331,2053.093,521.7636,0,0,14.84624,15.91256,630.0077,489.3541,140.6535,746.2105,0,1518.031,0,-2.842171e-14,2.68674e-14,4.263256e-14
mpc,2026-01-30 14:45:00,2459,14.75,37.04273,3727.035,54.15757,299.1412,552.6491,1,1,2608.924,2608.607,1199.155,461.6984,1660.854,4,62.78319,282.4478,815.6228,0,500,0,575.9474,0.2879737,0.2839997,0.3172331,0,250,0.3172331,1409.452,541.2947,0,0,16.69341,11.3544,624.8473,337.5691,287.2782,801.9869,0,1632.77,0,0,-5.728751e-14,4.263256e-14
mpc,2026-01-30 15:00:00,2460,15,37.22162,3664.56,58.20276,297.4115,566.7868,1,1,2565.192,2564.875,1087.209,412.7913,1500,3,59.04658,283.894,657.0594,0,500,0,700.8567,0.3504284,0.3626656,0.3172331,0,250,0.3172331,1477.666,435.1225,0,0,13.51751,131.6643,617.2823,355.5824,261.6999,800.0572,0,1623.432,0,1.136868e-13,-1.161848e-13,4.263256e-14
mpc,2026-01-30 15:15:00,2461,15.25,37.34746,3626.475,68.40249,295.368,560.857,1,1,2538.532,2538.215,1201.777,462.7269,1664.504,4,63.85259,281.031,819.6204,0,500,0,825.7464,0.4128732,0.4413192,0.3172331,0,250,0.3172331,1336.438,541.9496,0,4.549897,14.33702,18.90736,612.9087,322.6725,290.2362,789.9645,0,1612.509,0,-5.684342e-14,1.538214e-13,4.263256e-14
mpc,2026-01-30 15:30:00,2462,15.5,37.4928,3631.632,69.07718,286.7045,553.3772,1,1,2542.142,2541.825,630.7183,270.1219,900.8402,3,66.65934,0,834.1809,0,0,280.5639,755.4754,0.3777377,0.5199604,0.3172331,0,250,0.3172331,1911.107,550.6074,0,2.417835,6.140576,2.769757,616.1587,463.2097,152.949,734.0029,0,1482.769,0,0,-2.953193e-14,4.263256e-14
mpc,2026-01-30 15:45:00,2463,15.75,37.54103,3665.767,76.19257,282.7301,543.5934,1,1,2566.037,2565.719,1214.234,467.099,1681.332,4,73.26243,276.9691,831.101,0,500,0,880.3565,0.4401782,0.4757118,0.3172331,0,250,0.3172331,1351.486,548.2539,0,2.930139,5.761083,0,622.7509,327.9918,294.7591,795.0909,0,1605.174,0,-5.684342e-14,1.957323e-13,4.263256e-14
mpc,2026-01-30 16:00:00,2464,16,37.58483,3644.197,88.57145,283.0241,541.0284,1,1,2550.938,2550.621,1218.526,468.267,1686.793,4,79.35055,276.4766,830.9655,0,500,0,1005.218,0.502609,0.5543476,0.3172331,0,250,0.3172331,1332.095,547.8733,0,9.220895,6.547499,0,619.8113,323.6643,296.147,791.9313,0,1611.063,0,1.705303e-13,1.418865e-13,4.263256e-14
mpc,2026-01-30 16:15:00,2465,16.25,37.74721,3644.195,102.7673,284.1933,542.0234,1,1,2550.936,2550.619,1229.406,470.9711,1700.377,4,96.94103,273.8754,829.561,0,500,0,1130.06,0.5650298,0.632971,0.3172331,0,250,0.3172331,1321.213,545.8696,0,5.826257,10.31786,0,622.5126,322.4195,300.0931,793.3907,0,1614.63,0,-5.684342e-14,1.262324e-13,4.263256e-14
mpc,2026-01-30 16:30:00,2466,16.5,37.54607,3640.6,108.3465,278.5717,530.728,1,1,2548.42,2548.103,1229.366,469.1977,1698.564,4,111.701,276.1345,810.7285,0,500,0,1254.882,0.6274409,0.711582,0.3172331,0,250,0.3172331,1318.736,534.782,0,0,2.437146,0,618.5588,320.087,298.4718,789.2847,0,1582.773,0,-5.684342e-14,2.672307e-13,4.263256e-14
mpc,2026-01-30 16:45:00,2467,16.75,37.50634,3698.813,119.1785,277.3689,505.1081,1,1,2589.169,2588.852,1234.838,469.082,1703.92,4,132.9504,272.2442,798.7254,0,500,0,1379.684,0.6898421,0.7901807,0.3172331,0,250,0.3172331,1354.014,527.1182,0,0,5.124708,0,627.7836,328.3014,299.4822,797.3834,0,1603.607,0,-5.684342e-14,3.765877e-13,4.263256e-14
mpc,2026-01-30 17:00:00,2468,17,37.55635,3657.377,140.9659,280.7729,493.9894,1,1,2560.164,2559.847,637.9762,264.183,902.1592,3,143.48,0,758.6792,0,0,269.1266,1312.185,0.6560927,0.8687669,0.3172331,0,250,0.3172331,1921.87,500.3863,0,0,11.64631,0,621.5797,466.6091,154.9707,730.7921,0,1481.674,0,-1.136868e-13,-9.781065e-14,4.263256e-14
mpc,2026-01-30 17:15:00,2469,17.25,37.63265,3620.878,161.84,283.7173,464.7498,1,1,2534.615,2534.298,1206.615,452.2341,1658.849,4,169.9871,264.8035,724.0585,0,500,0,1436.979,0.7184894,0.8262639,0.3172331,0,250,0.3172331,1327.682,477.1102,0,0,18.91385,0,616.6333,323.005,293.6283,775.2391,0,1583.105,0,5.684342e-14,-4.674039e-14,4.263256e-14
mpc,2026-01-30 17:30:00,2470,17.5,37.59583,3599.756,182.6749,279.643,451.5883,1,1,2519.829,2519.512,645.1003,260.4145,905.5148,3,201.5603,0,703.9545,0,0,261.9961,1371.254,0.6856268,0.9048445,0.3172331,0,250,0.3172331,1874.411,464.0703,0,0,17.64695,0,612.4327,455.567,156.8657,715.9814,0,1462.404,0,-1.136868e-13,4.558576e-13,4.263256e-14
mpc,2026-01-30 17:45:00,2471,17.75,37.61104,3583.79,224.2896,269.8461,417.5066,1,1,2508.653,2508.336,621.904,245.9441,867.8481,4,237.2384,0,630.6097,0,0,260.6726,1305.87,0.6529348,0.8634583,0.3172331,0,250,0.3172331,1886.432,415.6422,0,0,9.173438,1.864375,609.9644,458.6749,151.2895,705.0724,0,1425.969,0,-1.705303e-13,-3.376188e-13,4.263256e-14
mpc,2026-01-30 18:00:00,2472,18,37.54565,3503.026,270.2204,4.119508,380.5075,1,1,2452.118,2451.801,1029.87,362.1176,1391.988,3,272.5334,4.484879,614.9697,0,500,0,1430.664,0.715332,0.8222869,0.3172331,0,250,0.3172331,1421.931,405.6554,0,0,0,0,595.1776,345.1307,250.0469,707.2483,0,1414.497,0,0,4.23217e-13,4.263256e-14
mpc,2026-01-30 18:15:00,2473,18.25,37.26743,3494.582,305.8119,0,344.8231,1,1,2446.207,2445.89,1030.863,358.7222,1389.585,4,304.7533,2.099375,582.7322,0,500,0,1555.439,0.7777194,0.9008681,0.3172331,0,250,0.3172331,1415.027,385.6875,0,1.058605,0,0,589.3647,340.9225,248.4422,699.6448,0,1401.116,0,0,-1.416645e-13,4.263256e-14
mpc,2026-01-30 18:30:00,2474,18.5,37.34009,3468.753,329.2372,4.088828,347.1586,1,0,2428.127,2427.81,376.796,166.1102,542.9062,3,0,0,542.9062,0,0,349.1319,1467.911,0.7339555,0.979437,0.3172331,0,250,0.3172331,2051.014,359.0127,0,0,3.682064,0,586.1373,495.1041,91.0332,661.2143,0,1328.78,0,0,2.98761e-13,4.263256e-14
mpc,2026-01-30 18:45:00,2475,18.75,37.3068,3456.331,335.701,2.771608,328.0364,1,0,2419.432,2419.115,340.7594,150.2235,490.9829,3,0,0,490.9829,0,0,374.833,1373.972,0.6869858,0.924322,0.3172331,0,250,0.3172331,2078.355,324.8076,0,0,2.011557,3.228754,583.5226,501.2612,82.26143,652.2634,0,1307.997,0,-2.842171e-14,2.564615e-13,4.263256e-14
mpc,2026-01-30 19:00:00,2476,19,37.09735,3421.079,364.8184,3.913505,298.8217,0,0,2394.756,2394.438,324.7307,143.1572,467.8879,1,0,0,467.8879,0,0,392.0546,1275.742,0.6378708,0.8651698,0.3172331,0,250,0.3172331,2069.707,310.3132,0,0,3.470541,0,574.3795,496.4171,77.96239,0,639.5743,3523.646,0,-2.842171e-14,2.549072e-13,4.263256e-14
mpc,2026-01-30 19:15:00,2477,19.25,37.19004,3436.527,383.9819,2.885206,277.7778,0,0,2405.569,2405.252,291.5803,128.5429,420.1232,1,0,0,420.1232,0,0,404.8679,1174.324,0.5871619,0.8033158,0.3172331,0,250,0.3172331,2113.672,278.3231,0,0,2.594491,0,578.3876,508.2047,70.18295,0,636.7476,3506.587,0,-2.842171e-14,1.461054e-13,4.263256e-14
mpc,2026-01-30 19:30:00,2478,19.5,37.16069,3452.44,379.8494,2.208593,246.1733,0,0,2416.708,2416.39,254.593,112.2371,366.8302,1,0,0,366.8302,0,0,411.4573,1071.275,0.5356373,0.7394545,0.3172331,0,250,0.3172331,2161.798,243.1036,0,0,1.694745,3.06964,580.615,519.3727,61.24229,0,632.3473,3480.834,0,-1.421086e-14,3.78253e-13,4.263256e-14
mpc,2026-01-30 19:45:00,2479,19.75,36.9457,3448.794,392.7723,7.076798,226.2951,0,0,2414.156,2413.839,232.2457,102.3853,334.631,2,0,0,334.631,0,0,400.1926,971.0579,0.485529,0.674566,0.3172331,0,250,0.3172331,2181.593,222.3404,0,0,6.499043,3.954749,576.7252,521.1675,55.55768,0,624.4976,3445.947,0,-2.842171e-14,-2.082778e-13,4.263256e-14
mpc,2026-01-30 20:00:00,2480,20,36.94279,3451.643,387.0952,0.9377229,210.1635,0,0,2416.15,2415.833,209.3731,92.30192,301.675,2,0,0,301.675,0,0,382.8123,875.202,0.437601,0.6114609,0.3172331,0,250,0.3172331,2206.46,200.4503,0,4.954159,0.2664912,9.713191,577.1574,527.0677,50.08974,0,621.6898,3428.3,0,-1.421086e-14,-3.885781e-15,4.263256e-14
mpc,2026-01-30 20:15:00,2481,20.25,36.85027,3405.034,366.7936,1.023031,188.2057,0,0,2383.523,2383.206,206.8034,91.16907,297.9724,1,0,0,297.9724,0,0,359.689,785.1419,0.392571,0.5511019,0.3172331,0,250,0.3172331,2176.403,198.2106,0,7.696351,0.4312619,0,567.983,518.6271,49.35591,0,609.7961,3367.899,0,-2.842171e-14,-1.912914e-13,4.263256e-14
mpc,2026-01-30 20:30:00,2482,20.5,36.78145,3365.858,348.7693,4.709228,186.1879,0,0,2356.101,2355.784,176.462,77.7931,254.2551,1,0,0,254.2551,0,0,331.1048,702.2421,0.3511211,0.4943924,0.3172331,0,250,0.3172331,2179.322,169.2699,0,18.18148,4.1922,16.91794,560.4373,518.3874,42.04984,0,600.2047,3339.721,0,-1.421086e-14,2.237099e-13,4.263256e-14
mpc,2026-01-30 20:45:00,2483,20.75,36.51288,3338.99,309.3668,7.796898,155.9865,0,0,2337.293,2336.976,158.2035,69.74388,227.9474,1,0,0,227.9474,0,0,306.1325,625.5985,0.3127992,0.4421916,0.3172331,0,250,0.3172331,2178.772,152.2454,0,5.729463,5.301758,3.741141,552.0839,514.6402,37.44364,0,585.2678,3238.002,0,0,9.048318e-15,4.263256e-14
mpc,2026-01-30 21:00:00,2484,21,36.24005,3350.045,278.6183,5.115463,154.4174,0,0,2345.032,2344.715,152.0247,67.01996,219.0447,1,0,0,219.0447,0,0,268.3907,558.4023,0.2792012,0.3939302,0.3172331,0,250,0.3172331,2192.69,146.7774,0,11.83438,3.508647,7.639991,550.0128,514.2819,35.73087,0,583.0938,3233.483,0,0,4.501954e-14,4.263256e-14
mpc,2026-01-30 21:15:00,2485,21.25,35.92328,3363.354,241.839,0.06226623,156.6338,0,0,2354.348,2354.03,134.1154,59.12466,193.2401,1,0,0,193.2401,0,0,238.1101,498.7869,0.2493934,0.3516178,0.3172331,0,250,0.3172331,2219.915,129.9759,0,5.628607,0,26.65789,547.7216,516.4468,31.27477,0,581.7732,3209.462,0,0,1.809663e-14,4.263256e-14
mpc,2026-01-30 21:30:00,2486,21.5,35.63515,3371.349,208.6009,0,138.1825,0,0,2359.945,2359.627,116.2641,51.25493,167.5191,1,0,0,167.5191,0,0,207.1581,446.9189,0.2234594,0.3140788,0.3172331,0,250,0.3172331,2243.363,113.0618,0,2.522533,0,25.12071,545.005,518.0818,26.92327,0,575.1381,3167.611,0,0,1.915135e-14,4.263256e-14
mpc,2026-01-30 21:45:00,2487,21.75,35.10908,3356.87,197.6419,0,113.2063,0,0,2349.809,2349.492,122.1094,53.83181,175.9412,1,0,0,175.9412,0,0,178.7201,402.1685,0.2010842,0.2814182,0.3172331,0,250,0.3172331,2227.382,119.4865,0,19.20362,0,0,535.5078,507.6075,27.90031,0,561.4393,3121.042,0,-1.421086e-14,-1.090239e-13,4.263256e-14
mpc,2026-01-30 22:00:00,2488,22,35.02145,3346.967,170.1137,0.08930787,107.5043,0,0,2342.877,2342.559,0,0,0,0,0,0,0,0,0,157.7152,362.6763,0.1813382,0.2532396,0.3172331,0,250,0.3172331,2342.559,0,0,12.576,0,107.5043,532.7576,532.6855,0.07213711,0,557.1314,3085.916,0,0,-1.212919e-13,4.263256e-14
mpc,2026-01-30 22:15:00,2489,22.25,34.63065,3352.031,129.7098,0,84.22348,0,0,2346.422,2346.105,0,0,0,0,0,0,0,0,0,132.323,329.5385,0.1647693,0.228372,0.3172331,0,250,0.3172331,2346.105,0,0,0,0,84.22348,528.3986,528.3272,0.07143879,0,547.2938,3010.116,0,0,7.549517e-14,4.263256e-14
mpc,2026-01-30 22:30:00,2490,22.5,34.46406,3315.084,106.6229,3.56049,71.72177,0,0,2320.559,2320.242,0,0,0,0,0,0,0,0,0,117.2267,300.18,0.15009,0.2075056,0.3172331,0,250,0.3172331,2320.242,0,0,0,2.279749,71.72177,520.4268,520.3557,0.07114519,0,536.4406,2954.356,0,0,-1.731948e-14,4.263256e-14
mpc,2026-01-30 22:45:00,2491,22.75,34.04895,3293.399,98.71358,1.818941,77.25706,0,0,2305.38,2305.062,0,0,0,0,0,0,0,0,0,96.13769,276.0983,0.1380491,0.1890189,0.3172331,0,250,0.3172331,2305.062,0,0,2.94143,1.453402,77.25706,511.7816,511.7111,0.070424,0,528.8618,2916.321,0,0,3.28626e-14,4.263256e-14
mpc,2026-01-30 23:00:00,2492,23,33.81685,3294.981,73.30379,0,58.00761,0,0,2306.486,2306.169,0,0,0,0,0,0,0,0,0,79.1278,256.2729,0.1281364,0.173855,0.3172331,0,250,0.3172331,2306.169,0,0,0,0,58.00761,509.1416,509.0716,0.0700271,0,521.8764,2870.32,0,0,-6.486478e-14,4.263256e-14
mpc,2026-01-30 23:15:00,2493,23.25,33.41193,3326.309,58.57977,0,54.47434,0,0,2328.416,2328.099,0,0,0,0,0,0,0,0,0,72.65404,238.069,0.1190345,0.1613713,0.3172331,0,250,0.3172331,2328.099,0,0,0,0,54.47434,508.9781,508.9087,0.06934529,0,520.8165,2864.491,0,0,-9.40914e-15,4.263256e-14
mpc,2026-01-30 23:30:00,2494,23.5,33.16047,3326,48.81386,0,65.85648,0,1,2328.2,2327.883,512.8674,158.7799,671.6473,2,65.88612,0.04526864,105.7159,0,500,0,363.0315,0.1815158,0.1499086,0.3172331,0,250,0.3172331,1815.015,73.44254,0,0,0,0,505.8722,394.3673,111.505,0,553.1471,3042.309,0,0,2.806089e-14,4.263256e-14
mpc,2026-01-30 23:45:00,2495,23.75,32.70349,3307.903,47.02749,0,62.26357,0,1,2315.532,2315.215,439.4948,127.1113,566.6061,2,60.18976,6.416383,0,0,500,0,487.9744,0.2439872,0.2285956,0.3172331,0,250,0.3172331,1875.72,0,0,0,0,62.26357,497.6839,403.1538,94.53007,0,543.6476,2990.062,0,-4.263256e-14,5.745404e-14,4.263256e-14
mpc,2026-01-31 00:00:00,2496,0,32.38157,3280.742,56.42112,0,35.60939,1,1,2296.519,2296.202,435.5378,125.7375,561.2753,3,57.07346,4.201842,0,0,500,0,612.8976,0.3064488,0.3072703,0.3172331,0,250,0.3172331,1860.664,0,0,0,0,35.60939,489.8691,396.8971,92.97195,530.2305,0,1060.461,0,2.842171e-14,-6.206147e-14,4.263256e-14
mpc,2026-01-31 00:15:00,2497,0.25,32.22552,3275.372,60.48982,0,72.12857,1,1,2292.761,2292.443,428.4076,123.6688,552.0764,3,48.04025,4.036171,0,0,500,0,737.8011,0.3689005,0.3859326,0.3172331,0,250,0.3172331,1864.036,0,0,12.44957,0,72.12857,487.283,396.1656,91.11738,535.164,0,1091.803,0,-2.842171e-14,3.563816e-14,4.263256e-14
mpc,2026-01-31 00:30:00,2498,0.5,32.01332,3195.222,59.48652,0,84.38567,1,1,2236.655,2236.338,422.2071,121.727,543.9342,2,41.38492,2.54926,0,0,500,0,862.6849,0.4313425,0.4645825,0.3172331,0,250,0.3172331,1814.131,0,0,18.1016,0,84.38567,473.0124,383.6561,89.3563,523.2292,0,1077.684,0,-4.263256e-14,-1.585398e-13,4.263256e-14
mpc,2026-01-31 00:45:00,2499,0.75,31.79935,3221.352,60.37595,0,73.61559,1,1,2254.946,2254.629,417.4966,120.2507,537.7473,3,36.33805,1.409262,0,0,500,0,987.5491,0.4937746,0.5432201,0.3172331,0,250,0.3172331,1837.132,0,0,24.0379,0,73.61559,474.5186,386.5961,87.92245,522.3381,0,1086.142,0,4.263256e-14,-9.670042e-14,4.263256e-14
mpc,2026-01-31 01:00:00,2500,1,31.4565,3235.987,67.57315,0,57.54702,1,1,2265.191,2264.874,426.0226,122.902,548.9246,2,45.64706,3.27753,0,0,500,0,1112.394,0.5561968,0.6218452,0.3172331,0,250,0.3172331,1838.851,0,0,21.92609,0,57.54702,472.9212,383.911,89.01021,518.8276,0,1075.478,0,2.842171e-14,2.352563e-13,4.263256e-14
mpc,2026-01-31 01:15:00,2501,1.25,30.94772,3212.325,51.94813,5.134974,58.63515,1,1,2248.627,2248.31,431.6449,124.6676,556.3125,3,51.641,4.671527,0,0,500,0,1237.219,0.6186093,0.700458,0.3172331,0,250,0.3172331,1816.665,0,0,0.3071286,0.463447,58.63515,464.041,374.8986,89.14245,511.6665,0,1024.662,0,0,-3.652634e-13,4.263256e-14
mpc,2026-01-31 01:30:00,2502,1.5,30.62003,3224.443,52.39488,5.033,78.7146,1,1,2257.11,2256.793,388.1581,111.8419,500,1,58.60826,1.700123,0,0,439.6916,0,1346.947,0.6734733,0.7790584,0.3172331,0,250,0.3172331,1868.634,0,0,0,3.332876,78.7146,462.3522,382.7759,79.5763,510.7419,0,1027.233,0,-7.105427e-14,2.873257e-13,4.263256e-14
mpc,2026-01-31 01:45:00,2503,1.75,30.35202,3226.776,55.36734,8.687351,77.71926,1,1,2258.743,2258.426,432.0357,124.3644,556.4001,3,55.63775,0.7623283,0,0,500,0,1471.735,0.7358673,0.8481526,0.3172331,0,250,0.3172331,1826.39,0,0,0,7.925023,77.71926,459.9095,371.8768,88.03267,512.0659,0,1037.803,0,0,1.760814e-13,4.263256e-14
mpc,2026-01-31 02:00:00,2504,2,30.35294,3199.835,52.52305,2.11914,59.69562,1,1,2239.885,2239.567,388.0579,111.9421,500,1,54.9898,2.913954,0,0,442.0962,0,1582.027,0.7910135,0.9267297,0.3172331,0,250,0.3172331,1851.509,0,0,0,0,59.69562,456.0791,376.9992,79.07986,501.0964,0,1002.193,0,1.421086e-14,1.060263e-13,4.263256e-14
mpc,2026-01-31 02:15:00,2505,2.25,30.24282,3244.237,48.02978,2.583267,52.22909,1,1,2270.966,2270.649,388.0951,111.9049,500,1,50.06513,2.463339,0,0,447.4715,0,1693.646,0.8468229,0.9961792,0.3172331,0,250,0.3172331,1882.554,0,0,0,0.1199272,52.22909,461.2701,382.3773,78.89285,504.8908,0,1009.988,0,-5.684342e-14,-4.32987e-13,4.263256e-14
mpc,2026-01-31 02:30:00,2506,2.5,30.10972,3248.943,59.07254,3.043121,51.90702,1,1,2274.26,2273.943,388.2315,111.7685,500,1,40.72696,0.8108386,0,0,458.4622,0,1807.995,0.9039974,1.066464,0.3172331,0,250,0.3172331,1885.711,0,0,18.34558,2.232283,51.90702,460.5694,381.8828,78.68655,504.1632,0,1043.823,0,1.421086e-14,-1.265654e-13,4.263256e-14
mpc,2026-01-31 02:45:00,2507,2.75,29.87107,3221.442,57.71341,5.981834,18.38512,1,1,2255.01,2254.692,0,0,0,0,0,0,0,0,0,46.44285,1796.1,0.8980497,1.138468,0.3172331,0,250,0.3172331,2254.692,0,0,12.8155,4.436885,18.38512,454.256,454.1921,0.0639044,457.8957,0,945.5517,0,0,3.868017e-13,4.263256e-14
mpc,2026-01-31 03:00:00,2508,3,29.62704,3284.513,66.75003,3.765508,15.83729,1,1,2299.159,2298.842,294.3042,84.75775,379.0619,1,54.55879,0.8981745,0,0,323.6049,0,1876.718,0.938359,1.130977,0.3172331,0,250,0.3172331,2004.538,0,0,12.19124,2.867333,15.83729,460.6586,401.6284,59.03023,489.5593,0,1005.095,0,0,3.375078e-13,4.263256e-14
mpc,2026-01-31 03:15:00,2509,3.25,29.57585,3277.659,73.97273,0,21.46232,1,1,2294.362,2294.044,116.4394,33.56061,150,1,55.08276,0.6073656,0,0,94.30988,0,1900,0.95,1.181742,0.3172331,0,250,0.3172331,2177.605,0,0,18.88997,0,21.46232,459.1793,435.8124,23.36695,473.6683,0,979.9218,0,1.421086e-14,3.075318e-13,4.263256e-14
mpc,2026-01-31 03:30:00,2510,3.5,29.40573,3256.677,66.63217,0,30.82989,1,1,2279.674,2279.357,108.7068,41.29317,150,1,65.11135,0.482937,66.21075,16.99856,1.196402,0,1900,0.95,1.196402,0.3172331,0,250,0.3172331,2170.65,47.98651,1.130666,1.520822,0,0,454.5376,432.7996,21.73799,474.0927,0,949.5369,0,-7.105427e-15,-2.464695e-14,4.263256e-14
mpc,2026-01-31 03:45:00,2511,3.75,29.2555,3278.233,69.49999,0,24.87227,1,1,2294.763,2294.446,0,0,0,0,0,0,0,0,0,69.27678,1882.382,0.9411909,1.196402,0.3172331,0,250,0.3172331,2294.446,0,0,0.2945803,0,24.87227,456.0435,455.9804,0.06304445,460.9233,0,922.3548,0,0,3.839151e-13,4.263256e-14
mpc,2026-01-31 04:00:00,2512,4,29.41415,3300.449,73.73596,0,21.63344,1,1,2310.314,2309.997,0,0,0,0,0,0,0,0,0,78.34245,1862.5,0.9312499,1.185308,0.3172331,0,250,0.3172331,2309.997,0,0,0,0,21.63344,460.7319,460.6686,0.06326386,464.9828,0,929.9657,0,0,-4.445333e-13,4.263256e-14
mpc,2026-01-31 04:15:00,2513,4.25,29.20766,3304.419,84.63314,0,28.55288,1,1,2313.093,2312.776,0,0,0,0,0,0,0,0,0,97.80239,1837.756,0.918878,1.172789,0.3172331,0,250,0.3172331,2312.776,0,0,0,0,28.55288,459.2061,459.1431,0.0629786,464.8116,0,929.6231,0,0,1.707523e-13,4.263256e-14
mpc,2026-01-31 04:30:00,2514,4.5,29.11014,3224.503,98.63012,0,23.15486,1,1,2257.152,2256.835,0,0,0,0,0,0,0,0,0,115.9264,1808.485,0.9042425,1.157208,0.3172331,0,250,0.3172331,2256.835,0,0,0,0,23.15486,447.1481,447.0853,0.06284476,451.6723,0,903.3447,0,0,3.272938e-13,4.263256e-14
mpc,2026-01-31 04:45:00,2515,4.75,29.03364,3237.074,113.8078,0.5528795,20.46977,1,1,2265.952,2265.635,0,0,0,0,0,0,0,0,0,132.5998,1775.05,0.8875252,1.138777,0.3172331,0,250,0.3172331,2265.635,0,0,0,0.5111198,20.46977,448.1442,448.0815,0.06274016,452.1298,0,905.1414,0,0,3.819167e-13,4.263256e-14
mpc,2026-01-31 05:00:00,2516,5,28.92197,3248.413,130.8629,0.8697221,31.20252,1,1,2273.889,2273.572,0,0,0,0,0,0,0,0,0,151.3888,1736.924,0.8684619,1.117723,0.3172331,0,250,0.3172331,2273.572,0,0,0,0.8426361,31.20252,448.6242,448.5616,0.06258812,454.7177,0,910.889,0,0,5.750955e-14,4.263256e-14
mpc,2026-01-31 05:15:00,2517,5.25,28.7295,3258.584,163.5119,0,36.74708,1,1,2281.008,2280.691,0,0,0,0,0,0,0,0,0,194.8558,1687.936,0.8439682,1.093716,0.3172331,0,250,0.3172331,2280.691,0,0,0,0,36.74708,448.1568,448.0945,0.06232777,455.3143,0,910.6286,0,0,3.859135e-13,4.263256e-14
mpc,2026-01-31 05:30:00,2518,5.5,28.90552,3288.001,212.357,0,22.68445,1,1,2301.601,2301.283,0,0,0,0,0,0,0,0,0,238.3377,1628.086,0.8140431,1.062869,0.3172331,0,250,0.3172331,2301.283,0,0,0,0,22.68445,453.9294,453.8669,0.06256578,458.3408,0,916.6816,0,0,3.868017e-13,4.263256e-14
mpc,2026-01-31 05:45:00,2519,5.75,28.74689,3304.03,270.4624,5.706786,18.52144,1,1,2312.821,2312.504,0,0,0,0,0,0,0,0,0,287.4361,1555.971,0.7779855,1.025182,0.3172331,0,250,0.3172331,2312.504,0,0,0,4.879815,18.52144,454.5779,454.5156,0.0623512,458.1559,0,924.7295,0,0,-2.642331e-14,4.263256e-14
mpc,2026-01-31 06:00:00,2520,6,28.67348,3306.423,309.9758,10.2036,29.13619,1,1,2314.496,2314.179,0,0,0,0,0,0,0,0,0,330.827,1473.019,0.7365096,0.9797721,0.3172331,0,250,0.3172331,2314.179,0,0,0,8.480915,29.13619,454.1863,454.1241,0.0622524,459.8416,0,934.3128,0,0,3.490541e-13,4.263256e-14
mpc,2026-01-31 06:15:00,2521,6.25,28.76984,3278.968,355.2197,6.3956,30.44202,1,1,2295.278,2294.961,0,0,0,0,0,0,0,0,0,373.8562,1379.323,0.6896617,0.9275386,0.3172331,0,250,0.3172331,2294.961,0,0,0,4.535005,30.44202,451.3539,451.2915,0.06238216,457.2778,0,922.3784,0,0,1.409983e-14,4.263256e-14
mpc,2026-01-31 06:30:00,2522,6.5,28.6872,3315.981,394.7068,0,38.12653,1,1,2321.186,2320.869,0,0,0,0,0,0,0,0,0,399.135,1279.322,0.6396612,0.8685397,0.3172331,0,250,0.3172331,2320.869,0,0,0,0,38.12653,455.6342,455.5719,0.06227084,463.0559,0,926.1119,0,0,2.714495e-13,4.263256e-14
mpc,2026-01-31 06:45:00,2523,6.75,28.76467,3324.276,415.596,0,35.10712,1,1,2326.994,2326.676,706.4962,203.2425,909.7387,4,422.173,0.049677,0,0,487.516,0,1401,0.7005,0.8055706,0.3172331,0,250,0.3172331,1620.18,0,0,0,0,35.10712,457.5394,318.5639,138.9755,528.7093,0,1057.419,0,1.136868e-13,-4.640732e-13,4.263256e-14
mpc,2026-01-31 07:00:00,2524,7,28.84522,3344.893,413.4836,0,27.08798,1,1,2341.425,2341.108,511.512,147.1795,658.6915,2,433.0031,0.3125224,0,0,225.3758,0,1457.123,0.7285617,0.8821892,0.3172331,0,250,0.3172331,1829.596,0,0,0,0,27.08798,461.1805,360.3677,100.8128,512.8826,0,1025.765,0,0,4.152234e-14,4.263256e-14
mpc,2026-01-31 07:15:00,2525,7.25,28.94436,3390.947,406.5397,1.038431,32.98193,1,1,2373.663,2373.345,721.5906,207.7852,929.3758,4,427.4402,1.93561,0,0,500,0,1581.894,0.790947,0.9175293,0.3172331,0,250,0.3172331,1651.755,0,0,0,0,32.98193,468.5366,326.0394,142.4972,540.3349,0,1080.67,0,-1.136868e-13,-1.401102e-13,4.263256e-14
mpc,2026-01-31 07:30:00,2526,7.5,29.07156,3423.15,392.4484,2.876991,17.25338,1,1,2396.205,2395.888,705.0737,203.0685,908.1421,3,405.8805,2.261594,0,0,500,0,1706.645,0.8533225,0.9960955,0.3172331,0,250,0.3172331,1690.814,0,0,0,0.6153973,17.25338,474.2962,334.6737,139.6225,541.1572,0,1083.376,0,0,1.421086e-14,4.263256e-14
mpc,2026-01-31 07:45:00,2527,7.75,29.04866,3435.213,361.5885,7.108455,17.74661,1,1,2404.649,2404.332,682.0649,196.8174,878.8824,4,373.1603,5.722018,0,0,500,0,1831.376,0.9156882,1.074649,0.3172331,0,250,0.3172331,1722.267,0,0,0,1.386437,17.74661,475.7303,340.7294,135.0009,541.0578,0,1084.507,0,-5.684342e-14,-3.106404e-13,4.263256e-14
mpc,2026-01-31 08:00:00,2528,8,29.15407,3420.072,333.2212,137.1276,31.60316,1,1,2394.05,2393.733,116.4895,33.51046,150,1,150,0,0,0,0,453.7539,1717.65,0.8588248,1.153191,0.3172331,0,250,0.3172331,2277.243,0,0,0,0,31.60316,474.7224,451.5605,23.16192,491.3376,0,982.6753,0,-1.421086e-14,1.7919e-13,4.263256e-14
mpc,2026-01-31 08:15:00,2529,8.25,29.5122,3413.057,301.947,139.3806,48.72098,1,1,2389.14,2388.823,439.786,160.214,600,4,282.9991,225.9177,91.08327,0,0,43.36322,1706.538,0.8532692,1.081579,0.3172331,0,250,0.3172331,1949.037,65.9354,0,18.94795,0,0,477.4786,389.5223,87.9563,549.7363,0,1132.158,0,-5.684342e-14,1.618705e-13,4.263256e-14
mpc,2026-01-31 08:30:00,2530,8.5,29.86465,3399.539,264.0312,136.9458,61.969,1,1,2379.678,2379.36,186.6245,53.68612,240.3106,1,240.3106,0,0,0,0,266.2568,1639.706,0.8198528,1.074582,0.3172331,0,250,0.3172331,2192.736,0,0,23.72061,0,61.969,479.3013,441.6486,37.65275,507.8161,0,1056.55,0,-1.421086e-14,3.0842e-13,4.263256e-14
mpc,2026-01-31 08:45:00,2531,8.75,29.9998,3412.243,212.2856,140.0306,83.47885,1,1,2388.57,2388.253,149.1514,42.90629,192.0577,1,192.0577,0,0,0,0,269.9251,1571.966,0.7859831,1.032498,0.3172331,0,250,0.3172331,2239.102,0,0,20.22784,0,83.47885,482.5373,452.3417,30.19556,512.1123,0,1059.118,0,-1.421086e-14,-1.580958e-13,4.263256e-14
mpc,2026-01-31 09:00:00,2532,9,30.36361,3487.65,185.1466,140.94,97.24404,1,1,2441.355,2441.038,365.6473,134.3527,500,1,163.5113,274.3545,0,0,62.13422,0,1587.252,0.7936261,0.989844,0.3172331,0,250,0.3172331,2075.39,0,0,21.63536,0,97.24404,497.2207,422.6862,74.53449,576.8442,0,1191.009,0,-2.842171e-14,-2.371436e-13,4.263256e-14
mpc,2026-01-31 09:15:00,2533,9.25,30.47222,3502.79,138.2946,145.8933,115.0224,1,1,2451.953,2451.636,0,0,0,0,0,0,0,0,0,402.5467,1486.366,0.7431828,0.9994695,0.3172331,0,250,0.3172331,2451.636,0,0,10.43523,0,115.0224,500.5971,500.5324,0.06476714,524.0157,0,1066.032,0,0,-4.000134e-13,4.263256e-14
mpc,2026-01-31 09:30:00,2534,9.5,30.53676,3520.565,114.163,143.7363,108.7082,1,1,2464.396,2464.078,113.2816,36.71842,150,1,111.1448,0,38.85524,0,0,279.4227,1416.276,0.708138,0.9359427,0.3172331,0,250,0.3172331,2350.797,27.80893,0,3.018266,0,80.89931,503.8679,480.6416,23.2263,533.9006,0,1073.008,0,-2.842171e-14,3.608225e-13,4.263256e-14
mpc,2026-01-31 09:45:00,2535,9.75,30.52731,3541.306,97.57078,139.3869,101.892,1,1,2478.914,2478.597,0,0,0,0,0,0,0,0,0,379.2351,1321.244,0.6606221,0.8918082,0.3172331,0,250,0.3172331,2478.597,0,0,2.469806,0,101.892,506.7286,506.6637,0.06484738,527.492,0,1059.245,0,0,-3.919087e-13,4.263256e-14
mpc,2026-01-31 10:00:00,2536,10,30.6466,3575.05,80.45211,144.3447,98.63355,1,1,2502.535,2502.218,0,0,0,0,0,0,0,0,0,372.5758,1227.892,0.6139462,0.8319682,0.3172331,0,250,0.3172331,2502.218,0,0,0,0,98.63355,512.933,512.8679,0.06502178,533.0844,0,1066.169,0,0,-2.176037e-14,4.263256e-14
mpc,2026-01-31 10:15:00,2537,10.25,30.9787,3621.841,68.19183,135.6121,123.2971,1,1,2535.289,2534.972,0,0,0,0,0,0,0,0,0,362.745,1137.013,0.5685064,0.7731858,0.3172331,0,250,0.3172331,2534.972,0,0,0,0,123.2971,523.5665,523.501,0.06551231,548.9633,0,1097.927,0,0,-1.870726e-13,4.263256e-14
mpc,2026-01-31 10:30:00,2538,10.5,31.21289,3626.048,61.09308,139.4733,127.5521,1,1,2538.233,2537.916,364.3943,135.6057,500,1,65.31622,289.5306,0,0,145.1531,0,1173.122,0.586561,0.7159603,0.3172331,0,250,0.3172331,2173.522,0,0,0,0,127.5521,526.9782,451.2582,75.71999,613.3457,0,1226.691,0,-8.526513e-14,-1.064704e-13,4.263256e-14
mpc,2026-01-31 10:45:00,2539,10.75,31.7101,3659.366,63.24639,145.6676,169.6333,1,1,2561.556,2561.239,640.254,215.4729,855.7269,4,61.39117,294.3357,0,0,500,0,1297.937,0.6489687,0.7386978,0.3172331,0,250,0.3172331,1920.985,0,0,1.855223,0,169.6333,537.9286,403.4082,134.5204,654.5042,0,1312.209,0,-5.684342e-14,-2.342571e-13,4.263256e-14
mpc,2026-01-31 11:00:00,2540,11,32.10012,3749.432,60.97261,141.8011,185.6912,1,0,2624.602,2624.285,0,0,0,0,0,0,0,0,0,360.2206,1207.678,0.603839,0.8172922,0.3172331,0,250,0.3172331,2624.285,0,0,0,0,185.6912,556.1793,556.1121,0.06722483,595.4619,0,1190.924,0,0,1.271205e-13,4.263256e-14
mpc,2026-01-31 11:15:00,2541,11.25,32.33523,3676.8,60.84699,142.0142,193.6535,1,0,2573.76,2573.443,0,0,0,0,0,0,0,0,0,364.057,1116.474,0.5582368,0.7604571,0.3172331,0,250,0.3172331,2573.443,0,0,0,0,193.6535,548.4108,548.3432,0.06759529,589.6065,0,1179.213,0,0,4.788392e-13,4.263256e-14
mpc,2026-01-31 11:30:00,2542,11.5,32.58887,3679.229,66.4026,154.3734,222.357,1,0,2575.46,2575.143,266.3751,117.4312,383.8063,1,0,0,383.8063,0,0,360.2099,1026.245,0.5131227,0.703027,0.3172331,0,250,0.3172331,2308.768,268.3915,0,5.962696,0,0,552.055,494.889,57.16602,612.3202,0,1234.926,0,-4.263256e-14,-2.452483e-13,4.263256e-14
mpc,2026-01-31 11:45:00,2543,11.75,32.84358,3689.481,48.97571,151.4316,255.7829,0,0,2582.637,2582.319,272.229,120.0119,392.2409,1,0,0,392.2409,0,0,359.9061,936.1073,0.4680536,0.6462116,0.3172331,0,250,0.3172331,2310.09,273.4905,0,0,0,0,556.938,498.1642,58.77381,0,618.1761,3399.969,0,0,1.761924e-13,4.263256e-14
mpc,2026-01-31 12:00:00,2544,12,33.25523,3702.354,49.79642,152.9106,259.4528,0,0,2591.648,2591.331,300.754,132.5871,433.3412,1,0,0,433.3412,0,0,353.5755,847.566,0.423783,0.589453,0.3172331,0,250,0.3172331,2290.577,300.7206,0,0,0,0,564.3925,498.8271,65.56536,0,631.4142,3472.778,0,0,-1.806333e-13,4.263256e-14
mpc,2026-01-31 12:15:00,2545,12.25,33.48254,3718.405,49.52611,154.1316,284.2549,0,0,2602.883,2602.566,329.9951,145.478,475.4731,1,0,0,475.4731,0,0,354.291,758.8598,0.3794299,0.5336999,0.3172331,0,250,0.3172331,2272.571,329.0938,0,0,0,0,569.9428,497.6156,72.32714,0,643.0937,3537.015,0,0,9.192647e-14,4.263256e-14
mpc,2026-01-31 12:30:00,2546,12.5,33.75504,3709.968,36.4277,151.0336,329.3545,0,0,2596.978,2596.661,347.0176,152.9824,500,1,0,0,500,0,0,355.0588,669.9756,0.3349878,0.4778429,0.3172331,0,250,0.3172331,2249.643,344.9798,0,0,0,0,572.4066,495.8496,76.55697,0,648.832,3568.576,0,0,9.836576e-14,4.263256e-14
mpc,2026-01-31 12:45:00,2547,12.75,33.92911,3803.737,39.12039,150.79,344.3974,0,0,2662.616,2662.299,399.5627,176.1468,575.7095,2,0,0,575.7095,0,0,354.2697,581.3027,0.2906514,0.4218738,0.3172331,0,250,0.3172331,2262.736,396.4146,0,0,0,0,589.3615,500.8494,88.51214,0,676.9962,3723.479,0,-2.842171e-14,9.031664e-14,4.263256e-14
mpc,2026-01-31 13:00:00,2548,13,34.36328,3788.583,40.48485,151.3782,373.8972,0,0,2652.008,2651.691,347.0176,152.9824,500,1,0,0,500,0,0,345.2004,494.9112,0.2474556,0.3660378,0.3172331,0,250,0.3172331,2304.673,342.5469,0,0,0,31.35027,593.2851,515.5823,77.70286,0,675.5781,3715.679,0,0,-8.765211e-14,4.263256e-14
mpc,2026-01-31 13:15:00,2549,13.25,34.57383,3790.212,36.36155,156.1223,400.9128,0,0,2653.148,2652.831,459.5265,202.5818,662.1084,4,0,0,662.1084,0,0,351.8758,406.8643,0.2034322,0.3116383,0.3172331,0,250,0.3172331,2193.304,452.4911,0,0,0,0,596.6315,493.2233,103.4082,0,695.8052,3826.928,0,-2.842171e-14,-2.031708e-14,4.263256e-14
mpc,2026-01-31 13:30:00,2550,13.5,34.73852,3779.292,39.9592,148.3971,415.9108,0,0,2645.505,2645.187,543.9503,232.1788,776.1291,3,64.06572,0,712.0634,0,0,293.4873,333.4284,0.1667142,0.2561965,0.3172331,0,250,0.3172331,2101.237,485.6927,0,0,0,0,597.3462,474.4524,122.8938,0,706.6312,3886.471,0,-1.136868e-13,4.796164e-14,4.263256e-14
mpc,2026-01-31 13:45:00,2551,13.75,34.7821,3789.479,36.79683,150.5388,439.0772,0,0,2652.635,2652.318,548.8309,235.4224,784.2533,4,54.88582,0,729.3675,0,0,292.5972,260.2266,0.1301133,0.209955,0.3172331,0,250,0.3172331,2103.487,497.2413,0,0,0,0,599.6054,475.4752,124.1302,0,710.8976,3909.937,0,-8.526513e-14,-6.045164e-14,4.263256e-14
mpc,2026-01-31 14:00:00,2552,14,35.14208,3796.266,36.8444,147.6548,458.176,0,1,2657.386,2657.069,1086.861,413.1385,1500,3,54.84171,292.1592,652.9991,0,500,0,385.1857,0.1925928,0.1638609,0.3172331,0,250,0.3172331,1570.207,443.2972,0,0,0,14.87878,606.1043,358.1375,247.9669,0,774.6695,4260.682,0,-1.136868e-13,-2.245426e-14,4.263256e-14
mpc,2026-01-31 14:15:00,2553,14.25,35.28689,3794.215,47.17716,151.6381,466.4372,0,1,2655.95,2655.633,581.4518,249.5249,830.9767,4,57.22664,0,773.7501,0,0,292.7425,311.9394,0.1559697,0.2425458,0.3172331,0,250,0.3172331,2074.181,524.3742,0,0,0,0,607.9857,474.8103,133.1754,0,724.3352,3983.843,0,0,4.246603e-15,4.263256e-14
mpc,2026-01-31 14:30:00,2554,14.5,35.48904,3819.543,42.47968,148.4649,476.3911,0,1,2673.68,2673.363,1087.014,412.9857,1500,3,56.69188,292.5171,650.7911,0,500,0,436.8903,0.2184452,0.1964237,0.3172331,0,250,0.3172331,1586.349,439.9918,0,0,0,36.39933,615.1758,364.9963,250.1795,0,786.357,4324.963,0,5.684342e-14,1.114941e-13,4.263256e-14
mpc,2026-01-31 14:45:00,2555,14.75,35.63471,3796.621,36.37183,145.3513,481.4949,1,1,2657.635,2657.317,1208.982,466.5965,1675.579,4,58.02501,292.036,825.5176,0,500,0,561.8215,0.2809108,0.2751034,0.3172331,0,250,0.3172331,1448.335,557.1603,0,0,0,0,613.7466,334.4745,279.2722,801.071,0,1602.142,0,0,2.53686e-13,4.263256e-14
mpc,2026-01-31 15:00:00,2556,15,35.79711,3805.778,49.314,144.3644,461.5441,1,1,2664.044,2663.727,1220.481,471.5912,1692.072,4,58.65134,291.6939,841.7265,0,500,0,686.7331,0.3433665,0.3537708,0.3172331,0,250,0.3172331,1443.247,567.0065,0,0,0,0,617.7755,334.68,283.0955,806.2712,0,1612.542,0,1.705303e-13,-1.655343e-13,4.263256e-14
mpc,2026-01-31 15:15:00,2557,15.25,35.71248,3744.969,61.26056,143.4499,450.9735,1,1,2621.478,2621.161,1220.687,470.7559,1691.443,4,66.43913,289.2835,835.7207,0,500,0,811.625,0.4058125,0.4324258,0.3172331,0,250,0.3172331,1400.473,563.5266,0,0,0,0,606.5952,324.0616,282.5336,794.8175,0,1589.635,0,5.684342e-14,-1.657563e-13,4.263256e-14
mpc,2026-01-31 15:30:00,2558,15.5,35.77291,3758.487,64.32573,146.6466,445.3317,1,1,2630.941,2630.624,1219.137,469.8944,1689.032,4,67.9369,284.2807,836.8142,0,500,0,936.4972,0.4682486,0.5110683,0.3172331,0,250,0.3172331,1411.486,563.8594,0,0,0,0,609.7227,327.1131,282.6096,797.0075,0,1594.015,0,-1.136868e-13,2.445821e-13,4.263256e-14
mpc,2026-01-31 15:45:00,2559,15.75,35.7808,3753.273,62.69615,144.2251,448.6167,1,1,2627.291,2626.974,1215.186,467.3329,1682.519,4,74.82495,280.4174,827.2763,0,500,0,1061.35,0.5306749,0.5896986,0.3172331,0,250,0.3172331,1411.788,557.3804,0,0,0,0,608.9993,327.2488,281.7505,794.5818,0,1589.164,0,-5.684342e-14,2.954303e-13,4.263256e-14
mpc,2026-01-31 16:00:00,2560,16,36.19912,3746.418,57.78194,141.8531,459.3584,1,1,2622.492,2622.175,1221.431,468.9483,1690.379,4,84.38962,280.4186,825.571,0,500,0,1186.183,0.5930914,0.6683164,0.3172331,0,250,0.3172331,1400.744,553.4686,0,0,0,0,614.4407,328.1894,286.2513,797.1377,0,1594.275,0,-5.684342e-14,-1.807443e-13,4.263256e-14
mpc,2026-01-31 16:15:00,2561,16.25,36.48886,3725.66,69.26178,137.744,476.9149,1,1,2607.962,2607.645,1234.103,472.6577,1706.761,4,100.1691,279.82,826.7718,0,500,0,1310.996,0.655498,0.7469219,0.3172331,0,250,0.3172331,1373.542,552.3572,0,0,0,0,615.6335,324.2372,291.3963,796.8949,0,1593.79,0,5.684342e-14,1.604272e-13,4.263256e-14
mpc,2026-01-31 16:30:00,2562,16.5,36.64128,3692.869,97.93845,138.8723,472.6211,1,1,2585.008,2584.691,1227.265,468.4711,1695.737,4,110.0227,277.8162,807.8976,0,500,0,1435.79,0.7178948,0.8255149,0.3172331,0,250,0.3172331,1357.426,538.7625,0,0,0,0,612.6397,321.7061,290.9336,790.1772,0,1580.354,0,5.684342e-14,-3.712586e-13,4.263256e-14
mpc,2026-01-31 16:45:00,2563,16.75,37.04233,3609.648,117.9963,136.3675,477.2491,1,1,2526.753,2526.436,639.4232,266.9585,906.3816,4,125.511,0,780.8706,0,0,275.3433,1366.728,0.6833639,0.9040957,0.3172331,0,250,0.3172331,1887.013,518.2336,0,0,0,0,605.1606,451.942,153.2186,718.9004,0,1437.801,0,5.684342e-14,9.203749e-14,4.263256e-14
mpc,2026-01-31 17:00:00,2564,17,37.26423,3585.67,153.342,138.4985,465.5107,1,1,2509.969,2509.652,633.5228,262.3809,895.9037,3,142.1249,0,753.7788,0,0,275.7937,1297.564,0.6487821,0.8606084,0.3172331,0,250,0.3172331,1876.129,498.9158,0,11.21709,0,0,604.6757,451.9775,152.6982,714.3584,0,1448.066,0,-5.684342e-14,3.925749e-13,4.263256e-14
mpc,2026-01-31 17:15:00,2565,17.25,37.1256,3570.675,172.5617,135.5641,463.7346,1,1,2499.472,2499.155,1203.666,451.4762,1655.142,4,165.4313,275.5044,714.2068,0,500,0,1422.36,0.71118,0.8170571,0.3172331,0,250,0.3172331,1295.489,473.5157,0,7.130402,0,0,599.9428,310.9533,288.9895,762.4294,0,1537.159,0,-1.705303e-13,4.286571e-13,4.263256e-14
mpc,2026-01-31 17:30:00,2566,17.5,36.98007,3541.031,194.5316,134.1833,434.5375,1,1,2478.722,2478.405,629.9435,254.9724,884.916,3,191.138,0,693.778,0,0,272.0356,1354.127,0.6770635,0.8956392,0.3172331,0,250,0.3172331,1848.461,460.7792,0,3.393639,0,0,592.6848,441.9837,150.7011,696.9562,0,1399.766,0,0,-3.358425e-13,4.263256e-14
mpc,2026-01-31 17:45:00,2567,17.75,37.02163,3544.367,214.6061,132.8279,420.8302,1,1,2481.057,2480.74,617.5446,244.874,862.4186,4,230.0791,0,632.3394,0,0,266.0126,1287.411,0.6437054,0.852674,0.3172331,0,250,0.3172331,1863.195,419.764,0,0,0,1.066233,593.8922,445.9942,147.898,691.1235,0,1382.247,0,-8.526513e-14,1.869616e-13,4.263256e-14
mpc,2026-01-31 18:00:00,2568,18,37.0015,3522.409,236.3724,3.973151,394.8844,1,1,2465.686,2465.369,1014.435,355.4726,1369.908,4,271.1921,4.302793,594.4129,0,500,0,1412.208,0.7061041,0.8106637,0.3172331,0,250,0.3172331,1450.934,394.683,0,0,0,0.2013503,589.9004,347.1271,242.7733,702.6478,0,1405.296,0,-1.136868e-13,-7.571721e-14,4.263256e-14
mpc,2026-01-31 18:15:00,2569,18.25,37.00082,3524.834,258.237,0,374.6556,1,1,2467.384,2467.067,1007.169,348.2027,1355.372,4,305.3773,0.9342415,549.0602,0,500,0,1536.986,0.7684929,0.8892467,0.3172331,0,250,0.3172331,1459.898,364.5724,0,0,0,10.0832,590.296,349.2654,241.0306,699.8804,0,1399.761,0,5.684342e-14,-1.767475e-13,4.263256e-14
mpc,2026-01-31 18:30:00,2570,18.5,36.84797,3493.35,288.4248,0,358.9676,0,0,2445.345,2445.028,347.0176,152.9824,500,1,0,0,500,0,0,340.5245,1451.613,0.7258064,0.9678174,0.3172331,0,250,0.3172331,2098.01,332.6081,0,0,0,26.35946,582.6796,499.9162,82.76335,0,659.1796,3625.488,0,0,-8.315571e-14,4.263256e-14
mpc,2026-01-31 18:45:00,2571,18.75,37.02714,3492.13,340.1975,1.994949,364.3276,0,0,2444.491,2444.174,347.514,152.486,500,1,6.012824,0,493.9872,0,0,348.7524,1364.196,0.6820981,0.9140593,0.3172331,0,250,0.3172331,2096.66,327.9002,0,0,0.1949529,36.42735,585.2245,501.9518,83.2727,0,663.1587,3647.709,0,0,8.071321e-14,4.263256e-14
mpc,2026-01-31 19:00:00,2572,19,36.9007,3477.861,372.7478,1.968544,317.2244,0,0,2434.503,2434.186,318.3856,140.36,458.7455,1,0,0,458.7455,0,0,379.235,1269.173,0.6345863,0.8590143,0.3172331,0,250,0.3172331,2115.8,304.9715,0,0,0,12.25291,580.899,504.853,76.04597,0,648.1367,3564.752,0,-2.842171e-14,7.538414e-14,4.263256e-14
mpc,2026-01-31 19:15:00,2573,19.25,36.95023,3456.68,387.5374,0,291.8423,0,0,2419.676,2419.359,291.6767,128.5854,420.2621,1,0,0,420.2621,0,0,394.9633,1170.232,0.585116,0.7991794,0.3172331,0,250,0.3172331,2127.682,279.2213,0,0,0,12.62099,578.1127,508.349,69.76363,0,639.9498,3519.724,0,-2.842171e-14,3.111955e-13,4.263256e-14
mpc,2026-01-31 19:30:00,2574,19.5,37.02612,3411.365,394.0146,0,259.7945,0,0,2387.955,2387.638,256.5292,113.0907,369.6199,1,0,0,369.6199,0,0,395.3375,1071.213,0.5356067,0.7368779,0.3172331,0,250,0.3172331,2131.109,245.3504,0,0.1063204,0,14.44411,571.6741,510.1853,61.48879,0,626.7339,3447.22,0,-1.421086e-14,-9.725554e-14,4.263256e-14
mpc,2026-01-31 19:45:00,2575,19.75,36.81838,3435.712,399.2708,0,247.3147,0,0,2404.998,2404.681,234.6318,103.4372,338.069,2,0,0,338.069,0,0,399.9307,971.0621,0.4855311,0.6745274,0.3172331,0,250,0.3172331,2170.049,224.969,0,3.46675,0,22.3457,572.6217,516.6812,55.94055,0,625.4388,3445.894,0,-2.842171e-14,1.879608e-13,4.263256e-14
mpc,2026-01-31 20:00:00,2576,20,36.74846,3408.457,391.9697,0,217.7584,0,0,2385.92,2385.603,214.9347,94.75374,309.6884,1,0,0,309.6884,0,0,385.5858,874.5128,0.4372564,0.6114636,0.3172331,0,250,0.3172331,2170.668,206.2563,0,7.171663,0,11.50209,567.0408,515.8837,51.15704,0,613.3711,3385.912,0,-1.421086e-14,-5.284662e-14,4.263256e-14
mpc,2026-01-31 20:15:00,2577,20.25,36.79587,3361.587,361.0691,0,219.538,0,0,2353.111,2352.794,201.2963,88.74127,290.0375,1,0,0,290.0375,0,0,363.9865,783.3785,0.3916892,0.5506679,0.3172331,0,250,0.3172331,2151.498,193.0586,0,0,0,26.47946,559.9373,511.9621,47.97518,0,607.0044,3338.524,0,-1.421086e-14,4.007905e-14,4.263256e-14
mpc,2026-01-31 20:30:00,2578,20.5,36.80968,3389.111,330.5947,0,191.0561,0,0,2372.378,2372.06,301.5333,115.2677,416.801,1,148.48,0,268.3211,0,0,194.6948,734.5815,0.3672907,0.493282,0.3172331,0,250,0.3172331,2070.527,178.5737,0,0,0,12.48241,564.7261,492.8729,71.85319,0,611.1119,3361.115,0,-2.842171e-14,1.229017e-13,4.263256e-14
mpc,2026-01-31 20:45:00,2579,20.75,36.71665,3351.587,292.4191,0,201.0257,0,0,2346.111,2345.794,160.3453,70.68806,231.0333,1,0,0,231.0333,0,0,312.0623,656.4503,0.3282251,0.4625552,0.3172331,0,250,0.3172331,2185.448,153.9298,0,0,0,47.09591,557.1163,518.9648,38.15152,0,600.8364,3304.6,0,-2.842171e-14,-8.237855e-14,4.263256e-14
mpc,2026-01-31 21:00:00,2580,21,36.57028,3318.364,258.8132,0,183.8451,0,0,2322.855,2322.538,156.1862,68.85454,225.0407,1,0,0,225.0407,0,0,276.6843,587.1758,0.2935879,0.4133571,0.3172331,0,250,0.3172331,2166.351,150.2007,0,0,0,33.64439,549.4931,512.4707,37.02235,0,589.2841,3241.063,0,0,-5.107026e-15,4.263256e-14
mpc,2026-01-31 21:15:00,2581,21.25,36.36574,3317.54,236.6111,0,160.9653,0,0,2322.278,2321.961,149.1727,65.76265,214.9353,1,0,0,214.9353,0,0,240.16,527.0434,0.2635217,0.369736,0.3172331,0,250,0.3172331,2172.788,143.8077,0,0,0,17.15763,546.4481,511.2721,35.17602,0,581.0721,3195.896,0,0,-1.246225e-13,4.263256e-14
mpc,2026-01-31 21:30:00,2582,21.5,36.30625,3273.348,203.0225,0,143.5984,0,0,2291.344,2291.026,130.4102,57.49122,187.9014,1,0,0,187.9014,0,0,207.9467,474.9738,0.2374869,0.3318715,0.3172331,0,250,0.3172331,2160.616,125.8094,0,0,0,17.78896,538.3401,507.6263,30.71378,0,569.2969,3131.133,0,-7.105427e-15,1.045275e-13,4.263256e-14
mpc,2026-01-31 21:45:00,2583,21.75,36.14661,3256.646,169.5302,0,110.2666,0,0,2279.652,2279.335,118.7262,52.34032,171.0665,1,0,0,171.0665,0,0,189.025,427.6427,0.2138214,0.299084,0.3172331,0,250,0.3172331,2160.609,114.7561,0,0,0,0,533.3926,505.5388,27.85375,0,557.8791,3068.335,0,0,-4.624079e-14,4.263256e-14
mpc,2026-01-31 22:00:00,2584,22,35.91868,3212.085,135.8653,0,83.98503,0,0,2248.459,2248.142,105.4891,46.50476,151.9938,1,0,0,151.9938,0,0,164.5293,386.4431,0.1932215,0.2692804,0.3172331,0,250,0.3172331,2142.653,102.2387,0,0,0,0,523.0259,498.4137,24.61215,0,544.9185,2997.052,0,0,-2.553513e-14,4.263256e-14
mpc,2026-01-31 22:15:00,2585,22.25,35.60643,3172.623,103.7684,0,79.36287,0,0,2220.836,2220.519,0,0,0,0,0,0,0,0,0,130.8613,353.6669,0.1768335,0.2433376,0.3172331,0,250,0.3172331,2220.519,0,0,0,0,79.36287,512.5055,512.4323,0.07320833,0,530.747,2919.109,0,0,3.533285e-14,4.263256e-14
mpc,2026-01-31 22:30:00,2586,22.5,35.1753,3189.491,102.3769,0,82.86262,0,0,2232.644,2232.327,0,0,0,0,0,0,0,0,0,113.3832,325.2655,0.1626327,0.2226989,0.3172331,0,250,0.3172331,2232.327,0,0,0,0,82.86262,509.6526,509.5802,0.07241578,0,528.4955,2906.725,0,0,-4.968248e-15,4.263256e-14
mpc,2026-01-31 22:45:00,2587,22.75,34.89572,3196.819,81.4398,0,74.33226,0,0,2237.773,2237.456,0,0,0,0,0,0,0,0,0,98.71506,300.5355,0.1502678,0.2048149,0.3172331,0,250,0.3172331,2237.456,0,0,0,0,74.33226,507.2625,507.1905,0.07191096,0,524.0403,2882.222,0,0,-2.539635e-14,4.263256e-14
mpc,2026-01-31 23:00:00,2588,23,34.87812,3240.279,68.428,0,78.02216,0,0,2268.195,2267.878,0,0,0,0,0,0,0,0,0,76.01745,281.4838,0.1407419,0.1892428,0.3172331,0,250,0.3172331,2267.878,0,0,0,0,78.02216,513.9329,513.861,0.0718794,0,531.5395,2923.467,0,0,4.571343e-14,4.263256e-14
mpc,2026-01-31 23:15:00,2589,23.25,34.54942,3288.747,71.25809,0,73.92322,0,0,2302.123,2301.805,0,0,0,0,0,0,0,0,0,65.00952,265.1871,0.1325936,0.1772462,0.3172331,0,250,0.3172331,2301.805,0,0,7.471533,0,73.92322,517.3816,517.3103,0.07129531,0,533.9239,2949.47,0,0,3.275158e-14,4.263256e-14
mpc,2026-01-31 23:30:00,2590,23.5,34.20013,3286.683,76.88469,0,54.29314,1,1,2300.678,2300.361,388.2967,111.7033,500,1,56.46689,0.02172895,0,0,443.5114,0,376.0232,0.1880116,0.1669845,0.3172331,0,250,0.3172331,1912.064,0,0,20.4178,0,54.29314,512.6303,426.0405,86.58982,549.8413,0,1134.903,0,1.421086e-14,7.382983e-15,4.263256e-14
mpc,2026-01-31 23:45:00,2591,23.75,33.90423,3288.101,65.34514,0,34.10352,1,1,2301.671,2301.353,431.3486,124.3975,555.7461,3,52.81369,2.932447,0,0,500,0,500.964,0.250482,0.2367763,0.3172331,0,250,0.3172331,1870.005,0,0,12.53145,0,34.10352,509.1589,413.6689,95.48999,545.6105,0,1112.838,0,1.421086e-14,-5.237477e-14,4.263256e-14
mpc,2026-02-01 00:00:00,2592,0,33.61357,3246.749,69.14349,0,30.26159,1,1,2272.725,2272.407,388.1387,111.8613,500,1,56.53626,1.935628,0,0,441.5281,0,611.2672,0.3056336,0.3154497,0.3172331,0,250,0.3172331,1884.269,0,0,12.60723,0,30.26159,499.2249,413.8969,85.32791,532.4055,0,1086.559,0,0,-1.749711e-13,4.263256e-14
mpc,2026-02-01 00:15:00,2593,0.25,33.28059,3232.51,83.37648,0,11.45107,1,1,2262.757,2262.44,432.0359,124.4771,556.513,2,54.69121,1.821786,0,0,500,0,736.171,0.3680855,0.384906,0.3172331,0,250,0.3172331,1830.404,0,0,28.68527,0,11.45107,493.0683,398.856,94.21233,525.8283,0,1101.139,0,0,-1.302292e-13,4.263256e-14
mpc,2026-02-01 00:30:00,2594,0.5,33.10838,3235.283,86.66861,0,38.32589,1,1,2264.698,2264.381,388.2052,111.7948,500,1,51.08966,1.129647,0,0,447.7807,0,848.0003,0.4240001,0.4635561,0.3172331,0,250,0.3172331,1876.176,0,0,35.57896,0,38.32589,491.4627,407.1493,84.31333,527.2612,0,1115.896,0,2.842171e-14,-1.799672e-13,4.263256e-14
mpc,2026-02-01 00:45:00,2595,0.75,32.8981,3260.405,72.30291,0,38.69148,1,1,2282.284,2281.966,427.1462,122.9451,550.0913,2,49.4494,0.641905,0,0,500,0,972.8668,0.4864334,0.5339733,0.3172331,0,250,0.3172331,1854.82,0,0,22.85351,0,38.69148,492.8051,400.5045,92.30061,531.804,0,1103.03,0,2.842171e-14,-2.353673e-14,4.263256e-14
mpc,2026-02-01 01:00:00,2596,1,32.80414,3270.489,74.66147,0,47.56461,1,1,2289.342,2289.025,388.1758,111.8242,500,1,57.63485,1.485577,0,0,440.8796,0,1082.934,0.5414668,0.6126,0.3172331,0,250,0.3172331,1900.849,0,0,17.02662,0,47.56461,493.2285,409.5294,83.69908,531.6012,0,1092.573,0,-7.105427e-14,-3.297362e-13,4.263256e-14
mpc,2026-02-01 01:15:00,2597,1.25,32.63889,3257.878,61.98805,0,52.60395,1,1,2280.515,2280.197,461.9793,138.0207,600,4,51.80775,4.92901,43.26324,0,500,0,1207.763,0.6038815,0.6819074,0.3172331,0,250,0.3172331,1818.218,30.2362,0,10.1803,0,22.36775,489.41,390.1988,99.21118,533.0197,0,1083.601,0,-5.684342e-14,-1.912914e-13,4.263256e-14
mpc,2026-02-01 01:30:00,2598,1.5,32.42617,3247.135,57.61342,0,62.14309,1,1,2272.994,2272.677,433.5677,125.0992,558.667,2,55.13828,3.528689,0,0,500,0,1332.573,0.6662865,0.7605107,0.3172331,0,250,0.3172331,1839.109,0,0,2.475137,0,62.14309,485.3588,392.7101,92.64866,531.0789,0,1066.428,0,-8.526513e-14,5.218048e-15,4.263256e-14
mpc,2026-02-01 01:45:00,2599,1.75,31.92409,3221.798,58.4524,3.596331,69.22905,1,1,2255.258,2254.941,462.2818,137.7182,600,4,55.47097,5.106855,39.42217,0,500,0,1457.363,0.7286816,0.8391016,0.3172331,0,250,0.3172331,1792.659,27.77715,0,2.98143,0,41.4519,475.9586,378.3299,97.62872,524.7963,0,1054.736,0,2.842171e-14,-3.802514e-13,4.263256e-14
mpc,2026-02-01 02:00:00,2600,2,31.73476,3185.867,50.38844,3.118582,73.58057,1,1,2230.107,2229.789,388.0952,111.9048,500,1,53.61301,2.461518,0,0,443.9255,0,1568.115,0.7840575,0.9176802,0.3172331,0,250,0.3172331,1841.694,0,0,0,0.6570643,73.58057,468.5909,386.9776,81.61338,514.3431,0,1029.82,0,-7.105427e-14,3.538281e-13,4.263256e-14
mpc,2026-02-01 02:15:00,2601,2.25,31.44497,3173.283,39.89253,8.271169,69.74044,1,1,2221.298,2220.981,428.1717,123.4435,551.6152,2,49.06037,2.554842,0,0,500,0,1692.868,0.8464341,0.9874191,0.3172331,0,250,0.3172331,1792.809,0,0,0,5.716327,69.74044,463.6345,374.1993,89.43524,512.1992,0,1034.259,0,1.421086e-14,4.214407e-13,4.263256e-14
mpc,2026-02-01 02:30:00,2602,2.5,31.3928,3185.874,39.74745,0,66.78694,1,1,2230.112,2229.794,111.0555,38.94449,150,1,50.94869,2.061758,63.75605,0,33.23351,0,1700.91,0.8504551,1.065974,0.3172331,0,250,0.3172331,2118.739,45.19396,0,0,0,21.59298,464.9173,441.6991,23.21817,485.1452,0,970.2903,0,0,-2.124967e-13,4.263256e-14
mpc,2026-02-01 02:45:00,2603,2.75,31.22009,3204.15,51.93173,0,53.55394,1,1,2242.905,2242.588,346.6861,103.3139,450,3,52.10666,4.021925,29.68051,0,364.1909,0,1791.69,0.895845,1.071038,0.3172331,0,250,0.3172331,1895.901,21.08027,0,0,0,32.47367,465.7398,393.6844,72.05533,503.7415,0,1007.483,0,5.684342e-14,1.150191e-13,4.263256e-14
mpc,2026-02-01 03:00:00,2604,3,30.95149,3207.946,58.73595,0,40.58389,1,1,2245.562,2245.245,386.6142,111.4763,498.0905,1,61.28382,2.438764,0,0,434.3679,0,1900,0.95,1.128201,0.3172331,0,250,0.3172331,1858.631,0,0,0,0,40.58389,463.4481,383.5917,79.85646,503.4438,0,1006.888,0,0,1.421086e-14,4.263256e-14
mpc,2026-02-01 03:15:00,2605,3.25,30.72653,3225.177,62.8572,0,46.62244,1,1,2257.624,2257.307,0,0,0,0,0,0,0,0,0,65.80685,1883.249,0.9416246,1.196402,0.3172331,0,250,0.3172331,2257.307,0,0,0,0,46.62244,463.57,463.5048,0.06513917,473.0781,0,946.1561,0,0,-3.381739e-13,4.263256e-14
mpc,2026-02-01 03:30:00,2606,3.5,30.43132,3279.795,62.39311,0.7540972,52.11123,1,1,2295.856,2295.539,115.1892,34.81083,150,1,66.06068,0.1653073,15.58491,0,68.1891,0,1900,0.95,1.185854,0.3172331,0,250,0.3172331,2180.35,11.16736,0,0,0.5887899,40.94387,468.298,444.7376,23.56045,487.8999,0,976.8155,0,0,-2.813305e-13,4.263256e-14
mpc,2026-02-01 03:45:00,2607,3.75,30.23832,3282.764,69.7417,0,22.64022,1,1,2297.935,2297.618,0,0,0,0,0,0,0,0,0,69.35008,1882.363,0.9411817,1.196402,0.3172331,0,250,0.3172331,2297.618,0,0,0.3916199,0,22.64022,466.701,466.6365,0.06442871,471.2347,0,943.1449,0,0,4.463097e-14,4.263256e-14
mpc,2026-02-01 04:00:00,2608,4,30.17388,3272.63,75.78256,0,26.24865,1,1,2290.841,2290.524,116.2786,33.72142,150,1,75.71306,0.03696911,2.518195,0,71.73178,0,1900,0.95,1.185297,0.3172331,0,250,0.3172331,2174.245,1.809597,0,0.06950446,0,24.43906,464.5913,440.9453,23.64608,479.623,0,959.3659,0,0,1.19682e-13,4.263256e-14
mpc,2026-02-01 04:15:00,2609,4.25,30.23689,3270.985,85.4482,0,35.30363,1,1,2289.689,2289.372,0,0,0,0,0,0,0,0,0,90.55749,1877.062,0.9385308,1.196402,0.3172331,0,250,0.3172331,2289.372,0,0,0,0,35.30363,465.0114,464.9469,0.06442664,472.1167,0,944.2334,0,0,-3.996803e-14,4.263256e-14
mpc,2026-02-01 04:30:00,2610,4.5,30.22811,3221.161,95.45368,3.456902,31.65632,1,1,2254.812,2254.495,154.5678,44.63683,199.2047,1,104.647,1.621771,0,0,92.93585,0,1900,0.95,1.181958,0.3172331,0,250,0.3172331,2099.927,0,0,0,1.835131,31.65632,457.8386,426.3892,31.44934,477.4538,0,958.0733,0,0,1.358913e-13,4.263256e-14
mpc,2026-02-01 04:45:00,2611,4.75,30.27256,3250.455,114.1571,4.830777,18.62602,1,1,2275.318,2275.001,0,0,0,0,0,0,0,0,0,122.4934,1869.078,0.9345388,1.196402,0.3172331,0,250,0.3172331,2275.001,0,0,0,4.511634,18.62602,462.4614,462.3969,0.06447803,466.1826,0,940.1478,0,0,-1.74305e-13,4.263256e-14
mpc,2026-02-01 05:00:00,2612,5,30.34283,3267.087,142.9147,7.078167,42.66503,1,1,2286.961,2286.644,116.4501,33.54995,150,1,140.0182,0.4783472,0,0,9.503446,0,1871.159,0.9355796,1.176931,0.3172331,0,250,0.3172331,2170.194,0,0,2.896483,6.59982,42.66503,465.5591,441.7887,23.77044,484.024,0,984.4292,0,-1.421086e-14,3.159695e-13,4.263256e-14
mpc,2026-02-01 05:15:00,2613,5.25,30.27047,3282.732,189.8108,3.584916,27.91794,1,1,2297.912,2297.595,137.7855,39.63805,177.4236,1,177.4104,0.01313235,0,0,0,0,1870.865,0.9354323,1.178241,0.3172331,0,250,0.3172331,2159.81,0,0,12.40033,3.571784,27.91794,467.0319,438.9636,28.06825,484.2758,0,996.1034,0,-2.131628e-14,5.262457e-14,4.263256e-14
mpc,2026-02-01 05:30:00,2614,5.5,30.44689,3267.608,237.9611,5.566434,64.2562,1,1,2287.326,2287.008,0,0,0,0,0,0,0,0,0,223.8651,1814.604,0.9073019,1.178056,0.3172331,0,250,0.3172331,2287.008,0,0,14.31738,5.345058,64.2562,466.721,466.6562,0.06473032,479.7675,0,993.4527,0,0,1.065814e-13,4.263256e-14
mpc,2026-02-01 05:45:00,2615,5.75,30.27303,3259.961,290.1148,7.808975,45.61029,1,1,2281.973,2281.655,0,0,0,0,0,0,0,0,0,281.2146,1744.014,0.8720073,1.142629,0.3172331,0,250,0.3172331,2281.655,0,0,12.411,4.298168,45.61029,463.8187,463.7542,0.0644787,473.0247,0,974.8727,0,0,-5.728751e-14,4.263256e-14
mpc,2026-02-01 06:00:00,2616,6,30.31076,3240.49,309.9228,1.879851,40.39522,1,1,2268.343,2268.026,0,0,0,0,0,0,0,0,0,324.938,1662.505,0.8312527,1.09818,0.3172331,0,250,0.3172331,2268.026,0,0,0,0,40.39522,461.4377,461.3731,0.06453314,469.5905,0,939.181,0,0,3.670397e-13,4.263256e-14
mpc,2026-02-01 06:15:00,2617,6.25,30.2809,3265.709,356.3279,4.428343,55.62047,1,1,2285.997,2285.679,0,0,0,0,0,0,0,0,0,367.1008,1570.469,0.7852343,1.046855,0.3172331,0,250,0.3172331,2285.679,0,0,0,0.0938827,55.62047,464.7184,464.6539,0.06449005,475.9609,0,952.0838,0,0,-1.152412e-13,4.263256e-14
mpc,2026-02-01 06:30:00,2618,6.5,30.08177,3362.224,388.2105,3.803177,61.19752,1,1,2353.557,2353.24,0,0,0,0,0,0,0,0,0,396.6826,1471.051,0.7355253,0.988901,0.3172331,0,250,0.3172331,2353.24,0,0,0,3.703269,61.19752,476.3316,476.2674,0.06420416,488.6531,0,983.6943,0,0,-4.551914e-13,4.263256e-14
mpc,2026-02-01 06:45:00,2619,6.75,30.37424,3379.541,390.5529,9.437494,62.34979,1,1,2365.678,2365.361,0,0,0,0,0,0,0,0,0,418.511,1366.191,0.6830957,0.9262991,0.3172331,0,250,0.3172331,2365.361,0,0,0,9.414177,62.34979,481.9227,481.8581,0.06462494,494.5596,0,1005.359,0,0,-4.193312e-13,4.263256e-14
mpc,2026-02-01 07:00:00,2620,7,30.20431,3438.456,401.9297,6.285761,63.69971,1,1,2406.919,2406.602,673.7984,193.8444,867.6428,3,422.2249,0.1256756,0,0,445.2922,0,1477.299,0.7386497,0.8602707,0.3172331,0,250,0.3172331,1732.804,0,0,0,6.160085,63.69971,488.4641,351.658,136.8061,558.4298,0,1127.486,0,-5.684342e-14,-1.978417e-13,4.263256e-14
mpc,2026-02-01 07:15:00,2621,7.25,30.40346,3414.227,406.632,3.552203,84.02942,1,1,2389.959,2389.642,712.3525,205.0769,917.4294,4,415.9716,1.457823,0,0,500,0,1602.067,0.8010334,0.9302338,0.3172331,0,250,0.3172331,1677.289,0,0,0,2.09438,84.02942,487.1879,341.9117,145.2762,564.1179,0,1131.849,0,-5.684342e-14,5.528911e-14,4.263256e-14
mpc,2026-02-01 07:30:00,2622,7.5,30.76009,3423.387,388.6438,0,78.68576,1,1,2396.371,2396.053,311.209,89.80256,401.0116,1,398.4033,2.608297,0,0,0,0,1601.815,0.8009073,1.008798,0.3172331,0,250,0.3172331,2084.844,0,0,0,0,78.68576,492.433,428.4171,64.01589,534.3889,0,1068.778,0,-4.263256e-14,-1.94067e-13,4.263256e-14
mpc,2026-02-01 07:45:00,2623,7.75,30.86855,3457.298,356.8744,3.286444,75.83352,1,1,2420.108,2419.791,289.3194,83.91973,373.2392,1,366.7354,6.503743,0,0,0,0,1601.562,0.8007812,1.008639,0.3172331,0,250,0.3172331,2130.472,0,0,0,0,75.83352,498.533,438.8689,59.66404,538.4101,0,1076.82,0,-5.684342e-14,-5.373479e-14,4.263256e-14
mpc,2026-02-01 08:00:00,2624,8,31.0031,3492.957,317.6494,0,90.63629,1,1,2445.07,2444.753,116.4895,33.51046,150,1,150,0,0,0,0,381.5871,1505.914,0.7529568,1.00848,0.3172331,0,250,0.3172331,2328.263,0,0,0,0,90.63629,505.2154,481.08,24.13533,533.3183,0,1066.637,0,-1.421086e-14,4.23217e-13,4.263256e-14
mpc,2026-02-01 08:15:00,2625,8.25,30.91966,3447.351,277.551,0,111.4792,1,1,2413.146,2412.828,232.432,67.56804,300,2,293.3732,0,6.626754,0,0,199.0792,1455.907,0.7279533,0.9482517,0.3172331,0,250,0.3172331,2180.396,4.722508,0,0,0,106.7567,497.6752,449.6741,48.00104,539.2591,0,1078.518,0,-1.421086e-14,-2.102762e-13,4.263256e-14
mpc,2026-02-01 08:30:00,2626,8.5,31.06722,3448.431,229.2509,0,104.7601,1,1,2413.902,2413.585,116.4895,33.51046,150,1,150,0,0,0,0,299.666,1380.761,0.6903805,0.9167631,0.3172331,0,250,0.3172331,2297.095,0,0,0,0,104.7601,499.5031,475.3326,24.17056,530.5208,0,1061.042,0,-1.421086e-14,-1.387779e-14,4.263256e-14
mpc,2026-02-01 08:45:00,2627,8.75,31.44844,3491.633,185.1217,0,106.3436,1,1,2444.143,2443.826,116.4895,33.51046,150,1,150,0,0,0,0,252.8075,1317.342,0.6586709,0.869445,0.3172331,0,250,0.3172331,2327.336,0,0,0,0,106.3436,510.188,485.8059,24.38213,541.5144,0,1083.029,0,-1.421086e-14,-2.839951e-13,4.263256e-14
mpc,2026-02-01 09:00:00,2628,9,31.58162,3547.689,143.8302,0,103.9357,1,1,2483.382,2483.065,116.4895,33.51046,150,1,150,0,0,0,0,227.6189,1260.23,0.6301148,0.8295108,0.3172331,0,250,0.3172331,2366.575,0,0,0,0,103.9357,519.9687,495.5118,24.45692,550.7843,0,1101.569,0,-1.421086e-14,3.785861e-14,4.263256e-14
mpc,2026-02-01 09:15:00,2629,9.25,31.66746,3535.249,127.3215,0,105.2562,1,1,2474.675,2474.357,115.1387,34.86127,150,1,133.6388,0,16.36118,0,0,205.084,1208.76,0.6043801,0.7935481,0.3172331,0,250,0.3172331,2359.218,11.5618,0,0,0,93.69437,519.172,494.95,24.22198,549.4678,0,1098.936,0,0,4.37872e-13,4.263256e-14
mpc,2026-02-01 09:30:00,2630,9.5,31.59035,3526.242,106.9367,0,99.12645,1,1,2468.37,2468.052,113.4175,36.58249,150,1,112.7911,0,37.20893,0,0,206.0374,1157.061,0.5785303,0.7611386,0.3172331,0,250,0.3172331,2354.635,26.31703,0,0,0,72.80943,516.9294,493.1109,23.81849,544.9413,0,1089.882,0,0,-2.969847e-13,4.263256e-14
mpc,2026-02-01 09:45:00,2631,9.75,31.99448,3506.373,78.83599,2.062227,108.2883,1,1,2454.461,2454.144,0,0,0,0,0,0,0,0,0,302.2248,1081.322,0.5406611,0.7285841,0.3172331,0,250,0.3172331,2454.144,0,0,0,0,108.2883,518.8469,518.7798,0.06705969,541.6708,0,1083.342,0,0,3.643752e-13,4.263256e-14
mpc,2026-02-01 10:00:00,2632,10,32.28998,3527.732,57.99578,0,118.8442,1,1,2469.413,2469.095,110.9763,39.02369,150,1,83.22298,0,66.77702,0,0,209.354,1028.813,0.5144068,0.6808928,0.3172331,0,250,0.3172331,2358.119,46.85611,0,0,0,71.98811,525.6191,501.9301,23.68904,556.2766,0,1112.553,0,0,2.551293e-13,4.263256e-14
mpc,2026-02-01 10:15:00,2633,10.25,32.49838,3533.129,59.19932,5.702614,151.4898,1,1,2473.19,2472.873,109.9795,40.02048,150,1,71.14971,0,78.85029,0,0,205.4695,977.2842,0.4886421,0.6478288,0.3172331,0,250,0.3172331,2362.894,55.19623,0,0,0,96.29353,529.0045,505.4125,23.59199,566.0298,0,1132.06,0,0,-2.011724e-13,4.263256e-14
mpc,2026-02-01 10:30:00,2634,10.5,32.88766,3605.233,56.77647,7.560125,181.3513,1,1,2523.663,2523.346,0,0,0,0,0,0,0,0,0,271.3207,909.3002,0.4546501,0.6153815,0.3172331,0,250,0.3172331,2523.346,0,0,0,0,181.3513,544.7903,544.7218,0.068482,583.8706,0,1167.741,0,0,1.002531e-13,4.263256e-14
mpc,2026-02-01 10:45:00,2635,10.75,33.07474,3658.542,43.70217,2.737475,197.9398,1,1,2560.979,2560.662,513.1624,170.3635,683.5258,4,62.45266,213.921,0,0,407.1522,0,1010.945,0.5054725,0.572573,0.3172331,0,250,0.3172331,2047.499,0,0,0,0,197.9398,555.3127,443.9718,111.3409,657.2558,0,1314.512,0,0,-2.553513e-13,4.263256e-14
mpc,2026-02-01 11:00:00,2636,11,33.29175,3672.258,32.38576,0,199.6669,0,0,2570.581,2570.263,0,0,0,0,0,0,0,0,0,275.068,942.0189,0.4710095,0.6365773,0.3172331,0,250,0.3172331,2570.263,0,0,0,0,199.6669,560.2948,560.2256,0.06914549,0,603.7459,3320.602,0,0,2.032818e-13,4.263256e-14
mpc,2026-02-01 11:15:00,2637,11.25,33.83116,3716.334,23.41122,0,238.3723,0,0,2601.434,2601.117,0,0,0,0,0,0,0,0,0,276.9091,872.6434,0.4363217,0.5931755,0.3172331,0,250,0.3172331,2601.117,0,0,0,0,238.3723,574.449,574.3789,0.07005145,0,627.0163,3448.59,0,0,-4.796164e-14,4.263256e-14
mpc,2026-02-01 11:30:00,2638,11.5,33.97487,3738.554,40.46855,0,247.8455,0,0,2616.988,2616.671,0,0,0,0,0,0,0,0,0,285.0091,801.2537,0.4006268,0.5494907,0.3172331,0,250,0.3172331,2616.671,0,0,0,0,247.8455,579.9079,579.8376,0.07029683,0,634.7586,3491.172,0,0,-1.350031e-13,4.263256e-14
mpc,2026-02-01 11:45:00,2639,11.75,34.2746,3740.209,52.79324,3.901485,280.7201,0,0,2618.146,2617.829,0,0,0,0,0,0,0,0,0,273.5011,732.7523,0.3663762,0.5045377,0.3172331,0,250,0.3172331,2617.829,0,0,0,0,280.7201,584.4344,584.3636,0.07081421,0,647.0272,3558.65,0,0,8.11573e-14,4.263256e-14
mpc,2026-02-01 12:00:00,2640,12,34.56395,3761.179,59.19931,10.32418,315.2676,0,0,2632.825,2632.508,0,0,0,0,0,0,0,0,0,271.8081,664.6849,0.3323425,0.4614034,0.3172331,0,250,0.3172331,2632.508,0,0,7.624463,0,315.2676,591.9168,591.8455,0.07132095,0,662.7246,3658.137,0,0,2.017275e-13,4.263256e-14
mpc,2026-02-01 12:15:00,2641,12.25,34.83425,3779.709,52.13587,8.853874,327.4438,0,0,2645.797,2645.479,304.8939,134.4122,439.3062,2,0,0,439.3062,0,0,272.7198,596.4004,0.2982002,0.4185424,0.3172331,0,250,0.3172331,2340.586,299.3107,0,0.4693089,0,28.13309,598.836,529.7561,69.07992,0,670.5358,3688.756,0,0,2.347567e-13,4.263256e-14
mpc,2026-02-01 12:30:00,2642,12.5,35.08917,3776.908,45.50705,10.34237,353.8924,0,0,2643.836,2643.518,344.6969,151.9593,496.6562,1,0,0,496.6562,0,0,264.1406,530.2713,0.2651357,0.3755446,0.3172331,0,250,0.3172331,2298.822,337.3719,0,0,0,16.52044,602.2142,523.6267,78.58749,0,679.3491,3736.42,0,-2.842171e-14,1.338929e-13,4.263256e-14
mpc,2026-02-01 12:45:00,2643,12.75,35.16898,3758.237,41.58626,6.084086,384.8742,0,0,2630.766,2630.448,370.6593,163.4048,534.0641,2,0,0,534.0641,0,0,265.2772,463.8685,0.2319343,0.3339041,0.3172331,0,250,0.3172331,2259.789,362.4416,0,0,0,22.4326,600.4378,515.7673,84.67053,0,684.292,3763.606,0,-2.842171e-14,-1.054157e-13,4.263256e-14
mpc,2026-02-01 13:00:00,2644,13,35.39783,3754.258,25.14882,0,426.6337,0,0,2627.981,2627.664,347.0176,152.9824,500,1,0,0,500,0,0,262.2571,398.2312,0.1991156,0.2920912,0.3172331,0,250,0.3172331,2280.646,338.4087,0,0,0,88.22505,603.2684,523.5356,79.73274,0,696.7706,3832.238,0,0,-1.16962e-13,4.263256e-14
mpc,2026-02-01 13:15:00,2645,13.25,35.60672,3762.46,40.52665,0,440.1933,0,0,2633.722,2633.405,430.5733,189.8178,620.3911,4,0,0,620.3911,0,0,265.5572,331.7792,0.1658896,0.2507604,0.3172331,0,250,0.3172331,2202.831,418.8547,0,0,0,21.33864,607.7922,508.3542,99.43794,0,703.0965,3867.03,0,-2.842171e-14,8.432144e-14,4.263256e-14
mpc,2026-02-01 13:30:00,2646,13.5,35.75305,3798.182,51.11986,0.842496,448.0379,0,0,2658.728,2658.41,454.9877,200.5809,655.5687,2,0,0,655.5687,0,0,265.9468,265.2403,0.1326201,0.2089165,0.3172331,0,250,0.3172331,2203.423,441.8373,0,0.1324543,0,6.200598,615.8504,510.3865,105.4639,0,712.4037,3918.449,0,-5.684342e-14,-2.572942e-14,4.263256e-14
mpc,2026-02-01 13:45:00,2647,13.75,35.87067,3774.102,46.97056,0,456.5226,0,0,2641.871,2641.554,473.5791,208.7769,682.356,2,0,0,682.356,0,0,260.7942,200,0.1,0.1670179,0.3172331,0,250,0.3172331,2167.975,459.2492,0,1.927483,0,0,613.7854,503.6851,110.1002,0,712.462,3921.866,0,0,-8.068546e-14,4.263256e-14
mpc,2026-02-01 14:00:00,2648,14,35.95849,3765.86,41.55174,0,462.0479,1,1,2636.102,2635.785,1066.363,405.2617,1471.624,3,45.08956,213.9829,712.552,0,500,0,324.9685,0.1624843,0.1259371,0.3172331,0,250,0.3172331,1569.422,479.0716,0,0,0,0,613.8227,365.4437,248.379,770.7055,0,1541.411,0,5.684342e-14,-1.082467e-15,4.263256e-14
mpc,2026-02-01 14:15:00,2649,14.25,36.06275,3793.176,51.24852,0,489.4164,1,1,2655.223,2654.906,544.4261,233.8407,778.2668,4,51.85878,0,726.408,0,0,216.4525,270.8042,0.1354021,0.2046279,0.3172331,0,250,0.3172331,2110.48,487.7815,0,0,0,1.634856,619.9306,492.7462,127.1844,726.9685,0,1453.937,0,-2.842171e-14,-7.954748e-14,4.263256e-14
mpc,2026-02-01 14:30:00,2650,14.5,36.31559,3768.427,48.51759,0.4923459,495.3999,1,1,2637.899,2637.582,1086.369,413.6307,1500,3,48.87954,214.578,736.5424,0,500,0,395.7616,0.1978808,0.1705214,0.3172331,0,250,0.3172331,1551.213,493.0969,0,0,0,2.302944,619.9113,364.5379,255.3734,778.7099,0,1557.42,0,-5.684342e-14,1.332268e-14,4.263256e-14
mpc,2026-02-01 14:45:00,2651,14.75,36.50696,3784.211,53.86371,0,506.394,1,1,2648.948,2648.63,1101.464,420.6224,1522.087,4,46.0464,212.6544,763.3858,0,500,0,520.6993,0.2603496,0.2492053,0.3172331,0,250,0.3172331,1547.166,509.8992,0,7.81731,0,0,625.6024,365.3945,260.2079,786.0169,0,1585.519,0,5.684342e-14,-8.956724e-14,4.263256e-14
mpc,2026-02-01 15:00:00,2652,15,36.89573,3742.347,45.44639,1.79151,533.7208,1,1,2619.643,2619.326,1086.751,413.2494,1500,3,53.49792,212.0216,734.4805,0,500,0,645.6173,0.3228087,0.3278767,0.3172331,0,250,0.3172331,1532.575,488.3077,0,0,0,45.41306,624.994,365.6415,259.3524,789.7256,0,1579.451,0,0,-9.114931e-14,4.263256e-14
mpc,2026-02-01 15:15:00,2653,15.25,37.13079,3723.772,65.33093,0.08142802,531.4093,1,1,2606.64,2606.323,565.1475,241.5661,806.7136,4,63.7081,0,743.0055,0,0,210.3932,592.9174,0.2964587,0.4065358,0.3172331,0,250,0.3172331,2041.176,492.5782,0,1.62283,0,38.83107,625.752,490.0061,135.7459,740.8941,0,1484.588,0,0,-1.035283e-13,4.263256e-14
mpc,2026-02-01 15:30:00,2654,15.5,37.19459,3708.452,63.86836,0,533.673,1,1,2595.916,2595.599,564.372,240.9512,805.3231,3,66.00341,0,739.3197,0,0,209.8813,540.3537,0.2701769,0.3733514,0.3172331,0,250,0.3172331,2031.227,489.7574,0,0,0,43.91559,624.2292,488.4407,135.7884,739.9521,0,1479.904,0,-5.684342e-14,-1.295075e-13,4.263256e-14
mpc,2026-02-01 15:45:00,2655,15.75,37.25193,3736.887,49.85764,2.362693,530.8913,1,1,2615.821,2615.504,1096.555,415.8299,1512.385,4,68.14053,206.7969,737.4476,0,500,0,665.2687,0.3326343,0.3402528,0.3172331,0,250,0.3172331,1518.948,488.1789,0,0,0,42.71244,629.9711,365.8101,264.161,791.9265,0,1583.853,0,-1.705303e-13,1.262879e-13,4.263256e-14
mpc,2026-02-01 16:00:00,2656,16,37.34251,3720.495,69.9796,4.375998,531.1702,1,1,2604.346,2604.029,1088.097,411.9033,1500,3,69.80257,205.4913,724.7062,0,500,0,790.1639,0.395082,0.4189099,0.3172331,0,250,0.3172331,1515.932,479.2192,0,0.1770337,0,51.95105,628.7162,365.9618,262.7544,790.4066,0,1581.119,0,5.684342e-14,1.250111e-13,4.263256e-14
mpc,2026-02-01 16:15:00,2657,16.25,37.3945,3668.369,94.07814,1.836021,521.4406,1,1,2567.858,2567.541,1124.709,426.4214,1551.13,4,83.44107,203.0075,764.6819,0,500,0,915.0396,0.4575198,0.4975546,0.3172331,0,250,0.3172331,1442.832,505.3354,0,10.63706,0,16.10517,620.7647,348.7962,271.9685,779.1109,0,1576.571,0,5.684342e-14,-2.211564e-13,4.263256e-14
mpc,2026-02-01 16:30:00,2658,16.5,37.47686,3622.724,103.7836,1.770976,518.6292,1,1,2535.907,2535.59,1090.88,409.1197,1500,3,103.5177,202.7325,693.7498,0,500,0,1039.896,0.5199478,0.576187,0.3172331,0,250,0.3172331,1444.709,458.0033,0,0.2659247,0,60.62588,614.3863,350.0166,264.3696,773.8245,0,1548.108,0,0,-2.655653e-13,4.263256e-14
mpc,2026-02-01 16:45:00,2659,16.75,37.79446,3666.724,137.7194,7.655655,525.5569,1,1,2566.707,2566.389,1140.226,428.7185,1568.944,4,121.6351,200.1964,747.113,0,500,0,1164.732,0.5823659,0.654807,0.3172331,0,250,0.3172331,1426.164,491.3346,0,16.08436,0,34.22225,627.1565,348.4729,278.6836,785.5534,0,1598.852,0,-1.705303e-13,3.319567e-13,4.263256e-14
mpc,2026-02-01 17:00:00,2660,17,37.81927,3660.369,168.0636,8.872355,512.7363,1,1,2562.258,2561.941,1094.574,405.426,1500,3,148.2571,201.6147,650.1282,0,500,0,1289.549,0.6447742,0.7334145,0.3172331,0,250,0.3172331,1467.367,427.4241,0,19.80649,0,85.31219,626.4873,358.7799,267.7074,785.0652,0,1604.296,0,5.684342e-14,-2.143841e-13,4.263256e-14
mpc,2026-02-01 17:15:00,2661,17.25,37.86429,3625.127,192.9753,0,484.5425,1,1,2537.589,2537.272,621.8335,253.9929,875.8264,2,169.3174,0,706.5091,0,0,199.7685,1239.403,0.6197017,0.8120098,0.3172331,0,250,0.3172331,1915.438,464.237,0,23.65799,0,20.30543,621.2077,468.9037,152.3039,727.8674,0,1496.545,0,-5.684342e-14,2.08944e-13,4.263256e-14
mpc,2026-02-01 17:30:00,2662,17.5,37.71984,3626.799,216.5473,0,456.1698,1,1,2538.759,2538.442,616.4804,248.8275,865.3079,3,192.9006,0,672.4073,0,0,197.4521,1189.845,0.5949226,0.7804341,0.3172331,0,250,0.3172331,1921.961,442.6062,0,23.64674,0,13.56359,619.0861,468.6777,150.4085,720.8128,0,1482.416,0,-2.842171e-14,-2.073897e-13,4.263256e-14
mpc,2026-02-01 17:45:00,2663,17.75,37.52041,3584.252,252.6964,0,428.3536,1,1,2508.976,2508.659,1134.43,414.282,1548.712,4,221.5114,194.0093,633.1909,0,500,0,1314.658,0.6573289,0.7492281,0.3172331,0,250,0.3172331,1374.229,417.8026,0,31.18497,0,10.55098,608.5679,333.328,275.24,750.1691,0,1554.132,0,-2.273737e-13,1.132428e-13,4.263256e-14
mpc,2026-02-01 18:00:00,2664,18,37.48419,3574.092,282.4995,0,410.1599,1,1,2501.864,2501.547,999.617,351.207,1350.824,3,252.1355,4.191565,594.4968,0,500,0,1439.451,0.7197255,0.8278208,0.3172331,0,250,0.3172331,1501.93,392.4431,0,30.36401,0,17.71677,606.2569,363.9508,242.3061,719.4509,0,1491.28,0,5.684342e-14,-2.200462e-13,4.263256e-14
mpc,2026-02-01 18:15:00,2665,18.25,37.39453,3535.422,318.2051,0,370.9323,1,1,2474.795,2474.478,992.2416,344.7111,1336.953,4,279.4092,0.4380271,557.1053,0,500,0,1564.224,0.7821122,0.9064011,0.3172331,0,250,0.3172331,1482.236,368.1596,0,38.7958,0,2.772729,598.2676,358.3222,239.9454,703.7035,0,1474.33,0,5.684342e-14,6.739054e-14,4.263256e-14
mpc,2026-02-01 18:30:00,2666,18.5,37.36924,3520.747,342.3037,0,347.8697,1,0,2464.523,2464.206,347.0176,152.9824,500,1,0,0,500,0,0,311.9002,1486.003,0.7430015,0.9849691,0.3172331,0,250,0.3172331,2117.188,330.5231,0,31.50705,0,17.34669,595.3841,511.4743,83.90979,668.6473,0,1391.644,0,0,1.406653e-13,4.263256e-14
mpc,2026-02-01 18:45:00,2667,18.75,37.47708,3470.835,365.6592,0,334.343,0,0,2429.584,2429.267,347.0176,152.9824,500,1,0,0,500,0,0,347.9005,1398.794,0.699397,0.9357143,0.3172331,0,250,0.3172331,2082.249,330.0917,0,19.68231,0,4.25133,588.6304,504.4794,84.15095,0,658.4918,3655.657,0,0,5.22915e-14,4.263256e-14
mpc,2026-02-01 19:00:00,2668,19,37.32318,3468.709,385.3975,0,330.9198,0,0,2428.096,2427.779,325.4347,143.4676,468.9022,1,0,0,468.9022,0,0,376.7919,1304.376,0.6521879,0.8808001,0.3172331,0,250,0.3172331,2102.344,310.1388,0,10.74607,0,20.78102,585.8668,507.2673,78.59954,0,655.749,3625.157,0,-2.842171e-14,3.371747e-13,4.263256e-14
mpc,2026-02-01 19:15:00,2669,19.25,37.13174,3481.156,405.6076,0,304.4962,0,0,2436.809,2436.492,298.7853,131.7192,430.5045,1,0,0,430.5045,0,0,390.8489,1206.458,0.6032291,0.8213463,0.3172331,0,250,0.3172331,2137.707,285.4013,0,15.53823,0,19.09495,584.9968,513.1923,71.80456,0,649.4955,3599.029,0,-2.842171e-14,3.540501e-13,4.263256e-14
mpc,2026-02-01 19:30:00,2670,19.5,37.14239,3455.616,404.1155,0,266.5822,0,0,2418.932,2418.614,264.7231,116.7029,381.426,1,0,0,381.426,0,0,394.4533,1107.655,0.5538275,0.7596891,0.3172331,0,250,0.3172331,2153.891,252.8324,0,10.3171,0,13.74979,580.8683,517.2231,63.64526,0,637.2278,3522.55,0,-4.263256e-14,-1.233458e-13,4.263256e-14
mpc,2026-02-01 19:45:00,2671,19.75,36.95235,3452.475,391.4422,0,252.3799,0,0,2416.732,2416.415,247.5506,109.1324,356.683,1,0,0,356.683,0,0,399.4833,1007.61,0.5038049,0.6974741,0.3172331,0,250,0.3172331,2168.865,236.9735,0,0,0,15.40643,577.4416,518.2173,59.22426,0,631.0309,3470.67,0,-2.842171e-14,4.13003e-14,4.263256e-14
mpc,2026-02-01 20:00:00,2672,20,36.81297,3411.719,389.3471,0.3453361,248.0287,0,0,2388.203,2387.886,221.5772,97.6821,319.2593,1,0,0,319.2593,0,0,388.9928,910.203,0.4551015,0.6344771,0.3172331,0,250,0.3172331,2166.309,212.4659,0,0.7158701,0,35.56281,568.5422,515.7174,52.8248,0,621.8657,3421.496,0,-2.842171e-14,-2.531308e-13,4.263256e-14
mpc,2026-02-01 20:15:00,2673,20.25,36.63858,3389.739,360.6108,0,202.1378,0,0,2372.817,2372.5,216.6859,95.52577,312.2117,1,0,0,312.2117,0,0,362.3822,819.4642,0.4097321,0.5731415,0.3172331,0,250,0.3172331,2155.814,208.2113,0,0,0,0,562.3114,510.8859,51.42552,0,606.4117,3335.264,0,-2.842171e-14,2.253753e-14,4.263256e-14
mpc,2026-02-01 20:30:00,2674,20.5,36.70948,3381.707,347.0971,0,180.4517,0,0,2367.195,2366.878,193.6245,85.35918,278.9837,1,0,0,278.9837,0,0,336.2807,735.265,0.3676325,0.5160046,0.3172331,0,250,0.3172331,2173.253,185.8936,0,12.09993,0,0,562.0177,515.9722,46.04551,0,601.3314,3328.195,0,-1.421086e-14,-1.010303e-14,4.263256e-14
mpc,2026-02-01 20:45:00,2675,20.75,36.30141,3389.777,310.6655,3.174509,142.6534,0,0,2372.844,2372.527,187.641,82.72135,270.3623,1,0,0,270.3623,0,0,301.2884,659.8271,0.3299136,0.4629856,0.3172331,0,250,0.3172331,2184.886,181.0316,0,11.86782,0.683761,0,557.4185,513.2642,44.15434,0,595.9855,3299.572,0,-1.421086e-14,1.303402e-13,4.263256e-14
mpc,2026-02-01 21:00:00,2676,21,35.99739,3374.088,269.9262,3.871649,134.0753,0,0,2361.862,2361.545,175.8927,77.54211,253.4348,1,0,0,253.4348,0,0,266.9061,592.9968,0.2964984,0.4154835,0.3172331,0,250,0.3172331,2185.652,170.3134,0,4.646948,2.244774,0,550.5138,509.4419,41.07182,0,586.9841,3240.3,0,-1.421086e-14,2.482459e-13,4.263256e-14
mpc,2026-02-01 21:15:00,2677,21.25,35.8758,3344.822,229.6941,0,131.5574,0,0,2341.376,2341.058,159.3199,70.23604,229.556,1,0,0,229.556,0,0,238.252,533.3404,0.2666702,0.3734014,0.3172331,0,250,0.3172331,2181.738,154.4897,0,0,0,0,544.0426,506.9492,37.09333,0,577.1853,3174.519,0,-1.421086e-14,5.456746e-14,4.263256e-14
mpc,2026-02-01 21:30:00,2678,21.5,35.80953,3302.671,201.3881,0,128.5471,0,0,2311.87,2311.552,140.8631,62.09935,202.9624,1,0,0,202.9624,0,0,205.335,481.9227,0.2409613,0.3358366,0.3172331,0,250,0.3172331,2170.689,136.7,0,0,0,0,536.2782,503.529,32.74921,0,565.6283,3110.956,0,-2.131628e-14,6.100675e-14,4.263256e-14
mpc,2026-02-01 21:45:00,2679,21.75,35.44776,3293.923,171.5304,0,118.525,0,0,2305.746,2305.428,116.5906,51.39887,167.9895,1,0,0,167.9895,0,0,178.5149,437.2181,0.218609,0.3034597,0.3172331,0,250,0.3172331,2188.838,113.6311,0,0,0,4.893917,529.9656,503.0948,26.87076,0,555.6185,3055.902,0,-1.421086e-14,-1.532108e-14,4.263256e-14
mpc,2026-02-01 22:00:00,2680,22,35.36741,3258.707,140.1234,0,99.7987,0,0,2281.095,2280.778,0,0,0,0,0,0,0,0,0,148.9977,399.8998,0.1999499,0.2753098,0.3172331,0,250,0.3172331,2280.778,0,0,0,0,99.7987,523.2368,523.164,0.07276681,0,546.0558,3003.307,0,0,1.887379e-15,4.263256e-14
mpc,2026-02-01 22:15:00,2681,22.25,35.06365,3280.861,127.3324,3.142639,110.8205,0,0,2296.603,2296.285,0,0,0,0,0,0,0,0,0,116.0622,370.8213,0.1854107,0.2518111,0.3172331,0,250,0.3172331,2296.285,0,0,11.3443,3.068521,110.8205,522.787,522.7148,0.07221333,0,547.9414,3038.54,0,0,-9.564571e-14,4.263256e-14
mpc,2026-02-01 22:30:00,2682,22.5,34.72208,3229.561,109.1949,6.865079,97.29045,0,0,2260.693,2260.376,0,0,0,0,0,0,0,0,0,107.3621,343.9224,0.1719612,0.2335008,0.3172331,0,250,0.3172331,2260.376,0,0,2.961346,5.736577,97.29045,510.2487,510.1771,0.07160095,0,532.136,2941.752,0,0,-2.223222e-14,4.263256e-14
mpc,2026-02-01 22:45:00,2683,22.75,34.38995,3240.442,94.93108,6.559494,98.57065,0,0,2268.309,2267.992,0,0,0,0,0,0,0,0,0,89.2046,321.5672,0.1607836,0.2165629,0.3172331,0,250,0.3172331,2267.992,0,0,6.254323,6.03165,98.57065,507.7805,507.7095,0.07101536,0,529.7754,2934.958,0,0,9.492407e-15,4.263256e-14
mpc,2026-02-01 23:00:00,2684,23,34.18355,3235.744,88.15303,6.523001,104.7766,0,0,2265.021,2264.704,0,0,0,0,0,0,0,0,0,71.75349,303.5781,0.1517891,0.2024861,0.3172331,0,250,0.3172331,2264.704,0,0,16.56843,6.354106,104.7766,504.4804,504.4097,0.07065624,0,527.7463,2942.146,0,0,-4.62963e-14,4.263256e-14
mpc,2026-02-01 23:15:00,2685,23.25,33.99113,3230.122,86.20431,8.971597,94.43918,0,0,2261.085,2260.768,0,0,0,0,0,0,0,0,0,68.41327,286.4271,0.1432135,0.1911587,0.3172331,0,250,0.3172331,2260.768,0,0,18.29991,8.462731,94.43918,501.2409,501.1706,0.07032472,0,522.106,2917.749,0,0,7.158163e-14,4.263256e-14
mpc,2026-02-01 23:30:00,2686,23.5,33.61986,3231.867,83.62943,7.326032,65.67559,0,1,2262.307,2261.99,440.8282,126.8137,567.6418,2,67.63278,0.009053729,0,0,500,0,411.382,0.205691,0.1803589,0.3172331,0,250,0.3172331,1821.161,0,0,15.99665,7.316978,65.67559,497.0119,400.0956,96.91635,0,541.3377,3017.573,0,2.842171e-14,-4.024558e-14,4.263256e-14
mpc,2026-02-01 23:45:00,2687,23.75,33.39072,3250.114,73.30892,0,71.97675,1,1,2275.08,2274.763,435.5864,125.4518,561.0382,2,59.6559,1.382295,0,0,500,0,536.3172,0.2681586,0.2590412,0.3172331,0,250,0.3172331,1839.176,0,0,13.65302,0,71.97675,497.0657,401.8283,95.23742,543.0057,0,1109.563,0,-2.842171e-14,-3.969047e-14,4.263256e-14
mpc,2026-02-02 00:00:00,2688,0,33.08577,3255.681,67.58038,2.755102,68.73132,1,1,2278.977,2278.66,462.9518,137.0482,600,4,63.58597,0.8772649,35.53676,0,500,0,661.2328,0.3306164,0.3377111,0.3172331,0,250,0.3172331,1815.708,24.7092,0,3.994409,1.877837,44.02212,494.2945,393.8146,100.4799,540.411,0,1090.951,0,5.684342e-14,1.04361e-13,4.263256e-14
mpc,2026-02-02 00:15:00,2689,0.25,32.67834,3216.343,74.70441,0,70.37972,1,1,2251.44,2251.122,443.7455,127.7438,571.4893,3,70.62538,0.8638875,0,0,500,0,786.1287,0.3930643,0.4163686,0.3172331,0,250,0.3172331,1807.377,0,0,4.079034,0,70.37972,483.6207,388.2338,95.38693,531.0955,0,1069.227,0,1.421086e-14,7.099876e-14,4.263256e-14
mpc,2026-02-02 00:30:00,2690,0.5,32.65147,3247.399,56.51652,1.66008,62.44061,1,1,2273.179,2272.862,443.6424,127.68,571.3223,2,70.77976,0.5425348,0,0,500,0,911.0049,0.4555025,0.4950137,0.3172331,0,250,0.3172331,1829.22,0,0,0,1.117545,62.44061,487.9808,392.6765,95.30429,533.7605,0,1069.449,0,5.684342e-14,-8.582024e-14,4.263256e-14
mpc,2026-02-02 00:45:00,2691,0.75,32.27991,3217.373,63.25432,3.765194,40.29079,1,1,2252.161,2251.844,388.2736,111.7264,500,1,62.12325,0.3010845,0,0,437.5757,0,1020.255,0.5101277,0.5736465,0.3172331,0,250,0.3172331,1863.57,0,0,1.131065,3.464109,40.29079,479.2638,396.571,82.69281,516.8713,0,1041.669,0,-2.842171e-14,-2.208234e-13,4.263256e-14
mpc,2026-02-02 01:00:00,2692,1,32.05478,3213.837,67.43353,7.65102,34.25958,1,1,2249.686,2249.368,440.8413,126.8898,567.7312,3,67.04154,0.6896234,0,0,500,0,1145.095,0.5725474,0.6424399,0.3172331,0,250,0.3172331,1808.527,0,0,0.3919819,6.961397,34.25958,476.2274,382.8402,93.38717,516.9823,0,1046.649,0,1.421086e-14,4.194423e-13,4.263256e-14
mpc,2026-02-02 01:15:00,2693,1.25,31.67115,3232.143,57.85969,3.776898,40.05419,1,1,2262.5,2262.183,462.4451,137.5549,600,4,57.44917,2.284518,40.26632,0,500,0,1269.915,0.6349573,0.7210494,0.3172331,0,250,0.3172331,1799.738,28.45342,0,0.4105197,1.49238,11.60077,474.6994,377.6064,97.09304,517.5953,0,1038.473,0,0,3.937961e-13,4.263256e-14
mpc,2026-02-02 01:30:00,2694,1.5,31.39261,3228.278,43.46435,0,33.65218,1,1,2259.795,2259.478,433.4054,124.8497,558.2551,2,56.63436,1.62074,0,0,500,0,1394.715,0.6973573,0.7996466,0.3172331,0,250,0.3172331,1826.072,0,0,0,0,33.65218,471.1035,380.6845,90.41893,512.5498,0,1025.1,0,-5.684342e-14,3.402834e-13,4.263256e-14
mpc,2026-02-02 01:45:00,2695,1.75,31.19126,3204.187,48.52678,0.6182441,31.48161,1,1,2242.931,2242.613,435.7871,125.8207,561.6077,3,57.29838,4.309357,0,0,500,0,1519.495,0.7597475,0.8782314,0.3172331,0,250,0.3172331,1806.826,0,0,0,0,31.48161,465.4386,374.941,90.49756,507.2946,0,1014.589,0,2.842171e-14,1.815215e-13,4.263256e-14
mpc,2026-02-02 02:00:00,2696,2,31.00827,3189.391,47.12472,5.599079,18.07929,1,1,2232.574,2232.257,430.5479,124.1581,554.706,2,51.85869,2.847332,0,0,500,0,1644.256,0.8221279,0.9568038,0.3172331,0,250,0.3172331,1801.709,0,0,0,2.751747,18.07929,461.3623,372.3239,89.03846,500.2181,0,1005.183,0,5.684342e-14,-4.666267e-13,4.263256e-14
mpc,2026-02-02 02:15:00,2697,2.25,30.6812,3187.26,53.11202,0,38.39865,1,1,2231.082,2230.765,426.42,123.2755,549.6955,2,43.98002,5.715512,0,0,500,0,1768.997,0.8844985,1.035364,0.3172331,0,250,0.3172331,1804.345,0,0,9.132009,0,38.39865,457.6515,370.1169,87.53461,501.269,0,1018.291,0,-4.263256e-14,-4.758416e-13,4.263256e-14
mpc,2026-02-02 02:30:00,2698,2.5,30.48479,3237.045,37.41292,0,43.78953,1,1,2265.932,2265.614,388.2223,111.7777,500,1,44.69433,0.922464,0,0,454.3832,0,1882.314,0.9411572,1.113911,0.3172331,0,250,0.3172331,1877.392,0,0,0,0,43.78953,462.7492,383.4015,79.34766,504.1219,0,1008.244,0,-1.421086e-14,9.769963e-15,4.263256e-14
mpc,2026-02-02 02:45:00,2699,2.75,30.36165,3204.157,50.15459,0,28.2116,1,1,2242.91,2242.593,0,0,0,0,0,0,0,0,0,53.76547,1868.577,0.9342883,1.185266,0.3172331,0,250,0.3172331,2242.593,0,0,0,0,28.2116,456.7842,456.7196,0.06460672,462.4651,0,924.9301,0,0,-1.960654e-13,4.263256e-14
mpc,2026-02-02 03:00:00,2700,3,30.39801,3241.252,64.8418,1.420642,29.02739,1,1,2268.877,2268.559,145.8737,42.08076,187.9545,1,59.98051,1.104083,0,0,126.8699,0,1900,0.95,1.176615,0.3172331,0,250,0.3172331,2122.686,0,0,4.861293,0.316559,29.02739,462.4491,432.652,29.79707,480.6492,0,970.2302,0,1.421086e-14,-3.33733e-13,4.263256e-14
mpc,2026-02-02 03:15:00,2701,3.25,30.35573,3209.26,56.43371,1.76477,35.11662,1,1,2246.482,2246.165,0,0,0,0,0,0,0,0,0,64.29605,1883.627,0.9418134,1.196402,0.3172331,0,250,0.3172331,2246.165,0,0,0,1.655509,35.11662,457.451,457.3864,0.06459815,464.5372,0,931.9301,0,0,-3.841372e-14,4.263256e-14
mpc,2026-02-02 03:30:00,2702,3.5,30.36176,3205.727,51.85945,1.373305,41.99258,1,1,2244.009,2243.692,0,0,0,0,0,0,0,0,0,64.49173,1867.207,0.9336037,1.186092,0.3172331,0,250,0.3172331,2243.692,0,0,0,0.8763136,41.99258,457.009,456.9444,0.06460687,465.4965,0,932.5047,0,0,2.324807e-13,4.263256e-14
mpc,2026-02-02 03:45:00,2703,3.75,30.32327,3230.677,72.97565,2.367935,29.0471,1,1,2261.474,2261.156,0,0,0,0,0,0,0,0,0,69.54901,1849.526,0.9247631,1.175753,0.3172331,0,250,0.3172331,2261.156,0,0,3.426646,2.367935,29.0471,460.1691,460.1046,0.06455122,466.0152,0,942.0259,0,0,2.451372e-13,4.263256e-14
mpc,2026-02-02 04:00:00,2704,4,30.12986,3218.394,84.60549,0,32.77319,1,1,2252.876,2252.559,0,0,0,0,0,0,0,0,0,75.86976,1830.268,0.9151338,1.16462,0.3172331,0,250,0.3172331,2252.559,0,0,8.754214,0,32.77319,456.4437,456.3794,0.06427297,463.0194,0,941.1398,0,0,-3.745892e-13,4.263256e-14
mpc,2026-02-02 04:15:00,2705,4.25,29.99759,3227.998,94.71856,1.58124,36.32351,1,1,2259.599,2259.281,0,0,0,0,0,0,0,0,0,87.94497,1807.993,0.9039966,1.152493,0.3172331,0,250,0.3172331,2259.281,0,0,7.759899,0.5949312,36.32351,456.4601,456.396,0.06408406,463.7337,0,941.8795,0,0,-2.804423e-13,4.263256e-14
mpc,2026-02-02 04:30:00,2706,4.5,30.04267,3231.79,117.6367,0,23.76027,1,1,2262.253,2261.936,0,0,0,0,0,0,0,0,0,102.4456,1782.097,0.8910486,1.138467,0.3172331,0,250,0.3172331,2261.936,0,0,17.87082,0,23.76027,457.4546,457.3905,0.06414833,462.1951,0,955.2174,0,0,3.330669e-13,4.263256e-14
mpc,2026-02-02 04:45:00,2707,4.75,29.89528,3219.185,134.3753,0,19.24522,1,1,2253.43,2253.113,0,0,0,0,0,0,0,0,0,120.7138,1751.638,0.8758191,1.12216,0.3172331,0,250,0.3172331,2253.113,0,0,16.46389,0,19.24522,454.1814,454.1174,0.06393869,457.9963,0,944.3929,0,0,-1.287859e-14,4.263256e-14
mpc,2026-02-02 05:00:00,2708,5,29.70959,3279.19,157.7428,0,16.72267,1,1,2295.433,2295.116,0,0,0,0,0,0,0,0,0,145.7591,1714.923,0.8574614,1.102981,0.3172331,0,250,0.3172331,2295.116,0,0,16.0941,0,16.72267,460.7503,460.6866,0.06367655,464.0433,0,955.8489,0,0,-3.752554e-14,4.263256e-14
mpc,2026-02-02 05:15:00,2709,5.25,29.68311,3281.434,206.6199,0,14.088,1,1,2297.004,2296.687,0,0,0,0,0,0,0,0,0,186.2649,1668.087,0.8340433,1.079862,0.3172331,0,250,0.3172331,2296.687,0,0,22.32949,0,14.088,460.7963,460.7326,0.06363934,463.5588,0,965.6359,0,0,-1.829648e-13,4.263256e-14
mpc,2026-02-02 05:30:00,2710,5.5,29.44309,3330.307,242.0813,0,15.12106,1,1,2331.215,2330.898,0,0,0,0,0,0,0,0,0,234.7103,1609.146,0.8045732,1.05037,0.3172331,0,250,0.3172331,2330.898,0,0,10.5215,0,15.12106,465.1954,465.1321,0.06330405,468.1495,0,954.4485,0,0,-2.617906e-13,4.263256e-14
mpc,2026-02-02 05:45:00,2711,5.75,29.35829,3275.596,289.9694,0,26.46606,1,1,2292.917,2292.6,0,0,0,0,0,0,0,0,0,290.4424,1536.283,0.7681412,1.013256,0.3172331,0,250,0.3172331,2292.6,0,0,5.413665,0,26.46606,456.7029,456.6398,0.06318644,461.9113,0,933.1611,0,0,-4.840572e-14,4.263256e-14
mpc,2026-02-02 06:00:00,2712,6,29.24556,3318.439,327.9717,0,20.59563,1,1,2322.908,2322.59,0,0,0,0,0,0,0,0,0,317.8066,1456.589,0.7282945,0.9673746,0.3172331,0,250,0.3172331,2322.59,0,0,14.11322,0,20.59563,461.5364,461.4734,0.06303076,465.5655,0,955.4764,0,0,-5.495604e-14,4.263256e-14
mpc,2026-02-02 06:15:00,2713,6.25,29.2464,3326.476,353.6844,0,2.175749,1,1,2328.533,2328.216,0,0,0,0,0,0,0,0,0,363.5328,1365.476,0.6827382,0.9171927,0.3172331,0,250,0.3172331,2328.216,0,0,0,0,2.175749,462.6627,462.5996,0.06303192,463.032,0,926.0639,0,0,3.652634e-13,4.263256e-14
mpc,2026-02-02 06:30:00,2714,6.5,29.4889,3332.782,398.0881,0.473791,36.59256,1,1,2332.947,2332.63,0,0,0,0,0,0,0,0,0,393.9577,1266.772,0.6333861,0.8598205,0.3172331,0,250,0.3172331,2332.63,0,0,6.270131,0,36.59256,466.0097,465.9463,0.06336778,473.2557,0,957.3274,0,0,2.973177e-13,4.263256e-14
mpc,2026-02-02 06:45:00,2715,6.75,29.87609,3373.585,428.3446,0,41.9532,1,1,2361.51,2361.193,0,0,0,0,0,0,0,0,0,408.1771,1164.528,0.5822642,0.7976678,0.3172331,0,250,0.3172331,2361.193,0,0,25.36114,0,41.9532,475.7626,475.6987,0.06391151,484.1508,0,1012.05,0,0,-9.214851e-14,4.263256e-14
mpc,2026-02-02 07:00:00,2716,7,30.05043,3404.005,427.3328,1.879308,20.86076,1,1,2382.803,2382.486,0,0,0,0,0,0,0,0,0,414.5669,1060.703,0.5303517,0.7332865,0.3172331,0,250,0.3172331,2382.486,0,0,16.26338,0,20.86076,481.9145,481.8503,0.06415939,486.0694,0,1000.193,0,0,-3.18745e-13,4.263256e-14
mpc,2026-02-02 07:15:00,2717,7.25,30.03739,3440.451,438.0334,2.546383,33.68599,1,1,2408.316,2407.999,0,0,0,0,0,0,0,0,0,413.3765,957.1923,0.4785961,0.6679094,0.3172331,0,250,0.3172331,2407.999,0,0,27.2297,0,33.68599,486.933,486.8689,0.06414078,493.6798,0,1034.331,0,0,-1.995071e-13,4.263256e-14
mpc,2026-02-02 07:30:00,2718,7.5,30.26145,3462.124,425.4653,6.368652,35.06596,1,1,2423.487,2423.169,0,0,0,0,0,0,0,0,0,394.1979,858.4921,0.4292461,0.6027299,0.3172331,0,250,0.3172331,2423.169,0,0,32.44676,5.189281,35.06596,492.4544,492.3899,0.06446201,499.5153,0,1063.953,0,0,-2.653433e-14,4.263256e-14
mpc,2026-02-02 07:45:00,2719,7.75,30.45845,3454.807,380.1851,4.723465,45.4192,1,1,2418.365,2418.048,0,0,0,0,0,0,0,0,0,365.9986,766.8573,0.3834287,0.5405799,0.3172331,0,250,0.3172331,2418.048,0,0,18.93986,0,45.4192,493.5872,493.5224,0.06474712,502.7925,0,1038.256,0,0,-2.031708e-13,4.263256e-14
mpc,2026-02-02 08:00:00,2720,8,30.53584,3447.561,333.9051,265.221,49.08696,1,1,2413.293,2412.975,0,0,0,0,0,0,0,0,0,413.7528,663.2984,0.3316492,0.4828788,0.3172331,0,250,0.3172331,2412.975,0,0,8.377763,176.9955,49.08696,493.4092,493.3443,0.06485982,503.3804,0,1326.53,0,0,2.83662e-14,4.263256e-14
mpc,2026-02-02 08:15:00,2721,8.25,30.8208,3443.725,291.3391,269.4584,47.7925,1,1,2410.607,2410.29,0,0,0,0,0,0,0,0,0,374.0929,569.6708,0.2848354,0.4176693,0.3172331,0,250,0.3172331,2410.29,0,0,6.584521,180.1202,47.7925,496.0391,495.9739,0.06527816,505.8083,0,1333.682,0,0,-3.08642e-14,4.263256e-14
mpc,2026-02-02 08:30:00,2722,8.5,30.93944,3427.606,246.106,272.5063,54.15709,1,1,2399.324,2399.007,0,0,0,0,0,0,0,0,0,328.2876,487.5092,0.2437546,0.3587133,0.3172331,0,250,0.3172331,2399.007,0,0,5.864894,184.4598,54.15709,495.0468,494.9814,0.06545394,506.1555,0,1340.621,0,0,-1.123546e-13,4.263256e-14
mpc,2026-02-02 08:45:00,2723,8.75,31.05864,3475.767,194.7917,270.1173,70.72282,1,1,2433.037,2432.72,432.5196,133.9395,566.4592,2,193.3939,89.51867,0,0,283.5466,0,558.3191,0.2791595,0.3069774,0.3172331,0,250,0.3172331,2000.2,0,0,1.397775,180.5986,70.72282,503.3644,413.816,89.54845,562.3871,0,1438.718,0,0,-1.632028e-13,4.263256e-14
mpc,2026-02-02 09:00:00,2724,9,31.273,3512.8,159.3189,271.1911,90.78265,1,1,2458.96,2458.643,225.4932,74.50681,300,2,158.1735,90.67021,0,0,51.15633,0,571.0203,0.2855101,0.3515653,0.3172331,0,250,0.3172331,2233.15,0,0,1.145456,180.5209,90.78265,511.2215,464.2752,46.94633,557.6558,0,1428.686,0,-2.842171e-14,-1.165734e-15,4.263256e-14
mpc,2026-02-02 09:15:00,2725,9.25,31.57925,3534.001,130.6247,277.7233,94.32322,1,1,2473.8,2473.483,458.3631,141.6369,600,4,130.2185,91.992,0,0,377.7895,0,665.3778,0.3326889,0.3595631,0.3172331,0,250,0.3172331,2015.12,0,0,0.4062652,185.7313,94.32322,517.9343,421.9014,96.03293,583.2865,0,1487.66,0,0,-1.987854e-13,4.263256e-14
mpc,2026-02-02 09:30:00,2726,9.5,31.75663,3535.653,87.16228,274.9467,106.6642,1,1,2474.957,2474.64,537.7068,164.51,702.2168,4,109.7699,92.44688,0,0,500,0,790.273,0.3951365,0.4189786,0.3172331,0,250,0.3172331,1936.933,0,0,0,182.4999,106.6642,520.3019,407.195,113.107,594.1286,0,1503.069,0,0,1.416089e-13,4.263256e-14
mpc,2026-02-02 09:45:00,2727,9.75,32.0373,3530.787,74.41315,273.4443,126.5698,1,1,2471.551,2471.234,111.2836,38.71638,150,1,86.94509,0,63.05491,0,0,93.42039,766.7935,0.3833968,0.4976234,0.3172331,0,250,0.3172331,2359.95,44.37184,0,0,180.0239,82.19794,522.9803,499.3656,23.61475,555.4751,0,1421.491,0,-7.105427e-15,5.601075e-14,4.263256e-14
mpc,2026-02-02 10:00:00,2728,10,32.0408,3540.811,66.6665,283.6765,154.8197,1,1,2478.568,2478.25,119.1805,44.26602,163.4466,1,69.55852,93.88805,0,0,0,0,766.6728,0.3833364,0.4828386,0.3172331,0,250,0.3172331,2359.07,0,0,0,189.7884,154.8197,524.5078,499.22,25.2878,576.2485,0,1479.882,0,-1.421086e-14,-2.714495e-14,4.263256e-14
mpc,2026-02-02 10:15:00,2729,10.25,32.3302,3557.347,52.87716,282.3246,171.5557,1,1,2490.143,2489.825,0,0,0,0,0,0,0,0,0,160.0075,726.5503,0.3632751,0.4827626,0.3172331,0,250,0.3172331,2489.825,0,0,0,187.0811,171.5557,530.5312,530.4636,0.06758731,567.014,0,1456.743,0,0,7.682743e-14,4.263256e-14
mpc,2026-02-02 10:30:00,2730,10.5,32.52425,3593.441,49.10633,284.9003,172.9436,1,1,2515.409,2515.091,0,0,0,0,0,0,0,0,0,157.163,687.1451,0.3435726,0.4574981,0.3172331,0,250,0.3172331,2515.091,0,0,0,187.3445,172.9436,538.3625,538.2946,0.06789608,575.309,0,1473.787,0,0,1.935119e-13,4.263256e-14
mpc,2026-02-02 10:45:00,2731,10.75,32.71779,3629.026,54.98582,287.0281,193.8845,0,1,2540.318,2540.001,0,0,0,0,0,0,0,0,0,149.6844,649.6159,0.3248079,0.4326852,0.3172331,0,250,0.3172331,2540.001,0,0,2.780025,189.5494,193.8845,546.1824,546.1142,0.06820687,0,587.8004,3564.671,0,0,8.992807e-14,4.263256e-14
mpc,2026-02-02 11:00:00,2732,11,32.65522,3602.444,47.36037,289.6754,221.5082,0,0,2521.711,2521.394,0,0,0,0,0,0,0,0,0,141.2899,614.1911,0.3070956,0.4090536,0.3172331,0,250,0.3172331,2521.394,0,0,1.567094,194.1788,221.5082,541.3807,541.3126,0.06810608,0,588.8677,3576.434,0,0,-3.413936e-14,4.263256e-14
mpc,2026-02-02 11:15:00,2733,11.25,32.73966,3627.485,34.33169,286.9149,218.0763,0,0,2539.24,2538.922,0,0,0,0,0,0,0,0,0,137.15,579.8069,0.2899035,0.3867471,0.3172331,0,250,0.3172331,2538.922,0,0,0,191.303,218.0763,546.233,546.1648,0.06824216,0,593.0767,3591.919,0,0,1.84297e-13,4.263256e-14
mpc,2026-02-02 11:30:00,2734,11.5,32.78933,3651.835,27.2177,287.3196,250.3604,0,0,2556.284,2555.967,0,0,0,0,0,0,0,0,0,150.258,542.1512,0.2710756,0.3650959,0.3172331,0,250,0.3172331,2555.967,0,0,0,188.0749,250.3604,550.5468,550.4784,0.06832247,0,604.3985,3648.621,0,0,-5.162537e-15,4.263256e-14
mpc,2026-02-02 11:45:00,2735,11.75,33.14781,3677.496,33.10474,294.3716,262.7805,0,0,2574.247,2573.93,0,0,0,0,0,0,0,0,0,154.0199,503.5608,0.2517804,0.3413846,0.3172331,0,250,0.3172331,2573.93,0,0,0,194.0102,262.7805,559.1642,559.0953,0.06890768,0,616.1751,3723.631,0,0,1.216249e-13,4.263256e-14
mpc,2026-02-02 12:00:00,2736,12,33.30516,3664.16,48.75143,295.9222,270.9071,0,0,2564.912,2564.595,300.6676,132.549,433.2166,1,0,0,433.2166,0,0,160.3226,463.4009,0.2317005,0.3170849,0.3172331,0,250,0.3172331,2263.927,300.4611,0,0,191.5264,0,559.239,493.614,65.62503,0,626.163,3774.279,0,0,-7.938095e-14,4.263256e-14
mpc,2026-02-02 12:15:00,2737,12.25,33.6172,3688.999,61.51857,293.8615,296.0263,0,0,2582.299,2581.982,331.4811,144.4334,475.9144,1,14.28848,0,461.626,0,0,141.7033,427.9022,0.2139511,0.2917968,0.3172331,0,250,0.3172331,2250.501,319.0123,0,9.505294,189.883,0,567.2754,494.3865,72.88894,0,638.8199,3857.454,0,-2.842171e-14,-4.92939e-14,4.263256e-14
mpc,2026-02-02 12:30:00,2738,12.5,33.97522,3695.133,46.85021,295.9977,313.6248,0,0,2586.593,2586.276,347.0176,152.9824,500,1,0,0,500,0,0,149.308,390.5078,0.1952539,0.2694437,0.3172331,0,250,0.3172331,2239.258,344.0991,0,1.01988,192.52,0,573.1776,496.2098,76.96786,0,649.1921,3904.413,0,0,-1.063038e-13,4.263256e-14
mpc,2026-02-02 12:45:00,2739,12.75,34.17057,3722.649,42.91759,297.2775,338.658,0,0,2605.855,2605.537,417.0741,178.6533,595.7274,2,43.82548,0,551.902,0,0,101.4307,365.0886,0.1825443,0.245897,0.3172331,0,250,0.3172331,2188.463,378.9554,0,0,195.8468,0,580.2086,487.274,92.9346,0,665.9273,4000.436,0,-8.526513e-14,2.173262e-14,4.263256e-14
mpc,2026-02-02 13:00:00,2740,13,34.2987,3741.072,44.22176,301.626,352.7828,0,0,2618.75,2618.433,421.3338,185.7446,607.0784,3,0,0,607.0784,0,0,131.3581,332.1916,0.1660958,0.229891,0.3172331,0,250,0.3172331,2197.099,416.2193,0,10.08682,204.4029,0,584.9156,490.737,94.17861,0,676.4816,4090.644,0,-2.842171e-14,-1.34337e-14,4.263256e-14
mpc,2026-02-02 13:15:00,2741,13.25,34.71297,3764.471,50.7562,301.9034,391.8997,0,0,2635.13,2634.812,442.5088,195.0796,637.5884,3,0,0,637.5884,0,0,141.4238,296.7834,0.1483917,0.2091762,0.3172331,0,250,0.3172331,2192.304,435.0242,0,6.910743,204.3251,0,594.6263,494.701,99.92526,0,689.7806,4158.175,0,0,3.302914e-15,4.263256e-14
mpc,2026-02-02 13:30:00,2742,13.5,34.99371,3803.498,46.79532,300.6342,440.9563,0,0,2662.449,2662.132,498.1934,213.5493,711.7427,2,51.0995,0,660.6432,0,0,96.79999,272.5367,0.1362683,0.1868801,0.3172331,0,250,0.3172331,2163.938,449.2706,0,0,203.8342,0,605.0069,491.7269,113.2801,0,705.2762,4230.633,0,0,1.054712e-13,4.263256e-14
mpc,2026-02-02 13:45:00,2743,13.75,35.07084,3807.429,51.70961,297.2961,447.8878,1,0,2665.2,2664.883,507.7777,218.3766,726.1543,4,46.03868,0,680.1156,0,0,96.70726,248.3169,0.1241585,0.1716123,0.3172331,0,250,0.3172331,2157.106,462.0932,0,5.67093,200.5889,0,606.802,491.121,115.681,709.4977,0,1774.793,0,-5.684342e-14,-1.545986e-14,4.263256e-14
mpc,2026-02-02 14:00:00,2744,14,35.36333,3811.766,43.07576,299.3892,472.8078,1,1,2668.236,2667.919,518.5551,223.4677,742.0228,2,43.18149,0,698.8413,0,0,95.92522,224.2966,0.1121483,0.1563615,0.3172331,0,250,0.3172331,2149.364,473.1808,0,0,203.464,0,611.976,492.9695,119.0065,716.4372,0,1783.85,0,2.842171e-14,2.081668e-15,4.263256e-14
mpc,2026-02-02 14:15:00,2745,14.25,35.49545,3823.091,35.33995,298.1726,472.9179,1,1,2676.164,2675.847,545.3204,234.2731,779.5935,4,51.53795,0.03374547,728.0218,0,0,97.04499,200,0.1,0.1412363,0.3172331,0,250,0.3172331,2130.526,492.1693,0,0,201.0938,0,615.8471,490.2833,125.5638,724.5564,0,1796,0,5.684342e-14,3.946843e-14,4.263256e-14
mpc,2026-02-02 14:30:00,2746,14.5,35.76405,3783.794,33.94631,299.2147,507.9725,1,1,2648.656,2648.339,1002.167,377.5334,1379.7,3,48.70328,96.51146,742.9105,0,491.5751,0,322.8623,0.1614311,0.1259371,0.3172331,0,250,0.3172331,1646.172,500.6382,0,0,202.7033,7.334348,613.6896,381.4155,232.2741,760.6482,0,1870.96,0,1.136868e-13,-9.348078e-14,4.263256e-14
mpc,2026-02-02 14:45:00,2747,14.75,36.06636,3758.485,42.63039,294.8514,505.7524,1,1,2630.939,2630.622,1021.579,384.8983,1406.477,4,50.30571,95.39396,760.7777,0,500,0,447.8115,0.2239057,0.2033017,0.3172331,0,250,0.3172331,1609.043,510.8388,0,0,199.4574,0,614.3178,375.7076,238.6102,760.6059,0,1865.276,0,0,9.880985e-14,4.263256e-14
mpc,2026-02-02 15:00:00,2748,15,36.14032,3747.994,49.70699,295.7635,514.3726,1,1,2623.596,2623.279,1035.378,391.1275,1426.506,3,49.08032,96.06577,781.3597,0,500,0,572.741,0.2863705,0.2819803,0.3172331,0,250,0.3172331,1587.9,524.1966,0,0.6266745,199.6977,0,613.7692,371.4765,242.2926,762.604,0,1870.768,0,1.136868e-13,5.917489e-14,4.263256e-14
mpc,2026-02-02 15:15:00,2749,15.25,36.3722,3728.911,49.7137,298.1952,532.7846,1,1,2610.238,2609.92,1041.968,392.184,1434.152,4,64.62122,94.40046,775.1306,0,500,0,697.6508,0.3488254,0.3606466,0.3172331,0,250,0.3172331,1567.952,518.5798,0,0,203.7947,14.20479,614.3096,369.0116,245.298,764.5387,0,1880.623,0,1.705303e-13,5.634382e-14,4.263256e-14
mpc,2026-02-02 15:30:00,2750,15.5,36.13324,3761.146,50.84308,293.5452,506.369,1,1,2632.802,2632.485,1042.013,392.1795,1434.193,3,64.82459,94.07043,775.2975,0,500,0,822.541,0.4112705,0.4393005,0.3172331,0,250,0.3172331,1590.472,520.1736,0,0,199.4747,0,615.8106,372.0102,243.8003,764.1898,0,1872.474,0,0,-9.275913e-14,4.263256e-14
mpc,2026-02-02 15:45:00,2751,15.75,36.34772,3742.515,65.4453,285.681,487.9822,1,1,2619.761,2619.443,1034.795,389.7972,1424.593,4,58.1037,93.98384,772.5051,0,500,0,947.4115,0.4737057,0.517942,0.3172331,0,250,0.3172331,1584.648,516.9746,0,7.341599,191.6972,0,616.1604,372.7047,243.4556,762.5019,0,1868.346,0,-1.136868e-13,3.108624e-14,4.263256e-14
mpc,2026-02-02 16:00:00,2752,16,36.21953,3690.584,70.39394,287.6178,483.3008,1,1,2583.409,2583.091,1047.706,394.1499,1441.855,3,69.90717,94.51341,777.9846,0,499.4503,0,1072.125,0.5360625,0.5965711,0.3172331,0,250,0.3172331,1535.386,521.4393,0,0.4867719,193.1043,0,605.6021,359.9248,245.6773,754.0747,0,1842.094,0,-2.273737e-13,1.996181e-13,4.263256e-14
mpc,2026-02-02 16:15:00,2753,16.25,36.6622,3633.89,78.49937,284.468,504.192,1,1,2543.723,2543.406,609.1586,257.9307,867.0893,4,89.2433,0,777.846,0,0,92.01712,1048.952,0.5244759,0.6751014,0.3172331,0,250,0.3172331,1934.247,518.5918,0,0,192.4508,0,603.1842,458.6614,144.5229,716.5921,0,1765.162,0,-5.684342e-14,-1.64313e-13,4.263256e-14
mpc,2026-02-02 16:30:00,2754,16.5,36.8011,3697.825,104.0189,279.5617,487.4501,1,1,2588.477,2588.16,615.576,259.0473,874.6233,3,103.6393,0,770.984,0,0,91.80805,1025.835,0.5129174,0.6605096,0.3172331,0,250,0.3172331,1972.584,513.1601,0,0.3795573,187.7537,0,616.0285,469.4529,146.5757,728.5001,0,1781.53,0,-5.684342e-14,5.617729e-14,4.263256e-14
mpc,2026-02-02 16:45:00,2755,16.75,36.79672,3674.853,119.5177,277.2675,481.503,1,1,2572.397,2572.08,1092.938,406.8299,1499.768,4,130.394,93.91187,775.4626,0,500,0,1150.673,0.5753366,0.6459531,0.3172331,0,250,0.3172331,1479.141,516.1682,0,0,183.3556,0,612.1314,351.9787,260.1527,758.8086,0,1833.906,0,1.705303e-13,5.295764e-14,4.263256e-14
mpc,2026-02-02 17:00:00,2756,17,37.00358,3679.011,129.8515,272.4461,476.6924,1,1,2575.308,2574.991,1102.495,407.6206,1510.116,4,159.1625,95.29807,755.655,0,500,0,1275.492,0.637746,0.7245621,0.3172331,0,250,0.3172331,1472.496,501.7333,0,0,177.148,0,616.1604,352.3049,263.8555,759.9255,0,1825.431,0,-1.705303e-13,-3.517187e-13,4.263256e-14
mpc,2026-02-02 17:15:00,2757,17.25,36.94169,3669.433,165.0027,260.4551,466.1524,1,1,2568.603,2568.286,1094.043,401.1475,1495.191,4,182.2555,89.65284,723.2824,0,500,0,1400.291,0.7001457,0.8031587,0.3172331,0,250,0.3172331,1474.243,480.5969,0,0,170.8023,0,613.5569,352.1493,261.4076,753.2968,0,1801.228,0,0,-1.239009e-13,4.263256e-14
mpc,2026-02-02 17:30:00,2758,17.5,36.9815,3686.76,207.9726,268.8191,433.6117,1,1,2580.732,2580.415,1083.937,393.8937,1477.831,4,205.781,88.60107,683.4487,0,500,0,1525.071,0.7625354,0.8817429,0.3172331,0,250,0.3172331,1496.478,453.9111,0,2.191516,180.218,0,617.0995,357.8348,259.2647,751.7285,0,1818.113,0,0,-2.64011e-13,4.263256e-14
mpc,2026-02-02 17:45:00,2759,17.75,36.95117,3648.59,237.6978,273.2429,397.9605,1,1,2554.013,2553.696,1079.4,387.997,1467.397,4,238.5373,86.97766,641.8825,0,500,0,1649.831,0.8249154,0.9603148,0.3172331,0,250,0.3172331,1474.296,426.4607,0,0,186.2652,0,610.2238,352.2496,257.9742,740.2467,0,1801.801,0,-5.684342e-14,-2.602363e-13,4.263256e-14
mpc,2026-02-02 18:00:00,2760,18,36.94127,3553.087,275.1855,9.418278,379.4819,1,1,2487.161,2486.844,1020.904,358.6087,1379.512,4,268.8006,1.895042,608.8167,0,500,0,1774.571,0.8872855,1.038874,0.3172331,0,250,0.3172331,1465.94,404.5404,0,6.384884,7.523236,0,594.0964,350.1622,243.9342,708.7709,0,1441.533,0,0,9.25926e-14,4.263256e-14
mpc,2026-02-02 18:15:00,2761,18.25,36.84126,3502.335,309.0922,8.997145,360.1104,1,1,2451.634,2451.317,1009.762,349.9002,1359.662,4,300.7154,0.1868483,558.7597,0,500,0,1899.292,0.9496459,1.117421,0.3172331,0,250,0.3172331,1441.555,371.726,0,8.376784,8.810297,0,584.0755,343.435,240.6404,693.3353,0,1416.318,0,-1.136868e-13,-2.164935e-13,4.263256e-14
mpc,2026-02-02 18:30:00,2762,18.5,36.85501,3485.372,351.9287,6.089065,330.7827,1,0,2439.761,2439.443,368.3259,162.3761,530.702,2,0,0,530.702,0,0,328.433,1816.884,0.9084423,1.195956,0.3172331,0,250,0.3172331,2071.117,353.0017,0,23.98645,5.598405,0,581.4562,493.5993,87.8569,655.9754,0,1362.985,0,0,-2.879918e-13,4.263256e-14
mpc,2026-02-02 18:45:00,2763,18.75,36.69797,3458.404,359.6651,7.067547,287.7335,1,0,2420.883,2420.565,357.2034,157.4728,514.6761,3,0,0,514.6761,0,0,357.3585,1727.259,0.8636294,1.144065,0.3172331,0,250,0.3172331,2063.362,342.9885,0,3.146496,6.227577,0,574.5916,489.7348,84.8568,647.2076,0,1310.585,0,0,3.552714e-14,4.263256e-14
mpc,2026-02-02 19:00:00,2764,19,36.63675,3464.891,377.3122,4.551885,282.6032,1,0,2425.424,2425.106,337.4946,148.7842,486.2788,1,0,0,486.2788,0,0,381.3485,1631.65,0.8158249,1.08763,0.3172331,0,250,0.3172331,2087.612,324.3023,0,0,3.590128,0,574.7507,494.6997,80.051,643.4838,0,1293.161,0,-2.842171e-14,-3.266276e-13,4.263256e-14
mpc,2026-02-02 19:15:00,2765,19.25,36.62631,3437.901,397.5681,4.741409,260.551,0,0,2406.531,2406.214,309.9023,136.6201,446.5225,2,0,0,446.5225,0,0,398.8482,1531.681,0.7658405,1.027426,0.3172331,0,250,0.3172331,2096.311,297.8258,0,0,4.395185,0,570.1185,496.626,73.49247,0,633.2462,3490.436,0,0,9.703349e-14,4.263256e-14
mpc,2026-02-02 19:30:00,2766,19.5,36.43992,3475.277,403.2408,2.705121,231.6443,0,0,2432.694,2432.376,272.7364,120.2356,392.9721,1,0,0,392.9721,0,0,399.6161,1431.536,0.7157679,0.964477,0.3172331,0,250,0.3172331,2159.64,262.6942,0,3.898706,2.431128,0,573.5309,509.1558,64.37502,0,629.3915,3472.572,0,1.421086e-14,-1.536549e-13,4.263256e-14
mpc,2026-02-02 19:45:00,2767,19.75,36.42569,3436.256,404.4935,0,224.7485,0,0,2405.379,2405.062,256.498,113.0769,369.5749,1,0,0,369.5749,0,0,395.1551,1332.522,0.6662608,0.9014171,0.3172331,0,250,0.3172331,2148.564,247.0957,0,10.20432,0,0,566.882,506.3577,60.52432,0,619.4346,3424.493,0,-2.842171e-14,-1.917355e-13,4.263256e-14
mpc,2026-02-02 20:00:00,2768,20,36.34987,3429.413,388.144,0,220.8018,0,0,2400.589,2400.272,242.0118,106.6907,348.7025,1,0,0,348.7025,0,0,389.5635,1234.921,0.6174605,0.8390693,0.3172331,0,250,0.3172331,2158.26,233.352,0,0,0,0,564.6433,507.6451,56.99829,0,614.3357,3378.847,0,-1.421086e-14,-1.449951e-13,4.263256e-14
mpc,2026-02-02 20:15:00,2769,20.25,36.15775,3371.053,369.0006,0,199.343,0,0,2359.737,2359.42,213.0803,93.93624,307.0165,2,0,0,307.0165,0,0,361.5767,1144.332,0.5721662,0.7776116,0.3172331,0,250,0.3172331,2146.34,205.9276,0,7.573566,0,0,552.2893,502.3442,49.94503,0,596.2805,3292.607,0,-1.421086e-14,1.422196e-13,4.263256e-14
mpc,2026-02-02 20:30:00,2770,20.5,35.92474,3387.854,343.01,0,177.5487,0,0,2371.498,2371.18,190.5925,84.02252,274.615,1,0,0,274.615,0,0,342.3885,1058.555,0.5292776,0.7205693,0.3172331,0,250,0.3172331,2180.588,184.7066,0,1.200296,0,0,551.732,507.3166,44.41539,0,591.3391,3254.436,0,-2.842171e-14,2.361444e-13,4.263256e-14
mpc,2026-02-02 20:45:00,2771,20.75,35.74091,3331.176,314.9569,1.803811,150.6704,0,0,2331.823,2331.506,165.8581,73.1184,238.9765,1,0,0,238.9765,0,0,308.2635,981.3226,0.4906613,0.6665567,0.3172331,0,250,0.3172331,2165.648,161.0876,0,9.590942,0,0,539.9614,501.4815,38.47989,0,574.5999,3176.844,0,-1.421086e-14,-2.361444e-13,4.263256e-14
mpc,2026-02-02 21:00:00,2772,21,35.49315,3328.245,282.5232,1.436931,121.799,0,0,2329.771,2329.454,155.3999,68.50792,223.9078,1,0,0,223.9078,0,0,270.8094,913.4658,0.4567329,0.6179245,0.3172331,0,250,0.3172331,2174.054,151.374,0,14.602,0,0,536.103,500.271,35.83203,0,568.7789,3153.472,0,-1.421086e-14,-1.94067e-13,4.263256e-14
mpc,2026-02-02 21:15:00,2773,21.25,35.22772,3316.835,246.9371,0,104.6036,0,0,2321.785,2321.467,146.5067,64.58734,211.094,1,0,0,211.094,0,0,233.546,854.9355,0.4274677,0.575196,0.3172331,0,250,0.3172331,2174.961,143.1594,0,13.56482,0,0,530.6996,497.1394,33.56013,0,561.7268,3112.896,0,0,4.22995e-14,4.263256e-14
mpc,2026-02-02 21:30:00,2774,21.5,35.0031,3276.625,215.2656,0,103.1751,0,0,2293.638,2293.32,136.3693,60.1183,196.4877,1,0,0,196.4877,0,0,203.1833,804.0051,0.4020025,0.5383404,0.3172331,0,250,0.3172331,2156.951,133.6067,0,12.16866,0,0,521.3217,490.2542,31.06754,0,550.3725,3048.04,0,0,-1.197931e-13,4.263256e-14
mpc,2026-02-02 21:45:00,2775,21.75,34.75962,3253.7,189.8135,0,102.2846,0,0,2277.59,2277.273,119.2493,52.57094,171.8202,1,0,0,171.8202,0,0,174.7761,760.1845,0.3800923,0.5062702,0.3172331,0,250,0.3172331,2158.023,117.1682,0,15.05313,0,0,514.542,487.5301,27.01188,0,540.101,2996.522,0,0,1.030287e-13,4.263256e-14
mpc,2026-02-02 22:00:00,2776,22,34.55022,3267.901,155.8514,0,91.10209,0,0,2287.53,2287.213,0,0,0,0,0,0,0,0,0,144.1642,724.0238,0.3620119,0.478677,0.3172331,0,250,0.3172331,2287.213,0,0,11.69787,0,91.10209,514.1124,514.0411,0.07129674,0,534.5159,2960.016,0,0,-8.770762e-14,4.263256e-14
mpc,2026-02-02 22:15:00,2777,22.25,34.50453,3249.488,123.7341,0,97.70317,0,0,2274.642,2274.324,0,0,0,0,0,0,0,0,0,123.8864,692.9382,0.3464691,0.4559071,0.3172331,0,250,0.3172331,2274.324,0,0,1.580287,0,97.70317,510.6388,510.5676,0.07121629,0,532.5012,2931.483,0,0,1.463274e-13,4.263256e-14
mpc,2026-02-02 22:30:00,2778,22.5,34.3843,3266.271,114.7456,0,111.5946,0,0,2286.39,2286.073,0,0,0,0,0,0,0,0,0,112.0342,664.8206,0.3324103,0.436333,0.3172331,0,250,0.3172331,2286.073,0,0,6.996231,0,111.5946,511.7568,511.6858,0.07100547,0,536.6637,2963.719,0,0,-1.648126e-13,4.263256e-14
mpc,2026-02-02 22:45:00,2779,22.75,34.24959,3251.206,90.4065,0,90.16778,0,0,2275.844,2275.527,0,0,0,0,0,0,0,0,0,95.93248,640.7328,0.3203664,0.4186278,0.3172331,0,250,0.3172331,2275.527,0,0,0,0,90.16778,507.7124,507.6416,0.07077075,0,527.7569,2902.663,0,0,-1.946776e-13,4.263256e-14
mpc,2026-02-02 23:00:00,2780,23,34.06654,3258.187,82.88947,0,93.70005,0,0,2280.731,2280.413,0,0,0,0,0,0,0,0,0,84.24777,619.57,0.309785,0.4034601,0.3172331,0,250,0.3172331,2280.413,0,0,2.296914,0,93.70005,506.5274,506.4569,0.07045428,0,527.2667,2903.929,0,0,-4.651835e-14,4.263256e-14
mpc,2026-02-02 23:15:00,2781,23.25,33.73439,3239.496,90.41351,0,74.69579,0,0,2267.647,2267.33,0,0,0,0,0,0,0,0,0,83.01411,598.7189,0.2993595,0.3901341,0.3172331,0,250,0.3172331,2267.33,0,0,12.53901,0,74.69579,499.568,499.4981,0.06988719,0,515.9538,2859.375,0,0,-1.613709e-13,4.263256e-14
mpc,2026-02-02 23:30:00,2782,23.5,33.3428,3260.969,81.99188,0,56.55189,0,1,2282.678,2282.361,387.9655,112.0345,500,1,76.37086,4.032939,0,0,419.5962,0,703.5237,0.3517619,0.3770045,0.3172331,0,250,0.3172331,1894.395,0,0,5.621015,0,56.55189,498.1521,413.4166,84.73549,0,537.7925,2967.555,0,-2.842171e-14,3.413936e-14,4.263256e-14
mpc,2026-02-02 23:45:00,2783,23.75,33.06147,3245.287,76.70196,2.706181,56.03543,0,1,2271.701,2271.383,440.7948,126.8641,567.6589,3,67.08485,0.5740741,0,0,500,0,828.413,0.4142065,0.4429986,0.3172331,0,250,0.3172331,1830.589,0,0,9.617112,2.132107,56.03543,492.4307,396.812,95.61873,0,535.8228,2967.293,0,-2.842171e-14,-1.292855e-13,4.263256e-14
mpc,2026-02-03 00:00:00,2784,0,32.96533,3211.715,86.27783,4.870916,62.02915,1,1,2248.2,2247.883,440.706,126.9773,567.6833,2,65.80444,1.878892,0,0,500,0,953.2826,0.4766413,0.5216395,0.3172331,0,250,0.3172331,1807.177,0,0,20.47339,2.992024,62.02915,486.2221,390.8413,95.38084,531.2337,0,1102.945,0,-7.105427e-14,-1.281197e-13,4.263256e-14
mpc,2026-02-03 00:15:00,2785,0.25,32.87065,3223.851,71.77126,0,47.80565,1,1,2256.695,2256.378,388.2688,111.7313,500,1,73.0344,0.3599531,0,0,426.6057,0,1059.784,0.529892,0.6002681,0.3172331,0,250,0.3172331,1868.11,0,0,0,0,47.80565,486.9626,403.1113,83.85129,525.1583,0,1050.317,0,-4.263256e-14,4.417577e-13,4.263256e-14
mpc,2026-02-03 00:30:00,2786,0.5,32.43143,3252.139,67.12913,0.1927964,42.64038,1,1,2276.497,2276.18,438.0785,126.1425,564.221,2,63.08509,1.135932,0,0,500,0,1184.617,0.5923085,0.6673304,0.3172331,0,250,0.3172331,1838.101,0,0,4.044033,0,42.64038,486.1669,392.5434,93.62345,527.7921,0,1062.56,0,-1.421086e-14,1.995071e-13,4.263256e-14
mpc,2026-02-03 00:45:00,2787,0.75,31.95831,3230.356,70.53671,1.560891,59.79156,1,1,2261.249,2260.932,438.635,126.4153,565.0503,3,62.85397,2.196309,0,0,500,0,1309.431,0.6547153,0.745936,0.3172331,0,250,0.3172331,1822.297,0,0,7.682738,0,59.79156,477.6023,384.8904,92.71185,523.9344,0,1061.121,0,0,-7.849277e-14,4.263256e-14
mpc,2026-02-03 01:00:00,2788,1,31.94241,3227.628,70.42353,0,59.33231,1,1,2259.339,2259.022,387.9284,112.0716,500,1,67.33569,4.481809,0,0,428.1825,0,1416.27,0.708135,0.8245292,0.3172331,0,250,0.3172331,1871.094,0,0,3.087842,0,59.33231,477.0226,395.0509,81.97174,519.6495,0,1044.626,0,0,-3.120837e-13,4.263256e-14
mpc,2026-02-03 01:15:00,2789,1.25,31.89714,3218.579,67.11874,0,62.87667,1,1,2253.005,2252.688,435.1345,125.5021,560.6365,3,57.55818,3.078346,0,0,500,0,1541.047,0.7705236,0.8918045,0.3172331,0,250,0.3172331,1817.553,0,0,9.560562,0,62.87667,475.1857,383.3438,91.84197,522.1073,0,1060.707,0,-1.421086e-14,1.484368e-13,4.263256e-14
mpc,2026-02-03 01:30:00,2790,1.5,31.58985,3245.973,45.56057,0,56.05069,1,1,2272.181,2271.864,388.237,111.763,500,1,49.25495,0.7443444,0,0,450.0007,0,1653.305,0.8266524,0.9703748,0.3172331,0,250,0.3172331,1883.627,0,0,0,0,56.05069,475.8379,394.4672,81.37063,517.9683,0,1035.937,0,2.842171e-14,-3.479439e-13,4.263256e-14
mpc,2026-02-03 01:45:00,2791,1.75,31.36368,3224.8,43.98389,0.921668,57.18331,1,1,2257.36,2257.043,388.1061,111.8939,500,1,52.43109,2.330285,0,0,445.2386,0,1764.354,0.8821771,1.041062,0.3172331,0,250,0.3172331,1868.936,0,0,0,0,57.18331,470.2837,389.3621,80.9216,513.1693,0,1026.339,0,-5.684342e-14,-3.836931e-13,4.263256e-14
mpc,2026-02-03 02:00:00,2792,2,31.16362,3203.664,49.66067,1.115179,56.08015,1,1,2242.565,2242.248,345.2718,99.78571,445.0576,1,49.14492,4.342098,0,0,391.5705,0,1861.969,0.9309845,1.110988,0.3172331,0,250,0.3172331,1896.976,0,0,0.5157448,0,56.08015,465.0694,393.4001,71.66922,504.8159,0,1010.521,0,0,-1.596501e-13,4.263256e-14
mpc,2026-02-03 02:15:00,2793,2.25,31.11072,3192.813,52.79313,8.739353,56.73116,1,1,2234.969,2234.652,0,0,0,0,0,0,0,0,0,51.47762,1848.806,0.9244032,1.172455,0.3172331,0,250,0.3172331,2234.652,0,0,3.904847,6.150017,56.73116,462.9355,462.8697,0.06570938,474.6206,0,966.5859,0,0,2.315925e-13,4.263256e-14
mpc,2026-02-03 02:30:00,2794,2.5,30.86002,3224.385,49.97571,2.626147,57.19504,1,1,2257.069,2256.752,325.8568,124.1432,450,3,40.68313,0.429848,70.13443,132.8144,205.9382,0,1900,0.95,1.164166,0.3172331,0,250,0.3172331,1930.895,50.01426,8.580263,9.292584,2.196299,7.180785,464.8577,397.6801,67.17762,523.3022,0,1056.77,0,2.842171e-14,2.797762e-13,4.263256e-14
mpc,2026-02-03 02:45:00,2795,2.75,30.76269,3224.298,54.365,3.076696,57.09692,1,1,2257.009,2256.692,0,0,0,0,0,0,0,0,0,51.79129,1886.753,0.9433765,1.196402,0.3172331,0,250,0.3172331,2256.692,0,0,3.405281,2.24513,57.09692,463.8226,463.7574,0.06519242,475.491,0,960.729,0,0,1.214584e-13,4.263256e-14
mpc,2026-02-03 03:00:00,2796,3,30.63568,3252.817,51.04367,4.230689,36.41675,1,1,2276.972,2276.655,113.7523,36.24768,150,1,62.67057,1.267347,31.88633,0,54.17575,0,1900,0.95,1.188061,0.3172331,0,250,0.3172331,2162.903,22.796,0,0,2.963342,13.62075,466.5854,443.2109,23.37455,482.2496,0,969.6111,0,-2.842171e-14,3.379519e-13,4.263256e-14
mpc,2026-02-03 03:15:00,2797,3.25,30.52516,3247.815,70.0518,5.236638,31.69497,1,1,2273.471,2273.153,0,0,0,0,0,0,0,0,0,60.97074,1884.458,0.9422291,1.196402,0.3172331,0,250,0.3172331,2273.153,0,0,10.08279,4.234911,31.69497,464.7103,464.6454,0.06484424,471.1241,0,966.9461,0,0,-3.912426e-13,4.263256e-14
mpc,2026-02-03 03:30:00,2798,3.5,30.52619,3250.758,71.42151,8.19292,44.45497,1,1,2275.531,2275.213,114.0689,35.93112,150,1,57.32688,0.9446731,28.37469,0,63.35375,0,1900,0.95,1.186616,0.3172331,0,250,0.3172331,2161.145,20.31033,0,14.09463,7.248247,24.14464,465.1422,441.7605,23.38171,482.627,0,1002.07,0,0,-1.769695e-13,4.263256e-14
mpc,2026-02-03 03:45:00,2799,3.75,30.42201,3230.103,68.84805,0,34.56687,1,1,2261.072,2260.755,0,0,0,0,0,0,0,0,0,72.73332,1881.518,0.9407588,1.196402,0.3172331,0,250,0.3172331,2260.755,0,0,0,0,34.56687,461.1065,461.0418,0.0646942,468.0911,0,936.1822,0,0,2.582379e-13,4.263256e-14
mpc,2026-02-03 04:00:00,2800,4,30.14727,3235.406,69.75795,7.917706,35.96841,1,1,2264.784,2264.467,120.9549,34.795,155.7499,1,80.6354,0,0,0,75.11448,0,1900,0.95,1.184764,0.3172331,0,250,0.3172331,2143.512,0,0,0,7.917706,35.96841,459.0345,434.4547,24.57986,476.5399,0,966.7378,0,-1.421086e-14,3.841372e-14,4.263256e-14
mpc,2026-02-03 04:15:00,2801,4.25,30.17474,3203.427,86.71315,0,15.07284,1,1,2242.399,2242.082,0,0,0,0,0,0,0,0,0,92.40517,1876.6,0.9382998,1.196402,0.3172331,0,250,0.3172331,2242.082,0,0,0,0,15.07284,454.7759,454.7115,0.06433732,457.7684,0,915.5368,0,0,-1.878497e-13,4.263256e-14
mpc,2026-02-03 04:30:00,2802,4.5,30.036,3223.266,108.8768,0,30.3015,1,1,2256.286,2255.969,116.3914,33.60859,150,1,109.473,1.18858,0,0,39.33841,0,1886.139,0.9430694,1.181667,0.3172331,0,250,0.3172331,2139.577,0,0,0,0,30.3015,456.1804,432.584,23.59638,472.319,0,944.638,0,-1.421086e-14,2.087219e-14,4.263256e-14
mpc,2026-02-03 04:45:00,2803,4.75,30.09479,3210.979,134.1621,0,40.26556,1,1,2247.685,2247.368,0,0,0,0,0,0,0,0,0,128.0681,1853.825,0.9269124,1.187674,0.3172331,0,250,0.3172331,2247.368,0,0,7.371045,0,40.26556,455.0363,454.9721,0.06422277,463.1237,0,938.9625,0,0,1.838529e-13,4.263256e-14
mpc,2026-02-03 05:00:00,2804,5,30.0863,3230.33,168.9193,0,26.91273,1,1,2261.231,2260.914,0,0,0,0,0,0,0,0,0,152.1784,1815.488,0.9077442,1.167326,0.3172331,0,250,0.3172331,2260.914,0,0,18.61481,0,26.91273,457.692,457.6278,0.06421063,463.0752,0,958.2609,0,0,-2.495781e-13,4.263256e-14
mpc,2026-02-03 05:15:00,2805,5.25,29.93272,3250.528,182.2835,4.312512,35.63527,1,1,2275.369,2275.052,0,0,0,0,0,0,0,0,0,197.2303,1765.895,0.8829475,1.143186,0.3172331,0,250,0.3172331,2275.052,0,0,0,3.416283,35.63527,458.9843,458.9203,0.06399181,466.1086,0,938.1103,0,0,-3.266276e-13,4.263256e-14
mpc,2026-02-03 05:30:00,2806,5.5,29.95845,3279.928,229.1774,0,48.31882,1,1,2295.95,2295.633,0,0,0,0,0,0,0,0,0,238.5709,1705.974,0.8529872,1.111958,0.3172331,0,250,0.3172331,2295.633,0,0,0,0,48.31882,463.4004,463.3363,0.06402837,473.0887,0,946.1774,0,0,3.097522e-13,4.263256e-14
mpc,2026-02-03 05:45:00,2807,5.75,29.88508,3288.474,285.4644,2.536293,27.28767,1,1,2301.932,2301.614,0,0,0,0,0,0,0,0,0,290.0895,1633.183,0.8165917,1.074227,0.3172331,0,250,0.3172331,2301.614,0,0,0,0,27.28767,463.8521,463.7882,0.06392424,469.2868,0,938.5735,0,0,-3.821388e-13,4.263256e-14
mpc,2026-02-03 06:00:00,2808,6,29.94772,3288.314,339.0329,3.031776,51.05411,1,1,2301.82,2301.502,0,0,0,0,0,0,0,0,0,323.2678,1552.109,0.7760547,1.028392,0.3172331,0,250,0.3172331,2301.502,0,0,17.58773,1.209215,51.05411,464.4744,464.4104,0.06401312,474.7124,0,981.8495,0,0,1.127987e-13,4.263256e-14
mpc,2026-02-03 06:15:00,2809,6.25,29.93909,3361.084,378.4351,4.006145,26.24254,1,1,2352.759,2352.441,0,0,0,0,0,0,0,0,0,358.0228,1462.359,0.7311797,0.9773405,0.3172331,0,250,0.3172331,2352.441,0,0,22.43757,1.980803,26.24254,474.6623,474.5983,0.06400087,479.8927,0,1001.907,0,0,3.645972e-13,4.263256e-14
mpc,2026-02-03 06:30:00,2810,6.5,30.1319,3398.576,403.4521,0,44.78437,1,1,2379.003,2378.686,0,0,0,0,0,0,0,0,0,396.4318,1363.021,0.6815106,0.9208262,0.3172331,0,250,0.3172331,2378.686,0,0,8.251654,0,44.78437,482.0196,481.9553,0.0642759,491.0293,0,996.2926,0,0,-1.522116e-13,4.263256e-14
mpc,2026-02-03 06:45:00,2811,6.75,30.11543,3406.965,419.6295,0,28.35866,1,1,2384.876,2384.558,0,0,0,0,0,0,0,0,0,419.0877,1258.035,0.6290174,0.8582745,0.3172331,0,250,0.3172331,2384.558,0,0,2.901146,0,28.35866,483.0321,482.9678,0.0642523,488.7116,0,982.4276,0,0,2.553513e-14,4.263256e-14
mpc,2026-02-03 07:00:00,2812,7,30.16129,3379.973,439.0653,0,43.76653,1,1,2365.981,2365.664,116.4895,33.51046,150,1,150,0,0,0,0,272.3424,1189.751,0.5948755,0.792166,0.3172331,0,250,0.3172331,2249.174,0,0,19.32795,0,43.76653,479.6953,456.0131,23.68221,498.3971,0,1030.135,0,-1.421086e-14,-3.494982e-13,4.263256e-14
mpc,2026-02-03 07:15:00,2813,7.25,30.18048,3401.362,426.1286,0,41.99663,1,1,2380.954,2380.636,347.4499,102.5501,450,3,425.5487,0,24.45127,0,0,2.554092,1188.925,0.5944626,0.7491688,0.3172331,0,250,0.3172331,2033.187,17.56961,0,0.5799,0,24.42702,482.9377,412.3988,70.53889,519.9035,0,1040.807,0,-1.421086e-14,-1.130207e-13,4.263256e-14
mpc,2026-02-03 07:30:00,2814,7.5,30.20415,3385.499,400.2653,0,38.97951,1,1,2369.849,2369.532,710.0312,204.6833,914.7145,3,410.6783,4.036225,0,0,500,0,1313.738,0.656869,0.7486488,0.3172331,0,250,0.3172331,1659.501,0,0,0,0,38.97951,480.9392,336.7805,144.1587,549.3743,0,1098.749,0,-5.684342e-14,-1.952882e-13,4.263256e-14
mpc,2026-02-03 07:45:00,2815,7.75,30.31228,3424.471,346.9611,0,59.5963,1,1,2397.13,2396.813,680.1307,196.1587,876.2894,4,371.5299,4.759505,0,0,500,0,1438.531,0.7192656,0.8272416,0.3172331,0,250,0.3172331,1716.682,0,0,0,0,59.5963,487.6527,349.2279,138.4248,557.5104,0,1115.021,0,0,-3.229639e-13,4.263256e-14
mpc,2026-02-03 08:00:00,2816,8,30.49802,3427.297,301.6741,262.0546,70.73188,1,1,2399.108,2398.791,761.4129,238.5872,1000,2,330.0856,183.9119,0,0,486.0025,0,1559.805,0.7799027,0.9058221,0.3172331,0,250,0.3172331,1637.378,0,0,0,78.14271,70.73188,490.0921,334.4852,155.607,587.5215,0,1309.839,0,-5.684342e-14,3.099743e-13,4.263256e-14
mpc,2026-02-03 08:15:00,2817,8.25,30.74189,3437.747,259.252,259.9202,64.21412,1,1,2406.423,2406.105,741.9248,233.2842,975.2089,2,288.4458,186.7632,0,0,500,0,1684.56,0.8422799,0.9821866,0.3172331,0,250,0.3172331,1664.181,0,0,0,73.15708,64.21412,494.2952,341.8337,152.4614,588.3079,0,1302.812,0,5.684342e-14,2.472467e-13,4.263256e-14
mpc,2026-02-03 08:30:00,2818,8.5,30.93122,3498.745,217.9432,262.6723,84.31688,1,1,2449.122,2448.805,707.7889,223.5759,931.3649,2,243.552,187.8128,0,0,500,0,1809.295,0.9046473,1.060743,0.3172331,0,250,0.3172331,1741.016,0,0,0,74.85945,84.31688,505.2271,359.1526,146.0746,600.1221,0,1329.377,0,0,3.805845e-13,4.263256e-14
mpc,2026-02-03 08:45:00,2819,8.75,31.06671,3540.125,182.562,271.9411,76.82078,1,1,2478.087,2477.77,150.8003,43.3806,194.1809,1,194.1809,0,0,0,0,187.1585,1762.22,0.8811101,1.139286,0.3172331,0,250,0.3172331,2326.97,0,0,0,84.78264,76.82078,512.7789,481.5089,31.27003,540.7857,0,1227.821,0,-2.131628e-14,-2.473577e-13,4.263256e-14
mpc,2026-02-03 09:00:00,2820,9,31.07081,3555.846,151.6237,275.3288,82.6173,1,1,2489.092,2488.775,116.4895,33.51046,150,1,150,0,0,0,0,197.0933,1712.669,0.8563348,1.109644,0.3172331,0,250,0.3172331,2372.285,0,0,0,87.09691,82.6173,515.1042,490.9316,24.17253,541.5393,0,1233.321,0,-1.421086e-14,-8.903989e-14,4.263256e-14
mpc,2026-02-03 09:15:00,2821,9.25,31.41346,3553.661,128.8487,279.9269,106.1841,1,1,2487.563,2487.245,0,0,0,0,0,0,0,0,0,322.9105,1631.672,0.8158361,1.078443,0.3172331,0,250,0.3172331,2487.245,0,0,0,87.51188,106.1841,518.8346,518.7685,0.06616577,540.9154,0,1232.789,0,0,4.041212e-14,4.263256e-14
mpc,2026-02-03 09:30:00,2822,9.5,31.57521,3530.713,106.8082,281.2717,106.7953,1,1,2471.499,2471.182,112.1431,37.85689,150,1,97.35537,0,52.64463,0,0,191.0274,1583.659,0.7918293,1.02744,0.3172331,0,250,0.3172331,2359.039,37.24072,0,9.452867,90.2443,69.55454,517.4044,493.861,23.54339,546.279,0,1264.536,0,0,-2.853273e-13,4.263256e-14
mpc,2026-02-03 09:45:00,2823,9.75,31.86453,3572.883,87.51243,287.6541,145.4748,1,1,2501.018,2500.701,0,0,0,0,0,0,0,0,0,270.627,1515.753,0.7578763,0.9972066,0.3172331,0,250,0.3172331,2500.701,0,0,7.449572,97.09002,145.4748,527.0959,527.029,0.06685767,557.6882,0,1295.707,0,0,2.5413e-13,4.263256e-14
mpc,2026-02-03 10:00:00,2824,10,31.96998,3583.954,74.15282,289.2999,146.1296,1,1,2508.768,2508.451,109.7162,40.28384,150,1,67.95984,0,82.04016,0,0,196.4356,1466.405,0.7332025,0.9544472,0.3172331,0,250,0.3172331,2398.735,57.77598,0,6.19298,92.86432,88.35361,530.0249,506.7783,23.24664,565.7285,0,1302.331,0,-7.105427e-15,4.222178e-13,4.263256e-14
mpc,2026-02-03 10:15:00,2825,10.25,32.41929,3596.534,74.61823,287.7732,165.9857,1,1,2517.574,2517.257,0,0,0,0,0,0,0,0,0,254.4757,1402.555,0.7012776,0.9233738,0.3172331,0,250,0.3172331,2517.257,0,0,16.39015,91.5256,165.9857,537.4978,537.4301,0.06772873,572.8677,0,1331.89,0,0,-2.891021e-13,4.263256e-14
mpc,2026-02-03 10:30:00,2826,10.5,32.7641,3557.679,70.49138,294.5832,188.6928,1,1,2490.376,2490.058,0,0,0,0,0,0,0,0,0,252.5707,1339.192,0.6695959,0.8831685,0.3172331,0,250,0.3172331,2490.058,0,0,16.6475,95.85633,188.6928,536.0316,535.9633,0.06828165,576.5778,0,1347.225,0,0,3.598233e-13,4.263256e-14
mpc,2026-02-03 10:45:00,2827,10.75,32.9065,3554.735,50.67472,297.2727,204.4801,1,1,2488.315,2487.998,0,0,0,0,0,0,0,0,0,253.6033,1275.58,0.6377901,0.8432694,0.3172331,0,250,0.3172331,2487.998,0,0,0,97.39417,204.4801,537.3999,537.3314,0.06851265,581.4928,0,1330.991,0,0,2.232658e-13,4.263256e-14
mpc,2026-02-03 11:00:00,2828,11,33.2147,3531.866,49.64851,301.4329,217.3808,1,0,2472.307,2471.989,0,0,0,0,0,0,0,0,0,247.0106,1213.627,0.6068134,0.8032141,0.3172331,0,250,0.3172331,2471.989,0,0,3.040377,101.0304,217.3808,537.8809,537.8119,0.06901799,585.1057,0,1349.734,0,0,-3.909095e-13,4.263256e-14
mpc,2026-02-03 11:15:00,2829,11.25,33.6537,3570.535,52.78658,297.3012,238.2819,0,0,2499.374,2499.057,0,0,0,0,0,0,0,0,0,236.3753,1154.342,0.5771709,0.764203,0.3172331,0,250,0.3172331,2499.057,0,0,15.33137,98.38116,238.2819,549.5433,549.4735,0.06975079,0,601.8651,3506.412,0,0,-3.039791e-13,4.263256e-14
mpc,2026-02-03 11:30:00,2830,11.5,33.89362,3599.112,56.46115,295.3968,268.3562,0,0,2519.378,2519.061,0,0,0,0,0,0,0,0,0,238.8106,1094.457,0.5472287,0.7268721,0.3172331,0,250,0.3172331,2519.061,0,0,18.50175,94.54558,268.3562,557.1748,557.1047,0.07015789,0,616.4532,3585.499,0,0,-3.407274e-13,4.263256e-14
mpc,2026-02-03 11:45:00,2831,11.75,33.93566,3579.257,42.61796,296.6456,277.8893,0,0,2505.48,2505.163,0,0,0,0,0,0,0,0,0,247.433,1032.427,0.5162135,0.6891638,0.3172331,0,250,0.3172331,2505.163,0,0,0.3942324,91.43638,277.8893,554.6684,554.5982,0.07022972,0,616.1179,3547.056,0,0,3.668177e-13,4.263256e-14
mpc,2026-02-03 12:00:00,2832,12,34.26043,3611.727,43.87459,295.9502,312.5971,0,0,2528.209,2527.892,0,0,0,0,0,0,0,0,0,259.7823,967.3188,0.4836594,0.6501041,0.3172331,0,250,0.3172331,2527.892,0,0,0,88.02658,312.5971,564.162,564.0912,0.07078957,0,633.8463,3638.001,0,0,1.776357e-15,4.263256e-14
mpc,2026-02-03 12:15:00,2833,12.25,34.76277,3617.247,50.27879,295.0743,340.5551,0,0,2532.073,2531.755,307.2239,135.4393,442.6632,2,0,0,442.6632,0,0,263.7361,901.2325,0.4506163,0.6091065,0.3172331,0,250,0.3172331,2224.532,301.8511,0,0,88.49119,38.70405,572.0782,502.5946,69.48361,0,646.7785,3709.929,0,0,-1.287859e-14,4.263256e-14
mpc,2026-02-03 12:30:00,2834,12.5,34.81031,3582.236,45.20936,298.7597,369.5315,0,0,2507.565,2507.248,332.7547,146.6946,479.4493,1,0,0,479.4493,0,0,253.6787,837.671,0.4188355,0.5674929,0.3172331,0,250,0.3172331,2174.493,326.7531,0,0,91.22174,42.77841,567.2113,491.8704,75.34089,0,648.2415,3722.686,0,-2.842171e-14,5.784262e-14,4.263256e-14
mpc,2026-02-03 12:45:00,2835,12.75,35.19739,3632.594,43.76032,299.9253,390.5502,0,0,2542.816,2542.498,360.1324,158.764,518.8965,2,0,0,518.8965,0,0,250.3827,774.9435,0.3874717,0.5274691,0.3172331,0,250,0.3172331,2182.366,352.0302,0,0.6780871,92.62487,38.52001,580.7787,498.452,82.32664,0,666.014,3824.025,0,-2.842171e-14,2.049472e-13,4.263256e-14
mpc,2026-02-03 13:00:00,2836,13,35.41342,3709.687,41.94364,299.9959,400.2221,0,0,2596.781,2596.464,347.0176,152.9824,500,1,0,0,500,0,0,247.2271,713.0147,0.3565073,0.4879705,0.3172331,0,250,0.3172331,2249.446,338.3463,0,2.512512,92.19988,61.87578,596.3411,516.5769,79.76414,0,683.7689,3924.108,0,0,1.283418e-13,4.263256e-14
mpc,2026-02-03 13:15:00,2837,13.25,35.64175,3704.109,51.09616,296.9878,427.2735,0,0,2592.876,2592.559,418.0231,184.2851,602.3082,4,0,0,602.3082,0,0,255.5564,649.0133,0.3245067,0.4489749,0.3172331,0,250,0.3172331,2174.536,406.4773,0,3.724008,88.80357,20.79618,598.8987,502.2711,96.62763,0,691.3597,3962.088,0,-5.684342e-14,-4.213296e-14,4.263256e-14
mpc,2026-02-03 13:30:00,2838,13.5,35.89943,3732.585,43.51686,300.0314,440.7388,0,0,2612.809,2612.492,453.4188,199.8893,653.308,2,0,0,653.308,0,0,255.5266,585.0295,0.2925147,0.4086742,0.3172331,0,250,0.3172331,2159.073,439.5486,0,0,92.98951,1.190148,607.48,501.9861,105.4939,0,702.152,4022.243,0,0,5.639933e-14,4.263256e-14
mpc,2026-02-03 13:45:00,2839,13.75,36.12483,3737.224,39.10867,302.1479,451.0158,0,0,2616.057,2615.739,463.6496,204.3995,668.0491,4,0,0,668.0491,0,0,254.125,521.4062,0.2607031,0.3683845,0.3172331,0,250,0.3172331,2152.09,448.2619,0,0,96.95694,2.753919,611.7614,503.2634,108.498,0,708.3069,4062.938,0,-2.842171e-14,2.254308e-13,4.263256e-14
mpc,2026-02-03 14:00:00,2840,14,36.45121,3729.791,33.79275,295.2039,479.0043,0,1,2610.853,2610.536,517.6791,223.1162,740.7954,2,42.88996,0,697.9054,0,0,205.9668,469.8324,0.2349162,0.3283218,0.3172331,0,250,0.3172331,2092.857,466.4732,0,0,89.23708,12.53113,615.7141,493.5557,122.1584,0,719.6271,4111.883,0,-1.136868e-13,1.058598e-13,4.263256e-14
mpc,2026-02-03 14:15:00,2841,14.25,36.50191,3788.87,56.26973,293.3872,505.42,1,1,2652.209,2651.892,526.9045,227.2357,754.1403,4,42.4485,0,711.6918,0,0,205.8623,418.2928,0.2091464,0.2958466,0.3172331,0,250,0.3172331,2124.987,475.3992,0,13.82124,87.52483,30.02083,626.2907,501.793,124.4978,736.1178,0,1647.057,0,-2.842171e-14,6.761258e-14,4.263256e-14
mpc,2026-02-03 14:30:00,2842,14.5,36.68381,3747.176,61.22711,295.1726,522.974,1,1,2623.023,2622.706,1081.892,412.6731,1494.565,3,40.33597,206.1987,748.03,0,500,0,543.227,0.2716135,0.2633929,0.3172331,0,250,0.3172331,1540.814,498.5841,0,20.89115,88.97393,24.38983,622.3391,365.5739,256.7651,784.0338,0,1757.585,0,-1.136868e-13,-1.904033e-13,4.263256e-14
mpc,2026-02-03 14:45:00,2843,14.75,36.74328,3759.801,60.68496,297.8988,529.385,1,1,2631.861,2631.543,1089.358,415.3074,1504.665,4,45.8595,203.2773,755.5281,0,500,0,668.1415,0.3340707,0.3420621,0.3172331,0,250,0.3172331,1542.186,503.2223,0,14.82546,94.62146,26.16266,625.4067,366.4682,258.9384,787.9926,0,1764.781,0,5.684342e-14,-6.383782e-14,4.263256e-14
mpc,2026-02-03 15:00:00,2844,15,36.8469,3715.726,63.63688,296.3364,535.9948,1,1,2601.008,2600.691,1103.974,421.338,1525.312,4,49.3301,204.0679,771.9135,0,500,0,793.0363,0.3965182,0.4207189,0.3172331,0,250,0.3172331,1496.717,513.496,0,14.30678,92.26858,22.49881,619.7538,356.6295,263.1243,783.3284,0,1750.499,0,-5.684342e-14,-4.87943e-14,4.263256e-14
mpc,2026-02-03 15:15:00,2845,15.25,37.3907,3682.63,83.64312,303.9535,570.2328,1,1,2577.841,2577.524,1119.309,427.2553,1546.564,4,56.42,204.659,785.4854,0,500,0,917.9114,0.4589557,0.4993633,0.3172331,0,250,0.3172331,1458.215,519.1072,0,27.22312,99.29446,51.12556,623.115,352.4792,270.6358,792.0925,0,1802.428,0,5.684342e-14,-1.081912e-13,4.263256e-14
mpc,2026-02-03 15:30:00,2846,15.5,37.41798,3700.653,82.65599,292.6274,584.5106,1,1,2590.457,2590.14,1085.265,414.7351,1500,3,57.06028,202.0103,762.4858,0,478.4436,0,1037.378,0.5186889,0.5779954,0.3172331,0,250,0.3172331,1504.875,503.7409,0,25.59571,90.61704,80.76966,626.6191,364.022,262.5971,798.2948,0,1797.057,0,-1.136868e-13,-1.110223e-16,4.263256e-14
mpc,2026-02-03 15:45:00,2847,15.75,37.60041,3666.703,96.84795,288.2768,582.2321,1,1,2566.692,2566.375,1092.085,414.5949,1506.68,4,61.95891,197.6465,747.0749,0,500,0,1162.215,0.5811073,0.6532216,0.3172331,0,250,0.3172331,1474.289,492.4693,0,34.88904,90.63028,89.76281,623.8989,358.363,265.5359,794.7769,0,1806.075,0,5.684342e-14,-3.825829e-13,4.263256e-14
mpc,2026-02-03 16:00:00,2848,16,37.74807,3661.564,91.7901,280.9716,589.3399,1,1,2563.095,2562.777,571.5702,243.6578,815.228,2,69.92613,0,745.3018,0,0,198.9609,1112.291,0.5561457,0.7318295,0.3172331,0,250,0.3172331,1991.207,490.4201,0,21.86397,82.01066,98.91971,625.494,485.9314,139.5626,753.7295,0,1686.643,0,0,-2.891021e-13,4.263256e-14
mpc,2026-02-03 16:15:00,2849,16.25,37.58989,3639.844,90.32113,277.816,568.6361,1,1,2547.891,2547.573,1119.84,424.3125,1544.153,4,83.12558,196.0622,764.9648,0,500,0,1237.116,0.6185581,0.7003936,0.3172331,0,250,0.3172331,1427.733,504.3267,0,7.195555,81.7538,64.30947,619.1546,346.9488,272.2058,786.8889,0,1727.216,0,5.684342e-14,4.655165e-13,4.263256e-14
mpc,2026-02-03 16:30:00,2850,16.5,37.5197,3638.498,102.5894,270.2046,545.0201,1,1,2546.948,2546.631,600.3868,252.3329,852.7197,3,103.7929,0,748.9269,0,0,193.3107,1188.594,0.5942969,0.778994,0.3172331,0,250,0.3172331,1946.244,494.1737,0,0,76.89386,50.84642,617.7665,472.0648,145.7018,736.7305,0,1606.103,0,-8.526513e-14,-4.349854e-13,4.263256e-14
mpc,2026-02-03 16:45:00,2851,16.75,37.34819,3608.653,124.1091,268.5172,519.1159,1,1,2526.057,2525.74,614.5162,256.1097,870.6259,4,124.4055,0,746.2204,0,0,193.0002,1140.157,0.5700783,0.7484401,0.3172331,0,250,0.3172331,1911.224,493.4118,0,0,75.51708,25.70412,609.9084,461.4588,148.4495,723.7747,0,1577.816,0,0,2.428058e-13,4.263256e-14
mpc,2026-02-03 17:00:00,2852,17,37.37958,3612.379,151.4268,265.964,493.9397,1,1,2528.665,2528.348,1088.48,411.5198,1500,3,143.1589,190.9815,734.5709,0,431.2887,0,1247.799,0.6238997,0.7179399,0.3172331,0,250,0.3172331,1439.868,485.5245,0,8.267961,74.98242,8.415217,611.0475,347.9416,263.106,761.4949,0,1666.597,0,5.684342e-14,-6.217249e-14,4.263256e-14
mpc,2026-02-03 17:15:00,2853,17.25,37.24312,3574.312,175.8861,270.4581,464.8837,1,1,2502.018,2501.701,627.9094,256.2527,884.1622,4,172.8373,0,711.3249,0,0,181.8182,1202.148,0.6010742,0.785721,0.3172331,0,250,0.3172331,1873.792,470.9362,0,3.048823,88.6399,0,602.4232,451.162,151.2612,707.4148,0,1572.993,0,0,-1.847411e-13,4.263256e-14
mpc,2026-02-03 17:30:00,2854,17.5,37.14627,3563.203,214.1107,265.082,442.8067,1,1,2494.242,2493.925,1099.423,400.5768,1500,3,206.9902,185.9928,607.017,0,500,0,1326.959,0.6634796,0.7569752,0.3172331,0,250,0.3172331,1394.502,402.349,0,7.120453,79.08926,40.45767,599.0143,334.9019,264.1124,745.1951,0,1639.102,0,-1.705303e-13,1.310063e-13,4.263256e-14
mpc,2026-02-03 17:45:00,2855,17.75,36.95094,3541.821,252.5474,266.2336,396.2219,1,1,2479.275,2478.958,613.9266,242.3388,856.2654,4,237.9827,0,618.2827,0,0,187.7161,1279.821,0.6399106,0.8355667,0.3172331,0,250,0.3172331,1865.031,410.7824,0,14.56477,78.51743,0,592.3632,445.6044,146.7588,687.9432,0,1536.453,0,-2.842171e-14,-2.164935e-13,4.263256e-14
mpc,2026-02-03 18:00:00,2856,18,37.02841,3500.365,296.4173,0,388.3775,1,1,2450.256,2449.939,1011.892,354.2528,1366.145,3,272.0224,6.024436,588.0981,0,500,0,1404.62,0.7023099,0.8058846,0.3172331,0,250,0.3172331,1438.046,390.3635,0,24.39489,0,0,586.6242,344.2876,242.3365,698.5404,0,1439.162,0,-1.136868e-13,-2.673417e-13,4.263256e-14
mpc,2026-02-03 18:15:00,2857,18.25,37.07742,3457.032,319.1719,0,359.4676,1,1,2419.922,2419.605,1009.832,349.4204,1359.252,4,305.009,5.01276,549.2305,0,500,0,1529.399,0.7646993,0.8844685,0.3172331,0,250,0.3172331,1409.773,364.3489,0,14.16286,0,0,580.1108,337.9549,242.1559,687.3753,0,1399.182,0,0,3.066436e-13,4.263256e-14
mpc,2026-02-03 18:30:00,2858,18.5,37.2239,3438.228,336.6071,0,356.1772,0,0,2406.76,2406.442,355.5546,156.7459,512.3005,2,0,0,512.3005,0,0,344.3183,1443.078,0.7215391,0.9630399,0.3172331,0,250,0.3172331,2050.888,339.2499,0,0,0,16.92729,579.1925,493.551,85.6414,0,654.3705,3599.038,0,0,-4.298784e-13,4.263256e-14
mpc,2026-02-03 18:45:00,2859,18.75,37.13465,3373.576,365.7845,0,331.5363,0,0,2361.503,2361.186,325.794,143.626,469.42,3,0,0,469.42,0,0,362.3555,1352.262,0.6761311,0.9086852,0.3172331,0,250,0.3172331,2035.392,311.1892,0,7.694153,0,20.34713,566.9619,488.6674,78.29447,0,637.1784,3517.754,0,0,-3.224088e-13,4.263256e-14
mpc,2026-02-03 19:00:00,2860,19,37.14819,3441.407,382.191,0,305.7537,0,0,2408.985,2408.668,313.763,138.3221,452.0851,3,0,0,452.0851,0,0,381.602,1256.649,0.6283244,0.8514997,0.3172331,0,250,0.3172331,2094.905,299.6485,0,3.524453,0,6.105185,578.5685,503.1355,75.43299,0,642.9239,3542.161,0,-2.842171e-14,-1.137979e-13,4.263256e-14
mpc,2026-02-03 19:15:00,2861,19.25,37.19523,3455.702,397.615,3.833882,268.0477,0,0,2418.992,2418.674,288.7908,127.3131,416.1039,2,0,0,416.1039,0,0,400.6854,1156.28,0.5781399,0.7912934,0.3172331,0,250,0.3172331,2129.884,275.6431,0,0,1.081846,0,581.6946,512.1728,69.52177,0,639.486,3519.039,0,-4.263256e-14,-3.274048e-13,4.263256e-14
mpc,2026-02-03 19:30:00,2862,19.5,37.34969,3451.222,395.4313,5.461664,247.9539,0,0,2415.855,2415.538,294.7362,123.8787,418.6149,1,50.90412,0,367.7107,0,0,352.1214,1068.067,0.5340337,0.7280924,0.3172331,0,250,0.3172331,2120.802,243.1313,0,0,3.858938,4.822631,583.3236,512.0811,71.24253,0,637.1242,3510.84,0,-5.684342e-14,-9.325873e-14,4.263256e-14
mpc,2026-02-03 19:45:00,2863,19.75,37.05074,3478.35,397.3084,11.01389,229.9135,0,0,2434.845,2434.528,244.0198,107.5759,351.5957,1,0,0,351.5957,0,0,400.1635,967.8583,0.4839292,0.6725463,0.3172331,0,250,0.3172331,2190.508,233.3168,0,0,10.66005,0,583.2776,524.7456,58.53198,0,632.3215,3496.157,0,0,5.495604e-14,4.263256e-14
mpc,2026-02-03 20:00:00,2864,20,36.79705,3394.212,391.2638,11.98925,205.8518,0,0,2375.948,2375.631,298.5386,121.8944,420.433,1,81.67598,0,338.757,0,0,307.0747,890.9373,0.4454687,0.6094462,0.3172331,0,250,0.3172331,2077.093,225.4847,0,2.64642,11.85603,0,565.3891,494.2723,71.1168,0,616.1667,3413.934,0,-2.842171e-14,-2.242651e-14,4.263256e-14
mpc,2026-02-03 20:15:00,2865,20.25,36.50912,3400.877,373.8269,6.140642,175.6479,0,0,2380.614,2380.297,209.6627,92.42962,302.0923,1,0,0,302.0923,0,0,365.5181,799.4175,0.3997088,0.5610102,0.3172331,0,250,0.3172331,2170.634,201.7756,0,8.359912,6.08949,0,562.2617,512.6679,49.59379,0,605.0975,3352.961,0,-1.421086e-14,-8.21565e-15,4.263256e-14
mpc,2026-02-03 20:30:00,2866,20.5,36.1574,3344.018,349.7628,8.795193,156.5101,0,0,2340.813,2340.495,186.6927,82.30329,268.9959,1,0,0,268.9959,0,0,342.5813,713.6463,0.3568232,0.5033815,0.3172331,0,250,0.3172331,2153.803,180.4265,0,7.422431,8.554259,0,547.8551,504.0864,43.7687,0,586.3897,3252.703,0,-1.421086e-14,-2.463585e-13,4.263256e-14
mpc,2026-02-03 20:45:00,2867,20.75,36.0693,3346.429,318.8426,12.96027,156.7158,0,0,2342.5,2342.183,160.2531,70.64742,230.9005,1,0,0,230.9005,0,0,312.7558,635.3451,0.3176725,0.4493726,0.3172331,0,250,0.3172331,2181.93,155.0371,0,8.348816,10.69832,1.678694,547.0093,509.5137,37.4956,0,580.5531,3225.898,0,-1.421086e-14,4.790612e-14,4.263256e-14
mpc,2026-02-03 21:00:00,2868,21,35.97014,3335.957,280.3197,11.05674,145.5485,0,0,2335.17,2334.852,138.7594,61.17197,199.9314,1,0,0,199.9314,0,0,277.8963,565.771,0.2828855,0.4000675,0.3172331,0,250,0.3172331,2196.093,134.4017,0,4.495372,8.984744,11.14679,543.9122,511.5181,32.394,0,575.2865,3187.329,0,-2.131628e-14,8.459899e-14,4.263256e-14
mpc,2026-02-03 21:15:00,2869,21.25,35.58263,3284.63,229.4122,4.158622,146.62,0,0,2299.241,2298.924,124.8276,55.03012,179.8577,1,0,0,179.8577,0,0,240.882,505.4614,0.2527307,0.3562577,0.3172331,0,250,0.3172331,2174.096,121.4649,0,0,4.084285,25.15508,530.2787,501.4163,28.8624,0,562.248,3099.409,0,0,4.385381e-14,4.263256e-14
mpc,2026-02-03 21:30:00,2870,21.5,35.2288,3302.046,193.0041,4.520352,133.5979,0,0,2311.432,2311.115,119.3553,52.61769,171.973,1,0,0,171.973,0,0,209.775,452.9381,0.226469,0.3182816,0.3172331,0,250,0.3172331,2191.76,116.6269,0,0,4.477162,16.97107,528.3478,500.993,27.35478,0,557.4899,3073.918,0,0,5.212497e-14,4.263256e-14
mpc,2026-02-03 21:45:00,2871,21.75,35.05031,3326.728,168.2625,8.914986,99.47875,0,0,2328.71,2328.392,110.8915,48.88643,159.778,1,0,0,159.778,0,0,182.8793,407.1469,0.2035735,0.2852085,0.3172331,0,250,0.3172331,2217.501,108.5847,0,0,8.907135,0,529.9186,504.6121,25.30655,0,553.4985,3059.607,0,-7.105427e-15,3.375078e-14,4.263256e-14
mpc,2026-02-03 22:00:00,2872,22,34.75875,3322.541,149.949,4.208748,100.8919,0,0,2325.779,2325.461,0,0,0,0,0,0,0,0,0,150.3105,369.5052,0.1847526,0.2563745,0.3172331,0,250,0.3172331,2325.461,0,0,0,4.204282,100.8919,525.4171,525.3454,0.07166618,0,548.1379,3022.011,0,0,5.045964e-14,4.263256e-14
mpc,2026-02-03 22:15:00,2873,22.25,34.55512,3315.512,112.91,5.126245,94.1059,0,0,2320.858,2320.541,0,0,0,0,0,0,0,0,0,123.6112,338.5443,0.1692721,0.232672,0.3172331,0,250,0.3172331,2320.541,0,0,0,4.338555,94.1059,521.6659,521.5946,0.07130537,0,542.747,2992.593,0,0,-7.505108e-14,4.263256e-14
mpc,2026-02-03 22:30:00,2874,22.5,34.29362,3308.433,111.7165,7.374286,100.2585,0,0,2315.903,2315.586,0,0,0,0,0,0,0,0,0,113.459,310.1262,0.1550631,0.2131764,0.3172331,0,250,0.3172331,2315.586,0,0,0.1926374,5.439129,100.2585,517.208,517.1372,0.0708473,0,539.5278,2977.118,0,0,9.847678e-14,4.263256e-14
mpc,2026-02-03 22:45:00,2875,22.75,34.18763,3262.441,95.67977,8.229039,87.54623,0,0,2283.709,2283.392,0,0,0,0,0,0,0,0,0,92.85324,286.8641,0.143432,0.1952819,0.3172331,0,250,0.3172331,2283.392,0,0,4.567499,6.488069,87.54623,508.6936,508.6229,0.07066331,0,528.1237,2923.751,0,0,1.859624e-14,4.263256e-14
mpc,2026-02-03 23:00:00,2876,23,34.08474,3258.386,91.57157,6.130237,107.0771,0,0,2280.87,2280.553,0,0,0,0,0,0,0,0,0,83.54734,265.9321,0.1329661,0.1806341,0.3172331,0,250,0.3172331,2280.553,0,0,9.688761,4.465707,107.0771,506.7837,506.7132,0.07048561,0,530.5045,2942.191,0,0,-1.039724e-13,4.263256e-14
mpc,2026-02-03 23:15:00,2877,23.25,33.59293,3274.465,73.31825,5.35118,109.7183,0,0,2292.125,2291.808,0,0,0,0,0,0,0,0,0,87.24908,244.078,0.122039,0.1674535,0.3172331,0,250,0.3172331,2291.808,0,0,0,3.00987,109.7183,503.2354,503.1657,0.06964842,0,527.2543,2905.091,0,0,1.99285e-14,4.263256e-14
mpc,2026-02-03 23:30:00,2878,23.5,33.51766,3276.001,76.62056,6.592512,73.67199,1,1,2293.201,2292.883,451.4368,130.0594,581.4962,3,79.66284,1.833319,0,0,500,0,369.0395,0.1845198,0.1536923,0.3172331,0,250,0.3172331,1841.447,0,0,0,4.759194,73.67199,502.558,403.5555,99.00248,549.7602,0,1107.73,0,0,-2.658984e-14,4.263256e-14
mpc,2026-02-03 23:45:00,2879,23.75,33.20065,3309.713,61.95893,5.589126,73.4144,1,1,2316.799,2316.482,0,0,0,0,0,0,0,0,0,74.15416,350.4429,0.1752215,0.2323788,0.3172331,0,250,0.3172331,2316.482,0,0,0,3.86658,73.4144,503.8789,503.8099,0.06899478,519.7767,0,1046.223,0,0,5.834222e-14,4.263256e-14
