controller,timestamp,step,hour,ambient_c,it_kw,dhw_demand_kw,process_demand_kw,cooling_demand_kw,grid_available,grid_roster_available,site_captured_kw,captured_kw,hp_absorbed_kw,hp_compressor_kw,hp_delivered_kw,hp_units_on,dhw_heat_kw,process_heat_kw,absorption_heat_kw,orc_heat_kw,store_charge_kw,store_discharge_kw,store_energy_kwh,store_soc,store_standing_loss_kw,buffer_charge_kw,buffer_discharge_kw,buffer_energy_kwh,buffer_standing_loss_kw,rejected_kw,absorption_cooling_kw,orc_electric_kw,fallback_dhw_kw,fallback_process_kw,fallback_cooling_kw,baseline_rejection_electric_kw,actual_rejection_electric_kw,cooling_electric_saving_kw,grid_electric_kw,diesel_electric_kw,net_cost_inr,source_balance_residual_kw,hp_balance_residual_kw,store_balance_residual_kw,buffer_balance_residual_kw
naive,2026-01-05 00:00:00,0,0,33.4779,3255.844,56.74595,0,55.99831,1,1,2279.091,1779.091,755.1298,392.0924,1147.222,3,0,0,347.2222,800,0,300,924.8426,0.4624213,0.6296853,500,0,249.9603,0.1586165,1023.961,240.3392,48.9294,0,0,0,498.9874,224.1874,274.7999,616.2799,0,1177.514,0,-5.684342e-14,1.669775e-13,7.81597e-14
naive,2026-01-05 00:15:00,1,0.25,33.19693,3261.014,54.4018,4.397675,45.43175,1,1,2282.71,2282.234,570.294,310.6077,880.9017,2,0,0,80.90174,800,0,56.74595,910.5105,0.4552553,0.5823598,0.4757993,0,250,0.3171828,1711.94,56.18016,49.22491,0,4.397675,0,496.4206,372.2954,124.1252,682.9032,0,1318.014,0,5.684342e-14,8.615331e-14,4.996004e-15
naive,2026-01-05 00:30:00,2,0.5,33.15864,3216.497,47.33645,0.8711253,68.78399,1,1,2251.548,2251.231,564.9141,308.236,873.1501,2,0,0,73.15012,800,0,57.77272,895.924,0.447962,0.5733351,0.3172331,0,250,0.3172331,1686.316,50.81965,49.26518,0,0,17.96434,489.1957,366.3874,122.8083,678.5266,0,1301.63,0,0,-2.098322e-13,4.263256e-14
naive,2026-01-05 00:45:00,3,0.75,32.99093,3244.431,50.50484,3.602764,68.6252,1,1,2271.102,2270.784,570.9044,310.8769,881.7813,2,0,0,81.78129,800,0,54.58434,882.1369,0.4410684,0.5641502,0.3172331,0,250,0.3172331,1699.88,56.92571,49.44156,0,1.846497,11.69949,491.4743,367.86,123.6144,681.2686,0,1310.101,0,0,-1.421085e-14,4.263256e-14
naive,2026-01-05 01:00:00,4,1,32.52843,3273.302,62.27952,1.439965,71.42817,1,1,2291.311,2290.994,573.828,312.1657,885.9937,2,0,0,85.99367,800,0,54.46515,868.3817,0.4341909,0.5554687,0.3172331,0,250,0.3172331,1717.166,60.17602,49.928,10.03226,0,11.25215,490.4481,367.5541,122.894,682.1282,0,1325.393,0,0,8.271162e-14,4.263256e-14
naive,2026-01-05 01:15:00,5,1.25,32.28844,3276.923,70.74606,2.285821,68.48963,1,1,2293.846,2293.529,576.0739,313.1558,889.2297,2,0,0,89.22968,800,0,56.31602,854.166,0.427083,0.5468072,0.3172331,0,250,0.3172331,1717.455,62.61179,50.1804,16.49234,0.2235147,5.877837,488.232,365.5504,122.6815,679.9573,0,1332.296,0,-5.684342e-14,1.04583e-13,4.263256e-14
naive,2026-01-05 01:30:00,6,1.5,31.97568,3277.811,62.17127,6.47323,59.08784,1,1,2294.467,2294.15,577.0501,313.5862,890.6362,2,0,0,90.63624,800,0,59.102,839.256,0.419628,0.5378558,0.3172331,0,250,0.3172331,1717.1,63.82554,50.50935,5.168829,4.373671,0,484.8141,362.8181,121.996,676.4042,0,1312.446,0,0,2.353673e-14,4.263256e-14
naive,2026-01-05 01:45:00,7,1.75,31.77309,3248.403,54.55879,1.213074,41.8983,1,1,2273.882,2273.565,576.3767,313.2893,889.666,2,0,0,89.66601,800,0,60.46521,824.0076,0.4120038,0.5284672,0.3172331,0,250,0.3172331,1697.188,63.28764,50.72242,0,0,0,478.2126,356.93,121.2826,670.2193,0,1283.376,0,5.684342e-14,-1.298961e-13,4.263256e-14
naive,2026-01-05 02:00:00,8,2,31.35133,3254.031,58.47008,0,45.85892,1,1,2277.822,2277.504,573.7205,312.1183,885.8389,2,0,0,85.83888,800,0,59.87854,808.9083,0.4044541,0.5188655,0.3172331,0,250,0.3172331,1703.784,60.87602,51.16601,1.126991,0,0,474.4123,354.8549,119.5575,666.9732,0,1278.329,0,5.684342e-14,8.126833e-14,4.263256e-14
naive,2026-01-05 02:15:00,9,2.25,31.18363,3276.775,51.22056,0,33.48251,1,1,2293.742,2293.425,572.0657,311.3888,883.4545,2,0,0,83.45449,800,0,59.72205,793.8504,0.3969252,0.5093577,0.3172331,0,250,0.3172331,1721.359,59.297,51.34239,0,0,0,475.8998,357.1432,118.7565,668.532,0,1279.304,0,-5.684342e-14,1.433298e-13,4.263256e-14
naive,2026-01-05 02:30:00,10,2.5,31.02587,3238.73,52.61862,0,31.72754,1,1,2267.111,2266.794,569.5094,310.2618,879.7712,2,0,0,79.77123,800,0,58.8719,779.0075,0.3895037,0.499876,0.3172331,0,250,0.3172331,1697.284,56.78061,51.50831,0,0,0,468.6869,350.8849,117.802,661.1467,0,1264.347,0,5.684342e-14,5.206946e-14,4.263256e-14
naive,2026-01-05 02:45:00,11,2.75,31.05395,3230.92,62.07982,6.975727,24.08088,1,1,2261.644,2261.327,567.2572,309.269,876.5262,2,0,0,76.52618,800,0,58.30342,764.309,0.3821545,0.4905296,0.3172331,0,250,0.3172331,1694.07,54.45361,51.47877,5.620374,5.131758,0,467.8555,350.4441,117.4114,659.713,0,1280.06,0,0,-7.821521e-14,4.263256e-14
naive,2026-01-05 03:00:00,12,3,30.92814,3223.725,56.83389,11.67531,33.98899,1,1,2256.608,2256.291,564.7572,308.1669,872.9241,2,0,0,72.92408,800,0,59.19943,749.3888,0.3746944,0.4812742,0.3172331,0,250,0.3172331,1691.533,51.96387,51.61109,0,9.403699,0,465.4811,348.9205,116.5606,657.0874,0,1272.334,0,0,1.505462e-13,4.263256e-14
naive,2026-01-05 03:15:00,13,3.25,30.84052,3264.919,61.11771,6.524762,34.37322,1,1,2285.443,2285.126,563.393,307.5654,870.9584,2,0,0,70.95844,800,0,59.91556,734.292,0.367146,0.4718792,0.3172331,0,250,0.3172331,1721.733,50.61294,51.70324,4.197122,3.529786,0,470.4937,354.4452,116.0484,662.0107,0,1279.184,0,0,8.026912e-14,4.263256e-14
naive,2026-01-05 03:30:00,14,3.5,30.5057,3254.599,58.65242,1.949913,45.00291,1,1,2278.219,2277.902,562.2496,307.0614,869.311,2,0,0,69.31104,800,0,60.46749,719.0595,0.3595297,0.4623729,0.3172331,0,250,0.3172331,1715.652,49.62355,52.05539,1.432038,0,0,465.4772,350.5357,114.9416,657.5971,0,1259.102,0,5.684342e-14,9.620083e-14,4.263256e-14
naive,2026-01-05 03:45:00,15,3.75,30.67562,3211.837,77.48189,3.923454,25.43634,1,1,2248.286,2247.969,561.9464,306.9277,868.8741,2,0,0,68.87405,800,0,60.47648,703.8272,0.3519136,0.4527812,0.3172331,0,250,0.3172331,1686.022,49.21706,51.87668,20.16604,0.7628295,0,461.1224,345.8024,115.32,652.7301,0,1283.201,0,5.684342e-14,2.176592e-13,4.263256e-14
naive,2026-01-05 04:00:00,16,4,30.31461,3229.776,79.19168,4.124426,25.44327,1,1,2260.843,2260.526,560.4843,306.2831,866.7674,2,0,0,66.76739,800,0,61.78453,688.2702,0.3441351,0.4431897,0.3172331,0,250,0.3172331,1700.042,47.90448,52.25637,20.61545,0.9161242,0,459.9517,345.8608,114.0909,652.144,0,1282.641,0,0,1.671441e-13,4.263256e-14
naive,2026-01-05 04:15:00,17,4.25,30.36549,3276.005,76.36532,0.2702889,32.67897,1,1,2293.204,2292.887,559.1858,305.7107,864.8965,2,0,0,64.89654,800,0,63.05109,672.3991,0.3361996,0.4333937,0.3172331,0,250,0.3172331,1733.701,46.53576,52.20286,16.57642,0,0,467.067,353.1105,113.9565,658.8212,0,1287.509,0,0,-1.968425e-13,4.263256e-14
naive,2026-01-05 04:30:00,18,4.5,30.24432,3275.692,105.9816,0.4080103,26.20956,1,1,2292.984,2292.667,558.4299,305.3775,863.8074,2,0,0,63.80742,800,0,63.80579,656.3418,0.3281709,0.4233999,0.3172331,0,250,0.3172331,1734.237,45.81663,52.3303,45.27174,0,0,465.758,352.2635,113.4944,657.641,0,1334.504,0,-5.684342e-14,-2.099987e-13,4.263256e-14
naive,2026-01-05 04:45:00,19,4.75,30.06878,3269.869,127.8139,0,23.16706,1,1,2288.908,2288.591,557.4175,304.9312,862.3487,2,0,0,62.34866,800,0,66.04704,639.7267,0.3198634,0.4132888,0.3172331,0,250,0.3172331,1731.174,44.85673,52.51492,64.72134,0,0,463.1135,350.2674,112.8462,655.1985,0,1362.962,0,0,-2.223222e-13,4.263256e-14
naive,2026-01-05 05:00:00,20,5,29.94094,3283.947,152.7805,0,23.98336,1,1,2298.763,2298.445,556.3544,304.4625,860.817,2,0,0,60.81695,800,0,69.13538,622.3422,0.3111711,0.4028266,0.3172331,0,250,0.3172331,1742.091,43.81694,52.64937,86.45186,0,0,463.7879,351.4763,112.3115,655.9388,0,1401.777,0,-5.684342e-14,-1.685874e-13,4.263256e-14
naive,2026-01-05 05:15:00,21,5.25,29.82933,3335.603,193.7783,8.709584,32.68194,1,1,2334.922,2334.605,555.4294,304.0547,859.4841,2,0,0,59.48413,800,0,73.11848,603.9646,0.3019823,0.3918798,0.3172331,0,250,0.3172331,1779.176,42.90979,52.76677,123.3329,6.036463,0,469.9192,358.0713,111.8478,662.126,0,1488.052,0,0,-9.353629e-14,4.263256e-14
naive,2026-01-05 05:30:00,22,5.5,29.87287,3328.258,232.3003,0.2087991,6.800084,1,1,2329.781,2329.464,554.9745,303.8541,858.8286,2,0,0,58.82859,800,0,78.99891,584.1198,0.2920599,0.3803077,0.3172331,0,250,0.3172331,1774.489,42.41642,52.72096,156.2488,0,0,469.3369,357.4728,111.8641,661.3269,0,1532.872,0,0,1.524336e-13,4.263256e-14
naive,2026-01-05 05:45:00,23,5.75,29.86904,3324.574,272.1565,0,5.126918,1,1,2327.202,2326.885,553.4601,303.1865,856.6467,2,0,0,56.64666,800,0,85.67326,562.6095,0.2813048,0.3678117,0.3172331,0,250,0.3172331,1773.425,40.84494,52.725,189.3117,0,0,468.7776,357.228,111.5496,660.4145,0,1588.076,0,0,-1.638134e-13,4.263256e-14
naive,2026-01-05 06:00:00,24,6,30.08952,3341.759,320.0838,0,32.61744,1,1,2339.231,2338.914,552.0057,302.5454,854.5511,2,0,0,54.55106,800,0,93.4434,539.1601,0.2695801,0.354267,0.3172331,0,250,0.3172331,1786.908,39.2377,52.49311,229.3509,0,0,473.514,361.7112,111.8028,664.2565,0,1665.089,0,5.684342e-14,-5.145884e-14,4.263256e-14
naive,2026-01-05 06:15:00,25,6.25,29.89348,3327.096,358.1064,0,21.72428,1,1,2328.967,2328.65,551.747,302.4313,854.1784,2,0,0,54.17837,800,0,102.509,513.448,0.256724,0.3395012,0.3172331,0,250,0.3172331,1776.903,39.0546,52.69929,258.1995,0,0,469.3873,358.1226,111.2648,660.5539,0,1707.215,0,5.684342e-14,1.736389e-13,4.263256e-14
naive,2026-01-05 06:30:00,26,6.5,29.95527,3294.272,397.7494,0,50.80129,1,1,2305.99,2305.673,551.0963,302.1445,853.2408,2,0,0,53.24081,800,0,112.3397,485.2822,0.2426411,0.3233107,0.3172331,0,250,0.3172331,1754.577,38.35244,52.63431,287.9118,0,12.44885,465.394,354.108,111.2861,658.7648,0,1754.964,0,-5.684342e-14,-4.141132e-14,4.263256e-14
naive,2026-01-05 06:45:00,27,6.75,29.918,3319.032,430.3723,0,34.22178,1,1,2323.322,2323.005,551.5462,302.3428,853.889,2,0,0,53.88903,800,0,122.9104,454.4782,0.2272391,0.3055751,0.3172331,0,250,0.3172331,1771.459,38.83545,52.6735,309.8713,0,0,468.5043,357.2196,111.2848,659.5624,0,1794.395,0,0,-6.12288e-14,4.263256e-14
naive,2026-01-05 07:00:00,28,7,30.11548,3328.738,442.1403,0,47.08813,1,1,2330.117,2329.799,551.3855,302.272,853.6575,2,0,0,53.65748,800,0,133.8912,420.9339,0.2104669,0.2861783,0.3172331,0,250,0.3172331,1778.414,38.58382,52.4658,310.5724,0,8.50431,471.9418,360.1999,111.7419,664.1943,0,1805.102,0,5.684342e-14,-9.897638e-14,4.263256e-14
naive,2026-01-05 07:15:00,29,7.25,29.951,3358.606,410.0876,0,41.98492,1,1,2351.024,2350.707,551.6714,302.398,854.0694,2,0,0,54.06942,800,0,144.5205,384.7375,0.1923688,0.2650559,0.3172331,0,250,0.3172331,1799.036,38.95118,52.6388,267.8104,0,3.033741,474.4377,363.0462,111.3916,666.0564,0,1734.867,0,0,3.652634e-14,4.263256e-14
naive,2026-01-05 07:30:00,30,7.5,30.03663,3380.148,394.2424,3.778364,31.06102,1,1,2366.103,2365.786,551.77,302.4414,854.2114,2,0,0,54.21142,800,0,153.3727,346.3338,0.1731669,0.2422636,0.3172331,0,250,0.3172331,1814.016,39.01634,52.54874,243.0382,1.609899,0,478.3901,366.7664,111.6236,669.2079,0,1701.316,0,5.684342e-14,-1.085521e-13,4.263256e-14
naive,2026-01-05 07:45:00,31,7.75,30.20966,3411.217,357.2683,1.211574,39.77921,1,1,2387.852,2387.534,551.52,302.3312,853.8512,2,0,0,53.8512,800,0,161.2646,305.9631,0.1529816,0.2180813,0.3172331,0,250,0.3172331,1836.014,38.68254,52.36675,198.2241,0,1.096667,484.6523,372.6482,112.0041,675.202,0,1633.428,0,0,1.915135e-14,4.263256e-14
naive,2026-01-05 08:00:00,32,8,30.17614,3397.909,323.7826,271.5558,39.11652,1,1,2378.536,2378.219,551.5533,302.3459,853.8993,2,0,0,53.89929,800,0,167.4276,264.058,0.132029,0.1926605,0.3172331,0,250,0.3172331,1826.666,38.73154,52.40201,158.5439,269.367,0.3849777,482.4006,370.4734,111.9271,672.8975,0,2024.989,0,-5.684342e-14,-4.277134e-14,4.263256e-14
naive,2026-01-05 08:15:00,33,8.25,30.48003,3427.676,280.6224,269.3832,58.00998,1,1,2399.373,2399.056,551.5647,302.351,853.9157,2,0,0,53.91566,800,0,180.3946,218.9178,0.1094589,0.1662735,0.3172331,0,250,0.3172331,1847.491,38.61223,52.08239,110.5793,259.0317,19.39775,489.9483,377.2549,112.6934,683.5668,0,1946.12,0,0,-2.989275e-14,4.263256e-14
naive,2026-01-05 08:30:00,34,8.5,30.68988,3423.23,234.1388,267.9924,68.61192,1,1,2396.261,2395.944,640.5136,329.9343,970.4479,2,97.76189,17.97008,54.71597,800,0,75.5335,200,0.1,0.1378494,0.3172331,0,250,0.3172331,1755.43,39.09352,51.86168,60.84343,250.0223,29.5184,491.6302,360.1538,131.4764,696.1443,0,1870.188,0,-5.684342e-14,2.053913e-15,4.263256e-14
naive,2026-01-05 08:45:00,35,8.75,31.01904,3456.51,183.421,271.8298,89.71234,1,1,2419.557,2419.24,1094.6,461.4463,1556.046,4,175.0338,25.11358,55.89897,800,500,0,324.9685,0.1624843,0.1259371,0.3172331,0,250,0.3172331,1324.64,39.79155,51.51549,8.387256,246.7162,49.92078,500.1249,273.8044,226.3205,745.5693,0,1873.237,0,5.684342e-14,1.24345e-13,4.263256e-14
naive,2026-01-05 09:00:00,36,9,31.35123,3466.728,151.8239,268.5877,103.3239,1,1,2426.71,2426.393,554.2912,303.5529,857.8441,2,0,0,57.84413,800,0,207.2336,273.109,0.1365545,0.2046279,0.3172331,0,250,0.3172331,1872.101,41.02249,51.16611,0,236.6209,62.30142,505.4208,389.9102,115.5106,706.4389,0,1763.487,0,0,4.884981e-14,4.263256e-14
naive,2026-01-05 09:15:00,37,9.25,31.43982,3533.827,120.3297,273.2491,112.4531,1,1,2473.679,2473.362,555.9307,304.2757,860.2064,2,0,0,60.20643,800,0,212.9951,219.8172,0.1099086,0.1719727,0.3172331,0,250,0.3172331,1917.431,42.65514,51.07294,0,234.8871,69.79797,516.251,400.1634,116.0877,719.0058,0,1785.735,0,0,-1.881828e-14,4.263256e-14
naive,2026-01-05 09:30:00,38,9.5,31.56345,3524.631,90.43821,275.4408,107.2455,1,1,2467.242,2466.925,661.6914,339.7093,1001.401,3,94.07376,44.54321,62.78374,800,0,79.13036,200,0.1,0.1384157,0.3172331,0,250,0.3172331,1805.233,44.41902,50.94291,0,230.8976,62.82647,516.3733,377.8204,138.5529,730.6787,0,1802.345,0,-5.684342e-14,-4.551914e-15,4.263256e-14
naive,2026-01-05 09:45:00,39,9.75,31.77441,3485.252,85.82876,276.6495,99.21224,1,1,2439.676,2439.359,1115.472,471.1179,1586.59,4,171.0819,50.46366,65.04456,800,500,0,324.9685,0.1624843,0.1259371,0.3172331,0,250,0.3172331,1323.887,45.90876,50.72103,0,226.1859,53.30349,513.096,278.4308,234.6652,760.7591,0,1854.628,0,-5.684342e-14,1.24345e-13,4.263256e-14
naive,2026-01-05 10:00:00,40,10,32.11692,3519.771,78.51711,280.4092,129.9639,1,1,2463.84,2463.523,560.5868,306.3284,866.9152,2,0,0,66.91519,800,0,225.0689,268.6501,0.1343251,0.2046279,0.3172331,0,250,0.3172331,1902.936,47.0457,50.3608,0,224.2909,82.9182,522.3166,403.4089,118.9077,727.3153,0,1784.876,0,0,-3.641532e-14,4.263256e-14
naive,2026-01-05 10:15:00,41,10.25,32.4778,3535.725,55.90546,281.8529,171.8916,1,1,2475.007,2474.69,562.5578,307.1972,869.755,2,0,0,69.75504,800,0,228.3337,211.5244,0.1057622,0.1691651,0.3172331,0,250,0.3172331,1912.132,48.84091,49.98124,0,220.2641,123.0507,529.137,408.7988,120.3382,742.3033,0,1808.333,0,0,2.88658e-14,4.263256e-14
naive,2026-01-05 10:30:00,42,10.5,32.63957,3539.935,53.12743,279.1406,197.2287,1,1,2477.954,2477.637,703.547,355.2982,1058.845,3,118.1414,66.83319,73.87069,800,0,45.96448,200,0.1,0.1331938,0.3172331,0,250,0.3172331,1774.09,51.627,49.8111,0,212.3074,145.6017,531.7901,380.7349,151.0553,767.2805,0,1844.754,0,-5.684342e-14,2.720046e-15,4.263256e-14
naive,2026-01-05 10:45:00,43,10.75,32.82043,3576.094,55.51568,283.4852,211.6869,1,1,2503.266,2502.949,1132.266,479.6584,1611.925,4,161.525,71.77058,78.62936,800,500,0,324.9685,0.1624843,0.1259371,0.3172331,0,250,0.3172331,1370.682,54.83899,49.62089,0,211.7146,156.8479,539.5257,295.4214,244.1043,808.885,0,1927.154,0,-5.684342e-14,1.24345e-13,4.263256e-14
naive,2026-01-05 11:00:00,44,11,32.98096,3645.251,44.96555,285.2325,231.849,0,0,2551.676,2551.358,572.1954,311.446,883.6413,2,0,0,83.64134,800,0,235.6979,265.9929,0.1329964,0.2046279,0.3172331,0,250,0.3172331,1979.163,58.22712,49.45205,0,208.6502,173.6219,552.0604,428.1961,123.8643,0,777.2056,4578.919,0,1.136868e-13,-7.993606e-15,4.263256e-14
naive,2026-01-05 11:15:00,45,11.25,33.17295,3656.311,43.75393,292.6315,249.6054,0,0,2559.417,2559.1,575.9621,313.1065,889.0686,2,0,0,89.0686,800,0,237.7979,206.5015,0.1032508,0.1674918,0.3172331,0,250,0.3172331,1983.138,61.86851,49.25012,0,211.4125,187.7369,556.2771,431.0256,125.2516,0,784.9358,4626.427,0,5.684342e-14,3.408385e-14,4.263256e-14
naive,2026-01-05 11:30:00,46,11.5,33.41212,3653.661,46.90131,296.8918,265.9102,0,0,2557.562,2557.245,739.1057,369.7717,1108.877,3,128.2502,85.81487,94.81236,800,0,25.87604,200,0.1,0.130031,0.3172331,0,250,0.3172331,1818.139,65.67681,48.99858,0,211.0769,200.2334,559.0707,397.4364,161.6343,0,810.9782,4769.364,0,-1.136868e-13,9.714451e-16,4.263256e-14
naive,2026-01-05 11:45:00,47,11.75,33.66541,3708.712,47.05679,295.8757,280.6997,0,0,2596.099,2595.781,1153.008,489.9539,1642.962,4,151.8449,90.30587,100.8113,800,500,0,324.9685,0.1624843,0.1259371,0.3172331,0,250,0.3172331,1442.773,69.62803,48.73218,0,205.5698,211.0717,570.9721,317.3159,253.6562,0,853.6918,4995.089,0,5.684342e-14,1.24345e-13,4.263256e-14
naive,2026-01-05 12:00:00,48,12,34.2024,3746.973,62.80594,298.6622,308.5675,0,0,2622.881,2622.564,588.4118,318.595,907.0068,2,0,0,107.0068,800,0,244.2504,263.8548,0.1319274,0.2046279,0.3172331,0,250,0.3172331,2034.152,73.4474,48.16741,0,204.0736,235.1201,584.4553,453.2691,131.1862,0,824.2557,4831.245,0,5.684342e-14,-7.993606e-15,4.263256e-14
naive,2026-01-05 12:15:00,49,12.25,34.39962,3750.127,63.66591,299.5407,327.6555,0,0,2625.089,2624.772,593.107,320.6648,913.7718,2,0,0,113.7718,800,0,246.6426,202.1526,0.1010763,0.1661455,0.3172331,0,250,0.3172331,2031.665,77.9113,47.95998,0,200.7874,249.7442,587.7887,454.9139,132.8748,0,831.4995,4865.65,0,-5.684342e-14,-3.058664e-14,4.263256e-14
naive,2026-01-05 12:30:00,50,12.5,34.62271,3739.101,55.7032,301.9786,346.8659,0,0,2617.371,2617.054,776.2775,385.0321,1161.31,3,137.7217,102.7691,120.8188,800,0,8.48304,200,0.1,0.1272925,0.3172331,0,250,0.3172331,1840.776,82.52146,47.72535,0,199.2095,264.3445,589.2986,414.449,174.8496,0,858.9981,5014.435,0,5.684342e-14,-2.775558e-17,4.263256e-14
naive,2026-01-05 12:45:00,51,12.75,34.939,3763.642,45.52239,309.5564,360.1327,0,0,2634.55,2634.232,1177.576,501.6665,1679.242,4,144.4302,106.6752,128.1367,800,500,0,324.9685,0.1624843,0.1259371,0.3172331,0,250,0.3172331,1456.657,87.19551,47.39269,0,202.8812,272.9372,597.8495,330.5542,267.2953,0,894.1575,5214.52,0,-5.684342e-14,1.24345e-13,4.263256e-14
naive,2026-01-05 13:00:00,52,13,35.06527,3746.89,49.9335,299.3294,374.401,0,0,2622.823,2622.506,608.2238,327.329,935.5528,2,0,0,135.5528,800,0,253.1049,261.6411,0.1308206,0.2046279,0.3172331,0,250,0.3172331,2014.282,92.10513,47.25988,0,188.7526,282.2959,597.0704,458.5396,138.5308,0,850.1317,4948.155,0,0,-3.641532e-14,4.263256e-14
naive,2026-01-05 13:15:00,53,13.25,35.26276,3735.05,58.06756,297.9132,397.7796,0,0,2614.535,2614.218,619.3635,332.24,951.6035,2,0,8.519368,143.0841,800,0,246.3998,200,0.1,0.1647516,0.3172331,0,250,0.3172331,1994.854,96.99644,47.05218,0,183.7751,300.7832,598.1416,456.3738,141.7678,0,857.4256,4979.919,0,-5.684342e-14,9.686696e-15,4.263256e-14
naive,2026-01-05 13:30:00,54,13.5,35.50293,3720.094,57.53639,295.7427,418.0868,0,0,2604.066,2603.748,1196.938,510.8188,1707.757,4,139.2494,117.5413,150.9661,800,500,0,324.9685,0.1624843,0.1259371,0.3172331,0,250,0.3172331,1406.81,102.0496,46.79958,0,178.2014,316.0372,599.3691,323.8008,275.5683,0,907.3608,5245.232,0,0,1.24345e-13,4.263256e-14
naive,2026-01-05 13:45:00,55,13.75,35.8333,3742.269,62.18188,295.5146,437.2706,0,0,2619.588,2619.271,624.5689,334.5348,959.1037,2,0,0,159.1037,800,0,258.545,260.2811,0.1301406,0.2046279,0.3172331,0,250,0.3172331,1994.702,107.1299,46.45211,0,174.7333,330.1408,608.0278,462.9866,145.0412,0,874.1498,5056.98,0,5.684342e-14,4.884981e-14,4.263256e-14
naive,2026-01-05 14:00:00,56,14,35.88082,3783.831,57.30793,297.7682,467.1856,1,1,2648.682,2648.364,643.8013,343.0134,986.8146,2,0,19.35507,167.4596,800,0,240.9605,200,0.1,0.1638952,0.3172331,0,250,0.3172331,2004.563,112.6925,46.40213,0,173.8666,354.4931,615.5273,465.8406,149.6868,891.2346,0,2030.187,0,-1.136868e-13,3.330669e-15,4.263256e-14
naive,2026-01-05 14:15:00,57,14.25,36.26976,3777.829,50.19668,304.5553,507.2302,1,1,2644.48,2644.163,1217.759,520.5002,1738.26,4,135.0262,126.9519,176.2815,800,500,0,324.9685,0.1624843,0.1259371,0.3172331,0,250,0.3172331,1426.404,118.0807,45.99307,0,177.6034,389.1494,620.7225,334.8109,285.9116,946.6538,0,2147.931,0,-1.136868e-13,1.24345e-13,4.263256e-14
naive,2026-01-05 14:30:00,58,14.5,36.4205,3815.35,56.61077,302.3994,503.0651,1,1,2670.745,2670.428,643.102,342.7051,985.8071,2,0,0,185.8071,800,0,263.5776,259.023,0.1295115,0.2046279,0.3172331,0,250,0.3172331,2027.326,124.2373,45.83453,0,172.3854,378.8277,629.3369,477.7209,151.6159,909.6934,0,2065.188,0,0,-1.216804e-13,4.263256e-14
naive,2026-01-05 14:45:00,59,14.75,36.62758,3745.996,37.40964,292.447,498.8519,1,1,2622.197,2621.88,669.7461,354.4511,1024.197,3,0,29.26637,194.9308,800,0,235.9287,200,0.1,0.163103,0.3172331,0,250,0.3172331,1952.134,130.0148,45.61674,0,159.5112,368.8371,621.2315,462.4851,158.7464,904.3183,0,2032.475,0,-1.136868e-13,1.029732e-14,4.263256e-14
naive,2026-01-05 15:00:00,60,15,36.90945,3737.967,48.37529,287.6713,525.4458,1,1,2616.577,2616.259,1239.392,530.5541,1769.946,4,130.6785,135.5943,203.6734,800,500,0,324.9685,0.1624843,0.1259371,0.3172331,0,250,0.3172331,1376.867,135.3867,45.32028,0,152.077,390.0591,624.4872,328.6111,295.8761,952.259,0,2115.866,0,0,1.24345e-13,4.263256e-14
naive,2026-01-05 15:15:00,61,15.25,37.15178,3684.91,55.36126,295.6488,535.1335,1,1,2579.437,2579.12,661.8191,350.9565,1012.776,3,0,0,212.7756,800,0,267.4166,258.0632,0.1290316,0.2046279,0.3172331,0,250,0.3172331,1917.301,141.0246,45.06541,0,157.5614,394.1089,619.5648,460.5237,159.0411,906.1428,0,2033.38,0,-5.684342e-14,-1.216804e-13,4.263256e-14
naive,2026-01-05 15:30:00,62,15.5,37.43031,3706.604,48.33054,288.06,543.5996,1,1,2594.623,2594.305,693.5582,364.9486,1058.507,3,0,36.6746,221.8322,800,0,232.0903,200,0.1,0.1624986,0.3172331,0,250,0.3172331,1900.747,146.5329,44.77246,0,147.4314,397.0666,627.8327,459.9325,167.9002,920.9612,0,2045.872,0,1.705303e-13,9.436896e-15,4.263256e-14
naive,2026-01-05 15:45:00,63,15.75,37.57672,3730.578,54.30597,284.1393,562.129,1,1,2611.405,2611.087,1260.393,540.2656,1800.659,4,126.8695,142.9689,230.8204,800,500,0,324.9685,0.1624843,0.1259371,0.3172331,0,250,0.3172331,1350.694,152.1998,44.61848,0,141.1704,409.9292,634.3657,328.1123,306.2534,967.9584,0,2129.24,0,-2.273737e-13,1.24345e-13,4.263256e-14
naive,2026-01-05 16:00:00,64,16,37.68236,3666.442,77.96262,279.5643,549.0633,1,1,2566.509,2566.192,680.6883,359.275,1039.963,3,0,0,239.9633,800,0,270.9103,257.1898,0.1285949,0.2046279,0.3172331,0,250,0.3172331,1885.504,158.0257,44.50737,0,134.3896,391.0376,625.2246,459.3256,165.899,913.8608,0,2009.473,0,0,-7.993606e-15,4.263256e-14
naive,2026-01-05 16:15:00,65,16.25,37.81591,3637.597,87.03931,280.0631,558.4068,1,1,2546.318,2546.001,716.9454,375.2589,1092.204,3,0,43.64571,248.5585,800,0,228.5972,200,0.1,0.1619486,0.3172331,0,250,0.3172331,1829.055,163.4205,44.36692,0,132.8209,394.9864,622.5335,447.1744,175.3591,919.001,0,2017.205,0,0,2.581269e-15,4.263256e-14
naive,2026-01-05 16:30:00,66,16.5,37.76202,3631.776,99.51818,281.1138,550.4025,1,1,2542.243,2541.926,1281.108,549.6886,1830.797,4,124.4255,149.2546,257.1169,800,500,0,324.9685,0.1624843,0.1259371,0.3172331,0,250,0.3172331,1260.818,169.1582,44.42359,0,131.8591,381.2443,620.638,307.8034,312.8345,950.5653,0,2078.611,0,0,1.24345e-13,4.263256e-14
naive,2026-01-05 16:45:00,67,16.75,37.98083,3582.84,124.367,275.3086,532.1098,1,1,2507.988,2507.671,698.2461,367.0153,1065.261,3,0,0,265.2615,800,0,275.2764,256.0982,0.1280491,0.2046279,0.3172331,0,250,0.3172331,1809.424,174.0522,44.19346,0.3131974,124.0859,358.0576,615.8941,444.3458,171.5483,899.2904,0,1963.452,0,0,1.056932e-13,4.263256e-14
naive,2026-01-05 17:00:00,68,17,37.9218,3555.281,147.768,278.7412,524.6101,1,1,2488.697,2488.379,740.178,385.501,1125.679,3,0,52.8741,272.8049,800,0,224.2317,200,0.1,0.1612613,0.3172331,0,250,0.3172331,1748.201,179.1307,44.25554,23.70961,125.6937,345.4794,610.1838,428.6276,181.5562,898.8339,0,2005.601,0,0,-4.718448e-15,4.263256e-14
naive,2026-01-05 17:15:00,69,17.25,37.78429,3525.545,173.546,272.3508,474.8275,1,1,2467.881,2467.564,1300.857,558.3977,1859.255,4,124.402,154.8691,279.984,800,500,0,324.9685,0.1624843,0.1259371,0.3172331,0,250,0.3172331,1166.707,184.1527,44.40017,49.144,117.4817,290.6748,602.8444,284.9986,317.8459,914.4012,0,2066.282,0,-2.273737e-13,1.24345e-13,4.263256e-14
naive,2026-01-05 17:30:00,70,17.5,38.06329,3525.285,213.5703,268.9449,453.444,1,1,2467.699,2467.382,712.5998,373.3431,1085.943,3,0,0,285.9429,800,0,281.6515,254.5045,0.1272522,0.2046279,0.3172331,0,250,0.3172331,1754.782,187.4338,44.10673,88.4663,112.3975,266.0102,607.3533,431.8892,175.464,870.7031,0,2038.276,0,0,4.884981e-14,4.263256e-14
naive,2026-01-05 17:45:00,71,17.75,38.03604,3499.379,258.9418,270.6058,444.2879,1,1,2449.565,2449.248,762.5729,395.3737,1157.947,3,0,66.62283,291.3238,800,0,217.8577,200,0.1,0.1602577,0.3172331,0,250,0.3172331,1686.675,191.0244,44.13539,132.5918,112.4753,253.2635,602.4456,414.8205,187.6251,872.4818,0,2118.052,0,-5.684342e-14,3.275158e-15,4.263256e-14
naive,2026-01-05 18:00:00,72,18,37.85643,3464.291,278.7903,10.15049,415.0374,1,1,2425.004,2424.687,1318.527,565.7367,1884.264,4,128.1916,159.6927,296.3798,800,500,0,324.9685,0.1624843,0.1259371,0.3172331,0,250,0.3172331,1106.159,194.7656,44.3243,150.5987,0,220.2719,593.521,270.733,322.7879,890.3814,0,1990.681,0,0,1.24345e-13,4.263256e-14
naive,2026-01-05 18:15:00,73,18.25,38.05623,3441.089,312.3153,7.754892,384.6577,1,1,2408.762,2408.445,722.8558,377.8645,1100.72,3,0,0,300.7203,800,0,287.8987,252.9427,0.1264713,0.2046279,0.3172331,0,250,0.3172331,1685.589,197.1372,44.11416,182.0607,0,187.5205,592.7341,414.7799,177.9542,838.7883,0,1942.003,0,0,-7.993606e-15,4.263256e-14
naive,2026-01-05 18:30:00,74,18.5,37.95193,3436.301,336.5886,3.556372,356.2467,0,0,2405.411,2405.094,778.6354,402.4549,1181.09,3,0,76.72203,304.3682,800,0,211.6114,200,0.1,0.1592743,0.3172331,0,250,0.3172331,1626.458,199.7826,44.22386,203.8737,0,156.4641,590.2432,399.1027,191.1405,0,839.9509,4921.66,0,-5.684342e-14,1.379452e-14,4.263256e-14
naive,2026-01-05 18:45:00,75,18.75,38.01269,3433.499,366.8334,3.136664,330.1983,0,0,2403.449,2403.132,1327.547,568.8514,1896.398,4,135.4332,153.5911,307.3736,800,500,0,324.9685,0.1624843,0.1259371,0.3172331,0,250,0.3172331,1075.585,201.6059,44.15995,231.4002,0,128.5925,590.7307,264.3623,326.3684,0,864.8197,5105.994,0,0,1.24345e-13,4.263256e-14
naive,2026-01-05 19:00:00,76,19,37.80928,3420.688,387.212,7.994744,304.001,0,0,2394.482,2394.164,729.1664,380.6465,1109.813,3,0,0,309.8129,800,0,290.0894,252.395,0.1261975,0.2046279,0.3172331,0,250,0.3172331,1664.998,203.71,44.37389,248.734,0,100.291,585.3077,406.9926,178.3152,0,812.1542,4845.994,0,-1.136868e-13,4.884981e-14,4.263256e-14
naive,2026-01-05 19:15:00,77,19.25,37.66721,3443.256,409.2437,8.019681,286.7577,0,0,2410.28,2409.962,787.4046,406.3208,1193.725,3,0,82.03339,311.692,800,0,209.4211,200,0.1,0.1589294,0.3172331,0,250,0.3172331,1622.558,205.2998,44.52331,267.5355,0,81.45799,586.9272,395.1091,191.8182,0,821.2656,4928.371,0,-5.684342e-14,1.262879e-14,4.263256e-14
naive,2026-01-05 19:30:00,78,19.5,37.32311,3417.403,404.2843,11.90063,259.0033,0,0,2392.182,2391.865,1335.197,571.0697,1906.267,4,145.1382,147.9293,313.1995,800,500,0,324.9685,0.1624843,0.1259371,0.3172331,0,250,0.3172331,1056.668,207.1549,44.88521,259.1461,0,51.84842,577.2003,254.9592,322.2411,0,838.5392,5008.497,0,0,1.24345e-13,4.263256e-14
naive,2026-01-05 19:45:00,79,19.75,36.93884,3405.796,391.069,4.653512,236.6126,0,0,2384.057,2383.74,732.1748,381.9727,1114.147,3,0,0,314.1475,800,0,294.6259,251.2609,0.1256304,0.2046279,0.3172331,0,250,0.3172331,1651.565,208.7476,45.28937,242.6505,0,27.86495,569.4321,394.4764,174.9557,0,783.1046,4674.697,0,-5.684342e-14,-7.993606e-15,4.263256e-14
naive,2026-01-05 20:00:00,80,20,36.66525,3406.68,380.6877,0,216.8388,0,0,2384.676,2384.359,795.6843,409.9709,1205.655,3,0,91.00431,314.6508,800,0,204.8853,200,0.1,0.1582153,0.3172331,0,250,0.3172331,1588.675,209.7708,45.57712,229.236,0,7.068003,565.5149,376.7469,188.7681,0,788.3939,4680.324,0,1.136868e-13,9.15934e-16,4.263256e-14
naive,2026-01-05 20:15:00,81,20.25,36.49667,3380.386,355.3114,0,202.0342,0,0,2366.27,2365.953,1339.732,571.9812,1911.714,4,154.2817,142.6548,314.777,800,500,0,324.9685,0.1624843,0.1259371,0.3172331,0,250,0.3172331,1026.221,210.2794,45.75442,201.0297,0,0,558.6932,242.298,316.3952,0,814.2793,4773.838,0,0,1.24345e-13,4.263256e-14
naive,2026-01-05 20:30:00,82,20.5,36.42914,3400.469,336.1061,2.03693,190.5017,0,0,2380.328,2380.011,732.5107,382.1208,1114.632,3,0,0,314.6316,800,0,297.6484,250.5053,0.1252526,0.2046279,0.3172331,0,250,0.3172331,1647.5,210.3523,45.82545,179.3728,0,0,561.0283,388.3054,172.7229,0,770.4263,4495.209,0,-1.136868e-13,-7.993606e-15,4.263256e-14
naive,2026-01-05 20:45:00,83,20.75,36.55949,3399.689,314.7992,3.392531,169.5894,0,0,2379.782,2379.465,799.0874,411.4711,1210.558,3,0,96.27298,314.2855,800,0,201.8633,200,0.1,0.1577395,0.3172331,0,250,0.3172331,1580.378,209.7931,45.68835,155.9048,0,0,562.8017,373.7481,189.0535,0,785.2192,4536.242,0,5.684342e-14,6.661338e-15,4.263256e-14
naive,2026-01-05 21:00:00,84,21,36.22418,3397.724,271.8961,0,132.2246,0,0,2378.406,2378.089,1340.443,571.5249,1911.968,4,160.7504,137.6246,313.5927,800,500,0,324.9685,0.1624843,0.1259371,0.3172331,0,250,0.3172331,1037.646,210.1719,46.04101,111.1457,0,0,557.6124,243.274,314.3383,0,814.799,4621.324,0,0,1.24345e-13,4.263256e-14
naive,2026-01-05 21:15:00,85,21.25,36.14575,3351.335,251.6277,0,111.189,0,0,2345.935,2345.617,730.8681,381.3967,1112.265,3,0,0,312.2648,800,0,298.0635,250.4015,0.1252007,0.2046279,0.3172331,0,250,0.3172331,1614.749,209.4778,46.12349,89.5697,0,0,548.8892,377.8104,171.0788,0,759.2071,4278.258,0,0,-7.993606e-15,4.263256e-14
naive,2026-01-05 21:30:00,86,21.5,35.84606,3331.783,220.1521,0,108.9664,0,0,2332.248,2331.931,796.3988,410.2858,1206.685,3,0,96.07533,310.6093,800,0,201.4482,200,0.1,0.1576741,0.3172331,0,250,0.3172331,1535.532,209.112,46.4387,57.05256,0,0,541.51,356.5255,184.9845,0,766.8113,4263.634,0,0,1.112999e-14,4.263256e-14
naive,2026-01-05 21:45:00,87,21.75,35.59769,3332.801,190.3582,0,85.5217,0,0,2332.96,2332.643,1336.255,569.3211,1905.576,4,163.7553,132.8789,308.9414,800,500,0,324.9685,0.1624843,0.1259371,0.3172331,0,250,0.3172331,996.3887,208.6029,46.69992,26.60289,0,0,538.2611,229.887,308.3741,0,799.2081,4388.997,0,0,1.24345e-13,4.263256e-14
naive,2026-01-05 22:00:00,88,22,35.16929,3344.894,161.4175,0,105.5262,0,0,2341.426,2341.109,727.1547,379.7596,1106.914,3,0,0,306.9143,800,0,295.4266,251.0607,0.1255304,0.2046279,0.3172331,0,250,0.3172331,1613.954,208.2861,47.15049,0,0,0,534.4039,368.3667,166.0372,0,748.1263,4061.651,0,0,-7.993606e-15,4.263256e-14
naive,2026-01-05 22:15:00,89,22.25,34.73746,3310.228,149.171,3.634985,90.73876,0,0,2317.16,2316.842,788.3425,406.7342,1195.077,3,0,89.83605,305.2407,800,0,204.0848,200,0.1,0.1580893,0.3172331,0,250,0.3172331,1528.5,208.2047,47.60466,0,0,0,523.1933,345.1212,178.0721,0,751.8554,4081.65,0,5.684342e-14,4.551914e-15,4.263256e-14
naive,2026-01-05 22:30:00,90,22.5,34.39401,3284.333,111.37,4.119467,86.4459,0,0,2299.033,2298.716,1329.41,566.291,1895.701,4,163.8629,128.49,303.3485,800,500,0,324.9685,0.1624843,0.1259371,0.3172331,0,250,0.3172331,969.3053,207.7476,47.96589,0,0,0,514.7097,217.009,297.7007,0,783.3001,4254.189,0,0,1.24345e-13,4.263256e-14
naive,2026-01-05 22:45:00,91,22.75,33.99361,3242.015,90.91622,5.638828,86.97925,0,0,2269.41,2269.093,723.3385,378.0773,1101.416,3,0,0,301.4158,800,0,290.4093,252.315,0.1261575,0.2046279,0.3172331,0,250,0.3172331,1545.754,207.3895,48.387,0,0,0,503.1167,342.6859,160.4308,0,720.7632,3909.762,0,-1.136868e-13,-7.993606e-15,4.263256e-14
naive,2026-01-05 23:00:00,92,23,33.74669,3202.734,82.16583,1.387428,80.85056,0,0,2241.914,2241.597,776.9898,401.7294,1178.719,3,0,79.20102,299.5182,800,0,209.1012,200,0.1,0.1588791,0.3172331,0,250,0.3172331,1464.607,206.6755,48.6467,0,0,0,494.0461,322.7525,171.2936,0,724.4819,3929.923,0,-1.136868e-13,-7.46625e-15,4.263256e-14
naive,2026-01-05 23:15:00,93,23.25,33.4065,3237.302,82.92995,0,72.50258,0,0,2266.112,2265.794,1320.867,562.7898,1883.657,4,161.6356,124.465,297.5565,800,500,0,324.9685,0.1624843,0.1259371,0.3172331,0,250,0.3172331,944.9271,206.1317,49.00449,0,0,0,495.2941,206.5286,288.7655,0,769.3184,4176.121,0,0,1.24345e-13,4.263256e-14
naive,2026-01-05 23:30:00,94,23.5,33.32031,3236.159,73.89765,0,74.60563,1,1,2265.311,2264.994,719.2296,376.2659,1095.495,3,0,0,295.4955,800,0,283.9392,253.9325,0.1269663,0.2046279,0.3172331,0,250,0.3172331,1545.764,204.9077,49.09514,0,0,0,494.0952,337.1522,156.943,713.4181,0,1371.604,0,0,-7.993606e-15,4.263256e-14
naive,2026-01-05 23:45:00,95,23.75,33.08878,3249.167,78.01112,0,68.02328,1,1,2274.417,2274.099,763.7655,395.8995,1159.665,3,0,66.15798,293.507,800,0,215.5703,200,0.1,0.1598976,0.3172331,0,250,0.3172331,1510.334,204.0724,49.33865,0,0,0,493.3408,327.6046,165.7362,723.5041,0,1391.502,0,-1.136868e-13,8.187895e-15,4.263256e-14
naive,2026-01-06 00:00:00,96,0,32.85951,3272.956,67.03518,0,49.82156,1,1,2291.069,2290.752,1002.661,434.9865,1437.648,3,56.74595,0,80.90174,800,500,0,324.9685,0.1624843,0.1259371,0.3172331,0,250,0.3172331,1288.091,56.39854,49.57978,10.28923,0,0,494.2492,277.878,216.3712,712.8645,0,1387.701,0,-5.684342e-14,1.24345e-13,4.263256e-14
naive,2026-01-06 00:15:00,97,0.25,32.7584,3263.226,79.98697,0.6246074,48.54268,1,1,2284.258,2283.941,559.5516,305.872,865.4236,2,0,0,65.42359,800,0,58.79948,310.2175,0.1551087,0.2046279,0.3172331,0,250,0.3172331,1724.389,45.66127,49.68613,25.58516,0,2.88141,491.6003,371.1096,120.4906,677.6017,0,1343.441,0,-1.136868e-13,-5.062617e-14,4.263256e-14
naive,2026-01-06 00:30:00,98,0.5,32.57776,3258.775,70.18168,3.028168,52.56762,1,1,2281.142,2280.825,582.8605,316.1477,899.0081,2,0,0,99.00811,800,0,48.20757,298.1168,0.1490584,0.1953394,0.3172331,0,250,0.3172331,1697.964,69.24408,49.87612,22.84523,2.157043,0,488.8392,363.8667,124.9725,680.0143,0,1347.047,0,0,-8.168466e-14,4.263256e-14
naive,2026-01-06 00:45:00,99,0.75,32.32823,3225.513,53.27576,0.3299304,53.81552,1,1,2257.859,2257.542,582.5697,316.0195,898.5891,2,0,0,98.58915,800,0,54.1076,284.5429,0.1422715,0.1877198,0.3172331,0,250,0.3172331,1674.972,69.14788,50.13856,2.77092,0,0,481.0204,356.8406,124.1798,672.86,0,1294.094,0,0,-1.045553e-13,4.263256e-14
naive,2026-01-06 01:00:00,100,1,32.07725,3209.861,29.58412,3.388234,55.86655,1,1,2246.903,2246.585,584.9879,317.0855,902.0734,2,0,0,102.0734,800,0,63.71949,268.5683,0.1342841,0.1791725,0.3172331,0,250,0.3172331,1661.597,71.7966,50.40252,0,1.948269,0,475.8872,351.9213,123.9659,669.0069,0,1284.672,0,0,-3.663736e-15,4.263256e-14
naive,2026-01-06 01:15:00,101,1.25,31.82898,3223.641,27.577,9.244994,48.02605,1,1,2256.549,2256.232,581.8876,315.7188,897.6063,2,0,0,97.60633,800,0,73.03188,250.268,0.125134,0.1691135,0.3172331,0,250,0.3172331,1674.344,68.8484,50.66364,0,6.959173,0,475.1818,352.5817,122.6001,668.3005,0,1291.609,0,0,4.071743e-14,4.263256e-14
naive,2026-01-06 01:30:00,102,1.5,31.74414,3259.322,35.49691,2.731786,49.10809,1,1,2281.526,2281.208,572.3807,311.5277,883.9084,2,0,0,83.9084,800,0,68.6445,233.0675,0.1165337,0.1575901,0.3172331,0,250,0.3172331,1708.828,59.24327,50.75287,0,0,0,479.499,359.1374,120.3616,670.6651,0,1284.233,0,5.684342e-14,-2.309264e-14,4.263256e-14
naive,2026-01-06 01:45:00,103,1.75,31.6275,3278.279,42.92353,2.087798,32.86348,1,1,2294.796,2294.478,555.3444,304.0172,859.3616,2,0,0,59.36157,800,0,55.77186,219.0878,0.1095439,0.1467592,0.3172331,0,250,0.3172331,1739.134,41.96744,50.87555,0,0.8747242,0,480.9909,364.5238,116.4671,668.541,0,1281.356,0,0,2.245426e-14,4.263256e-14
naive,2026-01-06 02:00:00,104,2,31.46456,3249.516,43.95822,0.6561526,39.32527,1,1,2274.661,2274.344,559.0243,305.6395,864.6639,2,0,0,64.66386,800,0,58.47008,204.4358,0.1022179,0.1379564,0.3172331,0,250,0.3172331,1715.32,45.80035,51.04692,0,0.6561526,0,474.9863,358.1866,116.7996,663.8262,0,1271.356,0,-5.684342e-14,3.338996e-14,4.263256e-14
naive,2026-01-06 02:15:00,105,2.25,31.36757,3227.543,43.37463,0.300529,26.6521,1,1,2259.28,2258.963,572.9488,307.7804,880.7292,2,33.60596,0,47.12322,800,0,17.6146,200,0.1,0.1287302,0.3172331,0,250,0.3172331,1686.014,33.41316,51.14892,0,0.300529,0,470.7258,351.2846,119.4412,659.065,0,1261.106,0,-5.684342e-14,-3.330669e-16,4.263256e-14
naive,2026-01-06 02:30:00,106,2.5,31.10567,3248.203,33.42561,0,22.47962,1,1,2273.742,2273.425,974.2433,422.9495,1397.193,3,52.61862,0,44.57411,800,500,0,324.9685,0.1624843,0.1259371,0.3172331,0,250,0.3172331,1299.181,31.69909,51.42438,0,0,0,470.9123,269.0721,201.8402,692.0215,0,1326.191,0,-1.136868e-13,1.24345e-13,4.263256e-14
naive,2026-01-06 02:45:00,107,2.75,30.99415,3259.888,55.07811,0,23.93594,1,1,2281.922,2281.604,537.6329,296.2091,833.842,2,0,0,33.84197,800,0,69.05555,307.6535,0.1538267,0.2046279,0.3172331,0,250,0.3172331,1743.971,24.09706,51.54166,0,0,0,471.4088,360.2768,111.1319,656.4859,0,1254.988,0,0,7.727152e-14,4.263256e-14
naive,2026-01-06 03:00:00,108,3,30.64447,3271.613,58.95506,0,39.87128,1,1,2290.129,2289.812,547.25,300.4488,847.6988,2,0,0,47.69884,800,0,68.50921,290.4777,0.1452389,0.1937249,0.3172331,0,250,0.3172331,1742.562,34.09724,51.90944,2.121167,0,5.774041,469.3746,357.1477,112.2269,658.7799,0,1262.821,0,-5.684342e-14,-8.157364e-14,4.263256e-14
naive,2026-01-06 03:15:00,109,3.25,30.66989,3274.718,65.05183,2.173278,38.93706,1,1,2292.302,2291.985,547.5913,300.5993,848.1906,2,0,0,48.19064,800,0,67.64247,273.5214,0.1367607,0.1829096,0.3172331,0,250,0.3172331,1744.394,34.439,51.88271,3.934117,0,4.498054,470.0893,357.7281,112.3613,659.2498,0,1266.918,0,5.684342e-14,-1.141309e-13,4.263256e-14
naive,2026-01-06 03:30:00,110,3.5,30.54343,3304.242,66.89317,2.347535,46.23475,1,1,2312.969,2312.652,557.7705,305.0868,862.8572,2,0,0,62.85723,800,0,60.60233,258.3278,0.1291639,0.1722324,0.3172331,0,250,0.3172331,1754.882,44.98393,52.01571,8.240751,0.3976221,1.250817,472.9783,358.8552,114.1232,664.1977,0,1284.779,0,-5.684342e-14,5.384582e-15,4.263256e-14
naive,2026-01-06 03:45:00,111,3.75,30.44377,3303.492,63.82236,0.9895873,45.41817,1,1,2312.445,2312.127,538.8498,296.7456,835.5955,2,0,0,35.59545,800,0,81.40535,237.9357,0.1189679,0.1626652,0.3172331,0,250,0.3172331,1773.278,25.50236,52.12053,0,0,19.91582,471.8134,361.8059,110.0075,662.615,0,1266.594,0,-5.684342e-14,-5.456746e-14,4.263256e-14
naive,2026-01-06 04:00:00,112,4,30.4132,3334.138,87.62528,0,29.31371,1,1,2333.897,2333.579,538.7571,296.7047,835.4618,2,0,0,35.46184,800,0,83.3161,217.0693,0.1085346,0.1498247,0.3172331,0,250,0.3172331,1794.822,25.4153,52.15268,8.433601,0,3.89841,475.8637,365.9505,109.9131,663.4501,0,1282.776,0,5.684342e-14,2.062239e-14,4.263256e-14
naive,2026-01-06 04:15:00,113,4.25,30.3181,3336.961,101.6467,0,33.84745,1,1,2335.873,2335.556,552.3493,301.7184,854.0678,2,8.224938,0.2702889,45.57253,800,0,68.14038,200,0.1,0.1366853,0.3172331,0,250,0.3172331,1783.206,32.69625,52.2527,25.28135,0,1.151207,475.253,362.8084,112.4447,664.761,0,1314.348,0,0,-1.387779e-16,4.263256e-14
naive,2026-01-06 04:30:00,114,4.5,30.2075,3327.465,112.5731,0,35.81366,1,1,2329.226,2328.908,1010.365,432.5257,1442.891,3,105.9816,0.4080103,36.50126,800,500,0,324.9685,0.1624843,0.1259371,0.3172331,0,250,0.3172331,1318.543,26.22031,52.36903,6.591557,0,9.593342,472.7304,267.6063,205.1241,702.0791,0,1356.613,0,-5.684342e-14,1.24345e-13,4.263256e-14
naive,2026-01-06 04:45:00,115,4.75,30.30166,3292.516,133.7447,0,43.64453,1,1,2304.761,2304.444,536.494,295.7071,832.2011,2,0,0,32.20108,800,0,127.8139,292.9639,0.1464819,0.2046279,0.3172331,0,250,0.3172331,1767.95,23.10707,52.26999,5.930791,0,20.53746,468.7507,359.5721,109.1786,659.4561,0,1270.339,0,0,-7.993606e-15,4.263256e-14
naive,2026-01-06 05:00:00,116,5,30.2707,3303.167,152.819,0,60.21561,1,1,2312.217,2311.9,537.2487,296.0397,833.2884,2,0,0,33.28838,800,0,152.7805,254.7227,0.1273613,0.1844751,0.3172331,0,250,0.3172331,1774.651,23.89555,52.30255,0.03848733,0,36.32006,469.9415,360.6851,109.2564,664.1066,0,1269.439,0,0,3.375078e-14,4.263256e-14
naive,2026-01-06 05:15:00,117,5.25,30.12243,3328.381,192.0785,0.4097104,60.82017,1,1,2329.867,2329.549,545.5891,299.7166,845.3057,2,0,0,45.30566,800,0,202.4879,204.0606,0.1020303,0.1603951,0.3172331,0,250,0.3172331,1783.96,32.5757,52.45849,0,0,28.24446,471.9642,361.3792,110.585,666.8173,0,1274.619,0,-5.684342e-14,2.417511e-14,4.263256e-14
naive,2026-01-06 05:30:00,118,5.5,30.1693,3332.419,239.0623,1.76923,55.9019,1,1,2332.693,2332.376,688.7256,337.1009,1025.826,3,216.1864,0.2087991,9.43124,800,0,16.11384,200,0.1,0.128494,0.3172331,0,250,0.3172331,1643.65,6.777719,52.4092,6.762038,1.560431,49.12418,473.0308,333.3046,139.7263,680.367,0,1316.13,0,-1.136868e-13,-8.604228e-16,4.263256e-14
naive,2026-01-06 05:45:00,119,5.75,29.95366,3308.628,270.1617,11.32621,49.4912,1,1,2316.04,2315.723,1118.735,460.5323,1579.267,4,272.1565,0,7.110372,800,500,0,324.9685,0.1624843,0.1259371,0.3172331,0,250,0.3172331,1196.988,5.122104,52.636,0,11.32621,44.36909,467.4055,241.567,225.8385,711.0536,0,1382.429,0,0,1.24345e-13,4.263256e-14
naive,2026-01-06 06:00:00,120,6,30.19536,3269.504,317.2205,9.98276,67.50738,1,1,2288.653,2288.335,545.6178,299.7293,845.3471,2,0,0,45.3471,800,0,320.0838,244.8964,0.1224482,0.2046279,0.3172331,0,250,0.3172331,1742.718,32.57904,52.38179,0,9.98276,34.92834,464.3701,353.5993,110.7708,660.4156,0,1279.122,0,0,-7.993606e-15,4.263256e-14
naive,2026-01-06 06:15:00,121,6.25,30.21334,3281.046,358.4768,6.915134,63.40076,1,1,2296.732,2296.415,673.8198,334.992,1008.812,3,178.6749,0,30.13695,800,0,179.4315,200,0.1,0.1542077,0.3172331,0,250,0.3172331,1622.595,21.64717,52.36288,0.3704929,6.915134,41.75359,466.1964,329.3584,136.838,672.8257,0,1299.311,0,0,-1.265654e-14,4.263256e-14
naive,2026-01-06 06:30:00,122,6.5,30.27669,3345.309,397.662,0,83.37035,1,1,2341.716,2341.399,1260.28,507.992,1768.272,4,397.7494,0,70.52229,800,500,0,324.9685,0.1624843,0.1259371,0.3172331,0,250,0.3172331,1081.119,50.61995,52.29625,0,0,32.7504,476.0008,219.7592,256.2416,734.4084,0,1409.983,0,1.705303e-13,1.24345e-13,4.263256e-14
naive,2026-01-06 06:45:00,123,6.75,30.64408,3326.171,414.0883,2.673211,75.09663,1,1,2328.32,2328.002,547.103,300.384,847.487,2,0,0,47.48699,800,0,430.3723,217.3243,0.1086621,0.2046279,0.3172331,0,250,0.3172331,1780.899,33.94595,51.90985,0,2.673211,41.15068,477.1977,365.0019,112.1958,673.8199,0,1293.852,0,0,-6.483702e-14,4.263256e-14
naive,2026-01-06 07:00:00,124,7,31.00953,3330.678,425.4008,5.557054,61.71198,1,1,2331.474,2331.157,849.2488,389.2154,1238.464,3,372.98,0,65.4842,800,0,69.16027,200,0.1,0.1368459,0.3172331,0,250,0.3172331,1481.908,46.61976,51.52549,0,5.557054,15.09222,481.814,306.2458,175.5682,698.5801,0,1348.78,0,-5.684342e-14,-6.411538e-15,4.263256e-14
naive,2026-01-06 07:15:00,125,7.25,31.12204,3353.845,425.9694,1.79391,55.95432,1,1,2347.692,2347.375,1261.365,507.0029,1768.368,4,410.0876,0,58.28066,800,500,0,324.9685,0.1624843,0.1259371,0.3172331,0,250,0.3172331,1086.009,41.43893,51.40716,15.88172,1.79391,14.51539,486.4094,225.0061,261.4033,735.0164,0,1442.69,0,5.684342e-14,1.24345e-13,4.263256e-14
naive,2026-01-06 07:30:00,126,7.5,31.31602,3396.212,406.7112,0.3520744,32.27652,1,1,2377.349,2377.031,544.0984,299.0595,843.1579,2,0,0,43.15788,800,0,398.0208,225.4122,0.1127061,0.2046279,0.3172331,0,250,0.3172331,1832.933,30.6193,51.20315,12.4688,0,1.657219,494.741,381.4448,113.2963,680.8491,0,1325.603,0,-5.684342e-14,-6.483702e-14,4.263256e-14
naive,2026-01-06 07:45:00,127,7.75,31.58426,3384.161,377.8441,0,43.89918,1,1,2368.913,2368.596,752.0441,360.307,1112.351,3,255.7616,1.211574,55.3779,800,0,101.5067,200,0.1,0.1419387,0.3172331,0,250,0.3172331,1616.552,39.17023,50.92102,20.57582,0,4.728954,496.0315,338.493,157.5385,699.7902,0,1377.788,0,-1.136868e-13,-3.497203e-15,4.263256e-14
naive,2026-01-06 08:00:00,128,8,31.94174,3404.296,330.718,262.9838,55.03665,1,1,2383.007,2382.69,1380.142,569.632,1949.773,4,323.7826,271.5558,54.43503,800,500,0,324.9685,0.1624843,0.1259371,0.3172331,0,250,0.3172331,1002.549,38.34763,50.54505,6.935416,0,16.68901,503.1254,211.6685,291.4568,784.824,0,1524.748,0,0,1.24345e-13,4.263256e-14
naive,2026-01-06 08:15:00,129,8.25,32.07402,3430.668,289.4532,266.8706,75.36118,1,1,2401.467,2401.15,605.2982,326.0393,931.3376,2,0,50.33613,81.00144,800,0,499.6694,200,0.1,0.2046279,0.3172331,0,250,0.3172331,1795.852,56.97705,50.40592,8.830805,0,18.38413,508.5853,380.3274,128.2579,710.2602,0,1379.047,0,5.684342e-14,-7.993606e-15,4.263256e-14
naive,2026-01-06 08:30:00,130,8.5,32.25432,3418.315,257.3184,265.7671,78.93856,1,1,2392.821,2392.504,1336.92,561.2417,1898.162,4,234.1388,267.9924,96.03043,800,500,0,324.9685,0.1624843,0.1259371,0.3172331,0,250,0.3172331,1055.584,67.41005,50.21629,23.17957,0,11.52851,508.8915,224.4955,284.396,788.189,0,1559.869,0,0,1.24345e-13,4.263256e-14
naive,2026-01-06 08:45:00,131,8.75,32.58832,3452.617,209.3453,268.2986,90.67041,1,1,2416.832,2416.515,601.6128,324.4146,926.0274,2,0,0,126.0274,800,0,455.2508,211.1046,0.1055523,0.2046279,0.3172331,0,250,0.3172331,1814.902,88.13016,49.86501,25.92424,0,2.540254,518.046,389.0228,129.0232,713.9819,0,1416.585,0,0,-7.993606e-15,4.263256e-14
naive,2026-01-06 09:00:00,132,9,32.80732,3447.538,176.2961,271.2512,96.06473,1,1,2413.277,2412.959,885.1844,436.6343,1321.819,3,107.5382,268.5877,145.6928,800,0,44.28567,200,0.1,0.1329295,0.3172331,0,250,0.3172331,1527.775,101.6268,49.63468,24.47226,2.663511,0,519.9688,329.1771,190.7917,765.8113,0,1522.593,0,0,-1.249001e-15,4.263256e-14
naive,2026-01-06 09:15:00,133,9.25,33.09953,3477.933,141.3576,274.9325,120.3533,1,1,2434.553,2434.236,1295.696,556.6068,1852.303,4,120.3297,273.2491,158.7241,800,500,0,324.9685,0.1624843,0.1259371,0.3172331,0,250,0.3172331,1138.54,110.3456,49.32735,21.02792,1.683392,10.00772,528.2113,247.0226,281.1887,805.8007,0,1595.285,0,1.136868e-13,1.24345e-13,4.263256e-14
naive,2026-01-06 09:30:00,134,9.5,33.38127,3517.859,123.1934,280.001,152.8599,1,1,2462.501,2462.184,619.3509,332.2344,951.5854,2,0,0,151.5854,800,0,365.879,233.4476,0.1167238,0.2046279,0.3172331,0,250,0.3172331,1842.833,105.0411,49.03103,32.75521,4.560225,47.81889,537.8917,402.5357,135.356,745.2153,0,1499.64,0,5.684342e-14,-6.483702e-14,4.263256e-14
naive,2026-01-06 09:45:00,135,9.75,33.44385,3540.001,105.0195,280.543,155.3344,1,1,2478.001,2477.683,770.5226,398.8783,1169.401,3,0,228.8348,140.5661,800,0,133.6435,200,0.1,0.1469985,0.3172331,0,250,0.3172331,1707.161,97.33491,48.9652,19.19074,3.893504,57.99948,542.0926,373.4621,168.6305,785.0285,0,1554.791,0,-1.136868e-13,6.494805e-15,4.263256e-14
naive,2026-01-06 10:00:00,136,10,33.55242,3527.667,73.6593,281.8016,180.1262,1,1,2469.367,2469.05,1286.329,557.4511,1843.78,4,78.51711,280.4092,184.8534,800,500,0,324.9685,0.1624843,0.1259371,0.3172331,0,250,0.3172331,1182.721,127.841,48.85102,0,1.39242,52.28519,541.6188,259.4122,282.2066,828.3313,0,1604.107,0,2.273737e-13,1.24345e-13,4.263256e-14
naive,2026-01-06 10:15:00,137,10.25,33.43777,3570.753,61.03103,288.1214,197.2501,1,1,2499.527,2499.21,684.529,360.9681,1045.497,3,0,0,245.4971,800,0,337.7583,240.4778,0.1202389,0.2046279,0.3172331,0,250,0.3172331,1814.681,170.0062,48.9716,5.125573,6.268561,27.24384,546.7217,396.9253,149.7965,763.8525,0,1492.267,0,-5.684342e-14,-7.993606e-15,4.263256e-14
naive,2026-01-06 10:30:00,138,10.5,33.64358,3609.453,57.37394,289.7669,203.4408,1,1,2526.617,2526.3,828.3447,424.3692,1252.714,3,0,170.5084,282.2055,800,0,161.7597,200,0.1,0.1514253,0.3172331,0,250,0.3172331,1697.955,194.962,48.75514,4.246518,10.62624,8.478763,555.3975,373.2422,182.1553,799.4751,0,1569.756,0,-1.705303e-13,1.09357e-14,4.263256e-14
naive,2026-01-06 10:45:00,139,10.75,34.06237,3629.263,69.98621,288.6852,209.5458,1,1,2540.484,2540.167,1352.96,589.5619,1942.522,4,55.51568,283.4852,303.5213,800,500,0,324.9685,0.1624843,0.1259371,0.3172331,0,250,0.3172331,1187.207,208.6712,48.31469,14.47053,5.19996,0.8745234,564.1585,263.6398,300.5187,853.3959,0,1686.369,0,2.273737e-13,1.24345e-13,4.263256e-14
naive,2026-01-06 11:00:00,140,11,34.16378,3665.172,56.61208,286.1106,232.9193,0,0,2565.62,2565.303,745.2893,387.7542,1133.044,3,0,0,333.0435,800,0,330.1981,242.3678,0.1211839,0.2046279,0.3172331,0,250,0.3172331,1820.014,228.6976,48.20802,11.64653,0.8781,4.221706,571.1553,405.1693,165.986,0,793.8634,4333.62,0,0,-7.993606e-15,4.263256e-14
naive,2026-01-06 11:15:00,141,11.25,34.57438,3664.218,49.45466,292.7302,246.9659,0,0,2564.952,2564.635,879.492,446.9174,1326.409,3,0,167.0666,359.3428,800,0,169.3188,200,0.1,0.1526155,0.3172331,0,250,0.3172331,1685.143,245.5766,47.77618,5.700728,0.09874242,1.389288,576.8062,378.9548,197.8514,0,826.1847,4500.271,0,-1.705303e-13,1.040834e-14,4.263256e-14
naive,2026-01-06 11:30:00,142,11.5,34.9534,3656.549,51.04268,299.729,286.236,0,0,2559.584,2559.267,1393.561,606.4385,2000,4,46.90131,296.8918,383.8733,772.3336,500,0,324.9685,0.1624843,0.1259371,0.3172331,0,250,0.3172331,1165.706,261.177,45.73909,4.141372,2.837201,25.05904,581.0467,264.6248,316.422,0,876.7519,4782.717,0,2.273737e-13,1.24345e-13,4.263256e-14
naive,2026-01-06 11:45:00,143,11.75,35.19358,3669.103,47.68375,294.8959,327.4563,0,0,2568.372,2568.055,796.21,410.2026,1206.413,3,0,0,406.4126,800,0,342.9325,239.1842,0.1195921,0.2046279,0.3172331,0,250,0.3172331,1771.845,275.7312,47.12494,0.6269598,0,51.72507,586.5596,404.6503,181.9093,0,826.6658,4494.728,0,0,4.884981e-14,4.263256e-14
naive,2026-01-06 12:00:00,144,12,35.4391,3697.86,33.33197,295.8866,360.6739,0,0,2588.502,2588.185,968.3492,486.09,1454.439,3,0,204.8818,449.5574,800,0,156.5864,200,0.1,0.1506108,0.3172331,0,250,0.3172331,1619.835,304.1198,46.86671,0,0,56.55406,594.8256,372.2306,222.595,0,871.3164,4739.515,0,-1.136868e-13,-9.353629e-15,4.263256e-14
naive,2026-01-06 12:15:00,145,12.25,35.69437,3732.807,53.31374,292.8532,373.1909,0,0,2612.965,2612.648,1400.8,599.1997,2000,4,63.66591,299.5407,478.4668,658.3266,500,0,324.9685,0.1624843,0.1259371,0.3172331,0,250,0.3172331,1211.847,322.6995,38.34607,0,0,50.49139,604.3467,280.2854,324.0613,0,891.1632,4858.258,0,0,1.24345e-13,4.263256e-14
naive,2026-01-06 12:30:00,146,12.5,35.82363,3721.521,40.28512,289.4463,399.3659,0,0,2605.065,2604.747,866.6061,441.2367,1307.843,3,0,0,507.8428,800,0,357.6818,235.4969,0.1177485,0.2046279,0.3172331,0,250,0.3172331,1738.141,341.9869,46.46228,0,0,57.37897,604.5075,403.3371,201.1703,0,857.8887,4666.118,0,-1.136868e-13,4.884981e-14,4.263256e-14
naive,2026-01-06 12:45:00,147,12.75,36.02559,3736.272,42.34097,298.2531,439.4925,0,0,2615.391,2615.074,1029.443,513.0233,1542.467,4,0,213.2394,529.2271,800,0,141.8394,200,0.1,0.148289,0.3172331,0,250,0.3172331,1585.63,355.5323,46.24988,0,0,83.9602,610.0484,369.8534,240.195,0,902.4607,4911.503,0,0,9.103829e-15,4.263256e-14
naive,2026-01-06 13:00:00,148,13,36.25341,3747.131,53.31959,305.2893,467.2354,0,0,2622.992,2622.675,1402.676,597.3241,2000,4,49.9335,299.3294,551.0129,599.7243,500,0,324.9685,0.1624843,0.1259371,0.3172331,0,250,0.3172331,1219.999,369.1636,34.49184,3.386086,5.959991,98.07179,615.4188,286.2419,329.1769,0,906.576,4963.487,0,2.273737e-13,1.24345e-13,4.263256e-14
naive,2026-01-06 13:15:00,149,13.25,36.56055,3739.059,50.12137,305.5865,478.9335,0,0,2617.341,2617.024,921.3941,465.3899,1386.784,3,0,0,586.784,800,0,355.9808,235.9222,0.1179611,0.2046279,0.3172331,0,250,0.3172331,1695.63,391.6875,45.68724,0,7.673299,87.24608,618.9997,401.0155,217.9842,0,887.039,4840.553,0,0,-6.483702e-14,4.263256e-14
naive,2026-01-06 13:30:00,150,13.5,36.88246,3693.205,64.91373,300.0127,508.4018,0,0,2585.243,2584.926,1088.968,539.2645,1628.232,4,0,209.739,618.493,800,0,143.5401,200,0.1,0.1485567,0.3172331,0,250,0.3172331,1495.959,411.261,45.34867,7.377341,4.270029,97.14081,616.5721,356.7812,259.7908,0,919.2135,5024.749,0,0,-1.398881e-14,4.263256e-14
naive,2026-01-06 13:45:00,151,13.75,36.99494,3663.398,60.3624,294.2067,527.4672,0,0,2564.379,2564.062,1409.173,590.8266,2000,4,62.18188,295.5146,649.4116,492.8919,500,0,324.9685,0.1624843,0.1259371,0.3172331,0,250,0.3172331,1154.888,431.2356,27.8671,0,0,96.23161,613.4061,276.2523,337.1539,0,890.0977,4864.187,0,0,1.24345e-13,4.263256e-14
naive,2026-01-06 14:00:00,152,14,37.30346,3705.434,59.92249,290.3714,567.8265,1,1,2593.804,2593.487,995.9666,498.2651,1494.232,3,0,0,694.2317,800,0,355.0761,236.1483,0.1180742,0.2046279,0.3172331,0,250,0.3172331,1597.52,459.2845,44.90588,2.614561,0,108.542,625.5226,385.2585,240.2641,909.6996,0,1773.39,0,1.136868e-13,-6.483702e-14,4.263256e-14
naive,2026-01-06 14:15:00,153,14.25,37.39165,3674.889,53.1676,296.9041,551.5636,1,1,2572.423,2572.105,1185.656,581.8897,1767.546,4,0,210.3074,757.2386,800,0,144.4446,200,0.1,0.1486991,0.3172331,0,250,0.3172331,1386.449,500.4339,44.81313,2.970926,0,51.12969,621.8209,335.1405,286.6804,929.3895,0,1813.489,0,1.136868e-13,1.29341e-14,4.263256e-14
naive,2026-01-06 14:30:00,154,14.5,37.54942,3641.167,56.15274,300.9247,564.1433,1,1,2548.817,2548.5,1414.068,585.9316,2000,4,56.61077,302.3994,752.3751,388.6147,500,0,324.9685,0.1624843,0.1259371,0.3172331,0,250,0.3172331,1134.431,496.2701,21.6882,0,0,67.87319,618.7104,275.3765,343.3338,877.7839,0,1731.169,0,0,1.24345e-13,4.263256e-14
naive,2026-01-06 14:45:00,155,14.75,37.76557,3620.567,54.82813,296.0005,580.9991,1,1,2534.397,2534.08,1033.233,514.694,1547.927,4,0,0,747.927,800,0,329.8567,242.4532,0.1212266,0.2046279,0.3172331,0,250,0.3172331,1500.847,492.0428,44.41986,17.41849,3.553468,88.95627,618.7814,366.4367,252.3447,902.8496,0,1791.904,0,-1.136868e-13,-7.993606e-15,4.263256e-14
naive,2026-01-06 15:00:00,156,15,37.91731,3629.381,59.06171,291.7129,584.2684,1,1,2540.567,2540.25,1178.239,578.6196,1756.858,4,0,166.3866,790.4717,800,0,169.6601,200,0.1,0.1526692,0.3172331,0,250,0.3172331,1362.011,519.0723,44.26027,10.68642,4.041524,65.19606,622.8259,333.9002,288.9258,928.5027,0,1832.618,0,-2.273737e-13,1.207368e-14,4.263256e-14
naive,2026-01-06 15:15:00,157,15.25,38.04211,3674.7,54.33307,295.6092,597.1288,1,1,2572.29,2571.973,1416.38,583.6198,2000,4,55.36126,295.6488,807.4005,341.5895,500,0,324.9685,0.1624843,0.1259371,0.3172331,0,250,0.3172331,1155.593,529.3827,18.84251,0,0,67.74614,632.7324,284.2529,348.4795,884.5369,0,1747.876,0,1.136868e-13,1.24345e-13,4.263256e-14
naive,2026-01-06 15:30:00,158,15.5,38.20462,3684.517,50.84714,292.4227,606.4399,1,1,2579.162,2578.845,1085.295,537.6455,1622.941,4,0,0,822.9406,800,0,336.3906,240.8197,0.1204099,0.2046279,0.3172331,0,250,0.3172331,1493.549,538.5019,43.95809,2.516595,4.362653,67.93792,637.2247,369.0062,268.2185,923.4369,0,1809.288,0,1.136868e-13,4.884981e-14,4.263256e-14
naive,2026-01-06 15:45:00,159,15.75,38.24504,3667.241,62.42645,289.6659,590.5407,1,1,2567.068,2566.751,1227.49,600.3318,1827.821,4,0,175.318,852.5034,800,0,163.1272,200,0.1,0.1516406,0.3172331,0,250,0.3172331,1339.262,557.5711,43.91558,8.120473,5.526629,32.96964,634.9343,331.2507,303.6836,939.7371,0,1853.61,0,-1.136868e-13,3.358425e-15,4.263256e-14
naive,2026-01-06 16:00:00,160,16,38.25835,3653.922,70.51581,284.1524,571.1999,1,1,2557.746,2557.428,1419.934,580.0656,2000,4,77.96262,279.5643,833.7571,308.716,500,0,324.9685,0.1624843,0.1259371,0.3172331,0,250,0.3172331,1137.494,545.2214,16.9414,0,4.588129,25.97845,632.8576,281.4477,351.4099,867.9412,0,1724.738,0,0,1.24345e-13,4.263256e-14
naive,2026-01-06 16:15:00,161,16.25,38.31558,3658.529,86.62424,289.0382,569.8048,1,1,2560.971,2560.653,1103.606,545.7176,1649.323,4,0,0,849.3232,800,0,367.1024,233.1418,0.1165709,0.2046279,0.3172331,0,250,0.3172331,1457.048,555.0118,43.84139,0,8.975136,14.793,634.6441,361.0767,273.5674,910.4602,0,1787.081,0,-2.273737e-13,-6.483702e-14,4.263256e-14
naive,2026-01-06 16:30:00,162,16.5,38.50861,3648.456,113.5183,283.0388,543.131,1,1,2553.919,2553.602,1267.043,617.7689,1884.812,4,0,248.2117,836.6002,800,0,132.4202,200,0.1,0.1468059,0.3172331,0,250,0.3172331,1286.559,545.4057,43.63837,14.00012,1.924983,0,636.2446,320.5137,315.7308,938.2826,0,1854.943,0,-2.273737e-13,1.332268e-14,4.263256e-14
naive,2026-01-06 16:45:00,163,16.75,38.54516,3590.479,137.7951,276.7237,540.6053,1,1,2513.336,2513.018,1424.759,575.241,2000,4,124.367,275.3086,810.9533,289.3711,500,0,324.9685,0.1624843,0.1259371,0.3172331,0,250,0.3172331,1088.259,528.4486,15.7707,13.42818,1.415092,12.15667,626.7619,271.3842,355.3777,849.6567,0,1707.176,0,-1.136868e-13,1.24345e-13,4.263256e-14
naive,2026-01-06 17:00:00,164,17,38.82605,3615.673,158.0289,273.4828,526.5606,1,1,2530.971,2530.654,1068.644,530.3048,1598.949,4,0,0,798.9486,800,0,426.5091,218.2901,0.109145,0.2046279,0.3172331,0,250,0.3172331,1462.01,518.8305,43.3045,10.26091,0,7.730179,636.0608,367.4192,268.6416,899.6666,0,1768.316,0,0,-7.993606e-15,4.263256e-14
naive,2026-01-06 17:15:00,165,17.25,38.86666,3624.148,179.1845,271.6746,500.4127,1,1,2536.903,2536.586,1282.273,612.5247,1894.797,4,100.5231,272.3508,721.9233,800,0,73.02284,200,0.1,0.1374541,0.3172331,0,250,0.3172331,1254.314,468.5764,43.2618,5.63851,0,31.83635,638.2681,315.577,322.6911,936.1115,0,1833.28,0,0,-3.191891e-15,4.263256e-14
naive,2026-01-06 17:30:00,166,17.5,38.47542,3576.471,207.1999,270.7437,468.6196,1,1,2503.53,2503.212,1430.257,569.7431,2000,4,213.5703,268.9449,691.7595,325.7252,500,0,324.9685,0.1624843,0.1259371,0.3172331,0,250,0.3172331,1072.956,451.1632,17.78186,0,1.798799,17.45636,623.1245,267.0569,356.0676,841.1449,0,1665.388,0,0,1.24345e-13,4.263256e-14
naive,2026-01-06 17:45:00,167,17.75,38.40258,3555.412,236.8333,268.1696,448.0458,1,1,2488.788,2488.471,1005.136,502.3077,1507.444,4,0,29.87821,677.566,800,0,499.6694,200,0.1,0.2046279,0.3172331,0,250,0.3172331,1483.334,442.3011,43.74988,0,0,5.74474,618.2225,368.4648,249.7577,872.1994,0,1695.18,0,0,-7.993606e-15,4.263256e-14
naive,2026-01-06 18:00:00,168,18,38.58721,3551.761,270.4598,0,421.2635,0,1,2486.233,2485.915,1422.61,577.39,2000,4,278.7903,10.15049,631.5732,579.486,500,0,324.9685,0.1624843,0.1259371,0.3172331,0,250,0.3172331,1063.305,411.3451,31.5499,0,0,9.918386,620.7192,265.4675,355.2517,0,845.3337,4613.842,0,0,1.24345e-13,4.263256e-14
naive,2026-01-06 18:15:00,169,18.25,38.53608,3541.075,293.6742,0,413.7852,0,1,2478.752,2478.435,921.3849,465.3858,1386.771,3,0,0,586.7707,800,0,320.0702,244.8998,0.1224499,0.2046279,0.3172331,0,250,0.3172331,1557.05,382.4052,43.60948,0,0,31.38002,617.9838,388.192,229.7918,0,861.4012,4688.646,0,1.136868e-13,4.884981e-14,4.263256e-14
naive,2026-01-06 18:30:00,170,18.5,38.41053,3513.241,329.8868,0,357.4864,0,0,2459.268,2458.951,1015.332,488.1087,1503.441,4,157.1435,3.556372,542.7409,800,0,179.4451,200,0.1,0.1542098,0.3172331,0,250,0.3172331,1443.619,354.2555,43.74153,0,0,3.230869,611.0224,358.6773,252.3451,0,847.5887,4612.529,0,0,-1.287859e-14,4.263256e-14
naive,2026-01-06 18:45:00,171,18.75,38.21277,3497.731,363.7127,4.468636,325.8185,0,0,2448.412,2448.095,1427.46,572.5405,2000,4,366.8334,3.136664,503.4291,626.6009,500,0,324.9685,0.1624843,0.1259371,0.3172331,0,250,0.3172331,1020.635,329.3926,34.42351,0,1.331972,0,605.0547,252.2207,352.8341,0,824.7611,4499.758,0,0,1.24345e-13,4.263256e-14
naive,2026-01-06 19:00:00,172,19,38.28628,3526.156,387.3778,10.14363,303.5305,0,0,2468.309,2467.992,835.0261,427.3147,1262.341,3,0,0,462.3408,800,0,395.2067,226.1157,0.1130578,0.2046279,0.3172331,0,250,0.3172331,1632.966,302.2367,43.8722,0.1658025,2.148885,1.293831,611.1933,404.3488,206.8445,0,831.9838,4530.547,0,0,4.884981e-14,4.263256e-14
naive,2026-01-06 19:15:00,173,19.25,38.29976,3491.919,396.8765,13.43481,308.0599,0,0,2444.343,2444.026,1058.672,489.6352,1548.307,4,304.9234,8.019681,435.3638,800,0,104.3203,200,0.1,0.1423817,0.3172331,0,250,0.3172331,1385.354,284.5546,43.85803,0,5.415126,23.50533,605.4811,343.162,262.3191,0,838.6197,4572.409,0,0,-1.221245e-15,4.263256e-14
naive,2026-01-06 19:30:00,174,19.5,38.25305,3494.147,404.8964,7.037141,268.4523,0,0,2445.903,2445.586,1427.181,572.8185,2000,4,404.2843,11.90063,391.5897,692.2254,500,0,324.9685,0.1624843,0.1259371,0.3172331,0,250,0.3172331,1018.404,256.0901,37.99206,0.6120867,0,12.36221,605.0974,251.9453,353.1521,0,827.8222,4511.337,0,0,1.24345e-13,4.263256e-14
naive,2026-01-06 19:45:00,175,19.75,38.15865,3474.538,391.4725,0,254.6288,0,0,2432.177,2431.859,761.2787,394.8032,1156.082,3,0,0,356.0819,800,0,395.7225,225.9867,0.1129934,0.2046279,0.3172331,0,250,0.3172331,1670.581,233.1378,44.00644,0.403496,0,21.49106,600.1598,412.2297,187.9301,0,812.3359,4419.036,0,-1.136868e-13,4.884981e-14,4.263256e-14
naive,2026-01-06 20:00:00,176,20,38.18101,3420.448,380.4247,0,232.6373,0,0,2394.314,2393.996,954.9087,447.227,1402.136,3,276.883,0,325.2527,800,0,103.8046,200,0.1,0.1423005,0.3172331,0,250,0.3172331,1439.088,212.8948,43.98292,0,0,19.74255,591.1756,355.3225,235.8531,0,807.4242,4391.352,0,-1.136868e-13,3.330669e-16,4.263256e-14
naive,2026-01-06 20:15:00,177,20.25,38.1066,3420.283,355.7895,0.3945473,206.1955,0,0,2394.198,2393.881,1388.278,569.4681,1957.746,4,355.3114,0,302.4343,800,500,0,324.9685,0.1624843,0.1259371,0.3172331,0,250,0.3172331,1005.603,198.139,44.06118,0.4780445,0.3945473,8.05653,589.9547,247.7908,342.1639,0,819.2442,4457.779,0,1.136868e-13,1.24345e-13,4.263256e-14
naive,2026-01-06 20:30:00,178,20.5,37.7513,3410.577,332.9417,0,190.0871,0,0,2387.404,2387.086,711.904,373.0364,1084.94,3,0,0,284.9404,800,0,338.143,240.3816,0.1201908,0.2046279,0.3172331,0,250,0.3172331,1675.182,187.4878,44.43486,0,0,2.599315,582.6692,408.8447,173.8246,0,782.5154,4253.846,0,1.136868e-13,-7.993606e-15,4.263256e-14
naive,2026-01-06 20:45:00,179,20.75,37.64631,3421.298,296.4461,0,183.0466,0,0,2394.909,2394.591,811.9734,398.9007,1210.874,3,153.4242,3.392531,254.0574,800,0,161.3751,200,0.1,0.1513648,0.3172331,0,250,0.3172331,1582.618,167.3805,44.54529,0,0,15.66608,582.8581,385.1678,197.6903,0,787.8812,4283.233,0,0,-4.163336e-15,4.263256e-14
naive,2026-01-06 21:00:00,180,21,37.45089,3439.004,269.9637,0,171.0417,0,0,2407.303,2406.986,1250.523,518.6622,1769.185,4,271.8961,0,197.2893,800,500,0,324.9685,0.1624843,0.1259371,0.3172331,0,250,0.3172331,1156.463,130.2884,44.75082,0,0,40.75329,582.8254,279.9879,302.8375,0,808.5168,4396.498,0,0,1.24345e-13,4.263256e-14
naive,2026-01-06 21:15:00,181,21.25,37.20855,3437.591,224.8635,0,158.6152,0,0,2406.314,2405.997,629.1799,336.5675,965.7474,2,0,0,165.7474,800,0,251.6277,262.0104,0.1310052,0.2046279,0.3172331,0,250,0.3172331,1776.817,109.7797,45.0057,0,0,48.83546,578.85,427.4216,151.4285,0,775.7367,4215.92,0,-5.684342e-14,2.04281e-14,4.263256e-14
naive,2026-01-06 21:30:00,182,21.5,37.07072,3416.191,186.3881,0,135.8179,0,0,2391.334,2391.016,626.479,335.3768,961.8558,2,0,0,161.8558,800,0,220.1521,206.9312,0.1034656,0.1649841,0.3172331,0,250,0.3172331,1764.537,107.3807,45.15067,0,0,28.43725,573.156,422.9252,150.2308,0,765.1179,4157.354,0,5.684342e-14,-1.657008e-14,4.263256e-14
naive,2026-01-06 21:45:00,183,21.75,36.8275,3403.093,169.0476,0,126.4146,0,0,2382.165,2381.848,728.4522,360.9694,1089.422,3,162.7639,0,126.6578,800,0,27.59434,200,0.1,0.1303015,0.3172331,0,250,0.3172331,1653.396,84.27558,45.40647,0,0,42.13902,567.3206,393.7617,173.5589,0,764.7667,4155.134,0,0,7.771561e-16,4.263256e-14
naive,2026-01-06 22:00:00,184,22,36.19184,3399.093,152.5392,0,123.5064,0,0,2379.365,2379.048,1135.719,481.1934,1616.913,4,161.4175,0,155.4952,800,500,0,324.9685,0.1624843,0.1259371,0.3172331,0,250,0.3172331,1243.329,104.2542,46.07502,0,0,19.25221,557.3723,291.2529,266.1194,0,776.9562,4221.424,0,2.273737e-13,1.24345e-13,4.263256e-14
naive,2026-01-06 22:15:00,185,22.25,36.13941,3352.887,137.9472,3.164595,97.42859,0,0,2347.021,2346.703,606.4718,326.5567,933.0285,2,0,0,133.0285,800,0,152.806,286.7159,0.1433579,0.2046279,0.3172331,0,250,0.3172331,1740.232,89.24677,46.13017,0,0,8.181817,549.0537,407.1037,141.9501,0,735.5744,3993.763,0,-5.684342e-14,-7.993606e-15,4.263256e-14
naive,2026-01-06 22:30:00,186,22.5,36.01103,3309.762,113.631,2.931542,90.99836,0,0,2316.834,2316.516,601.7509,324.4755,926.2264,2,0,0,126.2264,800,0,115.4895,257.7984,0.1288992,0.1805408,0.3172331,0,250,0.3172331,1714.766,84.81302,46.26519,2.26094,0,6.185348,540.2072,399.8253,140.3819,0,725.743,3943.438,0,0,-7.605028e-15,4.263256e-14
naive,2026-01-06 22:45:00,187,22.75,35.72554,3319.472,94.33681,0,84.67498,0,0,2323.631,2323.313,601.8811,324.5329,926.4139,2,0,0,126.4139,800,0,96.55505,233.619,0.1168095,0.1623318,0.3172331,0,250,0.3172331,1721.432,85.22773,46.56545,3.420594,0,0,537.8537,398.4621,139.3916,0,722.995,3929.987,0,-5.684342e-14,4.776735e-14,4.263256e-14
naive,2026-01-06 23:00:00,188,23,35.40469,3278.228,82.85587,0,82.91182,1,0,2294.76,2294.443,595.4656,321.7046,917.1702,2,0,0,117.1702,800,0,83.55326,212.6939,0.106347,0.1471065,0.3172331,0,250,0.3172331,1698.977,79.29641,46.9029,0.6900459,0,3.615403,526.8668,390.0777,136.7891,712.6124,0,1373.649,0,-5.684342e-14,4.771183e-14,4.263256e-14
naive,2026-01-06 23:15:00,189,23.25,35.16043,3265.816,63.06708,0,64.26722,1,0,2286.071,2285.754,611.8576,325.09,936.9476,2,32.2882,0,104.6594,800,0,50.64175,200,0.1,0.1339302,0.3172331,0,250,0.3172331,1673.897,71.03407,47.15981,0,0,0,521.6539,381.963,139.6909,707.053,0,1361.051,0,0,1.221245e-15,4.263256e-14
naive,2026-01-06 23:30:00,190,23.5,34.71836,3307.708,48.1355,5.619637,52.85253,1,1,2315.395,2315.078,1034.502,446.9833,1481.486,3,73.89765,0,107.5881,800,500,0,324.9685,0.1624843,0.1259371,0.3172331,0,250,0.3172331,1280.576,73.40232,47.62475,0,5.619637,0,522.547,289.005,233.5419,735.9884,0,1428.093,0,-5.684342e-14,1.24345e-13,4.263256e-14
naive,2026-01-06 23:45:00,191,23.75,34.48581,3318.421,45.17752,1.934203,56.75329,1,1,2322.894,2322.577,582.0459,315.7886,897.8344,2,0,0,97.83443,800,0,78.01112,305.4146,0.1527073,0.2046279,0.3172331,0,250,0.3172331,1740.531,66.92986,47.86934,0,1.934203,0,521.2302,390.5548,130.6754,706.3433,0,1362.17,0,5.684342e-14,3.463896e-14,4.263256e-14
naive,2026-01-07 00:00:00,192,0,34.18418,3334.904,45.15993,0,55.96816,1,1,2334.432,2334.115,565.7824,308.6188,874.4011,2,0,0,74.40114,800,0,63.81979,289.4116,0.1447058,0.1923151,0.3172331,0,250,0.3172331,1768.333,51.07836,48.18657,0,0,4.8898,519.9482,393.8608,126.0874,703.5687,0,1352.928,0,0,-3.247402e-15,4.263256e-14
naive,2026-01-07 00:15:00,193,0.25,33.86944,3315.11,51.05587,3.654776,53.79055,1,1,2320.577,2320.259,561.5246,306.7418,868.2664,2,0,0,68.26639,800,0,73.7953,270.9172,0.1354586,0.1822382,0.3172331,0,250,0.3172331,1758.735,47.03858,48.51759,0,1.851085,6.751973,512.907,388.7255,124.1815,696.9597,0,1342.53,0,-5.684342e-14,8.726353e-14,4.263256e-14
naive,2026-01-07 00:30:00,194,0.5,33.48477,3329.131,40.04601,2.212249,66.59129,1,1,2330.392,2330.075,571.4593,311.1215,882.5808,2,0,0,82.58076,800,0,65.39664,254.5254,0.1272627,0.1705926,0.3172331,0,250,0.3172331,1758.615,57.15595,48.92217,0,0,9.435348,510.3039,385.0976,125.2063,698.2852,0,1341.533,0,0,5.134781e-15,4.263256e-14
naive,2026-01-07 00:45:00,195,0.75,33.13827,3289.445,41.48684,0,63.66428,1,1,2302.611,2302.294,572.1143,311.4102,883.5245,2,0,0,83.5245,800,0,53.76254,241.0447,0.1205223,0.1602709,0.3172331,0,250,0.3172331,1730.18,58.04066,49.2866,0,0,5.623621,500.0469,375.7347,124.3122,688.3662,0,1321.285,0,0,3.844147e-14,4.263256e-14
naive,2026-01-07 01:00:00,196,1,33.03075,3258.153,38.95974,4.410334,65.06889,1,1,2280.707,2280.39,574.1641,312.3139,886.478,2,0,0,86.47804,800,0,42.58083,230.3615,0.1151808,0.1517823,0.3172331,0,250,0.3172331,1706.226,60.16744,49.39968,0,1.630935,4.901445,494.0212,369.5835,124.4377,682.9591,0,1313.157,0,-5.684342e-14,4.107825e-14,4.263256e-14
naive,2026-01-07 01:15:00,197,1.25,32.95746,3248.916,37.96553,8.120182,64.50977,1,1,2274.241,2273.924,567.7792,309.4991,877.2783,2,0,0,77.27834,800,0,48.13758,218.2908,0.1091454,0.1450553,0.3172331,0,250,0.3172331,1706.145,53.81203,49.47677,0,1.04993,10.69775,491.762,368.9218,122.8402,680.7341,0,1307.618,0,-5.684342e-14,-2.803313e-14,4.263256e-14
naive,2026-01-07 01:30:00,198,1.5,32.78109,3227.795,44.84932,8.018327,66.79974,1,1,2259.457,2259.139,565.5257,308.5057,874.0314,2,0,0,74.03137,800,0,47.73363,206.3231,0.1031615,0.1374545,0.3172331,0,250,0.3172331,1693.614,51.65549,49.66227,1.016671,4.11734,15.14425,486.524,364.6822,121.8418,676.4489,0,1305.884,0,0,-2.664535e-15,4.263256e-14
naive,2026-01-07 01:45:00,199,1.75,32.54117,3261.409,55.34697,2.727511,54.5991,1,1,2282.987,2282.669,567.0731,306.6424,873.7155,2,21.39717,1.814446,50.50389,800,0,25.16237,200,0.1,0.1299186,0.3172331,0,250,0.3172331,1715.596,35.33609,49.9146,8.787425,0.9130649,19.26301,488.8129,367.3283,121.4846,678.0951,0,1316.77,0,0,4.163336e-16,4.263256e-14
naive,2026-01-07 02:00:00,200,2,32.20282,3251.048,54.87977,0,35.46349,1,1,2275.733,2275.416,980.9352,426.3904,1407.326,3,48.49318,0.4511049,58.38129,800,500,0,324.9685,0.1624843,0.1259371,0.3172331,0,250,0.3172331,1294.481,41.0057,50.27045,6.386594,0,0,483.4077,274.9716,208.4361,701.362,0,1357.187,0,2.273737e-13,1.24345e-13,4.263256e-14
naive,2026-01-07 02:15:00,201,2.25,32.08423,3220.04,65.24895,0,31.91212,1,1,2254.028,2253.711,542.3037,298.2683,840.572,2,0,0,40.57198,800,0,46.03309,313.4091,0.1567045,0.2046279,0.3172331,0,250,0.3172331,1711.407,28.53534,50.39518,19.42247,0,3.376788,477.474,362.5298,114.9442,661.5134,0,1299.836,0,0,2.04281e-14,4.263256e-14
naive,2026-01-07 02:30:00,202,2.5,32.09178,3248.169,71.55678,0,0.2137471,1,1,2273.719,2273.401,538.8973,296.7665,835.6638,2,0,0,35.6638,800,0,39.42343,303.5039,0.1517519,0.1973491,0.3172331,0,250,0.3172331,1734.504,25.08113,50.38724,32.13335,0,0,481.7298,367.4871,114.2427,664.2537,0,1327.252,0,-1.136868e-13,-8.798517e-15,4.263256e-14
naive,2026-01-07 02:45:00,203,2.75,31.68916,3266.833,70.72816,0,21.41551,1,1,2286.783,2286.466,537.5249,296.1615,833.6864,2,0,0,33.68637,800,0,59.44606,288.5946,0.1442973,0.191112,0.3172331,0,250,0.3172331,1748.941,23.79897,50.81069,13.46201,0,0,479.9939,367.1013,112.8926,663.2628,0,1292.585,0,0,1.831868e-14,4.263256e-14
naive,2026-01-07 03:00:00,204,3,31.66531,3294.382,63.13449,0,21.14497,1,1,2306.068,2305.75,551.1079,302.1496,853.2575,2,0,0,53.25753,800,0,61.94073,273.064,0.136532,0.1817238,0.3172331,0,250,0.3172331,1754.642,37.6359,50.83578,4.842294,0,0,483.7753,368.0953,115.68,670.2449,0,1291.653,0,5.684342e-14,-9.897638e-14,4.263256e-14
naive,2026-01-07 03:15:00,205,3.25,31.21873,3256.923,67.44901,0,25.67187,1,1,2279.846,2279.529,550.5964,301.9241,852.5204,2,0,0,52.52045,800,0,67.35553,256.1821,0.1280911,0.1719444,0.3172331,0,250,0.3172331,1728.932,37.30266,51.30547,3.626592,0,0,473.3958,359.0021,114.3938,660.9261,0,1270.389,0,0,-7.910339e-15,4.263256e-14
naive,2026-01-07 03:30:00,206,3.5,31.02814,3236.298,69.25073,0,28.29905,1,1,2265.408,2265.091,558.6043,305.4544,864.0587,2,0,0,64.05868,800,0,66.54121,239.5065,0.1197532,0.1613141,0.3172331,0,250,0.3172331,1706.487,45.59536,51.50592,4.932794,0,0,468.3591,352.8055,115.5535,658.2599,0,1267.085,0,0,-2.248202e-15,4.263256e-14
naive,2026-01-07 03:45:00,207,3.75,30.94736,3185.121,79.67461,5.661859,33.02968,1,1,2229.584,2229.267,552.1243,302.5977,854.722,2,0,0,54.722,800,0,69.99738,221.9694,0.1109847,0.1508137,0.3172331,0,250,0.3172331,1677.143,38.98511,51.59088,11.58365,3.755438,0,460.1075,346.1031,114.0044,648.7007,0,1265.822,0,5.684342e-14,-2.275957e-14,4.263256e-14
naive,2026-01-07 04:00:00,208,4,30.65387,3212.224,87.1142,7.872629,39.28181,1,1,2248.557,2248.24,541.3516,297.8485,839.2002,2,0,0,39.20016,800,0,86.27866,200.3648,0.1001824,0.1397709,0.3172331,0,250,0.3172331,1706.888,28.01907,51.89956,2.124419,6.583746,11.26275,460.9517,349.9102,111.0415,650.0676,0,1256.77,0,-5.684342e-14,3.091971e-14,4.263256e-14
naive,2026-01-07 04:15:00,209,4.25,30.35921,3223.546,99.25056,4.404331,33.73957,1,1,2256.482,2256.165,618.3664,320.807,939.1734,2,92.41311,0.08446529,46.67585,800,0,1.333138,200,0.1,0.1261668,0.3172331,0,250,0.3172331,1637.798,33.47248,52.20946,5.504313,4.319866,0.2670915,459.5231,333.5307,125.9923,654.3922,0,1266.995,0,-5.684342e-14,-1.110223e-16,4.263256e-14
naive,2026-01-07 04:30:00,210,4.5,30.30516,3221.524,121.0094,6.518997,46.06289,1,1,2255.067,2254.749,1020.063,436.2619,1456.325,3,110.5133,0.1275032,45.68391,800,500,0,324.9685,0.1624843,0.1259371,0.3172331,0,250,0.3172331,1234.687,32.78089,52.26631,10.49618,6.391494,13.282,458.6795,251.1347,207.5448,690.0981,0,1350.528,0,1.136868e-13,1.24345e-13,4.263256e-14
naive,2026-01-07 04:45:00,211,4.75,30.35717,3270.166,137.7438,0,32.93829,1,1,2289.116,2288.799,550.139,301.7225,851.8615,2,0,0,51.8615,800,0,131.8913,291.9445,0.1459723,0.2046279,0.3172331,0,250,0.3172331,1738.66,37.1921,52.21161,5.852527,0,0,466.1475,354.0545,112.093,655.777,0,1262.912,0,5.684342e-14,-6.483702e-14,4.263256e-14
naive,2026-01-07 05:00:00,212,5,30.24851,3257.257,176.5443,0,51.92829,1,1,2280.08,2279.763,561.3631,306.6706,868.0337,2,0,0,68.03372,800,0,152.8069,253.6968,0.1268484,0.1838332,0.3172331,0,250,0.3172331,1718.4,48.84902,52.32589,23.73735,0,3.079269,463.1802,349.0793,114.1009,656.3754,0,1294.831,0,-1.136868e-13,-1.665335e-14,4.263256e-14
naive,2026-01-07 05:15:00,213,5.25,30.39435,3255.268,220.0218,0,67.04621,1,1,2278.688,2278.37,564.3133,307.9712,872.2844,2,0,0,72.28445,800,0,195.6131,204.7536,0.1023768,0.1597492,0.3172331,0,250,0.3172331,1714.057,51.81676,52.17251,27.41215,0,15.22945,464.4107,349.3355,115.0752,660.4105,0,1309.413,0,-5.684342e-14,-3.524958e-14,4.263256e-14
naive,2026-01-07 05:30:00,214,5.5,30.27861,3246.096,257.4307,0,49.31809,1,1,2272.267,2271.95,723.5106,352.2125,1075.723,3,218.0635,1.281595,56.37801,800,0,18.88562,200,0.1,0.1289304,0.3172331,0,250,0.3172331,1548.439,40.46651,52.29424,20.48154,0,8.851581,461.9036,314.7648,147.1388,668.7767,0,1314.053,0,0,-4.163336e-16,4.263256e-14
naive,2026-01-07 05:45:00,215,5.75,30.51106,3237.288,305.1405,0,63.17844,1,1,2266.102,2265.784,1152.454,475.5605,1628.014,4,270.7851,7.786766,49.44246,800,500,0,324.9685,0.1624843,0.1259371,0.3172331,0,250,0.3172331,1113.331,35.39643,52.04976,34.35546,0,27.78201,463.0572,227.4989,235.5582,708.7365,0,1418.18,0,-5.684342e-14,1.24345e-13,4.263256e-14
naive,2026-01-07 06:00:00,216,6,30.54483,3257.368,346.2447,0,60.22809,1,1,2280.157,2279.84,568.8069,309.9522,878.7591,2,0,0,78.75907,800,0,324.9784,243.6728,0.1218364,0.2046279,0.3172331,0,250,0.3172331,1711.033,56.36324,52.01424,28.12943,0,3.864851,466.2833,349.8997,116.3837,660.6422,0,1311.292,0,5.684342e-14,-6.483702e-14,4.263256e-14
naive,2026-01-07 06:15:00,217,6.25,30.6104,3272.382,380.2102,0.00819295,39.66793,1,1,2290.667,2290.35,708.8231,349.8107,1058.634,3,183.8235,4.754154,70.05612,800,0,174.5376,200,0.1,0.1534372,0.3172331,0,250,0.3172331,1581.527,50.09831,51.94528,21.84913,0,0,469.1245,323.8938,145.2306,673.7045,0,1326.66,0,-1.136868e-13,-1.162959e-14,4.263256e-14
naive,2026-01-07 06:30:00,218,6.5,30.74178,3282.783,409.3055,0,49.5493,1,1,2297.948,2297.631,1281.98,517.5655,1799.545,4,397.6893,0,101.8557,800,500,0,324.9685,0.1624843,0.1259371,0.3172331,0,250,0.3172331,1015.652,72.7317,51.8071,11.61623,0,0,472.0126,208.621,263.3916,726.1865,0,1414.128,0,2.273737e-13,1.24345e-13,4.263256e-14
naive,2026-01-07 06:45:00,219,6.75,30.85041,3274.704,435.0204,0.01540071,40.48476,1,1,2292.293,2291.976,574.5008,312.4623,886.9632,2,0,0,86.96316,800,0,421.0149,219.6636,0.1098318,0.2046279,0.3172331,0,250,0.3172331,1717.475,62.02184,51.69285,15.84335,0,0,472.0095,353.6478,118.3617,666.1102,0,1301.396,0,0,4.884981e-14,4.263256e-14
naive,2026-01-07 07:00:00,220,7,31.17299,3265.398,440.5107,0,40.74257,1,1,2285.778,2285.461,845.7807,390.1685,1235.949,3,352.1157,3.820475,80.01304,800,0,78.51624,200,0.1,0.138319,0.3172331,0,250,0.3172331,1439.68,56.85855,51.35357,9.878824,0,0,474.1324,298.6287,175.5036,688.7972,0,1336.863,0,1.136868e-13,8.881784e-16,4.263256e-14
naive,2026-01-07 07:15:00,221,7.25,31.55483,3279.939,422.0583,0,67.55073,1,1,2295.957,2295.64,1280.402,514.0961,1794.498,4,421.0063,1.233313,72.25827,800,500,0,324.9685,0.1624843,0.1259371,0.3172331,0,250,0.3172331,1015.238,51.12716,50.95197,1.051954,0,16.42357,480.4295,212.4388,267.9907,729.9716,0,1404.437,0,0,1.24345e-13,4.263256e-14
naive,2026-01-07 07:30:00,222,7.5,31.73208,3308.673,379.2669,0.003309158,62.58095,1,1,2316.071,2315.754,545.208,299.5486,844.7566,2,0,0,44.75656,800,0,404.2375,223.858,0.111929,0.2046279,0.3172331,0,250,0.3172331,1770.546,31.60455,50.76555,0,0,30.9764,486.6236,372.0048,114.6189,678.0617,0,1299.012,0,0,-7.993606e-15,4.263256e-14
naive,2026-01-07 07:45:00,223,7.75,31.83082,3314.619,358.4753,0,91.96023,1,1,2320.233,2319.916,770.4534,366.0005,1136.454,3,276.1232,0.3786169,59.95209,800,0,95.29099,200,0.1,0.1409601,0.3172331,0,250,0.3172331,1549.463,42.28741,50.6617,0,0,49.67283,488.6132,326.2982,162.315,702.7592,0,1348.524,0,-5.684342e-14,-4.357625e-15,4.263256e-14
naive,2026-01-07 08:00:00,224,8,31.81304,3334.307,328.7348,269.0849,102.6942,1,1,2334.015,2333.698,1390.988,573.8463,1964.834,4,328.5507,265.6626,70.6207,800,500,0,324.9685,0.1624843,0.1259371,0.3172331,0,250,0.3172331,942.7099,49.82259,50.6804,0.1840459,3.422301,52.87156,491.3131,198.4416,292.8715,783.4174,0,1516.04,0,0,1.24345e-13,4.263256e-14
naive,2026-01-07 08:15:00,225,8.25,31.86623,3355.755,289.8673,272.8555,112.2168,1,1,2349.029,2348.711,620.7134,332.8351,953.5485,2,0,54.67991,98.86859,800,0,499.6694,200,0.1,0.2046279,0.3172331,0,250,0.3172331,1727.998,69.70929,50.62446,3.173672,5.199685,42.50751,495.0832,364.1943,130.8889,705.9883,0,1369.468,0,0,-7.993606e-15,4.263256e-14
naive,2026-01-07 08:30:00,226,8.5,32.03326,3361.903,251.0665,271.2495,122.4658,1,1,2353.332,2353.015,1356.027,567.7692,1923.796,4,250.0748,266.4625,107.2588,800,500,0,324.9685,0.1624843,0.1259371,0.3172331,0,250,0.3172331,996.9882,75.48166,50.44879,0.9917525,4.787065,46.98418,497.9184,210.9429,286.9755,788.6531,0,1530.52,0,-2.273737e-13,1.24345e-13,4.263256e-14
naive,2026-01-07 08:45:00,227,8.75,32.19821,3356.389,196.9415,272.3623,129.2052,1,1,2349.472,2349.155,603.3364,325.1745,928.5109,2,0,0,128.5109,800,0,470.646,207.2559,0.1036279,0.2046279,0.3172331,0,250,0.3172331,1745.819,90.26791,50.27531,0,2.960195,38.93725,499.0174,370.8041,128.2133,704.2487,0,1357.044,0,0,-7.993606e-15,4.263256e-14
naive,2026-01-07 09:00:00,228,9,32.38233,3390.41,163.8911,278.07,132.0867,1,1,2373.287,2372.97,907.6903,442.7234,1350.414,3,139.7556,270.4188,140.2393,800,0,28.89291,200,0.1,0.130506,0.3172331,0,250,0.3172331,1465.28,98.29952,50.08165,0,7.651144,33.78717,506.2534,312.5635,193.69,762.4941,0,1481.845,0,0,1.387779e-16,4.263256e-14
naive,2026-01-07 09:15:00,229,9.25,32.58349,3466.018,133.1465,278.1086,147.67,1,1,2426.213,2425.896,1314.554,563.2007,1877.755,4,134.7863,274.4064,168.5622,800,500,0,324.9685,0.1624843,0.1259371,0.3172331,0,250,0.3172331,1111.341,117.881,49.87008,0,3.702173,29.78903,519.9976,238.188,281.8096,807.7732,0,1565.829,0,0,1.24345e-13,4.263256e-14
naive,2026-01-07 09:30:00,230,9.5,32.85811,3502.41,86.40306,279.3251,166.3887,1,1,2451.687,2451.369,652.0634,346.6557,998.7191,2,0,0,198.7191,800,0,391.5333,227.034,0.113517,0.2046279,0.3172331,0,250,0.3172331,1799.306,138.534,49.58126,0,0.7491359,27.85464,528.8814,388.1489,140.7325,740.8134,0,1427.14,0,-5.684342e-14,-7.993606e-15,4.263256e-14
naive,2026-01-07 09:45:00,231,9.75,32.90049,3520.286,65.62268,271.2747,155.1696,1,1,2464.2,2463.883,839.066,429.0956,1268.162,3,0,270.3556,197.8061,800,0,107.9931,200,0.1,0.14296,0.3172331,0,250,0.3172331,1624.817,137.8305,49.53668,0,0,17.3391,532.1159,350.8607,181.2552,783.7005,0,1511.672,0,5.684342e-14,4.163336e-16,4.263256e-14
naive,2026-01-07 10:00:00,232,10,32.99556,3523.687,59.91367,277.1241,151.583,1,1,2466.581,2466.264,1320.287,572.8189,1893.106,4,75.17737,281.3665,236.5618,800,500,0,324.9685,0.1624843,0.1259371,0.3172331,0,250,0.3172331,1145.977,164.6554,49.4367,0,0,0,533.8355,248.0207,285.8148,820.8396,0,1586.063,0,-2.273737e-13,1.24345e-13,4.263256e-14
naive,2026-01-07 10:15:00,233,10.25,33.37849,3531.748,51.87729,275.9722,160.147,1,1,2472.224,2471.906,703.2359,369.215,1072.451,3,0,0,272.4509,800,0,345.5918,238.5194,0.1192597,0.2046279,0.3172331,0,250,0.3172331,1768.671,188.8009,49.03395,0,0,0,539.9794,386.3104,153.669,755.5255,0,1455.888,0,0,-7.993606e-15,4.263256e-14
naive,2026-01-07 10:30:00,234,10.5,33.72798,3585.297,61.46249,280.6553,160.5399,1,1,2509.708,2509.391,846.7119,432.4663,1279.178,3,0,188.5656,290.6126,800,0,153.9274,200,0.1,0.1501922,0.3172331,0,250,0.3172331,1662.679,200.5739,48.66637,5.415583,0,0,552.8087,366.2352,186.5735,798.7015,0,1551.995,0,0,2.88658e-15,4.263256e-14
naive,2026-01-07 10:45:00,235,10.75,33.9018,3575.343,47.08815,283.4548,174.0913,1,1,2502.74,2502.423,1363.772,593.1446,1956.916,4,65.46417,287.0602,304.3919,800,500,0,324.9685,0.1624843,0.1259371,0.3172331,0,250,0.3172331,1138.651,209.6608,48.48356,0,0,0,553.6053,251.8693,301.736,845.0139,0,1635.484,0,0,1.24345e-13,4.263256e-14
naive,2026-01-07 11:00:00,236,11,34.31822,3645.388,39.37453,285.6466,222.2357,1,0,2551.772,2551.455,748.2102,389.0419,1137.252,3,0,0,337.2521,800,0,338.8087,240.2152,0.1201076,0.2046279,0.3172331,0,250,0.3172331,1803.244,231.1709,48.0456,0,0,0,570.2288,402.96,167.2688,792.0019,0,1529.953,0,0,-6.483702e-14,4.263256e-14
naive,2026-01-07 11:15:00,237,11.25,34.47817,3660.459,44.20133,290.8799,247.9935,1,0,2562.322,2562.004,889.1995,451.1969,1340.396,3,0,179.6631,360.7333,800,0,160.7094,200,0.1,0.15126,0.3172331,0,250,0.3172331,1672.805,246.8046,47.87736,0,0,1.188921,574.8466,375.2871,199.5595,826.7507,0,1599.639,0,-1.136868e-13,-5.551115e-16,4.263256e-14
naive,2026-01-07 11:30:00,238,11.5,34.69596,3681.903,36.64527,289.5928,250.7038,0,0,2577.332,2577.015,1395.336,604.664,2000,4,49.74851,298.8423,409.0523,742.3569,500,0,324.9685,0.1624843,0.1259371,0.3172331,0,250,0.3172331,1181.679,279.1505,44.21507,0,0,0,581.3384,266.5373,314.8011,0,871.2014,4741.866,0,1.136868e-13,1.24345e-13,4.263256e-14
naive,2026-01-07 11:45:00,239,11.75,34.70982,3684.705,26.09154,291.1775,283.694,0,0,2579.293,2578.976,832.3841,426.1499,1258.534,3,0,0,458.5341,800,0,342.6899,239.2449,0.1196224,0.2046279,0.3172331,0,250,0.3172331,1746.592,312.8676,47.63373,0,0,0,581.981,394.0938,187.8873,0,820.2437,4457.752,0,-1.136868e-13,4.884981e-14,4.263256e-14
naive,2026-01-07 12:00:00,240,12,35.07371,3722.497,31.38649,299.8558,313.4541,0,0,2605.748,2605.431,992.501,496.7373,1489.238,3,0,182.4677,506.7706,800,0,156.8289,200,0.1,0.150649,0.3172331,0,250,0.3172331,1612.93,344.3052,47.25101,0,3.101767,0,593.3088,367.2517,226.0571,0,863.989,4704.133,0,0,5.911938e-15,4.263256e-14
naive,2026-01-07 12:15:00,241,12.25,35.32256,3753.763,47.10472,298.6003,346.7065,0,0,2627.634,2627.317,1402.242,597.7585,2000,4,56.54879,294.943,529.6897,618.8185,500,0,324.9685,0.1624843,0.1259371,0.3172331,0,250,0.3172331,1225.075,358.8221,36.3473,0,3.657231,0,602.0444,280.6897,321.3547,0,878.4482,4796.883,0,-1.136868e-13,1.24345e-13,4.263256e-14
naive,2026-01-07 12:30:00,242,12.5,35.70841,3737.425,52.45096,302.1272,375.2449,0,0,2616.198,2615.88,907.0819,459.0804,1366.162,3,0,0,566.1623,800,0,338.4659,240.3009,0.1201504,0.2046279,0.3172331,0,250,0.3172331,1708.799,381.7817,46.58347,7.347685,8.764559,0,605.3106,395.3653,209.9453,0,854.4457,4674.839,0,-1.705303e-13,-7.993606e-15,4.263256e-14
naive,2026-01-07 12:45:00,243,12.75,36.041,3790.665,56.76963,303.5761,430.2284,0,0,2653.466,2653.148,1068.591,530.2815,1598.872,4,0,184.0683,614.804,800,0,161.0522,200,0.1,0.1513139,0.3172331,0,250,0.3172331,1584.557,412.9467,46.23367,13.43447,1.790697,17.28173,619.1744,369.7494,249.425,0,904.0635,4946.6,0,2.273737e-13,-8.493206e-15,4.263256e-14
naive,2026-01-07 13:00:00,244,13,36.28758,3791.82,49.44024,303.088,449.6037,0,0,2654.274,2653.957,1408.343,591.6566,2000,4,52.26144,303.4268,651.2061,493.1056,500,0,324.9685,0.1624843,0.1259371,0.3172331,0,250,0.3172331,1245.613,436.1123,28.33775,0,0,13.49135,623.308,292.5097,330.7984,0,887.3345,4848.46,0,0,1.24345e-13,4.263256e-14
naive,2026-01-07 13:15:00,245,13.25,36.53623,3749.796,55.97332,302.2196,500.7139,0,0,2624.857,2624.54,983.4571,492.7503,1476.207,3,0,0,676.2074,800,0,355.7931,235.9691,0.1179845,0.2046279,0.3172331,0,250,0.3172331,1641.083,451.5106,45.71281,3.368759,0,49.20335,620.3848,387.8699,232.515,0,892.2494,4861.756,0,-1.136868e-13,-6.483702e-14,4.263256e-14
naive,2026-01-07 13:30:00,246,13.5,36.91184,3766.417,53.63876,287.184,516.9173,0,0,2636.492,2636.175,1163.742,572.2286,1735.97,4,0,217.559,718.4113,800,0,143.7277,200,0.1,0.1485863,0.3172331,0,250,0.3172331,1472.433,477.5318,45.31777,0,0,39.3855,629.2797,351.4414,277.8384,0,933.0705,5080.905,0,1.136868e-13,-1.024181e-14,4.263256e-14
naive,2026-01-07 13:45:00,247,13.75,37.10031,3774.561,50.11464,291.0779,525.1743,0,0,2642.192,2641.875,1414.054,585.9462,2000,4,60.93099,294.6154,748.6091,395.8445,500,0,324.9685,0.1624843,0.1259371,0.3172331,0,250,0.3172331,1227.821,496.4757,22.3254,0,0,28.69863,633.7765,294.5146,339.2619,0,887.3447,4855.28,0,1.136868e-13,1.24345e-13,4.263256e-14
naive,2026-01-07 14:00:00,248,14,37.28141,3776.298,38.94744,294.0971,548.8844,0,1,2643.408,2643.091,1073.832,532.5921,1606.424,4,0,0,806.4244,800,0,351.7883,236.9703,0.1184851,0.2046279,0.3172331,0,250,0.3172331,1569.259,533.6503,44.92907,0,1.414208,15.23404,637.1125,378.2217,258.8908,0,914.4855,4981.565,0,-1.136868e-13,4.884981e-14,4.263256e-14
naive,2026-01-07 14:15:00,249,14.25,37.48148,3793.452,46.22091,292.489,549.4172,0,1,2655.417,2655.099,1217.902,596.1049,1814.006,4,0,203.8024,810.2041,800,0,147.7319,200,0.1,0.1492167,0.3172331,0,250,0.3172331,1437.198,534.8547,44.71865,0,0,14.56249,643.4196,348.2396,295.18,0,947.8731,5162.993,0,-2.273737e-13,-6.106227e-16,4.263256e-14
naive,2026-01-07 14:30:00,250,14.5,37.7663,3810.896,40.28634,292.2122,561.6025,1,1,2667.627,2667.31,1417.592,582.4083,2000,4,56.29587,301.3855,822.8173,319.5013,500,0,324.9685,0.1624843,0.1259371,0.3172331,0,250,0.3172331,1249.718,541.3065,17.73995,0,0,20.296,651.3227,305.1288,346.1939,892.4926,0,1765.028,0,0,1.24345e-13,4.263256e-14
naive,2026-01-07 14:45:00,251,14.75,38.05312,3764.301,48.15399,290.4846,557.552,1,1,2635.01,2634.693,1097.474,543.0146,1640.489,4,0,0,840.4888,800,0,344.2749,238.8486,0.1194243,0.2046279,0.3172331,0,250,0.3172331,1537.219,551.0034,44.11743,0,0,6.548625,648.3536,378.2382,270.1154,922.8641,0,1796.096,0,-1.136868e-13,4.884981e-14,4.263256e-14
naive,2026-01-07 15:00:00,252,15,38.45498,3749.379,49.31039,284.8027,568.9068,1,1,2624.565,2624.248,1242.464,606.9331,1849.397,4,0,190.928,858.4686,800,0,155.2441,200,0.1,0.1503995,0.3172331,0,250,0.3172331,1381.784,560.0307,43.69478,0,0,8.87606,652.8846,343.7315,309.1531,952.8726,0,1856.589,0,-1.136868e-13,-8.604228e-15,4.263256e-14
naive,2026-01-07 15:15:00,253,15.25,38.58056,3736.028,55.4457,289.8702,583.3232,1,1,2615.22,2614.903,1419.92,580.0803,2000,4,54.65438,295.6216,878.1958,271.5283,500,0,324.9685,0.1624843,0.1259371,0.3172331,0,250,0.3172331,1194.983,572.0177,14.78563,0.7913208,0,11.30553,652.8031,298.2879,354.5152,881.1903,0,1747.112,0,0,1.24345e-13,4.263256e-14
naive,2026-01-07 15:30:00,254,15.5,38.86746,3726.865,42.29507,284.7062,594.8882,1,1,2608.806,2608.489,1134.688,559.4203,1694.108,4,0,0,894.1084,800,0,341.1201,239.6373,0.1198187,0.2046279,0.3172331,0,250,0.3172331,1473.801,580.3303,43.26095,0,0,14.55798,656.3728,370.8067,285.5661,933.8898,0,1819.111,0,-1.136868e-13,4.884981e-14,4.263256e-14
naive,2026-01-07 15:45:00,255,15.75,38.88844,3669.186,59.41179,281.4577,611.3677,1,1,2568.43,2568.113,1261.275,615.2259,1876.501,4,0,189.4291,887.0714,800,0,158.3985,200,0.1,0.1508961,0.3172331,0,250,0.3172331,1306.838,575.614,43.23889,0,0,35.75376,646.5898,328.9902,317.5996,953.2169,0,1857.79,0,0,2.63678e-15,4.263256e-14
naive,2026-01-07 16:00:00,256,16,39.05951,3671.612,63.60038,277.8145,617.128,1,1,2570.129,2569.811,1420.81,579.1898,2000,4,72.84294,282.7186,861.009,283.4294,500,0,324.9685,0.1624843,0.1259371,0.3172331,0,250,0.3172331,1149.001,557.524,15.25522,0,0,59.60404,650.0969,290.6322,359.4647,884.8984,0,1752.635,0,-2.273737e-13,1.24345e-13,4.263256e-14
naive,2026-01-07 16:15:00,257,16.25,39.15201,3664.879,85.93509,279.2416,579.4641,1,1,2565.416,2565.098,1114.386,550.4704,1664.857,4,0,0,864.8567,800,0,372.9874,231.6705,0.1158353,0.2046279,0.3172331,0,250,0.3172331,1450.712,559.3754,42.96168,0,0,20.08869,650.5792,367.8948,282.6844,923.4596,0,1798.587,0,-1.136868e-13,-6.483702e-14,4.263256e-14
naive,2026-01-07 16:30:00,258,16.5,39.43787,3703.155,93.12249,275.3671,588.4327,1,1,2592.208,2591.891,1277.065,622.1872,1899.253,4,0,265.0443,834.2082,800,0,126.5361,200,0.1,0.1458795,0.3172331,0,250,0.3172331,1314.826,537.6447,42.66102,0,0,50.78799,662.658,336.1149,326.5432,971.2853,0,1894.577,0,-1.136868e-13,-3.858025e-15,4.263256e-14
naive,2026-01-07 16:45:00,259,16.75,39.55798,3658.823,113.3953,274.2513,569.9559,1,1,2561.176,2560.859,1426.702,573.2975,2000,4,133.5988,276.2815,823.7513,266.3684,500,0,324.9685,0.1624843,0.1259371,0.3172331,0,250,0.3172331,1134.156,530.1137,14.16237,0,0,39.84214,656.944,290.9121,366.0318,874.4292,0,1732.926,0,0,1.24345e-13,4.263256e-14
naive,2026-01-07 17:00:00,260,17,39.52313,3628.565,129.7809,278.3084,556.4096,1,1,2539.996,2539.678,1074.304,532.8001,1607.104,4,0,0,807.104,800,0,429.9484,217.4303,0.1087151,0.2046279,0.3172331,0,250,0.3172331,1465.375,519.6256,42.57135,0,3.182346,36.78401,650.8711,375.5006,275.3705,917.7265,0,1793.05,0,1.136868e-13,-6.483702e-14,4.263256e-14
naive,2026-01-07 17:15:00,261,17.25,39.60609,3624.246,154.5609,276.9548,544.7949,1,1,2536.972,2536.655,1310.938,624.2914,1935.229,4,107.8383,271.8859,755.5048,800,0,69.58412,200,0.1,0.1369126,0.3172331,0,250,0.3172331,1225.717,485.9039,42.4841,0,5.068927,58.89101,651.6201,314.8249,336.7952,954.2425,0,1869.434,0,-2.273737e-13,5.440093e-15,4.263256e-14
naive,2026-01-07 17:30:00,262,17.5,39.64111,3604.952,186.8475,274.1976,511.3919,1,1,2523.467,2523.149,1430.677,569.3226,2000,4,209.1906,270.1816,710.1318,310.496,500,0,324.9685,0.1624843,0.1259371,0.3172331,0,250,0.3172331,1092.472,456.5232,16.47463,0,4.015985,54.86868,648.7932,280.8789,367.9144,864.3085,0,1717.011,0,0,1.24345e-13,4.263256e-14
naive,2026-01-07 17:45:00,263,17.75,39.57254,3608.192,216.8946,269.009,510.4258,1,1,2525.734,2525.417,997.6182,498.9932,1496.611,3,0,13.00367,683.6078,800,0,499.6694,200,0.1,0.2046279,0.3172331,0,250,0.3172331,1527.799,439.8467,42.51939,0,0.07815095,70.57916,648.1194,392.0428,256.0765,909.1471,0,1770.595,0,-1.136868e-13,-7.993606e-15,4.263256e-14
naive,2026-01-07 18:00:00,264,18,39.49079,3615.401,262.5627,1.263788,486.3115,1,1,2530.781,2530.464,1422.021,577.9791,2000,4,273.0631,3.17203,642.0136,581.7513,500,0,324.9685,0.1624843,0.1259371,0.3172331,0,250,0.3172331,1108.443,413.504,30.98216,0,0,72.80749,647.9192,283.7785,364.1406,880.3975,0,1725.94,0,0,1.24345e-13,4.263256e-14
naive,2026-01-07 18:15:00,265,18.25,39.30858,3563.575,297.8654,0,456.4728,1,1,2494.503,2494.185,944.3175,475.4957,1419.813,3,0,0,619.8132,800,0,301.9229,249.4366,0.1247183,0.2046279,0.3172331,0,250,0.3172331,1549.868,400.1088,42.79701,0,0,56.36396,635.371,394.7645,240.6065,884.6166,0,1721.086,0,0,-6.483702e-14,4.263256e-14
naive,2026-01-07 18:30:00,266,18.5,39.59292,3543.786,339.8761,0,412.1357,1,0,2480.65,2480.333,998.3238,483.3172,1481.641,3,134.3917,1.111366,546.1379,800,0,197.5895,200,0.1,0.1570666,0.3172331,0,250,0.3172331,1482.009,351.3069,42.49795,7.894966,0,60.82887,636.9168,380.5117,256.4051,879.447,0,1724.703,0,0,2.525757e-15,4.263256e-14
naive,2026-01-07 18:45:00,267,18.75,39.51478,3538.219,374.1903,0,389.5551,0,0,2476.753,2476.436,1427.027,572.9735,2000,4,364.6879,4.052395,499.6765,631.5832,500,0,324.9685,0.1624843,0.1259371,0.3172331,0,250,0.3172331,1049.409,321.7326,33.61613,9.502382,0,67.82258,634.5159,268.8467,365.6692,0,859.1955,4704.149,0,-2.273737e-13,1.24345e-13,4.263256e-14
naive,2026-01-07 19:00:00,268,19,39.52961,3494.368,399.1525,0,353.2255,0,0,2446.057,2445.74,835.9688,427.7302,1263.699,3,0,0,463.699,800,0,396.7981,225.7178,0.1128589,0.2046279,0.3172331,0,250,0.3172331,1609.771,298.5123,42.56453,11.82653,0,54.71317,626.9141,412.5775,214.3366,0,854.3305,4671.334,0,5.684342e-14,-6.483702e-14,4.263256e-14
naive,2026-01-07 19:15:00,269,19.25,39.24887,3532.439,409.6642,0,327.9965,0,0,2472.708,2472.39,1073.006,496.7768,1569.783,4,298.012,11.74258,460.0285,800,0,102.7292,200,0.1,0.1421312,0.3172331,0,250,0.3172331,1399.384,297.1826,42.85981,8.922939,0,30.81385,628.7677,355.8397,272.928,0,860.4519,4699.66,0,0,-2.942091e-15,4.263256e-14
naive,2026-01-07 19:30:00,270,19.5,38.96576,3510.258,403.7665,0,294.9122,0,0,2457.181,2456.863,1427.731,572.2689,2000,4,404.7051,8.556982,404.5396,682.1984,500,0,324.9685,0.1624843,0.1259371,0.3172331,0,250,0.3172331,1029.132,262.2524,36.80252,0,0,32.65982,619.9106,259.6349,360.2757,0,840.1434,4579.386,0,0,1.24345e-13,4.263256e-14
naive,2026-01-07 19:45:00,271,19.75,38.79151,3486.051,398.0947,0,259.1789,0,0,2440.236,2439.919,776.8682,401.6758,1178.544,3,0,0,378.544,800,0,392.8006,226.7172,0.1133586,0.2046279,0.3172331,0,250,0.3172331,1663.051,245.9279,43.34083,6.748315,0,13.25107,612.673,417.5441,195.1289,0,822.5469,4486.89,0,1.136868e-13,-6.483702e-14,4.263256e-14
naive,2026-01-07 20:00:00,272,20,38.60416,3420.712,381.3627,0,248.4891,0,0,2394.498,2394.181,966.8084,452.8421,1419.65,3,273.7808,0,345.8696,800,0,106.7261,200,0.1,0.1427605,0.3172331,0,250,0.3172331,1427.373,225.2188,43.53788,0.8558974,0,23.27027,598.0949,356.5275,241.5675,0,815.1819,4435.997,0,5.684342e-14,-2.137179e-15,4.263256e-14
naive,2026-01-07 20:15:00,273,20.25,38.52743,3387.334,352.8176,0,231.0006,0,0,2371.134,2370.816,1394.553,572.1955,1966.748,4,355.6401,0.2712513,310.8371,800,500,0,324.9685,0.1624843,0.1259371,0.3172331,0,250,0.3172331,976.2635,202.5976,43.61858,0,0,28.40306,591.0129,243.3369,347.676,0,822.6119,4475.295,0,-2.273737e-13,1.24345e-13,4.263256e-14
naive,2026-01-07 20:30:00,274,20.5,38.20171,3324.466,312.4345,0,200.5526,0,0,2327.126,2326.809,713.7795,373.8632,1087.643,3,0,0,287.6427,800,0,334.5671,241.2756,0.1206378,0.2046279,0.3172331,0,250,0.3172331,1613.029,188.2295,43.96115,0,0,12.3231,574.9097,398.4942,176.4155,0,775.4018,4215.254,0,0,-7.993606e-15,4.263256e-14
naive,2026-01-07 20:45:00,275,20.75,38.06678,3340.258,295.9124,0,182.8802,0,0,2338.18,2337.863,809.0785,399.5508,1208.629,3,137.231,1.060166,270.3381,800,0,164.9504,200,0.1,0.1519277,0.3172331,0,250,0.3172331,1528.785,177.1974,44.10306,0,0,5.682855,575.5302,376.3019,199.2283,0,777.2515,4225.267,0,0,1.415534e-15,4.263256e-14
naive,2026-01-07 21:00:00,276,21,38.04652,3313.097,267.9103,0.08753474,176.8168,0,0,2319.168,2318.851,1278.801,531.2863,1810.087,4,270.5676,0,239.5192,800,500,0,324.9685,0.1624843,0.1259371,0.3172331,0,250,0.3172331,1040.05,157.0355,44.12437,0,0.08753474,19.78131,570.5375,255.8623,314.6752,0,792.015,4306.593,0,0,1.24345e-13,4.263256e-14
naive,2026-01-07 21:15:00,277,21.25,37.69731,3311.648,248.6207,1.963274,171.487,0,0,2318.154,2317.837,664.2208,352.0153,1016.236,3,0,0,216.2361,800,0,233.2273,266.6105,0.1333053,0.2046279,0.3172331,0,250,0.3172331,1653.616,142.3745,44.49165,15.39337,1.963274,29.11252,564.9493,402.997,161.9523,0,762.1072,4171.477,0,0,-9.325873e-14,4.263256e-14
naive,2026-01-07 21:30:00,278,21.5,37.57777,3316.521,202.1004,0,160.4868,0,0,2321.565,2321.247,646.8374,344.3518,991.1892,2,0,0,191.1892,800,0,196.9393,217.3337,0.1086669,0.1678807,0.3172331,0,250,0.3172331,1674.41,126.066,44.61738,5.161073,0,34.42085,563.9731,406.7611,157.212,0,759.4747,4135.819,0,5.684342e-14,9.603429e-15,4.263256e-14
naive,2026-01-07 21:45:00,279,21.75,37.20497,3314.183,165.5236,0,158.0819,0,0,2319.928,2319.611,714.8442,361.6623,1076.507,3,106.5091,0,169.9974,800,0,69.19807,200,0.1,0.1368519,0.3172331,0,250,0.3172331,1604.767,112.5996,45.00947,0,0,45.4823,558.0166,385.9976,172.0191,0,758.5998,4121.663,0,5.684342e-14,1.665335e-16,4.263256e-14
naive,2026-01-07 22:00:00,280,22,36.99661,3295.338,142.0032,0,123.2667,0,0,2306.736,2306.419,1144.628,485.847,1630.475,4,155.3137,0,175.1616,800,500,0,324.9685,0.1624843,0.1259371,0.3172331,0,250,0.3172331,1161.791,116.312,45.22861,0,0,6.9547,551.8016,277.9156,273.886,0,765.4263,4158.963,0,-2.273737e-13,1.24345e-13,4.263256e-14
naive,2026-01-07 22:15:00,281,22.25,36.78349,3308.55,121.0963,0.5453189,117.7767,0,0,2315.985,2315.667,612.2606,329.1087,941.3693,2,0,0,141.3693,800,0,144.7662,288.7258,0.1443629,0.2046279,0.3172331,0,250,0.3172331,1703.407,94.11411,45.45275,0,0,23.66259,550.9244,405.2049,145.7195,0,739.9425,4018.549,0,-1.136868e-13,-1.216804e-13,4.263256e-14
naive,2026-01-07 22:30:00,282,22.5,36.74302,3270.124,99.0286,3.829577,106.6858,0,0,2289.087,2288.77,606.1171,326.4003,932.5174,2,0,0,132.5174,800,0,116.2272,259.6235,0.1298118,0.1818064,0.3172331,0,250,0.3172331,1682.653,88.26399,45.49532,0,0.5268088,18.42177,543.95,399.8445,144.1055,0,730.6223,3968.149,0,0,3.885781e-16,4.263256e-14
naive,2026-01-07 22:45:00,283,22.75,36.37931,3218.902,94.16344,0,89.75445,0,0,2253.232,2252.914,601.4924,324.3615,925.8539,2,0,0,125.8539,800,0,95.03001,235.8252,0.1179126,0.1634811,0.3172331,0,250,0.3172331,1651.422,84.19189,45.87785,0.8955617,0,5.562552,530.3874,388.7276,141.6597,0,714.3985,3879.124,0,5.684342e-14,4.451994e-14,4.263256e-14
naive,2026-01-07 23:00:00,284,23,36.12557,3187.141,84.73074,0,95.76167,0,0,2230.999,2230.681,597.9991,322.8215,920.8206,2,0,0,120.8206,800,0,83.07381,215.0196,0.1075098,0.1484957,0.3172331,0,250,0.3172331,1632.682,81.07009,46.14472,2.090507,0,14.69157,521.7262,381.808,139.9182,0,708.0652,3846.052,0,-5.684342e-14,-6.52256e-15,4.263256e-14
naive,2026-01-07 23:15:00,285,23.25,35.98332,3218.082,68.58284,0,82.61925,0,0,2252.658,2252.34,589.3026,317.8776,907.1802,2,9.331227,0,97.84898,800,0,59.943,200,0.1,0.1353947,0.3172331,0,250,0.3172331,1663.038,65.76757,46.29434,0,0,16.85168,524.8705,387.4887,137.3817,0,709.2928,3849.029,0,0,-3.38618e-15,4.263256e-14
naive,2026-01-07 23:30:00,286,23.5,35.55012,3258.928,79.57557,0,81.58964,0,1,2281.25,2280.932,1009.13,437.905,1447.035,3,56.18617,3.863501,86.98582,800,500,0,324.9685,0.1624843,0.1259371,0.3172331,0,250,0.3172331,1271.802,58.76754,46.74995,23.3894,0,22.82211,525.6957,293.0766,232.6191,0,736.2408,4037.078,0,0,1.24345e-13,4.263256e-14
naive,2026-01-07 23:45:00,287,23.75,35.27067,3237.462,80.78306,1.700763,76.26849,1,1,2266.223,2265.906,574.9841,312.6754,887.6594,2,0,0,87.65944,800,0,56.76778,310.7254,0.1553627,0.2046279,0.3172331,0,250,0.3172331,1690.922,59.4186,47.04386,25.34504,0.3709989,16.84989,518.5597,386.9187,131.6411,703.4496,0,1398.335,0,0,-7.993606e-15,4.263256e-14
naive,2026-01-08 00:00:00,288,0,34.88067,3222.897,84.34869,10.55719,76.65213,1,1,2256.028,2255.711,568.7534,309.9286,878.682,2,0,0,78.68196,800,0,52.61551,297.5226,0.1487613,0.1956592,0.3172331,0,250,0.3172331,1686.958,53.57884,47.45404,31.73318,10.55719,23.07329,511.2087,382.2591,128.9496,697.416,0,1414.397,0,-5.684342e-14,1.039446e-13,4.263256e-14
naive,2026-01-08 00:15:00,289,0.25,34.51669,3235.098,70.76021,4.153144,90.55475,1,1,2264.569,2264.251,565.5584,308.52,874.0784,2,0,0,74.0784,800,0,62.28227,281.9052,0.1409526,0.1873456,0.3172331,0,250,0.3172331,1698.693,50.65974,47.83685,11.40621,1.224884,39.89501,508.5303,381.4576,127.0727,698.9364,0,1365.845,0,-5.684342e-14,7.646661e-14,4.263256e-14
naive,2026-01-08 00:30:00,290,0.5,34.33754,3199.622,78.84786,4.086517,94.80699,1,1,2239.735,2239.418,577.1756,313.6415,890.8172,2,0,0,90.81716,800,0,51.44501,268.9996,0.1344998,0.1775116,0.3172331,0,250,0.3172331,1662.243,62.23698,48.02528,29.66188,1.82748,32.57001,500.7378,371.6277,129.1101,692.5508,0,1385.392,0,-5.684342e-14,-9.145462e-14,4.263256e-14
naive,2026-01-08 00:45:00,291,0.75,34.16409,3192.291,55.5479,2.979187,99.93286,1,1,2234.603,2234.286,575.5351,312.9183,888.4534,2,0,0,88.45337,800,0,46.42619,257.3507,0.1286753,0.1693851,0.3172331,0,250,0.3172331,1658.751,60.73981,48.2077,9.681285,2.419606,39.19305,497.4684,369.2719,128.1965,690.9154,0,1348.471,0,-5.684342e-14,-1.066924e-13,4.263256e-14
naive,2026-01-08 01:00:00,292,1,34.23902,3161.939,55.27524,2.0197,99.97446,1,1,2213.357,2213.04,577.1513,313.6308,890.782,2,0,0,90.78203,800,0,43.19888,246.5105,0.1232552,0.16205,0.3172331,0,250,0.3172331,1635.888,62.28445,48.12889,15.82151,0,37.69,493.6443,364.8517,128.7926,686.8885,0,1346.924,0,-5.684342e-14,4.596323e-14,4.263256e-14
naive,2026-01-08 01:15:00,293,1.25,34.15962,3175.711,50.0988,4.997781,94.21002,1,1,2222.997,2222.68,574.2226,312.3397,886.5623,2,0,0,86.56231,800,0,47.08311,234.7009,0.1173504,0.155224,0.3172331,0,250,0.3172331,1648.458,59.44433,48.2124,10.68052,0,34.76569,494.8306,366.9402,127.8903,687.0186,0,1338.222,0,5.684342e-14,-3.355649e-14,4.263256e-14
naive,2026-01-08 01:30:00,294,1.5,34.07397,3109.713,55.66714,0.5408328,73.69563,1,1,2176.799,2176.482,574.539,312.4792,887.0182,2,0,0,87.01816,800,0,50.94752,221.9271,0.1109635,0.1477877,0.3172331,0,250,0.3172331,1601.943,59.817,48.30249,11.09986,0,13.87862,483.5328,355.8399,127.6929,671.4019,0,1307.611,0,0,-2.78666e-14,4.263256e-14
naive,2026-01-08 01:45:00,295,1.75,33.8054,3092.755,59.06318,3.117253,69.6949,1,1,2164.928,2164.611,560.6174,306.3418,866.9592,2,0,0,66.9592,800,0,54.22437,208.336,0.104168,0.1397442,0.3172331,0,250,0.3172331,1603.994,46.17218,48.58495,7.19495,0.7611127,23.52273,477.7608,353.9726,123.7882,665.5055,0,1290.077,0,0,-1.995626e-14,4.263256e-14
naive,2026-01-08 02:00:00,296,2,33.5296,3073.011,45.10663,4.028596,76.76531,1,1,2151.107,2150.79,566.4411,306.6291,873.0701,2,19.16736,0.1783023,53.72447,800,0,33.2129,200,0.1,0.1311861,0.3172331,0,250,0.3172331,1584.349,37.16461,48.87502,0,3.850294,39.6007,471.5537,347.3121,124.2416,662.6222,0,1276.902,0,0,-1.665335e-16,4.263256e-14
naive,2026-01-08 02:15:00,297,2.25,33.32197,3103.086,37.25459,0.9865878,64.63564,1,1,2172.16,2171.843,977.3105,423.7239,1401.034,3,57.47505,0.08166548,43.4777,800,500,0,324.9685,0.1624843,0.1259371,0.3172331,0,250,0.3172331,1194.532,30.14849,49.09339,0,0.9049223,34.48714,473.7966,260.5542,213.2425,691.8005,0,1329.932,0,-1.136868e-13,1.24345e-13,4.263256e-14
naive,2026-01-08 02:30:00,298,2.5,32.81206,3141.962,52.22082,0,68.69664,1,1,2199.374,2199.056,524.3367,290.3475,814.6843,2,0,0,14.68426,800,0,58.72486,310.2361,0.1551181,0.2046279,0.3172331,0,250,0.3172331,1674.72,10.24232,49.62969,0,0,58.45431,473.9342,360.8786,113.0556,663.8222,0,1271.811,0,-5.684342e-14,-3.641532e-14,4.263256e-14
naive,2026-01-08 02:45:00,299,2.75,32.83014,3160.278,51.77627,1.542439,70.159,1,1,2212.195,2211.877,536.1301,295.5466,831.6768,2,0,0,31.67676,800,0,66.25726,293.623,0.1468115,0.1953512,0.3172331,0,250,0.3172331,1675.747,22.09007,49.61067,0,0.6325621,48.06893,476.9013,361.2549,115.6464,667.1641,0,1279.607,0,5.684342e-14,8.026912e-14,4.263256e-14
naive,2026-01-08 03:00:00,300,3,32.55532,3229.72,41.1468,0.8915412,67.98452,1,1,2260.804,2260.487,541.4396,297.8873,839.3269,2,0,0,39.32688,800,0,62.69982,277.9018,0.1389509,0.1848901,0.3172331,0,250,0.3172331,1719.047,27.51141,49.89971,0,0,40.47311,484.2248,368.19,116.0349,674.7459,0,1293.355,0,0,1.240674e-14,4.263256e-14
naive,2026-01-08 03:15:00,301,3.25,32.24496,3234.011,53.76463,2.402332,58.54627,1,1,2263.808,2263.49,543.7963,298.9262,842.7225,2,0,0,42.7225,800,0,67.4134,261.0047,0.1305024,0.1749907,0.3172331,0,250,0.3172331,1719.694,29.99292,50.22614,0,0.960711,28.55335,481.3484,365.6547,115.6936,670.6522,0,1286.457,0,5.684342e-14,5.917489e-14,4.263256e-14
naive,2026-01-08 03:30:00,302,3.5,32.02926,3212.626,71.87304,0,42.68989,1,1,2248.838,2248.521,548.5387,301.0169,849.5556,2,0,0,49.55557,800,0,68.11995,243.9336,0.1219668,0.1643508,0.3172331,0,250,0.3172331,1699.982,34.87552,50.453,4.645343,0,7.81437,475.7652,359.649,116.1162,662.3192,0,1275.892,0,5.684342e-14,3.413936e-14,4.263256e-14
naive,2026-01-08 03:45:00,303,3.75,32.00266,3209.405,75.44605,0,27.91515,1,1,2246.583,2246.266,548.5707,301.031,849.6017,2,0,0,49.60172,800,0,79.2464,224.0836,0.1120418,0.1536014,0.3172331,0,250,0.3172331,1697.695,34.91856,50.48097,0.3651194,0,0,474.9942,358.943,116.0511,659.9741,0,1263.787,0,0,3.391731e-14,4.263256e-14
naive,2026-01-08 04:00:00,304,4,32.03763,3237.178,83.96224,3.620559,38.24099,1,1,2266.025,2265.707,547.8635,300.7193,848.5827,2,0,0,48.58275,800,0,91.46414,201.1823,0.1005912,0.1411022,0.3172331,0,250,0.3172331,1717.844,34.18763,50.44419,0,0,4.053359,479.4946,363.4986,115.996,665.0756,0,1273.402,0,1.136868e-13,-1.607048e-14,4.263256e-14
naive,2026-01-08 04:15:00,305,4.25,31.87545,3255.374,98.66116,5.038094,39.07764,1,1,2278.762,2278.445,620.2319,321.6412,941.8731,2,92.31401,2.668279,46.89085,800,0,4.602637,200,0.1,0.1266816,0.3172331,0,250,0.3172331,1658.213,33.05788,50.61477,1.744516,2.369815,6.019758,480.3764,349.561,130.8154,672.4713,0,1295.098,0,1.136868e-13,3.330669e-16,4.263256e-14
naive,2026-01-08 04:30:00,306,4.5,31.83601,3315.274,103.7691,2.84906,47.20643,1,1,2320.692,2320.375,1035.198,442.1914,1477.389,3,116.7568,3.950445,56.68187,800,500,0,324.9685,0.1624843,0.1259371,0.3172331,0,250,0.3172331,1285.177,39.9784,50.65624,0,0,7.228031,488.7685,270.6753,218.0932,714.389,0,1371.79,0,2.273737e-13,1.24345e-13,4.263256e-14
naive,2026-01-08 04:45:00,307,4.75,31.74827,3314.49,127.5822,0,35.2558,1,1,2320.143,2319.825,547.5848,300.5964,848.1812,2,0,0,48.18117,800,0,135.3619,291.0769,0.1455384,0.2046279,0.3172331,0,250,0.3172331,1772.241,34.01657,50.74853,0,0,1.239232,487.6615,372.5002,115.1613,673.3571,0,1289.622,0,0,4.884981e-14,4.263256e-14
naive,2026-01-08 05:00:00,308,5,31.55548,3286.247,167.0608,5.564101,33.52626,1,1,2300.373,2300.056,562.9745,307.381,870.3555,2,0,0,70.35552,800,0,166.9976,249.2817,0.1246408,0.1832868,0.3172331,0,250,0.3172331,1737.081,49.78048,50.95129,0.06323764,5.564101,0,481.3606,363.4899,117.8707,670.8709,0,1294.129,0,0,5.351275e-14,4.263256e-14
naive,2026-01-08 05:15:00,309,5.25,31.53335,3261.555,200.0764,8.20341,43.82408,1,1,2283.088,2282.771,583.1961,314.8639,898.06,2,12.0357,1.247367,84.77696,800,0,196.9697,200,0.1,0.156969,0.3172331,0,250,0.3172331,1699.575,59.99947,50.97457,0,6.956043,0,477.5005,355.4606,122.0399,670.3245,0,1295.302,0,-5.684342e-14,5.551115e-15,4.263256e-14
naive,2026-01-08 05:30:00,310,5.5,31.5096,3292.905,246.0056,3.229849,52.57256,1,1,2305.033,2304.716,1140.308,472.7786,1613.087,4,249.1614,0.5080036,63.41774,800,500,0,324.9685,0.1624843,0.1259371,0.3172331,0,250,0.3172331,1164.408,44.89489,50.99954,0,2.721845,7.677671,481.827,243.3991,238.4279,717.7826,0,1382.886,0,0,1.24345e-13,4.263256e-14
naive,2026-01-08 05:45:00,311,5.75,31.29959,3227.522,283.496,0,66.47223,1,1,2259.265,2258.948,564.3151,307.9719,872.287,2,0,0,72.28703,800,0,294.4109,251.3146,0.1256573,0.2046279,0.3172331,0,250,0.3172331,1694.633,51.29511,51.22042,0,0,15.17711,469.9905,352.5312,117.4593,663.6604,0,1269.698,0,-5.684342e-14,-7.993606e-15,4.263256e-14
naive,2026-01-08 06:00:00,312,6,31.45276,3259.88,322.5925,0,39.92,1,1,2281.916,2281.599,673.6029,340.7051,1014.308,3,129.8451,2.712706,81.7502,800,0,205.1003,200,0.1,0.1582491,0.3172331,0,250,0.3172331,1607.996,57.91004,51.05933,0,0,0,476.3721,335.6848,140.6874,676.3899,0,1295.338,0,-5.684342e-14,-1.065814e-14,4.263256e-14
naive,2026-01-08 06:15:00,313,6.25,31.27351,3300.125,360.704,0.5535027,47.16059,1,1,2310.088,2309.77,1234.587,499.7971,1734.384,4,371.4213,1.88401,61.07838,800,500,0,324.9685,0.1624843,0.1259371,0.3172331,0,250,0.3172331,1075.184,43.35416,51.24786,0,0,3.806424,480.2762,223.5349,256.7413,724.1234,0,1390.593,0,1.705303e-13,1.24345e-13,4.263256e-14
naive,2026-01-08 06:30:00,314,6.5,31.34896,3301.81,398.4115,0,25.32287,1,1,2311.267,2310.95,571.2496,311.029,882.2787,2,0,0,82.27868,800,0,404.6342,223.7588,0.1118794,0.2046279,0.3172331,0,250,0.3172331,1739.7,58.35272,51.1685,0,0,0,481.352,362.3157,119.0364,673.3447,0,1289.125,0,5.684342e-14,-7.993606e-15,4.263256e-14
naive,2026-01-08 06:45:00,315,6.75,31.2737,3324.019,430.8135,1.9702,20.90786,1,1,2326.813,2326.496,821.5684,381.6695,1203.238,3,333.8317,0.7356229,68.67059,800,0,94.89434,200,0.1,0.1408976,0.3172331,0,250,0.3172331,1504.928,48.7431,51.24766,2.087403,1.234577,0,483.7557,312.8817,170.874,694.5513,0,1337.179,0,-1.705303e-13,-3.63598e-15,4.263256e-14
naive,2026-01-08 07:00:00,316,7,31.24748,3372.516,430.964,1.29734,48.33239,1,1,2360.761,2360.444,1288.638,515.8702,1804.509,4,436.6173,1.510069,66.3813,800,500,0,324.9685,0.1624843,0.1259371,0.3172331,0,250,0.3172331,1071.806,47.13206,51.27522,0,0,1.200328,490.5196,222.7001,267.8196,738.8197,0,1419.955,0,-1.136868e-13,1.24345e-13,4.263256e-14
naive,2026-01-08 07:15:00,317,7.25,31.2533,3419.387,443.9748,8.434502,41.08206,1,1,2393.571,2393.254,573.8223,312.1632,885.9856,2,0,0,85.98556,800,0,422.0472,219.4056,0.1097028,0.2046279,0.3172331,0,250,0.3172331,1819.431,61.04747,51.26911,22.41512,7.947026,0,497.403,378.0922,119.3107,690.2554,0,1375.208,0,5.684342e-14,-7.993606e-15,4.263256e-14
naive,2026-01-08 07:30:00,318,7.5,31.45888,3457.709,405.1755,7.455449,42.18169,1,1,2420.396,2420.079,805.4144,377.2411,1182.656,3,311.1938,0.5904807,70.87126,800,0,77.48411,200,0.1,0.1381565,0.3172331,0,250,0.3172331,1614.665,50.20017,51.05289,16.4976,6.864969,0,505.3523,337.1243,168.228,714.3654,0,1411.597,0,-5.684342e-14,-8.881784e-16,4.263256e-14
naive,2026-01-08 07:45:00,319,7.75,31.42327,3481.752,364.7483,7.298549,35.38817,1,1,2437.226,2436.909,1255.623,510.0038,1765.627,4,363.5812,0.1580314,101.8879,800,500,0,324.9685,0.1624843,0.1259371,0.3172331,0,250,0.3172331,1181.286,72.19917,51.09034,1.167149,7.140518,0,508.4503,246.438,262.0124,756.4417,0,1469.738,0,1.136868e-13,1.24345e-13,4.263256e-14
naive,2026-01-08 08:00:00,320,8,31.5427,3475.128,325.1722,269.6103,38.60047,1,1,2432.589,2432.272,661.2298,350.6967,1011.927,3,0,96.7076,115.2189,800,0,499.6694,200,0.1,0.2046279,0.3172331,0,250,0.3172331,1771.042,81.53563,50.96473,0,1.860989,0,508.8777,370.4875,138.3902,721.1842,0,1388.243,0,0,-7.993606e-15,4.263256e-14
naive,2026-01-08 08:15:00,321,8.25,31.90266,3447.108,279.0734,261.3668,58.43145,1,1,2412.976,2412.659,1407.969,586.0909,1994.06,4,288.5489,270.7762,134.7344,800,500,0,324.9685,0.1624843,0.1259371,0.3172331,0,250,0.3172331,1004.69,94.95794,50.58615,0,0,0,508.9907,211.9283,297.0624,798.0191,0,1539.129,0,0,1.24345e-13,4.263256e-14
naive,2026-01-08 08:30:00,322,8.5,31.98025,3404.638,237.7425,264.9975,69.83646,1,1,2383.247,2382.93,630.2325,337.0316,967.2641,2,0,20.22289,147.0412,800,0,499.6694,200,0.1,0.2046279,0.3172331,0,250,0.3172331,1752.697,103.5403,50.50455,0,0,0,503.6263,370.3789,133.2474,707.4105,0,1358.003,0,0,-7.993606e-15,4.263256e-14
naive,2026-01-08 08:45:00,323,8.75,32.15771,3475.504,207.2142,271.0369,83.30282,1,1,2432.853,2432.536,1357.017,574.3352,1931.352,4,198.5485,271.1886,161.6151,800,500,0,324.9685,0.1624843,0.1259371,0.3172331,0,250,0.3172331,1075.519,113.5731,50.3179,8.66567,0,0,516.2385,228.2194,288.0192,802.5546,0,1563.45,0,-2.273737e-13,1.24345e-13,4.263256e-14
naive,2026-01-08 09:00:00,324,9,32.43706,3517.056,180.6605,276.6366,95.4659,1,1,2461.939,2461.622,631.4983,337.5896,969.088,2,0,0,169.088,800,0,440.6683,214.7503,0.1073751,0.2046279,0.3172331,0,250,0.3172331,1830.124,118.4467,50.02409,14.97243,1.656398,0,525.8393,390.8914,134.9479,728.4811,0,1429.37,0,-5.684342e-14,-7.993606e-15,4.263256e-14
naive,2026-01-08 09:15:00,325,9.25,32.56346,3494.245,134.5899,274.8573,78.29521,1,1,2445.971,2445.654,898.8564,446.5513,1345.408,3,74.84006,276.6117,193.9559,800,0,58.86595,200,0.1,0.1352251,0.3172331,0,250,0.3172331,1546.798,135.6707,49.89115,0.8839261,0,0,523.9848,331.3606,192.6242,777.9119,0,1501.221,0,-1.136868e-13,-3.247402e-15,4.263256e-14
naive,2026-01-08 09:30:00,326,9.5,32.83814,3541.509,101.8711,282.2926,109.0361,1,1,2479.057,2478.739,1325.616,572.5808,1898.196,4,96.92677,279.0021,222.2676,800,500,0,324.9685,0.1624843,0.1259371,0.3172331,0,250,0.3172331,1153.124,154.9861,49.60226,4.94436,3.290503,0,534.5324,248.6357,285.8967,821.2165,0,1600.836,0,0,1.24345e-13,4.263256e-14
naive,2026-01-08 09:45:00,327,9.75,32.97282,3543.663,82.2039,282.323,131.2565,1,1,2480.564,2480.247,661.4762,350.8053,1012.281,3,0,0,212.2815,800,0,353.4582,236.5528,0.1182764,0.2046279,0.3172331,0,250,0.3172331,1818.77,147.7941,49.46061,3.23999,7.828724,0,536.5713,393.4187,143.1527,744.224,0,1451.898,0,0,-6.483702e-14,4.263256e-14
naive,2026-01-08 10:00:00,328,10,33.29335,3546.88,69.31126,277.8502,147.3441,1,1,2482.816,2482.499,808.2806,415.5239,1223.805,3,0,198.8368,224.9677,800,0,146.0622,200,0.1,0.1489538,0.3172331,0,250,0.3172331,1674.218,156.0496,49.12349,3.235831,0,0,541.186,364.9338,176.2522,780.4577,0,1511.233,0,-5.684342e-14,-2.275957e-15,4.263256e-14
naive,2026-01-08 10:15:00,329,10.25,33.53629,3535.19,72.07902,284.3183,165.6349,1,1,2474.633,2474.316,1311.253,571.2497,1882.503,4,54.89013,280.0407,247.572,800,500,0,324.9685,0.1624843,0.1259371,0.3172331,0,250,0.3172331,1163.063,171.2479,48.86798,17.18888,4.27768,0,542.5628,255.0013,287.5615,826.251,0,1634.555,0,0,1.24345e-13,4.263256e-14
naive,2026-01-08 10:30:00,330,10.5,33.6549,3614.539,50.84443,287.6135,194.6189,1,1,2530.177,2529.86,691.7786,364.1641,1055.943,3,0,0,255.9428,800,0,342.198,239.3679,0.1196839,0.2046279,0.3172331,0,250,0.3172331,1838.081,176.7952,48.74323,0,4.679773,17.82369,556.3322,404.155,152.1772,772.2382,0,1497.713,0,1.136868e-13,-7.993606e-15,4.263256e-14
naive,2026-01-08 10:45:00,331,10.75,34.0848,3591.913,42.03237,293.6362,212.2196,1,1,2514.339,2514.022,830.2905,425.227,1255.517,3,0,181.969,273.5485,800,0,157.3207,200,0.1,0.1507264,0.3172331,0,250,0.3172331,1683.731,188.0158,48.29109,0,8.756151,24.20381,558.6586,374.1066,184.5519,804.7114,0,1570.2,0,-5.684342e-14,1.360023e-14,4.263256e-14
naive,2026-01-08 11:00:00,332,11,34.31986,3583.16,48.87322,288.3239,242.3238,1,0,2508.212,2507.895,1364.174,595.7817,1959.956,4,44.78791,285.7187,329.4493,800,500,0,324.9685,0.1624843,0.1259371,0.3172331,0,250,0.3172331,1143.721,225.8181,48.04387,4.085304,2.605241,16.5057,560.5175,255.5906,304.9269,855.0609,0,1667.614,0,0,1.24345e-13,4.263256e-14
naive,2026-01-08 11:15:00,333,11.25,34.53344,3626.56,43.20274,300.3448,270.2539,0,0,2538.592,2538.275,765.22,396.5407,1161.761,3,0,0,361.7607,800,0,337.1817,240.6219,0.120311,0.2046279,0.3172331,0,250,0.3172331,1773.055,247.3475,47.81924,0,8.733672,22.90636,570.3007,398.321,171.9798,0,800.0076,4361.311,0,0,-7.993606e-15,4.263256e-14
naive,2026-01-08 11:30:00,334,11.5,34.66498,3667.264,45.84837,293.5204,304.157,0,0,2567.085,2566.768,900.6136,456.2289,1356.843,3,0,172.8583,383.9842,800,0,162.3362,200,0.1,0.1515161,0.3172331,0,250,0.3172331,1666.154,262.1384,47.68089,3.953017,0.2212087,42.01862,578.5824,375.5261,203.0563,0,841.2253,4580.299,0,-5.684342e-14,-8.604228e-16,4.263256e-14
naive,2026-01-08 11:45:00,335,11.75,34.85757,3694.097,60.35557,295.742,340.6208,0,0,2585.868,2585.551,1394.219,605.7806,2000,4,34.69359,292.8007,432.6097,739.896,500,0,324.9685,0.1624843,0.1259371,0.3172331,0,250,0.3172331,1191.332,294.6675,43.91129,25.66198,2.941287,45.95332,585.612,269.7965,315.8156,0,885.984,4872.852,0,-2.273737e-13,1.24345e-13,4.263256e-14
naive,2026-01-08 12:00:00,336,12,35.09862,3677.052,64.97995,302.8021,371.132,0,0,2573.936,2573.619,846.7471,432.4819,1279.229,3,0,0,479.229,800,0,334.6349,241.2586,0.1206293,0.2046279,0.3172331,0,250,0.3172331,1726.872,325.4976,47.22481,28.96661,4.180531,45.63434,586.4313,393.4409,192.9904,0,836.3198,4603.81,0,0,4.884981e-14,4.263256e-14
naive,2026-01-08 12:15:00,337,12.25,35.37258,3686.47,61.2838,304.2819,393.1228,0,0,2580.529,2580.212,1001.27,500.603,1501.873,4,0,183.2307,518.6419,800,0,164.8827,200,0.1,0.151917,0.3172331,0,250,0.3172331,1578.942,351.1306,46.93668,10.33169,7.12064,41.99219,591.998,362.2244,229.7736,0,872.4608,4775.836,0,-1.705303e-13,4.635181e-15,4.263256e-14
naive,2026-01-08 12:30:00,338,12.5,35.76335,3677.881,57.88666,300.6577,410.8241,0,0,2574.516,2574.199,1403.053,596.9473,2000,4,49.56923,298.6619,559.9666,591.8023,500,0,324.9685,0.1624843,0.1259371,0.3172331,0,250,0.3172331,1171.147,377.3577,34.41751,8.317428,1.995778,33.46639,596.5008,271.348,325.1528,0,876.0493,4797.342,0,0,1.24345e-13,4.263256e-14
naive,2026-01-08 12:45:00,339,12.75,35.83349,3681.372,66.56106,296.8311,431.2361,0,0,2576.96,2576.643,951.0822,478.4779,1429.56,3,0,0,629.5601,800,0,354.2914,236.3445,0.1181722,0.2046279,0.3172331,0,250,0.3172331,1625.561,423.903,46.45192,15.17929,0,7.333099,598.1363,377.3077,220.8286,0,857.4876,4690.108,0,0,-7.993606e-15,4.263256e-14
naive,2026-01-08 13:00:00,340,13,36.02671,3744.615,59.99659,302.1965,436.8878,0,0,2621.231,2620.913,1118.684,552.365,1671.049,4,0,208.5255,662.5236,800,0,145.2292,200,0.1,0.1488227,0.3172331,0,250,0.3172331,1502.229,445.0743,46.24869,9.437841,0,0,611.4282,350.41,261.0183,0,902.775,4929.513,0,-2.273737e-13,-6.383782e-15,4.263256e-14
naive,2026-01-08 13:15:00,341,13.25,36.41505,3755.305,60.43745,301.9046,467.7003,0,0,2628.713,2628.396,1412.13,587.8701,2000,4,54.65628,302.5728,719.5502,423.2207,500,0,324.9685,0.1624843,0.1259371,0.3172331,0,250,0.3172331,1216.266,481.1485,24.25068,5.781177,0,0,619.345,286.5616,332.7834,0,874.4317,4792.065,0,0,1.24345e-13,4.263256e-14
naive,2026-01-08 13:30:00,342,13.5,36.66167,3776.755,54.56219,308.1188,480.9322,0,0,2643.729,2643.412,1036.789,516.2618,1553.051,4,0,0,753.0512,800,0,348.9974,237.668,0.118834,0.2046279,0.3172331,0,250,0.3172331,1606.622,502.0643,45.58089,0,16.3324,0,626.8895,380.9674,245.9221,0,897.2292,4911.656,0,0,-7.993606e-15,4.263256e-14
naive,2026-01-08 13:45:00,343,13.75,36.92888,3748.877,74.51295,301.0607,503.792,0,0,2624.214,2623.897,1187.485,582.696,1770.181,4,0,196.4578,773.7236,800,0,150.5224,200,0.1,0.1496561,0.3172331,0,250,0.3172331,1436.411,514.1926,45.29984,20.03961,8.553858,0,626.6296,342.9972,283.6325,0,925.6932,5089.674,0,0,2.858824e-15,4.263256e-14
naive,2026-01-08 14:00:00,344,14,37.33991,3734.76,57.18186,299.1251,526.9977,0,1,2614.332,2614.015,1415.774,584.2263,2000,4,47.04203,293.5635,819.3701,340.0244,500,0,324.9685,0.1624843,0.1259371,0.3172331,0,250,0.3172331,1198.241,541.8336,19.07007,10.13983,5.561575,0,631.0834,289.2479,341.8355,0,873.4742,4809.739,0,0,1.24345e-13,4.263256e-14
naive,2026-01-08 14:15:00,345,14.25,37.5743,3747.664,66.79907,305.996,534.6345,1,1,2623.365,2623.048,1085.331,537.6612,1622.992,4,0,0,822.9918,800,0,343.8898,238.9449,0.1194725,0.2046279,0.3172331,0,250,0.3172331,1537.717,542.6854,44.62102,18.1719,10.73337,0,637.2299,373.52,263.7099,911.1812,0,1822.025,0,0,-6.483702e-14,4.263256e-14
naive,2026-01-08 14:30:00,346,14.5,37.81365,3775.747,69.18196,303.4323,562.7501,1,1,2643.023,2642.706,1227.42,600.3011,1827.721,4,0,187.0064,840.7146,800,0,155.6292,200,0.1,0.1504601,0.3172331,0,250,0.3172331,1415.286,552.7622,44.3693,22.45483,7.523818,9.987945,646.1371,345.9935,300.1436,948.7364,0,1899.27,0,-1.136868e-13,-1.554312e-15,4.263256e-14
naive,2026-01-08 14:45:00,347,14.75,37.9742,3760.328,81.07501,294.5458,558.6361,1,1,2632.23,2631.913,1417.267,582.7333,2000,4,48.56618,292.2394,845.7921,313.4023,500,0,324.9685,0.1624843,0.1259371,0.3172331,0,250,0.3172331,1214.646,555.0142,17.31565,32.50883,2.306395,3.621895,646.2888,298.2308,348.058,881.8534,0,1804.283,0,0,1.24345e-13,4.263256e-14
naive,2026-01-08 15:00:00,348,15,38.35723,3788.518,82.18691,294.2789,572.9587,1,1,2651.962,2651.645,1115.243,550.848,1666.091,4,0,0,866.0909,800,0,338.8929,240.1941,0.1200971,0.2046279,0.3172331,0,250,0.3172331,1536.402,565.6805,43.79758,30.34867,7.224242,7.278227,657.9402,381.1746,276.7656,933.8283,0,1883.198,0,-2.273737e-13,-7.993606e-15,4.263256e-14
naive,2026-01-08 15:15:00,349,15.25,38.6301,3831.708,74.98754,297.0666,591.8075,1,1,2682.195,2681.878,1260.042,614.6824,1874.724,4,0,186.6905,888.0338,800,0,160.6253,200,0.1,0.1512467,0.3172331,0,250,0.3172331,1421.836,578.0737,43.51059,19.8552,4.883168,13.73381,670.4334,355.3979,315.0355,973.5132,0,1940.751,0,0,-3.497203e-15,4.263256e-14
naive,2026-01-08 15:30:00,350,15.5,38.65661,3753.624,76.13601,287.2317,589.0296,1,1,2627.537,2627.219,1419.728,580.2721,2000,4,45.40623,287.2405,906.958,260.3952,500,0,324.9685,0.1624843,0.1259371,0.3172331,0,250,0.3172331,1207.492,590.2003,14.15336,30.72978,0,0,657.25,302.041,355.209,882.3131,0,1801.713,0,0,1.24345e-13,4.263256e-14
naive,2026-01-08 15:45:00,351,15.75,38.83496,3734.712,80.55674,284.5272,582.8386,1,1,2614.298,2613.981,1152.401,567.2289,1719.63,4,0,0,919.6296,800,0,343.603,239.0166,0.1195083,0.2046279,0.3172331,0,250,0.3172331,1461.58,597.1342,43.29513,20.99173,0.4892619,0,657.1637,367.4017,289.762,934.6306,0,1857.609,0,-2.273737e-13,-7.993606e-15,4.263256e-14
naive,2026-01-08 16:00:00,352,16,38.77652,3732.973,79.14445,290.4999,566.5676,1,1,2613.081,2612.764,1282.29,624.4906,1906.781,4,0,191.2019,915.5788,800,0,155.916,200,0.1,0.1505053,0.3172331,0,250,0.3172331,1330.473,594.932,43.3566,11.79154,10.73492,0,655.7978,333.9053,321.8925,958.3959,0,1906.874,0,-1.136868e-13,1.265654e-14,4.263256e-14
naive,2026-01-08 16:15:00,353,16.25,38.99529,3704.837,87.91575,282.103,552.6739,1,1,2593.386,2593.068,1423.712,576.2877,2000,4,86.26639,282.0109,883.2243,248.4984,500,0,324.9685,0.1624843,0.1259371,0.3172331,0,250,0.3172331,1169.356,572.3627,13.39609,1.649362,0.09214093,0,654.8097,295.2533,359.5564,871.541,0,1731.015,0,0,1.24345e-13,4.263256e-14
naive,2026-01-08 16:30:00,354,16.5,39.14183,3727.762,103.4517,274.8635,538.1328,1,1,2609.434,2609.116,1125.633,555.4284,1681.061,4,0,0,881.0614,800,0,377.7004,230.4923,0.1152461,0.2046279,0.3172331,0,250,0.3172331,1483.483,569.9281,42.97239,3.952643,0,0,661.5542,376.0987,285.4554,931.5271,0,1821.529,0,0,-7.993606e-15,4.263256e-14
naive,2026-01-08 16:45:00,355,16.75,39.16257,3701.566,121.6873,276.6397,538.8192,1,1,2591.096,2590.779,1301.978,633.1699,1935.148,4,0,274.6939,860.4538,800,0,121.8239,200,0.1,0.1451376,0.3172331,0,250,0.3172331,1288.801,556.455,42.95057,0.2304769,1.578664,0,657.2855,326.9313,330.3542,960.1011,0,1875.004,0,1.136868e-13,-5.190293e-15,4.263256e-14
naive,2026-01-08 17:00:00,356,17,39.13554,3682.31,144.0031,276.4851,510.0866,1,1,2577.617,2577.3,1428.461,571.5394,2000,4,139.8031,277.0536,841.035,242.1083,500,0,324.9685,0.1624843,0.1259371,0.3172331,0,250,0.3172331,1148.839,544.0787,13.00697,4.199978,0,0,653.3733,291.2072,362.166,862.7467,0,1718.105,0,0,1.24345e-13,4.263256e-14
naive,2026-01-08 17:15:00,357,17.25,38.91136,3612.18,161.019,275.4559,494.2737,1,1,2528.526,2528.209,1076.114,533.5981,1609.712,4,0,0,809.7123,800,0,438.6479,215.2554,0.1076277,0.2046279,0.3172331,0,250,0.3172331,1452.095,525.2677,43.21478,0,0.5364256,0,636.9484,365.7899,271.1585,899.388,0,1751.085,0,2.273737e-13,-7.993606e-15,4.263256e-14
naive,2026-01-08 17:30:00,358,17.5,39.00636,3619.652,206.793,274.8571,472.7751,1,1,2533.756,2533.439,1336.095,632.1537,1968.249,4,134.9776,272.5739,760.6975,800,0,60.88604,200,0.1,0.1355432,0.3172331,0,250,0.3172331,1197.344,492.8933,43.11487,10.9294,2.283144,0,639.9504,302.4129,337.5375,934.5666,0,1843.421,0,0,-2.359224e-15,4.263256e-14
naive,2026-01-08 17:45:00,359,17.75,38.96833,3587.064,227.7042,270.1583,466.1473,1,1,2510.945,2510.627,1435.09,564.9104,2000,4,227.7972,268.9892,748.7233,254.4903,500,0,324.9685,0.1624843,0.1259371,0.3172331,0,250,0.3172331,1075.538,485.3624,13.72812,0,1.169092,0,633.5197,271.3618,362.1579,836.2721,0,1659.117,0,-1.136868e-13,1.24345e-13,4.263256e-14
naive,2026-01-08 18:00:00,360,18,38.88829,3576.937,272.5465,4.760783,453.1566,1,1,2503.856,2503.538,1006.311,502.8256,1509.137,4,0,0,709.137,800,0,268.9048,257.6912,0.1288456,0.2046279,0.3172331,0,250,0.3172331,1497.227,460.1545,43.23905,5.721129,2.68128,0,630.3308,376.918,253.4128,879.7436,0,1725.337,0,1.136868e-13,-7.993606e-15,4.263256e-14
naive,2026-01-08 18:15:00,361,18.25,38.92651,3546.569,313.1466,2.500967,420.188,1,1,2482.599,2482.281,1033.736,506.8253,1540.561,4,68.00892,1.011508,671.5404,800,0,230.6023,200,0.1,0.1622643,0.3172331,0,250,0.3172331,1448.546,435.553,43.19884,14.53536,1.489459,0,625.6417,365.0492,260.5925,871.8745,0,1722.793,0,-1.136868e-13,-1.040834e-14,4.263256e-14
naive,2026-01-08 18:30:00,362,18.5,38.76619,3507.229,337.2443,1.606829,376.7065,0,0,2455.06,2454.743,1428.367,571.6327,2000,4,336.7328,0.4638746,602.273,560.5303,500,0,324.9685,0.1624843,0.1259371,0.3172331,0,250,0.3172331,1026.376,391.3994,30.38597,0.5114748,1.142955,0,615.9643,257.5134,358.4509,0,829.1461,4528.973,0,2.273737e-13,1.24345e-13,4.263256e-14
naive,2026-01-08 18:45:00,363,18.75,38.60087,3485.737,358.0363,0,346.3042,0,0,2440.016,2439.698,904.3645,457.8824,1362.247,3,0,0,562.2469,800,0,372.007,231.9156,0.1159578,0.2046279,0.3172331,0,250,0.3172331,1535.334,366.1312,43.54133,0,0,0,609.4091,383.4592,225.9499,0,841.3416,4578.395,0,0,-7.993606e-15,4.263256e-14
naive,2026-01-08 19:00:00,364,19,38.40658,3436.249,381.6019,1.610272,320.0064,0,0,2405.374,2405.057,1080.875,503.9492,1584.824,4,266.879,3.799214,514.146,800,0,127.5164,200,0.1,0.1460339,0.3172331,0,250,0.3172331,1324.182,335.6074,43.74568,0,0,0,597.5675,328.9667,268.6007,0,832.9159,4531.824,0,0,-1.915135e-15,4.263256e-14
naive,2026-01-08 19:15:00,365,19.25,38.11223,3420.038,385.9433,3.195603,270.3035,0,0,2394.026,2393.709,1432.021,567.979,2000,4,406.1344,4.696808,488.2082,600.9606,500,0,324.9685,0.1624843,0.1259371,0.3172331,0,250,0.3172331,961.6882,319.8262,33.09434,0,0,0,590.0025,237.0059,352.9966,0,804.9849,4390.186,0,1.136868e-13,1.24345e-13,4.263256e-14
naive,2026-01-08 19:30:00,366,19.5,38.29437,3439.336,386.101,0.2084549,276.5866,0,0,2407.535,2407.218,815.6454,418.7707,1234.416,3,0,0,434.416,800,0,407.6056,223.016,0.111508,0.2046279,0.3172331,0,250,0.3172331,1591.573,283.9539,43.8637,0,0,0,596.2759,394.1859,202.09,0,812.9565,4421.914,0,-1.136868e-13,-7.993606e-15,4.263256e-14
naive,2026-01-08 19:45:00,367,19.75,38.11846,3447.614,388.8214,3.858994,264.9359,0,0,2413.33,2413.013,1021.262,473.3179,1494.58,3,303.4554,0.6069799,390.5177,800,0,91.92342,200,0.1,0.1404299,0.3172331,0,250,0.3172331,1391.75,255.8095,44.04871,0,3.252015,9.126349,594.8602,343.0517,251.8085,0,818.6192,4458.46,0,-1.136868e-13,2.220446e-16,4.263256e-14
naive,2026-01-08 20:00:00,368,20,37.90854,3401.365,377.2586,3.513244,231.5618,0,0,2380.956,2380.638,1422.192,577.8083,2000,4,381.0198,0,366.9922,751.988,500,0,324.9685,0.1624843,0.1259371,0.3172331,0,250,0.3172331,958.4467,241.0154,41.61266,0,3.513244,0,583.5588,234.9099,348.6489,0,812.7182,4429.196,0,0,1.24345e-13,4.263256e-14
naive,2026-01-08 20:15:00,369,20.25,37.84841,3408.863,361.9478,2.321427,214.1177,0,0,2386.204,2385.887,747.8332,388.8757,1136.709,3,0,0,336.7089,800,0,354.0577,236.4029,0.1182015,0.2046279,0.3172331,0,250,0.3172331,1638.054,221.2894,44.33273,7.99736,2.214213,0,583.8987,400.828,183.0707,0,789.7038,4311.111,0,-5.684342e-14,4.884981e-14,4.263256e-14
naive,2026-01-08 20:30:00,370,20.5,37.24724,3380.551,347.1543,0,184.1144,0,0,2366.386,2366.069,858.1256,416.6051,1274.731,3,175.6318,0.2656866,298.8332,800,0,145.4629,200,0.1,0.1488595,0.3172331,0,250,0.3172331,1507.943,197.8342,44.96501,26.05958,0,0,569.8284,363.1144,206.714,0,779.7195,4282.824,0,1.136868e-13,5.745404e-15,4.263256e-14
naive,2026-01-08 20:45:00,371,20.75,37.04559,3348.865,309.5673,8.213693,171.1258,0,0,2344.205,2343.888,1325.71,548.6409,1874.351,4,298.5209,0.442504,275.3874,800,500,0,324.9685,0.1624843,0.1259371,0.3172331,0,250,0.3172331,1018.178,182.7568,45.1771,11.04634,7.771189,0,561.4882,243.8759,317.6124,0,792.5168,4340.478,0,0,1.24345e-13,4.263256e-14
naive,2026-01-08 21:00:00,372,21,36.83832,3353.832,274.8046,7.482649,156.7065,0,0,2347.682,2347.365,692.6317,364.5402,1057.172,3,0,0,257.1719,800,0,269.0405,257.6572,0.1288286,0.2046279,0.3172331,0,250,0.3172331,1654.733,171.0948,45.39509,5.816382,7.430319,0,559.267,394.192,165.0749,0,758.7322,4144.808,0,0,4.884981e-14,4.263256e-14
naive,2026-01-08 21:15:00,373,21.25,36.49258,3359.204,234.2836,5.362293,148.4537,0,0,2351.443,2351.125,692.4501,363.0219,1055.472,3,12.09048,1.173697,242.2077,800,0,230.4667,200,0.1,0.162243,0.3172331,0,250,0.3172331,1658.675,161.8091,45.75872,0,4.188596,0,555.1333,391.5834,163.5499,0,754.6053,4106.076,0,-1.136868e-13,-8.743006e-15,4.263256e-14
naive,2026-01-08 21:30:00,374,21.5,36.32516,3326.657,195.6786,5.997074,137.0657,0,0,2328.66,2328.343,1212.02,510.2188,1722.239,4,200.1853,0,222.0536,800,500,0,324.9685,0.1624843,0.1259371,0.3172331,0,250,0.3172331,1116.323,148.6424,45.93481,0,5.997074,0,547.3749,262.4029,284.972,0,772.6217,4208.087,0,1.136868e-13,1.24345e-13,4.263256e-14
naive,2026-01-08 21:45:00,375,21.75,35.82488,3339.98,163.0824,4.326026,118.4475,0,0,2337.986,2337.669,660.302,350.2877,1010.59,3,0,0,210.5897,800,0,169.7205,282.4872,0.1412436,0.2046279,0.3172331,0,250,0.3172331,1677.367,141.8113,46.46098,0,4.326026,0,542.5488,389.2467,153.3021,0,739.5344,4022.633,0,0,-3.641532e-14,4.263256e-14
naive,2026-01-08 22:00:00,376,22,35.58444,3324.554,147.4968,0,85.02419,0,0,2327.188,2326.87,639.9395,341.3109,981.2504,2,0,0,181.2504,800,0,147.3986,245.5931,0.1227966,0.1778781,0.3172331,0,250,0.3172331,1686.931,122.4028,46.71385,0.09825362,0,0,536.7487,389.0782,147.6705,0,730.3891,3964.757,0,-5.684342e-14,-6.364353e-14,4.263256e-14
naive,2026-01-08 22:15:00,377,22.25,35.45058,3367.579,126.8957,0,87.34621,0,0,2357.305,2356.988,626.8895,335.5578,962.4473,2,0,0,162.4473,800,0,130.9973,212.8051,0.1064026,0.1546464,0.3172331,0,250,0.3172331,1730.098,109.8786,46.85463,0,0,0,541.855,397.684,144.171,0,733.2418,3980.118,0,1.136868e-13,6.478151e-14,4.263256e-14
naive,2026-01-08 22:30:00,378,22.5,34.90449,3305.733,104.4907,0,60.29027,0,0,2314.013,2313.696,661.5708,344.4803,1006.051,3,53.51988,3.623358,148.9079,800,0,51.08651,200,0.1,0.1340003,0.3172331,0,250,0.3172331,1652.125,101.3711,47.42899,0,0,0,524.6594,374.5886,150.0708,0,719.069,3901.522,0,0,-3.441691e-15,4.263256e-14
naive,2026-01-08 22:45:00,379,22.75,34.45764,3288.048,88.87136,3.624474,69.43164,0,0,2301.634,2301.316,1066.569,458.7537,1525.322,4,93.787,0.7354993,130.8,800,500,0,324.9685,0.1624843,0.1259371,0.3172331,0,250,0.3172331,1234.748,89.5115,47.89896,0,2.888975,0,516.1007,276.8703,239.2303,0,735.6241,3997.029,0,-1.136868e-13,1.24345e-13,4.263256e-14
naive,2026-01-08 23:00:00,380,23,34.17659,3271.806,79.0431,3.74874,71.33844,0,0,2290.264,2289.947,607.0113,326.7945,933.8058,2,0,0,133.8058,800,0,84.06768,303.9004,0.1519502,0.2046279,0.3172331,0,250,0.3172331,1682.935,91.86938,48.19455,0,3.567771,0,510.0157,374.7706,135.2452,0,701.5651,3810.544,0,-5.684342e-14,-7.904788e-14,4.263256e-14
naive,2026-01-08 23:15:00,381,23.25,33.91004,3243.31,71.29079,7.1199,66.73896,0,0,2270.317,2270,592.4233,320.3634,912.7867,2,0,0,112.7867,800,0,68.95535,286.6138,0.1433069,0.1913617,0.3172331,0,250,0.3172331,1677.577,77.6784,48.4749,2.335434,7.1199,0,502.2941,371.1538,131.1403,0,691.5172,3765.121,0,0,5.490053e-14,4.263256e-14
naive,2026-01-08 23:30:00,382,23.5,33.55892,3206.541,76.3692,5.491252,65.77367,1,1,2244.579,2244.261,588.5482,318.6551,907.2032,2,0,0,107.2032,800,0,71.81855,268.614,0.134307,0.1804765,0.3172331,0,250,0.3172331,1655.713,74.13411,48.84418,6.077724,3.964177,0,492.3922,363.213,129.1791,681.8681,0,1326.109,0,0,4.357625e-14,4.263256e-14
naive,2026-01-08 23:45:00,383,23.75,33.33868,3244.317,80.38848,2.677667,51.30112,1,1,2271.022,2270.704,585.2877,317.2177,902.5054,2,0,0,102.5054,800,0,72.28844,250.4996,0.1252498,0.1691423,0.3172331,0,250,0.3172331,1685.417,71.06603,49.07582,9.642396,1.135307,0,495.5593,367.7745,127.7848,684.9922,0,1333.366,0,5.684342e-14,2.225997e-14,4.263256e-14
naive,2026-01-09 00:00:00,384,0,33.10212,3249.441,72.90713,7.650177,45.46378,1,1,2274.608,2274.291,581.9686,315.7545,897.7231,2,0,0,97.72309,800,0,76.66983,231.2927,0.1156464,0.1577359,0.3172331,0,250,0.3172331,1692.323,67.93544,49.32463,2.223333,1.664141,0,493.5394,367.1963,126.3431,682.9508,0,1317.117,0,0,-2.831069e-15,4.263256e-14
naive,2026-01-09 00:15:00,385,0.25,32.65924,3209.501,62.67542,4.25414,41.48532,1,1,2246.651,2246.334,588.4023,318.5908,906.993,2,0,0,106.993,800,0,69.58079,213.8611,0.1069306,0.1456416,0.3172331,0,250,0.3172331,1657.931,74.75882,49.79042,0,0.653357,0,482.3744,355.9715,126.4029,674.5622,0,1294.237,0,-5.684342e-14,-8.298917e-15,4.263256e-14
naive,2026-01-09 00:30:00,386,0.5,32.38357,3198.864,60.66057,3.81614,54.18879,1,1,2239.205,2238.887,606.3855,325.229,931.6146,2,10.84121,3.306787,117.4666,800,0,55.30976,200,0.1,0.1346652,0.3172331,0,250,0.3172331,1632.502,82.336,50.08035,0,0.5093539,0,477.6657,348.2442,129.4214,673.4732,0,1291.485,0,0,2.803313e-15,4.263256e-14
naive,2026-01-09 00:45:00,387,0.75,31.95866,3194.469,69.57449,0.9986035,68.27894,1,1,2236.128,2235.811,1027.297,446.485,1473.782,3,51.38287,1.915755,120.4831,800,500,0,324.9685,0.1624843,0.1259371,0.3172331,0,250,0.3172331,1208.514,84.85996,50.52725,18.19162,0,0,472.3003,255.2545,217.0458,701.7395,0,1378.016,0,-1.136868e-13,1.24345e-13,4.263256e-14
naive,2026-01-09 01:00:00,388,1,31.43672,3209.269,75.60309,0.5848922,58.59975,1,1,2246.488,2246.171,598.5128,323.048,921.5608,2,0,0,121.5608,800,0,51.02824,312.1603,0.1560801,0.2046279,0.3172331,0,250,0.3172331,1647.658,86.1266,51.0762,27.35011,0,0,468.8035,343.8379,124.9655,666.8859,0,1323.49,0,5.684342e-14,-3.641532e-14,4.263256e-14
naive,2026-01-09 01:15:00,389,1.25,30.88092,3186.564,72.13724,0,50.74711,1,1,2230.595,2230.278,593.863,320.9981,914.8611,2,0,0,114.8611,800,0,51.43792,299.2517,0.1496258,0.1965628,0.3172331,0,250,0.3172331,1636.415,81.89053,51.66076,26.88748,0,0,459.6228,337.1896,122.4331,658.1878,0,1304.638,0,-1.136868e-13,-1.00947e-13,4.263256e-14
naive,2026-01-09 01:30:00,390,1.5,30.78384,3232.791,75.45105,0,57.34904,1,1,2262.954,2262.637,582.3466,315.9211,898.2677,2,0,0,98.2677,800,0,53.76388,285.7636,0.1428818,0.1884344,0.3172331,0,250,0.3172331,1680.29,70.13654,51.76286,24.73203,0,0,465.2667,345.4701,119.7966,661.3912,0,1307.212,0,0,1.720846e-15,4.263256e-14
naive,2026-01-09 01:45:00,391,1.75,30.54232,3231.505,75.2306,0,72.93716,1,1,2262.054,2261.737,573.8638,312.1815,886.0452,2,0,0,86.04524,800,0,58.66785,271.0517,0.1355258,0.1799411,0.3172331,0,250,0.3172331,1687.873,61.57926,52.01688,19.35405,0,11.3579,462.5551,345.1439,117.4111,659.6479,0,1294.163,0,-1.136868e-13,7.26641e-14,4.263256e-14
naive,2026-01-09 02:00:00,392,2,30.5812,3267.338,83.93444,1.098513,46.18886,1,1,2287.136,2286.819,573.7485,312.1307,885.8792,2,0,0,85.87917,800,0,50.53768,258.3746,0.1291873,0.1706773,0.3172331,0,250,0.3172331,1713.071,61.4337,51.97598,35.76219,0,0,468.0935,350.6031,117.4903,662.7338,0,1328.684,0,0,-4.551914e-15,4.263256e-14
naive,2026-01-09 02:15:00,393,2.25,30.1816,3275.927,88.31962,0,21.46902,1,1,2293.149,2292.831,563.7026,307.7019,871.4045,2,0,0,71.4045,800,0,46.54323,246.6981,0.123349,0.1626947,0.3172331,0,250,0.3172331,1729.129,51.3075,52.39626,42.37298,0,0,465.1395,350.7344,114.4051,658.4363,0,1331.02,0,0,-3.597123e-14,4.263256e-14
naive,2026-01-09 02:30:00,394,2.5,29.93998,3262.234,73.91707,4.690158,23.61839,1,1,2283.564,2283.247,557.1117,304.7964,861.9081,2,0,0,61.90811,800,0,54.89964,232.9343,0.1164672,0.1553422,0.3172331,0,250,0.3172331,1726.135,44.60357,52.65039,19.01743,4.690158,0,460.7115,348.2496,112.4619,653.046,0,1287.756,0,-5.684342e-14,-3.028133e-14,4.263256e-14
naive,2026-01-09 02:45:00,395,2.75,29.80119,3254.422,61.83969,6.464886,26.52516,1,1,2278.095,2277.778,563.0683,307.4223,870.4906,2,0,0,70.49057,800,0,58.83451,218.189,0.1090945,0.1466753,0.3172331,0,250,0.3172331,1714.71,50.86532,52.79636,4.239332,5.230734,0,458.1969,344.8823,113.3146,652.3046,0,1261.549,0,-5.684342e-14,1.262879e-14,4.263256e-14
naive,2026-01-09 03:00:00,396,3,29.61194,3263.842,46.49865,3.691989,19.69902,1,1,2284.69,2284.372,564.1134,307.883,871.9964,2,0,0,71.9964,800,0,50.93276,205.4215,0.1027108,0.1373904,0.3172331,0,250,0.3172331,1720.259,52.06092,52.9954,0,2.584656,0,457.6072,344.5557,113.0515,652.4388,0,1249.716,0,-5.684342e-14,-1.94289e-16,4.263256e-14
naive,2026-01-09 03:15:00,397,3.25,29.52046,3266.179,53.38732,8.171896,18.3827,1,1,2286.325,2286.008,590.2373,314.9375,905.1748,2,37.51025,1.967334,65.69722,800,0,21.55666,200,0.1,0.1293509,0.3172331,0,250,0.3172331,1695.771,47.55403,53.09162,0,6.204562,0,457.0137,338.9678,118.046,653.9053,0,1258.785,0,0,2.498002e-16,4.263256e-14
naive,2026-01-09 03:30:00,398,3.5,29.39632,3271.702,57.87804,7.143614,25.69071,1,1,2290.191,2289.874,995.7617,430.3801,1426.142,3,69.89965,0.3909276,55.8512,800,500,0,324.9685,0.1624843,0.1259371,0.3172331,0,250,0.3172331,1294.113,40.4826,53.22218,0,6.752686,0,456.5404,257.9761,198.5643,688.3562,0,1328.486,0,0,1.24345e-13,4.263256e-14
naive,2026-01-09 03:45:00,399,3.75,29.18813,3290.475,73.77665,5.545562,7.251308,1,1,2303.332,2303.015,544.7888,299.3638,844.1527,2,0,0,44.15265,800,0,76.98675,305.6707,0.1528353,0.2046279,0.3172331,0,250,0.3172331,1758.226,32.07668,53.44114,0,3.761657,0,457.0734,348.9025,108.1709,648.2663,0,1242.9,0,5.684342e-14,4.884981e-14,4.263256e-14
naive,2026-01-09 04:00:00,400,4,28.77378,3318.839,73.47894,3.872197,2.671472,1,1,2323.187,2322.87,550.1215,301.7147,851.8362,2,0,0,51.83623,800,0,89.27637,283.3035,0.1416517,0.1924763,0.3172331,0,250,0.3172331,1772.749,37.83058,53.87693,0,0,0,456.8811,348.6311,108.25,650.3458,0,1240.08,0,-5.684342e-14,3.083644e-14,4.263256e-14
naive,2026-01-09 04:15:00,401,4.25,28.55962,3284.106,77.08303,3.50796,20.14828,1,1,2298.874,2298.557,550.0301,301.6744,851.7045,2,0,0,51.70446,800,0,102.0389,257.7491,0.1288746,0.178392,0.3172331,0,250,0.3172331,1748.527,37.82301,54.10218,0,0,0,450.0148,342.2819,107.7329,643.9563,0,1227.048,0,-5.684342e-14,3.516631e-14,4.263256e-14
naive,2026-01-09 04:30:00,402,4.5,28.71116,3241.641,94.95841,8.464781,21.25625,1,1,2269.149,2268.832,557.5215,304.977,862.4985,2,0,0,62.49852,800,0,112.7323,229.5255,0.1147627,0.1623009,0.3172331,0,250,0.3172331,1711.31,45.64334,53.9428,0,5.14815,0,445.6501,336.0932,109.5569,641.0702,0,1230.335,0,0,-4.163336e-14,4.263256e-14
naive,2026-01-09 04:45:00,403,4.75,28.75218,3228.006,123.9998,7.941646,33.31162,1,1,2259.604,2259.287,558.4911,303.8558,862.3469,2,13.01802,0,49.32889,800,0,117.9574,200,0.1,0.1445288,0.3172331,0,250,0.3172331,1700.796,36.00923,53.89965,0,7.941646,0,444.1691,334.3244,109.8446,638.1803,0,1229.423,0,0,1.69309e-15,4.263256e-14
naive,2026-01-09 05:00:00,404,5,28.88845,3274.939,161.5079,5.823329,46.35552,1,1,2292.458,2292.14,1074.362,453.4794,1527.842,4,167.007,3.154902,57.67987,800,500,0,324.9685,0.1624843,0.1259371,0.3172331,0,250,0.3172331,1217.778,42.04242,53.75633,0,2.668426,4.313103,451.9588,240.0854,211.8735,694.4151,0,1332.957,0,-1.136868e-13,1.24345e-13,4.263256e-14
naive,2026-01-09 05:15:00,405,5.25,28.78424,3277.491,188.9652,0,47.75772,1,1,2294.243,2293.926,564.1748,307.9101,872.0848,2,0,0,72.08484,800,0,209.0539,272.6539,0.1363269,0.2046279,0.3172331,0,250,0.3172331,1729.751,52.60219,53.86593,0,0,0,451.2911,340.2522,111.0389,648.1623,0,1235.725,0,0,-9.325873e-14,4.263256e-14
naive,2026-01-09 05:30:00,406,5.5,28.75009,3270.012,234.2138,1.838748,45.5776,1,1,2289.009,2288.691,562.6439,307.2352,869.8791,2,0,0,69.87909,800,0,249.4458,210.2495,0.1051248,0.1716861,0.3172331,0,250,0.3172331,1726.047,51.01169,53.90185,0,0,0,449.9288,339.2729,110.656,646.5081,0,1232.377,0,0,-6.966649e-14,4.263256e-14
naive,2026-01-09 05:45:00,407,5.75,28.64483,3292,268.0838,4.834724,38.38927,1,1,2304.4,2304.083,764.8835,367.1314,1132.015,3,245.9747,1.40118,84.63906,800,0,40.86565,200,0.1,0.132391,0.3172331,0,250,0.3172331,1539.2,61.85772,54.01255,0,3.433544,0,451.9257,301.859,150.0668,668.9904,0,1283.14,0,-1.705303e-13,2.692291e-15,4.263256e-14
naive,2026-01-09 06:00:00,408,6,28.72375,3322.102,311.619,2.521653,19.06398,1,1,2325.471,2325.154,1204.914,491.8938,1696.807,4,327.8945,1.234981,67.67791,800,500,0,324.9685,0.1624843,0.1259371,0.3172331,0,250,0.3172331,1120.241,49.41908,53.92955,0,1.286673,0,456.8359,220.0698,236.7661,711.9636,0,1365.476,0,-1.705303e-13,1.24345e-13,4.263256e-14
naive,2026-01-09 06:15:00,409,6.25,28.77649,3300.44,349.483,7.072191,37.33697,1,1,2310.308,2309.991,558.8639,305.5688,864.4327,2,0,0,64.43265,800,0,366.4934,233.294,0.116647,0.2046279,0.3172331,0,250,0.3172331,1751.127,47.02218,53.87408,0,5.900757,0,454.3748,344.3991,109.9757,649.9679,0,1249.506,0,-5.684342e-14,-6.483702e-14,4.263256e-14
naive,2026-01-09 06:30:00,410,6.5,28.89709,3289.345,399.1141,2.406216,22.87512,1,1,2302.541,2302.224,761.3676,362.9538,1124.321,3,268.0632,0,56.2582,800,0,133.0292,200,0.1,0.1469018,0.3172331,0,250,0.3172331,1540.857,41.00229,53.74724,0,2.406216,0,454.032,303.8374,150.1946,666.7912,0,1277.267,0,0,1.276756e-14,4.263256e-14
naive,2026-01-09 06:45:00,411,6.75,29.20388,3308.057,427.7691,0,25.3629,1,1,2315.64,2315.322,1269.746,508.3516,1778.097,4,429.8059,1.451799,46.83962,800,500,0,324.9685,0.1624843,0.1259371,0.3172331,0,250,0.3172331,1045.577,34.02285,53.42458,0,0,0,459.6736,207.5556,252.118,715.9073,0,1371.712,0,-5.684342e-14,1.24345e-13,4.263256e-14
naive,2026-01-09 07:00:00,412,7,29.18585,3324.607,447.0035,0,49.75564,1,1,2327.225,2326.908,560.9763,306.5,867.4764,2,0,0,67.47635,800,0,434.7355,216.2335,0.1081167,0.2046279,0.3172331,0,250,0.3172331,1765.931,49.02246,53.44354,13.69114,0,0.7331831,461.7916,350.414,111.3776,657.0595,0,1277.612,0,5.684342e-14,-7.993606e-15,4.263256e-14
naive,2026-01-09 07:15:00,413,7.25,29.39015,3324.577,423.6384,2.332941,59.36324,1,1,2327.204,2326.887,853.2826,391.4012,1244.684,3,369.5542,5.004377,70.12531,800,0,64.79783,200,0.1,0.1361591,0.3172331,0,250,0.3172331,1473.604,50.83235,53.22866,0,0,8.530887,463.856,293.7173,170.1387,686.8189,0,1313.756,0,1.136868e-13,-3.524958e-15,4.263256e-14
naive,2026-01-09 07:30:00,414,7.5,29.33023,3406.662,410.2226,4.57549,55.14667,1,1,2384.663,2384.346,1259.435,507.575,1767.01,4,398.1244,4.466486,64.41924,800,500,0,324.9685,0.1624843,0.1259371,0.3172331,0,250,0.3172331,1124.911,46.72702,53.29169,12.09817,0.1090041,8.419647,474.685,223.9219,250.7631,733.1729,0,1427.45,0,1.136868e-13,1.24345e-13,4.263256e-14
naive,2026-01-09 07:45:00,415,7.75,29.61394,3449.178,374.6047,0,52.80666,1,1,2414.425,2414.108,564.3742,307.998,872.3722,2,0,0,72.37225,800,0,368.5669,232.7756,0.1163878,0.2046279,0.3172331,0,250,0.3172331,1849.733,52.33154,52.9933,10.23856,0,0.4751138,483.6136,370.5049,113.1087,678.5981,0,1315.24,0,5.684342e-14,-7.993606e-15,4.263256e-14
naive,2026-01-09 08:00:00,416,8,29.70885,3450.362,331.4909,259.0691,52.62457,1,1,2415.254,2414.936,908.7985,436.551,1345.35,3,195.7489,268.7554,80.84527,800,0,130.956,200,0.1,0.1465754,0.3172331,0,250,0.3172331,1506.138,58.3969,52.89347,4.786056,0,0,484.7934,302.3143,182.4791,738.8654,0,1426.482,0,-5.684342e-14,-1.065814e-14,4.263256e-14
naive,2026-01-09 08:15:00,417,8.25,29.86636,3476.802,284.1126,257.8703,71.96396,1,1,2433.762,2433.444,1379.785,574.3,1954.085,4,283.2193,265.4219,105.4436,800,500,0,324.9685,0.1624843,0.1259371,0.3172331,0,250,0.3172331,1053.66,76.03215,52.72782,0.8932998,0,0,490.2132,212.2303,277.9829,786.5303,0,1515.283,0,0,1.24345e-13,4.263256e-14
naive,2026-01-09 08:30:00,418,8.5,30.06406,3452.785,237.2398,267.5125,77.35695,1,1,2416.949,2416.632,604.7347,325.7909,930.5256,2,0,10.60155,119.924,800,0,499.6694,200,0.1,0.2046279,0.3172331,0,250,0.3172331,1811.897,86.28384,52.51988,0,0.654069,0,488.9687,366.5617,122.407,692.3526,0,1326.749,0,-1.136868e-13,-7.993606e-15,4.263256e-14
naive,2026-01-09 08:45:00,419,8.75,30.46997,3493.446,178.8686,267.179,90.43996,1,1,2445.412,2445.095,1343.888,567.9461,1911.835,4,203.6038,271.0806,137.1501,800,500,0,324.9685,0.1624843,0.1259371,0.3172331,0,250,0.3172331,1101.207,98.23245,52.09297,0,0,0,499.2366,224.8139,274.4227,792.76,0,1526.915,0,0,1.24345e-13,4.263256e-14
naive,2026-01-09 09:00:00,420,9,30.66579,3500.667,144.6135,274.8949,86.52736,1,1,2450.467,2450.149,618.5267,331.8711,950.3978,2,0,0,150.3978,800,0,450.237,212.3581,0.1061791,0.2046279,0.3172331,0,250,0.3172331,1831.623,107.4853,51.88702,0,0,0,502.4781,375.5817,126.8965,707.4527,0,1356.533,0,-5.684342e-14,-7.993606e-15,4.263256e-14
naive,2026-01-09 09:15:00,421,9.25,30.81152,3497.03,110.5076,279.6755,81.96992,1,1,2447.921,2447.603,873.8142,434.3003,1308.114,3,85.0214,275.6217,147.4714,800,0,49.29868,200,0.1,0.1337188,0.3172331,0,250,0.3172331,1573.789,105.222,51.73375,0,4.053786,0,503.6114,323.7761,179.8353,758.0764,0,1464.945,0,0,2.359224e-15,4.263256e-14
naive,2026-01-09 09:30:00,422,9.5,30.87849,3480.664,93.74744,281.8594,113.0843,1,1,2436.464,2436.147,1303.553,562.4968,1866.049,4,99.93299,280.8911,185.2254,800,500,0,324.9685,0.1624843,0.1259371,0.3172331,0,250,0.3172331,1132.595,132.0605,51.66331,0,0.9682795,0,502.0154,233.3627,268.6527,795.8595,0,1535.268,0,0,1.24345e-13,4.263256e-14
naive,2026-01-09 09:45:00,423,9.75,31.14623,3528.884,82.45935,281.5016,128.2213,1,1,2470.219,2469.902,652.4219,346.8138,999.2356,2,0,0,199.2356,800,0,359.9027,234.9417,0.1174708,0.2046279,0.3172331,0,250,0.3172331,1817.48,141.6227,51.38172,1.519568,2.538676,0,512.0777,376.7645,135.3132,723.5783,0,1396.353,0,0,-6.483702e-14,4.263256e-14
naive,2026-01-09 10:00:00,424,10,31.27395,3551.561,68.69283,288.6653,120.3237,1,1,2486.093,2485.776,809.0055,415.8435,1224.849,3,0,206.5666,218.2824,800,0,139.6188,200,0.1,0.1479393,0.3172331,0,250,0.3172331,1676.77,154.9387,51.24739,0.7911995,10.38146,0,516.8737,348.6106,168.2631,764.4541,0,1490.528,0,-5.684342e-14,-4.413137e-15,4.263256e-14
naive,2026-01-09 10:15:00,425,10.25,31.45559,3556.198,59.30848,290.0088,130.1033,1,1,2489.339,2489.022,1317.551,572.8625,1890.413,4,64.67194,282.5107,243.2308,800,500,0,324.9685,0.1624843,0.1259371,0.3172331,0,250,0.3172331,1171.471,172.2939,51.05635,0,7.49815,0,519.7074,244.5717,275.1356,817.4342,0,1590.364,0,-1.136868e-13,1.24345e-13,4.263256e-14
naive,2026-01-09 10:30:00,426,10.5,31.70581,3605.074,57.23837,290.5147,150.9539,0,1,2523.552,2523.235,702.0177,368.678,1070.696,3,0,0,270.6957,800,0,340.1563,239.8783,0.1199391,0.2046279,0.3172331,0,250,0.3172331,1821.217,191.2069,50.79318,2.731871,4.864934,0,529.8952,382.419,147.4762,0,751.097,4086.996,0,0,-7.993606e-15,4.263256e-14
naive,2026-01-09 10:45:00,427,10.75,32.05113,3614.487,46.00294,289.4788,167.1882,0,1,2530.141,2529.824,841.4205,430.1336,1271.554,3,0,178.0029,293.5513,800,0,159.3621,200,0.1,0.1510478,0.3172331,0,250,0.3172331,1688.403,206.54,50.42999,0,0,0,535.5503,357.3812,178.1691,0,787.5148,4274.598,0,0,1.051936e-14,4.263256e-14
naive,2026-01-09 11:00:00,428,11,32.2181,3638.552,58.35453,286.079,192.9908,0,0,2546.986,2546.669,1376.56,600.9574,1977.518,4,47.18106,287.2007,343.1359,800,500,0,324.9685,0.1624843,0.1259371,0.3172331,0,250,0.3172331,1170.109,240.969,50.25438,11.17347,0,0,541.22,248.6414,292.5786,0,849.5988,4635.532,0,0,1.24345e-13,4.263256e-14
naive,2026-01-09 11:15:00,429,11.25,32.56884,3641.265,59.99353,289.8786,210.6816,0,0,2548.885,2548.568,778.3978,402.3501,1180.748,3,0,0,380.748,800,0,340.8278,239.7104,0.1198552,0.2046279,0.3172331,0,250,0.3172331,1770.17,266.3139,49.88549,15.73158,0,0,546.1007,379.2604,166.8403,0,781.6105,4269.874,0,-2.273737e-13,4.884981e-14,4.263256e-14
naive,2026-01-09 11:30:00,430,11.5,33.0624,3669.226,54.64551,291.1017,215.1243,0,0,2568.458,2568.141,929.2117,468.8363,1398.048,3,0,178.9326,419.1154,800,0,158.6907,200,0.1,0.1509421,0.3172331,0,250,0.3172331,1638.929,291.4951,49.36639,10.4722,0,0,556.7705,355.2744,201.4961,0,824.1107,4495.136,0,0,-6.133982e-15,4.263256e-14
naive,2026-01-09 11:45:00,431,11.75,33.12857,3652.686,48.93604,288.4345,240.4251,0,0,2556.88,2556.563,1398.243,601.7565,2000,4,49.27148,294.4678,471.2884,684.9723,500,0,324.9685,0.1624843,0.1259371,0.3172331,0,250,0.3172331,1158.32,327.532,42.20868,0,0,0,555.1367,251.4884,303.6483,0,853.2449,4645.362,0,2.273737e-13,1.24345e-13,4.263256e-14
naive,2026-01-09 12:00:00,432,12,33.56743,3660.953,55.95242,286.3352,277.8981,0,0,2562.667,2562.35,873.5258,444.2872,1317.813,3,0,0,517.813,800,0,353.2684,236.6003,0.1183001,0.2046279,0.3172331,0,250,0.3172331,1688.824,358.0473,48.83523,3.657857,0,0,562.2864,370.5525,191.7339,0,814.8397,4432.989,0,-5.684342e-14,4.884981e-14,4.263256e-14
naive,2026-01-09 12:15:00,433,12.25,34.10429,3681.035,55.00781,284.0075,342.0454,0,0,2576.725,2576.408,1045.701,520.1905,1565.892,4,0,211.6734,554.2181,800,0,146.2521,200,0.1,0.1489837,0.3172331,0,250,0.3172331,1530.707,380.8397,48.27059,0,0,0,572.7929,340.2683,232.5246,0,860.4588,4678.219,0,0,-2.053913e-15,4.263256e-14
naive,2026-01-09 12:30:00,434,12.5,34.27679,3675.293,64.99156,285.7255,334.8643,0,0,2572.705,2572.388,1405.195,594.8048,2000,4,54.19564,299.7175,588.5673,557.5196,500,0,324.9685,0.1624843,0.1259371,0.3172331,0,250,0.3172331,1167.193,403.631,33.51332,10.79592,0,0,574.3218,260.5601,313.7617,0,855.3649,4685.428,0,0,1.24345e-13,4.263256e-14
naive,2026-01-09 12:45:00,435,12.75,34.60283,3678.535,66.56238,287.9825,377.4441,0,0,2574.975,2574.657,955.8115,480.5628,1436.374,3,0,0,636.3742,800,0,359.3581,235.0778,0.1175389,0.2046279,0.3172331,0,250,0.3172331,1618.846,434.7565,47.74626,6.605652,0,0,579.4678,364.3023,215.1655,0,844.865,4604.438,0,-1.136868e-13,4.884981e-14,4.263256e-14
naive,2026-01-09 13:00:00,436,13,34.66378,3714.731,65.33321,288.9711,405.5121,0,0,2600.312,2599.995,1121.285,553.5115,1674.796,4,0,218.429,656.3673,800,0,140.1633,200,0.1,0.1480251,0.3172331,0,250,0.3172331,1478.71,448.0952,47.68216,9.402061,0,0,586.0538,333.2691,252.7847,0,886.7806,4839.87,0,0,7.993606e-15,4.263256e-14
naive,2026-01-09 13:15:00,437,13.25,34.94382,3712.043,65.51671,293.7622,429.5063,0,0,2598.43,2598.113,1411.992,588.0084,2000,4,57.88853,302.2355,708.7653,431.1107,500,0,324.9685,0.1624843,0.1259371,0.3172331,0,250,0.3172331,1186.121,482.279,25.53664,7.628184,0,0,589.7239,269.1949,320.5291,0,857.2033,4699.048,0,2.273737e-13,1.24345e-13,4.263256e-14
naive,2026-01-09 13:30:00,438,13.5,35.12911,3749.705,71.6688,303.0679,439.8388,1,0,2624.794,2624.476,1024.808,510.9796,1535.787,4,0,0,735.7872,800,0,356.8406,235.7072,0.1178536,0.2046279,0.3172331,0,250,0.3172331,1599.669,499.5754,47.19275,15.9107,1.985438,0,598.4757,364.7384,233.7373,875.718,0,1729.215,0,1.136868e-13,4.884981e-14,4.263256e-14
naive,2026-01-09 13:45:00,439,13.75,35.38851,3762.426,70.186,303.5258,443.711,1,0,2633.698,2633.381,1198.525,587.5627,1786.087,4,0,220.5121,765.5754,800,0,142.6804,200,0.1,0.1484214,0.3172331,0,250,0.3172331,1434.856,518.2118,46.91992,4.347479,6.171756,0,604.4385,329.3021,275.1364,916.8648,0,1799.09,0,0,-6.77236e-15,4.263256e-14
naive,2026-01-09 14:00:00,440,14,35.47873,3760.869,72.36814,303.3473,449.5166,1,1,2632.609,2632.291,1416.1,583.9004,2000,4,52.82781,296.6763,807.515,342.9809,500,0,324.9685,0.1624843,0.1259371,0.3172331,0,250,0.3172331,1216.192,546.0175,20.07511,19.54032,6.671,0,605.5678,279.7554,325.8123,863.6559,0,1749.942,0,0,1.24345e-13,4.263256e-14
naive,2026-01-09 14:15:00,441,14.25,35.57262,3718.347,68.40596,303.8318,433.2628,1,1,2602.843,2602.526,1080.802,535.6649,1616.467,4,0,0,816.4673,800,0,360.269,234.8501,0.1174251,0.2046279,0.3172331,0,250,0.3172331,1521.723,551.4576,46.72628,9.452698,2.516053,0,600.1466,350.869,249.2775,886.534,0,1741.147,0,0,4.884981e-14,4.263256e-14
naive,2026-01-09 14:30:00,442,14.5,35.70531,3760.718,60.62505,301.3862,455.3884,1,1,2632.503,2632.186,1256.924,613.3077,1870.231,4,0,220.3993,849.832,800,0,139.2526,200,0.1,0.1478817,0.3172331,0,250,0.3172331,1375.262,573.0905,46.58672,1.150282,1.209104,0,609.0351,318.1698,290.8653,931.4775,0,1814.615,0,-2.273737e-13,7.244205e-15,4.263256e-14
naive,2026-01-09 14:45:00,443,14.75,35.79208,3791.26,62.75109,299.9174,449.9642,1,1,2653.882,2653.565,1420.013,579.9869,2000,4,67.09238,293.5709,849.6299,289.7068,500,0,324.9685,0.1624843,0.1259371,0.3172331,0,250,0.3172331,1233.552,572.3646,16.83757,0,6.346495,0,615.34,286.0164,329.3236,866.0033,0,1724.012,0,-2.273737e-13,1.24345e-13,4.263256e-14
naive,2026-01-09 15:00:00,444,15,35.87906,3782.538,59.34399,293.4489,480.8254,1,1,2647.777,2647.459,1119.981,552.9366,1672.917,4,0,0,872.9174,800,0,360.2884,234.8453,0.1174226,0.2046279,0.3172331,0,250,0.3172331,1527.479,587.445,46.40398,0,2.270375,0,615.2894,354.9549,260.3344,907.8916,0,1767.495,0,0,-7.993606e-15,4.263256e-14
naive,2026-01-09 15:15:00,445,15.25,36.00742,3768.618,50.58084,283.4189,501.2004,1,1,2638.033,2637.716,1293.28,629.3355,1922.616,4,0,222.1095,900.5063,800,0,139.2332,200,0.1,0.1478786,0.3172331,0,250,0.3172331,1344.435,605.0867,46.26898,0,0,0,615.0431,313.4479,301.5953,942.7834,0,1833.514,0,1.136868e-13,7.771561e-16,4.263256e-14
naive,2026-01-09 15:30:00,446,15.5,36.00345,3752.445,61.53927,286.5086,496.1166,1,1,2626.711,2626.394,1422.04,577.9596,2000,4,62.85233,287.2657,906.4686,243.4133,500,0,324.9685,0.1624843,0.1259371,0.3172331,0,250,0.3172331,1204.354,609.1219,14.07938,0,0,0,612.3412,280.76,331.5812,858.7197,0,1701.6,0,-2.273737e-13,1.24345e-13,4.263256e-14
naive,2026-01-09 15:45:00,447,15.75,36.11186,3723.418,83.08562,277.032,494.0159,1,1,2606.392,2606.075,1143.895,563.4791,1707.374,4,0,0,907.3739,800,0,355.8628,235.9517,0.1179758,0.2046279,0.3172331,0,250,0.3172331,1462.18,608.9433,46.15914,11.57466,0,0,609.2984,341.815,267.4833,905.2942,0,1778.626,0,-2.273737e-13,-7.993606e-15,4.263256e-14
naive,2026-01-09 16:00:00,448,16,36.28647,3700.843,96.28709,272.3496,520.2942,1,1,2590.59,2590.273,1282.572,624.6147,1907.186,4,0,216.2333,890.9529,800,0,143.6581,200,0.1,0.1485753,0.3172331,0,250,0.3172331,1307.701,596.6786,45.9755,22.27722,0,0,608.3355,307.081,301.2545,931.6957,0,1850.097,0,0,-8.520962e-15,4.263256e-14
naive,2026-01-09 16:15:00,449,16.25,36.08055,3696.101,102.5923,271.313,506.4246,1,1,2587.271,2586.953,1422.964,577.0362,2000,4,87.20032,282.1183,866.1061,264.5752,500,0,324.9685,0.1624843,0.1259371,0.3172331,0,250,0.3172331,1163.989,581.4652,15.2766,15.39198,0,0,604.3416,271.8878,332.4538,848.924,0,1707.213,0,1.136868e-13,1.24345e-13,4.263256e-14
naive,2026-01-09 16:30:00,450,16.5,36.18913,3638.522,121.0786,271.144,475.6834,1,1,2546.966,2546.648,1106.235,546.8767,1653.111,4,0,0,853.1113,800,0,378.159,230.3776,0.1151888,0.2046279,0.3172331,0,250,0.3172331,1440.414,572,46.07787,19.24646,0,0,596.5915,337.397,259.1945,884.2737,0,1749.91,0,-1.136868e-13,-7.993606e-15,4.263256e-14
naive,2026-01-09 16:45:00,451,16.75,36.15769,3626.524,128.114,277.7977,427.4283,1,1,2538.567,2538.25,1292.401,628.9103,1921.311,4,0.3156332,275.9659,845.0294,800,0,121.3654,200,0.1,0.1450654,0.3172331,0,250,0.3172331,1245.849,566.7937,46.11094,6.432942,1.831807,0,594.1429,291.5867,302.5562,920.4969,0,1803.376,0,1.136868e-13,-4.385381e-15,4.263256e-14
naive,2026-01-09 17:00:00,452,17,36.06181,3624.739,147.7824,275.7402,414.9731,1,1,2537.317,2537,1427.242,572.7576,2000,4,142.2668,276.6999,811.2432,269.79,500,0,324.9685,0.1624843,0.1259371,0.3172331,0,250,0.3172331,1109.758,544.7543,15.58435,5.515593,0,0,592.3881,259.0954,333.2927,831.853,0,1655.688,0,1.136868e-13,1.24345e-13,4.263256e-14
naive,2026-01-09 17:15:00,453,17.25,35.92135,3562.527,163.2977,272.6064,407.1206,1,1,2493.769,2493.451,1057.399,525.3474,1582.746,4,0,0,782.7461,800,0,437.4619,215.5519,0.1077759,0.2046279,0.3172331,0,250,0.3172331,1436.053,526.4979,46.35951,1.050197,0,0,580.1281,334.0705,246.0576,859.4179,0,1668.493,0,1.136868e-13,-7.993606e-15,4.263256e-14
naive,2026-01-09 17:30:00,454,17.5,35.83012,3537.208,192.5341,269.6158,384.2593,1,1,2476.046,2475.729,1328.69,628.2939,1956.984,4,139.9803,273.8735,743.13,800,0,62.07182,200,0.1,0.1357299,0.3172331,0,250,0.3172331,1147.039,500.3933,46.45546,0,0,0,574.6636,266.2154,308.4483,894.5093,0,1736.756,0,0,1.720846e-15,4.263256e-14
naive,2026-01-09 17:45:00,455,17.75,35.73648,3489.403,236.3102,259.7298,336.7417,1,1,2442.582,2442.265,1434.237,565.763,2000,4,227.6578,269.6391,731.8339,270.8692,500,0,324.9685,0.1624843,0.1259371,0.3172331,0,250,0.3172331,1008.028,493.3352,15.76253,8.652358,0,0,565.5451,233.3945,332.1506,799.1575,0,1595.507,0,0,1.24345e-13,4.263256e-14
naive,2026-01-09 18:00:00,456,18,35.76848,3450.157,261.5006,0,298.1549,1,1,2415.11,2414.793,1002.035,500.9402,1502.975,4,0,0,702.9748,800,0,273.5854,256.521,0.1282605,0.2046279,0.3172331,0,250,0.3172331,1412.758,473.7011,46.52029,0,0,0,559.6405,327.3708,232.2696,828.311,0,1604.287,0,-5.684342e-14,4.884981e-14,4.263256e-14
naive,2026-01-09 18:15:00,457,18.25,35.57332,3466.699,292.4491,0,307.5445,1,1,2426.689,2426.372,1035.043,505.876,1540.919,4,80.83385,1.817811,658.2672,800,0,225.9225,200,0.1,0.1615275,0.3172331,0,250,0.3172331,1391.329,444.6025,46.72554,0,0,0,559.5402,320.8093,238.7309,826.6853,0,1600.804,0,5.684342e-14,1.110223e-14,4.263256e-14
naive,2026-01-09 18:30:00,458,18.5,35.6633,3430.827,307.1538,0,296.0213,0,0,2401.579,2401.261,1427.769,572.2308,2000,4,336.9786,1.094407,589.3554,572.5716,500,0,324.9685,0.1624843,0.1259371,0.3172331,0,250,0.3172331,973.4921,397.6343,33.37442,0,0,0,555.0168,224.9789,330.0379,0,797.2097,4347.107,0,0,1.24345e-13,4.263256e-14
naive,2026-01-09 18:45:00,459,18.75,35.49252,3497.926,333.1696,0,280.9015,0,0,2448.548,2448.231,892.2579,452.5452,1344.803,3,0,0,544.8031,800,0,364.0699,233.8999,0.1169499,0.2046279,0.3172331,0,250,0.3172331,1555.973,368.3195,46.81053,0,0,0,563.4257,358.0388,205.3869,0,810.584,4405.55,0,-1.136868e-13,4.884981e-14,4.263256e-14
naive,2026-01-09 19:00:00,460,19,35.50248,3474.311,359.4236,0,262.7414,0,0,2432.018,2431.7,1058.731,495.9957,1554.727,4,251.6767,2.580023,500.4705,800,0,135.4522,200,0.1,0.1472833,0.3172331,0,250,0.3172331,1372.969,338.3081,46.80005,0,0,0,559.763,316.0081,243.7549,0,812.0038,4413.371,0,-5.684342e-14,-6.77236e-15,4.263256e-14
naive,2026-01-09 19:15:00,461,19.25,35.54794,3435.354,392.7235,0,250.6776,0,0,2404.748,2404.431,1428.234,571.7658,2000,4,394.6105,3.887363,445.3297,656.1724,500,0,324.9685,0.1624843,0.1259371,0.3172331,0,250,0.3172331,976.1966,300.8721,38.34692,0,0,0,554.1243,224.9442,329.18,0,796.71,4338.765,0,0,1.24345e-13,4.263256e-14
naive,2026-01-09 19:30:00,462,19.5,35.27569,3414.996,394.5866,0,253.205,0,0,2390.498,2390.18,811.2355,416.8266,1228.062,3,0,0,428.0621,800,0,395.5186,226.0377,0.1130189,0.2046279,0.3172331,0,250,0.3172331,1578.945,290.1381,47.03858,0.670141,0,0,547.0654,361.3415,185.7238,0,778.1681,4228.162,0,-1.136868e-13,4.884981e-14,4.263256e-14
naive,2026-01-09 19:45:00,463,19.75,35.28977,3402.754,410.0877,0,233.7017,0,0,2381.928,2381.61,1015.846,472.8108,1488.657,3,287.6468,2.427961,398.5822,800,0,104.0085,200,0.1,0.1423326,0.3172331,0,250,0.3172331,1365.764,270.1119,47.02377,18.43246,0,0,545.2975,312.6661,232.6315,0,785.4769,4299.017,0,-5.684342e-14,6.050715e-15,4.263256e-14
naive,2026-01-09 20:00:00,464,20,35.43356,3398.208,388.4946,0,214.5416,0,0,2378.746,2378.428,1421.594,578.4055,2000,4,378.8848,1.992046,358.9384,760.1848,500,0,324.9685,0.1624843,0.1259371,0.3172331,0,250,0.3172331,956.8338,242.8331,44.53974,9.609817,0,0,546.5481,219.8451,326.7029,0,798.2507,4356.848,0,3.410605e-13,1.24345e-13,4.263256e-14
naive,2026-01-09 20:15:00,465,20.25,35.21927,3392.62,360.8889,0,170.8327,0,0,2374.834,2374.517,743.5454,386.9854,1130.531,3,0,0,330.5308,800,0,359.8558,234.9534,0.1174767,0.2046279,0.3172331,0,250,0.3172331,1630.971,224.1811,47.09791,2.398177,0,0,542.71,372.7185,169.9915,0,759.7039,4129.523,0,-5.684342e-14,4.884981e-14,4.263256e-14
naive,2026-01-09 20:30:00,466,20.5,35.1278,3385.44,341.0102,0.01902228,164.8495,0,0,2369.808,2369.491,865.8158,417.547,1283.363,3,196.2124,0.1049964,287.0455,800,0,139.6657,200,0.1,0.1479467,0.3172331,0,250,0.3172331,1503.675,194.8974,47.19412,5.132102,0,0,540.3191,342.8397,197.4794,0,760.3868,4137.887,0,-5.684342e-14,-1.182388e-14,4.263256e-14
naive,2026-01-09 20:45:00,467,20.75,34.93178,3397.925,319.2821,3.820646,145.7402,0,0,2378.548,2378.23,1326.709,548.3469,1875.056,4,304.6944,4.832121,265.5292,800,500,0,324.9685,0.1624843,0.1259371,0.3172331,0,250,0.3172331,1051.521,180.7048,47.40029,14.58771,0,0,539.6586,238.5752,301.0833,0,786.9222,4299.91,0,0,1.24345e-13,4.263256e-14
naive,2026-01-09 21:00:00,468,21,34.75327,3408.792,280.9644,0,130.3324,0,0,2386.155,2385.837,684.2897,360.8627,1045.152,3,0,0,245.1524,800,0,276.5442,255.7813,0.1278907,0.2046279,0.3172331,0,250,0.3172331,1701.548,167.1875,47.58804,8.685458,0,0,538.9832,384.3446,154.6386,0,745.2073,4060.086,0,-1.136868e-13,4.884981e-14,4.263256e-14
naive,2026-01-09 21:15:00,469,21.25,34.52998,3386.354,234.375,0,102.3207,0,0,2370.448,2370.13,688.4922,360.9615,1049.454,3,14.74322,3.546474,231.164,800,0,222.9642,200,0.1,0.1610617,0.3172331,0,250,0.3172331,1681.638,158.0607,47.82287,0,0,0,532.4812,377.7518,154.7295,0,738.7133,4009.122,0,0,1.224021e-14,4.263256e-14
naive,2026-01-09 21:30:00,470,21.5,34.25765,3374.625,217.2352,0,94.18827,0,0,2362.237,2361.92,1205.534,507.6854,1713.22,4,197.4459,3.400403,212.3735,800,500,0,324.9685,0.1624843,0.1259371,0.3172331,0,250,0.3172331,1156.386,145.6752,48.1093,19.78927,0,0,527.0899,258.0263,269.0637,0,765.7117,4191.428,0,-1.705303e-13,1.24345e-13,4.263256e-14
naive,2026-01-09 21:45:00,471,21.75,34.13812,3334.617,180.1738,7.625991,86.8368,0,0,2334.232,2333.915,646.7543,344.3152,991.0694,2,0,0,191.0694,800,0,168.3084,282.8403,0.1414201,0.2046279,0.3172331,0,250,0.3172331,1687.161,131.2447,48.23501,14.3183,5.17309,0,519.3175,375.3577,143.9598,0,719.6729,3937.559,0,0,-6.483702e-14,4.263256e-14
naive,2026-01-09 22:00:00,472,22,34.03083,3304.939,151.8067,9.249219,81.24823,0,0,2313.457,2313.14,618.1479,331.7041,949.852,2,0,0,149.852,800,0,147.4223,245.9402,0.1229701,0.1781004,0.3172331,0,250,0.3172331,1694.992,103.0613,48.34786,4.38439,9.249219,0,513.3477,376.1125,137.2352,0,707.8166,3862.118,0,0,3.164136e-14,4.263256e-14
naive,2026-01-09 22:15:00,473,22.25,33.80112,3285.952,123.7321,9.772877,86.46555,0,0,2300.166,2299.849,613.7379,329.76,943.4979,2,0,0,143.4979,800,0,128.6358,213.7425,0.1068712,0.1548649,0.3172331,0,250,0.3172331,1686.111,98.95485,48.58945,0,9.053464,0,507.5527,372.0558,135.4969,0,701.8158,3820.941,0,-5.684342e-14,1.423861e-14,4.263256e-14
naive,2026-01-09 22:30:00,474,22.5,33.76336,3314.733,109.9745,6.474812,95.76119,0,0,2320.313,2319.996,633.3014,332.4683,965.7697,2,49.73296,1.562013,114.4747,800,0,54.83533,200,0.1,0.1345905,0.3172331,0,250,0.3172331,1686.694,78.9753,48.62916,5.406164,4.912799,16.7859,511.5294,371.8437,139.6857,0,708.0126,3857.162,0,0,-1.360023e-15,4.263256e-14
naive,2026-01-09 22:45:00,475,22.75,33.66344,3283.309,84.95091,0,86.61876,0,0,2298.316,2297.999,1053.894,453.4955,1507.389,4,91.01684,2.345775,114.0266,800,500,0,324.9685,0.1624843,0.1259371,0.3172331,0,250,0.3172331,1244.105,78.75731,48.73426,0,0,7.861446,505.4553,273.6088,231.8465,0,728.8332,3953.757,0,5.684342e-14,1.24345e-13,4.263256e-14
naive,2026-01-09 23:00:00,476,23,33.50832,3280.966,80.89383,0,74.83371,0,0,2296.676,2296.359,595.1602,321.57,916.7301,2,0,0,116.7301,800,0,83.33873,304.0827,0.1520413,0.2046279,0.3172331,0,250,0.3172331,1701.199,80.76949,48.89741,0,0,0,503.2063,372.736,130.4703,0,694.306,3763.673,0,1.136868e-13,4.884981e-14,4.263256e-14
naive,2026-01-09 23:15:00,477,23.25,33.16513,3276.406,72.8198,0,79.65979,0,0,2293.484,2293.167,586.0691,317.5622,903.6312,2,0,0,103.6312,800,0,74.21251,285.4817,0.1427408,0.1914764,0.3172331,0,250,0.3172331,1707.098,71.99043,49.25835,2.64435,0,7.669363,498.3846,370.9602,127.4244,0,690.1889,3745.185,0,0,1.01863e-14,4.263256e-14
naive,2026-01-09 23:30:00,478,23.5,33.16324,3289.738,66.00609,1.657912,62.80911,1,1,2302.816,2302.499,583.619,316.482,900.101,2,0,0,100.101,800,0,77.38416,266.0907,0.1330453,0.1797636,0.3172331,0,250,0.3172331,1718.88,69.53957,49.26034,0,0,0,500.39,373.5037,126.8863,689.9857,0,1324.554,0,5.684342e-14,3.358425e-15,4.263256e-14
naive,2026-01-09 23:45:00,479,23.75,33.08244,3263.441,57.39152,0,57.79335,1,1,2284.409,2284.091,573.9139,312.2036,886.1174,2,0,0,86.11745,800,0,78.20753,246.4969,0.1232485,0.1675534,0.3172331,0,250,0.3172331,1710.178,59.88095,49.34532,0,0,0,495.4332,370.8963,124.5369,683.0999,0,1310.686,0,5.684342e-14,6.358802e-14,4.263256e-14
naive,2026-01-10 00:00:00,480,0,32.54914,3247.466,50.57358,0,54.64187,1,1,2273.226,2272.909,569.4667,310.243,879.7097,2,0,0,79.70973,800,0,78.72612,226.7766,0.1133883,0.1552155,0.3172331,0,250,0.3172331,1703.442,55.76548,49.90621,0,0,0,486.8144,364.7944,122.02,675.0374,0,1293.93,0,-5.684342e-14,-3.391731e-14,4.263256e-14
naive,2026-01-10 00:15:00,481,0.25,32.15776,3272.717,45.93823,6.949382,52.5082,1,1,2290.902,2290.584,569.9788,310.4688,880.4475,2,0,0,80.44753,800,0,67.99135,209.7431,0.1048715,0.1427979,0.3172331,0,250,0.3172331,1720.606,56.53353,50.31785,0,2.973806,0,486.1179,365.1039,121.014,675.5727,0,1299.668,0,-5.684342e-14,1.976197e-14,4.263256e-14
naive,2026-01-10 00:30:00,482,0.5,31.85399,3271.165,50.76277,0,40.02859,1,1,2289.815,2289.498,601.3764,321.4404,922.8168,2,24.12612,3.590714,95.09995,800,0,38.84016,200,0.1,0.1320721,0.3172331,0,250,0.3172331,1688.122,67.06145,50.63733,0,0,0,482.4665,355.689,126.7775,677.1294,0,1297.292,0,0,-2.109424e-15,4.263256e-14
naive,2026-01-10 00:45:00,483,0.75,31.73982,3249.115,61.40842,6.252981,36.59033,1,1,2274.381,2274.064,1025.63,444.5565,1470.187,3,61.41944,1.396546,107.371,800,500,0,324.9685,0.1624843,0.1259371,0.3172331,0,250,0.3172331,1248.433,75.81264,50.75741,0,4.856435,0,477.9497,262.3519,215.5977,706.9084,0,1365.092,0,0,1.24345e-13,4.263256e-14
naive,2026-01-10 01:00:00,484,1,31.66916,3275.887,54.52819,5.17533,35.3561,1,1,2293.121,2292.804,583.4169,316.393,899.8099,2,0,0,99.80989,800,0,65.00459,308.6662,0.1543331,0.2046279,0.3172331,0,250,0.3172331,1709.387,70.53033,50.83173,0,3.605566,0,481.102,358.6332,122.4688,675.0262,0,1299.086,0,0,7.727152e-14,4.263256e-14
naive,2026-01-10 01:15:00,485,1.25,31.40336,3269.587,43.46014,1.806312,31.83122,1,1,2288.711,2288.393,576.883,313.5125,890.3956,2,0,0,90.39557,800,0,62.91076,292.8899,0.146445,0.1943626,0.3172331,0,250,0.3172331,1711.51,64.06995,51.11129,0,0,0,477.2491,356.8895,120.3596,670.402,0,1283.304,0,0,-4.082845e-14,4.263256e-14
naive,2026-01-10 01:30:00,486,1.5,31.21533,3248.01,43.91877,5.901532,16.54617,1,1,2273.607,2273.29,575.4565,312.8836,888.3402,2,0,0,88.34019,800,0,65.83688,276.3846,0.1381923,0.1844285,0.3172331,0,250,0.3172331,1697.834,62.74604,51.30905,0,4.524298,0,472.0638,352.5172,119.5466,665.4008,0,1280.883,0,1.136868e-13,-6.478151e-14,4.263256e-14
naive,2026-01-10 01:45:00,487,1.75,31.0941,3267.981,50.56623,6.471195,21.49097,1,1,2287.587,2287.27,580.2042,314.9766,895.1808,2,0,0,95.18081,800,0,67.93624,259.357,0.1296785,0.1740353,0.3172331,0,250,0.3172331,1707.066,67.69708,51.43655,0,5.223451,0,473.6549,353.4554,120.1995,668.432,0,1288.008,0,1.136868e-13,3.697043e-14,4.263256e-14
naive,2026-01-10 02:00:00,488,2,30.72472,3306.179,52.54315,8.421475,0.1950373,1,1,2314.325,2314.008,565.4192,308.4587,873.8779,2,0,0,73.87793,800,0,69.73497,241.8825,0.1209412,0.1633133,0.3172331,0,250,0.3172331,1748.589,52.76379,51.82504,0,6.760728,0,475.1934,359.0324,116.1609,667.4912,0,1288.341,0,5.684342e-14,3.097522e-14,4.263256e-14
naive,2026-01-10 02:15:00,489,2.25,30.61091,3283.044,53.99556,8.696678,4.43794,1,1,2298.131,2297.814,547.531,300.5727,848.1037,2,0,0,48.10365,800,0,69.87286,224.3762,0.1121881,0.1523098,0.3172331,0,250,0.3172331,1750.283,34.39954,51.94474,0,8.432362,0,470.6584,358.4588,112.1996,659.0315,0,1274.171,0,5.684342e-14,-4.501954e-14,4.263256e-14
naive,2026-01-10 02:30:00,490,2.5,30.39055,3249.697,52.06389,5.695886,28.76468,1,1,2274.788,2274.471,545.6047,299.7235,845.3282,2,0,0,45.32818,800,0,68.28247,207.2702,0.1036351,0.1412864,0.3172331,0,250,0.3172331,1728.866,32.49467,52.1765,0,3.090242,0,463.5765,352.3237,111.2528,652.0472,0,1250.727,0,-5.684342e-14,-5.662137e-14,4.263256e-14
naive,2026-01-10 02:45:00,491,2.75,30.24678,3188.067,61.41,4.103126,35.03304,1,1,2231.647,2231.33,576.9188,309.83,886.7488,2,31.08876,4.122032,51.53797,800,0,28.95041,200,0.1,0.130515,0.3172331,0,250,0.3172331,1654.411,37.00559,52.32771,1.370831,0,0,453.3238,336.0674,117.2564,645.8974,0,1235.291,0,0,-3.053113e-16,4.263256e-14
naive,2026-01-10 03:00:00,492,3,30.08516,3248.765,63.68149,7.003063,34.56506,1,1,2274.136,2273.818,973.8826,423.3397,1397.222,3,48.00154,2.512107,46.70867,800,500,0,324.9685,0.1624843,0.1259371,0.3172331,0,250,0.3172331,1299.936,33.59842,52.49769,15.67995,4.490956,0.9666455,460.2924,263.1112,197.1812,686.6466,0,1349.028,0,5.684342e-14,1.24345e-13,4.263256e-14
naive,2026-01-10 03:15:00,493,3.25,29.78994,3236.382,68.52558,8.714537,18.14998,1,1,2265.467,2265.15,543.9708,299.0032,842.974,2,0,0,42.97396,800,0,61.3205,309.5872,0.1547936,0.2046279,0.3172331,0,250,0.3172331,1721.179,31.01347,52.8082,12.59325,3.326371,0,455.5436,346.0974,109.4463,645.1006,0,1258.253,0,0,-1.003642e-13,4.263256e-14
naive,2026-01-10 03:30:00,494,3.5,29.53533,3233.586,76.64331,3.110817,50.07504,1,1,2263.51,2263.193,544.8443,299.3882,844.2325,2,0,0,44.2325,800,0,67.38822,292.6914,0.1463457,0.1949425,0.3172331,0,250,0.3172331,1718.349,32.01183,53.07597,13.38171,0,18.06321,452.6013,343.5932,109.008,646.5933,0,1256.56,0,-5.684342e-14,7.019385e-14,4.263256e-14
naive,2026-01-10 03:45:00,495,3.75,29.43219,3214.308,78.55002,0,50.9096,1,1,2250.015,2249.698,531.4288,293.4741,824.9028,2,0,0,24.90285,800,0,78.38162,273.05,0.136525,0.1843035,0.3172331,0,250,0.3172331,1718.269,18.04317,53.18445,4.064792,0,32.86643,448.8845,342.7997,106.0849,642.8307,0,1232.841,0,0,9.606205e-14,4.263256e-14
naive,2026-01-10 04:00:00,496,4,29.3556,3221.452,96.95378,0,30.67903,1,1,2255.017,2254.699,531.3853,293.4549,824.8402,2,0,0,24.84018,800,0,82.71195,252.329,0.1261645,0.1719356,0.3172331,0,250,0.3172331,1723.314,18.01299,53.26501,18.34492,0,12.66605,449.1273,343.2292,105.8982,639.2067,0,1250.135,0,0,-4.102274e-14,4.263256e-14
naive,2026-01-10 04:15:00,497,4.25,29.24329,3205.857,100.723,0,8.021712,1,1,2244.1,2243.783,540.5974,297.516,838.1135,2,0,0,38.11349,800,0,90.20555,229.7379,0.1148689,0.1588879,0.3172331,0,250,0.3172331,1703.185,27.67244,53.38313,14.27791,0,0,445.8561,338.3875,107.4685,635.9036,0,1236.381,0,5.684342e-14,-1.01863e-14,4.263256e-14
naive,2026-01-10 04:30:00,498,4.5,29.31995,3262.039,114.6008,0,22.44595,1,1,2283.427,2283.11,544.5878,299.2752,843.8629,2,0,0,43.86293,800,0,107.6739,202.7832,0.1013916,0.1446626,0.3172331,0,250,0.3172331,1738.522,31.81994,53.3025,13.14745,0,0,454.431,345.988,108.443,645.2632,0,1253.24,0,0,-1.940115e-14,4.263256e-14
naive,2026-01-10 04:45:00,499,4.75,29.22612,3287.089,134.1009,0,7.815138,1,1,2300.962,2300.645,640.1726,327.5984,967.771,2,116.1343,4.412026,47.22468,800,0,11.00528,200,0.1,0.1276896,0.3172331,0,250,0.3172331,1660.472,34.29414,53.40119,6.961299,0,0,456.982,329.7777,127.2043,657.3761,0,1266.684,0,-5.684342e-14,2.220446e-16,4.263256e-14
naive,2026-01-10 05:00:00,500,5,29.03797,3276.674,168.3433,0,10.01175,1,1,2293.672,2293.354,1075.483,454.3171,1529.8,4,164.1176,4.640259,61.04222,800,500,0,324.9685,0.1624843,0.1259371,0.3172331,0,250,0.3172331,1217.871,44.42019,53.59908,4.225695,0,0,453.6692,240.8848,212.7844,695.2019,0,1337.394,0,5.684342e-14,1.24345e-13,4.263256e-14
naive,2026-01-10 05:15:00,501,5.25,28.98231,3252.483,206.4175,0,14.96722,1,1,2276.738,2276.421,561.6938,306.8163,868.5101,2,0,0,68.51009,800,0,198.0582,275.4028,0.1377014,0.2046279,0.3172331,0,250,0.3172331,1714.727,49.88504,53.65761,10.62757,0,0,449.7753,338.7486,111.0267,645.5649,0,1249.098,0,0,-6.483702e-14,4.263256e-14
naive,2026-01-10 05:30:00,502,5.5,28.96635,3282.45,240.1363,0,27.76466,1,1,2297.715,2297.398,559.8278,305.9937,865.8215,2,0,0,65.82148,800,0,242.1426,214.8238,0.1074119,0.1734171,0.3172331,0,250,0.3172331,1737.57,47.93575,53.6744,0,0,0,453.7619,343.1423,110.6197,649.136,0,1237.888,0,-1.136868e-13,4.485301e-14,4.263256e-14
naive,2026-01-10 05:45:00,503,5.75,28.97337,3271.56,289.7347,0,31.9456,1,1,2290.092,2289.775,731.7524,355.9136,1087.666,3,217.4948,3.257988,66.91328,800,0,59.15995,200,0.1,0.1352714,0.3172331,0,250,0.3172331,1558.022,48.72712,53.66702,13.07997,0,0,452.3255,307.7314,144.5941,663.645,0,1289.478,0,-1.705303e-13,1.44329e-15,4.263256e-14
naive,2026-01-10 06:00:00,504,6,29.16581,3320.599,326.5974,0,45.30922,1,1,2324.419,2324.102,1182.327,482.9897,1665.317,4,319.041,1.905098,44.37058,800,500,0,324.9685,0.1624843,0.1259371,0.3172331,0,250,0.3172331,1141.775,32.24292,53.46461,7.556388,0,13.0663,461.0332,226.4635,234.5697,712.0448,0,1376.977,0,0,1.24345e-13,4.263256e-14
naive,2026-01-10 06:15:00,505,6.25,29.28788,3336.537,362.3211,0,33.00398,1,1,2335.576,2335.259,553.6434,303.2673,856.9107,2,0,0,56.91073,800,0,361.0885,234.6452,0.1173226,0.2046279,0.3172331,0,250,0.3172331,1781.616,41.29994,53.33623,5.651571,0,0,464.4832,354.3153,110.1678,657.5827,0,1264.911,0,-5.684342e-14,-7.993606e-15,4.263256e-14
naive,2026-01-10 06:30:00,506,6.5,29.49627,3343.817,396.7059,0,44.28675,1,1,2340.672,2340.355,747.4571,357.5857,1105.043,3,261.6379,1.336786,42.06811,800,0,138.4332,200,0.1,0.1477527,0.3172331,0,250,0.3172331,1592.898,30.45857,53.11705,0,0,13.82818,467.6284,318.2352,149.3932,678.5836,0,1297.41,0,-1.136868e-13,-4.801715e-15,4.263256e-14
naive,2026-01-10 06:45:00,507,6.75,29.66303,3322.455,416.1772,0,53.96427,1,1,2325.719,2325.402,1263.601,505.7648,1769.365,4,428.7785,0.6344026,39.95259,800,500,0,324.9685,0.1624843,0.1259371,0.3172331,0,250,0.3172331,1061.801,28.87357,52.94166,0,0,25.09071,466.3501,212.9109,253.4392,723.7069,0,1387.854,0,1.136868e-13,1.24345e-13,4.263256e-14
naive,2026-01-10 07:00:00,508,7,29.74217,3346.146,423.0941,0,53.02994,1,1,2342.302,2341.985,561.2678,306.6285,867.8963,2,0,0,67.89629,800,0,441.5851,214.5211,0.1072605,0.2046279,0.3172331,0,250,0.3172331,1780.717,49.02537,52.85843,0,0,4.004568,470.4966,357.6915,112.8052,665.1244,0,1270.783,0,-5.684342e-14,4.884981e-14,4.263256e-14
naive,2026-01-10 07:15:00,509,7.25,29.9937,3327.537,420.1425,0,52.66719,1,1,2329.276,2328.959,857.6536,393.2184,1250.872,3,370.4771,3.516604,76.87832,800,0,57.94924,200,0.1,0.1350808,0.3172331,0,250,0.3172331,1471.305,55.35626,52.59388,0,0,0,470.4949,297.1917,173.3032,690.4101,0,1321.652,0,1.136868e-13,-3.330669e-15,4.263256e-14
naive,2026-01-10 07:30:00,510,7.5,30.08974,3380.9,405.0735,0,83.30498,1,1,2366.63,2366.313,1269.304,511.144,1780.448,4,404.6957,4.519141,71.23335,800,500,0,324.9685,0.1624843,0.1259371,0.3172331,0,250,0.3172331,1097.009,51.23687,52.49287,0.3777872,0,32.06811,479.0625,222.0608,257.0017,739.6962,0,1420.99,0,-1.136868e-13,1.24345e-13,4.263256e-14
naive,2026-01-10 07:45:00,511,7.75,30.26728,3345.517,368.7966,0.9489731,78.48084,1,1,2341.862,2341.544,564.9497,308.2517,873.2015,2,0,0,73.20146,800,0,371.8415,231.957,0.1159785,0.2046279,0.3172331,0,250,0.3172331,1776.595,52.54853,52.30615,0,0,25.93231,475.9301,361.0525,114.8777,674.5744,0,1290.304,0,-1.136868e-13,4.884981e-14,4.263256e-14
naive,2026-01-10 08:00:00,512,8,30.29604,3363.017,328.9754,132.8286,87.79385,1,1,2354.112,2353.795,906.9215,435.0175,1341.939,3,201.6846,263.395,76.85945,800,0,127.6818,200,0.1,0.1460599,0.3172331,0,250,0.3172331,1446.873,55.15677,52.2759,0,0,32.63708,478.7275,294.2332,184.4943,735.8877,0,1412.965,0,1.705303e-13,-4.912737e-15,4.263256e-14
naive,2026-01-10 08:15:00,513,8.25,30.48367,3451.896,284.48,134.0488,88.6289,1,1,2416.327,2416.01,1375.377,572.2954,1947.673,4,283.7368,261.2567,102.6791,800,500,0,324.9685,0.1624843,0.1259371,0.3172331,0,250,0.3172331,1040.632,73.53168,52.07857,0.7431459,0,15.09722,493.4505,212.5129,280.9376,787.8914,0,1518.476,0,0,1.24345e-13,4.263256e-14
naive,2026-01-10 08:30:00,514,8.5,30.62857,3452.243,225.8274,134.4459,75.6898,1,1,2416.57,2416.253,598.1135,322.8719,920.9854,2,0,7.576627,113.4088,800,0,499.6694,200,0.1,0.2046279,0.3172331,0,250,0.3172331,1818.139,81.08403,51.92616,0,0,0,495.1118,372.5041,122.6077,695.376,0,1332.335,0,5.684342e-14,-7.993606e-15,4.263256e-14
naive,2026-01-10 08:45:00,515,8.75,30.87672,3488.687,190.1327,131.9058,63.3747,1,1,2442.081,2441.764,1327.736,562.4615,1890.197,4,189.8484,268.932,131.4166,800,500,0,324.9685,0.1624843,0.1259371,0.3172331,0,250,0.3172331,1114.028,93.69822,51.66517,0.2843027,0,0,503.1525,229.528,273.6244,791.9895,0,1526.346,0,-2.273737e-13,1.24345e-13,4.263256e-14
naive,2026-01-10 09:00:00,516,9,31.3232,3530.373,135.5968,137.8354,73.02184,1,1,2471.261,2470.944,607.3371,326.9381,934.2752,2,0,0,134.2752,800,0,433.2069,216.6156,0.1083078,0.2046279,0.3172331,0,250,0.3172331,1863.607,95.25677,51.19559,0,0,0,514.3695,387.892,126.4774,714.8302,0,1372.065,0,0,-7.993606e-15,4.263256e-14
naive,2026-01-10 09:15:00,517,9.25,31.84866,3549.399,104.8048,135.9326,90.09649,1,1,2484.58,2484.262,839.399,422.7278,1262.127,3,54.76346,277.8995,129.4639,800,0,66.32614,200,0.1,0.1363997,0.3172331,0,250,0.3172331,1644.863,91.2993,50.64294,0,0,0,523.4388,346.5316,176.9072,769.2594,0,1481.546,0,-5.684342e-14,4.302114e-15,4.263256e-14
naive,2026-01-10 09:30:00,518,9.5,32.20321,3556.142,84.01252,140.5543,125.863,1,1,2489.3,2488.982,1290.959,557.3734,1848.332,4,96.32897,281.438,170.565,800,500,0,324.9685,0.1624843,0.1259371,0.3172331,0,250,0.3172331,1198.024,119.8005,50.27004,0,0,6.062554,528.7779,254.4847,274.2933,813.1459,0,1569.738,0,0,1.24345e-13,4.263256e-14
naive,2026-01-10 09:45:00,519,9.75,32.42815,3595.616,70.78668,139.5926,127.3039,1,1,2516.931,2516.614,645.2236,343.6404,988.8641,2,0,0,188.8641,800,0,361.8845,234.4462,0.1172231,0.2046279,0.3172331,0,250,0.3172331,1871.391,132.3134,50.03347,0,0,0,537.4724,399.6218,137.8506,743.2622,0,1430.237,0,-5.684342e-14,4.884981e-14,4.263256e-14
naive,2026-01-10 10:00:00,520,10,32.77194,3632.086,59.52774,133.1076,146.6845,1,1,2542.46,2542.143,795.5382,409.9064,1205.445,3,0,214.6186,190.826,800,0,137.6374,200,0.1,0.1476274,0.3172331,0,250,0.3172331,1746.605,133.163,49.67189,0,0,13.52142,547.3439,376.0112,171.3327,788.8285,0,1521.776,0,1.136868e-13,-2.63678e-15,4.263256e-14
naive,2026-01-10 10:15:00,521,10.25,33.04326,3622.704,47.56523,136.5666,145.2726,1,1,2535.892,2535.575,1294.666,563.1329,1857.799,4,61.65086,286.6103,209.5374,800,500,0,324.9685,0.1624843,0.1259371,0.3172331,0,250,0.3172331,1240.91,145.7655,49.38653,0,0,0,549.4604,268.8721,280.5883,832.005,0,1608.45,0,1.136868e-13,1.24345e-13,4.263256e-14
naive,2026-01-10 10:30:00,522,10.5,33.21088,3674.554,58.79035,136.5319,179.8731,1,1,2572.188,2571.87,679.5659,358.7801,1038.346,3,0,0,238.346,800,0,344.379,238.8226,0.1194113,0.2046279,0.3172331,0,250,0.3172331,1892.305,165.4867,49.21023,2.730798,0,14.38636,559.5602,411.6567,147.9035,773.5665,0,1496.482,0,1.136868e-13,-6.483702e-14,4.263256e-14
naive,2026-01-10 10:45:00,523,10.75,33.45503,3712.409,47.157,136.2913,224.6809,1,1,2598.686,2598.369,821.5119,421.3569,1242.869,3,0,181.0325,261.8363,800,0,155.1401,200,0.1,0.1503831,0.3172331,0,250,0.3172331,1776.857,181.2849,48.95345,0.6217341,0,43.39592,568.647,388.8136,179.8334,819.6664,0,1585.333,0,1.136868e-13,-9.15934e-15,4.263256e-14
naive,2026-01-10 11:00:00,524,11,33.67837,3685.313,61.52467,138.7318,223.2656,1,0,2579.719,2579.402,1354.214,590.3782,1944.593,4,53.30117,286.578,304.7134,800,500,0,324.9685,0.1624843,0.1259371,0.3172331,0,250,0.3172331,1225.187,210.4269,48.71856,8.223503,0,12.83875,567.5475,269.5456,298.0019,862.7484,0,1684.874,0,0,1.24345e-13,4.263256e-14
naive,2026-01-10 11:15:00,525,11.25,33.85844,3706.533,39.51952,137.4256,212.5081,0,0,2594.573,2594.256,747.4538,388.7085,1136.162,3,0,0,336.1622,800,0,345.8215,238.462,0.119231,0.2046279,0.3172331,0,250,0.3172331,1846.802,231.6603,48.52916,0,0,0,573.314,408.0816,165.2324,0,796.79,4327.75,0,0,-7.993606e-15,4.263256e-14
naive,2026-01-10 11:30:00,526,11.5,34.2989,3727.256,48.41472,142.7209,250.2397,0,0,2609.079,2608.762,892.8541,452.808,1345.662,3,0,188.2882,357.3739,800,0,153.6978,200,0.1,0.150156,0.3172331,0,250,0.3172331,1715.908,245.0187,48.06592,0,0,5.221004,582.7582,383.2615,199.4968,0,837.2357,4550.722,0,-1.136868e-13,1.246225e-14,4.263256e-14
naive,2026-01-10 11:45:00,527,11.75,34.48696,3735.447,57.42004,149.1701,275.2207,0,0,2614.813,2614.495,1394.409,605.5915,2000,4,48.94952,291.089,400.8292,759.1323,500,0,324.9685,0.1624843,0.1259371,0.3172331,0,250,0.3172331,1220.087,274.209,45.4228,8.470522,0,1.011712,586.7499,273.7809,312.969,0,879.5994,4801.308,0,0,1.24345e-13,4.263256e-14
naive,2026-01-10 12:00:00,528,12,34.68065,3723.805,47.79578,150.4451,305.0169,0,0,2606.663,2606.346,828.313,424.3552,1252.668,3,0,0,452.6682,800,0,347.1142,238.1388,0.1190694,0.2046279,0.3172331,0,250,0.3172331,1778.033,308.9709,47.66441,0,0,0,587.7312,400.8978,186.8334,0,825.2529,4485.269,0,-2.273737e-13,-6.483702e-14,4.263256e-14
naive,2026-01-10 12:15:00,529,12.25,35.0292,3700.777,41.62646,151.0153,335.003,0,0,2590.544,2590.226,1012.163,505.4054,1517.569,4,0,194.9755,522.5931,800,0,152.4053,200,0.1,0.1499525,0.3172331,0,250,0.3172331,1578.063,355.2413,47.29783,0,0,0,589.19,358.9127,230.2773,0,864.3181,4700.539,0,-1.705303e-13,-3.941292e-15,4.263256e-14
naive,2026-01-10 12:30:00,530,12.5,35.19132,3727.93,38.89223,153.0124,357.3574,0,0,2609.551,2609.234,1402.726,597.2736,2000,4,60.24188,292.0006,532.4426,615.315,500,0,324.9685,0.1624843,0.1259371,0.3172331,0,250,0.3172331,1206.507,361.246,36.24768,0,0,0,595.9301,275.524,320.4061,0,872.7977,4759.609,0,0,1.24345e-13,4.263256e-14
naive,2026-01-10 12:45:00,531,12.75,35.29122,3695.675,34.04496,151.2969,386.2874,0,0,2586.972,2586.655,923.4178,466.282,1389.7,3,0,0,589.6998,800,0,356.7884,235.7203,0.1178601,0.2046279,0.3172331,0,250,0.3172331,1663.237,399.622,47.02225,0,0,0,592.2602,380.7808,211.4795,0,847.0628,4605.945,0,-1.705303e-13,-7.993606e-15,4.263256e-14
naive,2026-01-10 13:00:00,532,13,35.42672,3696.963,42.86116,152.5788,405.7949,0,0,2587.874,2587.557,1093.749,541.3722,1635.121,4,0,213.4641,621.6567,800,0,142.7326,200,0.1,0.1484296,0.3172331,0,250,0.3172331,1493.808,420.6043,46.87973,0,0,0,594.4953,343.1627,251.3325,0,884.5349,4812.203,0,0,-2.581269e-15,4.263256e-14
naive,2026-01-10 13:15:00,533,13.25,35.73066,3662.24,46.02333,152.5544,450.0298,0,0,2563.568,2563.251,1410.119,589.8808,2000,4,62.14927,297.5246,665.9049,474.4212,500,0,324.9685,0.1624843,0.1259371,0.3172331,0,250,0.3172331,1153.132,448.923,27.61136,0,0,1.10684,593.4697,266.9516,326.5181,0,857.0886,4682.925,0,0,1.24345e-13,4.263256e-14
naive,2026-01-10 13:30:00,534,13.5,36.01234,3666.135,34.4823,153.2731,454.8845,0,0,2566.295,2565.977,990.9213,496.0409,1486.962,3,0,0,686.9622,800,0,366.6526,233.2542,0.1166271,0.2046279,0.3172331,0,250,0.3172331,1575.056,461.5707,46.26381,0,0,0,598.3933,367.2622,231.1311,0,863.3031,4696.12,0,-1.136868e-13,-7.993606e-15,4.263256e-14
naive,2026-01-10 13:45:00,535,13.75,36.27469,3690.895,43.3414,147.4549,494.7134,0,0,2583.626,2583.309,1166.793,573.5736,1740.366,4,0,236.0799,704.2864,800,0,132.87,200,0.1,0.1468768,0.3172331,0,250,0.3172331,1416.516,471.7328,45.98789,0,0,22.98055,606.5157,332.5324,273.9833,0,911.5008,4961.518,0,0,7.410739e-15,4.263256e-14
naive,2026-01-10 14:00:00,536,14,36.42771,3668.215,51.91052,143.932,511.0105,0,1,2567.751,2567.433,1413.628,586.3725,2000,4,63.54941,300.3918,727.7034,408.3553,500,0,324.9685,0.1624843,0.1259371,0.3172331,0,250,0.3172331,1153.806,486.5268,23.3921,0,0,24.4837,605.1802,271.9347,333.2455,0,864.0776,4726.11,0,0,1.24345e-13,4.263256e-14
naive,2026-01-10 14:15:00,537,14.25,36.51287,3705.712,50.91142,149.6405,515.7488,1,1,2593.999,2593.681,1012.774,505.6748,1518.449,4,0,0,718.4491,800,0,366.8417,233.2069,0.1166035,0.2046279,0.3172331,0,250,0.3172331,1580.907,479.85,45.73738,0,0,35.89878,612.7193,373.4205,239.2988,887.5748,0,1723.695,0,-1.136868e-13,-7.993606e-15,4.263256e-14
naive,2026-01-10 14:30:00,538,14.5,36.82519,3737.821,56.20048,146.863,510.9346,1,1,2616.475,2616.158,1194.453,585.7676,1780.22,4,0,228.1208,752.0997,800,0,132.6808,200,0.1,0.146847,0.3172331,0,250,0.3172331,1421.705,500.446,45.4089,0,0,10.48859,623.0845,338.5633,284.5213,926.8286,0,1802.572,0,-2.273737e-13,5.551115e-15,4.263256e-14
naive,2026-01-10 14:45:00,539,14.75,36.81773,3747.723,38.19448,146.6765,534.2451,1,1,2623.406,2623.089,1414.637,585.3635,2000,4,64.6969,297.0688,747.6814,390.5529,500,0,324.9685,0.1624843,0.1259371,0.3172331,0,250,0.3172331,1208.453,497.5507,22.17205,0,0,36.69437,624.6131,287.7234,336.8897,881.8235,0,1738.704,0,2.273737e-13,1.24345e-13,4.263256e-14
naive,2026-01-10 15:00:00,540,15,36.96061,3759.214,45.21928,146.6129,529.5787,1,1,2631.45,2631.132,1058.213,525.7065,1583.92,4,0,0,783.9199,800,0,356.0664,235.9007,0.1179504,0.2046279,0.3172331,0,250,0.3172331,1572.919,520.7699,45.26647,0,0,8.808813,628.8815,375.9067,252.9747,903.7185,0,1756.512,0,0,-7.993606e-15,4.263256e-14
naive,2026-01-10 15:15:00,541,15.25,36.9456,3786.582,59.85092,148.7697,528.6647,1,1,2650.608,2650.29,1219.513,596.8153,1816.328,4,0,202.6755,813.6526,800,0,143.4545,200,0.1,0.1485432,0.3172331,0,250,0.3172331,1430.778,540.6195,45.28226,2.231012,0,0,633.2102,341.802,291.4082,938.6172,0,1830.14,0,0,-4.996004e-15,4.263256e-14
naive,2026-01-10 15:30:00,542,15.5,37.03844,3786.483,52.12747,144.3984,532.4235,1,1,2650.538,2650.221,1417.059,582.9406,2000,4,62.08584,286.8028,811.9368,339.1746,500,0,324.9685,0.1624843,0.1259371,0.3172331,0,250,0.3172331,1233.161,538.8764,19.15684,0,0,0,634.7422,295.3134,339.4287,878.2541,0,1734.957,0,1.136868e-13,1.24345e-13,4.263256e-14
naive,2026-01-10 15:45:00,543,15.75,37.15014,3719.482,64.0585,142.3397,532.3908,1,1,2603.637,2603.32,1077.208,534.0805,1611.289,4,0,0,811.2889,800,0,358.1955,235.3685,0.1176842,0.2046279,0.3172331,0,250,0.3172331,1526.112,537.7213,45.06713,0,0,0,625.3506,366.5467,258.8038,900.6272,0,1750.554,0,2.273737e-13,-6.483702e-14,4.263256e-14
naive,2026-01-10 16:00:00,544,16,37.42621,3702.351,63.69887,144.3592,534.7874,1,1,2591.645,2591.328,1243.378,607.336,1850.714,4,0,223.3359,827.3778,800,0,141.3257,200,0.1,0.1482081,0.3172331,0,250,0.3172331,1347.951,546.5577,44.77678,0,0,0,627.0439,326.1342,300.9097,933.4702,0,1816.567,0,0,4.32987e-15,4.263256e-14
naive,2026-01-10 16:15:00,545,16.25,37.15158,3666.984,71.83128,145.4935,516.3415,1,1,2566.889,2566.571,1420.571,579.429,2000,4,95.74638,276.0708,803.2722,324.9107,500,0,324.9685,0.1624843,0.1259371,0.3172331,0,250,0.3172331,1146,532.3987,18.30288,0,0,0,616.5475,275.2608,341.2867,854.6898,0,1688.789,0,2.273737e-13,1.24345e-13,4.263256e-14
naive,2026-01-10 16:30:00,546,16.5,37.41678,3657.362,83.69432,143.5062,510.331,1,1,2560.154,2559.836,1050.337,522.2341,1572.571,4,0,0,772.5708,800,0,385.8186,228.4627,0.1142313,0.2046279,0.3172331,0,250,0.3172331,1509.5,510.4111,44.7867,0,0,0,619.269,365.129,254.14,887.3632,0,1724.341,0,0,4.884981e-14,4.263256e-14
naive,2026-01-10 16:45:00,547,16.75,37.37007,3601.044,105.2779,138.9719,492.6865,1,1,2520.731,2520.414,1220.602,595.9379,1816.54,4,11.41329,276.9709,728.156,800,0,113.7069,200,0.1,0.1438596,0.3172331,0,250,0.3172331,1299.812,481.3399,44.83583,0,0,11.34668,608.9763,314.0178,294.9585,912.6969,0,1774.953,0,0,1.776357e-15,4.263256e-14
naive,2026-01-10 17:00:00,548,17,37.46167,3597.257,136.9569,135.1019,476.2447,1,1,2518.08,2517.763,1422.017,577.9828,2000,4,145.1632,276.1862,702.4536,376.197,500,0,324.9685,0.1624843,0.1259371,0.3172331,0,250,0.3172331,1095.746,463.8348,21.03858,0,0,12.40993,609.8203,265.3641,344.4562,846.3523,0,1669.036,0,2.273737e-13,1.24345e-13,4.263256e-14
naive,2026-01-10 17:15:00,549,17.25,37.60206,3581.945,164.9643,139.1578,451.3336,1,1,2507.362,2507.044,988.2501,494.8633,1483.113,3,0,0,683.1134,800,0,436.4735,215.799,0.1078995,0.2046279,0.3172331,0,250,0.3172331,1518.794,450.2971,44.59184,2.291598,0,1.036502,609.504,369.1973,240.3067,864.3126,0,1682.412,0,-1.136868e-13,-7.993606e-15,4.263256e-14
naive,2026-01-10 17:30:00,550,17.5,37.51961,3586.252,204.9793,138.6788,418.0311,1,1,2510.376,2510.059,1254.818,596.4923,1851.31,4,133.5512,271.5381,646.2209,800,0,63.06004,200,0.1,0.1358855,0.3172331,0,250,0.3172331,1255.241,426.4044,44.67855,8.368059,0,0,608.8945,304.4601,304.4344,900.9525,0,1766.077,0,-2.273737e-13,4.440892e-16,4.263256e-14
naive,2026-01-10 17:45:00,551,17.75,37.50949,3546.704,239.0858,138.9297,393.0297,1,1,2482.692,2482.375,1427.865,572.135,2000,4,232.2672,264.134,601.2384,402.3605,500,0,324.9685,0.1624843,0.1259371,0.3172331,0,250,0.3172331,1054.51,396.7717,22.47645,6.81859,0,0,602.0172,255.7036,346.3137,827.8385,0,1642.153,0,0,1.24345e-13,4.263256e-14
naive,2026-01-10 18:00:00,552,18,37.55795,3529.235,273.515,15.18091,361.7472,1,1,2470.464,2470.147,900.3984,456.134,1356.532,3,0,0,556.5324,800,0,266.7809,258.2221,0.1291111,0.2046279,0.3172331,0,250,0.3172331,1569.749,367.0534,44.63823,8.294565,13.62044,0,599.8273,381.1341,218.6932,837.2681,0,1662.121,0,5.684342e-14,1.056932e-13,4.263256e-14
naive,2026-01-10 18:15:00,553,18.25,37.50824,3463.242,307.2551,14.48003,345.0071,1,1,2424.269,2423.952,943.6254,467.331,1410.956,3,66.06958,0.7882218,544.0986,800,0,232.7259,200,0.1,0.1625987,0.3172331,0,250,0.3172331,1480.327,359.0692,44.69051,8.459565,13.69181,0,587.8308,358.9459,228.8849,826.2769,0,1640.488,0,0,-9.325873e-15,4.263256e-14
naive,2026-01-10 18:30:00,554,18.5,37.36229,3457.32,331.0526,7.66422,329.0615,0,0,2420.124,2419.807,1421.187,578.8133,2000,4,320.4616,0.4776109,504.8624,674.1984,500,0,324.9685,0.1624843,0.1259371,0.3172331,0,250,0.3172331,998.6198,333.7654,37.7922,10.59107,7.186609,0,584.5501,241.2039,343.3462,0,820.0172,4498.245,0,0,1.24345e-13,4.263256e-14
naive,2026-01-10 18:45:00,555,18.75,37.32149,3451.826,364.1654,5.768388,317.1434,0,0,2416.278,2415.961,842.0095,430.3933,1272.403,3,0,0,472.4027,800,0,346.933,238.1841,0.1190921,0.2046279,0.3172331,0,250,0.3172331,1573.951,312.4604,44.88692,17.52146,5.479332,4.682942,582.9892,379.7562,203.233,0,811.2793,4451.215,0,5.684342e-14,-7.993606e-15,4.263256e-14
naive,2026-01-10 19:00:00,556,19,37.2538,3410.494,385.367,8.523849,314.3639,0,0,2387.346,2387.028,989.0502,469.1371,1458.187,3,219.2266,1.080449,437.8802,800,0,152.5864,200,0.1,0.149981,0.3172331,0,250,0.3172331,1397.978,289.8634,44.95811,13.55396,7.4434,24.5005,574.9755,336.6933,238.2822,0,811.7311,4450.164,0,-1.136868e-13,7.271961e-15,4.263256e-14
naive,2026-01-10 19:15:00,557,19.25,36.96092,3408.692,393.1981,5.980389,277.1797,0,0,2386.085,2385.767,1425.848,574.1518,2000,4,393.6082,1.64751,403.7202,701.0241,500,0,324.9685,0.1624843,0.1259371,0.3172331,0,250,0.3172331,959.9191,268.1964,39.66582,0,4.33288,8.983275,570.2472,229.4098,340.8374,0,805.7085,4394.247,0,1.136868e-13,1.24345e-13,4.263256e-14
naive,2026-01-10 19:30:00,558,19.5,37.02709,3368.419,390.7424,1.240182,264.7281,0,0,2357.893,2357.576,790.1128,407.5146,1197.627,3,0,0,397.6274,800,0,394.9215,226.187,0.1130935,0.2046279,0.3172331,0,250,0.3172331,1567.463,263.9384,45.19655,0,0.5917139,0.7896607,564.4917,375.2587,189.233,0,782.9624,4256.468,0,1.136868e-13,-6.483702e-14,4.263256e-14
naive,2026-01-10 19:45:00,559,19.75,36.92846,3380.934,392.1066,1.349326,234.1846,0,0,2366.654,2366.337,1001.495,465.3318,1466.827,3,297.3339,1.068504,368.4246,800,0,104.6055,200,0.1,0.1424266,0.3172331,0,250,0.3172331,1364.841,244.8448,45.30029,0,0.2808223,0,565.1212,325.9035,239.2177,0,791.2354,4301.316,0,0,-4.08007e-15,4.263256e-14
naive,2026-01-10 20:00:00,560,20,36.47085,3354.52,378.2967,1.71357,200.7021,0,0,2348.164,2347.847,1421.056,578.9438,2000,4,384.2275,0.8871829,335.6299,779.2554,500,0,324.9685,0.1624843,0.1259371,0.3172331,0,250,0.3172331,926.7904,224.2791,44.59443,0,0.8263873,0,554.0466,218.6751,335.3714,0,797.6189,4338.161,0,0,1.24345e-13,4.263256e-14
naive,2026-01-10 20:15:00,561,20.25,36.21127,3341.169,364.5312,1.318265,169.7319,0,0,2338.818,2338.501,712.9754,373.5087,1086.484,3,0,0,286.4841,800,0,360.4139,234.8139,0.1174069,0.2046279,0.3172331,0,250,0.3172331,1625.526,192.0331,46.05458,4.723416,0.7121196,0,548.1486,380.9742,167.1743,0,754.483,4107.221,0,-1.136868e-13,-7.993606e-15,4.263256e-14
naive,2026-01-10 20:30:00,562,20.5,36.27191,3381.805,339.3057,0,162.2945,0,0,2367.264,2366.946,851.1215,410.6799,1261.801,3,199.4837,0.05171804,262.266,800,0,139.1077,200,0.1,0.1478589,0.3172331,0,250,0.3172331,1515.825,175.6723,45.99081,0.7142724,0,0,555.6839,355.8199,199.864,0,766.4998,4165.242,0,-5.684342e-14,1.409983e-14,4.263256e-14
naive,2026-01-10 20:45:00,563,20.75,36.29977,3383.994,302.3157,0,157.9304,0,0,2368.796,2368.479,1312.55,541.1463,1853.696,4,312.7523,4.265282,236.6785,800,500,0,324.9685,0.1624843,0.1259371,0.3172331,0,250,0.3172331,1055.929,158.4803,45.96151,0,0,0,556.444,248.0439,308.4001,0,789.1902,4288.84,0,0,1.24345e-13,4.263256e-14
naive,2026-01-10 21:00:00,564,21,36.1419,3408.434,273.159,1.660535,136.4732,0,0,2385.904,2385.586,663.3367,351.6255,1014.962,3,0,0,214.9622,800,0,278.9879,255.1704,0.1275852,0.2046279,0.3172331,0,250,0.3172331,1722.25,144.2106,46.12755,0,0,0,558.1856,402.9228,155.2628,0,754.5484,4098.122,0,-5.684342e-14,-6.483702e-14,4.263256e-14
naive,2026-01-10 21:15:00,565,21.25,35.71883,3413.554,237.3447,0,113.3023,0,0,2389.488,2389.171,656.0697,346.5868,1002.656,3,15.42602,1.592087,185.6384,800,0,220.5208,200,0.1,0.160677,0.3172331,0,250,0.3172331,1733.101,125.1666,46.57251,1.397842,0,0,553.0033,401.0945,151.9088,0,747.6813,4062.264,0,-1.136868e-13,-1.296185e-14,4.263256e-14
naive,2026-01-10 21:30:00,566,21.5,35.47761,3386.806,211.7185,0,110.2456,0,0,2370.764,2370.447,1183.715,496.7564,1680.471,4,208.4581,1.514413,170.4988,800,500,0,324.9685,0.1624843,0.1259371,0.3172331,0,250,0.3172331,1186.732,115.2877,46.82621,3.260418,0,0,545.3214,272.9712,272.3502,0,769.7275,4186.446,0,-5.684342e-14,1.24345e-13,4.263256e-14
naive,2026-01-10 21:45:00,567,21.75,35.39684,3406.976,177.6975,0,91.90887,0,0,2384.883,2384.566,621.8769,333.348,955.2249,2,0,0,155.2249,800,0,179.0549,280.1536,0.1400768,0.2046279,0.3172331,0,250,0.3172331,1762.689,105.0602,46.91116,3.971728,0,0,547.4502,404.6255,142.8247,0,737.9735,4012.931,0,0,-3.641532e-14,4.263256e-14
naive,2026-01-10 22:00:00,568,22,35.21981,3388.46,151.3449,0,98.2193,0,0,2371.922,2371.605,605.829,326.2733,932.1023,2,0,0,132.1023,800,0,154.8997,241.3846,0.1206923,0.1764086,0.3172331,0,250,0.3172331,1765.776,89.59727,47.09735,1.583681,0,8.622026,542.0518,403.5301,138.5217,0,731.7738,3974.503,0,0,4.501954e-14,4.263256e-14
naive,2026-01-10 22:15:00,569,22.25,34.9409,3365.241,127.137,0,82.78999,0,0,2355.669,2355.352,606.8398,326.7189,933.5588,2,0,0,133.5588,800,0,131.1721,208.5536,0.1042768,0.1519964,0.3172331,0,250,0.3172331,1748.512,90.88312,47.3907,1.693637,0,0,534.5894,396.8027,137.7866,0,723.5217,3928.976,0,0,-5.240253e-14,4.263256e-14
naive,2026-01-10 22:30:00,570,22.5,34.60463,3334.581,104.2296,4.618172,91.42412,0,0,2334.207,2333.889,663.1477,342.8115,1005.959,3,73.39273,4.292588,128.2739,800,0,34.08303,200,0.1,0.1313231,0.3172331,0,250,0.3172331,1670.742,87.63195,47.74436,0,0.3255837,3.792173,525.3093,375.9976,149.3117,0,719.6625,3904.993,0,0,-2.969847e-15,4.263256e-14
naive,2026-01-10 22:45:00,571,22.75,34.46839,3289.659,87.41992,0.7592898,98.864,0,0,2302.761,2302.444,1054.816,454.3023,1509.118,4,87.65214,1.029187,120.437,800,500,0,324.9685,0.1624843,0.1259371,0.3172331,0,250,0.3172331,1247.628,82.40939,47.88765,0,0,16.45461,516.4906,279.8328,236.6578,0,737.8258,4004.168,0,5.684342e-14,1.24345e-13,4.263256e-14
naive,2026-01-10 23:00:00,572,23,34.19219,3297.875,66.14068,0,77.29846,0,0,2308.513,2308.195,591.9241,320.1434,912.0675,2,0,0,112.0675,800,0,81.99103,304.4196,0.1522098,0.2046279,0.3172331,0,250,0.3172331,1716.271,76.93011,48.17815,0,0,0.3683507,514.276,382.3402,131.9358,0,702.5656,3809.91,0,0,-1.074696e-13,4.263256e-14
naive,2026-01-10 23:15:00,573,23.25,33.98379,3283.847,60.12286,0,92.50599,0,0,2298.693,2298.376,590.4672,319.5011,909.9683,2,0,0,109.9683,800,0,73.42975,286.0142,0.1430071,0.1916886,0.3172331,0,250,0.3172331,1707.908,75.67243,48.39733,0,0,16.83357,509.4865,378.5439,130.9425,0,701.776,3805.321,0,0,7.585599e-14,4.263256e-14
naive,2026-01-10 23:30:00,574,23.5,33.79547,3289.474,55.74744,0,81.47121,1,1,2302.632,2302.315,580.01,314.891,894.901,2,0,0,94.90101,800,0,72.11625,267.9402,0.1339701,0.180099,0.3172331,0,250,0.3172331,1722.305,65.44718,48.59539,0,0,16.02403,508.0271,379.9902,128.0369,698.4166,0,1342.163,0,0,5.956347e-14,4.263256e-14
naive,2026-01-10 23:45:00,575,23.75,33.75535,3279.011,48.32818,0,73.81793,1,1,2295.308,2294.99,572.8537,311.7362,884.5899,2,0,0,84.5899,800,0,66.81388,251.1945,0.1255973,0.168718,0.3172331,0,250,0.3172331,1722.137,58.36341,48.63759,0,0,15.45452,505.9185,379.5835,126.335,694.7261,0,1334.735,0,0,3.141931e-14,4.263256e-14
naive,2026-01-11 00:00:00,576,0,33.52376,3288.928,52.84402,0,75.87398,1,1,2302.25,2301.932,569.0028,310.0385,879.0414,2,0,0,79.04136,800,0,63.50966,235.2775,0.1176388,0.1581735,0.3172331,0,250,0.3172331,1732.93,54.68159,48.88116,0,0,21.19239,504.6153,379.8297,124.7856,694.5132,0,1334.035,0,5.684342e-14,3.089196e-14,4.263256e-14
naive,2026-01-11 00:15:00,577,0.25,33.30383,3265.578,38.85721,0,69.01411,1,1,2285.905,2285.588,568.0226,309.6064,877.629,2,0,0,77.62898,800,0,59.74594,220.304,0.110152,0.1481508,0.3172331,0,250,0.3172331,1717.565,53.84109,49.11248,0,0,15.17303,498.39,374.4763,123.9137,687.3908,0,1319.53,0,5.684342e-14,-2.708944e-14,4.263256e-14
naive,2026-01-11 00:30:00,578,0.5,32.8206,3268.286,32.86491,0,76.20833,1,1,2287.8,2287.483,565.648,308.5596,874.2075,2,0,0,74.20754,800,0,58.05001,205.7568,0.1028784,0.1387222,0.3172331,0,250,0.3172331,1721.835,51.75495,49.6207,0,0,24.45338,493.0887,371.1064,121.9823,684.9364,0,1314.049,0,-5.684342e-14,-3.41116e-14,4.263256e-14
naive,2026-01-11 00:45:00,579,0.75,32.72226,3290.235,42.30894,0,74.12939,1,1,2303.165,2302.847,600.4202,319.2993,919.7196,2,38.5811,4.088919,77.04953,800,0,22.8978,200,0.1,0.1295621,0.3172331,0,250,0.3172331,1702.427,53.79767,49.72413,0,0,20.33173,495.2455,366.07,129.1755,689.7412,0,1323.543,0,0,4.163336e-16,4.263256e-14
naive,2026-01-11 01:00:00,580,1,32.59815,3314.919,32.75282,0,74.0926,1,1,2320.443,2320.126,1000.931,433.9928,1434.924,3,58.68677,3.5377,72.69924,800,500,0,324.9685,0.1624843,0.1259371,0.3172331,0,250,0.3172331,1319.195,50.83238,49.85467,0,0,23.26021,497.5004,282.8339,214.6665,721.8137,0,1387.541,0,-1.705303e-13,1.24345e-13,4.263256e-14
naive,2026-01-11 01:15:00,581,1.25,32.36135,3301.193,28.53858,0,64.71327,1,1,2310.835,2310.518,559.703,305.9387,865.6417,2,0,0,65.64171,800,0,53.31349,311.589,0.1557945,0.2046279,0.3172331,0,250,0.3172331,1750.815,46.02201,50.10372,0,0,18.69126,492.689,373.2881,119.4009,683.2119,0,1310.057,0,0,-1.074696e-13,4.263256e-14
naive,2026-01-11 01:30:00,582,1.5,31.83848,3265.93,35.33402,0,46.30987,1,1,2286.151,2285.834,550.6252,301.9368,852.562,2,0,0,52.56201,800,0,57.10329,297.2641,0.1486321,0.196203,0.3172331,0,250,0.3172331,1735.209,37.07157,50.65365,0,0,9.238296,481.5213,365.4789,116.0424,669.3615,0,1281.738,0,-5.684342e-14,7.66609e-14,4.263256e-14
naive,2026-01-11 01:45:00,583,1.75,31.55073,3300.332,40.05116,0,45.53343,1,1,2310.232,2309.915,555.4763,304.0754,859.5517,2,0,0,59.55172,800,0,62.00155,281.7169,0.1408585,0.1871829,0.3172331,0,250,0.3172331,1754.439,42.13845,50.95629,0,0,3.39498,483.3709,367.082,116.2889,671.8677,0,1286.41,0,5.684342e-14,-3.219647e-14,4.263256e-14
naive,2026-01-11 02:00:00,584,2,31.35659,3321.652,35.91065,0,31.27975,1,1,2325.156,2324.839,537.4588,296.1324,833.5912,2,0,0,33.59122,800,0,64.90599,265.4461,0.132723,0.177393,0.3172331,0,250,0.3172331,1787.38,23.82112,51.16047,0,0,7.458628,484.3293,372.3107,112.0186,669.9967,0,1282.438,0,5.684342e-14,-4.110601e-14,4.263256e-14
naive,2026-01-11 02:15:00,585,2.25,31.43557,3293.103,32.86088,0.7071454,26.03299,1,1,2305.172,2304.855,531.7032,293.595,825.2983,2,0,0,25.29828,800,0,65.79774,248.9549,0.1244774,0.1671475,0.3172331,0,250,0.3172331,1773.151,17.92422,51.07741,0,0,8.108772,481.0372,370.0165,111.0206,665.3037,0,1273.145,0,1.136868e-13,4.501954e-14,4.263256e-14
naive,2026-01-11 02:30:00,586,2.5,31.3256,3321.598,23.57891,6.253572,38.70462,1,1,2325.118,2324.801,544.0066,299.019,843.0255,2,0,0,43.02554,800,0,62.45872,233.301,0.1166505,0.1567632,0.3172331,0,250,0.3172331,1780.795,30.52211,51.19307,0,1.948295,8.182504,483.9778,370.6757,113.302,671.3979,0,1288.564,0,0,7.188694e-15,4.263256e-14
naive,2026-01-11 02:45:00,587,2.75,31.25293,3325.518,28.16823,0,56.04504,1,1,2327.862,2327.545,549.1623,301.2919,850.4542,2,0,0,50.45419,800,0,64.83514,217.0555,0.1085277,0.1469062,0.3172331,0,250,0.3172331,1778.383,35.82129,51.26949,0,0,20.22374,483.7441,369.5589,114.1852,675.0534,0,1292.429,0,5.684342e-14,-4.718448e-16,4.263256e-14
naive,2026-01-11 03:00:00,588,3,31.195,3292.118,33.46693,4.42497,60.97763,1,1,2304.483,2304.166,547.3305,300.4843,847.8148,2,0,0,47.81483,800,0,61.48968,201.6489,0.1008244,0.1366767,0.3172331,0,250,0.3172331,1756.835,33.96957,51.33042,0,0,27.00806,478.2523,364.5983,113.6541,670.6876,0,1283.629,0,5.684342e-14,2.6118e-14,4.263256e-14
naive,2026-01-11 03:15:00,589,3.25,31.216,3293.613,34.72897,0,63.56804,1,1,2305.529,2305.212,586.0646,310.8624,896.9269,2,56.30373,7.232963,33.39022,800,0,6.468591,200,0.1,0.1269754,0.3172331,0,250,0.3172331,1719.147,23.71614,51.30834,0,0,39.8519,478.6989,356.948,121.7509,676.0848,0,1294.448,0,5.684342e-14,-4.440892e-16,4.263256e-14
naive,2026-01-11 03:30:00,590,3.5,30.92721,3260.387,52.41451,1.64516,52.78768,1,1,2282.271,2281.953,1000.095,432.2031,1432.298,3,70.63502,3.563303,58.09994,800,500,0,324.9685,0.1624843,0.1259371,0.3172331,0,250,0.3172331,1281.858,41.40099,51.61207,0,0,11.38669,470.7647,264.4093,206.3554,698.9611,0,1339.859,0,5.684342e-14,1.24345e-13,4.263256e-14
naive,2026-01-11 03:45:00,591,3.75,30.69229,3257.216,56.31384,3.31804,59.37947,1,1,2280.051,2279.734,548.7436,301.1073,849.8509,2,0,0,49.85085,800,0,78.46371,305.3014,0.1526507,0.2046279,0.3172331,0,250,0.3172331,1730.99,35.61652,51.85914,0,1.58953,23.76295,467.8134,355.1589,112.6545,661.1417,0,1266.684,0,-5.684342e-14,6.217249e-15,4.263256e-14
naive,2026-01-11 04:00:00,592,4,30.43142,3255.202,56.32995,6.105981,71.01875,1,1,2278.642,2278.324,538.0821,296.4072,834.4893,2,0,0,34.48932,800,0,90.50731,282.6265,0.1413133,0.1922438,0.3172331,0,250,0.3172331,1740.242,24.71328,52.13351,0,4.268589,46.30547,464.7876,354.9672,109.8204,660.8196,0,1270.352,0,-5.684342e-14,-2.58682e-14,4.263256e-14
naive,2026-01-11 04:15:00,593,4.25,30.30518,3263.423,67.76494,1.74448,68.09338,1,1,2284.396,2284.079,530.2737,292.9648,823.2386,2,0,0,23.23857,800,0,95.97136,258.5892,0.1292946,0.1779658,0.3172331,0,250,0.3172331,1753.805,16.67503,52.26628,0,0.03999899,51.41835,464.6453,356.7233,107.922,660.1466,0,1261.563,0,5.684342e-14,-6.32272e-14,4.263256e-14
naive,2026-01-11 04:30:00,594,4.5,30.18652,3301.628,103.6989,4.120286,54.55219,1,1,2311.139,2310.822,539.6628,297.104,836.7668,2,0,0,36.76676,800,0,111.3722,230.7055,0.1153527,0.1628298,0.3172331,0,250,0.3172331,1771.159,26.4172,52.39109,0,1.332174,28.13499,468.8402,359.2993,109.5409,662.1108,0,1267.58,0,0,-2.081668e-15,4.263256e-14
naive,2026-01-11 04:45:00,595,4.75,30.14435,3267.506,129.9498,6.72573,52.79555,1,1,2287.254,2286.937,540.71,296.5868,837.2968,2,8.228943,1.985411,27.08247,800,0,122.6766,200,0.1,0.1452718,0.3172331,0,250,0.3172331,1746.227,19.4681,52.43544,0,4.740318,33.32745,463.5586,353.9084,109.6502,657.2497,0,1263.687,0,0,2.942091e-15,4.263256e-14
naive,2026-01-11 05:00:00,596,5,29.97184,3200.625,154.4568,6.44674,67.9417,1,1,2240.438,2240.12,1057.253,446.0059,1503.259,4,166.4245,2.123524,34.71053,800,500,0,324.9685,0.1624843,0.1259371,0.3172331,0,250,0.3172331,1182.868,24.9994,52.61688,0,4.323216,42.9423,452.3306,238.8137,213.5169,693.4894,0,1335.242,0,-1.136868e-13,1.24345e-13,4.263256e-14
naive,2026-01-11 05:15:00,597,5.25,29.96367,3246.036,176.7705,3.315698,57.05506,1,1,2272.225,2271.908,543.165,298.6479,841.8129,2,0,0,41.81294,800,0,202.6402,274.2573,0.1371287,0.2046279,0.3172331,0,250,0.3172331,1728.743,30.11747,52.62547,0,2.235999,26.93759,458.6651,348.9593,109.7058,653.0448,0,1250.743,0,-5.684342e-14,7.727152e-14,4.263256e-14
naive,2026-01-11 05:30:00,598,5.5,29.84905,3258.959,221.2062,0,26.9019,1,1,2281.271,2280.954,549.1839,301.3014,850.4853,2,0,0,50.48534,800,0,241.0096,213.9617,0.1069809,0.1726958,0.3172331,0,250,0.3172331,1731.77,36.41041,52.74603,0,0,0,459.322,348.6829,110.6392,649.9842,0,1240.629,0,5.684342e-14,-5.714873e-14,4.263256e-14
naive,2026-01-11 05:45:00,599,5.75,30.13949,3303.407,258.8791,1.01386,26.62591,1,1,2312.385,2312.067,729.8779,353.8299,1083.708,3,228.0642,1.435205,54.20837,800,0,55.71213,200,0.1,0.1347286,0.3172331,0,250,0.3172331,1582.189,38.96953,52.44055,0,0,0,468.601,320.6281,147.9729,674.458,0,1289.92,0,0,2.775558e-16,4.263256e-14
naive,2026-01-11 06:00:00,600,6,30.09855,3339.124,309.3171,2.069619,28.69149,1,1,2337.387,2337.07,1191.453,486.53,1677.983,4,323.1019,0.8300685,54.05149,800,500,0,324.9685,0.1624843,0.1259371,0.3172331,0,250,0.3172331,1145.616,38.87446,52.48361,0,1.239551,0,473.2358,231.9456,241.2902,718.4756,0,1380.045,0,0,1.24345e-13,4.263256e-14
naive,2026-01-11 06:15:00,601,6.25,30.47627,3391.504,366.0696,1.3772,41.02945,1,1,2374.053,2373.735,549.24,301.3261,850.5662,2,0,0,50.56617,800,0,361.6661,234.5008,0.1172504,0.2046279,0.3172331,0,250,0.3172331,1824.495,36.21498,52.08635,6.376735,0,4.814474,484.7369,372.5276,112.2093,674.8368,0,1302.076,0,-1.136868e-13,4.884981e-14,4.263256e-14
naive,2026-01-11 06:30:00,602,6.5,30.74664,3342.127,398.2295,2.414967,59.24118,1,1,2339.489,2339.172,752.9894,360.1819,1113.171,3,260.3165,0.6015539,52.25326,800,0,137.8557,200,0.1,0.1476617,0.3172331,0,250,0.3172331,1586.183,37.31023,51.80198,0.0573425,1.813413,21.93095,480.5982,325.8474,154.7508,690.5345,0,1326.019,0,-1.136868e-13,-9.769963e-15,4.263256e-14
naive,2026-01-11 06:45:00,603,6.75,30.66172,3396.866,417.4136,0,62.79478,1,1,2377.806,2377.489,1271.061,509.8749,1780.936,4,421.8739,0.2906582,58.77114,800,500,0,324.9685,0.1624843,0.1259371,0.3172331,0,250,0.3172331,1106.428,42.0041,51.8913,0,0,20.79069,487.5341,226.8568,260.6773,740.9946,0,1423.611,0,-5.684342e-14,1.24345e-13,4.263256e-14
naive,2026-01-11 07:00:00,604,7,30.87593,3402.643,436.0711,0,62.16794,1,1,2381.85,2381.533,563.3851,307.562,870.947,2,0,0,70.94705,800,0,431.3901,217.0698,0.1085349,0.2046279,0.3172331,0,250,0.3172331,1818.148,50.58472,51.66601,4.947859,0,11.58322,490.734,374.594,116.1399,684.5425,0,1319.496,0,-5.684342e-14,-7.993606e-15,4.263256e-14
naive,2026-01-11 07:15:00,605,7.25,31.05851,3399.058,421.8078,0,45.88366,1,1,2379.341,2379.024,843.3994,388.675,1232.074,3,355.8455,1.631254,74.59761,800,0,68.14266,200,0.1,0.1366857,0.3172331,0,250,0.3172331,1535.624,53.07858,51.47397,0,0,0,492.254,317.7002,174.5537,706.3752,0,1354.842,0,0,7.771561e-16,4.263256e-14
naive,2026-01-11 07:30:00,606,7.5,30.9764,3452.844,416.774,5.277332,76.64487,1,1,2416.991,2416.674,1284.815,517.9449,1802.76,4,405.0071,2.083517,95.66905,800,500,0,324.9685,0.1624843,0.1259371,0.3172331,0,250,0.3172331,1131.859,68.13443,51.56034,11.76687,3.193815,8.510447,499.1105,233.7298,265.3808,753.432,0,1474.666,0,0,1.24345e-13,4.263256e-14
naive,2026-01-11 07:45:00,607,7.75,31.19121,3491.025,378.7011,0,34.21783,1,1,2443.717,2443.4,578.482,314.2174,892.6994,2,0,0,92.69935,800,0,370.7223,232.2368,0.1161184,0.2046279,0.3172331,0,250,0.3172331,1864.918,65.86014,51.33441,9.388662,0,0,507.104,386.9955,120.1086,701.2129,0,1360.87,0,0,-7.993606e-15,4.263256e-14
naive,2026-01-11 08:00:00,608,8,31.32806,3457.765,345.9031,0,34.01298,1,1,2420.435,2420.118,873.0902,420.2656,1293.356,3,200.3179,191.6057,101.4322,800,0,128.8009,200,0.1,0.1462361,0.3172331,0,250,0.3172331,1547.028,71.95354,51.19048,16.7843,0,0,503.8466,322.0349,181.8117,742.3005,0,1455.965,0,-1.136868e-13,-1.332268e-14,4.263256e-14
naive,2026-01-11 08:15:00,609,8.25,31.53586,3454.496,299.7755,0,57.58626,1,1,2418.147,2417.83,1334.81,554.372,1889.182,4,284.0696,191.2324,113.8804,800,500,0,324.9685,0.1624843,0.1259371,0.3172331,0,250,0.3172331,1083.019,80.59468,50.97193,15.70595,0,0,505.7768,226.523,279.2538,780.895,0,1531.539,0,0,1.24345e-13,4.263256e-14
naive,2026-01-11 08:30:00,610,8.5,31.59945,3509.369,245.3761,0,65.6041,1,1,2456.558,2456.241,589.7114,319.1679,908.8793,2,0,0,108.8793,800,0,426.266,218.3509,0.1091754,0.2046279,0.3172331,0,250,0.3172331,1866.53,76.9999,50.90504,13.29088,0,0,514.5637,390.9732,123.5905,710.1411,0,1385.941,0,0,-7.993606e-15,4.263256e-14
naive,2026-01-11 08:45:00,611,8.75,31.77986,3483.776,209.2006,0,70.80079,1,1,2438.643,2438.326,813.8888,404.1069,1217.996,3,116.7581,193.5698,107.6678,800,0,73.26594,200,0.1,0.1374923,0.3172331,0,250,0.3172331,1624.437,75.98773,50.7153,19.17652,0,0,512.9433,341.6835,171.2598,745.7904,0,1467.606,0,0,-5.52336e-15,4.263256e-14
naive,2026-01-11 09:00:00,612,9,32.03346,3513.262,187.1107,3.430428,82.6896,1,1,2459.283,2458.966,1235.245,526.9451,1762.19,4,145.6496,199.744,116.7969,800,500,0,324.9685,0.1624843,0.1259371,0.3172331,0,250,0.3172331,1223.721,82.19378,50.44858,41.46119,0,0.49582,520.338,258.9162,261.4217,785.9663,0,1586.698,0,0,1.24345e-13,4.263256e-14
naive,2026-01-11 09:15:00,613,9.25,32.2193,3544.571,158.9306,3.924646,108.5847,1,1,2481.2,2480.882,602.9528,325.0054,927.9582,2,0,0,127.9582,800,0,311.9094,246.94,0.12347,0.2046279,0.3172331,0,250,0.3172331,1877.93,89.85808,50.25312,46.82246,0,18.72657,527.2555,399.0605,128.195,728.0453,0,1480.325,0,0,-7.993606e-15,4.263256e-14
naive,2026-01-11 09:30:00,614,9.5,32.35951,3555.664,135.6733,1.7124,118.7241,1,1,2488.964,2488.647,708.9411,371.7302,1080.671,3,0,105.9176,174.7536,800,0,187.6046,200,0.1,0.1554945,0.3172331,0,250,0.3172331,1779.706,122.5239,50.10566,46.11663,0,0,530.6447,379.4315,151.2131,751.1617,0,1525.506,0,0,1.498801e-15,4.263256e-14
naive,2026-01-11 09:45:00,615,9.75,32.56804,3559.62,112.4167,4.857134,147.4873,1,1,2491.734,2491.417,1230.215,533.0545,1763.27,4,75.65179,202.9712,184.6468,800,500,0,324.9685,0.1624843,0.1259371,0.3172331,0,250,0.3172331,1261.201,129.1523,49.88634,36.76486,0,18.33499,533.8459,270.2083,263.6376,807.191,0,1621.679,0,0,1.24345e-13,4.263256e-14
naive,2026-01-11 10:00:00,616,10,32.67746,3600.891,95.57278,0,161.245,1,1,2520.624,2520.307,653.833,347.4358,1001.269,3,0,0,201.2689,800,0,264.4987,258.7927,0.1293963,0.2046279,0.3172331,0,250,0.3172331,1866.474,140.6025,49.77125,32.08792,0,20.64256,541.4317,400.9198,140.5119,752.7897,0,1504.938,0,1.136868e-13,-6.483702e-14,4.263256e-14
naive,2026-01-11 10:15:00,617,10.25,32.96747,3611.204,53.31238,0,166.9103,1,1,2527.843,2527.526,675.2895,356.8949,1032.184,3,0,23.11482,209.0695,800,0,235.0078,200,0.1,0.162958,0.3172331,0,250,0.3172331,1852.236,145.5668,49.46623,0,0,21.34346,546.7287,400.6067,146.1221,762.1178,0,1468.586,0,0,3.719247e-15,4.263256e-14
naive,2026-01-11 10:30:00,618,10.5,32.88443,3603.185,45.76793,1.670625,186.468,1,1,2522.23,2521.913,1262.706,549.5375,1812.243,4,57.49749,204.8543,249.8915,800,500,0,324.9685,0.1624843,0.1259371,0.3172331,0,250,0.3172331,1259.207,174.1555,49.55357,0,0,12.31243,544.4391,271.8076,272.6314,824.0029,0,1592.258,0,0,1.24345e-13,4.263256e-14
naive,2026-01-11 10:45:00,619,10.75,33.34033,3641.692,46.40849,6.242923,207.7844,1,1,2549.184,2548.867,719.9058,376.564,1096.47,3,0,0,296.4698,800,0,252.1378,261.8829,0.1309415,0.2046279,0.3172331,0,250,0.3172331,1828.961,205.5358,49.07408,0,0,2.248603,556.2791,399.1131,157.166,776.1678,0,1497.127,0,0,-1.216804e-13,4.263256e-14
naive,2026-01-11 11:00:00,620,11,33.60857,3620.343,54.21788,6.520346,227.1131,1,0,2534.24,2533.923,743.7426,387.0724,1130.815,3,0,15.75385,315.0611,800,0,247.3667,200,0.1,0.1649038,0.3172331,0,250,0.3172331,1790.181,217.7486,48.79196,0,0,9.364461,556.6019,393.1821,163.4198,782.3112,0,1509.731,0,-1.136868e-13,1.11855e-14,4.263256e-14
naive,2026-01-11 11:15:00,621,11.25,33.93231,3633.008,57.39492,4.786519,237.8622,1,0,2543.106,2542.789,1304.647,569.4479,1874.095,4,45.55515,207.42,321.1197,800,500,0,324.9685,0.1624843,0.1259371,0.3172331,0,250,0.3172331,1238.142,221.1042,48.45148,11.83977,0,16.758,562.9521,274.08,288.8721,847.2375,0,1660.391,0,0,1.24345e-13,4.263256e-14
naive,2026-01-11 11:30:00,622,11.5,34.30574,3669.003,47.43505,4.881078,261.2877,0,0,2568.302,2567.985,765.3276,396.5881,1161.916,3,0,0,361.9158,800,0,259.0509,260.1546,0.1300773,0.2046279,0.3172331,0,250,0.3172331,1802.657,248.1128,48.05872,0,0,13.17487,573.7469,402.7053,171.0415,0,802.2367,4358.236,0,-1.136868e-13,4.884981e-14,4.263256e-14
naive,2026-01-11 11:45:00,623,11.75,34.40447,3651.838,44.18514,1.879054,264.7,0,0,2556.286,2555.969,811.4508,416.9215,1228.372,3,0,26.38861,401.9837,800,0,240.4547,200,0.1,0.1638156,0.3172331,0,250,0.3172331,1744.518,275.264,47.95488,0,0,0,572.4513,390.6651,181.7862,0,807.5866,4387.777,0,-5.684342e-14,1.038059e-14,4.263256e-14
naive,2026-01-11 12:00:00,624,12,34.9628,3714.702,37.94307,0,284.957,0,0,2600.292,2599.974,1393.261,606.7392,2000,4,50.9374,214.562,449.8226,784.678,500,0,324.9685,0.1624843,0.1259371,0.3172331,0,250,0.3172331,1206.714,306.0132,46.46044,0,0,0,590.4263,273.9983,316.428,0,880.7375,4791.788,0,-1.136868e-13,1.24345e-13,4.263256e-14
naive,2026-01-11 12:15:00,625,12.25,35.07207,3737.38,38.14099,0,329.4277,0,0,2616.166,2615.849,865.7044,440.8391,1306.544,3,0,0,506.5435,800,0,262.4154,259.3135,0.1296568,0.2046279,0.3172331,0,250,0.3172331,1750.145,344.1575,47.25274,0,0,0,595.6564,398.4781,197.1784,0,839.3172,4563.085,0,-1.136868e-13,4.884981e-14,4.263256e-14
naive,2026-01-11 12:30:00,626,12.5,35.38684,3745.947,39.94019,0,360.8143,0,0,2622.163,2621.846,900.4101,456.1391,1356.549,3,0,27.06169,529.4875,800,0,237.0908,200,0.1,0.1632859,0.3172331,0,250,0.3172331,1721.436,358.4129,46.92168,0,0,2.401415,601.7658,395.056,206.7098,0,851.7462,4631.817,0,0,-5.412337e-15,4.263256e-14
naive,2026-01-11 12:45:00,627,12.75,35.67779,3728.221,45.2063,0,381.0293,0,0,2609.755,2609.437,1399.446,600.5537,2000,4,47.49318,215.0681,578.7472,658.6915,500,0,324.9685,0.1624843,0.1259371,0.3172331,0,250,0.3172331,1209.991,390.41,38.38169,0,0,0,603.3496,279.7381,323.6116,0,880.2918,4798.425,0,0,1.24345e-13,4.263256e-14
naive,2026-01-11 13:00:00,628,13,36.09119,3746.138,38.02396,0,409.973,0,0,2622.297,2621.98,937.0319,472.2838,1409.316,3,0,0,609.3158,800,0,267.8225,257.9617,0.1289809,0.2046279,0.3172331,0,250,0.3172331,1684.948,409.0157,46.18088,0,0,0.9573674,612.6907,393.6823,219.0084,0,866.1898,4712.09,0,0,4.884981e-14,4.263256e-14
naive,2026-01-11 13:15:00,629,13.25,36.32325,3746.568,47.06643,0,454.1593,0,0,2622.597,2622.28,1004.028,501.819,1505.847,4,0,39.41761,666.4295,800,0,231.6845,200,0.1,0.1624347,0.3172331,0,250,0.3172331,1618.252,446.1172,45.93682,0,0,8.042046,616.4373,380.3676,236.0698,0,884.0769,4810.744,0,-5.684342e-14,2.303713e-15,4.263256e-14
naive,2026-01-11 13:30:00,630,13.5,36.3653,3764.835,42.6294,0,467.5659,0,0,2635.385,2635.067,1405.037,594.9634,2000,4,47.9855,220.3583,681.0322,550.6239,500,0,324.9685,0.1624843,0.1259371,0.3172331,0,250,0.3172331,1230.031,455.6634,31.58695,0,0,11.90245,620.1171,289.4314,330.6857,0,887.1956,4844.04,0,0,1.24345e-13,4.263256e-14
naive,2026-01-11 13:45:00,631,13.75,36.62745,3754.13,38.62238,0,498.7291,0,0,2627.891,2627.574,1015.786,507.0024,1522.788,4,0,0,722.7881,800,0,271.1627,257.1267,0.1285633,0.2046279,0.3172331,0,250,0.3172331,1611.788,482.0855,45.61687,0,0,16.64357,622.5783,381.8516,240.7267,0,892.797,4859.065,0,-1.136868e-13,-1.216804e-13,4.263256e-14
naive,2026-01-11 14:00:00,632,14,36.51595,3766.024,48.26334,0,513.9759,0,1,2636.216,2635.899,1062.909,527.7766,1590.686,4,0,43.26316,747.4224,800,0,228.3448,200,0.1,0.1619089,0.3172331,0,250,0.3172331,1572.99,499.1828,45.73415,0,0,14.79308,622.7411,371.5802,251.161,0,902.8513,4914.231,0,1.136868e-13,-4.57967e-15,4.263256e-14
naive,2026-01-11 14:15:00,633,14.25,36.6938,3727.701,39.06803,2.353892,548.4053,0,1,2609.391,2609.074,1409.58,590.4198,2000,4,56.99502,218.5878,747.7862,476.6309,500,0,324.9685,0.1624843,0.1259371,0.3172331,0,250,0.3172331,1199.493,498.3618,27.13644,0,0,50.04346,619.2662,284.6663,334.5999,0,886.9625,4847.765,0,0,1.24345e-13,4.263256e-14
naive,2026-01-11 14:30:00,634,14.5,36.82687,3693.545,34.49325,0,539.8593,1,1,2585.482,2585.164,1042.081,518.5948,1560.676,4,0,0,760.6761,800,0,274.258,256.3529,0.1281764,0.2046279,0.3172331,0,250,0.3172331,1543.083,506.1425,45.40714,0,0,33.71672,615.7309,367.4843,248.2466,894.1087,0,1737.134,0,0,-7.993606e-15,4.263256e-14
naive,2026-01-11 14:45:00,635,14.75,37.2117,3683.119,41.68587,2.815006,560.9051,1,1,2578.183,2577.866,1081.337,535.9007,1617.238,4,0,39.4177,777.8201,800,0,225.25,200,0.1,0.1614216,0.3172331,0,250,0.3172331,1496.529,515.1553,45.00239,0,0,45.74988,620.2456,360.0269,260.2187,906.9338,0,1763.24,0,0,4.08007e-15,4.263256e-14
naive,2026-01-11 15:00:00,636,15,37.34077,3639.618,47.68454,3.992978,572.775,1,1,2547.733,2547.415,1411.04,588.9604,2000,4,53.69954,212.2639,791.1231,442.9135,500,0,324.9685,0.1624843,0.1259371,0.3172331,0,250,0.3172331,1136.376,523.149,24.84005,0,0,49.62607,615.0208,274.3203,340.7005,875.2603,0,1722.576,0,0,1.24345e-13,4.263256e-14
naive,2026-01-11 15:15:00,637,15.25,37.43454,3646.567,48.15748,0.02142094,583.4555,1,1,2552.597,2552.28,1071.949,531.7621,1603.711,4,0,0,803.7115,800,0,270.6625,257.2517,0.1286259,0.2046279,0.3172331,0,250,0.3172331,1480.33,530.8705,44.76802,0,0,52.58499,617.733,358.2426,259.4904,902.7303,0,1755.097,0,0,-6.483702e-14,4.263256e-14
naive,2026-01-11 15:30:00,638,15.5,37.47487,3656.741,51.90561,2.10671,577.1429,1,1,2559.718,2559.401,1099.108,543.7351,1642.843,4,0,36.43976,806.4036,800,0,228.8449,200,0.1,0.1619876,0.3172331,0,250,0.3172331,1460.293,532.3885,44.7256,0,0,44.75436,620.1222,353.7733,266.3489,908.3506,0,1766.385,0,0,-1.545986e-14,4.263256e-14
naive,2026-01-11 15:45:00,639,15.75,37.48888,3615.645,70.40049,1.738263,559.9267,1,1,2530.951,2530.634,1413.672,586.3284,2000,4,70.43257,204.3957,806.6088,418.563,500,0,324.9685,0.1624843,0.1259371,0.3172331,0,250,0.3172331,1116.963,532.4336,23.39289,0,0,27.4931,613.382,270.6985,342.6835,863.6899,0,1701.063,0,0,1.24345e-13,4.263256e-14
naive,2026-01-11 16:00:00,640,16,37.52841,3617.494,85.56112,0,556.3517,1,1,2532.246,2531.929,1081.298,535.8832,1617.181,4,0,0,817.1808,800,0,278.6878,255.2454,0.1276227,0.2046279,0.3172331,0,250,0.3172331,1450.631,539.1537,44.6693,11.58767,0,17.19802,614.3432,351.9347,262.4084,891.9903,0,1753.716,0,-2.273737e-13,4.884981e-14,4.263256e-14
naive,2026-01-11 16:15:00,641,16.25,37.70313,3602.861,87.83318,0,540.9443,1,1,2522.002,2521.685,1108.043,547.6741,1655.718,4,0,66.02942,789.6881,800,0,220.8209,200,0.1,0.1607243,0.3172331,0,250,0.3172331,1413.642,519.9109,44.48554,5.228374,0,21.03345,614.7243,344.5674,270.1568,897.3683,0,1753.709,0,-1.136868e-13,-2.414735e-15,4.263256e-14
naive,2026-01-11 16:30:00,642,16.5,37.61052,3585.954,103.4348,2.810111,517.8098,1,1,2510.168,2509.85,1415.285,584.7151,2000,4,96.6374,201.9383,772.1461,429.2782,500,0,324.9685,0.1624843,0.1259371,0.3172331,0,250,0.3172331,1094.566,508.9337,23.9231,6.797421,0,8.8761,610.3243,266.1336,344.1907,853.0069,0,1690.826,0,0,1.24345e-13,4.263256e-14
naive,2026-01-11 16:45:00,643,16.75,37.64826,3619.098,128.1498,5.893589,496.4745,1,1,2533.369,2533.051,1025.9,511.4612,1537.361,4,0,0,737.3612,800,0,315.284,246.0964,0.1230482,0.2046279,0.3172331,0,250,0.3172331,1507.151,485.7838,44.54324,13.94661,0,10.6907,616.5877,366.8203,249.7674,880.8835,0,1735.714,0,-2.273737e-13,-7.993606e-15,4.263256e-14
naive,2026-01-11 17:00:00,644,17,37.50605,3598.792,141.316,5.423735,484.7499,1,1,2519.155,2518.837,1116.183,551.2624,1667.445,4,0,155.0409,712.4045,800,0,184.2305,200,0.1,0.1549633,0.3172331,0,250,0.3172331,1402.654,470.1525,44.69281,0.6364751,0,14.59735,610.8027,340.0923,270.7104,894.894,0,1740.607,0,2.273737e-13,-2.470246e-15,4.263256e-14
naive,2026-01-11 17:15:00,645,17.25,37.51836,3587.168,167.1845,0.4960981,461.6728,1,1,2511.017,2510.7,1419.633,580.3669,2000,4,163.9242,199.7479,683.5432,452.7847,500,0,324.9685,0.1624843,0.1259371,0.3172331,0,250,0.3172331,1091.067,451.0381,25.28794,3.2603,0,10.63467,609.0296,264.6307,344.399,847.577,0,1672.329,0,0,1.24345e-13,4.263256e-14
naive,2026-01-11 17:30:00,646,17.5,37.55666,3558.881,192.422,0.4619476,443.4255,1,1,2491.217,2490.899,957.6047,481.3533,1438.958,3,0,0,638.958,800,0,399.7837,224.9714,0.1124857,0.2046279,0.3172331,0,250,0.3172331,1533.295,421.4227,44.63958,0,0,22.00282,604.8452,372.2703,232.5749,858.9657,0,1667.712,0,1.136868e-13,-7.993606e-15,4.263256e-14
naive,2026-01-11 17:45:00,647,17.75,37.3953,3534.625,234.9462,0,412.3757,1,1,2474.237,2473.92,1170.478,558.9811,1729.459,4,136.326,195.2827,597.8503,800,0,99.74406,200,0.1,0.1416612,0.3172331,0,250,0.3172331,1303.442,395.082,44.80929,0,0,17.29371,598.145,315.1062,283.0388,878.268,0,1706.125,0,-2.273737e-13,6.605827e-15,4.263256e-14
naive,2026-01-11 18:00:00,648,18,37.30505,3521.316,265.6303,0,413.0482,1,1,2464.921,2464.604,1417.268,582.7324,2000,4,269.8392,9.085488,551.9483,669.127,500,0,324.9685,0.1624843,0.1259371,0.3172331,0,250,0.3172331,1047.336,365.1467,37.55827,0,0,47.90145,594.4663,252.5866,341.8796,846.8714,0,1651.49,0,0,1.24345e-13,4.263256e-14
naive,2026-01-11 18:15:00,649,18.25,37.28684,3510.675,294.3205,0,401.8344,1,1,2457.472,2457.155,883.4592,448.6664,1332.126,3,0,0,532.1256,800,0,311.9117,246.9394,0.1234697,0.2046279,0.3172331,0,250,0.3172331,1573.696,352.1103,44.92336,0,0,49.72405,592.3836,379.3458,213.0379,839.9983,0,1629.458,0,-1.136868e-13,-7.993606e-15,4.263256e-14
naive,2026-01-11 18:30:00,650,18.5,37.33812,3491.566,340.5726,0,363.2071,1,0,2444.097,2443.779,972.469,471.4076,1443.877,3,138.692,4.443704,500.7409,800,0,187.6022,200,0.1,0.1554941,0.3172331,0,250,0.3172331,1471.31,331.1375,44.86943,14.27842,0,32.06965,589.9614,355.1481,234.8133,834.2968,0,1642.746,0,0,9.325873e-15,4.263256e-14
naive,2026-01-11 18:45:00,651,18.75,37.39457,3505.98,350.4096,0,333.8152,0,0,2454.186,2453.869,1424.637,575.3633,2000,4,356.1999,3.293353,476.0337,664.4731,500,0,324.9685,0.1624843,0.1259371,0.3172331,0,250,0.3172331,1029.232,314.5837,37.21885,0,0,19.23151,593.2862,248.8113,344.4749,0,828.8237,4516.659,0,-1.136868e-13,1.24345e-13,4.263256e-14
naive,2026-01-11 19:00:00,652,19,37.2942,3480.676,368.6942,0,296.2737,0,0,2436.473,2436.156,832.0047,425.9827,1257.987,3,0,0,457.9874,800,0,384.3414,228.832,0.114416,0.2046279,0.3172331,0,250,0.3172331,1604.151,303.0257,44.91562,0,0,0,587.4363,386.7626,200.6737,0,812.7453,4419.569,0,5.684342e-14,-7.993606e-15,4.263256e-14
naive,2026-01-11 19:15:00,653,19.25,37.0623,3461.303,382.7311,5.992222,280.4183,0,0,2422.912,2422.595,1017.862,474.8373,1492.699,3,278.0823,4.02158,410.5953,800,0,115.1839,200,0.1,0.1440922,0.3172331,0,250,0.3172331,1404.733,272.4307,45.15952,0,1.970642,7.987613,580.5959,336.6123,243.9835,0,813.3637,4426.095,0,1.136868e-13,2.275957e-15,4.263256e-14
naive,2026-01-11 19:30:00,654,19.5,36.73527,3489.855,391.506,9.420706,252.9498,0,0,2442.898,2442.581,1425.341,574.6594,2000,4,392.2161,0.9668638,398.1462,708.6708,500,0,324.9685,0.1624843,0.1259371,0.3172331,0,250,0.3172331,1017.241,265.2123,40.30872,0,8.453843,0,580.3822,241.6754,338.7069,0,816.3348,4459.077,0,2.273737e-13,1.24345e-13,4.263256e-14
naive,2026-01-11 19:45:00,655,19.75,36.70969,3471.049,392.9125,2.227117,224.7158,0,0,2429.734,2429.417,763.7496,395.8925,1159.642,3,0,0,359.6421,800,0,397.7358,225.4834,0.1127417,0.2046279,0.3172331,0,250,0.3172331,1665.667,239.6376,45.53038,0,0.9753732,0,576.869,395.4638,181.4052,0,791.3563,4302.92,0,-5.684342e-14,4.884981e-14,4.263256e-14
naive,2026-01-11 20:00:00,656,20,36.74833,3469.254,367.8594,10.72923,225.6372,0,0,2428.478,2428.161,951.2298,445.3356,1396.565,3,279.1497,1.364053,316.0516,800,0,101.7917,200,0.1,0.1419836,0.3172331,0,250,0.3172331,1476.931,210.4946,45.48973,0,9.365173,15.14263,577.1532,351.0081,226.1451,0,799.9425,4364.663,0,5.684342e-14,6.578071e-15,4.263256e-14
naive,2026-01-11 20:15:00,657,20.25,36.63636,3461.614,346.6875,10.17582,200.6536,0,0,2423.13,2422.813,1370.663,560.8527,1931.516,4,362.4579,1.011508,268.0467,800,500,0,324.9685,0.1624843,0.1259371,0.3172331,0,250,0.3172331,1052.149,178.7628,45.6075,0,9.164311,21.89079,574.2013,249.3244,324.8769,0,815.3646,4449.005,0,0,1.24345e-13,4.263256e-14
naive,2026-01-11 20:30:00,658,20.5,36.66696,3425.171,326.8134,4.568861,186.6972,0,0,2397.62,2397.303,688.445,362.6945,1051.139,3,0,0,251.1395,800,0,339.1959,240.1184,0.1200592,0.2046279,0.3172331,0,250,0.3172331,1708.858,167.4257,45.57532,0,4.543736,19.27152,568.6099,405.2658,163.3441,0,772.5307,4205.484,0,-1.136868e-13,-7.993606e-15,4.263256e-14
naive,2026-01-11 20:45:00,659,20.75,36.41917,3437.78,290.9191,2.298231,164.7157,0,0,2406.446,2406.129,793.3611,391.4844,1184.845,3,146.7925,1.97473,236.0783,800,0,160.3223,200,0.1,0.151199,0.3172331,0,250,0.3172331,1612.768,157.8529,45.83593,0,0.323501,6.862775,567.0377,380.021,187.0167,0,773.1225,4201.166,0,-1.136868e-13,9.325873e-15,4.263256e-14
naive,2026-01-11 21:00:00,660,21,36.16896,3418.927,254.1457,0,142.8292,0,0,2393.249,2392.932,1261.869,523.2983,1785.167,4,274.9689,1.815589,208.3824,800,500,0,324.9685,0.1624843,0.1259371,0.3172331,0,250,0.3172331,1131.063,139.7513,46.09909,0,0,3.077867,560.2942,264.7983,295.496,0,788.8171,4286.633,0,0,1.24345e-13,4.263256e-14
naive,2026-01-11 21:15:00,661,21.25,36.16477,3399.405,237.0203,0,133.6712,0,0,2379.583,2379.266,636.0909,339.6142,975.7051,2,0,0,175.7051,800,0,237.4336,265.559,0.1327795,0.2046279,0.3172331,0,250,0.3172331,1743.175,117.8422,46.1035,0.3283227,0,15.82892,557.0348,408.0585,148.9763,0,751.3781,4081.28,0,5.684342e-14,-9.325873e-14,4.263256e-14
naive,2026-01-11 21:30:00,662,21.5,35.81169,3380.66,196.2907,1.707302,102.8858,0,0,2366.462,2366.145,629.4899,336.7042,966.1941,2,0,0,166.1941,800,0,210.9894,212.7698,0.1063849,0.1672186,0.3172331,0,250,0.3172331,1736.655,111.9328,46.47485,0,0.9876532,0,548.972,402.8693,146.1027,0,739.5735,4017.074,0,5.684342e-14,-4.751755e-14,4.263256e-14
naive,2026-01-11 21:45:00,663,21.75,35.6624,3371.776,176.0323,0.9368227,97.95757,0,0,2360.243,2359.926,712.9521,358.633,1071.585,3,124.9624,2.425621,144.1971,800,0,50.94531,200,0.1,0.133978,0.3172331,0,250,0.3172331,1646.974,97.2899,46.63186,0.1245801,0,0.667665,545.4515,380.6152,164.8363,0,739.4025,4014.468,0,0,-3.302913e-15,4.263256e-14
naive,2026-01-11 22:00:00,664,22,35.4758,3374.755,146.0798,0,104.0031,0,0,2362.329,2362.011,1117.301,474.3538,1591.654,4,150.6561,2.312305,138.686,800,500,0,324.9685,0.1624843,0.1259371,0.3172331,0,250,0.3172331,1244.711,93.77861,46.82811,0,0,10.22449,543.3561,286.2943,257.0618,0,762.9997,4143.817,0,-5.684342e-14,1.24345e-13,4.263256e-14
naive,2026-01-11 22:15:00,665,22.25,35.25153,3299.48,122.3032,0,103.7683,0,0,2309.636,2309.319,602.1306,324.6429,926.7735,2,0,0,126.7735,800,0,128.9615,292.677,0.1463385,0.2046279,0.3172331,0,250,0.3172331,1707.188,85.95091,47.06399,0,0,17.81735,528.2389,390.4525,137.7864,0,719.1704,3902.49,0,5.684342e-14,-3.641532e-14,4.263256e-14
naive,2026-01-11 22:30:00,666,22.5,35.22729,3328.356,97.54008,0.9393284,101.2841,0,0,2329.849,2329.532,605.0024,325.9089,930.9113,2,0,0,130.9113,800,0,110.1466,265.0943,0.1325471,0.1842944,0.3172331,0,250,0.3172331,1724.529,88.78166,47.08948,0,0,12.50241,532.5371,394.1783,138.3588,0,722.9449,3923.221,0,0,3.658185e-14,4.263256e-14
naive,2026-01-11 22:45:00,667,22.75,34.85471,3262.144,87.55191,8.119849,86.88088,0,0,2283.501,2283.184,606.7711,326.6887,933.4598,2,0,0,133.4598,800,0,88.39625,242.9535,0.1214767,0.166926,0.3172331,0,250,0.3172331,1676.412,90.90779,47.48134,0.06458882,7.210914,0,517.0992,379.6239,137.4753,0,706.3126,3843.853,0,0,5.551115e-16,4.263256e-14
naive,2026-01-11 23:00:00,668,23,34.53933,3229.232,73.78766,5.226118,85.2288,0,0,2260.462,2260.145,591.9821,320.1689,912.151,2,0,0,112.151,800,0,73.26504,224.599,0.1122995,0.1529842,0.3172331,0,250,0.3172331,1668.163,76.67598,47.81304,0.9863392,4.762395,8.552828,507.8922,374.8113,133.0808,0,696.9019,3789.088,0,0,2.470246e-14,4.263256e-14
naive,2026-01-11 23:15:00,669,23.25,34.00572,3250.313,62.6965,5.924026,87.89849,0,0,2275.219,2274.902,599.7223,323.5812,923.3035,2,0,0,123.3035,800,0,66.20159,208.0132,0.1040066,0.1414267,0.3172331,0,250,0.3172331,1675.18,84.82713,48.37426,0,5.069638,3.071353,504.5536,371.4886,133.065,0,695.7509,3780.954,0,0,-1.107447e-14,4.263256e-14
naive,2026-01-11 23:30:00,670,23.5,33.61103,3245.498,64.93324,4.09516,77.79239,0,1,2271.849,2271.531,613.0197,325.8644,938.8841,2,30.08546,1.185821,107.6128,800,0,31.92193,200,0.1,0.1309829,0.3172331,0,250,0.3172331,1658.512,74.37248,48.78938,2.92586,2.909339,3.419911,499.0018,364.285,134.7168,0,690.9005,3755.131,0,0,-1.69309e-15,4.263256e-14
naive,2026-01-11 23:45:00,671,23.75,33.28812,3263.335,55.25577,3.404795,69.37972,1,1,2284.334,2284.017,1013.597,439.8607,1453.458,3,56.29781,0.4450422,96.71467,800,500,0,324.9685,0.1624843,0.1259371,0.3172331,0,250,0.3172331,1270.42,67.09049,49.129,0,2.959753,2.289234,497.8599,276.8821,220.9778,717.2418,0,1384.319,0,1.136868e-13,1.24345e-13,4.263256e-14
naive,2026-01-12 00:00:00,672,0,32.98359,3228.452,57.69964,0.6640228,46.50639,1,1,2259.916,2259.599,580.4869,315.1013,895.5882,2,0,0,95.58823,800,0,57.69333,310.494,0.155247,0.2046279,0.3172331,0,250,0.3172331,1679.112,66.54195,49.44928,1.452188,0,0,488.9683,363.3022,125.6661,678.4035,0,1303.682,0,0,7.727152e-14,4.263256e-14
naive,2026-01-12 00:15:00,673,0.25,32.70606,3232.115,62.61164,0,74.18432,1,1,2262.48,2262.163,576.1265,313.179,889.3055,2,0,0,89.30552,800,0,48.27091,298.3774,0.1491887,0.1955135,0.3172331,0,250,0.3172331,1686.037,62.36665,49.74118,16.87557,0,11.81767,486.3109,362.4067,123.9042,678.1258,0,1329.403,0,0,-2.556289e-14,4.263256e-14
naive,2026-01-12 00:30:00,674,0.5,32.49772,3248.467,61.51802,0,55.00783,1,1,2273.927,2273.61,578.697,314.3122,893.0092,2,0,0,93.00924,800,0,44.22758,287.2736,0.1436368,0.1878839,0.3172331,0,250,0.3172331,1694.913,65.10816,49.9603,18.02723,0,0,486.3754,362.5287,123.8467,676.8409,0,1328.573,0,0,6.306067e-14,4.263256e-14
naive,2026-01-12 00:45:00,675,0.75,32.16691,3224.732,67.37887,0,67.2676,1,1,2257.312,2256.995,578.4841,314.2184,892.7025,2,0,0,92.7025,800,0,52.94619,273.9918,0.1369959,0.1808919,0.3172331,0,250,0.3172331,1678.511,65.13877,50.30822,16.26802,0,2.12883,479.0927,356.2477,122.845,670.9179,0,1313.301,0,0,1.07192e-13,4.263256e-14
naive,2026-01-12 01:00:00,676,1,31.67148,3208.202,79.67626,0,54.05337,1,1,2245.742,2245.425,576.9502,313.5421,890.4923,2,0,0,90.49229,800,0,46.14436,262.4126,0.1312063,0.1725286,0.3172331,0,250,0.3172331,1668.474,63.9444,50.82929,35.11899,0,0,471.1869,350.0684,121.1185,663.6106,0,1330.618,0,5.684342e-14,-1.073863e-13,4.263256e-14
naive,2026-01-12 01:15:00,677,1.25,31.46476,3217.285,67.99989,3.629804,37.75579,1,1,2252.099,2251.782,569.4973,310.2565,879.7538,2,0,0,79.75382,800,0,39.71406,252.4427,0.1262214,0.1652373,0.3172331,0,250,0.3172331,1682.285,56.48819,51.04671,29.24215,2.673484,0,470.2772,351.2901,118.9871,661.5466,0,1320.72,0,0,1.307288e-14,4.263256e-14
naive,2026-01-12 01:30:00,678,1.5,31.30025,3233.629,52.8274,7.922892,28.14475,1,1,2263.54,2263.223,555.4042,304.0436,859.4479,2,0,0,59.44786,800,0,45.19295,241.1048,0.1205524,0.1589595,0.3172331,0,250,0.3172331,1707.819,42.18408,51.21973,9.324559,6.232783,0,470.8869,355.2795,115.6074,659.3232,0,1287.861,0,5.684342e-14,4.232725e-14,4.263256e-14
naive,2026-01-12 01:45:00,679,1.75,30.93664,3169.021,59.79079,3.527799,34.52832,1,1,2218.315,2217.998,557.325,304.8904,862.2154,2,0,0,62.2154,800,0,50.03579,228.5579,0.1142789,0.1518201,0.3172331,0,250,0.3172331,1660.673,44.3289,51.60215,11.60409,1.67871,0,457.6705,342.6209,115.0497,647.5112,0,1259.883,0,-5.684342e-14,-2.520206e-14,4.263256e-14
naive,2026-01-12 02:00:00,680,2,30.63356,3172.633,45.93306,2.136338,34.42276,1,1,2220.843,2220.526,541.2523,297.8047,839.0571,2,0,0,39.05707,800,0,49.19647,216.2228,0.1081114,0.1439195,0.3172331,0,250,0.3172331,1679.273,27.92313,51.92092,0,0,6.499626,455.062,344.0916,110.9704,643.2282,0,1228.045,0,-5.684342e-14,-5.900835e-14,4.263256e-14
naive,2026-01-12 02:15:00,681,2.25,30.67503,3195.129,62.28037,0,22.67517,1,1,2236.59,2236.273,535.7722,295.3889,831.1611,2,0,0,31.16111,800,0,48.38762,204.0918,0.1020459,0.1361523,0.3172331,0,250,0.3172331,1700.501,22.26772,51.8773,16.50818,0,0.4074444,458.7176,348.7673,109.9502,644.2397,0,1258.594,0,-5.684342e-14,4.490852e-14,4.263256e-14
naive,2026-01-12 02:30:00,682,2.5,30.6283,3243.871,62.00524,0,31.76132,1,1,2270.71,2270.393,569.8662,307.684,877.5503,2,22.99211,5.426255,49.13193,800,0,16.23875,200,0.1,0.1285136,0.3172331,0,250,0.3172331,1700.527,35.12803,51.92644,22.77439,0,0,465.2249,348.4053,116.8197,656.0893,0,1293.047,0,0,5.273559e-16,4.263256e-14
naive,2026-01-12 02:45:00,683,2.75,30.59955,3216.363,43.66068,0,37.52054,1,1,2251.454,2251.137,982.7137,427.8493,1410.563,3,42.81995,1.87869,65.86432,800,500,0,324.9685,0.1624843,0.1259371,0.3172331,0,250,0.3172331,1268.423,47.1064,51.95668,0.8407257,0,0,460.9811,259.7074,201.2738,687.5566,0,1318.112,0,-2.273737e-13,1.24345e-13,4.263256e-14
naive,2026-01-12 03:00:00,684,3,30.52674,3227.399,49.88241,0,39.68527,1,1,2259.179,2258.862,561.5718,306.7626,868.3344,2,0,0,68.33437,800,0,48.48872,312.7952,0.1563976,0.2046279,0.3172331,0,250,0.3172331,1697.29,48.91279,52.03326,6.065811,0,0,461.8054,346.948,114.8574,653.7106,0,1259.347,0,-1.136868e-13,6.306067e-14,4.263256e-14
naive,2026-01-12 03:15:00,685,3.25,30.39777,3205.852,54.35352,0,50.26701,1,1,2244.096,2243.779,558.3843,305.3574,863.7416,2,0,0,63.74162,800,0,50.62765,300.089,0.1500445,0.1969625,0.3172331,0,250,0.3172331,1685.395,45.69113,52.1689,7.026982,0,4.57588,457.3959,343.5203,113.8756,649.8103,0,1253.052,0,-1.136868e-13,1.052769e-13,4.263256e-14
naive,2026-01-12 03:30:00,686,3.5,30.19688,3193.044,55.9732,4.581126,45.27838,1,1,2235.13,2234.813,560.4503,306.2681,866.7184,2,0,0,66.7184,800,0,63.14502,284.2555,0.1421278,0.1889617,0.3172331,0,250,0.3172331,1674.363,47.93217,52.3802,0,2.017874,0,453.5257,339.7415,113.7842,646.0097,0,1236.572,0,-5.684342e-14,1.326717e-14,4.263256e-14
naive,2026-01-12 03:45:00,687,3.75,30.15318,3192.32,60.14258,2.777798,25.17289,1,1,2234.624,2234.307,561.2923,306.6393,867.9316,2,0,0,67.93162,800,0,68.08085,267.1906,0.1335953,0.1789915,0.3172331,0,250,0.3172331,1673.014,48.82751,52.42615,0,0.1642755,0,452.9812,339.1372,113.844,645.7765,0,1232.857,0,-5.684342e-14,4.449219e-14,4.263256e-14
naive,2026-01-12 04:00:00,688,4,30.02295,3252.263,65.44438,1.447313,25.04368,1,1,2276.584,2276.267,562.408,307.1312,869.5392,2,0,0,69.53923,800,0,75.01547,248.3946,0.1241973,0.168246,0.3172331,0,250,0.3172331,1713.859,50.05548,52.56312,0,0,0,460.1507,346.4108,113.7399,653.542,0,1247.951,0,0,-2.614575e-14,4.263256e-14
naive,2026-01-12 04:15:00,689,4.25,29.87727,3273.015,74.95812,1.761883,28.65027,1,1,2291.11,2290.793,557.3268,304.8912,862.2179,2,0,0,62.21794,800,0,81.35638,228.0164,0.1140082,0.1564105,0.3172331,0,250,0.3172331,1733.466,44.858,52.71635,0,0.04147243,0,461.5916,349.2427,112.3489,654.1339,0,1249.033,0,5.684342e-14,2.048361e-14,4.263256e-14
naive,2026-01-12 04:30:00,690,4.5,29.80468,3302.07,104.5216,1.195302,47.30732,1,1,2311.449,2311.132,554.3888,303.596,857.9847,2,0,0,57.98474,800,0,109.3688,200.6384,0.1003192,0.1435786,0.3172331,0,250,0.3172331,1756.743,41.83962,52.79269,0,0,5.467701,464.9414,353.3639,111.5775,658.0596,0,1256.728,0,0,3.796963e-14,4.263256e-14
naive,2026-01-12 04:45:00,691,4.75,29.73953,3298.995,140.6411,2.957169,23.17227,1,1,2309.296,2308.979,653.1325,331.9096,985.042,2,127.9219,4.652149,52.46799,800,0,2.427089,200,0.1,0.126339,0.3172331,0,250,0.3172331,1655.847,37.88629,52.86121,10.29209,0,0,463.8397,332.5893,131.2503,664.4989,0,1287.283,0,-5.684342e-14,1.665335e-16,4.263256e-14
naive,2026-01-12 05:00:00,692,5,29.818,3329.825,163.017,0,51.97084,1,1,2330.877,2330.56,1076.541,455.2934,1531.834,4,159.8301,4.522712,67.48124,800,500,0,324.9685,0.1624843,0.1259371,0.3172331,0,250,0.3172331,1254.019,48.68474,52.77867,3.186883,0,3.286093,468.9876,252.3168,216.6708,708.2714,0,1362.664,0,5.684342e-14,1.24345e-13,4.263256e-14
naive,2026-01-12 05:15:00,693,5.25,29.67002,3329.136,201.0373,0,54.6038,1,1,2330.395,2330.078,557.3555,304.9038,862.2593,2,0,0,62.25935,800,0,190.0669,277.4006,0.1387003,0.2046279,0.3172331,0,250,0.3172331,1772.723,44.99109,52.93432,13.20831,0,9.612717,467.3598,355.5188,111.841,662.3504,0,1287.934,0,0,2.04281e-14,4.263256e-14
naive,2026-01-12 05:30:00,694,5.5,29.99215,3349.084,243.4747,0,68.74094,1,1,2344.359,2344.041,544.2575,299.1296,843.3871,2,0,0,43.38706,800,0,230.0425,219.8463,0.1099232,0.1746751,0.3172331,0,250,0.3172331,1799.784,31.2414,52.59551,13.83197,0,37.49954,473.5253,363.5293,109.9959,670.2333,0,1305.157,0,1.136868e-13,3.991252e-14,4.263256e-14
naive,2026-01-12 05:45:00,695,5.75,29.86895,3310.108,289.3859,2.663216,75.11857,1,1,2317.076,2316.758,694.1873,342.5382,1036.726,3,190.7195,1.251052,44.75495,800,0,79.2469,200,0.1,0.138434,0.3172331,0,250,0.3172331,1622.571,32.27048,52.7251,19.41948,1.412165,42.84808,466.7368,326.8403,139.8965,678.0095,0,1332.638,0,1.705303e-13,-9.436896e-16,4.263256e-14
naive,2026-01-12 06:00:00,696,6,29.84068,3296.956,319.6811,1.002036,62.07788,1,1,2307.869,2307.552,1180.44,482.5915,1663.031,4,315.3948,1.540717,46.09593,800,500,0,324.9685,0.1624843,0.1259371,0.3172331,0,250,0.3172331,1127.112,33.24782,52.75482,4.28629,0,28.83006,464.5914,226.8961,237.6953,715.2913,0,1378.627,0,-5.684342e-14,1.24345e-13,4.263256e-14
naive,2026-01-12 06:15:00,697,6.25,30.00941,3329.754,356.9231,0,58.3598,1,1,2330.828,2330.511,551.8253,302.4658,854.2911,2,0,0,54.2911,800,0,364.7838,233.7214,0.1168607,0.2046279,0.3172331,0,250,0.3172331,1778.686,39.0855,52.57736,0,0,19.2743,470.9729,359.4056,111.5673,665.766,0,1272.383,0,5.684342e-14,-7.993606e-15,4.263256e-14
naive,2026-01-12 06:30:00,698,6.5,29.96028,3397.642,397.009,0,71.28928,1,1,2378.35,2378.032,767.6869,366.2895,1133.976,3,263.4413,1.616978,68.91818,800,0,134.7385,200,0.1,0.1471709,0.3172331,0,250,0.3172331,1610.345,49.64299,52.62904,0,0,21.64629,480.0509,325.0354,155.0155,695.694,0,1332.18,0,-1.136868e-13,-1.998401e-15,4.263256e-14
naive,2026-01-12 06:45:00,699,6.75,29.97574,3448.411,432.1112,0,57.61159,1,1,2413.888,2413.57,1280.085,514.155,1794.24,4,419.336,0.1255501,74.77792,800,500,0,324.9685,0.1624843,0.1259371,0.3172331,0,250,0.3172331,1133.486,53.85461,52.61277,12.7752,0,3.756981,487.3913,228.8637,258.5277,743.7772,0,1450.402,0,-2.273737e-13,1.24345e-13,4.263256e-14
naive,2026-01-12 07:00:00,700,7,30.07501,3415.898,433.7843,2.295681,74.26098,1,1,2391.129,2390.812,569.6053,310.3041,879.9094,2,0,0,79.90939,800,0,433.9859,216.4209,0.1082104,0.2046279,0.3172331,0,250,0.3172331,1821.206,57.48681,52.50837,0,2.175244,16.77417,483.8629,368.5348,115.3281,682.2333,0,1309.147,0,-5.684342e-14,4.884981e-14,4.263256e-14
naive,2026-01-12 07:15:00,701,7.25,29.79838,3414.717,414.7505,0,90.6399,1,1,2390.302,2389.985,840.093,387.054,1227.147,3,357.2189,0.7196171,69.20852,800,0,65.54724,200,0.1,0.1362771,0.3172331,0,250,0.3172331,1549.892,49.94176,52.79931,0,0,40.69814,480.7354,311.7128,169.0226,706.952,0,1354.505,0,0,1.94289e-15,4.263256e-14
naive,2026-01-12 07:30:00,702,7.5,29.86451,3415.439,388.3521,2.647936,77.1715,1,1,2390.807,2390.49,1295.886,522.0375,1817.923,4,411.632,3.827951,102.4634,800,500,0,324.9685,0.1624843,0.1259371,0.3172331,0,250,0.3172331,1094.604,73.88474,52.72977,0,0,3.286752,481.5415,220.4684,261.0731,743.1678,0,1427.015,0,0,1.24345e-13,4.263256e-14
naive,2026-01-12 07:45:00,703,7.75,29.88649,3493.424,362.8219,0,72.42321,1,1,2445.397,2445.08,561.6308,306.7886,868.4193,2,0,0,68.41932,800,0,375.2248,231.1112,0.1155556,0.2046279,0.3172331,0,250,0.3172331,1883.449,49.32404,52.70665,0,0,23.09916,492.7765,379.5373,113.2392,690.9807,0,1322.666,0,5.684342e-14,-6.483702e-14,4.263256e-14
naive,2026-01-12 08:00:00,704,8,30.01835,3473.298,319.1241,261.2959,56.87752,1,1,2431.309,2430.992,790.1129,382.0443,1172.157,3,214.1108,85.78749,72.25893,800,0,124.2991,200,0.1,0.1455273,0.3172331,0,250,0.3172331,1640.879,52.01582,52.56796,0,175.5084,4.861696,491.3739,331.6259,159.748,714.6527,0,1672.918,0,1.136868e-13,6.633583e-15,4.263256e-14
naive,2026-01-12 08:15:00,705,8.25,30.26171,3486.01,289.0694,261.2531,75.06618,1,1,2440.207,2439.89,1255.963,518.5811,1774.544,4,292.7356,85.65078,96.15722,800,500,0,324.9685,0.1624843,0.1259371,0.3172331,0,250,0.3172331,1183.927,69.03188,52.31201,0,175.6023,6.034304,495.8549,240.5763,255.2785,760.3836,0,1764.83,0,-2.273737e-13,1.24345e-13,4.263256e-14
naive,2026-01-12 08:30:00,706,8.5,30.53521,3525.701,235.4701,262.8604,92.23005,1,1,2467.991,2467.674,583.5327,316.444,899.9767,2,0,0,99.97672,800,0,326.4096,243.315,0.1216575,0.2046279,0.3172331,0,250,0.3172331,1884.141,71.55517,52.02436,0,175.8149,20.67487,504.5853,385.2161,119.3692,705.8871,0,1656.528,0,0,-6.483702e-14,4.263256e-14
naive,2026-01-12 08:45:00,707,8.75,30.93229,3548.122,187.6628,264.6875,100.2562,1,1,2483.685,2483.368,667.3597,350.1462,1017.506,3,27.34413,86.72002,103.4418,800,0,173.1066,200,0.1,0.1532119,0.3172331,0,250,0.3172331,1816.009,73.70657,51.60673,0,177.9674,26.54965,512.3697,374.6319,137.7378,730.2551,0,1709.447,0,-5.684342e-14,-7.632783e-15,4.263256e-14
naive,2026-01-12 09:00:00,708,9,31.32986,3518.887,136.8895,268.6517,105.7556,1,1,2463.221,2462.903,1177.632,498.8595,1676.492,4,168.2375,91.43871,116.8157,800,500,0,324.9685,0.1624843,0.1259371,0.3172331,0,250,0.3172331,1285.271,82.86454,51.18859,0,177.213,22.89103,512.774,267.5577,245.2164,771.1824,0,1790.47,0,-5.684342e-14,1.24345e-13,4.263256e-14
naive,2026-01-12 09:15:00,709,9.25,31.68144,3584.99,118.7159,272.7307,115.6151,1,1,2509.493,2509.176,612.8714,329.3779,942.2493,2,0,0,142.2493,800,0,229.4371,267.5581,0.133779,0.2046279,0.3172331,0,250,0.3172331,1896.305,100.506,50.81882,0,180.9736,15.10905,526.6466,397.9618,128.6848,730.5106,0,1716.029,0,0,-7.993606e-15,4.263256e-14
naive,2026-01-12 09:30:00,710,9.5,31.90009,3533.974,93.8666,274.9268,133.4941,1,1,2473.782,2473.464,633.3331,338.3985,971.7315,2,0,0,171.7315,800,0,207.3314,215.6831,0.1078416,0.1684774,0.3172331,0,250,0.3172331,1840.131,121.0363,50.58885,0,182.5221,12.45782,521.7859,388.1323,133.6536,729.1584,0,1716.255,0,0,4.60465e-14,4.263256e-14
naive,2026-01-12 09:45:00,711,9.75,32.26909,3558.782,78.76315,267.2836,145.6891,1,1,2491.147,2490.83,743.2327,382.8866,1126.119,3,33.29709,93.69685,199.1254,800,0,62.59671,200,0.1,0.1358125,0.3172331,0,250,0.3172331,1747.597,139.7556,50.20076,0,173.5867,5.93353,529.9862,371.7975,158.1886,755.9465,0,1754.854,0,0,-4.718448e-16,4.263256e-14
naive,2026-01-12 10:00:00,712,10,32.37683,3564.712,74.17228,276.4557,161.8412,1,1,2495.299,2494.981,1178.835,509.7564,1688.591,4,81.09053,90.16973,217.3306,800,500,0,324.9685,0.1624843,0.1259371,0.3172331,0,250,0.3172331,1316.147,152.3456,50.08745,0,186.286,9.495593,532.2113,280.7152,251.4961,792.4968,0,1849.989,0,0,1.24345e-13,4.263256e-14
naive,2026-01-12 10:15:00,713,10.25,32.61074,3546.494,68.15682,285.1325,162.6456,1,1,2482.546,2482.228,670.6136,354.8336,1025.447,3,0,0,225.4472,800,0,145.1412,288.6321,0.144316,0.2046279,0.3172331,0,250,0.3172331,1811.615,157.6133,49.84143,14.57488,193.5733,5.032279,532.4131,388.5235,143.8896,744.4363,0,1791.857,0,-5.684342e-14,-9.325873e-14,4.263256e-14
naive,2026-01-12 10:30:00,714,10.5,33.05143,3562.742,68.2102,286.4277,193.5367,1,1,2493.919,2493.602,694.0193,365.1519,1059.171,3,0,0,259.1713,800,0,143.8888,252.6144,0.1263072,0.1817474,0.3172331,0,250,0.3172331,1799.583,180.2766,49.37793,17.12644,193.6226,13.26011,540.4713,389.9977,150.4736,758.0233,0,1824.039,0,0,3.747003e-14,4.263256e-14
naive,2026-01-12 10:45:00,715,10.75,33.40886,3578.334,58.37292,288.9835,198.3521,1,1,2504.834,2504.517,720.9059,377.0049,1097.911,3,0,0,297.9108,800,0,142.0592,217.0599,0.1085299,0.1590676,0.3172331,0,250,0.3172331,1783.611,206.3715,49.00201,11.79541,193.5019,0,547.5017,389.8581,157.6435,766.863,0,1832.737,0,0,-9.020562e-15,4.263256e-14
naive,2026-01-12 11:00:00,716,11,33.48158,3573.638,55.21673,300.651,246.5258,0,0,2501.547,2501.229,795.5584,409.9153,1205.474,3,0,83.48689,321.9868,800,0,68.10277,200,0.1,0.1366794,0.3172331,0,250,0.3172331,1705.671,222.8623,48.92553,0,205.0621,23.66345,547.7408,373.4752,174.2656,0,788.5719,4635.836,0,0,5.995204e-15,4.263256e-14
naive,2026-01-12 11:15:00,717,11.25,33.6648,3588.926,52.74689,300.5091,249.8448,0,0,2512.248,2511.931,1240.926,540.5677,1781.493,4,52.18502,95.53655,333.7716,800,500,0,324.9685,0.1624843,0.1259371,0.3172331,0,250,0.3172331,1271.006,230.5299,48.73283,0.5618691,204.9726,19.31493,552.5223,279.5341,272.9883,0,824.3497,4833.646,0,0,1.24345e-13,4.263256e-14
naive,2026-01-12 11:30:00,718,11.5,34.04647,3612.07,44.03256,298.6642,260.599,0,0,2528.449,2528.132,772.1122,399.5791,1171.691,3,0,0,371.6913,800,0,145.0484,288.6553,0.1443276,0.2046279,0.3172331,0,250,0.3172331,1756.02,255.5854,48.3314,0,201.902,5.013571,561.2679,389.8032,171.4647,0,790.4952,4641.632,0,-5.684342e-14,7.727152e-14,4.263256e-14
naive,2026-01-12 11:45:00,719,11.75,34.38866,3642.816,50.22335,301.0573,272.2439,0,0,2549.971,2549.654,786.7058,406.0127,1192.718,3,0,0,392.7185,800,0,145.0434,252.349,0.1261745,0.181762,0.3172331,0,250,0.3172331,1762.948,268.9692,47.97151,1.677736,204.5596,3.274658,570.8148,394.6385,176.1763,0,801.3843,4709.405,0,-1.136868e-13,1.063039e-14,4.263256e-14
naive,2026-01-12 12:00:00,720,12,34.78905,3607.387,42.14203,300.9127,320.3952,0,0,2525.171,2524.853,814.0676,418.0751,1232.143,3,0,0,432.1427,800,0,139.8096,217.3569,0.1086784,0.1589005,0.3172331,0,250,0.3172331,1710.786,294.5864,47.5504,0,204.8451,25.80886,570.8916,386.7752,184.1165,0,810.6852,4758.632,0,-1.136868e-13,6.453171e-14,4.263256e-14
naive,2026-01-12 12:15:00,721,12.25,34.81249,3623.472,48.70037,302.6742,348.1772,0,0,2536.43,2536.113,905.2908,458.2908,1363.582,3,0,69.18327,494.3982,800,0,69.29062,200,0.1,0.1368664,0.3172331,0,250,0.3172331,1630.822,336.9324,47.52575,6.175857,206.7248,11.2448,573.7717,368.912,204.8597,0,829.7465,4877.393,0,1.136868e-13,4.662937e-15,4.263256e-14
naive,2026-01-12 12:30:00,722,12.5,34.90181,3653.284,59.39992,301.0126,358.6066,0,0,2557.299,2556.982,1371.925,599.3119,1971.237,4,43.83535,96.51004,530.8914,800,500,0,324.9685,0.1624843,0.1259371,0.3172331,0,250,0.3172331,1185.057,361.4231,47.4318,15.56456,204.5026,0,579.7812,268.6716,311.1095,0,867.9835,5100.164,0,0,1.24345e-13,4.263256e-14
naive,2026-01-12 12:45:00,723,12.75,35.12242,3703.067,48.12294,302.313,388.908,0,0,2592.147,2591.83,910.2984,460.4984,1370.797,3,0,0,570.7968,800,0,142.5268,289.2857,0.1446428,0.2046279,0.3172331,0,250,0.3172331,1681.531,387.5828,47.19978,1.873894,206.0352,1.325196,590.9329,383.3394,207.5935,0,844.1399,4948.313,0,0,-1.216804e-13,4.263256e-14
naive,2026-01-12 13:00:00,724,13,35.24317,3746.171,42.85663,305.6388,420.1684,0,0,2622.32,2622.002,937.5006,472.4905,1409.991,3,0,0,609.9911,800,0,141.036,253.9811,0.1269906,0.1821589,0.3172331,0,250,0.3172331,1684.502,413.6073,47.07278,0,208.5931,6.561165,599.627,385.1829,214.4441,0,859.1737,5032.321,0,-1.136868e-13,2.658984e-14,4.263256e-14
naive,2026-01-12 13:15:00,725,13.25,35.48306,3704.354,35.29959,298.7888,456.7995,0,0,2593.048,2592.731,981.1075,491.7145,1472.822,3,0,0,672.822,800,0,147.4825,217.0705,0.1085353,0.1599282,0.3172331,0,250,0.3172331,1611.623,454.9188,46.82048,0,201.2032,1.8807,596.5331,370.7554,225.7776,0,862.9026,5040.367,0,-1.136868e-13,1.185163e-14,4.263256e-14
naive,2026-01-12 13:30:00,726,13.5,35.72123,3701.03,49.58677,301.3397,463.6113,0,0,2590.721,2590.404,1045.988,520.3169,1566.305,4,0,75.8078,690.4968,800,0,68.14539,200,0.1,0.1366861,0.3172331,0,250,0.3172331,1544.416,465.5537,46.56998,4.46975,202.5035,0,599.6118,357.4488,242.163,0,877.7657,5132.349,0,0,1.665335e-16,4.263256e-14
naive,2026-01-12 13:45:00,727,13.75,35.99467,3719.979,46.25963,297.1821,487.9714,0,0,2603.985,2603.668,1401.246,598.7536,2000,4,45.83155,97.10348,736.0991,620.9659,500,0,324.9685,0.1624843,0.1259371,0.3172331,0,250,0.3172331,1202.421,494.69,35.92473,0.4280879,200.0786,0,606.9066,280.2464,326.6602,0,879,5139.959,0,-1.136868e-13,1.24345e-13,4.263256e-14
naive,2026-01-12 14:00:00,728,14,36.19547,3747.144,59.56617,301.8035,521.1492,1,1,2623.001,2622.684,1040.89,518.0697,1558.96,4,0,0,758.96,800,0,148.5705,287.7747,0.1438874,0.2046279,0.3172331,0,250,0.3172331,1581.793,508.8343,46.07121,7.122262,205.6769,12.31492,614.502,370.5737,243.9283,891.5285,0,2098.305,0,1.136868e-13,4.884981e-14,4.263256e-14
naive,2026-01-12 14:15:00,729,14.25,36.47696,3793.012,45.59288,303.8382,517.4027,1,1,2655.108,2654.791,1060.954,526.9148,1587.869,4,0,0,787.869,800,0,146.5032,251.1036,0.1255518,0.1812075,0.3172331,0,250,0.3172331,1593.837,526.4418,45.77515,0,204.555,0,626.5691,376.1236,250.4455,903.0384,0,2107.437,0,0,2.831069e-14,4.263256e-14
naive,2026-01-12 14:30:00,730,14.5,36.77456,3773.982,49.42017,299.9377,534.8816,1,1,2641.787,2641.47,1060.643,526.7777,1587.421,4,0,0,787.4208,800,0,142.03,215.5566,0.1077783,0.1581163,0.3172331,0,250,0.3172331,1580.827,524.2675,45.46215,4.2974,203.0305,10.61408,628.2792,375.9579,252.3213,905.2598,0,2117.015,0,0,-2.137179e-14,4.263256e-14
naive,2026-01-12 14:45:00,731,14.75,36.97664,3731.61,43.42673,296.3512,536.0197,1,1,2612.127,2611.81,1135.93,559.9678,1695.898,4,0,81.18486,814.713,800,0,62.09067,200,0.1,0.1357328,0.3172331,0,250,0.3172331,1475.88,541.1217,45.24961,0,198.6468,0,624.5268,352.8643,271.6625,912.8322,0,2117.424,0,0,3.330669e-16,4.263256e-14
naive,2026-01-12 15:00:00,732,15,36.9854,3729.407,54.17543,299.2345,525.6002,1,1,2610.585,2610.268,1406.753,593.2465,2000,4,50.33877,97.39035,831.2966,520.9742,500,0,324.9685,0.1624843,0.1259371,0.3172331,0,250,0.3172331,1203.514,552.0781,29.46135,3.836665,201.8441,0,624.302,287.8115,336.4905,881.058,0,2083.771,0,2.273737e-13,1.24345e-13,4.263256e-14
naive,2026-01-12 15:15:00,733,15.25,37.31221,3730.088,58.74092,297.8754,549.7991,1,1,2611.062,2610.745,1101.561,544.8165,1646.378,4,0,0,846.378,800,0,147.742,287.9819,0.1439909,0.2046279,0.3172331,0,250,0.3172331,1509.183,559.881,44.89668,5.820258,203.0541,0,629.8306,364.0395,265.7911,908.8561,0,2127.512,0,0,-6.483702e-14,4.263256e-14
naive,2026-01-12 15:30:00,734,15.5,37.48162,3703.651,66.88081,299.0417,557.2893,1,1,2592.556,2592.239,1098.841,543.6172,1642.458,4,0,0,842.4583,800,0,148.7451,250.7503,0.1253751,0.181338,0.3172331,0,250,0.3172331,1493.398,556.1464,44.71851,12.75497,204.4225,1.142914,628.1904,361.8584,266.3321,905.7525,0,2135.828,0,0,1.151856e-14,4.263256e-14
naive,2026-01-12 15:45:00,735,15.75,37.6628,3671.844,70.62754,294.3704,556.9115,1,1,2570.291,2569.974,1088.897,539.2333,1628.13,4,0,0,828.1302,800,0,163.0825,209.9402,0.1049701,0.1578938,0.3172331,0,250,0.3172331,1481.077,545.4874,44.52795,0.08203513,201.8334,11.42412,625.8177,360.6145,265.2032,902.6294,0,2103.469,0,-1.136868e-13,5.440093e-15,4.263256e-14
naive,2026-01-12 16:00:00,736,16,37.79479,3683.271,81.20617,288.0078,550.1123,1,1,2578.29,2577.973,1185.978,577.1726,1763.15,4,40.84373,91.69457,830.6119,800,0,39.62844,200,0.1,0.1321962,0.3172331,0,250,0.3172331,1391.995,546.245,44.38913,0.7339941,196.3132,3.86725,629.9924,340.1271,289.8653,918.2446,0,2126.458,0,0,2.969847e-15,4.263256e-14
naive,2026-01-12 16:15:00,737,16.25,37.67718,3638.072,89.18701,279.5392,521.6567,1,1,2546.651,2546.333,1409.88,590.1199,2000,4,85.55787,91.5113,806.2194,516.7114,500,0,324.9685,0.1624843,0.1259371,0.3172331,0,250,0.3172331,1136.453,530.962,28.75035,3.629138,188.0279,0,620.3007,276.8117,343.489,866.9316,0,2032.127,0,0,1.24345e-13,4.263256e-14
naive,2026-01-12 16:30:00,738,16.5,37.83325,3617.288,114.287,271.9436,519.4143,1,1,2532.102,2531.784,1054.285,523.9748,1578.26,4,0,0,778.2599,800,0,192.5527,276.7792,0.1383896,0.2046279,0.3172331,0,250,0.3172331,1477.499,511.5767,44.34867,13.77462,179.9033,7.837686,619.3468,361.3933,257.9535,887.2851,0,2058.772,0,0,-6.483702e-14,4.263256e-14
naive,2026-01-12 16:45:00,739,16.75,37.80992,3619.444,129.0149,274.7115,483.5069,1,1,2533.611,2533.293,1030.892,513.6619,1544.554,4,0,0,744.5538,800,0,215.3102,222.9081,0.111454,0.1742838,0.3172331,0,250,0.3172331,1502.402,489.5595,44.37322,7.10912,181.3071,0,619.327,367.2537,252.0733,880.9156,0,2036.929,0,-2.273737e-13,-2.581269e-14,4.263256e-14
naive,2026-01-12 17:00:00,740,17,37.69707,3613.444,146.4034,275.7428,478.2112,1,1,2529.411,2529.094,1118.204,546.2553,1664.459,4,49.58103,91.97261,722.9058,800,0,91.49197,200,0.1,0.140362,0.3172331,0,250,0.3172331,1410.889,475.9782,44.49191,5.330421,183.7702,2.233004,616.4299,343.8407,272.5892,890.6403,0,2057.426,0,0,1.110223e-16,4.263256e-14
naive,2026-01-12 17:15:00,741,17.25,37.89767,3602.041,162.7341,278.0994,456.5274,1,1,2521.429,2521.111,1414.612,585.3885,2000,4,165.7223,89.80372,691.0148,553.4592,500,0,324.9685,0.1624843,0.1259371,0.3172331,0,250,0.3172331,1106.5,453.8714,30.6346,0,188.2957,2.656058,617.8071,271.1175,346.6896,857.1568,0,2004.66,0,0,1.24345e-13,4.263256e-14
naive,2026-01-12 17:30:00,742,17.5,37.87018,3562.226,191.9127,275.4284,446.7567,1,1,2493.558,2493.241,969.3321,486.5233,1455.855,3,0,0,655.8554,800,0,285.5415,253.532,0.126766,0.2046279,0.3172331,0,250,0.3172331,1523.909,430.9223,44.30984,0,186.2165,15.83435,610.5257,373.1156,237.4101,863.5159,0,1998.407,0,0,-7.993606e-15,4.263256e-14
naive,2026-01-12 17:45:00,743,17.75,37.90387,3457.368,230.5633,272.6356,400.4803,1,1,2420.158,2419.84,1015.07,504.1323,1519.202,4,21.47227,87.4698,610.2599,800,0,213.9683,200,0.1,0.1596454,0.3172331,0,250,0.3172331,1404.771,400.7998,44.2744,0,185.1658,0,593.0924,344.2581,248.8343,848.3905,0,1966.383,0,0,-1.387779e-14,4.263256e-14
naive,2026-01-12 18:00:00,744,18,37.99876,3439.804,264.1373,5.268647,390.5928,1,1,2407.863,2407.546,1418.622,581.3783,2000,4,267.4386,4.058542,589.6024,638.9004,500,0,324.9685,0.1624843,0.1259371,0.3172331,0,250,0.3172331,988.9239,386.785,35.27896,0,1.210105,3.807747,591.5927,242.9707,348.622,825.2846,0,1612.968,0,0,1.24345e-13,4.263256e-14
naive,2026-01-12 18:15:00,745,18.25,38.17001,3462.012,296.8784,7.030083,373.4663,1,1,2423.408,2423.091,911.0045,460.8097,1371.814,3,0,0,571.8142,800,0,302.0804,249.3973,0.1246986,0.2046279,0.3172331,0,250,0.3172331,1512.087,374.3324,43.9945,0,3.285026,0,598.1805,373.235,224.9455,834.0446,0,1624.262,0,0,-7.993606e-15,4.263256e-14
naive,2026-01-12 18:30:00,746,18.5,37.87198,3482.444,323.0405,5.358862,337.1011,1,0,2437.711,2437.393,986.6527,477.9256,1464.578,3,136.4631,1.996397,526.1188,800,0,197.432,200,0.1,0.1570418,0.3172331,0,250,0.3172331,1450.741,345.6728,44.30795,0,3.362466,0,596.8808,355.2182,241.6626,833.1438,0,1622.241,0,-5.684342e-14,-5.162537e-15,4.263256e-14
naive,2026-01-12 18:45:00,747,18.75,37.70094,3512.586,357.9976,0,318.7815,1,0,2458.81,2458.493,1424.849,575.1507,2000,4,352.7698,1.486783,490.9246,654.8189,500,0,324.9685,0.1624843,0.1259371,0.3172331,0,250,0.3172331,1033.644,323.221,36.41434,5.22783,0,0,599.2864,251.9302,347.3562,827.0809,0,1622.214,0,0,1.24345e-13,4.263256e-14
naive,2026-01-12 19:00:00,748,19,37.70094,3506.463,383.5369,0,286.9454,1,0,2454.524,2454.207,827.5257,424.0081,1251.534,3,0,0,451.5338,800,0,375.5042,231.0413,0.1155207,0.2046279,0.3172331,0,250,0.3172331,1626.681,297.2864,44.48783,10.34561,0,0,598.2418,396.4714,201.7704,820.4795,0,1608.756,0,-1.136868e-13,-7.993606e-15,4.263256e-14
naive,2026-01-12 19:15:00,749,19.25,37.50767,3521.589,394.7945,1.11661,279.8669,0,0,2465.112,2464.795,1011.36,473.7214,1485.082,3,263.3679,5.084947,416.6287,800,0,124.0197,200,0.1,0.1454833,0.3172331,0,250,0.3172331,1453.435,274.9494,44.6911,7.406826,0,4.917549,597.7252,352.4199,245.3053,0,827.3336,4512.834,0,0,-6.27276e-15,4.263256e-14
naive,2026-01-12 19:30:00,750,19.5,36.96077,3492.072,414.028,3.628291,252.8427,0,0,2444.45,2444.133,1424.981,575.0192,2000,4,391.7936,5.572228,387.6361,714.998,500,0,324.9685,0.1624843,0.1259371,0.3172331,0,250,0.3172331,1019.152,257.5121,40.45665,22.2344,0,0,584.1936,243.5649,340.6287,0,818.5841,4495.053,0,-2.273737e-13,1.24345e-13,4.263256e-14
naive,2026-01-12 19:45:00,751,19.75,36.85124,3478.394,403.1108,2.170232,227.8163,0,0,2434.875,2434.558,754.9516,392.0139,1146.965,3,0,0,346.9654,800,0,396.4119,225.8144,0.1129072,0.2046279,0.3172331,0,250,0.3172331,1679.607,230.798,45.3815,8.454104,0.4150362,0,580.2346,400.2529,179.9817,0,792.2667,4321.712,0,-1.136868e-13,4.884981e-14,4.263256e-14
naive,2026-01-12 20:00:00,752,20,36.73766,3509.008,403.0827,8.266824,215.0772,0,0,2456.306,2455.989,956.6644,448.7371,1405.401,3,270.6953,6.505129,328.201,800,0,103.1153,200,0.1,0.142192,0.3172331,0,250,0.3172331,1499.324,218.6143,45.50096,29.27203,1.761695,0,583.6039,356.2307,227.3732,0,804.9678,4429.668,0,-1.136868e-13,6.467049e-15,4.263256e-14
naive,2026-01-12 20:15:00,753,20.25,36.68438,3456.854,368.5792,6.890756,171.165,0,0,2419.798,2419.481,1379.471,565.7621,1945.233,4,353.8292,6.046283,285.3577,800,500,0,324.9685,0.1624843,0.1259371,0.3172331,0,250,0.3172331,1040.009,190.198,45.557,14.74998,0.8444729,0,574.1303,246.7566,327.3738,0,812.5186,4444.501,0,0,1.24345e-13,4.263256e-14
naive,2026-01-12 20:30:00,754,20.5,36.54265,3416.714,317.4579,5.206392,166.4854,0,0,2391.7,2391.383,699.1439,367.4111,1066.555,3,0,0,266.5549,800,0,334.946,241.1809,0.1205904,0.2046279,0.3172331,0,250,0.3172331,1692.239,177.9678,45.70606,0,2.691236,0,565.3725,400.0273,165.3452,0,767.4384,4174.134,0,-1.136868e-13,-7.993606e-15,4.263256e-14
naive,2026-01-12 20:45:00,755,20.75,36.30043,3428.379,273.5019,2.420481,150.0535,0,0,2399.865,2399.548,786.929,390.2077,1177.137,3,133.6878,2.133189,241.3158,800,0,164.5716,200,0.1,0.1518681,0.3172331,0,250,0.3172331,1612.619,161.5842,45.96081,0,0.2872914,0,563.752,378.8201,184.9319,0,769.0278,4178.443,0,-5.684342e-14,6.328271e-15,4.263256e-14
naive,2026-01-12 21:00:00,756,21,36.13344,3427.276,265.7929,0.3331466,138.9229,0,0,2399.093,2398.776,1253.856,521.1205,1774.977,4,263.5837,0.7910168,210.6021,800,500,0,324.9685,0.1624843,0.1259371,0.3172331,0,250,0.3172331,1144.92,141.2998,46.13644,2.20925,0,0,561.1492,267.7973,293.3519,0,788.9177,4290.955,0,2.273737e-13,1.24345e-13,4.263256e-14
naive,2026-01-12 21:15:00,757,21.25,35.92294,3357.64,235.0325,0,146.9925,0,0,2350.348,2350.031,644.7244,343.4203,988.1447,2,0,0,188.1447,800,0,237.0649,265.6511,0.1328256,0.2046279,0.3172331,0,250,0.3172331,1705.306,126.5492,46.35783,0,0,20.44327,546.7863,396.7234,150.0629,0,744.8997,4044.796,0,5.684342e-14,-3.641532e-14,4.263256e-14
naive,2026-01-12 21:30:00,758,21.5,35.64129,3378.983,198.6873,0,155.8529,0,0,2365.288,2364.971,624.0189,334.2923,958.3112,2,0,0,158.3112,800,0,203.8864,214.6377,0.1073189,0.1672766,0.3172331,0,250,0.3172331,1740.952,106.8394,46.65407,0,0,49.01347,546.3242,402.1177,144.2065,0,747.7309,4060.034,0,1.136868e-13,4.252154e-14,4.263256e-14
naive,2026-01-12 21:45:00,759,21.75,35.45165,3339.681,159.6008,0,126.8806,0,0,2337.777,2337.459,706.8018,356.7972,1063.599,3,117.6024,1.646673,144.3499,800,0,58.41565,200,0.1,0.1351542,0.3172331,0,250,0.3172331,1630.658,97.63639,46.85351,0,0,29.24423,537.3806,374.8364,162.5442,0,738.3559,4008.247,0,-5.684342e-14,-3.497203e-15,4.263256e-14
naive,2026-01-12 22:00:00,760,22,35.26685,3308.504,132.1009,0,114.6807,0,0,2315.953,2315.636,1120.105,475.8897,1595.995,4,148.1372,1.109906,146.7475,800,500,0,324.9685,0.1624843,0.1259371,0.3172331,0,250,0.3172331,1195.531,99.47503,47.04788,0,0,15.20565,529.8879,273.5364,256.3516,0,752.9051,4088.049,0,5.684342e-14,1.24345e-13,4.263256e-14
naive,2026-01-12 22:15:00,761,22.25,34.89545,3327.983,113.6258,0,87.33943,0,0,2329.588,2329.271,612.0233,329.0041,941.0274,2,0,0,141.0274,800,0,125.2603,293.6023,0.1468011,0.2046279,0.3172331,0,250,0.3172331,1717.247,96.01661,47.4385,0,0,0,528.0715,389.266,138.8055,0,718.2701,3897.117,0,-1.136868e-13,-3.641532e-14,4.263256e-14
naive,2026-01-12 22:30:00,762,22.5,34.78752,3328.326,112.3884,0,91.76268,0,0,2329.828,2329.511,612.1463,329.0583,941.2046,2,0,0,141.2046,800,0,103.7969,267.6068,0.1338034,0.184877,0.3172331,0,250,0.3172331,1717.365,96.25918,47.55201,11.14561,0,0,526.7085,388.2478,138.4608,0,717.3061,3910.914,0,0,8.407164e-14,4.263256e-14
naive,2026-01-12 22:45:00,763,22.75,34.64704,3329.049,105.5034,0,87.25076,0,0,2330.334,2330.017,604.6017,325.7323,930.3339,2,0,0,130.3339,800,0,92.3098,244.4873,0.1222436,0.1685081,0.3172331,0,250,0.3172331,1725.415,88.99511,47.69976,18.03052,0,0,524.9889,388.7098,136.279,0,714.4421,3906.872,0,0,1.515454e-14,4.263256e-14
naive,2026-01-12 23:00:00,764,23,34.49611,3352.425,81.57742,0,70.45207,0,0,2346.698,2346.38,596.6889,322.2439,918.9329,2,0,0,118.9329,800,0,76.36277,225.3581,0.112679,0.15395,0.3172331,0,250,0.3172331,1749.692,81.35377,47.8585,8.276451,0,0,526.7053,392.7101,133.9952,0,714.954,3892.683,0,-5.684342e-14,-1.887379e-14,4.263256e-14
naive,2026-01-12 23:15:00,765,23.25,33.87883,3358.557,67.82372,0,66.56068,0,0,2350.99,2350.672,601.5122,324.3703,925.8825,2,0,0,125.8825,800,0,67.43324,208.4643,0.1042321,0.1419047,0.3172331,0,250,0.3172331,1749.16,86.72917,48.50772,4.004688,0,0,519.7477,386.6976,133.0501,0,711.0679,3863.21,0,-5.684342e-14,4.246603e-14,4.263256e-14
naive,2026-01-12 23:30:00,766,23.5,33.64058,3269.118,75.91859,2.404022,77.47363,0,1,2288.383,2288.066,615.6662,327.0726,942.7388,2,29.73629,2.782046,110.2205,800,0,33.72591,200,0.1,0.1312669,0.3172331,0,250,0.3172331,1672.399,76.14859,48.75829,12.45639,0,1.32504,502.9926,367.5978,135.3948,0,694.9617,3788.924,0,0,-4.996004e-16,4.263256e-14
naive,2026-01-12 23:45:00,767,23.75,33.37037,3272.274,63.45736,2.32089,82.5437,0,1,2290.592,2290.274,1015.288,440.7077,1455.996,3,55.44656,2.059878,98.4896,800,500,0,324.9685,0.1624843,0.1259371,0.3172331,0,250,0.3172331,1274.986,68.25694,49.04249,8.010795,0.261012,14.28676,500.21,278.4262,221.7838,0,722.2538,3931.492,0,1.136868e-13,1.24345e-13,4.263256e-14
naive,2026-01-13 00:00:00,768,0,32.98652,3285.542,51.07888,0.796826,57.27776,1,1,2299.88,2299.562,569.5366,310.2739,879.8105,2,0,0,79.81046,800,0,57.75743,310.478,0.155239,0.2046279,0.3172331,0,250,0.3172331,1730.026,55.55668,49.4462,0,0,1.721076,497.6498,374.3443,123.3054,684.9906,0,1314.354,0,0,2.753353e-14,4.263256e-14
naive,2026-01-13 00:15:00,769,0.25,32.81382,3276.937,55.33466,0,58.16457,1,1,2293.856,2293.538,582.6007,316.0331,898.6338,2,0,0,98.6338,800,0,55.88907,296.4569,0.1482284,0.1955034,0.3172331,0,250,0.3172331,1710.938,68.79604,49.62784,0.6118352,0,0,494.3143,368.6984,125.6159,684.7315,0,1314.687,0,0,-1.016964e-13,4.263256e-14
naive,2026-01-13 00:30:00,770,0.5,32.37018,3262.707,52.69216,0,41.23822,1,1,2283.895,2283.577,573.049,311.8223,884.8713,2,0,0,84.87133,800,0,53.44778,283.0482,0.1415241,0.1866745,0.3172331,0,250,0.3172331,1710.528,59.49807,50.09444,0,0,0,487.0458,364.7742,122.2717,676.5965,0,1296.837,0,5.684342e-14,2.88658e-14,4.263256e-14
naive,2026-01-13 00:45:00,771,0.75,32.29187,3264.501,52.46538,1.097424,40.28633,1,1,2285.151,2284.833,579.399,314.6217,894.0207,2,0,0,94.02068,800,0,60.86905,267.7864,0.1338932,0.1782313,0.3172331,0,250,0.3172331,1705.434,65.97102,50.1768,0,0.2375524,0,486.4202,363.021,123.3992,677.6427,0,1299.246,0,5.684342e-14,-6.739054e-14,4.263256e-14
naive,2026-01-13 01:00:00,772,1,32.1058,3265.28,43.09023,0,41.7262,1,1,2285.696,2285.379,571.3701,311.0822,882.4523,2,0,0,82.45231,800,0,64.56357,251.6034,0.1258017,0.1686212,0.3172331,0,250,0.3172331,1714.009,57.97664,50.3725,0,0,0,484.4257,363.2635,121.1622,674.3456,0,1292.022,0,0,2.66176e-14,4.263256e-14
naive,2026-01-13 01:15:00,773,1.25,31.80866,3258.018,37.95888,0,60.08042,1,1,2280.613,2280.296,559.1843,305.7101,864.8944,2,0,0,64.89438,800,0,57.1326,237.2806,0.1186403,0.158431,0.3172331,0,250,0.3172331,1721.111,45.78498,50.68501,0,0,14.29545,480.0232,362.2594,117.7638,670.9783,0,1284.936,0,-5.684342e-14,3.338996e-14,4.263256e-14
naive,2026-01-13 01:30:00,774,1.5,31.77252,3250.088,46.7376,0,57.27288,1,1,2275.062,2274.745,547.514,300.5652,848.0792,2,0,0,48.07923,800,0,53.64999,223.8308,0.1119154,0.1494121,0.3172331,0,250,0.3172331,1727.231,33.93527,50.72302,0,0,23.33761,478.4545,363.2434,115.2111,668.7166,0,1280.37,0,0,-3.846923e-14,4.263256e-14
naive,2026-01-13 01:45:00,775,1.75,31.61599,3218.287,44.27691,0,48.64334,1,1,2252.801,2252.484,551.7814,302.4465,854.2278,2,0,0,54.22782,800,0,57.26839,209.4784,0.1047392,0.140943,0.3172331,0,250,0.3172331,1700.702,38.34298,50.88765,0,0,10.30036,472.0635,356.3739,115.6896,660.9788,0,1264.709,0,-1.136868e-13,2.356448e-14,4.263256e-14
naive,2026-01-13 02:00:00,776,2,31.45133,3224.001,41.70356,0,37.74248,1,1,2256.801,2256.484,552.4474,301.7394,854.1868,2,8.411837,2.32106,43.4539,800,0,37.78184,200,0.1,0.1319055,0.3172331,0,250,0.3172331,1704.036,30.78228,51.06084,0,0,6.960204,471.1136,355.7224,115.3912,658.9148,0,1260.386,0,-5.684342e-14,-5.551115e-16,4.263256e-14
naive,2026-01-13 02:15:00,777,2.25,31.08209,3209.897,37.26524,0,33.30636,1,1,2246.928,2246.611,967.4459,419.6978,1387.144,3,54.76245,1.24012,31.14111,800,500,0,324.9685,0.1624843,0.1259371,0.3172331,0,250,0.3172331,1279.165,22.15202,51.44917,0,0,11.15434,465.1091,264.7843,200.3248,686.791,0,1315.702,0,-5.684342e-14,1.24345e-13,4.263256e-14
naive,2026-01-13 02:30:00,778,2.5,30.96601,3239.415,50.84088,0,17.42994,1,1,2267.59,2267.273,546.3893,300.0694,846.4586,2,0,0,46.45864,800,0,54.18253,311.3717,0.1556859,0.2046279,0.3172331,0,250,0.3172331,1720.884,33.09118,51.57126,0,0,0,468.1488,355.2801,112.8687,655.3495,0,1252.681,0,0,7.727152e-14,4.263256e-14
naive,2026-01-13 02:45:00,779,2.75,30.97627,3228.115,47.10854,0.8054009,8.592389,1,1,2259.681,2259.363,554.7655,303.762,858.5275,2,0,0,58.52749,800,0,44.10589,300.2962,0.1501481,0.1960662,0.3172331,0,250,0.3172331,1704.598,41.68268,51.56047,3.849116,0,0,466.6245,351.9998,114.6247,655.7618,0,1260.158,0,0,-6.608603e-14,4.263256e-14
naive,2026-01-13 03:00:00,780,3,30.95645,3223.088,57.64082,5.724549,37.31111,1,1,2256.162,2255.845,556.6475,304.5917,861.2392,2,0,0,61.23916,800,0,49.37209,287.9059,0.143953,0.1890921,0.3172331,0,250,0.3172331,1699.197,43.62362,51.58132,10.41777,3.575509,0,465.6882,350.7266,114.9616,655.3183,0,1276.746,0,0,9.744983e-14,4.263256e-14
naive,2026-01-13 03:15:00,781,3.25,30.63471,3195.903,52.40189,4.001717,23.75902,1,1,2237.132,2236.815,560.7505,306.4005,867.151,2,0,0,67.15101,800,0,52.72128,274.6803,0.1373401,0.1812902,0.3172331,0,250,0.3172331,1676.064,48.00775,51.9197,1.182991,2.499331,0,458.4116,343.443,114.9686,649.8435,0,1247.629,0,5.684342e-14,3.883005e-14,4.263256e-14
naive,2026-01-13 03:30:00,782,3.5,30.68054,3202.305,55.79337,2.040031,5.524113,1,1,2241.613,2241.296,559.1502,305.695,864.8453,2,0,0,64.84525,800,0,61.77134,259.1942,0.1295971,0.1729622,0.3172331,0,250,0.3172331,1682.146,46.33554,51.8715,0,0,0,459.8049,345.0457,114.7593,650.7407,0,1243.126,0,0,-3.935741e-14,4.263256e-14
naive,2026-01-13 03:45:00,783,3.75,30.76622,3229.97,68.03674,4.22779,23.19698,1,1,2260.979,2260.662,548.9722,301.2081,850.1803,2,0,0,50.18029,800,0,65.26857,242.8363,0.1214181,0.1632108,0.3172331,0,250,0.3172331,1711.69,35.82222,51.7814,5.459359,1.536595,0,464.6755,351.7858,112.8897,652.9939,0,1259.802,0,-5.684342e-14,1.151856e-14,4.263256e-14
naive,2026-01-13 04:00:00,784,4,30.76487,3207.822,77.21844,7.744475,13.69715,1,1,2245.475,2245.158,549.3418,301.371,850.7128,2,0,0,50.71281,800,0,70.60295,225.1473,0.1125737,0.1529104,0.3172331,0,250,0.3172331,1695.816,36.20292,51.78282,9.282755,5.07721,0,461.475,348.5128,112.9623,649.8838,0,1266.283,0,0,-3.774758e-15,4.263256e-14
naive,2026-01-13 04:15:00,785,4.25,30.61647,3252.33,80.29301,0,23.23953,1,1,2276.631,2276.314,548.6784,301.0785,849.757,2,0,0,49.75696,800,0,78.8002,205.4118,0.1027059,0.141772,0.3172331,0,250,0.3172331,1727.636,35.57962,51.9389,3.218164,0,0,466.3136,353.865,112.4487,654.9435,0,1257.007,0,5.684342e-14,1.579292e-14,4.263256e-14
naive,2026-01-13 04:30:00,786,4.5,30.33853,3261.125,103.1687,1.433585,20.1699,1,1,2282.788,2282.47,623.8019,324.2423,948.0442,2,83.67918,2.232898,62.1321,800,0,21.51793,200,0.1,0.1293448,0.3172331,0,250,0.3172331,1658.668,44.56685,52.23121,0,0,0,464.6648,337.6244,127.0404,661.8667,0,1264.973,0,-1.136868e-13,-3.330669e-16,4.263256e-14
naive,2026-01-13 04:45:00,787,4.75,30.15755,3261.632,121.2048,3.456958,31.1454,1,1,2283.143,2282.825,1039.124,441.6258,1480.75,3,136.0612,3.704957,40.98351,800,500,0,324.9685,0.1624843,0.1259371,0.3172331,0,250,0.3172331,1243.701,29.45647,52.42156,0,0,1.688932,462.8614,252.1356,210.7259,694.1037,0,1329.233,0,5.684342e-14,1.24345e-13,4.263256e-14
naive,2026-01-13 05:00:00,788,5,30.03814,3288.983,160.9152,0,19.47569,1,1,2302.288,2301.971,562.4792,307.1626,869.6418,2,0,0,69.64184,800,0,163.6709,283.9996,0.1419998,0.2046279,0.3172331,0,250,0.3172331,1739.492,50.12087,52.54715,0,0,0,465.5033,351.7106,113.7927,658.8732,0,1258.631,0,0,7.727152e-14,4.263256e-14
naive,2026-01-13 05:15:00,789,5.25,30.0482,3302.108,208.1172,0,34.81657,1,1,2311.475,2311.158,562.1871,307.0338,869.221,2,0,0,69.22096,800,0,196.1762,234.9109,0.1174554,0.1788304,0.3172331,0,250,0.3172331,1748.971,49.8124,52.53657,12.93401,0,0,467.4654,353.7063,113.7591,660.7401,0,1284.688,0,5.684342e-14,-5.057066e-14,4.263256e-14
naive,2026-01-13 05:30:00,790,5.5,30.11102,3254.732,255.5656,0,28.58029,1,1,2278.312,2277.995,639.8737,329.655,969.5287,2,97.73857,0.1565344,71.63357,800,0,139.4955,200,0.1,0.1479199,0.3172331,0,250,0.3172331,1638.121,51.51255,52.4705,18.33149,0,0,461.4035,331.7521,129.6514,661.4071,0,1295.407,0,-5.684342e-14,-2.747802e-15,4.263256e-14
naive,2026-01-13 05:45:00,791,5.75,30.02016,3296.45,292.8912,0,28.13896,1,1,2307.515,2307.198,1175.414,484.4941,1659.908,4,280.7757,1.95997,77.17249,800,500,0,324.9685,0.1624843,0.1259371,0.3172331,0,250,0.3172331,1131.784,55.55174,52.56605,12.11552,0,0,466.3737,228.7457,237.6279,713.2398,0,1388.242,0,5.684342e-14,1.24345e-13,4.263256e-14
naive,2026-01-13 06:00:00,792,6,29.8304,3322.199,328.3313,0,43.03479,1,1,2325.539,2325.222,561.3802,306.6781,868.0582,2,0,0,68.05825,800,0,319.0354,245.1585,0.1225793,0.2046279,0.3172331,0,250,0.3172331,1763.842,49.09428,52.76564,10.49052,0,0,468.0419,354.9937,113.0482,661.6718,0,1282.078,0,-5.684342e-14,-7.993606e-15,4.263256e-14
naive,2026-01-13 06:15:00,793,6.25,29.82076,3327.999,375.3361,0.1619806,31.04835,1,1,2329.599,2329.282,701.6339,347.1778,1048.812,3,179.3143,0.7090614,68.78823,800,0,180.4796,200,0.1,0.1543727,0.3172331,0,250,0.3172331,1627.648,49.62617,52.77578,15.54216,0,0,468.759,327.5133,141.2457,674.6911,0,1316.82,0,1.136868e-13,-8.604228e-16,4.263256e-14
naive,2026-01-13 06:30:00,794,6.5,29.70841,3253.71,403.0256,0,25.99994,1,1,2277.597,2277.28,1270.988,512.7381,1783.726,4,397.534,0.7240525,85.46762,800,500,0,324.9685,0.1624843,0.1259371,0.3172331,0,250,0.3172331,1006.292,61.73606,52.89394,5.491584,0,0,457.1583,201.9826,255.1758,714.7207,0,1379.409,0,-2.273737e-13,1.24345e-13,4.263256e-14
naive,2026-01-13 06:45:00,795,6.75,29.96329,3178.382,416.7791,0,18.80379,1,1,2224.867,2224.55,568.143,309.6595,877.8025,2,0,0,77.80251,800,0,426.3503,218.3298,0.1091649,0.2046279,0.3172331,0,250,0.3172331,1656.407,56.04065,52.62587,0,0,0,449.1017,334.3549,114.7469,644.0144,0,1228.825,0,-5.684342e-14,-7.993606e-15,4.263256e-14
naive,2026-01-13 07:00:00,796,7,29.89559,3174.674,423.6088,0,30.23108,1,1,2222.272,2221.954,859.422,395.1773,1254.599,3,360.5634,1.288571,92.74739,800,0,73.18162,200,0.1,0.1374791,0.3172331,0,250,0.3172331,1362.532,66.85559,52.69708,0,0,0,447.9045,274.6218,173.2826,669.7992,0,1280.314,0,-1.136868e-13,-7.21645e-16,4.263256e-14
naive,2026-01-13 07:15:00,797,7.25,30.06976,3244.451,415.9291,0.7962384,54.69638,1,1,2271.116,2270.799,1297.098,521.783,1818.881,4,418.2638,0.2853371,100.3322,800,500,0,324.9685,0.1624843,0.1259371,0.3172331,0,250,0.3172331,973.7004,72.18316,52.51389,0,0.5109013,0,459.5237,197.0126,262.5111,718.7956,0,1379.394,0,-2.273737e-13,1.24345e-13,4.263256e-14
naive,2026-01-13 07:30:00,798,7.5,30.30317,3307.56,395.1935,0,33.02945,1,1,2315.292,2314.975,587.3971,318.1476,905.5447,2,0,0,105.5447,800,0,401.9569,224.4281,0.1122141,0.2046279,0.3172331,0,250,0.3172331,1727.578,75.73619,52.2684,0,0,0,470.9083,351.3728,119.5355,669.5204,0,1280.239,0,0,-7.993606e-15,4.263256e-14
naive,2026-01-13 07:45:00,799,7.75,30.31283,3339.232,370.5284,0,34.26076,1,1,2337.463,2337.145,784.4428,372.8341,1157.277,3,270.5216,0.2598478,86.4954,800,0,97.57123,200,0.1,0.1413191,0.3172331,0,250,0.3172331,1552.703,62.06022,52.25824,2.435537,0,0,475.5204,315.8732,159.6472,688.7073,0,1322.825,0,1.136868e-13,3.941292e-15,4.263256e-14
naive,2026-01-13 08:00:00,800,8,30.59829,3364.227,324.1764,258.8962,40.79184,1,1,2354.959,2354.641,1335.464,549.4539,1884.918,4,327.8364,180.6887,76.39326,800,500,0,324.9685,0.1624843,0.1259371,0.3172331,0,250,0.3172331,1019.177,54.63751,51.95801,0,78.20758,0,482.1597,208.6687,273.491,758.1225,0,1592.7,0,0,1.24345e-13,4.263256e-14
naive,2026-01-13 08:15:00,801,8.25,30.74486,3329.43,281.553,262.0239,36.6705,1,1,2330.601,2330.284,584.2442,316.7577,901.0018,2,0,0,101.0018,800,0,471.3799,207.0724,0.1035362,0.2046279,0.3172331,0,250,0.3172331,1746.039,72.11945,51.80386,0,81.39949,0,478.7529,358.6721,120.0808,675.4298,0,1432.994,0,5.684342e-14,-7.993606e-15,4.263256e-14
naive,2026-01-13 08:30:00,802,8.5,30.81899,3363.858,241.5096,257.6909,41.48079,1,1,2354.701,2354.383,883.2341,423.7142,1306.948,3,208.9202,182.0948,115.9333,800,0,28.15919,200,0.1,0.1303905,0.3172331,0,250,0.3172331,1471.149,82.71237,51.7259,4.430236,75.59613,0,484.5151,302.7111,181.804,726.4253,0,1532.704,0,-1.705303e-13,-5.551115e-16,4.263256e-14
naive,2026-01-13 08:45:00,803,8.75,30.8863,3371.474,190.9724,266.2769,79.36299,1,1,2360.031,2359.714,1265.428,534.5723,1800,4,193.3877,182.9101,123.7025,800,500,0,324.9685,0.1624843,0.1259371,0.3172331,0,250,0.3172331,1094.286,88.1887,51.6551,0,83.36681,0,486.353,225.5094,260.8436,760.0817,0,1605.859,0,0,1.24345e-13,4.263256e-14
naive,2026-01-13 09:00:00,804,9,31.10484,3401.878,171.0294,267.7626,88.51188,1,1,2381.315,2380.997,607.4302,326.9792,934.4095,2,0,0,134.4095,800,0,338.0358,240.4084,0.1202042,0.2046279,0.3172331,0,250,0.3172331,1773.567,95.5868,51.42525,20.20813,80.54808,0,493.1822,367.3147,125.8676,694.2939,0,1504.539,0,-5.684342e-14,-6.483702e-14,4.263256e-14
naive,2026-01-13 09:15:00,805,9.25,31.45962,3407.557,134.5889,274.64,121.7035,1,1,2385.29,2384.972,728.8068,380.488,1109.295,3,0,155.2263,154.0685,800,0,161.4823,200,0.1,0.1513817,0.3172331,0,250,0.3172331,1656.166,109.1303,51.05211,7.437283,85.08304,12.57326,498.0308,345.7951,152.2357,728.9083,0,1559.98,0,-1.136868e-13,8.326673e-16,4.263256e-14
naive,2026-01-13 09:30:00,806,9.5,31.43203,3464.079,121.1042,281.4742,130.556,1,1,2424.856,2424.538,1241.125,534.5851,1775.71,4,103.2153,191.0364,181.4583,800,500,0,324.9685,0.1624843,0.1259371,0.3172331,0,250,0.3172331,1183.413,128.5712,51.08113,17.8889,90.4378,1.984844,505.9713,246.9315,259.0398,781.9308,0,1693.259,0,1.136868e-13,1.24345e-13,4.263256e-14
naive,2026-01-13 09:45:00,807,9.75,31.74585,3484.359,90.02464,281.4651,126.6802,1,1,2439.051,2438.734,655.5139,348.1769,1003.691,3,0,0,203.6908,800,0,273.7472,256.4806,0.1282403,0.2046279,0.3172331,0,250,0.3172331,1783.22,143.8125,50.75107,3.683071,94.05948,0,512.6258,374.787,137.8388,722.9639,0,1557.439,0,-1.136868e-13,4.884981e-14,4.263256e-14
naive,2026-01-13 10:00:00,808,10,31.96557,3522.111,65.63368,283.8319,135.7155,1,1,2465.478,2465.161,699.4941,367.5655,1067.06,3,0,42.27564,224.784,800,0,225.7607,200,0.1,0.161502,0.3172331,0,250,0.3172331,1765.667,158.3098,50.51998,0,93.04687,0,520.8257,372.9924,147.8333,740.5579,0,1584.787,0,0,7.854828e-15,4.263256e-14
naive,2026-01-13 10:15:00,809,10.25,32.11267,3545.378,62.46372,283.0648,143.1302,1,1,2481.764,2481.447,1245.376,541.4276,1786.803,4,61.44795,196.1574,229.1979,800,500,0,324.9685,0.1624843,0.1259371,0.3172331,0,250,0.3172331,1236.072,161.1488,50.36527,1.015766,86.90742,0,526.0643,262.0124,264.0519,803.44,0,1701.887,0,0,1.24345e-13,4.263256e-14
naive,2026-01-13 10:30:00,810,10.5,32.35202,3549.733,46.02243,291.4566,154.841,1,1,2484.813,2484.496,701.2657,368.3465,1069.612,3,0,0,269.6122,800,0,257.9271,260.4356,0.1302178,0.2046279,0.3172331,0,250,0.3172331,1783.23,189.0477,50.11354,0,94.03533,0,529.6666,380.1161,149.5505,748.4626,0,1602.758,0,-5.684342e-14,4.884981e-14,4.263256e-14
naive,2026-01-13 10:45:00,811,10.75,32.60832,3535.602,35.93824,290.9974,166.697,1,1,2474.921,2474.604,724.6681,378.6634,1103.332,3,0,11.43727,291.8942,800,0,241.5783,200,0.1,0.1639925,0.3172331,0,250,0.3172331,1749.936,204.073,49.84397,0,90.95952,0,530.7477,375.2744,155.4733,753.9378,0,1608.706,0,1.705303e-13,-4.801715e-15,4.263256e-14
naive,2026-01-13 11:00:00,812,11,32.86167,3533.663,41.41552,292.461,189.506,1,0,2473.564,2473.247,1325.549,577.4683,1903.018,4,55.59557,206.5628,340.8594,800,500,0,324.9685,0.1624843,0.1259371,0.3172331,0,250,0.3172331,1147.698,237.6153,49.57751,0,85.89821,0,533.6459,247.6039,286.042,825.0722,0,1742.544,0,0,1.24345e-13,4.263256e-14
naive,2026-01-13 11:15:00,813,11.25,33.23138,3544.552,53.35902,295.8566,213.1749,1,0,2481.187,2480.869,756.2854,392.6019,1148.887,3,0,0,348.8873,800,0,258.7849,260.2211,0.1301106,0.2046279,0.3172331,0,250,0.3172331,1724.584,242.1798,49.18867,0.9514116,89.47922,0,540.0284,375.3544,164.674,767.9563,0,1636.568,0,0,-7.993606e-15,4.263256e-14
naive,2026-01-13 11:30:00,814,11.5,33.37604,3582.107,53.14434,300.8317,213.5253,0,0,2507.475,2507.158,782.4866,404.1527,1186.639,3,0,11.11501,375.5243,800,0,240.7206,200,0.1,0.1638574,0.3172331,0,250,0.3172331,1724.671,260.2352,49.03652,7.242208,94.89815,0,547.6468,376.678,170.9688,0,780.8307,4415.595,0,1.136868e-13,3.524958e-15,4.263256e-14
naive,2026-01-13 11:45:00,815,11.75,33.89949,3665.15,64.28708,302.6885,257.6118,0,0,2565.605,2565.288,1358.778,592.8452,1951.623,4,49.47436,207.2,394.9487,800,500,0,324.9685,0.1624843,0.1259371,0.3172331,0,250,0.3172331,1206.51,272.0423,48.48599,14.81272,95.48845,0,567.4792,266.8647,300.6145,0,859.7099,4864.127,0,-2.273737e-13,1.24345e-13,4.263256e-14
naive,2026-01-13 12:00:00,816,12,34.27665,3691.092,52.63908,308.3255,287.8789,0,0,2583.764,2583.447,828.1646,424.2898,1252.454,3,0,0,452.4543,800,0,249.7372,262.4831,0.1312415,0.2046279,0.3172331,0,250,0.3172331,1755.282,310.2872,48.08931,9.828618,101.3988,0,576.7887,391.8419,184.9468,0,816.1316,4626.491,0,5.684342e-14,-1.216804e-13,4.263256e-14
naive,2026-01-13 12:15:00,817,12.25,34.45464,3700.231,44.71612,307.3936,313.8999,0,0,2590.162,2589.845,865.9049,440.9275,1306.832,3,0,3.860466,502.972,800,0,249.7669,200,0.1,0.1652817,0.3172331,0,250,0.3172331,1723.94,344.2153,47.90211,0,99.52894,0,580.7552,386.5345,194.2207,0,827.4621,4668.839,0,-1.136868e-13,-6.883383e-15,4.263256e-14
naive,2026-01-13 12:30:00,818,12.5,34.45609,3735.198,46.30662,303.5869,335.1133,0,0,2614.639,2614.322,1397.092,602.9083,2000,4,52.25389,207.2391,528.3109,712.1961,500,0,324.9685,0.1624843,0.1259371,0.3172331,0,250,0.3172331,1217.23,361.5503,42.64327,0,96.34774,0,586.2642,272.9319,313.3323,0,875.8402,4935.347,0,1.136868e-13,1.24345e-13,4.263256e-14
naive,2026-01-13 12:45:00,819,12.75,34.70704,3710.522,43.38938,298.7491,377.8795,0,0,2597.365,2597.048,910.7514,460.6981,1371.449,3,0,0,571.4495,800,0,254.8809,261.1971,0.1305986,0.2046279,0.3172331,0,250,0.3172331,1686.297,389.925,47.63666,0,90.94981,0,586.0182,380.4627,205.5555,0,841.1608,4729.681,0,-1.136868e-13,-6.483702e-14,4.263256e-14
naive,2026-01-13 13:00:00,820,13,34.90199,3728.463,39.61088,298.1498,402.8834,0,0,2609.924,2609.607,946.7929,476.587,1423.38,3,0,8.491574,614.8883,800,0,244.6241,200,0.1,0.164472,0.3172331,0,250,0.3172331,1662.814,418.6062,47.43161,0,88.21558,0,591.7147,376.9885,214.7262,0,853.5755,4793.476,0,0,-1.24345e-14,4.263256e-14
naive,2026-01-13 13:15:00,821,13.25,35.24235,3743.114,49.54084,300.9038,429.9199,0,0,2620.18,2619.862,1403.139,596.8613,2000,4,41.7485,206.3888,674.3099,577.5528,500,0,324.9685,0.1624843,0.1259371,0.3172331,0,250,0.3172331,1216.724,457.2234,33.9844,7.792341,94.51503,0,599.1253,278.2137,320.9116,0,875.075,4951.16,0,0,1.24345e-13,4.263256e-14
naive,2026-01-13 13:30:00,822,13.5,35.57128,3687.818,59.28197,299.7228,468.7169,0,0,2581.472,2581.155,992.114,496.5667,1488.681,3,0,0,688.6807,800,0,255.5962,261.0183,0.1305092,0.2046279,0.3172331,0,250,0.3172331,1589.041,465.1554,46.7277,12.00295,91.40562,3.561425,595.1988,366.3783,228.8205,0,863.7661,4876.525,0,5.684342e-14,2.04281e-14,4.263256e-14
naive,2026-01-13 13:45:00,823,13.75,36.04666,3708.958,49.19067,298.8915,507.3449,0,0,2596.271,2595.953,1026.237,511.6097,1537.847,4,0,7.144226,730.7023,800,0,243.9089,200,0.1,0.1643594,0.3172331,0,250,0.3172331,1569.716,490.7592,46.22771,3.390604,93.63845,16.5857,605.9162,366.3396,239.5766,0,881.8201,4965.379,0,0,7.71605e-15,4.263256e-14
naive,2026-01-13 14:00:00,824,14,36.24112,3701.248,54.32899,295.0016,521.4839,0,1,2590.873,2590.556,1409.99,590.0097,2000,4,56.20801,207.3546,769.0567,467.3807,500,0,324.9685,0.1624843,0.1259371,0.3172331,0,250,0.3172331,1180.566,515.3226,26.88794,0,87.64697,6.161249,607.6902,276.9021,330.7881,0,868.3569,4896.905,0,-1.136868e-13,1.24345e-13,4.263256e-14
naive,2026-01-13 14:15:00,825,14.25,36.54647,3706.221,50.21357,292.279,539.8746,0,1,2594.355,2594.038,1056.024,524.7415,1580.766,4,0,0,780.7659,800,0,256.0637,260.9014,0.1304507,0.2046279,0.3172331,0,250,0.3172331,1538.013,521.2614,45.70204,4.042621,82.38625,18.61317,613.3388,363.6061,249.7327,0,892.748,5007.789,0,0,1.056932e-13,4.263256e-14
naive,2026-01-13 14:30:00,826,14.5,36.67998,3703.737,41.60957,288.7493,549.1838,1,1,2592.616,2592.298,1074.04,532.6838,1606.724,4,0,10.57413,796.1497,800,0,243.4414,200,0.1,0.1642858,0.3172331,0,250,0.3172331,1518.258,530.6817,45.56162,0,82.09999,18.50212,615.0632,360.1864,254.8768,897.2595,0,1884.885,0,1.136868e-13,1.099121e-14,4.263256e-14
naive,2026-01-13 14:45:00,827,14.75,36.80914,3710.048,55.64848,288.9106,536.4206,1,1,2597.033,2596.716,1410.396,589.6042,2000,4,44.1301,205.0897,810.7139,440.0663,500,0,324.9685,0.1624843,0.1259371,0.3172331,0,250,0.3172331,1186.32,539.5519,24.98794,11.51838,83.82086,0,618.1949,282.3904,335.8046,871.9946,0,1880.338,0,2.273737e-13,1.24345e-13,4.263256e-14
naive,2026-01-13 15:00:00,828,15,37.17644,3688.281,49.97421,287.4018,556.5787,1,1,2581.797,2581.48,1075.842,533.4783,1609.321,4,0,0,809.3206,800,0,258.8248,260.2112,0.1301056,0.2046279,0.3172331,0,250,0.3172331,1505.637,536.2465,45.03948,0,80.82503,20.33211,620.5359,361.8805,258.6554,900.2456,0,1889.245,0,0,1.056932e-13,4.263256e-14
naive,2026-01-13 15:15:00,829,15.25,37.30828,3711.345,51.19338,293.5742,541.8282,1,1,2597.942,2597.624,1109.528,548.3286,1657.857,4,0,20.1316,837.7251,800,0,240.6808,200,0.1,0.1638512,0.3172331,0,250,0.3172331,1488.096,554.1834,44.90081,0,88.87401,0,626.6005,358.9156,267.6849,907.2442,0,1917.283,0,0,3.999578e-14,4.263256e-14
naive,2026-01-13 15:30:00,830,15.5,37.43032,3729.716,57.33365,283.9892,534.2663,1,1,2610.801,2610.484,1414.334,585.6661,2000,4,61.03878,205.2446,843.152,390.5646,500,0,324.9685,0.1624843,0.1259371,0.3172331,0,250,0.3172331,1196.15,556.9503,21.85817,0,78.74461,0,631.7476,289.4379,342.3097,875.104,0,1861.452,0,0,1.24345e-13,4.263256e-14
naive,2026-01-13 15:45:00,831,15.75,37.50573,3688.877,74.9972,283.1198,525.0996,1,1,2582.214,2581.897,1095.398,542.0992,1637.497,4,0,0,837.497,800,0,272.2676,256.8505,0.1284252,0.2046279,0.3172331,0,250,0.3172331,1486.499,552.7096,44.69315,4.50537,81.34404,0,626.0869,360.4184,265.6685,902.5176,0,1902.846,0,-2.273737e-13,-6.483702e-14,4.263256e-14
naive,2026-01-13 16:00:00,832,16,37.65591,3684.921,79.70544,282.3092,521.4975,1,1,2579.445,2579.128,1128.493,556.6893,1685.183,4,0,51.4237,833.7588,800,0,227.2401,200,0.1,0.161735,0.3172331,0,250,0.3172331,1450.634,549.2409,44.53519,0,84.37614,0,627.9307,353.1372,274.7935,909.8265,0,1915.1,0,0,-6.550316e-15,4.263256e-14
naive,2026-01-13 16:15:00,833,16.25,37.82523,3665.647,83.39034,280.5154,530.5706,1,1,2565.953,2565.636,1414.934,585.0664,2000,4,87.37819,193.2059,798.1824,421.2335,500,0,324.9685,0.1624843,0.1259371,0.3172331,0,250,0.3172331,1150.702,524.7237,23.35588,0,87.30951,5.846899,627.4913,281.3986,346.0927,867.8949,0,1860.123,0,0,1.24345e-13,4.263256e-14
naive,2026-01-13 16:30:00,834,16.5,37.88365,3686.512,100.3091,281.1147,521.4666,1,1,2580.558,2580.241,1058.836,525.981,1584.817,4,0,0,784.8168,800,0,297.1145,250.6387,0.1253194,0.2046279,0.3172331,0,250,0.3172331,1521.405,515.5704,44.29567,0,91.81426,5.896252,632.0563,372.6379,259.4184,900.063,0,1908.673,0,-1.136868e-13,4.884981e-14,4.263256e-14
naive,2026-01-13 16:45:00,835,16.75,37.79153,3644.507,126.7018,278.9845,492.5228,1,1,2551.155,2550.838,1106.933,547.1846,1654.118,4,0,114.6118,739.5061,800,0,202.3971,200,0.1,0.1578235,0.3172331,0,250,0.3172331,1443.904,486.3493,44.39256,1.099434,87.57795,6.173531,623.3074,352.78,270.5275,901.473,0,1905.973,0,1.136868e-13,9.714451e-15,4.263256e-14
naive,2026-01-13 17:00:00,836,17,37.87988,3631.18,150.0346,274.5593,500.5433,1,1,2541.826,2541.509,1418.631,581.3686,2000,4,143.8527,191.3265,724.8001,440.0207,500,0,324.9685,0.1624843,0.1259371,0.3172331,0,250,0.3172331,1122.877,476.1654,24.36595,6.181845,83.23281,24.37796,622.5062,274.9984,347.5078,862.3373,0,1851.503,0,1.136868e-13,1.24345e-13,4.263256e-14
naive,2026-01-13 17:15:00,837,17.25,37.7983,3607.845,172.3215,270.8729,463.9898,1,1,2525.492,2525.174,995.2376,497.9437,1493.181,3,0,0,693.1813,800,0,355.7131,235.9891,0.1179945,0.2046279,0.3172331,0,250,0.3172331,1529.937,455.8455,44.38544,8.295071,79.1863,8.144337,617.1496,373.8678,243.2818,873.8017,0,1848.575,0,0,-7.993606e-15,4.263256e-14
naive,2026-01-13 17:30:00,838,17.5,37.76255,3552.233,194.8563,271.5305,431.1062,1,1,2486.563,2486.246,1149.171,559.8479,1709.019,4,50.07831,189.9625,668.9783,800,0,143.8077,200,0.1,0.1485989,0.3172331,0,250,0.3172331,1337.075,440.1206,44.42304,0.9702888,81.56806,0,607.0534,326.4248,280.6286,886.2727,0,1864.948,0,0,-4.385381e-15,4.263256e-14
naive,2026-01-13 17:45:00,839,17.75,37.78558,3569.928,222.7871,262.2483,427.1891,1,1,2498.95,2498.632,1424.455,575.5451,2000,4,232.7752,187.7009,609.9421,469.5818,500,0,324.9685,0.1624843,0.1259371,0.3172331,0,250,0.3172331,1074.177,401.1683,26.06109,0,74.54739,26.0208,610.4549,262.405,348.0499,844.3066,0,1787.889,0,-1.136868e-13,1.24345e-13,4.263256e-14
naive,2026-01-13 18:00:00,840,18,37.79566,3558.994,263.8175,0,417.0107,1,1,2491.296,2490.978,925.5715,467.2315,1392.803,3,0,0,592.803,800,0,270.4838,257.2964,0.1286482,0.2046279,0.3172331,0,250,0.3172331,1565.407,389.8479,44.38821,0,0,27.16283,608.75,382.5084,226.2416,856.3772,0,1662.818,0,0,-6.483702e-14,4.263256e-14
naive,2026-01-13 18:15:00,841,18.25,37.45123,3506.553,291.2212,0,360.1692,1,1,2454.587,2454.27,967.5854,477.5958,1445.181,3,68.57426,5.654169,570.9527,800,0,229.0236,200,0.1,0.1620158,0.3172331,0,250,0.3172331,1486.684,377.0516,44.75047,0,0,0,594.2784,359.9401,234.3383,837.5359,0,1624.728,0,-5.684342e-14,-6.938894e-16,4.263256e-14
naive,2026-01-13 18:30:00,842,18.5,37.62227,3515.361,330.6566,0.06230682,341.1244,1,0,2460.753,2460.435,1423.106,576.8936,2000,4,328.0431,3.899217,519.0529,649.0048,500,0,324.9685,0.1624843,0.1259371,0.3172331,0,250,0.3172331,1037.329,342.0672,36.15814,2.613558,0,0,598.4976,252.2964,346.2012,829.19,0,1622.21,0,1.136868e-13,1.24345e-13,4.263256e-14
naive,2026-01-13 18:45:00,843,18.75,37.65496,3522.584,356.6384,0,328.7285,1,0,2465.809,2465.491,852.4615,435.001,1287.462,3,0,0,487.4625,800,0,356.4543,235.8038,0.1179019,0.2046279,0.3172331,0,250,0.3172331,1613.03,321.1209,44.5362,0.8763001,0,7.607595,600.2521,392.6601,207.592,829.513,0,1610.434,0,0,-7.993606e-15,4.263256e-14
naive,2026-01-13 19:00:00,844,19,37.81902,3457.996,382.4859,0,311.3396,0,0,2420.597,2420.28,1005.725,474.5059,1480.231,3,235.8909,1.055067,443.2853,800,0,143.0667,200,0.1,0.1484822,0.3172331,0,250,0.3172331,1414.554,291.4369,44.36364,3.528298,0,19.9027,591.8464,345.8647,245.9818,0,825.2369,4494.98,0,5.684342e-14,-1.082467e-14,4.263256e-14
naive,2026-01-13 19:15:00,845,19.25,38.03989,3437.547,388.7036,0,279.3695,0,0,2406.283,2405.966,1426.5,573.5002,2000,4,391.4552,2.89375,420.7765,684.8746,500,0,324.9685,0.1624843,0.1259371,0.3172331,0,250,0.3172331,979.4657,275.8951,37.78054,0,0,3.474455,591.8624,240.9147,350.9477,0,815.2696,4441.479,0,0,1.24345e-13,4.263256e-14
naive,2026-01-13 19:30:00,846,19.5,37.78642,3416.831,391.1522,0,249.6528,0,0,2391.782,2391.464,780.4971,403.2756,1183.773,3,0,0,383.7727,800,0,408.4737,222.7989,0.1113995,0.2046279,0.3172331,0,250,0.3172331,1610.967,252.4106,44.39793,0,0,0,584.2886,393.5434,190.7452,0,796.819,4332.557,0,-1.705303e-13,-7.993606e-15,4.263256e-14
naive,2026-01-13 19:45:00,847,19.75,37.56901,3399.275,391.5265,0,246.1368,0,0,2379.492,2379.175,993.7938,460.6443,1454.438,3,308.1982,1.989506,344.2504,800,0,91.05544,200,0.1,0.1402932,0.3172331,0,250,0.3172331,1385.381,227.0152,44.62659,0,0,19.12164,577.9102,336.4692,241.4409,0,801.7576,4359.462,0,0,6.078471e-15,4.263256e-14
naive,2026-01-13 20:00:00,848,20,37.44467,3385.353,384.5483,0,233.9128,0,0,2369.747,2369.43,1421.603,578.3974,2000,4,389.8395,7.504953,325.0161,777.6395,500,0,324.9685,0.1624843,0.1259371,0.3172331,0,250,0.3172331,947.8276,214.6545,43.50636,0,0,19.25829,573.6379,229.4379,344.2,0,812.4971,4419.789,0,2.273737e-13,1.24345e-13,4.263256e-14
naive,2026-01-13 20:15:00,849,20.25,37.3964,3362.858,347.196,0.5293317,205.2309,0,0,2354.001,2353.683,701.1475,368.2944,1069.442,3,0,0,269.4418,800,0,368.4842,232.7963,0.1163981,0.2046279,0.3172331,0,250,0.3172331,1652.536,178.0549,44.80813,0,0,27.17596,569.0946,399.5111,169.5836,0,774.3754,4208.656,0,1.136868e-13,4.884981e-14,4.263256e-14
naive,2026-01-13 20:30:00,850,20.5,37.14315,3307.092,328.9782,0.4124752,201.9544,0,0,2314.964,2314.647,845.2273,408.8407,1254.068,3,193.1012,4.006682,256.9601,800,0,131.0386,200,0.1,0.1465884,0.3172331,0,250,0.3172331,1469.42,170.3272,45.07449,4.838348,0,31.62716,555.9134,352.8651,203.0483,0,769.3007,4188.791,0,0,4.996004e-15,4.263256e-14
naive,2026-01-13 20:45:00,851,20.75,36.9043,3307.655,293.8206,1.780668,168.6594,0,0,2315.358,2315.041,1285.843,532.7278,1818.571,4,284.5483,2.261128,231.7615,800,500,0,324.9685,0.1624843,0.1259371,0.3172331,0,250,0.3172331,1029.198,154.0671,45.3257,9.2723,0,14.59229,552.522,245.6011,306.9209,0,781.8112,4264.965,0,-1.136868e-13,1.24345e-13,4.263256e-14
naive,2026-01-13 21:00:00,852,21,36.83685,3270.224,272.1175,0,164.1248,0,0,2289.157,2288.839,658.829,349.6383,1008.467,3,0,0,208.4673,800,0,265.2581,258.6028,0.1293014,0.2046279,0.3172331,0,250,0.3172331,1630.011,138.6944,45.39664,7.392488,0,25.43047,545.3039,388.2876,157.0163,0,743.9837,4053.591,0,0,4.884981e-14,4.263256e-14
naive,2026-01-13 21:15:00,853,21.25,36.49945,3257.595,245.1371,0,149.5485,0,0,2280.316,2279.999,657.5478,348.8777,1006.425,3,1.646386,0.1268786,204.6522,800,0,234.2485,200,0.1,0.1628384,0.3172331,0,250,0.3172331,1622.451,136.7086,45.7515,9.24217,0,12.8399,538.4377,383.0999,155.3378,0,735.0093,4007.024,0,-5.684342e-14,1.124101e-14,4.263256e-14
naive,2026-01-13 21:30:00,854,21.5,36.29828,3275.11,211.1526,2.527832,128.1684,0,0,2292.577,2292.26,1196.074,503.1452,1699.219,4,200.5532,0.546767,198.1193,800,500,0,324.9685,0.1624843,0.1259371,0.3172331,0,250,0.3172331,1096.186,132.6634,45.96307,10.59932,1.981065,0,538.519,257.4905,281.0285,0,760.6358,4153.489,0,1.705303e-13,1.24345e-13,4.263256e-14
naive,2026-01-13 21:45:00,855,21.75,36.2023,3323.85,187.7747,8.514036,113.0202,0,0,2326.695,2326.378,630.7112,337.2426,967.9538,2,0,0,167.9538,800,0,167.7398,282.9824,0.1414912,0.2046279,0.3172331,0,250,0.3172331,1695.667,112.5931,46.06402,20.73692,7.812011,0.4271022,545.1812,397.3213,147.8598,0,734.664,4038.077,0,-1.136868e-13,-9.325873e-14,4.263256e-14
naive,2026-01-13 22:00:00,856,22,35.91968,3349.002,147.6684,6.953959,120.1974,0,0,2344.301,2343.984,624.5862,334.5424,959.1286,2,0,0,159.1286,800,0,139.7596,247.998,0.123999,0.1781899,0.3172331,0,250,0.3172331,1719.398,107.0367,46.36126,8.371272,6.491498,13.16067,545.3342,399.9684,145.3658,0,737.5723,4030.129,0,5.684342e-14,-3.524958e-14,4.263256e-14
naive,2026-01-13 22:15:00,857,22.25,35.76724,3313.051,118.2986,0,100.6644,0,0,2319.136,2318.819,607.1503,326.8558,934.0062,2,0,0,134.0062,800,0,118.756,218.2699,0.109135,0.1561607,0.3172331,0,250,0.3172331,1711.668,90.30168,46.52159,0.03668957,0,10.36276,537.3839,396.6232,140.7607,0,725.8802,3940.068,0,-5.684342e-14,-5.023759e-14,4.263256e-14
naive,2026-01-13 22:30:00,858,22.5,35.49023,3296.512,105.1362,0,84.1122,0,0,2307.559,2307.241,637.2004,336.018,973.2183,2,34.3428,1.151049,137.7245,800,0,72.94223,200,0.1,0.1374414,0.3172331,0,250,0.3172331,1670.041,93.11253,46.81294,0,0,0,530.9523,384.2642,146.6881,0,720.2822,3908.887,0,5.684342e-14,2.331468e-15,4.263256e-14
naive,2026-01-13 22:45:00,859,22.75,35.01572,3324.229,95.37409,0,72.6592,0,0,2326.96,2326.643,1069.216,459.4945,1528.711,4,97.37182,2.193566,129.1455,800,500,0,324.9685,0.1624843,0.1259371,0.3172331,0,250,0.3172331,1257.427,87.80268,47.312,0,0,0,529.0626,285.8911,243.1714,0,745.3856,4046.395,0,0,1.24345e-13,4.263256e-14
naive,2026-01-13 23:00:00,860,23,34.67743,3324.279,83.46555,0,68.68486,0,0,2326.995,2326.678,590.6484,319.5809,910.2293,2,0,0,110.2293,800,0,79.10574,305.1409,0.1525705,0.2046279,0.3172331,0,250,0.3172331,1736.029,75.24038,47.6678,5.741314,0,0,524.6317,391.3958,133.2359,0,710.9768,3866.65,0,0,-9.325873e-14,4.263256e-14
naive,2026-01-13 23:15:00,861,23.25,34.3822,3332.532,73.99034,0,63.34924,0,0,2332.772,2332.455,590.5575,319.5409,910.0983,2,0,0,110.0983,800,0,67.56795,288.2009,0.1441004,0.1921428,0.3172331,0,250,0.3172331,1741.897,75.41101,47.97831,8.045793,0,0,522.1114,389.8643,132.2471,0,709.4052,3861.632,0,0,-4.82947e-14,4.263256e-14
naive,2026-01-13 23:30:00,862,23.5,34.06826,3293.818,67.26065,0,54.9032,0,1,2305.673,2305.355,591.6093,320.0046,911.6138,2,0,0,111.6138,800,0,72.84039,269.9454,0.1349727,0.1814759,0.3172331,0,250,0.3172331,1713.746,76.72937,48.30849,0,0,0,512.0882,380.6217,131.4664,0,700.6263,3799.098,0,-5.684342e-14,-1.978973e-14,4.263256e-14
naive,2026-01-13 23:45:00,863,23.75,33.80193,3299.11,72.62469,0,48.93165,0,1,2309.377,2309.06,590.5618,319.5428,910.1046,2,0,0,110.1046,800,0,61.99829,254.4034,0.1272017,0.1699807,0.3172331,0,250,0.3172331,1718.498,75.92644,48.5886,12.82464,0,0,509.5951,379.2097,130.3854,0,698.7525,3810.599,0,0,2.467471e-14,4.263256e-14
naive,2026-01-14 00:00:00,864,0,33.58485,3305.628,57.13271,4.404669,74.25978,1,1,2313.94,2313.622,570.6598,310.769,881.4288,2,0,0,81.42884,800,0,54.55272,240.7251,0.1203626,0.1601941,0.3172331,0,250,0.3172331,1742.963,56.29349,48.81692,3.442826,3.541834,17.9663,507.9255,382.5922,125.3334,697.3049,0,1351.739,0,-5.684342e-14,-1.856848e-14,4.263256e-14
naive,2026-01-14 00:15:00,865,0.25,33.35469,3329.823,46.62261,1.786523,68.39674,1,1,2330.876,2330.559,577.0208,313.5732,890.594,2,0,0,90.59401,800,0,55.48194,226.8168,0.1134084,0.1515811,0.3172331,0,250,0.3172331,1753.538,62.79637,49.05899,0,1.31244,5.600371,508.8155,382.7862,126.0292,697.582,0,1342.237,0,-1.136868e-13,5.653811e-14,4.263256e-14
naive,2026-01-14 00:30:00,866,0.5,33.11239,3359.548,45.90193,0.6112475,76.45005,1,1,2351.684,2351.366,563.3059,307.527,870.8329,2,0,0,70.83294,800,0,52.961,213.5408,0.1067704,0.1428232,0.3172331,0,250,0.3172331,1788.061,49.23604,49.31382,0,0.4940595,27.21401,510.3883,388.0646,122.3237,701.4979,0,1348.37,0,0,5.151435e-14,4.263256e-14
naive,2026-01-14 00:45:00,867,0.75,32.79362,3318.907,42.71411,0,61.83294,1,1,2323.235,2322.918,567.6886,309.249,876.9376,2,1.76641,0.9659963,74.20524,800,0,54.02873,200,0.1,0.1344635,0.3172331,0,250,0.3172331,1755.229,51.76936,49.64908,0,0,10.06358,500.4059,378.062,122.3438,689.4787,0,1323.102,0,-5.684342e-14,-4.996004e-16,4.263256e-14
naive,2026-01-14 01:00:00,868,1,32.50863,3341.161,46.82104,0,50.80269,1,1,2338.812,2338.495,991.9119,430.7718,1422.684,3,52.34025,0.2906614,70.05282,800,500,0,324.9685,0.1624843,0.1259371,0.3172331,0,250,0.3172331,1346.583,49.03214,49.94882,0,0,1.770556,500.3823,288.0977,212.2846,719.2483,0,1382.304,0,-5.684342e-14,1.24345e-13,4.263256e-14
naive,2026-01-14 01:15:00,869,1.25,32.21005,3314.331,49.20364,0,47.33301,1,1,2320.032,2319.715,567.0452,309.1755,876.2207,2,0,0,76.22072,800,0,46.46647,313.3007,0.1566504,0.2046279,0.3172331,0,250,0.3172331,1752.669,53.53131,50.26285,3.78491,0,0,492.9007,372.3621,120.5386,681.5376,0,1313.059,0,0,-5.77316e-14,4.263256e-14
naive,2026-01-14 01:30:00,870,1.5,31.89127,3302.233,44.35106,0,46.99759,1,1,2311.563,2311.246,560.0984,306.113,866.2114,2,0,0,66.21139,800,0,49.69545,300.8276,0.1504138,0.1972809,0.3172331,0,250,0.3172331,1751.148,46.67041,50.59813,0,0,0.3271795,487.47,369.2877,118.1823,675.4697,0,1294.017,0,-1.136868e-13,-1.545986e-14,4.263256e-14
naive,2026-01-14 01:45:00,871,1.75,31.83885,3328.413,31.46026,0,52.46551,1,1,2329.889,2329.572,557.3134,304.8853,862.1987,2,0,0,62.19873,800,0,49.96637,288.2886,0.1441443,0.1894267,0.3172331,0,250,0.3172331,1772.259,43.86809,50.65326,0,0,8.597418,490.7379,373.2857,117.4521,679.9819,0,1302.979,0,0,5.989653e-14,4.263256e-14
naive,2026-01-14 02:00:00,872,2,31.36408,3316.856,26.54603,0,56.1735,1,1,2321.799,2321.482,548.163,300.8513,849.0144,2,0,0,49.01438,800,0,44.50383,277.1173,0.1385586,0.1815311,0.3172331,0,250,0.3172331,1773.319,34.75547,51.15259,0,0,21.41802,483.7131,369.4452,114.2679,674.7587,0,1291.971,0,0,-2.647882e-14,4.263256e-14
naive,2026-01-14 02:15:00,873,2.25,31.18236,3319.545,37.19819,0,57.8346,1,1,2323.681,2323.364,541.8385,298.0632,839.9017,2,0,0,39.90172,800,0,45.37755,265.7293,0.1328646,0.1744967,0.3172331,0,250,0.3172331,1781.526,28.35181,51.34372,0,0,29.48278,482.0975,369.6157,112.4818,673.7957,0,1289.83,0,-5.684342e-14,-6.52256e-15,4.263256e-14
naive,2026-01-14 02:30:00,874,2.5,30.76614,3352.049,44.97489,0,60.68867,1,1,2346.434,2346.117,538.2606,296.4858,834.7464,2,0,0,34.74638,800,0,52.02603,252.6809,0.1263405,0.1673258,0.3172331,0,250,0.3172331,1807.857,24.80443,51.78147,0,0,35.88425,482.2375,371.5494,110.6881,675.4101,0,1292.566,0,-5.684342e-14,-5.745404e-14,4.263256e-14
naive,2026-01-14 02:45:00,875,2.75,30.50039,3394.72,44.5499,0,65.93211,1,1,2376.304,2375.986,537.3267,296.0741,833.4008,2,0,0,33.40083,800,0,45.82296,241.1854,0.1205927,0.1591095,0.3172331,0,250,0.3172331,1838.66,23.91489,52.06098,0,0,42.01722,485.4595,375.6232,109.8363,680.2812,0,1301.994,0,-5.684342e-14,-5.495604e-15,4.263256e-14
naive,2026-01-14 03:00:00,876,3,30.43122,3388.363,49.33063,0,56.75762,1,1,2371.854,2371.537,553.6053,303.2506,856.8559,2,0,0,56.85589,800,0,56.82701,226.9407,0.1134703,0.1518709,0.3172331,0,250,0.3172331,1817.932,40.7401,52.13373,0,0,16.01752,483.7986,370.8123,112.9863,677.33,0,1296.01,0,0,-5.259682e-14,4.263256e-14
naive,2026-01-14 03:15:00,877,3.25,30.23161,3338.901,60.63911,0.2885393,54.66187,1,1,2337.231,2336.914,548.2277,300.8799,849.1076,2,0,0,49.10758,800,0,54.4327,213.2968,0.1066484,0.1429012,0.3172331,0,250,0.3172331,1788.686,35.26647,52.34366,9.030537,0,19.39541,474.6106,363.2202,111.3905,668.0385,0,1292.768,0,5.684342e-14,2.833844e-14,4.263256e-14
naive,2026-01-14 03:30:00,878,3.5,30.26654,3331.709,65.13737,0,56.57425,1,1,2332.196,2331.879,542.2798,297.8265,840.1063,2,3.62505,2.763131,33.71812,800,0,53.0528,200,0.1,0.1343099,0.3172331,0,250,0.3172331,1789.599,24.20515,52.30693,8.459522,0,32.3691,473.958,363.6893,110.2687,668.094,0,1291.935,0,1.136868e-13,-1.69309e-15,4.263256e-14
naive,2026-01-14 03:45:00,879,3.75,30.00582,3306.465,59.52055,3.424077,47.68105,1,1,2314.525,2314.208,983.9182,425.6976,1409.616,3,65.371,3.52881,40.71604,800,500,0,324.9685,0.1624843,0.1259371,0.3172331,0,250,0.3172331,1330.29,29.31365,52.58114,0,0,18.3674,467.6413,268.7802,198.8612,698.1889,0,1337.224,0,5.684342e-14,1.24345e-13,4.263256e-14
naive,2026-01-14 04:00:00,880,4,29.84721,3292.191,66.17522,3.485649,46.49084,1,1,2304.534,2304.217,537.6714,296.2261,833.8975,2,0,0,33.89751,800,0,78.21538,305.3635,0.1526818,0.2046279,0.3172331,0,250,0.3172331,1766.545,24.44764,52.74795,0,0,22.0432,463.9871,355.6703,108.3168,656.3345,0,1253.327,0,0,-6.483702e-14,4.263256e-14
naive,2026-01-14 04:15:00,881,4.25,29.66034,3301.076,74.83226,0,30.74346,1,1,2310.753,2310.436,542.4923,298.3514,840.8436,2,0,0,40.84364,800,0,79.36725,285.4736,0.1427368,0.1922829,0.3172331,0,250,0.3172331,1767.944,29.51841,52.9445,0,0,1.225059,463.3217,354.4847,108.837,653.0817,0,1246.601,0,0,-1.071643e-13,4.263256e-14
naive,2026-01-14 04:30:00,882,4.5,29.57472,3292.598,91.07474,7.559449,29.79374,1,1,2304.819,2304.501,544.5359,299.2523,843.7882,2,0,0,43.78816,800,0,105.7635,258.9878,0.1294939,0.1797586,0.3172331,0,250,0.3172331,1759.965,31.67645,53.03455,0,5.779931,0,461.2607,352.2199,109.0408,651.4722,0,1253.251,0,1.136868e-13,2.062239e-14,4.263256e-14
naive,2026-01-14 04:45:00,883,4.75,29.4624,3294.089,118.6333,1.459081,44.29118,1,1,2305.863,2305.545,543.705,298.886,842.5911,2,0,0,42.59105,800,0,131.4843,226.076,0.113038,0.1630808,0.3172331,0,250,0.3172331,1761.84,30.84873,53.15268,0,0,13.44244,460.3314,351.7254,108.606,653.295,0,1246.793,0,5.684342e-14,-2.578493e-14,4.263256e-14
naive,2026-01-14 05:00:00,884,5,29.35834,3293.798,148.5008,0,45.40623,1,1,2305.658,2305.341,591.4061,313.1404,904.5465,2,56.94875,0.9457164,46.65201,800,0,104.1616,200,0.1,0.1423567,0.3172331,0,250,0.3172331,1713.935,33.82893,53.26212,0,0,11.5773,459.2412,341.3817,117.8595,656.8281,0,1253.736,0,0,-6.411538e-15,4.263256e-14
naive,2026-01-14 05:15:00,885,5.25,29.33239,3293.819,186.5092,0,35.62699,1,1,2305.674,2305.356,1099.906,460.5731,1560.479,4,202.0372,0.4799179,57.96206,800,500,0,324.9685,0.1624843,0.1259371,0.3172331,0,250,0.3172331,1205.45,42.04225,53.28941,0,0,0,458.9833,239.9652,219.018,700.5384,0,1341.126,0,1.705303e-13,1.24345e-13,4.263256e-14
naive,2026-01-14 05:30:00,886,5.5,29.45594,3249.658,236.0911,1.596394,37.52214,1,1,2274.76,2274.443,551.69,302.4062,854.0961,2,0,0,54.09614,800,0,247.1947,263.1187,0.1315593,0.2046279,0.3172331,0,250,0.3172331,1722.753,39.18467,53.15947,0,1.52732,0,454.0579,343.8734,110.1844,646.2796,0,1235.389,0,0,-3.641532e-14,4.263256e-14
naive,2026-01-14 05:45:00,887,5.75,29.46903,3259.318,288.2462,2.299648,34.05719,1,1,2281.522,2281.205,580.8346,311.1057,891.9403,2,34.87646,0.8841617,56.17963,800,0,252.309,200,0.1,0.165682,0.3172331,0,250,0.3172331,1700.371,40.68797,53.1457,1.060677,1.415486,0,455.5386,339.5033,116.0353,650.609,0,1245.7,0,0,1.357248e-14,4.263256e-14
naive,2026-01-14 06:00:00,888,6,29.486,3271.522,347.3603,6.136337,32.70191,1,1,2290.066,2289.748,1197.929,489.348,1687.277,4,323.4087,0.5492963,63.31859,800,500,0,324.9685,0.1624843,0.1259371,0.3172331,0,250,0.3172331,1091.82,45.84976,53.12786,23.95159,5.587041,0,457.4148,218.0787,239.3361,707.4267,0,1406.039,0,-2.273737e-13,1.24345e-13,4.263256e-14
naive,2026-01-14 06:15:00,889,6.25,29.47375,3329.1,379.4609,5.961732,30.88438,1,1,2330.37,2330.053,552.1445,302.6066,854.7511,2,0,0,54.75107,800,0,368.7081,232.7403,0.1163702,0.2046279,0.3172331,0,250,0.3172331,1777.908,39.65127,53.14074,11.15418,5.5604,0,465.3399,355.0216,110.3183,657.6282,0,1284.306,0,-5.684342e-14,-7.993606e-15,4.263256e-14
naive,2026-01-14 06:30:00,890,6.5,29.42383,3358.66,411.046,3.912302,14.05288,1,1,2351.062,2350.745,764.4053,364.0994,1128.505,3,269.6907,0.3379203,58.47604,800,0,130.8148,200,0.1,0.1465532,0.3172331,0,250,0.3172331,1586.339,42.37229,53.19324,10.54041,3.574381,0,468.9576,316.4212,152.5364,680.5206,0,1325.547,0,-1.136868e-13,-9.353629e-15,4.263256e-14
naive,2026-01-14 06:45:00,891,6.75,29.2948,3370.895,421.3521,4.231417,42.41336,1,1,2359.626,2359.309,1263.839,506.7932,1770.633,4,421.0183,0.019702,49.59451,800,500,0,324.9685,0.1624843,0.1259371,0.3172331,0,250,0.3172331,1095.47,35.98784,53.32895,0.3337619,4.211715,6.425524,469.3372,217.8924,251.4447,725.9637,0,1399.773,0,0,1.24345e-13,4.263256e-14
naive,2026-01-14 07:00:00,892,7,29.23643,3361.192,424.2556,0,45.10064,1,1,2352.834,2352.517,559.2656,305.7459,865.0115,2,0,0,65.01152,800,0,428.7507,217.7297,0.1088648,0.2046279,0.3172331,0,250,0.3172331,1793.251,47.20542,53.39034,0,0,0,467.3893,356.2285,111.1608,661.9744,0,1263.885,0,0,-7.993606e-15,4.263256e-14
naive,2026-01-14 07:15:00,893,7.25,29.33656,3385.118,406.9059,0,44.30106,1,1,2369.582,2369.265,843.7052,389.9568,1233.662,3,346.2036,0.5689349,86.88946,800,0,70.78159,200,0.1,0.1371012,0.3172331,0,250,0.3172331,1525.56,63.02158,53.28503,0,0,0,471.7484,303.7162,168.0323,693.673,0,1327.4,0,-1.136868e-13,4.218847e-15,4.263256e-14
naive,2026-01-14 07:30:00,894,7.5,29.19728,3356.095,411.9102,0,49.52384,1,1,2349.267,2348.949,1262.344,508.9951,1771.339,4,396.9672,1.461328,72.91057,800,500,0,324.9685,0.1624843,0.1259371,0.3172331,0,250,0.3172331,1086.605,52.96382,53.43151,14.94299,0,0,466.2817,215.6691,250.6126,724.6642,0,1414.995,0,-1.705303e-13,1.24345e-13,4.263256e-14
naive,2026-01-14 07:45:00,895,7.75,29.41163,3392.278,369.0595,0,45.13902,1,1,2374.595,2374.278,559.0147,305.6353,864.6499,2,0,0,64.64991,800,0,369.6401,232.5073,0.1162537,0.2046279,0.3172331,0,250,0.3172331,1815.263,46.85224,53.20607,0,0,0,473.5249,361.9869,111.538,667.6221,0,1275.387,0,0,4.884981e-14,4.263256e-14
naive,2026-01-14 08:00:00,896,8,29.49801,3388.658,332.5964,262.8217,50.50167,1,1,2372.061,2371.744,865.769,417.5477,1283.317,3,196.0338,222.2358,65.04707,800,0,129.883,200,0.1,0.1464065,0.3172331,0,250,0.3172331,1505.975,47.09511,53.11522,6.67972,40.58592,3.406564,473.9175,300.8809,173.0366,719.1091,0,1459.997,0,-1.136868e-13,-1.257328e-14,4.263256e-14
naive,2026-01-14 08:15:00,897,8.25,29.53089,3390.545,292.1665,264.3917,70.47791,1,1,2373.381,2373.064,1330.593,552.3078,1882.901,4,285.7916,223.8999,73.20923,800,500,0,324.9685,0.1624843,0.1259371,0.3172331,0,250,0.3172331,1042.471,52.98539,53.08064,6.374961,40.49173,17.49252,474.5242,208.4275,266.0968,764.2327,0,1549.595,0,0,1.24345e-13,4.263256e-14
naive,2026-01-14 08:30:00,898,8.5,29.62954,3444.252,264.2077,266.3079,73.46823,1,1,2410.977,2410.659,572.2996,311.4919,883.7916,2,0,0,83.79157,800,0,461.7242,209.4863,0.1047432,0.2046279,0.3172331,0,250,0.3172331,1838.36,60.57826,52.97689,24.65121,44.14028,12.88997,483.0889,368.3533,114.7356,682.428,0,1423.922,0,0,-7.993606e-15,4.263256e-14
naive,2026-01-14 08:45:00,899,8.75,29.89843,3461.063,221.0159,272.872,76.74814,1,1,2422.744,2422.427,872.7194,425.5647,1298.284,3,154.3974,227.2734,116.6133,800,0,37.81336,200,0.1,0.1319105,0.3172331,0,250,0.3172331,1549.707,84.05636,52.69409,28.80515,45.59857,0,488.3409,312.3671,175.9738,737.9319,0,1544.929,0,-5.684342e-14,2.470246e-15,4.263256e-14
naive,2026-01-14 09:00:00,900,9,30.13959,3474.211,171.6879,276.5252,67.29705,1,1,2431.948,2431.63,1277.415,543.5643,1820.979,4,162.2206,230,128.7586,800,500,0,324.9685,0.1624843,0.1259371,0.3172331,0,250,0.3172331,1154.215,92.5624,52.44045,9.46731,46.5252,0,492.8313,233.9004,258.9309,777.4647,0,1592.521,0,0,1.24345e-13,4.263256e-14
naive,2026-01-14 09:15:00,901,9.25,30.37727,3461.366,138.9065,278.448,74.67828,1,1,2422.956,2422.639,627.8183,335.9673,963.7856,2,0,0,163.7856,800,0,366.4152,233.3136,0.1166568,0.2046279,0.3172331,0,250,0.3172331,1794.82,117.4313,52.19047,7.3357,43.60363,0,493.6245,365.6556,127.9689,701.6229,0,1432.402,0,0,-7.993606e-15,4.263256e-14
naive,2026-01-14 09:30:00,902,9.5,30.82072,3521.396,106.9901,280.8116,105.6366,1,1,2464.977,2464.66,793.3548,408.9439,1202.299,3,0,219.5775,182.7211,800,0,133.1073,200,0.1,0.1469141,0.3172331,0,250,0.3172331,1671.305,130.3595,51.72408,0,41.57578,0,507.226,343.9096,163.3164,752.8535,0,1519.236,0,0,7.382983e-15,4.263256e-14
naive,2026-01-14 09:45:00,903,9.75,31.34667,3470.737,83.21117,283.746,122.283,1,1,2429.516,2429.199,1268.418,548.3435,1816.762,4,88.7049,237.6425,190.4146,800,500,0,324.9685,0.1624843,0.1259371,0.3172331,0,250,0.3172331,1160.78,135.0471,51.17091,0,46.10353,0,505.9524,241.7352,264.2172,790.0787,0,1602.119,0,0,1.24345e-13,4.263256e-14
naive,2026-01-14 10:00:00,904,10,31.40447,3514.556,63.97533,288.3717,133.5165,1,1,2460.189,2459.872,658.0674,349.3026,1007.37,3,0,0,207.37,800,0,311.5824,247.0218,0.1235109,0.2046279,0.3172331,0,250,0.3172331,1801.804,146.9764,51.11012,0,47.94306,0,513.0195,375.7275,137.2919,725.0301,0,1475.263,0,0,-6.483702e-14,4.263256e-14
naive,2026-01-14 10:15:00,905,10.25,31.75587,3548.199,61.52822,291.2765,154.6565,1,1,2483.74,2483.422,744.5159,387.4133,1131.929,3,0,116.5859,215.3433,800,0,187.9315,200,0.1,0.155546,0.3172331,0,250,0.3172331,1738.906,152.0222,50.74053,0,48.836,2.6343,522.1391,365.5581,156.581,753.5252,0,1534.209,0,-1.705303e-13,-9.714451e-16,4.263256e-14
naive,2026-01-14 10:30:00,906,10.5,31.89779,3583.147,51.77214,287.1446,149.9492,1,1,2508.203,2507.886,1283.726,559.4049,1843.131,4,52.44977,247.6215,243.06,800,500,0,324.9685,0.1624843,0.1259371,0.3172331,0,250,0.3172331,1224.159,171.313,50.59127,0,39.52303,0,529.0179,258.1937,270.8242,817.5986,0,1646.459,0,0,1.24345e-13,4.263256e-14
naive,2026-01-14 10:45:00,907,10.75,31.96724,3586.2,53.83747,291.5624,164.5131,1,1,2510.34,2510.023,696.4135,366.2074,1062.621,3,0,0,262.6209,800,0,292.2106,251.8647,0.1259324,0.2046279,0.3172331,0,250,0.3172331,1813.609,184.954,50.51823,10.21096,42.97832,0,530.3232,383.135,147.1882,749.3424,0,1533.603,0,-1.136868e-13,-7.993606e-15,4.263256e-14
naive,2026-01-14 11:00:00,908,11,32.15549,3580.627,56.67147,287.4267,182.0451,0,0,2506.439,2506.122,788.9191,406.9884,1195.908,3,0,92.86085,303.0467,800,0,207.3002,200,0.1,0.1585955,0.3172331,0,250,0.3172331,1717.203,212.9679,50.32024,8.850556,35.08652,0,531.8256,364.3625,167.4631,0,771.3509,4261.611,0,-1.136868e-13,-6.467049e-15,4.263256e-14
naive,2026-01-14 11:15:00,909,11.25,32.55036,3653.438,46.30616,291.5088,207.7357,0,0,2557.407,2557.09,1346.316,586.9285,1933.244,4,53.02944,254.0951,326.1198,800,500,0,324.9685,0.1624843,0.1259371,0.3172331,0,250,0.3172331,1210.774,228.1525,49.90493,0,37.41378,0,547.6879,259.2963,288.3916,0,846.2248,4662.632,0,-1.136868e-13,1.24345e-13,4.263256e-14
naive,2026-01-14 11:30:00,910,11.5,32.77287,3679.901,41.89646,295.0822,217.472,0,0,2575.931,2575.614,749.1973,389.4771,1138.674,3,0,0,338.6745,800,0,306.5043,248.2913,0.1241456,0.2046279,0.3172331,0,250,0.3172331,1826.416,236.3328,49.67091,0,38.47968,0,554.5618,393.2018,161.36,0,782.679,4315.232,0,0,-7.993606e-15,4.263256e-14
naive,2026-01-14 11:45:00,911,11.75,32.97592,3715.567,43.82821,292.8197,243.663,0,0,2600.897,2600.58,865.5086,440.7528,1306.261,3,0,122.8136,383.4479,800,0,193.0087,200,0.1,0.1563454,0.3172331,0,250,0.3172331,1735.071,266.9536,49.45735,0,34.66656,0,562.6422,375.3414,187.3008,0,816.0942,4492.679,0,-1.136868e-13,-1.176836e-14,4.263256e-14
naive,2026-01-14 12:00:00,912,12,33.42668,3677.956,41.29469,301.1309,275.2407,0,0,2574.569,2574.252,1394.493,605.5072,2000,4,48.1988,261.0842,434.4324,756.2846,500,0,324.9685,0.1624843,0.1259371,0.3172331,0,250,0.3172331,1179.759,300.882,46.30661,0,40.04669,0,562.9855,257.98,305.0055,0,863.4872,4766.165,0,0,1.24345e-13,4.263256e-14
naive,2026-01-14 12:15:00,913,12.25,33.75694,3719.338,48.53841,299.8771,315.9171,0,0,2603.536,2603.219,846.2611,432.2676,1278.529,3,0,0,478.5287,800,0,306.149,248.3801,0.1241901,0.2046279,0.3172331,0,250,0.3172331,1756.958,330.1583,48.63592,3.398216,38.86834,0,573.8786,387.2735,186.6051,0,819.5411,4525.67,0,-5.684342e-14,-7.993606e-15,4.263256e-14
naive,2026-01-14 12:30:00,914,12.5,34.00761,3766.744,35.81924,300.2839,342.4771,0,0,2636.721,2636.404,945.3207,475.9379,1421.259,3,0,114.1683,507.0902,800,0,193.3641,200,0.1,0.1564013,0.3172331,0,250,0.3172331,1691.083,348.8472,48.37228,0,41.68622,0,584.7473,375.0326,209.7147,0,850.9705,4697.828,0,-1.136868e-13,7.688294e-15,4.263256e-14
naive,2026-01-14 12:45:00,915,12.75,34.50292,3788.067,45.24585,297.6241,383.258,0,0,2651.647,2651.33,1400.34,599.6605,2000,4,45.01876,256.183,561.4795,637.3187,500,0,324.9685,0.1624843,0.1259371,0.3172331,0,250,0.3172331,1250.99,384.0389,38.12069,0.2270886,41.4411,0,595.2498,280.8261,314.4237,0,880.4865,4871.668,0,0,1.24345e-13,4.263256e-14
naive,2026-01-14 13:00:00,916,13,34.81743,3738.486,55.5627,300.1729,421.0221,0,0,2616.94,2616.623,931.9721,470.0532,1402.025,3,0,0,602.0254,800,0,297.9351,250.4336,0.1252168,0.2046279,0.3172331,0,250,0.3172331,1684.651,410.2565,47.52055,14.44999,43.35046,10.76555,592.0569,381.1356,210.9213,0,853.6244,4741.179,0,0,-7.993606e-15,4.263256e-14
naive,2026-01-14 13:15:00,917,13.25,34.96706,3712.496,50.30281,301.5394,434.5182,0,0,2598.747,2598.43,1036.781,516.2583,1553.04,4,0,101.0759,651.9638,800,0,201.5766,200,0.1,0.1576944,0.3172331,0,250,0.3172331,1561.648,443.5071,47.36318,4.366602,44.82307,0,590.1384,354.6281,235.5103,0,870.8863,4821.443,0,-1.136868e-13,2.553513e-15,4.263256e-14
naive,2026-01-14 13:30:00,918,13.5,35.06446,3652.557,31.76051,301.7342,435.4814,0,0,2556.79,2556.473,1408.234,591.7662,2000,4,53.82041,256.9887,691.4459,497.745,500,0,324.9685,0.1624843,0.1259371,0.3172331,0,250,0.3172331,1148.239,469.8267,29.40475,0,44.74555,0,582.0265,261.3846,320.6419,0,853.1508,4736.435,0,0,1.24345e-13,4.263256e-14
naive,2026-01-14 13:45:00,919,13.75,35.24342,3679.799,41.14375,306.4514,464.797,0,0,2575.859,2575.542,1030.732,513.5914,1544.323,4,0,0,744.3234,800,0,302.7101,249.2398,0.1246199,0.2046279,0.3172331,0,250,0.3172331,1544.81,504.6905,47.07252,0,51.31172,0,589.0069,353.2428,235.7641,0,866.8342,4803.144,0,0,-7.993606e-15,4.263256e-14
naive,2026-01-14 14:00:00,920,14,35.49158,3719.504,53.71239,307.51,479.6227,1,1,2603.653,2603.336,1129.417,557.0967,1686.514,4,0,112.3329,774.1811,800,0,196.8024,200,0.1,0.1569427,0.3172331,0,250,0.3172331,1473.918,523.3986,46.81152,0,53.55345,0,599.102,339.1494,259.9525,896.2462,0,1832.209,0,1.136868e-13,5.745404e-15,4.263256e-14
naive,2026-01-14 14:15:00,921,14.25,35.83046,3730.867,64.64467,296.713,498.8139,1,1,2611.607,2611.289,1412.719,587.2815,2000,4,48.28553,253.6141,796.584,401.5164,500,0,324.9685,0.1624843,0.1259371,0.3172331,0,250,0.3172331,1198.571,536.3848,23.31561,16.35914,43.09888,0,606.1312,278.1779,327.9533,865.4594,0,1807.254,0,0,1.24345e-13,4.263256e-14
naive,2026-01-14 14:30:00,922,14.5,36.14411,3717.093,84.98331,293.5788,535.5699,1,1,2601.965,2601.648,1077.548,534.2301,1611.778,4,0,0,811.7779,800,0,294.2956,251.3435,0.1256717,0.2046279,0.3172331,0,250,0.3172331,1524.1,544.5789,46.12522,40.88947,43.37706,0,608.7681,356.5857,252.1824,890.8158,0,1875.101,0,0,4.884981e-14,4.263256e-14
naive,2026-01-14 14:45:00,923,14.75,36.34887,3691.395,88.26861,290.5902,544.8093,1,1,2583.976,2583.659,1141.186,562.285,1703.471,4,0,94.82962,808.6416,800,0,205.2156,200,0.1,0.1582673,0.3172331,0,250,0.3172331,1442.473,541.1502,45.90986,37.82747,40.98612,3.659085,607.7623,339.2758,268.4865,902.4215,0,1889.148,0,0,-5.162537e-15,4.263256e-14
naive,2026-01-14 15:00:00,924,15,36.37246,3714.957,75.70907,289.5428,550.2803,1,1,2600.47,2600.152,1414.418,585.5825,2000,4,51.02153,249.5012,826.6459,372.8314,500,0,324.9685,0.1624843,0.1259371,0.3172331,0,250,0.3172331,1185.735,553.0429,21.38424,24.68754,40.04162,0,612.015,279.0602,332.9548,864.6427,0,1816.886,0,-2.273737e-13,1.24345e-13,4.263256e-14
naive,2026-01-14 15:15:00,925,15.25,36.65948,3681.623,59.33208,285.3875,534.0534,1,1,2577.136,2576.819,1088.804,539.1922,1627.996,4,0,0,827.9959,800,0,305.3893,248.57,0.124285,0.2046279,0.3172331,0,250,0.3172331,1488.015,552.0448,45.58318,5.957554,33.37277,0,611.0641,352.8229,258.2412,892.0152,0,1800.594,0,-1.136868e-13,-6.483702e-14,4.263256e-14
naive,2026-01-14 15:30:00,926,15.5,36.82072,3729.556,60.20498,284.3412,543.8001,1,1,2610.689,2610.372,1164.219,572.4392,1736.659,4,0,111.987,824.6717,800,0,194.1236,200,0.1,0.1565209,0.3172331,0,250,0.3172331,1446.152,548.7648,45.41361,1.12408,37.31153,0,621.6339,344.3448,277.289,916.7841,0,1848.779,0,-2.273737e-13,-2.303713e-15,4.263256e-14
naive,2026-01-14 15:45:00,927,15.75,36.81159,3728.617,61.37028,292.335,523.3085,1,1,2610.032,2609.715,1416.514,583.486,2000,4,73.02361,245.02,814.5776,367.3788,500,0,324.9685,0.1624843,0.1259371,0.3172331,0,250,0.3172331,1193.201,542.1073,20.8594,0,47.31498,0,621.329,284.0464,337.2826,867.5324,0,1793.216,0,0,1.24345e-13,4.263256e-14
naive,2026-01-14 16:00:00,928,16,36.77,3747.801,62.27483,286.8777,499.2739,1,1,2623.46,2623.143,1076.611,533.817,1610.428,4,0,0,810.4276,800,0,323.1509,244.1296,0.1220648,0.2046279,0.3172331,0,250,0.3172331,1546.533,539.6151,45.46694,0,44.03571,0,623.8463,367.758,256.0883,901.575,0,1827.961,0,2.273737e-13,-7.993606e-15,4.263256e-14
naive,2026-01-14 16:15:00,929,16.25,36.90478,3726.154,76.53969,285.8137,507.1478,1,1,2608.308,2607.991,1174.581,577.0072,1751.588,4,0,148.5495,803.0389,800,0,176.3648,200,0.1,0.1537248,0.3172331,0,250,0.3172331,1433.41,533.8296,45.32519,0,46.1234,0,622.4374,342.0638,280.3736,919.071,0,1866.714,0,0,-1.321165e-14,4.263256e-14
naive,2026-01-14 16:30:00,930,16.5,37.0386,3694.517,91.54917,284.4545,496.823,1,1,2586.162,2585.844,1419,580.9995,2000,4,103.7947,238.283,789.4901,368.4322,500,0,324.9685,0.1624843,0.1259371,0.3172331,0,250,0.3172331,1166.844,523.9776,20.80926,0,46.17151,0,619.328,279.4331,339.8949,860.4326,0,1777.101,0,1.136868e-13,1.24345e-13,4.263256e-14
naive,2026-01-14 16:45:00,931,16.75,37.21571,3685.242,126.9839,282.9766,499.3234,1,1,2579.669,2579.352,1030.818,513.6292,1544.447,4,0,0,744.4471,800,0,364.4582,233.8028,0.1169014,0.2046279,0.3172331,0,250,0.3172331,1548.534,493.0282,44.99817,0.6231691,44.87905,6.295206,620.669,372.5777,248.0913,887.7216,0,1803.312,0,0,-7.993606e-15,4.263256e-14
naive,2026-01-14 17:00:00,932,17,37.10796,3638.866,139.5018,280.9857,481.7139,1,1,2547.206,2546.889,1204.247,588.6272,1792.874,4,12.25734,235.6289,744.9878,800,0,135.064,200,0.1,0.1472222,0.3172331,0,250,0.3172331,1342.642,494.0285,45.1115,0,45.35677,0,611.1158,322.1215,288.9943,910.7487,0,1848.987,0,0,-1.013079e-14,4.263256e-14
naive,2026-01-14 17:15:00,933,17.25,37.39563,3613.222,149.8098,273.8283,475.1137,1,1,2529.255,2528.938,1422.84,577.1601,2000,4,168.6469,233.7291,699.6922,397.9319,500,0,324.9685,0.1624843,0.1259371,0.3172331,0,250,0.3172331,1106.098,462.3811,22.28863,0,40.09921,12.7327,611.451,267.4008,344.0502,847.6391,0,1739.375,0,2.273737e-13,1.24345e-13,4.263256e-14
naive,2026-01-14 17:30:00,934,17.5,37.17321,3591.045,174.9695,268.9379,446.0215,1,1,2513.732,2513.414,973.1771,488.2184,1461.395,3,0,0,661.3955,800,0,427.7365,217.9832,0.1089916,0.2046279,0.3172331,0,250,0.3172331,1540.237,438.2501,45.04287,0,35.60871,7.771423,604.1249,370.1651,233.9598,860.2512,0,1731.254,0,5.684342e-14,-6.483702e-14,4.263256e-14
naive,2026-01-14 17:45:00,935,17.75,37.16945,3547.188,211.3918,264.0047,437.4637,1,1,2483.031,2482.714,1230.876,583.3233,1814.2,4,155.5292,227.2381,631.4323,800,0,71.79564,200,0.1,0.1372608,0.3172331,0,250,0.3172331,1251.838,418.4151,45.04682,0,36.76655,19.04866,596.6874,300.8242,295.8633,888.725,0,1790.195,0,0,-4.052314e-15,4.263256e-14
naive,2026-01-14 18:00:00,936,18,37.32897,3546.49,240.5241,3.710921,439.2901,1,1,2482.543,2482.225,1419.488,580.512,2000,4,264.6408,2.123815,615.7028,617.5325,500,0,324.9685,0.1624843,0.1259371,0.3172331,0,250,0.3172331,1062.737,407.2063,34.64284,0,1.587106,32.08386,599.0962,256.4637,342.6326,844.7183,0,1653.201,0,0,1.24345e-13,4.263256e-14
naive,2026-01-14 18:15:00,937,18.25,37.42941,3499.035,290.8149,5.700578,403.3257,1,1,2449.324,2449.007,900.7961,456.3093,1357.105,3,0,0,557.1054,800,0,296.5595,250.7775,0.1253887,0.2046279,0.3172331,0,250,0.3172331,1548.211,368.0042,44.77342,0,3.194046,35.32152,592.66,374.6187,218.0413,839.4747,0,1634.089,0,0,-6.483702e-14,4.263256e-14
naive,2026-01-14 18:30:00,938,18.5,37.24895,3435.645,331.5792,0.9556664,377.4588,1,0,2404.952,2404.634,973.4129,473.2614,1446.674,3,126.6061,1.773264,518.295,800,0,202.9521,200,0.1,0.1579109,0.3172331,0,250,0.3172331,1431.221,343.1156,44.96321,2.021064,0,34.34317,579.1414,344.6554,234.486,826.1871,0,1605.277,0,0,9.686696e-15,4.263256e-14
naive,2026-01-14 18:45:00,939,18.75,37.25867,3423.46,361.9393,0.6107056,348.4931,0,0,2396.422,2396.105,1425.382,574.618,2000,4,356.1517,0.2884194,493.677,649.8829,500,0,324.9685,0.1624843,0.1259371,0.3172331,0,250,0.3172331,970.7226,326.78,36.51772,5.787593,0.3222862,21.71315,577.2359,233.8219,343.414,0,813.6701,4444.642,0,0,1.24345e-13,4.263256e-14
naive,2026-01-14 19:00:00,940,19,37.33197,3414.77,370.1185,1.327662,330.1213,0,0,2390.339,2390.022,833.0642,426.4497,1259.514,3,0,0,459.5139,800,0,381.2099,229.6149,0.1148074,0.2046279,0.3172331,0,250,0.3172331,1556.958,303.8969,44.8759,0,0.8853673,26.22443,576.8912,375.7606,201.1306,0,808.5394,4398.009,0,-5.684342e-14,-7.993606e-15,4.263256e-14
naive,2026-01-14 19:15:00,941,19.25,37.32217,3399.185,379.0612,0.9106386,305.1276,0,0,2379.43,2379.113,1019.782,476.4701,1496.252,3,271.4722,1.329195,423.4506,800,0,118.3149,200,0.1,0.1445851,0.3172331,0,250,0.3172331,1359.331,280.0798,44.88621,0,0,25.04773,574.1089,327.9793,246.1296,0,810.4929,4407.214,0,0,-5.689893e-15,4.263256e-14
naive,2026-01-14 19:30:00,942,19.5,37.06984,3391.086,392.6365,0.6137559,274.899,0,0,2373.76,2373.443,1425.154,574.8462,2000,4,396.9113,2.101651,381.1303,719.8567,500,0,324.9685,0.1624843,0.1259371,0.3172331,0,250,0.3172331,948.289,252.8576,40.62834,0,0,22.04138,568.9308,227.2811,341.6497,0,807.4101,4395.049,0,0,1.24345e-13,4.263256e-14
naive,2026-01-14 19:45:00,943,19.75,37.15157,3385.905,404.4534,0,247.0104,0,0,2370.133,2369.816,763.8986,395.9582,1159.857,3,0,0,359.8568,800,0,395.878,225.9479,0.1129739,0.2046279,0.3172331,0,250,0.3172331,1605.918,238.5085,45.06563,9.491326,0,8.501851,569.2883,385.7294,183.5589,0,783.7296,4276.187,0,1.136868e-13,-6.483702e-14,4.263256e-14
naive,2026-01-14 20:00:00,944,20,36.78366,3382.76,389.4112,0,211.8228,0,0,2367.932,2367.615,973.1615,454.5195,1427.681,3,283.2235,3.475024,340.9825,800,0,103.6492,200,0.1,0.1422761,0.3172331,0,250,0.3172331,1394.454,227.0025,45.45258,2.538549,0,0,563.2842,331.7129,231.5713,0,786.2324,4277.523,0,0,1.887379e-15,4.263256e-14
naive,2026-01-14 20:15:00,945,20.25,36.62377,3371.009,375.327,0,197.6602,0,0,2359.707,2359.389,1382.114,566.9345,1949.049,4,353.7689,3.324047,291.9557,800,500,0,324.9685,0.1624843,0.1259371,0.3172331,0,250,0.3172331,977.2751,194.7374,45.62075,21.55809,0,2.922871,558.9886,231.5058,327.4828,0,799.1326,4381.094,0,0,1.24345e-13,4.263256e-14
naive,2026-01-14 20:30:00,946,20.5,36.3046,3357.264,348.0677,0,164.6376,0,0,2350.085,2349.768,710.6701,372.4924,1083.163,3,0,0,283.1625,800,0,328.8542,242.7038,0.1213519,0.2046279,0.3172331,0,250,0.3172331,1639.098,189.5952,45.95643,21.29058,0,0,552.1175,385.0816,167.0359,0,757.574,4151.683,0,-5.684342e-14,-7.993606e-15,4.263256e-14
naive,2026-01-14 20:45:00,947,20.75,36.05904,3302.723,310.0892,0,149.0995,0,0,2311.906,2311.589,776.9805,387.5904,1164.571,3,118.8218,2.018825,243.7303,800,0,170.6624,200,0.1,0.152827,0.3172331,0,250,0.3172331,1534.608,163.6716,46.21469,20.605,0,0,539.7229,358.2599,181.463,0,745.8503,4085.729,0,-1.705303e-13,9.242607e-15,4.263256e-14
naive,2026-01-14 21:00:00,948,21,35.81526,3312.362,282.0436,0.2218653,133.1666,0,0,2318.653,2318.336,1270.346,527.7889,1798.135,4,268.6356,0.2411399,229.2581,800,500,0,324.9685,0.1624843,0.1259371,0.3172331,0,250,0.3172331,1047.99,154.4003,46.47109,13.40796,0,0,537.9305,243.135,294.7955,0,770.9239,4210.93,0,2.273737e-13,1.24345e-13,4.263256e-14
naive,2026-01-14 21:15:00,949,21.25,35.66993,3332.718,252.936,3.40338,131.7228,0,0,2332.903,2332.586,663.5322,351.7117,1015.244,3,0,0,215.2439,800,0,240.9771,264.6731,0.1323365,0.2046279,0.3172331,0,250,0.3172331,1669.053,145.2123,46.62394,12.01248,3.349758,0,539.2365,385.7917,153.4448,0,737.5034,4030.317,0,-5.684342e-14,4.884981e-14,4.263256e-14
naive,2026-01-14 21:30:00,950,21.5,35.28282,3309.76,209.435,0,100.9411,0,0,2316.832,2316.515,648.9861,345.2991,994.2851,2,0,0,194.2851,800,0,207.9032,212.6556,0.1063278,0.1666608,0.3172331,0,250,0.3172331,1667.529,131.6743,47.03108,3.186941,0,0,530.3023,381.6825,148.6198,0,726.9816,3950.986,0,-5.684342e-14,2.470246e-15,4.263256e-14
naive,2026-01-14 21:45:00,951,21.75,35.08358,3279.128,164.91,0,99.58022,0,0,2295.39,2295.073,733.6349,367.3979,1101.033,3,127.9308,4.990919,168.1111,800,0,50.48853,200,0.1,0.1339061,0.3172331,0,250,0.3172331,1561.438,114.2031,47.24063,0,0,0,522.7719,355.6153,167.1566,0,723.0132,3923.427,0,-1.705303e-13,-3.247402e-15,4.263256e-14
naive,2026-01-14 22:00:00,952,22,35.01745,3299.076,135.2942,1.91222,87.47352,0,0,2309.353,2309.036,1134.822,482.8875,1617.709,4,143.8508,4.009662,169.849,800,500,0,324.9685,0.1624843,0.1259371,0.3172331,0,250,0.3172331,1174.214,115.4736,47.31018,0,0,0,525.082,266.9833,258.0988,0,749.8708,4071.065,0,5.684342e-14,1.24345e-13,4.263256e-14
naive,2026-01-14 22:15:00,953,22.25,34.78247,3273.851,128.3491,0.8201428,93.24823,0,0,2291.696,2291.378,612.9991,329.4342,942.4333,2,0,0,142.4333,800,0,118.443,295.3066,0.1476533,0.2046279,0.3172331,0,250,0.3172331,1678.379,97.10251,47.55732,10.10161,0.6246852,0,518.0228,379.3867,138.6361,0,708.8209,3863.516,0,1.136868e-13,6.217249e-15,4.263256e-14
naive,2026-01-14 22:30:00,954,22.5,34.60253,3274.676,111.9602,0.8409128,77.72325,0,0,2292.273,2291.956,604.6278,325.7438,930.3715,2,0,0,130.3715,800,0,106.5558,268.6212,0.1343106,0.1859502,0.3172331,0,250,0.3172331,1687.328,89.0672,47.74657,5.877533,0.3677885,0,515.8453,379.7106,136.1348,0,705.4543,3837.057,0,0,2.409184e-14,4.263256e-14
naive,2026-01-14 22:45:00,955,22.75,34.40212,3282.684,97.9572,0,77.90241,0,0,2297.879,2297.561,595.21,321.5919,916.8019,2,0,0,116.8019,800,0,97.34513,244.2426,0.1221213,0.1691468,0.3172331,0,250,0.3172331,1702.351,79.98397,47.95735,1.660651,0,0,514.5541,381.2003,133.3539,0,702.7922,3814.27,0,5.684342e-14,3.01148e-14,4.263256e-14
naive,2026-01-14 23:00:00,956,23,34.04337,3305.152,87.31381,0,57.30788,0,0,2313.606,2313.289,586.9428,317.9474,904.8902,2,0,0,104.8902,800,0,81.53489,223.8204,0.1119102,0.153796,0.3172331,0,250,0.3172331,1726.346,72.12806,48.33467,6.443538,0,0,513.5379,383.1872,130.3507,0,701.1345,3812.979,0,1.136868e-13,-1.323941e-14,4.263256e-14
naive,2026-01-14 23:15:00,957,23.25,33.73294,3375.617,80.2114,1.079101,72.8412,0,0,2362.932,2362.614,583.7972,316.5606,900.3578,2,0,0,100.3578,800,0,71.13173,206.0023,0.1030011,0.1409364,0.3172331,0,250,0.3172331,1778.817,69.26059,48.66116,9.861752,0.297019,3.580609,520.5409,391.8637,128.6772,0,709.2131,3863.452,0,0,4.177214e-14,4.263256e-14
naive,2026-01-14 23:30:00,958,23.5,33.47691,3343.954,70.18551,6.142056,43.1697,0,1,2340.768,2340.451,615.0805,325.0276,940.1081,2,44.75683,1.180496,94.17082,800,0,23.87935,200,0.1,0.1297166,0.3172331,0,250,0.3172331,1725.37,65.1836,48.93044,1.549329,4.961561,0,512.4789,377.746,134.7329,0,702.7736,3821.44,0,5.684342e-14,1.44329e-15,4.263256e-14
naive,2026-01-14 23:45:00,959,23.75,33.27697,3236.296,55.11447,5.557216,27.64468,1,1,2265.408,2265.09,1016.523,439.9008,1456.424,3,66.80673,1.015574,88.6017,800,500,0,324.9685,0.1624843,0.1259371,0.3172331,0,250,0.3172331,1248.567,61.47046,49.14072,0,4.541641,0,493.603,272.0466,221.5564,711.9474,0,1376.446,0,-5.684342e-14,1.24345e-13,4.263256e-14
naive,2026-01-15 00:00:00,960,0,33.28091,3240.473,41.7101,0,29.14136,1,1,2268.331,2268.014,580.2974,315.0177,895.3151,2,0,0,95.31514,800,0,58.27737,310.348,0.155174,0.2046279,0.3172331,0,250,0.3172331,1687.717,66.12514,49.13658,0,0,0,494.2867,367.7663,126.5204,682.784,0,1310.289,0,0,4.884981e-14,4.263256e-14
naive,2026-01-15 00:15:00,961,0.25,33.23076,3219.582,39.15639,0,17.45109,1,1,2253.707,2253.39,580.0182,314.8947,894.9129,2,0,0,94.91285,800,0,51.64199,297.3887,0.1486943,0.1954216,0.3172331,0,250,0.3172331,1673.372,65.88413,49.18932,0,0,0,490.5104,364.2027,126.3077,679.0974,0,1302.857,0,0,2.584044e-14,4.263256e-14
naive,2026-01-15 00:30:00,962,0.5,32.90571,3240.502,42.07371,0,51.58043,1,1,2268.351,2268.034,577.933,313.9754,891.9085,2,0,0,91.90845,800,0,49.44072,284.9817,0.1424908,0.1872613,0.3172331,0,250,0.3172331,1690.101,64.03761,49.53119,0,0,0,489.8854,365.0033,124.8821,678.9787,0,1302.235,0,5.684342e-14,1.523781e-14,4.263256e-14
naive,2026-01-15 00:45:00,963,0.75,32.59049,3249.703,51.39957,0,66.26975,1,1,2274.792,2274.475,570.9691,310.9054,881.8745,2,0,0,81.87453,800,0,49.14333,272.651,0.1363255,0.1794488,0.3172331,0,250,0.3172331,1703.506,57.2529,49.86272,2.665636,0,9.016853,487.6249,365.1638,122.461,678.0021,0,1304.507,0,0,-4.526934e-14,4.263256e-14
naive,2026-01-15 01:00:00,964,1,32.20535,3271.468,39.99537,0.3563986,40.53318,1,1,2290.028,2289.711,563.4562,307.5933,871.0495,2,0,0,71.04951,800,0,49.67887,260.1883,0.1300942,0.1716843,0.3172331,0,250,0.3172331,1726.254,49.90214,50.2678,0,0.247043,0,486.4728,366.7099,119.7629,674.3032,0,1292.481,0,-5.684342e-14,7.210899e-14,4.263256e-14
naive,2026-01-15 01:15:00,965,1.25,31.65844,3263.468,58.39985,0.752286,35.42991,1,1,2284.428,2284.11,563.4009,307.569,870.9699,2,0,0,70.9699,800,0,48.20092,248.0971,0.1240486,0.1638368,0.3172331,0,250,0.3172331,1720.71,50.15673,50.84301,10.67064,0.2805833,0,479.1596,360.9195,118.2401,668.4884,0,1298.669,0,5.684342e-14,-1.229572e-14,4.263256e-14
naive,2026-01-15 01:30:00,966,1.5,31.59883,3281.802,53.87182,0,38.94459,1,1,2297.262,2296.944,560.124,306.1243,866.2483,2,0,0,66.24829,800,0,46.88514,236.3368,0.1181684,0.1562231,0.3172331,0,250,0.3172331,1736.82,46.85141,50.90569,8.055459,0,0,481.1898,363.7984,117.3913,669.9227,0,1296.472,0,-5.684342e-14,3.574918e-14,4.263256e-14
naive,2026-01-15 01:45:00,967,1.75,31.44303,3258.792,49.73472,0,43.13535,1,1,2281.154,2280.837,561.8544,306.8872,868.7416,2,0,0,68.74159,800,0,39.86621,226.333,0.1131665,0.1488178,0.3172331,0,250,0.3172331,1718.983,48.70038,51.06956,10.42127,0,0,476.1068,358.7742,117.3326,665.6614,0,1291.846,0,5.684342e-14,5.320744e-14,4.263256e-14
naive,2026-01-15 02:00:00,968,2,30.97061,3273.63,56.81292,0,31.45601,1,1,2291.541,2291.224,559.6055,305.8957,865.5012,2,0,0,65.50116,800,0,34.65969,217.6325,0.1088162,0.1425186,0.3172331,0,250,0.3172331,1731.618,46.65223,51.56642,22.589,0,0,473.1429,357.5336,115.6093,663.4293,0,1307.812,0,-5.684342e-14,-3.680389e-14,4.263256e-14
naive,2026-01-15 02:15:00,969,2.25,30.76989,3238.698,53.49982,0,38.77146,1,1,2267.089,2266.772,557.528,304.9799,862.5078,2,0,0,62.50781,800,0,41.0644,207.3321,0.1036661,0.13704,0.3172331,0,250,0.3172331,1709.244,44.62063,51.77754,12.64472,0,0,465.9698,351.3122,114.6576,656.292,0,1276.146,0,-5.684342e-14,3.519407e-14,4.263256e-14
naive,2026-01-15 02:30:00,970,2.5,30.88815,3216.132,52.94573,0,34.59753,1,1,2251.292,2250.975,572.0419,309.1599,881.2018,2,18.64844,0.4734979,62.07983,800,0,29.19799,200,0.1,0.130554,0.3172331,0,250,0.3172331,1678.933,44.25639,51.65315,5.099303,0,0,463.9637,346.0075,117.9562,655.1674,0,1261.021,0,0,-3.330669e-16,4.263256e-14
naive,2026-01-15 02:45:00,971,2.75,30.76891,3219.966,58.37746,0,42.87518,1,1,2253.976,2253.659,982.7854,427.6485,1410.434,3,44.77387,0.3480616,65.3119,800,500,0,324.9685,0.1624843,0.1259371,0.3172331,0,250,0.3172331,1270.874,46.62282,51.77856,13.60358,0,0,463.2645,261.2054,202.0592,688.8538,0,1342.923,0,5.684342e-14,1.24345e-13,4.263256e-14
naive,2026-01-15 03:00:00,972,3,30.66417,3243.803,49.53838,0,26.59833,1,1,2270.662,2270.345,561.9304,306.9207,868.851,2,0,0,68.85103,800,0,52.76927,311.725,0.1558625,0.2046279,0.3172331,0,250,0.3172331,1708.415,49.20691,51.88872,0,0,0,465.5915,350.3045,115.2869,657.2252,0,1256.076,0,0,2.753353e-14,4.263256e-14
naive,2026-01-15 03:15:00,973,3.25,30.53283,3220.601,37.71414,0,27.99528,1,1,2254.421,2254.104,558.446,305.3845,863.8305,2,0,0,63.8305,800,0,58.03037,297.1684,0.1485842,0.1962887,0.3172331,0,250,0.3172331,1695.658,45.68587,52.02686,0,0,0,460.8959,346.6618,114.234,652.0464,0,1245.562,0,5.684342e-14,7.588374e-14,4.263256e-14
naive,2026-01-15 03:30:00,974,3.5,30.28812,3228.721,52.68422,0,43.32626,1,1,2260.104,2259.787,554.6321,303.7032,858.3353,2,0,0,58.33525,800,0,62.49871,281.4969,0.1407485,0.1871226,0.3172331,0,250,0.3172331,1705.155,41.86692,52.28423,0,0,1.459342,459.529,346.6956,112.8334,650.6955,0,1242.571,0,0,-1.174061e-14,4.263256e-14
naive,2026-01-15 03:45:00,975,3.75,30.00675,3253.154,54.07429,0,43.21959,1,1,2277.208,2276.891,551.9353,302.5143,854.4496,2,0,0,54.44957,800,0,65.58194,265.0571,0.1325286,0.1772545,0.3172331,0,250,0.3172331,1724.955,39.20075,52.58016,0,0,4.018845,460.111,348.5281,111.5829,651.8544,0,1244.556,0,0,-4.618528e-14,4.263256e-14
naive,2026-01-15 04:00:00,976,4,29.78786,3275.589,67.16032,0,37.25447,1,1,2292.912,2292.595,549.0722,301.2521,850.3244,2,0,0,50.32437,800,0,73.41559,246.6615,0.1233307,0.1669026,0.3172331,0,250,0.3172331,1743.523,36.31895,52.81038,0,0,0.9355232,461.0411,350.5741,110.467,652.0144,0,1244.617,0,0,4.357625e-14,4.263256e-14
naive,2026-01-15 04:15:00,977,4.25,29.71525,3245.583,90.41795,0,11.81222,1,1,2271.908,2271.591,542.9699,298.5619,841.5318,2,0,0,41.53181,800,0,76.73324,227.4394,0.1137197,0.1553191,0.3172331,0,250,0.3172331,1728.621,29.99751,52.88675,14.01844,0,0,456.0853,347.0204,109.0648,645.5824,0,1255.849,0,-1.136868e-13,-2.567391e-14,4.263256e-14
naive,2026-01-15 04:30:00,978,4.5,29.60777,3303.195,92.94364,0,22.16248,1,1,2312.236,2311.919,543.4787,298.7863,842.265,2,0,0,42.265,800,0,101.8026,201.9529,0.1009765,0.1432152,0.3172331,0,250,0.3172331,1768.44,30.56342,52.99978,0,0,0,463.0821,354.1736,108.9085,652.9599,0,1246.295,0,-5.684342e-14,3.691492e-14,4.263256e-14
naive,2026-01-15 04:45:00,979,4.75,29.64074,3291.282,117.4082,0,20.42495,1,1,2303.898,2303.58,641.8297,328.4447,970.2744,2,115.1615,2.437297,52.67563,800,0,7.684439,200,0.1,0.1271668,0.3172331,0,250,0.3172331,1661.751,38.07784,52.96511,0,0,0,461.7475,333.0483,128.6992,661.493,0,1263.4,0,0,-1.94289e-16,4.263256e-14
naive,2026-01-15 05:00:00,980,5,29.82911,3304.548,156.8463,0,27.25231,1,1,2313.184,2312.866,1060.959,449.0974,1510.056,4,154.1711,0.3805703,55.50479,800,500,0,324.9685,0.1624843,0.1259371,0.3172331,0,250,0.3172331,1251.907,40.03933,52.767,2.675261,0,0,465.5419,251.9538,213.5881,701.0512,0,1347.354,0,-5.684342e-14,1.24345e-13,4.263256e-14
naive,2026-01-15 05:15:00,981,5.25,29.87841,3346.605,190.1119,0,22.44719,1,1,2342.623,2342.306,551.0627,302.1297,853.1924,2,0,0,53.19241,800,0,193.7561,276.4783,0.1382392,0.2046279,0.3172331,0,250,0.3172331,1791.243,38.35027,52.71514,0,0,0,471.982,360.8922,111.0897,663.0219,0,1266.739,0,0,2.04281e-14,4.263256e-14
naive,2026-01-15 05:30:00,982,5.5,29.97612,3321.707,232.4068,0,20.51577,1,1,2325.195,2324.878,551.02,302.1108,853.1309,2,0,0,53.13087,800,0,242.0601,215.9198,0.1079599,0.1740943,0.3172331,0,250,0.3172331,1773.858,38.26438,52.61237,0,0,0,469.4873,358.1651,111.3222,660.2759,0,1261.363,0,0,4.468648e-14,4.263256e-14
naive,2026-01-15 05:45:00,983,5.75,29.93303,3272.972,274.6394,0,28.36591,1,1,2291.081,2290.763,725.2163,352.2154,1077.432,3,224.3608,1.683433,51.3874,800,0,63.54318,200,0.1,0.1359615,0.3172331,0,250,0.3172331,1565.547,37.02646,52.65769,0,0,0,462.1568,315.8022,146.3546,668.0175,0,1276.795,0,5.684342e-14,-2.581269e-15,4.263256e-14
naive,2026-01-15 06:00:00,984,6,29.78401,3320.313,315.439,0,47.65539,1,1,2324.219,2323.902,1203.543,490.2533,1693.797,4,336.6067,3.623927,53.56594,800,500,0,324.9685,0.1624843,0.1259371,0.3172331,0,250,0.3172331,1120.358,38.66003,52.81442,0,0,8.995351,467.2963,225.2539,242.0424,717.3157,0,1375.215,0,0,1.24345e-13,4.263256e-14
naive,2026-01-15 06:15:00,985,6.25,30.11,3289.911,371.3268,0,59.91307,1,1,2302.938,2302.62,547.6008,300.6035,848.2043,2,0,0,48.20432,800,0,377.8721,230.4493,0.1152247,0.2046279,0.3172331,0,250,0.3172331,1755.02,34.66469,52.47157,0,0,25.24838,466.3799,355.4182,110.9617,661.1348,0,1263.239,0,5.684342e-14,-7.993606e-15,4.263256e-14
naive,2026-01-15 06:30:00,986,6.5,30.25946,3310.883,413.7785,0,72.70355,1,1,2317.618,2317.301,762.5865,361.5172,1124.104,3,284.6572,2.296576,37.14985,800,0,121.6523,200,0.1,0.1451106,0.3172331,0,250,0.3172331,1554.714,26.67078,52.31438,7.469003,0,46.03276,470.9208,315.9051,155.0157,686.7757,0,1327.582,0,0,2.581269e-15,4.263256e-14
naive,2026-01-15 06:45:00,987,6.75,30.48454,3303.337,431.4965,0,80.52744,1,1,2312.336,2312.018,1269.044,509.0583,1778.102,4,421.2637,2.327279,54.51104,800,500,0,324.9685,0.1624843,0.1259371,0.3172331,0,250,0.3172331,1042.975,39.03665,52.07765,10.23283,0,41.49079,472.2232,212.9954,259.2278,730.5269,0,1420.118,0,-5.684342e-14,1.24345e-13,4.263256e-14
naive,2026-01-15 07:00:00,988,7,30.51852,3375.314,435.7442,1.470028,75.15822,1,1,2362.72,2362.403,558.2304,305.2895,863.52,2,0,0,63.51999,800,0,426.3078,218.3404,0.1091702,0.2046279,0.3172331,0,250,0.3172331,1804.172,45.4709,52.04191,9.711868,1.194546,29.68733,482.8813,368.728,114.1533,680.0849,0,1320.436,0,0,-7.993606e-15,4.263256e-14
naive,2026-01-15 07:15:00,989,7.25,30.39542,3394.886,430.9273,5.63967,69.66517,1,1,2376.42,2376.103,827.6012,383.8266,1211.428,3,338.0561,0.222389,73.14926,800,0,73.2241,200,0.1,0.1374857,0.3172331,0,250,0.3172331,1548.502,52.43607,52.17138,19.6471,5.417281,17.2291,484.3408,315.6019,168.739,702.9399,0,1390.423,0,5.684342e-14,2.803313e-15,4.263256e-14
naive,2026-01-15 07:30:00,990,7.5,30.68834,3451.29,405.8035,5.191642,72.28256,1,1,2415.903,2415.586,1266.186,509.7342,1775.921,4,404.9936,0.6273738,70.29965,800,500,0,324.9685,0.1624843,0.1259371,0.3172331,0,250,0.3172331,1149.4,50.22863,51.86331,0.809885,4.564268,22.05393,495.6428,235.8089,259.8339,750.0677,0,1451.06,0,1.136868e-13,1.24345e-13,4.263256e-14
naive,2026-01-15 07:45:00,991,7.75,30.53619,3467.255,375.919,0,89.74764,1,1,2427.078,2426.761,558.2843,305.3133,863.5976,2,0,0,63.59762,800,0,369.2295,232.61,0.116305,0.2046279,0.3172331,0,250,0.3172331,1868.477,45.51748,52.02332,6.708532,0,44.23015,496.2316,382.022,114.2096,696.3784,0,1345.803,0,-5.684342e-14,-7.993606e-15,4.263256e-14
naive,2026-01-15 08:00:00,992,8,30.66431,3455.055,324.3748,257.1987,88.35208,1,1,2418.538,2418.221,886.4574,426.2959,1312.753,3,199.1631,245.8788,67.71141,800,0,130.2935,200,0.1,0.1464711,0.3172331,0,250,0.3172331,1531.763,48.39236,51.88858,0,11.31991,39.95972,495.9145,314.0838,181.8307,748.5733,0,1458.299,0,0,-3.552714e-15,4.263256e-14
naive,2026-01-15 08:15:00,993,8.25,30.75784,3487.865,280.6052,265.4326,83.85305,1,1,2441.505,2441.188,1358.992,564.4117,1923.404,4,289.2877,247.5315,86.58463,800,500,0,324.9685,0.1624843,0.1259371,0.3172331,0,250,0.3172331,1082.196,61.816,51.79021,0,17.90119,22.03705,501.6821,222.3703,279.3118,791.3102,0,1555.236,0,0,1.24345e-13,4.263256e-14
naive,2026-01-15 08:30:00,994,8.5,30.96502,3466.367,239.5587,265.7544,71.23162,1,1,2426.457,2426.14,580.0994,314.9305,895.0299,2,0,1.235759,93.7941,800,0,499.6694,200,0.1,0.2046279,0.3172331,0,250,0.3172331,1846.04,66.80765,51.5723,0,17.95506,4.423971,500.9359,381.1104,119.8255,696.9541,0,1366.862,0,-5.684342e-14,-7.993606e-15,4.263256e-14
naive,2026-01-15 08:45:00,995,8.75,31.26148,3465.323,191.4398,271.6396,68.89698,1,1,2425.726,2425.409,1317.22,555.6814,1872.901,4,207.8728,253.7212,111.3071,800,500,0,324.9685,0.1624843,0.1259371,0.3172331,0,250,0.3172331,1108.189,79.01783,51.2605,0,17.91839,0,504.1793,230.3335,273.8458,786.015,0,1545.271,0,2.273737e-13,1.24345e-13,4.263256e-14
naive,2026-01-15 09:00:00,996,9,31.56905,3508.264,152.3564,272.7336,70.24927,1,1,2455.785,2455.468,590.1609,319.3661,909.527,2,0,0,109.527,800,0,424.0709,218.8996,0.1094498,0.2046279,0.3172331,0,250,0.3172331,1865.307,77.48461,50.93702,0,15.78871,0,514.0417,390.4436,123.5981,709.8096,0,1389.551,0,0,-7.993606e-15,4.263256e-14
naive,2026-01-15 09:15:00,997,9.25,31.50049,3542.424,120.016,272.5788,78.18969,1,1,2479.697,2479.38,832.3394,418.9952,1251.335,3,59.97875,260.2457,131.1102,800,0,75.46068,200,0.1,0.1378379,0.3172331,0,250,0.3172331,1647.04,92.82547,51.00913,0,12.33305,0,518.2288,344.2129,174.0159,763.2081,0,1490.305,0,-1.136868e-13,4.940492e-15,4.263256e-14
naive,2026-01-15 09:30:00,998,9.5,31.85283,3527.693,91.04757,275.1288,91.60617,1,1,2469.385,2469.068,1284.27,552.8237,1837.093,4,109.786,263.5215,163.786,800,500,0,324.9685,0.1624843,0.1259371,0.3172331,0,250,0.3172331,1184.798,115.4981,50.63855,0,11.60733,0,520.288,249.6314,270.6565,802.4552,0,1567.965,0,0,1.24345e-13,4.263256e-14
naive,2026-01-15 09:45:00,999,9.75,31.83031,3541.001,70.29061,276.7486,117.3643,1,1,2478.701,2478.383,639.4345,341.0883,980.5228,2,0,0,180.5228,800,0,349.9354,237.4335,0.1187168,0.2046279,0.3172331,0,250,0.3172331,1838.949,127.3331,50.66224,0,12.39831,0,521.9783,387.2559,134.7224,728.3442,0,1421.08,0,0,4.884981e-14,4.263256e-14
naive,2026-01-15 10:00:00,1000,10,32.15898,3554.234,57.86557,287.0817,130.9315,1,1,2487.964,2487.646,779.7633,402.9521,1182.715,3,0,185.853,196.8624,800,0,149.5845,200,0.1,0.1495084,0.3172331,0,250,0.3172331,1707.883,138.3407,50.31656,0,18.79577,0,527.9485,362.4146,165.5339,765.3667,0,1506.55,0,0,-4.163336e-15,4.263256e-14
naive,2026-01-15 10:15:00,1001,10.25,32.34602,3539.748,59.00718,282.4474,147.3504,1,1,2477.824,2477.507,1289.23,560.7135,1849.943,4,61.84528,270.8156,217.2826,800,500,0,324.9685,0.1624843,0.1259371,0.3172331,0,250,0.3172331,1188.277,152.3655,50.11985,0,11.63181,0,528.1024,253.2592,274.8432,813.9727,0,1591.625,0,0,1.24345e-13,4.263256e-14
naive,2026-01-15 10:30:00,1002,10.5,32.44748,3596.644,47.72379,284.597,160.0332,1,1,2517.651,2517.334,671.1328,355.0625,1026.195,3,0,0,226.1953,800,0,323.0864,244.1458,0.1220729,0.2046279,0.3172331,0,250,0.3172331,1846.201,158.4318,50.01314,0,13.71266,1.601443,537.8703,394.4218,143.4484,749.8264,0,1467.042,0,-1.136868e-13,-7.993606e-15,4.263256e-14
naive,2026-01-15 10:45:00,1003,10.75,32.6355,3580.85,50.78553,292.2078,176.7871,1,1,2506.595,2506.278,786.7481,406.0313,1192.779,3,0,146.6137,246.1657,800,0,176.4293,200,0.1,0.153735,0.3172331,0,250,0.3172331,1719.53,172.0492,49.81538,1.462017,18.4883,4.737912,537.885,368.9903,168.8947,776.0384,0,1530.449,0,-5.684342e-14,1.079692e-14,4.263256e-14
naive,2026-01-15 11:00:00,1004,11,32.72357,3601.956,48.31283,292.163,197.9753,1,0,2521.369,2521.052,1326.373,578.1789,1904.552,4,52.67413,273.2395,278.6383,800,500,0,324.9685,0.1624843,0.1259371,0.3172331,0,250,0.3172331,1194.679,194.5484,49.72276,0,18.92352,3.426893,542.1824,256.8977,285.2848,835.8135,0,1648.332,0,-2.273737e-13,1.24345e-13,4.263256e-14
naive,2026-01-15 11:15:00,1005,11.25,32.98908,3623.875,53.20388,292.9886,202.6637,0,0,2536.712,2536.395,729.1919,380.6578,1109.85,3,0,0,309.8497,800,0,325.6396,243.5075,0.1217537,0.2046279,0.3172331,0,250,0.3172331,1807.203,215.6824,49.44351,3.806043,16.74684,0,548.9292,391.0678,157.8614,0,771.7256,4224.321,0,-5.684342e-14,-7.993606e-15,4.263256e-14
naive,2026-01-15 11:30:00,1006,11.5,33.38141,3646.693,63.55195,297.6723,256.2022,0,0,2552.685,2552.368,843.2581,430.9437,1274.202,3,0,150.9753,323.2265,800,0,173.8765,200,0.1,0.1533331,0.3172331,0,250,0.3172331,1709.11,223.9794,49.03087,18.0524,18.31998,32.22284,557.593,373.3275,184.2654,0,811.3098,4469.787,0,0,9.603429e-15,4.263256e-14
naive,2026-01-15 11:45:00,1007,11.75,33.75341,3580.845,68.70653,300.0244,293.3124,0,0,2506.591,2506.274,1387.731,605.5405,1993.271,4,50.05111,278.8115,364.4087,800,500,0,324.9685,0.1624843,0.1259371,0.3172331,0,250,0.3172331,1118.543,251.4321,48.63962,18.65542,21.21289,41.88033,552.4625,246.5313,305.9312,0,861.3024,4751.216,0,0,1.24345e-13,4.263256e-14
naive,2026-01-15 12:00:00,1008,12,34.02282,3618.466,68.39235,300.0065,318.8429,0,0,2532.926,2532.609,801.2575,412.4278,1213.685,3,0,0,413.6852,800,0,329.0266,242.6607,0.1213304,0.2046279,0.3172331,0,250,0.3172331,1731.351,284.5399,48.35627,24.05086,15.32135,34.30299,561.9372,384.1055,177.8317,0,804.1435,4436.305,0,0,-7.993606e-15,4.263256e-14
naive,2026-01-15 12:15:00,1009,12.25,34.42928,3629.044,72.20806,295.8263,352.6879,0,0,2540.331,2540.014,949.515,477.787,1427.302,3,0,160.481,466.821,800,0,170.49,200,0.1,0.1527999,0.3172331,0,250,0.3172331,1590.499,319.5697,47.92879,25.1992,11.86416,33.11819,569.2262,356.392,212.8342,0,841.5999,4638.814,0,0,1.409983e-14,4.263256e-14
naive,2026-01-15 12:30:00,1010,12.5,34.75169,3690.697,61.74097,297.2304,362.0532,0,0,2583.488,2583.171,1398.212,601.7879,2000,4,41.83,283.0919,501.4582,673.6199,500,0,324.9685,0.1624843,0.1259371,0.3172331,0,250,0.3172331,1184.959,341.9877,40.07171,19.91097,14.13853,20.06551,583.5339,267.6473,315.8867,0,873.9674,4820.476,0,0,1.24345e-13,4.263256e-14
naive,2026-01-15 12:45:00,1011,12.75,35.28678,3665.496,59.96171,296.8996,405.521,0,0,2565.848,2565.53,903.1665,457.3543,1360.521,3,0,0,560.5208,800,0,325.678,243.4979,0.1217489,0.2046279,0.3172331,0,250,0.3172331,1662.364,379.8682,47.02692,14.84756,16.33573,25.65279,587.3582,380.5382,206.82,0,843.7648,4641.592,0,5.684342e-14,-7.993606e-15,4.263256e-14
naive,2026-01-15 13:00:00,1012,13,35.59591,3711.849,63.12282,300.2521,441.3225,0,0,2598.294,2597.977,1047.173,520.8396,1568.013,4,0,157.4291,610.5838,800,0,173.8381,200,0.1,0.153327,0.3172331,0,250,0.3172331,1550.804,412.2862,46.70179,14.10606,18.00168,29.03631,599.4519,357.7856,241.6663,0,885.3241,4872.129,0,0,1.360023e-14,4.263256e-14
naive,2026-01-15 13:15:00,1013,13.25,35.75059,3737.373,59.6733,304.4325,445.2517,0,0,2616.161,2615.844,1406.401,593.5993,2000,4,48.21666,282.916,644.4352,524.4322,500,0,324.9685,0.1624843,0.1259371,0.3172331,0,250,0.3172331,1209.443,434.3463,30.50825,11.45664,21.51649,10.90548,605.9526,280.13,325.8226,0,876.2552,4841.96,0,0,1.24345e-13,4.263256e-14
naive,2026-01-15 13:30:00,1014,13.5,35.93928,3720.67,55.17428,299.5231,461.2692,0,0,2604.469,2604.152,974.5394,488.8189,1463.358,3,0,0,663.3583,800,0,324.9184,243.6878,0.1218439,0.2046279,0.3172331,0,250,0.3172331,1629.612,446.099,46.34065,13.39729,16.38167,15.17021,606.1586,379.2726,226.8861,0,871.6222,4793.157,0,1.136868e-13,4.884981e-14,4.263256e-14
naive,2026-01-15 13:45:00,1015,13.75,36.05807,3734.03,64.68666,305.9092,489.9444,0,0,2613.821,2613.504,1115.081,550.7764,1665.857,4,0,154.2975,711.5595,800,0,174.5976,200,0.1,0.1534466,0.3172331,0,250,0.3172331,1498.423,477.8375,46.21572,20.70896,20.99182,12.10694,610.1908,349.8036,260.3872,0,903.4064,4988.676,0,0,-3.830269e-15,4.263256e-14
naive,2026-01-15 14:00:00,1016,14,36.23063,3755.457,53.61724,309.6713,510.8794,0,1,2628.82,2628.503,1412.162,587.8377,2000,4,54.44706,285.0094,738.2896,422.2539,500,0,324.9685,0.1624843,0.1259371,0.3172331,0,250,0.3172331,1216.34,494.7684,24.29766,0,24.66192,16.11094,616.4239,285.2159,331.208,0,876.8314,4837.78,0,0,1.24345e-13,4.263256e-14
naive,2026-01-15 14:15:00,1017,14.25,36.41277,3718.175,55.36599,306.8276,529.9977,1,1,2602.723,2602.405,1045.348,520.035,1565.383,4,0,0,765.3832,800,0,336.1061,240.8908,0.1204454,0.2046279,0.3172331,0,250,0.3172331,1557.057,511.8101,45.84266,0,27.9563,18.18759,613.1852,366.8329,246.3522,891.1528,0,1778.957,0,0,-7.993606e-15,4.263256e-14
naive,2026-01-15 14:30:00,1018,14.5,36.69357,3673.733,46.781,298.1606,531.3424,1,1,2571.613,2571.296,1196.265,586.5664,1782.831,4,0,178.7162,804.1149,800,0,163.4117,200,0.1,0.1516854,0.3172331,0,250,0.3172331,1375.031,535.9036,45.54733,0,22.56127,0,610.2971,326.3234,283.9737,912.8898,0,1813.457,0,1.136868e-13,-1.049161e-14,4.263256e-14
naive,2026-01-15 14:45:00,1019,14.75,36.97344,3673.712,42.04876,296.3042,527.5728,1,1,2571.598,2571.281,1417.56,582.4401,2000,4,71.14676,273.6878,811.1706,343.9948,500,0,324.9685,0.1624843,0.1259371,0.3172331,0,250,0.3172331,1153.721,538.7896,19.45849,0,22.61631,0,614.7852,275.817,338.9681,858.2571,0,1733.637,0,0,1.24345e-13,4.263256e-14
naive,2026-01-15 15:00:00,1020,15,37.1428,3698.286,43.19632,290.2481,524.8913,1,1,2588.8,2588.483,1085.833,537.8827,1623.716,4,0,0,823.7159,800,0,337.5902,240.5198,0.1202599,0.2046279,0.3172331,0,250,0.3172331,1502.65,546.0063,45.07485,0,17.17454,0,621.6664,360.8416,260.8248,898.7243,0,1776.366,0,2.273737e-13,-7.993606e-15,4.263256e-14
naive,2026-01-15 15:15:00,1021,15.25,37.34764,3707.151,57.20013,284.8534,540.7602,1,1,2595.006,2594.688,1193.676,585.4251,1779.101,4,0,166.5752,812.5258,800,0,161.9278,200,0.1,0.1514518,0.3172331,0,250,0.3172331,1401.012,537.2574,44.85941,0.6095251,12.94099,3.502745,626.5467,338.265,288.2816,924.5358,0,1821.979,0,0,-8.409939e-15,4.263256e-14
naive,2026-01-15 15:30:00,1022,15.5,37.38393,3703.663,58.01472,286.7484,536.4025,1,1,2592.564,2592.247,1416.254,583.7463,2000,4,59.72507,269.1284,820.0777,351.0688,500,0,324.9685,0.1624843,0.1259371,0.3172331,0,250,0.3172331,1175.993,542.0128,19.66918,0,17.62003,0,626.5611,284.2096,342.3515,867.9559,0,1744.179,0,1.136868e-13,1.24345e-13,4.263256e-14
naive,2026-01-15 15:45:00,1023,15.75,37.43179,3679.276,61.89543,287.291,547.6697,1,1,2575.493,2575.176,1068.413,530.2029,1598.616,4,0,0,798.6156,800,0,339.203,240.1166,0.1200583,0.2046279,0.3172331,0,250,0.3172331,1506.763,527.5221,44.77091,0,14.69836,20.14757,623.2283,364.6127,258.6156,899.691,0,1774.369,0,1.136868e-13,-7.993606e-15,4.263256e-14
naive,2026-01-15 16:00:00,1024,16,37.21233,3658.998,79.93677,280.6894,554.8338,1,1,2561.299,2560.982,1177.167,578.1473,1755.315,4,0,178.6535,776.6612,800,0,160.3153,200,0.1,0.1511979,0.3172331,0,250,0.3172331,1383.814,514.3838,45.00173,9.499607,12.15774,40.45005,616.1939,332.9162,283.2777,920.795,0,1828.322,0,0,3.941292e-15,4.263256e-14
naive,2026-01-15 16:15:00,1025,16.25,37.20476,3675.783,78.56773,280.8138,538.6726,1,1,2573.048,2572.731,1416.869,583.1312,2000,4,80.50106,266.4941,780.5131,372.4918,500,0,324.9685,0.1624843,0.1259371,0.3172331,0,250,0.3172331,1155.862,516.9821,20.95717,0,14.31968,21.69042,618.8966,278.0201,340.8765,866.3685,0,1733.862,0,0,1.24345e-13,4.263256e-14
naive,2026-01-15 16:30:00,1026,16.5,37.21931,3675.936,111.3738,281.4654,529.5294,1,1,2573.155,2572.838,1046.264,520.4385,1566.702,4,0,0,766.702,800,0,362.2841,234.3463,0.1171732,0.2046279,0.3172331,0,250,0.3172331,1526.574,507.7449,44.99438,14.17361,16.3814,21.78442,619.1607,367.3291,251.8316,893.0094,0,1788.108,0,1.136868e-13,-7.993606e-15,4.263256e-14
naive,2026-01-15 16:45:00,1027,16.75,37.62356,3703.075,129.9388,275.5661,515.1964,1,1,2592.153,2591.835,1210.158,592.6914,1802.85,4,0,253.7555,749.0942,800,0,137.2378,200,0.1,0.1475644,0.3172331,0,250,0.3172331,1381.677,493.6617,44.56922,3.146247,11.36541,21.53474,630.478,336.0593,294.4187,933.9885,0,1842.869,0,-2.273737e-13,-3.802514e-15,4.263256e-14
naive,2026-01-15 17:00:00,1028,17,37.48737,3693.492,143.1151,273.8262,463.2406,1,1,2585.444,2585.127,1422.652,577.3477,2000,4,143.0858,262.0017,734.4224,360.4901,500,0,324.9685,0.1624843,0.1259371,0.3172331,0,250,0.3172331,1162.475,484.793,20.148,0.02933672,11.82448,0,626.5633,281.7171,344.8461,859.0649,0,1715.911,0,0,1.24345e-13,4.263256e-14
naive,2026-01-15 17:15:00,1029,17.25,37.52438,3668.596,174.903,267.5105,444.0397,1,1,2568.017,2567.7,1006.879,503.076,1509.955,4,0,0,709.9554,800,0,415.5251,221.0361,0.110518,0.2046279,0.3172331,0,250,0.3172331,1560.821,468.4321,44.67353,16.6076,10.28073,0,622.9546,378.6269,244.3277,881.7029,0,1759.531,0,-1.136868e-13,4.884981e-14,4.263256e-14
naive,2026-01-15 17:30:00,1030,17.5,37.4915,3630.613,202.1256,264.8527,421.519,1,1,2541.429,2541.112,1231.383,590.1979,1821.581,4,99.61773,254.3427,667.6206,800,0,84.00514,200,0.1,0.1391832,0.3172331,0,250,0.3172331,1309.729,440.675,44.70811,18.50276,10.51003,0,615.9644,317.4381,298.5264,907.6359,0,1815.022,0,0,-3.691492e-15,4.263256e-14
naive,2026-01-15 17:45:00,1031,17.75,37.2774,3605.864,239.6868,271.2379,378.5347,1,1,2524.105,2523.788,1427.578,572.4219,2000,4,218.522,248.8568,646.7711,385.8501,500,0,324.9685,0.1624843,0.1259371,0.3172331,0,250,0.3172331,1096.209,428.0207,21.67189,21.1648,22.38109,0,608.2934,264.1796,344.1138,836.6015,0,1723.939,0,0,1.24345e-13,4.263256e-14
naive,2026-01-15 18:00:00,1032,18,37.29245,3623.481,274.5814,3.280938,348.3707,1,1,2536.437,2536.12,959.6667,482.2623,1441.929,3,0,0,641.929,800,0,254.2828,261.3467,0.1306733,0.2046279,0.3172331,0,250,0.3172331,1576.453,424.739,44.91746,23.27544,0.3040758,0,611.5093,380.0669,231.4424,862.3292,0,1714.801,0,0,2.04281e-14,4.263256e-14
naive,2026-01-15 18:15:00,1033,18.25,37.257,3580.294,300.2741,1.42607,320.8241,1,1,2506.205,2505.888,960.2604,476.9398,1437.2,3,46.94246,4.268528,585.9893,800,0,245.2221,200,0.1,0.1645662,0.3172331,0,250,0.3172331,1545.628,387.8921,44.95474,8.109593,0,0,603.6533,372.2853,231.3681,849.2251,0,1661.865,0,0,-7.188694e-15,4.263256e-14
naive,2026-01-15 18:30:00,1034,18.5,37.00991,3546.43,329.0026,1.871383,304.9531,1,0,2482.501,2482.184,1424.712,575.2884,2000,4,330.5188,1.337541,546.4164,621.7272,500,0,324.9685,0.1624843,0.1259371,0.3172331,0,250,0.3172331,1057.473,362.7772,35.13895,0,0.5338415,0,594.0547,253.0498,341.0049,828.3382,0,1618.066,0,2.273737e-13,1.24345e-13,4.263256e-14
naive,2026-01-15 18:45:00,1035,18.75,36.63394,3531.403,357.2948,0,289.2797,0,0,2471.982,2471.665,869.0976,442.335,1311.433,3,0,0,511.4326,800,0,359.7726,234.9742,0.1174871,0.2046279,0.3172331,0,250,0.3172331,1602.567,341.089,45.61005,0,0,0,585.7407,379.7312,206.0094,0,822.0663,4470.053,0,-1.136868e-13,4.884981e-14,4.263256e-14
naive,2026-01-15 19:00:00,1036,19,36.54683,3521.969,377.1505,1.004793,284.6262,0,0,2465.378,2465.061,1031.269,485.849,1517.118,4,235.1986,0.9006913,481.0184,800,0,139.7488,200,0.1,0.1479598,0.3172331,0,250,0.3172331,1433.792,321.1401,45.70167,2.203134,0.1041017,0,582.8525,338.9701,243.8824,0,824.8191,4489.071,0,1.136868e-13,-4.801715e-15,4.263256e-14
naive,2026-01-15 19:15:00,1037,19.25,36.26234,3534.164,391.0216,0.3450314,253.1587,0,0,2473.915,2473.598,1426.612,573.3877,2000,4,383.9627,1.054063,444.3451,670.6382,500,0,324.9685,0.1624843,0.1259371,0.3172331,0,250,0.3172331,1046.985,297.6673,38.56243,7.058958,0,0,580.5754,245.7053,334.8701,0,819.093,4473.806,0,2.273737e-13,1.24345e-13,4.263256e-14
naive,2026-01-15 19:30:00,1038,19.5,36.24347,3501.106,403.7865,0,242.8613,0,0,2450.774,2450.457,791.1979,407.993,1199.191,3,0,0,399.1909,800,0,396.0263,225.9108,0.1129554,0.2046279,0.3172331,0,250,0.3172331,1659.259,267.4788,46.02073,9.028994,0,0,574.8647,389.2033,185.6614,0,797.1963,4348.381,0,0,4.884981e-14,4.263256e-14
naive,2026-01-15 19:45:00,1039,19.75,36.08278,3533.862,402.6601,0,224.878,0,0,2473.703,2473.386,999.4211,464.482,1463.903,3,296.7921,0.3987702,366.7123,800,0,103.5009,200,0.1,0.1422527,0.3172331,0,250,0.3172331,1473.965,246.1878,46.18973,2.367181,0,0,577.8472,344.3123,233.5349,0,808.7943,4400.488,0,-5.684342e-14,6.133982e-15,4.263256e-14
naive,2026-01-15 20:00:00,1040,20,36.01538,3500.913,385.1874,0,219.545,0,0,2450.639,2450.322,1421.293,578.707,2000,4,388.527,1.562752,328.3525,781.5577,500,0,324.9685,0.1624843,0.1259371,0.3172331,0,250,0.3172331,1029.029,220.6125,45.19418,0,0,0,571.4698,239.9614,331.5084,0,818.6684,4451.833,0,1.136868e-13,1.24345e-13,4.263256e-14
naive,2026-01-15 20:15:00,1041,20.25,35.82256,3476.345,347.0939,0,212.7612,0,0,2433.442,2433.124,718.2082,375.8156,1094.024,3,0,0,294.0238,800,0,367.1866,233.1207,0.1165604,0.2046279,0.3172331,0,250,0.3172331,1714.916,198.0014,46.46341,0,0,14.75982,564.6668,397.9369,166.7299,0,777.1774,4222.205,0,0,-7.993606e-15,4.263256e-14
naive,2026-01-15 20:30:00,1042,20.5,35.86186,3455.852,320.5164,0,167.884,0,0,2419.096,2418.779,856.9535,412.4785,1269.432,3,205.9776,0.956519,262.4979,800,0,132.336,200,0.1,0.1467927,0.3172331,0,250,0.3172331,1561.826,176.6887,46.42207,0,0,0,561.9017,362.7769,199.1247,0,775.2554,4211.68,0,0,4.218847e-15,4.263256e-14
naive,2026-01-15 20:45:00,1043,20.75,35.77353,3466.847,289.5494,3.945259,152.3257,0,0,2426.793,2426.476,1297.219,535.8323,1833.051,4,300.6095,0.8887427,231.553,800,500,0,324.9685,0.1624843,0.1259371,0.3172331,0,250,0.3172331,1129.257,156.0232,46.51498,0,3.056516,0,562.42,261.7102,300.7098,0,797.5425,4339.427,0,1.136868e-13,1.24345e-13,4.263256e-14
naive,2026-01-15 21:00:00,1044,21,35.78312,3461.298,247.2459,5.253165,136.2634,0,0,2422.909,2422.592,661.1375,350.656,1011.794,3,0,0,211.7936,800,0,276.2238,255.8614,0.1279307,0.2046279,0.3172331,0,250,0.3172331,1761.454,142.6927,46.50489,0,5.057951,0,561.6573,408.3247,153.3326,0,758.9807,4130.801,0,5.684342e-14,-7.993606e-15,4.263256e-14
naive,2026-01-15 21:15:00,1045,21.25,35.5933,3435.938,220.8706,2.134085,116.5852,0,0,2405.156,2404.839,676.1067,354.3692,1030.476,3,24.26014,1.871859,204.3438,800,0,223.2845,200,0.1,0.1611122,0.3172331,0,250,0.3172331,1728.732,137.9839,46.70454,0,0.2622257,0,554.8563,398.809,156.0473,0,753.1782,4090.39,0,-5.684342e-14,2.831069e-15,4.263256e-14
naive,2026-01-15 21:30:00,1046,21.5,35.24304,3380.612,199.5399,0,126.9824,0,0,2366.429,2366.111,1182.254,496.162,1678.416,4,208.0411,0.7173231,169.6577,800,500,0,324.9685,0.1624843,0.1259371,0.3172331,0,250,0.3172331,1183.857,115.0373,47.07292,0,0,11.94506,541.1125,270.7033,270.4092,0,769.5966,4179.824,0,1.705303e-13,1.24345e-13,4.263256e-14
naive,2026-01-15 21:45:00,1047,21.75,34.83412,3327.157,177.6141,0,112.2642,0,0,2329.01,2328.693,622.7379,333.7276,956.4654,2,0,0,156.4654,800,0,173.2052,281.6161,0.140808,0.2046279,0.3172331,0,250,0.3172331,1705.955,106.6041,47.503,6.660518,0,5.660035,527.1344,386.1158,141.0186,0,721.1244,3924.233,0,0,1.056932e-13,4.263256e-14
naive,2026-01-15 22:00:00,1048,22,34.5416,3325.83,156.0326,4.444362,101.0691,0,0,2328.081,2327.764,616.4548,330.9577,947.4125,2,0,0,147.4125,800,0,141.9127,246.0936,0.1230468,0.1773295,0.3172331,0,250,0.3172331,1711.309,100.7811,47.81065,17.00263,1.561659,0.2879572,523.1144,384.5272,138.5873,0,715.5496,3913.759,0,0,-3.749778e-14,4.263256e-14
naive,2026-01-15 22:15:00,1049,22.25,34.34855,3323.55,118.541,0,81.95552,0,0,2326.485,2326.168,610.8081,328.4684,939.2765,2,0,0,139.2765,800,0,124.2458,214.9934,0.1074967,0.1549615,0.3172331,0,250,0.3172331,1715.359,95.43386,48.01369,0,0,0,520.2733,383.6069,136.6663,0,712.0753,3862.399,0,0,-1.582068e-15,4.263256e-14
naive,2026-01-15 22:30:00,1050,22.5,34.02769,3308.968,96.90302,4.897863,80.4866,0,0,2316.278,2315.961,637.3195,334.2588,971.5783,2,49.57203,0.66658,121.3397,800,0,59.8381,200,0.1,0.1353782,0.3172331,0,250,0.3172331,1678.641,83.45486,48.35116,0,4.231283,0,513.9342,372.4557,141.4784,0,706.7146,3839.834,0,0,-1.609823e-15,4.263256e-14
naive,2026-01-15 22:45:00,1051,22.75,34.11185,3306.3,88.82823,5.89204,108.2502,0,0,2314.41,2314.093,1058.26,454.6663,1512.926,4,97.35588,0.4211782,115.1494,800,500,0,324.9685,0.1624843,0.1259371,0.3172331,0,250,0.3172331,1255.833,79.11977,48.26264,0,5.470861,29.13038,514.5768,279.2169,235.3599,0,740.3599,4027.121,0,0,1.24345e-13,4.263256e-14
naive,2026-01-15 23:00:00,1052,23,33.85456,3278.365,76.1697,0,80.20176,0,0,2294.856,2294.538,578.6135,314.2754,892.889,2,0,0,92.88895,800,0,84.76071,303.7272,0.1518636,0.2046279,0.3172331,0,250,0.3172331,1715.925,64.01568,48.53324,0,0,16.18608,507.0385,379.1263,127.9123,0,696.9779,3778.779,0,0,1.056932e-13,4.263256e-14
naive,2026-01-15 23:15:00,1053,23.25,33.66472,3280.638,60.26477,0,55.06847,0,0,2296.447,2296.13,585.6347,317.3707,903.0054,2,0,0,103.0054,800,0,76.70789,284.5024,0.1422512,0.1912526,0.3172331,0,250,0.3172331,1710.495,71.14398,48.73291,0,0,0,505.0598,376.1908,128.869,0,693.5615,3759.764,0,0,-5.356826e-15,4.263256e-14
naive,2026-01-15 23:30:00,1054,23.5,33.4233,3310.223,65.58267,0,60.30643,0,1,2317.156,2316.839,567.3089,309.2918,876.6007,2,0,0,76.60069,800,0,73.43705,266.0983,0.1330492,0.179147,0.3172331,0,250,0.3172331,1749.53,53.05468,48.98682,0,0,7.251752,506.6553,382.5416,124.1137,0,693.419,3758.694,0,0,5.667689e-14,4.263256e-14
naive,2026-01-15 23:45:00,1055,23.75,33.00427,3310.356,72.47471,0,53.38995,1,1,2317.249,2316.932,557.1015,304.7918,861.8933,2,0,0,61.89329,800,0,63.8925,250.0833,0.1250417,0.1675582,0.3172331,0,250,0.3172331,1759.83,43.07562,49.42753,12.08743,0,10.31433,501.6201,380.9544,120.6657,687.979,0,1341.203,0,5.684342e-14,-3.771983e-14,4.263256e-14
naive,2026-01-16 00:00:00,1056,0,32.89581,3300.185,85.95106,0,49.51692,1,1,2310.13,2309.812,560.0316,306.0836,866.1152,2,0,0,66.11517,800,0,49.03078,237.7863,0.1188931,0.1574738,0.3172331,0,250,0.3172331,1749.781,46.07127,49.54161,38.15027,0,3.445654,498.7907,377.8032,120.9875,684.6308,0,1379.336,0,5.684342e-14,3.080869e-15,4.263256e-14
naive,2026-01-16 00:15:00,1057,0.25,32.7333,3294.216,72.6688,0,46.49564,1,1,2305.951,2305.634,553.4055,303.1625,856.568,2,0,0,56.56804,800,0,44.71506,226.5701,0.113285,0.1497305,0.3172331,0,250,0.3172331,1752.229,39.49205,49.71253,28.46986,0,7.003593,495.9742,376.8771,119.0971,681.5459,0,1356.276,0,-5.684342e-14,-2.675637e-14,4.263256e-14
naive,2026-01-16 00:30:00,1058,0.5,32.60172,3310.262,51.08506,0,47.64413,1,1,2317.183,2316.866,570.9982,310.9182,881.9163,2,0,0,81.91632,800,0,45.33272,215.2012,0.1076006,0.1426679,0.3172331,0,250,0.3172331,1745.868,57.27476,49.85091,5.905151,0,0,496.8434,374.3437,122.4997,685.2618,0,1324.628,0,0,4.218847e-15,4.263256e-14
naive,2026-01-16 00:45:00,1059,0.75,32.23473,3279.715,59.30207,0,56.79151,1,1,2295.8,2295.483,575.6253,312.9581,888.5834,2,0,0,88.5834,800,0,50.26756,202.6005,0.1013002,0.1355091,0.3172331,0,250,0.3172331,1719.858,62.19636,50.23689,9.228729,0,0,488.0342,365.6021,122.4321,678.5601,0,1316.523,0,5.684342e-14,5.606626e-15,4.263256e-14
naive,2026-01-16 01:00:00,1060,1,32.00151,3260.517,54.92974,0,43.43861,1,1,2282.362,2282.045,584.5847,312.889,897.4737,2,33.78344,0.2477725,63.44248,800,0,10.27425,200,0.1,0.1275745,0.3172331,0,250,0.3172331,1697.46,44.66274,50.48218,10.87205,0,0,482.5459,358.8836,123.6623,671.7726,0,1305.507,0,-5.684342e-14,-7.21645e-16,4.263256e-14
naive,2026-01-16 01:15:00,1061,1.25,31.76723,3235.564,52.44746,0,49.86865,1,1,2264.895,2264.578,985.6736,427.8978,1413.571,3,53.38126,0.6133106,59.57687,800,500,0,324.9685,0.1624843,0.1259371,0.3172331,0,250,0.3172331,1278.904,42.05306,50.72858,0,0,7.815596,476.2581,268.9257,207.3324,698.4669,0,1339.864,0,-5.684342e-14,1.24345e-13,4.263256e-14
naive,2026-01-16 01:30:00,1062,1.5,31.70109,3189.065,53.90497,0,44.81175,1,1,2232.345,2232.028,555.9313,304.2759,860.2072,2,0,0,60.20719,800,0,50.56818,312.2753,0.1561377,0.2046279,0.3172331,0,250,0.3172331,1676.097,42.52984,50.79815,3.791958,0,2.281914,468.6965,351.9082,116.7883,656.6633,0,1262.72,0,-5.684342e-14,2.04281e-14,4.263256e-14
naive,2026-01-16 01:45:00,1063,1.75,31.30292,3233.163,50.67384,0,16.27692,1,1,2263.214,2262.897,558.7955,305.5386,864.3342,2,0,0,64.33416,800,0,45.06972,300.9587,0.1504794,0.1966352,0.3172331,0,250,0.3172331,1704.101,45.65002,51.21692,5.845223,0,0,470.8477,354.5278,116.32,660.0664,0,1272.597,0,5.684342e-14,7.910339e-14,4.263256e-14
naive,2026-01-16 02:00:00,1064,2,31.18967,3252.495,45.61984,0,21.42191,1,1,2276.747,2276.429,551.4511,302.3009,853.752,2,0,0,53.75203,800,0,46.61937,289.2565,0.1446283,0.1895093,0.3172331,0,250,0.3172331,1724.978,38.18988,51.33603,0,0,0,472.4388,357.9435,114.4953,660.2444,0,1262.736,0,0,-4.760081e-14,4.263256e-14
naive,2026-01-16 02:15:00,1065,2.25,31.16477,3230.949,44.6972,0,27.52146,1,1,2261.664,2261.347,554.5398,303.6625,858.2024,2,0,0,58.20236,800,0,47.60858,277.3088,0.1386544,0.1821406,0.3172331,0,250,0.3172331,1706.807,41.36336,51.36222,0,0,0,469.0425,353.9717,115.0708,657.6343,0,1257.486,0,-5.684342e-14,-8.143486e-14,4.263256e-14
naive,2026-01-16 02:30:00,1066,2.5,30.92488,3284.187,50.94412,0.5217316,42.59486,1,1,2298.931,2298.614,552.0444,302.5624,854.6068,2,0,0,54.60685,800,0,50.73929,264.5803,0.1322902,0.1746173,0.3172331,0,250,0.3172331,1746.569,38.91289,51.61452,0.386857,0.3397013,3.681975,474.1762,360.2464,113.9298,663.5683,0,1270.324,0,5.684342e-14,-3.327894e-14,4.263256e-14
naive,2026-01-16 02:45:00,1067,2.75,30.64582,3259.046,53.40533,6.106795,40.34383,1,1,2281.332,2281.015,557.3321,304.8935,862.2256,2,0,0,62.22564,800,0,52.39628,251.4396,0.1257198,0.1666024,0.3172331,0,250,0.3172331,1723.683,44.48097,51.90802,1.14673,5.969115,0,467.5858,353.289,114.2968,658.1825,0,1270.243,0,0,-4.099499e-14,4.263256e-14
naive,2026-01-16 03:00:00,1068,3,30.6652,3270.442,64.4371,5.595995,46.4626,1,1,2289.309,2288.992,549.9159,301.6241,851.5399,2,0,0,51.53992,800,0,51.14141,238.6147,0.1193073,0.1583278,0.3172331,0,250,0.3172331,1739.076,36.83447,51.88764,14.14116,4.750519,9.628131,469.4259,356.5999,112.826,660.1982,0,1294.611,0,5.684342e-14,1.840195e-14,4.263256e-14
naive,2026-01-16 03:15:00,1069,3.25,30.55224,3248.942,57.74584,2.523427,37.49942,1,1,2274.259,2273.942,548.9129,301.1819,850.0947,2,0,0,50.09474,800,0,46.92778,226.8452,0.1134226,0.1502522,0.3172331,0,250,0.3172331,1725.029,35.8469,52.00645,11.45755,1.883941,1.652524,465.1547,352.8205,112.3341,654.3404,0,1273.188,0,0,1.990075e-14,4.263256e-14
naive,2026-01-16 03:30:00,1070,3.5,30.57069,3289.334,58.93297,0,31.60517,1,1,2302.534,2302.217,555.2214,303.963,859.1845,2,0,0,59.18446,800,0,57.10712,212.5327,0.1062663,0.1428411,0.3172331,0,250,0.3172331,1746.995,42.34261,51.98704,2.363718,0,0,471.1333,357.4617,113.6716,661.4247,0,1268.441,0,0,1.851297e-14,4.263256e-14
naive,2026-01-16 03:45:00,1071,3.75,30.55206,3299.764,67.53892,0,53.47956,1,1,2309.835,2309.517,561.2056,305.6843,866.8899,2,7.707357,1.568605,57.61398,800,0,49.99695,200,0.1,0.1338287,0.3172331,0,250,0.3172331,1748.312,41.22761,52.00663,9.83461,0,12.25195,472.429,357.5811,114.8479,665.7713,0,1290,0,-1.136868e-13,4.996004e-16,4.263256e-14
naive,2026-01-16 04:00:00,1072,4,30.58949,3314.433,77.53389,0,40.04302,1,1,2320.103,2319.786,992.1151,428.9846,1421.1,3,68.11655,1.995235,50.98792,800,500,0,324.9685,0.1624843,0.1259371,0.3172331,0,250,0.3172331,1327.671,36.47085,51.96727,9.417344,0,3.572171,474.9292,271.7766,203.1526,701.4924,0,1360.767,0,1.705303e-13,1.24345e-13,4.263256e-14
naive,2026-01-16 04:15:00,1073,4.25,30.47464,3326.371,97.86301,0,31.63919,1,1,2328.46,2328.143,533.2384,294.2718,827.5103,2,0,0,27.51025,800,0,84.30652,303.8407,0.1519204,0.2046279,0.3172331,0,250,0.3172331,1794.904,19.70292,52.08806,13.67947,0,11.93626,475.4104,366.4723,108.938,663.1812,0,1291.36,0,-5.684342e-14,1.056932e-13,4.263256e-14
naive,2026-01-16 04:30:00,1074,4.5,30.11883,3381.528,112.7384,0,23.37239,1,1,2367.07,2366.752,538.8753,296.7569,835.6322,2,0,0,35.63218,800,0,96.91806,279.5634,0.1397817,0.1913241,0.3172331,0,250,0.3172331,1827.877,25.6213,52.46228,18.02438,0,0,479.462,370.2458,109.2162,667.0027,0,1306.077,0,-5.684342e-14,6.616929e-14,4.263256e-14
naive,2026-01-16 04:45:00,1075,4.75,30.14487,3305.277,139.1196,0.5040235,17.69623,1,1,2313.694,2313.376,541.36,297.8522,839.2123,2,0,0,39.21225,800,0,120.8114,249.3165,0.1246583,0.176037,0.3172331,0,250,0.3172331,1772.016,28.18738,52.4349,19.37016,0,0,468.9224,359.1393,109.7832,656.9915,0,1288.407,0,0,6.328271e-15,4.263256e-14
naive,2026-01-16 05:00:00,1076,5,30.01647,3296.093,162.2074,0.3257208,33.95693,1,1,2307.265,2306.948,545.6057,299.7239,845.3296,2,0,0,45.3296,800,0,155.7528,210.3391,0.1051695,0.156991,0.3172331,0,250,0.3172331,1761.342,32.63134,52.56994,6.583463,0.196786,1.325586,466.2848,355.957,110.3278,655.9488,0,1264.452,0,0,2.045586e-14,4.263256e-14
naive,2026-01-16 05:15:00,1077,5.25,30.07954,3305.13,191.3733,4.143972,18.79528,1,1,2313.591,2313.273,659.4488,331.9974,991.4462,2,150.5906,0.06631397,40.78933,800,0,41.22379,200,0.1,0.1324474,0.3172331,0,250,0.3172331,1653.825,29.34236,52.5036,0,4.077658,0,468.2197,334.6976,133.5221,666.6951,0,1281.358,0,-5.684342e-14,9.714451e-16,4.263256e-14
naive,2026-01-16 05:30:00,1078,5.5,30.00643,3326.541,240.4999,4.457434,17.10094,1,1,2328.579,2328.261,1113.676,462.5421,1576.218,4,236.5136,0.3990985,39.30492,800,500,0,324.9685,0.1624843,0.1259371,0.3172331,0,250,0.3172331,1214.586,28.29752,52.58049,3.986263,4.058336,0,470.4872,245.406,225.0812,707.9481,0,1370.62,0,-1.705303e-13,1.24345e-13,4.263256e-14
naive,2026-01-16 05:45:00,1079,5.75,30.23806,3329.228,286.8139,0,46.4752,1,1,2330.46,2330.142,545.0257,299.4682,844.4939,2,0,0,44.49393,800,0,281.5327,254.5342,0.1272671,0.2046279,0.3172331,0,250,0.3172331,1785.117,31.95089,52.33689,6.00956,0,14.5243,473.3037,362.5475,110.7562,664.9656,0,1281.419,0,0,4.884981e-14,4.263256e-14
naive,2026-01-16 06:00:00,1080,6,30.23431,3336.111,331.7409,0,46.69665,1,1,2335.278,2334.961,640.4921,328.8032,969.2953,2,107.1912,1.625579,60.47847,800,0,217.9764,200,0.1,0.1602764,0.3172331,0,250,0.3172331,1694.469,43.43113,52.34083,6.573226,0,3.265513,474.2426,344.1086,130.134,673.5749,0,1299.605,0,0,-4.718448e-16,4.263256e-14
naive,2026-01-16 06:15:00,1081,6.25,30.39115,3367.942,372.4023,0,71.16635,1,1,2357.56,2357.242,1239.797,501.9153,1741.713,4,372.926,1.537415,67.24924,800,500,0,324.9685,0.1624843,0.1259371,0.3172331,0,250,0.3172331,1117.445,48.20901,52.17587,0,0,22.95733,480.4509,227.7259,252.725,734.3197,0,1409.942,0,-5.684342e-14,1.24345e-13,4.263256e-14
naive,2026-01-16 06:30:00,1082,6.5,30.60054,3397.803,409.5257,0.4986579,83.44111,1,1,2378.462,2378.145,564.0734,307.8654,871.9388,2,0,0,71.93884,800,0,411.5112,222.0396,0.1110198,0.2046279,0.3172331,0,250,0.3172331,1814.072,51.45035,51.95565,0,0,31.99076,486.9965,371.436,115.5605,685.8516,0,1313.253,0,5.684342e-14,4.884981e-14,4.263256e-14
naive,2026-01-16 06:45:00,1083,6.75,30.66611,3385.773,425.3865,0.4563757,62.04739,1,1,2370.041,2369.724,837.6277,388.1616,1225.789,3,338.7718,1.057854,85.95965,800,0,88.01841,200,0.1,0.1398151,0.3172331,0,250,0.3172331,1532.096,61.43288,51.88668,0,0,0.6145091,485.99,314.1648,171.8252,702.4524,0,1346.532,0,2.273737e-13,4.607426e-15,4.263256e-14
naive,2026-01-16 07:00:00,1084,7,30.80206,3427.334,449.0517,0,32.13705,1,1,2399.134,2398.817,1297.519,520.4297,1817.948,4,431.1979,0.9232995,85.82721,800,500,0,324.9685,0.1624843,0.1259371,0.3172331,0,250,0.3172331,1101.298,61.24489,51.7437,17.85382,0,0,493.4689,226.5219,266.947,746.9516,0,1466.489,0,2.273737e-13,1.24345e-13,4.263256e-14
naive,2026-01-16 07:15:00,1085,7.25,30.90759,3432.438,426.4611,0,43.29823,1,1,2402.706,2402.389,573.8901,312.1931,886.0832,2,0,0,86.08322,800,0,425.2205,218.6122,0.1093061,0.2046279,0.3172331,0,250,0.3172331,1828.499,61.35489,51.63271,4.437977,0,0,495.3865,376.9973,118.3892,689.1904,0,1327.949,0,-5.684342e-14,-6.483702e-14,4.263256e-14
naive,2026-01-16 07:30:00,1086,7.5,30.90747,3445.297,398.5017,0,53.62967,1,1,2411.708,2411.391,833.6414,387.3186,1220.96,3,331.0852,3.093347,86.78149,800,0,74.31132,200,0.1,0.1376569,0.3172331,0,250,0.3172331,1577.749,61.85266,51.63284,0,0,0,497.241,325.2971,171.9439,712.6158,0,1367.145,0,0,5.689893e-15,4.263256e-14
naive,2026-01-16 07:45:00,1087,7.75,31.24314,3509.455,362.715,0,66.13229,1,1,2456.618,2456.301,1259.516,510.6131,1770.13,4,372.8868,0.009489731,97.23326,800,500,0,324.9685,0.1624843,0.1259371,0.3172331,0,250,0.3172331,1196.785,69.04095,51.27979,0,0,0,510.3861,248.6436,261.7426,759.2567,0,1460.824,0,0,1.24345e-13,4.263256e-14
naive,2026-01-16 08:00:00,1088,8,31.27216,3548.812,330.9826,260.9361,77.9773,1,1,2484.169,2483.851,637.6067,340.2825,977.8892,2,0,79.57637,98.31281,800,0,499.6694,200,0.1,0.2046279,0.3172331,0,250,0.3172331,1846.245,69.78467,51.24928,4.362095,8.310792,8.192626,516.4524,383.8296,132.6228,725.8153,0,1415.836,0,1.136868e-13,-7.993606e-15,4.263256e-14
naive,2026-01-16 08:15:00,1089,8.25,31.22984,3492.304,268.6347,266.2078,83.02197,1,1,2444.613,2444.295,1373.977,571.5926,1945.569,4,284.4546,257.9319,103.1828,800,500,0,324.9685,0.1624843,0.1259371,0.3172331,0,250,0.3172331,1070.319,73.27644,51.29378,0,8.275897,9.745533,507.7375,222.3015,285.436,795.9182,0,1548.407,0,0,1.24345e-13,4.263256e-14
naive,2026-01-16 08:30:00,1090,8.5,31.3443,3522.738,227.3516,267.0555,79.35357,1,1,2465.916,2465.599,584.2248,316.7491,900.974,2,0,4.21256,96.7614,800,0,499.6694,200,0.1,0.2046279,0.3172331,0,250,0.3172331,1881.374,68.6276,51.1734,0,8.903212,10.72597,513.5051,391.7794,121.7257,710.7621,0,1379.312,0,0,-7.993606e-15,4.263256e-14
naive,2026-01-16 08:45:00,1091,8.75,31.55622,3556.756,198.5457,274.9561,83.46153,1,1,2489.729,2489.412,1311.946,554.4201,1866.366,4,198.931,264.1264,103.3084,800,500,0,324.9685,0.1624843,0.1259371,0.3172331,0,250,0.3172331,1177.466,73.09586,50.95052,0,10.82969,10.36567,520.9929,246.3929,274.6,802.9821,0,1567.326,0,0,1.24345e-13,4.263256e-14
naive,2026-01-16 09:00:00,1092,9,31.7706,3571.54,168.2499,275.0121,83.40114,1,1,2500.078,2499.761,586.161,317.6027,903.7638,2,0,0,103.7638,800,0,425.33,218.5848,0.1092924,0.2046279,0.3172331,0,250,0.3172331,1913.6,73.24012,50.72504,9.065675,8.866277,10.16102,525.7528,402.4196,123.3332,722.1591,0,1418.185,0,-5.684342e-14,-7.993606e-15,4.263256e-14
naive,2026-01-16 09:15:00,1093,9.25,31.94088,3561.199,136.0703,276.0104,100.3326,1,1,2492.84,2492.522,824.0928,416.2081,1240.301,3,52.84678,267.5615,119.8926,800,0,74.20176,200,0.1,0.1376397,0.3172331,0,250,0.3172331,1668.43,84.46111,50.54595,9.021771,8.448961,15.87149,526.3038,352.2492,174.0546,771.8082,0,1516.889,0,0,2.831069e-15,4.263256e-14
naive,2026-01-16 09:30:00,1094,9.5,32.10599,3612.861,114.5332,286.2205,106.8245,1,1,2529.003,2528.686,1268.331,547.0087,1815.34,4,99.60311,270.4868,145.2502,800,500,0,324.9685,0.1624843,0.1259371,0.3172331,0,250,0.3172331,1260.354,102.133,50.37229,14.93009,15.73369,4.691506,535.9941,267.1181,268.876,815.1212,0,1626.468,0,1.136868e-13,1.24345e-13,4.263256e-14
naive,2026-01-16 09:45:00,1095,9.75,32.05532,3605.21,96.53296,289.3711,133.9999,1,1,2523.647,2523.33,633.8997,338.6483,972.5479,2,0,0,172.5479,800,0,348.9413,237.682,0.118841,0.2046279,0.3172331,0,250,0.3172331,1889.43,121.3974,50.42559,19.37301,17.5898,12.6025,534.2279,399.9713,134.2566,741.2873,0,1489.607,0,0,-7.993606e-15,4.263256e-14
naive,2026-01-16 10:00:00,1096,10,32.38485,3615.479,82.42099,292.2712,119.9217,1,1,2530.835,2530.518,778.9024,402.5726,1181.475,3,0,190.5343,190.9407,800,0,150.5785,200,0.1,0.1496649,0.3172331,0,250,0.3172331,1751.615,133.8344,50.07901,20.5097,13.06963,0,539.8922,373.6646,166.2276,776.2372,0,1554.06,0,5.684342e-14,-1.06859e-14,4.263256e-14
naive,2026-01-16 10:15:00,1097,10.25,32.86732,3607.431,67.68872,293.2506,149.3279,1,1,2525.202,2524.884,1290.057,561.2641,1851.321,4,60.28139,277.7553,213.2845,800,500,0,324.9685,0.1624843,0.1259371,0.3172331,0,250,0.3172331,1234.827,148.6724,49.57157,7.407335,15.49533,0.6555209,544.8591,266.4369,278.4222,827.8425,0,1639.424,0,0,1.24345e-13,4.263256e-14
naive,2026-01-16 10:30:00,1098,10.5,33.02317,3618.76,55.52691,293.2486,181.7237,1,1,2533.132,2532.815,671.8004,355.3568,1027.157,3,0,0,227.1572,800,0,328.637,242.7581,0.1213791,0.2046279,0.3172331,0,250,0.3172331,1861.014,158.0593,49.40766,5.899325,14.2392,23.6644,548.5995,403.0392,145.5603,763.521,0,1506.197,0,-1.136868e-13,-7.993606e-15,4.263256e-14
naive,2026-01-16 10:45:00,1099,10.75,33.04182,3596.109,45.98234,298.6275,202.2086,0,1,2517.276,2516.959,800.9406,412.2881,1213.229,3,0,163.6043,249.6244,800,0,170.8796,200,0.1,0.1528612,0.3172331,0,250,0.3172331,1716.019,173.6551,49.38804,0,14.16599,28.55349,545.4081,371.8028,173.6053,0,790.2775,4315.401,0,0,5.884182e-15,4.263256e-14
naive,2026-01-16 11:00:00,1100,11,33.40686,3652.148,54.49525,299.945,237.1506,0,0,2556.504,2556.186,1333.576,581.6523,1915.229,4,50.17023,284.1919,280.8664,800,500,0,324.9685,0.1624843,0.1259371,0.3172331,0,250,0.3172331,1222.61,194.5688,49.00411,4.325017,15.75305,42.58172,558.7686,267.2228,291.5458,0,858.1822,4699.507,0,0,1.24345e-13,4.263256e-14
naive,2026-01-16 11:15:00,1101,11.25,33.64998,3651.688,44.58874,292.4444,261.0344,0,0,2556.181,2555.864,721.8397,377.4165,1099.256,3,0,0,299.2562,800,0,337.4413,240.557,0.1202785,0.2046279,0.3172331,0,250,0.3172331,1834.025,206.7262,48.74841,0,6.425294,54.30825,561.9831,403.2151,158.7681,0,792.5714,4315.384,0,0,-6.483702e-14,4.263256e-14
naive,2026-01-16 11:30:00,1102,11.5,33.38552,3671.571,42.44473,299.4824,266.2518,0,0,2570.099,2569.782,883.2219,448.5617,1331.784,3,0,183.411,348.3726,800,0,162.0766,200,0.1,0.1514752,0.3172331,0,250,0.3172331,1686.56,241.3929,49.02656,0,9.434275,24.85892,561.4522,368.4383,193.0139,0,822.4306,4484.487,0,2.273737e-13,3.524958e-15,4.263256e-14
naive,2026-01-16 11:45:00,1103,11.75,33.56016,3678.115,35.91664,301.0616,297.1378,0,0,2574.68,2574.363,1395.788,604.2124,2000,4,60.42916,291.1231,397.7151,750.7326,500,0,324.9685,0.1624843,0.1259371,0.3172331,0,250,0.3172331,1178.575,275.0275,45.83493,0,9.938512,22.11039,564.8232,258.5512,306.272,0,867.6141,4737.457,0,-2.273737e-13,1.24345e-13,4.263256e-14
naive,2026-01-16 12:00:00,1104,12,33.64104,3736.302,47.79254,301.4877,288.7569,0,0,2615.411,2615.094,820.1818,420.7705,1240.952,3,0,0,440.9523,800,0,351.4355,237.0585,0.1185292,0.2046279,0.3172331,0,250,0.3172331,1794.912,304.6414,48.75781,0,7.652291,0,574.8807,394.5309,180.3499,0,815.3014,4442.505,0,-5.684342e-14,-7.993606e-15,4.263256e-14
naive,2026-01-16 12:15:00,1105,12.25,33.75987,3800.216,51.32366,304.2859,294.2625,0,0,2660.151,2659.834,997.8336,499.0882,1496.922,3,0,203.9492,492.9725,800,0,148.0846,200,0.1,0.1492722,0.3172331,0,250,0.3172331,1662.001,340.1121,48.63284,0,13.08106,0,586.3996,366.3688,220.0308,0,865.457,4727.866,0,0,-1.126876e-14,4.263256e-14
naive,2026-01-16 12:30:00,1106,12.5,34.30082,3809.174,48.79092,301.5557,333.7586,0,0,2666.422,2666.104,1400.912,599.088,2000,4,52.62686,291.5589,517.4111,638.4032,500,0,324.9685,0.1624843,0.1259371,0.3172331,0,250,0.3172331,1265.192,354.7336,38.35518,0,9.996857,0,595.5943,282.604,312.9903,0,881.692,4823.401,0,0,1.24345e-13,4.263256e-14
naive,2026-01-16 12:45:00,1107,12.75,34.6992,3808.788,41.38476,306.6555,354.7207,0,0,2666.152,2665.834,917.5253,463.6844,1381.21,3,0,0,581.2097,800,0,343.3272,239.0856,0.1195428,0.2046279,0.3172331,0,250,0.3172331,1748.309,396.6212,47.6449,0,16.47615,0,601.4209,394.3773,207.0436,0,858.0617,4694.16,0,0,4.884981e-14,4.263256e-14
naive,2026-01-16 13:00:00,1108,13,34.93691,3810.403,48.01259,304.5903,369.504,0,0,2667.282,2666.965,1088.34,538.988,1627.328,4,0,193.2693,634.059,800,0,156.1917,200,0.1,0.1505487,0.3172331,0,250,0.3172331,1578.624,431.4801,47.39489,0,11.82269,0,605.2458,358.2133,247.0325,0,897.2013,4901.682,0,2.273737e-13,4.940492e-15,4.263256e-14
naive,2026-01-16 13:15:00,1109,13.25,35.19184,3779.303,53.01499,306.7876,397.0114,0,0,2645.512,2645.195,1408.328,591.6716,2000,4,54.50746,295.3961,653.0887,497.0077,500,0,324.9685,0.1624843,0.1259371,0.3172331,0,250,0.3172331,1236.866,443.098,29.27795,0,11.39151,0,604.1503,282.4607,321.6896,0,874.1323,4794.44,0,0,1.24345e-13,4.263256e-14
naive,2026-01-16 13:30:00,1110,13.5,35.64787,3753.031,53.58711,300.8524,444.4574,0,0,2627.122,2626.805,983.1735,492.6253,1475.799,3,0,0,675.7988,800,0,341.8143,239.4638,0.1197319,0.2046279,0.3172331,0,250,0.3172331,1643.631,456.0406,46.64714,4.510546,8.11465,0,606.903,379.7025,227.2005,0,872.3278,4767.103,0,1.136868e-13,-7.993606e-15,4.263256e-14
naive,2026-01-16 13:45:00,1111,13.75,35.73458,3741.708,57.03646,301.5039,438.3371,1,0,2619.196,2618.879,1150.223,566.269,1716.492,4,0,194.6445,721.8476,800,0,157.7044,200,0.1,0.1507868,0.3172331,0,250,0.3172331,1468.655,486.6144,46.55594,1.751133,4.440351,0,606.4082,340.0298,266.3783,906.2988,0,1770.902,0,0,-7.049916e-15,4.263256e-14
naive,2026-01-16 14:00:00,1112,14,36.06018,3748.996,56.79427,298.097,460.6813,1,1,2624.298,2623.98,1413.51,586.4904,2000,4,53.89974,299.1264,751.8356,395.1382,500,0,324.9685,0.1624843,0.1259371,0.3172331,0,250,0.3172331,1210.471,504.8716,22.8259,2.894525,0,0,612.6698,282.5971,330.0727,869.0875,0,1717.489,0,0,1.24345e-13,4.263256e-14
naive,2026-01-16 14:15:00,1113,14.25,36.18916,3732.835,58.20814,294.5287,469.0655,1,1,2612.985,2612.668,1056.168,524.8049,1580.973,4,0,0,780.9731,800,0,350.9505,237.1797,0.1185899,0.2046279,0.3172331,0,250,0.3172331,1556.499,523.6321,46.07784,1.999928,0,0,612.0559,364.5887,247.4672,889.3936,0,1730.4,0,0,-6.483702e-14,4.263256e-14
naive,2026-01-16 14:30:00,1114,14.5,36.50571,3728.083,51.61814,297.0009,484.8043,1,1,2609.658,2609.341,1205.852,590.793,1796.645,4,0,195.6203,801.0249,800,0,148.5696,200,0.1,0.1493486,0.3172331,0,250,0.3172331,1403.489,535.0481,45.74491,0,8.502426,0,616.3034,331.4514,284.852,922.2444,0,1807.692,0,0,-9.992007e-15,4.263256e-14
naive,2026-01-16 14:45:00,1115,14.75,36.72617,3730.013,49.73815,294.4708,516.4099,1,1,2611.009,2610.692,1415.648,584.3516,2000,4,55.25879,286.6247,802.4421,355.6744,500,0,324.9685,0.1624843,0.1259371,0.3172331,0,250,0.3172331,1195.044,534.5794,20.23478,0,7.846086,0,620.1744,283.8502,336.3242,868.2018,0,1727.174,0,0,1.24345e-13,4.263256e-14
naive,2026-01-16 15:00:00,1116,15,36.80353,3744.85,49.59808,293.4856,526.2478,1,1,2621.395,2621.078,1074.128,532.7225,1606.85,4,0,0,806.8505,800,0,335.8149,240.9636,0.1204818,0.2046279,0.3172331,0,250,0.3172331,1546.95,537.0169,45.43169,0,10.46753,0,623.9022,368.1801,255.7221,900.9026,0,1768.751,0,1.136868e-13,-7.993606e-15,4.263256e-14
naive,2026-01-16 15:15:00,1117,15.25,37.11134,3739.907,56.53015,293.2645,545.7904,1,1,2617.935,2617.618,1200.094,588.2545,1788.348,4,0,172.8592,815.4893,800,0,163.7028,200,0.1,0.1517313,0.3172331,0,250,0.3172331,1417.524,540.7585,45.10795,0,13.63743,5.031885,628.1407,340.1171,288.0236,929.5789,0,1831.936,0,0,-1.348921e-14,4.263256e-14
naive,2026-01-16 15:30:00,1118,15.5,37.333,3713.056,78.93528,291.0819,530.3597,1,1,2599.14,2598.822,1416.408,583.5925,2000,4,58.74281,279.3138,815.4495,346.4939,500,0,324.9685,0.1624843,0.1259371,0.3172331,0,250,0.3172331,1182.415,539.2861,19.43606,20.19247,11.76809,0,627.3008,285.3751,341.9257,868.9676,0,1771.202,0,-2.273737e-13,1.24345e-13,4.263256e-14
naive,2026-01-16 15:45:00,1119,15.75,37.71244,3702.442,73.08091,288.8349,554.7041,1,1,2591.709,2591.392,1079.985,535.3047,1615.29,4,0,0,815.2902,800,0,345.2096,238.615,0.1193075,0.2046279,0.3172331,0,250,0.3172331,1511.407,536.7059,44.47574,9.116221,7.589997,17.99821,631.8728,368.4891,263.3837,908.1819,0,1795.147,0,0,-7.993606e-15,4.263256e-14
naive,2026-01-16 16:00:00,1120,16,37.7716,3656.378,87.7437,286.3304,536.6823,1,1,2559.464,2559.147,1212.993,593.9411,1806.934,4,0,197.0171,809.9171,800,0,154.3096,200,0.1,0.1502523,0.3172331,0,250,0.3172331,1346.154,532.7855,44.41352,12.2366,10.51075,3.896812,625.0029,328.7212,296.2817,923.6139,0,1836.502,0,0,-1.154632e-14,4.263256e-14
naive,2026-01-16 16:15:00,1121,16.25,37.88876,3681.686,97.29671,283.8787,522.4813,1,1,2577.18,2576.863,1418.075,581.9254,2000,4,79.28834,274.9947,798.6544,347.0626,500,0,324.9685,0.1624843,0.1259371,0.3172331,0,250,0.3172331,1158.788,524.628,19.21438,18.00837,8.884015,0,631.3157,283.8611,347.4546,865.7865,0,1756.346,0,0,1.24345e-13,4.263256e-14
naive,2026-01-16 16:30:00,1122,16.5,37.87814,3686.811,113.2114,282.1759,525.1064,1,1,2580.768,2580.451,1059.028,526.0655,1585.093,4,0,0,785.0932,800,0,379.5417,230.0319,0.115016,0.2046279,0.3172331,0,250,0.3172331,1521.423,515.7865,44.30147,8.411432,7.434128,9.319916,632.0137,372.5869,259.4269,900.9348,0,1779.364,0,0,-7.993606e-15,4.263256e-14
naive,2026-01-16 16:45:00,1123,16.75,38.10855,3679.648,133.3498,278.6334,497.4912,1,1,2575.754,2575.436,1241.599,605.5408,1847.14,4,8.500185,271.0268,767.6128,800,0,119.9829,200,0.1,0.1448477,0.3172331,0,250,0.3172331,1333.837,502.8873,44.05913,4.866736,7.60655,0,634.7255,328.6885,306.037,934.2293,0,1840.408,0,0,-4.107825e-15,4.263256e-14
naive,2026-01-16 17:00:00,1124,17,38.05414,3611.322,153.0839,271.4508,496.6292,1,1,2527.925,2527.608,1422.133,577.8669,2000,4,143.109,269.0446,717.2096,370.6368,500,0,324.9685,0.1624843,0.1259371,0.3172331,0,250,0.3172331,1105.475,470.1789,20.43893,9.974909,2.406221,26.4503,622.022,272.0135,350.0086,856.3887,0,1711.141,0,0,1.24345e-13,4.263256e-14
naive,2026-01-16 17:15:00,1125,17.25,38.08363,3589.656,171.1091,269.2633,485.1175,1,1,2512.759,2512.442,993.1319,497.0154,1490.147,3,0,0,690.1473,800,0,430.8568,217.2032,0.1086016,0.2046279,0.3172331,0,250,0.3172331,1519.31,452.2749,44.08534,3.651434,5.864282,32.84261,618.7842,374.1405,244.6437,879.2436,0,1725.306,0,-1.136868e-13,-7.993606e-15,4.263256e-14
naive,2026-01-16 17:30:00,1126,17.5,38.27327,3580.528,205.3684,265.2456,467.0873,1,1,2506.369,2506.052,1244.677,593.0256,1837.703,4,125.1122,260.6546,651.9357,800,0,68.6759,200,0.1,0.1367697,0.3172331,0,250,0.3172331,1261.375,426.2446,43.88589,11.58033,4.591011,40.84272,620.3976,312.2262,308.1714,915.3615,0,1809.247,0,-2.273737e-13,-3.552714e-15,4.263256e-14
naive,2026-01-16 17:45:00,1127,17.75,38.33891,3554.915,238.1894,261.6396,451.9395,1,1,2488.44,2488.123,1427.709,572.2915,2000,4,230.0281,261.6729,606.4911,401.8079,500,0,324.9685,0.1624843,0.1259371,0.3172331,0,250,0.3172331,1060.414,396.2138,22.00745,8.161289,0,55.72575,617.0625,262.9527,354.1098,849.0625,0,1687.445,0,-2.273737e-13,1.24345e-13,4.263256e-14
naive,2026-01-16 18:00:00,1128,18,38.3541,3559.122,278.1106,0.8201753,427.4099,1,1,2491.386,2491.068,916.2789,463.1349,1379.414,3,0,0,579.4138,800,0,267.211,258.1146,0.1290573,0.2046279,0.3172331,0,250,0.3172331,1574.789,378.4541,43.80087,14.04706,0,48.95584,618.049,390.6649,227.384,865.9445,0,1706.844,0,-2.273737e-13,-7.993606e-15,4.263256e-14
naive,2026-01-16 18:15:00,1129,18.25,38.34841,3500.392,294.6523,3.177169,376.8191,1,1,2450.274,2449.957,934.1425,463.36,1397.503,3,64.30802,2.705787,530.4887,800,0,232.2959,200,0.1,0.162531,0.3172331,0,250,0.3172331,1515.815,346.522,43.80686,0,0.4713818,30.29711,607.756,375.9765,231.7796,846.8512,0,1645.233,0,0,6.356027e-15,4.263256e-14
naive,2026-01-16 18:30:00,1130,18.5,38.33513,3504.308,326.5627,1.956463,353.3319,0,0,2453.016,2452.699,1422.186,577.8145,2000,4,329.799,1.620239,498.821,669.7597,500,0,324.9685,0.1624843,0.1259371,0.3172331,0,250,0.3172331,1030.513,325.8893,36.68679,0,0.3362237,27.44263,608.2155,255.5116,352.7039,0,840.1304,4580.024,0,2.273737e-13,1.24345e-13,4.263256e-14
naive,2026-01-16 18:45:00,1131,18.75,38.34591,3519.568,358.4034,0,318.7035,0,0,2463.697,2463.38,839.6485,429.3524,1269.001,3,0,0,469.0009,800,0,358.5537,235.2789,0.1176395,0.2046279,0.3172331,0,250,0.3172331,1623.732,306.3668,43.80949,0.06008763,0,12.33672,611.0436,402.7162,208.3274,0,835.1284,4544.024,0,0,-6.483702e-14,4.263256e-14
naive,2026-01-16 19:00:00,1132,19,38.2112,3484.722,383.0321,0,306.2216,0,0,2439.305,2438.988,1010.873,476.8456,1487.718,3,235.2975,0.9697903,451.4509,800,0,140.9676,200,0.1,0.1481517,0.3172331,0,250,0.3172331,1428.116,295.389,43.95117,6.766957,0,10.83267,602.7787,352.9028,249.8759,0,832.4253,4540.567,0,0,8.382184e-15,4.263256e-14
naive,2026-01-16 19:15:00,1133,19.25,37.8349,3451.948,400.0658,0,276.3953,0,0,2416.363,2416.046,1425.234,574.7661,2000,4,387.798,0.6529058,407.9048,703.6444,500,0,324.9685,0.1624843,0.1259371,0.3172331,0,250,0.3172331,990.8121,268.1243,39.0056,12.26786,0,8.271034,591.0636,242.3613,348.7023,0,819.1506,4482.609,0,2.273737e-13,1.24345e-13,4.263256e-14
naive,2026-01-16 19:30:00,1134,19.5,37.89367,3406.51,406.0907,1.387233,248.4176,0,0,2384.557,2384.239,777.1904,401.8178,1179.008,3,0,0,379.0083,800,0,400.1546,224.8787,0.1124394,0.2046279,0.3172331,0,250,0.3172331,1607.049,248.9518,44.28513,6.471789,0.8515637,0,584.2073,393.7209,190.4864,0,795.5388,4338.275,0,1.136868e-13,4.884981e-14,4.263256e-14
naive,2026-01-16 19:45:00,1135,19.75,37.61301,3411.973,406.8056,3.593088,230.7444,0,0,2388.381,2388.064,991.43,460.3251,1451.755,3,302.1212,0.1665472,349.4674,800,0,99.37323,200,0.1,0.1416028,0.3172331,0,250,0.3172331,1396.634,230.3325,44.58031,5.311107,3.426541,0.4118687,580.7516,339.6013,241.1503,0,800.0266,4365.066,0,-1.136868e-13,-4.440892e-15,4.263256e-14
naive,2026-01-16 20:00:00,1136,20,37.71003,3394.194,395.431,0.06436826,226.4233,0,0,2375.936,2375.619,1420.958,579.0416,2000,4,386.646,0.6450614,327.6592,785.0497,500,0,324.9685,0.1624843,0.1259371,0.3172331,0,250,0.3172331,954.6602,215.7045,43.64707,8.785032,0,10.71871,579.2286,232.7363,346.4923,0,814.391,4445.202,0,0,1.24345e-13,4.263256e-14
naive,2026-01-16 20:15:00,1137,20.25,37.58063,3381.5,387.5105,0.4381066,217.2598,0,0,2367.05,2366.732,726.9047,379.6494,1106.554,3,0,0,306.5542,800,0,356.0297,235.9099,0.117955,0.2046279,0.3172331,0,250,0.3172331,1639.828,202.128,44.61437,32.10555,0,15.13177,575.0668,398.3906,176.6761,0,781.7163,4304.63,0,0,-7.993606e-15,4.263256e-14
naive,2026-01-16 20:30:00,1138,20.5,37.82663,3351.228,343.0689,3.501488,211.9714,0,0,2345.859,2345.542,835.5768,405.5394,1241.116,3,185.0893,0.4011938,255.6257,800,0,143.4912,200,0.1,0.148549,0.3172331,0,250,0.3172331,1509.965,168.045,44.35564,14.48842,3.100295,43.9264,573.6901,369.2685,204.4215,0,785.5503,4300.967,0,2.273737e-13,1.024181e-14,4.263256e-14
naive,2026-01-16 20:45:00,1139,20.75,37.7853,3356.424,301.9351,8.358556,183.0361,0,0,2349.497,2349.18,1291.716,534.1272,1825.843,4,294.5496,2.550561,228.7432,800,500,0,324.9685,0.1624843,0.1259371,0.3172331,0,250,0.3172331,1057.464,150.4484,44.39911,7.385542,5.807994,32.58769,573.9416,258.3202,315.6215,0,800.408,4375.054,0,0,1.24345e-13,4.263256e-14
naive,2026-01-16 21:00:00,1140,21,37.62883,3346.098,262.5686,1.457927,166.1865,0,0,2342.268,2341.951,657.7138,349.1467,1006.861,3,0,0,206.8605,800,0,263.2324,259.1093,0.1295546,0.2046279,0.3172331,0,250,0.3172331,1684.237,136.3148,44.56368,2.314158,0,29.87178,569.7801,409.7075,160.0726,0,766.1208,4167.522,0,-1.136868e-13,-1.216804e-13,4.263256e-14
naive,2026-01-16 21:15:00,1141,21.25,37.52809,3330.402,227.7827,8.11139,149.4853,0,0,2331.282,2330.965,644.0504,343.1232,987.1736,2,0,0,187.1736,800,0,235.0194,200.3136,0.1001568,0.1631573,0.3172331,0,250,0.3172331,1686.914,123.4925,44.66963,0,6.086798,25.9928,565.5829,409.2554,156.3274,0,758.6846,4133.012,0,5.684342e-14,2.46192e-14,4.263256e-14
naive,2026-01-16 21:30:00,1142,21.5,37.10438,3310.626,192.037,6.596629,151.2948,0,0,2317.438,2317.121,795.9995,386.0453,1182.045,3,202.2929,0.3374859,179.4143,800,0,1.128412,200,0.1,0.1261346,0.3172331,0,250,0.3172331,1521.121,118.9813,45.11526,0,6.259143,32.31348,555.9381,364.9069,191.0311,0,758.704,4132.914,0,0,0,4.263256e-14
naive,2026-01-16 21:45:00,1143,21.75,36.88646,3313.127,158.4404,5.374576,142.4829,0,0,2319.189,2318.872,1150.691,486.2104,1636.901,4,174.7259,1.040421,161.1348,800,500,0,324.9685,0.1624843,0.1259371,0.3172331,0,250,0.3172331,1168.181,107.1399,45.34446,0,4.334155,35.34299,553.177,278.6366,274.5404,0,773.2771,4209.488,0,1.705303e-13,1.24345e-13,4.263256e-14
naive,2026-01-16 22:00:00,1144,22,36.58787,3293.017,130.4011,5.465801,128.4208,0,0,2305.112,2304.794,616.764,331.094,947.858,2,0,0,147.858,800,0,152.1587,286.8777,0.1434388,0.2046279,0.3172331,0,250,0.3172331,1688.03,98.66523,45.6585,0,1.708872,29.7556,545.5453,399.5022,146.0432,0,737.6384,4008.593,0,-5.684342e-14,7.727152e-14,4.263256e-14
naive,2026-01-16 22:15:00,1145,22.25,36.33467,3268.77,115.6066,6.784583,108.9009,0,0,2288.139,2287.822,603.3565,325.1833,928.5398,2,0,0,128.5398,800,0,121.0844,256.5614,0.1282807,0.1806427,0.3172331,0,250,0.3172331,1684.465,86.03459,45.9248,0,6.579547,22.86634,537.9824,396.0479,141.9345,0,726.6075,3956.026,0,0,2.237099e-14,4.263256e-14
naive,2026-01-16 22:30:00,1146,22.5,35.79759,3252.617,97.71854,7.267889,102.1668,0,0,2276.832,2276.515,596.5761,322.1942,918.7703,2,0,0,118.7703,800,0,105.4846,230.1499,0.1150749,0.161553,0.3172331,0,250,0.3172331,1679.939,80.00596,46.48968,0,4.298868,22.1608,527.9897,389.5722,138.4176,0,716.9054,3898.094,0,0,4.723999e-14,4.263256e-14
naive,2026-01-16 22:45:00,1147,22.75,35.23991,3238.451,80.14207,7.140635,90.69867,0,0,2266.916,2266.599,610.1757,328.1896,938.3653,2,0,0,138.3653,800,0,96.10073,206.0885,0.1030442,0.144922,0.3172331,0,250,0.3172331,1656.423,93.82281,47.07621,0,3.730024,0,518.317,378.7314,139.5856,0,706.9209,3841.539,0,0,3.672063e-14,4.263256e-14
naive,2026-01-16 23:00:00,1148,23,35.0756,3209.045,60.24931,5.802512,82.01333,0,0,2246.332,2246.015,630.8575,330.6776,961.5351,2,55.7296,0.1045224,105.701,800,0,24.22408,200,0.1,0.1297709,0.3172331,0,250,0.3172331,1615.157,71.81274,47.24902,0,5.69799,10.20059,511.4967,367.7763,143.7204,0,700.7765,3810.945,0,-1.136868e-13,-1.748601e-15,4.263256e-14
naive,2026-01-16 23:15:00,1149,23.25,34.81667,3262.651,57.89795,2.379778,76.20307,0,0,2283.856,2283.538,1017.499,440.2693,1457.768,3,67.32366,0.3882558,90.05613,800,500,0,324.9685,0.1624843,0.1259371,0.3172331,0,250,0.3172331,1266.04,61.37025,47.52135,0,1.991522,14.83282,516.6899,286.4235,230.2664,0,730.0485,3965.241,0,-5.684342e-14,1.24345e-13,4.263256e-14
naive,2026-01-16 23:30:00,1150,23.5,34.49002,3299.575,43.50212,8.294125,95.86134,1,1,2309.702,2309.385,571.1273,310.9751,882.1024,2,0,0,82.10245,800,0,69.07781,307.6479,0.153824,0.2046279,0.3172331,0,250,0.3172331,1738.258,56.16463,47.8649,0,6.556507,39.69672,518.324,390.0852,128.2388,709.9687,0,1377.399,0,-5.684342e-14,1.199041e-13,4.263256e-14
naive,2026-01-16 23:45:00,1151,23.75,34.21109,3243.462,53.89128,0,92.10315,1,1,2270.424,2270.106,562.5201,307.1806,869.7008,2,0,0,69.70076,800,0,68.68938,290.4271,0.1452136,0.1937214,0.3172331,0,250,0.3172331,1707.586,47.83642,48.15827,0,0,44.26673,506.0252,380.5817,125.4435,697.6283,0,1341.079,0,-5.684342e-14,1.301736e-14,4.263256e-14
naive,2026-01-17 00:00:00,1152,0,33.85794,3222.574,54.58712,0,84.93377,1,1,2255.802,2255.485,562.0415,306.9697,869.0112,2,0,0,69.0112,800,0,69.37459,273.0378,0.1365189,0.1828777,0.3172331,0,250,0.3172331,1693.443,47.55813,48.52969,0,0,37.37564,498.4508,374.1898,124.261,689.4182,0,1324.24,0,-5.684342e-14,-8.970602e-14,4.263256e-14
naive,2026-01-17 00:15:00,1153,0.25,33.5312,3198.916,68.22902,0,72.26307,1,1,2239.241,2238.924,557.2194,304.8438,862.0632,2,0,0,62.06315,800,0,59.97357,258.0014,0.1290007,0.1719279,0.3172331,0,250,0.3172331,1681.705,42.93221,48.87334,8.469835,0,29.33086,490.8929,368.6681,122.2248,679.9419,0,1319.512,0,-1.136868e-13,-1.07192e-13,4.263256e-14
naive,2026-01-17 00:30:00,1154,0.5,33.36551,3246.576,52.94759,0,51.83752,1,1,2272.603,2272.286,566.033,308.7293,874.7623,2,0,0,74.76232,800,0,48.39041,245.8632,0.1229316,0.1624597,0.3172331,0,250,0.3172331,1706.253,51.81596,49.04761,4.630536,0,0.02155455,496.2239,372.5611,123.6628,681.2951,0,1315.399,0,5.684342e-14,-5.89806e-14,4.263256e-14
naive,2026-01-17 00:45:00,1155,0.75,33.07881,3229.906,63.72662,0,48.64193,1,1,2260.935,2260.617,572.8944,311.7541,884.6486,2,0,0,84.64858,800,0,55.04053,232.0643,0.1160322,0.1548164,0.3172331,0,250,0.3172331,1687.723,58.86204,49.34914,8.740962,0,0,490.2998,365.9947,124.305,677.7489,0,1315.058,0,0,-5.809242e-14,4.263256e-14
naive,2026-01-17 01:00:00,1156,1,32.92383,3241.036,48.50894,0,57.61135,1,1,2268.725,2268.408,557.6095,305.0158,862.6253,2,0,0,62.62532,800,0,49.99339,219.5295,0.1097647,0.1461275,0.3172331,0,250,0.3172331,1710.798,43.62539,49.51214,0,0,13.98597,490.177,369.6323,120.5447,677.6699,0,1299.639,0,-5.684342e-14,2.398082e-14,4.263256e-14
naive,2026-01-17 01:15:00,1157,1.25,32.58415,3215.892,65.06809,0,46.41761,1,1,2251.125,2250.807,559.7543,305.9613,865.7156,2,0,0,65.71557,800,0,53.1545,206.2063,0.1031031,0.1382345,0.3172331,0,250,0.3172331,1691.053,45.95666,49.86939,12.17426,0,0.4609436,482.4793,362.4402,120.0391,668.5003,0,1301.898,0,5.684342e-14,3.191891e-14,4.263256e-14
naive,2026-01-17 01:30:00,1158,1.5,32.10454,3210.685,54.4326,0,38.82966,1,1,2247.479,2247.162,578.7445,311.063,889.8075,2,27.48934,0.1584578,62.1597,800,0,24.69525,200,0.1,0.1298451,0.3172331,0,250,0.3172331,1668.418,43.70844,50.37382,2.248012,0,0,476.3122,353.5906,122.7216,664.6537,0,1276.515,0,-5.684342e-14,6.383782e-16,4.263256e-14
naive,2026-01-17 01:45:00,1159,1.75,31.79229,3236.366,52.0915,0,21.79092,1,1,2265.456,2265.139,968.6813,421.06,1389.741,3,47.8897,0.07055598,41.78109,800,500,0,324.9685,0.1624843,0.1259371,0.3172331,0,250,0.3172331,1296.457,29.48332,50.70222,4.2018,0,0,476.6523,272.7749,203.8775,693.8349,0,1337.878,0,-2.273737e-13,1.24345e-13,4.263256e-14
naive,2026-01-17 02:00:00,1160,2,31.56018,3291.157,50.90756,0,15.44146,1,1,2303.81,2303.493,542.7332,298.4576,841.1907,2,0,0,41.19072,800,0,45.88534,313.446,0.156723,0.2046279,0.3172331,0,250,0.3172331,1760.76,29.1432,50.94635,5.064946,0,0,482.1321,368.4847,113.6474,666.9422,0,1285.307,0,-5.684342e-14,5.595524e-14,4.263256e-14
naive,2026-01-17 02:15:00,1161,2.25,31.20672,3285.684,64.48478,5.4316,22.67845,1,1,2299.979,2299.662,547.454,300.5388,847.9927,2,0,0,47.99274,800,0,45.86675,301.93,0.150965,0.1973724,0.3172331,0,250,0.3172331,1752.208,34.09147,51.3181,18.6251,5.424528,0,477.4453,363.7353,113.7101,664.274,0,1312.301,0,0,7.219225e-14,4.263256e-14
naive,2026-01-17 02:30:00,1162,2.5,30.9652,3315.402,51.47797,4.818113,6.777955,1,1,2320.781,2320.464,554.3109,303.5616,857.8724,2,0,0,57.87244,800,0,51.02011,289.1274,0.1445637,0.1901209,0.3172331,0,250,0.3172331,1766.153,41.22129,51.57211,0.8073454,4.468625,0,479.1213,364.6193,114.502,668.1809,0,1287.444,0,5.684342e-14,-3.144707e-14,4.263256e-14
naive,2026-01-17 02:45:00,1163,2.75,30.72068,3345.123,64.30035,2.754429,28.77955,1,1,2341.586,2341.269,555.4835,304.0785,859.562,2,0,0,59.562,800,0,56.22261,275.0263,0.1375131,0.1820593,0.3172331,0,250,0.3172331,1785.786,42.54124,51.82929,11.47675,0,0,480.7469,366.6365,114.1104,670.715,0,1302.919,0,-5.684342e-14,-5.098699e-14,4.263256e-14
naive,2026-01-17 03:00:00,1164,3,30.68293,3362.327,68.81025,0,34.6903,1,1,2353.629,2353.312,555.2028,303.9548,859.1576,2,0,0,59.15758,800,0,61.36731,259.6411,0.1298206,0.17318,0.3172331,0,250,0.3172331,1798.109,42.27025,51.86899,10.85122,0,0,482.8079,368.8522,113.9557,672.807,0,1305.98,0,5.684342e-14,1.509903e-14,4.263256e-14
naive,2026-01-17 03:15:00,1165,3.25,30.64516,3376.226,64.76969,0,43.5679,1,1,2363.358,2363.041,550.0285,301.6737,851.7022,2,0,0,51.70217,800,0,54.14249,246.0647,0.1230323,0.1634922,0.3172331,0,250,0.3172331,1813.012,36.95871,51.90872,12.24979,0,6.609181,484.3907,371.5926,112.7981,674.6209,0,1311.975,0,0,2.137179e-15,4.263256e-14
naive,2026-01-17 03:30:00,1166,3.5,30.654,3335.238,73.11371,0,52.10649,1,1,2334.667,2334.35,549.7182,301.5369,851.2551,2,0,0,51.25513,800,0,58.04403,231.5149,0.1157575,0.1549433,0.3172331,0,250,0.3172331,1784.631,36.63552,51.89942,15.27976,0,15.47097,478.6056,365.8486,112.757,670.5571,0,1309.085,0,-5.684342e-14,4.019007e-14,4.263256e-14
naive,2026-01-17 03:45:00,1167,3.75,30.42415,3350.791,77.42496,5.760811,29.05746,1,1,2345.554,2345.237,560.7883,306.4172,867.2055,2,0,0,67.20553,800,0,63.68629,215.5569,0.1077784,0.1457815,0.3172331,0,250,0.3172331,1784.448,48.15994,52.14117,14.44969,5.049795,0,478.358,363.9248,114.4332,670.342,0,1315.662,0,5.684342e-14,4.857226e-14,4.263256e-14
naive,2026-01-17 04:00:00,1168,4,30.3603,3341.523,87.97402,1.618095,32.50273,1,1,2339.066,2338.749,560.8577,305.1373,865.995,2,11.01602,0.8955078,54.08349,800,0,62.09183,200,0.1,0.135733,0.3172331,0,250,0.3172331,1777.891,38.78422,52.20832,14.86616,0.7225873,0,476.3526,362.0689,114.2837,667.2062,0,1302.569,0,5.684342e-14,2.498002e-16,4.263256e-14
naive,2026-01-17 04:15:00,1169,4.25,30.43962,3278.472,97.62345,1.463893,17.06051,1,1,2294.93,2294.613,999.1738,429.3028,1428.477,3,91.60048,0.05268245,36.8235,800,500,0,324.9685,0.1624843,0.1259371,0.3172331,0,250,0.3172331,1295.439,26.38341,52.12489,6.022973,1.411211,0,468.1962,264.2868,203.9094,693.5896,0,1341.363,0,0,1.24345e-13,4.263256e-14
naive,2026-01-17 04:30:00,1170,4.5,30.3827,3297.264,113.8811,0,25.92472,1,1,2308.085,2307.768,537.7157,296.2456,833.9613,2,0,0,33.96131,800,0,105.5008,298.5422,0.1492711,0.2046279,0.3172331,0,250,0.3172331,1770.052,24.34817,52.18476,9.424293,0,1.576548,470.2792,360.6534,109.6258,657.2202,0,1271.99,0,0,2.04281e-14,4.263256e-14
naive,2026-01-17 04:45:00,1171,4.75,30.30846,3300.07,127.6048,0,43.85203,1,1,2310.049,2309.732,536.0123,295.4947,831.5069,2,0,0,31.50694,800,0,131.0279,265.7382,0.1328691,0.1879876,0.3172331,0,250,0.3172331,1773.719,22.60725,52.26284,0,0,21.24479,469.8975,360.8003,109.0972,660.6165,0,1262.437,0,0,-3.830269e-15,4.263256e-14
naive,2026-01-17 05:00:00,1172,5,30.15726,3281.11,151.1011,0,34.22948,1,1,2296.777,2296.46,546.5228,300.1282,846.651,2,0,0,46.65097,800,0,159.34,225.8614,0.1129307,0.1673314,0.3172331,0,250,0.3172331,1749.937,33.53001,52.42186,0,0,0.6994694,465.6227,354.7625,110.8602,655.0325,0,1251.09,0,-5.684342e-14,3.275158e-14,4.263256e-14
naive,2026-01-17 05:15:00,1173,5.25,30.24075,3306.995,183.535,0,33.8165,1,1,2314.897,2314.58,606.8916,316.2668,923.1584,2,88.05548,2.312341,32.79054,800,0,103.3032,200,0.1,0.1422216,0.3172331,0,250,0.3172331,1707.688,23.54603,52.33405,0,0,10.27047,470.1714,346.8431,123.3283,665.1959,0,1271.516,0,-5.684342e-14,6.328271e-15,4.263256e-14
naive,2026-01-17 05:30:00,1174,5.5,30.25083,3290.279,221.0566,2.253102,50.62804,1,1,2303.195,2302.878,1110.846,461.0506,1571.897,4,238.5674,2.643156,30.68653,800,500,0,324.9685,0.1624843,0.1259371,0.3172331,0,250,0.3172331,1192.031,22.03272,52.32345,0,0,28.59531,467.9,242.1642,225.7358,709.024,0,1359.184,0,1.705303e-13,1.24345e-13,4.263256e-14
naive,2026-01-17 05:45:00,1175,5.75,30.38897,3289.349,277.7875,7.268835,57.06446,1,1,2302.544,2302.227,552.6427,302.8262,855.4689,2,0,0,55.46886,800,0,284.3575,253.828,0.126914,0.2046279,0.3172331,0,250,0.3172331,1749.584,39.76497,52.17816,0,6.929474,17.29949,469.2163,356.5332,112.6831,662.8847,0,1279.022,0,-5.684342e-14,4.884981e-14,4.263256e-14
naive,2026-01-17 06:00:00,1176,6,30.38691,3288.205,336.9131,2.769719,27.11584,1,1,2301.744,2301.426,646.5965,330.7138,977.3104,2,113.7517,0.7770974,62.78154,800,0,215.1521,200,0.1,0.1598318,0.3172331,0,250,0.3172331,1654.83,45.00838,52.18033,8.00927,1.992622,0,469.0314,337.2084,131.823,667.9222,0,1294.395,0,-1.136868e-13,-1.360023e-14,4.263256e-14
naive,2026-01-17 06:15:00,1177,6.25,30.70088,3340.972,373.0215,0,30.98162,1,1,2338.68,2338.363,1251.308,507.01,1758.318,4,372.7542,0.7372789,84.82621,800,500,0,324.9685,0.1624843,0.1259371,0.3172331,0,250,0.3172331,1087.055,60.59925,51.85011,0.2672582,0,0,479.9357,223.0817,256.854,730.0917,0,1402.313,0,0,1.24345e-13,4.263256e-14
naive,2026-01-17 06:30:00,1178,6.5,30.74581,3332.979,413.829,1.953874,13.12519,1,1,2333.085,2332.768,580.9636,315.3114,896.2751,2,0,0,96.27507,800,0,410.8509,222.2046,0.1111023,0.2046279,0.3172331,0,250,0.3172331,1751.804,68.74362,51.80285,3.745993,1.185987,0,479.2736,359.8641,119.4095,675.1755,0,1300.581,0,0,-7.993606e-15,4.263256e-14
naive,2026-01-17 06:45:00,1179,6.75,30.6453,3392.914,418.8455,0,33.20704,1,1,2375.04,2374.722,836.7783,387.9533,1224.732,3,337.3756,0.7587767,86.59718,800,0,88.67863,200,0.1,0.139919,0.3172331,0,250,0.3172331,1537.944,61.90293,51.90857,0,0,0,486.7865,315.2159,171.5705,703.1692,0,1347.941,0,-1.136868e-13,-9.992007e-16,4.263256e-14
naive,2026-01-17 07:00:00,1180,7,30.75691,3411.206,425.7955,0.5947937,24.73713,1,1,2387.844,2387.527,1289.335,515.6507,1804.985,4,441.042,0.4134207,63.52992,800,500,0,324.9685,0.1624843,0.1259371,0.3172331,0,250,0.3172331,1098.192,45.35685,51.79118,0,0.1813731,0,490.6455,225.6525,264.993,741.3032,0,1424.654,0,2.273737e-13,1.24345e-13,4.263256e-14
naive,2026-01-17 07:15:00,1181,7.25,30.92163,3450.393,421.0858,0,33.13487,1,1,2415.275,2414.958,564.1326,307.8915,872.0242,2,0,0,72.02416,800,0,425.8734,218.449,0.1092245,0.2046279,0.3172331,0,250,0.3172331,1850.825,51.32635,51.61794,0,0,0,498.1366,381.722,116.4145,689.6135,0,1321.157,0,0,4.884981e-14,4.263256e-14
naive,2026-01-17 07:30:00,1182,7.5,31.20896,3454.694,398.9412,0,54.36175,1,1,2418.286,2417.969,825.6834,384.1664,1209.85,3,328.092,1.403643,80.35415,800,0,73.65849,200,0.1,0.1375541,0.3172331,0,250,0.3172331,1592.285,57.07783,51.31574,0,0,0,502.0301,330.5544,171.4757,714.7209,0,1371.712,0,-1.136868e-13,-6.439294e-15,4.263256e-14
naive,2026-01-17 07:45:00,1183,7.75,31.2712,3460.362,372.7495,0,70.92846,1,1,2422.254,2421.936,1253.564,508.65,1762.214,4,367.33,0,94.88386,800,500,0,324.9685,0.1624843,0.1259371,0.3172331,0,250,0.3172331,1168.372,67.35145,51.25028,5.419557,0,3.577006,503.5694,242.8964,260.673,752.29,0,1456.272,0,5.684342e-14,1.24345e-13,4.263256e-14
naive,2026-01-17 08:00:00,1184,8,31.33985,3471.439,336.4019,129.0852,88.98032,1,1,2430.008,2429.69,647.0409,344.4416,991.4825,2,0,86.95047,104.532,800,0,499.6694,200,0.1,0.2046279,0.3172331,0,250,0.3172331,1782.649,74.14261,51.17808,7.305836,0,14.83771,505.9757,371.1829,134.7928,718.714,0,1392.455,0,5.684342e-14,-7.993606e-15,4.263256e-14
naive,2026-01-17 08:15:00,1185,8.25,31.46015,3501.184,295.5164,134.5176,57.67403,1,1,2450.829,2450.511,1375.939,573.485,1949.424,4,275.8172,262.8257,110.7808,800,500,0,324.9685,0.1624843,0.1259371,0.3172331,0,250,0.3172331,1074.573,78.4681,51.05156,19.69922,0,0,511.7211,224.3656,287.3555,797.8506,0,1572.249,0,0,1.24345e-13,4.263256e-14
naive,2026-01-17 08:30:00,1186,8.5,31.57732,3517.023,243.7684,131.8098,68.87533,1,1,2461.916,2461.599,587.1033,318.0181,905.1214,2,0,0,105.1214,800,0,499.2945,200.0937,0.1000469,0.2046279,0.3172331,0,250,0.3172331,1874.496,74.36094,50.92833,7.891775,0,0,515.4232,392.4417,122.9815,710.4598,0,1377.239,0,0,-7.993606e-15,4.263256e-14
naive,2026-01-17 08:45:00,1187,8.75,31.47481,3546.052,218.7951,141.8191,95.03644,1,1,2482.236,2481.919,933.4378,447.059,1380.497,3,198.7269,270.488,111.2819,800,0,0.2489534,200,0.1,0.1259961,0.3172331,0,250,0.3172331,1548.481,78.80998,51.03613,19.81924,0,16.22646,518.4535,323.4243,195.0292,773.8724,0,1524.517,0,0,0,4.263256e-14
naive,2026-01-17 09:00:00,1188,9,31.77048,3522.79,174.6153,144.0134,104.746,1,1,2465.953,2465.636,1295.79,551.4067,1847.196,4,164.3895,271.4186,111.3882,800,500,0,324.9685,0.1624843,0.1259371,0.3172331,0,250,0.3172331,1169.846,78.62181,50.72516,10.22588,0,26.12415,518.5752,246.0117,272.5635,802.9121,0,1566.398,0,-2.273737e-13,1.24345e-13,4.263256e-14
naive,2026-01-17 09:15:00,1189,9.25,32.1471,3565.082,142.9487,148.5537,99.77452,1,1,2495.557,2495.24,605.6032,326.1738,931.7769,2,0,0,131.7769,800,0,404.7946,223.7187,0.1118594,0.2046279,0.3172331,0,250,0.3172331,1889.637,92.61589,50.32905,10.74414,0,7.158636,529.4131,400.8718,128.5413,728.5642,0,1419.042,0,0,-7.993606e-15,4.263256e-14
naive,2026-01-17 09:30:00,1190,9.5,32.25939,3613.886,114.39,147.352,111.4866,1,1,2529.72,2529.403,821.3952,419.7413,1241.137,3,13.14923,279.4902,148.4971,800,0,94.734,200,0.1,0.1408724,0.3172331,0,250,0.3172331,1708.008,104.2338,50.21096,6.506794,0,7.252768,538.0704,363.2925,174.7779,784.5764,0,1523.89,0,-1.136868e-13,-8.049117e-16,4.263256e-14
naive,2026-01-17 09:45:00,1191,9.75,32.35168,3636.252,100.6206,136.7086,133.516,1,1,2545.376,2545.059,1292.776,559.1831,1851.959,4,87.85178,281.8583,182.2492,800,500,0,324.9685,0.1624843,0.1259371,0.3172331,0,250,0.3172331,1252.283,127.7907,50.1139,12.76881,0,5.725315,542.572,266.9364,275.6356,827.3399,0,1620.328,0,0,1.24345e-13,4.263256e-14
naive,2026-01-17 10:00:00,1192,10,32.56743,3655.372,84.12398,137.9404,144.7663,1,1,2558.76,2558.443,638.9769,340.8866,979.8635,2,0,0,179.8635,800,0,360.0407,234.9072,0.1174536,0.2046279,0.3172331,0,250,0.3172331,1919.466,125.8074,49.88698,10.92815,0,18.95892,548.1981,411.2334,136.9647,756.1818,0,1475.092,0,-5.684342e-14,-7.993606e-15,4.263256e-14
naive,2026-01-17 10:15:00,1193,10.25,32.69937,3670.138,67.19962,144.6918,156.7535,1,1,2569.096,2568.779,809.4463,416.0378,1225.484,3,0,211.6114,213.8727,800,0,139.4808,200,0.1,0.1479176,0.3172331,0,250,0.3172331,1759.333,149.3698,49.74821,2.816199,0,7.383746,552.1294,378.1016,174.0278,795.7263,0,1540.344,0,0,9.381385e-15,4.263256e-14
naive,2026-01-17 10:30:00,1194,10.5,33.05517,3658.913,67.04128,148.8073,188.1728,1,1,2561.239,2560.922,1313.163,572.3398,1885.503,4,52.80641,287.2114,245.4854,800,500,0,324.9685,0.1624843,0.1259371,0.3172331,0,250,0.3172331,1247.759,170.7495,49.374,14.23487,0,17.42331,555.1099,270.4328,284.6771,846.5488,0,1662.107,0,-1.136868e-13,1.24345e-13,4.263256e-14
naive,2026-01-17 10:45:00,1195,10.75,33.22364,3639.92,69.42453,155.3922,216.1259,1,1,2547.944,2547.627,702.7095,368.983,1071.692,3,0,0,271.6925,800,0,340.5521,239.7793,0.1198897,0.2046279,0.3172331,0,250,0.3172331,1844.917,188.6119,49.19681,21.54891,0,27.51406,554.4554,401.4705,152.9849,776.4408,0,1534.707,0,0,-7.993606e-15,4.263256e-14
naive,2026-01-17 11:00:00,1196,11,33.56324,3651.214,66.55054,152.2201,234.1657,1,0,2555.85,2555.533,861.7826,439.1102,1300.893,3,0,186.8051,314.0878,800,0,158.9663,200,0.1,0.1509855,0.3172331,0,250,0.3172331,1693.75,217.1898,48.83964,13.98208,0,16.9759,560.734,371.5958,189.1381,814.4305,0,1598.035,0,-5.684342e-14,1.09357e-14,4.263256e-14
naive,2026-01-17 11:15:00,1197,11.25,33.65424,3669.81,56.47718,149.475,256.053,1,0,2568.867,2568.549,1378.13,601.5902,1979.72,4,47.67835,289.9235,342.1182,800,500,0,324.9685,0.1624843,0.1259371,0.3172331,0,250,0.3172331,1190.42,236.3237,48.74394,8.798823,0,19.7293,564.8301,261.7438,303.0864,867.6719,0,1695.685,0,0,1.24345e-13,4.263256e-14
naive,2026-01-17 11:30:00,1198,11.5,33.72598,3678.652,60.76145,146.4743,277.0265,1,0,2575.056,2574.739,769.4892,398.4228,1167.912,3,0,0,367.912,800,0,343.8793,238.9475,0.1194738,0.2046279,0.3172331,0,250,0.3172331,1805.25,253.93,48.66848,12.48907,0,23.09653,567.1752,397.6196,169.5556,801.1296,0,1569.051,0,0,-7.993606e-15,4.263256e-14
naive,2026-01-17 11:45:00,1199,11.75,33.78176,3705.086,56.80959,147.0861,278.3371,0,0,2593.56,2593.243,932.7805,470.4096,1403.19,3,0,188.1139,415.0762,800,0,155.6397,200,0.1,0.1504618,0.3172331,0,250,0.3172331,1660.462,286.2971,48.60981,9.958746,0,0,572.0239,366.2241,205.7998,0,836.6337,4563.978,0,1.136868e-13,-1.29341e-14,4.263256e-14
naive,2026-01-17 12:00:00,1200,12,33.85757,3700.362,51.84527,149.8641,297.1743,0,0,2590.253,2589.936,1396.612,603.3879,2000,4,52.19357,298.3901,427.9792,721.4371,500,0,324.9685,0.1624843,0.1259371,0.3172331,0,250,0.3172331,1193.324,294.9374,43.76425,0,0,2.236941,572.3472,263.6791,308.6681,0,867.5612,4722.352,0,0,1.24345e-13,4.263256e-14
naive,2026-01-17 12:15:00,1201,12.25,34.18293,3712.549,48.50033,148.5118,314.9136,0,0,2598.784,2598.467,830.7624,425.435,1256.197,3,0,0,456.1974,800,0,354.4181,236.3128,0.1181564,0.2046279,0.3172331,0,250,0.3172331,1767.705,313.1962,48.18788,0,0,1.717407,578.8096,393.7089,185.1007,0,819.5264,4453.184,0,1.136868e-13,4.884981e-14,4.263256e-14
naive,2026-01-17 12:30:00,1202,12.5,34.56011,3699.437,41.97576,150.1702,344.1154,0,0,2589.606,2589.289,1002.244,501.0325,1503.276,4,0,202.7656,500.5107,800,0,145.1026,200,0.1,0.1488027,0.3172331,0,250,0.3172331,1587.045,342.1086,47.79118,0,0,2.006827,582.1449,356.7685,225.3763,0,858.2521,4666.622,0,1.136868e-13,-1.054712e-15,4.263256e-14
naive,2026-01-17 12:45:00,1203,12.75,34.83685,3683.558,29.84564,152.8224,360.1925,0,0,2578.491,2578.174,1402.081,597.9191,2000,4,46.76554,299.584,547.433,606.2174,500,0,324.9685,0.1624843,0.1259371,0.3172331,0,250,0.3172331,1176.093,372.969,35.99425,0,0,0,583.6401,266.208,317.4321,0,864.1271,4712.205,0,-1.136868e-13,1.24345e-13,4.263256e-14
naive,2026-01-17 13:00:00,1204,13,35.11699,3740.826,39.07995,148.2275,380.0686,0,0,2618.578,2618.261,919.554,464.5787,1384.133,3,0,0,584.1327,800,0,351.7018,236.9919,0.118496,0.2046279,0.3172331,0,250,0.3172331,1698.707,396.6635,47.20549,0,0,0,596.8772,387.2023,209.6749,0,851.781,4631.689,0,-1.136868e-13,-7.993606e-15,4.263256e-14
naive,2026-01-17 13:15:00,1205,13.25,35.06423,3755.592,42.79401,149.4126,400.528,0,0,2628.914,2628.597,1085.722,537.8339,1623.556,4,0,207.9952,615.5612,800,0,147.8184,200,0.1,0.1492303,0.3172331,0,250,0.3172331,1542.875,418.2653,47.26098,0,0,0,598.4415,351.2173,247.2242,0,889.0512,4836.613,0,1.136868e-13,-2.664535e-15,4.263256e-14
naive,2026-01-17 13:30:00,1206,13.5,35.45512,3755.734,32.92954,154.7668,429.774,0,0,2629.014,2628.696,1408.697,591.3032,2000,4,51.45987,297.5706,666.0341,484.9354,500,0,324.9685,0.1624843,0.1259371,0.3172331,0,250,0.3172331,1220,450.4782,28.39895,0,0,0,604.3797,280.4638,323.916,0,871.767,4762.77,0,-2.273737e-13,1.24345e-13,4.263256e-14
naive,2026-01-17 13:45:00,1207,13.75,35.51907,3732.816,45.08486,158.2176,434.4547,0,0,2612.971,2612.654,987.468,494.5185,1481.986,3,0,0,681.9865,800,0,356.2167,235.8632,0.1179316,0.2046279,0.3172331,0,250,0.3172331,1625.186,460.9188,46.7826,0,0,0,601.6647,374.2166,227.4482,0,868.7351,4725.412,0,5.684342e-14,-7.993606e-15,4.263256e-14
naive,2026-01-17 14:00:00,1208,14,35.91739,3750.156,50.38067,154.8941,477.187,0,1,2625.109,2624.792,1157.083,569.2931,1726.376,4,0,211.2314,715.1447,800,0,143.3042,200,0.1,0.1485196,0.3172331,0,250,0.3172331,1467.709,481.0499,46.36367,0,0,0,610.6202,341.4001,269.22,0,910.6933,4956.654,0,-1.136868e-13,3.969047e-15,4.263256e-14
naive,2026-01-17 14:15:00,1209,14.25,36.45233,3800.535,50.20344,154.3806,512.9494,0,1,2660.375,2660.057,1412.953,587.0473,2000,4,57.42655,295.0175,735.9034,411.6526,500,0,324.9685,0.1624843,0.1259371,0.3172331,0,250,0.3172331,1247.105,491.8641,23.56765,0,0,21.08532,627.4108,294.1116,333.2992,0,886.1315,4847.21,0,0,1.24345e-13,4.263256e-14
naive,2026-01-17 14:30:00,1210,14.5,36.65436,3770.233,56.49048,147.3681,532.0625,0,1,2639.163,2638.846,1041.387,518.2887,1559.676,4,0,0,759.6757,800,0,347.2533,238.104,0.119052,0.2046279,0.3172331,0,250,0.3172331,1597.459,506.5252,45.58857,2.793443,0,25.53729,625.6876,378.7224,246.9652,0,903.0654,4920.391,0,1.136868e-13,-6.483702e-14,4.263256e-14
naive,2026-01-17 14:45:00,1211,14.75,36.9195,3753.016,50.57582,146.6881,541.7699,1,1,2627.111,2626.794,1193.668,585.4214,1779.089,4,0,191.5686,787.5204,800,0,152.2662,200,0.1,0.1499306,0.3172331,0,250,0.3172331,1433.127,523.4207,45.30971,0,0,18.34917,627.167,342.1285,285.0385,931.9304,0,1812.887,0,0,1.06859e-14,4.263256e-14
naive,2026-01-17 15:00:00,1212,15,37.17006,3756.65,48.86589,141.7009,550.3541,1,1,2629.655,2629.338,1415.01,584.9904,2000,4,51.22218,289.1189,798.0345,361.6244,500,0,324.9685,0.1624843,0.1259371,0.3172331,0,250,0.3172331,1214.329,528.8092,20.36225,0,0,21.54492,631.9322,291.8152,340.117,881.983,0,1741.059,0,0,1.24345e-13,4.263256e-14
naive,2026-01-17 15:15:00,1213,15.25,37.14581,3720.418,48.3292,145.6352,559.6667,1,1,2604.292,2603.975,1083.021,536.6431,1619.664,4,0,0,819.6644,800,0,344.1193,238.8875,0.1194438,0.2046279,0.3172331,0,250,0.3172331,1520.954,543.301,45.07169,0,0,16.3657,625.4364,365.2662,260.1702,905.8396,0,1760.973,0,-2.273737e-13,-7.993606e-15,4.263256e-14
naive,2026-01-17 15:30:00,1214,15.5,37.13481,3660.296,50.00712,135.8348,558.7812,1,1,2562.207,2561.89,1214.203,594.4743,1808.677,4,0,200.5707,808.1062,800,0,155.3997,200,0.1,0.150424,0.3172331,0,250,0.3172331,1347.687,535.711,45.08326,0,0,23.07024,615.1505,323.5611,291.5894,923.5742,0,1796.43,0,-1.136868e-13,1.39333e-14,4.263256e-14
naive,2026-01-17 15:45:00,1215,15.75,37.1704,3679.745,60.0693,138.8414,560.3096,1,1,2575.821,2575.504,1418.859,581.1407,2000,4,68.89921,285.8229,830.1986,315.0793,500,0,324.9685,0.1624843,0.1259371,0.3172331,0,250,0.3172331,1156.645,550.1201,17.74126,0,0,10.18947,619.001,277.9557,341.0453,861.5451,0,1703.131,0,0,1.24345e-13,4.263256e-14
naive,2026-01-17 16:00:00,1216,16,37.30508,3668.035,65.83819,139.6989,564.3481,1,1,2567.625,2567.307,1078.272,534.5494,1612.821,4,0,0,812.8215,800,0,364.1362,233.8833,0.1169417,0.2046279,0.3172331,0,250,0.3172331,1489.035,537.7297,44.90418,0,0,26.61843,619.2357,359.1116,260.1241,900.0806,0,1749.644,0,1.136868e-13,-7.993606e-15,4.263256e-14
naive,2026-01-17 16:15:00,1217,16.25,37.516,3687.88,86.52402,138.3,565.6881,1,1,2581.516,2581.199,1229.53,601.2311,1830.761,4,0,234.0364,796.7242,800,0,135.386,200,0.1,0.1472729,0.3172331,0,250,0.3172331,1351.669,525.736,44.68234,0,0,39.95208,626.0892,327.8172,298.272,938.7378,0,1827.208,0,0,-4.385381e-15,4.263256e-14
naive,2026-01-17 16:30:00,1218,16.5,37.61155,3695.69,108.7155,138.5813,549.3538,1,1,2586.983,2586.666,1422.019,577.9807,2000,4,109.4311,279.2203,792.6409,318.7076,500,0,324.9685,0.1624843,0.1259371,0.3172331,0,250,0.3172331,1164.646,522.4356,17.76072,0,0,26.91814,629.0184,283.1808,345.8376,867.7066,0,1715.432,0,-1.136868e-13,1.24345e-13,4.263256e-14
naive,2026-01-17 16:45:00,1219,16.75,37.82271,3677.122,134.3416,142.8383,536.3375,1,1,2573.986,2573.668,1043.883,519.3888,1563.271,4,0,0,763.2714,800,0,406.8615,223.202,0.111601,0.2046279,0.3172331,0,250,0.3172331,1529.786,501.7886,44.35976,3.079547,0,34.54898,629.413,374.0763,255.3367,901.9134,0,1759.234,0,-1.136868e-13,-6.483702e-14,4.263256e-14
naive,2026-01-17 17:00:00,1220,17,37.79853,3617.429,149.4743,135.1469,501.3656,1,1,2532.2,2531.883,1258.473,607.3421,1865.815,4,55.8907,270.7698,739.1547,800,0,92.66739,200,0.1,0.140547,0.3172331,0,250,0.3172331,1273.41,486.0768,44.38519,0.9161682,0,15.28876,618.7928,311.1827,307.6101,922.2609,0,1796.169,0,-2.273737e-13,-2.498002e-15,4.263256e-14
naive,2026-01-17 17:15:00,1221,17.25,37.63693,3637.36,174.4314,142.2025,489.2865,1,1,2546.152,2545.834,1425.568,574.4316,2000,4,169.3556,266.9424,717.763,345.939,500,0,324.9685,0.1624843,0.1259371,0.3172331,0,250,0.3172331,1120.266,472.9374,19.26671,5.075872,0,16.34916,619.511,272.5749,346.9361,850.9845,0,1689.05,0,-2.273737e-13,1.24345e-13,4.263256e-14
naive,2026-01-17 17:30:00,1222,17.5,37.6548,3629.095,208.4615,138.0328,463.0108,1,1,2540.366,2540.049,990.4522,495.8341,1486.286,3,0,0,686.2863,800,0,463.4462,209.0558,0.1045279,0.2046279,0.3172331,0,250,0.3172331,1549.597,452.0991,44.53637,8.475859,0,10.91169,618.3991,377.217,241.1821,875.7073,0,1715.932,0,0,4.884981e-14,4.263256e-14
naive,2026-01-17 17:45:00,1223,17.75,37.64404,3610.459,234.1047,130.651,435.9479,1,1,2527.321,2527.004,1303.404,610.2088,1913.612,4,198.3014,261.957,653.3541,800,0,36.09159,200,0.1,0.1316394,0.3172331,0,250,0.3172331,1223.6,430.4609,44.54768,0,0,5.48708,615.0464,297.7742,317.2722,909.3183,0,1768.52,0,-2.273737e-13,-7.771561e-16,4.263256e-14
naive,2026-01-17 18:00:00,1224,18,37.43322,3589.87,275.7286,0,394.006,1,1,2512.909,2512.592,1420.669,579.3312,2000,4,271.599,1.822014,620.8525,605.7265,500,0,324.9685,0.1624843,0.1259371,0.3172331,0,250,0.3172331,1091.923,410.0943,33.89752,4.129625,0,0,608.1073,264.2381,343.8691,843.5694,0,1656.128,0,0,1.24345e-13,4.263256e-14
naive,2026-01-17 18:15:00,1225,18.25,37.53667,3567.614,312.075,0,390.5225,0,1,2497.33,2497.012,900.2389,456.0636,1356.303,3,0,0,556.3025,800,0,298.3955,250.3185,0.1251592,0.2046279,0.3172331,0,250,0.3172331,1596.773,366.9965,44.66061,16.60807,0,23.52598,606.0058,387.4755,218.5303,0,849.2479,4649.269,0,0,-6.483702e-14,4.263256e-14
naive,2026-01-17 18:30:00,1226,18.5,37.35506,3558.202,359.1104,0,341.6687,0,0,2490.741,2490.424,976.3475,474.5163,1450.864,3,126.9327,1.768873,522.1622,800,0,201.1163,200,0.1,0.1576219,0.3172331,0,250,0.3172331,1514.077,345.2325,44.85161,31.06137,0,0,601.4913,365.6357,235.8556,0,840.152,4623.959,0,0,3.38618e-15,4.263256e-14
naive,2026-01-17 18:45:00,1227,18.75,37.18986,3503.416,375.7746,0,309.3794,0,0,2452.391,2452.074,1424.94,575.0602,2000,4,358.3743,0.07328467,479.4854,662.0671,500,0,324.9685,0.1624843,0.1259371,0.3172331,0,250,0.3172331,1027.134,317.65,37.26226,17.40031,0,0,589.6425,246.9598,342.6828,0,822.02,4509.205,0,2.273737e-13,1.24345e-13,4.263256e-14
naive,2026-01-17 19:00:00,1228,19,37.13672,3490.569,401.0439,0,270.8626,0,0,2443.398,2443.081,833.8397,426.7916,1260.631,3,0,0,460.6313,800,0,380.262,229.8519,0.1149259,0.2046279,0.3172331,0,250,0.3172331,1609.241,305.3554,45.08125,21.19239,0,0,586.6557,386.376,200.2797,0,813.1677,4458.263,0,-1.136868e-13,-7.993606e-15,4.263256e-14
naive,2026-01-17 19:15:00,1229,19.25,36.89316,3446.042,414.6428,0,258.9629,0,0,2412.23,2411.912,1016.043,474.3813,1490.424,3,275.1746,0.2777889,414.9719,800,0,119.2627,200,0.1,0.1447343,0.3172331,0,250,0.3172331,1395.869,275.896,45.33741,20.20546,0,0,575.4704,333.0037,242.4667,0,807.385,4424.468,0,0,-2.609024e-15,4.263256e-14
naive,2026-01-17 19:30:00,1230,19.5,36.86361,3411.856,406.9841,0,246.9258,0,0,2388.299,2387.982,1425.81,574.1902,2000,4,403.1661,1.003402,378.6929,717.1375,500,0,324.9685,0.1624843,0.1259371,0.3172331,0,250,0.3172331,962.1723,251.8653,40.66931,3.817972,0,0,569.3201,229.3615,339.9585,0,803.5517,4380.367,0,0,1.24345e-13,4.263256e-14
naive,2026-01-17 19:45:00,1231,19.75,36.78691,3402.388,390.4688,0.839101,210.9697,0,0,2381.672,2381.355,756.9494,392.8946,1149.844,3,0,0,349.844,800,0,406.552,223.2793,0.1116397,0.2046279,0.3172331,0,250,0.3172331,1624.405,232.8928,45.44916,0,0,0,566.6007,386.4467,180.154,0,779.3413,4235.247,0,-5.684342e-14,-6.483702e-14,4.263256e-14
naive,2026-01-17 20:00:00,1232,20,36.70402,3380.283,380.9251,0.6113513,194.5119,0,0,2366.198,2365.881,979.733,455.5988,1435.332,3,298.5041,0.3080313,336.5196,800,0,92.9768,200,0.1,0.1405957,0.3172331,0,250,0.3172331,1386.148,224.2459,45.53634,0,0.30332,0,561.701,329.0513,232.6497,0,784.6501,4264.871,0,-1.136868e-13,4.801715e-15,4.263256e-14
naive,2026-01-17 20:15:00,1233,20.25,36.54535,3374.87,366.0719,0,186.7446,0,0,2362.409,2362.092,1414.237,578.791,1993.027,4,373.1417,0.5069985,319.3788,800,500,0,324.9685,0.1624843,0.1259371,0.3172331,0,250,0.3172331,947.8553,213.2292,45.70322,0,0,0,558.4876,224.0786,334.4089,0,802.8696,4364.367,0,2.273737e-13,1.24345e-13,4.263256e-14
naive,2026-01-17 20:30:00,1234,20.5,36.31042,3364.05,337.0503,0.9461848,179.9223,0,0,2354.835,2354.517,716.7076,375.154,1091.862,3,0,0,291.8616,800,0,338.7476,240.2305,0.1201152,0.2046279,0.3172331,0,250,0.3172331,1637.81,195.4062,45.95031,0.3989724,0,0,553.3167,384.837,168.4797,0,759.991,4128.945,0,5.684342e-14,4.884981e-14,4.263256e-14
naive,2026-01-17 20:45:00,1235,20.75,36.02618,3337.877,294.1087,3.846763,168.5054,0,0,2336.514,2336.197,802.6483,396.6291,1199.277,3,137.962,5.743946,255.5715,800,0,160.7706,200,0.1,0.1512696,0.3172331,0,250,0.3172331,1533.548,171.6905,46.24925,0,0,0,545.0078,357.7106,187.2972,0,754.3397,4096.838,0,0,-3.691492e-15,4.263256e-14
naive,2026-01-17 21:00:00,1236,21,35.87524,3348.865,270.876,0,142.5494,0,0,2344.205,2343.888,1267.602,527.424,1795.026,4,261.5326,2.148438,231.3446,800,500,0,324.9685,0.1624843,0.1259371,0.3172331,0,250,0.3172331,1076.287,155.6944,46.408,9.343393,0,0,544.6924,250.0827,294.6097,0,777.5067,4240.195,0,0,1.24345e-13,4.263256e-14
naive,2026-01-17 21:15:00,1237,21.25,35.85533,3350.571,241.8706,0,131.9548,0,0,2345.4,2345.083,658.8725,349.6575,1008.53,3,0,0,208.53,800,0,235.5814,266.022,0.133011,0.2046279,0.3172331,0,250,0.3172331,1686.21,140.3735,46.42895,11.69247,0,0,544.6927,391.6033,153.0894,0,741.2608,4044.871,0,0,7.727152e-14,4.263256e-14
naive,2026-01-17 21:30:00,1238,21.5,35.74544,3329.753,212.1892,0,129.8237,0,0,2330.827,2330.51,656.8573,348.7691,1005.626,3,0,0,205.6264,800,0,200.9034,215.7543,0.1078771,0.1675102,0.3172331,0,250,0.3172331,1673.652,138.5997,46.54452,15.05741,0,0,539.793,387.5989,152.1942,0,736.368,4023.635,0,0,-1.645906e-14,4.263256e-14
naive,2026-01-17 21:45:00,1239,21.75,35.56996,3299.763,191.058,0,124.8158,0,0,2309.834,2309.517,728.1893,367.9874,1096.177,3,102.7948,3.391087,189.9909,800,0,62.88129,200,0.1,0.1358573,0.3172331,0,250,0.3172331,1581.328,128.3275,46.72908,25.38199,0,0,532.5507,364.5877,167.963,0,732.5751,4020.377,0,0,1.415534e-15,4.263256e-14
naive,2026-01-17 22:00:00,1240,22,35.47094,3332.42,176.9367,0,133.3981,0,0,2332.694,2332.377,1132.496,482.5047,1615.001,4,138.4503,4.694445,171.8561,800,500,0,324.9685,0.1624843,0.1259371,0.3172331,0,250,0.3172331,1199.881,116.2147,46.83323,38.48639,0,17.18344,536.474,275.9491,260.5249,0,762.4056,4206.932,0,-5.684342e-14,1.24345e-13,4.263256e-14
naive,2026-01-17 22:15:00,1241,22.25,35.40758,3281.745,149.2036,1.715558,120.8855,0,0,2297.221,2296.904,616.2903,330.8852,947.1755,2,0,0,147.1755,800,0,121.8612,294.4521,0.147226,0.2046279,0.3172331,0,250,0.3172331,1680.614,99.59946,46.89986,31.17233,0,21.28609,527.4704,385.8897,141.5807,0,721.6624,3970.153,0,-5.684342e-14,-7.993606e-15,4.263256e-14
naive,2026-01-17 22:30:00,1242,22.5,34.99021,3292.146,130.0734,1.448625,108.5235,0,0,2304.502,2304.185,608.9425,327.6459,936.5884,2,0,0,136.5884,800,0,105.2183,268.1011,0.1340506,0.1854121,0.3172331,0,250,0.3172331,1695.242,92.89079,47.33883,30.18721,0,15.63274,523.6224,385.1881,138.4342,0,716.386,3938.94,0,0,4.085621e-14,4.263256e-14
naive,2026-01-17 22:45:00,1243,22.75,34.73367,3266.054,112.784,0,73.66957,0,0,2286.238,2285.921,608.4092,327.4108,935.8201,2,0,0,135.8201,800,0,91.27591,245.24,0.12262,0.1688194,0.3172331,0,250,0.3172331,1677.511,92.64703,47.60865,26.98963,0,0,516.1628,378.7309,137.4319,0,706.1417,3876.777,0,5.684342e-14,1.484923e-14,4.263256e-14
naive,2026-01-17 23:00:00,1244,23,34.64312,3283.87,97.22393,2.621041,41.46268,0,0,2298.709,2298.392,593.1173,320.6694,913.7866,2,0,0,113.7866,800,0,72.44355,227.0905,0.1135452,0.154424,0.3172331,0,250,0.3172331,1705.275,77.69978,47.70388,28.02402,0,0,517.814,384.1352,133.6788,0,704.8045,3871.1,0,5.684342e-14,4.801715e-15,4.263256e-14
naive,2026-01-17 23:15:00,1245,23.25,34.29769,3272.063,92.16275,0,29.32177,1,0,2290.444,2290.127,584.8428,317.0216,901.8643,2,0,0,101.8643,800,0,63.716,211.1257,0.1055629,0.1429955,0.3172331,0,250,0.3172331,1705.284,69.84007,48.06718,29.94436,0,0,511.5734,380.8772,130.6962,697.8988,0,1393.376,0,0,-9.298118e-15,4.263256e-14
naive,2026-01-17 23:30:00,1246,23.5,33.9771,3314.013,82.65699,0,39.90978,1,1,2319.809,2319.492,604.3651,324.4497,928.8147,2,9.904914,5.387848,113.522,800,0,44.36992,200,0.1,0.1329428,0.3172331,0,250,0.3172331,1715.127,78.12392,48.40436,28.38216,0,0,514.083,380.082,134.0011,704.5317,0,1403.568,0,0,1.776357e-15,4.263256e-14
naive,2026-01-17 23:45:00,1247,23.75,33.80251,3311.638,78.18821,0,30.59001,1,1,2318.146,2317.829,1021.958,443.1272,1465.085,3,59.82556,0.7473317,104.5123,800,500,0,324.9685,0.1624843,0.1259371,0.3172331,0,250,0.3172331,1295.871,72.06959,48.58799,18.36265,0,0,511.5375,285.9555,225.582,729.0826,0,1435.179,0,-2.273737e-13,1.24345e-13,4.263256e-14
naive,2026-01-18 00:00:00,1248,0,33.51608,3288.833,84.9454,0,55.48599,1,1,2302.183,2301.866,582.265,315.8852,898.1502,2,0,0,98.15018,800,0,61.21391,309.6139,0.1548069,0.2046279,0.3172331,0,250,0.3172331,1719.601,67.9073,48.88924,23.9743,0,0,504.5072,376.8384,127.6688,692.7236,0,1371.802,0,0,8.437695e-14,4.263256e-14
naive,2026-01-18 00:15:00,1249,0.25,33.4236,3259.703,90.4754,0,41.10795,1,1,2281.792,2281.475,572.9457,311.7767,884.7224,2,0,0,84.72242,800,0,64.5452,293.4288,0.1467144,0.1949593,0.3172331,0,250,0.3172331,1708.529,58.6797,48.98651,26.01953,0,0,498.9263,373.5793,125.3471,685.356,0,1360.486,0,0,-3.377854e-14,4.263256e-14
naive,2026-01-18 00:30:00,1250,0.5,33.12896,3271.302,63.72259,0,52.17457,1,1,2289.911,2289.594,565.8542,308.6505,874.5047,2,0,0,74.50466,800,0,50.93597,280.6487,0.1403243,0.1847678,0.3172331,0,250,0.3172331,1723.74,51.77838,49.29639,12.81719,0,0.3961946,497.1784,374.253,122.9254,682.9895,0,1332.63,0,0,-7.230327e-14,4.263256e-14
naive,2026-01-18 00:45:00,1251,0.75,32.96113,3262.293,72.77458,0,49.04049,1,1,2283.605,2283.288,567.3272,309.2998,876.627,2,0,0,76.62703,800,0,59.92386,265.6235,0.1328118,0.1767203,0.3172331,0,250,0.3172331,1715.961,53.35624,49.47291,12.87266,0,0,493.8298,371.0767,122.7531,680.3765,0,1327.301,0,0,6.2228e-14,4.263256e-14
naive,2026-01-18 01:00:00,1252,1,33.05378,3211.874,67.98161,0,47.37545,1,1,2248.312,2247.995,565.0665,308.3032,873.3696,2,0,0,73.36965,800,0,49.25418,253.2682,0.1266341,0.1672592,0.3172331,0,250,0.3172331,1682.928,51.03371,49.37546,18.7702,0,0,487.2716,364.7373,122.5343,673.0405,0,1322.912,0,0,-1.137979e-15,4.263256e-14
naive,2026-01-18 01:15:00,1253,1.25,32.96581,3182.861,57.71831,0.8404396,41.74399,1,1,2228.003,2227.686,559.8017,305.9822,865.7839,2,0,0,65.78386,800,0,59.93323,238.245,0.1191225,0.1594792,0.3172331,0,250,0.3172331,1667.884,45.80356,49.46798,0,0.7138672,0,481.8595,360.7202,121.1392,666.7024,0,1278.985,0,-5.684342e-14,4.340972e-14,4.263256e-14
naive,2026-01-18 01:30:00,1254,1.5,32.54839,3145.245,55.39667,0.8819255,39.55088,1,1,2201.672,2201.354,554.5365,303.661,858.1975,2,0,0,58.1975,800,0,53.6386,224.7978,0.1123989,0.1500194,0.3172331,0,250,0.3172331,1646.818,40.71572,49.90701,1.837299,0.8026965,0,471.4826,352.662,118.8206,656.3231,0,1261.055,0,1.136868e-13,-2.14273e-14,4.263256e-14
naive,2026-01-18 01:45:00,1255,1.75,32.18427,3204.159,35.03389,6.529607,35.52851,1,1,2242.911,2242.594,538.8538,296.7473,835.6011,2,0,0,35.60112,800,0,50.37869,212.1678,0.1060839,0.1415519,0.3172331,0,250,0.3172331,1703.74,25.0107,50.28996,0,6.494329,10.51781,476.2293,361.749,114.4802,660.7296,0,1276.086,0,5.684342e-14,-2.250977e-14,4.263256e-14
naive,2026-01-18 02:00:00,1256,2,31.83632,3245.469,34.46571,3.586872,16.70441,1,1,2271.828,2271.511,535.4734,295.2208,830.6943,2,0.3049217,0.02136338,30.36797,800,0,48.53745,200,0.1,0.1335989,0.3172331,0,250,0.3172331,1736.037,21.41882,50.65592,0,3.565508,0,478.4805,365.6351,112.8454,660.856,0,1270.875,0,0,-2.109424e-15,4.263256e-14
naive,2026-01-18 02:15:00,1257,2.25,31.62881,3241.434,56.08064,2.560112,21.19681,1,1,2269.004,2268.687,975.3615,423.0058,1398.367,3,56.28893,2.98738,39.09108,800,500,0,324.9685,0.1624843,0.1259371,0.3172331,0,250,0.3172331,1293.325,27.6362,50.87417,0,0,0,475.5993,271.0902,204.5092,694.096,0,1330.959,0,-5.684342e-14,1.24345e-13,4.263256e-14
naive,2026-01-18 02:30:00,1258,2.5,31.25192,3271.839,60.67175,0,15.64116,1,1,2290.287,2289.97,535.797,295.3998,831.1968,2,0,0,31.19679,800,0,54.06841,311.4003,0.1557001,0.2046279,0.3172331,0,250,0.3172331,1754.173,22.14924,51.27056,9.383735,0,0,475.9247,364.5194,111.4052,659.9192,0,1278.346,0,5.684342e-14,-3.641532e-14,4.263256e-14
naive,2026-01-18 02:45:00,1259,2.75,31.15168,3261.819,57.61672,0,12.23735,1,1,2283.274,2282.956,548.054,300.8033,848.8573,2,0,0,48.85728,800,0,62.38584,295.7548,0.1478774,0.1960842,0.3172331,0,250,0.3172331,1734.902,34.72709,51.37598,0,0,0,473.3826,359.6909,113.6918,660.4941,0,1263.19,0,0,-4.712897e-14,4.263256e-14
naive,2026-01-18 03:00:00,1260,3,31.21881,3254.347,69.86442,2.611869,0,1,1,2278.043,2277.726,550.9206,302.067,852.9876,2,0,0,52.98757,800,0,65.53118,279.3254,0.1396627,0.1862324,0.3172331,0,250,0.3172331,1726.805,37.6344,51.30538,5.846735,1.098379,0,473.0224,358.561,114.4613,660.628,0,1275.518,0,-5.684342e-14,3.780309e-14,4.263256e-14
naive,2026-01-18 03:15:00,1261,3.25,31.27458,3250.84,57.51391,2.438036,6.861274,1,1,2275.588,2275.271,553.3506,303.1383,856.4889,2,0,0,56.48887,800,0,59.93433,264.2979,0.1321489,0.1758871,0.3172331,0,250,0.3172331,1721.92,40.09599,51.24672,0,1.712718,0,473.1153,358.0027,115.1125,661.141,0,1267.584,0,0,-1.000033e-13,4.263256e-14
naive,2026-01-18 03:30:00,1262,3.5,31.03076,3269.437,63.91835,1.92381,4.066576,1,1,2288.606,2288.289,557.9435,305.163,863.1065,2,0,0,63.10648,800,0,66.28697,247.6845,0.1238423,0.1664245,0.3172331,0,250,0.3172331,1730.345,44.91628,51.50316,0,1.837199,0,473.1834,357.7595,115.4238,662.9226,0,1271.073,0,-5.684342e-14,3.53606e-14,4.263256e-14
naive,2026-01-18 03:45:00,1263,3.75,30.8674,3253.106,58.88115,1.308902,19.8019,1,1,2277.174,2276.857,550.5832,301.9183,852.5015,2,0,0,52.50147,800,0,74.34755,229.0586,0.1145293,0.1559633,0.3172331,0,250,0.3172331,1726.274,37.43674,51.67498,0,0,0,469.0769,355.5965,113.4804,657.5147,0,1256.895,0,-5.684342e-14,-4.202194e-14,4.263256e-14
naive,2026-01-18 04:00:00,1264,4,30.71697,3266.924,74.22897,0,2.054087,1,1,2286.847,2286.529,548.2065,300.8705,849.0771,2,0,0,49.07705,800,0,82.56959,208.3802,0.1041901,0.1442349,0.3172331,0,250,0.3172331,1738.323,35.05398,51.83319,0,0,0,469.4691,356.8621,112.607,657.7326,0,1257.153,0,0,-6.411538e-15,4.263256e-14
naive,2026-01-18 04:15:00,1265,4.25,30.51255,3268.35,86.71162,1.163081,9.961301,1,1,2287.845,2287.528,582.9591,308.8494,891.8086,2,61.71632,0.8227601,29.26949,800,0,33.38953,200,0.1,0.1312139,0.3172331,0,250,0.3172331,1704.568,20.95402,52.04819,0,0.3403205,0,467.5158,348.3247,119.1912,657.1741,0,1256.381,0,0,5.273559e-16,4.263256e-14
naive,2026-01-18 04:30:00,1266,4.5,30.66289,3222.222,112.6339,0,21.72959,1,1,2255.555,2255.238,1012.145,432.8759,1445.021,3,109.6348,0.4185972,34.96774,800,500,0,324.9685,0.1624843,0.1259371,0.3172331,0,250,0.3172331,1243.093,24.99133,51.89007,2.999079,0,0,462.4805,254.8846,207.596,687.7605,0,1322.318,0,-5.684342e-14,1.24345e-13,4.263256e-14
naive,2026-01-18 04:45:00,1267,4.75,30.50777,3199.223,126.8333,0,6.694466,1,1,2239.456,2239.139,547.0297,300.3517,847.3813,2,0,0,47.38135,800,0,129.1114,292.6395,0.1463198,0.2046279,0.3172331,0,250,0.3172331,1692.109,33.9221,52.05322,0,0,0,457.5785,345.7414,111.8371,646.0931,0,1233.626,0,-5.684342e-14,4.884981e-14,4.263256e-14
naive,2026-01-18 05:00:00,1268,5,30.3136,3240.046,158.9974,0.2439355,0.9137645,1,1,2268.032,2267.715,546.7063,300.2091,846.9155,2,0,0,46.91546,800,0,154.8339,253.885,0.1269425,0.1842708,0.3172331,0,250,0.3172331,1721.009,33.66143,52.25743,4.24492,0.1625053,0,461.4038,350.1185,111.2853,650.3276,0,1249.468,0,0,-4.143907e-14,4.263256e-14
naive,2026-01-18 05:15:00,1269,5.25,30.33547,3248.627,205.0293,0.2468608,8.039623,1,1,2274.039,2273.722,542.146,298.1987,840.3447,2,0,0,40.34472,800,0,188.1351,206.8112,0.1034056,0.1598676,0.3172331,0,250,0.3172331,1731.576,28.93992,52.23443,17.93011,0,0,462.8523,352.4407,110.4116,650.6394,0,1273.445,0,0,-4.110601e-14,4.263256e-14
naive,2026-01-18 05:30:00,1270,5.5,30.37003,3250.076,251.8561,0,0,1,1,2275.053,2274.736,708.9781,347.7369,1056.715,3,201.8309,2.433384,52.45071,800,0,27.11462,200,0.1,0.130226,0.3172331,0,250,0.3172331,1565.758,37.60925,52.19809,22.91056,0,0,463.4174,318.9373,144.48,666.6743,0,1314.146,0,0,4.163336e-16,4.263256e-14
naive,2026-01-18 05:45:00,1271,5.75,30.57993,3263.971,283.6034,0,10.15299,1,1,2284.78,2284.463,1171.004,482.5701,1653.575,4,280.6073,4.139474,68.82779,800,500,0,324.9685,0.1624843,0.1259371,0.3172331,0,250,0.3172331,1113.458,49.23668,51.97732,2.996062,0,0,467.5979,227.8778,239.72,710.448,0,1367.59,0,-5.684342e-14,1.24345e-13,4.263256e-14
naive,2026-01-18 06:00:00,1272,6,30.80504,3271.153,329.8118,0,17.63609,1,1,2289.807,2289.49,548.3727,300.9438,849.3164,2,0,0,49.31643,800,0,335.0618,241.1519,0.120576,0.2046279,0.3172331,0,250,0.3172331,1741.117,35.19021,51.74056,0,0,0,471.0136,358.148,112.8656,659.0918,0,1259.975,0,-5.684342e-14,-7.993606e-15,4.263256e-14
naive,2026-01-18 06:15:00,1273,6.25,30.81456,3286.803,370.8856,0,36.17395,1,1,2300.762,2300.445,719.589,351.6315,1071.221,3,208.4148,0.3013262,62.50442,800,0,164.4558,200,0.1,0.1518498,0.3172331,0,250,0.3172331,1580.856,44.59588,51.73055,0,0,0,473.369,325.2523,148.1167,676.8839,0,1295.571,0,5.684342e-14,-6.605827e-15,4.263256e-14
naive,2026-01-18 06:30:00,1274,6.5,30.58614,3326.683,398.7655,0,41.91699,1,1,2328.678,2328.361,1261.118,506.6397,1767.758,4,412.2237,1.39491,54.13901,800,500,0,324.9685,0.1624843,0.1259371,0.3172331,0,250,0.3172331,1067.243,38.72622,51.97079,0,0,3.190766,476.6485,218.4501,258.1985,725.7428,0,1393.018,0,5.684342e-14,1.24345e-13,4.263256e-14
naive,2026-01-18 06:45:00,1275,6.75,30.74802,3325.536,421.1292,0,28.03786,1,1,2327.875,2327.558,559.2522,305.74,864.9922,2,0,0,64.99219,800,0,422.5412,219.2821,0.109641,0.2046279,0.3172331,0,250,0.3172331,1768.306,46.40545,51.80053,0,0,0,478.2273,363.2721,114.9552,669.0121,0,1279.749,0,5.684342e-14,-7.993606e-15,4.263256e-14
naive,2026-01-18 07:00:00,1276,7,30.94212,3349.097,421.9601,0,45.27519,1,1,2344.368,2344.051,824.0643,380.1598,1204.224,3,355.7724,0.5264967,47.92518,800,0,76.99017,200,0.1,0.1380787,0.3172331,0,250,0.3172331,1519.986,34.14492,51.59639,0,0,11.13028,483.7371,313.6342,170.103,696.0906,0,1334.135,0,-1.136868e-13,-4.996004e-16,4.263256e-14
naive,2026-01-18 07:15:00,1277,7.25,31.28205,3389.508,411.1692,0,60.85499,1,1,2372.655,2372.338,1271.678,510.0447,1781.723,4,422.7351,0.6926852,58.29517,800,500,0,324.9685,0.1624843,0.1259371,0.3172331,0,250,0.3172331,1100.66,41.37462,51.23887,0,0,19.48036,493.3808,228.8763,264.5045,742.9718,0,1428.3,0,0,1.24345e-13,4.263256e-14
naive,2026-01-18 07:30:00,1278,7.5,31.18449,3404.587,392.759,0,63.94242,1,1,2383.211,2382.893,568.5866,309.8551,878.4417,2,0,0,78.44169,800,0,400.7719,224.7244,0.1123622,0.2046279,0.3172331,0,250,0.3172331,1814.307,55.73471,51.34148,0,0,8.207704,494.4722,376.4351,118.037,687.9931,0,1318.227,0,-5.684342e-14,-7.993606e-15,4.263256e-14
naive,2026-01-18 07:45:00,1279,7.75,31.15911,3358.511,363.4217,0.2057272,66.04867,1,1,2350.958,2350.641,793.2726,376.6059,1169.879,3,271.537,0,98.34153,800,0,98.75602,200,0.1,0.1415056,0.3172331,0,250,0.3172331,1557.368,69.89399,51.36818,0,0.2057272,0,487.4979,322.938,164.5599,699.5439,0,1341.654,0,5.684342e-14,2.498002e-15,4.263256e-14
naive,2026-01-18 08:00:00,1280,8,31.51289,3414.783,319.4953,0,78.29534,1,1,2390.348,2390.031,1372.508,565.1707,1937.679,4,332.9962,188.0267,116.656,800,500,0,324.9685,0.1624843,0.1259371,0.3172331,0,250,0.3172331,1017.522,82.58039,50.99608,0,0,0,499.6983,212.7114,286.9869,777.8821,0,1498.394,0,0,1.24345e-13,4.263256e-14
naive,2026-01-18 08:15:00,1281,8.25,31.88637,3400.902,279.6739,1.99765,88.51765,1,1,2380.631,2380.314,580.1326,314.9451,895.0776,2,0,0,95.07764,800,0,479.9565,204.9282,0.1024641,0.2046279,0.3172331,0,250,0.3172331,1800.181,67.02108,50.60328,0,0,21.49657,501.9782,379.585,122.3932,699.0628,0,1341.197,0,0,-7.993606e-15,4.263256e-14
naive,2026-01-18 08:30:00,1282,8.5,32.22574,3409.813,232.3191,0,88.58376,1,1,2386.869,2386.552,888.9257,424.8495,1313.775,3,220.469,192.2476,101.0587,800,0,19.58388,200,0.1,0.1290403,0.3172331,0,250,0.3172331,1497.626,70.96279,50.24635,0,0,17.62096,507.2865,318.2937,188.9928,746.8882,0,1437.249,0,0,-8.604228e-16,4.263256e-14
naive,2026-01-18 08:45:00,1283,8.75,32.39843,3449.862,204.2261,0,95.9614,1,1,2414.903,2414.586,1290.734,543.7887,1834.523,4,209.6934,200.9523,123.8771,800,500,0,324.9685,0.1624843,0.1259371,0.3172331,0,250,0.3172331,1123.852,86.81461,50.06472,0,0,9.146789,515.3253,239.823,275.5023,785.5636,0,1514.804,0,-1.136868e-13,1.24345e-13,4.263256e-14
naive,2026-01-18 09:00:00,1284,9,32.75728,3519.94,153.7865,2.066917,113.102,1,1,2463.958,2463.641,605.5444,326.1478,931.6922,2,0,0,131.6922,800,0,372.314,231.8389,0.1159194,0.2046279,0.3172331,0,250,0.3172331,1858.097,91.91348,49.6873,0,0,21.18851,530.2599,399.8745,130.3854,730.5822,0,1405.266,0,0,-6.483702e-14,4.263256e-14
naive,2026-01-18 09:15:00,1285,9.25,32.87819,3548.568,133.8105,1.742566,129.7117,1,1,2483.998,2483.681,760.2876,393.0986,1153.386,3,10.65606,205.5591,137.1711,800,0,127.2095,200,0.1,0.1459855,0.3172331,0,250,0.3172331,1723.393,95.60473,49.56013,0,0,34.107,536.1071,371.9501,164.157,772.4098,0,1489.064,0,0,5.800915e-15,4.263256e-14
naive,2026-01-18 09:30:00,1286,9.5,32.91765,3560.551,111.6056,0,154.3119,1,1,2492.386,2492.069,1239.981,533.1328,1773.114,4,111.1838,208.0335,153.8964,800,500,0,324.9685,0.1624843,0.1259371,0.3172331,0,250,0.3172331,1252.088,107.2133,49.51864,0.4218742,0,47.09863,538.4218,270.4843,267.9375,813.7917,0,1572.603,0,0,1.24345e-13,4.263256e-14
naive,2026-01-18 09:45:00,1287,9.75,33.12566,3561.437,76.33838,0,164.3953,1,1,2493.006,2492.689,643.6349,342.94,986.5749,2,0,0,186.5749,800,0,297.8899,250.4449,0.1252224,0.2046279,0.3172331,0,250,0.3172331,1849.054,129.6686,49.29987,0,0,34.72667,541.231,401.4292,139.8018,751.9083,0,1448.354,0,0,-7.993606e-15,4.263256e-14
naive,2026-01-18 10:00:00,1288,10,33.36332,3560.514,71.13321,0,184.4515,1,1,2492.36,2492.042,707.2388,370.9797,1078.219,3,0,83.69328,194.5253,800,0,201.6218,200,0.1,0.1577015,0.3172331,0,250,0.3172331,1784.804,134.8242,49.0499,0,0,49.62737,544.1792,389.6922,154.4871,771.5075,0,1487.834,0,5.684342e-14,-2.164935e-15,4.263256e-14
naive,2026-01-18 10:15:00,1289,10.25,33.70085,3552.144,65.04842,0,228.6586,1,1,2486.501,2486.184,1251.714,543.6837,1795.397,4,65.97009,209.8633,219.564,800,500,0,324.9685,0.1624843,0.1259371,0.3172331,0,250,0.3172331,1234.47,151.5855,48.69491,0,0,77.07311,547.3371,271.7358,275.6013,832.3851,0,1609.988,0,-2.273737e-13,1.24345e-13,4.263256e-14
naive,2026-01-18 10:30:00,1290,10.5,34.08048,3596.834,59.19519,0,217.8166,1,1,2517.784,2517.466,694.0928,365.1843,1059.277,3,0,0,259.2772,800,0,273.0308,256.6596,0.1283298,0.2046279,0.3172331,0,250,0.3172331,1823.374,178.2158,48.29564,0,0,39.60089,559.3649,405.0908,154.274,779.0731,0,1503.814,0,0,-6.483702e-14,4.263256e-14
naive,2026-01-18 10:45:00,1291,10.75,34.08205,3611.579,51.20805,1.948403,207.0017,1,1,2528.105,2527.788,753.7558,391.4867,1145.243,3,0,51.76613,293.4764,800,0,226.477,200,0.1,0.1616148,0.3172331,0,250,0.3172331,1774.032,201.7191,48.29398,0,0,5.282535,561.6795,394.144,167.5355,786.8043,0,1519.278,0,5.684342e-14,2.814415e-14,4.263256e-14
naive,2026-01-18 11:00:00,1292,11,34.36278,3631.779,46.84578,0,208.8753,1,0,2542.245,2541.928,1327.262,577.6711,1904.933,4,60.2382,216.9939,327.7011,800,500,0,324.9685,0.1624843,0.1259371,0.3172331,0,250,0.3172331,1214.666,224.5073,47.99873,0,0,0,568.7229,271.7316,296.9913,849.4027,0,1644.807,0,-2.273737e-13,1.24345e-13,4.263256e-14
naive,2026-01-18 11:15:00,1293,11.25,34.67232,3611.908,53.07155,0.07653919,221.4156,1,0,2528.336,2528.019,762.4577,395.3229,1157.781,3,0,0,357.7806,800,0,266.4827,258.2967,0.1291483,0.2046279,0.3172331,0,250,0.3172331,1765.561,244.2287,47.67317,0.5674972,0,0,569.9527,398.0034,171.9493,793.3263,0,1533.999,0,0,4.884981e-14,4.263256e-14
naive,2026-01-18 11:30:00,1294,11.5,34.7488,3639.391,62.1812,0.8273582,255.1522,0,0,2547.573,2547.256,808.2791,415.5233,1223.802,3,0,37.13971,386.6627,800,0,233.0241,200,0.1,0.1626456,0.3172331,0,250,0.3172331,1738.977,263.7077,47.59274,6.926949,0,0,575.3805,392.7555,182.625,0,808.2788,4403.941,0,-5.684342e-14,4.662937e-15,4.263256e-14
naive,2026-01-18 11:45:00,1295,11.75,34.96085,3615.115,63.45654,0.03206424,291.7061,0,0,2530.581,2530.263,1377.081,600.5605,1977.642,4,52.4486,215.871,409.3221,800,500,0,324.9685,0.1624843,0.1259371,0.3172331,0,250,0.3172331,1153.182,278.4673,47.36971,11.00794,0,13.23881,574.5696,261.8306,312.739,0,865.3969,4725.381,0,-2.273737e-13,1.24345e-13,4.263256e-14
naive,2026-01-18 12:00:00,1296,12,35.21502,3654.014,51.58891,0,310.0687,0,0,2557.81,2557.493,812.7402,417.4899,1230.23,3,0,0,430.2301,800,0,270.2392,257.3576,0.1286788,0.2046279,0.3172331,0,250,0.3172331,1744.753,291.8164,47.10239,0,0,18.25228,584.4622,398.6778,185.7845,0,820.3383,4458.871,0,-5.684342e-14,-1.216804e-13,4.263256e-14
naive,2026-01-18 12:15:00,1297,12.25,35.51871,3721.917,50.07224,0.02775138,337.373,0,0,2605.342,2605.024,859.7635,438.2201,1297.984,3,0,40.13168,457.8519,800,0,229.2682,200,0.1,0.1620543,0.3172331,0,250,0.3172331,1745.261,309.4394,46.78299,0,0,27.93362,599.9024,401.8614,198.041,0,846.5135,4603.193,0,-1.136868e-13,1.232348e-14,4.263256e-14
naive,2026-01-18 12:30:00,1298,12.5,35.64446,3704.149,33.83341,0,374.8793,0,0,2592.904,2592.587,1395.455,604.5447,2000,4,46.00441,217.7462,502.2362,734.0132,500,0,324.9685,0.1624843,0.1259371,0.3172331,0,250,0.3172331,1197.132,338.9312,42.80281,0,0,35.94806,598.9464,276.5307,322.4157,0,889.3792,4843.433,0,-1.136868e-13,1.24345e-13,4.263256e-14
naive,2026-01-18 12:45:00,1299,12.75,35.80197,3684.113,39.46194,5.056232,420.8101,0,0,2578.879,2578.562,887.0569,450.2524,1337.309,3,0,0,537.3093,800,0,257.7915,260.4695,0.1302347,0.2046279,0.3172331,0,250,0.3172331,1691.505,361.9231,46.48506,1.893934,0,58.887,598.1004,392.2982,205.8021,0,856.2079,4660.115,0,-1.136868e-13,-7.993606e-15,4.263256e-14
naive,2026-01-18 13:00:00,1300,13,35.8885,3733.479,47.22037,5.891811,445.5543,0,0,2613.435,2613.118,924.9851,466.973,1391.958,3,0,21.08783,570.8703,800,0,241.7139,200,0.1,0.1640138,0.3172331,0,250,0.3172331,1688.133,384.134,46.39406,2.149589,0,61.42029,607.4556,392.3823,215.0733,0,873.6316,4756.489,0,0,-2.220446e-15,4.263256e-14
naive,2026-01-18 13:15:00,1301,13.25,36.16265,3724.595,37.72532,7.354702,435.2252,0,0,2607.216,2606.899,1400.863,599.1371,2000,4,47.8102,219.4887,601.0853,631.6158,500,0,324.9685,0.1624843,0.1259371,0.3172331,0,250,0.3172331,1206.036,403.1472,36.40138,0,0,32.078,610.2878,282.3046,327.9832,0,888.9504,4848.276,0,-2.273737e-13,1.24345e-13,4.263256e-14
naive,2026-01-18 13:30:00,1302,13.5,36.339,3763.522,44.50113,3.295401,430.1103,0,0,2634.465,2634.148,964.7244,484.492,1449.216,3,0,0,649.2164,800,0,261.7706,259.4747,0.1297374,0.2046279,0.3172331,0,250,0.3172331,1669.424,434.5127,45.92025,3.102657,0,0,619.4792,392.5553,226.9239,0,877.0473,4777.452,0,-1.136868e-13,-7.993606e-15,4.263256e-14
naive,2026-01-18 13:45:00,1303,13.75,36.4735,3727.226,42.31027,1.021828,471.0435,0,0,2609.059,2608.741,997.3421,498.8715,1496.214,3,0,35.96333,660.2503,800,0,237.7354,200,0.1,0.1633874,0.3172331,0,250,0.3172331,1611.399,441.1871,45.77878,0,0,29.85632,615.6468,380.234,235.4128,0,886.1506,4822.327,0,-5.684342e-14,-2.531308e-14,4.263256e-14
naive,2026-01-18 14:00:00,1304,14,36.76313,3740.308,41.98356,1.569425,481.5424,0,1,2618.215,2617.898,1407.299,592.7014,2000,4,52.70987,221.1702,711.9485,514.1715,500,0,324.9685,0.1624843,0.1259371,0.3172331,0,250,0.3172331,1210.6,474.0829,29.22691,0,0,7.459506,622.487,287.823,334.6641,0,882.2979,4819.758,0,1.136868e-13,1.24345e-13,4.263256e-14
naive,2026-01-18 14:15:00,1305,14.25,36.93329,3765.689,38.31767,0.9132511,509.9881,0,1,2635.983,2635.665,1036.764,516.2507,1553.015,4,0,0,753.0148,800,0,272.5807,256.7722,0.1283861,0.2046279,0.3172331,0,250,0.3172331,1598.901,500.4037,45.2952,0,0,9.584431,629.5128,381.8419,247.6708,0,900.3815,4901.141,0,-1.136868e-13,-7.993606e-15,4.263256e-14
naive,2026-01-18 14:30:00,1306,14.5,36.95573,3768.521,50.05658,3.382727,524.309,1,1,2637.965,2637.648,1085.469,537.7221,1623.191,4,0,42.77182,780.4192,800,0,226.927,200,0.1,0.1616857,0.3172331,0,250,0.3172331,1552.179,518.4748,45.27161,0,0,5.834252,630.3577,370.9025,259.4552,910.0188,0,1769.107,0,0,9.742207e-15,4.263256e-14
naive,2026-01-18 14:45:00,1307,14.75,37.27889,3733.977,58.17166,4.076948,541.8977,1,1,2613.784,2613.467,1411.331,588.6686,2000,4,51.25776,213.1239,802.3114,433.307,500,0,324.9685,0.1624843,0.1259371,0.3172331,0,250,0.3172331,1202.135,530.9447,24.33654,6.913897,0,10.95301,629.9304,289.7185,340.2119,881.0268,0,1746.602,0,0,1.24345e-13,4.263256e-14
naive,2026-01-18 15:00:00,1308,15,37.56543,3657.944,60.26011,6.39268,569.9176,1,1,2560.561,2560.244,1079.997,535.31,1615.307,4,0,0,815.3074,800,0,259.1402,260.1323,0.1300662,0.2046279,0.3172331,0,250,0.3172331,1480.246,537.6761,44.63036,10.4741,0,32.24149,621.827,359.4748,262.3522,902.6146,0,1773.088,0,1.136868e-13,-1.216804e-13,4.263256e-14
naive,2026-01-18 15:15:00,1309,15.25,37.7681,3661.962,69.64311,9.566367,567.3833,1,1,2563.373,2563.056,1107.926,547.6223,1655.548,4,0,22.50755,833.0409,800,0,240.3654,200,0.1,0.1638015,0.3172331,0,250,0.3172331,1455.13,548.0203,44.4172,17.48761,0,19.36302,625.8986,355.2989,270.5996,907.6491,0,1795.495,0,-2.273737e-13,1.751377e-14,4.263256e-14
naive,2026-01-18 15:30:00,1310,15.5,37.7569,3644.516,61.2011,0.9845837,555.8974,1,1,2551.161,2550.844,1413.209,586.7905,2000,4,59.02524,204.7767,826.9754,409.2226,500,0,324.9685,0.1624843,0.1259371,0.3172331,0,250,0.3172331,1137.635,544.1042,22.72668,2.175867,0,11.7932,622.7295,277.6926,345.0369,867.3618,0,1712.909,0,0,1.24345e-13,4.263256e-14
naive,2026-01-18 15:45:00,1311,15.75,38.01815,3649.593,70.59526,0,555.8628,1,1,2554.715,2554.398,1096.366,542.5261,1638.892,4,0,0,838.8921,800,0,270.2798,257.3474,0.1286737,0.2046279,0.3172331,0,250,0.3172331,1458.032,550.1914,44.15421,6.584731,0,5.671336,628.0022,358.4146,269.5876,902.3348,0,1766.355,0,-2.273737e-13,1.056932e-13,4.263256e-14
naive,2026-01-18 16:00:00,1312,16,38.03656,3691.495,67.89358,0,545.3212,1,1,2584.047,2583.729,1127.926,556.4393,1684.365,4,0,49.00151,835.3638,800,0,229.2276,200,0.1,0.1620479,0.3172331,0,250,0.3172331,1455.803,547.7543,44.13485,0,0,0,635.5288,358.045,277.4838,914.4843,0,1779.317,0,-1.136868e-13,1.107447e-14,4.263256e-14
naive,2026-01-18 16:15:00,1313,16.25,37.87015,3636.563,86.07682,0,528.6184,1,1,2545.594,2545.277,1417.147,582.8529,2000,4,87.72718,203.4287,830.1527,378.6915,500,0,324.9685,0.1624843,0.1259371,0.3172331,0,250,0.3172331,1128.13,545.4425,20.97471,0,0,0,623.2656,276.2123,347.0533,859.0653,0,1694.534,0,0,1.24345e-13,4.263256e-14
naive,2026-01-18 16:30:00,1314,16.5,37.92281,3620.441,122.8344,0,503.7957,1,1,2534.309,2533.991,1080.045,535.3308,1615.375,4,0,0,815.3754,800,0,312.2917,246.8444,0.1234222,0.2046279,0.3172331,0,250,0.3172331,1453.947,535.3898,44.25448,13.64666,0,0,621.3839,356.4914,264.8925,891.8222,0,1757.399,0,1.136868e-13,-6.483702e-14,4.263256e-14
naive,2026-01-18 16:45:00,1315,16.75,38.21531,3630.501,136.9134,0,502.5488,1,1,2541.35,2541.033,1167.879,574.0526,1741.932,4,0,149.532,792.3997,800,0,187.2223,200,0.1,0.1554343,0.3172331,0,250,0.3172331,1373.154,518.4493,43.94685,3.922063,0,0,628.0652,339.3591,288.7062,913.4117,0,1784.149,0,0,-1.035283e-14,4.263256e-14
naive,2026-01-18 17:00:00,1316,17,38.18875,3668.927,153.3221,0.3140397,495.4882,1,1,2568.249,2567.931,1421.025,578.9754,2000,4,149.0954,197.3505,751.7075,401.8466,500,0,324.9685,0.1624843,0.1259371,0.3172331,0,250,0.3172331,1146.907,491.985,22.08889,4.226653,0,3.503236,634.2549,283.2402,351.0147,863.0808,0,1708.602,0,0,1.24345e-13,4.263256e-14
naive,2026-01-18 17:15:00,1317,17.25,38.28361,3645.715,184.8745,0,480.931,1,1,2552,2551.683,1021.644,509.5851,1531.229,4,0,0,731.2293,800,0,371.7855,231.971,0.1159855,0.2046279,0.3172331,0,250,0.3172331,1530.039,478.0273,43.87502,12.60732,0,2.903683,631.8705,378.8347,253.0357,889.1388,0,1750.666,0,0,-6.483702e-14,4.263256e-14
naive,2026-01-18 17:30:00,1318,17.5,38.46405,3651.24,206.9528,0,465.4733,1,1,2555.868,2555.55,1192.355,575.6737,1768.029,4,77.0779,195.6436,695.3075,800,0,127.7379,200,0.1,0.1460687,0.3172331,0,250,0.3172331,1363.195,453.5404,43.68524,2.137004,0,11.93286,635.9534,339.1915,296.7619,917.8344,0,1790.209,0,-1.136868e-13,4.857226e-15,4.263256e-14
naive,2026-01-18 17:45:00,1319,17.75,38.46775,3598.151,236.126,0,453.1096,1,1,2518.705,2518.388,1427.283,572.717,2000,4,234.3983,190.9881,657.4938,417.1198,500,0,324.9685,0.1624843,0.1259371,0.3172331,0,250,0.3172331,1091.105,428.8556,22.77544,1.727717,0,24.25406,626.7701,271.5173,355.2528,850.2698,0,1677.897,0,0,1.24345e-13,4.263256e-14
naive,2026-01-18 18:00:00,1320,18,38.38817,3577.21,268.6181,2.082402,416.9379,1,1,2504.047,2503.73,935.1086,471.4359,1406.544,3,0,0,606.5445,800,0,274.9091,256.1901,0.128095,0.2046279,0.3172331,0,250,0.3172331,1568.621,396.0096,43.76504,0,1.245413,20.92832,621.768,389.4969,232.2711,866.1294,0,1685.172,0,-5.684342e-14,-6.483702e-14,4.263256e-14
naive,2026-01-18 18:15:00,1321,18.25,38.33555,3554.922,297.2657,0,379.6483,1,1,2488.445,2488.128,976.3579,480.0953,1456.453,3,80.0721,1.32075,575.0604,800,0,224.5991,200,0.1,0.1613191,0.3172331,0,250,0.3172331,1511.77,375.6959,43.82039,0,0,3.952415,617.0072,374.8417,242.1655,855.917,0,1662.536,0,-1.136868e-13,1.357248e-14,4.263256e-14
naive,2026-01-18 18:30:00,1322,18.5,38.34153,3550.631,330.4949,0,375.9169,0,0,2485.442,2485.125,1425.195,574.8049,2000,4,345.0542,0.8162997,518.4492,635.6803,500,0,324.9685,0.1624843,0.1259371,0.3172331,0,250,0.3172331,1059.929,338.6861,34.8147,0,0,37.23072,616.363,262.8512,353.5118,0,846.8889,4618.722,0,-1.136868e-13,1.24345e-13,4.263256e-14
naive,2026-01-18 18:45:00,1323,18.75,38.1856,3525.253,361.2321,0,364.7282,0,0,2467.677,2467.36,841.6784,430.2473,1271.926,3,0,0,471.9257,800,0,367.9925,232.9192,0.1164596,0.2046279,0.3172331,0,250,0.3172331,1625.681,308.8825,43.97809,0,0,55.84567,609.3656,401.4441,207.9215,0,845.4819,4600.675,0,0,4.884981e-14,4.263256e-14
naive,2026-01-18 19:00:00,1324,19,38.12817,3499.052,372.0335,0,313.194,0,0,2449.337,2449.019,1015.734,476.0441,1491.778,3,260.0509,0.1869583,431.54,800,0,131.5303,200,0.1,0.1466658,0.3172331,0,250,0.3172331,1433.285,282.6478,44.03849,0,0,30.54621,603.8946,353.3828,250.5118,0,836.9582,4553.727,0,-1.136868e-13,-1.582068e-15,4.263256e-14
naive,2026-01-18 19:15:00,1325,19.25,38.0819,3505.63,392.3788,0,303.3161,0,0,2453.941,2453.624,1427.214,572.7857,2000,4,405.6677,0.0981018,400.4236,693.8107,500,0,324.9685,0.1624843,0.1259371,0.3172331,0,250,0.3172331,1026.409,262.4155,38.23518,0,0,40.90062,604.2714,252.7485,351.5229,0,835.6058,4552.817,0,0,1.24345e-13,4.263256e-14
naive,2026-01-18 19:30:00,1326,19.5,37.89615,3481.663,389.5059,0,279.3708,0,0,2437.164,2436.847,773.9406,400.3852,1174.326,3,0,0,374.3258,800,0,405.8273,223.4605,0.1117303,0.2046279,0.3172331,0,250,0.3172331,1662.907,245.8687,44.28252,0,0,33.50212,597.1359,407.433,189.7029,0,816.0266,4438.329,0,0,-7.993606e-15,4.263256e-14
naive,2026-01-18 19:45:00,1327,19.75,37.84113,3454.691,404.3734,0,254.5729,0,0,2418.284,2417.967,980.6008,455.4273,1436.028,3,303.1613,1.38148,331.4853,800,0,93.70147,200,0.1,0.1407098,0.3172331,0,250,0.3172331,1437.366,217.8757,44.34039,7.5106,0,36.69721,591.6326,351.6513,239.9814,0,816.0566,4451.384,0,0,3.330669e-16,4.263256e-14
naive,2026-01-18 20:00:00,1328,20,37.74975,3439.777,376.3498,0,216.0202,0,0,2407.844,2407.526,1418.793,579.2961,1998.089,4,385.7814,0.4350035,311.8727,800,500,0,324.9685,0.1624843,0.1259371,0.3172331,0,250,0.3172331,988.7333,205.2129,44.4365,0,0,10.80733,587.6333,241.3,346.3333,0,823.2336,4477.794,0,0,1.24345e-13,4.263256e-14
naive,2026-01-18 20:15:00,1329,20.25,37.52701,3415.56,368.2387,3.390497,200.0779,0,0,2390.892,2390.575,720.7206,376.9232,1097.644,3,0,0,297.6437,800,0,369.4535,232.554,0.116277,0.2046279,0.3172331,0,250,0.3172331,1669.854,196.3805,44.67077,0,3.201476,3.697357,580.028,405.105,174.923,0,782.9251,4261.356,0,0,-6.483702e-14,4.263256e-14
naive,2026-01-18 20:30:00,1330,20.5,37.31073,3423.087,336.144,2.416232,178.9251,0,0,2396.161,2395.844,869.3151,417.8427,1287.158,3,206.6949,1.456087,279.0068,800,0,130.0695,200,0.1,0.1464358,0.3172331,0,250,0.3172331,1526.529,184.5669,44.89823,0,0.9601448,0,577.9704,368.2092,209.7613,0,786.0519,4274.431,0,1.136868e-13,-5.301315e-15,4.263256e-14
naive,2026-01-18 20:45:00,1331,20.75,37.12207,3417.354,311.386,0,169.8159,0,0,2392.148,2391.83,1311.231,542.5454,1853.777,4,296.1054,4.738608,252.9326,800,500,0,324.9685,0.1624843,0.1259371,0.3172331,0,250,0.3172331,1080.599,167.7003,45.09666,15.28064,0,2.11567,574.1283,259.3496,314.7787,0,802.4028,4388.841,0,0,1.24345e-13,4.263256e-14
naive,2026-01-18 21:00:00,1332,21,36.8877,3371.802,269.7743,0,139.6245,0,0,2360.261,2359.944,667.2023,353.3297,1020.532,3,0,0,220.532,800,0,267.5052,258.0411,0.1290205,0.2046279,0.3172331,0,250,0.3172331,1692.742,146.6314,45.34316,3.278387,0,0,562.9919,403.7688,159.2231,0,757.0985,4118.686,0,0,-6.483702e-14,4.263256e-14
naive,2026-01-18 21:15:00,1333,21.25,36.6355,3356.734,242.2777,0,144.9909,0,0,2349.714,2349.397,659.0678,349.2229,1008.291,3,4.377109,2.454107,201.4595,800,0,232.0018,200,0.1,0.1624847,0.3172331,0,250,0.3172331,1690.329,134.3566,45.6084,5.898855,0,10.63437,556.7917,400.5429,156.2489,0,752.2857,4096.437,0,0,-5.884182e-15,4.263256e-14
naive,2026-01-18 21:30:00,1334,21.5,36.26734,3297.938,218.0151,0,150.9793,0,0,2308.557,2308.239,1201.125,504.8023,1705.927,4,205.3398,1.699714,198.8874,800,500,0,324.9685,0.1624843,0.1259371,0.3172331,0,250,0.3172331,1107.115,133.227,45.99562,12.67529,0,17.75231,541.8393,259.85,281.9894,0,768.8189,4198.624,0,5.684342e-14,1.24345e-13,4.263256e-14
naive,2026-01-18 21:45:00,1335,21.75,36.04157,3269.96,180.0198,0.1479643,130.9663,0,0,2288.972,2288.655,644.2216,343.1986,987.4202,2,0,0,187.4202,800,0,181.1166,279.6382,0.1398191,0.2046279,0.3172331,0,250,0.3172331,1644.433,125.884,46.23307,0.4170917,0,5.082235,534.1292,383.7268,150.4024,0,728.1113,3953.32,0,0,-7.993606e-15,4.263256e-14
naive,2026-01-18 22:00:00,1336,22,35.89076,3270.019,138.8516,0,110.6325,0,0,2289.014,2288.696,643.2089,342.7522,985.9612,2,0,0,185.9612,800,0,161.8129,239.1409,0.1195705,0.1760841,0.3172331,0,250,0.3172331,1645.487,125.1284,46.39168,0,0,0,532.0793,382.4922,149.5871,0,725.2444,3936.653,0,5.684342e-14,-6.580847e-14,4.263256e-14
naive,2026-01-18 22:15:00,1337,22.25,35.71954,3303.208,123.1325,0,99.08954,0,0,2312.245,2311.928,628.1825,336.1278,964.3104,2,0,0,164.3104,800,0,137.7889,204.6561,0.102328,0.1505835,0.3172331,0,250,0.3172331,1683.746,110.7852,46.57176,0,0,0,535.1366,389.6792,145.4574,0,725.8071,3939.546,0,0,-1.229572e-14,4.263256e-14
naive,2026-01-18 22:30:00,1338,22.5,35.34964,3304.72,94.99425,0,89.58847,0,0,2313.304,2312.987,695.9925,354.3724,1050.365,3,97.92758,3.243505,149.1938,800,0,18.49539,200,0.1,0.1288689,0.3172331,0,250,0.3172331,1616.995,101.0345,46.9608,0,0,0,530.3871,370.7394,159.6477,0,725.1119,3935.284,0,-1.136868e-13,-2.498002e-16,4.263256e-14
naive,2026-01-18 22:45:00,1339,22.75,35.15888,3322.516,77.07749,0,89.5575,0,0,2325.761,2325.444,1066.17,457.7691,1523.939,4,100.5865,2.492204,120.8604,800,500,0,324.9685,0.1624843,0.1259371,0.3172331,0,250,0.3172331,1259.274,82.03145,47.16144,0,0,7.526057,530.6899,287.3399,243.35,0,746.8262,4054.488,0,-1.705303e-13,1.24345e-13,4.263256e-14
naive,2026-01-18 23:00:00,1340,23,34.97025,3290.725,67.9408,0,86.79718,0,0,2303.507,2303.19,572.9566,311.7816,884.7382,2,0,0,84.73821,800,0,87.41883,303.0627,0.1515313,0.2046279,0.3172331,0,250,0.3172331,1730.233,57.64215,47.35983,0,0,29.15502,523.1353,392.9426,130.1927,0,711.3454,3859.12,0,0,6.306067e-14,4.263256e-14
naive,2026-01-18 23:15:00,1341,23.25,34.57736,3317.03,58.26165,0,90.7933,0,0,2321.921,2321.604,562.1003,306.9955,869.0958,2,0,0,69.09579,800,0,79.21328,283.2116,0.1416058,0.1908341,0.3172331,0,250,0.3172331,1759.503,47.21876,47.77305,0,0,43.57454,522.1918,395.7061,126.4857,0,712.5014,3865.013,0,0,5.165313e-14,4.263256e-14
naive,2026-01-18 23:30:00,1342,23.5,34.37481,3317.916,39.85876,0,66.78304,1,1,2322.541,2322.224,571.839,311.2889,883.1279,2,0,0,83.12786,800,0,72.22514,265.1108,0.1325554,0.1783342,0.3172331,0,250,0.3172331,1750.385,56.94271,47.98608,0,0,9.840323,519.727,391.6927,128.0344,705.1836,0,1356.383,0,5.684342e-14,-4.143907e-14,4.263256e-14
naive,2026-01-18 23:45:00,1343,23.75,34.08024,3289.562,33.5218,5.290689,69.86301,1,1,2302.694,2302.376,563.8942,307.7864,871.6806,2,0,0,71.68057,800,0,70.31716,247.4897,0.1237449,0.1669364,0.3172331,0,250,0.3172331,1738.482,49.27022,48.29589,0,4.989619,20.59279,511.5762,386.2286,125.3476,698.59,0,1351.454,0,5.684342e-14,-2.078893e-14,4.263256e-14
naive,2026-01-19 00:00:00,1344,0,33.76136,3268.459,35.49997,6.952993,78.01386,1,1,2287.921,2287.604,575.5413,312.921,888.4623,2,0,0,88.46228,800,0,74.51589,228.8218,0.1144109,0.1558407,0.3172331,0,250,0.3172331,1712.063,61.03093,48.63126,0,6.856931,16.98293,504.364,377.4181,126.9459,694.0829,0,1345.284,0,0,-1.099121e-14,4.263256e-14
naive,2026-01-19 00:15:00,1345,0.25,33.52479,3257.676,45.19102,11.25762,65.53874,1,1,2280.373,2280.056,563.2815,307.5163,870.7978,2,0,0,70.79784,800,0,79.01833,209.0312,0.1045156,0.1440857,0.3172331,0,250,0.3172331,1716.774,48.97807,48.88008,0,11.22188,16.56067,499.8327,376.298,123.5346,687.4442,0,1339.256,0,5.684342e-14,4.637957e-14,4.263256e-14
naive,2026-01-19 00:30:00,1346,0.5,33.23335,3216.112,42.28995,5.133336,49.40728,1,1,2251.278,2250.961,583.0253,313.6068,896.632,2,21.97003,0.01222495,74.64978,800,0,35.99314,200,0.1,0.1316239,0.3172331,0,250,0.3172331,1667.936,51.81689,49.1866,0,5.121111,0,490.0122,363.0421,126.9701,676.6489,0,1306.797,0,0,2.220446e-16,4.263256e-14
naive,2026-01-19 00:45:00,1347,0.75,32.68277,3181.063,42.09496,2.623565,65.33203,1,1,2226.744,2226.427,1005.185,434.8767,1440.062,3,67.02284,0.01097424,73.02816,800,500,0,324.9685,0.1624843,0.1259371,0.3172331,0,250,0.3172331,1221.242,51.01294,49.76567,0,2.612591,14.31909,478.3661,262.3564,216.0097,700.3092,0,1349.139,0,5.684342e-14,1.24345e-13,4.263256e-14
naive,2026-01-19 01:00:00,1348,1,32.46126,3172.171,55.43062,1.493031,69.28474,1,1,2220.52,2220.203,563.0443,307.4117,870.456,2,0,0,70.45599,800,0,59.4936,310.044,0.155022,0.2046279,0.3172331,0,250,0.3172331,1657.158,49.34103,49.99864,0,1.475211,19.94371,474.545,354.1496,120.3954,665.8235,0,1277.943,0,0,-3.641532e-14,4.263256e-14
naive,2026-01-19 01:15:00,1349,1.25,32.07216,3190.902,70.16924,0,67.11846,1,1,2233.631,2233.314,557.7053,305.058,862.7633,2,0,0,62.76333,800,0,59.0893,295.2228,0.1476114,0.1952301,0.3172331,0,250,0.3172331,1675.609,44.14916,50.40788,11.57979,0,22.9693,473.0203,354.8468,118.1735,664.7691,0,1292.804,0,-5.684342e-14,7.982504e-14,4.263256e-14
naive,2026-01-19 01:30:00,1350,1.5,31.82694,3195.965,65.50285,6.228622,65.1895,1,1,2237.175,2236.858,553.9937,303.4218,857.4155,2,0,0,57.41553,800,0,55.07796,281.4069,0.1407034,0.1858975,0.3172331,0,250,0.3172331,1682.864,40.50002,50.66578,10.90995,5.743563,24.68948,471.0798,354.3591,116.7207,662.9798,0,1297.688,0,0,1.063871e-13,4.263256e-14
naive,2026-01-19 01:45:00,1351,1.75,31.69153,3246.783,49.5793,3.114477,70.86544,1,1,2272.748,2272.431,544.3222,299.1581,843.4803,2,0,0,43.48026,800,0,45.52237,269.982,0.134991,0.1771978,0.3172331,0,250,0.3172331,1728.108,30.7174,50.80821,7.648214,0,40.14803,477.0739,362.7483,114.3256,670.3339,0,1296.702,0,-5.684342e-14,-7.346901e-14,4.263256e-14
naive,2026-01-19 02:00:00,1352,2,31.44464,3270.144,56.27768,4.590959,76.78522,1,1,2289.101,2288.783,532.4964,293.9447,826.4411,2,0,0,26.44106,800,0,42.91879,259.2098,0.1296049,0.1700037,0.3172331,0,250,0.3172331,1756.287,18.73198,51.06787,15.33167,2.61818,58.05324,477.7829,366.5736,111.2093,672.6352,0,1318.783,0,5.684342e-14,-3.2363e-14,4.263256e-14
naive,2026-01-19 02:15:00,1353,2.25,31.18085,3255.641,56.62754,5.73218,57.69745,1,1,2278.949,2278.632,537.7057,296.2412,833.9469,2,0,0,33.94688,800,0,58.88678,244.4473,0.1222236,0.1632206,0.3172331,0,250,0.3172331,1740.926,24.12107,51.34531,0.5067176,2.966218,33.57638,472.8005,361.18,111.6205,664.3871,0,1277.002,0,0,6.025735e-14,4.263256e-14
naive,2026-01-19 02:30:00,1354,2.5,31.00527,3284.4,57.74196,3.361134,66.72985,1,1,2299.08,2298.763,532.2267,293.8258,826.0526,2,0,0,26.05257,800,0,57.67458,229.9901,0.1149951,0.1539249,0.3172331,0,250,0.3172331,1766.536,18.54833,51.52998,1.33452,2.093999,48.18152,475.0734,365.0304,110.0429,668.8123,0,1285.568,0,0,-5.287437e-14,4.263256e-14
naive,2026-01-19 02:45:00,1355,2.75,30.88831,3267.559,63.98602,0.138904,64.86754,1,1,2287.291,2286.974,535.8849,295.4385,831.3235,2,0,0,31.32347,800,0,59.88335,214.9831,0.1074916,0.1448214,0.3172331,0,250,0.3172331,1751.089,22.3303,51.65298,5.532141,0,42.53724,471.3843,360.8792,110.5051,665.0842,0,1281.602,0,5.684342e-14,-1.812439e-14,4.263256e-14
naive,2026-01-19 03:00:00,1356,3,30.60958,3259.258,59.05743,0,41.09208,1,1,2281.48,2281.163,538.2028,295.5559,833.7587,2,7.603351,2.165293,23.9901,800,0,59.79703,200,0.1,0.1353717,0.3172331,0,250,0.3172331,1742.96,17.15588,51.94613,0,0,23.9362,467.2344,356.9485,110.2859,657.4064,0,1256.373,0,5.684342e-14,-2.858824e-15,4.263256e-14
naive,2026-01-19 03:15:00,1357,3.25,30.37278,3274.204,74.40453,0,33.78228,1,1,2291.943,2291.625,970.2875,420.5205,1390.808,3,58.37708,1.689519,30.74141,800,500,0,324.9685,0.1624843,0.1259371,0.3172331,0,250,0.3172331,1321.338,22.04214,52.1952,16.02745,0,11.74014,466.8863,269.1667,197.7196,692.0788,0,1353.085,0,1.136868e-13,1.24345e-13,4.263256e-14
naive,2026-01-19 03:30:00,1358,3.5,30.29877,3337.503,65.25936,0,25.56738,1,1,2336.252,2335.935,535.9461,295.4655,831.4116,2,0,0,31.41157,800,0,66.07887,308.3976,0.1541988,0.2046279,0.3172331,0,250,0.3172331,1799.989,22.54125,52.27303,0.2589873,0,3.026129,475.1246,366.0645,109.0601,662.1455,0,1265.931,0,0,-9.325873e-14,4.263256e-14
naive,2026-01-19 03:45:00,1359,3.75,30.38186,3321.39,58.26827,1.657409,25.52165,1,1,2324.973,2324.656,541.2561,297.8064,839.0625,2,0,0,39.06248,800,0,66.6909,291.6764,0.1458382,0.1941935,0.3172331,0,250,0.3172331,1783.399,28.00565,52.18564,0,0,0,473.7113,363.3662,110.3451,661.1726,0,1263.636,0,0,-4.72955e-14,4.263256e-14
naive,2026-01-19 04:00:00,1360,4,30.26872,3363.912,69.91037,0.2683097,31.98611,1,1,2354.739,2354.421,530.6233,293.1189,823.7422,2,0,0,23.74223,800,0,78.12889,272.0982,0.1360491,0.1836643,0.3172331,0,250,0.3172331,1823.798,17.04337,52.30464,0,0,14.94275,478.5625,370.6574,107.9051,666.8132,0,1274.784,0,0,-6.411538e-14,4.263256e-14
naive,2026-01-19 04:15:00,1361,4.25,30.28572,3343.891,73.15214,0,34.96335,1,1,2340.724,2340.406,528.6535,292.2506,820.9041,2,0,0,20.90414,800,0,91.66696,249.1387,0.1245693,0.1713363,0.3172331,0,250,0.3172331,1811.753,15.0032,52.28676,0,0,19.96015,475.895,368.3494,107.5456,664.6581,0,1270.494,0,0,4.199419e-14,4.263256e-14
naive,2026-01-19 04:30:00,1362,4.5,30.10669,3364.423,88.81949,0,31.68969,1,1,2355.096,2354.779,536.5656,295.7386,832.3043,2,0,0,32.30428,800,0,111.6134,221.1961,0.110598,0.156879,0.3172331,0,250,0.3172331,1818.213,23.23151,52.47505,0,0,8.45818,476.9077,368.1888,108.719,665.6402,0,1272.246,0,-5.684342e-14,-4.624079e-14,4.263256e-14
naive,2026-01-19 04:45:00,1363,4.75,30.04319,3385.738,102.3762,0,34.49554,1,1,2370.016,2369.699,566.1256,303.6354,869.761,2,43.16392,0.124234,26.47284,800,0,84.64507,200,0.1,0.1392839,0.3172331,0,250,0.3172331,1803.574,19.0513,52.54183,0,0,15.44424,479.2512,364.7084,114.5428,671.4668,0,1283.824,0,5.684342e-14,-4.690692e-15,4.263256e-14
naive,2026-01-19 05:00:00,1364,5,30.00465,3390.381,147.8458,0,27.50547,1,1,2373.267,2372.95,1039.645,439.3517,1478.997,3,157.1102,0.173251,21.71355,800,500,0,324.9685,0.1624843,0.1259371,0.3172331,0,250,0.3172331,1333.304,15.63295,52.58237,0,0,11.87252,479.4974,269.3822,210.1151,711.1326,0,1363.11,0,-2.273737e-13,1.24345e-13,4.263256e-14
naive,2026-01-19 05:15:00,1365,5.25,29.80617,3397.059,191.5332,0,38.42877,1,1,2377.941,2377.624,530.8791,293.2317,824.1108,2,0,0,24.11084,800,0,197.5646,275.5262,0.1377631,0.2046279,0.3172331,0,250,0.3172331,1846.745,17.39719,52.79112,0,0,21.03158,478.3318,371.4796,106.8521,668.942,0,1278.494,0,5.684342e-14,4.884981e-14,4.263256e-14
naive,2026-01-19 05:30:00,1366,5.5,29.79223,3379.765,233.8189,0,40.8483,1,1,2365.835,2365.518,530.3578,293.0019,823.3597,2,0,0,23.35973,800,0,242.6729,214.8146,0.1074073,0.1734948,0.3172331,0,250,0.3172331,1835.16,16.85783,52.80579,0,0,23.99047,475.7499,369.0355,106.7144,666.8617,0,1274.317,0,-5.684342e-14,3.269607e-14,4.263256e-14
naive,2026-01-19 05:45:00,1367,5.75,29.7734,3331.932,275.0141,0,39.63839,1,1,2332.352,2332.035,715.6696,348.1509,1063.821,3,223.1491,1.863202,38.80823,800,0,59.12313,200,0.1,0.1352656,0.3172331,0,250,0.3172331,1616.365,28.01227,52.82558,0,0,11.62612,468.8215,324.9024,143.9191,675.3902,0,1291.352,0,0,3.219647e-15,4.263256e-14
naive,2026-01-19 06:00:00,1368,6,29.46451,3339.54,308.6644,1.111183,36.68279,1,1,2337.678,2337.361,1185.18,482.7729,1667.953,4,331.4362,0.8151565,35.70164,800,500,0,324.9685,0.1624843,0.1259371,0.3172331,0,250,0.3172331,1152.181,25.85812,53.15046,0,0.2960263,10.82466,466.7044,230.0265,236.678,714.9605,0,1370.637,0,-1.136868e-13,1.24345e-13,4.263256e-14
naive,2026-01-19 06:15:00,1369,6.25,29.49718,3348.442,342.1827,0.6028824,26.37828,1,1,2343.91,2343.592,553.091,303.0238,856.1148,2,0,0,56.11479,800,0,371.9605,231.9272,0.1159636,0.2046279,0.3172331,0,250,0.3172331,1790.501,40.62838,53.1161,0,0.4820279,0,468.2846,357.7203,110.5642,660.7442,0,1262.564,0,-5.684342e-14,-7.993606e-15,4.263256e-14
naive,2026-01-19 06:30:00,1370,6.5,29.59614,3403.997,384.4809,7.752231,31.29734,1,1,2382.798,2382.481,769.2459,365.3284,1134.574,3,277.2985,0.6265535,56.64917,800,0,127.5629,200,0.1,0.1460412,0.3172331,0,250,0.3172331,1613.235,40.97043,53.01202,0,7.125677,0,477.0916,323.0071,154.0844,688.3355,0,1329.324,0,1.136868e-13,-4.718448e-15,4.263256e-14
naive,2026-01-19 06:45:00,1371,6.75,29.70371,3407.52,421.3094,3.901123,29.79264,1,1,2385.264,2384.947,1265.097,507.2846,1772.382,4,421.5485,0.1393934,50.69388,800,500,0,324.9685,0.1624843,0.1259371,0.3172331,0,250,0.3172331,1119.85,36.61976,52.89888,0,3.761729,0,478.7195,224.7524,253.9671,732.037,0,1411.052,0,-5.684342e-14,1.24345e-13,4.263256e-14
naive,2026-01-19 07:00:00,1372,7,29.83679,3419.151,436.5834,1.991754,35.48943,1,1,2393.406,2393.088,552.9614,302.9667,855.928,2,0,0,55.92804,800,0,427.1437,218.1314,0.1090657,0.2046279,0.3172331,0,250,0.3172331,1840.127,40.34121,52.75892,9.661889,1.769554,0,481.769,370.3994,111.3695,673.3661,0,1307.098,0,0,-6.483702e-14,4.263256e-14
naive,2026-01-19 07:15:00,1373,7.25,29.79881,3437.642,410.0543,1.446697,46.74966,1,1,2406.349,2406.032,832.1178,385.1052,1217.223,3,344.0453,0.2899459,72.88779,800,0,72.38835,200,0.1,0.1373542,0.3172331,0,250,0.3172331,1573.914,52.59652,52.79886,0,1.156751,0,483.9674,316.5472,167.4202,701.6525,0,1345.902,0,-5.684342e-14,4.218847e-15,4.263256e-14
naive,2026-01-19 07:30:00,1374,7.5,29.82686,3423.788,381.8279,1.767966,48.40047,1,1,2396.652,2396.335,1268.865,511.9786,1780.844,4,396.0533,0.2595821,84.53094,800,500,0,324.9685,0.1624843,0.1259371,0.3172331,0,250,0.3172331,1127.469,60.97937,52.76936,0,1.508384,0,482.3163,226.8986,255.4177,738.8772,0,1420.991,0,1.136868e-13,1.24345e-13,4.263256e-14
naive,2026-01-19 07:45:00,1375,7.75,29.94137,3439.415,375.1578,0,47.2867,1,1,2407.591,2407.273,580.2551,314.9991,895.2542,2,0,0,95.2542,800,0,366.5907,233.2697,0.1166348,0.2046279,0.3172331,0,250,0.3172331,1827.018,68.6277,52.64892,8.680275,0,0,485.7491,368.6144,117.1347,683.6134,0,1322.97,0,0,-6.483702e-14,4.263256e-14
naive,2026-01-19 08:00:00,1376,8,29.98262,3477.868,332.4917,268.0981,50.25853,1,1,2434.508,2434.19,801.0897,389.4279,1190.518,3,192.7213,84.28897,113.5072,800,0,132.9319,200,0.1,0.1468865,0.3172331,0,250,0.3172331,1633.101,81.74098,52.60554,6.838499,183.8092,0,491.6298,329.792,161.8379,719.2198,0,1708.126,0,-1.136868e-13,7.632783e-15,4.263256e-14
naive,2026-01-19 08:15:00,1377,8.25,30.09071,3481.188,288.3327,266.2716,58.27523,1,1,2436.832,2436.515,1260.454,521.7638,1782.217,4,282.625,87.85275,111.7397,800,500,0,324.9685,0.1624843,0.1259371,0.3172331,0,250,0.3172331,1176.061,80.37151,52.49186,5.707627,178.4189,0,493.2836,238.068,255.2157,759.8317,0,1778.228,0,0,1.24345e-13,4.263256e-14
naive,2026-01-19 08:30:00,1378,8.5,30.43131,3461.703,242.3636,275.5981,78.8559,1,1,2423.192,2422.875,593.7534,320.9498,914.7031,2,0,0,114.7031,800,0,321.8669,244.4506,0.1222253,0.2046279,0.3172331,0,250,0.3172331,1829.121,82.19048,52.13363,6.686612,189.4082,0,494.2711,373.0954,121.1757,694.0452,0,1667.704,0,-5.684342e-14,-6.483702e-14,4.263256e-14
naive,2026-01-19 08:45:00,1379,8.75,30.50886,3481.006,209.8243,277.3307,71.58506,1,1,2436.704,2436.387,690.2768,360.0401,1050.317,3,29.10198,90.15169,131.0632,800,0,177.6486,200,0.1,0.153927,0.3172331,0,250,0.3172331,1746.11,93.83198,52.05207,3.073652,187.179,0,497.8937,356.7841,141.1096,716.8242,0,1703.276,0,-5.684342e-14,5.828671e-15,4.263256e-14
naive,2026-01-19 09:00:00,1380,9,30.66945,3526.39,166.0662,275.2346,106.1478,1,1,2468.473,2468.156,1194.443,507.1089,1701.552,4,161.1883,91.98641,148.3771,800,500,0,324.9685,0.1624843,0.1259371,0.3172331,0,250,0.3172331,1273.713,106.0369,51.88317,4.877944,183.2482,0.1108948,506.2122,261.2015,245.0106,768.3332,0,1802.816,0,1.705303e-13,1.24345e-13,4.263256e-14
naive,2026-01-19 09:15:00,1381,9.25,31.12268,3536.534,133.5956,276.168,108.3142,1,1,2475.574,2475.256,628.0457,336.0675,964.1132,2,0,0,164.1132,800,0,228.9486,267.6802,0.1338401,0.2046279,0.3172331,0,250,0.3172331,1847.211,116.6875,51.40649,0,183.0056,0,512.9122,382.7222,130.19,718.7897,0,1695.432,0,0,-1.216804e-13,4.263256e-14
naive,2026-01-19 09:30:00,1382,9.5,31.32757,3538.738,111.9769,279.3319,108.505,1,1,2477.117,2476.799,646.6371,344.2635,990.9007,2,0,0,190.9007,800,0,204.9997,216.3882,0.1081941,0.1685543,0.3172331,0,250,0.3172331,1830.162,135.421,51.191,0.3490633,185.9601,0,515.6397,380.9689,134.6708,725.2324,0,1714.258,0,0,-6.744605e-15,4.263256e-14
naive,2026-01-19 09:45:00,1383,9.75,31.42918,3578.116,94.86085,280.4526,137.902,1,1,2504.682,2504.364,741.0231,383.5671,1124.59,3,19.38785,91.22869,213.9737,800,0,65.41637,200,0.1,0.1362564,0.3172331,0,250,0.3172331,1763.341,151.6146,51.08413,10.05663,189.2239,0,522.5936,367.9154,154.6782,751.4825,0,1789.254,0,0,6.911138e-15,4.263256e-14
naive,2026-01-19 10:00:00,1384,10,31.7037,3551.964,87.9569,285.3624,143.5134,1,1,2486.375,2486.058,1186.823,514.0175,1700.84,4,74.8739,92.51749,233.449,800,500,0,324.9685,0.1624843,0.1259371,0.3172331,0,250,0.3172331,1299.235,164.9015,50.7954,13.083,192.8449,0,522.0633,272.7999,249.2634,786.8174,0,1871.716,0,1.136868e-13,1.24345e-13,4.263256e-14
naive,2026-01-19 10:15:00,1385,10.25,31.97463,3575.359,78.28505,283.2207,139.0818,1,1,2502.751,2502.434,708.8676,371.6978,1080.565,3,0,0,280.5654,800,0,159.6463,285.0058,0.1425029,0.2046279,0.3172331,0,250,0.3172331,1793.567,197.575,50.51045,12.78031,189.0791,0,528.8109,378.966,149.845,750.6637,0,1792.711,0,0,4.884981e-14,4.263256e-14
naive,2026-01-19 10:30:00,1386,10.5,32.24573,3595.976,73.27008,284.9848,157.3546,1,1,2517.183,2516.866,716.063,374.8699,1090.933,3,0,0,290.9329,800,0,155.1417,246.1755,0.1230877,0.179464,0.3172331,0,250,0.3172331,1800.803,204.2448,50.22532,13.40732,189.7058,0,535.2327,382.9076,152.3251,757.7775,0,1809.422,0,0,1.515454e-14,4.263256e-14
naive,2026-01-19 10:45:00,1387,10.75,32.28907,3594.208,58.86015,290.7731,162.8755,1,1,2515.946,2515.629,720.9658,377.0313,1097.997,3,0,0,297.9971,800,0,154.1204,207.6066,0.1038033,0.1550131,0.3172331,0,250,0.3172331,1794.663,209.1009,50.17974,3.846298,191.6665,0,535.5124,381.9892,153.5232,759.0205,0,1798.848,0,-1.136868e-13,-8.548717e-15,4.263256e-14
naive,2026-01-19 11:00:00,1388,11,32.5905,3615.721,53.23068,290.9717,185.0594,1,0,2531.005,2530.688,818.2395,417.2247,1235.464,3,22.60967,97.32973,315.5248,800,0,30.2958,200,0.1,0.1307269,0.3172331,0,250,0.3172331,1712.448,220.6389,49.86271,0.3252153,193.642,0,542.5467,367.0808,175.466,784.3054,0,1847.109,0,0,1.415534e-15,4.263256e-14
naive,2026-01-19 11:15:00,1389,11.25,32.90644,3664.128,49.76233,293.1461,219.2131,0,0,2564.889,2564.572,1246.026,542.7457,1788.772,4,52.7792,95.94235,340.0506,800,500,0,324.9685,0.1624843,0.1259371,0.3172331,0,250,0.3172331,1318.546,236.9297,49.53042,0,197.2038,0,553.9369,284.7652,269.1718,0,827.5109,4835.765,0,0,1.24345e-13,4.263256e-14
naive,2026-01-19 11:30:00,1390,11.5,33.44035,3703.112,54.21451,293.9226,239.4797,0,0,2592.178,2591.861,777.9063,402.1334,1180.04,3,0,0,380.0398,800,0,155.8355,285.9585,0.1429792,0.2046279,0.3172331,0,250,0.3172331,1813.955,263.1689,48.96889,0,197.1175,0,567.0225,396.7911,170.2314,0,798.9245,4679.023,0,-1.136868e-13,1.056932e-13,4.263256e-14
naive,2026-01-19 11:45:00,1391,11.75,33.79305,3717.533,57.49312,300.4287,282.6061,0,0,2602.273,2601.956,805.7774,414.4204,1220.198,3,0,0,420.1978,800,0,155.1693,247.1212,0.1235606,0.1800639,0.3172331,0,250,0.3172331,1796.178,289.7918,48.59794,0,203.6277,0,574.1029,396.2656,177.8373,0,810.686,4755.358,0,0,5.989653e-14,4.263256e-14
naive,2026-01-19 12:00:00,1392,12,34.00029,3754.984,53.99279,295.1605,314.4804,0,0,2628.489,2628.171,822.7065,421.8836,1244.59,3,0,0,444.5901,800,0,149.593,209.684,0.104842,0.1556086,0.3172331,0,250,0.3172331,1805.465,305.877,48.37998,2.150563,197.4097,8.603443,582.8175,400.3276,182.4899,0,824.1188,4822.468,0,0,2.003953e-14,4.263256e-14
naive,2026-01-19 12:15:00,1393,12.25,34.30356,3773.277,49.44745,289.9934,324.5071,0,0,2641.294,2640.977,924.2732,465.2021,1389.475,3,12.24799,97.5203,479.707,800,0,38.60399,200,0.1,0.1320349,0.3172331,0,250,0.3172331,1716.704,328.8735,48.06101,0,192.4731,0,590.0212,383.4831,206.5381,0,848.6852,4945.716,0,5.684342e-14,2.997602e-15,4.263256e-14
naive,2026-01-19 12:30:00,1394,12.5,34.64929,3740.957,34.94567,294.0793,331.3564,0,0,2618.67,2618.353,1369.207,598.6622,1967.869,4,39.22373,97.6323,531.013,800,500,0,324.9685,0.1624843,0.1259371,0.3172331,0,250,0.3172331,1249.146,362.5787,47.6974,0,196.447,0,589.9794,281.4292,308.5501,0,880.0914,5125.714,0,-1.136868e-13,1.24345e-13,4.263256e-14
naive,2026-01-19 12:45:00,1395,12.75,34.88465,3773.032,27.58493,299.7569,353.8072,0,0,2641.123,2640.805,919.8397,464.7047,1384.544,3,0,0,584.5444,800,0,140.0387,289.9077,0.1449538,0.2046279,0.3172331,0,250,0.3172331,1720.966,398.0296,47.44985,0,198.1868,0,598.5291,390.0039,208.5253,0,854.7085,4989.388,0,-1.136868e-13,-6.483702e-14,4.263256e-14
naive,2026-01-19 13:00:00,1396,13,35.12871,3772.34,31.89594,294.7811,359.3783,0,0,2640.638,2640.321,944.4308,475.5456,1419.976,3,0,0,619.9764,800,0,147.012,253.1091,0.1265545,0.1825506,0.3172331,0,250,0.3172331,1695.89,420.9456,47.19317,0,193.9354,0,602.0823,386.6737,215.4086,0,862.2193,5023.653,0,0,-6.583623e-14,4.263256e-14
naive,2026-01-19 13:15:00,1397,13.25,35.54856,3775.751,43.72436,288.9804,415.6539,0,0,2643.026,2642.709,948.9349,477.5312,1426.466,3,0,0,626.4661,800,0,144.7686,216.8771,0.1084385,0.1593791,0.3172331,0,250,0.3172331,1693.774,423.2477,46.75158,1.43,186.5062,0,609.0401,390.3012,218.7389,0,867.8324,5044.673,0,-1.136868e-13,-2.706169e-14,4.263256e-14
naive,2026-01-19 13:30:00,1398,13.5,35.84555,3779.847,45.87292,297.1144,453.0854,0,0,2645.893,2645.576,1015.075,506.689,1521.764,4,0,76.36799,645.3959,800,0,67.37172,200,0.1,0.1365643,0.3172331,0,250,0.3172331,1630.501,434.5035,46.43923,2.747717,196.4999,18.58189,614.3255,378.571,235.7545,0,889.5743,5184.117,0,-1.136868e-13,-5.77316e-15,4.263256e-14
naive,2026-01-19 13:45:00,1399,13.75,36.13707,3815.483,38.14807,299.5854,475.7407,0,0,2670.838,2670.521,1398.773,601.2272,2000,4,45.93535,100.7103,684.0524,669.302,500,0,324.9685,0.1624843,0.1259371,0.3172331,0,250,0.3172331,1271.748,458.9331,38.59582,0,198.8751,16.80767,624.7689,297.4904,327.2785,0,902.6493,5264.211,0,0,1.24345e-13,4.263256e-14
naive,2026-01-19 14:00:00,1400,14,36.22806,3793.066,35.76951,297.0485,482.9122,0,1,2655.146,2654.829,1012.086,505.3715,1517.458,4,0,0,717.4579,800,0,146.742,288.2319,0.1441159,0.2046279,0.3172331,0,250,0.3172331,1642.742,480.8227,46.03693,0,197.1063,2.089488,622.5557,385.1761,237.3797,0,891.0375,5188.923,0,-1.136868e-13,-3.641532e-14,4.263256e-14
naive,2026-01-19 14:15:00,1401,14.25,36.49065,3800.842,33.50532,295.9338,514.707,1,1,2660.589,2660.272,1041.881,518.5064,1560.387,4,0,0,760.3873,800,0,143.8132,252.2332,0.1261166,0.1814954,0.3172331,0,250,0.3172331,1618.391,507.9956,45.76075,0,197.2945,6.711396,628.0858,382.0539,246.0319,902.1446,0,2093.141,0,-1.136868e-13,8.409939e-15,4.263256e-14
naive,2026-01-19 14:30:00,1402,14.5,36.44183,3788.694,39.34146,291.9046,501.1875,1,1,2652.086,2651.769,1058.755,525.9454,1584.7,4,0,0,784.7004,800,0,150.3125,214.6154,0.1073077,0.1588275,0.3172331,0,250,0.3172331,1593.014,524.545,45.8121,0,193.8948,0,625.2857,375.5869,249.6988,901.5323,0,2085.994,0,-2.273737e-13,-3.860801e-14,4.263256e-14
naive,2026-01-19 14:45:00,1403,14.75,36.78828,3764.182,43.90609,289.8654,520.7551,1,1,2634.927,2634.61,1142.717,562.9601,1705.677,4,0,94.47188,811.2056,800,0,58.32632,200,0.1,0.1351401,0.3172331,0,250,0.3172331,1491.893,540.0145,45.44772,0,192.0984,0,626.8728,354.9346,271.9382,917.8947,0,2116.03,0,0,-1.332268e-15,4.263256e-14
naive,2026-01-19 15:00:00,1404,15,36.90206,3714.023,56.94676,286.1256,503.571,1,1,2599.816,2599.499,1407.999,592.0012,2000,4,55.48504,97.33675,842.1795,504.9987,500,0,324.9685,0.1624843,0.1259371,0.3172331,0,250,0.3172331,1191.5,559.867,28.61326,1.46171,188.7889,0,620.3667,284.3151,336.0516,876.3163,0,2048.625,0,2.273737e-13,1.24345e-13,4.263256e-14
naive,2026-01-19 15:15:00,1405,15.25,37.14494,3730.729,65.38738,281.052,520.1751,1,1,2611.51,2611.193,1103.564,545.6994,1649.264,4,0,0,849.2637,800,0,161.4764,284.5483,0.1422741,0.2046279,0.3172331,0,250,0.3172331,1507.628,562.9264,45.07261,3.659174,181.3038,0,627.1552,362.0576,265.0976,907.757,0,2083.869,0,1.136868e-13,2.04281e-14,4.263256e-14
naive,2026-01-19 15:30:00,1406,15.5,37.4708,3709.366,67.8182,288.4974,535.3254,1,1,2596.556,2596.239,1094.808,541.8391,1636.647,4,0,0,836.6468,800,0,152.607,246.3517,0.1231759,0.1791759,0.3172331,0,250,0.3172331,1501.432,552.3823,44.72988,7.50541,196.2032,0,628.9784,363.7002,265.2783,905.5393,0,2112.155,0,-1.136868e-13,3.719247e-14,4.263256e-14
naive,2026-01-19 15:45:00,1407,15.75,37.46021,3692.052,76.86333,286.0513,537.1319,1,1,2584.437,2584.119,1099.754,544.0199,1643.774,4,0,0,843.7743,800,0,160.0996,206.288,0.103144,0.1551241,0.3172331,0,250,0.3172331,1484.365,557.1596,44.74102,9.176753,193.6383,0,625.8661,359.4647,266.4014,903.4845,0,2106.491,0,1.136868e-13,-7.047141e-14,4.263256e-14
naive,2026-01-19 16:00:00,1408,16,37.72547,3681.955,75.91235,286.3542,543.6797,1,1,2577.369,2577.051,1191.529,579.084,1770.613,4,45.34736,91.87949,833.386,800,0,25.02229,200,0.1,0.1298966,0.3172331,0,250,0.3172331,1385.523,548.5315,44.46203,5.542701,194.4747,0,628.5961,337.916,290.6801,917,0,2129.01,0,0,-1.498801e-15,4.263256e-14
naive,2026-01-19 16:15:00,1409,16.25,37.85318,3656.964,73.69636,282.4691,533.0166,1,1,2559.875,2559.558,1410.567,589.4334,2000,4,86.94194,91.20256,816.2871,505.5684,500,0,324.9685,0.1624843,0.1259371,0.3172331,0,250,0.3172331,1148.991,536.4431,28.01337,0,191.2666,0,626.476,281.1916,345.2844,870.625,0,2039.67,0,0,1.24345e-13,4.263256e-14
naive,2026-01-19 16:30:00,1410,16.5,38.08364,3606.047,97.71985,276.1758,552.5227,1,1,2524.233,2523.916,1061.881,527.3233,1589.204,4,0,0,789.2039,800,0,207.8059,272.9659,0.1364829,0.2046279,0.3172331,0,250,0.3172331,1462.035,517.1897,44.08533,0,185.0959,35.33299,621.6099,360.0363,261.5736,896.0605,0,2061.816,0,0,1.056932e-13,4.263256e-14
naive,2026-01-19 16:45:00,1411,16.75,38.10081,3644.863,126.8905,268.8696,557.139,1,1,2551.404,2551.087,1054.955,524.2701,1579.225,4,0,0,779.2251,800,0,226.5666,216.2813,0.1081406,0.1718826,0.3172331,0,250,0.3172331,1496.132,510.5432,44.06727,0,177.4964,46.59582,628.5933,368.6043,259.989,904.3543,0,2065.314,0,0,3.583245e-14,4.263256e-14
naive,2026-01-19 17:00:00,1412,17,38.05999,3648.112,152.2453,262.8846,526.39,1,1,2553.679,2553.361,1166.894,563.3254,1730.219,4,86.52308,88.59015,755.1058,800,0,64.98885,200,0.1,0.1361891,0.3172331,0,250,0.3172331,1386.468,494.9871,44.11021,0.7334116,174.2944,31.40294,628.4584,341.2087,287.2497,912.2623,0,2076.824,0,0,-2.19269e-15,4.263256e-14
naive,2026-01-19 17:15:00,1413,17.25,38.25903,3648.339,171.575,257.9436,499.7489,1,1,2553.838,2553.52,1418.624,581.3757,2000,4,179.2865,89.42303,734.1637,497.1267,500,0,324.9685,0.1624843,0.1259371,0.3172331,0,250,0.3172331,1134.896,480.0901,27.28037,0,168.5206,19.65883,631.9023,280.8101,351.0922,867.0501,0,1994.108,0,0,1.24345e-13,4.263256e-14
naive,2026-01-19 17:30:00,1414,17.5,38.32641,3631.567,195.0149,260.5008,456.687,1,1,2542.097,2541.78,1004,501.8068,1505.807,4,0,0,705.8073,800,0,293.8122,251.4643,0.1257321,0.2046279,0.3172331,0,250,0.3172331,1537.779,461.1665,43.83,0,172.8264,0,630.1529,381.1956,248.9574,883.0024,0,2014.822,0,-2.273737e-13,-7.993606e-15,4.263256e-14
naive,2026-01-19 17:45:00,1415,17.75,38.32832,3605.947,240.8568,266.7471,446.901,1,1,2524.163,2523.845,1067.61,526.3137,1593.924,4,29.71942,85.52399,678.6805,800,0,205.6989,200,0.1,0.1583434,0.3172331,0,250,0.3172331,1456.235,443.4318,43.82799,5.438557,181.2231,3.469205,625.7399,361.0007,264.7392,888.1744,0,2049.034,0,1.136868e-13,-5.606626e-15,4.263256e-14
naive,2026-01-19 18:00:00,1416,18,38.15953,3589.203,273.7652,0,416.2429,1,1,2512.442,2512.125,1420.798,579.2018,2000,4,271.2231,1.482007,624.6922,602.6027,500,0,324.9685,0.1624843,0.1259371,0.3172331,0,250,0.3172331,1091.327,409.0009,33.1473,2.542085,0,7.24208,619.9807,269.3003,350.6804,850.2893,0,1667.673,0,0,1.24345e-13,4.263256e-14
naive,2026-01-19 18:15:00,1417,18.25,38.29297,3575.985,314.6286,3.900115,401.1638,1,1,2503.19,2502.872,915.7826,462.9161,1378.699,3,0,0,578.6987,800,0,301.182,249.6219,0.1248109,0.2046279,0.3172331,0,250,0.3172331,1587.09,378.2701,43.86517,14.01325,3.33354,22.89376,619.9431,393.0607,226.8824,861.6466,0,1703.868,0,-2.273737e-13,-6.483702e-14,4.263256e-14
naive,2026-01-19 18:30:00,1418,18.5,38.19445,3563.91,329.379,4.504741,377.969,1,0,2494.737,2494.42,1003.866,485.2364,1489.102,3,138.7953,0.3480811,549.9586,800,0,198.3303,200,0.1,0.1571832,0.3172331,0,250,0.3172331,1490.554,359.9173,43.96879,0,4.15666,18.05163,616.1959,368.1644,248.0315,857.8596,0,1673.425,0,0,1.101896e-14,4.263256e-14
naive,2026-01-19 18:45:00,1419,18.75,38.09475,3581.175,355.4437,3.674609,347.3618,0,0,2506.823,2506.506,1427.747,572.2529,2000,4,364.2996,0.01221411,518.7606,616.9276,500,0,324.9685,0.1624843,0.1259371,0.3172331,0,250,0.3172331,1078.758,339.9138,33.98781,0,3.662395,7.448085,617.5082,265.7317,351.7766,0,839.8193,4587.087,0,0,1.24345e-13,4.263256e-14
naive,2026-01-19 19:00:00,1420,19,37.9185,3522.415,373.126,7.564518,313.663,0,0,2465.69,2465.373,831.4401,425.7338,1257.174,3,0,0,457.1738,800,0,381.0048,229.6662,0.1148331,0.2046279,0.3172331,0,250,0.3172331,1633.933,300.2041,44.25902,0,7.487725,13.45887,604.4891,400.5753,203.9138,0,829.6086,4525.972,0,0,-7.993606e-15,4.263256e-14
naive,2026-01-19 19:15:00,1421,19.25,37.81791,3462.47,386.7874,5.091321,286.4458,0,0,2423.729,2423.412,1033.191,481.3698,1514.561,4,279.9763,0.03546434,434.5491,800,0,118.52,200,0.1,0.1446174,0.3172331,0,250,0.3172331,1390.221,285.6972,44.36481,0,5.055857,0.7486109,592.5943,339.9047,252.6896,0,821.4575,4476.827,0,1.136868e-13,5.301315e-15,4.263256e-14
naive,2026-01-19 19:30:00,1422,19.5,37.77658,3435.168,399.0462,2.45496,246.2097,0,0,2404.618,2404.3,1426.103,573.8967,2000,4,396.6587,0.1787431,402.2025,700.9601,500,0,324.9685,0.1624843,0.1259371,0.3172331,0,250,0.3172331,978.1972,264.5637,38.91054,2.387508,2.276217,0,587.269,238.9007,348.3683,0,812.7974,4434.656,0,2.273737e-13,1.24345e-13,4.263256e-14
naive,2026-01-19 19:45:00,1423,19.75,37.63488,3438.284,415.0246,0,243.8592,0,0,2406.799,2406.482,765.4021,396.621,1162.023,3,0,0,362.0231,800,0,401.6175,224.513,0.1122565,0.2046279,0.3172331,0,250,0.3172331,1641.08,238.5446,44.55731,14.04802,0,5.314543,585.5727,399.2736,186.299,0,797.1877,4358.638,0,-1.136868e-13,-7.993606e-15,4.263256e-14
naive,2026-01-19 20:00:00,1424,20,37.47545,3426.992,387.44,0,217.6828,0,0,2398.895,2398.577,956.5327,447.256,1403.789,3,282.6579,0.160562,320.9702,800,0,97.91057,200,0.1,0.1413725,0.3172331,0,250,0.3172331,1442.045,211.9034,44.72499,6.87145,0,5.779371,581.1697,349.3579,231.8118,0,798.0141,4350.615,0,-5.684342e-14,-5.856426e-15,4.263256e-14
naive,2026-01-19 20:15:00,1425,20.25,37.24279,3360.763,365.6402,0,187.5407,0,0,2352.534,2352.217,1399.179,572.6595,1971.839,4,368.8837,1.922639,301.0324,800,500,0,324.9685,0.1624843,0.1259371,0.3172331,0,250,0.3172331,953.0376,199.3008,44.96969,0,0,0,566.4262,229.4655,336.9607,0,802.1251,4361.097,0,-2.273737e-13,1.24345e-13,4.263256e-14
naive,2026-01-19 20:30:00,1426,20.5,37.26017,3370.036,342.476,0,175.4179,0,0,2359.025,2358.708,704.9996,369.9926,1074.992,3,0,0,274.9921,800,0,338.5768,240.2732,0.1201366,0.2046279,0.3172331,0,250,0.3172331,1653.708,182.0224,44.95141,5.888956,0,0,568.2506,398.3513,169.8993,0,768.3438,4185.479,0,-5.684342e-14,-7.993606e-15,4.263256e-14
naive,2026-01-19 20:45:00,1427,20.75,37.27921,3397.43,307.4988,0,151.2874,0,0,2378.201,2377.883,804.3591,396.701,1201.06,3,143.6978,2.179787,255.1825,800,0,160.9414,200,0.1,0.1512965,0.3172331,0,250,0.3172331,1573.524,168.8712,44.93138,2.859628,0,0,573.159,379.2277,193.9313,0,775.9287,4221.993,0,-5.684342e-14,-1.129652e-14,4.263256e-14
naive,2026-01-19 21:00:00,1428,21,37.03789,3372.631,272.2897,0,134.3574,0,0,2360.842,2360.524,1260.478,523.4753,1783.953,4,268.3274,0.4420468,215.1839,800,500,0,324.9685,0.1624843,0.1259371,0.3172331,0,250,0.3172331,1100.046,142.8169,45.1852,3.96229,0,0,565.3583,263.4316,301.9267,0,786.907,4283.99,0,0,1.24345e-13,4.263256e-14
naive,2026-01-19 21:15:00,1429,21.25,36.71111,3376.547,226.856,0,120.7118,0,0,2363.583,2363.266,660.2135,350.2487,1010.462,3,0,0,210.4621,800,0,240.7561,264.7283,0.1323642,0.2046279,0.3172331,0,250,0.3172331,1703.052,140.2332,45.52888,0,0,0,561.1841,404.3547,156.8294,0,754.6033,4099.098,0,0,7.727152e-14,4.263256e-14
naive,2026-01-19 21:30:00,1430,21.5,36.52293,3365.075,194.0169,5.197901,115.3793,0,0,2355.552,2355.235,662.438,351.2294,1013.667,3,0,0,213.6674,800,0,213.0941,211.4131,0.1057066,0.1666956,0.3172331,0,250,0.3172331,1692.797,142.6906,45.7268,0,4.381028,0,556.5422,399.9542,156.588,0,751.1836,4087.624,0,0,4.274359e-15,4.263256e-14
naive,2026-01-19 21:45:00,1431,21.75,36.08446,3331.726,184.4567,0,117.134,0,0,2332.208,2331.891,752.2421,374.8402,1127.082,3,134.3255,0.8114698,191.9452,800,0,45.51939,200,0.1,0.1331237,0.3172331,0,250,0.3172331,1579.649,128.8575,46.18796,4.611742,0,0,544.8181,369.0156,175.8025,0,743.8558,4047.201,0,0,-5.273559e-16,4.263256e-14
naive,2026-01-19 22:00:00,1432,22,35.88018,3352.392,146.5633,4.296603,107.5528,0,0,2346.675,2346.357,1139.406,484.3868,1623.793,4,148.2349,0.9858982,174.5719,800,500,0,324.9685,0.1624843,0.1259371,0.3172331,0,250,0.3172331,1206.951,117.4796,46.40281,0,3.310705,0,545.3349,280.4789,264.856,0,764.8658,4160.269,0,1.136868e-13,1.24345e-13,4.263256e-14
naive,2026-01-19 22:15:00,1433,22.25,35.67184,3335.717,120.8975,2.730059,103.2548,0,0,2335.002,2334.685,621.8622,333.3415,955.2038,2,0,0,155.2038,800,0,129.833,292.4591,0.1462295,0.2046279,0.3172331,0,250,0.3172331,1712.822,104.7044,46.62193,0,1.470616,0,539.7478,395.9278,143.82,0,729.2693,3961.069,0,0,-3.641532e-14,4.263256e-14
naive,2026-01-19 22:30:00,1434,22.5,35.44349,3286.066,106.7703,0.9605235,106.5723,0,0,2300.246,2299.929,611.4601,328.7558,940.2159,2,0,0,140.2159,800,0,106.1231,265.8823,0.1329411,0.1841572,0.3172331,0,250,0.3172331,1688.469,94.84937,46.8621,2.143195,0,11.72293,528.6445,388.0453,140.5992,0,719.4953,3908.201,0,5.684342e-14,5.132006e-14,4.263256e-14
naive,2026-01-19 22:45:00,1435,22.75,35.39343,3305.48,93.15756,0.04735253,89.8504,0,0,2313.836,2313.518,602.1738,324.6619,926.8357,2,0,0,126.8357,800,0,88.71144,243.6626,0.1218313,0.1674222,0.3172331,0,250,0.3172331,1711.345,85.84908,46.91474,5.597607,0,4.001314,531.0955,392.8055,138.29,0,718.3859,3907.999,0,0,-1.51823e-14,4.263256e-14
naive,2026-01-19 23:00:00,1436,23,35.36791,3241.147,87.17865,0.2153298,64.48093,0,0,2268.803,2268.486,589.3014,318.9871,908.2886,2,0,0,108.2886,800,0,76.64432,224.4631,0.1122316,0.1534307,0.3172331,0,250,0.3172331,1679.184,73.31749,46.94158,11.88589,0,0,520.4238,385.1756,135.2482,0,704.1627,3840.589,0,5.684342e-14,-1.787459e-14,4.263256e-14
naive,2026-01-19 23:15:00,1437,23.25,35.15911,3294.117,78.28403,0,49.05885,0,0,2305.882,2305.565,586.4217,317.7176,904.1393,2,0,0,104.1393,800,0,67.69687,207.5036,0.1037518,0.1413411,0.3172331,0,250,0.3172331,1719.143,70.68216,47.16119,10.89431,0,0,526.157,392.2747,133.8823,0,709.9923,3870.694,0,0,4.851675e-14,4.263256e-14
naive,2026-01-19 23:30:00,1438,23.5,34.84508,3224.756,72.11256,0,43.40529,0,1,2257.329,2257.012,596.3507,319.3256,915.6763,2,23.27866,1.118136,91.27954,800,0,29.88361,200,0.1,0.130662,0.3172331,0,250,0.3172331,1660.661,62.18322,47.49147,18.95029,0,0,511.05,375.9669,135.0832,0,695.2925,3803.37,0,0,-8.326673e-16,4.263256e-14
naive,2026-01-19 23:45:00,1439,23.75,34.70962,3207.85,60.40676,0,30.64027,1,1,2245.495,2245.178,1004.632,436.6694,1441.302,3,49.90327,3.021023,88.37736,800,500,0,324.9685,0.1624843,0.1259371,0.3172331,0,250,0.3172331,1240.546,60.30191,47.63394,10.5035,0,0,506.6617,279.9102,226.7515,716.5796,0,1397.69,0,-1.705303e-13,1.24345e-13,4.263256e-14
naive,2026-01-20 00:00:00,1440,0,34.58759,3162.798,47.57565,0,52.02698,1,1,2213.959,2213.642,585.255,317.2033,902.4583,2,0,0,102.4583,800,0,56.88307,310.6966,0.1553483,0.2046279,0.3172331,0,250,0.3172331,1628.387,70.00965,47.76228,0,0,0,498.0376,366.3111,131.7265,683.5144,0,1313.296,0,-5.684342e-14,1.127987e-13,4.263256e-14
naive,2026-01-20 00:15:00,1441,0.25,34.16651,3189.786,45.49565,0,46.22192,1,1,2232.85,2232.533,572.6379,311.641,884.2789,2,0,0,84.27892,800,0,66.75374,293.9592,0.1469796,0.1956411,0.3172331,0,250,0.3172331,1659.895,57.87163,48.20515,0,0,0,497.1077,369.5486,127.5591,681.1896,0,1308.148,0,1.136868e-13,1.18433e-13,4.263256e-14
naive,2026-01-20 00:30:00,1442,0.5,33.81085,3231.304,59.37154,0,34.23327,1,1,2261.913,2261.596,564.7258,308.153,872.8788,2,0,0,72.87875,800,0,52.22802,280.856,0.140428,0.1851018,0.3172331,0,250,0.3172331,1696.87,50.25086,48.57922,9.972962,0,0,499.2296,374.5182,124.7113,682.6712,0,1327.894,0,0,-9.547918e-15,4.263256e-14
naive,2026-01-20 00:45:00,1443,0.75,33.52135,3194.339,56.23747,0,37.64831,1,1,2236.038,2235.72,572.6423,311.643,884.2852,2,0,0,84.28525,800,0,54.85626,267.0977,0.1335488,0.1768509,0.3172331,0,250,0.3172331,1663.078,58.311,48.8837,2.824168,0,0,490.0741,364.4981,125.576,676.1411,0,1302.16,0,0,1.249001e-15,4.263256e-14
naive,2026-01-20 01:00:00,1444,1,33.05824,3210.515,48.8666,0.3150514,35.24876,1,1,2247.36,2247.043,574.0795,312.2766,886.3561,2,0,0,86.35612,800,0,58.14622,252.5191,0.1262595,0.1681875,0.3172331,0,250,0.3172331,1672.964,60.06362,49.37077,0,0,0,487.1172,362.6162,124.501,674.8928,0,1294.243,0,0,4.546363e-14,4.263256e-14
naive,2026-01-20 01:15:00,1445,1.25,32.67517,3179.712,53.51743,0,50.72303,1,1,2225.799,2225.481,570.154,310.546,880.7,2,0,0,80.70002,800,0,65.33839,236.1447,0.1180724,0.1590076,0.3172331,0,250,0.3172331,1655.327,56.37692,49.77366,0,0,0,478.0771,355.5462,122.531,666.0922,0,1276.189,0,-5.684342e-14,2.775558e-14,4.263256e-14
naive,2026-01-20 01:30:00,1446,1.5,32.65375,3140.598,43.47326,0,45.6755,1,1,2198.418,2198.101,567.2919,309.2843,876.5761,2,0,0,76.57611,800,0,64.27007,220.04,0.11002,0.1486969,0.3172331,0,250,0.3172331,1630.809,53.50909,49.7962,0,0,0,471.9572,350.1027,121.8545,659.387,0,1262.753,0,0,-4.685141e-14,4.263256e-14
naive,2026-01-20 01:45:00,1447,1.75,32.26704,3159.555,41.62401,1.668357,23.93157,1,1,2211.689,2211.371,565.9585,308.6965,874.655,2,0,0,74.65498,800,0,49.46642,207.6388,0.1038194,0.138556,0.3172331,0,250,0.3172331,1645.413,52.39762,50.20291,0,0,0,470.5094,350.0412,120.4682,658.7377,0,1260.997,0,0,-5.423439e-14,4.263256e-14
naive,2026-01-20 02:00:00,1448,2,32.16169,3201.113,62.66412,1.561987,13.41376,1,1,2240.779,2240.462,580.7711,312.9739,893.745,2,18.9363,3.421745,71.38696,800,0,30.42446,200,0.1,0.1307471,0.3172331,0,250,0.3172331,1659.691,50.16408,50.31371,13.30336,0,0,475.5258,352.2104,123.3154,665.1844,0,1296.714,0,5.684342e-14,-9.15934e-16,4.263256e-14
naive,2026-01-20 02:15:00,1449,2.25,31.85406,3208.557,59.20128,0,25.8661,1,1,2245.99,2245.673,991.0146,429.8718,1420.886,3,56.58032,4.444519,59.86162,800,500,0,324.9685,0.1624843,0.1259371,0.3172331,0,250,0.3172331,1254.658,42.21247,50.63726,2.620962,0,0,473.2332,264.3583,208.875,694.2301,0,1336.014,0,5.684342e-14,1.24345e-13,4.263256e-14
naive,2026-01-20 02:30:00,1450,2.5,31.78943,3215.71,54.24127,5.169543,33.21552,1,1,2250.997,2250.68,557.8935,305.141,863.0345,2,0,0,63.03449,800,0,59.61213,310.0143,0.1550072,0.2046279,0.3172331,0,250,0.3172331,1692.787,44.48246,50.70523,0,2.716659,0,473.5789,356.139,117.4399,661.28,0,1270.203,0,5.684342e-14,2.753353e-14,4.263256e-14
naive,2026-01-20 02:45:00,1451,2.75,31.64931,3244.86,57.12329,7.676807,28.49757,1,1,2271.402,2271.084,558.6735,305.4849,864.1584,2,0,0,64.15836,800,0,62.30811,294.3885,0.1471942,0.1952115,0.3172331,0,250,0.3172331,1712.411,45.34748,50.8526,0,6.964538,0,476.3271,359.1032,117.2238,664.5881,0,1283.981,0,0,3.780309e-14,4.263256e-14
naive,2026-01-20 03:00:00,1452,3,31.59534,3253.954,73.71659,6.583924,23.47846,1,1,2277.768,2277.45,543.4949,298.7934,842.2883,2,0,0,42.28832,800,0,63.84362,278.3812,0.1391906,0.1853721,0.3172331,0,250,0.3172331,1733.955,29.90788,50.90937,10.80574,5.651157,0,477.068,363.169,113.899,661.9624,0,1295.04,0,5.684342e-14,-1.012246e-13,4.263256e-14
naive,2026-01-20 03:15:00,1453,3.25,31.26066,3276.751,75.26717,0.01144048,25.64068,1,1,2293.726,2293.408,541.8199,298.055,839.8749,2,0,0,39.87487,800,0,68.05986,261.3225,0.1306612,0.1752926,0.3172331,0,250,0.3172331,1751.588,28.30776,51.26137,7.945878,0,0,476.7344,364.0551,112.6793,662.1101,0,1280.258,0,0,-4.987677e-14,4.263256e-14
naive,2026-01-20 03:30:00,1454,3.5,31.15761,3296.969,72.92107,0.5006464,38.26148,1,1,2307.878,2307.561,537.7524,296.2618,834.0142,2,0,0,34.01424,800,0,65.77854,244.8367,0.1224183,0.1645509,0.3172331,0,250,0.3172331,1769.809,24.17526,51.36975,7.623479,0.01969378,14.08623,478.5485,366.9774,111.5711,666.1601,0,1287.714,0,0,3.455569e-14,4.263256e-14
naive,2026-01-20 03:45:00,1455,3.75,30.95915,3303.238,74.38512,0,35.73198,1,1,2312.266,2311.949,539.8238,297.175,836.9987,2,0,0,36.99875,800,0,63.07681,229.0289,0.1145145,0.1541701,0.3172331,0,250,0.3172331,1772.125,26.3552,51.57848,13.27265,0,9.376774,477.2979,365.802,111.4959,664.9125,0,1294.695,0,0,3.755329e-14,4.263256e-14
naive,2026-01-20 04:00:00,1456,4,30.94771,3310.654,87.12296,0,35.24228,1,1,2317.458,2317.141,538.5611,296.6183,835.1795,2,0,0,35.1795,800,0,73.82308,210.5371,0.1052686,0.1442162,0.3172331,0,250,0.3172331,1778.579,25.06252,51.59051,13.67648,0,10.17976,478.2453,367.0389,111.2064,665.758,0,1297.069,0,0,5.10425e-14,4.263256e-14
naive,2026-01-20 04:15:00,1457,4.25,30.94428,3322.274,104.0107,0,47.63251,1,1,2325.592,2325.274,569.8607,305.7701,875.6308,2,39.06032,0.4664373,36.10407,800,0,42.01591,200,0.1,0.1325721,0.3172331,0,250,0.3172331,1755.414,25.72219,51.59412,22.93445,0,21.91032,479.8864,362.2301,117.6564,672.5214,0,1326.561,0,0,-1.970646e-15,4.263256e-14
naive,2026-01-20 04:30:00,1458,4.5,30.8861,3312.43,108.9193,0,53.35817,1,1,2318.701,2318.384,1006.399,431.598,1437.997,3,99.08146,0.07559449,38.8397,800,500,0,324.9685,0.1624843,0.1259371,0.3172331,0,250,0.3172331,1311.985,27.68925,51.65531,9.837793,0,25.66891,477.8335,270.3714,207.4621,707.2592,0,1373.376,0,1.705303e-13,1.24345e-13,4.263256e-14
naive,2026-01-20 04:45:00,1459,4.75,30.80606,3302.206,126.0427,0,56.63764,1,1,2311.544,2311.227,540.8472,297.6261,838.4733,2,0,0,38.47329,800,0,113.8581,296.4528,0.1482264,0.2046279,0.3172331,0,250,0.3172331,1770.38,27.45267,51.73949,12.22436,0,29.18497,475.4959,364.1758,111.3202,667.8054,0,1298.491,0,0,6.306067e-14,4.263256e-14
naive,2026-01-20 05:00:00,1460,5,30.75786,3285.808,159.4408,0,31.19925,1,1,2300.066,2299.748,535.5287,295.2815,830.8102,2,0,0,30.81018,800,0,152.0062,258.4046,0.1292023,0.186672,0.3172331,0,250,0.3172331,1764.22,21.99653,51.79019,7.51188,0,9.20272,472.6193,362.5132,110.106,659.6857,0,1274.065,0,0,-1.080802e-13,4.263256e-14
naive,2026-01-20 05:15:00,1461,5.25,30.76024,3313.346,179.3049,1.149127,36.63786,1,1,2319.342,2319.025,542.0504,298.1566,840.207,2,0,0,40.20696,800,0,194.1297,209.8315,0.1049158,0.1627136,0.3172331,0,250,0.3172331,1776.974,28.70448,51.78768,0,0.8802128,7.933386,476.6059,365.1537,111.4521,664.9406,0,1273.138,0,0,-2.14273e-14,4.263256e-14
naive,2026-01-20 05:30:00,1462,5.5,30.682,3302.868,217.3878,0.7415693,38.81277,1,1,2312.008,2311.691,697.3066,343.0554,1040.362,3,197.9313,0.5092079,41.92143,800,0,39.19393,200,0.1,0.1321278,0.3172331,0,250,0.3172331,1614.384,29.95471,51.86997,0,0.2323615,8.858064,474.26,331.1571,143.1029,676.0295,0,1294.106,0,5.684342e-14,-9.15934e-16,4.263256e-14
naive,2026-01-20 05:45:00,1463,5.75,30.63117,3338.831,280.0869,0.520128,25.94574,1,1,2337.182,2336.864,1152.326,474.6209,1626.947,4,278.2091,0.8952566,47.84224,800,500,0,324.9685,0.1624843,0.1259371,0.3172331,0,250,0.3172331,1184.539,34.20484,51.92343,1.877845,0,0,478.8746,242.705,236.1697,717.3259,0,1379.477,0,5.684342e-14,1.24345e-13,4.263256e-14
naive,2026-01-20 06:00:00,1464,6,30.57184,3375.643,331.007,1.055495,44.31832,1,1,2362.95,2362.633,544.4495,299.2142,843.6637,2,0,0,43.66367,800,0,320.0222,244.9118,0.1224559,0.2046279,0.3172331,0,250,0.3172331,1818.183,31.2381,51.98583,11.98962,0.05061458,13.08023,483.5078,372.0374,111.4704,673.9281,0,1310.142,0,5.684342e-14,4.884981e-14,4.263256e-14
naive,2026-01-20 06:15:00,1465,6.25,30.47833,3374.473,376.9674,0,39.82563,1,1,2362.131,2361.814,682.3016,339.0455,1021.347,3,176.0327,0.3912026,44.92321,800,0,179.493,200,0.1,0.1542174,0.3172331,0,250,0.3172331,1679.512,32.1728,52.08417,21.44167,0,7.652831,482.3251,342.9407,139.3844,683.5489,0,1345.49,0,-5.684342e-14,-7.022161e-15,4.263256e-14
naive,2026-01-20 06:30:00,1466,6.5,30.67152,3376.417,414.4128,5.10261,48.0788,1,1,2363.492,2363.175,1245.126,501.796,1746.922,4,393.6777,4.562248,48.68243,800,500,0,324.9685,0.1624843,0.1259371,0.3172331,0,250,0.3172331,1118.048,34.78982,51.88099,20.73511,0.5403623,13.28899,484.7063,229.29,255.4163,733.8113,0,1445.957,0,5.684342e-14,1.24345e-13,4.263256e-14
naive,2026-01-20 06:45:00,1467,6.75,30.57716,3420.266,454.0721,7.579564,22.76366,1,1,2394.186,2393.869,545.5379,299.6941,845.232,2,0,0,45.232,800,0,423.5874,219.0205,0.1095103,0.2046279,0.3172331,0,250,0.3172331,1848.331,32.35819,51.98024,32.69546,5.368814,0,489.958,378.2515,111.7065,677.9456,0,1363.074,0,5.684342e-14,-7.993606e-15,4.263256e-14
naive,2026-01-20 07:00:00,1468,7,30.83632,3426.92,461.3976,0,24.2988,1,1,2398.844,2398.527,827.71,381.7195,1209.429,3,356.1723,1.196241,52.06089,800,0,75.94409,200,0.1,0.137914,0.3172331,0,250,0.3172331,1570.817,37.13552,51.70767,29.28122,0,0,493.792,323.346,170.4459,705.0655,0,1402.47,0,-1.705303e-13,-1.998401e-15,4.263256e-14
naive,2026-01-20 07:15:00,1469,7.25,31.03321,3480.117,442.939,0,10.28518,1,1,2436.082,2435.765,1271.036,510.9357,1781.971,4,412.8631,0.9084766,68.19967,800,500,0,324.9685,0.1624843,0.1259371,0.3172331,0,250,0.3172331,1164.729,48.54004,51.50058,30.07588,0,0,503.703,240.8284,262.8746,751.7641,0,1497.471,0,2.273737e-13,1.24345e-13,4.263256e-14
naive,2026-01-20 07:30:00,1470,7.5,30.93521,3445.35,425.6198,0,21.20504,1,1,2411.745,2411.428,566.1882,308.7977,874.9859,2,0,0,74.9859,800,0,389.3045,227.5912,0.1137956,0.2046279,0.3172331,0,250,0.3172331,1845.239,53.42883,51.60365,37.39152,0,0,497.5618,380.6873,116.8745,689.485,0,1385.416,0,0,-7.993606e-15,4.263256e-14
naive,2026-01-20 07:45:00,1471,7.75,30.83959,3412.768,401.6394,0,35.86052,1,1,2388.938,2388.621,771.7423,368.3624,1140.105,3,261.0452,0.05143179,79.00801,800,0,110.2216,200,0.1,0.1433109,0.3172331,0,250,0.3172331,1616.878,56.35509,51.70422,30.3725,0,0,491.7893,332.8523,158.937,701.2147,0,1396.655,0,-1.136868e-13,-3.608225e-16,4.263256e-14
naive,2026-01-20 08:00:00,1472,8,30.99873,3434.433,347.7561,261.4023,55.06456,1,1,2404.103,2403.786,1348.021,554.7944,1902.815,4,329.4751,183.7632,89.57709,800,500,0,324.9685,0.1624843,0.1259371,0.3172331,0,250,0.3172331,1055.765,63.77979,51.53685,18.28103,77.63909,0,496.7011,218.1269,278.5742,772.9214,0,1653.326,0,0,1.24345e-13,4.263256e-14
naive,2026-01-20 08:15:00,1473,8.25,31.03209,3455.28,312.9672,267.8635,72.59955,1,1,2418.696,2418.378,579.9025,314.8436,894.7462,2,0,0,94.74615,800,0,470.2828,207.3467,0.1036733,0.2046279,0.3172331,0,250,0.3172331,1838.476,67.43494,51.50176,27.03832,83.50956,5.164614,500.0953,380.1276,119.9676,696.0391,0,1524.834,0,-1.136868e-13,-7.993606e-15,4.263256e-14
naive,2026-01-20 08:30:00,1474,8.5,31.23422,3461.597,271.2208,265.8478,76.43826,1,1,2423.118,2422.8,886.3012,424.9168,1311.218,3,210.1767,188.7271,112.3143,800,0,29.25608,200,0.1,0.1305632,0.3172331,0,250,0.3172331,1536.499,79.75734,51.28918,31.78801,77.12075,0,503.3234,319.1574,184.166,744.0743,0,1618.316,0,-1.136868e-13,4.440892e-16,4.263256e-14
naive,2026-01-20 08:45:00,1475,8.75,31.55164,3440.476,215.8963,274.7778,79.68527,1,1,2408.333,2408.016,1276.565,537.6626,1814.228,4,208.6815,191.4595,114.0866,800,500,0,324.9685,0.1624843,0.1259371,0.3172331,0,250,0.3172331,1131.451,80.72618,50.95533,7.21481,83.31833,0,503.9071,236.7389,267.1682,774.4015,0,1647.648,0,0,1.24345e-13,4.263256e-14
naive,2026-01-20 09:00:00,1476,9,31.80276,3466.636,168.3707,278.9433,72.83083,1,1,2426.645,2426.328,617.4124,331.3798,948.7922,2,0,0,148.7922,800,0,355.0613,236.152,0.118076,0.2046279,0.3172331,0,250,0.3172331,1808.916,104.9845,50.69121,4.457342,87.79539,0,510.6904,380.6885,130.0019,712.0683,0,1526.245,0,-5.684342e-14,4.884981e-14,4.263256e-14
naive,2026-01-20 09:15:00,1477,9.25,31.99037,3480.748,131.0584,289.1461,90.19776,1,1,2436.524,2436.207,750.1276,389.8872,1140.015,3,0,182.4086,157.6062,800,0,144.4594,200,0.1,0.1487015,0.3172331,0,250,0.3172331,1686.079,110.9669,50.49389,0,96.95507,0,515.006,356.3851,158.6209,746.2723,0,1602.987,0,1.705303e-13,8.798517e-15,4.263256e-14
naive,2026-01-20 09:30:00,1478,9.5,32.19215,3521.334,103.0176,288.2779,106.9855,1,1,2464.934,2464.617,1241.9,533.9015,1775.801,4,111.833,193.9365,170.0317,800,500,0,324.9685,0.1624843,0.1259371,0.3172331,0,250,0.3172331,1222.717,119.4409,50.28167,0,94.34138,0,523.4669,259.6629,263.804,793.5644,0,1693.301,0,0,1.24345e-13,4.263256e-14
naive,2026-01-20 09:45:00,1479,9.75,32.61425,3549.61,83.16835,285.7844,129.8546,1,1,2484.727,2484.41,655.3588,348.1085,1003.467,3,0,0,203.4674,800,0,283.892,253.9443,0.1269722,0.2046279,0.3172331,0,250,0.3172331,1829.051,142.2412,49.83774,0,92.28948,0,532.925,392.2954,140.6296,740.4039,0,1583.94,0,0,-7.993606e-15,4.263256e-14
naive,2026-01-20 10:00:00,1480,10,32.80705,3549.776,74.53913,282.1921,141.8638,1,1,2484.843,2484.526,708.7348,371.6393,1080.374,3,0,63.29618,217.0779,800,0,215.6175,200,0.1,0.159905,0.3172331,0,250,0.3172331,1775.791,151.4213,49.63496,0,85.45099,0,535.3853,382.6126,152.7726,754.2519,0,1600.067,0,-1.136868e-13,-9.048318e-15,4.263256e-14
naive,2026-01-20 10:15:00,1481,10.25,33.27522,3562.994,59.36902,281.5854,156.5207,1,1,2494.096,2493.778,1258.185,545.7523,1803.937,4,72.5627,196.3586,235.0157,800,500,0,324.9685,0.1624843,0.1259371,0.3172331,0,250,0.3172331,1235.594,163.0534,49.14256,0,85.22679,0,543.4085,269.2086,274.1998,814.9609,0,1721.653,0,0,1.24345e-13,4.263256e-14
naive,2026-01-20 10:30:00,1482,10.5,33.78518,3608.606,59.66432,284.5556,176.5449,1,1,2526.024,2525.707,690.6882,363.6834,1054.372,3,0,0,254.3716,800,0,265.2151,258.6136,0.1293068,0.2046279,0.3172331,0,250,0.3172331,1835.019,175.4448,48.60622,0,86.73125,1.100086,557.1747,404.757,152.4177,768.6831,0,1632.296,0,0,-7.993606e-15,4.263256e-14
naive,2026-01-20 10:45:00,1483,10.75,33.98857,3621.503,53.73412,291.6996,196.6709,0,1,2535.052,2534.735,713.879,373.907,1087.786,3,0,25.81832,261.9677,800,0,234.2914,200,0.1,0.1628452,0.3172331,0,250,0.3172331,1820.856,180.2577,48.3923,0,88.94909,16.41322,561.9391,403.6249,158.3142,0,781.1702,4395.432,0,0,8.881784e-16,4.263256e-14
naive,2026-01-20 11:00:00,1484,11,34.28105,3619.958,43.33637,292.9602,216.4661,0,0,2533.971,2533.653,1283.599,559.2558,1842.855,4,53.23212,202.0156,287.6073,800,500,0,324.9685,0.1624843,0.1259371,0.3172331,0,250,0.3172331,1250.054,197.2272,48.08469,0,90.9446,19.23887,565.734,279.087,286.6471,0,842.638,4737.293,0,1.136868e-13,1.24345e-13,4.263256e-14
naive,2026-01-20 11:15:00,1485,11.25,34.7569,3630.866,51.29144,295.1796,247.9772,0,0,2541.606,2541.289,740.5684,385.6731,1126.241,3,0,0,326.2415,800,0,253.7546,261.4787,0.1307394,0.2046279,0.3172331,0,250,0.3172331,1800.72,222.4787,47.58421,0.1204376,92.596,25.49856,574.1484,406.7824,167.3659,0,798.2156,4496.59,0,0,4.884981e-14,4.263256e-14
naive,2026-01-20 11:30:00,1486,11.5,34.92314,3697.937,59.60947,295.8454,272.3969,0,0,2588.556,2588.238,774.8214,400.7735,1175.595,3,0,14.03628,361.5586,800,0,245.7502,200,0.1,0.1646493,0.3172331,0,250,0.3172331,1813.417,246.0821,47.40937,3.142578,92.52576,26.31473,587.1799,411.3499,175.83,0,818.0925,4611.201,0,-1.136868e-13,-3.924638e-14,4.263256e-14
naive,2026-01-20 11:45:00,1487,11.75,35.2351,3764.796,67.35308,299.5497,315.3612,0,0,2635.357,2635.04,1378.627,600.5919,1979.218,4,57.91074,206.8759,414.4318,800,500,0,324.9685,0.1624843,0.1259371,0.3172331,0,250,0.3172331,1256.413,281.0341,47.08126,9.442331,92.67385,34.32705,602.4859,287.2367,315.2492,0,895.6763,5049.404,0,0,1.24345e-13,4.263256e-14
naive,2026-01-20 12:00:00,1488,12,35.62507,3777.443,59.03331,301.9496,335.2867,0,0,2644.21,2643.893,827.5321,424.0109,1251.543,3,0,0,451.5431,800,0,257.3929,260.5691,0.1302846,0.2046279,0.3172331,0,250,0.3172331,1816.361,304.7913,46.67112,6.048197,97.5418,30.4954,610.4969,419.3625,191.1344,0,850.4143,4803.466,0,-5.684342e-14,-6.483702e-14,4.263256e-14
naive,2026-01-20 12:15:00,1489,12.25,35.74427,3794.924,62.78938,298.731,364.5552,0,0,2656.446,2656.129,851.2062,434.4476,1285.654,3,0,9.371802,476.282,800,0,242.1125,200,0.1,0.1640766,0.3172331,0,250,0.3172331,1804.923,321.0359,46.54575,12.75945,97.27664,43.51935,615.1844,417.9872,197.1972,0,862.5131,4881.27,0,1.136868e-13,8.076873e-15,4.263256e-14
naive,2026-01-20 12:30:00,1490,12.5,36.04248,3803.238,60.05824,301.7961,393.1502,0,0,2662.267,2661.95,1393.692,606.3085,2000,4,36.74812,203.7893,505.9844,753.4782,500,0,324.9685,0.1624843,0.1259371,0.3172331,0,250,0.3172331,1268.258,339.8496,43.54361,23.31012,98.00688,53.3006,621.2517,295.9536,325.2981,0,914.7,5191.135,0,2.273737e-13,1.24345e-13,4.263256e-14
naive,2026-01-20 12:45:00,1491,12.75,36.30516,3805.889,60.26101,303.5671,425.7293,0,0,2664.122,2663.805,894.9989,453.7536,1348.752,3,0,0,548.7525,800,0,241.0557,264.6534,0.1323267,0.2046279,0.3172331,0,250,0.3172331,1768.806,367.422,45.95584,27.92141,94.85101,58.30727,625.9049,415.5607,210.3442,0,883.0129,5016.653,0,5.684342e-14,4.884981e-14,4.263256e-14
naive,2026-01-20 13:00:00,1492,13,36.47849,3746.644,68.88999,304.8761,454.1729,0,0,2622.651,2622.334,909.7435,460.2537,1369.997,3,0,0,569.9972,800,0,243.8823,203.6412,0.1018206,0.1666484,0.3172331,0,250,0.3172331,1712.59,380.8562,45.77353,30.63382,99.24993,73.31668,618.9343,404.1639,214.7704,0,881.7201,5022.015,0,0,2.597922e-14,4.263256e-14
naive,2026-01-20 13:15:00,1493,13.25,36.91092,3810.534,58.85426,300.9091,498.1792,0,0,2667.374,2667.057,1107.673,544.1174,1651.791,4,28.5257,203.1509,620.1139,800,0,14.43655,200,0.1,0.1282299,0.3172331,0,250,0.3172331,1559.384,412.1976,45.31873,15.89201,97.75829,85.9816,636.6353,372.1858,264.4495,0,936.8249,5297.6,0,0,-5.273559e-16,4.263256e-14
naive,2026-01-20 13:30:00,1494,13.5,37.11864,3797.119,58.93918,296.5293,527.591,0,0,2657.984,2657.666,1402.791,597.2094,2000,4,44.40738,206.8592,660.127,588.6064,500,0,324.9685,0.1624843,0.1259371,0.3172331,0,250,0.3172331,1254.876,437.6977,33.18288,14.5318,89.67014,89.89322,637.8728,301.1498,336.7231,0,919.9321,5202.044,0,2.273737e-13,1.24345e-13,4.263256e-14
naive,2026-01-20 13:45:00,1495,13.75,37.62705,3801.869,56.95483,296.2216,556.7263,1,0,2661.308,2660.991,998.0756,499.1949,1497.27,3,0,0,697.2704,800,0,249.7976,262.468,0.131234,0.2046279,0.3172331,0,250,0.3172331,1662.915,459.4898,44.56555,15.42864,87.95019,97.23651,647.3588,404.5014,242.8574,927.3489,0,1982.89,0,0,-7.993606e-15,4.263256e-14
naive,2026-01-20 14:00:00,1496,14,37.92199,3808.972,68.32465,297.5357,577.2279,1,1,2666.28,2665.963,1013.059,505.8004,1518.86,4,0,0,718.8598,800,0,247.1937,200.6282,0.1003141,0.1652722,0.3172331,0,250,0.3172331,1652.904,472.0206,44.25534,27.66067,91.00606,105.2073,653.7275,405.2644,248.463,936.8599,0,2028.633,0,5.684342e-14,2.545186e-14,4.263256e-14
naive,2026-01-20 14:15:00,1497,14.25,38.02413,3775.543,70.46166,296.7894,592.2224,1,1,2642.88,2642.563,1216.434,591.1385,1807.572,4,36.30937,205.3477,765.9152,800,0,2.386563,200,0.1,0.1263327,0.3172331,0,250,0.3172331,1426.129,502.2925,44.14792,31.76573,91.44172,89.9299,649.7801,350.6289,299.1511,963.8777,0,2090.622,0,-1.136868e-13,-1.665335e-16,4.263256e-14
naive,2026-01-20 14:30:00,1498,14.5,38.24026,3731.211,67.77591,294.0934,602.5291,1,1,2611.848,2611.53,1408.119,591.881,2000,4,45.29716,202.8264,765.5982,486.2782,500,0,324.9685,0.1624843,0.1259371,0.3172331,0,250,0.3172331,1203.411,500.7609,26.69704,22.47875,91.26699,101.7682,645.926,297.6111,348.315,914.66,0,1995.497,0,0,1.24345e-13,4.263256e-14
naive,2026-01-20 14:45:00,1499,14.75,38.31257,3746.275,62.98351,296.8917,605.2832,1,1,2622.393,2622.075,1066.271,529.2586,1595.529,4,0,0,795.5292,800,0,250.5742,262.2738,0.1311369,0.2046279,0.3172331,0,250,0.3172331,1555.805,519.8779,43.84456,14.01258,95.28837,85.40528,649.8119,385.5184,264.2936,935.9398,0,2011.099,0,1.136868e-13,1.056932e-13,4.263256e-14
naive,2026-01-20 15:00:00,1500,15,38.57597,3748.398,69.39759,300.3055,600.8363,1,1,2623.879,2623.561,1071.145,531.4073,1602.552,4,0,6.766559,795.7855,800,0,248.9301,200,0.1,0.16515,0.3172331,0,250,0.3172331,1552.417,518.3685,43.56753,13.04702,100.9595,82.46783,654.8819,387.4606,267.4213,939.4507,0,2026.549,0,-1.136868e-13,1.39333e-14,4.263256e-14
naive,2026-01-20 15:15:00,1501,15.25,38.80413,3755.615,67.59571,300.9696,606.558,1,1,2628.931,2628.613,1412.808,587.1917,2000,4,63.73717,197.6606,813.9913,424.6109,500,0,324.9685,0.1624843,0.1259371,0.3172331,0,250,0.3172331,1215.805,528.7418,22.99669,3.858543,103.309,77.81612,660.2789,305.3601,354.9188,912.096,0,1983.185,0,-2.273737e-13,1.24345e-13,4.263256e-14
naive,2026-01-20 15:30:00,1502,15.5,38.78099,3783.763,78.10845,295.7503,600.5114,1,1,2648.634,2648.317,1085.205,537.6056,1622.81,4,0,0,822.8102,800,0,262.6626,259.2517,0.1296259,0.2046279,0.3172331,0,250,0.3172331,1563.112,534.6226,43.3519,13.7982,97.39798,65.88875,664.8025,392.3384,272.4641,946.482,0,2036.006,0,0,-7.993606e-15,4.263256e-14
naive,2026-01-20 15:45:00,1503,15.75,38.84436,3733.15,74.42101,290.4572,596.0909,1,1,2613.205,2612.888,1111.146,549.0417,1660.187,4,0,32.89415,827.2932,800,0,236.8436,200,0.1,0.163247,0.3172331,0,250,0.3172331,1501.742,537.1161,43.28525,1.783386,93.35715,58.97484,657.0595,377.5953,279.4642,941.4655,0,1998.353,0,-1.136868e-13,-1.107447e-14,4.263256e-14
naive,2026-01-20 16:00:00,1504,16,39.00658,3697.668,79.90342,291.1515,573.0511,1,1,2588.367,2588.05,1414.853,585.1474,2000,4,73.23444,197.0577,829.638,400.0699,500,0,324.9685,0.1624843,0.1259371,0.3172331,0,250,0.3172331,1173.198,537.5617,21.56108,6.668981,94.09379,35.48935,653.7476,296.3162,357.4315,890.4271,0,1930.414,0,2.273737e-13,1.24345e-13,4.263256e-14
naive,2026-01-20 16:15:00,1505,16.25,39.09925,3693.497,88.26439,286.8271,580.6036,1,1,2585.448,2585.13,1078.937,534.8424,1613.779,4,0,0,813.7791,800,0,274.259,256.3526,0.1281763,0.2046279,0.3172331,0,250,0.3172331,1506.194,526.6827,43.01717,8.627721,92.20472,53.92086,654.6957,381.4034,273.2923,929.8999,0,1985.341,0,2.273737e-13,4.884981e-14,4.263256e-14
naive,2026-01-20 16:30:00,1506,16.5,39.0433,3705.389,101.4748,281.9734,574.3189,1,1,2593.772,2593.455,1132.616,558.507,1691.123,4,0,72.16405,818.9594,800,0,225.249,200,0.1,0.1614215,0.3172331,0,250,0.3172331,1460.839,530.402,43.07602,0,90.86434,43.91694,655.7817,369.3429,286.4388,938.9534,0,1986.187,0,-2.273737e-13,4.662937e-15,4.263256e-14
naive,2026-01-20 16:45:00,1507,16.75,39.2365,3714.953,121.5934,283.4299,586.1745,1,1,2600.467,2600.15,1421.485,578.5153,2000,4,130.6752,187.2917,818.7609,363.2722,500,0,324.9685,0.1624843,0.1259371,0.3172331,0,250,0.3172331,1178.665,529.008,19.46812,0,96.13828,57.16652,661.0263,299.6111,361.4152,892.6578,0,1929.252,0,0,1.24345e-13,4.263256e-14
naive,2026-01-20 17:00:00,1508,17,39.44552,3664.661,152.6127,286.9666,557.0403,1,1,2565.262,2564.945,1056.584,524.9881,1581.572,4,0,0,781.5717,800,0,334.6555,241.2535,0.1206267,0.2046279,0.3172331,0,250,0.3172331,1508.362,503.6728,42.65298,0.6987765,104.225,53.36752,655.9109,385.6723,270.2385,924.3059,0,1981.621,0,-1.136868e-13,-7.993606e-15,4.263256e-14
naive,2026-01-20 17:15:00,1509,17.25,39.27179,3634.106,190.6397,287.2994,520.6876,1,1,2543.874,2543.557,1168.547,573.1329,1741.68,4,10.20619,180.4849,750.9888,800,0,164.8621,200,0.1,0.1519138,0.3172331,0,250,0.3172331,1375.01,485.0078,42.8357,15.57145,106.8145,35.67977,647.2792,349.8661,297.4131,932.0776,0,2027.081,0,-1.136868e-13,6.994405e-15,4.263256e-14
naive,2026-01-20 17:30:00,1510,17.5,39.46068,3599.572,212.9537,281.5966,482.5682,1,1,2519.701,2519.383,1424.482,575.5177,2000,4,200.0724,181.0881,702.3681,416.4715,500,0,324.9685,0.1624843,0.1259371,0.3172331,0,250,0.3172331,1094.901,452.5459,22.19638,12.88133,100.5086,30.02227,644.536,280.0742,364.4618,863.2715,0,1897.17,0,2.273737e-13,1.24345e-13,4.263256e-14
naive,2026-01-20 17:45:00,1511,17.75,39.18117,3558.279,241.1202,281.16,463.0315,1,1,2490.795,2490.478,987.3664,494.4737,1481.84,3,0,0,681.8402,800,0,421.9483,219.4303,0.1097151,0.2046279,0.3172331,0,250,0.3172331,1503.112,440.8442,42.93101,2.707786,97.62418,22.18731,632.1701,381.4935,250.6766,881.5985,0,1887.972,0,0,-7.993606e-15,4.263256e-14
naive,2026-01-20 18:00:00,1512,18,39.13081,3554.758,272.0767,10.58163,448.581,1,1,2488.331,2488.014,1103.81,522.6071,1626.417,4,195.0322,0.6643372,630.7209,800,0,77.58298,200,0.1,0.138172,0.3172331,0,250,0.3172331,1384.203,408.0471,42.98398,0,9.917296,40.53392,630.6579,350.821,279.8369,883.7012,0,1736.153,0,0,-5.162537e-15,4.263256e-14
naive,2026-01-20 18:15:00,1513,18.25,38.99605,3504.894,301.8886,7.887482,424.9674,1,1,2453.426,2453.108,1424.484,575.5155,2000,4,308.4574,2.389449,598.4717,590.6815,500,0,324.9685,0.1624843,0.1259371,0.3172331,0,250,0.3172331,1028.624,387.8285,31.84194,0,5.498034,37.13882,619.484,259.725,359.759,844.618,0,1662.898,0,0,1.24345e-13,4.263256e-14
naive,2026-01-20 18:30:00,1514,18.5,38.85982,3509.919,344.0762,3.614244,378.9953,0,0,2456.944,2456.626,906.5236,458.8342,1365.358,3,0,0,565.3578,800,0,335.7218,240.9869,0.1204934,0.2046279,0.3172331,0,250,0.3172331,1550.103,366.9859,43.26899,10.97674,0.9918291,12.00941,618.0337,389.9218,228.112,0,851.7769,4656.741,0,0,-7.993606e-15,4.263256e-14
naive,2026-01-20 18:45:00,1515,18.75,38.80153,3472.87,371.2657,4.112825,343.4682,0,0,2431.009,2430.692,1032.066,490.8894,1522.956,4,195.7846,2.027142,525.144,800,0,163.7959,200,0.1,0.1517459,0.3172331,0,250,0.3172331,1398.626,341.1271,43.3303,11.68524,2.085683,2.341096,610.5253,351.2518,259.2735,0,842.7291,4610.018,0,0,3.941292e-15,4.263256e-14
naive,2026-01-20 19:00:00,1516,19,38.55501,3510.55,377.274,5.875834,325.4557,0,0,2457.385,2457.068,1427.029,572.9713,2000,4,376.7488,4.193857,468.127,650.9304,500,0,324.9685,0.1624843,0.1259371,0.3172331,0,250,0.3172331,1030.039,305.0128,35.46722,0.5252892,1.681977,20.44289,612.9749,256.935,356.0399,0,835.0056,4556.438,0,0,1.24345e-13,4.263256e-14
naive,2026-01-20 19:15:00,1517,19.25,38.43001,3474.295,389.6148,4.959733,310.4799,0,0,2432.006,2431.689,816.168,419.0011,1235.169,3,0,0,435.1691,800,0,395.0155,226.1635,0.1130817,0.2046279,0.3172331,0,250,0.3172331,1615.521,283.9739,43.72103,0,2.143499,26.50605,604.5709,401.6013,202.9695,0,827.1915,4504.065,0,5.684342e-14,-7.993606e-15,4.263256e-14
naive,2026-01-20 19:30:00,1518,19.5,38.51729,3480.393,384.0076,1.444859,284.0763,0,0,2436.275,2435.958,1011.654,470.2681,1481.922,3,293.4851,1.425727,387.0109,800,0,104.5115,200,0.1,0.1424118,0.3172331,0,250,0.3172331,1424.304,252.2776,43.62925,0,0.01913173,31.79871,607.0808,354.9139,252.167,0,833.1057,4533.031,0,-1.136868e-13,4.191092e-15,4.263256e-14
naive,2026-01-20 19:45:00,1519,19.75,38.42997,3487.014,396.5003,0,252.7686,0,0,2440.91,2440.593,1425.868,574.1316,2000,4,408.6511,0.2803465,366.2528,724.8158,500,0,324.9685,0.1624843,0.1259371,0.3172331,0,250,0.3172331,1014.724,239.002,39.61216,0,0,13.76656,606.7834,252.2494,354.5341,0,829.8032,4519.354,0,0,1.24345e-13,4.263256e-14
naive,2026-01-20 20:00:00,1520,20,38.45929,3449.388,379.3107,0,223.6118,0,0,2414.571,2414.254,739.9302,385.3917,1125.322,3,0,0,325.3219,800,0,384.3364,228.8332,0.1144166,0.2046279,0.3172331,0,250,0.3172331,1674.324,212.2158,43.69024,0,0,11.39594,600.7177,416.5526,184.1651,0,804.7795,4377.136,0,5.684342e-14,-6.483702e-14,4.263256e-14
naive,2026-01-20 20:15:00,1521,20.25,38.39287,3441.343,349.1645,3.013759,210.4827,0,0,2408.94,2408.623,912.3327,431.4208,1343.754,3,251.9722,0.8695296,290.9118,800,0,115.1889,200,0.1,0.1440929,0.3172331,0,250,0.3172331,1496.29,189.9239,43.7601,0,2.144229,20.55888,598.2291,371.5843,226.6448,0,808.1106,4399.077,0,1.136868e-13,-1.471046e-15,4.263256e-14
naive,2026-01-20 20:30:00,1522,20.5,37.99511,3429.512,322.9891,0,199.7431,0,0,2400.659,2400.341,1353.831,556.1169,1909.948,4,339.8883,0.8926746,269.1666,800,500,0,324.9685,0.1624843,0.1259371,0.3172331,0,250,0.3172331,1046.511,176.5839,44.17845,0,0,23.15928,589.7644,257.0939,332.6705,0,818.9003,4454.251,0,-1.136868e-13,1.24345e-13,4.263256e-14
naive,2026-01-20 20:45:00,1523,20.75,38.02147,3388.758,292.4551,0,183.3951,0,0,2372.131,2371.813,681.0813,359.4482,1040.53,3,0,0,240.5296,800,0,307.211,248.1146,0.1240573,0.2046279,0.3172331,0,250,0.3172331,1690.732,157.7461,44.15072,0,0,25.64897,583.1715,415.6545,167.517,0,781.4083,4248.076,0,5.684342e-14,-6.483702e-14,4.263256e-14
naive,2026-01-20 21:00:00,1524,21,37.91594,3367.523,265.5975,0,179.4234,0,0,2357.266,2356.949,719.3518,367.0053,1086.357,3,78.29958,0.1801783,207.8773,800,0,192.3022,200,0.1,0.1562341,0.3172331,0,250,0.3172331,1637.597,136.5073,44.26171,0,0,42.91608,577.8679,401.4459,176.422,0,778.9718,4234.55,0,-1.136868e-13,1.354472e-14,4.263256e-14
naive,2026-01-20 21:15:00,1525,21.25,37.77352,3410.619,227.0114,0,146.1952,0,0,2387.433,2387.116,1218.299,509.1187,1727.417,4,232.7006,0.482285,194.2345,800,500,0,324.9685,0.1624843,0.1259371,0.3172331,0,250,0.3172331,1168.817,127.7698,44.4115,0,0,18.42548,583.0242,285.4315,297.5927,0,799.0498,4344.811,0,-1.705303e-13,1.24345e-13,4.263256e-14
naive,2026-01-20 21:30:00,1526,21.5,37.48893,3398.528,186.0106,0,119.6444,0,0,2378.97,2378.652,646.7986,344.3347,991.1334,2,0,0,191.1334,800,0,205.5514,273.5295,0.1367647,0.2046279,0.3172331,0,250,0.3172331,1731.854,126.165,44.71081,0,0,0,576.5498,419.7195,156.8303,0,764.0542,4151.999,0,0,-9.325873e-14,4.263256e-14
naive,2026-01-20 21:45:00,1527,21.75,37.17822,3392.075,175.4156,0,122.7943,0,0,2374.452,2374.135,640.6966,341.6447,982.3412,2,0,0,182.3412,800,0,182.8122,227.7834,0.1138917,0.1722375,0.3172331,0,250,0.3172331,1733.438,120.8146,45.03761,0,0,1.979726,570.7274,416.6523,154.0752,0,758.7728,4122.583,0,0,6.430967e-14,4.263256e-14
naive,2026-01-20 22:00:00,1528,22,36.79405,3323.246,144.0915,0,126.2003,0,0,2326.272,2325.955,660.0267,345.8173,1005.844,3,36.55865,2.744431,166.541,800,0,110.9901,200,0.1,0.1434319,0.3172331,0,250,0.3172331,1665.929,110.8576,45.44165,0,0,15.34269,553.5245,396.3991,157.1254,0,745.8672,4051.148,0,-5.684342e-14,6.744605e-15,4.263256e-14
naive,2026-01-20 22:15:00,1529,22.25,36.51982,3262.555,118.0667,0,98.19812,0,0,2283.789,2283.472,1107.698,473.2183,1580.917,4,124.6158,2.05483,154.246,800,500,0,324.9685,0.1624843,0.1259371,0.3172331,0,250,0.3172331,1175.773,103.0119,45.73007,0,0,0,539.5431,277.7754,261.7677,0,750.9937,4079.019,0,-5.684342e-14,1.24345e-13,4.263256e-14
naive,2026-01-20 22:30:00,1530,22.5,36.27431,3275.795,93.72377,0,79.71908,0,0,2293.056,2292.739,618.1952,331.725,949.9202,2,0,0,149.9202,800,0,107.1965,298.1182,0.1490591,0.2046279,0.3172331,0,250,0.3172331,1674.544,100.4174,45.98828,0,0,0,538.2981,393.1015,145.1967,0,724.8264,3934.808,0,0,2.04281e-14,4.263256e-14
naive,2026-01-20 22:45:00,1531,22.75,35.98983,3263.147,85.6028,0,63.05577,0,0,2284.203,2283.886,604.316,325.6063,929.9223,2,0,0,129.9223,800,0,91.30427,275.2452,0.1376226,0.1877207,0.3172331,0,250,0.3172331,1679.57,87.31836,46.28749,0,0,0,532.3094,391.406,140.9034,0,717.0123,3891.494,0,5.684342e-14,-9.15934e-14,4.263256e-14
naive,2026-01-20 23:00:00,1532,23,35.70293,3225.676,82.57741,0,46.04896,0,0,2257.973,2257.656,584.0761,316.6836,900.7597,2,0,0,100.7597,800,0,82.73241,254.5188,0.1272594,0.1733179,0.3172331,0,250,0.3172331,1673.58,67.94996,46.58924,0.5680792,0,0,522.3552,387.1628,135.1924,0,703.8464,3819.722,0,5.684342e-14,-3.277933e-14,4.263256e-14
naive,2026-01-20 23:15:00,1533,23.25,35.18625,3208.139,79.17383,0,55.46848,0,0,2245.697,2245.38,574.0925,312.2823,886.3749,2,0,0,86.37488,800,0,73.71325,236.0504,0.1180252,0.1602668,0.3172331,0,250,0.3172331,1671.287,58.60622,47.13265,5.590358,0,0,512.7733,381.615,131.1584,0,693.8973,3773.054,0,5.684342e-14,-7.160939e-15,4.263256e-14
naive,2026-01-20 23:30:00,1534,23.5,34.82344,3197.178,68.54014,0,62.75226,1,1,2238.024,2237.707,566.7329,309.0379,875.7708,2,0,0,75.77079,800,0,64.21018,219.9607,0.1099804,0.1486375,0.3172331,0,250,0.3172331,1670.974,51.63116,47.51423,4.806091,0,11.1211,506.4066,378.0979,128.3087,689.6522,0,1334.141,0,5.684342e-14,1.038059e-14,4.263256e-14
naive,2026-01-20 23:45:00,1535,23.75,34.45746,3156.117,73.46002,0,72.09556,1,1,2209.282,2208.965,558.6604,305.4791,864.1395,2,0,0,64.13952,800,0,57.0602,205.661,0.1028305,0.138506,0.3172331,0,250,0.3172331,1650.304,43.89326,47.89915,17.77806,0,28.2023,495.3903,370.05,125.3403,681.8529,0,1340.487,0,0,-1.723621e-14,4.263256e-14
naive,2026-01-21 00:00:00,1536,0,34.23244,3192.809,50.9418,0,61.28271,1,1,2234.966,2234.649,597.7287,319.4207,917.1495,2,27.58586,1.738248,87.82536,800,0,22.51467,200,0.1,0.1295017,0.3172331,0,250,0.3172331,1636.92,60.26054,48.13581,0.8412716,0,1.022169,498.3834,365.0229,133.3605,684.6716,0,1316.642,0,-5.684342e-14,6.938894e-16,4.263256e-14
naive,2026-01-21 00:15:00,1537,0.25,33.91346,3146.446,47.43187,0,54.7883,1,1,2202.512,2202.195,996.9336,432.9745,1429.908,3,52.4338,2.814404,74.65985,800,500,0,324.9685,0.1624843,0.1259371,0.3172331,0,250,0.3172331,1205.262,51.41766,48.4713,0,0,3.370639,487.3333,266.6791,220.6542,700.3994,0,1346.269,0,0,1.24345e-13,4.263256e-14
naive,2026-01-21 00:30:00,1538,0.5,33.59864,3215.91,38.19447,0,51.20958,1,1,2251.137,2250.82,555.7831,304.2106,859.9937,2,0,0,59.99367,800,0,56.2467,310.8557,0.1554278,0.2046279,0.3172331,0,250,0.3172331,1695.037,41.46828,48.8024,0,0,9.741309,494.3046,372.1961,122.1085,678.5458,0,1302.189,0,5.684342e-14,9.148238e-14,4.263256e-14
naive,2026-01-21 00:45:00,1539,0.75,33.3576,3169.971,44.95626,0,37.52564,1,1,2218.98,2218.663,561.2687,306.629,867.8977,2,0,0,67.8977,800,0,55.72956,296.8744,0.1484372,0.1957413,0.3172331,0,250,0.3172331,1657.394,47.06256,49.05593,0,0,0,484.4232,361.8239,122.5992,668.4529,0,1281.718,0,5.684342e-14,2.9865e-14,4.263256e-14
naive,2026-01-21 01:00:00,1540,1,33.05021,3160.58,44.99038,0,30.96671,1,1,2212.406,2212.088,560.4935,306.2872,866.7807,2,0,0,66.78073,800,0,53.36617,283.4861,0.141743,0.1869374,0.3172331,0,250,0.3172331,1651.595,46.45256,49.37922,0,0,0,479.4488,357.916,121.5329,664.2032,0,1272.855,0,-5.684342e-14,2.947642e-14,4.263256e-14
naive,2026-01-21 01:15:00,1541,1.25,32.77439,3191.701,50.5727,0,27.96938,1,1,2234.191,2233.874,567.0657,309.1846,876.2503,2,0,0,76.25032,800,0,58.89782,268.717,0.1343585,0.178507,0.3172331,0,250,0.3172331,1666.808,53.20785,49.66931,0,0,0,481.0073,358.8533,122.154,668.0379,0,1280.198,0,0,-1.082467e-15,4.263256e-14
naive,2026-01-21 01:30:00,1542,1.5,32.68168,3205.442,47.11339,0.198666,27.83796,1,1,2243.809,2243.492,563.0481,307.4134,870.4615,2,0,0,70.46147,800,0,52.93504,255.4409,0.1277205,0.1692072,0.3172331,0,250,0.3172331,1680.444,49.22062,49.76681,0,0,0,482.0197,360.9964,121.0233,668.4098,0,1280.832,0,0,1.013079e-14,4.263256e-14
naive,2026-01-21 01:45:00,1543,1.75,32.43549,3235.431,31.25859,0.9746609,52.25382,1,1,2264.802,2264.484,550.6361,301.9416,852.5776,2,0,0,52.57762,800,0,46.08727,243.8789,0.1219395,0.1608474,0.3172331,0,250,0.3172331,1713.848,36.83147,50.02574,0,0,15.42234,483.7153,366.043,117.6724,671.2784,0,1286.278,0,5.684342e-14,4.465872e-14,4.263256e-14
naive,2026-01-21 02:00:00,1544,2,32.1047,3214.795,41.46665,13.62397,19.80985,1,1,2250.357,2250.039,543.7731,298.916,842.6891,2,0,0,42.68915,800,0,59.13373,229.0571,0.1145285,0.153567,0.3172331,0,250,0.3172331,1706.266,30.0174,50.37365,0,11.18671,0,476.9238,361.6134,115.3104,660.5294,0,1283.686,0,5.684342e-14,3.178013e-14,4.263256e-14
naive,2026-01-21 02:15:00,1545,2.25,31.97693,3167.112,32.15296,10.85076,32.70583,1,1,2216.978,2216.661,546.7931,300.2474,847.0405,2,0,0,47.04051,800,0,60.11229,213.993,0.1069965,0.1442339,0.3172331,0,250,0.3172331,1669.868,33.12521,50.50804,0,8.838923,0,468.4543,352.8482,115.6061,653.0956,0,1264.617,0,5.684342e-14,1.801337e-14,4.263256e-14
naive,2026-01-21 02:30:00,1546,2.5,31.88507,3207.32,49.19612,9.535552,11.30837,1,1,2245.124,2244.806,554.3526,303.58,857.9326,2,0,3.76883,54.1638,800,0,55.83708,200,0.1,0.1347482,0.3172331,0,250,0.3172331,1690.454,38.18112,50.60465,0,5.600679,0,473.3909,356.4371,116.9538,660.0171,0,1272.765,0,0,-3.885781e-16,4.263256e-14
naive,2026-01-21 02:45:00,1547,2.75,31.78173,3195.636,52.98213,4.784423,15.82794,1,1,2236.945,2236.628,986.8023,427.7037,1414.506,3,59.19522,4.516827,50.79398,800,500,0,324.9685,0.1624843,0.1259371,0.3172331,0,250,0.3172331,1249.826,35.84765,50.71333,0,0.2675961,0,470.5386,262.8993,207.6394,690.603,0,1324.615,0,1.136868e-13,1.24345e-13,4.263256e-14
naive,2026-01-21 03:00:00,1548,3,31.44336,3214.993,43.64192,0,15.29238,1,1,2250.495,2250.178,539.6683,297.1064,836.7748,2,0,0,36.77478,800,0,72.96335,306.6765,0.1533383,0.2046279,0.3172331,0,250,0.3172331,1710.509,26.0532,51.06921,0,0,0,469.7112,357.0083,112.7029,654.1148,0,1250.777,0,-5.684342e-14,1.199041e-13,4.263256e-14
naive,2026-01-21 03:15:00,1549,3.25,31.40784,3259.545,59.96167,0,20.44371,1,1,2281.682,2281.364,540.0509,297.2751,837.326,2,0,0,37.32596,800,0,72.01961,288.6233,0.1443117,0.1931097,0.3172331,0,250,0.3172331,1741.313,26.4543,51.10657,0,0,0,475.8323,363.1415,112.6908,660.4166,0,1263.338,0,0,-9.017787e-14,4.263256e-14
naive,2026-01-21 03:30:00,1550,3.5,31.2712,3305.392,66.20425,0,36.75476,1,1,2313.774,2313.457,544.9018,299.4136,844.3153,2,0,0,44.31535,800,0,69.95903,271.0881,0.1355441,0.1817419,0.3172331,0,250,0.3172331,1768.555,31.45638,51.25028,0,0,5.29838,481.0173,367.6701,113.3472,668.1852,0,1278.714,0,0,1.787459e-14,4.263256e-14
naive,2026-01-21 03:45:00,1551,3.75,31.16022,3243.332,62.85902,0,38.60897,1,1,2270.332,2270.015,544.6354,299.2962,843.9316,2,0,0,43.93164,800,0,69.16685,253.7538,0.1268769,0.1707002,0.3172331,0,250,0.3172331,1725.38,31.22302,51.36701,0,0,7.385948,470.7912,357.7862,113.005,658.614,0,1259.44,0,0,-4.882206e-14,4.263256e-14
naive,2026-01-21 04:00:00,1552,4,31.05899,3261.917,80.61343,0,46.03666,1,1,2283.342,2283.025,543.7036,298.8854,842.5889,2,0,0,42.58895,800,0,81.07166,233.4459,0.1167229,0.159785,0.3172331,0,250,0.3172331,1739.321,30.30323,51.47347,0,0,15.73343,472.3983,359.8464,112.5519,661.9868,0,1266.066,0,5.684342e-14,5.978551e-14,4.263256e-14
naive,2026-01-21 04:15:00,1553,4.25,31.02072,3227.817,78.34255,0,45.15762,1,1,2259.472,2259.155,550.7997,302.0137,852.8135,2,0,0,52.81347,800,0,93.85468,209.9455,0.1049727,0.1469975,0.3172331,0,250,0.3172331,1708.355,37.59444,51.51373,0,0,7.563182,467.053,353.1322,113.9208,656.7093,0,1255.466,0,5.684342e-14,9.298118e-15,4.263256e-14
naive,2026-01-21 04:30:00,1554,4.5,31.00162,3220.342,80.4982,0,68.26566,1,1,2254.24,2253.922,605.1401,318.2545,923.3946,2,64.85507,0,58.53957,800,0,39.64971,200,0.1,0.1321996,0.3172331,0,250,0.3172331,1648.782,41.67942,51.53381,0,0,26.58625,465.7692,340.6701,125.0991,664.4178,0,1270.86,0,0,-8.881784e-16,4.263256e-14
naive,2026-01-21 04:45:00,1555,4.75,31.12292,3208.458,92.27756,0,56.0374,1,1,2245.921,2245.603,1038.024,442.9952,1481.019,3,120.4742,0.01008047,60.53509,800,500,0,324.9685,0.1624843,0.1259371,0.3172331,0,250,0.3172331,1207.579,43.04146,51.40624,0,0,12.99595,465.3332,250.1988,215.1344,695.8866,0,1333.941,0,-5.684342e-14,1.24345e-13,4.263256e-14
naive,2026-01-21 05:00:00,1556,5,31.1033,3268.659,136.1472,0,54.65641,1,1,2288.061,2287.744,540.1207,297.3059,837.4265,2,0,0,37.42653,800,0,156.137,285.8831,0.1429415,0.2046279,0.3172331,0,250,0.3172331,1747.623,26.61676,51.42687,0,0,28.03965,473.8524,361.9289,111.9235,665.0417,0,1272.228,0,0,-6.483702e-14,4.263256e-14
naive,2026-01-21 05:15:00,1557,5.25,31.05861,3283.217,181.5582,0,27.63762,1,1,2298.252,2297.935,546.1188,299.9501,846.0689,2,0,0,46.06893,800,0,186.7544,239.1495,0.1195748,0.1800164,0.3172331,0,250,0.3172331,1751.816,32.77948,51.47388,0,0,0,475.4788,362.4282,113.0506,662.3783,0,1266.849,0,5.684342e-14,-1.915135e-15,4.263256e-14
naive,2026-01-21 05:30:00,1558,5.5,31.12351,3268.545,220.9912,0,24.7308,1,1,2287.981,2287.664,602.445,316.4567,918.9018,2,69.98024,0.6096669,48.31187,800,0,156.4474,200,0.1,0.1505889,0.3172331,0,250,0.3172331,1685.219,34.35031,51.40562,0,0,0,474.0541,349.1658,124.8882,665.6226,0,1273.414,0,-5.684342e-14,1.090794e-14,4.263256e-14
naive,2026-01-21 05:45:00,1559,5.75,31.10985,3307.02,274.9237,0,30.1118,1,1,2314.914,2314.597,1148.248,472.7049,1620.953,4,279.2058,0.6495121,41.0981,800,500,0,324.9685,0.1624843,0.1259371,0.3172331,0,250,0.3172331,1166.348,29.22573,51.41998,0,0,0.8860698,479.4851,241.5842,237.9009,714.4726,0,1371.098,0,-5.684342e-14,1.24345e-13,4.263256e-14
naive,2026-01-21 06:00:00,1560,6,31.26497,3291.04,316.0225,0,34.47599,1,1,2303.728,2303.411,551.3114,302.2393,853.5507,2,0,0,53.55073,800,0,326.429,243.3101,0.1216551,0.2046279,0.3172331,0,250,0.3172331,1752.099,38.01461,51.25684,0,0,0,478.8606,364.1972,114.6634,666.4365,0,1275.209,0,0,4.884981e-14,4.263256e-14
naive,2026-01-21 06:15:00,1561,6.25,31.31704,3341.667,353.2516,1.292736,58.56062,1,1,2339.167,2338.849,700.2017,344.7864,1044.988,3,194.1092,0.1507206,50.72825,800,0,173.0872,200,0.1,0.1532088,0.3172331,0,250,0.3172331,1638.648,35.98985,51.20207,0,1.142016,22.57077,486.8066,341.0208,145.7858,690.5044,0,1325.377,0,-5.684342e-14,-1.179612e-14,4.263256e-14
naive,2026-01-21 06:30:00,1562,6.5,31.46012,3335.005,393.8332,0,68.66408,1,1,2334.503,2334.186,1261.271,507.576,1768.847,4,404.9189,4.85216,59.07561,800,500,0,324.9685,0.1624843,0.1259371,0.3172331,0,250,0.3172331,1072.915,41.84438,51.05159,0,0,26.8197,487.4326,224.0194,263.4132,737.1951,0,1416.957,0,5.684342e-14,1.24345e-13,4.263256e-14
naive,2026-01-21 06:45:00,1563,6.75,31.45964,3360.711,415.444,2.679612,73.76034,1,1,2352.497,2352.18,540.3211,297.3942,837.7153,2,0,0,37.7153,800,0,444.5207,213.7872,0.1068936,0.2046279,0.3172331,0,250,0.3172331,1811.859,26.71461,51.05209,0,0,47.04573,491.1843,378.303,112.8813,685.52,0,1313.606,0,5.684342e-14,-7.993606e-15,4.263256e-14
naive,2026-01-21 07:00:00,1564,7,31.66674,3403.817,422.4527,2.794346,96.97829,1,1,2382.672,2382.355,849.253,386.8162,1236.069,3,393.1638,0.5423785,42.36291,800,0,55.01416,200,0.1,0.1346187,0.3172331,0,250,0.3172331,1533.102,29.93643,50.83428,0,2.251968,67.04186,499.8621,321.6303,178.2318,722.5112,0,1391.719,0,-1.136868e-13,-4.718448e-16,4.263256e-14
naive,2026-01-21 07:15:00,1565,7.25,31.84168,3381.619,433.1563,4.632782,97.7346,1,1,2367.133,2366.816,1263.26,505.5451,1768.805,4,429.3631,0.4180709,39.02395,800,500,0,324.9685,0.1624843,0.1259371,0.3172331,0,250,0.3172331,1103.556,27.52229,50.65028,3.793148,4.214711,70.21231,498.6151,232.454,266.1611,752.7887,0,1462.409,0,-1.705303e-13,1.24345e-13,4.263256e-14
naive,2026-01-21 07:30:00,1566,7.5,31.84548,3415.687,418.511,6.020438,64.58093,1,1,2390.981,2390.663,549.0695,301.251,850.3205,2,0,0,50.3205,800,0,409.148,222.6304,0.1113152,0.2046279,0.3172331,0,250,0.3172331,1841.594,35.48784,50.64629,9.85693,5.52653,29.09309,503.6827,387.9492,115.7335,695.3289,0,1360.217,0,0,-7.993606e-15,4.263256e-14
naive,2026-01-21 07:45:00,1567,7.75,31.92527,3439.517,382.9266,1.825802,65.9375,1,1,2407.662,2407.345,789.1935,371.7106,1160.904,3,297.5714,0.02468726,63.30797,800,0,90.38127,200,0.1,0.1401871,0.3172331,0,250,0.3172331,1618.151,44.60666,50.56236,0,1.801115,21.33084,508.1364,341.5104,166.626,717.7228,0,1381.67,0,-5.684342e-14,1.19349e-15,4.263256e-14
naive,2026-01-21 08:00:00,1568,8,32.07834,3460.006,348.9299,268.132,73.29667,1,1,2422.004,2421.687,1379.749,567.5996,1947.349,4,339.4117,225.0408,82.89606,800,500,0,324.9685,0.1624843,0.1259371,0.3172331,0,250,0.3172331,1041.938,58.30687,50.40137,9.518182,43.09123,14.9898,512.9862,220.6849,292.3013,791.4594,0,1616.969,0,-2.273737e-13,1.24345e-13,4.263256e-14
naive,2026-01-21 08:15:00,1569,8.25,32.068,3441.95,311.9034,272.7529,68.55527,1,1,2409.365,2409.048,603.5598,325.2729,928.8327,2,0,29.89802,98.93471,800,0,499.6694,200,0.1,0.2046279,0.3172331,0,250,0.3172331,1805.488,69.59621,50.41225,11.17286,43.91598,0,510.1863,382.3145,127.8718,707.5874,0,1453.489,0,0,-7.993606e-15,4.263256e-14
naive,2026-01-21 08:30:00,1570,8.5,32.10224,3466.317,256.5335,271.1116,49.77686,1,1,2426.422,2426.104,1337.577,558.839,1896.416,4,256.7717,229.705,109.9396,800,500,0,324.9685,0.1624843,0.1259371,0.3172331,0,250,0.3172331,1088.527,77.30754,50.37624,0,41.40663,0,514.2082,230.6811,283.5271,789.5201,0,1593.793,0,1.136868e-13,1.24345e-13,4.263256e-14
naive,2026-01-21 08:45:00,1571,8.75,32.34887,3467.055,216.1385,275.0656,64.99306,1,1,2426.938,2426.621,592.8077,320.5329,913.3405,2,0,0,113.3405,800,0,448.2982,212.8428,0.1064214,0.2046279,0.3172331,0,250,0.3172331,1833.813,79.47541,50.11684,3.60731,39.29864,0,517.2918,390.8697,126.4221,711.4025,0,1440.436,0,5.684342e-14,-7.993606e-15,4.263256e-14
naive,2026-01-21 09:00:00,1572,9,32.60805,3500.788,171.4828,280.0431,71.81553,1,1,2450.552,2450.234,854.7028,422.3139,1277.017,3,114.9569,237.9038,124.156,800,0,51.23725,200,0.1,0.134024,0.3172331,0,250,0.3172331,1595.532,86.80188,49.84425,5.288663,42.13938,0,525.5183,342.1601,183.3582,764.4741,0,1554.687,0,0,-2.775558e-15,4.263256e-14
naive,2026-01-21 09:15:00,1573,9.25,32.98244,3468.301,136.2501,275.5586,112.2461,1,1,2427.811,2427.494,1273.222,545.2384,1818.46,4,132.6073,243.9551,141.8977,800,500,0,324.9685,0.1624843,0.1259371,0.3172331,0,250,0.3172331,1154.272,98.78073,49.45049,3.642843,31.60343,13.46538,525.2806,249.738,275.5426,797.8898,0,1600.948,0,0,1.24345e-13,4.263256e-14
naive,2026-01-21 09:30:00,1574,9.5,33.03285,3493.972,110.8478,274.8545,123.5715,1,1,2445.78,2445.463,625.7346,335.0487,960.7833,2,0,0,160.7833,800,0,351.1964,237.1183,0.1185591,0.2046279,0.3172331,0,250,0.3172331,1819.728,111.8629,49.39748,3.880576,30.62537,11.70861,529.804,394.1889,135.6151,731.7739,0,1467.498,0,-5.684342e-14,4.884981e-14,4.263256e-14
naive,2026-01-21 09:45:00,1575,9.75,33.20991,3500.231,88.67949,275.8742,133.4036,1,1,2450.161,2449.844,774.2756,400.5329,1174.809,3,0,180.6442,194.1643,800,0,148.3237,200,0.1,0.1493099,0.3172331,0,250,0.3172331,1675.569,134.8123,49.21126,2.39648,33.1893,0,533.0018,364.4989,168.5029,765.0317,0,1536.086,0,0,9.90874e-15,4.263256e-14
naive,2026-01-21 10:00:00,1576,10,33.18621,3497.779,65.0706,283.4011,149.9142,1,1,2448.445,2448.128,1276.9,553.3616,1830.262,4,77.95501,242.1595,210.1474,800,500,0,324.9685,0.1624843,0.1259371,0.3172331,0,250,0.3172331,1171.228,145.9495,49.23618,0,41.24158,3.964666,532.3266,254.6415,277.6852,808.865,0,1633.481,0,-2.273737e-13,1.24345e-13,4.263256e-14
naive,2026-01-21 10:15:00,1577,10.25,33.64802,3564.918,57.95982,281.5641,175.6182,1,1,2495.443,2495.125,674.2026,356.4158,1030.618,3,0,0,230.6184,800,0,306.9351,248.1836,0.1240918,0.2046279,0.3172331,0,250,0.3172331,1820.923,159.3148,48.75047,0,39.96285,16.30337,548.6035,400.3156,148.2879,760.3155,0,1534.723,0,-5.684342e-14,-7.993606e-15,4.263256e-14
naive,2026-01-21 10:30:00,1578,10.5,33.72555,3561.13,51.84078,289.8344,196.6664,1,1,2492.791,2492.474,771.0888,399.1279,1170.217,3,0,114.5012,255.7156,800,0,192.5781,200,0.1,0.1562776,0.3172331,0,250,0.3172331,1721.385,176.4937,48.66893,0,45.93137,20.17266,549.0501,379.1439,169.9061,782.715,0,1589.909,0,-1.136868e-13,4.82947e-15,4.263256e-14
naive,2026-01-21 10:45:00,1579,10.75,33.94533,3575.761,38.19059,294.6995,193.0805,0,1,2503.033,2502.716,1309.842,570.5773,1880.419,4,55.3125,250.0261,275.0805,800,500,0,324.9685,0.1624843,0.1259371,0.3172331,0,250,0.3172331,1192.874,189.3757,48.43778,0,44.67342,3.704826,554.2572,264.1431,290.1141,0,835.5408,4618.044,0,0,1.24345e-13,4.263256e-14
naive,2026-01-21 11:00:00,1580,11,34.44216,3618.003,43.75614,300.5521,226.2755,0,0,2532.602,2532.285,724.3038,378.5028,1102.807,3,0,0,302.8067,800,0,298.0673,250.4005,0.1252003,0.2046279,0.3172331,0,250,0.3172331,1807.981,207.2599,47.91524,0,50.14951,19.01557,567.6746,405.2531,162.4215,0,788.0182,4366.704,0,-1.136868e-13,4.884981e-14,4.263256e-14
naive,2026-01-21 11:15:00,1581,11.25,34.87474,3615.324,38.45149,308.2628,250.0003,0,0,2530.727,2530.41,825.168,422.9687,1248.137,3,0,101.7197,346.417,800,0,201.4444,200,0.1,0.1576735,0.3172331,0,250,0.3172331,1705.242,235.9107,47.46027,0,56.36579,14.0896,573.3697,386.3451,187.0246,0,812.506,4512.621,0,-5.684342e-14,-2.531308e-14,4.263256e-14
naive,2026-01-21 11:30:00,1582,11.5,35.01728,3669.843,41.74618,306.6172,268.8497,0,0,2568.89,2568.573,1388.698,604.9829,1993.681,4,58.32307,252.585,382.773,800,500,0,324.9685,0.1624843,0.1259371,0.3172331,0,250,0.3172331,1179.875,260.2327,47.31036,0,54.03221,8.617003,584.0909,268.2692,315.8217,0,875.2113,4853.644,0,0,1.24345e-13,4.263256e-14
naive,2026-01-21 11:45:00,1583,11.75,35.554,3661.652,38.99777,311.3718,308.5935,0,0,2563.156,2562.839,821.265,421.2481,1242.513,3,0,0,442.5131,800,0,319.5173,245.038,0.122519,0.2046279,0.3172331,0,250,0.3172331,1741.574,298.9477,46.74586,0,55.13266,9.645893,590.717,401.3713,189.3457,0,824.8424,4579.148,0,0,-7.993606e-15,4.263256e-14
naive,2026-01-21 12:00:00,1584,12,35.85823,3655.148,35.72482,305.7513,332.2676,0,0,2558.603,2558.286,937.1436,472.3331,1409.477,3,0,132.7768,476.6999,800,0,179.9978,200,0.1,0.1542969,0.3172331,0,250,0.3172331,1621.143,320.8829,46.42589,0,49.36587,11.38465,594.2509,376.52,217.7309,0,851.4973,4716.162,0,-1.136868e-13,1.190714e-14,4.263256e-14
naive,2026-01-21 12:15:00,1585,12.25,35.97322,3664.798,34.55169,314.6215,366.9984,0,0,2565.358,2565.041,1399.267,600.7328,2000,4,57.07826,253.2733,512.0603,677.5881,500,0,324.9685,0.1624843,0.1259371,0.3172331,0,250,0.3172331,1165.774,344.2142,39.21961,0,61.34824,22.7842,597.5753,271.5557,326.0196,0,877.5958,4888.481,0,0,1.24345e-13,4.263256e-14
naive,2026-01-21 12:30:00,1586,12.5,36.24914,3676.446,45.22678,311.8881,406.7266,0,0,2573.512,2573.195,895.7279,454.075,1349.803,3,0,0,549.8028,800,0,305.5401,248.5323,0.1242662,0.2046279,0.3172331,0,250,0.3172331,1677.467,368.3717,46.01476,0,55.86846,38.35491,603.743,393.5318,210.2112,0,856.6048,4755.933,0,1.705303e-13,4.884981e-14,4.263256e-14
naive,2026-01-21 12:45:00,1587,12.75,36.56761,3739.595,53.95496,302.7618,435.066,0,0,2617.717,2617.4,1006.887,503.0794,1509.967,4,0,112.9731,596.9936,800,0,193.9728,200,0.1,0.1564972,0.3172331,0,250,0.3172331,1610.512,398.4688,45.67981,6.260146,43.51072,36.59717,619.2023,380.9552,238.247,0,892.6915,4944.268,0,5.684342e-14,-5.856426e-15,4.263256e-14
naive,2026-01-21 13:00:00,1588,13,36.87798,3773.022,61.52534,300.4559,462.1643,0,0,2641.116,2640.798,1405.356,594.6435,2000,4,55.0754,258.5899,630.5414,555.7933,500,0,324.9685,0.1624843,0.1259371,0.3172331,0,250,0.3172331,1235.442,419.295,31.50888,6.449944,41.866,42.86932,629.8234,294.6142,335.2092,0,899.4808,4995.042,0,0,1.24345e-13,4.263256e-14
naive,2026-01-21 13:15:00,1589,13.25,36.83412,3765.845,61.56657,298.5742,476.323,0,0,2636.092,2635.775,993.8253,497.3211,1491.146,3,0,0,691.1464,800,0,306.9031,248.1916,0.1240958,0.2046279,0.3172331,0,250,0.3172331,1641.949,459.8384,45.39951,9.941863,43.29582,16.48463,627.903,391.1035,236.7994,0,892.3512,4948.692,0,1.136868e-13,4.884981e-14,4.263256e-14
naive,2026-01-21 13:30:00,1590,13.5,37.28521,3791.217,54.42181,300.1708,523.5616,0,0,2653.852,2653.535,1103.196,545.5372,1648.734,4,0,114.4006,734.3329,800,0,192.61,200,0.1,0.1562826,0.3172331,0,250,0.3172331,1550.339,485.9216,44.92508,1.926939,45.65504,37.64003,639.6941,373.6992,265.9949,0,928.3093,5137.24,0,0,-3.830269e-15,4.263256e-14
naive,2026-01-21 13:45:00,1591,13.75,37.29112,3763.652,44.58392,298.2616,527.7515,1,0,2634.557,2634.239,1412.074,587.9259,2000,4,49.98124,254.9409,778.2865,416.7913,500,0,324.9685,0.1624843,0.1259371,0.3172331,0,250,0.3172331,1222.165,514.9696,23.40224,0,43.32071,12.78187,635.1427,294.6413,340.5013,885.6487,0,1819.698,0,0,1.24345e-13,4.263256e-14
naive,2026-01-21 14:00:00,1592,14,37.46539,3775.8,51.52825,296.2839,551.3348,1,1,2643.06,2642.743,1073.861,532.6048,1606.466,4,0,0,806.4658,800,0,310.6485,247.2552,0.1236276,0.2046279,0.3172331,0,250,0.3172331,1568.882,532.4907,44.73557,0,41.38542,18.84407,640.1511,379.9844,260.1667,917.1532,0,1855.369,0,0,-7.993606e-15,4.263256e-14
naive,2026-01-21 14:15:00,1593,14.25,37.83698,3768.558,59.1715,302.4617,585.0483,1,1,2637.991,2637.673,1181.925,580.2448,1762.17,4,0,121.0963,841.0736,800,0,188.8652,200,0.1,0.155693,0.3172331,0,250,0.3172331,1455.748,552.8412,44.34476,3.215143,48.45656,32.20705,645.3117,356.1087,289.203,944.232,0,1927.71,0,1.136868e-13,6.050715e-15,4.263256e-14
naive,2026-01-21 14:30:00,1594,14.5,38.06387,3748.617,58.00531,299.0448,572.6382,1,1,2624.032,2623.715,1416.596,583.4038,2000,4,57.4436,251.4235,850.4024,340.7305,500,0,324.9685,0.1624843,0.1259371,0.3172331,0,250,0.3172331,1207.118,557.4295,18.78538,0.5617109,47.62131,15.20873,645.8401,297.1021,348.7379,884.2492,0,1830.48,0,0,1.24345e-13,4.263256e-14
naive,2026-01-21 14:45:00,1595,14.75,38.22401,3781.045,58.14382,299.9413,590.9929,1,1,2646.732,2646.414,1115.801,551.0941,1666.895,4,0,0,866.8954,800,0,308.9749,247.6736,0.1238368,0.2046279,0.3172331,0,250,0.3172331,1530.613,567.1298,43.9377,1.601725,47.50846,23.86315,654.2638,378.3628,275.901,935.3558,0,1905.997,0,0,-7.993606e-15,4.263256e-14
naive,2026-01-21 15:00:00,1596,15,38.29973,3780.101,52.08716,296.0257,614.3403,1,1,2646.071,2645.754,1202.15,589.1608,1791.311,4,0,126.2891,865.0216,800,0,190.5385,200,0.1,0.1559564,0.3172331,0,250,0.3172331,1443.604,565.38,43.85806,0,42.70194,48.96036,655.45,357.5906,297.8594,958.8792,0,1942.079,0,0,1.096345e-14,4.263256e-14
naive,2026-01-21 15:15:00,1597,15.25,38.51205,3772.432,48.14767,295.1744,623.5585,1,1,2640.703,2640.385,1419.317,580.6832,2000,4,66.00072,252.9398,879.5487,301.5107,500,0,324.9685,0.1624843,0.1259371,0.3172331,0,250,0.3172331,1221.069,573.381,16.44543,0,42.23459,50.17754,657.9265,304.2271,353.6993,897.412,0,1849.178,0,0,1.24345e-13,4.263256e-14
naive,2026-01-21 15:30:00,1598,15.5,38.81051,3715.1,66.286,288.3917,643.6188,1,1,2600.57,2600.253,1123.725,554.5874,1678.313,4,0,0,878.3128,800,0,322.3036,244.3415,0.1221707,0.2046279,0.3172331,0,250,0.3172331,1476.527,570.4782,43.32085,0,38.00566,73.14064,653.271,370.9081,282.3629,943.8687,0,1904.561,0,0,-7.993606e-15,4.263256e-14
naive,2026-01-21 15:45:00,1599,15.75,38.84881,3700.816,71.86209,283.9745,618.4919,1,1,2590.571,2590.254,1222.372,598.0759,1820.448,4,0,143.3469,877.1014,800,0,177.212,200,0.1,0.1538582,0.3172331,0,250,0.3172331,1367.881,569.4225,43.28056,0,37.11854,49.06933,651.4487,343.98,307.4687,954.3953,0,1924.129,0,-2.273737e-13,-7.521761e-15,4.263256e-14
naive,2026-01-21 16:00:00,1600,16,38.99571,3698.982,82.07415,281.4687,622.8027,1,1,2589.288,2588.97,1419.476,580.5242,2000,4,76.91835,247.2403,859.8746,315.9667,500,0,324.9685,0.1624843,0.1259371,0.3172331,0,250,0.3172331,1169.495,557.2283,17.033,5.155806,34.22838,65.57443,653.7826,295.2917,358.4908,892.3732,0,1833.522,0,0,1.24345e-13,4.263256e-14
naive,2026-01-21 16:15:00,1601,16.25,39.02606,3628.403,105.963,278.7599,615.2636,1,1,2539.882,2539.565,1110.531,548.7705,1659.301,4,0,0,859.3011,800,0,328.1294,242.885,0.1214425,0.2046279,0.3172331,0,250,0.3172331,1429.034,556.648,43.09415,21.60642,34.98702,58.61561,641.849,361.1287,280.7203,924.7119,0,1898.566,0,1.136868e-13,-7.993606e-15,4.263256e-14
naive,2026-01-21 16:30:00,1602,16.5,39.03543,3648.188,107.3417,277.8791,591.0258,1,1,2553.732,2553.415,1227.558,600.3618,1827.919,4,0,171.9245,855.995,800,0,171.3871,200,0.1,0.1529411,0.3172331,0,250,0.3172331,1325.857,554.4421,43.08429,3.546726,38.3625,36.58365,645.5171,335.1422,310.3749,944.7514,0,1913.326,0,-1.136868e-13,2.303713e-15,4.263256e-14
naive,2026-01-21 16:45:00,1603,16.75,38.821,3632.45,125.3163,274.3405,548.1763,1,1,2542.715,2542.398,1425.943,574.0571,2000,4,125.7121,238.5741,867.2334,268.4804,500,0,324.9685,0.1624843,0.1259371,0.3172331,0,250,0.3172331,1116.455,563.2091,14.5348,0,35.76635,0,638.9229,280.5381,358.3847,854.5952,0,1754.536,0,2.273737e-13,1.24345e-13,4.263256e-14
naive,2026-01-21 17:00:00,1604,17,38.88772,3621.082,158.1414,269.1215,541.9066,1,1,2534.757,2534.44,1088.075,538.8711,1626.946,4,0,0,826.9464,800,0,390.8786,227.1977,0.1135989,0.2046279,0.3172331,0,250,0.3172331,1446.365,536.604,43.23964,5.777906,30.60646,5.302603,638.1001,364.108,273.9921,904.314,0,1822.747,0,-1.136868e-13,-7.993606e-15,4.263256e-14
naive,2026-01-21 17:15:00,1605,17.25,39.02304,3579.282,187.8883,271.897,528.1087,1,1,2505.498,2505.18,1279.684,614.3987,1894.082,4,75.17552,237.6711,781.2357,800,0,108.6478,200,0.1,0.1430631,0.3172331,0,250,0.3172331,1225.497,506.0967,43.09732,4.065031,34.22596,22.01199,633.1066,309.6671,323.4395,929.6279,0,1876.823,0,0,6.245005e-15,4.263256e-14
naive,2026-01-21 17:30:00,1606,17.5,39.00304,3518.262,218.0186,266.4012,502.8295,1,1,2462.783,2462.466,1429.52,570.4801,2000,4,207.2643,234.8584,727.9393,329.9379,500,0,324.9685,0.1624843,0.1259371,0.3172331,0,250,0.3172331,1032.946,471.687,17.78298,10.75427,31.54279,31.14248,621.9676,260.8671,361.1005,839.2121,0,1731.381,0,-2.273737e-13,1.24345e-13,4.263256e-14
naive,2026-01-21 17:45:00,1607,17.75,39.11743,3505.491,248.1284,263.1737,483.9382,1,1,2453.843,2453.526,1000.501,500.2641,1500.765,4,0,0,700.7649,800,0,475.8339,205.9589,0.1029794,0.2046279,0.3172331,0,250,0.3172331,1453.025,453.4373,42.99804,8.097098,27.3712,30.50083,621.6854,368.1264,253.559,876.1179,0,1765.046,0,-5.684342e-14,-7.993606e-15,4.263256e-14
naive,2026-01-21 18:00:00,1608,18,39.10358,3491.82,286.6116,2.284929,452.5178,1,1,2444.274,2443.957,1172.988,546.719,1719.707,4,248.7063,6.118999,664.8817,800,0,23.70588,200,0.1,0.1296893,0.3172331,0,250,0.3172331,1270.969,430.2924,43.01261,14.19951,0,22.22539,619.0219,321.8778,297.1442,874.2255,0,1724.556,0,0,1.554312e-15,4.263256e-14
naive,2026-01-21 18:15:00,1609,18.25,39.20515,3481.127,321.7124,0,416.9615,1,1,2436.789,2436.471,1425.76,574.24,2000,4,304.8673,5.390948,629.6706,560.0711,500,0,324.9685,0.1624843,0.1259371,0.3172331,0,250,0.3172331,1010.711,406.9931,30.03787,16.84505,0,9.968399,618.8774,256.6929,362.1845,833.4646,0,1662.194,0,0,1.24345e-13,4.263256e-14
naive,2026-01-21 18:30:00,1610,18.5,39.15284,3527.513,343.9436,2.444678,398.1705,1,0,2469.259,2468.942,913.72,462.0068,1375.727,3,0,0,575.7268,800,0,342.1947,239.3687,0.1196843,0.2046279,0.3172331,0,250,0.3172331,1555.222,372.367,42.96081,4.920773,0,25.80345,626.2089,394.4073,231.8016,862.9579,0,1686.073,0,0,-7.993606e-15,4.263256e-14
naive,2026-01-21 18:45:00,1611,18.75,39.01955,3500.583,376.2802,1.858558,363.2818,0,0,2450.408,2450.091,1044.533,494.8595,1539.393,4,208.6107,3.180706,527.6013,800,0,157.324,200,0.1,0.150727,0.3172331,0,250,0.3172331,1405.558,341.8031,43.10099,10.3455,0,21.47866,619.1262,355.1317,263.9945,0,855.4181,4674.157,0,-2.842171e-13,1.165734e-15,4.263256e-14
naive,2026-01-21 19:00:00,1612,19,38.85464,3534.458,395.2265,4.674237,328.5437,0,0,2474.12,2473.803,1427.99,572.0105,2000,4,376.9106,5.132886,485.4755,632.481,500,0,324.9685,0.1624843,0.1259371,0.3172331,0,250,0.3172331,1045.814,315.1527,34.21282,18.31594,0,13.39104,622.2654,263.0323,359.2331,0,838.4107,4604.365,0,0,1.24345e-13,4.263256e-14
naive,2026-01-21 19:15:00,1613,19.25,38.74933,3495.217,399.7493,5.049948,283.6974,0,0,2446.652,2446.334,831.7912,425.8885,1257.68,3,0,0,457.6797,800,0,394.7182,226.2378,0.1131189,0.2046279,0.3172331,0,250,0.3172331,1614.543,297.4943,43.3852,9.035237,1.045815,0,613.569,404.8936,208.6754,0,830.7822,4537.883,0,0,-7.993606e-15,4.263256e-14
naive,2026-01-21 19:30:00,1614,19.5,38.65386,3498.085,402.2098,1.16602,268.3756,0,0,2448.66,2448.343,1024.056,476.6965,1500.752,4,285.4066,1.436157,413.9095,800,0,104.8087,200,0.1,0.1424586,0.3172331,0,250,0.3172331,1424.287,269.3595,43.4856,11.99446,0,0,612.4596,356.2431,256.2165,0,832.9396,4552.937,0,1.136868e-13,6.966649e-15,4.263256e-14
naive,2026-01-21 19:45:00,1615,19.75,38.40819,3456.045,393.223,5.258603,233.6871,0,0,2419.232,2418.914,1425.586,574.4143,2000,4,402.0422,0.1138168,378.148,719.6959,500,0,324.9685,0.1624843,0.1259371,0.3172331,0,250,0.3172331,993.3286,246.8302,39.35296,0,5.144786,0,601.0366,246.7837,354.2529,0,821.198,4481.192,0,1.136868e-13,1.24345e-13,4.263256e-14
naive,2026-01-21 20:00:00,1616,20,38.22947,3426.994,375.1968,1.799643,196.8109,0,0,2398.896,2398.578,746.6702,388.363,1135.033,3,0,0,335.0332,800,0,381.4815,229.547,0.1147735,0.2046279,0.3172331,0,250,0.3172331,1651.908,219.1667,43.93195,0,1.767788,0,593.0876,408.4072,184.6804,0,796.7702,4335.862,0,-5.684342e-14,-7.993606e-15,4.263256e-14
naive,2026-01-21 20:15:00,1617,20.25,37.88899,3455.631,359.3014,7.809767,173.1386,0,0,2418.942,2418.624,915.1473,434.1905,1349.338,3,239.1205,2.073189,308.1441,800,0,118.0434,200,0.1,0.1445424,0.3172331,0,250,0.3172331,1503.477,202.4161,44.29005,2.137525,5.736578,0,592.5567,368.2997,224.257,0,802.4902,4377.452,0,0,6.189493e-15,4.263256e-14
naive,2026-01-21 20:30:00,1618,20.5,37.53723,3447.79,321.1326,2.02557,169.083,0,0,2413.453,2413.136,1359.6,559.775,1919.375,4,330.5193,0.4072868,288.4488,800,500,0,324.9685,0.1624843,0.1259371,0.3172331,0,250,0.3172331,1053.535,190.2903,44.66002,0,1.618283,0,585.6609,255.6563,330.0046,0,815.4313,4437.421,0,0,1.24345e-13,4.263256e-14
naive,2026-01-21 20:45:00,1619,20.75,37.42584,3385.423,305.4462,4.055295,166.4688,0,0,2369.796,2369.479,695.9489,366.0026,1061.951,3,0,0,261.9515,800,0,299.1299,250.1349,0.1250674,0.2046279,0.3172331,0,250,0.3172331,1673.53,173.0434,44.77717,6.715271,3.656333,0,573.3621,404.9035,168.4586,0,770.9061,4207.5,0,0,-7.993606e-15,4.263256e-14
naive,2026-01-21 21:00:00,1620,21,37.26675,3392.048,272.903,6.315868,145.4,0,0,2374.434,2374.116,735.5725,375.4517,1111.024,3,67.40957,0.08169019,243.533,800,0,200.382,200,0.1,0.1575063,0.3172331,0,250,0.3172331,1638.544,161.1862,44.94449,5.111418,6.234178,0,572.0621,394.7673,177.2948,0,770.219,4205.213,0,5.684342e-14,-1.29341e-14,4.263256e-14
naive,2026-01-21 21:15:00,1621,21.25,37.16222,3401.958,237.337,10.1764,155.2933,0,0,2381.371,2381.054,1226.25,513.0048,1739.255,4,229.5015,0.1835686,209.5701,800,500,0,324.9685,0.1624843,0.1259371,0.3172331,0,250,0.3172331,1154.803,138.8826,45.05443,7.835509,9.992836,16.4107,572.1484,277.4531,294.6953,0,794.4008,4349.272,0,0,1.24345e-13,4.263256e-14
naive,2026-01-21 21:30:00,1622,21.5,36.95322,3390.908,216.234,6.593553,126.5157,0,0,2373.636,2373.318,643.2621,342.7757,986.0378,2,0,0,186.0378,800,0,194.8489,276.2051,0.1381026,0.2046279,0.3172331,0,250,0.3172331,1730.056,123.5987,45.27424,22.81652,5.162145,2.916997,567.1572,413.3802,153.7771,0,756.8529,4160.02,0,-5.684342e-14,-6.483702e-14,4.263256e-14
naive,2026-01-21 21:45:00,1623,21.75,36.74888,3350.384,177.7135,0,115.3263,0,0,2345.269,2344.952,641.9217,342.1848,984.1065,2,0,0,184.1065,800,0,178.8182,231.4571,0.1157286,0.1739223,0.3172331,0,250,0.3172331,1703.03,122.6166,45.48916,0,0,0,557.3856,404.7486,152.637,0,746.9334,4056.958,0,0,-3.089196e-14,4.263256e-14
naive,2026-01-21 22:00:00,1624,22,36.73589,3329.292,145.1571,0,109.6325,0,0,2330.505,2330.187,654.7323,345.4667,1000.199,3,19.88585,1.22791,179.0853,800,0,125.6827,200,0.1,0.1457451,0.3172331,0,250,0.3172331,1675.455,119.291,45.50282,0,0,0,553.6888,398.06,155.6288,0,743.5267,4038.206,0,0,-5.828671e-16,4.263256e-14
naive,2026-01-21 22:15:00,1625,22.25,36.37772,3331.664,134.6771,0,107.907,0,0,2332.165,2331.848,1101.179,470.7869,1571.966,4,120.8947,0.9039842,150.1672,800,500,0,324.9685,0.1624843,0.1259371,0.3172331,0,250,0.3172331,1230.669,100.4586,45.87952,13.78241,0,7.448449,548.9448,289.6747,259.2701,0,762.2148,4164.342,0,-5.684342e-14,1.24345e-13,4.263256e-14
naive,2026-01-21 22:30:00,1626,22.5,36.15674,3323.31,108.9513,0,92.33651,0,0,2326.317,2326,606.4397,326.5425,932.9822,2,0,0,132.9822,800,0,99.57393,300.0239,0.1500119,0.2046279,0.3172331,0,250,0.3172331,1719.56,89.19727,46.11193,9.884304,0,3.13924,544.4533,402.4474,142.0059,0,729.7246,3978.66,0,5.684342e-14,9.148238e-14,4.263256e-14
naive,2026-01-21 22:45:00,1627,22.75,36.09197,3312.521,97.69237,0,94.28546,0,0,2318.765,2318.448,590.7332,319.6183,910.3515,2,0,0,110.3515,800,0,87.96412,277.9856,0.1389928,0.1889206,0.3172331,0,250,0.3172331,1727.714,74.07503,46.18006,9.941818,0,20.21043,541.7822,403.6826,138.0996,0,728.0231,3969.324,0,5.684342e-14,-6.464274e-14,4.263256e-14
naive,2026-01-21 23:00:00,1628,23,36.07851,3271.297,88.70738,0,108.4177,0,0,2289.908,2289.59,571.9916,311.3561,883.3477,2,0,0,83.34771,800,0,82.49395,257.3184,0.1286592,0.1750435,0.3172331,0,250,0.3172331,1717.599,55.95731,46.19421,6.514372,0,52.46035,534.8548,401.1803,133.6744,0,724.7896,3945.612,0,0,4.246603e-14,4.263256e-14
naive,2026-01-21 23:15:00,1629,23.25,35.87499,3313.841,83.80966,0,84.12218,0,0,2319.689,2319.372,572.5616,311.6074,884.169,2,0,0,84.16899,800,0,76.52435,238.1468,0.1190734,0.1620296,0.3172331,0,250,0.3172331,1746.81,56.64573,46.40827,7.332909,0,27.47645,538.9923,405.8808,133.1115,0,723.8725,3941.739,0,5.684342e-14,2.081668e-14,4.263256e-14
naive,2026-01-21 23:30:00,1630,23.5,35.58501,3322.048,85.94497,0,63.21601,0,1,2325.434,2325.117,573.0356,311.8164,884.852,2,0,0,84.85196,800,0,66.33287,221.5261,0.110763,0.1499575,0.3172331,0,250,0.3172331,1752.081,57.30222,46.71325,19.77798,0,5.913788,536.352,404.1105,132.2415,0,717.2908,3926.664,0,0,-4.371503e-14,4.263256e-14
naive,2026-01-21 23:45:00,1631,23.75,35.17716,3281.191,75.91873,0,63.01915,1,1,2296.834,2296.517,574.567,312.4915,887.0585,2,0,0,87.05854,800,0,65.87418,205.0226,0.1025113,0.1394917,0.3172331,0,250,0.3172331,1721.95,59.07642,47.14221,10.67943,0,3.942726,524.3299,393.0931,131.2367,706.4847,0,1378.356,0,0,-3.241851e-14,4.263256e-14
naive,2026-01-22 00:00:00,1632,0,34.88459,3234.808,65.39785,0,75.47263,1,1,2264.366,2264.049,600.0667,320.1156,920.1823,2,30.40894,0.8343592,88.93903,800,0,19.96149,200,0.1,0.1290998,0.3172331,0,250,0.3172331,1663.982,60.56066,47.44992,15.02743,0,14.91197,513.148,377.0897,136.0583,700.5846,0,1373.71,0,0,-9.714451e-16,4.263256e-14
naive,2026-01-22 00:15:00,1633,0.25,34.6332,3258.685,49.24852,3.779643,71.96025,1,1,2281.08,2280.762,995.7399,432.7973,1428.537,3,49.4994,1.350914,77.68685,800,500,0,324.9685,0.1624843,0.1259371,0.3172331,0,250,0.3172331,1285.023,53.05502,47.71431,0,2.428729,18.90523,513.7164,289.3968,224.3196,726.4517,0,1403.414,0,1.705303e-13,1.24345e-13,4.263256e-14
naive,2026-01-22 00:30:00,1634,0.5,34.36813,3251.635,48.89828,9.119545,83.5924,1,1,2276.144,2275.827,561.0951,306.5524,867.6476,2,0,0,67.64758,800,0,46.29657,313.3432,0.1566716,0.2046279,0.3172331,0,250,0.3172331,1714.732,46.34231,47.9931,3.217707,8.503544,37.25009,509.2608,383.6513,125.6095,698.538,0,1363.303,0,0,1.332268e-14,4.263256e-14
naive,2026-01-22 00:45:00,1635,0.75,34.16842,3192.511,43.90856,6.316195,74.28983,1,1,2234.757,2234.44,556.0462,304.3266,860.3728,2,0,0,60.37282,800,0,49.65781,300.8794,0.1504397,0.1973076,0.3172331,0,250,0.3172331,1678.394,41.45516,48.20315,0,6.001367,32.83467,497.5554,373.6844,123.871,685.3215,0,1326.767,0,-5.684342e-14,-1.017519e-13,4.263256e-14
naive,2026-01-22 01:00:00,1636,1,33.98116,3205.761,52.08416,3.42503,52.80791,1,1,2244.033,2243.716,552.1375,302.6035,854.741,2,0,0,54.74099,800,0,48.78951,288.6347,0.1443173,0.1894594,0.3172331,0,250,0.3172331,1691.578,37.67005,48.40009,3.552577,3.167103,15.13786,497.3398,374.9005,122.4393,680.859,0,1318.859,0,0,-4.587997e-14,4.263256e-14
naive,2026-01-22 01:15:00,1637,1.25,33.66963,3218.275,56.81087,0,58.62002,1,1,2252.792,2252.475,553.5124,303.2096,856.722,2,0,0,56.72204,800,0,54.36842,274.9972,0.1374986,0.181749,0.3172331,0,250,0.3172331,1698.963,39.17468,48.72775,2.484468,0,19.44533,495.5176,373.6989,121.8188,681.1856,0,1311.838,0,-5.684342e-14,-6.175616e-14,4.263256e-14
naive,2026-01-22 01:30:00,1638,1.5,33.31387,3198.375,54.73761,4.727659,45.65882,1,1,2238.863,2238.546,551.5973,302.3653,853.9626,2,0,0,53.96256,800,0,49.93936,262.469,0.1312345,0.1731617,0.3172331,0,250,0.3172331,1686.948,37.42245,49.10191,5.69905,3.826862,8.236376,488.2511,367.8896,120.3615,672.0511,0,1305.295,0,0,4.463097e-14,4.263256e-14
naive,2026-01-22 01:45:00,1639,1.75,33.04353,3183.034,62.34406,6.486852,35.73167,1,1,2228.124,2227.806,559.2382,305.7338,864.972,2,0,0,64.97205,800,0,38.50138,252.8024,0.1264012,0.1652729,0.3172331,0,250,0.3172331,1668.568,45.19792,49.38624,25.49605,4.833481,0,482.7782,361.5367,121.2416,667.2705,0,1331.3,0,-1.136868e-13,4.737877e-14,4.263256e-14
naive,2026-01-22 02:00:00,1640,2,32.87405,3213.747,75.09771,1.276612,55.88623,1,1,2249.623,2249.306,538.6171,296.643,835.2601,2,0,0,35.26012,800,0,57.03758,238.5032,0.1192516,0.1591859,0.3172331,0,250,0.3172331,1710.689,24.57657,49.56449,26.67407,0,31.30965,485.4756,369.1719,116.3037,672.5716,0,1335.396,0,5.684342e-14,1.329492e-14,4.263256e-14
naive,2026-01-22 02:15:00,1641,2.25,32.86381,3191.284,64.11803,7.007962,64.18976,1,1,2233.899,2233.582,546.7724,300.2383,847.0106,2,0,0,47.01065,800,0,50.71287,225.7874,0.1128937,0.1501819,0.3172331,0,250,0.3172331,1686.809,32.77063,49.57526,20.29758,0.1155446,31.41912,481.965,363.9301,118.0349,670.9471,0,1321.335,0,-1.136868e-13,2.498002e-14,4.263256e-14
naive,2026-01-22 02:30:00,1642,2.5,32.45415,3168.81,65.02415,7.547954,91.28639,1,1,2218.167,2217.849,537.601,296.1951,833.796,2,0,0,33.79605,800,0,59.16166,210.9614,0.1054807,0.142175,0.3172331,0,250,0.3172331,1680.248,23.66963,50.00612,12.90435,0.5060993,67.61676,473.9628,359.0241,114.9387,669.6671,0,1306.21,0,5.684342e-14,-4.488077e-14,4.263256e-14
naive,2026-01-22 02:45:00,1643,2.75,32.39702,3130.937,61.95698,2.42692,76.96237,1,1,2191.656,2191.338,551.512,300.8898,852.4018,2,12.08728,4.683459,35.63108,800,0,43.71294,200,0.1,0.1328393,0.3172331,0,250,0.3172331,1639.826,24.97111,50.0662,6.156767,0,51.99126,467.6702,349.9171,117.753,661.9012,0,1278.098,0,-5.684342e-14,-1.165734e-15,4.263256e-14
naive,2026-01-22 03:00:00,1644,3,32.18146,3157.552,62.05139,0,47.41905,1,1,2210.287,2209.969,966.3877,419.1991,1385.587,3,55.03289,1.832534,28.72142,800,500,0,324.9685,0.1624843,0.1259371,0.3172331,0,250,0.3172331,1243.582,20.17819,50.29292,7.018497,0,27.24086,469.2714,264.0279,205.2435,689.0106,0,1333.549,0,5.684342e-14,1.24345e-13,4.263256e-14
naive,2026-01-22 03:15:00,1645,3.25,32.15254,3214.441,56.42538,0,29.44171,1,1,2250.108,2249.791,536.9104,295.8906,832.8009,2,0,0,32.80095,800,0,65.6228,308.5117,0.1542558,0.2046279,0.3172331,0,250,0.3172331,1712.881,23.05184,50.32334,0,0,6.389875,477.4036,363.4205,113.9831,660.6668,0,1264.72,0,0,-5.062617e-14,4.263256e-14
naive,2026-01-22 03:30:00,1646,3.5,32.23406,3226.419,50.16653,0.2607926,36.35817,1,1,2258.493,2258.176,547.723,300.6573,848.3803,2,0,0,48.38027,800,0,67.9426,291.4774,0.1457387,0.1942653,0.3172331,0,250,0.3172331,1710.453,33.96912,50.2376,0,0.03944045,2.38905,480.096,363.5972,116.4989,664.7623,0,1273.075,0,1.136868e-13,-1.021128e-13,4.263256e-14
naive,2026-01-22 03:45:00,1647,3.75,32.15429,3196.533,68.86126,0,24.73676,1,1,2237.573,2237.256,548.583,301.0365,849.6195,2,0,0,49.61947,800,0,65.70843,275.0045,0.1375022,0.1835391,0.3172331,0,250,0.3172331,1688.673,34.87086,50.3215,3.532381,0,0,474.7634,358.2989,116.4644,659.3354,0,1268.152,0,0,8.01581e-14,4.263256e-14
naive,2026-01-22 04:00:00,1648,4,31.88427,3218.983,75.1217,2.507492,34.77106,1,1,2253.288,2252.971,552.2379,302.6477,854.8857,2,0,0,54.88567,800,0,80.8182,254.7566,0.1273783,0.1731663,0.3172331,0,250,0.3172331,1700.733,38.69033,50.60549,0,2.442933,0,475.1036,358.5979,116.5057,661.2456,0,1269.774,0,0,3.752554e-14,4.263256e-14
naive,2026-01-22 04:15:00,1649,4.25,31.72265,3254.445,74.53847,4.103795,37.29608,1,1,2278.111,2277.794,555.1199,303.9182,859.0381,2,0,0,59.03809,800,0,85.22344,233.4106,0.1167053,0.1604165,0.3172331,0,250,0.3172331,1722.674,41.69381,50.77548,0,4.016364,0,478.5436,361.8676,116.676,665.7859,0,1281.378,0,0,-3.960721e-14,4.263256e-14
naive,2026-01-22 04:30:00,1650,4.5,31.67538,3245.641,92.18904,1.192957,32.54137,1,1,2271.949,2271.632,569.1394,310.0988,879.2382,2,0,0,79.23818,800,0,91.19886,210.5742,0.1052871,0.1469753,0.3172331,0,250,0.3172331,1702.492,55.98946,50.82519,0.9901808,1.192957,0,476.7285,357.238,119.4905,667.3368,0,1281.261,0,0,-1.637579e-14,4.263256e-14
naive,2026-01-22 04:45:00,1651,4.75,31.55777,3266.802,105.0639,2.847697,46.5817,1,1,2286.761,2286.444,611.9726,321.5266,933.4992,2,62.66928,0.005040235,70.82489,800,0,42.16415,200,0.1,0.1325955,0.3172331,0,250,0.3172331,1674.471,50.11129,50.94888,0.230454,2.842657,0,478.5375,350.4071,128.1304,671.9337,0,1291.851,0,-1.136868e-13,-3.053113e-16,4.263256e-14
naive,2026-01-22 05:00:00,1652,5,31.49025,3271.383,135.4115,8.095939,34.7425,1,1,2289.968,2289.651,1056.201,448.0819,1504.283,4,145.0767,0.01545398,59.19119,800,500,0,324.9685,0.1624843,0.1259371,0.3172331,0,250,0.3172331,1233.45,41.91198,51.0199,0,8.080485,0,478.465,257.7165,220.7486,705.7984,0,1368.138,0,1.136868e-13,1.24345e-13,4.263256e-14
naive,2026-01-22 05:15:00,1653,5.25,31.35204,3337.642,177.943,6.687307,33.28627,1,1,2336.349,2336.032,543.5448,298.8154,842.3601,2,0,0,42.36013,800,0,183.8442,278.9563,0.1394782,0.2046279,0.3172331,0,250,0.3172331,1792.487,30.04111,51.16526,0,6.346242,3.24516,486.6101,373.3357,113.2745,672.8269,0,1299.04,0,-5.684342e-14,2.04281e-14,4.263256e-14
naive,2026-01-22 05:30:00,1654,5.5,31.30132,3314.246,235.6637,8.662003,36.07094,1,1,2319.972,2319.655,542.7259,298.4544,841.1803,2,0,0,41.18027,800,0,223.6444,223.0013,0.1115007,0.1756547,0.3172331,0,250,0.3172331,1776.929,29.22109,51.21861,12.29433,8.386975,6.849852,482.6383,369.6656,112.9726,669.545,0,1317.144,0,5.684342e-14,-3.769207e-14,4.263256e-14
naive,2026-01-22 05:45:00,1655,5.75,31.21818,3273.228,276.0195,0,25.14404,1,1,2291.26,2290.943,687.0757,340.0869,1027.163,3,184.9707,0.2754087,41.91645,800,0,91.86481,200,0.1,0.1404207,0.3172331,0,250,0.3172331,1603.867,29.77135,51.30605,0,0,0,475.7599,333.0288,142.7311,673.1157,0,1288.512,0,5.684342e-14,3.219647e-15,4.263256e-14
naive,2026-01-22 06:00:00,1656,6,31.33792,3282.839,326.3172,0,54.09644,1,1,2297.987,2297.67,1186.734,484.8003,1671.534,4,320.1501,0.45261,50.93118,800,500,0,324.9685,0.1624843,0.1259371,0.3172331,0,250,0.3172331,1110.937,36.12531,51.18011,6.167148,0,17.97113,478.4654,231.3088,247.1566,719.8509,0,1392.763,0,1.136868e-13,1.24345e-13,4.263256e-14
naive,2026-01-22 06:15:00,1657,6.25,31.40445,3331.655,353.9903,1.015538,37.14661,1,1,2332.158,2331.841,561.3089,306.6467,867.9556,2,0,0,67.95561,800,0,360.1042,234.8913,0.1174457,0.2046279,0.3172331,0,250,0.3172331,1770.532,48.16452,51.11014,0,0.2321872,0,486.3211,369.2062,117.115,675.8528,0,1294.607,0,0,-7.993606e-15,4.263256e-14
naive,2026-01-22 06:30:00,1658,6.5,31.54128,3342.345,395.9163,0.7506403,35.06286,1,1,2339.642,2339.324,772.3184,368.8309,1141.149,3,259.242,2.249984,79.6573,800,0,139.4173,200,0.1,0.1479076,0.3172331,0,250,0.3172331,1567.006,56.37106,50.96623,0,0,0,489.4177,327.794,161.6237,696.6249,0,1335.913,0,-1.136868e-13,-6.328271e-15,4.263256e-14
naive,2026-01-22 06:45:00,1659,6.75,31.39836,3382.724,415.1542,3.484324,38.82128,1,1,2367.907,2367.59,1287.317,516.5201,1803.837,4,426.2566,3.841376,73.73897,800,500,0,324.9685,0.1624843,0.1259371,0.3172331,0,250,0.3172331,1080.273,52.26715,51.11654,0,0,0,493.7068,225.2361,268.4707,741.7562,0,1426.006,0,0,1.24345e-13,4.263256e-14
naive,2026-01-22 07:00:00,1660,7,31.42179,3396.584,427.0658,4.373244,29.9938,1,1,2377.609,2377.291,579.3417,314.5964,893.9382,2,0,0,93.93817,800,0,435.9807,215.9222,0.1079611,0.2046279,0.3172331,0,250,0.3172331,1797.95,66.567,51.0919,0,2.585448,0,495.9961,375.0727,120.9234,689.6691,0,1326.32,0,-5.684342e-14,-7.993606e-15,4.263256e-14
naive,2026-01-22 07:15:00,1661,7.25,31.42571,3435.342,414.714,8.428185,40.77157,1,1,2404.739,2404.422,866.3729,397.3725,1263.745,3,367.8692,2.721634,93.15467,800,0,63.55282,200,0.1,0.135963,0.3172331,0,250,0.3172331,1538.049,66.00887,51.08778,0,5.706551,0,501.701,320.8833,180.8177,718.2559,0,1388.882,0,0,-1.249001e-15,4.263256e-14
naive,2026-01-22 07:30:00,1662,7.5,31.48527,3432.759,392.4552,0,52.64558,1,1,2402.931,2402.614,1276.738,513.3138,1790.052,4,414.0071,3.523397,72.52168,800,500,0,324.9685,0.1624843,0.1259371,0.3172331,0,250,0.3172331,1125.876,51.3539,51.02514,0,0,1.291682,502.01,235.2131,266.7969,748.7967,0,1440.19,0,0,1.24345e-13,4.263256e-14
naive,2026-01-22 07:45:00,1663,7.75,31.50518,3418.247,374.8234,0.9776418,64.84485,1,1,2392.773,2392.456,569.2339,310.1404,879.3744,2,0,0,79.37435,800,0,386.3061,228.3408,0.1141704,0.2046279,0.3172331,0,250,0.3172331,1823.222,56.19375,51.00419,0,0,8.651099,500.1167,381.074,119.0426,693.0226,0,1328.666,0,-5.684342e-14,-7.993606e-15,4.263256e-14
naive,2026-01-22 08:00:00,1664,8,31.56013,3406.458,335.8927,265.2254,83.07522,1,1,2384.52,2384.203,932.8739,442.9067,1375.781,3,231.5426,250.186,94.05209,800,0,113.2196,200,0.1,0.1437829,0.3172331,0,250,0.3172331,1451.329,66.54363,50.9464,0,15.03937,16.53159,499.0222,303.728,195.2943,750.0944,0,1468.817,0,-5.684342e-14,4.662937e-15,4.263256e-14
naive,2026-01-22 08:15:00,1665,8.25,31.916,3410.303,293.2748,264.2872,99.4669,1,1,2387.212,2386.895,1385.311,573.9111,1959.222,4,306.969,254.3848,97.86848,800,500,0,324.9685,0.1624843,0.1259371,0.3172331,0,250,0.3172331,1001.584,68.96518,50.57212,0,9.902387,30.50173,503.712,211.3384,292.3735,791.6855,0,1543.559,0,0,1.24345e-13,4.263256e-14
naive,2026-01-22 08:30:00,1666,8.5,32.05241,3439.473,238.5375,273.8246,103.5195,1,1,2407.631,2407.314,583.2362,316.3133,899.5495,2,0,11.02954,88.52,800,0,499.6694,200,0.1,0.2046279,0.3172331,0,250,0.3172331,1824.078,62.28097,50.42865,0,19.87276,41.23851,509.634,386.1107,123.5234,711.1531,0,1399.855,0,0,-7.993606e-15,4.263256e-14
naive,2026-01-22 08:45:00,1667,8.75,32.07893,3483.81,185.789,270.0598,110.7083,1,1,2438.667,2438.35,1319.451,555.8644,1875.315,4,214.6019,258.8461,101.867,800,500,0,324.9685,0.1624843,0.1259371,0.3172331,0,250,0.3172331,1118.899,71.65006,50.40075,0,11.2137,39.05828,516.5226,236.9888,279.5338,801.1259,0,1564.895,0,0,1.24345e-13,4.263256e-14
naive,2026-01-22 09:00:00,1668,9,32.23858,3482.798,156.8473,276.9528,110.1213,1,1,2437.958,2437.641,592.1935,320.2621,912.4556,2,0,0,112.4556,800,0,431.7218,216.9869,0.1084935,0.2046279,0.3172331,0,250,0.3172331,1845.448,78.95411,50.23285,0,14.43139,31.16717,518.3003,392.3348,125.9654,719.223,0,1406.828,0,1.136868e-13,-7.993606e-15,4.263256e-14
naive,2026-01-22 09:15:00,1669,9.25,32.72542,3535.739,116.5311,279.1538,124.3664,1,1,2475.017,2474.7,854.2731,427.8493,1282.122,3,66.83278,262.8022,152.4874,800,0,67.81104,200,0.1,0.1366335,0.3172331,0,250,0.3172331,1620.427,106.4662,49.72082,0,16.35157,17.90015,532.2384,348.4636,183.7748,780.1622,0,1532.595,0,-1.136868e-13,5.245804e-15,4.263256e-14
naive,2026-01-22 09:30:00,1670,9.5,33.02596,3535.404,94.43734,285.1932,127.6363,1,1,2474.783,2474.465,1287.309,554.2366,1841.545,4,109.1714,262.5685,169.8054,800,500,0,324.9685,0.1624843,0.1259371,0.3172331,0,250,0.3172331,1187.157,118.1493,49.40472,0,22.62466,9.487019,535.9985,257.1192,278.8793,813.4106,0,1610.268,0,0,1.24345e-13,4.263256e-14
naive,2026-01-22 09:45:00,1671,9.75,33.13064,3580.665,88.03477,284.9761,151.6489,1,1,2506.465,2506.148,648.0935,344.9056,992.999,2,0,0,192.999,800,0,350.2029,237.3666,0.1186833,0.2046279,0.3172331,0,250,0.3172331,1858.055,134.1256,49.29463,0.291002,22.51699,17.52326,544.2177,403.4312,140.7865,752.1415,0,1488.17,0,-5.684342e-14,-7.993606e-15,4.263256e-14
naive,2026-01-22 10:00:00,1672,10,33.32901,3575.174,79.09016,290.3515,142.7306,1,1,2502.622,2502.305,792.5432,408.5861,1201.129,3,0,188.0683,213.0609,800,0,149.3171,200,0.1,0.1494663,0.3172331,0,250,0.3172331,1709.762,147.7296,49.08599,8.048369,24.00784,0,545.97,373.0002,172.9698,781.5863,0,1563.248,0,0,2.414735e-15,4.263256e-14
naive,2026-01-22 10:15:00,1673,10.25,33.55655,3587.532,72.83996,291.8618,151.1824,1,1,2511.273,2510.955,1302.72,566.7149,1869.435,4,61.38766,265.0694,242.9777,800,500,0,324.9685,0.1624843,0.1259371,0.3172331,0,250,0.3172331,1208.235,168.0307,48.84667,11.4523,26.79234,0,550.8652,265.0349,285.8303,831.7498,0,1674.519,0,0,1.24345e-13,4.263256e-14
naive,2026-01-22 10:30:00,1674,10.5,33.80311,3622.624,66.95801,291.9163,166.1567,1,1,2535.836,2535.519,702.4851,368.8841,1071.369,3,0,0,271.3692,800,0,327.7314,242.9845,0.1214923,0.2046279,0.3172331,0,250,0.3172331,1833.034,187.1295,48.58735,9.881242,21.26164,0,559.5826,404.4953,155.0873,773.3794,0,1545.819,0,0,-7.993606e-15,4.263256e-14
naive,2026-01-22 10:45:00,1675,10.75,33.81972,3631.653,49.82368,289.4014,182.5107,1,1,2542.157,2541.84,811.1044,416.7688,1227.873,3,0,150.2192,277.6539,800,0,171.785,200,0.1,0.1530038,0.3172331,0,250,0.3172331,1730.736,191.4264,48.56989,3.913387,13.30746,0,561.2036,382.0751,179.1285,798.8439,0,1572.753,0,-2.273737e-13,8.326673e-16,4.263256e-14
naive,2026-01-22 11:00:00,1676,11,33.95552,3727.889,54.37514,287.1144,213.5198,1,0,2609.522,2609.205,1352.337,590.4778,1942.815,4,45.5059,279.5042,317.8044,800,500,0,324.9685,0.1624843,0.1259371,0.3172331,0,250,0.3172331,1256.868,218.7625,48.42706,8.869236,7.610213,0,577.981,278.3827,299.5982,868.8605,0,1711.668,0,0,1.24345e-13,4.263256e-14
naive,2026-01-22 11:15:00,1677,11.25,34.19189,3739.439,63.76494,291.3217,232.6258,1,0,2617.607,2617.29,762.5172,395.3492,1157.866,3,0,0,357.8664,800,0,328.6064,242.7658,0.1213829,0.2046279,0.3172331,0,250,0.3172331,1854.773,245.6627,48.17846,19.59328,6.886918,0,583.1298,413.1916,169.9382,808.5408,0,1608.559,0,-1.136868e-13,4.884981e-14,4.263256e-14
naive,2026-01-22 11:30:00,1678,11.5,34.23671,3761.574,54.54631,286.8432,272.4808,0,0,2633.102,2632.785,896.9594,454.6179,1351.577,3,0,162.0443,389.533,800,0,170.9102,200,0.1,0.152866,0.3172331,0,250,0.3172331,1735.825,267.261,48.13132,5.429072,3.006067,5.219723,587.2267,387.1187,200.108,0,842.9007,4596.356,0,0,-3.053113e-15,4.263256e-14
naive,2026-01-22 11:45:00,1679,11.75,34.47586,3732.738,48.65301,294.6235,297.8241,0,0,2612.917,2612.599,1396.922,603.0779,2000,4,49.8544,288.1473,450.3587,711.6395,500,0,324.9685,0.1624843,0.1259371,0.3172331,0,250,0.3172331,1215.677,308.1324,42.59145,0,6.476152,0,586.1639,272.7167,313.4471,0,875.7946,4780.126,0,0,1.24345e-13,4.263256e-14
naive,2026-01-22 12:00:00,1680,12,34.74576,3729.355,57.78834,297.9566,330.4506,0,0,2610.549,2610.231,851.485,434.5705,1286.055,3,0,0,486.0555,800,0,330.0624,242.4018,0.1212009,0.2046279,0.3172331,0,250,0.3172331,1758.746,331.5063,47.59593,12.80795,12.87455,0,589.5593,397.1905,192.3687,0,831.7611,4565.443,0,0,-7.993606e-15,4.263256e-14
naive,2026-01-22 12:15:00,1681,12.25,35.10059,3771.061,52.24273,302.552,362.0325,0,0,2639.742,2639.425,995.9411,498.2539,1494.195,3,0,163.7052,530.4898,800,0,169.4544,200,0.1,0.1526368,0.3172331,0,250,0.3172331,1643.484,360.3061,47.22273,7.621405,14.01372,1.726389,601.454,374.4608,226.9932,0,873.1081,4786.289,0,-1.136868e-13,7.71605e-15,4.263256e-14
naive,2026-01-22 12:30:00,1682,12.5,35.48623,3799.838,56.10075,298.6737,387.7122,0,0,2659.886,2659.569,1403.264,596.7361,2000,4,47.10187,288.296,580.8799,583.7223,500,0,324.9685,0.1624843,0.1259371,0.3172331,0,250,0.3172331,1256.305,392.7388,34.16026,8.99888,10.37777,0,611.9585,289.0374,322.9211,0,885.7735,4866.749,0,-2.273737e-13,1.24345e-13,4.263256e-14
naive,2026-01-22 12:45:00,1683,12.75,35.71064,3807.549,61.02637,298.8434,412.72,0,0,2665.284,2664.967,948.9624,477.5433,1426.506,3,0,0,626.5057,800,0,335.7919,240.9694,0.1204847,0.2046279,0.3172331,0,250,0.3172331,1716.004,422.4621,46.58112,9.991841,14.086,0,616.7027,397.0551,219.6476,0,874.5985,4799.422,0,-5.684342e-14,-7.993606e-15,4.263256e-14
naive,2026-01-22 13:00:00,1684,13,35.98094,3811.065,57.13046,300.3247,446.5208,0,0,2667.745,2667.428,1099.194,543.773,1642.968,4,0,177.9345,665.033,800,0,163.7258,200,0.1,0.1517349,0.3172331,0,250,0.3172331,1568.234,447.0036,46.29684,0,17.17614,0,621.5482,365.377,256.1712,0,909.1501,4977.87,0,0,-3.996803e-15,4.263256e-14
naive,2026-01-22 13:15:00,1685,13.25,36.30037,3786.241,54.18267,303.0309,474.3648,0,0,2650.368,2650.051,1410.566,589.434,2000,4,57.0944,280.5446,704.766,457.595,500,0,324.9685,0.1624843,0.1259371,0.3172331,0,250,0.3172331,1239.485,471.9092,26.28933,0,22.48622,2.455623,622.5966,291.1668,331.4298,0,881.1777,4855.691,0,-2.273737e-13,1.24345e-13,4.263256e-14
naive,2026-01-22 13:30:00,1686,13.5,36.65273,3788.825,44.46221,302.9313,488.626,0,0,2652.177,2651.86,1045.743,520.2088,1565.952,4,0,0,765.9515,800,0,334.7397,241.2324,0.1206162,0.2046279,0.3172331,0,250,0.3172331,1606.118,510.7197,45.59028,0,21.78267,0,628.7463,380.759,247.9873,0,900.9679,4941.609,0,-2.273737e-13,-7.993606e-15,4.263256e-14
naive,2026-01-22 13:45:00,1687,13.75,36.8782,3768.387,42.07126,300.9383,483.2397,0,0,2637.871,2637.553,1174.654,577.0392,1751.693,4,0,162.4274,789.2655,800,0,164.7778,200,0.1,0.1519005,0.3172331,0,250,0.3172331,1462.9,524.8414,45.35315,0,20.6583,0,629.0532,348.8578,280.1954,0,925.897,5077.047,0,1.136868e-13,-8.493206e-15,4.263256e-14
naive,2026-01-22 14:00:00,1688,14,36.99166,3734.917,43.30009,298.7899,514.9699,0,1,2614.442,2614.125,1416.035,583.9649,2000,4,53.38877,279.1432,822.3297,345.1383,500,0,324.9685,0.1624843,0.1259371,0.3172331,0,250,0.3172331,1198.09,546.0818,19.5149,0,19.64673,0,625.3273,286.5614,338.7659,0,870.5263,4799.831,0,0,1.24345e-13,4.263256e-14
naive,2026-01-22 14:15:00,1689,14.25,37.26295,3733.658,36.29404,296.1799,524.5816,0,1,2613.56,2613.243,1116.661,551.4732,1668.134,4,0,0,868.1344,800,0,339.8243,239.9613,0.1199806,0.2046279,0.3172331,0,250,0.3172331,1496.582,574.6151,44.94849,0,14.03797,0,629.6104,360.5287,269.0817,0,912.0019,4989.659,0,-2.273737e-13,-6.483702e-14,4.263256e-14
naive,2026-01-22 14:30:00,1690,14.5,37.55422,3779.826,42.14757,296.7433,557.0461,1,1,2645.878,2645.561,1236.057,604.1086,1840.165,4,0,177.1357,863.0295,800,0,159.694,200,0.1,0.1511001,0.3172331,0,250,0.3172331,1409.504,569.2251,44.64215,0,17.63023,0,642.3537,342.1927,300.161,946.3013,0,1872.792,0,-2.273737e-13,9.797718e-15,4.263256e-14
naive,2026-01-22 14:45:00,1691,14.75,37.74443,3765,59.91528,297.6678,574.2454,1,1,2635.5,2635.183,1419.94,580.0601,2000,4,57.41119,280.0568,886.9654,275.5666,500,0,324.9685,0.1624843,0.1259371,0.3172331,0,250,0.3172331,1215.243,583.6627,15.30845,2.504094,17.611,0,643.1009,296.5372,346.5637,876.5972,0,1770.671,0,0,1.24345e-13,4.263256e-14
naive,2026-01-22 15:00:00,1692,15,37.97442,3769.573,70.65755,300.6671,583.7326,1,1,2638.701,2638.384,1142.807,562.9996,1705.807,4,0,0,905.8065,800,0,335.6314,241.0095,0.1205048,0.2046279,0.3172331,0,250,0.3172331,1495.577,594.3944,44.2002,13.3403,22.35299,0,647.8817,367.2098,280.6718,930.2094,0,1872.264,0,0,-7.993606e-15,4.263256e-14
naive,2026-01-22 15:15:00,1693,15.25,38.31641,3734.913,75.65881,297.1921,619.1136,1,1,2614.439,2614.122,1271.742,619.8406,1891.583,4,0,169.9926,921.5902,800,0,163.8863,200,0.1,0.1517602,0.3172331,0,250,0.3172331,1342.38,602.2303,43.84052,19.41814,19.55386,16.88321,647.909,332.6679,315.2412,956.6924,0,1931.291,0,2.273737e-13,-1.110223e-15,4.263256e-14
naive,2026-01-22 15:30:00,1694,15.5,38.38137,3720.447,69.99484,293.3129,598.1562,1,1,2604.313,2603.996,1423.846,576.1535,2000,4,68.97215,272.8495,940.0961,218.0823,500,0,324.9685,0.1624843,0.1259371,0.3172331,0,250,0.3172331,1180.149,613.8348,11.93243,1.022691,20.46347,0,646.5445,292.9828,353.5617,869.1364,0,1761.912,0,0,1.24345e-13,4.263256e-14
naive,2026-01-22 15:45:00,1695,15.75,38.40808,3741.797,63.62342,289.2645,588.582,1,1,2619.258,2618.941,1151.647,566.8968,1718.544,4,0,0,918.5439,800,0,341.6066,239.5157,0.1197579,0.2046279,0.3172331,0,250,0.3172331,1467.293,599.5661,43.7441,0,20.4729,0,650.7293,364.5349,286.1944,931.4316,0,1848.967,0,0,-7.993606e-15,4.263256e-14
naive,2026-01-22 16:00:00,1696,16,38.37338,3731.674,79.17537,288.7038,563.6107,1,1,2612.172,2611.854,1280.966,623.9068,1904.873,4,0,189.5184,915.3542,800,0,157.912,200,0.1,0.1508195,0.3172331,0,250,0.3172331,1330.889,597.7381,43.7806,0,21.08838,0,648.354,330.3332,318.0208,954.2399,0,1895.604,0,0,6.328271e-15,4.263256e-14
naive,2026-01-22 16:15:00,1697,16.25,38.50303,3704.474,100.456,287.2313,563.9993,1,1,2593.132,2592.815,1425.47,574.5304,2000,4,96.19658,264.5258,909.0336,230.2441,500,0,324.9685,0.1624843,0.1259371,0.3172331,0,250,0.3172331,1167.345,592.6678,12.56103,4.259458,22.70555,0,645.9147,290.7701,355.1446,865.3005,0,1762.984,0,0,1.24345e-13,4.263256e-14
naive,2026-01-22 16:30:00,1698,16.5,38.69017,3720.891,124.9547,287.0371,554.7548,1,1,2604.624,2604.307,1130.155,557.4219,1687.577,4,0,0,887.5767,800,0,367.6425,233.0067,0.1165034,0.2046279,0.3172331,0,250,0.3172331,1474.152,577.3497,43.44741,19.37356,24.9758,0,652.121,369.0841,283.0368,926.506,0,1880.636,0,0,-7.993606e-15,4.263256e-14
naive,2026-01-22 16:45:00,1699,16.75,38.67886,3699.881,132.0615,281.3105,528.7608,1,1,2589.917,2589.6,1283.468,625.0099,1908.478,4,0,253.1871,855.2908,800,0,131.8802,200,0.1,0.1467209,0.3172331,0,250,0.3172331,1306.132,556.4258,43.45931,6.646329,21.65833,0,648.2367,326.9149,321.3218,951.9248,0,1903.783,0,1.136868e-13,-7.688294e-15,4.263256e-14
naive,2026-01-22 17:00:00,1700,17,38.93928,3697.979,159.1502,274.9384,519.3732,1,1,2588.585,2588.268,1429.082,570.9177,2000,4,155.5868,256.7378,832.2992,255.3762,500,0,324.9685,0.1624843,0.1259371,0.3172331,0,250,0.3172331,1159.185,539.7341,13.78566,3.563355,18.20058,0,652.5825,292.2307,360.3517,863.1484,0,1748.331,0,-1.136868e-13,1.24345e-13,4.263256e-14
naive,2026-01-22 17:15:00,1701,17.25,38.88284,3725.982,194.6512,274.3566,480.3689,1,1,2608.188,2607.87,1069.769,530.8008,1600.57,4,0,0,800.5697,800,0,443.8891,213.9451,0.1069725,0.2046279,0.3172331,0,250,0.3172331,1538.101,519.5195,43.24478,8.620265,16.49841,0,656.4967,387.1495,269.3472,917.9503,0,1830.58,0,0,-7.993606e-15,4.263256e-14
naive,2026-01-22 17:30:00,1702,17.5,38.91631,3748.761,220.3601,268.599,468.2093,1,1,2624.133,2623.816,1336.241,629.5416,1965.783,4,157.4754,253.593,754.7142,800,0,55.64561,200,0.1,0.1347181,0.3172331,0,250,0.3172331,1287.575,489.5601,43.20958,7.239103,15.00601,0,661.1229,324.391,336.7319,953.9326,0,1897.627,0,-2.273737e-13,-1.776357e-15,4.263256e-14
naive,2026-01-22 17:45:00,1703,17.75,38.88468,3675.234,245.5163,265.7565,435.5405,0,1,2572.664,2572.347,1435.369,564.6309,2000,4,244.5238,252.2746,727.2609,275.9406,500,0,324.9685,0.1624843,0.1259371,0.3172331,0,250,0.3172331,1136.978,471.9361,14.91557,0.9925109,13.48192,0,647.5881,286.1988,361.3894,0,850.8297,4687.752,0,0,1.24345e-13,4.263256e-14
naive,2026-01-22 18:00:00,1704,18,39.02234,3649.457,272.6448,5.040895,447.1699,0,1,2554.62,2554.303,989.2002,495.2822,1484.482,3,0,0,684.4824,800,0,284.2484,253.8552,0.1269276,0.2046279,0.3172331,0,250,0.3172331,1565.102,443.4222,43.09805,0,1.026454,3.747694,645.5067,395.4734,250.0333,0,891.7025,4857.649,0,0,-6.483702e-14,4.263256e-14
naive,2026-01-22 18:15:00,1705,18.25,38.89082,3590.201,303.8347,4.584511,407.3589,0,1,2513.141,2512.823,1036.185,504.223,1540.408,4,98.95955,2.471656,638.9764,800,0,215.2611,200,0.1,0.1598489,0.3172331,0,250,0.3172331,1476.639,414.6148,43.23638,0,2.112855,0,632.7126,371.7611,260.9515,0,875.9841,4772.916,0,2.273737e-13,-1.207368e-14,4.263256e-14
naive,2026-01-22 18:30:00,1706,18.5,39.02649,3563.494,344.4612,0.836983,368.7944,0,0,2494.446,2494.129,1428.946,571.0539,2000,4,341.6861,2.808268,598.2816,557.2241,500,0,324.9685,0.1624843,0.1259371,0.3172331,0,250,0.3172331,1065.183,387.5597,30.01605,2.775129,0,0,630.3745,269.1836,361.1909,0,840.2376,4592.326,0,-2.273737e-13,1.24345e-13,4.263256e-14
naive,2026-01-22 18:45:00,1707,18.75,38.91668,3550.569,357.4349,1.722106,354.8725,0,0,2485.399,2485.081,893.2484,452.9819,1346.23,3,0,0,546.2303,800,0,374.0763,231.3983,0.1156991,0.2046279,0.3172331,0,250,0.3172331,1591.833,354.3213,43.20918,0,0,0.5511607,626.1767,401.0498,225.1269,0,854.1706,4649.328,0,0,-7.993606e-15,4.263256e-14
naive,2026-01-22 19:00:00,1708,19,38.64656,3512.331,384.5409,0,327.3949,0,0,2458.632,2458.315,1065.741,497.9205,1563.662,4,261.4736,4.947531,497.2405,800,0,125.4475,200,0.1,0.1457081,0.3172331,0,250,0.3172331,1392.573,323.6178,43.49328,0,0,3.777121,614.8304,348.241,266.5894,0,847.1061,4610.154,0,-2.273737e-13,-3.330669e-16,4.263256e-14
naive,2026-01-22 19:15:00,1709,19.25,38.45896,3526.424,393.3831,3.59688,299.2479,0,0,2468.497,2468.18,1428.459,571.5408,2000,4,395.5928,4.628363,446.4077,653.3711,500,0,324.9685,0.1624843,0.1259371,0.3172331,0,250,0.3172331,1039.721,291.2044,35.68271,0,0,8.043504,614.1282,258.6682,355.46,0,832.2101,4537.013,0,-2.273737e-13,1.24345e-13,4.263256e-14
naive,2026-01-22 19:30:00,1710,19.5,38.30788,3497.972,416.7006,7.622134,280.4077,0,0,2448.58,2448.263,800.8512,412.2487,1213.1,3,0,0,413.0999,800,0,398.0897,225.3949,0.1126975,0.2046279,0.3172331,0,250,0.3172331,1647.412,269.976,43.84948,19.92189,6.311141,10.43167,606.665,408.1659,198.499,0,822.9992,4522.417,0,1.705303e-13,-7.993606e-15,4.263256e-14
naive,2026-01-22 19:45:00,1711,19.75,38.37079,3430.33,417.4083,0,245.5226,0,0,2401.231,2400.914,1000.904,465.2467,1466.151,3,295.859,2.944945,367.3468,800,0,101.4378,200,0.1,0.1419279,0.3172331,0,250,0.3172331,1400.01,239.8898,43.78332,20.11154,0,5.632731,595.9553,347.4648,248.4905,0,814.1095,4463.038,0,-1.705303e-13,6.189493e-15,4.263256e-14
naive,2026-01-22 20:00:00,1712,20,38.14855,3418.871,402.8007,2.995495,214.16,0,0,2393.21,2392.892,1416.355,579.1386,1995.493,4,378.069,1.002674,316.4216,800,500,0,324.9685,0.1624843,0.1259371,0.3172331,0,250,0.3172331,976.5377,207.1965,44.01706,24.73168,1.992821,6.963554,590.3826,240.9028,349.4798,0,821.7592,4516.256,0,-2.273737e-13,1.24345e-13,4.263256e-14
naive,2026-01-22 20:15:00,1713,20.25,37.972,3370.775,388.0156,5.872051,223.7732,0,0,2359.543,2359.225,710.9427,372.6126,1083.555,3,0,0,283.5552,800,0,363.6149,234.0136,0.1170068,0.2046279,0.3172331,0,250,0.3172331,1648.283,186.0757,44.20275,29.6234,0.649333,37.69748,579.3018,404.6772,174.6246,0,786.5451,4328.49,0,-5.684342e-14,-6.483702e-14,4.263256e-14
naive,2026-01-22 20:30:00,1714,20.5,38.04132,3349.933,354.9384,2.61199,197.8555,0,0,2344.953,2344.636,850.2886,411.4958,1261.784,3,189.5391,1.288813,270.9565,800,0,135.9072,200,0.1,0.147355,0.3172331,0,250,0.3172331,1494.347,177.6579,44.12984,29.49218,1.323177,20.19759,576.7997,367.5719,209.2277,0,784.0358,4315.707,0,0,-1.235123e-14,4.263256e-14
naive,2026-01-22 20:45:00,1715,20.75,37.85662,3323.253,318.1595,0,182.7646,0,0,2326.277,2325.96,1317.027,544.3419,1861.368,4,302.4799,2.390933,256.4976,800,500,0,324.9685,0.1624843,0.1259371,0.3172331,0,250,0.3172331,1008.934,168.5567,44.3241,15.67962,0,14.20796,569.3605,246.9383,322.4222,0,794.7576,4348.35,0,0,1.24345e-13,4.263256e-14
naive,2026-01-22 21:00:00,1716,21,37.56286,3321.067,279.3862,0,161.4951,0,0,2324.747,2324.43,674.1748,356.4035,1030.578,3,0,0,230.5783,800,0,274.191,256.3696,0.1281848,0.2046279,0.3172331,0,250,0.3172331,1650.255,152.0657,44.63306,8.683502,0,9.429373,564.5213,400.7335,163.7878,0,759.4268,4141.614,0,1.136868e-13,-1.216804e-13,4.263256e-14
naive,2026-01-22 21:15:00,1717,21.25,37.24624,3271.061,249.0103,0,145.8189,0,0,2289.743,2289.426,679.5393,357.7664,1037.306,3,8.42307,5.678136,223.2045,800,0,225.317,200,0.1,0.1614322,0.3172331,0,250,0.3172331,1609.886,147.7681,44.96606,15.27028,0,0,551.3582,387.6523,163.7059,0,745.4187,4075.557,0,-1.136868e-13,-6.217249e-15,4.263256e-14
naive,2026-01-22 21:30:00,1718,21.5,36.81965,3261.628,214.9111,0,142.7869,0,0,2283.14,2282.823,1195.865,502.4316,1698.297,4,205.7783,4.316168,188.2024,800,500,0,324.9685,0.1624843,0.1259371,0.3172331,0,250,0.3172331,1086.957,125.2379,45.41472,9.132824,0,17.549,543.6257,258.8093,284.8163,0,765.4194,4174.469,0,2.273737e-13,1.24345e-13,4.263256e-14
naive,2026-01-22 21:45:00,1719,21.75,36.62491,3272.048,175.265,0,124.1766,0,0,2290.434,2290.116,637.7475,340.3446,978.092,2,0,0,178.092,800,0,178.1988,280.3677,0.1401838,0.2046279,0.3172331,0,250,0.3172331,1652.369,118.7875,45.61954,0,0,5.389051,542.5948,391.4398,151.1551,0,733.061,3980.513,0,0,-6.483702e-14,4.263256e-14
naive,2026-01-22 22:00:00,1720,22,36.52803,3254.145,154.4737,0,108.1769,0,0,2277.901,2277.584,632.9478,338.2286,971.1764,2,0,0,171.1764,800,0,145.8024,243.8729,0.1219365,0.1765434,0.3172331,0,250,0.3172331,1644.636,114.3075,45.72144,9.241492,0,0,538.2671,388.6268,149.6402,0,726.8555,3962.21,0,0,-1.079692e-14,4.263256e-14
naive,2026-01-22 22:15:00,1721,22.25,36.22686,3213.099,129.7102,0,83.29037,0,0,2249.169,2248.852,622.6867,333.705,956.3917,2,0,0,156.3917,800,0,128.8233,211.6287,0.1058143,0.1535632,0.3172331,0,250,0.3172331,1626.165,104.8114,46.0382,1.316667,0,0,527.3494,381.2774,146.072,0,714.9824,3882.881,0,1.136868e-13,-1.829092e-14,4.263256e-14
naive,2026-01-22 22:30:00,1722,22.5,35.83482,3233.765,101.1511,0,76.2027,0,0,2263.635,2263.318,653.6287,340.4327,994.0614,2,58.11351,0.2169142,135.731,800,0,46.38147,200,0.1,0.1332595,0.3172331,0,250,0.3172331,1609.689,91.39058,46.45052,0,0,0,525.4285,373.6365,151.7921,0,714.0691,3875.123,0,0,1.69309e-15,4.263256e-14
naive,2026-01-22 22:45:00,1723,22.75,35.60523,3234.951,91.46649,0,80.94285,1,0,2264.465,2264.148,1062.845,457.1795,1520.025,4,93.22139,0.07708866,126.7264,800,500,0,324.9685,0.1624843,0.1259371,0.3172331,0,250,0.3172331,1201.303,85.56037,46.69199,0,0,0,522.5579,277.2179,245.34,734.3974,0,1416.266,0,1.705303e-13,1.24345e-13,4.263256e-14
naive,2026-01-22 23:00:00,1724,23,35.33841,3208.589,70.8952,3.294505,61.00478,1,0,2246.013,2245.695,601.5943,324.4065,926.0008,2,0,0,126.0008,800,0,85.97515,303.4236,0.1517118,0.2046279,0.3172331,0,250,0.3172331,1644.101,85.33943,46.97261,0,3.15822,0,514.8129,376.8476,137.9653,701.2541,0,1355.112,0,-5.684342e-14,1.199041e-13,4.263256e-14
naive,2026-01-22 23:15:00,1725,23.25,35.05086,3180.939,62.84584,1.724434,47.59738,1,0,2226.657,2226.34,587.982,318.4055,906.3875,2,0,0,106.3875,800,0,80.64197,283.2153,0.1416077,0.1910614,0.3172331,0,250,0.3172331,1638.358,72.30019,47.27504,0,1.700636,0,506.7028,372.8282,133.8746,691.2337,0,1332.216,0,-5.684342e-14,1.038891e-13,4.263256e-14
naive,2026-01-22 23:30:00,1726,23.5,34.83534,3184.314,53.29005,3.640103,29.76942,1,1,2229.02,2228.703,576.3088,313.2594,889.5682,2,0,0,89.56817,800,0,77.22232,263.8651,0.1319326,0.1783365,0.3172331,0,250,0.3172331,1652.394,61.02435,47.50172,0,3.557162,0,504.5186,374.0045,130.5141,687.2638,0,1327.224,0,0,5.453971e-14,4.263256e-14
naive,2026-01-22 23:45:00,1727,23.75,34.56701,3210.988,50.55202,1.831863,18.10191,1,1,2247.691,2247.374,576.6886,313.4268,890.1154,2,0,0,90.1154,800,0,71.41242,245.9705,0.1229853,0.166152,0.3172331,0,250,0.3172331,1670.685,61.59062,47.78393,0,1.567328,0,505.3685,375.6351,129.7334,689.0619,0,1327.071,0,-5.684342e-14,-2.756129e-14,4.263256e-14
naive,2026-01-23 00:00:00,1728,0,34.2503,3184.64,61.85826,5.187388,32.66727,1,1,2229.248,2228.931,584.1657,316.7231,900.8888,2,0,0,100.8888,800,0,58.78077,231.2366,0.1156183,0.154884,0.3172331,0,250,0.3172331,1644.765,69.2095,48.11703,3.425135,4.839738,0,497.326,366.9329,130.3931,683.656,0,1327.437,0,5.684342e-14,-1.482148e-14,4.263256e-14
naive,2026-01-23 00:15:00,1729,0.25,34.10587,3181.904,64.12929,1.695038,35.62223,1,1,2227.333,2227.015,578.5769,314.2593,892.8362,2,0,0,92.8362,800,0,51.79717,218.2509,0.1091255,0.1456063,0.3172331,0,250,0.3172331,1648.438,63.79268,48.26893,14.9738,0,0,495.1439,366.4537,128.6902,680.7129,0,1332.953,0,-5.684342e-14,-3.108624e-15,4.263256e-14
naive,2026-01-23 00:30:00,1730,0.5,33.60834,3230.107,67.41374,6.321662,51.77438,1,1,2261.075,2260.758,581.6644,315.6204,897.2848,2,0,0,97.28478,800,0,52.7581,205.027,0.1025135,0.1374294,0.3172331,0,250,0.3172331,1679.093,67.23675,48.79221,19.92806,1.049246,0,496.6031,368.7816,127.8215,684.402,0,1350.099,0,-5.684342e-14,-1.953993e-14,4.263256e-14
naive,2026-01-23 00:45:00,1731,0.75,33.20857,3228.155,58.93417,8.501456,53.59392,1,1,2259.709,2259.392,596.9755,319.235,916.2106,2,26.3558,3.605085,86.24968,800,0,19.97897,200,0.1,0.1291025,0.3172331,0,250,0.3172331,1662.416,59.88586,49.21266,12.5994,4.896371,0,491.5555,361.6262,129.9294,680.8612,0,1336.538,0,-5.684342e-14,5.273559e-16,4.263256e-14
naive,2026-01-23 01:00:00,1732,1,32.92189,3233.502,42.43215,15.24441,57.13204,1,1,2263.451,2263.134,989.1061,429.7687,1418.875,3,50.37413,1.996224,66.50442,800,500,0,324.9685,0.1624843,0.1259371,0.3172331,0,250,0.3172331,1274.028,46.32864,49.51418,0,13.24818,10.80341,489.015,275.2517,213.7633,707.3545,0,1381.859,0,1.705303e-13,1.24345e-13,4.263256e-14
naive,2026-01-23 01:15:00,1733,1.25,32.50851,3232.311,49.3733,12.40177,43.60613,1,1,2262.618,2262.3,564.1067,307.8801,871.9867,2,0,0,71.98672,800,0,55.64156,311.007,0.1555035,0.2046279,0.3172331,0,250,0.3172331,1698.194,50.38581,49.94895,0,12.38496,0,484.0793,363.3227,120.7565,671.2028,0,1307.577,0,5.684342e-14,8.437695e-14,4.263256e-14
naive,2026-01-23 01:30:00,1734,1.5,32.46042,3267.821,43.73879,9.811224,53.46186,1,1,2287.475,2287.157,556.0064,304.3091,860.3155,2,0,0,60.31546,800,0,55.00718,297.2062,0.1486031,0.1958365,0.3172331,0,250,0.3172331,1731.151,42.23992,49.99952,0,6.832275,11.22194,488.8442,369.9552,118.889,676.6624,0,1308.861,0,0,2.420286e-14,4.263256e-14
naive,2026-01-23 01:45:00,1735,1.75,31.95844,3235.694,41.36864,12.04526,60.75961,1,1,2264.986,2264.668,553.9549,303.4047,857.3595,2,0,0,57.35952,800,0,55.09727,283.3851,0.1416926,0.1871464,0.3172331,0,250,0.3172331,1710.714,40.40017,50.52748,0,7.747305,20.35944,478.3929,361.3238,117.0691,669.0286,0,1294.578,0,0,-7.074896e-14,4.263256e-14
naive,2026-01-23 02:00:00,1736,2,31.82935,3235.533,44.64294,5.571388,59.16579,1,1,2264.873,2264.556,555.4136,304.0477,859.4614,2,0,0,59.46137,800,0,67.79922,266.3907,0.1331953,0.1784434,0.3172331,0,250,0.3172331,1709.142,41.94198,50.66325,0,0.9745357,17.22381,476.9387,359.9125,117.0262,667.5872,0,1279.859,0,0,-1.001144e-13,4.263256e-14
naive,2026-01-23 02:15:00,1737,2.25,31.69238,3239.355,48.58851,1.307052,71.77571,1,1,2267.549,2267.231,563.7793,307.7358,871.5151,2,0,0,71.51509,800,0,61.96434,250.8577,0.1254288,0.1677423,0.3172331,0,250,0.3172331,1703.452,50.52262,50.80731,0,0,21.25309,475.9919,357.5797,118.4122,669.7768,0,1282.395,0,0,-2.775558e-15,4.263256e-14
naive,2026-01-23 02:30:00,1738,2.5,31.53743,3256.913,56.68628,0,55.54955,1,1,2279.839,2279.522,574.1055,312.288,886.3935,2,0,0,86.39348,800,0,66.55842,234.1786,0.1170893,0.1579614,0.3172331,0,250,0.3172331,1705.417,61.14072,50.97028,0,0,0,476.8658,356.7159,120.1499,669.0039,0,1280.666,0,0,2.053913e-15,4.263256e-14
naive,2026-01-23 02:45:00,1739,2.75,31.40434,3249.866,46.07862,3.061815,42.49846,1,1,2274.906,2274.589,566.892,309.108,876,2,0,0,76.00004,800,0,62.65792,218.4772,0.1092386,0.1474588,0.3172331,0,250,0.3172331,1707.697,53.86619,51.11025,0,0,0,474.3813,356.1023,118.2789,665.2103,0,1272.922,0,0,-1.298961e-14,4.263256e-14
naive,2026-01-23 03:00:00,1740,3,31.15956,3190.588,41.89044,3.531638,51.40702,1,1,2233.412,2233.094,548.6976,301.087,849.7845,2,0,0,49.78455,800,0,59.7653,203.5015,0.1017508,0.1375719,0.3172331,0,250,0.3172331,1684.397,35.38305,51.3677,0,2.689329,16.02397,463.1281,349.2825,113.8456,653.6922,0,1254.235,0,-5.684342e-14,-3.627654e-14,4.263256e-14
naive,2026-01-23 03:15:00,1741,3.25,30.91071,3177.483,43.85702,0,49.85825,1,1,2224.238,2223.921,576.6323,307.847,884.4793,2,46.69674,0.05013357,37.73238,800,0,13.8779,200,0.1,0.1281419,0.3172331,0,250,0.3172331,1647.289,26.89241,51.62943,0,0,22.96584,458.6226,339.6596,118.963,652.242,0,1246.401,0,0,-5.828671e-16,4.263256e-14
naive,2026-01-23 03:30:00,1742,3.5,30.94332,3193.087,54.69706,2.260797,45.21582,1,1,2235.161,2234.844,982.8276,426.074,1408.902,3,58.16565,0.2419897,50.49399,800,500,0,324.9685,0.1624843,0.1259371,0.3172331,0,250,0.3172331,1252.016,35.97462,51.59513,0,2.018808,9.241202,461.2159,258.3482,202.8678,686.3291,0,1318.096,0,5.684342e-14,1.24345e-13,4.263256e-14
naive,2026-01-23 03:45:00,1743,3.75,30.79342,3243.766,58.55606,0,25.03191,1,1,2270.636,2270.319,543.1141,298.6255,841.7396,2,0,0,41.73959,800,0,67.54661,308.0307,0.1540154,0.2046279,0.3172331,0,250,0.3172331,1727.205,29.78757,51.75278,0,0,0,466.9475,355.1929,111.7545,653.8184,0,1249.415,0,-5.684342e-14,6.217249e-15,4.263256e-14
naive,2026-01-23 04:00:00,1744,4,30.49533,3223.966,73.99221,0,40.66113,1,1,2256.776,2256.459,550.2247,301.7602,851.985,2,0,0,51.98498,800,0,79.1936,288.1838,0.1440919,0.1939624,0.3172331,0,250,0.3172331,1706.234,37.22319,52.0663,0,0,3.437942,460.9886,348.5301,112.4585,650.9926,0,1243.411,0,1.136868e-13,-5.412337e-15,4.263256e-14
naive,2026-01-23 04:15:00,1745,4.25,30.2441,3271.741,90.21304,4.234421,34.09012,1,1,2290.219,2289.901,552.9317,302.9536,855.8853,2,0,0,55.88531,800,0,81.72614,267.7069,0.1338535,0.1814651,0.3172331,0,250,0.3172331,1736.97,40.12829,52.33053,10.78189,1.939433,0,465.1938,352.8168,112.377,655.7704,0,1274.613,0,0,1.086076e-13,4.263256e-14
naive,2026-01-23 04:30:00,1746,4.5,29.97363,3266.042,101.4549,3.382417,22.44813,1,1,2286.229,2285.912,556.8338,304.6738,861.5076,2,0,0,61.50758,800,0,92.38742,244.5679,0.122284,0.1685711,0.3172331,0,250,0.3172331,1729.078,44.29843,52.615,9.723562,2.72629,0,461.594,349.1041,112.4898,653.778,0,1269.84,0,0,-2.775558e-15,4.263256e-14
naive,2026-01-23 04:45:00,1747,4.75,29.94755,3286.988,128.4401,5.26766,17.49604,1,1,2300.891,2300.574,561.7726,306.8511,868.6236,2,0,0,68.62364,800,0,106.4774,217.9101,0.108955,0.1540008,0.3172331,0,250,0.3172331,1738.802,49.43782,52.64242,23.52893,3.701426,0,464.2854,350.8641,113.4213,657.7152,0,1303.18,0,5.684342e-14,3.569367e-14,4.263256e-14
naive,2026-01-23 05:00:00,1748,5,30.04679,3299.591,152.3003,8.419229,34.80588,1,1,2309.714,2309.397,607.5921,318.9345,926.5266,2,68.22626,4.457645,53.8427,800,0,71.50304,200,0.1,0.1372148,0.3172331,0,250,0.3172331,1701.805,38.74659,52.53805,12.57097,3.961584,0,467.0945,344.1567,122.9378,663.0912,0,1295.596,0,0,-3.885781e-15,4.263256e-14
naive,2026-01-23 05:15:00,1749,5.25,29.97959,3277.247,186.9892,12.00475,24.70437,1,1,2294.073,2293.755,1076.367,452.7831,1529.15,4,180.2874,3.820851,45.04135,800,500,0,324.9685,0.1624843,0.1259371,0.3172331,0,250,0.3172331,1217.389,32.43713,52.60873,6.701863,8.183901,0,463.2389,245.8257,217.4132,698.6087,0,1363.711,0,0,1.24345e-13,4.263256e-14
naive,2026-01-23 05:30:00,1750,5.5,29.98678,3293.001,237.0842,7.115617,11.53562,1,1,2305.101,2304.783,546.5633,300.1461,846.7094,2,0,0,46.70937,800,0,234.7636,266.2265,0.1331132,0.2046279,0.3172331,0,250,0.3172331,1758.22,33.63569,52.60117,7.196263,2.239996,0,465.5401,355.0916,110.4485,655.2377,0,1267.577,0,0,-9.325873e-14,4.263256e-14
naive,2026-01-23 05:45:00,1751,5.75,29.93039,3288.357,282.7877,2.629995,18.84621,1,1,2301.85,2301.532,549.8064,300.1942,850.0006,2,11.61456,0.1351037,38.25092,800,0,264.7382,200,0.1,0.1676389,0.3172331,0,250,0.3172331,1751.726,27.56197,52.66047,6.434924,2.494891,0,464.3019,353.3375,110.9644,653.5316,0,1263.224,0,0,-2.547962e-14,4.263256e-14
naive,2026-01-23 06:00:00,1752,6,30.06605,3333.554,317.7357,2.089755,0.04968033,1,1,2333.488,2333.171,1198.937,489.7701,1688.707,4,323.5995,0.2099157,64.89804,800,500,0,324.9685,0.1624843,0.1259371,0.3172331,0,250,0.3172331,1134.233,46.6923,52.5178,0,1.879839,0,472.1046,229.4749,242.6298,719.2449,0,1382.65,0,-1.705303e-13,1.24345e-13,4.263256e-14
naive,2026-01-23 06:15:00,1753,6.25,30.21616,3373.463,360.9995,8.121004,12.7269,1,1,2361.424,2361.107,555.3554,304.0221,859.3775,2,0,0,59.3775,800,0,357.4126,235.5642,0.1177821,0.2046279,0.3172331,0,250,0.3172331,1805.751,42.64912,52.35992,4.498838,7.20913,0,479.358,366.559,112.7989,670.5811,0,1302.454,0,-5.684342e-14,-6.483702e-14,4.263256e-14
naive,2026-01-23 06:30:00,1754,6.5,30.38799,3383.642,392.1278,8.855921,35.00455,1,1,2368.549,2368.232,757.0734,362.5944,1119.668,3,255.1709,1.432316,63.06458,800,0,142.1085,200,0.1,0.1483313,0.3172331,0,250,0.3172331,1611.158,45.21075,52.1792,0,7.423605,0,482.6562,328.3173,154.3389,690.9117,0,1335.928,0,1.136868e-13,1.090794e-14,4.263256e-14
naive,2026-01-23 06:45:00,1755,6.75,30.68384,3392.102,412.2522,0.7348812,34.00469,1,1,2374.472,2374.154,1275.333,511.9382,1787.271,4,420.361,3.690885,63.21914,800,500,0,324.9685,0.1624843,0.1259371,0.3172331,0,250,0.3172331,1098.822,45.17193,51.86804,0,0,0,487.0933,225.4096,261.6837,737.3478,0,1416.344,0,5.684342e-14,1.24345e-13,4.263256e-14
naive,2026-01-23 07:00:00,1756,7,30.61602,3402.011,421.3405,2.81115,78.17271,1,1,2381.408,2381.09,559.7168,305.9448,865.6616,2,0,0,65.66155,800,0,433.6029,216.5166,0.1082583,0.2046279,0.3172331,0,250,0.3172331,1821.374,46.95273,51.93937,0,0,31.21999,487.7697,373.0612,114.7085,685.4006,0,1312.369,0,-5.684342e-14,4.884981e-14,4.263256e-14
naive,2026-01-23 07:15:00,1757,7.25,30.81996,3440.93,426.8626,0,70.05868,1,1,2408.651,2408.334,845.997,389.7374,1235.734,3,356.5412,5.866032,73.32712,800,0,65.93025,200,0.1,0.1363374,0.3172331,0,250,0.3172331,1562.337,52.31453,51.72488,4.391155,0,17.74416,495.6271,321.4814,174.1457,714.87,0,1379.124,0,0,5.134781e-15,4.263256e-14
naive,2026-01-23 07:30:00,1758,7.5,30.74527,3448.517,405.0305,0,65.20398,1,1,2413.962,2413.645,1266.938,510.3634,1777.301,4,402.4885,1.593508,73.21912,800,500,0,324.9685,0.1624843,0.1259371,0.3172331,0,250,0.3172331,1146.707,52.28122,51.80342,2.542037,0,12.92276,495.8817,235.5592,260.3225,748.5772,0,1443.261,0,-1.705303e-13,1.24345e-13,4.263256e-14
naive,2026-01-23 07:45:00,1759,7.75,30.97208,3419.944,375.9026,1.987392,70.66296,1,1,2393.961,2393.644,573.7536,312.1329,885.8865,2,0,0,85.88651,800,0,380.8333,229.709,0.1148545,0.2046279,0.3172331,0,250,0.3172331,1819.89,61.17038,51.56488,0,0.9891242,9.492579,494.3064,375.772,118.5345,689.8649,0,1323.426,0,1.136868e-13,4.884981e-14,4.263256e-14
naive,2026-01-23 08:00:00,1760,8,31.22393,3441.798,329.4841,261.1907,78.69583,1,1,2409.258,2408.941,939.9467,447.2323,1387.179,3,221.3912,258.971,106.8169,800,0,118.6915,200,0.1,0.1446444,0.3172331,0,250,0.3172331,1468.995,75.86227,51.3,0,2.219693,2.833561,500.327,305.0638,195.2632,752.8846,0,1451.886,0,1.136868e-13,6.605827e-15,4.263256e-14
naive,2026-01-23 08:15:00,1761,8.25,31.47726,3536.534,280.856,253.528,83.8801,1,1,2475.574,2475.257,1400.351,581.3942,1981.745,4,299.7983,260.3885,121.5579,800,500,0,324.9685,0.1624843,0.1259371,0.3172331,0,250,0.3172331,1074.906,86.08512,51.03356,0,0,0,517.091,224.5234,292.5676,805.9176,0,1554.423,0,2.273737e-13,1.24345e-13,4.263256e-14
naive,2026-01-23 08:30:00,1762,8.5,31.75252,3507.257,224.9449,270.0195,76.10768,1,1,2455.08,2454.762,606.665,326.6419,933.3069,2,0,12.78949,120.5174,800,0,499.6694,200,0.1,0.2046279,0.3172331,0,250,0.3172331,1848.097,85.08284,50.74405,0,4.638257,0,516.0741,388.4824,127.5917,715.1243,0,1381.162,0,0,-7.993606e-15,4.263256e-14
naive,2026-01-23 08:45:00,1763,8.75,31.92288,3532.803,184.0889,275.5582,91.97488,1,1,2472.962,2472.645,1333.043,563.7257,1896.769,4,198.8898,265.5574,132.3213,800,500,0,324.9685,0.1624843,0.1259371,0.3172331,0,250,0.3172331,1139.602,93.23584,50.56488,0,10.00082,0,521.8889,240.4993,281.3897,804.2249,0,1568.816,0,0,1.24345e-13,4.263256e-14
naive,2026-01-23 09:00:00,1764,9,32.04281,3542.1,143.6218,275.6405,118.0123,1,1,2479.47,2479.153,608.8871,327.6215,936.5085,2,0,0,136.5085,800,0,433.5177,216.5379,0.108269,0.2046279,0.3172331,0,250,0.3172331,1870.266,96.05526,50.43874,0,4.589303,21.95705,524.7233,395.7991,128.9242,728.0673,0,1407.307,0,0,-7.993606e-15,4.263256e-14
naive,2026-01-23 09:15:00,1765,9.25,32.34882,3584.852,116.6939,278.8395,113.5234,1,1,2509.396,2509.079,864.2443,433.2183,1297.463,3,58.65168,272.4505,166.3604,800,0,66.01542,200,0.1,0.1363508,0.3172331,0,250,0.3172331,1644.835,116.6535,50.1169,0,6.388983,0,534.8666,350.5892,184.2774,783.8075,0,1522.255,0,1.136868e-13,2.942091e-15,4.263256e-14
naive,2026-01-23 09:30:00,1766,9.5,32.49031,3622.37,100.7328,277.8476,121.1858,1,1,2535.659,2535.342,1295.123,558.6548,1853.778,4,100.9895,275.6034,177.1848,800,500,0,324.9685,0.1624843,0.1259371,0.3172331,0,250,0.3172331,1240.219,124.0431,49.96809,0,2.244255,0,542.2634,265.227,277.0363,823.8818,0,1595.421,0,2.273737e-13,1.24345e-13,4.263256e-14
naive,2026-01-23 09:45:00,1767,9.75,32.80778,3615.732,84.92603,284.6662,133.4138,1,1,2531.013,2530.695,657.5903,349.0923,1006.683,3,0,0,206.6826,800,0,363.2345,234.1087,0.1170544,0.2046279,0.3172331,0,250,0.3172331,1873.105,144.1689,49.6342,0,9.276953,0,545.3423,403.5868,141.7555,752.6791,0,1465.522,0,5.684342e-14,-7.993606e-15,4.263256e-14
naive,2026-01-23 10:00:00,1768,10,32.93849,3642.85,58.86241,292.1571,141.9788,1,1,2549.995,2549.678,811.3803,416.8904,1228.271,3,0,219.1403,209.1304,800,0,136.2876,200,0.1,0.1474148,0.3172331,0,250,0.3172331,1738.297,145.6577,49.49672,0,12.10298,0,551.1398,375.7046,175.4352,792.595,0,1550.384,0,1.136868e-13,-1.104672e-14,4.263256e-14
naive,2026-01-23 10:15:00,1769,10.25,33.22477,3617.115,54.01551,291.8148,157.3145,1,1,2531.98,2531.663,1308.788,568.6554,1877.444,4,67.56343,280.3132,229.5669,800,500,0,324.9685,0.1624843,0.1259371,0.3172331,0,250,0.3172331,1222.875,159.3658,49.19562,0,11.50163,0,550.9965,266.1157,284.8807,834.7712,0,1634.038,0,2.273737e-13,1.24345e-13,4.263256e-14
naive,2026-01-23 10:30:00,1770,10.5,33.50992,3637.636,40.59291,292.0172,187.6778,1,1,2546.345,2546.028,690.9188,363.7851,1054.704,3,0,0,254.7039,800,0,345.3612,238.5771,0.1192885,0.2046279,0.3172331,0,250,0.3172331,1855.109,176.2349,48.89572,0,9.120689,11.44297,557.9307,406.4737,151.457,772.7661,0,1506.258,0,1.136868e-13,4.884981e-14,4.263256e-14
naive,2026-01-23 10:45:00,1771,10.75,33.6598,3608.391,57.08208,294.5984,189.0237,1,1,2525.873,2525.556,825.4872,423.1094,1248.597,3,0,177.8833,270.7133,800,0,154.158,200,0.1,0.1502285,0.3172331,0,250,0.3172331,1700.069,186.9875,48.73808,9.021895,10.61724,2.036212,555.4517,373.8534,181.5984,797.4105,0,1573.868,0,-1.705303e-13,-9.742207e-15,4.263256e-14
naive,2026-01-23 11:00:00,1772,11,33.87873,3655.169,41.07965,291.2318,211.6617,1,0,2558.618,2558.301,1356.59,591.7813,1948.371,4,50.30968,284.277,313.7847,800,500,0,324.9685,0.1624843,0.1259371,0.3172331,0,250,0.3172331,1201.711,216.1883,48.50783,0,6.9548,0,565.648,265.6689,299.979,857.4503,0,1672.326,0,2.273737e-13,1.24345e-13,4.263256e-14
naive,2026-01-23 11:15:00,1773,11.25,34.25368,3654.581,53.65315,294.5651,237.5655,1,0,2558.207,2557.889,755.4245,392.2224,1147.647,3,0,0,347.6469,800,0,343.8206,238.9622,0.1194811,0.2046279,0.3172331,0,250,0.3172331,1802.465,238.4755,48.11347,0,5.697389,0,570.7614,402.1479,168.6135,794.3702,0,1544.441,0,5.684342e-14,4.884981e-14,4.263256e-14
naive,2026-01-23 11:30:00,1774,11.5,34.51871,3683.307,48.15773,300.3017,278.8243,0,0,2578.315,2577.998,914.3439,462.2818,1376.626,3,0,182.5507,394.075,800,0,155.6983,200,0.1,0.150471,0.3172331,0,250,0.3172331,1663.654,269.4883,47.83473,0,14.20473,9.336066,579.0138,373.6078,205.406,0,837.9862,4579.613,0,5.684342e-14,1.126876e-14,4.263256e-14
naive,2026-01-23 11:45:00,1775,11.75,34.84434,3679.141,48.40226,295.9894,297.7277,0,0,2575.399,2575.082,1396.656,603.3443,2000,4,49.30285,292.3248,442.4309,715.9414,500,0,324.9685,0.1624843,0.1259371,0.3172331,0,250,0.3172331,1178.426,301.404,42.50208,0,3.6646,0,583.049,266.7859,316.2631,0,870.1302,4744.223,0,0,1.24345e-13,4.263256e-14
naive,2026-01-23 12:00:00,1776,12,35.03567,3712.828,47.11695,298.9497,328.2638,0,0,2598.98,2598.663,851.2691,434.4754,1285.744,3,0,0,485.7444,800,0,344.8532,238.7041,0.119352,0.2046279,0.3172331,0,250,0.3172331,1747.394,330.1676,47.29102,0,6.145149,0,591.2044,397.4893,193.7151,0,831.9647,4533.204,0,1.136868e-13,4.884981e-14,4.263256e-14
naive,2026-01-23 12:15:00,1777,12.25,35.30782,3722.241,60.59631,301.4324,355.0729,0,0,2605.569,2605.251,1016.497,507.3157,1523.812,4,0,191.0911,532.7212,800,0,154.6659,200,0.1,0.1503084,0.3172331,0,250,0.3172331,1588.755,360.9386,47.00479,11.73134,4.540317,0,596.767,363.8808,232.8862,0,871.1965,4766.769,0,0,-5.52336e-15,4.263256e-14
naive,2026-01-23 12:30:00,1778,12.5,35.38058,3710.583,52.0455,298.8282,380.3013,0,0,2597.408,2597.091,1404.111,595.8889,2000,4,52.2128,294.6638,577.6815,575.442,500,0,324.9685,0.1624843,0.1259371,0.3172331,0,250,0.3172331,1192.98,391.0646,33.75561,0,4.164396,0,595.9906,273.7363,322.2543,0,869.6252,4752.147,0,0,1.24345e-13,4.263256e-14
naive,2026-01-23 12:45:00,1779,12.75,35.53799,3731.073,58.03876,305.218,397.8383,0,0,2611.751,2611.434,944.0969,475.3984,1419.495,3,0,0,619.4953,800,0,349.8511,237.4546,0.1187273,0.2046279,0.3172331,0,250,0.3172331,1667.337,418.5906,46.76271,1.287256,12.11847,0,601.6721,384.1063,217.5658,0,859.5047,4697.793,0,1.705303e-13,-7.993606e-15,4.263256e-14
naive,2026-01-23 13:00:00,1780,13,35.94123,3737.764,73.22926,307.6637,426.0104,0,0,2616.434,2616.117,1116.136,551.2415,1667.377,4,0,201.5479,665.8291,800,0,149.6688,200,0.1,0.1495217,0.3172331,0,250,0.3172331,1499.982,447.7502,46.3386,15.22936,14.4469,0,608.9738,349.12,259.8538,0,900.3614,4951.049,0,0,8.049117e-15,4.263256e-14
naive,2026-01-23 13:15:00,1781,13.25,36.24863,3725.501,57.98467,302.2728,468.9231,0,0,2607.851,2607.534,1411.205,588.7951,2000,4,55.62329,293.5099,708.0792,442.7876,500,0,324.9685,0.1624843,0.1259371,0.3172331,0,250,0.3172331,1196.329,474.4208,25.46875,2.361381,8.762879,0,611.7909,280.6537,331.1372,0,869.4487,4772.505,0,0,1.24345e-13,4.263256e-14
naive,2026-01-23 13:30:00,1782,13.5,36.48169,3719.947,56.95415,298.6727,495.541,0,0,2603.963,2603.645,1033.993,515.0288,1549.021,4,0,0,749.0214,800,0,342.3531,239.3291,0.1196645,0.2046279,0.3172331,0,250,0.3172331,1569.653,500.456,45.77017,8.308812,4.964895,0,614.575,370.4621,244.1129,0,885.4909,4841.606,0,2.273737e-13,4.884981e-14,4.263256e-14
naive,2026-01-23 13:45:00,1783,13.75,36.72151,3738.367,54.56673,289.3883,519.5302,0,0,2616.857,2616.54,1163.503,572.1234,1735.626,4,0,179.3685,756.2579,800,0,157.1656,200,0.1,0.150702,0.3172331,0,250,0.3172331,1453.037,503.8402,45.51795,10.24252,0,15.68999,621.4876,345.0874,276.4002,0,920.9371,5031.615,0,0,-8.465451e-15,4.263256e-14
naive,2026-01-23 14:00:00,1784,14,36.76824,3719.118,45.62805,289.1658,514.2465,0,1,2603.382,2603.065,1414.66,585.3403,2000,4,48.02802,290.5425,798.128,363.3015,500,0,324.9685,0.1624843,0.1259371,0.3172331,0,250,0.3172331,1188.405,531.4368,20.6486,0,0,0,619.0432,282.584,336.4592,0,867.9243,4750.354,0,0,1.24345e-13,4.263256e-14
naive,2026-01-23 14:15:00,1785,14.25,37.02471,3737.169,40.41951,297.1866,533.4728,0,1,2616.019,2615.701,1088.875,539.2238,1628.099,4,0,0,828.0991,800,0,336.6415,240.757,0.1203785,0.2046279,0.3172331,0,250,0.3172331,1526.826,549.6942,45.19906,0,6.698798,0,626.2489,365.507,260.7419,0,904.7309,4936.726,0,0,-7.993606e-15,4.263256e-14
naive,2026-01-23 14:30:00,1786,14.5,37.06584,3750.379,32.20234,299.9033,517.0486,1,1,2625.265,2624.948,1229.275,601.1188,1830.394,4,0,175.8701,854.5234,800,0,162.8763,200,0.1,0.1516011,0.3172331,0,250,0.3172331,1395.673,566.9534,45.15579,0,10.50559,0,629.1441,334.4727,294.6714,935.5915,0,1838.505,0,0,4.163336e-16,4.263256e-14
naive,2026-01-23 14:45:00,1787,14.75,37.158,3736.411,40.80823,301.8679,557.2505,1,1,2615.488,2615.17,1420.336,579.664,2000,4,58.91188,290.3713,880.4493,270.2675,500,0,324.9685,0.1624843,0.1259371,0.3172331,0,250,0.3172331,1194.834,583.5055,15.22244,0,11.49656,0,628.3272,287.039,341.2882,866.703,0,1736.112,0,-1.136868e-13,1.24345e-13,4.263256e-14
naive,2026-01-23 15:00:00,1788,15,37.41417,3744.293,47.87801,305.6386,557.851,1,1,2621.005,2620.688,1137.546,560.6802,1698.226,4,0,0,898.226,800,0,356.0135,235.914,0.117957,0.2046279,0.3172331,0,250,0.3172331,1483.142,593.4459,44.78944,0,14.37744,0,633.9441,358.7285,275.2157,919.4086,0,1813.23,0,0,-7.993606e-15,4.263256e-14
naive,2026-01-23 15:15:00,1789,15.25,37.47817,3710.078,56.0708,300.8709,562.1477,1,1,2597.055,2596.738,1311.955,637.5683,1949.523,4,0,212.4648,937.0586,800,0,143.5074,200,0.1,0.1485516,0.3172331,0,250,0.3172331,1284.782,618.6223,44.72213,0,11.80496,0,629.2228,311.2813,317.9416,948.8496,0,1867.75,0,0,-1.498801e-15,4.263256e-14
naive,2026-01-23 15:30:00,1790,15.5,37.55653,3709.064,71.33993,296.6762,548.5826,1,1,2596.345,2596.028,1423.922,576.078,2000,4,69.55668,284.713,928.1787,217.5517,500,0,324.9685,0.1624843,0.1259371,0.3172331,0,250,0.3172331,1172.106,612.1782,12.13931,1.783249,11.96322,0,630.3672,284.5758,345.7914,860.6539,0,1731.364,0,-2.273737e-13,1.24345e-13,4.263256e-14
naive,2026-01-23 15:45:00,1791,15.75,37.67316,3687.313,67.30643,293.0726,542.6459,1,1,2581.119,2580.802,1145.88,564.3545,1710.235,4,0,0,910.2348,800,0,348.3797,237.8224,0.1189112,0.2046279,0.3172331,0,250,0.3172331,1434.921,599.494,44.51705,0,12.43765,0,628.6286,349.4735,279.1551,913.8279,0,1799.029,0,0,-7.993606e-15,4.263256e-14
naive,2026-01-23 16:00:00,1792,16,37.79729,3701.428,66.54443,284.3424,544.129,1,1,2590.999,2590.682,1274.476,621.0458,1895.522,4,0,208.1324,887.3895,800,0,151.14,200,0.1,0.1497533,0.3172331,0,250,0.3172331,1316.206,583.5666,44.3865,0,4.53524,0,633.1404,321.63,311.5104,942.6758,0,1843.24,0,-2.273737e-13,1.360023e-14,4.263256e-14
naive,2026-01-23 16:15:00,1793,16.25,38.05818,3705.493,87.61112,276.838,550.9992,1,1,2593.845,2593.528,1425.277,574.7227,2000,4,98.60488,277.5929,885.9408,237.8614,500,0,324.9685,0.1624843,0.1259371,0.3172331,0,250,0.3172331,1168.251,580.7648,13.11571,0,0,0,638.3121,287.4915,350.8205,862.2143,0,1709.673,0,0,1.24345e-13,4.263256e-14
naive,2026-01-23 16:30:00,1794,16.5,37.92386,3745.933,108.6314,278.243,552.7215,1,1,2622.153,2621.836,1117.499,551.8424,1669.341,4,0,0,869.3411,800,0,392.5389,226.7826,0.1133913,0.2046279,0.3172331,0,250,0.3172331,1504.337,570.8173,44.25338,0,1.871354,0,642.9406,368.857,274.0836,920.6994,0,1794.842,0,1.136868e-13,-7.993606e-15,4.263256e-14
naive,2026-01-23 16:45:00,1795,16.75,37.93588,3702.665,135.6679,277.879,510.6822,1,1,2591.865,2591.548,1298.182,628.8802,1927.062,4,21.9926,272.1894,832.88,800,0,106.9877,200,0.1,0.1428017,0.3172331,0,250,0.3172331,1293.366,546.7965,44.24074,6.687594,5.689595,0,635.7202,317.2306,318.4896,946.1108,0,1863.801,0,-1.136868e-13,4.246603e-15,4.263256e-14
naive,2026-01-23 17:00:00,1796,17,38.05444,3695.564,161.0046,278.9844,502.9829,1,1,2586.894,2586.577,1429.051,570.9491,2000,4,157.5549,267.4345,815.8586,259.152,500,0,324.9685,0.1624843,0.1259371,0.3172331,0,250,0.3172331,1157.526,534.8479,14.29095,3.449686,11.54995,0,636.5371,284.8236,351.7136,855.7726,0,1721.342,0,2.273737e-13,1.24345e-13,4.263256e-14
naive,2026-01-23 17:15:00,1797,17.25,38.02159,3659.32,176.0432,269.6568,488.9857,1,1,2561.524,2561.207,1047.152,520.8299,1567.981,4,0,0,767.9815,800,0,458.5931,210.2691,0.1051345,0.2046279,0.3172331,0,250,0.3172331,1514.056,503.6632,44.1506,0,1.991338,0,629.7345,372.221,257.5136,893.0509,0,1739.867,0,0,-7.993606e-15,4.263256e-14
naive,2026-01-23 17:30:00,1798,17.5,37.98388,3651.545,211.7742,267.3476,459.2047,1,1,2556.082,2555.764,1344.806,631.0798,1975.886,4,176.2876,262.5267,737.0718,800,0,40.94395,200,0.1,0.1324034,0.3172331,0,250,0.3172331,1210.958,483.6141,44.19025,0,4.820857,0,627.7564,297.4031,330.3533,928.4829,0,1815.568,0,1.136868e-13,2.442491e-15,4.263256e-14
naive,2026-01-23 17:45:00,1799,17.75,37.87772,3677.089,239.5042,262.9786,431.8668,1,1,2573.963,2573.645,1434.293,565.7072,2000,4,245.1069,260.3426,696.7152,297.8352,500,0,324.9685,0.1624843,0.1259371,0.3172331,0,250,0.3172331,1139.352,457.7267,16.49334,0,2.635985,0,630.3401,279.0171,351.323,844.7242,0,1675.441,0,0,1.24345e-13,4.263256e-14
naive,2026-01-23 18:00:00,1800,18,37.81796,3670.876,277.522,4.093769,404.5479,1,1,2569.613,2569.296,991.7286,496.3968,1488.125,3,0,0,688.1254,800,0,280.7298,254.7349,0.1273675,0.2046279,0.3172331,0,250,0.3172331,1577.567,452.4124,44.36476,1.447369,0,0,628.2635,385.711,242.5525,882.1078,0,1716.802,0,-1.136868e-13,-6.483702e-14,4.263256e-14
naive,2026-01-23 18:15:00,1801,18.25,37.85945,3634.134,315.9756,5.087463,407.948,1,1,2543.894,2543.577,1026.046,500.8451,1526.891,4,89.78208,3.662985,633.4457,800,0,218.7792,200,0.1,0.1604028,0.3172331,0,250,0.3172331,1517.531,416.2526,44.32112,7.414261,1.424478,0,622.67,371.4467,251.2233,872.2918,0,1709.969,0,0,1.06859e-14,4.263256e-14
naive,2026-01-23 18:30:00,1802,18.5,37.95607,3599.741,340.0621,0.907117,385.9682,1,0,2519.819,2519.502,1428.315,571.6845,2000,4,343.3987,1.730457,582.6146,572.2563,500,0,324.9685,0.1624843,0.1259371,0.3172331,0,250,0.3172331,1091.186,382.3999,31.63111,0,0,3.568291,618.3859,267.7868,350.5991,840.347,0,1645.109,0,0,1.24345e-13,4.263256e-14
naive,2026-01-23 18:45:00,1803,18.75,37.92363,3537.854,361.3924,0,353.3784,1,0,2476.498,2476.181,893.6597,453.1632,1346.823,3,0,0,546.8229,800,0,366.0548,233.4037,0.1167018,0.2046279,0.3172331,0,250,0.3172331,1582.521,359.0499,44.25362,0,0,0,607.2227,388.0248,219.1979,841.188,0,1632.591,0,1.136868e-13,4.884981e-14,4.263256e-14
naive,2026-01-23 19:00:00,1804,19,38.00087,3475.134,379.6459,0,317.0877,0,0,2432.594,2432.277,1059.04,496.0677,1555.108,4,252.2167,2.251885,500.6396,800,0,133.4677,200,0.1,0.1469709,0.3172331,0,250,0.3172331,1373.236,328.4161,44.17238,0,0,0,597.7031,337.4125,260.2906,0,833.4802,4534.447,0,-1.705303e-13,2.19269e-15,4.263256e-14
naive,2026-01-23 19:15:00,1805,19.25,37.90251,3462.967,392.8913,0,298.6962,0,0,2424.077,2423.76,1428.631,571.3686,2000,4,394.3852,4.090505,453.4478,648.0765,500,0,324.9685,0.1624843,0.1259371,0.3172331,0,250,0.3172331,995.1284,297.8154,35.86766,0,0,0.8808183,594.0311,243.8607,350.1703,0,815.4452,4444.597,0,0,1.24345e-13,4.263256e-14
naive,2026-01-23 19:30:00,1806,19.5,37.57186,3430.767,391.9525,0,273.3696,0,0,2401.537,2401.219,807.2327,415.062,1222.295,3,0,0,422.2947,800,0,412.4108,221.8147,0.1109073,0.2046279,0.3172331,0,250,0.3172331,1593.987,278.4717,44.62359,0,0,0,583.3085,387.1629,196.1456,0,802.2249,4362.035,0,-5.684342e-14,-7.993606e-15,4.263256e-14
naive,2026-01-23 19:45:00,1807,19.75,37.52668,3436.997,379.0638,0,249.6846,0,0,2405.898,2405.581,1022.723,471.8648,1494.588,3,321.0847,1.323042,372.1803,800,0,87.119,200,0.1,0.1396734,0.3172331,0,250,0.3172331,1382.858,245.5595,44.67111,0,0,4.125062,583.6633,335.4769,248.1864,0,808.3425,4395.629,0,-5.684342e-14,-2.081668e-15,4.263256e-14
naive,2026-01-23 20:00:00,1808,20,37.12434,3411.085,366.8992,0,215.2253,0,0,2387.76,2387.442,1421.411,578.5886,2000,4,391.5651,2.103546,322.1958,784.1355,500,0,324.9685,0.1624843,0.1259371,0.3172331,0,250,0.3172331,966.0309,213.6175,44.20003,0,0,1.607756,573.1096,231.8665,341.243,0,810.841,4409.9,0,0,1.24345e-13,4.263256e-14
naive,2026-01-23 20:15:00,1809,20.25,36.95326,3422.948,350.45,0,197.4701,0,0,2396.063,2395.746,732.849,382.27,1115.119,3,0,0,315.1189,800,0,380.0527,229.9042,0.1149521,0.2046279,0.3172331,0,250,0.3172331,1662.897,209.3568,45.2742,0,0,0,572.5167,397.3336,175.1831,0,779.6035,4236.886,0,0,-7.993606e-15,4.263256e-14
naive,2026-01-23 20:30:00,1810,20.5,36.77641,3388.934,324.6829,0,172.5461,0,0,2372.254,2371.937,887.7276,424.1388,1311.866,3,222.0032,2.000774,287.8625,800,0,119.472,200,0.1,0.1447673,0.3172331,0,250,0.3172331,1484.209,191.6556,45.46021,0,0,0,564.2051,352.9969,211.2082,0,777.1357,4223.104,0,-1.136868e-13,-4.440892e-15,4.263256e-14
naive,2026-01-23 20:45:00,1811,20.75,36.44769,3356.751,296.5811,0,144.9478,0,0,2349.725,2349.408,1331.061,549.517,1880.578,4,310.9876,1.052291,268.5383,800,500,0,324.9685,0.1624843,0.1259371,0.3172331,0,250,0.3172331,1018.347,179.4959,45.80593,0,0,0,554.082,240.1335,313.9485,0,789.6505,4291.546,0,0,1.24345e-13,4.263256e-14
naive,2026-01-23 21:00:00,1812,21,36.22414,3392.64,282.6153,0,147.3544,0,0,2374.848,2374.53,679.8624,358.9109,1038.773,3,0,0,238.7733,800,0,277.0576,255.653,0.1278265,0.2046279,0.3172331,0,250,0.3172331,1694.668,160.0275,46.04105,7.136715,0,0,556.7775,397.3109,159.4665,0,756.2218,4119.735,0,0,-7.993606e-15,4.263256e-14
naive,2026-01-23 21:15:00,1813,21.25,35.94867,3357.361,226.0517,1.543301,150.1949,0,0,2350.153,2349.835,685.1006,358.8781,1043.979,3,19.68748,2.544101,221.7472,800,0,222.4509,200,0.1,0.1609809,0.3172331,0,250,0.3172331,1664.735,149.1052,46.33078,0,0,1.089728,547.101,387.54,159.561,0,746.6718,4054.573,0,-1.136868e-13,-7.410739e-15,4.263256e-14
naive,2026-01-23 21:30:00,1814,21.5,35.74898,3344.352,199.3182,3.641222,155.1428,0,0,2341.046,2340.729,1207.967,507.1734,1715.14,4,210.7639,1.908283,202.4678,800,500,0,324.9685,0.1624843,0.1259371,0.3172331,0,250,0.3172331,1132.763,136.4649,46.5408,0,1.732939,18.67787,542.2086,262.3586,279.85,0,773.858,4206.85,0,0,1.24345e-13,4.263256e-14
naive,2026-01-23 21:45:00,1815,21.75,35.4858,3337.549,187.7711,0.8973666,129.462,0,0,2336.284,2335.967,640.7348,341.6615,982.3963,2,0,0,182.3963,800,0,176.6108,280.7647,0.1403823,0.2046279,0.3172331,0,250,0.3172331,1695.232,123.3206,46.81759,11.16325,0.8944073,6.141424,537.5017,390.0168,147.4849,0,733.0913,4000.132,0,1.136868e-13,4.884981e-14,4.263256e-14
naive,2026-01-23 22:00:00,1816,22,35.32783,3338.087,162.6252,3.879321,129.5011,0,0,2336.661,2336.344,629.5219,336.7183,966.2402,2,0,0,166.2402,800,0,150.6302,243.0629,0.1215315,0.1767934,0.3172331,0,250,0.3172331,1706.822,112.6074,46.98374,12.20991,3.66449,16.89373,535.4477,391.1195,144.3281,0,731.7091,3998.927,0,5.684342e-14,-4.321543e-14,4.263256e-14
naive,2026-01-23 22:15:00,1817,22.25,35.0404,3267.385,146.3897,0,120.9791,0,0,2287.17,2286.853,610.4066,328.2914,938.698,2,0,0,138.698,800,0,129.3311,210.6919,0.1053459,0.1530532,0.3172331,0,250,0.3172331,1676.446,94.2698,47.28604,17.2122,0,26.70932,520.3369,381.3957,138.9412,0,715.7635,3913.193,0,0,4.52971e-14,4.263256e-14
naive,2026-01-23 22:30:00,1818,22.5,34.86962,3280.579,116.8659,0.6303023,119.2553,0,0,2296.405,2296.088,646.2124,336.9361,983.1485,2,60.02212,0.06251242,123.0639,800,0,42.63483,200,0.1,0.1326696,0.3172331,0,250,0.3172331,1649.876,83.8118,47.46566,14.20897,0.5677899,35.44347,520.2146,373.7535,146.4611,0,718.7188,3925.044,0,0,-5.551115e-17,4.263256e-14
naive,2026-01-23 22:45:00,1819,22.75,34.61834,3250.622,110.2836,0,93.81586,0,0,2275.435,2275.118,1059.277,455.7128,1514.99,4,92.32927,0.002367626,122.6586,800,500,0,324.9685,0.1624843,0.1259371,0.3172331,0,250,0.3172331,1215.841,83.78238,47.72995,17.95436,0,10.03348,512.2566,273.7157,238.5409,0,731.6873,4001.555,0,1.136868e-13,1.24345e-13,4.263256e-14
naive,2026-01-23 23:00:00,1820,23,34.39384,3208.699,83.78939,0,87.36293,0,0,2246.089,2245.772,587.6593,318.2632,905.9225,2,0,0,105.9225,800,0,79.61744,305.013,0.1525065,0.2046279,0.3172331,0,250,0.3172331,1658.113,72.54092,47.96606,6.020911,0,14.822,502.8545,371.2184,131.6362,0,692.7999,3766.824,0,-5.684342e-14,-2.220446e-14,4.263256e-14
naive,2026-01-23 23:15:00,1821,23.25,34.15121,3238.183,77.91972,0.6050799,72.49297,0,0,2266.728,2266.411,573.9627,312.2251,886.1878,2,0,0,86.18777,800,0,71.96799,286.973,0.1434865,0.1920622,0.3172331,0,250,0.3172331,1692.448,59.19293,48.22124,6.900169,0,13.30004,504.461,376.6548,127.8062,0,691.8399,3762.773,0,0,-4.95437e-14,4.263256e-14
naive,2026-01-23 23:30:00,1822,23.5,33.83404,3209.779,73.30421,1.620356,69.21022,0,1,2246.845,2246.528,558.6601,305.4789,864.139,2,0,0,64.13903,800,0,66.25202,270.3648,0.1351824,0.1807027,0.3172331,0,250,0.3172331,1687.868,44.21281,48.55483,9.054249,0,24.99741,496.1833,372.7413,123.4421,0,683.7405,3721.567,0,-5.684342e-14,-7.563394e-14,4.263256e-14
naive,2026-01-23 23:45:00,1823,23.75,33.71346,3235.53,62.98589,0.2123065,58.0071,0,1,2264.871,2264.554,552.3821,302.7113,855.0935,2,0,0,55.09347,800,0,61.18449,255.0261,0.1275131,0.1702448,0.3172331,0,250,0.3172331,1712.172,38.0306,48.68164,2.914735,0,19.9765,498.7034,377.0042,121.6992,0,684.1142,3712.889,0,1.136868e-13,4.610201e-14,4.263256e-14
naive,2026-01-24 00:00:00,1824,0,33.52635,3268.414,44.6834,0,54.28343,1,1,2287.89,2287.573,563.7142,307.707,871.4212,2,0,0,71.42124,800,0,63.41488,239.1323,0.1195661,0.1605862,0.3172331,0,250,0.3172331,1723.858,49.40844,48.87844,0,0,4.874982,501.4991,377.865,123.6341,686.6406,0,1318.293,0,0,4.257705e-14,4.263256e-14
naive,2026-01-24 00:15:00,1825,0.25,32.99003,3257.242,41.66281,0,66.68113,1,1,2280.069,2279.752,562.8708,307.3352,870.206,2,0,0,70.20598,800,0,59.46075,224.2294,0.1121147,0.1505781,0.3172331,0,250,0.3172331,1716.881,48.86896,49.44251,0,0,17.81217,493.4044,371.5311,121.8732,682.7209,0,1309.819,0,-5.684342e-14,-3.722023e-14,4.263256e-14
naive,2026-01-24 00:30:00,1826,0.5,32.58998,3250.29,42.97383,0,64.24338,1,1,2275.203,2274.886,573.2604,311.9155,885.1759,2,0,0,85.17587,800,0,64.19653,208.145,0.1040725,0.141194,0.3172331,0,250,0.3172331,1701.625,59.56179,49.86326,0,0,4.681586,487.707,364.7563,122.9507,677.6753,0,1299.254,0,0,-7.771561e-15,4.263256e-14
naive,2026-01-24 00:45:00,1827,0.75,32.55552,3202.718,37.48897,0,67.78332,1,1,2241.902,2241.585,590.9895,317.2667,908.2562,2,20.7183,6.307321,81.23057,800,0,32.4489,200,0.1,0.1310658,0.3172331,0,250,0.3172331,1650.596,56.82532,49.8995,0,0,10.95801,480.1786,353.5304,126.6482,673.1442,0,1290.151,0,0,3.247402e-15,4.263256e-14
naive,2026-01-24 01:00:00,1828,1,32.28025,3190.946,31.21413,3.491376,59.18953,1,1,2233.662,2233.345,996.5398,433.5675,1430.107,3,45.98933,9.286294,74.83167,800,500,0,324.9685,0.1624843,0.1259371,0.3172331,0,250,0.3172331,1236.805,52.51372,50.18902,0,0,6.675806,475.331,263.1964,212.1346,698.1845,0,1339.906,0,0,1.24345e-13,4.263256e-14
naive,2026-01-24 01:15:00,1829,1.25,32.39088,3249.274,27.50414,6.011029,72.11726,1,1,2274.492,2274.175,560.2179,306.1657,866.3836,2,0,0,66.38357,800,0,58.91257,310.1892,0.1550946,0.2046279,0.3172331,0,250,0.3172331,1713.957,46.52645,50.07266,0,0,25.59082,485.2764,365.6829,119.5935,677.3086,0,1298.285,0,5.684342e-14,1.056932e-13,4.263256e-14
naive,2026-01-24 01:30:00,1830,1.5,32.2123,3262.092,44.63672,4.787585,73.16294,1,1,2283.465,2283.147,561.9858,306.9451,868.9309,2,0,0,68.93095,800,0,54.16735,296.5985,0.1482993,0.1953216,0.3172331,0,250,0.3172331,1721.162,48.41031,50.26048,0,0,24.75263,485.1574,365.6874,119.47,677.8916,0,1299.24,0,0,6.278311e-14,4.263256e-14
naive,2026-01-24 01:45:00,1831,1.75,32.04392,3276.167,39.34277,8.668817,59.10747,1,1,2293.317,2293,565.179,308.3528,873.5318,2,0,0,73.53182,800,0,54.08749,283.03,0.141515,0.1867638,0.3172331,0,250,0.3172331,1727.821,51.74056,50.43757,0,0.09424918,7.366907,485.3408,365.6633,119.6775,675.5752,0,1294.571,0,-5.684342e-14,-3.491651e-14,4.263256e-14
naive,2026-01-24 02:00:00,1832,2,31.7718,3288.844,48.01977,2.010991,61.72877,1,1,2302.191,2301.874,564.7593,308.1678,872.9271,2,0,0,72.92713,800,0,58.13154,268.4525,0.1342263,0.1782198,0.3172331,0,250,0.3172331,1737.114,51.47383,50.72377,0,0,10.25494,484.1518,365.3159,118.8359,675.6403,0,1294.216,0,0,-2.09277e-14,4.263256e-14
naive,2026-01-24 02:15:00,1833,2.25,31.54072,3296.086,59.44749,0.2109956,63.49413,1,1,2307.26,2306.943,575.3858,312.8525,888.2382,2,0,0,88.23823,800,0,55.17817,254.6157,0.1273079,0.1690406,0.3172331,0,250,0.3172331,1731.557,62.44393,50.96682,8.182531,0,1.050206,482.6378,362.211,120.4268,675.2831,0,1307.343,0,1.136868e-13,1.684763e-14,4.263256e-14
naive,2026-01-24 02:30:00,1834,2.5,31.36799,3304.446,66.80569,0,44.20926,1,1,2313.112,2312.795,571.0841,310.9561,882.0401,2,0,0,82.04013,800,0,61.1676,239.2838,0.1196419,0.1603278,0.3172331,0,250,0.3172331,1741.711,58.17105,51.14848,8.995045,0,0,481.9466,362.8927,119.0538,673.8488,0,1305.672,0,0,-2.88658e-15,4.263256e-14
naive,2026-01-24 02:45:00,1835,2.75,31.29919,3313.525,67.4833,0,54.44872,1,1,2319.468,2319.151,560.6736,306.3666,867.0402,2,0,0,67.0402,800,0,55.15387,225.4576,0.1127288,0.1506735,0.3172331,0,250,0.3172331,1758.477,47.57216,51.22085,15.58091,0,6.876555,482.5098,365.8091,116.7007,673.6062,0,1316.466,0,0,2.21767e-14,4.263256e-14
naive,2026-01-24 03:00:00,1836,3,31.14169,3263.172,64.80144,0,61.87198,1,1,2284.22,2283.903,557.2185,304.8434,862.0619,2,0,0,62.06193,800,0,51.65296,212.5089,0.1062544,0.1419674,0.3172331,0,250,0.3172331,1726.684,44.11774,51.38649,15.4462,0,17.75423,473.471,357.9055,115.5655,666.429,0,1301.693,0,0,5.070944e-14,4.263256e-14
naive,2026-01-24 03:15:00,1837,3.25,30.98023,3223.638,70.21816,0,66.18705,1,1,2256.546,2256.229,553.6065,303.0907,856.6972,2,1.347934,0.02495238,55.32428,800,0,49.90176,200,0.1,0.1338137,0.3172331,0,250,0.3172331,1702.623,39.39964,51.55631,18.96846,0,26.78741,466.0192,351.6235,114.3956,660.2464,0,1295.212,0,-5.684342e-14,-1.69309e-15,4.263256e-14
naive,2026-01-24 03:30:00,1838,3.5,30.71731,3220.923,64.01227,0,40.96274,1,1,2254.646,2254.329,986.9365,428.124,1415.06,3,56.15995,1.352907,57.54758,800,500,0,324.9685,0.1624843,0.1259371,0.3172331,0,250,0.3172331,1267.393,41.10403,51.83284,7.852325,0,0,462.8622,260.1863,202.6759,688.3103,0,1331.854,0,5.684342e-14,1.24345e-13,4.263256e-14
naive,2026-01-24 03:45:00,1839,3.75,30.53429,3246.307,71.50383,0,37.51125,1,1,2272.415,2272.098,540.595,297.515,838.1099,2,0,0,38.10993,800,0,62.4839,309.2964,0.1546482,0.2046279,0.3172331,0,250,0.3172331,1731.503,27.27626,52.02533,9.066164,0,10.23499,464.5898,354.0016,110.5882,653.6091,0,1264.329,0,0,6.217249e-15,4.263256e-14
naive,2026-01-24 04:00:00,1840,4,30.37219,3215.987,84.50495,0,49.70785,1,1,2251.191,2250.874,552.1347,302.6023,854.737,2,0,0,54.73698,800,0,76.27864,290.178,0.145089,0.1947594,0.3172331,0,250,0.3172331,1698.739,39.24765,52.19582,8.858556,0,10.46021,458.5789,346.0416,112.5372,650.7747,0,1258.11,0,-5.684342e-14,5.628831e-14,4.263256e-14
naive,2026-01-24 04:15:00,1841,4.25,30.26227,3246.631,93.37868,0,46.68437,1,1,2272.642,2272.325,549.7911,301.5691,851.3601,2,0,0,51.36014,800,0,88.5501,267.9948,0.1339974,0.1827209,0.3172331,0,250,0.3172331,1722.534,36.87154,52.31142,8.19509,0,9.812831,461.8111,350.0266,111.7845,653.5897,0,1262.466,0,0,-1.036116e-13,4.263256e-14
naive,2026-01-24 04:30:00,1842,4.5,30.09435,3230.154,107.2596,0,62.77317,1,1,2261.107,2260.79,545.3775,299.6233,845.0009,2,0,0,45.00088,800,0,99.01447,243.199,0.1215995,0.1687524,0.3172331,0,250,0.3172331,1715.413,32.36666,52.48802,10.40368,0,30.40651,457.7492,347.2762,110.473,653.0551,0,1265.008,0,5.684342e-14,1.149081e-14,4.263256e-14
naive,2026-01-24 04:45:00,1843,4.75,29.89983,3291.096,135.9133,0,56.89853,1,1,2303.768,2303.45,544.7722,299.3565,844.1287,2,0,0,44.12871,800,0,121.2085,212.8586,0.1064293,0.1531389,0.3172331,0,250,0.3172331,1758.678,31.80803,52.69261,18.314,0,25.0905,464.3739,354.4994,109.8745,658.9134,0,1290.139,0,-5.684342e-14,-5.384582e-14,4.263256e-14
naive,2026-01-24 05:00:00,1844,5,29.81922,3316.987,162.2668,0,30.0093,1,1,2321.891,2321.574,628.0928,324.7665,952.8593,2,95.17419,6.657,51.02815,800,0,51.30045,200,0.1,0.134034,0.3172331,0,250,0.3172331,1693.481,36.81407,52.7774,15.79218,0,0,467.1919,340.7484,126.4436,665.5149,0,1298.897,0,0,8.049117e-16,4.263256e-14
naive,2026-01-24 05:15:00,1845,5.25,29.49205,3377.81,196.2464,3.151372,25.12073,1,1,2364.467,2364.15,1078.141,453.128,1531.269,4,183.963,8.334365,38.97157,800,500,0,324.9685,0.1624843,0.1259371,0.3172331,0,250,0.3172331,1286.009,28.21789,53.1215,12.28342,0,0,472.3384,256.8999,215.4385,710.0279,0,1381.483,0,1.136868e-13,1.24345e-13,4.263256e-14
naive,2026-01-24 05:30:00,1846,5.5,29.30216,3399.862,235.7751,5.944724,7.228077,1,1,2379.903,2379.586,534.583,294.8646,829.4476,2,0,0,29.44756,800,0,240.0117,264.9144,0.1324572,0.2046279,0.3172331,0,250,0.3172331,1845.003,21.36664,53.32121,1.879618,0,0,473.4465,367.036,106.4105,661.9006,0,1267.057,0,0,-9.325873e-14,4.263256e-14
naive,2026-01-24 05:45:00,1847,5.75,29.21507,3348.88,267.3219,5.511288,8.749435,1,1,2344.216,2343.899,552.7444,300.4468,853.1912,2,20.37868,1.472503,31.34001,800,0,259.4909,200,0.1,0.1668127,0.3172331,0,250,0.3172331,1791.154,22.7616,53.41281,0,4.038785,0,465.46,355.6459,109.8141,656.0927,0,1259.063,0,-5.684342e-14,2.414735e-15,4.263256e-14
naive,2026-01-24 06:00:00,1848,6,29.29414,3347.619,320.1893,0.8168288,25.68049,1,1,2343.333,2343.016,1172.208,478.3814,1650.589,4,320.2784,1.224363,29.08628,800,500,0,324.9685,0.1624843,0.1259371,0.3172331,0,250,0.3172331,1170.808,21.10637,53.32965,0,0,4.574122,466.0896,232.8741,233.2155,712.1653,0,1364.335,0,0,1.24345e-13,4.263256e-14
naive,2026-01-24 06:15:00,1849,6.25,29.25514,3365.792,375.2298,0,30.04485,1,1,2356.055,2355.737,539.5787,297.0669,836.6457,2,0,0,36.64567,800,0,363.726,233.9859,0.1169929,0.2046279,0.3172331,0,250,0.3172331,1816.159,26.60325,53.37066,16.39137,0,3.441601,468.2205,360.9266,107.2939,658.6775,0,1285.588,0,0,-6.483702e-14,4.263256e-14
naive,2026-01-24 06:30:00,1850,6.5,29.18494,3382.475,407.6558,2.588475,32.86902,1,1,2367.732,2367.415,757.3203,362.3059,1119.626,3,258.5111,5.468592,55.64646,800,0,135.7961,200,0.1,0.1473375,0.3172331,0,250,0.3172331,1610.095,40.42829,53.44449,13.34861,0,0,469.8202,319.485,150.3352,681.7909,0,1326.483,0,5.684342e-14,3.996803e-15,4.263256e-14
naive,2026-01-24 06:45:00,1851,6.75,29.3483,3372.37,421.8845,0.682961,32.28241,1,1,2360.659,2360.342,1264.97,507.9219,1772.892,4,415.7216,2.05382,55.11692,800,500,0,324.9685,0.1624843,0.1259371,0.3172331,0,250,0.3172331,1095.371,39.97154,53.27268,6.162932,0,0,470.0928,218.1282,251.9647,726.0501,0,1402.799,0,-5.684342e-14,1.24345e-13,4.263256e-14
naive,2026-01-24 07:00:00,1852,7,29.42708,3341.002,421.5945,0,28.83153,1,1,2338.701,2338.384,576.9852,313.5576,890.5428,2,0,0,90.5428,800,0,428.2338,217.8589,0.1089295,0.2046279,0.3172331,0,250,0.3172331,1761.399,65.60581,53.18982,0,0,0,466.5253,351.3647,115.1606,664.9223,0,1270.006,0,5.684342e-14,-7.993606e-15,4.263256e-14
naive,2026-01-24 07:15:00,1853,7.25,29.70349,3332.407,426.7467,0,29.25877,1,1,2332.685,2332.368,851.6076,392.5615,1244.169,3,353.593,2.691914,87.88427,800,0,71.29844,200,0.1,0.1371826,0.3172331,0,250,0.3172331,1480.76,63.48514,52.89912,1.855325,0,0,468.1647,297.1853,170.9794,689.7468,0,1323.183,0,1.136868e-13,5.551115e-16,4.263256e-14
naive,2026-01-24 07:30:00,1854,7.5,29.7994,3344.33,394.8615,0,47.60838,1,1,2341.031,2340.714,1274.653,513.591,1788.244,4,403.9471,0.7578119,83.5388,800,500,0,324.9685,0.1624843,0.1259371,0.3172331,0,250,0.3172331,1066.061,60.282,52.79824,0,0,0,470.8367,214.4101,256.4266,728.0011,0,1396.604,0,0,1.24345e-13,4.263256e-14
naive,2026-01-24 07:45:00,1855,7.75,29.84963,3363.002,369.2615,0,60.2691,1,1,2354.102,2353.784,578.9995,314.4456,893.4451,2,0,0,93.44507,800,0,379.1814,230.122,0.115061,0.2046279,0.3172331,0,250,0.3172331,1774.785,67.39286,52.74541,0,0,0,473.9922,357.3483,116.6439,671.7939,0,1284.249,0,5.684342e-14,-7.993606e-15,4.263256e-14
naive,2026-01-24 08:00:00,1856,8,29.95613,3369.169,327.9553,130.6328,50.02843,1,1,2358.418,2358.101,936.8998,446.7742,1383.674,3,213.9505,260.5691,109.1544,800,0,120.3431,200,0.1,0.1449045,0.3172331,0,250,0.3172331,1421.201,78.62949,52.6334,0,0,0,475.9841,286.8317,189.1524,733.6059,0,1407.999,0,0,-6.633583e-15,4.263256e-14
naive,2026-01-24 08:15:00,1857,8.25,30.33811,3378.579,291.7573,133.3788,63.07669,1,1,2365.005,2364.688,1388.907,577.5827,1966.489,4,289.4296,256.9812,120.0785,800,500,0,324.9685,0.1624843,0.1259371,0.3172331,0,250,0.3172331,975.7814,86.13174,52.23165,2.327697,0,0,481.3959,198.6199,282.776,776.2026,0,1497.66,0,1.136868e-13,1.24345e-13,4.263256e-14
naive,2026-01-24 08:30:00,1858,8.5,30.70085,3399.948,252.8215,130.9335,56.51758,1,1,2379.964,2379.647,595.2833,321.6242,916.9075,2,0,3.504736,113.4028,800,0,499.6694,200,0.1,0.2046279,0.3172331,0,250,0.3172331,1784.363,81.01418,51.85014,17.95189,0,0,488.4075,366.1805,122.227,687.8047,0,1348.245,0,0,-7.993606e-15,4.263256e-14
naive,2026-01-24 08:45:00,1859,8.75,30.90368,3441.341,209.7398,134.3836,92.25957,1,1,2408.939,2408.622,1329.951,563.341,1893.292,4,190.6663,271.3653,131.2606,800,500,0,324.9685,0.1624843,0.1259371,0.3172331,0,250,0.3172331,1078.67,93.55871,51.63682,19.0735,0,0,496.6275,222.379,274.2485,785.72,0,1546.25,0,-2.273737e-13,1.24345e-13,4.263256e-14
naive,2026-01-24 09:00:00,1860,9,31.22525,3440.564,164.6907,134.6889,78.35467,1,1,2408.395,2408.077,620.7219,332.8389,953.5608,2,0,0,153.5608,800,0,425.9777,218.4229,0.1092115,0.2046279,0.3172331,0,250,0.3172331,1787.355,109.0586,51.29861,12.63118,0,0,500.1627,371.1886,128.9742,704.0274,0,1372.133,0,0,-7.993606e-15,4.263256e-14
naive,2026-01-24 09:15:00,1861,9.25,31.25846,3465.072,129.7063,142.2485,85.53526,1,1,2425.551,2425.233,856.0637,431.0368,1287.1,3,46.67316,276.2153,164.212,800,0,73.55421,200,0.1,0.1375377,0.3172331,0,250,0.3172331,1569.17,116.5794,51.26369,9.478964,0,0,504.1079,326.1243,177.9837,757.1611,0,1473.002,0,0,1.360023e-15,4.263256e-14
naive,2026-01-24 09:30:00,1862,9.5,31.62649,3510.071,110.6285,139.6136,94.05691,1,1,2457.05,2456.732,1294.681,558.4802,1853.161,4,100.8206,277.0976,175.2432,800,500,0,324.9685,0.1624843,0.1259371,0.3172331,0,250,0.3172331,1162.051,123.8949,50.87661,9.807894,0,0,514.9875,243.5611,271.4263,802.0413,0,1563.765,0,0,1.24345e-13,4.263256e-14
naive,2026-01-24 09:45:00,1863,9.75,31.88922,3510.984,89.9574,131.8379,117.8508,1,1,2457.689,2457.371,651.7942,346.537,998.3313,2,0,0,198.3313,800,0,366.9922,233.1693,0.1165847,0.2046279,0.3172331,0,250,0.3172331,1805.577,139.801,50.60028,3.778835,0,0,518.2608,380.7479,137.5129,727.2849,0,1404.163,0,0,4.884981e-14,4.263256e-14
naive,2026-01-24 10:00:00,1864,10,32.10645,3525.616,72.08029,140.2306,140.4377,1,1,2467.931,2467.614,810.5612,416.5293,1227.091,3,0,220.7216,206.3689,800,0,132.5304,200,0.1,0.1468233,0.3172331,0,250,0.3172331,1657.053,145.108,50.37181,5.927526,0,0,523.0563,351.1977,171.8585,767.727,0,1489.011,0,0,1.385003e-14,4.263256e-14
naive,2026-01-24 10:15:00,1865,10.25,32.34374,3512.34,65.26811,140.2792,166.0087,1,1,2458.638,2458.321,1306.73,568.6411,1875.371,4,60.05833,286.995,228.3182,800,500,0,324.9685,0.1624843,0.1259371,0.3172331,0,250,0.3172331,1151.591,160.1081,50.12224,5.209776,0,5.900556,523.9854,245.4272,278.5582,815.3258,0,1583.251,0,2.273737e-13,1.24345e-13,4.263256e-14
naive,2026-01-24 10:30:00,1866,10.5,32.6141,3537.326,46.90424,143.1097,181.6194,1,1,2476.128,2475.811,697.4154,366.6491,1064.065,3,0,0,264.0645,800,0,338.6232,240.2616,0.1201308,0.2046279,0.3172331,0,250,0.3172331,1778.395,184.6041,49.8379,0,0,0,531.0788,381.4295,149.6494,748.0786,0,1440.089,0,1.136868e-13,4.884981e-14,4.263256e-14
naive,2026-01-24 10:45:00,1867,10.75,32.80222,3561.38,63.39126,139.3392,188.9119,1,1,2492.966,2492.649,829.4848,424.8718,1254.357,3,0,182.0783,272.2782,800,0,160.8949,200,0.1,0.1512892,0.3172331,0,250,0.3172331,1663.164,189.9365,49.64004,10.58133,0,0,537.0739,358.305,178.769,783.1767,0,1528.761,0,0,-9.492407e-15,4.263256e-14
naive,2026-01-24 11:00:00,1868,11,33.00257,3606.973,66.69066,136.2888,210.755,1,0,2524.881,2524.564,1353.065,590.8427,1943.908,4,45.13822,288.4898,310.28,800,500,0,324.9685,0.1624843,0.1259371,0.3172331,0,250,0.3172331,1171.498,215.9485,49.42933,21.55244,0,0,546.5444,253.5866,292.9578,844.4292,0,1670.428,0,0,1.24345e-13,4.263256e-14
naive,2026-01-24 11:15:00,1869,11.25,33.10367,3628.785,48.77435,138.81,217.8395,0,0,2540.15,2539.832,754.9287,392.0038,1146.932,3,0,0,346.9324,800,0,346.6106,238.2647,0.1191324,0.2046279,0.3172331,0,250,0.3172331,1784.904,241.1772,49.32299,0,0,0,551.1764,387.2988,163.8776,0,779.3026,4230.676,0,-1.136868e-13,-7.993606e-15,4.263256e-14
naive,2026-01-24 11:30:00,1870,11.5,33.54616,3616.311,55.27472,144.9054,237.7124,0,0,2531.418,2531.101,925.6428,467.2629,1392.906,3,0,191.2604,401.6453,800,0,152.9088,200,0.1,0.1500318,0.3172331,0,250,0.3172331,1605.458,277.7902,48.8576,5.455267,0,0,555.145,352.0801,203.0649,0,819.3431,4460.832,0,-5.684342e-14,8.548717e-15,4.263256e-14
naive,2026-01-24 11:45:00,1871,11.75,33.68529,3645.391,56.17795,148.0793,265.1627,0,0,2551.773,2551.456,1396.551,603.4489,2000,4,48.61631,294.801,439.7081,716.8745,500,0,324.9685,0.1624843,0.1259371,0.3172331,0,250,0.3172331,1154.905,303.6262,43.64984,7.561639,0,0,561.4935,254.1259,307.3676,0,857.5748,4680.599,0,-2.273737e-13,1.24345e-13,4.263256e-14
naive,2026-01-24 12:00:00,1872,12,33.9138,3637.434,45.59889,153.5496,309.4115,0,0,2546.204,2545.887,850.4108,434.097,1284.508,3,0,0,484.5078,800,0,345.7981,238.4678,0.1192339,0.2046279,0.3172331,0,250,0.3172331,1695.476,333.6755,48.47094,0,0,0,563.384,375.1482,188.2357,0,809.2452,4396.319,0,1.136868e-13,-7.993606e-15,4.263256e-14
naive,2026-01-24 12:15:00,1873,12.25,34.2841,3642.405,52.37117,148.1493,332.3855,0,0,2549.684,2549.366,1020.679,509.1597,1529.839,4,0,201.3599,528.4792,800,0,153.7212,200,0.1,0.1501597,0.3172331,0,250,0.3172331,1528.687,362.3926,48.08148,0,0,0,569.2847,341.32,227.9647,0,850.4798,4623.547,0,-5.684342e-14,-1.321165e-14,4.263256e-14
naive,2026-01-24 12:30:00,1874,12.5,34.67183,3649.074,50.48354,147.0549,344.6166,0,0,2554.351,2554.034,1403.827,596.1726,2000,4,52.11758,297.4219,569.6476,580.813,500,0,324.9685,0.1624843,0.1259371,0.3172331,0,250,0.3172331,1150.207,388.8558,34.61187,0,0,0,575.8104,259.2834,316.5269,0,855.456,4666.07,0,-1.136868e-13,1.24345e-13,4.263256e-14
naive,2026-01-24 12:45:00,1875,12.75,35.07801,3724.653,53.78874,148.8363,367.4592,0,0,2607.257,2606.94,932.9203,470.4712,1403.392,3,0,0,603.3915,800,0,357.7481,235.4803,0.1177402,0.2046279,0.3172331,0,250,0.3172331,1674.02,409.9297,47.24649,0,0,0,593.7163,381.2024,212.5139,0,851.6737,4631.053,0,-1.136868e-13,-6.483702e-14,4.263256e-14
naive,2026-01-24 13:00:00,1876,13,35.22863,3768.635,61.50869,150.2208,396.9249,0,0,2638.045,2637.728,1121.617,553.6581,1675.275,4,0,226.2726,649.0026,800,0,141.773,200,0.1,0.1482785,0.3172331,0,250,0.3172331,1516.11,440.1347,47.08808,0,0,0,603.0022,346.5513,256.4509,0,900.2094,4898.178,0,0,-5.828671e-16,4.263256e-14
naive,2026-01-24 13:15:00,1877,13.25,35.39083,3728.399,54.4583,147.831,423.3503,0,0,2609.879,2609.562,1411.46,588.5403,2000,4,57.01968,298.7352,704.1727,440.0724,500,0,324.9685,0.1624843,0.1259371,0.3172331,0,250,0.3172331,1198.102,476.6358,25.80886,0,0,0,599.007,274.9827,324.0243,0,863.523,4720.342,0,0,1.24345e-13,4.263256e-14
naive,2026-01-24 13:30:00,1878,13.5,35.59138,3744.652,44.88338,148.8134,439.7339,0,0,2621.257,2620.939,1031.659,514.0001,1545.659,4,0,0,745.6593,800,0,350.1054,237.391,0.1186955,0.2046279,0.3172331,0,250,0.3172331,1589.28,503.5206,46.70655,0,0,0,604.6801,366.6204,238.0597,0,880.6205,4790.868,0,1.136868e-13,-7.993606e-15,4.263256e-14
naive,2026-01-24 13:45:00,1879,13.75,35.5657,3774.576,60.37522,151.1513,434.741,0,0,2642.203,2641.886,1181.254,579.949,1761.203,4,0,191.5013,769.7019,800,0,149.4146,200,0.1,0.1494816,0.3172331,0,250,0.3172331,1460.632,519.9139,46.73356,10.46183,0,0,609.1152,336.7239,272.3913,0,916.6729,5007.172,0,0,-9.492407e-15,4.263256e-14
naive,2026-01-24 14:00:00,1880,14,35.86578,3792.277,56.36948,146.2331,450.8734,0,1,2654.594,2654.277,1413.745,586.2546,2000,4,46.6553,290.1262,784.3198,378.8987,500,0,324.9685,0.1624843,0.1259371,0.3172331,0,250,0.3172331,1240.531,527.9051,21.98463,9.714183,0,0,616.6642,288.1764,328.4878,0,874.4309,4801.394,0,2.273737e-13,1.24345e-13,4.263256e-14
naive,2026-01-24 14:15:00,1881,14.25,35.84698,3782.116,43.88922,140.9588,441.0443,1,1,2647.481,2647.164,1079.828,535.2351,1615.063,4,0,0,815.0627,800,0,337.5415,240.532,0.120266,0.2046279,0.3172331,0,250,0.3172331,1567.336,548.7199,46.43773,0.9080405,0,0,614.7166,363.9186,250.798,899.1537,0,1747.631,0,-1.136868e-13,-7.993606e-15,4.263256e-14
naive,2026-01-24 14:30:00,1882,14.5,36.00252,3774.438,55.21327,147.4387,463.0823,1,1,2642.106,2641.789,1199.035,587.7875,1786.822,4,0,173.5031,813.3192,800,0,161.9765,200,0.1,0.1514595,0.3172331,0,250,0.3172331,1442.754,546.5341,46.27414,15.32826,0,0,615.9155,336.3281,279.5873,924.1157,0,1822.614,0,0,-5.301315e-15,4.263256e-14
naive,2026-01-24 14:45:00,1883,14.75,36.27225,3761.432,60.20088,144.894,486.4929,1,1,2633.002,2632.685,1418.256,581.7437,2000,4,49.00962,297.1199,859.0258,294.8447,500,0,324.9685,0.1624843,0.1259371,0.3172331,0,250,0.3172331,1214.429,575.3944,16.95005,11.19126,0,0,618.0681,285.0737,332.9944,866.8174,0,1733.871,0,2.273737e-13,1.24345e-13,4.263256e-14
naive,2026-01-24 15:00:00,1884,15,36.51922,3749.588,65.97802,142.0199,511.7357,1,1,2624.712,2624.395,1117.476,551.8326,1669.309,4,0,0,869.3089,800,0,355.052,236.1544,0.1180772,0.2046279,0.3172331,0,250,0.3172331,1506.918,580.5647,45.73071,10.51885,0,0,620.0761,356.0025,264.0736,907.8351,0,1782.368,0,1.136868e-13,-7.993606e-15,4.263256e-14
naive,2026-01-24 15:15:00,1885,15.25,36.59453,3730.671,68.0423,132.6139,522.3405,1,1,2611.47,2611.153,1279.739,623.3661,1903.105,4,0,212.4097,890.6958,800,0,144.4688,200,0.1,0.1487029,0.3172331,0,250,0.3172331,1331.413,594.3112,45.65149,7.126971,0,0,618.1577,315.1571,303.0006,938.5232,0,1837.983,0,-1.136868e-13,1.049161e-14,4.263256e-14
naive,2026-01-24 15:30:00,1886,15.5,36.82159,3689.942,68.51683,136.4939,544.9176,1,1,2582.959,2582.642,1421.731,578.269,2000,4,70.56379,291.6745,875.9264,261.8354,500,0,324.9685,0.1624843,0.1259371,0.3172331,0,250,0.3172331,1160.911,582.8653,14.86331,0,0,0,615.0452,276.4321,338.6131,854.7011,0,1692.681,0,0,1.24345e-13,4.263256e-14
naive,2026-01-24 15:45:00,1887,15.75,37.05237,3704.934,77.22725,133.694,554.8568,1,1,2593.454,2593.137,1113.291,549.9873,1663.278,4,0,0,863.278,800,0,355.339,236.0826,0.1180413,0.2046279,0.3172331,0,250,0.3172331,1479.846,572.8549,45.16996,9.715136,0,0,621.2998,354.5188,266.7811,904.5061,0,1774.955,0,-2.273737e-13,-7.993606e-15,4.263256e-14
naive,2026-01-24 16:00:00,1888,16,36.92848,3679.313,92.00922,136.7083,539.2359,1,1,2575.519,2575.202,1253.915,611.9812,1865.896,4,0,210.878,855.0178,800,0,144.1818,200,0.1,0.1486578,0.3172331,0,250,0.3172331,1321.287,568.221,45.30026,19.57469,0,0,614.9955,315.5037,299.4918,927.4849,0,1837.773,0,-2.273737e-13,-1.201816e-14,4.263256e-14
naive,2026-01-24 16:15:00,1889,16.25,36.96593,3721.712,91.37025,135.0013,523.6553,1,1,2605.199,2604.881,1423.236,576.7644,2000,4,92.7636,277.5107,861.4987,268.227,500,0,324.9685,0.1624843,0.1259371,0.3172331,0,250,0.3172331,1181.646,572.2699,15.17524,0,0,0,622.695,282.4372,340.2579,859.2016,0,1701.331,0,0,1.24345e-13,4.263256e-14
naive,2026-01-24 16:30:00,1890,16.5,37.10031,3705.487,104.6283,135.9894,505.104,1,1,2593.841,2593.523,1107.163,547.2858,1654.449,4,0,0,854.4486,800,0,389.884,227.4464,0.1137232,0.2046279,0.3172331,0,250,0.3172331,1486.361,566.6682,45.11955,0,0,0,622.1784,356.5298,265.6486,903.8156,0,1756.872,0,0,-7.993606e-15,4.263256e-14
naive,2026-01-24 16:45:00,1891,16.75,37.18974,3687.383,127.7111,132.7042,487.36,1,1,2581.168,2580.851,1280.07,620.7741,1900.844,4,23.01507,275.6308,802.1985,800,0,109.6422,200,0.1,0.1432196,0.3172331,0,250,0.3172331,1300.78,531.4421,45.02548,0,0,0,620.6031,312.7531,307.85,933.5272,0,1816.401,0,-2.273737e-13,4.468648e-15,4.263256e-14
naive,2026-01-24 17:00:00,1892,17,37.18295,3692.81,150.0568,132.719,469.2117,1,1,2584.967,2584.65,1428.283,571.7167,2000,4,159.5258,274.0798,789.1267,277.2677,500,0,324.9685,0.1624843,0.1259371,0.3172331,0,250,0.3172331,1156.366,522.8252,15.60762,0,0,0,621.4049,277.981,343.4239,849.6977,0,1681.837,0,-2.273737e-13,1.24345e-13,4.263256e-14
naive,2026-01-24 17:15:00,1893,17.25,37.17258,3675.502,177.9204,129.2607,443.2543,1,1,2572.851,2572.534,1038.721,517.1135,1555.835,4,0,0,755.8349,800,0,451.8973,211.943,0.1059715,0.2046279,0.3172331,0,250,0.3172331,1533.813,500.8308,45.04353,0,0,0,618.3229,368.615,249.7079,885.7285,0,1720.783,0,-1.136868e-13,-7.993606e-15,4.263256e-14
naive,2026-01-24 17:30:00,1894,17.5,37.4411,3651.477,207.0682,126.0046,419.5378,1,1,2556.034,2555.717,1325.417,623.6716,1949.088,4,166.7069,265.4489,716.9324,800,0,47.63869,200,0.1,0.1334574,0.3172331,0,250,0.3172331,1230.3,473.5132,44.76112,0,0,0,618.6729,297.7869,320.886,921.4585,0,1792.561,0,1.136868e-13,2.19269e-15,4.263256e-14
naive,2026-01-24 17:45:00,1895,17.75,37.36207,3593.944,241.722,125.9399,420.4704,1,1,2515.761,2515.443,1432.884,567.1162,2000,4,242.1162,262.0511,675.3675,320.4651,500,0,324.9685,0.1624843,0.1259371,0.3172331,0,250,0.3172331,1082.56,446.4877,17.96377,0,0,0,607.6464,261.477,346.1694,828.5932,0,1636.977,0,0,1.24345e-13,4.263256e-14
naive,2026-01-24 18:00:00,1896,18,37.44105,3542.809,262.42,0,410.3142,1,1,2479.967,2479.649,964.1495,484.2386,1448.388,3,0,0,648.3881,800,0,281.2929,254.5941,0.1272971,0.2046279,0.3172331,0,250,0.3172331,1515.5,428.2419,44.76118,0,0,0,600.2603,366.8172,233.4431,851.0558,0,1651.755,0,-1.705303e-13,4.884981e-14,4.263256e-14
naive,2026-01-24 18:15:00,1897,18.25,37.2271,3494.233,312.8037,0,368.9371,1,1,2445.963,2445.646,1025.493,500.0407,1525.533,4,94.49416,4.416609,626.6224,800,0,218.2162,200,0.1,0.1603142,0.3172331,0,250,0.3172331,1420.153,414.9389,44.9862,0.09334079,0,0,588.6766,341.7922,246.8845,841.8328,0,1633.217,0,0,-1.323941e-14,4.263256e-14
naive,2026-01-24 18:30:00,1898,18.5,37.20913,3512.966,340.9593,2.14154,370.4365,1,0,2459.076,2458.759,1428.221,571.779,2000,4,341.519,1.272329,586.1348,571.0739,500,0,324.9685,0.1624843,0.1259371,0.3172331,0,250,0.3172331,1030.538,388.2129,32.12654,0,0.8692119,0,591.5513,247.9045,343.6468,819.6834,0,1604.724,0,0,1.24345e-13,4.263256e-14
naive,2026-01-24 18:45:00,1899,18.75,37.23692,3482.721,359.9015,0,340.3905,1,0,2437.904,2437.587,890.7566,451.8834,1342.64,3,0,0,542.6401,800,0,363.4953,234.0435,0.1170218,0.2046279,0.3172331,0,250,0.3172331,1546.83,359.2845,44.97586,0,0,0,586.8898,372.3768,214.513,824.2602,0,1597.923,0,-1.705303e-13,-6.483702e-14,4.263256e-14
naive,2026-01-24 19:00:00,1900,19,37.07026,3469.798,376.0958,0.06043346,284.7033,0,0,2428.858,2428.541,1047.385,491.6228,1539.008,4,246.3875,1.005991,491.6142,800,0,136.0267,200,0.1,0.1473738,0.3172331,0,250,0.3172331,1381.156,326.1555,45.15114,0,0,0,582.143,331.0322,251.1108,0,822.6551,4473.808,0,-5.684342e-14,-7.133183e-15,4.263256e-14
naive,2026-01-24 19:15:00,1901,19.25,36.86499,3461.526,391.819,2.696401,263.4861,0,0,2423.068,2422.751,1428.45,571.5504,2000,4,393.5462,1.855027,454.3316,650.2672,500,0,324.9685,0.1624843,0.1259371,0.3172331,0,250,0.3172331,994.3016,302.1669,36.87587,0,0.841374,0,577.6292,237.0291,340.6001,0,808.5794,4407.153,0,2.273737e-13,1.24345e-13,4.263256e-14
naive,2026-01-24 19:30:00,1902,19.5,36.94916,3422.59,377.6184,2.527724,239.3984,0,0,2395.813,2395.496,804.4364,413.8292,1218.266,3,0,0,418.2656,800,0,401.2574,224.603,0.1123015,0.2046279,0.3172331,0,250,0.3172331,1591.059,277.8985,45.27851,0,0.360926,0,572.3952,380.1276,192.2676,0,793.9569,4316.447,0,1.705303e-13,-7.993606e-15,4.263256e-14
naive,2026-01-24 19:45:00,1903,19.75,36.76661,3410.004,386.7194,2.380441,217.9477,0,0,2387.003,2386.686,1003.627,466.6773,1470.304,3,293.9225,0.6310324,375.7503,800,0,98.27062,200,0.1,0.1414292,0.3172331,0,250,0.3172331,1383.059,250.1998,45.47051,0,1.749409,0,567.5674,328.8556,238.7118,0,795.5329,4327.294,0,5.684342e-14,1.415534e-15,4.263256e-14
naive,2026-01-24 20:00:00,1904,20,36.72095,3385.721,389.1661,1.822148,208.499,0,0,2370.005,2369.688,1419.599,580.4005,2000,4,377.9962,0.9648308,323.4339,797.605,500,0,324.9685,0.1624843,0.1259371,0.3172331,0,250,0.3172331,950.0883,215.4822,45.38227,11.16986,0.8573173,0,562.8535,225.6369,337.2166,0,806.0374,4402.898,0,-2.273737e-13,1.24345e-13,4.263256e-14
naive,2026-01-24 20:15:00,1905,20.25,36.35985,3350.469,376.2941,5.35895,191.9501,0,0,2345.328,2345.011,725.8989,379.206,1105.105,3,0,0,305.105,800,0,363.9108,233.9397,0.1169698,0.2046279,0.3172331,0,250,0.3172331,1619.112,204.1522,45.89832,14.97312,2.769172,0,551.7878,380.9302,170.8576,0,760.1362,4159.719,0,0,-7.993606e-15,4.263256e-14
naive,2026-01-24 20:30:00,1906,20.5,36.37467,3334.806,355.437,6.056013,196.6353,0,0,2334.364,2334.047,856.1283,413.2308,1269.359,3,196.5952,0.9202282,271.8436,800,0,135.6114,200,0.1,0.1473084,0.3172331,0,250,0.3172331,1477.919,181.8641,45.88273,23.23046,5.135785,14.77116,549.4191,347.8449,201.5742,0,764.5522,4202.351,0,1.136868e-13,-3.053113e-16,4.263256e-14
naive,2026-01-24 20:45:00,1907,20.75,35.92552,3302.032,326.8056,2.742538,194.9915,0,0,2311.423,2311.105,1304.772,538.8537,1843.625,4,303.1996,0.4866354,239.939,800,500,0,324.9685,0.1624843,0.1259371,0.3172331,0,250,0.3172331,1006.334,161.382,46.35513,23.60597,2.255903,33.60948,537.7661,234.1295,303.6366,0,780.8027,4286.877,0,0,1.24345e-13,4.263256e-14
naive,2026-01-24 21:00:00,1908,21,35.59999,3297.832,287.5023,4.681668,158.0978,0,0,2308.483,2308.165,672.5405,355.683,1028.224,3,0,0,228.2236,800,0,280.2146,254.8637,0.1274318,0.2046279,0.3172331,0,250,0.3172331,1635.625,154.0966,46.69749,8.045594,3.923764,4.001268,532.6447,377.3938,155.251,0,734,4005.113,0,-1.136868e-13,-7.993606e-15,4.263256e-14
naive,2026-01-24 21:15:00,1909,21.25,35.3071,3290.47,247.8109,4.737996,141.588,0,0,2303.329,2303.012,681.2473,357.8467,1039.094,3,14.07763,2.069984,222.9464,800,0,219.2943,200,0.1,0.1604839,0.3172331,0,250,0.3172331,1621.764,151.0558,47.00554,14.43892,2.668013,0,527.534,371.4345,156.0995,0,729.2813,3987.675,0,0,-4.718448e-16,4.263256e-14
naive,2026-01-24 21:30:00,1910,21.5,35.07296,3290.569,211.9904,1.134231,135.9151,0,0,2303.398,2303.081,1214.673,510.8559,1725.529,4,204.6619,2.897857,217.9695,800,500,0,324.9685,0.1624843,0.1259371,0.3172331,0,250,0.3172331,1088.407,148.092,47.2518,7.328497,0,0,524.4562,247.8174,276.6388,0,758.6733,4132.186,0,-1.136868e-13,1.24345e-13,4.263256e-14
naive,2026-01-24 21:45:00,1911,21.75,34.86243,3327.341,176.3338,0,113.7607,0,0,2329.139,2328.822,644.1901,343.1848,987.3748,2,0,0,187.3748,800,0,183.1711,279.1246,0.1395623,0.2046279,0.3172331,0,250,0.3172331,1684.632,127.6211,47.47322,0,0,0,527.5354,381.5585,145.9769,0,724.7433,3932.681,0,-5.684342e-14,-9.325873e-14,4.263256e-14
naive,2026-01-24 22:00:00,1912,22,34.81714,3312.466,142.2743,0,105.9179,0,0,2318.726,2318.409,638.9378,340.8693,979.8071,2,0,0,179.8071,800,0,159.2251,239.2744,0.1196372,0.1757607,0.3172331,0,250,0.3172331,1679.471,122.5318,47.52086,0,0,0,524.585,379.961,144.6241,0,720.8303,3911.105,0,0,3.808065e-14,4.263256e-14
naive,2026-01-24 22:15:00,1913,22.25,34.82296,3336.028,128.1103,0,97.7047,0,0,2335.22,2334.902,625.4296,334.9142,960.3438,2,0,0,160.3438,800,0,138.7104,204.5591,0.1022796,0.1506676,0.3172331,0,250,0.3172331,1709.473,109.2609,47.51473,0,0,0,528.3931,386.8046,141.5885,0,721.7188,3915.999,0,0,-4.213296e-14,4.263256e-14
naive,2026-01-24 22:30:00,1914,22.5,34.79566,3350.527,97.28063,0,92.11135,0,0,2345.369,2345.052,691.3719,353.0046,1044.377,3,92.30208,0.3658767,151.7085,800,0,18.10766,200,0.1,0.1288079,0.3172331,0,250,0.3172331,1653.68,103.4098,47.54345,0,0,0,530.3292,373.9261,156.4031,0,726.9308,3944.633,0,0,-1.637579e-15,4.263256e-14
naive,2026-01-24 22:45:00,1915,22.75,34.63272,3317.233,89.86391,4.707723,91.77164,0,0,2322.063,2321.746,1072.753,460.484,1533.237,4,102.1598,0.0009470506,131.0762,800,500,0,324.9685,0.1624843,0.1259371,0.3172331,0,250,0.3172331,1248.993,89.51696,47.71482,0,4.706776,2.254678,522.94,281.2793,241.6606,0,742.2711,4036.931,0,0,1.24345e-13,4.263256e-14
naive,2026-01-24 23:00:00,1916,23,34.39083,3282.887,78.17992,0,50.48313,0,0,2298.021,2297.703,596.5087,322.1645,918.6731,2,0,0,118.6731,800,0,81.83264,304.4592,0.1522296,0.2046279,0.3172331,0,250,0.3172331,1701.195,81.27605,47.96923,0,0,0,514.4429,380.8353,133.6075,0,702.9998,3812.534,0,5.684342e-14,-3.641532e-14,4.263256e-14
naive,2026-01-24 23:15:00,1917,23.25,33.86834,3259.834,72.71669,0,60.23446,0,0,2281.884,2281.566,581.775,315.6691,897.4441,2,0,0,97.44406,800,0,75.49535,285.5374,0.1427687,0.1917135,0.3172331,0,250,0.3172331,1699.791,67.14415,48.51876,0,0,0,504.3413,375.6874,128.6539,0,691.3565,3747.877,0,0,8.007484e-14,4.263256e-14
naive,2026-01-24 23:30:00,1918,23.5,33.59173,3274.909,52.27775,0,61.82921,0,1,2292.437,2292.119,572.671,311.6557,884.3267,2,0,0,84.3267,800,0,71.02229,267.7369,0.1338685,0.1797987,0.3172331,0,250,0.3172331,1719.448,58.29219,48.80967,0,0,3.537015,503.2892,377.4934,125.7958,0,689.9256,3739.68,0,-5.684342e-14,2.897682e-14,4.263256e-14
naive,2026-01-24 23:45:00,1919,23.75,33.25514,3272.709,35.43094,0,69.58754,0,1,2290.897,2290.579,563.5761,307.6462,871.2223,2,0,0,71.22228,800,0,62.23449,252.1361,0.1260681,0.16859,0.3172331,0,250,0.3172331,1727.003,49.42534,49.16369,0,0,20.1622,498.8957,376.0949,122.8008,0,688.1318,3729.416,0,-5.684342e-14,2.209344e-14,4.263256e-14
naive,2026-01-25 00:00:00,1920,0,33.06884,3277.576,39.70834,0,68.6825,1,1,2294.303,2293.986,566.5223,308.945,875.4673,2,0,0,75.46728,800,0,53.10815,238.8194,0.1194097,0.1587664,0.3172331,0,250,0.3172331,1727.464,52.48367,49.35962,0,0,16.19883,497.4177,374.5238,122.894,686.9807,0,1318.432,0,0,2.695066e-14,4.263256e-14
naive,2026-01-25 00:15:00,1921,0.25,32.6838,3285.425,44.09407,0.340168,77.73732,1,1,2299.797,2299.48,572.8801,311.7478,884.628,2,0,0,84.62797,800,0,49.58,226.3868,0.1131934,0.1503811,0.3172331,0,250,0.3172331,1726.6,59.11514,49.76458,0,0,18.62218,494.072,370.9304,123.1416,686.6789,0,1317.373,0,5.684342e-14,2.520206e-14,4.263256e-14
naive,2026-01-25 00:30:00,1922,0.5,32.32578,3288.546,47.29321,2.792612,67.10121,1,1,2301.982,2301.665,576.1171,313.1749,889.292,2,0,0,89.29198,800,0,52.60298,213.2004,0.1066002,0.1425525,0.3172331,0,250,0.3172331,1725.548,62.62884,50.14113,0,0.06651773,4.472369,490.3924,367.5943,122.7981,681.7219,0,1307.15,0,0,8.132384e-15,4.263256e-14
naive,2026-01-25 00:45:00,1923,0.75,31.98496,3310.723,60.35727,9.75417,39.71246,1,1,2317.506,2317.189,576.8251,313.487,890.312,2,0,0,90.31202,800,0,47.32456,201.3357,0.1006679,0.1342492,0.3172331,0,250,0.3172331,1740.364,63.59053,50.49959,15.94225,6.844626,0,489.7878,367.813,121.9747,681.3,0,1345.095,0,0,-2.783884e-14,4.263256e-14
naive,2026-01-25 01:00:00,1924,1,31.82125,3248.61,51.98051,5.112522,32.24661,1,1,2274.027,2273.71,599.5031,319.6076,919.1107,2,32.59093,6.163593,80.35619,800,0,5.216139,200,0.1,0.1267782,0.3172331,0,250,0.3172331,1674.206,56.68567,50.67177,14.17344,0,0,478.7765,352.4896,126.287,672.0972,0,1311.638,0,5.684342e-14,2.220446e-16,4.263256e-14
naive,2026-01-25 01:15:00,1925,1.25,31.60489,3240.243,43.78058,6.135469,38.23476,1,1,2268.17,2267.853,997.091,434.6909,1431.782,3,38.58858,6.406507,86.78684,800,500,0,324.9685,0.1624843,0.1259371,0.3172331,0,250,0.3172331,1270.762,61.37226,50.89933,5.192003,0,0,475.1624,266.2138,208.9486,700.9047,0,1353.504,0,-5.684342e-14,1.24345e-13,4.263256e-14
naive,2026-01-25 01:30:00,1926,1.5,31.24956,3204.936,44.09497,1.982777,31.41398,1,1,2243.455,2243.138,575.6124,312.9524,888.5648,2,0,0,88.56481,800,0,51.65909,312.0026,0.1560013,0.2046279,0.3172331,0,250,0.3172331,1667.526,62.88132,51.27304,0,0,0,466.1679,346.4954,119.6725,659.4477,0,1261.213,0,0,2.04281e-14,4.263256e-14
naive,2026-01-25 01:45:00,1927,1.75,30.81869,3243.702,45.82234,2.270188,40.12891,1,1,2270.591,2270.274,569.2446,310.1451,879.3897,2,0,0,79.38967,800,0,51.024,299.1975,0.1495987,0.1964635,0.3172331,0,250,0.3172331,1701.029,56.6406,51.72621,3.469171,0,0,467.2052,350.0101,117.1951,660.1552,0,1268.103,0,0,-7.729928e-14,4.263256e-14
naive,2026-01-25 02:00:00,1928,2,30.54218,3242.811,40.36994,0,6.428783,1,1,2269.967,2269.65,570.7682,310.8168,881.585,2,0,0,81.585,800,0,53.88316,285.6796,0.1428398,0.1884003,0.3172331,0,250,0.3172331,1698.882,58.38733,52.01702,0,0,0,464.1718,347.394,116.7778,658.2108,0,1257.903,0,5.684342e-14,-2.01783e-14,4.263256e-14
naive,2026-01-25 02:15:00,1929,2.25,30.26854,3248.761,51.99744,3.666045,0,1,1,2274.133,2273.816,576.379,313.2903,889.6694,2,0,0,89.66938,800,0,57.77899,271.1899,0.1355949,0.1798882,0.3172331,0,250,0.3172331,1697.437,64.36932,52.30483,0,1.782419,0,462.1788,344.9751,117.2037,658.2655,0,1260.763,0,0,-8.656964e-14,4.263256e-14
naive,2026-01-25 02:30:00,1930,2.5,30.01827,3220.268,43.66428,12.547,0,1,1,2254.187,2253.87,564.2326,307.9356,872.1682,2,0,0,72.16817,800,0,64.35918,255.0574,0.1275287,0.1707643,0.3172331,0,250,0.3172331,1689.638,51.95054,52.56804,0,11.02746,0,455.5764,341.4796,114.0968,649.4152,0,1258.714,0,0,-4.274359e-15,4.263256e-14
naive,2026-01-25 02:45:00,1931,2.75,29.85824,3230.951,46.57288,4.269359,0,1,1,2261.666,2261.349,564.9312,308.2435,873.1747,2,0,0,73.1747,800,0,61.95257,239.5291,0.1197645,0.1606059,0.3172331,0,250,0.3172331,1696.418,52.76878,52.73636,0,2.818528,0,455.4673,341.6344,113.833,649.8779,0,1245.289,0,-1.136868e-13,2.789435e-14,4.263256e-14
naive,2026-01-25 03:00:00,1932,3,29.78993,3254.274,50.50208,0,0,1,1,2277.992,2277.675,567.1667,309.2291,876.3958,2,0,0,76.39583,800,0,58.82116,224.7861,0.112393,0.150828,0.3172331,0,250,0.3172331,1710.508,55.13339,52.8082,0,0,0,458.0621,343.9515,114.1105,653.1806,0,1246.952,0,0,-1.262879e-14,4.263256e-14
naive,2026-01-25 03:15:00,1933,3.25,29.74083,3249.219,58.10157,0.8521576,12.76356,1,1,2274.453,2274.136,567.1233,309.2099,876.3332,2,0,0,76.33323,800,0,61.60299,209.3499,0.104675,0.1415445,0.3172331,0,250,0.3172331,1707.013,55.11819,52.85984,0,0.8519288,0,456.8543,342.8763,113.978,652.0862,0,1246.175,0,0,6.009082e-14,4.263256e-14
naive,2026-01-25 03:30:00,1934,3.5,29.52619,3261.266,53.33922,0,17.70098,1,1,2282.886,2282.569,572.484,308.8307,881.3147,2,23.05425,0.6065074,57.65395,800,0,37.26797,200,0.1,0.1318246,0.3172331,0,250,0.3172331,1710.085,41.72938,53.08559,0,0,0,456.3838,341.8721,114.5117,650.7028,0,1241.684,0,0,1.110223e-16,4.263256e-14
naive,2026-01-25 03:45:00,1935,3.75,29.3166,3270.812,59.19418,0,16.69868,1,1,2289.568,2289.251,986.7023,426.6785,1413.381,3,67.44281,0.01657409,45.92144,800,500,0,324.9685,0.1624843,0.1259371,0.3172331,0,250,0.3172331,1302.549,33.3145,53.30602,0,0,0,455.6197,259.2047,196.415,685.8832,0,1311.797,0,0,1.24345e-13,4.263256e-14
naive,2026-01-25 04:00:00,1936,4,29.40295,3242.575,68.11983,0,13.62062,1,1,2269.803,2269.486,557.8315,305.1137,862.9452,2,0,0,62.94518,800,0,80.7662,304.7258,0.1523629,0.2046279,0.3172331,0,250,0.3172331,1711.654,45.62118,53.2152,0,0,0,452.5418,341.2609,111.2809,646.3746,0,1232.882,0,5.684342e-14,9.148238e-14,4.263256e-14
naive,2026-01-25 04:15:00,1937,4.25,29.28773,3255.911,75.90376,0,23.28886,1,1,2279.138,2278.82,555.0774,303.8995,858.9769,2,0,0,58.97687,800,0,91.13607,281.8938,0.1409469,0.1918814,0.3172331,0,250,0.3172331,1723.743,42.79941,53.33639,0,0,0,453.2576,342.8049,110.4527,646.7044,0,1233.405,0,0,-5.950795e-14,4.263256e-14
naive,2026-01-25 04:30:00,1938,4.5,29.30728,3258.099,116.2928,0,16.9184,1,1,2280.669,2280.352,561.3891,306.682,868.0712,2,0,0,68.07117,800,0,103.4994,255.9746,0.1279873,0.1775044,0.3172331,0,250,0.3172331,1718.963,49.38847,53.31582,13.78214,0,0,453.7563,342.0006,111.7557,648.6826,0,1261.159,0,0,-3.494427e-14,4.263256e-14
naive,2026-01-25 04:45:00,1939,4.75,29.27743,3247.444,136.0712,0,24.40996,1,1,2273.211,2272.894,558.1343,305.2472,863.3815,2,0,0,63.38145,800,0,129.2872,223.6125,0.1118063,0.1611834,0.3172331,0,250,0.3172331,1714.759,46.00103,53.34722,8.442705,0,0,451.977,340.9415,111.0356,646.1886,0,1246.925,0,-5.684342e-14,-2.758904e-14,4.263256e-14
naive,2026-01-25 05:00:00,1940,5,29.28788,3294.821,160.1967,0,30.90773,1,1,2306.374,2306.057,595.3227,314.4165,909.7392,2,60.73663,3.07632,45.92621,800,0,94.30921,200,0.1,0.1408055,0.3172331,0,250,0.3172331,1710.734,33.32851,53.33623,5.150906,0,0,458.6758,340.219,118.4567,654.6355,0,1258.153,0,-5.684342e-14,-4.607426e-15,4.263256e-14
naive,2026-01-25 05:15:00,1941,5.25,29.46375,3319.554,185.8343,1.906442,34.1626,1,1,2323.688,2323.371,1079.849,453.0895,1532.938,4,190.6153,5.559902,36.76291,800,500,0,324.9685,0.1624843,0.1259371,0.3172331,0,250,0.3172331,1243.522,26.627,53.15126,0,0,7.535593,463.9037,248.2582,215.6455,702.8521,0,1345.909,0,-5.684342e-14,1.24345e-13,4.263256e-14
naive,2026-01-25 05:30:00,1942,5.5,29.42978,3321.367,244.7578,1.947511,32.28027,1,1,2324.957,2324.64,527.24,291.6274,818.8674,2,0,0,18.86736,800,0,241.0653,264.651,0.1323255,0.2046279,0.3172331,0,250,0.3172331,1797.4,13.67057,53.18699,9.79526,0,18.6097,463.811,358.5674,105.2436,653.9073,0,1264.876,0,-5.684342e-14,7.727152e-14,4.263256e-14
naive,2026-01-25 05:45:00,1943,5.75,29.57807,3317.76,291.6584,5.904372,21.00666,1,1,2322.432,2322.115,542.3631,296.5687,838.9319,2,14.50691,3.69911,20.72584,800,0,258.4375,200,0.1,0.1666469,0.3172331,0,250,0.3172331,1779.752,14.99256,53.03102,18.71406,2.205262,6.014097,464.82,356.206,108.614,653.9784,0,1284.383,0,5.684342e-14,1.49325e-14,4.263256e-14
naive,2026-01-25 06:00:00,1944,6,29.67187,3353.198,331.38,6.46184,25.21309,1,1,2347.239,2346.922,1174.528,479.4132,1653.941,4,320.204,1.003916,32.7335,800,500,0,324.9685,0.1624843,0.1259371,0.3172331,0,250,0.3172331,1172.393,23.65404,52.93237,11.17596,5.457923,1.559043,470.757,235.1326,235.6244,714.8585,0,1398.862,0,2.273737e-13,1.24345e-13,4.263256e-14
naive,2026-01-25 06:15:00,1945,6.25,29.69887,3334.656,362.7118,8.893504,50.63249,1,1,2334.259,2333.942,541.2473,297.8025,839.0498,2,0,0,39.04979,800,0,369.9516,232.4295,0.1162147,0.2046279,0.3172331,0,250,0.3172331,1792.695,28.20992,52.90397,0,6.670723,22.42256,468.4328,359.7531,108.6797,662.0554,0,1276.101,0,0,4.884981e-14,4.263256e-14
naive,2026-01-25 06:30:00,1946,6.5,29.70421,3359.923,387.7097,3.817228,53.76331,1,1,2351.946,2351.629,762.5193,362.9926,1125.512,3,272.0059,3.907293,49.59874,800,0,129.5715,200,0.1,0.1463574,0.3172331,0,250,0.3172331,1589.11,35.82846,52.89835,0,0,17.93485,472.0379,318.9359,153.1021,685.528,0,1311.545,0,0,7.438494e-15,4.263256e-14
naive,2026-01-25 06:45:00,1947,6.75,29.71954,3401.075,415.7161,0.5227514,31.70556,1,1,2380.752,2380.435,1262.834,506.5921,1769.427,4,418.9848,1.302051,49.13972,800,500,0,324.9685,0.1624843,0.1259371,0.3172331,0,250,0.3172331,1117.601,35.49085,52.88224,0,0,0,477.9811,224.3795,253.6016,730.9716,0,1402.451,0,5.684342e-14,1.24345e-13,4.263256e-14
naive,2026-01-25 07:00:00,1948,7,29.95886,3368.325,438.5665,0,25.22236,1,1,2357.828,2357.51,557.275,304.8683,862.1434,2,0,0,62.14337,800,0,424.5636,218.7765,0.1093882,0.2046279,0.3172331,0,250,0.3172331,1800.235,44.76368,52.63053,15.39005,0,0,475.8938,363.3517,112.542,668.2201,0,1303.779,0,-5.684342e-14,4.884981e-14,4.263256e-14
naive,2026-01-25 07:15:00,1949,7.25,30.19209,3378.066,427.8265,0,30.87235,1,1,2364.646,2364.329,830.1042,383.4091,1213.513,3,350.8411,1.257488,61.41468,800,0,74.96804,200,0.1,0.1377603,0.3172331,0,250,0.3172331,1534.225,44.12419,52.38523,2.017349,0,0,479.7542,311.2731,168.4811,694.6822,0,1333.911,0,-5.684342e-14,-2.053913e-15,4.263256e-14
naive,2026-01-25 07:30:00,1950,7.5,30.21329,3350.673,406.4145,7.639569,31.68169,1,1,2345.471,2345.154,1263.596,509.3311,1772.927,4,398.7823,0.3187016,73.82625,800,500,0,324.9685,0.1624843,0.1259371,0.3172331,0,250,0.3172331,1081.558,53.02893,52.36293,7.632185,7.320867,0,476.0891,219.5371,256.552,728.8682,0,1424.622,0,1.136868e-13,1.24345e-13,4.263256e-14
naive,2026-01-25 07:45:00,1951,7.75,30.40424,3447.294,370.5448,10.56412,31.26504,1,1,2413.106,2412.789,575.2604,312.7972,888.0576,2,0,0,88.05762,800,0,373.6844,231.4963,0.1157481,0.2046279,0.3172331,0,250,0.3172331,1837.528,63.11671,52.1621,0,9.858666,0,491.9152,374.5828,117.3323,687.38,0,1333.084,0,5.684342e-14,-7.993606e-15,4.263256e-14
naive,2026-01-25 08:00:00,1952,8,30.33681,3448.596,327.1685,5.087579,31.61676,1,1,2414.017,2413.7,865.9436,416.5651,1282.509,3,204.9408,190.2884,87.2795,800,0,125.8392,200,0.1,0.1457698,0.3172331,0,250,0.3172331,1547.756,62.60607,52.23302,0,0,0,491.3578,315.0359,176.3219,731.601,0,1404.44,0,0,1.19349e-15,4.263256e-14
naive,2026-01-25 08:15:00,1953,8.25,30.51612,3470.169,274.4273,0,34.60361,1,1,2429.118,2428.801,1331.222,552.0118,1883.234,4,290.6114,190.1125,102.5099,800,500,0,324.9685,0.1624843,0.1259371,0.3172331,0,250,0.3172331,1097.579,73.38387,52.04443,0,0,0,496.4246,224.3058,272.1188,776.3176,0,1494.085,0,0,1.24345e-13,4.263256e-14
naive,2026-01-25 08:30:00,1954,8.5,30.95344,3518.17,227.8513,3.470751,46.5591,1,1,2462.719,2462.401,579.9371,314.8589,894.7961,2,0,0,94.79607,800,0,438.593,215.2691,0.1076346,0.2046279,0.3172331,0,250,0.3172331,1882.464,67.53011,51.58449,0,0,0,508.2883,388.5277,119.7605,703.3867,0,1348.741,0,-5.684342e-14,-7.993606e-15,4.263256e-14
naive,2026-01-25 08:45:00,1955,8.75,31.00049,3501.478,188.3239,0,29.83631,1,1,2451.034,2450.717,850.3517,417.4219,1267.774,3,139.956,197.2298,130.5878,800,0,60.94088,200,0.1,0.1355518,0.3172331,0,250,0.3172331,1600.365,92.97798,51.535,0,0,0,506.4177,330.6577,175.76,748.0796,0,1438.182,0,0,-1.970646e-15,4.263256e-14
naive,2026-01-25 09:00:00,1956,9,31.24493,3524.585,172.386,0,44.25234,1,1,2467.21,2466.892,1253.895,533.5894,1787.484,4,158.9092,198.5568,130.0184,800,500,0,324.9685,0.1624843,0.1259371,0.3172331,0,250,0.3172331,1212.997,92.31833,51.27791,13.47675,0,0,512.6076,252.0222,260.5853,785.6116,0,1536.783,0,-2.273737e-13,1.24345e-13,4.263256e-14
naive,2026-01-25 09:15:00,1957,9.25,31.3862,3512.394,144.3167,0,67.97684,1,1,2458.676,2458.359,611.381,328.7209,940.102,2,0,0,140.102,800,0,329.0329,242.6591,0.1213296,0.2046279,0.3172331,0,250,0.3172331,1846.977,99.31975,51.12933,19.05138,0,0,512.4891,384.986,127.5031,713.707,0,1402.757,0,0,4.884981e-14,4.263256e-14
naive,2026-01-25 09:30:00,1958,9.5,31.6245,3577.718,120.723,0,74.02042,1,1,2504.403,2504.086,715.525,374.6327,1090.158,3,0,138.3743,151.7834,800,0,170.4838,200,0.1,0.1527989,0.3172331,0,250,0.3172331,1788.561,107.3115,50.8787,14.63911,0,0,524.8884,374.8577,150.0307,749.4904,0,1466.995,0,0,5.634382e-15,4.263256e-14
naive,2026-01-25 09:45:00,1959,9.75,31.73018,3584.631,87.25216,0.4569736,86.29285,1,1,2509.241,2508.924,1235.678,533.956,1769.634,4,88.3182,200.1885,181.1274,800,500,0,324.9685,0.1624843,0.1259371,0.3172331,0,250,0.3172331,1273.246,127.9046,50.76755,0,0,0,527.187,267.5067,259.6804,801.4626,0,1545.812,0,0,1.24345e-13,4.263256e-14
naive,2026-01-25 10:00:00,1960,10,31.9987,3608.332,76.03946,0.1276474,114.1455,1,1,2525.832,2525.515,654.6101,347.7784,1002.388,3,0,0,202.3885,800,0,277.1503,255.6298,0.1278149,0.2046279,0.3172331,0,250,0.3172331,1870.905,142.4836,50.48514,6.564999,0,0,533.9864,395.5282,138.4582,743.3066,0,1441.142,0,0,-7.993606e-15,4.263256e-14
naive,2026-01-25 10:15:00,1961,10.25,31.96324,3620.338,58.59428,0,159.6906,1,1,2534.237,2533.92,708.9147,371.7185,1080.633,3,0,48.32495,232.3083,800,0,222.3582,200,0.1,0.1609663,0.3172331,0,250,0.3172331,1825.005,163.6134,50.52243,0,0,0,535.3219,385.5066,149.8153,757.2252,0,1457.613,0,-5.684342e-14,-3.413936e-15,4.263256e-14
naive,2026-01-25 10:30:00,1962,10.5,32.19236,3686.453,56.25501,1.974198,164.8749,1,1,2580.517,2580.2,1266.991,552.4972,1819.488,4,48.49855,209.7773,261.2124,800,500,0,324.9685,0.1624843,0.1259371,0.3172331,0,250,0.3172331,1313.209,183.4916,50.28146,7.75646,0,0,548.0154,278.8816,269.1338,831.3788,0,1619.571,0,0,1.24345e-13,4.263256e-14
naive,2026-01-25 10:45:00,1963,10.75,32.41876,3697.818,62.72967,2.701516,172.1522,1,1,2588.473,2588.155,702.3527,368.8257,1071.178,3,0,0,271.1785,800,0,267.1784,258.1228,0.1290614,0.2046279,0.3172331,0,250,0.3172331,1885.803,190.0012,50.04334,4.0423,0,0,552.6276,402.6106,150.017,771.4363,0,1493.547,0,0,4.884981e-14,4.263256e-14
naive,2026-01-25 11:00:00,1964,11,32.67626,3693.171,54.39908,4.172292,197.6619,1,0,2585.22,2584.903,747.8838,388.898,1136.782,3,0,30.75018,306.0316,800,0,232.3285,200,0.1,0.1625361,0.3172331,0,250,0.3172331,1837.019,213.7906,49.77252,0,0,0,555.2911,394.5816,160.7095,783.4796,0,1510.965,0,0,-6.938894e-15,4.263256e-14
naive,2026-01-25 11:15:00,1965,11.25,33.19597,3679.677,57.79281,1.160728,222.4535,1,0,2575.774,2575.457,1315.309,573.4604,1888.769,4,51.337,209.1936,328.2388,800,500,0,324.9685,0.1624843,0.1259371,0.3172331,0,250,0.3172331,1260.148,227.9396,49.22591,6.455813,0,0,560.1405,274.038,286.1025,847.4984,0,1650.754,0,0,1.24345e-13,4.263256e-14
naive,2026-01-25 11:30:00,1966,11.5,33.32111,3703.254,57.62465,0,254.2779,0,0,2592.278,2591.96,770.7251,398.9676,1169.693,3,0,0,369.6927,800,0,266.1893,258.37,0.129185,0.2046279,0.3172331,0,250,0.3172331,1821.235,256.3564,49.0943,4.816922,0,0,565.422,397.2439,168.1781,0,796.2115,4332.242,0,0,4.884981e-14,4.263256e-14
naive,2026-01-25 11:45:00,1967,11.75,33.50569,3683.422,46.73923,0,270.943,0,0,2578.395,2578.078,821.9428,421.5469,1243.49,3,0,34.75091,408.7388,800,0,233.3174,200,0.1,0.1626918,0.3172331,0,250,0.3172331,1756.135,282.8286,48.90016,0,0,0,564.8957,384.7483,180.1474,0,806.2952,4379.611,0,-5.684342e-14,-2.19269e-15,4.263256e-14
naive,2026-01-25 12:00:00,1968,12,33.60683,3704.73,40.12849,0,301.5245,0,0,2593.311,2592.994,1393.794,606.2056,2000,4,47.30006,219.2227,465.0387,768.4385,500,0,324.9685,0.1624843,0.1259371,0.3172331,0,250,0.3172331,1199.2,321.4094,46.86879,0,0,0,569.5519,263.3723,306.1796,0,869.5779,4729.951,0,0,1.24345e-13,4.263256e-14
naive,2026-01-25 12:15:00,1969,12.25,33.93766,3710.816,54.38835,0,341.84,0,0,2597.571,2597.254,864.1322,440.146,1304.278,3,0,0,504.2782,800,0,271.4522,257.0543,0.1285271,0.2046279,0.3172331,0,250,0.3172331,1733.121,347.1949,48.44585,0.6881569,0,0,575.0836,383.7007,191.3829,0,823.8467,4477.843,0,1.705303e-13,-6.483702e-14,4.263256e-14
naive,2026-01-25 12:30:00,1970,12.5,34.20386,3723.756,47.47146,0,352.5528,0,0,2606.629,2606.312,911.7648,461.1448,1372.91,3,0,39.26524,533.6444,800,0,228.0553,200,0.1,0.1618633,0.3172331,0,250,0.3172331,1694.547,366.2771,48.16587,0,0,0,580.8547,377.6086,203.2461,0,838.7534,4558.957,0,0,8.298917e-15,4.263256e-14
naive,2026-01-25 12:45:00,1971,12.75,34.31839,3709.465,57.68746,0,344.5411,0,0,2596.625,2596.308,1400.166,599.834,2000,4,55.59548,218.2327,568.4691,657.7027,500,0,324.9685,0.1624843,0.1259371,0.3172331,0,250,0.3172331,1196.142,389.6588,39.4995,2.091984,0,0,580.2545,267.2957,312.9588,0,867.1297,4728.385,0,0,1.24345e-13,4.263256e-14
naive,2026-01-25 13:00:00,1972,13,34.68931,3706.867,64.88556,0,352.3452,0,0,2594.807,2594.49,939.8962,473.5465,1413.443,3,0,0,613.4427,800,0,283.4102,254.0648,0.1270324,0.2046279,0.3172331,0,250,0.3172331,1654.594,418.6658,47.6553,1.119789,0,0,585.1836,373.1457,212.0379,0,846.6922,4605.126,0,-1.136868e-13,-6.483702e-14,4.263256e-14
naive,2026-01-25 13:15:00,1973,13.25,34.97027,3695.893,60.72469,0,402.3696,0,0,2587.125,2586.808,1011.974,505.3219,1517.296,4,0,56.61926,660.6763,800,0,216.0992,200,0.1,0.1599809,0.3172331,0,250,0.3172331,1574.834,449.4171,47.35981,5.081878,0,0,587.5463,357.651,229.8952,0,862.9729,4701.837,0,-2.273737e-13,7.244205e-15,4.263256e-14
naive,2026-01-25 13:30:00,1974,13.5,35.38552,3711.839,64.80465,0,422.2412,0,0,2598.287,2597.97,1405.572,594.4276,2000,4,48.61846,216.7776,693.3968,541.2072,500,0,324.9685,0.1624843,0.1259371,0.3172331,0,250,0.3172331,1192.398,469.3712,31.74387,16.18618,0,0,596.2667,273.6368,322.6299,0,868.0644,4766.563,0,0,1.24345e-13,4.263256e-14
naive,2026-01-25 13:45:00,1975,13.75,35.7065,3762.162,61.64779,4.096894,453.9456,0,0,2633.513,2633.196,999.6311,499.8806,1499.512,3,0,0,699.5116,800,0,271.0726,257.1492,0.1285746,0.2046279,0.3172331,0,250,0.3172331,1633.565,471.7143,46.58548,6.001416,0,0,609.2873,377.9402,231.3471,0,877.8208,4785.958,0,-5.684342e-14,-6.483702e-14,4.263256e-14
naive,2026-01-25 14:00:00,1976,14,35.9329,3783.863,77.57519,3.248418,483.5205,0,1,2648.704,2648.387,1039.164,517.3085,1556.472,4,0,35.78181,720.6902,800,0,228.4349,200,0.1,0.1619231,0.3172331,0,250,0.3172331,1609.224,484.6907,46.34736,25.66835,0,0,616.3531,374.4661,241.887,0,891.7746,4896.897,0,0,3.996803e-15,4.263256e-14
naive,2026-01-25 14:15:00,1977,14.25,36.04147,3800.861,68.50903,6.298164,494.0689,0,1,2660.602,2660.285,1406.253,593.7468,2000,4,43.3021,211.3838,725.9112,519.4029,500,0,324.9685,0.1624843,0.1259371,0.3172331,0,250,0.3172331,1254.032,487.5715,30.01706,25.20694,0,6.497371,620.8472,292.6263,328.2209,0,887.8892,4893.104,0,-1.136868e-13,1.24345e-13,4.263256e-14
naive,2026-01-25 14:30:00,1978,14.5,35.97043,3834.439,74.01952,2.744055,504.4386,1,1,2684.108,2683.79,1030.654,513.557,1544.211,4,0,0,744.2111,800,0,263.5542,259.0288,0.1295144,0.2046279,0.3172331,0,250,0.3172331,1653.136,500.2859,46.30789,25.89472,0,4.152733,625.1921,385.0545,240.1376,899.5788,0,1791.73,0,0,-6.483702e-14,4.263256e-14
naive,2026-01-25 14:45:00,1979,14.75,36.0826,3765.868,64.77638,0,514.3195,1,1,2636.108,2635.791,1082.727,536.5133,1619.24,4,0,33.86855,785.3717,800,0,235.9521,200,0.1,0.1631066,0.3172331,0,250,0.3172331,1553.064,527.2508,46.18991,9.668077,0,0,615.7816,362.7879,252.9937,899.3013,0,1763.316,0,0,-5.967449e-15,4.263256e-14
naive,2026-01-25 15:00:00,1980,15,36.39648,3793.025,63.76058,2.572736,521.7183,1,1,2655.117,2654.8,1413.225,586.7753,2000,4,61.2981,214.2693,811.8519,412.5807,500,0,324.9685,0.1624843,0.1259371,0.3172331,0,250,0.3172331,1241.575,542.9894,23.65108,2.462479,0,0,625.265,292.3839,332.8811,879.1593,0,1735.959,0,0,1.24345e-13,4.263256e-14
naive,2026-01-25 15:15:00,1981,15.25,36.52511,3748.29,69.7905,8.597144,524.3945,1,1,2623.803,2623.486,1090.846,540.0925,1630.938,4,0,0,830.9384,800,0,272.3403,256.8323,0.1284161,0.2046279,0.3172331,0,250,0.3172331,1532.64,554.8999,45.72451,4.857303,0,0,619.9564,362.1346,257.8218,902.2271,0,1761.393,0,0,-1.216804e-13,4.263256e-14
naive,2026-01-25 15:30:00,1982,15.5,36.56431,3765.024,83.45431,2.261896,521.3214,1,1,2635.517,2635.2,1134.627,559.3932,1694.02,4,0,49.96362,844.0562,800,0,227.1675,200,0.1,0.1617235,0.3172331,0,250,0.3172331,1500.573,563.3953,45.68328,13.98103,0,0,623.3593,354.9195,268.4399,914.3127,0,1801.349,0,-1.136868e-13,3.702594e-14,4.263256e-14
naive,2026-01-25 15:45:00,1983,15.75,36.72476,3743.214,84.54793,3.111789,514.0901,1,1,2620.25,2619.932,1416.112,583.8883,2000,4,72.78656,204.38,848.0004,374.8331,500,0,324.9685,0.1624843,0.1259371,0.3172331,0,250,0.3172331,1203.821,564.9395,21.32544,11.76136,0,0,622.3463,285.9244,336.4219,869.8128,0,1735.923,0,-1.136868e-13,1.24345e-13,4.263256e-14
naive,2026-01-25 16:00:00,1984,16,36.92971,3741.292,85.95981,2.333714,524.2547,1,1,2618.905,2618.587,1090.507,539.9431,1630.45,4,0,0,830.45,800,0,286.8827,253.1967,0.1265983,0.2046279,0.3172331,0,250,0.3172331,1528.081,551.8858,45.29898,2.756694,0,0,625.3754,364.8945,260.4808,904.8376,0,1763.469,0,1.136868e-13,-6.483702e-14,4.263256e-14
naive,2026-01-25 16:15:00,1985,16.25,37.37069,3649.035,89.46249,0,544.398,1,1,2554.325,2554.007,1139.127,561.3774,1700.505,4,0,79.81152,820.6934,800,0,212.6273,200,0.1,0.1594342,0.3172331,0,250,0.3172331,1414.88,542.5066,44.83517,0,0,1.891339,617.1023,341.8225,275.2798,903.6569,0,1756.874,0,1.136868e-13,1.304512e-14,4.263256e-14
naive,2026-01-25 16:30:00,1986,16.5,37.3232,3615.937,109.2976,0,531.9183,1,1,2531.156,2530.839,1418.362,581.6384,2000,4,108.0718,201.0945,803.085,387.7487,500,0,324.9685,0.1624843,0.1259371,0.3172331,0,250,0.3172331,1112.477,531.172,21.75518,1.225857,0,0.7463078,610.7341,268.4259,342.3083,850.2443,0,1678.129,0,-2.273737e-13,1.24345e-13,4.263256e-14
naive,2026-01-25 16:45:00,1987,16.75,37.33975,3609.001,134.0821,0,534.2087,1,1,2526.301,2525.983,1045.204,519.9714,1565.175,4,0,0,765.1753,800,0,328.2607,242.8522,0.1214261,0.2046279,0.3172331,0,250,0.3172331,1480.779,505.9966,44.86771,4.110012,0,28.21204,609.8305,357.4494,252.3812,884.2309,0,1725.075,0,0,-7.993606e-15,4.263256e-14
naive,2026-01-25 17:00:00,1988,17,37.24231,3620.918,148.4011,0,514.6177,1,1,2534.643,2534.325,1155.99,568.8114,1724.802,4,0,180.6648,744.1368,800,0,171.2558,200,0.1,0.1529205,0.3172331,0,250,0.3172331,1378.335,492.6644,44.9702,0,0,21.95333,610.2652,331.8614,278.4038,905.9584,0,1761.325,0,0,-5.218048e-15,4.263256e-14
naive,2026-01-25 17:15:00,1989,17.25,37.18014,3583.862,178.7709,0,481.5935,1,1,2508.703,2508.386,1422.698,577.3019,2000,4,180.1482,193.3507,707.3173,419.1839,500,0,324.9685,0.1624843,0.1259371,0.3172331,0,250,0.3172331,1085.688,468.6394,23.59774,0,0,12.95414,603.027,260.9712,342.0558,841.3869,0,1656.226,0,-2.273737e-13,1.24345e-13,4.263256e-14
naive,2026-01-25 17:30:00,1990,17.5,37.30546,3506.216,206.1714,0,455.8067,1,1,2454.351,2454.034,980.1365,491.2864,1471.423,3,0,0,671.4229,800,0,400.3127,224.8392,0.1124196,0.2046279,0.3172331,0,250,0.3172331,1473.897,444.1841,44.90378,0,0,11.62257,591.9234,355.4644,236.4591,849.5539,0,1648.591,0,-1.136868e-13,-7.993606e-15,4.263256e-14
naive,2026-01-25 17:45:00,1991,17.75,37.28498,3477.588,244.8551,0,430.9397,1,1,2434.311,2433.994,1208.945,575.1801,1784.125,4,142.7074,188.3517,653.0658,800,0,99.21515,200,0.1,0.1415779,0.3172331,0,250,0.3172331,1225.049,432.1468,44.92532,2.932565,0,0,586.7716,295.2885,291.4831,870.4686,0,1695.455,0,0,-5.245804e-15,4.263256e-14
naive,2026-01-25 18:00:00,1992,18,37.07974,3456.959,276.2915,0,386.0991,0,1,2419.871,2419.554,1420.96,579.0398,2000,4,268.9387,1.954229,633.3319,595.7752,500,0,324.9685,0.1624843,0.1259371,0.3172331,0,250,0.3172331,998.5936,420.1284,33.6175,7.352884,0,0,580.1338,239.4003,340.7335,0,818.4402,4476.285,0,0,1.24345e-13,4.263256e-14
naive,2026-01-25 18:15:00,1993,18.25,37.20669,3477.02,310.5107,0,355.9852,0,1,2433.914,2433.597,922.3913,465.8295,1388.221,3,0,0,588.2208,800,0,314.7845,246.2212,0.1231106,0.2046279,0.3172331,0,250,0.3172331,1511.206,389.606,45.00766,0,0,0,585.4606,363.5097,221.9509,0,829.3392,4510.732,0,0,4.884981e-14,4.263256e-14
naive,2026-01-25 18:30:00,1994,18.5,37.36803,3437.145,353.1204,0,338.6718,0,0,2406.002,2405.685,1033.263,496.0876,1529.351,4,156.5211,1.744631,571.0849,800,0,184.7299,200,0.1,0.1550419,0.3172331,0,250,0.3172331,1372.422,377.519,44.83797,11.86945,0,0,581.2277,331.5415,249.6862,0,827.6291,4521.992,0,0,1.221245e-15,4.263256e-14
naive,2026-01-25 18:45:00,1995,18.75,37.38826,3462.44,375.6381,0,325.5462,0,0,2423.708,2423.391,1427.734,572.266,2000,4,360.9799,0.4185831,526.7561,611.8454,500,0,324.9685,0.1624843,0.1259371,0.3172331,0,250,0.3172331,995.6571,348.1299,34.27611,14.65818,0,0,585.8201,240.6544,345.1658,0,812.9204,4457.787,0,2.273737e-13,1.24345e-13,4.263256e-14
naive,2026-01-25 19:00:00,1996,19,37.16889,3452.327,389.0328,0.181271,304.0825,0,0,2416.629,2416.312,831.3572,425.6972,1257.054,3,0,0,457.0544,800,0,379.4073,230.0655,0.1150328,0.2046279,0.3172331,0,250,0.3172331,1584.955,302.8666,45.04741,10.08565,0,1.215939,580.7219,380.8685,199.8534,0,806.8579,4404.438,0,0,-7.993606e-15,4.263256e-14
naive,2026-01-25 19:15:00,1997,19.25,36.92607,3439.991,396.7671,9.004679,271.9853,0,0,2407.994,2407.676,1020.305,476.5832,1496.888,3,272.4596,2.317251,422.1115,800,0,120.1173,200,0.1,0.1448689,0.3172331,0,250,0.3172331,1387.371,280.5317,45.3028,4.19017,6.687428,0,574.9563,331.2625,243.6939,0,807.8457,4410.949,0,0,-4.968248e-15,4.263256e-14
naive,2026-01-25 19:30:00,1998,19.5,36.96219,3437.235,396.1929,5.953643,266.2119,0,0,2406.065,2405.747,1424.165,575.835,2000,4,387.4634,2.416652,386.1992,723.9208,500,0,324.9685,0.1624843,0.1259371,0.3172331,0,250,0.3172331,981.5822,256.5531,40.96017,8.729443,3.536991,9.65884,575.0413,234.5949,340.4465,0,812.7383,4445.14,0,2.273737e-13,1.24345e-13,4.263256e-14
naive,2026-01-25 19:45:00,1999,19.75,36.69519,3445.039,399.5484,9.557858,234.3831,0,0,2411.528,2411.21,756.3218,392.6179,1148.94,3,0,0,348.9397,800,0,390.8642,227.2013,0.1136007,0.2046279,0.3172331,0,250,0.3172331,1654.889,232.5468,45.54562,10.25638,7.985685,1.83624,572.3297,392.756,179.5737,0,785.8097,4302.182,0,-5.684342e-14,-7.993606e-15,4.263256e-14
naive,2026-01-25 20:00:00,2000,20,36.47143,3433.557,380.711,4.015463,218.5222,0,0,2403.49,2403.173,949.7234,445.0865,1394.81,3,275.6605,1.451623,317.6978,800,0,108.6622,200,0.1,0.1430653,0.3172331,0,250,0.3172331,1453.449,212.2947,45.78096,0,2.56384,6.227495,567.1093,342.9449,224.1644,0,789.5008,4295.174,0,-1.136868e-13,2.553513e-15,4.263256e-14
naive,2026-01-25 20:15:00,2001,20.25,36.12398,3404.117,347.5469,4.443322,208.8571,0,0,2382.882,2382.564,1397.43,571.7864,1969.216,4,369.7409,4.102832,295.3727,800,500,0,324.9685,0.1624843,0.1259371,0.3172331,0,250,0.3172331,985.1344,198.1975,46.14639,0,0.3404906,10.6596,557.2217,230.3674,326.8543,0,804.6465,4374.228,0,0,1.24345e-13,4.263256e-14
naive,2026-01-25 20:30:00,2002,20.5,36.18512,3378.441,315.0708,0,196.2798,0,0,2364.909,2364.591,711.4008,372.8146,1084.215,3,0,0,284.2154,800,0,348.9404,237.6823,0.1188411,0.2046279,0.3172331,0,250,0.3172331,1653.191,190.5719,46.08209,0,0,5.707989,553.8899,387.197,166.6929,0,761.3484,4135.574,0,-1.136868e-13,4.884981e-14,4.263256e-14
naive,2026-01-25 20:45:00,2003,20.75,35.90924,3365.516,295.6975,0,154.9307,0,0,2355.862,2355.544,829.7128,405.2626,1234.975,3,165.6845,1.711161,267.5797,800,0,150.5794,200,0.1,0.149665,0.3172331,0,250,0.3172331,1525.831,180.0079,46.37225,0,0,0,547.8768,354.8459,193.031,0,760.1085,4128.428,0,-1.136868e-13,-5.07927e-15,4.263256e-14
naive,2026-01-25 21:00:00,2004,21,35.6854,3354.025,255.3775,7.522649,115.8454,0,0,2347.817,2347.5,1285.721,532.7409,1818.462,4,283.9865,2.890711,231.585,800,500,0,324.9685,0.1624843,0.1259371,0.3172331,0,250,0.3172331,1061.779,156.2079,46.60767,0,4.631938,0,542.8973,245.5203,297.377,0,778.2613,4235.994,0,-1.136868e-13,1.24345e-13,4.263256e-14
naive,2026-01-25 21:15:00,2005,21.25,35.37943,3323.941,227.8324,7.736298,102.4573,0,0,2326.758,2326.441,663.4546,351.6775,1015.132,3,0,0,215.1321,800,0,244.8663,263.7008,0.1318504,0.2046279,0.3172331,0,250,0.3172331,1662.987,145.6368,46.92947,0,4.235755,0,533.8729,381.571,152.3019,0,733.2485,3987.378,0,5.684342e-14,-3.641532e-14,4.263256e-14
naive,2026-01-25 21:30:00,2006,21.5,35.07349,3322.909,191.1886,0,91.73794,0,0,2326.036,2325.719,658.6262,349.5489,1008.175,3,0,0,208.1752,800,0,210.6015,211.0089,0.1055045,0.1660485,0.3172331,0,250,0.3172331,1667.093,141.4367,47.25124,0,0,0,529.6177,379.5822,150.0355,0,729.1311,3957.064,0,0,-5.404011e-14,4.263256e-14
naive,2026-01-25 21:45:00,2007,21.75,34.69926,3310.955,173.7085,0,90.21321,0,0,2317.669,2317.351,741.6097,370.0377,1111.647,3,135.294,0.2243417,176.1291,800,0,43.90273,200,0.1,0.1328692,0.3172331,0,250,0.3172331,1575.742,120.1915,47.64483,0,0,0,522.8121,355.4507,167.3615,0,725.4884,3936.586,0,0,-2.581269e-15,4.263256e-14
naive,2026-01-25 22:00:00,2008,22,34.6022,3304.142,146.962,0,78.89338,0,0,2312.9,2312.582,1134.319,482.0473,1616.366,4,149.0494,1.012796,166.3038,800,500,0,324.9685,0.1624843,0.1259371,0.3172331,0,250,0.3172331,1178.264,113.6158,47.74691,0,0,0,520.4828,265.1503,255.3326,0,747.1976,4055.871,0,5.684342e-14,1.24345e-13,4.263256e-14
naive,2026-01-25 22:15:00,2009,22.25,34.27338,3293.234,124.5022,0,77.17656,0,0,2305.264,2304.947,618.8317,332.0055,950.8373,2,0,0,150.8373,800,0,132.9548,291.6787,0.1458393,0.2046279,0.3172331,0,250,0.3172331,1686.115,103.4461,48.09275,0,0,0,514.5761,376.371,138.2051,0,708.3766,3841.967,0,5.684342e-14,-3.641532e-14,4.263256e-14
naive,2026-01-25 22:30:00,2010,22.5,34.2063,3245.109,98.26751,0,81.83358,0,0,2271.577,2271.259,613.0916,329.475,942.5666,2,0,0,142.5666,800,0,103.4159,265.7788,0.1328894,0.1836658,0.3172331,0,250,0.3172331,1658.168,97.85054,48.1633,0,0,0,506.2227,369.524,136.6987,0,698.9991,3790.311,0,-5.684342e-14,4.421463e-14,4.263256e-14
naive,2026-01-25 22:45:00,2011,22.75,33.79065,3229.617,91.97339,0,95.28675,0,0,2260.732,2260.415,606.3701,326.5118,932.8819,2,0,0,132.8819,800,0,98.09001,241.2144,0.1206072,0.167357,0.3172331,0,250,0.3172331,1654.045,91.64531,48.60047,0,0,3.641441,498.7244,364.8873,133.8371,0,692.2025,3752.438,0,0,3.516631e-14,4.263256e-14
naive,2026-01-25 23:00:00,2012,23,33.59312,3228.097,84.69899,0,72.21014,1,0,2259.668,2259.35,579.0922,314.4864,893.5786,2,0,0,93.57864,800,0,79.80992,221.224,0.110612,0.1518892,0.3172331,0,250,0.3172331,1680.258,64.68671,48.80821,5.286556,0,7.523431,496.1116,368.9019,127.2097,685.0401,0,1324.29,0,-5.684342e-14,5.156986e-14,4.263256e-14
naive,2026-01-25 23:15:00,2013,23.25,33.45288,3214.335,63.01492,1.024158,73.61376,1,0,2250.035,2249.717,577.6287,313.8413,891.47,2,0,0,91.46998,800,0,73.93061,202.7065,0.1013532,0.1393015,0.3172331,0,250,0.3172331,1672.089,63.33171,48.95571,0,0.6659556,10.28205,492.3292,365.869,126.4601,681.9601,0,1309.994,0,-5.684342e-14,-4.790612e-14,4.263256e-14
naive,2026-01-25 23:30:00,2014,23.5,33.04521,3218.013,59.6899,0,55.899,1,1,2252.609,2252.292,613.1223,323.64,936.7623,2,49.16444,0.8419014,86.75593,800,0,10.69836,200,0.1,0.1276413,0.3172331,0,250,0.3172331,1639.169,60.35075,49.38447,0,0,0,488.1031,355.1809,132.9222,678.8209,0,1302.084,0,0,-6.106227e-16,4.263256e-14
naive,2026-01-25 23:45:00,2015,23.75,32.81369,3233.584,45.28975,0,55.93346,1,1,2263.509,2263.191,999.3994,434.6878,1434.087,3,47.16893,0.2729001,86.64538,800,500,0,324.9685,0.1624843,0.1259371,0.3172331,0,250,0.3172331,1263.792,60.43433,49.62798,0,0,0,487.7732,272.3399,215.4332,707.0277,0,1358.224,0,-1.136868e-13,1.24345e-13,4.263256e-14
naive,2026-01-26 00:00:00,2016,0,32.48114,3284.899,33.29612,0,47.41175,1,1,2299.43,2299.112,575.0777,312.7167,887.7944,2,0,0,87.79439,800,0,45.8204,313.4623,0.1567311,0.2046279,0.3172331,0,250,0.3172331,1724.035,61.46932,49.97773,0,0,0,491.6385,368.6139,123.0246,681.3306,0,1306.436,0,5.684342e-14,8.437695e-14,4.263256e-14
naive,2026-01-26 00:15:00,2017,0.25,32.08539,3308.912,38.23409,5.119784,57.70708,1,1,2316.238,2315.921,582.8611,316.1479,899.009,2,0,0,99.00899,800,0,46.80846,301.7108,0.1508554,0.1973826,0.3172331,0,250,0.3172331,1733.06,69.6347,50.39396,0,4.540305,0,490.6653,367.1265,123.5388,683.2744,0,1317.688,0,-5.684342e-14,-2.817191e-14,4.263256e-14
naive,2026-01-26 00:30:00,2018,0.5,31.77894,3273.499,44.65003,6.550926,45.24064,1,1,2291.449,2291.132,578.4577,314.2067,892.6644,2,0,0,92.66438,800,0,51.3974,288.814,0.144407,0.1899829,0.3172331,0,250,0.3172331,1712.674,65.3996,50.71627,0,3.800413,0,481.9723,360.2356,121.7367,674.4423,0,1298.385,0,5.684342e-14,7.935319e-14,4.263256e-14
naive,2026-01-26 00:45:00,2019,0.75,31.29619,3258.735,47.31846,9.132955,30.56448,1,1,2281.115,2280.798,563.7375,307.7173,871.4548,2,0,0,71.45483,800,0,59.99855,273.7689,0.1368844,0.1818619,0.3172331,0,250,0.3172331,1717.06,50.70653,51.224,0,2.432177,0,474.4988,357.1688,117.3301,664.8861,0,1276.341,0,0,5.15421e-14,4.263256e-14
naive,2026-01-26 01:00:00,2020,1,31.01941,3242.144,51.15864,6.365112,39.69331,1,1,2269.501,2269.183,556.6406,304.5887,861.2293,2,0,0,61.2293,800,0,51.16581,260.9343,0.1304672,0.1723882,0.3172331,0,250,0.3172331,1712.543,43.58575,51.5151,5.681289,0.6766504,0,469.1121,353.9874,115.1247,658.576,0,1270.165,0,-5.684342e-14,2.298162e-14,4.263256e-14
naive,2026-01-26 01:15:00,2021,1.25,30.59335,3220.021,52.42438,14.22493,25.34452,1,1,2254.014,2253.697,561.7761,306.8527,868.6288,2,0,0,68.6288,800,0,47.6328,248.985,0.1244925,0.1643065,0.3172331,0,250,0.3172331,1691.921,49.08697,51.96321,11.15706,7.859457,0,461.4408,346.3693,115.0715,653.2219,0,1280.789,0,0,7.549517e-15,4.263256e-14
naive,2026-01-26 01:30:00,2022,1.5,30.45265,3197.493,62.32267,10.34333,27.4731,1,1,2238.245,2237.928,558.6741,305.4851,864.1593,2,0,0,64.15927,800,0,48.47908,236.8261,0.118413,0.1567822,0.3172331,0,250,0.3172331,1679.254,45.96234,52.11119,17.54871,6.638207,0,456.7653,342.6902,114.075,648.1754,0,1279.448,0,0,4.565792e-14,4.263256e-14
naive,2026-01-26 01:45:00,2023,1.75,30.42659,3190.562,61.46449,9.884355,26.42211,1,1,2233.393,2233.076,560.3822,306.2381,866.6203,2,0,0,66.62029,800,0,49.38259,224.4431,0.1122216,0.1491259,0.3172331,0,250,0.3172331,1672.694,47.73926,52.1386,17.30365,4.662598,0,455.5086,341.152,114.3567,647.3901,0,1274.016,0,0,-7.049916e-15,4.263256e-14
naive,2026-01-26 02:00:00,2024,2,30.39256,3205.908,71.73235,12.05426,37.17028,1,1,2244.135,2243.818,542.8505,298.5093,841.3598,2,0,0,41.3598,800,0,46.29967,212.8329,0.1064164,0.1413285,0.3172331,0,250,0.3172331,1700.968,29.64917,52.17439,26.95592,10.53101,7.52111,457.3504,346.6539,110.6965,646.696,0,1299.361,0,0,-3.860801e-14,4.263256e-14
naive,2026-01-26 02:15:00,2025,2.25,30.09917,3242.632,58.50613,8.876807,49.21456,1,1,2269.842,2269.525,545.9197,299.5609,845.4806,2,2.534553,2.793333,40.1527,800,0,51.19751,200,0.1,0.1340177,0.3172331,0,250,0.3172331,1723.605,28.87809,52.48296,4.774073,6.083474,20.33648,459.5667,348.9721,110.5946,652.6504,0,1264.987,0,-5.684342e-14,2.997602e-15,4.263256e-14
naive,2026-01-26 02:30:00,2026,2.5,29.89308,3299.135,52.65923,8.232481,43.19903,1,1,2309.395,2309.077,970.4703,421.3245,1391.795,3,52.29667,7.520654,31.97746,800,500,0,324.9685,0.1624843,0.1259371,0.3172331,0,250,0.3172331,1338.607,23.05113,52.69971,0.3625635,0.7118274,20.1479,465.4385,269.7847,195.6538,695.1698,0,1332.906,0,-1.705303e-13,1.24345e-13,4.263256e-14
naive,2026-01-26 02:45:00,2027,2.75,29.96393,3318.782,34.50344,5.292257,33.45373,1,1,2323.147,2322.83,536.6184,295.7619,832.3803,2,0,0,32.38026,800,0,55.75344,310.979,0.1554895,0.2046279,0.3172331,0,250,0.3172331,1786.212,23.32313,52.6252,0,2.28289,10.13059,468.9468,360.5618,108.385,658.3686,0,1261.472,0,-5.684342e-14,-7.993606e-15,4.263256e-14
naive,2026-01-26 03:00:00,2028,3,29.95647,3287.34,43.34142,1.23427,32.29312,1,1,2301.138,2300.821,537.9308,296.3405,834.2713,2,0,0,34.27131,800,0,54.20557,297.3787,0.1486893,0.1958189,0.3172331,0,250,0.3172331,1762.89,24.68728,52.63305,0,0.744634,7.605841,464.4271,355.7953,108.6319,653.6708,0,1249.414,0,5.684342e-14,-9.062195e-14,4.263256e-14
naive,2026-01-26 03:15:00,2029,3.25,29.87972,3272.65,53.00571,1.285699,48.93389,1,1,2290.855,2290.538,544.8124,299.3742,844.1867,2,0,0,44.18666,800,0,60.01522,282.328,0.141164,0.187255,0.3172331,0,250,0.3172331,1745.725,31.85691,52.71376,0,0.8168977,17.07697,461.5653,351.7317,109.8336,654.5466,0,1251.199,0,-5.684342e-14,-1.143252e-13,4.263256e-14
naive,2026-01-26 03:30:00,2030,3.5,29.47018,3289.207,63.93536,1.909651,43.25519,1,1,2302.445,2302.128,541.5161,297.921,839.4371,2,0,0,39.43713,800,0,56.75425,268.095,0.1340475,0.1777778,0.3172331,0,250,0.3172331,1760.612,28.56189,53.14449,7.47045,1.620309,14.69331,459.7277,351.5402,108.1875,652.395,0,1260.684,0,5.684342e-14,9.997558e-14,4.263256e-14
naive,2026-01-26 03:45:00,2031,3.75,29.30466,3305.092,74.99639,3.580248,13.82797,1,1,2313.564,2313.247,537.2129,296.024,833.2368,2,0,0,33.23681,800,0,62.90358,252.3269,0.1261635,0.1688155,0.3172331,0,250,0.3172331,1776.034,24.11539,53.31858,12.09281,3.580248,0,460.2746,353.3351,106.9395,649.359,0,1265.771,0,0,3.580469e-14,4.263256e-14
naive,2026-01-26 04:00:00,2032,4,29.47524,3325.413,77.13416,0,23.49653,1,1,2327.789,2327.472,540.9366,297.6656,838.6022,2,0,0,38.60221,800,0,73.83617,233.8282,0.1169141,0.1588866,0.3172331,0,250,0.3172331,1786.535,27.95565,53.13918,3.423365,0,0,464.8398,356.7559,108.0838,654.4215,0,1254.967,0,0,-2.348122e-14,4.263256e-14
naive,2026-01-26 04:15:00,2033,4.25,29.43824,3273.841,87.81659,0,20.93876,1,1,2291.688,2291.371,544.7516,299.3474,844.0989,2,0,0,44.09894,800,0,82.96451,213.0502,0.1065251,0.1472382,0.3172331,0,250,0.3172331,1746.62,31.94943,53.17809,5.565406,0,0,457.2591,348.5019,108.7572,647.8492,0,1245.473,0,5.684342e-14,-5.356826e-15,4.263256e-14
naive,2026-01-26 04:30:00,2034,4.5,29.30241,3292.589,98.84164,4.025901,15.95459,1,1,2304.812,2304.495,589.6701,312.2272,901.8973,2,58.19237,0.4655379,43.23944,800,0,52.06676,200,0.1,0.1341546,0.3172331,0,250,0.3172331,1714.825,31.37371,53.32095,0,3.560363,0,458.5108,341.1409,117.3699,653.3681,0,1252.892,0,0,-2.109424e-15,4.263256e-14
naive,2026-01-26 04:45:00,2035,4.75,29.25069,3286.28,126.7826,0,37.87019,1,1,2300.396,2300.079,1038.383,441.712,1480.095,3,132.5895,0.774504,46.73067,800,500,0,324.9685,0.1624843,0.1259371,0.3172331,0,250,0.3172331,1261.696,33.92621,53.37534,0,0,3.943978,457.1149,250.7134,206.4015,693.2091,0,1326.371,0,5.684342e-14,1.24345e-13,4.263256e-14
naive,2026-01-26 05:00:00,2036,5,29.50691,3314.019,158.2761,1.223251,43.39015,1,1,2319.813,2319.496,544.7073,299.3279,844.0351,2,0,0,44.03514,800,0,159.454,285.0539,0.1425269,0.2046279,0.3172331,0,250,0.3172331,1774.789,31.87901,53.10587,0.2372414,0,11.51115,463.5695,354.657,108.9125,656.2851,0,1253.235,0,5.684342e-14,-6.483702e-14,4.263256e-14
naive,2026-01-26 05:15:00,2037,5.25,29.63639,3295.512,206.0134,0,52.21158,1,1,2306.858,2306.541,543.5516,298.8184,842.37,2,0,0,42.37,800,0,191.6533,237.0957,0.1185478,0.1794942,0.3172331,0,250,0.3172331,1762.989,30.62965,52.96968,17.98285,0,21.58193,462.2966,353.3047,108.9918,656.4482,0,1284.326,0,5.684342e-14,5.578871e-14,4.263256e-14
naive,2026-01-26 05:30:00,2038,5.5,29.45691,3314.428,246.5115,6.299985,30.66269,1,1,2320.1,2319.782,611.0652,317.6191,928.6843,2,92.15424,3.851702,32.67831,800,0,148.2333,200,0.1,0.1492957,0.3172331,0,250,0.3172331,1708.717,23.67037,53.15846,6.123916,2.448283,6.992322,463.1178,341.079,122.0387,660.0939,0,1275.172,0,5.684342e-14,-9.769963e-15,4.263256e-14
naive,2026-01-26 05:45:00,2039,5.75,29.31544,3299.128,289.3597,7.566742,24.60243,1,1,2309.39,2309.073,1143.27,470.0257,1613.295,4,283.2775,4.946027,25.07197,800,500,0,324.9685,0.1624843,0.1259371,0.3172331,0,250,0.3172331,1165.803,18.18912,53.30724,6.082209,2.620715,6.413308,459.5525,231.9866,227.5658,703.2886,0,1361.619,0,0,1.24345e-13,4.263256e-14
naive,2026-01-26 06:00:00,2040,6,29.34174,3337.672,325.604,2.562802,19.41227,1,1,2336.37,2336.053,537.3412,296.0805,833.4218,2,0,0,33.42177,800,0,330.4005,242.3172,0.1211586,0.2046279,0.3172331,0,250,0.3172331,1798.712,24.23967,53.27958,0,0,0,465.1892,358.1373,107.0519,654.2179,0,1248.496,0,0,-6.483702e-14,4.263256e-14
naive,2026-01-26 06:15:00,2041,6.25,29.54328,3337.549,367.919,4.590614,35.17506,1,1,2336.284,2335.967,709.2739,348.5566,1057.83,3,196.0368,5.942579,55.85108,800,0,169.1163,200,0.1,0.1525836,0.3172331,0,250,0.3172331,1626.693,40.41684,53.06762,2.765926,0,0,467.2345,325.3231,141.9114,673.8797,0,1292.829,0,1.136868e-13,-1.013079e-14,4.263256e-14
naive,2026-01-26 06:30:00,2042,6.5,29.50016,3395.99,406.137,0,26.49301,1,1,2377.193,2376.876,1254.998,506.1066,1761.105,4,394.0262,3.897863,63.18091,800,500,0,324.9685,0.1624843,0.1259371,0.3172331,0,250,0.3172331,1121.877,45.7429,53.11297,12.11081,0,0,474.9653,224.1521,250.8132,730.2587,0,1421.656,0,5.684342e-14,1.24345e-13,4.263256e-14
naive,2026-01-26 06:45:00,2043,6.75,29.49861,3351.513,424.4764,0,48.38437,1,1,2346.059,2345.742,546.1337,299.9567,846.0904,2,0,0,46.09043,800,0,418.0426,220.4067,0.1102034,0.2046279,0.3172331,0,250,0.3172331,1799.608,33.36998,53.11459,7.283856,0,15.01439,468.7288,359.5511,109.1777,662.5076,0,1277.826,0,0,-6.483702e-14,4.263256e-14
naive,2026-01-26 07:00:00,2044,7,29.26326,3325.324,433.3307,0,47.94604,1,1,2327.727,2327.41,819.3756,378.7677,1198.143,3,350.0993,0.6118872,47.43203,800,0,81.48804,200,0.1,0.1387869,0.3172331,0,250,0.3172331,1508.034,34.43062,53.36212,1.743299,0,13.51542,462.673,299.746,162.9271,681.2,0,1305.375,0,5.684342e-14,-2.720046e-15,4.263256e-14
naive,2026-01-26 07:15:00,2045,7.25,29.29219,3374.799,434.8072,0,55.12934,1,1,2362.359,2362.042,1270.01,508.7967,1778.806,4,427.043,0.5140649,51.24927,800,500,0,324.9685,0.1624843,0.1259371,0.3172331,0,250,0.3172331,1092.032,37.18968,53.3317,7.764209,0,17.93967,469.8539,217.1963,252.6576,729.561,0,1412.517,0,-5.684342e-14,1.24345e-13,4.263256e-14
naive,2026-01-26 07:30:00,2046,7.5,29.49187,3395.088,416.4077,0,63.99312,1,1,2376.561,2376.244,554.0668,303.454,857.5208,2,0,0,57.5208,800,0,407.4184,223.0628,0.1115314,0.2046279,0.3172331,0,250,0.3172331,1822.177,41.6488,53.12169,13.31148,0,22.34432,474.7526,364.0063,110.7462,671.9239,0,1307.048,0,5.684342e-14,4.884981e-14,4.263256e-14
naive,2026-01-26 07:45:00,2047,7.75,29.70541,3408.136,376.0234,0,67.9358,1,1,2385.695,2385.378,779.7075,369.675,1149.383,3,279.5288,6.134152,63.71959,800,0,92.11061,200,0.1,0.1404594,0.3172331,0,250,0.3172331,1605.671,46.02828,52.8971,4.38397,0,21.90752,478.824,322.2682,156.5559,696.3402,0,1340.734,0,1.136868e-13,7.049916e-15,4.263256e-14
naive,2026-01-26 08:00:00,2048,8,29.66911,3407.237,333.8939,256.257,55.88816,1,1,2385.066,2384.749,1262.918,517.3665,1780.284,4,328.7204,88.03718,63.5267,800,500,0,324.9685,0.1624843,0.1259371,0.3172331,0,250,0.3172331,1121.831,45.90739,52.93527,5.173485,168.2199,9.980778,478.3144,224.9783,253.3362,744.3464,0,1728.244,0,0,1.24345e-13,4.263256e-14
naive,2026-01-26 08:15:00,2049,8.25,29.93452,3436.258,280.3936,257.821,55.95902,1,1,2405.381,2405.063,564.5982,308.0967,872.6949,2,0,0,72.69489,800,0,366.7247,233.2362,0.1166181,0.2046279,0.3172331,0,250,0.3172331,1840.465,52.3784,52.65613,0,172.7049,3.580614,485.2294,371.2709,113.9585,680.09,0,1598.858,0,5.684342e-14,4.884981e-14,4.263256e-14
naive,2026-01-26 08:30:00,2050,8.5,30.00482,3467.887,230.7693,259.8346,47.55401,1,1,2427.521,2427.204,709.8182,359.9249,1069.743,3,102.4888,88.81657,78.43778,800,0,132.7979,200,0.1,0.1468654,0.3172331,0,250,0.3172331,1717.386,56.47218,52.58219,0,171.018,0,490.4608,346.9837,143.4771,706.9087,0,1649.668,0,0,9.131584e-15,4.263256e-14
naive,2026-01-26 08:45:00,2051,8.75,30.01313,3479.87,196.3806,268.466,61.16256,1,1,2435.909,2435.591,1171.157,492.9551,1664.112,4,193.8749,88.41495,81.82229,800,500,0,324.9685,0.1624843,0.1259371,0.3172331,0,250,0.3172331,1264.434,58.90345,52.57345,2.505651,180.051,2.259106,492.2464,255.5158,236.7306,748.9274,0,1753.62,0,1.705303e-13,1.24345e-13,4.263256e-14
naive,2026-01-26 09:00:00,2052,9,30.27824,3512.712,151.837,266.5122,96.45088,1,1,2458.899,2458.581,578.5484,314.2467,892.7951,2,0,0,92.79513,800,0,255.1623,261.1268,0.1305634,0.2046279,0.3172331,0,250,0.3172331,1880.033,66.60594,52.29462,0,177.5252,29.84495,499.8378,382.1677,117.6701,702.4812,0,1652.362,0,-5.684342e-14,7.727152e-14,4.263256e-14
naive,2026-01-26 09:15:00,2053,9.25,30.28076,3577.26,116.8169,271.2465,71.49532,1,1,2504.082,2503.765,594.3595,321.217,915.5765,2,0,0,115.5765,800,0,227.0494,204.3233,0.1021617,0.1644277,0.3172331,0,250,0.3172331,1909.406,82.9555,52.29197,0,179.8633,0,509.0512,388.1603,120.891,709.3773,0,1670.19,0,5.684342e-14,-5.567768e-14,4.263256e-14
naive,2026-01-26 09:30:00,2054,9.5,30.44266,3591.397,86.41859,277.8538,68.89015,1,1,2513.978,2513.66,739.7809,373.7932,1113.574,3,96.94704,90.88465,125.7424,800,0,17.16466,200,0.1,0.1286594,0.3172331,0,250,0.3172331,1773.879,90.08926,52.1217,0,186.9692,0,512.9198,361.9196,151.0001,735.7128,0,1735.311,0,0,1.387779e-15,4.263256e-14
naive,2026-01-26 09:45:00,2055,9.75,30.56175,3635.334,69.53802,281.2056,91.91613,1,1,2544.734,2544.417,1136.005,490.0916,1626.097,4,87.67617,89.99489,148.4256,800,500,0,324.9685,0.1624843,0.1259371,0.3172331,0,250,0.3172331,1408.411,106.1994,51.99644,0,191.2107,0,520.5863,288.1243,232.462,778.2159,0,1827.774,0,-5.684342e-14,1.24345e-13,4.263256e-14
naive,2026-01-26 10:00:00,2056,10,30.78123,3627.965,65.83152,284.7821,102.325,1,1,2539.576,2539.258,639.1718,340.9725,980.1443,2,0,0,180.1443,800,0,166.1008,283.3922,0.1416961,0.2046279,0.3172331,0,250,0.3172331,1900.087,128.578,51.7656,0,191.5879,0,522.1098,390.6376,131.4722,731.6101,0,1735.473,0,0,2.04281e-14,4.263256e-14
naive,2026-01-26 10:15:00,2057,10.25,31.05354,3620.906,67.78051,288.4523,105.6728,1,1,2534.634,2534.317,673.3233,356.0281,1029.351,3,0,0,229.3514,800,0,153.5484,244.9604,0.1224802,0.1784479,0.3172331,0,250,0.3172331,1860.994,163.1999,51.4792,7.359878,195.3245,0,524.3228,384.9713,139.3515,740.9994,0,1773.715,0,0,-8.021361e-15,4.263256e-14
naive,2026-01-26 10:30:00,2058,10.5,31.24613,3610.566,73.26379,293.3307,136.3955,1,1,2527.396,2527.079,685.451,361.3746,1046.826,3,0,0,246.8256,800,0,147.6622,208.0063,0.1040032,0.154248,0.3172331,0,250,0.3172331,1841.628,175.2538,51.27665,20.74497,198.1873,0,525.1267,382.642,142.4847,744.0167,0,1808.005,0,-1.136868e-13,1.984524e-14,4.263256e-14
naive,2026-01-26 10:45:00,2059,10.75,31.39337,3594.546,64.67579,296.3417,145.2933,0,1,2516.182,2515.865,781.2326,400.1385,1181.371,3,29.09698,94.95351,257.3206,800,0,31.89434,200,0.1,0.1309785,0.3172331,0,250,0.3172331,1734.632,182.4025,51.12179,3.684473,201.3882,0,524.5621,361.6282,162.9339,0,761.7667,4485.955,0,-1.136868e-13,-7.494005e-16,4.263256e-14
naive,2026-01-26 11:00:00,2060,11,31.58666,3595.374,61.28773,297.9387,160.5133,0,0,2516.762,2516.445,1214.879,528.685,1743.564,4,55.54896,94.61113,293.4043,800,500,0,324.9685,0.1624843,0.1259371,0.3172331,0,250,0.3172331,1301.565,207.5268,50.9185,5.738772,203.3275,0,527.019,272.5525,254.4665,0,801.2375,4710.162,0,0,1.24345e-13,4.263256e-14
naive,2026-01-26 11:15:00,2061,11.25,31.54351,3604.113,66.74545,294.164,193.623,0,0,2522.879,2522.562,738.9706,384.9687,1123.939,3,0,0,323.9393,800,0,149.26,287.6023,0.1438012,0.2046279,0.3172331,0,250,0.3172331,1783.591,229.2363,50.96388,11.85725,199.7922,0,527.7753,373.1195,154.6558,0,758.0882,4477.246,0,0,-7.993606e-15,4.263256e-14
naive,2026-01-26 11:30:00,2062,11.5,31.79546,3640.368,63.06509,295.4598,220.846,0,0,2548.258,2547.94,769.7037,398.5173,1168.221,3,0,0,368.221,800,0,151.145,249.7708,0.1248854,0.181099,0.3172331,0,250,0.3172331,1778.237,259.8301,50.69889,7.615593,199.7642,0,536.1932,374.1688,162.0244,0,772.6861,4550.467,0,0,4.016232e-14,4.263256e-14
naive,2026-01-26 11:45:00,2063,11.75,32.32613,3621.904,52.59661,302.2803,243.7724,0,0,2535.333,2535.016,791.2268,408.0058,1199.233,3,0,0,399.2326,800,0,145.9381,213.247,0.1066235,0.157277,0.3172331,0,250,0.3172331,1743.789,280.0181,50.14076,3.151135,205.7876,0,540.1076,371.4833,168.6244,0,779.489,4591.201,0,0,-3.053113e-15,4.263256e-14
naive,2026-01-26 12:00:00,2064,12,32.63713,3682.712,49.15226,304.4772,287.497,0,0,2577.899,2577.581,887.4797,450.4387,1337.918,3,0,88.75881,449.1596,800,0,52.85359,200,0.1,0.1342785,0.3172331,0,250,0.3172331,1690.102,313.919,49.81367,5.833582,206.1835,0,553.2071,362.6893,190.5178,0,813.1281,4781.894,0,0,-2.942091e-15,4.263256e-14
naive,2026-01-26 12:15:00,2065,12.25,33.04859,3656.563,61.83556,304.5161,310.7879,0,0,2559.594,2559.277,1359.336,592.5282,1951.864,4,54.20901,97.61654,500.0389,800,500,0,324.9685,0.1624843,0.1259371,0.3172331,0,250,0.3172331,1199.94,347.8327,49.38092,7.62655,206.8996,0,554.6664,260.0282,294.6382,0,852.5564,5003.564,0,0,1.24345e-13,4.263256e-14
naive,2026-01-26 12:30:00,2066,12.5,33.31038,3695.475,56.14611,297.555,334.6752,0,0,2586.832,2586.515,876.8938,445.772,1322.666,3,0,0,522.6657,800,0,146.0983,288.3928,0.1441964,0.2046279,0.3172331,0,250,0.3172331,1709.621,362.4775,49.10558,6.860313,200.7425,0,564.089,372.8029,191.2861,0,818.5749,4805.033,0,-1.136868e-13,-6.483702e-14,4.263256e-14
naive,2026-01-26 12:45:00,2067,12.75,33.57013,3719.91,57.66117,297.1037,367.9942,0,0,2603.937,2603.619,883.4129,448.6459,1332.059,3,0,0,532.0588,800,0,154.7413,249.6621,0.124831,0.1815967,0.3172331,0,250,0.3172331,1720.207,367.8862,48.83239,0.7882018,199.2354,0.1080372,571.3788,377.463,193.9159,0,826.1326,4833.833,0,-1.136868e-13,1.779132e-14,4.263256e-14
naive,2026-01-26 13:00:00,2068,13,33.88043,3738.162,56.62731,295.5685,377.351,0,0,2616.714,2616.396,902.7071,457.1518,1359.859,3,0,0,559.8589,800,0,163.1766,208.8286,0.1044143,0.1572085,0.3172331,0,250,0.3172331,1713.689,385.7184,48.50603,0,197.0196,0,578.5155,378.8706,199.6449,0,836.0223,4883.412,0,5.684342e-14,-2.592371e-14,4.263256e-14
naive,2026-01-26 13:15:00,2069,13.25,34.21249,3734.522,66.05406,300.8831,394.7629,0,0,2614.165,2613.848,1031.957,511.3576,1543.315,4,23.31741,97.36261,622.6345,800,0,35.18291,200,0.1,0.1314963,0.3172331,0,250,0.3172331,1581.891,427.3141,48.15679,7.553742,203.5205,0,582.6573,352.5792,230.0781,0,863.9368,5061.579,0,-1.136868e-13,-2.803313e-15,4.263256e-14
naive,2026-01-26 13:30:00,2070,13.5,34.53187,3756.082,75.28162,296.2615,441.5946,0,0,2629.257,2628.94,1398.661,601.3388,2000,4,57.59884,97.15935,655.0156,690.2262,500,0,324.9685,0.1624843,0.1259371,0.3172331,0,250,0.3172331,1230.279,447.8637,41.25904,17.68278,199.1021,0,590.646,276.3743,314.2716,0,877.7131,5154.96,0,-1.136868e-13,1.24345e-13,4.263256e-14
naive,2026-01-26 13:45:00,2071,13.75,34.65388,3699.619,79.58488,294.0552,451.3507,1,0,2589.733,2589.416,989.6929,495.4994,1485.192,3,0,0,685.1923,800,0,157.855,285.4536,0.1427268,0.2046279,0.3172331,0,250,0.3172331,1599.723,467.8281,47.69257,20.47199,195.3131,0,583.5264,360.4544,223.072,855.9538,0,2030.483,0,1.136868e-13,4.884981e-14,4.263256e-14
naive,2026-01-26 14:00:00,2072,14,34.87765,3754.69,70.41556,292.3621,446.1447,1,1,2628.283,2627.966,1013.604,506.0408,1519.645,4,0,0,719.6452,800,0,162.9983,244.6591,0.1223296,0.179746,0.3172331,0,250,0.3172331,1614.362,490.0631,47.45721,4.302653,195.4768,0,595.5157,365.7816,229.7341,871.8223,0,2034.875,0,1.136868e-13,2.88658e-15,4.263256e-14
naive,2026-01-26 14:15:00,2073,14.25,34.89786,3766.337,64.94249,292.0586,452.9473,1,1,2636.436,2636.119,1021.451,509.5,1530.951,4,0,0,730.9511,800,0,155.3976,205.7712,0.1028856,0.1540583,0.3172331,0,250,0.3172331,1614.668,497.644,47.43596,7.737127,193.8664,0,597.6639,366.0353,231.6286,875.5353,0,2045.471,0,1.136868e-13,4.427014e-14,4.263256e-14
naive,2026-01-26 14:30:00,2074,14.5,35.23277,3774.507,58.17998,287.4339,484.9387,1,1,2642.155,2641.838,1131.383,553.2802,1684.663,4,39.3683,98.11629,747.1789,800,0,22.95528,200,0.1,0.1295711,0.3172331,0,250,0.3172331,1510.455,506.6903,47.08372,0,189.3176,0,604.0047,345.2945,258.7102,898.5747,0,2070.753,0,-1.136868e-13,2.498002e-16,4.263256e-14
naive,2026-01-26 14:45:00,2075,14.75,35.41717,3764.841,49.37598,287.0665,481.1777,1,1,2635.389,2635.071,1405.124,594.8759,2000,4,60.36269,96.29877,774.5201,568.8184,500,0,324.9685,0.1624843,0.1259371,0.3172331,0,250,0.3172331,1229.947,524.0889,33.33971,0,190.7677,0,605.2644,282.4795,322.7849,877.3554,0,2046.278,0,0,1.24345e-13,4.263256e-14
naive,2026-01-26 15:00:00,2076,15,35.55669,3726.668,52.09861,284.6604,490.7958,1,1,2608.668,2608.35,1065.319,528.8391,1594.158,4,0,0,794.1581,800,0,160.1303,284.8848,0.1424424,0.2046279,0.3172331,0,250,0.3172331,1543.031,536.4907,46.74304,0,187.1069,0,601.2467,355.6384,245.6082,884.4775,0,2039.128,0,0,4.884981e-14,4.263256e-14
naive,2026-01-26 15:15:00,2077,15.25,35.55751,3708.498,54.52726,288.6578,483.3231,1,1,2595.949,2595.632,1073.054,532.2491,1605.303,4,0,0,805.3032,800,0,165.3049,243.5137,0.1217569,0.1793878,0.3172331,0,250,0.3172331,1522.578,544.0144,46.74218,0,190.8986,0,598.3277,350.9315,247.3962,883.1806,0,2043.076,0,-1.136868e-13,-1.84297e-14,4.263256e-14
naive,2026-01-26 15:30:00,2078,15.5,35.76829,3665.521,66.04687,287.5716,500.8056,1,1,2565.864,2565.547,1075.395,533.2811,1608.676,4,0,0,808.6761,800,0,171.5561,200.5864,0.1002932,0.153337,0.3172331,0,250,0.3172331,1490.152,544.9294,46.52049,0,193.2119,0,594.571,345.3032,249.2678,878.5843,0,2038.124,0,-2.273737e-13,6.625256e-14,4.263256e-14
naive,2026-01-26 15:45:00,2079,15.75,36.03124,3660.289,66.83797,287.8642,503.9643,1,1,2562.202,2561.885,1197.726,578.0472,1775.773,4,77.02844,93.35099,805.3935,800,0,2.21913,200,0.1,0.1263063,0.3172331,0,250,0.3172331,1364.159,541.0231,46.24394,0,194.5132,0,597.7287,318.2408,279.4879,896.288,0,2076.087,0,-1.136868e-13,0,4.263256e-14
naive,2026-01-26 16:00:00,2080,16,36.21427,3669.701,64.83791,283.8493,506.5085,1,1,2568.791,2568.473,1409.858,590.142,2000,4,84.66482,92.55778,807.0707,515.7067,500,0,324.9685,0.1624843,0.1259371,0.3172331,0,250,0.3172331,1158.615,540.9681,29.68629,0,191.2915,0,602.0936,271.5655,330.5281,861.7075,0,2019.996,0,0,1.24345e-13,4.263256e-14
naive,2026-01-26 16:15:00,2081,16.25,36.45678,3617.396,85.28689,284.0096,497.7477,1,1,2532.177,2531.86,1084.615,537.3458,1621.961,4,0,0,821.9611,800,0,180.3609,279.8271,0.1399136,0.2046279,0.3172331,0,250,0.3172331,1447.245,549.3542,45.79637,0,194.2337,0,597.2463,341.3511,255.8952,878.6969,0,2040.926,0,-1.136868e-13,7.727152e-14,4.263256e-14
naive,2026-01-26 16:30:00,2082,16.5,36.4414,3642.077,83.979,281.9401,498.2706,1,1,2549.454,2549.136,1071.685,531.6454,1603.33,4,0,0,803.3301,800,0,198.8315,230.0752,0.1150376,0.176203,0.3172331,0,250,0.3172331,1477.452,537.0011,45.81255,0,191.8245,0,601.0813,348.3368,252.7445,879.9822,0,2039.322,0,-1.136868e-13,5.934142e-14,4.263256e-14
naive,2026-01-26 16:45:00,2083,16.75,36.62812,3628.907,109.0885,277.1396,491.3017,1,1,2540.235,2539.918,1132.22,556.8903,1689.11,4,12.12248,88.90815,788.0799,800,0,120.1559,200,0.1,0.144875,0.3172331,0,250,0.3172331,1407.698,525.6296,45.61617,0,188.2314,0,601.8221,333.5059,268.3161,890.3962,0,2054.174,0,-2.273737e-13,2.414735e-15,4.263256e-14
naive,2026-01-26 17:00:00,2084,17,36.67838,3608.086,133.2372,276.5321,481.2207,1,1,2525.66,2525.343,1416.236,583.7644,2000,4,151.1018,88.65689,761.9132,498.3281,500,0,324.9685,0.1624843,0.1259371,0.3172331,0,250,0.3172331,1109.107,507.8707,28.38184,0,187.8752,0,599.1539,263.1098,336.0441,846.8742,0,1985.903,0,0,1.24345e-13,4.263256e-14
naive,2026-01-26 17:15:00,2085,17.25,36.37037,3613.495,164.3926,274.9745,432.2755,1,1,2529.447,2529.129,1012.282,505.4579,1517.74,4,0,0,717.7404,800,0,266.0288,258.4102,0.1292051,0.2046279,0.3172331,0,250,0.3172331,1516.847,480.1949,45.88726,0,188.2717,0,595.2676,356.9673,238.3003,862.4253,0,1997.996,0,-1.136868e-13,-7.993606e-15,4.263256e-14
naive,2026-01-26 17:30:00,2086,17.5,36.42778,3589.852,200.4703,264.8731,434.3832,1,1,2512.896,2512.579,1028.075,512.4203,1540.496,4,0,59.76097,680.7347,800,0,233.4779,200,0.1,0.1627171,0.3172331,0,250,0.3172331,1484.504,455.124,45.82687,0,179.7164,0,592.2531,349.8759,242.3772,862.2962,0,1983.048,0,1.136868e-13,5.856426e-15,4.263256e-14
naive,2026-01-26 17:45:00,2087,17.75,36.30441,3567.708,222.2368,267.5534,393.1347,1,1,2497.396,2497.079,1422.728,577.2718,2000,4,243.4909,84.40531,651.6694,520.4344,500,0,324.9685,0.1624843,0.1259371,0.3172331,0,250,0.3172331,1074.35,436.3348,29.89676,0,183.1481,0,586.7232,252.4014,334.3217,829.6733,0,1941.643,0,2.273737e-13,1.24345e-13,4.263256e-14
naive,2026-01-26 18:00:00,2088,18,36.2749,3552.221,259.4757,1.595389,346.5752,1,1,2486.555,2486.238,933.6906,470.8108,1404.501,3,0,0,604.5014,800,0,273.848,256.4553,0.1282277,0.2046279,0.3172331,0,250,0.3172331,1552.547,404.8955,45.98767,0,0.700577,0,583.731,364.4681,219.263,835.2789,0,1620.03,0,0,4.884981e-14,4.263256e-14
naive,2026-01-26 18:15:00,2089,18.25,36.16295,3514.141,296.1911,2.053107,305.0277,1,1,2459.899,2459.582,970.1744,476.678,1446.852,3,85.88384,0.9185959,560.0499,800,0,225.6599,200,0.1,0.1614862,0.3172331,0,250,0.3172331,1489.407,375.6234,46.10541,0,1.134511,0,575.8089,348.6379,227.171,825.3159,0,1600.72,0,-5.684342e-14,9.464651e-15,4.263256e-14
naive,2026-01-26 18:30:00,2090,18.5,36.00832,3497.36,329.636,0.8904727,275.7083,0,0,2448.152,2447.835,1426.6,573.3998,2000,4,347.8062,0.7711243,538.6781,612.7445,500,0,324.9685,0.1624843,0.1259371,0.3172331,0,250,0.3172331,1021.234,361.9558,35.43811,0,0.1193484,0,570.7866,238.1008,332.6858,0,811.5006,4423.591,0,0,1.24345e-13,4.263256e-14
naive,2026-01-26 18:45:00,2091,18.75,36.08656,3444.096,372.7509,2.306853,265.0439,0,0,2410.867,2410.55,866.5797,441.225,1307.805,3,0,0,507.8047,800,0,369.2178,232.6129,0.1163065,0.2046279,0.3172331,0,250,0.3172331,1543.97,340.8931,46.18575,3.697488,2.142448,0,563.2239,360.7005,202.5234,0,801.9255,4368.705,0,-5.684342e-14,-6.483702e-14,4.263256e-14
naive,2026-01-26 19:00:00,2092,19,35.94111,3440.072,387.3398,0.525154,245.5217,0,0,2408.051,2407.733,1029.459,482.7969,1512.256,4,254.1487,0.2670505,457.84,800,0,130.3051,200,0.1,0.1464729,0.3172331,0,250,0.3172331,1378.274,307.8842,46.33872,2.885968,0.2581035,0,560.4709,320.7917,239.6791,0,803.5886,4373.03,0,-2.273737e-13,-1.104672e-14,4.263256e-14
naive,2026-01-26 19:15:00,2093,19.25,35.87471,3477.242,385.9492,0,226.0128,0,0,2434.069,2433.752,1426.82,573.1799,2000,4,394.8839,5.957114,415.0097,684.1493,500,0,324.9685,0.1624843,0.1259371,0.3172331,0,250,0.3172331,1006.932,279.3025,39.68798,0,0,0,565.5652,233.9645,331.6008,0,807.1444,4394.645,0,2.273737e-13,1.24345e-13,4.263256e-14
naive,2026-01-26 19:30:00,2094,19.5,35.85933,3464.319,393.3109,0,229.3275,0,0,2425.023,2424.706,787.7544,406.475,1194.229,3,0,0,394.2294,800,0,396.3896,225.82,0.11291,0.2046279,0.3172331,0,250,0.3172331,1636.951,265.3658,46.42474,1.246613,0,0,563.2419,380.2024,183.0395,0,786.6774,4276.648,0,1.136868e-13,-7.993606e-15,4.263256e-14
naive,2026-01-26 19:45:00,2095,19.75,35.68971,3456.231,392.3353,0,206.2264,0,0,2419.362,2419.044,987.861,460.0174,1447.878,3,291.4814,5.957104,350.44,800,0,103.1377,200,0.1,0.1421955,0.3172331,0,250,0.3172331,1431.183,236.3656,46.60314,0,0,0,559.5022,330.9759,228.5264,0,790.9933,4298.035,0,-1.136868e-13,1.998401e-15,4.263256e-14
naive,2026-01-26 20:00:00,2096,20,35.39694,3448.135,373.4758,0,195.8285,0,0,2413.695,2413.378,1420.223,579.7775,2000,4,382.1476,2.849809,322.856,792.1466,500,0,324.9685,0.1624843,0.1259371,0.3172331,0,250,0.3172331,993.1551,218.5168,46.45055,0,0,0,554.0652,227.9794,326.0858,0,807.7569,4390.406,0,1.136868e-13,1.24345e-13,4.263256e-14
naive,2026-01-26 20:15:00,2097,20.25,35.26088,3397.436,352.5543,3.90023,186.4906,0,0,2378.205,2377.888,725.2113,378.9029,1104.114,3,0,0,304.1141,800,0,361.6203,234.5123,0.1172561,0.2046279,0.3172331,0,250,0.3172331,1652.677,206.1629,47.05415,0,0,0,544.0495,378.0741,165.9753,0,756.977,4110.438,0,1.136868e-13,-6.483702e-14,4.263256e-14
naive,2026-01-26 20:30:00,2098,20.5,35.0916,3369.439,322.436,0,154.9484,0,0,2358.607,2358.29,863.8157,417.332,1281.148,3,190.6081,1.685114,288.8544,800,0,137.9015,200,0.1,0.147669,0.3172331,0,250,0.3172331,1494.474,196.2093,47.23219,0,0,0,537.2775,340.4329,196.8446,0,757.7648,4114.57,0,0,3.441691e-15,4.263256e-14
naive,2026-01-26 20:45:00,2099,20.75,34.80718,3359.378,287.4048,0,143.4276,0,0,2351.564,2351.247,1311.08,541.4363,1852.516,4,304.8662,0.7667405,246.883,800,500,0,324.9685,0.1624843,0.1259371,0.3172331,0,250,0.3172331,1040.168,168.2613,47.53134,0,0,0,531.8825,235.2676,296.6149,0,776.7039,4218.399,0,1.136868e-13,1.24345e-13,4.263256e-14
naive,2026-01-26 21:00:00,2100,21,34.64388,3347.477,256.5435,0,142.2985,0,0,2343.234,2342.917,652.0256,346.639,998.6646,2,0,0,198.6646,800,0,273.7646,256.4762,0.1282381,0.2046279,0.3172331,0,250,0.3172331,1690.891,135.6579,47.70309,0,0,6.640527,527.8537,380.9023,146.9514,0,729.0372,3956.039,0,-5.684342e-14,4.884981e-14,4.263256e-14
naive,2026-01-26 21:15:00,2101,21.25,34.61922,3313.953,233.2636,0,142.6193,0,0,2319.767,2319.45,649.487,344.555,994.042,2,8.110783,5.828187,180.103,800,0,225.7434,200,0.1,0.1614993,0.3172331,0,250,0.3172331,1669.963,123.0187,47.72902,0,0,19.60059,522.2483,375.9581,146.2902,0,724.9259,3933.397,0,0,-8.743006e-15,4.263256e-14
naive,2026-01-26 21:30:00,2102,21.5,34.54354,3297.438,209.4129,0,125.538,0,0,2308.207,2307.89,1174.264,493.715,1667.979,4,198.9998,0.8523755,168.1265,800,500,0,324.9685,0.1624843,0.1259371,0.3172331,0,250,0.3172331,1133.626,114.94,47.80861,10.41306,0,10.59802,518.6737,254.7353,263.9383,0,750.8318,4093.753,0,1.705303e-13,1.24345e-13,4.263256e-14
naive,2026-01-26 21:45:00,2103,21.75,34.53273,3289.312,185.3052,0,111.1467,0,0,2302.519,2302.201,619.6101,332.3487,951.9587,2,0,0,151.9587,800,0,176.335,280.8336,0.1404168,0.2046279,0.3172331,0,250,0.3172331,1682.591,103.9,47.81998,9.077822,0,7.246714,517.2572,377.9915,139.2657,0,711.9682,3877.687,0,-5.684342e-14,2.04281e-14,4.263256e-14
naive,2026-01-26 22:00:00,2104,22,34.49058,3291.024,150.2564,0,102.4248,0,0,2303.717,2303.4,610.257,328.2254,938.4823,2,0,0,138.4823,800,0,148.446,243.6779,0.1218389,0.1768368,0.3172331,0,250,0.3172331,1693.143,94.73235,47.86432,2.275978,0,7.692461,516.9879,379.9661,137.0218,0,709.9177,3854.626,0,0,6.566969e-14,4.263256e-14
naive,2026-01-26 22:15:00,2105,22.25,34.28715,3241.648,121.7534,0.4402873,100.9892,0,0,2269.154,2268.837,604.3161,325.6064,929.9225,2,0,0,129.9225,800,0,128.4303,211.532,0.105766,0.1534404,0.3172331,0,250,0.3172331,1664.521,89.0882,48.07828,0,0.4402873,11.90104,506.6869,371.6763,135.0106,0,699.9401,3796.342,0,-5.684342e-14,-4.063416e-14,4.263256e-14
naive,2026-01-26 22:30:00,2106,22.5,34.05477,3257.044,110.1885,4.937591,86.15119,0,0,2279.931,2279.613,646.7593,337.8257,984.585,2,54.57035,0.07563627,129.939,800,0,45.99467,200,0.1,0.1331986,0.3172331,0,250,0.3172331,1632.854,89.3411,48.32267,9.623505,4.861955,0,506.2041,362.5362,143.6679,0,700.362,3822.615,0,0,-2.553513e-15,4.263256e-14
naive,2026-01-26 22:45:00,2107,22.75,33.67635,3266.176,97.1676,6.594779,97.90217,0,0,2286.323,2286.006,1070.277,460.4025,1530.679,4,93.66858,1.176931,135.8338,800,500,0,324.9685,0.1624843,0.1259371,0.3172331,0,250,0.3172331,1215.729,93.80534,48.72068,3.499025,5.417849,4.096836,502.9749,267.4518,235.5231,0,728.7556,3968.727,0,0,1.24345e-13,4.263256e-14
naive,2026-01-26 23:00:00,2108,23,33.58847,3247.233,74.47222,2.253795,79.30928,0,0,2273.063,2272.746,583.2828,316.3338,899.6166,2,0,0,99.61659,800,0,82.49356,304.294,0.152147,0.2046279,0.3172331,0,250,0.3172331,1689.463,68.86417,48.8131,0,2.08907,10.44511,498.9965,370.8811,128.1154,0,689.5079,3740.982,0,0,-7.904788e-14,4.263256e-14
naive,2026-01-26 23:15:00,2109,23.25,33.27087,3189.118,61.95322,0.7584769,57.32747,0,0,2232.382,2232.065,583.4395,316.4029,899.8424,2,0,0,99.84242,800,0,68.52008,287.116,0.143558,0.1916095,0.3172331,0,250,0.3172331,1648.626,69.27397,49.14714,0,0.03635899,0,486.3362,359.1617,127.1745,0,675.5646,3660.378,0,0,-8.509859e-14,4.263256e-14
naive,2026-01-26 23:30:00,2110,23.5,33.10018,3194.45,49.14746,0.1860579,72.61573,1,1,2236.115,2235.798,572.159,311.4299,883.5889,2,0,0,83.58895,800,0,60.14064,272.0357,0.1360178,0.1807928,0.3172331,0,250,0.3172331,1663.639,58.11092,49.32667,0,0,14.50482,485.1647,360.9559,124.2089,675.5329,0,1295.573,0,5.684342e-14,1.050271e-13,4.263256e-14
naive,2026-01-26 23:45:00,2111,23.75,33.06789,3163.333,71.39175,1.113117,49.94806,1,1,2214.333,2214.016,572.1113,311.4089,883.5203,2,0,0,83.52027,800,0,46.22305,260.4371,0.1302186,0.1712969,0.3172331,0,250,0.3172331,1641.904,58.08475,49.36062,25.28577,0.9960476,0,480.0688,355.9659,124.1029,667.3749,0,1324.555,0,-5.684342e-14,3.497203e-14,4.263256e-14
naive,2026-01-27 00:00:00,2112,0,32.83554,3197.575,64.07485,4.057086,43.27058,1,1,2238.302,2237.985,567.4543,309.3559,876.8102,2,0,0,76.81023,800,0,38.77161,250.7032,0.1253516,0.1639934,0.3172331,0,250,0.3172331,1670.531,53.56098,49.605,25.56261,3.797717,0,482.5913,360.1764,122.4149,669.5323,0,1333.906,0,0,-2.914335e-15,4.263256e-14
naive,2026-01-27 00:15:00,2113,0.25,32.39837,3179.176,66.11893,5.624591,29.78164,1,1,2225.423,2225.106,576.562,313.371,889.933,2,0,0,89.93299,800,0,44.77883,239.469,0.1197345,0.1578641,0.3172331,0,250,0.3172331,1648.544,63.02621,50.06479,24.40137,2.563323,0,474.8907,351.7885,123.1023,665.1595,0,1320.51,0,-5.684342e-14,1.473821e-14,4.263256e-14
naive,2026-01-27 00:30:00,2114,0.5,32.02479,3216.679,69.96199,10.21297,4.312129,1,1,2251.676,2251.358,567.6245,309.4309,877.0555,2,0,0,77.05546,800,0,51.06791,226.6644,0.1133322,0.1507901,0.3172331,0,250,0.3172331,1683.734,54.23176,50.4577,23.69371,5.413331,0,476.316,356.1744,120.1415,665.6054,0,1324.655,0,5.684342e-14,-4.338196e-14,4.263256e-14
naive,2026-01-27 00:45:00,2115,0.75,31.7454,3273.636,73.82988,4.506379,16.31669,1,1,2291.545,2291.228,552.9097,302.9439,855.8536,2,0,0,55.85357,800,0,57.90065,212.1535,0.1060768,0.1427272,0.3172331,0,250,0.3172331,1738.318,39.43468,50.75155,23.94229,0,0,481.6188,365.346,116.2728,668.2899,0,1320.785,0,0,4.246603e-15,4.263256e-14
naive,2026-01-27 01:00:00,2116,1,31.68851,3291.56,64.75913,4.399896,0.7852378,1,1,2304.092,2303.775,558.7639,305.5234,864.2873,2,0.01083102,6.028628,58.24789,800,0,48.48044,200,0.1,0.13359,0.3172331,0,250,0.3172331,1745.011,41.15166,50.81138,16.26786,0,0,483.6198,366.2709,117.3489,671.7943,0,1314.488,0,1.136868e-13,-1.165734e-15,4.263256e-14
naive,2026-01-27 01:15:00,2117,1.25,31.42177,3285.181,75.1235,2.928792,3.670048,1,1,2299.626,2299.309,981.4931,426.7914,1408.284,3,47.18966,10.69899,50.39582,800,500,0,324.9685,0.1624843,0.1259371,0.3172331,0,250,0.3172331,1317.816,35.71178,51.09192,27.93383,0,0,479.728,274.9113,204.8167,701.7026,0,1394.113,0,0,1.24345e-13,4.263256e-14
naive,2026-01-27 01:30:00,2118,1.5,31.18699,3252.138,75.30413,2.322564,14.324,1,1,2276.497,2276.179,548.8716,301.1637,850.0352,2,0,0,50.03524,800,0,61.75658,309.4782,0.1547391,0.2046279,0.3172331,0,250,0.3172331,1727.308,35.55024,51.33885,20.89369,0,0,472.358,358.405,113.953,659.5686,0,1297.423,0,-5.684342e-14,-2.220446e-14,4.263256e-14
naive,2026-01-27 01:45:00,2119,1.75,30.83996,3245.93,64.13496,0,9.281579,1,1,2272.151,2271.834,549.1192,301.2728,850.392,2,0,0,50.392,800,0,61.39603,294.0805,0.1470402,0.1948739,0.3172331,0,250,0.3172331,1722.715,35.94362,51.70384,10.52487,0,0,467.7514,354.6429,113.1085,655.9157,0,1271.82,0,5.684342e-14,-4.124479e-14,4.263256e-14
naive,2026-01-27 02:00:00,2120,2,30.68717,3242.118,49.22742,0.08670819,13.78761,1,1,2269.483,2269.165,546.9287,300.3072,847.2358,2,0,0,47.23584,800,0,66.76792,277.3422,0.1386711,0.1851782,0.3172331,0,250,0.3172331,1722.237,33.75014,51.86454,0,0,0,465.5911,353.3219,112.2691,653.6291,0,1248.911,0,5.684342e-14,-5.89806e-14,4.263256e-14
naive,2026-01-27 02:15:00,2121,2.25,30.51186,3216.876,45.178,1.971078,25.72237,1,1,2251.813,2251.496,552.7949,302.8933,855.6883,2,0,0,55.68825,800,0,62.48284,261.6778,0.1308389,0.1746383,0.3172331,0,250,0.3172331,1698.701,39.86751,52.04892,0,0,0,460.1457,347.1203,113.0255,650.0136,0,1241.472,0,5.684342e-14,-9.789392e-14,4.263256e-14
naive,2026-01-27 02:30:00,2122,2.5,30.43781,3156.037,54.44515,2.623853,7.778829,1,1,2209.226,2208.909,546.8004,300.2506,847.051,2,0,0,47.05104,800,0,60.43302,246.5284,0.1232642,0.1647747,0.3172331,0,250,0.3172331,1662.108,33.71195,52.1268,1.923061,0,0,450.693,339.0783,111.6147,639.3289,0,1223.333,0,0,2.517431e-14,4.263256e-14
naive,2026-01-27 02:45:00,2123,2.75,30.14842,3165.196,63.93782,8.03368,22.4864,1,1,2215.637,2215.32,541.9372,298.1067,840.0439,2,0,0,40.04395,800,0,47.01855,234.7349,0.1173675,0.1552353,0.3172331,0,250,0.3172331,1673.382,28.78409,52.43116,21.14682,3.806125,0,449.0846,339.1757,109.9089,637.2824,0,1258.624,0,0,2.495226e-14,4.263256e-14
naive,2026-01-27 03:00:00,2124,3,30.07332,3195.662,66.34413,7.248825,15.60808,1,1,2236.964,2236.646,542.0169,298.1418,840.1587,2,0,0,40.15867,800,0,48.86687,222.4813,0.1112406,0.1478092,0.3172331,0,250,0.3172331,1694.63,28.89068,52.51015,18.33269,6.393394,0,452.6494,342.9081,109.7413,641.0499,0,1265.678,0,5.684342e-14,1.623701e-14,4.263256e-14
naive,2026-01-27 03:15:00,2125,3.25,29.7492,3210.983,73.97587,8.667126,19.95018,1,1,2247.688,2247.371,554.0275,303.4367,857.4642,2,0,0,57.46421,800,0,56.94586,208.2098,0.1041049,0.1400932,0.3172331,0,250,0.3172331,1693.343,41.48953,52.85104,17.95018,7.746953,0,451.5616,340.1935,111.3681,643.6302,0,1272.13,0,-5.684342e-14,-5.12923e-14,4.263256e-14
naive,2026-01-27 03:30:00,2126,3.5,29.53706,3212.612,77.40022,4.310429,12.47322,1,1,2248.829,2248.511,571.6878,307.9065,879.5942,2,27.8729,1.168564,50.55275,800,0,32.70805,200,0.1,0.1311067,0.3172331,0,250,0.3172331,1676.824,36.5852,53.07416,16.81927,3.141865,0,449.6826,335.3028,114.3799,643.2092,0,1261.143,0,-5.684342e-14,1.94289e-16,4.263256e-14
naive,2026-01-27 03:45:00,2127,3.75,29.35603,3201.655,80.60377,0,34.0373,1,1,2241.159,2240.842,975.5033,421.4895,1396.993,3,69.56064,1.969137,25.46306,800,500,0,324.9685,0.1624843,0.1259371,0.3172331,0,250,0.3172331,1265.338,18.46458,53.26456,11.04314,0,15.57272,446.3715,252.0174,194.3542,676.6085,0,1312.344,0,0,1.24345e-13,4.263256e-14
naive,2026-01-27 04:00:00,2128,4,29.23568,3218.255,94.43461,0,27.39001,1,1,2252.779,2252.461,538.6214,296.6449,835.2662,2,0,0,35.26625,800,0,75.65267,306.0042,0.1530021,0.2046279,0.3172331,0,250,0.3172331,1713.84,25.60734,53.39113,18.83209,0,1.782671,447.5059,340.4478,107.0581,637.4468,0,1247.314,0,5.684342e-14,-9.325873e-14,4.263256e-14
naive,2026-01-27 04:15:00,2129,4.25,29.20811,3260.32,100.3686,0,40.56303,1,1,2282.224,2281.906,538.9462,296.7881,835.7343,2,0,0,35.73428,800,0,85.55915,284.5662,0.1422831,0.1926864,0.3172331,0,250,0.3172331,1742.96,25.95506,53.42012,15.10326,0,14.60797,453.0822,346.024,107.0582,645.7122,0,1257.38,0,5.684342e-14,-6.453171e-14,4.263256e-14
naive,2026-01-27 04:30:00,2130,4.5,28.84378,3188.571,125.4443,0,18.26375,1,1,2232,2231.683,536.1862,295.5713,831.7575,2,0,0,31.75752,800,0,106.436,257.9124,0.1289562,0.1791872,0.3172331,0,250,0.3172331,1695.496,23.15917,53.80331,21.41556,0,0,439.6137,333.9442,105.6695,629.5156,0,1235.444,0,0,8.154588e-14,4.263256e-14
naive,2026-01-27 04:45:00,2131,4.75,28.7892,3249.975,156.3103,0,12.49423,1,1,2274.983,2274.666,548.751,301.1106,849.8616,2,0,0,49.86159,800,0,129.8242,225.4158,0.1127079,0.1624037,0.3172331,0,250,0.3172331,1725.915,36.38332,53.86071,26.80645,0,0,447.5504,339.5339,108.0165,640.6445,0,1266.937,0,-5.684342e-14,1.706968e-14,4.263256e-14
naive,2026-01-27 05:00:00,2132,5,28.71097,3249.974,183.2079,0,4.791006,1,1,2274.982,2274.664,595.7019,315.0595,910.7614,2,56.73659,1.255668,52.76912,800,0,101.5212,200,0.1,0.141941,0.3172331,0,250,0.3172331,1678.962,38.53793,53.94299,24.95014,0,0,446.7938,329.7389,117.0549,644.7984,0,1271.95,0,-1.136868e-13,-5.856426e-15,4.263256e-14
naive,2026-01-27 05:15:00,2133,5.25,28.52942,3257.107,235.8448,0,31.93157,1,1,2279.975,2279.658,1098.099,460.252,1558.351,4,198.0394,1.588759,58.72286,800,500,0,324.9685,0.1624843,0.1259371,0.3172331,0,250,0.3172331,1181.559,42.97131,54.13394,37.80542,0,0,446.0251,231.145,214.8801,691.397,0,1387.108,0,0,1.24345e-13,4.263256e-14
naive,2026-01-27 05:30:00,2134,5.5,28.49899,3266.036,291.742,0,37.19626,1,1,2286.225,2285.908,540.3643,297.4133,837.7775,2,0,0,37.77753,800,0,249.0354,262.6585,0.1313292,0.2046279,0.3172331,0,250,0.3172331,1745.543,27.65345,54.16594,47.90086,0,9.542801,446.9551,341.2523,105.7028,640.5311,0,1302.755,0,5.684342e-14,-1.216804e-13,4.263256e-14
naive,2026-01-27 05:45:00,2135,5.75,28.58333,3246.031,321.8611,0,30.67486,1,1,2272.221,2271.904,567.3052,304.9979,872.3032,2,36.08148,6.430655,29.79104,800,0,250.4686,200,0.1,0.1653922,0.3172331,0,250,0.3172331,1704.599,21.78718,54.07724,35.31097,0,8.887676,445.0245,333.8532,111.1714,640.5918,0,1281.258,0,-5.684342e-14,1.101896e-14,4.263256e-14
naive,2026-01-27 06:00:00,2136,6,28.56747,3295.036,347.4338,0,33.75452,1,1,2306.525,2306.208,1178.399,480.4395,1658.839,4,325.9233,3.227508,29.68807,800,500,0,324.9685,0.1624843,0.1259371,0.3172331,0,250,0.3172331,1127.808,21.71564,54.09392,21.51048,0,12.03888,451.5887,220.8108,230.778,703.6073,0,1383.465,0,-5.684342e-14,1.24345e-13,4.263256e-14
naive,2026-01-27 06:15:00,2137,6.25,28.56468,3258.444,377.0366,0.317732,28.7129,1,1,2280.911,2280.594,550.2192,301.7578,851.9769,2,0,0,51.97694,800,0,371.9108,231.9397,0.1159698,0.2046279,0.3172331,0,250,0.3172331,1730.375,38.02023,54.09685,10.31329,0,0,446.547,338.7654,107.7817,640.5231,0,1237.978,0,-5.684342e-14,-7.993606e-15,4.263256e-14
naive,2026-01-27 06:30:00,2138,6.5,28.73049,3293.473,402.6756,0,31.62242,1,1,2305.431,2305.114,761.0937,362.2373,1123.331,3,273.072,1.722733,48.53629,800,0,127.6126,200,0.1,0.146049,0.3172331,0,250,0.3172331,1544.02,35.43907,53.92246,1.991009,0,0,452.9648,303.3649,149.6,665.6021,0,1273.976,0,-1.136868e-13,5.662137e-15,4.263256e-14
naive,2026-01-27 06:45:00,2139,6.75,28.72656,3259.804,409.2877,2.06723,32.91304,1,1,2281.863,2281.546,1269.67,509.3552,1779.025,4,421.0873,0.3458698,57.59156,800,500,0,324.9685,0.1624843,0.1259371,0.3172331,0,250,0.3172331,1011.876,42.05264,53.92659,0,1.72136,0,448.2962,198.7938,249.5024,708.149,0,1358.6,0,1.705303e-13,1.24345e-13,4.263256e-14
naive,2026-01-27 07:00:00,2140,7,28.97338,3312.646,432.2336,6.252245,37.71793,1,1,2318.852,2318.535,554.0775,303.4587,857.5362,2,0,0,57.53616,800,0,432.6537,216.7539,0.108377,0.2046279,0.3172331,0,250,0.3172331,1764.457,41.89858,53.667,0,5.996279,0,458.0061,348.5053,109.5008,651.964,0,1253.896,0,-5.684342e-14,4.884981e-14,4.263256e-14
naive,2026-01-27 07:15:00,2141,7.25,29.14779,3312.157,427.7648,4.002901,13.20029,1,1,2318.51,2318.193,842.2984,387.172,1229.47,3,364.3999,0.2148915,64.85567,800,0,66.87929,200,0.1,0.1364868,0.3172331,0,250,0.3172331,1475.894,47.13825,53.48357,0,3.78801,0,459.6804,292.6188,167.0616,679.7908,0,1305.947,0,-5.684342e-14,-3.275158e-15,4.263256e-14
naive,2026-01-27 07:30:00,2142,7.5,29.34288,3354.741,403.802,0,34.31902,1,1,2348.319,2348.001,1274.201,512.6363,1786.837,4,410.297,1.970097,74.5698,800,500,0,324.9685,0.1624843,0.1259371,0.3172331,0,250,0.3172331,1073.801,54.08226,53.27838,0,0,0,467.5799,213.8073,253.7726,726.4436,0,1392.949,0,-2.273737e-13,1.24345e-13,4.263256e-14
naive,2026-01-27 07:45:00,2143,7.75,29.57323,3394.75,376.4678,7.014601,48.28229,1,1,2376.325,2376.008,569.9717,310.4656,880.4373,2,0,0,80.4373,800,0,376.6595,230.7525,0.1153762,0.2046279,0.3172331,0,250,0.3172331,1806.036,58.18948,53.03612,2.58649,4.23639,0,475.5555,361.428,114.1275,671.8937,0,1295.891,0,0,4.884981e-14,4.263256e-14
naive,2026-01-27 08:00:00,2144,8,29.90154,3446.39,317.1104,263.6101,40.81076,1,1,2412.473,2412.156,849.4769,408.8698,1258.347,3,208.6051,178.9346,70.80707,800,0,122.8646,200,0.1,0.1453015,0.3172331,0,250,0.3172331,1562.679,51.03687,52.69082,0,84.67555,0,486.3043,315.0035,171.3008,723.8733,0,1534.535,0,1.136868e-13,2.331468e-15,4.263256e-14
naive,2026-01-27 08:15:00,2145,8.25,29.9878,3456.715,269.1057,265.1358,41.85127,1,1,2419.7,2419.383,1296.521,537.8738,1834.395,4,280.8615,178.4967,75.03668,800,500,0,324.9685,0.1624843,0.1259371,0.3172331,0,250,0.3172331,1122.862,54.03373,52.60009,0,86.63914,0,488.6959,226.7793,261.9165,764.6531,0,1619.584,0,0,1.24345e-13,4.263256e-14
naive,2026-01-27 08:30:00,2146,8.5,30.3287,3483.123,243.0588,269.9106,62.57031,1,1,2438.186,2437.869,563.5186,307.6208,871.1394,2,0,0,71.13938,800,0,413.9851,221.4211,0.1107105,0.2046279,0.3172331,0,250,0.3172331,1874.351,51.03328,52.24155,10.25098,88.73329,11.53702,496.1873,381.4429,114.7444,691.4116,0,1494.799,0,0,-7.993606e-15,4.263256e-14
naive,2026-01-27 08:45:00,2147,8.75,30.41761,3516.396,204.7087,267.4749,61.25786,1,1,2461.477,2461.16,786.1237,392.6949,1178.819,3,109.7958,185.7121,83.31071,800,0,85.54487,200,0.1,0.1394256,0.3172331,0,250,0.3172331,1675.036,59.70538,52.14804,9.368039,81.76279,1.552489,501.9261,341.5609,160.3652,734.5724,0,1567.679,0,0,-3.330669e-15,4.263256e-14
naive,2026-01-27 09:00:00,2148,9,30.68132,3509.145,171.8706,274.4896,71.26224,1,1,2456.401,2456.084,1233.826,524.8021,1758.628,4,158.4026,184.8659,115.3592,800,500,0,324.9685,0.1624843,0.1259371,0.3172331,0,250,0.3172331,1222.259,82.42986,51.87069,13.46799,89.6237,0,503.8715,250.7169,253.1546,775.519,0,1670.517,0,0,1.24345e-13,4.263256e-14
naive,2026-01-27 09:15:00,2149,9.25,30.98508,3516.736,141.2107,274.7808,79.34805,1,1,2461.716,2461.398,587.9766,318.4031,906.3797,2,0,0,106.3797,800,0,313.9571,246.4281,0.123214,0.2046279,0.3172331,0,250,0.3172331,1873.422,75.75506,51.5512,15.78964,86.24474,3.592994,508.4465,386.9394,121.5071,706.0846,0,1530.183,0,-5.684342e-14,4.884981e-14,4.263256e-14
naive,2026-01-27 09:30:00,2150,9.5,31.23837,3590.512,108.7195,272.7279,92.10656,1,1,2513.358,2513.041,662.9077,351.4364,1014.344,3,0,105.3811,108.963,800,0,185.5572,200,0.1,0.1551722,0.3172331,0,250,0.3172331,1850.133,77.37387,51.28481,9.699232,80.80986,14.73269,522.1175,384.3411,137.7764,738.8381,0,1576.109,0,0,-3.191891e-15,4.263256e-14
naive,2026-01-27 09:45:00,2151,9.75,31.33743,3540.718,76.57265,274.7941,115.457,1,1,2478.502,2478.185,1192.041,515.976,1708.017,4,77.74763,193.2895,136.9799,800,500,0,324.9685,0.1624843,0.1259371,0.3172331,0,250,0.3172331,1286.144,97.15991,51.18062,0,81.50462,18.29713,516.0448,267.7859,248.2589,787.5716,0,1658.16,0,2.273737e-13,1.24345e-13,4.263256e-14
naive,2026-01-27 10:00:00,2152,10,31.43271,3598.721,71.71672,283.0311,121.6814,1,1,2519.105,2518.788,624.9437,334.7,959.6437,2,0,0,159.6437,800,0,265.7811,258.4721,0.129236,0.2046279,0.3172331,0,250,0.3172331,1893.844,113.1137,51.08042,2.674259,86.29247,8.567703,525.6455,395.1763,130.4692,731.6641,0,1559.33,0,-5.684342e-14,4.884981e-14,4.263256e-14
naive,2026-01-27 10:15:00,2153,10.25,31.55106,3610.534,50.66828,285.348,150.4329,1,1,2527.374,2527.057,662.8251,351.4,1014.225,3,0,29.49753,184.7276,800,0,233.7256,200,0.1,0.1627561,0.3172331,0,250,0.3172331,1864.232,130.7117,50.95594,0,86.62211,19.72121,528.8075,390.0569,138.7506,745.5832,0,1583.264,0,-5.684342e-14,-1.357248e-14,4.263256e-14
naive,2026-01-27 10:30:00,2154,10.5,31.81345,3610.653,51.04058,288.3759,167.4067,1,1,2527.457,2527.14,1242.74,539.9769,1782.717,4,63.87456,202.3361,216.5059,800,500,0,324.9685,0.1624843,0.1259371,0.3172331,0,250,0.3172331,1284.4,152.7432,50.67997,0,86.03974,14.66346,532.0379,270.3704,261.6675,813.434,0,1718.272,0,1.136868e-13,1.24345e-13,4.263256e-14
naive,2026-01-27 10:45:00,2155,10.75,32.10851,3585.795,56.9783,289.5267,181.9998,1,1,2510.056,2509.739,672.5335,355.6799,1028.213,3,0,0,228.2134,800,0,266.9425,258.1817,0.1290909,0.2046279,0.3172331,0,250,0.3172331,1837.206,160.4641,50.36964,0,85.67769,21.53568,532.0099,389.3982,142.6116,749.6427,0,1590.414,0,5.684342e-14,-7.993606e-15,4.263256e-14
naive,2026-01-27 11:00:00,2156,11,32.4561,3611.145,46.6067,293.0035,188.187,0,0,2527.802,2527.484,713.5897,373.7795,1087.369,3,0,30.89898,256.4702,800,0,232.5643,200,0.1,0.1625733,0.3172331,0,250,0.3172331,1813.895,179.6192,50.00407,0,88.43013,8.567766,540.1483,387.5985,152.5498,0,763.2088,4293.936,0,0,3.580469e-15,4.263256e-14
naive,2026-01-27 11:15:00,2157,11.25,32.53591,3655.522,35.81253,292.2817,196.8695,0,0,2558.865,2558.548,1295.742,563.6429,1859.385,4,61.35359,202.3749,295.6568,800,500,0,324.9685,0.1624843,0.1259371,0.3172331,0,250,0.3172331,1262.806,206.8748,49.92013,0,89.90682,0,547.8137,270.3472,277.4664,0,833.9902,4685.875,0,-2.273737e-13,1.24345e-13,4.263256e-14
naive,2026-01-27 11:30:00,2158,11.5,32.85712,3668.435,41.84655,293.3716,236.2041,0,0,2567.905,2567.588,748.0555,388.9737,1137.029,3,0,0,337.0292,800,0,263.3508,259.0796,0.1295398,0.2046279,0.3172331,0,250,0.3172331,1819.532,234.9576,49.5823,0,89.66201,1.246476,553.939,392.5028,161.4362,0,781.7454,4398.487,0,-1.136868e-13,-6.483702e-14,4.263256e-14
naive,2026-01-27 11:45:00,2159,11.75,33.26853,3725.737,43.86292,293.6935,271.4658,0,0,2608.016,2607.699,786.7656,406.0391,1192.805,3,0,22.81132,369.9934,800,0,236.1555,200,0.1,0.1631387,0.3172331,0,250,0.3172331,1820.933,256.7206,49.1496,0,85.86419,14.74528,568.1381,396.6776,171.4605,0,805.9289,4525.431,0,5.684342e-14,2.498002e-16,4.263256e-14
naive,2026-01-27 12:00:00,2160,12,33.56623,3711.021,47.48845,293.1835,284.579,0,0,2597.715,2597.398,1381.043,603.0259,1984.069,4,46.40659,209.8525,427.8102,800,500,0,324.9685,0.1624843,0.1259371,0.3172331,0,250,0.3172331,1216.354,295.818,48.8365,1.081855,83.33098,0,569.9599,266.8781,303.0818,0,869.904,4875.143,0,2.273737e-13,1.24345e-13,4.263256e-14
naive,2026-01-27 12:15:00,2161,12.25,33.83885,3710.051,47.63344,293.771,308.1426,0,0,2597.035,2596.718,840.431,429.6974,1270.128,3,0,0,470.1285,800,0,267.842,257.9569,0.1289784,0.2046279,0.3172331,0,250,0.3172331,1756.287,324.0545,48.54977,0,84.24034,0,573.5848,387.896,185.6888,0,817.5934,4587.46,0,1.136868e-13,4.884981e-14,4.263256e-14
naive,2026-01-27 12:30:00,2162,12.5,34.21464,3720.303,44.90342,299.0468,331.6556,0,0,2604.212,2603.895,879.5549,446.9451,1326.5,3,0,26.65342,499.8466,800,0,231.665,200,0.1,0.1624316,0.3172331,0,250,0.3172331,1724.34,343.0361,48.15454,0,93.71119,0,580.4694,384.3491,196.1203,0,831.2943,4679.596,0,-5.684342e-14,1.015854e-14,4.263256e-14
naive,2026-01-27 12:45:00,2163,12.75,34.68318,3714.786,48.19361,300.8265,372.2905,0,0,2600.351,2600.033,1397.831,602.169,2000,4,57.25218,205.5328,531.3792,705.8359,500,0,324.9685,0.1624843,0.1259371,0.3172331,0,250,0.3172331,1202.202,362.6846,42.05171,0,95.2937,9.605895,586.3446,271.0807,315.2639,0,875.4158,4931.86,0,0,1.24345e-13,4.263256e-14
naive,2026-01-27 13:00:00,2164,13,35.13087,3727.615,50.75446,298.8487,404.2131,0,0,2609.331,2609.014,897.4446,454.8318,1352.276,3,0,0,552.2764,800,0,265.1502,258.6298,0.1293149,0.2046279,0.3172331,0,250,0.3172331,1711.569,374.9698,47.1909,0,93.86525,29.24335,594.9763,390.2698,204.7065,0,851.7696,4793.561,0,-1.705303e-13,1.056932e-13,4.263256e-14
naive,2026-01-27 13:15:00,2165,13.25,35.57557,3716.208,72.96386,294.3658,427.0329,0,0,2601.346,2601.029,952.1043,478.9285,1431.033,3,0,35.67353,595.3593,800,0,234.3564,200,0.1,0.1628554,0.3172331,0,250,0.3172331,1648.924,402.1029,46.72318,10.3194,86.98038,24.93,599.8463,380.2267,219.6196,0,864.9038,4872.25,0,0,-1.021405e-14,4.263256e-14
naive,2026-01-27 13:30:00,2166,13.5,35.64912,3695.465,79.00506,294.7374,442.9178,0,0,2586.826,2586.508,1405.166,594.8339,2000,4,67.27323,204.7954,648.8199,579.1115,500,0,324.9685,0.1624843,0.1259371,0.3172331,0,250,0.3172331,1181.342,437.8283,33.76642,11.73183,89.94198,5.089581,597.6129,272.9157,324.6972,0,868.9255,4916.49,0,-1.136868e-13,1.24345e-13,4.263256e-14
naive,2026-01-27 13:45:00,2167,13.75,36.06664,3694.394,73.33477,292.3772,469.1684,0,0,2586.076,2585.759,979.4484,490.9831,1470.432,3,0,0,670.4315,800,0,274.8078,256.2154,0.1281077,0.2046279,0.3172331,0,250,0.3172331,1606.31,450.1726,46.2067,2.890516,88.01371,18.99578,603.8467,375.0722,228.7745,0,870.4908,4892.526,0,5.684342e-14,-7.993606e-15,4.263256e-14
naive,2026-01-27 14:00:00,2168,14,36.24617,3719.466,59.46411,292.1939,493.1546,1,1,2603.626,2603.309,1020.131,508.9182,1529.05,4,0,46.40522,682.6444,800,0,224.7003,200,0.1,0.1613351,0.3172331,0,250,0.3172331,1583.178,457.3927,46.01789,0,89.6377,35.76192,610.761,371.3833,239.3778,888.6905,0,1880.236,0,0,6.078471e-15,4.263256e-14
naive,2026-01-27 14:15:00,2169,14.25,36.56492,3746.008,56.85553,295.7111,524.8699,1,1,2622.206,2621.889,1406.56,593.4403,2000,4,61.45091,202.9294,693.0063,542.6134,500,0,324.9685,0.1624843,0.1259371,0.3172331,0,250,0.3172331,1215.329,462.5683,30.98501,0,92.78176,62.30168,620.2208,287.4574,332.7635,895.6337,0,1916.458,0,0,1.24345e-13,4.263256e-14
naive,2026-01-27 14:30:00,2170,14.5,36.68492,3720.476,55.76945,289.7921,543.5083,1,1,2604.333,2604.016,1019.416,508.6026,1528.018,4,0,0,728.0182,800,0,260.5503,259.7798,0.1298899,0.2046279,0.3172331,0,250,0.3172331,1584.6,485.2391,45.55643,0,89.4043,58.26915,617.9227,375.9736,241.9491,898.4015,0,1899.775,0,1.136868e-13,-7.993606e-15,4.263256e-14
naive,2026-01-27 14:45:00,2171,14.75,36.91908,3751.456,64.25875,291.5155,547.3694,1,1,2626.019,2625.702,1036.617,516.186,1552.803,4,0,14.75963,738.0438,800,0,238.9555,200,0.1,0.1635795,0.3172331,0,250,0.3172331,1589.084,490.5389,45.31015,9.863608,92.19551,56.83055,626.8993,379.3559,247.5434,909.1088,0,1943.296,0,0,-7.71605e-15,4.263256e-14
naive,2026-01-27 15:00:00,2172,15,37.01813,3745.965,57.13831,285.2852,550.8133,1,1,2622.176,2621.858,1408.932,591.0684,2000,4,56.83966,198.5043,755.6447,489.0113,500,0,324.9685,0.1624843,0.1259371,0.3172331,0,250,0.3172331,1212.927,501.6385,27.63279,0.2986501,86.78087,49.1748,627.6142,290.3124,337.3018,893.1507,0,1905.427,0,0,1.24345e-13,4.263256e-14
naive,2026-01-27 15:15:00,2173,15.25,37.14167,3733.694,62.28835,290.1191,553.6593,1,1,2613.586,2613.269,1037.733,516.6777,1554.41,4,0,0,754.4104,800,0,261.1648,259.6262,0.1298131,0.2046279,0.3172331,0,250,0.3172331,1575.536,500.0734,45.07604,1.88746,89.35518,53.5858,627.5996,378.333,249.2666,907.8782,0,1922.439,0,-2.273737e-13,-7.993606e-15,4.263256e-14
naive,2026-01-27 15:30:00,2174,15.5,37.5366,3699.567,37.45088,286.2265,573.0047,1,1,2589.697,2589.38,1071.572,531.5959,1603.168,4,0,31.39304,771.7753,800,0,238.3412,200,0.1,0.1634828,0.3172331,0,250,0.3172331,1517.807,509.1457,44.66068,0,87.53347,63.859,628.4187,368.3128,260.1059,915.4048,0,1931.561,0,-1.136868e-13,-1.748601e-15,4.263256e-14
naive,2026-01-27 15:45:00,2175,15.75,37.51084,3694.117,45.86435,287.1879,557.5612,1,1,2585.882,2585.565,1411.989,588.0106,2000,4,72.52155,198.4252,774.3734,454.6799,500,0,324.9685,0.1624843,0.1259371,0.3172331,0,250,0.3172331,1173.576,511.0192,25.39829,0,88.76271,46.54193,627.0619,284.5855,342.4764,883.8823,0,1892.307,0,0,1.24345e-13,4.263256e-14
naive,2026-01-27 16:00:00,2176,16,37.75236,3672.819,65.14531,289.0236,553.9073,1,1,2570.973,2570.656,1054.268,523.9673,1578.236,4,0,0,778.2356,800,0,269.8348,257.4587,0.1287293,0.2046279,0.3172331,0,250,0.3172331,1516.388,512.0644,44.43376,0,93.11218,41.84298,627.4889,370.0997,257.3892,904.2795,0,1919.19,0,0,1.056932e-13,4.263256e-14
naive,2026-01-27 16:15:00,2177,16.25,37.85845,3640.145,80.01919,282.8235,542.7069,1,1,2548.102,2547.784,1091.189,540.2437,1631.432,4,0,52.79418,778.6381,800,0,229.6725,200,0.1,0.1621179,0.3172331,0,250,0.3172331,1456.596,511.6684,44.32217,0,88.04393,31.03856,623.6832,356.522,267.1612,904.3628,0,1910.739,0,-2.273737e-13,-6.661338e-16,4.263256e-14
naive,2026-01-27 16:30:00,2178,16.5,37.79739,3652.376,109.5658,280.6339,532.1058,1,1,2556.663,2556.346,1414.571,585.4288,2000,4,95.07233,193.8175,770.451,440.6592,500,0,324.9685,0.1624843,0.1259371,0.3172331,0,250,0.3172331,1141.775,506.6647,24.44909,14.49347,86.8164,25.44114,624.7516,279.0064,345.7451,870.6521,0,1888.558,0,-2.273737e-13,1.24345e-13,4.263256e-14
naive,2026-01-27 16:45:00,2179,16.75,38.03345,3655.987,120.626,278.2236,538.8043,1,1,2559.191,2558.874,1040.79,518.0253,1558.815,4,0,0,758.8148,800,0,310.1371,247.3831,0.1236915,0.2046279,0.3172331,0,250,0.3172331,1518.084,497.5795,44.13812,1.103672,87.60876,41.22486,629.3628,373.3312,256.0317,901.4946,0,1906.363,0,-1.136868e-13,-7.993606e-15,4.263256e-14
naive,2026-01-27 17:00:00,2180,17,38.08552,3638.128,148.8297,274.5291,542.0619,1,1,2546.69,2546.373,1125.564,555.3981,1680.962,4,0,141.9838,738.9784,800,0,189.3765,200,0.1,0.1557735,0.3172331,0,250,0.3172331,1420.809,484.2642,44.08335,7.627488,84.37099,57.79772,627.1719,349.9018,277.2702,919.5336,0,1948.171,0,-2.273737e-13,-1.332268e-14,4.263256e-14
naive,2026-01-27 17:15:00,2181,17.25,38.04482,3647.25,181.466,267.3196,513.4638,1,1,2553.075,2552.758,1419.685,580.3148,2000,4,171.0332,188.4362,677.3319,463.1988,500,0,324.9685,0.1624843,0.1259371,0.3172331,0,250,0.3172331,1133.073,444.0869,25.54898,10.43284,78.88339,69.37692,628.0519,278.7338,349.3181,876.1152,0,1877.558,0,0,1.24345e-13,4.263256e-14
naive,2026-01-27 17:30:00,2182,17.5,38.10295,3645.787,226.836,271.6437,481.5396,1,1,2552.051,2551.733,974.2016,488.67,1462.872,3,0,0,662.8716,800,0,386.0299,228.4099,0.1142049,0.2046279,0.3172331,0,250,0.3172331,1577.532,434.2978,44.06502,23.01025,89.43953,47.24178,628.7891,388.6815,240.1076,888.9912,0,1922.385,0,0,-7.993606e-15,4.263256e-14
naive,2026-01-27 17:45:00,2183,17.75,37.99709,3633.956,262.1985,273.3263,449.1052,1,1,2543.769,2543.452,1160.529,556.7368,1717.266,4,118.3218,183.363,615.581,800,0,113.4957,200,0.1,0.1438264,0.3172331,0,250,0.3172331,1382.923,403.8355,44.17636,30.381,89.9633,45.26969,624.9556,339.7578,285.1977,907.6166,0,1973.129,0,0,-3.830269e-15,4.263256e-14
naive,2026-01-27 18:00:00,2184,18,38.19358,3608.763,292.7907,5.257918,426.074,1,1,2526.134,2525.817,1416.478,583.522,2000,4,265.47,1.20582,555.8444,677.4798,500,0,324.9685,0.1624843,0.1259371,0.3172331,0,250,0.3172331,1109.339,363.7731,37.23573,27.32063,4.052099,62.30087,623.9361,273.9984,349.9378,872.9083,0,1758.044,0,1.136868e-13,1.24345e-13,4.263256e-14
naive,2026-01-27 18:15:00,2185,18.25,37.96398,3559.467,317.6403,3.075137,397.198,1,1,2491.627,2491.31,861.8232,439.1281,1300.951,3,0,0,500.9513,800,0,304.6371,248.7581,0.124379,0.2046279,0.3172331,0,250,0.3172331,1629.486,328.7684,44.21119,14.47851,1.599864,68.42959,611.5979,399.9758,211.6221,855.9007,0,1689.799,0,1.136868e-13,4.884981e-14,4.263256e-14
naive,2026-01-27 18:30:00,2186,18.5,37.84581,3537.057,339.43,0,382.7031,1,0,2475.94,2475.622,949.9974,460.9943,1410.992,3,142.9511,0.8332871,467.2073,800,0,194.8757,200,0.1,0.1566393,0.3172331,0,250,0.3172331,1525.625,307.0643,44.33547,1.603232,0,75.6388,605.8144,373.2908,232.5235,852.7925,0,1658.473,0,0,-8.90954e-15,4.263256e-14
naive,2026-01-27 18:45:00,2187,18.75,37.52012,3534.399,369.4959,0,327.77,1,0,2474.079,2473.762,1424.933,575.0672,2000,4,371.0918,1.321797,444.9366,682.6498,500,0,324.9685,0.1624843,0.1259371,0.3172331,0,250,0.3172331,1048.829,293.5866,38.12429,0,0,34.18341,600.0987,254.3981,345.7006,837.7567,0,1632.623,0,0,1.24345e-13,4.263256e-14
naive,2026-01-27 19:00:00,2188,19,37.4716,3511.948,394.1663,0,299.9361,1,0,2458.363,2458.046,795.8491,410.0435,1205.893,3,0,0,405.8926,800,0,386.4401,228.3073,0.1141537,0.2046279,0.3172331,0,250,0.3172331,1662.197,267.9813,44.72904,8.114362,0,31.95477,595.5159,402.652,192.864,820.4362,0,1604.55,0,-5.684342e-14,4.884981e-14,4.263256e-14
naive,2026-01-27 19:15:00,2189,19.25,37.48031,3490.432,401.6731,0,266.5879,0,0,2443.302,2442.985,988.2032,461.9022,1450.105,3,276.9063,2.697175,370.5019,800,0,113.0855,200,0.1,0.1437618,0.3172331,0,250,0.3172331,1454.782,244.5896,44.71988,11.68126,0,21.9983,592.0049,352.4893,239.5156,0,819.7216,4478.309,0,0,1.748601e-15,4.263256e-14
naive,2026-01-27 19:30:00,2190,19.5,37.48586,3475.039,407.9107,3.196753,264.0499,0,0,2432.528,2432.21,1423.695,576.305,2000,4,392.6371,1.95584,364.016,741.391,500,0,324.9685,0.1624843,0.1259371,0.3172331,0,250,0.3172331,1008.515,240.2918,41.43824,15.27353,1.240912,23.75817,589.4814,244.3964,345.085,0,826.4587,4527.392,0,0,1.24345e-13,4.263256e-14
naive,2026-01-27 19:45:00,2191,19.75,37.55466,3477.167,400.5207,3.875138,239.0203,0,0,2434.017,2433.7,739.849,385.3559,1125.205,3,0,0,325.2049,800,0,396.0391,225.9076,0.1129538,0.2046279,0.3172331,0,250,0.3172331,1693.851,214.493,44.64168,7.209242,1.147434,24.5273,590.9261,411.2299,179.6962,0,802.5405,4378.166,0,0,-6.483702e-14,4.263256e-14
naive,2026-01-27 20:00:00,2192,20,37.40649,3430.223,378.7319,0,203.0748,0,0,2401.156,2400.839,938.8554,440.4984,1379.354,3,273.9543,1.30043,304.099,800,0,103.4881,200,0.1,0.1422507,0.3172331,0,250,0.3172331,1461.984,200.9328,44.79752,1.289506,0,2.141996,580.6506,353.5387,227.1119,0,794.5551,4321.88,0,-1.136868e-13,-6.300516e-15,4.263256e-14
naive,2026-01-27 20:15:00,2193,20.25,37.18747,3432.32,360.7042,3.790964,170.7999,0,0,2402.624,2402.307,1380.558,566.1231,1946.681,4,354.8227,4.09457,287.764,800,500,0,324.9685,0.1624843,0.1259371,0.3172331,0,250,0.3172331,1021.749,190.6437,45.02787,5.881484,0,0,577.6403,245.6494,331.9908,0,811.7725,4424.238,0,0,1.24345e-13,4.263256e-14
naive,2026-01-27 20:30:00,2194,20.5,37.13391,3451.8,333.6495,0,157.2629,0,0,2416.26,2415.943,691.2929,363.95,1055.243,3,0,0,255.2429,800,0,326.1034,243.3915,0.1216958,0.2046279,0.3172331,0,250,0.3172331,1724.65,169.2078,45.08421,8.345261,0,0,580.0968,414.0547,166.0421,0,778.0047,4242.702,0,1.136868e-13,-6.483702e-14,4.263256e-14
naive,2026-01-27 20:45:00,2195,20.75,36.87064,3387.765,295.1878,0,160.4355,0,0,2371.435,2371.118,766.6532,382.6539,1149.307,3,122.0477,0.3696575,226.8897,800,0,173.4128,200,0.1,0.1532601,0.3172331,0,250,0.3172331,1604.465,150.8896,45.3611,0,0,9.545871,565.4043,382.5411,182.8633,0,767.4709,4170.059,0,-5.684342e-14,7.71605e-15,4.263256e-14
naive,2026-01-27 21:00:00,2196,21,36.71839,3341.774,261.6739,0,124.2133,0,0,2339.241,2338.924,1248.973,519.1689,1768.142,4,261.8911,2.505621,203.7449,800,500,0,324.9685,0.1624843,0.1259371,0.3172331,0,250,0.3172331,1089.951,135.7456,45.52123,0,0,0,555.5104,258.8358,296.6746,0,778.0046,4227.814,0,-1.136868e-13,1.24345e-13,4.263256e-14
naive,2026-01-27 21:15:00,2197,21.25,36.45121,3336.443,256.4401,0,137.2063,0,0,2335.51,2335.193,649.9735,345.7344,995.7078,2,0,0,195.7078,800,0,236.3281,265.8353,0.1329177,0.2046279,0.3172331,0,250,0.3172331,1685.22,130.8092,45.80223,22.79352,0,6.397077,550.7803,397.4231,153.3572,0,744.6661,4083.455,0,5.684342e-14,1.056932e-13,4.263256e-14
naive,2026-01-27 21:30:00,2198,21.5,36.14268,3364.322,222.8168,0,112.7514,0,0,2355.025,2354.708,636.6058,339.8412,976.447,2,0,0,176.447,800,0,205.2236,214.4876,0.1072438,0.1673926,0.3172331,0,250,0.3172331,1718.102,118.371,46.12672,17.97721,0,0,550.9727,401.9606,149.0121,0,741.8018,4059.028,0,0,1.14353e-14,4.263256e-14
naive,2026-01-27 21:45:00,2199,21.75,35.91372,3384.613,197.2716,0.3131843,103.5779,0,0,2369.229,2368.912,719.2881,361.6168,1080.905,3,123.3608,0.04486833,157.4991,800,0,57.81521,200,0.1,0.1350597,0.3172331,0,250,0.3172331,1649.624,105.9481,46.36753,16.09559,0.268316,0,551.0489,383.679,167.3699,0,745.2958,4075.191,0,1.136868e-13,-2.498002e-15,4.263256e-14
naive,2026-01-27 22:00:00,2200,22,35.82814,3382.814,163.3905,0,84.55091,0,0,2367.97,2367.652,1118.528,475.0766,1593.604,4,149.1268,0.193966,144.2835,800,500,0,324.9685,0.1624843,0.1259371,0.3172331,0,250,0.3172331,1249.125,97.15686,46.45754,14.26372,0,0,549.5526,289.8938,259.6588,0,764.9704,4179.677,0,-1.705303e-13,1.24345e-13,4.263256e-14
naive,2026-01-27 22:15:00,2201,22.25,35.70697,3377.797,148.0565,0,65.01734,0,0,2364.458,2364.141,610.8392,328.4821,939.3212,2,0,0,139.3212,800,0,124.9658,293.6759,0.146838,0.2046279,0.3172331,0,250,0.3172331,1753.302,93.95048,46.58499,23.3329,0,0,547.0454,405.6471,141.3983,0,734.1291,4025.551,0,1.136868e-13,1.199041e-13,4.263256e-14
naive,2026-01-27 22:30:00,2202,22.5,35.47981,3358.923,126.1958,0,55.24394,0,0,2351.246,2350.929,602.5029,324.807,927.3098,2,0,0,127.3098,800,0,108.5473,266.4929,0.1332464,0.1849234,0.3172331,0,250,0.3172331,1748.426,86.08202,46.82389,20.39578,0,0,540.8619,402.194,138.6679,0,727.001,3981.011,0,0,1.205425e-13,4.263256e-14
naive,2026-01-27 22:45:00,2203,22.75,34.89289,3345.002,116.1271,0,58.91012,0,0,2341.501,2341.184,610.8406,328.4827,939.3233,2,0,0,139.3233,800,0,99.73169,241.518,0.120759,0.1678066,0.3172331,0,250,0.3172331,1730.344,94.85922,47.44118,20.58744,0,0,530.7383,392.2097,138.5286,0,720.6924,3945.95,0,0,-2.778333e-14,4.263256e-14
naive,2026-01-27 23:00:00,2204,23,34.64676,3361.214,96.52685,2.157693,45.00671,0,0,2352.85,2352.532,589.0148,318.8608,907.8756,2,0,0,107.8756,800,0,79.31598,221.651,0.1108255,0.1520803,0.3172331,0,250,0.3172331,1763.518,73.66027,47.70006,18.51635,0.8522157,0,530.0576,397.2909,132.7666,0,716.1517,3918.583,0,-5.684342e-14,-5.331846e-14,4.263256e-14
naive,2026-01-27 23:15:00,2205,23.25,34.44633,3315.129,74.2303,1.680132,41.20031,0,0,2320.591,2320.273,576.9043,313.5219,890.4262,2,0,0,90.42625,800,0,65.28294,205.2953,0.1026477,0.1395704,0.3172331,0,250,0.3172331,1743.369,61.89038,47.91085,9.685299,0.9421878,0,520.2064,390.8107,129.3957,0,704.3327,3838.262,0,-5.684342e-14,4.560241e-14,4.263256e-14
naive,2026-01-27 23:30:00,2206,23.5,34.26518,3294.504,64.22115,0,52.47669,0,1,2306.153,2305.836,605.7865,322.3569,928.1434,2,32.76526,0.2561517,95.12194,800,0,21.05211,200,0.1,0.1292715,0.3172331,0,250,0.3172331,1700.049,65.2421,48.10137,10.40378,0,0,514.6709,379.405,135.266,0,701.7618,3823.523,0,0,3.053113e-16,4.263256e-14
naive,2026-01-27 23:45:00,2207,23.75,33.92076,3298.42,63.22802,0,59.21673,0,1,2308.894,2308.577,1002.924,434.7441,1437.669,3,59.75913,0.6594672,77.24995,800,500,0,324.9685,0.1624843,0.1259371,0.3172331,0,250,0.3172331,1305.653,53.19693,48.46362,3.468886,0,6.019792,510.9625,288.9433,222.0192,0,725.0196,3939.07,0,1.705303e-13,1.24345e-13,4.263256e-14
naive,2026-01-28 00:00:00,2208,0,33.80075,3327.873,56.96739,0,69.48384,1,1,2329.511,2329.194,561.9478,306.9283,868.8761,2,0,0,68.87615,800,0,54.79066,311.2197,0.1556098,0.2046279,0.3172331,0,250,0.3172331,1767.246,47.49658,48.58984,4.511873,0,21.98726,514.0233,389.9555,124.0678,701.7355,0,1356.59,0,-5.684342e-14,2.04281e-14,4.263256e-14
naive,2026-01-28 00:15:00,2209,0.25,33.59397,3289.012,52.42385,0,55.09315,1,1,2302.308,2301.991,558.6337,305.4673,864.101,2,0,0,64.10103,800,0,59.55942,296.2808,0.1481404,0.1959705,0.3172331,0,250,0.3172331,1743.358,44.30972,48.80732,0,0,10.78343,505.4838,382.7632,122.7206,690.5981,0,1326.288,0,-5.684342e-14,-8.062995e-14,4.263256e-14
naive,2026-01-28 00:30:00,2210,0.5,33.10291,3274.522,47.76507,0,38.68455,1,1,2292.165,2291.848,540.6082,297.5208,838.129,2,0,0,38.129,800,0,67.11034,279.4566,0.1397283,0.1865637,0.3172331,0,250,0.3172331,1751.24,26.50639,49.32379,0,0,12.17816,497.3583,379.9873,117.371,680.1505,0,1304.812,0,0,-4.177214e-14,4.263256e-14
naive,2026-01-28 00:45:00,2211,0.75,32.96087,3277.188,53.08588,0,46.68913,1,1,2294.031,2293.714,540.2813,297.3767,837.6579,2,0,0,37.65793,800,0,69.33658,262.0785,0.1310392,0.1759697,0.3172331,0,250,0.3172331,1753.433,26.22171,49.47318,0,0,20.46743,496.0814,379.1777,116.9038,680.9804,0,1306.303,0,5.684342e-14,-6.783463e-14,4.263256e-14
naive,2026-01-28 01:00:00,2212,1,32.93717,3288.183,57.70012,3.107822,46.55777,1,1,2301.728,2301.411,532.6523,294.0135,826.6658,2,0,0,26.66581,800,0,62.71346,246.3589,0.1231794,0.165027,0.3172331,0,250,0.3172331,1768.758,18.57281,49.49811,0.1250894,0,27.98496,497.4652,382.2762,115.1891,682.338,0,1309.206,0,0,-4.97935e-14,4.263256e-14
naive,2026-01-28 01:15:00,2213,1.25,32.74052,3324.801,54.66897,0,31.73042,1,1,2327.361,2327.043,531.7632,293.6215,825.3847,2,0,0,25.38467,800,0,69.06038,229.055,0.1145275,0.1551286,0.3172331,0,250,0.3172331,1795.28,17.72043,49.70493,0,0,14.00999,500.6645,386.2028,114.4618,682.8381,0,1309.758,0,-5.684342e-14,3.030909e-14,4.263256e-14
naive,2026-01-28 01:30:00,2214,1.5,32.415,3330.002,71.14975,1.14323,41.32271,1,1,2331.001,2330.684,537.2758,296.0517,833.3275,2,0,0,33.32748,800,0,70.52738,211.3871,0.1056935,0.1442326,0.3172331,0,250,0.3172331,1793.408,23.3519,50.0473,5.206429,0,17.97081,497.6146,382.851,114.7636,682.739,0,1318.156,0,-5.684342e-14,-2.83662e-14,4.263256e-14
naive,2026-01-28 01:45:00,2215,1.75,32.43534,3297.884,68.6236,0,40.65013,1,1,2308.519,2308.202,548.0303,299.1105,847.1409,2,14.14177,3.482726,29.51636,800,0,45.41521,200,0.1,0.1331073,0.3172331,0,250,0.3172331,1760.171,20.67672,50.02591,9.066617,0,19.97341,493.0507,375.9353,117.1154,679.3117,0,1317.984,0,0,-5.551115e-16,4.263256e-14
naive,2026-01-28 02:00:00,2216,2,32.3572,3260.24,58.61731,0,45.07359,1,1,2282.168,2281.851,968.4149,420.2279,1388.643,3,53.89738,3.285997,31.45939,800,500,0,324.9685,0.1624843,0.1259371,0.3172331,0,250,0.3172331,1313.436,22.05751,50.10808,4.71993,0,23.01608,486.5295,280.008,206.5215,705.1427,0,1362.056,0,-5.684342e-14,1.24345e-13,4.263256e-14
naive,2026-01-28 02:15:00,2217,2.25,31.92214,3225.451,71.92714,0,29.30787,1,1,2257.816,2257.498,544.8683,299.3989,844.2672,2,0,0,44.26717,800,0,54.14944,311.38,0.15569,0.2046279,0.3172331,0,250,0.3172331,1712.63,31.19166,50.56566,21.62769,0,0,476.4767,361.4238,115.0529,660.8226,0,1302.067,0,0,-5.77316e-14,4.263256e-14
naive,2026-01-28 02:30:00,2218,2.5,31.87359,3192.504,68.88583,0,45.59204,1,1,2234.753,2234.436,532.8319,294.0926,826.9245,2,0,0,26.92452,800,0,58.55596,296.692,0.148346,0.1960714,0.3172331,0,250,0.3172331,1701.604,18.98209,50.61672,15.41223,0,26.60995,471.0787,358.6926,112.3861,658.3945,0,1286.431,0,0,-8.701373e-14,4.263256e-14
naive,2026-01-28 02:45:00,2219,2.75,31.75093,3199.917,52.30136,0.8516816,54.51685,1,1,2239.942,2239.625,538.3606,296.5299,834.8905,2,0,0,34.89051,800,0,60.63513,281.4865,0.1407433,0.1868226,0.3172331,0,250,0.3172331,1701.264,24.63244,50.74573,0,0,29.88441,470.8335,357.604,113.2295,660.4156,0,1263.742,0,0,-2.733924e-14,4.263256e-14
naive,2026-01-28 03:00:00,2220,3,31.62469,3262.004,54.13158,0,46.39966,1,1,2283.403,2283.086,534.6568,294.8971,829.5539,2,0,0,29.55388,800,0,62.44933,265.8299,0.1329149,0.1772479,0.3172331,0,250,0.3172331,1748.429,20.89467,50.8785,0,0,25.505,478.572,366.4483,112.1237,666.6909,0,1276.144,0,0,-7.530088e-14,4.263256e-14
naive,2026-01-28 03:15:00,2221,3.25,31.2471,3266.388,54.88978,1.152215,52.86444,1,1,2286.472,2286.154,542.3913,298.3069,840.6982,2,0,0,40.6982,800,0,71.05325,248.0247,0.1240123,0.1673892,0.3172331,0,250,0.3172331,1743.763,28.89666,51.27563,0,0,23.96778,475.0796,362.3164,112.7631,665.6033,0,1273.521,0,0,-3.502754e-14,4.263256e-14
naive,2026-01-28 03:30:00,2222,3.5,30.89723,3253.836,70.07197,0,55.69817,1,1,2277.685,2277.368,536.3356,295.6372,831.9728,2,0,0,31.97276,800,0,72.64686,229.8239,0.114912,0.1561775,0.3172331,0,250,0.3172331,1741.032,22.79089,51.6436,0.32109,0,32.90728,469.4995,358.8792,110.6203,661.2996,0,1265.054,0,0,4.737877e-14,4.263256e-14
naive,2026-01-28 03:45:00,2223,3.75,30.80378,3259.28,73.08969,6.069313,55.63508,1,1,2281.496,2281.179,539.8278,297.1768,837.0046,2,0,0,37.0046,800,0,76.51446,210.6591,0.1053296,0.1447168,0.3172331,0,250,0.3172331,1741.351,26.40536,51.74189,0,5.174251,29.22972,469.2907,358.1859,111.1047,661.3751,0,1273.466,0,0,-6.109002e-14,4.263256e-14
naive,2026-01-28 04:00:00,2224,4,30.95043,3252.304,76.37294,0,50.87421,1,1,2276.613,2276.295,572.9409,306.6178,879.5588,2,43.34934,0.02507492,36.18436,800,0,42.50393,200,0.1,0.132649,0.3172331,0,250,0.3172331,1703.355,25.77762,51.58765,0,0,25.0966,469.8452,351.5367,118.3085,663.334,0,1268.632,0,0,1.887379e-15,4.263256e-14
naive,2026-01-28 04:15:00,2225,4.25,30.88284,3300.581,80.81265,4.662656,37.69276,1,1,2310.407,2310.09,1007.417,432.713,1440.13,3,93.48392,0.1257264,46.52075,800,500,0,324.9685,0.1624843,0.1259371,0.3172331,0,250,0.3172331,1302.672,33.16638,51.65874,0,4.536929,4.526379,476.0891,268.4324,207.6567,702.0781,0,1353.866,0,-1.136868e-13,1.24345e-13,4.263256e-14
naive,2026-01-28 04:30:00,2226,4.5,30.82038,3311.586,93.577,2.643268,36.35025,1,1,2318.11,2317.793,533.217,294.2624,827.4794,2,0,0,27.47937,800,0,117.0599,295.6524,0.1478262,0.2046279,0.3172331,0,250,0.3172331,1784.576,19.6048,51.72443,0,1.557215,16.74545,477.0011,367.215,109.7862,664.9231,0,1274.342,0,0,1.056932e-13,4.263256e-14
naive,2026-01-28 04:45:00,2227,4.75,30.68237,3292.974,121.7572,6.889411,42.41274,1,1,2305.082,2304.765,536.0215,295.4988,831.5203,2,0,0,31.52029,800,0,144.5438,259.4699,0.1297349,0.186168,0.3172331,0,250,0.3172331,1768.743,22.52254,51.86958,0,6.755581,19.8902,472.8433,362.8237,110.0196,662.4025,0,1278.105,0,0,-1.049161e-14,4.263256e-14
naive,2026-01-28 05:00:00,2228,5,30.59027,3304.436,153.1921,0,32.84585,1,1,2313.105,2312.788,532.9785,294.1573,827.1358,2,0,0,27.13581,800,0,172.6256,216.2726,0.1081363,0.1633844,0.3172331,0,250,0.3172331,1779.81,19.40964,51.96645,0,0,13.43621,473.505,364.3365,109.1685,661.2443,0,1264.026,0,1.136868e-13,-1.065814e-14,4.263256e-14
naive,2026-01-28 05:15:00,2229,5.25,30.69934,3320.137,185.7188,0,23.06067,1,1,2324.096,2323.779,669.2312,335.9169,1005.148,3,153.8953,0.6933098,50.5595,800,0,64.95433,200,0.1,0.1361837,0.3172331,0,250,0.3172331,1654.547,36.11998,51.85173,0,0,0,476.9262,339.5286,137.3976,675.4455,0,1292.558,0,-5.684342e-14,2.969847e-15,4.263256e-14
naive,2026-01-28 05:30:00,2230,5.5,30.58988,3302.875,242.2278,0,12.6813,1,1,2312.013,2311.695,1145.407,472.5067,1617.914,4,270.344,2.334866,45.23529,800,500,0,324.9685,0.1624843,0.1259371,0.3172331,0,250,0.3172331,1166.288,32.35594,51.96686,0,0,0,473.2772,238.7433,234.5339,711.2499,0,1364.037,0,1.705303e-13,1.24345e-13,4.263256e-14
naive,2026-01-28 05:45:00,2231,5.75,30.84065,3283.244,302.0269,0,34.60253,1,1,2298.271,2297.954,539.5041,297.0341,836.5382,2,0,0,36.53822,800,0,309.0729,247.6491,0.1238246,0.2046279,0.3172331,0,250,0.3172331,1758.45,26.06179,51.70311,0,0,8.540739,473.1359,362.005,111.1309,660.7973,0,1263.429,0,0,-6.483702e-14,4.263256e-14
naive,2026-01-28 06:00:00,2232,6,30.92307,3297.054,346.0442,0,17.9331,1,1,2307.938,2307.621,656.6355,331.1318,987.7673,2,147.442,1.498758,38.82657,800,0,190.4406,200,0.1,0.155941,0.3172331,0,250,0.3172331,1650.985,27.66842,51.61642,8.161692,0,0,476.0144,340.5173,135.4971,671.649,0,1299.309,0,0,-4.718448e-15,4.263256e-14
naive,2026-01-28 06:15:00,2233,6.25,30.99974,3248.693,385.7653,0,28.67967,1,1,2274.085,2273.768,1224.699,495.322,1720.021,4,372.3967,2.562202,45.06171,800,500,0,324.9685,0.1624843,0.1259371,0.3172331,0,250,0.3172331,1049.069,32.08403,51.53579,13.36861,0,0,469.8495,216.7486,253.101,712.0706,0,1389.224,0,-1.136868e-13,1.24345e-13,4.263256e-14
naive,2026-01-28 06:30:00,2234,6.5,31.03442,3241.357,414.4397,1.565573,43.81762,1,1,2268.95,2268.633,545.8026,299.8107,845.6133,2,0,0,45.61333,800,0,402.4876,224.2955,0.1121477,0.2046279,0.3172331,0,250,0.3172331,1722.83,32.46413,51.49931,12.7242,0.7934566,11.35349,469.1583,356.2353,112.923,658.3936,0,1282.169,0,0,-7.993606e-15,4.263256e-14
naive,2026-01-28 06:45:00,2235,6.75,31.00797,3280.058,435.0394,0,45.3602,1,1,2296.04,2295.723,796.6809,372.6332,1169.314,3,317.5635,1.283395,50.46723,800,0,97.0406,200,0.1,0.1412356,0.3172331,0,250,0.3172331,1499.042,35.92944,51.52713,20.43529,0,9.430758,474.4745,309.7756,164.6989,684.3577,0,1345.998,0,-2.273737e-13,1.387779e-15,4.263256e-14
naive,2026-01-28 07:00:00,2236,7,31.05907,3324.064,447.3251,0,43.2096,1,1,2326.845,2326.528,1278.092,511.7148,1789.807,4,432.4663,3.53869,53.80234,800,500,0,324.9685,0.1624843,0.1259371,0.3172331,0,250,0.3172331,1048.435,38.28184,51.47338,14.85879,0,4.927766,481.3994,216.9101,264.4893,729.6444,0,1427.013,0,-5.684342e-14,1.24345e-13,4.263256e-14
naive,2026-01-28 07:15:00,2237,7.25,30.97005,3386.818,442.2244,0,53.30556,1,1,2370.772,2370.455,540.973,297.6816,838.6547,2,0,0,38.65467,800,0,431.6192,217.0125,0.1085063,0.2046279,0.3172331,0,250,0.3172331,1829.482,27.53139,51.56701,12.891,0,25.77417,489.4958,377.7351,111.7608,680.7383,0,1325.701,0,0,-7.993606e-15,4.263256e-14
naive,2026-01-28 07:30:00,2238,7.5,31.09478,3409.817,406.5624,0,63.30602,1,1,2386.872,2386.554,819.0436,379.9634,1199.007,3,338.8175,0.9167482,59.27275,800,0,67.91355,200,0.1,0.1366496,0.3172331,0,250,0.3172331,1567.511,42.15725,51.43583,0,0,21.14876,494.2199,324.565,169.6549,708.9074,0,1359.95,0,0,4.82947e-15,4.263256e-14
naive,2026-01-28 07:45:00,2239,7.75,30.97861,3423.105,371.1856,0,64.78522,1,1,2396.173,2395.856,1247.807,505.169,1752.976,4,375.2578,5.175249,72.54308,800,500,0,324.9685,0.1624843,0.1259371,0.3172331,0,250,0.3172331,1148.049,51.66309,51.55801,0,0,13.12213,494.8366,237.085,257.7516,744.9639,0,1431.925,0,-1.705303e-13,1.24345e-13,4.263256e-14
naive,2026-01-28 08:00:00,2240,8,31.40961,3424.384,321.1789,258.191,69.93988,1,1,2397.069,2396.752,590.845,319.6676,910.5126,2,0,47.8894,62.62322,800,0,499.6694,200,0.1,0.2046279,0.3172331,0,250,0.3172331,1805.907,44.38252,51.10471,0,34.12297,25.55736,499.9161,376.6274,123.2887,701.6251,0,1404.62,0,5.684342e-14,-7.993606e-15,4.263256e-14
naive,2026-01-28 08:15:00,2241,8.25,31.55568,3428.843,262.3414,261.2127,83.96309,1,1,2400.19,2399.873,1316.636,547.5368,1864.173,4,274.1756,224.6623,65.33485,800,500,0,324.9685,0.1624843,0.1259371,0.3172331,0,250,0.3172331,1083.237,46.22797,50.95108,0,36.55035,37.73512,502.25,226.6719,275.5781,782.105,0,1569.939,0,-2.273737e-13,1.24345e-13,4.263256e-14
naive,2026-01-28 08:30:00,2242,8.5,31.52409,3472.071,215.5298,266.1037,79.17466,1,1,2430.449,2430.132,569.5909,310.2978,879.8887,2,0,0,79.88866,800,0,466.7534,208.229,0.1041145,0.2046279,0.3172331,0,250,0.3172331,1860.541,56.54578,50.98431,0,37.5924,22.62888,508.2123,389.0433,119.169,704.0728,0,1415.635,0,5.684342e-14,-6.483702e-14,4.263256e-14
naive,2026-01-28 08:45:00,2243,8.75,31.7373,3496.638,192.2228,268.0917,76.95526,1,1,2447.646,2447.329,861.5397,419.0745,1280.614,3,167.5256,229.1586,83.92991,800,0,32.78487,200,0.1,0.1311187,0.3172331,0,250,0.3172331,1585.789,59.26305,50.76007,0,38.93306,17.69221,514.3306,333.2262,181.1043,756.0184,0,1522.091,0,0,-1.471046e-15,4.263256e-14
naive,2026-01-28 09:00:00,2244,9,31.94243,3536.34,150.9198,272.5509,90.49692,1,1,2475.438,2475.12,1266.53,538.3338,1804.864,4,165.8498,232.6141,106.3996,800,500,0,324.9685,0.1624843,0.1259371,0.3172331,0,250,0.3172331,1208.591,74.95435,50.54432,0,39.93674,15.54257,522.6485,255.1743,267.4742,796.7897,0,1605.608,0,0,1.24345e-13,4.263256e-14
naive,2026-01-28 09:15:00,2245,9.25,32.07029,3532.718,123.5648,281.4316,117.6564,1,1,2472.903,2472.586,589.5826,319.1111,908.6937,2,0,0,108.6937,800,0,368.5944,232.7688,0.1163844,0.2046279,0.3172331,0,250,0.3172331,1883.003,76.45921,50.40984,0,47.00983,41.19716,523.6685,398.7498,124.9188,726.5849,0,1477.551,0,0,-7.993606e-15,4.263256e-14
naive,2026-01-28 09:30:00,2246,9.5,32.3128,3570.086,105.2785,286.5227,139.4146,1,1,2499.06,2498.743,741.8706,386.2471,1128.118,3,0,208.3025,119.8153,800,0,130.9284,200,0.1,0.1465711,0.3172331,0,250,0.3172331,1756.872,84.05013,50.15479,0.9009039,51.66934,55.36444,532.214,374.1535,158.0605,772.1914,0,1578.642,0,0,-1.279532e-14,4.263256e-14
naive,2026-01-28 09:45:00,2247,9.75,32.42587,3548.557,105.7308,283.6402,144.0252,1,1,2483.99,2483.673,1231.033,533.2491,1764.282,4,77.04646,236.628,150.6079,800,500,0,324.9685,0.1624843,0.1259371,0.3172331,0,250,0.3172331,1252.64,105.5148,50.03587,28.6843,47.0122,38.51034,530.4096,267.4778,262.9318,808.9501,0,1692.186,0,0,1.24345e-13,4.263256e-14
naive,2026-01-28 10:00:00,2248,10,32.63484,3525.775,90.47099,288.3849,134.0264,1,1,2468.042,2467.725,629.2168,336.5838,965.8006,2,0,0,165.8006,800,0,313.2351,246.6086,0.1233043,0.2046279,0.3172331,0,250,0.3172331,1838.508,115.8816,49.81608,19.87201,45.74872,18.14484,529.6038,394.5155,135.0883,734.9929,0,1527.139,0,0,-6.483702e-14,4.263256e-14
naive,2026-01-28 10:15:00,2249,10.25,32.84385,3579.821,86.5673,288.096,154.9864,1,1,2505.874,2505.557,732.8786,382.283,1115.162,3,0,115.4605,199.7012,800,0,186.279,200,0.1,0.1552858,0.3172331,0,250,0.3172331,1772.679,139.2415,49.59626,29.65119,43.27264,15.74488,540.388,382.2754,158.1125,767.9538,0,1605.905,0,5.684342e-14,-1.332268e-15,4.263256e-14
naive,2026-01-28 10:30:00,2250,10.5,33.14545,3620.725,79.49918,284.9762,174.1236,1,1,2534.507,2534.19,1276.711,555.7748,1832.485,4,56.96552,248.0913,227.4285,800,500,0,324.9685,0.1624843,0.1259371,0.3172331,0,250,0.3172331,1257.48,158.0256,49.27905,22.53367,36.88491,16.09803,550.5011,273.1276,277.3735,832.3989,0,1711.856,0,-1.136868e-13,1.24345e-13,4.263256e-14
naive,2026-01-28 10:45:00,2251,10.75,33.31578,3661.42,70.37769,290.6467,189.3829,1,1,2562.994,2562.677,683.9376,360.7074,1044.645,3,0,0,244.645,800,0,309.2462,247.6058,0.1238029,0.2046279,0.3172331,0,250,0.3172331,1878.739,169.6549,49.0999,10.53367,41.24445,19.72803,558.9633,409.7342,149.2291,774.7441,0,1583.568,0,-1.136868e-13,-7.993606e-15,4.263256e-14
naive,2026-01-28 11:00:00,2252,11,33.59936,3660.221,68.75393,289.8517,204.4534,1,0,2562.155,2561.837,775.3073,400.9877,1176.295,3,0,113.5636,262.7313,800,0,190.2673,200,0.1,0.1559137,0.3172331,0,250,0.3172331,1786.53,181.6012,48.80166,16.57055,38.20422,22.8522,562.6076,392.293,170.3145,798.2986,0,1636.182,0,1.136868e-13,-1.132427e-14,4.263256e-14
naive,2026-01-28 11:15:00,2253,11.25,33.48295,3690.524,66.72002,290.6103,223.3478,1,0,2583.367,2583.05,1312.451,572.6607,1885.112,4,47.46782,250.1803,287.4635,800,500,0,324.9685,0.1624843,0.1259371,0.3172331,0,250,0.3172331,1270.599,198.964,48.92409,19.2522,40.43006,24.38379,565.6749,278.2206,287.4543,856.2206,0,1760.354,0,1.136868e-13,1.24345e-13,4.263256e-14
naive,2026-01-28 11:30:00,2254,11.5,33.87743,3705.051,75.46858,297.0157,259.2344,1,0,2593.536,2593.218,748.573,389.2019,1137.775,3,0,0,337.7749,800,0,301.3083,249.5903,0.1247951,0.2046279,0.3172331,0,250,0.3172331,1844.645,232.7203,48.50919,25.49939,45.67664,26.51409,573.3493,407.7932,165.5561,802.8565,0,1673.919,0,-5.684342e-14,-7.993606e-15,4.263256e-14
naive,2026-01-28 11:45:00,2255,11.75,34.15477,3681.596,51.86257,303.9621,266.9461,0,0,2577.117,2576.8,849.7426,433.8024,1283.545,3,0,102.3134,381.2315,800,0,198.204,200,0.1,0.1571633,0.3172331,0,250,0.3172331,1727.057,261.8153,48.2175,4.716628,50.5906,5.130819,573.588,384.3905,189.1975,0,819.3349,4547.502,0,0,-8.243406e-15,4.263256e-14
naive,2026-01-28 12:00:00,2256,12,34.47839,3708.548,68.23842,301.3651,305.6726,0,0,2595.984,2595.666,1393.151,606.8486,2000,4,47.0223,254.0063,418.4573,780.5141,500,0,324.9685,0.1624843,0.1259371,0.3172331,0,250,0.3172331,1202.515,286.2972,46.71098,21.21612,47.35882,19.37538,582.4016,269.7808,312.6207,0,880.9763,4911.111,0,2.273737e-13,1.24345e-13,4.263256e-14
naive,2026-01-28 12:15:00,2257,12.25,34.69673,3679.869,59.28531,304.9052,323.3189,0,0,2575.908,2575.591,831.408,425.7196,1257.128,3,0,0,457.1276,800,0,306.7015,248.242,0.124121,0.2046279,0.3172331,0,250,0.3172331,1744.183,311.9558,47.6475,6.748518,50.74047,11.36312,581.0285,393.4224,187.6061,0,821.7051,4564.943,0,0,4.884981e-14,4.263256e-14
naive,2026-01-28 12:30:00,2258,12.5,35.05861,3704.834,58.16291,307.087,346.0455,0,0,2593.384,2593.066,931.3706,469.788,1401.159,3,0,110.925,490.2337,800,0,192.8116,200,0.1,0.1563143,0.3172331,0,250,0.3172331,1661.696,333.129,47.26689,9.606832,51.90645,12.91647,590.2703,378.2124,212.058,0,850.9403,4733.107,0,0,-1.770806e-14,4.263256e-14
naive,2026-01-28 12:45:00,2259,12.75,35.29586,3730.465,55.58202,303.4592,387.3198,0,0,2611.325,2611.008,1400.127,599.8733,2000,4,52.30475,256.2651,538.2531,653.177,500,0,324.9685,0.1624843,0.1259371,0.3172331,0,250,0.3172331,1210.881,364.7382,38.38833,3.277269,47.19411,22.58163,597.9053,277.2509,320.6544,0,882.2947,4896.497,0,1.136868e-13,1.24345e-13,4.263256e-14
naive,2026-01-28 13:00:00,2260,13,35.55989,3715.123,55.37257,299.8814,420.9416,0,0,2600.586,2600.269,913.0368,461.7056,1374.742,3,0,0,574.7424,800,0,309.8958,247.4434,0.1237217,0.2046279,0.3172331,0,250,0.3172331,1687.232,388.2505,46.73968,0.4031934,44.95496,32.6911,599.4326,388.9054,210.5273,0,858.1463,4745.465,0,0,-7.993606e-15,4.263256e-14
naive,2026-01-28 13:15:00,2261,13.25,35.80127,3745.955,63.80733,300.076,441.2374,0,0,2622.168,2621.851,1032.599,514.4143,1547.013,4,0,132.3266,614.6863,800,0,189.6178,200,0.1,0.1558115,0.3172331,0,250,0.3172331,1589.252,414.0464,46.4858,0,46.48667,27.19095,608.1292,368.577,239.5522,0,889.2973,4919.028,0,-2.273737e-13,-1.421085e-14,4.263256e-14
naive,2026-01-28 13:30:00,2262,13.5,35.95561,3724.999,56.02396,296.325,467.0395,0,0,2607.499,2607.182,1408.668,591.3317,2000,4,73.87762,252.6144,651.9768,521.5313,500,0,324.9685,0.1624843,0.1259371,0.3172331,0,250,0.3172331,1198.514,438.3599,30.19893,0,43.7106,28.67964,607.1176,279.0562,328.0615,0,877.0655,4865.287,0,1.136868e-13,1.24345e-13,4.263256e-14
naive,2026-01-28 13:45:00,2263,13.75,36.05495,3705.598,52.7635,297.6568,468.2799,0,0,2593.918,2593.601,989.7299,495.5157,1485.246,3,0,0,685.2455,800,0,323.3265,244.0857,0.1220429,0.2046279,0.3172331,0,250,0.3172331,1603.871,460.1838,46.219,0,46.48917,8.09611,605.4961,374.3903,231.1058,0,871.7958,4823.074,0,0,4.884981e-14,4.263256e-14
naive,2026-01-28 14:00:00,2264,14,36.33388,3733.052,43.50564,299.0382,492.7769,0,1,2613.136,2612.819,1103.507,545.674,1649.181,4,0,137.8628,711.3178,800,0,176.1892,200,0.1,0.1536972,0.3172331,0,250,0.3172331,1509.313,476.1056,45.92563,0,48.76832,16.67134,614.3825,354.8591,259.5234,0,904.4528,5006.949,0,0,-4.690692e-15,4.263256e-14
naive,2026-01-28 14:15:00,2265,14.25,36.61439,3736.876,36.1379,292.6232,514.0108,0,1,2615.813,2615.496,1411.37,588.6298,2000,4,59.09304,252.365,743.3948,445.1471,500,0,324.9685,0.1624843,0.1259371,0.3172331,0,250,0.3172331,1204.126,495.9074,25.39042,0,40.25821,18.10337,619.5061,285.1746,334.3316,0,878.0918,4870.386,0,0,1.24345e-13,4.263256e-14
naive,2026-01-28 14:30:00,2266,14.5,36.79473,3700.967,47.1455,301.4448,547.4649,0,1,2590.677,2590.359,1052.35,523.1217,1575.472,4,0,0,775.4716,800,0,305.8375,248.458,0.124229,0.2046279,0.3172331,0,250,0.3172331,1538.01,516.1866,45.44093,0,53.53401,31.27835,616.4492,365.968,250.4812,0,896.5323,4972.153,0,1.136868e-13,-7.993606e-15,4.263256e-14
naive,2026-01-28 14:45:00,2267,14.75,37.13234,3785.282,43.91979,300.7661,550.2323,1,1,2649.698,2649.38,1137.876,560.8256,1698.701,4,0,114.5683,784.1329,800,0,193.6754,200,0.1,0.1564503,0.3172331,0,250,0.3172331,1511.505,519.8341,45.08586,0,52.40725,30.39819,636.1143,362.8678,273.2465,930.991,0,1901.663,0,0,-3.802514e-15,4.263256e-14
naive,2026-01-28 15:00:00,2268,15,37.31059,3786.728,37.83664,297.0032,555.1981,1,1,2650.71,2650.393,1413.367,586.6328,2000,4,57.06503,244.6011,795.3346,402.9993,500,0,324.9685,0.1624843,0.1259371,0.3172331,0,250,0.3172331,1237.025,526.126,22.61752,0,52.40205,29.07213,639.3669,298.3778,340.9891,892.023,0,1848.995,0,2.273737e-13,1.24345e-13,4.263256e-14
naive,2026-01-28 15:15:00,2269,15.25,37.52163,3783.214,44.27892,293.9642,556.1594,1,1,2648.25,2647.933,1067.774,529.9213,1597.695,4,0,0,797.6954,800,0,309.927,247.4356,0.1237178,0.2046279,0.3172331,0,250,0.3172331,1580.159,526.3409,44.67642,0,45.58257,29.81849,642.3705,383.2899,259.0807,920.4441,0,1869.257,0,0,-7.993606e-15,4.263256e-14
naive,2026-01-28 15:30:00,2270,15.5,37.79668,3763.129,55.43314,282.0345,561.8098,1,1,2634.19,2633.873,1160.88,570.967,1731.847,4,0,108.3705,823.4766,800,0,189.5866,200,0.1,0.1558066,0.3172331,0,250,0.3172331,1472.993,541.5401,44.38714,2.756339,36.75425,20.26965,643.684,359.9368,283.7472,935.8568,0,1889.934,0,1.136868e-13,2.14273e-14,4.263256e-14
naive,2026-01-28 15:45:00,2271,15.75,38.00546,3726.98,61.75386,291.0146,555.0889,1,1,2608.886,2608.569,1414.387,585.6125,2000,4,57.92436,245.7316,811.8303,384.5137,500,0,324.9685,0.1624843,0.1259371,0.3172331,0,250,0.3172331,1194.181,532.5252,21.22879,3.829499,45.283,22.5637,641.0986,293.454,347.6446,884.6112,0,1830.059,0,-2.273737e-13,1.24345e-13,4.263256e-14
naive,2026-01-28 16:00:00,2272,16,38.0819,3709.845,71.13162,290.6603,547.7259,1,1,2596.892,2596.574,1077.729,534.3101,1612.039,4,0,0,812.0392,800,0,314.6923,246.2443,0.1231221,0.2046279,0.3172331,0,250,0.3172331,1518.845,532.1657,44.08716,2.053939,45.0457,15.56027,639.4724,374.0085,265.4639,912.1503,0,1855.949,0,0,-7.993606e-15,4.263256e-14
naive,2026-01-28 16:15:00,2273,16.25,38.02588,3689.709,92.71305,290.1839,539.815,1,1,2582.796,2582.479,1169.42,574.7318,1744.152,4,0,140.2855,803.8661,800,0,184.8221,200,0.1,0.1550564,0.3172331,0,250,0.3172331,1413.059,527.1697,44.14608,9.319974,48.46942,12.64532,635.0378,347.432,287.6058,925.2729,0,1900.568,0,0,-9.131584e-15,4.263256e-14
naive,2026-01-28 16:30:00,2274,16.5,37.99816,3660.099,116.3998,287.0478,528.3749,1,1,2562.069,2561.752,1419.073,580.927,2000,4,103.0252,240.0684,791.1237,365.7826,500,0,324.9685,0.1624843,0.1259371,0.3172331,0,250,0.3172331,1142.679,518.9888,20.19817,13.37455,46.97939,9.386059,629.4697,280.7425,348.7272,863.9755,0,1809.339,0,0,1.24345e-13,4.263256e-14
naive,2026-01-28 16:45:00,2275,16.75,37.9182,3628.463,131.3583,276.5546,503.389,1,1,2539.924,2539.607,1064.673,528.5545,1593.228,4,0,0,793.2279,800,0,357.4395,235.5575,0.1177787,0.2046279,0.3172331,0,250,0.3172331,1474.933,520.8766,44.25933,11.23257,39.24081,0,622.6834,361.5921,261.0912,890.1466,0,1817.568,0,0,4.884981e-14,4.263256e-14
naive,2026-01-28 17:00:00,2276,17,38.06196,3634.033,160.6471,271.0626,469.8571,1,1,2543.823,2543.506,1226.094,599.3349,1825.429,4,3.206639,235.089,787.1329,800,0,142.0816,200,0.1,0.1483271,0.3172331,0,250,0.3172331,1317.413,515.969,44.10813,15.35892,35.9736,0,626.0664,324.2315,301.8349,923.5665,0,1886.06,0,0,-9.714451e-15,4.263256e-14
naive,2026-01-28 17:15:00,2277,17.25,37.62406,3596.9,181.8434,271.6792,424.8334,1,1,2517.83,2517.513,1425.549,574.4513,2000,4,176.7203,230.3691,734.7475,358.163,500,0,324.9685,0.1624843,0.1259371,0.3172331,0,250,0.3172331,1091.964,484.2042,19.95357,5.123077,41.31012,0,612.4089,265.5972,346.8118,840.0485,0,1737.746,0,1.136868e-13,1.24345e-13,4.263256e-14
naive,2026-01-28 17:30:00,2278,17.5,37.89692,3619.979,197.8573,273.424,428.6478,1,1,2533.985,2533.668,1001.364,500.6446,1502.009,4,0,0,702.0086,800,0,446.3659,213.3259,0.1066629,0.2046279,0.3172331,0,250,0.3172331,1532.304,461.0966,44.28172,0,43.46848,0,620.871,375.4415,245.4296,876.086,0,1777.338,0,-1.136868e-13,-7.993606e-15,4.263256e-14
naive,2026-01-28 17:45:00,2279,17.75,37.77359,3622.673,228.932,272.7686,408.2212,1,1,2535.871,2535.554,1279.492,600.023,1879.515,4,195.3131,231.4319,652.7703,800,0,53.16919,200,0.1,0.1343282,0.3172331,0,250,0.3172331,1256.061,429.3996,44.41142,0,41.33672,0,619.2747,306.7376,312.5371,906.7606,0,1834.864,0,0,-9.992007e-16,4.263256e-14
naive,2026-01-28 18:00:00,2280,18,37.88977,3587.415,266.0165,7.456773,386.5653,1,1,2511.191,2510.874,1421.225,578.7753,2000,4,280.4567,3.422986,606.978,609.1424,500,0,324.9685,0.1624843,0.1259371,0.3172331,0,250,0.3172331,1089.649,398.7128,33.72306,0,4.033786,0,615.1675,266.9318,348.2357,845.7071,0,1660.434,0,2.273737e-13,1.24345e-13,4.263256e-14
naive,2026-01-28 18:15:00,2281,18.25,37.88669,3565.527,297.0929,0.6793868,362.4498,1,1,2495.869,2495.552,900.7413,456.2851,1357.026,3,0,0,557.0264,800,0,313.3615,246.577,0.1232885,0.2046279,0.3172331,0,250,0.3172331,1594.81,365.9143,44.29248,0,0,0,611.3632,390.6489,220.7144,846.934,0,1644.039,0,-5.684342e-14,4.884981e-14,4.263256e-14
naive,2026-01-28 18:30:00,2282,18.5,37.89686,3523.822,313.3284,0,339.9724,1,0,2466.675,2466.358,1000.102,481.9336,1482.035,3,152.6111,0.3562074,529.0679,800,0,186.1527,200,0.1,0.1552659,0.3172331,0,250,0.3172331,1466.256,347.5051,44.28178,0,0,0,604.3779,359.2581,245.1199,841.1916,0,1632.566,0,-1.136868e-13,3.830269e-15,4.263256e-14
naive,2026-01-28 18:45:00,2283,18.75,37.65175,3507.388,333.3078,0,315.0456,1,0,2455.172,2454.855,1426.209,573.7913,2000,4,370.2843,0.5939342,472.6164,656.5054,500,0,324.9685,0.1624843,0.1259371,0.3172331,0,250,0.3172331,1028.646,311.353,36.55059,0,0,3.692538,597.6115,250.3819,347.2296,825.072,0,1609.025,0,0,1.24345e-13,4.263256e-14
naive,2026-01-28 19:00:00,2284,19,37.69529,3493.299,370.9617,1.533891,270.7337,1,0,2445.309,2444.992,813.9977,418.0443,1232.042,3,0,0,432.042,800,0,390.7096,227.24,0.11362,0.2046279,0.3172331,0,250,0.3172331,1630.994,284.4727,44.49377,0,1.377828,0,595.9056,397.4624,198.4431,815.5067,0,1583.335,0,-1.705303e-13,-7.993606e-15,4.263256e-14
naive,2026-01-28 19:15:00,2285,19.25,37.57509,3480.274,396.8462,2.421084,256.7062,0,0,2436.192,2435.875,1007.923,469.3252,1477.248,3,287.5853,1.25135,388.4113,800,0,108.8168,200,0.1,0.1430897,0.3172331,0,250,0.3172331,1427.952,256.1181,44.6202,0.4440576,1.169733,0.588103,591.777,346.8647,244.9123,0,816.3327,4442.416,0,-1.705303e-13,-6.133982e-15,4.263256e-14
naive,2026-01-28 19:30:00,2286,19.5,37.53295,3468.29,410.1092,6.986626,241.1835,0,0,2427.803,2427.486,1425.875,574.1252,2000,4,401.1087,2.675259,383.6515,712.5645,500,0,324.9685,0.1624843,0.1259371,0.3172331,0,250,0.3172331,1001.611,253.1089,39.78294,9.000538,4.311368,0,589.0758,243.0282,346.0475,0,817.1534,4472.551,0,-2.273737e-13,1.24345e-13,4.263256e-14
naive,2026-01-28 19:45:00,2287,19.75,37.27274,3460.643,420.6792,11.98068,209.7179,0,0,2422.45,2422.133,753.8817,391.5422,1145.424,3,0,0,345.424,800,0,400.8046,224.7162,0.1123581,0.2046279,0.3172331,0,250,0.3172331,1668.251,228.6078,44.93819,23.27189,8.583391,0,583.7231,401.9884,181.7347,0,793.5306,4368.813,0,-5.684342e-14,-6.483702e-14,4.263256e-14
naive,2026-01-28 20:00:00,2288,20,37.11717,3458.253,410.2272,4.1259,226.2742,0,0,2420.777,2420.46,943.9323,442.0818,1386.014,3,279.4578,0.6029179,305.9535,800,0,98.72332,200,0.1,0.1415005,0.3172331,0,250,0.3172331,1476.527,202.8663,45.10181,32.04614,3.522982,23.40786,580.9245,354.3288,226.5957,0,802.0279,4421.771,0,-5.684342e-14,-8.326673e-16,4.263256e-14
naive,2026-01-28 20:15:00,2289,20.25,36.8613,3419.954,384.3903,4.69515,216.1231,0,0,2393.968,2393.651,1371.707,561.8507,1933.557,4,357.9354,3.919954,271.7021,800,500,0,324.9685,0.1624843,0.1259371,0.3172331,0,250,0.3172331,1021.944,180.7117,45.37092,26.45495,0.7751958,35.41147,570.6367,243.595,327.0417,0,813.8865,4472.306,0,2.273737e-13,1.24345e-13,4.263256e-14
naive,2026-01-28 20:30:00,2290,20.5,36.72607,3405.341,349.3593,3.951192,184.7578,0,0,2383.739,2383.421,684.5314,360.9692,1045.501,3,0,0,245.5005,800,0,330.0685,242.4002,0.1212001,0.2046279,0.3172331,0,250,0.3172331,1698.89,163.5504,45.51315,19.61972,3.622272,21.20745,566.1909,403.5241,162.6668,0,769.5306,4221.308,0,1.136868e-13,-6.483702e-14,4.263256e-14
naive,2026-01-28 20:45:00,2291,20.75,36.6262,3361.272,301.6178,6.049477,164.6687,0,0,2352.89,2352.573,774.5463,385.6998,1160.246,3,125.6934,0.1371269,234.4155,800,0,169.4483,200,0.1,0.1526359,0.3172331,0,250,0.3172331,1578.027,156.3529,45.61818,6.476153,5.91235,8.315831,557.4093,373.841,183.5683,0,761.5109,4158.359,0,-5.684342e-14,1.390554e-14,4.263256e-14
naive,2026-01-28 21:00:00,2292,21,36.39601,3286.551,261.1128,2.503942,164.6561,0,0,2300.586,2300.269,1240.892,515.6502,1756.542,4,261.5231,1.136801,193.8823,800,500,0,324.9685,0.1624843,0.1259371,0.3172331,0,250,0.3172331,1059.377,129.6747,45.86028,0,1.367141,34.98138,541.7683,249.4741,292.2942,0,773.3622,4204.258,0,0,1.24345e-13,4.263256e-14
naive,2026-01-28 21:15:00,2293,21.25,36.24226,3262.548,239.8749,3.252226,131.8854,0,0,2283.784,2283.467,653.2029,347.1581,1000.361,3,0,0,200.3609,800,0,247.2956,263.0934,0.1315467,0.2046279,0.3172331,0,250,0.3172331,1630.264,134.2542,46.022,0,2.056105,0,535.678,382.3901,153.2879,0,729.5482,3964.287,0,5.684342e-14,-3.641532e-14,4.263256e-14
naive,2026-01-28 21:30:00,2294,21.5,36.08724,3245.035,198.5406,4.881493,119.2876,0,0,2271.524,2271.207,633.0503,338.2738,971.3241,2,0,0,171.3241,800,0,214.7096,209.3746,0.1046873,0.1656661,0.3172331,0,250,0.3172331,1638.157,115.0102,46.18503,0,4.751957,4.277365,530.68,382.7108,147.9691,0,721.9839,3927.151,0,-5.684342e-14,-2.442491e-15,4.263256e-14
naive,2026-01-28 21:45:00,2295,21.75,35.84812,3230.645,163.7209,8.395323,132.7509,0,0,2261.451,2261.134,740.5441,367.5058,1108.05,3,152.6288,0.1901987,155.2309,800,0,37.3667,200,0.1,0.1318401,0.3172331,0,250,0.3172331,1520.59,104.5038,46.43653,0,8.205124,28.2471,525.0999,353.0749,172.025,0,727.1396,3961.18,0,-1.136868e-13,-1.415534e-15,4.263256e-14
naive,2026-01-28 22:00:00,2296,22,35.57446,3265.143,138.414,0,111.193,0,0,2285.6,2285.283,1117.137,473.5298,1590.667,4,156.9753,0.07758641,133.6138,800,500,0,324.9685,0.1624843,0.1259371,0.3172331,0,250,0.3172331,1168.146,90.24333,46.72435,0,0,20.94968,527.0234,269.3561,257.6673,0,747.7165,4059.876,0,0,1.24345e-13,4.263256e-14
naive,2026-01-28 22:15:00,2297,22.25,35.08,3254.424,118.7337,1.95273,95.79085,0,0,2278.097,2277.78,594.2897,321.1862,915.476,2,0,0,115.476,800,0,137.5502,290.5298,0.1452649,0.2046279,0.3172331,0,250,0.3172331,1683.49,78.44978,47.2444,0,1.842658,17.34108,518.7868,383.3781,135.4088,0,708.5134,3846.852,0,5.684342e-14,-3.641532e-14,4.263256e-14
naive,2026-01-28 22:30:00,2298,22.5,34.97071,3287.335,106.987,0,63.92853,0,0,2301.135,2300.818,585.0143,317.0972,902.1114,2,0,0,102.1114,800,0,118.2068,260.9324,0.1304662,0.1829424,0.3172331,0,250,0.3172331,1715.803,69.4597,47.35934,0,0,0,522.6025,389.6699,132.9325,0,706.7671,3833.94,0,-1.136868e-13,-1.215694e-14,4.263256e-14
naive,2026-01-28 22:45:00,2299,22.75,34.74002,3267.607,107.5368,0,66.73885,0,0,2287.325,2287.008,590.7899,319.6434,910.4333,2,0,0,110.4333,800,0,108.6962,233.7172,0.1168586,0.1643053,0.3172331,0,250,0.3172331,1696.218,75.3243,47.60196,0.7246687,0,0,516.4897,383.0147,133.475,0,702.6581,3812.317,0,5.684342e-14,-1.662559e-14,4.263256e-14
naive,2026-01-28 23:00:00,2300,23,34.4515,3242.846,89.219,0,74.35947,0,0,2269.992,2269.675,572.9503,311.7788,884.7291,2,0,0,84.72911,800,0,89.94856,211.1933,0.1055967,0.1471683,0.3172331,0,250,0.3172331,1696.724,57.98759,47.90542,1.053561,0,16.37188,508.9286,380.4029,128.5257,0,695.8522,3775.111,0,-5.684342e-14,1.570966e-14,4.263256e-14
naive,2026-01-28 23:15:00,2301,23.25,34.22054,3241.613,66.36757,1.087778,51.908,0,0,2269.129,2268.812,585.6961,314.4167,900.1128,2,25.05921,1.265937,73.78764,800,0,44.64024,200,0.1,0.1329853,0.3172331,0,250,0.3172331,1683.116,50.63571,48.14833,0,0,1.272287,505.8538,375.2147,130.6391,0,689.915,3740.366,0,-5.684342e-14,2.164935e-15,4.263256e-14
naive,2026-01-28 23:30:00,2302,23.5,33.89342,3289.212,54.01541,0,55.88948,0,1,2302.449,2302.131,1007.509,436.8097,1444.319,3,59.38416,0.1153226,84.81903,800,500,0,324.9685,0.1624843,0.1259371,0.3172331,0,250,0.3172331,1294.623,58.42781,48.49237,0,0,0,509.1972,286.3118,222.8854,0,723.1215,3922.614,0,-1.136868e-13,1.24345e-13,4.263256e-14
naive,2026-01-28 23:45:00,2303,23.75,33.59443,3248.115,54.60726,0,51.84146,0,1,2273.68,2273.363,570.9292,310.8878,881.817,2,0,0,81.81704,800,0,61.89575,309.4434,0.1547217,0.2046279,0.3172331,0,250,0.3172331,1702.434,56.55558,48.80684,0,0,0,499.2038,373.7823,125.4215,0,684.6701,3710.778,0,0,2.753353e-14,4.263256e-14
naive,2026-01-29 00:00:00,2304,0,33.40167,3255.003,54.87428,0,39.92715,1,1,2278.502,2278.185,573.796,312.1516,885.9477,2,0,0,85.94767,800,0,55.91012,295.4172,0.1477086,0.194852,0.3172331,0,250,0.3172331,1704.389,59.54339,49.00957,0.03029945,0,0,497.9445,372.4776,125.4669,684.6292,0,1314.175,0,5.684342e-14,-2.248202e-15,4.263256e-14
naive,2026-01-29 00:15:00,2305,0.25,32.95064,3275.023,59.77102,0,20.38695,1,1,2292.516,2292.199,564.2872,307.9596,872.2468,2,0,0,72.24683,800,0,55.68468,281.4495,0.1407248,0.1860199,0.3172331,0,250,0.3172331,1727.912,50.31232,49.48394,6.140829,0,0,495.6332,373.5679,122.0653,681.5276,0,1317.979,0,0,-1.002531e-13,4.263256e-14
naive,2026-01-29 00:30:00,2306,0.5,32.66147,3292.347,61.76584,5.004027,30.20266,1,1,2304.643,2304.326,546.8545,300.2745,847.129,2,0,0,47.12895,800,0,56.55976,267.2653,0.1336326,0.1772246,0.3172331,0,250,0.3172331,1757.471,32.92939,49.78807,8.748278,1.461827,0,494.8519,377.3634,117.4885,677.6379,0,1316.877,0,5.684342e-14,-1.055545e-13,4.263256e-14
naive,2026-01-29 00:45:00,2307,0.75,32.4484,3267.524,64.32232,1.468023,66.27978,1,1,2287.267,2286.95,551.0896,302.1415,853.2311,2,0,0,53.23111,800,0,60.48518,252.1019,0.1260509,0.168293,0.3172331,0,250,0.3172331,1735.86,37.28375,50.01216,6.632416,0,28.99603,488.6617,370.8567,117.805,679.1931,0,1313.563,0,5.684342e-14,5.587197e-14,4.263256e-14
naive,2026-01-29 01:00:00,2308,1,32.00708,3274.631,65.40912,2.32206,61.54145,1,1,2292.242,2291.925,547.7231,300.6574,848.3804,2,0,0,48.38042,800,0,61.7625,236.6216,0.1183108,0.1587449,0.3172331,0,250,0.3172331,1744.202,34.05707,50.47632,7.697607,0,27.48437,484.6976,368.8137,115.8838,675.2827,0,1307.058,0,1.136868e-13,-5.909162e-14,4.263256e-14
naive,2026-01-29 01:15:00,2309,1.25,31.63731,3273.059,61.31785,4.227664,60.36506,1,1,2291.141,2290.824,539.014,296.818,835.8319,2,0,0,35.83194,800,0,61.36278,221.2436,0.1106218,0.1489971,0.3172331,0,250,0.3172331,1751.81,25.32966,50.86523,2.945268,1.237463,35.03541,480.3335,367.2637,113.0698,671.4268,0,1292.845,0,5.684342e-14,-5.442868e-14,4.263256e-14
naive,2026-01-29 01:30:00,2310,1.5,31.57943,3312.265,54.95145,2.854823,55.53669,1,1,2318.585,2318.268,546.7794,300.2414,847.0208,2,0,0,47.02075,800,0,71.71561,203.2799,0.10164,0.1393139,0.3172331,0,250,0.3172331,1771.489,33.26081,50.9261,0,0.1112022,22.27588,485.4393,370.8944,114.5449,675.7996,0,1294.499,0,5.684342e-14,-4.368728e-14,4.263256e-14
naive,2026-01-29 01:45:00,2311,1.75,31.64857,3301.539,57.85475,4.251214,58.2242,1,1,2311.077,2310.76,586.456,311.5882,898.0443,2,51.65251,1.593461,44.79832,800,0,12.99161,200,0.1,0.1280024,0.3172331,0,250,0.3172331,1724.304,31.66396,50.85339,0,2.657753,26.56023,484.639,361.5911,123.0479,678.7491,0,1304.873,0,-5.684342e-14,-5.551115e-16,4.263256e-14
naive,2026-01-29 02:00:00,2312,2,31.47993,3281.168,48.80698,4.879899,47.59701,1,1,2296.818,2296.501,981.6642,425.7498,1407.414,3,56.57958,1.564122,49.27034,800,500,0,324.9685,0.1624843,0.1259371,0.3172331,0,250,0.3172331,1314.836,34.89131,51.03076,0,3.315777,12.7057,479.7823,274.6562,205.1261,703.0601,0,1354.43,0,5.684342e-14,1.24345e-13,4.263256e-14
naive,2026-01-29 02:15:00,2313,2.25,31.36886,3253.773,53.50553,0.5683619,26.33126,1,1,2277.641,2277.324,543.9069,298.975,842.8819,2,0,0,42.88187,800,0,63.90845,308.9402,0.1544701,0.2046279,0.3172331,0,250,0.3172331,1733.417,30.40535,51.14757,0,0,0,474.5653,361.1717,113.3936,660.1467,0,1262.752,0,-5.684342e-14,2.04281e-14,4.263256e-14
naive,2026-01-29 02:30:00,2314,2.5,31.07066,3259.218,44.65698,0,45.61507,1,1,2281.453,2281.135,547.0034,300.3401,847.3435,2,0,0,47.34349,800,0,64.17501,292.8479,0.1464239,0.1945351,0.3172331,0,250,0.3172331,1734.132,33.6818,51.4612,0,0,11.93327,472.1327,358.868,113.2647,661.6776,0,1265.461,0,0,2.745026e-14,4.263256e-14
naive,2026-01-29 02:45:00,2315,2.75,31.07187,3213.427,60.43032,0,52.67329,1,1,2249.399,2249.082,554.2547,303.5368,857.7915,2,0,0,57.79151,800,0,56.38571,278.7053,0.1393527,0.184402,0.3172331,0,250,0.3172331,1694.827,41.11432,51.45992,7.400613,0,11.55896,465.5122,350.7438,114.7685,656.6727,0,1268.219,0,5.684342e-14,2.253753e-14,4.263256e-14
naive,2026-01-29 03:00:00,2316,3,30.90239,3164.064,69.49796,0,26.47933,1,1,2214.845,2214.527,548.2829,300.9042,849.1871,2,0,0,49.1871,800,0,57.79505,264.2127,0.1321063,0.1754967,0.3172331,0,250,0.3172331,1666.244,35.05963,51.63818,13.69855,0,0,456.5995,343.5033,113.0962,644.4075,0,1254.352,0,-5.684342e-14,1.204592e-14,4.263256e-14
naive,2026-01-29 03:15:00,2317,3.25,30.76594,3160.403,66.72491,0,12.03693,1,1,2212.282,2211.965,555.2976,303.9966,859.2942,2,0,0,59.29417,800,0,62.78943,248.4737,0.1242369,0.1663709,0.3172331,0,250,0.3172331,1656.667,42.32847,51.78168,6.932869,0,0,454.6645,340.4755,114.189,644.472,0,1242.649,0,0,4.00513e-14,4.263256e-14
naive,2026-01-29 03:30:00,2318,3.5,30.68399,3204.64,74.09737,0,38.68615,1,1,2243.248,2242.931,553.9014,303.3811,857.2825,2,0,0,57.28249,800,0,71.38543,230.5883,0.1152941,0.1564603,0.3172331,0,250,0.3172331,1689.029,40.92995,51.86787,4.041315,0,0,460.176,346.4845,113.6915,649.8656,0,1248.351,0,0,9.90874e-15,4.263256e-14
naive,2026-01-29 03:45:00,2319,3.75,30.49038,3221.507,79.24079,0,58.83022,1,1,2255.055,2254.738,555.2957,303.9957,859.2914,2,0,0,59.29143,800,0,78.09294,211.0287,0.1055144,0.1451981,0.3172331,0,250,0.3172331,1699.442,42.45722,52.07151,4.915607,0,16.37299,460.5858,347.1041,113.4817,654.444,0,1258.787,0,-5.684342e-14,5.173639e-14,4.263256e-14
naive,2026-01-29 04:00:00,2320,4,30.29629,3223.747,85.39293,0,38.64282,1,1,2256.623,2256.306,581.0691,310.9893,892.0584,2,36.72381,0,55.3346,800,0,43.98207,200,0.1,0.1328817,0.3172331,0,250,0.3172331,1675.236,39.70976,52.27564,4.687044,0,0,458.9049,340.6747,118.2302,651.664,0,1252.603,0,0,-1.360023e-15,4.263256e-14
naive,2026-01-29 04:15:00,2321,4.25,30.20601,3292.379,95.42208,0,34.43608,1,1,2304.665,2304.348,1006.144,432.9657,1439.11,3,86.64199,2.606805,49.86131,800,500,0,324.9685,0.1624843,0.1259371,0.3172331,0,250,0.3172331,1298.203,35.81797,52.37059,8.780091,0,0,467.7301,263.4694,204.2607,696.4351,0,1349.099,0,-5.684342e-14,1.24345e-13,4.263256e-14
naive,2026-01-29 04:30:00,2322,4.5,29.99869,3297.531,106.9036,0,13.32676,1,1,2308.272,2307.955,541.9198,298.099,840.0188,2,0,0,40.0188,800,0,105.6345,298.5087,0.1492544,0.2046279,0.3172331,0,250,0.3172331,1766.035,28.81395,52.58864,3.239767,0,0,466.304,356.7644,109.5396,654.8634,0,1256.153,0,0,-2.220446e-14,4.263256e-14
naive,2026-01-29 04:45:00,2323,4.75,29.87109,3324.233,132.688,1.237236,28.78669,1,1,2326.963,2326.646,546.4446,300.0937,846.5383,2,0,0,46.5383,800,0,135.906,264.4852,0.1322426,0.1879666,0.3172331,0,250,0.3172331,1780.201,33.55557,52.72284,0.6238478,0,0,468.7507,358.6093,110.1414,658.7031,0,1259.169,0,5.684342e-14,-9.681145e-14,4.263256e-14
naive,2026-01-29 05:00:00,2324,5,29.50305,3329.477,154.052,2.795596,32.02928,1,1,2330.634,2330.316,540.1088,297.3006,837.4095,2,0,0,37.40948,800,0,162.0599,223.9286,0.1119643,0.1665425,0.3172331,0,250,0.3172331,1790.208,27.08355,53.10993,0,2.564613,4.945726,465.6923,357.7078,107.9845,655.9967,0,1256.669,0,5.684342e-14,1.454392e-14,4.263256e-14
naive,2026-01-29 05:15:00,2325,5.25,29.35947,3311.797,188.9922,1.85549,44.22786,1,1,2318.258,2317.941,624.4556,321.9535,946.4091,2,105.3412,0.2783971,40.78947,800,0,95.57345,200,0.1,0.1410046,0.3172331,0,250,0.3172331,1693.485,29.57743,53.26094,0,1.577093,14.65042,461.7622,337.3168,124.4454,662.1885,0,1267.179,0,0,6.911138e-15,4.263256e-14
naive,2026-01-29 05:30:00,2326,5.5,29.42419,3327.229,231.5441,4.543643,42.9523,1,1,2329.06,2328.743,1122.255,464.1173,1586.372,4,255.0664,1.043424,30.26228,800,500,0,324.9685,0.1624843,0.1259371,0.3172331,0,250,0.3172331,1206.488,21.92824,53.19287,0,3.500218,21.02406,464.5726,240.6556,223.917,708.9665,0,1364.129,0,5.684342e-14,1.24345e-13,4.263256e-14
naive,2026-01-29 05:45:00,2327,5.75,29.58785,3315.662,277.6788,1.413533,50.83052,1,1,2320.963,2320.646,544.0874,299.0546,843.142,2,0,0,43.14198,800,0,305.4002,248.5673,0.1242837,0.2046279,0.3172331,0,250,0.3172331,1776.558,31.20448,53.02074,0,0.07377918,19.62604,464.626,355.6434,108.9826,658.6269,0,1257.733,0,-5.684342e-14,4.884981e-14,4.263256e-14
naive,2026-01-29 06:00:00,2328,6,29.70171,3273.522,319.3301,0,39.04511,1,1,2291.465,2291.148,651.3803,328.7138,980.0942,2,148.2927,0.6678624,31.13362,800,0,194.1127,200,0.1,0.1565192,0.3172331,0,250,0.3172331,1639.768,22.4905,52.90099,0,0,16.55461,459.8739,329.0848,130.7891,661.121,0,1262.728,0,0,-1.387779e-14,4.263256e-14
naive,2026-01-29 06:15:00,2329,6.25,29.64485,3277.811,356.1586,0,12.83164,1,1,2294.467,2294.15,1227.592,495.7133,1723.306,4,379.8305,1.156192,42.31882,800,500,0,324.9685,0.1624843,0.1259371,0.3172331,0,250,0.3172331,1066.558,30.58978,52.96078,0,0,0,459.8992,213.7791,246.1201,709.4924,0,1359.404,0,1.705303e-13,1.24345e-13,4.263256e-14
naive,2026-01-29 06:30:00,2330,6.5,29.72396,3255.174,375.7479,0,31.12564,1,1,2278.622,2278.304,551.6919,302.407,854.0989,2,0,0,54.09887,800,0,409.9993,222.4175,0.1112088,0.2046279,0.3172331,0,250,0.3172331,1726.613,39.07065,52.87759,0,0,0,457.521,346.684,110.8371,649.091,0,1238.695,0,5.684342e-14,-6.483702e-14,4.263256e-14
naive,2026-01-29 06:45:00,2331,6.75,29.687,3292.271,408.0142,0,43.07301,1,1,2304.589,2304.272,815.8669,378.8569,1194.724,3,336.3467,0.563953,57.81313,800,0,89.53009,200,0.1,0.1400531,0.3172331,0,250,0.3172331,1488.405,41.77022,52.91646,0,0,1.302796,462.3577,298.6109,163.7467,677.7292,0,1295.927,0,1.136868e-13,1.221245e-15,4.263256e-14
naive,2026-01-29 07:00:00,2332,7,29.65234,3317.001,419.2857,0,45.26828,1,1,2321.901,2321.584,1285.935,514.1975,1800.133,4,440.6605,1.591173,57.88097,800,500,0,324.9685,0.1624843,0.1259371,0.3172331,0,250,0.3172331,1035.649,41.83528,52.95291,0,0,3.433004,465.4748,207.6179,257.8568,722.5036,0,1385.435,0,0,1.24345e-13,4.263256e-14
naive,2026-01-29 07:15:00,2333,7.25,29.90008,3317.509,418.7994,0,46.42759,1,1,2322.257,2321.939,554.8033,303.7787,858.5819,2,0,0,58.58192,800,0,437.5371,215.5331,0.1077665,0.2046279,0.3172331,0,250,0.3172331,1767.136,42.22581,52.69235,0,0,4.201783,468.1034,356.2063,111.8971,660.8319,0,1262.385,0,-5.684342e-14,-7.993606e-15,4.263256e-14
naive,2026-01-29 07:30:00,2334,7.5,29.98565,3297.571,404.5963,0,48.36831,1,1,2308.3,2307.982,834.7182,386.1618,1220.88,3,344.8003,0.3819784,75.69764,800,0,61.99664,200,0.1,0.135718,0.3172331,0,250,0.3172331,1473.264,54.51099,52.60235,0,0,0,466.1745,297.5343,168.6402,683.6961,0,1308.214,0,0,-1.665335e-15,4.263256e-14
naive,2026-01-29 07:45:00,2335,7.75,30.09278,3304.026,373.4752,0,45.63477,1,1,2312.818,2312.501,1251.222,506.9354,1758.157,4,373.0633,2.30173,82.79201,800,500,0,324.9685,0.1624843,0.1259371,0.3172331,0,250,0.3172331,1061.279,59.5488,52.48968,0.4119026,0,0,468.2013,214.8428,253.3585,721.7781,0,1385.216,0,-1.136868e-13,1.24345e-13,4.263256e-14
naive,2026-01-29 08:00:00,2336,8,30.28097,3356.535,337.5878,264.2076,73.7885,1,1,2349.574,2349.257,617.5142,331.4247,948.9389,2,0,66.67356,82.26533,800,0,499.6694,200,0.1,0.2046279,0.3172331,0,250,0.3172331,1731.743,59.04612,52.29175,15.38222,20.07023,14.74238,477.6438,352.0451,125.5986,686.4668,0,1375.261,0,0,-7.993606e-15,4.263256e-14
naive,2026-01-29 08:15:00,2337,8.25,30.57822,3394.678,293.0948,266.9389,70.32965,1,1,2376.274,2375.957,1346.453,561.4667,1907.92,4,267.5765,246.0923,94.25102,800,500,0,324.9685,0.1624843,0.1259371,0.3172331,0,250,0.3172331,1029.504,67.42475,51.97912,25.51826,20.84654,2.904894,486.3041,210.6878,275.6163,772.749,0,1567.001,0,0,1.24345e-13,4.263256e-14
naive,2026-01-29 08:30:00,2338,8.5,30.78293,3437.658,252.8199,272.9928,63.13652,1,1,2406.361,2406.044,581.5161,315.555,897.0712,2,0,0,97.07117,800,0,476.2041,205.8663,0.1029332,0.2046279,0.3172331,0,250,0.3172331,1824.528,69.28324,51.76382,27.12303,22.48561,0,494.7413,375.1179,119.6234,690.6729,0,1408.686,0,-5.684342e-14,-7.993606e-15,4.263256e-14
naive,2026-01-29 08:45:00,2339,8.75,30.95262,3425.237,198.3637,275.485,79.00077,1,1,2397.666,2397.349,890.6557,431.3088,1321.964,3,172.5815,251.9783,97.40462,800,0,23.33571,200,0.1,0.129631,0.3172331,0,250,0.3172331,1506.693,69.38901,51.58535,2.446464,23.50674,9.611765,494.8526,310.9653,183.8873,744.2579,0,1475.251,0,0,1.720846e-15,4.263256e-14
naive,2026-01-29 09:00:00,2340,9,31.20902,3489.984,168.2917,273.1713,92.76196,1,1,2442.989,2442.672,1284.786,547.3701,1832.156,4,157.5433,255.957,118.6556,800,500,0,324.9685,0.1624843,0.1259371,0.3172331,0,250,0.3172331,1157.886,84.28438,51.31568,10.74843,17.21427,8.477578,507.1589,240.3745,266.7845,789.5045,0,1569.515,0,2.273737e-13,1.24345e-13,4.263256e-14
naive,2026-01-29 09:15:00,2341,9.25,31.42204,3535.317,152.32,284.5147,105.2613,1,1,2474.722,2474.405,611.5978,328.8165,940.4143,2,0,0,140.4143,800,0,389.9238,227.4364,0.1137182,0.2046279,0.3172331,0,250,0.3172331,1862.807,99.50091,51.09164,24.06174,22.84917,5.760369,516.2581,388.6049,127.6532,718.6231,0,1460.689,0,-5.684342e-14,-7.993606e-15,4.263256e-14
naive,2026-01-29 09:30:00,2342,9.5,31.61563,3551.5,119.4416,284.3736,110.8467,1,1,2486.05,2485.733,807.2989,415.0911,1222.39,3,0,259.7895,162.6005,800,0,109.6025,200,0.1,0.1432134,0.3172331,0,250,0.3172331,1678.434,114.9707,50.88803,14.7323,19.69096,0,520.9354,351.7048,169.2306,766.7959,0,1535.723,0,-5.684342e-14,3.63598e-15,4.263256e-14
naive,2026-01-29 09:45:00,2343,9.75,31.57442,3556.239,89.97299,282.3802,124.9202,1,1,2489.367,2489.05,1282.744,554.1894,1836.933,4,92.65066,263.9516,180.3307,800,500,0,324.9685,0.1624843,0.1259371,0.3172331,0,250,0.3172331,1206.306,127.5668,50.93137,0,18.42869,0,521.1355,252.5337,268.6018,806.723,0,1587.938,0,2.273737e-13,1.24345e-13,4.263256e-14
naive,2026-01-29 10:00:00,2344,10,31.71738,3610.865,73.18376,285.3031,130.283,1,1,2527.606,2527.288,638.8094,340.8127,979.6221,2,0,0,179.6221,800,0,350.6961,237.2433,0.1186217,0.2046279,0.3172331,0,250,0.3172331,1888.479,126.8601,50.78102,0,16.02719,3.422973,530.8882,396.6486,134.2396,738.1802,0,1446.879,0,-5.684342e-14,-7.993606e-15,4.263256e-14
naive,2026-01-29 10:15:00,2345,10.25,31.96474,3607.529,78.90442,290.817,131.3968,1,1,2525.27,2524.953,795.8644,410.0502,1205.915,3,0,194.4918,211.4228,800,0,148.824,200,0.1,0.1493887,0.3172331,0,250,0.3172331,1729.089,148.9013,50.52085,5.716445,20.68914,0,533.4464,365.2583,168.188,775.3086,0,1539.331,0,-1.136868e-13,1.115774e-14,4.263256e-14
naive,2026-01-29 10:30:00,2346,10.5,32.10367,3643.446,79.3874,293.0061,128.855,1,1,2550.412,2550.095,1310.061,568.9942,1879.055,4,69.43312,269.9116,239.7105,800,500,0,324.9685,0.1624843,0.1259371,0.3172331,0,250,0.3172331,1240.034,168.5574,50.37473,9.954282,23.0945,0,540.5023,262.7971,277.7051,831.7913,0,1663.92,0,0,1.24345e-13,4.263256e-14
naive,2026-01-29 10:45:00,2347,10.75,32.61913,3623.287,82.32822,295.21,165.9218,0,1,2536.301,2535.984,694.4489,365.3413,1059.79,3,0,0,259.7902,800,0,339.3547,240.0787,0.1200393,0.2046279,0.3172331,0,250,0.3172331,1841.535,181.6055,49.8326,16.63969,21.5438,0,544.0493,395.0185,149.0308,0,760.3598,4191.784,0,0,-7.993606e-15,4.263256e-14
naive,2026-01-29 11:00:00,2348,11,33.19165,3667.911,73.5563,296.4049,213.0687,0,0,2567.538,2567.221,830.3321,425.2453,1255.577,3,0,175.3906,280.1868,800,0,160.1635,200,0.1,0.151174,0.3172331,0,250,0.3172331,1736.889,194.5805,49.23046,12.27087,22.1362,18.48824,558.2916,377.6732,180.6184,0,806.9387,4442.131,0,-1.136868e-13,-8.90954e-15,4.263256e-14
naive,2026-01-29 11:15:00,2349,11.25,33.68714,3716.031,67.13639,294.5497,238.7274,0,0,2601.222,2600.904,1350.234,588.0572,1938.291,4,58.06026,273.9857,306.2452,800,500,0,324.9685,0.1624843,0.1259371,0.3172331,0,250,0.3172331,1250.671,211.4632,48.70933,9.076134,20.56403,27.26427,572.3997,275.2105,297.1892,0,869.2672,4777.301,0,0,1.24345e-13,4.263256e-14
naive,2026-01-29 11:30:00,2350,11.5,33.84642,3708.659,69.8245,290.7172,248.1855,0,0,2596.061,2595.744,762.8167,395.4812,1158.298,3,0,0,358.2978,800,0,342.0633,239.4015,0.1197008,0.2046279,0.3172331,0,250,0.3172331,1832.927,246.9491,48.54181,5.819027,12.65939,1.236384,573.4751,404.8973,168.5778,0,800.6516,4380.85,0,0,-7.993606e-15,4.263256e-14
naive,2026-01-29 11:45:00,2351,11.75,34.18676,3682.494,58.67494,292.489,273.6442,0,0,2577.746,2577.429,902.764,457.1768,1359.941,3,0,175.0886,384.8522,800,0,157.4554,200,0.1,0.1507476,0.3172331,0,250,0.3172331,1674.665,264.2033,48.18385,8.928664,9.691339,9.440845,574.1778,373.0218,201.156,0,832.3015,4555.571,0,-5.684342e-14,-1.015854e-14,4.263256e-14
naive,2026-01-29 12:00:00,2352,12,34.51584,3651.827,52.11735,293.6643,319.0946,0,0,2556.279,2555.962,1396.905,603.0946,2000,4,58.69109,281.6444,433.4918,726.1727,500,0,324.9685,0.1624843,0.1259371,0.3172331,0,250,0.3172331,1159.056,296.4535,43.42308,0,12.01987,22.6411,574.0245,260.2716,313.7529,0,868.4503,4748.36,0,0,1.24345e-13,4.263256e-14
naive,2026-01-29 12:15:00,2353,12.25,34.83387,3670.003,48.91846,301.427,323.8131,0,0,2569.002,2568.685,837.312,428.3224,1265.634,3,0,0,465.6343,800,0,339.9682,239.9253,0.1199627,0.2046279,0.3172331,0,250,0.3172331,1731.373,317.2502,47.50326,0,17.76714,6.562923,581.4492,391.8663,189.5829,0,821.6741,4496.415,0,5.684342e-14,4.884981e-14,4.263256e-14
naive,2026-01-29 12:30:00,2354,12.5,34.89867,3685.433,49.154,298.2108,332.8367,0,0,2579.803,2579.486,985.8996,493.8271,1479.727,3,0,179.602,500.1247,800,0,159.5502,200,0.1,0.1510775,0.3172331,0,250,0.3172331,1593.586,340.4902,47.43511,0,12.91529,0,584.8373,361.2634,223.5738,0,855.0905,4671.912,0,5.684342e-14,1.373901e-14,4.263256e-14
naive,2026-01-29 12:45:00,2355,12.75,35.28591,3713.2,41.80227,300.038,367.63,0,0,2599.24,2598.923,1402.706,597.2943,2000,4,54.07839,283.7906,556.3231,605.808,500,0,324.9685,0.1624843,0.1259371,0.3172331,0,250,0.3172331,1196.217,377.0272,35.61229,0,16.24745,0,594.9891,273.8247,321.1644,0,871.119,4779.117,0,2.273737e-13,1.24345e-13,4.263256e-14
naive,2026-01-29 13:00:00,2356,13,35.76486,3699.32,57.87808,300.8382,413.0783,0,0,2589.524,2589.207,931.2335,469.7276,1400.961,3,0,0,600.9611,800,0,336.3418,240.8319,0.120416,0.2046279,0.3172331,0,250,0.3172331,1657.973,404.9764,46.5241,2.732531,19.64193,8.101901,600.0011,384.1577,215.8433,0,855.7626,4692.95,0,0,4.884981e-14,4.263256e-14
naive,2026-01-29 13:15:00,2357,13.25,36.12128,3694.394,57.32536,301.5627,454.8949,0,0,2586.076,2585.758,1083.113,536.6836,1619.797,4,0,183.5093,636.2876,800,0,163.176,200,0.1,0.1516483,0.3172331,0,250,0.3172331,1502.645,426.9679,46.14923,0,20.84412,27.92705,604.6954,351.3596,253.3357,0,894.5734,4904.192,0,-2.273737e-13,-8.326673e-16,4.263256e-14
naive,2026-01-29 13:30:00,2358,13.5,36.63636,3730.046,58.19243,299.0342,503.1897,0,0,2611.032,2610.715,1409.89,590.1098,2000,4,64.30567,278.1775,675.1687,482.3482,500,0,324.9685,0.1624843,0.1259371,0.3172331,0,250,0.3172331,1200.825,450.2762,27.49837,0,20.85679,52.91352,618.7279,284.5555,334.1723,0,887.2041,4884.665,0,1.136868e-13,1.24345e-13,4.263256e-14
naive,2026-01-29 13:45:00,2359,13.75,36.82854,3731.962,65.61746,299.3192,528.9658,1,0,2612.373,2612.056,994.2603,497.5129,1491.773,3,0,0,691.7733,800,0,339.9533,239.929,0.1199645,0.2046279,0.3172331,0,250,0.3172331,1617.796,460.2864,45.40538,3.878094,21.10529,68.67939,622.1624,385.2939,236.8684,899.1635,0,1790.342,0,-1.136868e-13,-7.993606e-15,4.263256e-14
naive,2026-01-29 14:00:00,2360,14,37.13919,3742.469,60.66115,292.245,540.2759,1,1,2619.728,2619.411,1136.13,560.056,1696.186,4,0,171.723,724.4631,800,0,159.5651,200,0.1,0.1510798,0.3172331,0,250,0.3172331,1483.281,480.2368,45.07865,7.954725,13.66333,60.03913,629.0334,356.1565,272.8769,930.6288,0,1847.835,0,0,8.104628e-15,4.263256e-14
naive,2026-01-29 14:15:00,2361,14.25,37.51622,3784.203,60.5186,293.4021,557.9246,1,1,2648.942,2648.625,1411.655,588.3453,2000,4,46.59026,276.0235,757.8802,419.506,500,0,324.9685,0.1624843,0.1259371,0.3172331,0,250,0.3172331,1236.97,500.1026,23.43052,13.92834,17.37856,57.82206,642.4457,300.0013,342.4444,902.3701,0,1832.385,0,0,1.24345e-13,4.263256e-14
naive,2026-01-29 14:30:00,2362,14.5,37.59492,3730.752,53.80897,291.7648,560.2978,1,1,2611.527,2611.209,1069.989,530.898,1600.887,4,0,0,800.8875,800,0,330.801,242.2171,0.1211086,0.2046279,0.3172331,0,250,0.3172331,1541.22,527.9776,44.59933,1.827716,12.94504,32.32027,634.704,374.5772,260.1268,913.3304,0,1801.97,0,0,-7.993606e-15,4.263256e-14
naive,2026-01-29 14:45:00,2363,14.75,37.76652,3778.76,52.89268,291.0733,571.6633,1,1,2645.132,2644.815,1187.096,582.5244,1769.621,4,0,160.9455,808.6751,800,0,168.7159,200,0.1,0.1525206,0.3172331,0,250,0.3172331,1457.718,532.0013,44.41886,1.896071,12.4085,39.66198,645.8342,355.9159,289.9183,948.1242,0,1870.952,0,0,-1.110223e-16,4.263256e-14
naive,2026-01-29 15:00:00,2364,15,37.8452,3771.331,62.27167,289.4969,561.4089,1,1,2639.931,2639.614,1414.685,585.3147,2000,4,46.33293,274.8577,818.7313,360.0781,500,0,324.9685,0.1624843,0.1259371,0.3172331,0,250,0.3172331,1224.929,538.1016,19.95557,15.93873,14.63915,23.30735,645.9295,299.7114,346.218,890.7289,0,1811.755,0,0,1.24345e-13,4.263256e-14
naive,2026-01-29 15:15:00,2365,15.25,38.12113,3748.687,53.95264,290.829,582.486,1,1,2624.081,2623.764,1084.207,537.166,1621.373,4,0,0,821.3733,800,0,326.8197,243.2124,0.1216062,0.2046279,0.3172331,0,250,0.3172331,1539.557,538.0249,44.0459,2.072799,15.88917,44.46102,646.855,379.5119,267.3432,927.6378,0,1836.708,0,0,-6.483702e-14,4.263256e-14
naive,2026-01-29 15:30:00,2366,15.5,38.12276,3720.655,61.25465,286.3583,585.2144,1,1,2604.458,2604.141,1199.822,588.1347,1787.957,4,0,148.3304,839.6265,800,0,172.6966,200,0.1,0.1531473,0.3172331,0,250,0.3172331,1404.319,549.9705,44.04419,7.221622,19.36433,35.24393,642.0462,346.1901,295.8561,943.013,0,1882.337,0,0,-1.970646e-15,4.263256e-14
naive,2026-01-29 15:45:00,2367,15.75,38.29705,3742.487,69.79944,285.646,602.9519,1,1,2619.741,2619.424,1416.94,583.0597,2000,4,59.89627,272.1589,829.9717,337.9732,500,0,324.9685,0.1624843,0.1259371,0.3172331,0,250,0.3172331,1202.483,542.4891,18.52975,9.903172,13.48714,60.46277,648.8804,297.8416,351.0388,895.8773,0,1811.257,0,0,1.24345e-13,4.263256e-14
naive,2026-01-29 16:00:00,2368,16,38.34746,3701.337,74.47491,280.7063,586.3969,1,1,2590.936,2590.619,1086.421,538.1419,1624.563,4,0,0,824.563,800,0,341.8682,239.4503,0.1197252,0.2046279,0.3172331,0,250,0.3172331,1504.198,538.6213,43.80786,4.482026,8.831058,47.77562,642.6283,373.0852,269.5431,923.0769,0,1819.835,0,-1.136868e-13,-7.993606e-15,4.263256e-14
naive,2026-01-29 16:15:00,2369,16.25,38.5661,3727.905,74.58471,277.0338,562.8788,1,1,2609.533,2609.216,1218.159,596.2184,1814.377,4,0,200.6141,813.7633,800,0,157.6505,200,0.1,0.1507784,0.3172331,0,250,0.3172331,1391.057,530.1434,43.57791,0,7.177201,32.73538,651.1252,347.0936,304.0316,951.4801,0,1866.316,0,-1.136868e-13,1.887379e-15,4.263256e-14
naive,2026-01-29 16:30:00,2370,16.5,38.58565,3717.047,91.16301,276.2461,572.8341,1,1,2601.933,2601.616,1421.804,578.1965,2000,4,110.1326,267.3698,798.4598,324.0378,500,0,324.9685,0.1624843,0.1259371,0.3172331,0,250,0.3172331,1179.812,520.0487,17.64279,0,8.876297,52.78539,649.5773,294.5423,355.035,885.9167,0,1767.297,0,0,1.24345e-13,4.263256e-14
naive,2026-01-29 16:45:00,2371,16.75,38.6356,3671.44,112.0619,274.8588,555.2639,1,1,2570.008,2569.69,1054.268,523.9672,1578.235,4,0,0,778.2352,800,0,386.4597,228.3024,0.1141512,0.2046279,0.3172331,0,250,0.3172331,1515.422,506.5652,43.50481,0,14.50822,48.69874,642.4884,378.8476,263.6407,914.9893,0,1806.062,0,-2.273737e-13,-7.993606e-15,4.263256e-14
naive,2026-01-29 17:00:00,2372,17,38.72136,3652.54,137.5598,280.6777,537.7277,1,1,2556.778,2556.461,1242.875,602.2944,1845.169,4,40.51711,256.3448,748.3072,800,0,113.0659,200,0.1,0.1437587,0.3172331,0,250,0.3172331,1313.586,486.5711,43.41461,0,24.33293,51.15658,640.6921,329.1659,311.5261,944.2795,0,1881.692,0,-1.136868e-13,-7.771561e-16,4.263256e-14
naive,2026-01-29 17:15:00,2373,17.25,38.66031,3673.375,173.2464,282.3586,517.2558,1,1,2571.362,2571.045,1424.582,575.4177,2000,4,179.3649,254.5322,684.8704,381.2325,500,0,324.9685,0.1624843,0.1259371,0.3172331,0,250,0.3172331,1146.463,445.6572,20.71943,0,27.82645,71.59866,643.2641,286.8045,356.4596,880.1337,0,1784.959,0,0,1.24345e-13,4.263256e-14
naive,2026-01-29 17:30:00,2374,17.5,38.62422,3625.337,203.8268,271.8818,476.8314,1,1,2537.736,2537.419,982.4141,492.2905,1474.705,3,0,0,674.7046,800,0,461.4271,209.5606,0.1047803,0.2046279,0.3172331,0,250,0.3172331,1555.004,439.2369,43.51678,0,16.60941,37.59449,634.2221,388.6213,245.6008,890.3073,0,1760.309,0,-1.705303e-13,-7.993606e-15,4.263256e-14
naive,2026-01-29 17:45:00,2375,17.75,38.59608,3601.605,231.0195,264.416,468.1611,1,1,2521.123,2520.806,1286.939,602.8086,1889.748,4,199.4925,255.6093,634.6459,800,0,38.11038,200,0.1,0.1319572,0.3172331,0,250,0.3172331,1233.867,413.3013,43.54638,0,8.806731,54.85984,629.5833,308.1254,321.4579,924.6338,0,1815.47,0,-1.136868e-13,1.110223e-15,4.263256e-14
naive,2026-01-29 18:00:00,2376,18,38.51753,3588.766,254.7617,0,449.9655,1,1,2512.136,2511.819,1419.705,580.2949,2000,4,272.482,5.648089,595.9581,625.9118,500,0,324.9685,0.1624843,0.1259371,0.3172331,0,250,0.3172331,1092.114,388.4811,34.13488,0,0,61.48442,625.9883,272.1391,353.8492,867.7551,0,1697.108,0,-1.136868e-13,1.24345e-13,4.263256e-14
naive,2026-01-29 18:15:00,2377,18.25,38.51985,3517.732,283.8081,0,417.1038,0,1,2462.413,2462.095,898.1562,455.1455,1353.302,3,0,0,553.3017,800,0,304.7351,248.7336,0.1243668,0.2046279,0.3172331,0,250,0.3172331,1563.939,360.6649,43.62655,0,0,56.43889,613.637,389.736,223.901,0,858.9462,4675.124,0,1.136868e-13,-7.993606e-15,4.263256e-14
naive,2026-01-29 18:30:00,2378,18.5,38.3726,3510.601,320.6552,3.429729,378.3239,0,0,2457.421,2457.104,977.2928,474.5869,1451.88,3,129.8426,0.1587587,521.8783,800,0,194.7777,200,0.1,0.1566239,0.3172331,0,250,0.3172331,1479.811,340.7966,43.78142,0,3.270971,37.52737,609.9311,367.2886,242.6425,0,851.1897,4637.932,0,0,6.994405e-15,4.263256e-14
naive,2026-01-29 18:45:00,2379,18.75,38.31803,3472.977,345.4513,0,345.6172,0,0,2431.084,2430.767,1423.586,576.4141,2000,4,350.0172,0.2768223,474.7099,674.996,500,0,324.9685,0.1624843,0.1259371,0.3172331,0,250,0.3172331,1007.181,310.2019,36.98878,0,0,35.4153,602.4967,249.6101,352.8866,0,834.8012,4549.794,0,0,1.24345e-13,4.263256e-14
naive,2026-01-29 19:00:00,2380,19,38.19548,3412.948,365.7016,3.026582,304.5769,0,0,2389.064,2388.746,805.4932,414.2951,1219.788,3,0,0,419.7883,800,0,380.7382,229.7328,0.1148664,0.2046279,0.3172331,0,250,0.3172331,1583.253,274.7246,43.96771,0,2.109651,29.85228,590.1112,391.0718,199.0394,0,812.7406,4424.249,0,0,-6.483702e-14,4.263256e-14
naive,2026-01-29 19:15:00,2381,19.25,38.01363,3401.986,377.4252,1.891034,289.7996,0,0,2381.39,2381.073,1000.586,467.2529,1467.839,3,277.8147,1.835758,388.1881,800,0,118.7865,200,0.1,0.1446594,0.3172331,0,250,0.3172331,1380.487,254.609,44.15896,0,0.05527567,35.19055,585.3239,339.3111,246.0127,0,815.2135,4434.091,0,-5.684342e-14,-2.88658e-15,4.263256e-14
naive,2026-01-29 19:30:00,2382,19.5,37.75596,3397.884,386.1806,0.3860067,258.4471,0,0,2378.518,2378.201,1426.118,573.8821,2000,4,406.0166,4.990069,373.2721,715.7213,500,0,324.9685,0.1624843,0.1259371,0.3172331,0,250,0.3172331,952.0833,245.5952,39.74934,0,0,12.85186,580.5734,232.3943,348.179,0,809.4135,4407.056,0,0,1.24345e-13,4.263256e-14
naive,2026-01-29 19:45:00,2383,19.75,37.38426,3401.046,383.0984,0.4636413,253.975,0,0,2380.732,2380.415,742.7691,386.6432,1129.412,3,0,0,329.4124,800,0,418.1701,220.3748,0.1101874,0.2046279,0.3172331,0,250,0.3172331,1637.645,217.7172,44.8209,0,0,36.25787,575.3714,395.7835,179.5879,0,791.1895,4301.119,0,-1.705303e-13,-7.993606e-15,4.263256e-14
naive,2026-01-29 20:00:00,2384,20,37.151,3401.515,386.4272,0,227.5719,0,0,2381.061,2380.743,985.5135,456.2737,1441.787,3,314.2523,2.506461,325.0284,800,0,81.36059,200,0.1,0.1387668,0.3172331,0,250,0.3172331,1395.23,215.4263,45.06623,0,0,12.14563,571.9043,335.1187,236.7856,0,794.3097,4318.004,0,0,6.133982e-15,4.263256e-14
naive,2026-01-29 20:15:00,2385,20.25,37.06408,3335.109,352.7408,0,209.2505,0,0,2334.577,2334.259,1403.096,573.9791,1977.075,4,372.305,4.327446,300.4422,800,500,0,324.9685,0.1624843,0.1259371,0.3172331,0,250,0.3172331,931.1637,199.3396,45.15765,0,0,9.910857,559.4545,223.1427,336.3118,0,799.4968,4346.43,0,0,1.24345e-13,4.263256e-14
naive,2026-01-29 20:30:00,2386,20.5,36.84766,3310.05,319.6886,0.6458212,194.1512,0,0,2317.035,2316.718,696.1787,366.1039,1062.283,3,0,0,262.2826,800,0,342.6557,239.2534,0.1196267,0.2046279,0.3172331,0,250,0.3172331,1620.539,174.4753,45.38527,0,0,19.6759,552.1012,386.1407,165.9605,0,756.933,4112.073,0,0,4.884981e-14,4.263256e-14
naive,2026-01-29 20:45:00,2387,20.75,36.8547,3305.005,284.8386,0,185.9113,0,0,2313.503,2313.186,793.5508,392.1858,1185.737,3,141.5991,3.382063,240.7555,800,0,156.8631,200,0.1,0.1506544,0.3172331,0,250,0.3172331,1519.635,160.1415,45.37786,0,0,25.7698,551.3615,362.1643,189.1972,0,760.4917,4131.654,0,0,-4.385381e-15,4.263256e-14
naive,2026-01-29 21:00:00,2388,21,36.52857,3340.366,256.8058,2.288564,166.171,0,0,2338.256,2337.939,1260.942,524.5322,1785.474,4,261.1608,1.846934,222.466,800,500,0,324.9685,0.1624843,0.1259371,0.3172331,0,250,0.3172331,1076.997,148.5564,45.72087,0,0.4416303,17.61458,552.5365,254.4975,298.0391,0,783.192,4256.882,0,2.273737e-13,1.24345e-13,4.263256e-14
naive,2026-01-29 21:15:00,2389,21.25,36.26861,3369.921,235.2868,4.282535,160.3502,0,0,2358.944,2358.627,651.9867,346.6219,998.6086,2,0,0,198.6086,800,0,244.9269,263.6856,0.1318428,0.2046279,0.3172331,0,250,0.3172331,1706.64,133.0382,45.99428,0,1.996802,27.31205,553.6839,400.5772,153.1067,0,753.6097,4096.554,0,5.684342e-14,-7.993606e-15,4.263256e-14
naive,2026-01-29 21:30:00,2390,21.5,35.84523,3372.916,217.824,0,136.557,0,0,2361.041,2360.724,635.4936,339.3509,974.8445,2,0,0,174.8445,800,0,208.5674,211.5023,0.1057511,0.166039,0.3172331,0,250,0.3172331,1725.23,117.712,46.43957,12.00048,0,18.84507,548.1838,400.5619,147.6218,0,744.2883,4062.042,0,5.684342e-14,-3.830269e-14,4.263256e-14
naive,2026-01-29 21:45:00,2391,21.75,35.76311,3369.46,190.0766,0,124.8103,0,0,2358.622,2358.305,741.9446,370.8371,1112.782,3,129.815,4.704697,178.262,800,0,45.87585,200,0.1,0.1331799,0.3172331,0,250,0.3172331,1616.36,120.1299,46.52593,14.38574,0,4.680433,546.4761,374.4992,171.9768,0,746.4208,4077.788,0,1.705303e-13,-2.775558e-16,4.263256e-14
naive,2026-01-29 22:00:00,2392,22,35.35325,3365.705,161.0031,0,122.7228,0,0,2355.994,2355.676,1121.086,476.478,1597.564,4,146.8259,0.03879321,150.6989,800,500,0,324.9685,0.1624843,0.1259371,0.3172331,0,250,0.3172331,1234.591,102.0494,46.957,14.17715,0,20.67346,540.224,283.0889,257.1352,0,764.3073,4175.319,0,0,1.24345e-13,4.263256e-14
naive,2026-01-29 22:15:00,2393,22.25,35.16733,3320.947,135.3303,0,129.0103,0,0,2324.663,2324.346,604.1454,325.5311,929.6765,2,0,0,129.6765,800,0,128.3061,292.8408,0.1464204,0.2046279,0.3172331,0,250,0.3172331,1720.2,88.00645,47.15255,8.150977,0,41.00385,530.5519,392.5969,137.955,0,727.4863,3962.188,0,0,7.727152e-14,4.263256e-14
naive,2026-01-29 22:30:00,2394,22.5,34.95493,3282.24,112.1466,0,120.7147,0,0,2297.568,2297.251,581.9093,315.7283,897.6376,2,0,0,97.63762,800,0,112.2409,264.7345,0.1323673,0.1843976,0.3172331,0,250,0.3172331,1715.341,66.42878,47.37593,0.5044871,0,54.28594,521.5868,389.4115,132.1753,0,717.4637,3893.623,0,0,6.275536e-14,4.263256e-14
naive,2026-01-29 22:45:00,2395,22.75,35.03301,3254.388,86.31325,0.2481245,103.9955,0,0,2278.071,2277.754,585.9868,317.5259,903.5127,2,0,0,103.5127,800,0,108.2214,237.6375,0.1188187,0.1666994,0.3172331,0,250,0.3172331,1691.767,70.36132,47.29381,0,0,33.63417,518.1711,384.8102,133.361,0,709.9865,3851.72,0,-5.684342e-14,4.70457e-14,4.263256e-14
naive,2026-01-29 23:00:00,2396,23,34.94082,3298.993,67.01896,1.823698,100.5514,0,0,2309.295,2308.978,582.1732,315.8447,898.0179,2,0,0,98.01795,800,0,89.58515,215.2038,0.1076019,0.1496368,0.3172331,0,250,0.3172331,1726.805,66.69861,47.39078,0,1.01382,33.85275,524.0645,391.8759,132.1886,0,715.403,3883.151,0,0,-1.040834e-14,4.263256e-14
naive,2026-01-29 23:15:00,2397,23.25,34.77472,3298.435,63.34985,0,86.70534,1,0,2308.904,2308.587,572.4055,310.6822,883.0877,2,7.198829,1.166587,74.72233,800,0,60.67957,200,0.1,0.1355107,0.3172331,0,250,0.3172331,1736.182,50.94585,47.56547,0,0,35.75949,521.8121,392.3769,129.4353,711.1407,0,1368.77,0,5.684342e-14,1.304512e-15,4.263256e-14
naive,2026-01-29 23:30:00,2398,23.5,34.52371,3338.02,50.55891,3.278041,77.93765,1,1,2336.614,2336.297,1003.982,435.6071,1439.589,3,56.42455,0.03853051,83.12635,800,500,0,324.9685,0.1624843,0.1259371,0.3172331,0,250,0.3172331,1332.315,56.84266,47.82947,0,3.239511,21.09499,524.7997,299.2357,225.564,739.5807,0,1430.941,0,1.136868e-13,1.24345e-13,4.263256e-14
naive,2026-01-29 23:45:00,2399,23.75,34.49501,3343.228,47.17628,0.1325797,77.03908,1,1,2340.26,2339.943,568.4264,309.7844,878.2109,2,0,0,78.21086,800,0,58.14667,310.3807,0.1551903,0.2046279,0.3172331,0,250,0.3172331,1771.516,53.49935,47.85966,0,0,23.53973,525.2462,397.5978,127.6484,712.6654,0,1371.489,0,5.684342e-14,5.595524e-14,4.263256e-14
naive,2026-01-30 00:00:00,2400,0,34.17822,3313.779,38.85214,2.644083,72.68479,1,1,2319.645,2319.328,563.0327,307.4066,870.4393,2,0,0,70.43928,800,0,55.50434,296.4557,0.1482279,0.1954422,0.3172331,0,250,0.3172331,1756.295,48.36179,48.19284,0,2.157232,24.323,516.5792,391.1226,125.4566,703.9459,0,1357.396,0,0,1.385003e-14,4.263256e-14
naive,2026-01-30 00:15:00,2401,0.25,33.75297,3274.39,26.10925,0,46.6235,1,1,2292.073,2291.756,547.716,300.6542,848.3702,2,0,0,48.37019,800,0,58.06226,281.8935,0.1409468,0.1866738,0.3172331,0,250,0.3172331,1744.04,33.37429,48.6401,0,0,13.24921,505.1764,384.3891,120.7874,687.9635,0,1321.207,0,5.684342e-14,-7.388534e-14,4.263256e-14
naive,2026-01-30 00:30:00,2402,0.5,33.60415,3235.827,21.89455,0,43.30079,1,1,2265.079,2264.761,544.978,299.4472,844.4253,2,0,0,44.42526,800,0,62.27719,266.2798,0.1331399,0.1775042,0.3172331,0,250,0.3172331,1719.783,30.70526,48.79661,0,0,12.59552,497.4321,377.6803,119.7519,679.8936,0,1304.891,0,-5.684342e-14,1.14464e-13,4.263256e-14
naive,2026-01-30 00:45:00,2403,0.75,33.33833,3256.476,34.04816,0,54.06028,1,1,2279.533,2279.216,566.7332,309.038,875.7712,2,0,0,75.77118,800,0,63.4562,250.3739,0.1251869,0.1676725,0.3172331,0,250,0.3172331,1712.483,52.53166,49.07619,0,0,1.528618,497.4123,373.6774,123.7349,683.0489,0,1310.887,0,5.684342e-14,2.239875e-14,4.263256e-14
naive,2026-01-30 01:00:00,2404,1,32.99671,3287.041,44.57661,0,38.11338,1,1,2300.929,2300.611,562.3402,307.1013,869.4415,2,0,0,69.44154,800,0,65.11832,234.0549,0.1170274,0.1576568,0.3172331,0,250,0.3172331,1738.271,48.33314,49.43548,0,0,0,497.9975,376.2197,121.7778,683.3211,0,1311.027,0,0,3.352874e-14,4.263256e-14
naive,2026-01-30 01:15:00,2405,1.25,32.79646,3246.557,36.65943,0,48.49483,1,1,2272.59,2272.273,557.7665,305.085,862.8514,2,0,0,62.85144,800,0,63.74949,218.0807,0.1090403,0.1473809,0.3172331,0,250,0.3172331,1714.507,43.84694,49.6461,0,0,4.647891,489.5303,369.3156,120.2148,675.4017,0,1294.952,0,5.684342e-14,6.189493e-15,4.263256e-14
naive,2026-01-30 01:30:00,2406,1.5,32.62474,3249.08,42.17721,1.393574,42.41282,1,1,2274.356,2274.039,558.6725,305.4844,864.1569,2,0,0,64.15686,800,0,64.231,201.9886,0.1009943,0.1373222,0.3172331,0,250,0.3172331,1715.367,44.84578,49.8267,0,0,0,487.9254,368.0034,119.922,673.4878,0,1290.921,0,0,-6.367129e-14,4.263256e-14
naive,2026-01-30 01:45:00,2407,1.75,32.19739,3189.874,46.46445,5.524447,40.44514,1,1,2232.912,2232.595,602.7355,318.5776,921.3131,2,53.22817,2.964478,65.12046,800,0,7.827133,200,0.1,0.1271892,0.3172331,0,250,0.3172331,1629.859,45.74198,50.27617,0,2.55997,0,474.2513,346.1681,128.0832,664.7457,0,1277.347,0,0,3.885781e-16,4.263256e-14
naive,2026-01-30 02:00:00,2408,2,32.10531,3246.801,41.41692,10.51279,45.65377,1,1,2272.761,2272.444,986.245,428.2807,1414.526,3,52.27967,3.317172,58.92886,800,500,0,324.9685,0.1624843,0.1259371,0.3172331,0,250,0.3172331,1286.199,41.43627,50.37301,0,7.195618,4.217504,481.6788,272.5912,209.0876,701.7657,0,1359.274,0,0,1.24345e-13,4.263256e-14
naive,2026-01-30 02:15:00,2409,2.25,32.1523,3280.326,46.52648,2.774596,54.27437,1,1,2296.228,2295.911,541.5292,297.9268,839.456,2,0,0,39.45604,800,0,58.45932,310.3025,0.1551513,0.2046279,0.3172331,0,250,0.3172331,1754.382,27.72898,50.32358,0,1.706196,26.54539,487.1861,372.2236,114.9625,675.7825,0,1297.894,0,0,6.217249e-15,4.263256e-14
naive,2026-01-30 02:30:00,2410,2.5,31.90247,3251.547,58.53992,0,30.8044,1,1,2276.083,2275.766,553.2093,303.076,856.2853,2,0,0,56.28534,800,0,53.46794,296.8867,0.1484433,0.195393,0.3172331,0,250,0.3172331,1722.556,39.66879,50.58635,6.049401,0,0,480.1125,363.3526,116.7598,666.4286,0,1286.383,0,-1.136868e-13,1.077471e-13,4.263256e-14
naive,2026-01-30 02:45:00,2411,2.75,31.52337,3288.589,48.97589,0,46.48161,1,1,2302.012,2301.695,560.4893,306.2854,866.7747,2,0,0,66.77472,800,0,58.84298,282.1292,0.1410646,0.1869452,0.3172331,0,250,0.3172331,1741.206,47.26402,50.98506,0,0,0,481.3479,364.0839,117.264,670.3693,0,1283.38,0,-5.684342e-14,-1.029732e-14,4.263256e-14
naive,2026-01-30 03:00:00,2412,3,31.38629,3228.033,45.79844,0,42.55112,1,1,2259.623,2259.306,543.6238,298.8502,842.474,2,0,0,42.47396,800,0,64.47477,265.9661,0.1329831,0.1776526,0.3172331,0,250,0.3172331,1715.682,30.1102,51.12923,0,0,12.44092,470.9994,357.6195,113.3799,659.0629,0,1260.605,0,0,-1.412759e-14,4.263256e-14
naive,2026-01-30 03:15:00,2413,3.25,31.21322,3249.588,62.07817,0,39.75221,1,1,2274.712,2274.394,539.0105,296.8164,835.8269,2,0,0,35.82689,800,0,65.22218,249.6187,0.1248093,0.167475,0.3172331,0,250,0.3172331,1735.384,25.44763,51.31126,0,0,14.30458,472.2703,360.2964,111.974,660.0827,0,1262.44,0,-5.684342e-14,-4.876655e-14,4.263256e-14
naive,2026-01-30 03:30:00,2414,3.5,31.17027,3310.02,57.70082,0,35.50746,1,1,2317.014,2316.696,552.5618,302.7905,855.3523,2,0,0,55.35233,800,0,73.07598,231.3104,0.1156552,0.1571812,0.3172331,0,250,0.3172331,1764.135,39.33546,51.35643,0,0,0,480.5816,365.9066,114.675,668.6971,0,1279.618,0,5.684342e-14,-1.848521e-14,4.263256e-14
naive,2026-01-30 03:45:00,2415,3.75,31.15946,3298.239,60.54673,0,11.31065,1,1,2308.767,2308.45,564.2244,307.932,872.1563,2,0,0,72.15632,800,0,78.87239,211.5559,0.1057779,0.1456528,0.3172331,0,250,0.3172331,1744.225,51.28325,51.3678,0,0,0,478.753,361.688,117.0651,669.6199,0,1281.451,0,0,-5.015433e-14,4.263256e-14
naive,2026-01-30 04:00:00,2416,4,31.02845,3309.484,73.09035,0,30.53137,1,1,2316.639,2316.322,581.0681,310.9126,891.9807,2,37.3653,0,54.61543,800,0,46.09035,200,0.1,0.1332136,0.3172331,0,250,0.3172331,1735.254,38.87375,51.50559,0,0,0,478.9541,358.7555,120.1987,669.668,0,1281.392,0,0,7.21645e-16,4.263256e-14
naive,2026-01-30 04:15:00,2417,4.25,31.12463,3277.302,89.54376,0,11.57706,1,1,2294.111,2293.794,1008.383,433.3662,1441.749,3,91.57223,1.165664,49.01152,800,500,0,324.9685,0.1624843,0.1259371,0.3172331,0,250,0.3172331,1285.411,34.84733,51.40444,0,0,0,475.3363,266.3351,209.0012,699.7013,0,1341.573,0,-5.684342e-14,1.24345e-13,4.263256e-14
naive,2026-01-30 04:30:00,2418,4.5,30.79205,3242.653,102.9999,0.5706922,25.46103,1,1,2269.857,2269.54,533.7873,294.5138,828.3011,2,0,0,28.30111,800,0,106.4472,298.3056,0.1491528,0.2046279,0.3172331,0,250,0.3172331,1735.752,20.19747,51.75423,0,0,5.263556,466.7727,356.9396,109.8331,652.5358,0,1246.848,0,-5.684342e-14,-3.641532e-14,4.263256e-14
naive,2026-01-30 04:45:00,2419,4.75,30.63673,3250.357,122.4384,0.8216668,25.92016,1,1,2275.25,2274.932,543.8848,298.9653,842.8501,2,0,0,42.85013,800,0,134.9975,264.5092,0.1322546,0.1878386,0.3172331,0,250,0.3172331,1731.048,30.63382,51.91758,0,0,0,466.2435,354.7258,111.5177,653.6911,0,1248.975,0,0,-9.7089e-14,4.263256e-14
naive,2026-01-30 05:00:00,2420,5,30.61345,3203.598,152.1191,0,21.02795,1,1,2242.519,2242.202,542.471,298.342,840.813,2,0,0,40.81304,800,0,159.3507,224.6299,0.112315,0.1665576,0.3172331,0,250,0.3172331,1699.73,29.18509,51.94206,0,0,0,459.2953,348.1256,111.1697,646.4677,0,1234.5,0,0,3.919087e-14,4.263256e-14
naive,2026-01-30 05:15:00,2421,5.25,30.63442,3236.104,193.9499,0,11.47654,1,1,2265.273,2264.956,625.6326,323.5505,949.1832,2,96.27839,1.090162,51.81461,800,0,98.37823,200,0.1,0.1414462,0.3172331,0,250,0.3172331,1639.323,37.04354,51.92002,0,0,0,464.1749,335.9122,128.2628,659.4627,0,1260.515,0,0,-4.024558e-15,4.263256e-14
naive,2026-01-30 05:30:00,2422,5.5,30.60908,3270.286,224.2627,0.1311321,38.60552,1,1,2289.2,2288.883,1124.944,466.7985,1591.743,4,242.4937,2.9124,46.3365,800,500,0,324.9685,0.1624843,0.1259371,0.3172331,0,250,0.3172331,1163.939,33.1365,51.94666,0,0,5.469022,468.8101,238.3655,230.4446,706.284,0,1354.128,0,-5.684342e-14,1.24345e-13,4.263256e-14
naive,2026-01-30 05:45:00,2423,5.75,30.67129,3263.689,273.1959,4.019834,38.22926,1,1,2284.582,2284.265,554.5495,303.6668,858.2163,2,0,0,58.21633,800,0,291.1567,252.1282,0.1260641,0.2046279,0.3172331,0,250,0.3172331,1729.715,41.60312,51.88124,0,2.690853,0,468.5209,354.7291,113.7918,658.3959,0,1263.067,0,-5.684342e-14,-6.483702e-14,4.263256e-14
naive,2026-01-30 06:00:00,2424,6,30.52565,3277.066,328.8793,0,31.43915,1,1,2293.946,2293.629,639.3006,326.565,965.8655,2,121.5904,0.2655452,44.00956,800,0,208.3539,200,0.1,0.1587614,0.3172331,0,250,0.3172331,1654.329,31.50182,52.03442,0,0,0,468.9007,338.1578,130.7429,664.7228,0,1270.907,0,-5.684342e-14,-1.271205e-14,4.263256e-14
naive,2026-01-30 06:15:00,2425,6.25,30.26922,3308.881,376.9125,0,28.68716,1,1,2316.217,2315.9,1207.708,488.4764,1696.184,4,366.9754,0.4455286,28.76291,800,500,0,324.9685,0.1624843,0.1259371,0.3172331,0,250,0.3172331,1108.192,20.64735,52.30411,9.937096,0,8.039816,470.7389,225.2246,245.5142,715.335,0,1388.969,0,-5.684342e-14,1.24345e-13,4.263256e-14
naive,2026-01-30 06:30:00,2426,6.5,30.43714,3307.196,400.3168,0,41.04729,1,1,2315.037,2314.72,547.4632,300.5428,848.006,2,0,0,48.00598,800,0,391.2236,227.1115,0.1135557,0.2046279,0.3172331,0,250,0.3172331,1767.257,34.39642,52.1275,9.586794,0,6.650866,472.2721,360.5239,111.7483,662.4235,0,1282.741,0,0,-7.993606e-15,4.263256e-14
naive,2026-01-30 06:45:00,2427,6.75,30.68616,3257.586,430.2509,0,47.86695,1,1,2280.31,2279.993,794.0951,372.6623,1166.757,3,307.7363,0.2653522,58.75576,800,0,108.3028,200,0.1,0.1430088,0.3172331,0,250,0.3172331,1485.898,41.98162,51.86559,14.21173,0,5.885336,467.8017,304.8294,162.9724,678.699,0,1323.564,0,-5.684342e-14,1.110223e-16,4.263256e-14
naive,2026-01-30 07:00:00,2428,7,30.77767,3292.794,449.6353,1.019174,55.26084,1,1,2304.956,2304.639,1277.901,512.0475,1789.948,4,428.9602,0.7502694,60.23798,800,500,0,324.9685,0.1624843,0.1259371,0.3172331,0,250,0.3172331,1026.738,42.99658,51.76935,20.67507,0.268905,12.26426,473.8362,211.0693,262.7669,725.638,0,1429.164,0,0,1.24345e-13,4.263256e-14
naive,2026-01-30 07:15:00,2429,7.25,30.73494,3311.536,434.7818,0,68.92182,1,1,2318.075,2317.758,556.6907,304.6107,861.3014,2,0,0,61.3014,800,0,427.2723,218.0993,0.1090496,0.2046279,0.3172331,0,250,0.3172331,1761.067,43.77658,51.81429,7.989871,0,25.14523,476.0732,361.6781,114.3952,671.453,0,1298.397,0,-5.684342e-14,-7.993606e-15,4.263256e-14
naive,2026-01-30 07:30:00,2430,7.5,30.76976,3337.557,419.7724,0,56.12318,1,1,2336.29,2335.973,822.1739,382.0042,1204.178,3,333.2622,0.1527914,70.76314,800,0,72.25983,200,0.1,0.1373339,0.3172331,0,250,0.3172331,1513.799,50.51369,51.77767,14.2503,0,5.609486,480.1918,311.1402,169.0516,694.2974,0,1354.927,0,0,-5.856426e-15,4.263256e-14
naive,2026-01-30 07:45:00,2431,7.75,30.98914,3371.997,370.8701,0,64.6266,1,1,2360.398,2360.081,1243.05,503.306,1746.356,4,373.2886,1.053035,72.01421,800,500,0,324.9685,0.1624843,0.1259371,0.3172331,0,250,0.3172331,1117.031,51.28037,51.54693,0,0,13.34622,487.5652,230.7345,256.8306,736.7974,0,1415.604,0,5.684342e-14,1.24345e-13,4.263256e-14
naive,2026-01-30 08:00:00,2432,8,31.17137,3414.015,321.3453,261.439,80.17044,1,1,2389.811,2389.494,639.0687,340.927,979.9957,2,0,86.58554,93.41015,800,0,499.6694,200,0.1,0.2046279,0.3172331,0,250,0.3172331,1750.425,66.37996,51.35528,0,5.722904,13.79047,495.6931,363.0721,132.6211,706.8595,0,1365.816,0,0,-7.993606e-15,4.263256e-14
naive,2026-01-30 08:15:00,2433,8.25,31.50898,3427.113,269.0818,271.353,84.87528,1,1,2398.979,2398.662,1367.098,568.9111,1936.009,4,281.5059,258.1607,96.34278,800,500,0,324.9685,0.1624843,0.1259371,0.3172331,0,250,0.3172331,1031.564,68.20377,51.0002,0,13.19227,16.67151,501.4576,215.6273,285.8303,788.0232,0,1541.428,0,0,1.24345e-13,4.263256e-14
naive,2026-01-30 08:30:00,2434,8.5,31.90014,3449.867,222.3789,273.7885,95.31267,1,1,2414.907,2414.589,581.4092,315.5079,896.9171,2,0,4.486457,92.4306,800,0,499.6694,200,0.1,0.2046279,0.3172331,0,250,0.3172331,1833.18,65.14499,50.5888,0,10.35682,30.16768,509.3681,386.6665,122.7016,708.5376,0,1378.028,0,-5.684342e-14,-7.993606e-15,4.263256e-14
naive,2026-01-30 08:45:00,2435,8.75,32.24723,3432.101,182.3388,277.5212,91.6744,1,1,2402.471,2402.153,1312.713,554.9399,1867.652,4,197.4037,265.4038,104.8449,800,500,0,324.9685,0.1624843,0.1259371,0.3172331,0,250,0.3172331,1089.441,73.60345,50.22375,0,12.11742,18.07095,510.8591,231.6577,279.2014,790.4401,0,1545.281,0,1.136868e-13,1.24345e-13,4.263256e-14
naive,2026-01-30 09:00:00,2436,9,32.41495,3462.966,145.1665,282.5145,110.6518,1,1,2424.076,2423.759,600.8697,324.087,924.9567,2,0,0,124.9567,800,0,429.5945,217.5187,0.1087594,0.2046279,0.3172331,0,250,0.3172331,1822.889,87.55475,50.04735,0,16.52133,23.09706,517.4834,389.1441,128.3393,718.1618,0,1408.52,0,0,-6.483702e-14,4.263256e-14
naive,2026-01-30 09:15:00,2437,9.25,32.75805,3491.548,123.0628,278.8818,119.1461,1,1,2444.083,2443.766,861.1105,430.2847,1291.395,3,71.69878,274.7995,144.897,800,0,69.93792,200,0.1,0.1369684,0.3172331,0,250,0.3172331,1582.656,101.1287,49.68649,0,4.08235,18.0173,525.9923,340.6041,185.3883,774.7663,0,1500.677,0,-5.684342e-14,-6.800116e-15,4.263256e-14
naive,2026-01-30 09:30:00,2438,9.5,33.039,3552.527,105.518,278.586,140.6768,1,1,2486.769,2486.452,1292.459,556.0636,1848.523,4,112.9005,276.0523,159.5698,800,500,0,324.9685,0.1624843,0.1259371,0.3172331,0,250,0.3172331,1193.993,111.0108,49.391,0,2.533662,29.66598,538.7621,258.6803,280.0818,821.171,0,1591.148,0,-2.273737e-13,1.24345e-13,4.263256e-14
naive,2026-01-30 09:45:00,2439,9.75,33.28955,3565.523,89.8565,278.3312,151.0359,1,1,2495.866,2495.549,638.0264,340.4675,978.4939,2,0,0,178.4939,800,0,365.8103,233.4648,0.1167324,0.2046279,0.3172331,0,250,0.3172331,1857.523,123.8183,49.12749,0,3.74897,27.21762,543.9811,404.8523,139.1288,751.2519,0,1453.702,0,0,-7.993606e-15,4.263256e-14
naive,2026-01-30 10:00:00,2440,10,33.54303,3553.185,71.01915,284.2574,161.2885,1,1,2487.23,2486.912,794.7316,409.5509,1204.282,3,0,221.9165,182.366,800,0,133.7121,200,0.1,0.1470093,0.3172331,0,250,0.3172331,1692.181,126.1345,48.86089,0,5.63677,35.154,545.4132,371.0706,174.3426,788.3302,0,1531.415,0,0,-9.464651e-15,4.263256e-14
naive,2026-01-30 10:15:00,2441,10.25,33.76787,3578.891,60.4431,289.4854,186.5699,1,1,2505.223,2504.906,1294.849,561.4672,1856.316,4,76.33305,282.0405,197.9427,800,500,0,324.9685,0.1624843,0.1259371,0.3172331,0,250,0.3172331,1210.057,136.5522,48.62442,0,7.444939,50.01767,552.3546,266.7948,285.5598,839.29,0,1636.72,0,1.136868e-13,1.24345e-13,4.263256e-14
naive,2026-01-30 10:30:00,2442,10.5,33.87872,3574.152,60.29695,287.1975,203.1943,1,1,2501.906,2501.589,658.979,349.7044,1008.683,3,0,0,208.6834,800,0,358.0597,235.4024,0.1177012,0.2046279,0.3172331,0,250,0.3172331,1842.61,143.7766,48.50783,0,4.057846,59.41769,553.1103,407.356,145.7543,770.1962,0,1492.821,0,0,-7.993606e-15,4.263256e-14
naive,2026-01-30 10:45:00,2443,10.75,34.17403,3618.378,57.41477,284.745,232.0686,1,1,2532.865,2532.547,838.3184,428.766,1267.084,3,0,219.408,247.6764,800,0,141.4615,200,0.1,0.1482295,0.3172331,0,250,0.3172331,1694.229,170.0565,48.19725,0,0,62.01208,564.0047,377.2619,186.7429,819.8364,0,1585.451,0,-1.136868e-13,-7.21645e-16,4.263256e-14
naive,2026-01-30 11:00:00,2444,11,34.32496,3605.601,73.83174,289.9281,261.3599,1,0,2523.921,2523.604,1359.134,590.7917,1949.926,4,68.05653,286.9893,294.8797,800,500,0,324.9685,0.1624843,0.1259371,0.3172331,0,250,0.3172331,1164.47,202.1107,48.03851,5.775211,2.938793,59.2492,564.0986,260.2601,303.8386,864.294,0,1689.576,0,0,1.24345e-13,4.263256e-14
naive,2026-01-30 11:15:00,2445,11.25,34.57217,3646.892,66.19739,294.2617,293.6743,0,0,2552.825,2552.507,741.5548,386.1079,1127.663,3,0,0,327.6627,800,0,348.7316,237.7344,0.1188672,0.2046279,0.3172331,0,250,0.3172331,1810.953,223.9321,47.77851,3.313993,8.413437,69.74222,574.0475,407.2245,166.823,0,809.0152,4416.063,0,0,4.884981e-14,4.263256e-14
naive,2026-01-30 11:30:00,2446,11.5,34.92954,3634.55,56.35128,293.8798,301.3289,0,0,2544.185,2543.868,903.5312,457.515,1361.046,3,0,201.9377,359.1086,800,0,150.7881,200,0.1,0.1496979,0.3172331,0,250,0.3172331,1640.337,244.3963,47.40264,0,8.304767,56.93265,577.2072,372.1483,205.0589,0,842.5798,4595.187,0,-5.684342e-14,-1.387779e-15,4.263256e-14
naive,2026-01-30 11:45:00,2447,11.75,35.28251,3664.64,46.49896,290.7167,338.8888,0,0,2565.248,2564.931,1394.611,605.3892,2000,4,54.62681,288.6975,392.3555,764.3202,500,0,324.9685,0.1624843,0.1259371,0.3172331,0,250,0.3172331,1170.32,265.915,44.93382,0,2.019233,72.97383,587.1579,267.8738,319.2841,0,889.9659,4847.745,0,2.273737e-13,1.24345e-13,4.263256e-14
naive,2026-01-30 12:00:00,2448,12,35.29416,3673.864,50.42067,287.0145,331.3155,0,0,2571.705,2571.388,827.4295,423.9657,1251.395,3,0,0,451.3953,800,0,343.9369,238.9331,0.1194666,0.2046279,0.3172331,0,250,0.3172331,1743.958,305.8865,47.01915,0,0,25.42899,588.8086,399.2906,189.518,0,829.0784,4507.035,0,1.136868e-13,-7.993606e-15,4.263256e-14
naive,2026-01-30 12:15:00,2449,12.25,35.45767,3709.496,54.69275,287.0274,343.091,0,0,2596.647,2596.33,972.9634,488.1242,1461.088,3,0,190.5347,470.5529,800,0,155.582,200,0.1,0.1504527,0.3172331,0,250,0.3172331,1623.367,318.2531,46.84719,2.546999,0,24.83787,596.9775,373.2172,223.7603,0,867.0517,4720.475,0,1.136868e-13,-1.051936e-14,4.263256e-14
naive,2026-01-30 12:30:00,2450,12.5,35.56507,3711.716,55.31751,294.3275,390.1087,0,0,2598.201,2597.884,1399.577,600.4226,2000,4,51.22541,293.0216,493.6138,662.1392,500,0,324.9685,0.1624843,0.1259371,0.3172331,0,250,0.3172331,1198.307,333.426,38.68071,4.092101,1.3059,56.68272,598.9617,276.2449,322.7168,0,889.7346,4859.336,0,0,1.24345e-13,4.263256e-14
naive,2026-01-30 12:45:00,2451,12.75,35.84615,3767.088,47.58905,299.9514,390.7716,0,0,2636.962,2636.644,894.9913,453.7503,1348.742,3,0,0,548.7416,800,0,340.5731,239.7741,0.119887,0.2046279,0.3172331,0,250,0.3172331,1741.653,369.4297,46.4386,0.3443708,6.622962,21.34192,612.2611,404.3845,207.8766,0,863.09,4706.77,0,-1.136868e-13,-7.993606e-15,4.263256e-14
naive,2026-01-30 13:00:00,2452,13,35.99047,3772.778,41.56723,302.1518,414.2755,0,0,2640.945,2640.628,1067.969,530.0072,1597.976,4,0,190.1393,607.8368,800,0,158.9453,200,0.1,0.1509822,0.3172331,0,250,0.3172331,1572.659,408.5127,46.28681,0,9.578016,5.762854,615.4545,366.4976,248.9569,0,897.8478,4902.612,0,0,-4.440892e-16,4.263256e-14
naive,2026-01-30 13:15:00,2453,13.25,36.34527,3824.601,45.84376,299.5404,441.6753,0,0,2677.221,2676.904,1409.414,590.5862,2000,4,61.29823,292.7248,659.187,486.7899,500,0,324.9685,0.1624843,0.1259371,0.3172331,0,250,0.3172331,1267.49,441.1529,27.93788,0,6.81552,0.5223791,629.6349,298.0912,331.5438,0,888.8002,4868.728,0,0,1.24345e-13,4.263256e-14
naive,2026-01-30 13:30:00,2454,13.5,36.51126,3811.336,67.56517,304.8003,463.3637,0,0,2667.935,2667.618,1012.752,505.6649,1518.417,4,0,0,718.4167,800,0,351.2212,237.1121,0.118556,0.2046279,0.3172331,0,250,0.3172331,1654.866,479.8377,45.73908,6.563733,14.58058,0,630.1571,390.8737,239.2834,0,896.5385,4915.979,0,-5.684342e-14,4.884981e-14,4.263256e-14
naive,2026-01-30 13:45:00,2455,13.75,36.78758,3782.936,63.88263,311.7405,503.8774,0,0,2648.055,2647.738,1176.302,577.7656,1754.067,4,0,206.0189,748.0482,800,0,148.2989,200,0.1,0.149306,0.3172331,0,250,0.3172331,1471.437,497.9752,45.44846,0,21.31928,5.902174,629.9844,350.0615,279.9229,0,929.2312,5096.418,0,-1.136868e-13,-2.858824e-15,4.263256e-14
naive,2026-01-30 14:00:00,2456,14,36.86799,3736.247,65.61262,305.5285,520.6312,0,1,2615.373,2615.056,1414.434,585.5659,2000,4,57.01171,286.7029,774.1474,382.138,500,0,324.9685,0.1624843,0.1259371,0.3172331,0,250,0.3172331,1200.622,514.8514,21.66908,8.600903,18.82551,5.77979,623.5213,286.2357,337.2856,0,873.1795,4825.42,0,0,1.24345e-13,4.263256e-14
naive,2026-01-30 14:15:00,2457,14.25,36.96979,3729.925,67.43413,299.4792,522.7501,1,1,2610.948,2610.631,1073.64,532.5073,1606.147,4,0,0,806.147,800,0,340.3493,239.83,0.119915,0.2046279,0.3172331,0,250,0.3172331,1536.991,535.4764,45.25681,13.23556,13.32844,0,624.1325,367.4091,256.7234,899.9163,0,1794.742,0,0,-7.993606e-15,4.263256e-14
naive,2026-01-30 14:30:00,2458,14.5,37.12091,3769.176,59.13593,295.8293,538.6188,1,1,2638.423,2638.106,1214.203,594.4746,1808.678,4,0,180.3539,828.324,800,0,159.1691,200,0.1,0.1510174,0.3172331,0,250,0.3172331,1423.903,549.206,45.09788,6.120766,9.321453,0,633.2165,341.7339,291.4826,936.2085,0,1848.32,0,-1.136868e-13,3.191891e-15,4.263256e-14
naive,2026-01-30 14:45:00,2459,14.75,37.35207,3790.442,59.22694,297.2198,562.9653,1,1,2653.31,2652.993,1417.24,582.7599,2000,4,52.14831,286.066,842.1073,319.6784,500,0,324.9685,0.1624843,0.1259371,0.3172331,0,250,0.3172331,1235.752,556.7874,17.92387,7.07863,11.15381,6.177895,640.6991,298.3992,342.2999,882.6509,0,1776.588,0,2.273737e-13,1.24345e-13,4.263256e-14
naive,2026-01-30 15:00:00,2460,15,37.24796,3771.915,51.42692,291.3692,555.3084,1,1,2640.34,2640.023,1096.153,542.4321,1638.585,4,0,0,838.5848,800,0,338.5181,240.2878,0.1201439,0.2046279,0.3172331,0,250,0.3172331,1543.87,555.1568,44.96425,0,7.956189,0.151635,635.8093,371.773,264.0363,914.2415,0,1791.623,0,2.273737e-13,4.884981e-14,4.263256e-14
naive,2026-01-30 15:15:00,2461,15.25,37.40894,3745.219,45.14222,295.643,542.4679,1,1,2621.653,2621.336,1232.63,602.5977,1835.227,4,0,176.2131,859.0141,800,0,161.0001,200,0.1,0.1513057,0.3172331,0,250,0.3172331,1388.706,567.5751,44.79495,0,11.45072,0,634.0126,335.8405,298.1721,938.4382,0,1846.235,0,2.273737e-13,-4.385381e-15,4.263256e-14
naive,2026-01-30 15:30:00,2462,15.5,37.35816,3709.519,52.65067,286.9354,528.3883,1,1,2596.663,2596.346,1419.005,580.9952,2000,4,57.69904,278.1416,869.92,294.2393,500,0,324.9685,0.1624843,0.1259371,0.3172331,0,250,0.3172331,1177.341,575.1343,16.49519,0,8.79382,0,627.1221,284.3406,342.7815,865.3358,0,1727.284,0,0,1.24345e-13,4.263256e-14
naive,2026-01-30 15:45:00,2463,15.75,37.50393,3642.286,64.13987,286.1582,523.529,1,1,2549.6,2549.283,1125.805,555.5042,1681.309,4,0,0,881.3089,800,0,345.2509,238.6046,0.1193023,0.2046279,0.3172331,0,250,0.3172331,1423.478,581.6362,44.69504,0,6.044328,0,618.1497,345.1218,273.0279,900.6259,0,1761.396,0,0,4.884981e-14,4.263256e-14
naive,2026-01-30 16:00:00,2464,16,37.3806,3638.687,75.41591,285.9292,515.8577,1,1,2547.081,2546.764,1250.287,610.3822,1860.669,4,0,195.5171,865.1524,800,0,154.2683,200,0.1,0.1502458,0.3172331,0,250,0.3172331,1296.476,571.8269,44.82475,2.97318,8.586593,0,615.5144,313.2998,302.2146,923.6819,0,1816.877,0,0,7.71605e-15,4.263256e-14
naive,2026-01-30 16:15:00,2465,16.25,37.41962,3636.38,87.90438,284.5114,509.4405,1,1,2545.466,2545.149,1420.443,579.557,2000,4,80.76945,274.4039,841.5019,303.3248,500,0,324.9685,0.1624843,0.1259371,0.3172331,0,250,0.3172331,1124.706,555.9324,16.98001,7.134924,10.10755,0,615.7627,272.0727,343.69,851.6297,0,1713.9,0,2.273737e-13,1.24345e-13,4.263256e-14
naive,2026-01-30 16:30:00,2466,16.5,37.65249,3559.141,98.42158,282.1958,495.406,1,1,2491.399,2491.082,1099.14,543.7492,1642.89,4,0,0,842.8897,800,0,372.6489,231.7551,0.1158776,0.2046279,0.3172331,0,250,0.3172331,1391.941,555.2789,44.53879,0,9.365519,0,606.4416,338.8181,267.6235,882.5673,0,1731.184,0,0,-7.993606e-15,4.263256e-14
naive,2026-01-30 16:45:00,2467,16.75,37.89867,3561.909,123.4319,278.0169,495.3045,1,1,2493.336,2493.019,1263.639,616.268,1879.907,4,0,260.3691,819.5374,800,0,126.8746,200,0.1,0.1459328,0.3172331,0,250,0.3172331,1229.381,538.2809,44.27987,5.070048,9.135026,0,610.9402,301.2341,309.7061,917.5022,0,1809.693,0,0,6.911138e-15,4.263256e-14
naive,2026-01-30 17:00:00,2468,17,37.80774,3586.458,158.2781,268.1505,487.8256,1,1,2510.521,2510.203,1426.252,573.7478,2000,4,144.8097,270.2357,791.7948,293.1598,500,0,324.9685,0.1624843,0.1259371,0.3172331,0,250,0.3172331,1083.951,520.6352,16.26139,13.46843,0,0,613.6469,264.9503,348.6966,838.6981,0,1682.335,0,-1.136868e-13,1.24345e-13,4.263256e-14
naive,2026-01-30 17:15:00,2469,17.25,38.05025,3568.242,176.7009,257.0138,490.2751,1,1,2497.769,2497.452,1031.495,513.9277,1545.423,4,0,0,745.4225,800,0,446.4333,213.309,0.1066545,0.2046279,0.3172331,0,250,0.3172331,1465.957,488.6975,44.12045,0.6044093,0,1.577575,614.5371,360.6759,253.8613,874.9917,0,1701.391,0,0,-7.993606e-15,4.263256e-14
naive,2026-01-30 17:30:00,2470,17.5,37.99859,3534.399,186.9865,260.4488,460.6814,1,1,2474.08,2473.762,1306.45,617.0709,1923.521,4,151.9052,264.9919,706.6236,800,0,53.10184,200,0.1,0.1343176,0.3172331,0,250,0.3172331,1167.312,463.553,44.17478,0,0,0,607.8589,286.7981,321.0608,903.8689,0,1758.041,0,-1.136868e-13,-1.665335e-15,4.263256e-14
naive,2026-01-30 17:45:00,2471,17.75,37.98971,3492.746,225.8554,260.2791,418.4375,1,1,2444.922,2444.605,1432.066,567.9338,2000,4,234.1837,261.0572,681.1253,323.6338,500,0,324.9685,0.1624843,0.1259371,0.3172331,0,250,0.3172331,1012.539,446.8743,17.87434,0,0,0,600.551,248.7119,351.8391,816.6457,0,1613.183,0,-2.273737e-13,1.24345e-13,4.263256e-14
naive,2026-01-30 18:00:00,2472,18,38.02412,3504.622,263.6148,0,400.9276,1,1,2453.236,2452.918,964.0909,484.2127,1448.304,3,0,0,648.3036,800,0,265.4567,258.5532,0.1292766,0.2046279,0.3172331,0,250,0.3172331,1488.827,425.1621,44.14794,0.7330028,0,0,603.1537,366.0438,237.1098,850.2566,0,1652.111,0,-1.136868e-13,-6.483702e-14,4.263256e-14
naive,2026-01-30 18:15:00,2473,18.25,37.98877,3456.281,308.254,0,391.8721,0,1,2419.397,2419.08,977.36,483.0935,1460.454,3,58.58238,0.6415184,601.2296,800,0,234.0499,200,0.1,0.1628072,0.3172331,0,250,0.3172331,1441.72,394.4607,44.18511,15.62168,0,0,594.266,354.1234,240.1426,0,837.2169,4581.932,0,-1.136868e-13,-2.275957e-15,4.263256e-14
naive,2026-01-30 18:30:00,2474,18.5,37.96842,3448.509,316.4285,0,379.903,0,0,2413.957,2413.639,1424.044,575.9565,2000,4,322.3778,1.95229,554.0219,621.6479,500,0,324.9685,0.1624843,0.1259371,0.3172331,0,250,0.3172331,989.5959,363.5784,34.35111,0,0,16.3246,592.6039,242.9366,349.6673,0,822.9006,4487.308,0,0,1.24345e-13,4.263256e-14
naive,2026-01-30 18:45:00,2475,18.75,37.90916,3467.479,356.2989,0.5109965,353.594,0,0,2427.235,2426.918,864.3433,440.2391,1304.582,3,0,0,504.5825,800,0,347.5293,238.035,0.1190175,0.2046279,0.3172331,0,250,0.3172331,1562.575,331.3728,44.26884,8.88493,0.3956539,22.22118,594.9117,382.9847,211.927,0,828.6702,4523.893,0,0,-7.993606e-15,4.263256e-14
naive,2026-01-30 19:00:00,2476,19,37.91992,3471.129,397.3892,5.780471,310.3046,0,0,2429.79,2429.473,995.258,471.7705,1467.029,3,220.0946,2.07858,444.8553,800,0,151.9902,200,0.1,0.1498872,0.3172331,0,250,0.3172331,1434.215,292.1101,44.25752,25.30437,3.701891,18.19453,595.7108,351.6259,244.0848,0,827.8572,4553.461,0,-5.684342e-14,-5.800915e-15,4.263256e-14
naive,2026-01-30 19:15:00,2477,19.25,37.83002,3439.419,397.3174,1.442091,292.3708,0,0,2407.593,2407.276,1425.571,574.4289,2000,4,386.1472,1.852397,417.5752,694.4253,500,0,324.9685,0.1624843,0.1259371,0.3172331,0,250,0.3172331,981.7051,274.4971,38.49901,11.17022,0,17.87364,588.8411,240.1021,348.7389,0,818.9025,4479.921,0,2.273737e-13,1.24345e-13,4.263256e-14
naive,2026-01-30 19:30:00,2478,19.5,37.63971,3481.255,400.8492,4.674697,266.2174,0,0,2436.878,2436.561,780.679,403.3558,1184.035,3,0,0,384.0348,800,0,397.7284,225.4853,0.1127426,0.2046279,0.3172331,0,250,0.3172331,1655.882,253.0337,44.55224,5.607666,2.187776,13.18369,592.9675,402.9271,190.0404,0,809.4909,4415.526,0,-5.684342e-14,-7.993606e-15,4.263256e-14
naive,2026-01-30 19:45:00,2479,19.75,37.36198,3482.477,381.5586,1.908874,239.0918,0,0,2437.734,2437.417,994.4509,462.6691,1457.12,3,293.6123,3.930151,359.5776,800,0,101.799,200,0.1,0.1419848,0.3172331,0,250,0.3172331,1442.966,237.7182,44.84433,0,0,1.37359,588.7987,348.5272,240.2716,0,811.528,4412.954,0,0,5.273559e-16,4.263256e-14
naive,2026-01-30 20:00:00,2480,20,37.06677,3445.78,381.5311,0,208.0663,0,0,2412.046,2411.729,1421.913,578.0873,2000,4,390.7193,1.130006,335.1358,773.0149,500,0,324.9685,0.1624843,0.1259371,0.3172331,0,250,0.3172331,989.8161,222.3512,43.63169,0,0,0,578.0602,237.2149,340.8453,0,815.3022,4435.076,0,0,1.24345e-13,4.263256e-14
naive,2026-01-30 20:15:00,2481,20.25,36.88298,3454.206,354.5048,0,190.4998,0,0,2417.944,2417.627,728.2291,380.2333,1108.462,3,0,0,308.4624,800,0,363.6973,233.993,0.1169965,0.2046279,0.3172331,0,250,0.3172331,1689.398,205.1078,45.34812,0,0,0,576.6796,402.9213,173.7583,0,783.1546,4256.334,0,0,-7.993606e-15,4.263256e-14
naive,2026-01-30 20:30:00,2482,20.5,36.78868,3416.318,334.1387,0,190.9061,0,0,2391.423,2391.106,858.5635,414.6893,1273.253,3,193.3593,1.40356,278.4898,800,0,135.8248,200,0.1,0.147342,0.3172331,0,250,0.3172331,1532.542,185.3881,45.4473,4.954562,0,5.518025,568.9468,364.6093,204.3375,0,780.6113,4250.781,0,-1.136868e-13,-1.196265e-14,4.263256e-14
naive,2026-01-30 20:45:00,2483,20.75,36.62996,3391.442,319.4806,0,167.7735,0,0,2374.009,2373.692,1311.609,543.3143,1854.923,4,291.0404,1.539795,262.3429,800,500,0,324.9685,0.1624843,0.1259371,0.3172331,0,250,0.3172331,1062.083,174.9723,45.61423,28.44011,0,0,562.4676,251.6365,310.8311,0,794.9508,4369.973,0,0,1.24345e-13,4.263256e-14
naive,2026-01-30 21:00:00,2484,21,36.37908,3364.164,269.8395,0,161.1902,0,0,2354.915,2354.598,678.5972,358.3531,1036.95,3,0,0,236.9503,800,0,260.8139,259.7139,0.1298569,0.2046279,0.3172331,0,250,0.3172331,1676,158.512,45.8781,11.10756,0,2.6782,554.3191,394.5107,159.8084,0,753.4942,4111.766,0,1.136868e-13,-1.216804e-13,4.263256e-14
naive,2026-01-30 21:15:00,2485,21.25,36.21275,3351.611,240.728,1.523163,143.2594,0,0,2346.128,2345.811,670.0082,354.5482,1024.556,3,0.1552486,3.370557,221.0305,800,0,238.692,200,0.1,0.163538,0.3172331,0,250,0.3172331,1675.802,148.1563,46.05303,1.880818,0,0,549.8826,392.7726,157.1101,0,747.3207,4061.699,0,1.136868e-13,-1.412759e-14,4.263256e-14
naive,2026-01-30 21:30:00,2486,21.5,35.90805,3331.376,210.106,0.9555723,138.2325,0,0,2331.963,2331.646,1200.29,503.5716,1703.861,4,212.5907,1.231716,190.0388,800,500,0,324.9685,0.1624843,0.1259371,0.3172331,0,250,0.3172331,1131.356,127.8458,46.3735,0,0,10.38662,542.3025,263.0991,279.2034,0,769.0862,4177.804,0,-5.684342e-14,1.24345e-13,4.263256e-14
naive,2026-01-30 21:45:00,2487,21.75,35.68382,3322.46,187.2372,6.810673,122.5015,0,0,2325.722,2325.405,640.4975,341.5569,982.0543,2,0,0,182.0543,800,0,185.7841,278.4713,0.1392357,0.2046279,0.3172331,0,250,0.3172331,1684.907,122.801,46.60933,3.589442,4.67426,0,537.7665,389.5938,148.1728,0,731.1506,3983.148,0,5.684342e-14,7.727152e-14,4.263256e-14
naive,2026-01-30 22:00:00,2488,22,35.49501,3296.691,159.7203,2.854925,104.6379,0,0,2307.684,2307.366,630.2311,337.0309,967.262,2,0,0,167.262,800,0,154.6369,239.7683,0.1198841,0.1753493,0.3172331,0,250,0.3172331,1677.135,113.0758,46.80791,5.083484,2.854925,0,531.0454,385.9432,145.1021,0,722.9742,3937.393,0,5.684342e-14,-5.7232e-14,4.263256e-14
naive,2026-01-30 22:15:00,2489,22.25,35.19244,3248.679,118.4862,1.538174,71.24037,0,0,2274.075,2273.758,626.8891,335.5577,962.4468,2,0,0,162.4468,800,0,132.2509,206.6678,0.1033339,0.1509786,0.3172331,0,250,0.3172331,1646.869,110.2137,47.12614,0,1.027977,0,519.3338,376.0978,143.236,0,711.6554,3862.861,0,0,-5.534462e-14,4.263256e-14
naive,2026-01-30 22:30:00,2490,22.5,35.1042,3294.071,100.8426,2.478803,50.8087,0,0,2305.85,2305.533,678.501,348.1424,1026.643,3,85.47735,0.2468796,140.9192,800,0,26.54112,200,0.1,0.1301357,0.3172331,0,250,0.3172331,1627.032,95.70761,47.21894,0,2.231923,0,525.4255,370.7457,154.6798,0,718.8881,3904.613,0,1.136868e-13,1.360023e-15,4.263256e-14
naive,2026-01-30 22:45:00,2491,22.75,34.98166,3313.779,81.40521,0,65.1727,0,0,2319.646,2319.328,1067.603,458.9598,1526.563,4,95.88823,0.5132847,130.1617,800,500,0,324.9685,0.1624843,0.1259371,0.3172331,0,250,0.3172331,1251.725,88.52902,47.34783,0,0,0,526.9505,284.3526,242.598,0,743.3124,4034.952,0,1.705303e-13,1.24345e-13,4.263256e-14
naive,2026-01-30 23:00:00,2492,23,34.67288,3283.074,75.34848,3.334625,78.15697,0,0,2298.152,2297.835,600.7895,324.0516,924.8411,2,0,0,124.8411,800,0,78.32244,305.3367,0.1526684,0.2046279,0.3172331,0,250,0.3172331,1697.045,85.21865,47.67258,0,1.959978,0,518.0705,382.5635,135.507,0,706.6152,3836.133,0,5.684342e-14,1.056932e-13,4.263256e-14
naive,2026-01-30 23:15:00,2493,23.25,34.47995,3297.714,69.61054,4.180116,82.6211,1,0,2308.4,2308.082,585.7187,317.4077,903.1264,2,0,0,103.1264,800,0,65.95904,288.7989,0.1443995,0.1922661,0.3172331,0,250,0.3172331,1722.364,70.55502,47.8755,4.18347,3.648148,12.06607,517.9029,386.4223,131.4806,706.5371,0,1372.724,0,0,2.539635e-14,4.263256e-14
naive,2026-01-30 23:30:00,2494,23.5,34.22984,3239.669,47.53187,1.103498,79.69401,1,1,2267.769,2267.451,583.4299,316.3987,899.8286,2,0,0,99.82859,800,0,55.00397,275.0025,0.1375012,0.1818524,0.3172331,0,250,0.3172331,1684.022,68.49852,48.13855,0,0,11.1955,505.6658,375.5022,130.1636,694.3973,0,1334.639,0,0,5.020984e-14,4.263256e-14
naive,2026-01-30 23:45:00,2495,23.75,33.99682,3221.768,44.96977,5.479167,67.6175,1,1,2255.237,2254.92,581.5462,315.5683,897.1145,2,0,0,97.11445,800,0,52.1444,261.9231,0.1309615,0.173165,0.3172331,0,250,0.3172331,1673.374,66.81721,48.38362,0,5.350592,0.8002919,500.0139,371.0076,129.0063,686.7533,0,1328.305,0,5.684342e-14,1.770806e-14,4.263256e-14
naive,2026-01-31 00:00:00,2496,0,33.76424,3214.743,30.70867,5.574519,45.55583,1,1,2250.32,2250.003,576.6591,313.4138,890.0729,2,0,0,90.07287,800,0,47.84718,249.9201,0.12496,0.1649291,0.3172331,0,250,0.3172331,1673.344,62.14002,48.62824,0,3.917419,0,496.1096,368.9083,127.2012,682.3221,0,1316.695,0,0,-5.864753e-14,4.263256e-14
naive,2026-01-31 00:15:00,2497,0.25,33.66131,3277.624,37.24266,0,31.43434,1,1,2294.337,2294.019,554.9996,303.8652,858.8649,2,0,0,58.86486,800,0,40.4923,239.7576,0.1198788,0.157371,0.3172331,0,250,0.3172331,1739.02,40.65852,48.73649,0,0,0,504.5541,382.4328,122.1213,686.298,0,1317.768,0,-5.684342e-14,-5.606626e-14,4.263256e-14
naive,2026-01-31 00:30:00,2498,0.5,33.4336,3289.741,58.23928,0,35.63212,1,1,2302.819,2302.501,551.9165,302.506,854.4225,2,0,0,54.42253,800,0,39.9999,229.7199,0.11486,0.1509719,0.3172331,0,250,0.3172331,1750.585,37.6893,48.97599,20.15998,0,0,503.6451,382.8672,120.778,685.3732,0,1350.424,0,0,-5.850875e-14,4.263256e-14
naive,2026-01-31 00:45:00,2499,0.75,33.20751,3236.974,53.43184,0,12.10209,1,1,2265.881,2265.564,567.6846,309.4574,877.1421,2,0,0,77.14206,800,0,47.29134,217.8609,0.1089305,0.1446513,0.3172331,0,250,0.3172331,1697.88,53.56281,49.21378,7.013027,0,0,492.8857,369.3311,123.5546,678.7885,0,1314.309,0,-5.684342e-14,1.360023e-14,4.263256e-14
naive,2026-01-31 01:00:00,2500,1,33.06831,3267.418,50.78911,0,18.48448,1,1,2287.193,2286.875,556.9297,304.7161,861.6459,2,0,0,61.64588,800,0,53.92624,204.3451,0.1021725,0.1371838,0.3172331,0,250,0.3172331,1729.946,42.87184,49.36018,0,0,0,495.8698,375.0571,120.8127,679.7732,0,1304.016,0,1.136868e-13,2.164935e-14,4.263256e-14
naive,2026-01-31 01:15:00,2501,1.25,32.92997,3252.146,59.16905,0,31.62348,1,1,2276.502,2276.185,584.7326,313.3991,898.1317,2,30.04333,1.549209,66.53915,800,0,17.25156,200,0.1,0.1286731,0.3172331,0,250,0.3172331,1691.452,46.34853,49.50568,11.87416,0,0,491.9291,365.5057,126.4234,678.9048,0,1322.599,0,0,-1.110223e-15,4.263256e-14
naive,2026-01-31 01:30:00,2502,1.5,32.90359,3216.985,55.28891,0,52.95894,1,1,2251.889,2251.572,986.5864,428.5923,1415.179,3,50.92591,1.960182,62.29259,800,500,0,324.9685,0.1624843,0.1259371,0.3172331,0,250,0.3172331,1264.986,43.40369,49.53342,4.363003,0,9.555249,486.3057,273.1794,213.1263,703.8352,0,1359.471,0,-5.684342e-14,1.24345e-13,4.263256e-14
naive,2026-01-31 01:45:00,2503,1.75,32.56027,3211.039,57.60036,0,59.06012,1,1,2247.727,2247.41,556.5947,304.5684,861.1631,2,0,0,61.16312,800,0,57.46986,310.5499,0.1552749,0.2046279,0.3172331,0,250,0.3172331,1690.815,42.78469,49.89451,4.452138,0,16.27542,481.4801,362.1854,119.2947,670.2401,0,1292.029,0,5.684342e-14,-7.993606e-15,4.263256e-14
naive,2026-01-31 02:00:00,2504,2,32.41823,3217.539,54.32477,3.337099,53.67272,1,1,2252.278,2251.96,557.3689,304.9097,862.2787,2,0,0,62.27867,800,0,53.56227,297.1104,0.1485552,0.1955487,0.3172331,0,250,0.3172331,1694.591,43.63581,50.0439,8.009929,0,10.03691,480.8454,361.7833,119.0621,668.8359,0,1295.189,0,5.684342e-14,7.249756e-14,4.263256e-14
naive,2026-01-31 02:15:00,2505,2.25,31.96685,3221.755,51.13423,3.689518,66.70549,1,1,2255.228,2254.911,555.6682,304.16,859.8282,2,0,0,59.82823,800,0,53.52707,283.6819,0.1418409,0.1870861,0.3172331,0,250,0.3172331,1699.243,42.13494,50.51863,0,1.708649,24.57055,476.4252,358.9713,117.454,668.3219,0,1282.758,0,0,3.255729e-14,4.263256e-14
naive,2026-01-31 02:30:00,2506,2.5,31.76888,3238.738,48.42383,8.756707,62.38894,1,1,2267.117,2266.8,548.5466,301.0204,849.567,2,0,0,49.56704,800,0,56.2609,269.572,0.134786,0.1786303,0.3172331,0,250,0.3172331,1718.253,34.98684,50.72685,0,8.335395,27.4021,476.7435,361.325,115.4185,668.1077,0,1293.526,0,5.684342e-14,4.662937e-15,4.263256e-14
naive,2026-01-31 02:45:00,2507,2.75,31.41592,3206.066,58.36659,1.122924,51.54206,1,1,2244.246,2243.929,560.1925,306.1545,866.3471,2,0,0,66.34708,800,0,53.32559,256.1982,0.1280991,0.1697455,0.3172331,0,250,0.3172331,1683.737,47.01836,51.09808,5.693415,0.4704996,4.523697,468.1122,351.1992,116.9129,658.2973,0,1269.742,0,0,8.68472e-14,4.263256e-14
naive,2026-01-31 03:00:00,2508,3,31.07451,3178.171,63.1934,0,47.08548,1,1,2224.72,2224.402,550.3032,301.7948,852.098,2,0,0,52.09796,800,0,54.13561,242.6239,0.121312,0.1613242,0.3172331,0,250,0.3172331,1674.099,37.06269,51.45715,9.444917,0,10.02279,460.4325,346.475,113.9575,650.3441,0,1259.091,0,-5.684342e-14,-7.688294e-15,4.263256e-14
naive,2026-01-31 03:15:00,2509,3.25,30.9015,3154.092,68.76219,0,62.08488,1,1,2207.865,2207.547,546.6218,300.1719,846.7937,2,0,0,46.79366,800,0,63.35677,226.7466,0.1133733,0.1527767,0.3172331,0,250,0.3172331,1660.926,33.35396,51.63912,6.011275,0,28.73091,455.1514,342.3999,112.7515,648.4947,0,1249.265,0,0,1.221245e-15,4.263256e-14
naive,2026-01-31 03:30:00,2510,3.5,30.62215,3176.302,69.48461,0,57.60173,1,1,2223.411,2223.094,550.7004,301.9699,852.6703,2,0,0,52.67029,800,0,64.60425,210.5598,0.1052799,0.142779,0.3172331,0,250,0.3172331,1672.394,37.66046,51.93291,5.134072,0,19.94127,455.4712,342.5939,112.8773,648.6488,0,1247.729,0,5.684342e-14,4.526934e-14,4.263256e-14
naive,2026-01-31 03:45:00,2511,3.75,30.45907,3154.91,73.70409,0,55.75025,1,1,2208.437,2208.12,563.7477,304.6411,868.3889,2,25.8971,0.7999226,41.69185,800,0,42.10662,200,0.1,0.1325864,0.3172331,0,250,0.3172331,1644.372,29.86502,52.10444,5.700364,0,25.88523,450.7473,335.6203,115.127,645.5446,0,1242.305,0,5.684342e-14,3.497203e-15,4.263256e-14
naive,2026-01-31 04:00:00,2512,4,30.003,3107.1,69.91267,0,49.39525,1,1,2174.97,2174.653,996.3017,429.6952,1425.997,3,77.65829,0,48.33867,800,500,0,324.9685,0.1624843,0.1259371,0.3172331,0,250,0.3172331,1178.351,34.80269,52.58411,0,0,14.59257,439.4172,238.0666,201.3506,670.71,0,1282.263,0,5.684342e-14,1.24345e-13,4.263256e-14
naive,2026-01-31 04:15:00,2513,4.25,30.08856,3096.322,84.07533,0,25.94881,1,1,2167.425,2167.108,535.6968,295.3556,831.0524,2,0,0,31.0524,800,0,90.89542,302.1935,0.1510968,0.2046279,0.3172331,0,250,0.3172331,1631.411,22.33573,52.49412,0,0,3.613085,438.7271,330.228,108.4992,626.3149,0,1193.574,0,-5.684342e-14,-9.325873e-14,4.263256e-14
naive,2026-01-31 04:30:00,2514,4.5,29.67216,3135.801,114.7989,0,15.04971,1,1,2195.06,2194.743,536.5242,295.7204,832.2446,2,0,0,32.24463,800,0,104.7286,275.9638,0.1379819,0.1902868,0.3172331,0,250,0.3172331,1658.219,23.3007,52.93207,10.78188,0,0,440.2392,332.5708,107.6684,628.2912,0,1215.633,0,0,-8.021361e-14,4.263256e-14
naive,2026-01-31 04:45:00,2515,4.75,29.53291,3203.97,126.5319,0,18.3306,1,1,2242.779,2242.462,541.394,297.8672,839.2613,2,0,0,39.26126,800,0,128.4238,243.8144,0.1219072,0.1737703,0.3172331,0,250,0.3172331,1701.068,28.41481,53.07852,0,0,0,448.432,340.1196,108.3124,637.9869,0,1216.26,0,5.684342e-14,3.205769e-14,4.263256e-14
naive,2026-01-31 05:00:00,2516,5,29.71257,3211.726,144.9743,0,16.62384,1,1,2248.208,2247.891,538.2311,296.4729,834.704,2,0,0,34.70398,800,0,155.2128,204.9728,0.1024864,0.1535263,0.3172331,0,250,0.3172331,1709.66,25.06666,52.88956,0,0,0,451.3009,343.1938,108.1071,639.6667,0,1219.833,0,0,-4.210521e-14,4.263256e-14
naive,2026-01-31 05:15:00,2517,5.25,29.51623,3233.25,190.3749,0,16.12296,1,1,2263.275,2262.958,672.1071,334.7675,1006.875,3,174.2155,0.482937,32.17611,800,0,19.76212,200,0.1,0.1290684,0.3172331,0,250,0.3172331,1590.851,23.29132,53.09607,0,0,0,452.3642,317.9657,134.3984,652.7332,0,1245.733,0,0,1.387779e-15,4.263256e-14
naive,2026-01-31 05:30:00,2518,5.5,29.73051,3169.578,233.9936,0,39.6133,1,1,2218.704,2218.387,1118.804,465.3087,1584.113,4,232.2627,1.353508,50.49653,800,500,0,324.9685,0.1624843,0.1259371,0.3172331,0,250,0.3172331,1099.583,36.46637,52.8707,1.730897,0,3.146929,445.5548,220.8156,224.7392,686.7562,0,1317.019,0,5.684342e-14,1.24345e-13,4.263256e-14
naive,2026-01-31 05:45:00,2519,5.75,29.88274,3176.949,279.5159,0.4321555,38.72434,1,1,2223.864,2223.547,552.9403,302.9574,855.8977,2,0,0,55.89769,800,0,283.4922,254.0443,0.1270222,0.2046279,0.3172331,0,250,0.3172331,1670.607,40.29877,52.71059,0,0,0,448.0979,336.6192,111.4787,639.5766,0,1219.854,0,-5.684342e-14,-6.483702e-14,4.263256e-14
naive,2026-01-31 06:00:00,2520,6,29.89915,3209.797,313.8749,2.961911,62.14112,1,1,2246.858,2246.541,632.7848,324.6642,957.449,2,113.4217,0.1158744,43.91142,800,0,216.0173,200,0.1,0.159968,0.3172331,0,250,0.3172331,1613.756,31.65165,52.69333,0,2.846037,30.48947,452.8957,325.2823,127.6134,656.0922,0,1257.814,0,5.684342e-14,-4.496403e-15,4.263256e-14
naive,2026-01-31 06:15:00,2521,6.25,29.89702,3184.136,352.6406,1.098107,59.46691,1,1,2228.895,2228.578,1216.034,491.4935,1707.528,4,372.4707,0.1966339,34.86038,800,500,0,324.9685,0.1624843,0.1259371,0.3172331,0,250,0.3172331,1012.543,25.12819,52.69557,0,0.9014727,34.33872,449.2537,204.0872,245.1665,702.502,0,1347.276,0,5.684342e-14,1.24345e-13,4.263256e-14
naive,2026-01-31 06:30:00,2522,6.5,29.92222,3188.667,393.2285,1.642937,42.38046,1,1,2232.067,2231.75,551.1196,302.1547,853.2744,2,0,0,53.27435,800,0,396.2036,225.8665,0.1129332,0.2046279,0.3172331,0,250,0.3172331,1680.63,38.39068,52.66907,0,1.416896,3.989776,450.1446,338.9354,111.2092,641.8948,0,1226.981,0,5.684342e-14,-7.993606e-15,4.263256e-14
naive,2026-01-31 06:45:00,2523,6.75,30.03642,3187.396,402.999,0,52.60295,1,1,2231.177,2230.86,807.2209,376.9145,1184.135,3,320.6337,0.108589,63.39298,800,0,103.3236,200,0.1,0.1422248,0.3172331,0,250,0.3172331,1423.639,45.62448,52.54896,0,0,6.978474,451.108,287.8369,163.2711,666.1623,0,1273.207,0,5.684342e-14,-5.301315e-15,4.263256e-14
naive,2026-01-31 07:00:00,2524,7,30.25553,3203.784,422.9875,0,71.4509,1,1,2242.649,2242.332,1293.518,517.564,1811.082,4,440.4638,0.8731582,69.74542,800,500,0,324.9685,0.1624843,0.1259371,0.3172331,0,250,0.3172331,948.8135,50.07413,52.31851,0,0,21.37678,455.6478,192.7741,262.8736,714.6813,0,1370.504,0,-1.136868e-13,1.24345e-13,4.263256e-14
naive,2026-01-31 07:15:00,2525,7.25,30.5333,3233.306,414.9872,0,72.51509,1,1,2263.314,2262.997,570.3114,310.6154,880.9268,2,0,0,80.92676,800,0,431.4596,217.0525,0.1085262,0.2046279,0.3172331,0,250,0.3172331,1692.685,57.922,52.02637,0,0,14.59309,462.7189,346.0578,116.6611,659.6567,0,1260.784,0,0,-7.993606e-15,4.263256e-14
naive,2026-01-31 07:30:00,2526,7.5,30.38629,3295.132,385.8377,0,67.5396,1,1,2306.592,2306.275,834.5959,386.046,1220.642,3,345.3206,0.07639569,75.24492,800,0,68.0732,200,0.1,0.1366748,0.3172331,0,250,0.3172331,1471.679,53.94381,52.18099,0,0,13.59579,470.0129,299.8832,170.1297,688.6996,0,1318.696,0,0,-1.026956e-15,4.263256e-14
naive,2026-01-31 07:45:00,2527,7.75,30.63821,3345.882,356.9184,2.481936,76.06229,1,1,2342.117,2341.8,1248.719,505.9658,1754.685,4,371.9389,0.4563713,82.28956,800,500,0,324.9685,0.1624843,0.1259371,0.3172331,0,250,0.3172331,1093.081,58.82834,51.91603,0,2.025565,17.23395,479.962,224.0013,255.9607,733.4989,0,1412.086,0,-5.684342e-14,1.24345e-13,4.263256e-14
naive,2026-01-31 08:00:00,2528,8,30.87061,3373.184,320.1816,129.5766,66.56694,1,1,2361.229,2360.912,645.5655,343.7911,989.3566,2,0,84.99679,104.3598,800,0,499.6694,200,0.1,0.2046279,0.3172331,0,250,0.3172331,1715.346,74.41218,51.6716,0,0,0,486.4268,353.3712,133.0556,697.1623,0,1336.194,0,0,-7.993606e-15,4.263256e-14
naive,2026-01-31 08:15:00,2529,8.25,30.88004,3425.915,286.9699,126.6731,93.23426,1,1,2398.14,2397.823,1376.167,573.7358,1949.903,4,274.5571,265.7376,109.6086,800,500,0,324.9685,0.1624843,0.1259371,0.3172331,0,250,0.3172331,1021.656,78.14653,51.66168,12.41277,0,15.08774,494.1363,210.5119,283.6244,787.3566,0,1538.006,0,0,1.24345e-13,4.263256e-14
naive,2026-01-31 08:30:00,2530,8.5,31.17525,3466.378,239.9244,124.886,84.18264,1,1,2426.464,2426.147,594.8999,321.4553,916.3552,2,0,0.2456235,116.1096,800,0,499.6694,200,0.1,0.2046279,0.3172331,0,250,0.3172331,1831.247,82.50723,51.35119,9.500567,0,1.675404,503.3405,379.8699,123.4705,701.6727,0,1361.964,0,5.684342e-14,-7.993606e-15,4.263256e-14
naive,2026-01-31 08:45:00,2531,8.75,31.48561,3470.553,206.7423,130.4525,75.01134,1,1,2429.387,2429.07,1320.816,559.5133,1880.33,4,188.9903,272.422,118.9175,800,500,0,324.9685,0.1624843,0.1259371,0.3172331,0,250,0.3172331,1108.254,84.20729,51.02477,17.75208,0,0,507.5411,231.5334,276.0077,791.0467,0,1555.313,0,2.273737e-13,1.24345e-13,4.263256e-14
naive,2026-01-31 09:00:00,2532,9,31.80352,3510.785,169.1721,134.4205,89.49101,1,1,2457.55,2457.233,613.466,329.6401,943.1061,2,0,0,143.1061,800,0,428.8157,217.7134,0.1088567,0.2046279,0.3172331,0,250,0.3172331,1843.767,100.9716,50.69042,15.79313,0,0,517.2032,388.0296,129.1737,717.6697,0,1405.556,0,0,-7.993606e-15,4.263256e-14
naive,2026-01-31 09:15:00,2533,9.25,32.00511,3500.937,140.7302,139.2155,104.5864,1,1,2450.656,2450.339,864.5507,433.1079,1297.659,3,60.71568,277.4495,159.4935,800,0,70.71668,200,0.1,0.137091,0.3172331,0,250,0.3172331,1585.788,112.2769,50.4784,9.297845,0,0,518.1706,335.3015,182.8691,768.4094,0,1496.069,0,0,-3.413936e-15,4.263256e-14
naive,2026-01-31 09:30:00,2534,9.5,32.32569,3502.257,109.9776,138.499,131.4368,1,1,2451.58,2451.263,1307.236,563.054,1870.29,4,108.9003,277.8919,183.4983,800,500,0,324.9685,0.1624843,0.1259371,0.3172331,0,250,0.3172331,1144.026,128.7047,50.14123,1.077328,0,2.732108,522.2601,243.712,278.5482,807.348,0,1560.145,0,0,1.24345e-13,4.263256e-14
naive,2026-01-31 09:45:00,2535,9.75,32.70767,3507.948,75.36498,135.5073,123.8066,1,1,2455.563,2455.246,653.1508,347.1351,1000.286,3,0,0,200.2859,800,0,367.7764,232.9733,0.1164866,0.2046279,0.3172331,0,250,0.3172331,1802.095,139.8674,49.73948,0,0,0,527.8334,387.3678,140.4656,734.5029,0,1413.049,0,0,-7.993606e-15,4.263256e-14
naive,2026-01-31 10:00:00,2536,10,32.85624,3568.189,66.42393,135.551,135.8367,1,1,2497.733,2497.415,815.6715,418.7822,1234.454,3,0,224.2515,210.2022,800,0,131.7464,200,0.1,0.1466998,0.3172331,0,250,0.3172331,1681.744,146.5425,49.58323,0,0,0,538.7905,362.7721,176.0184,781.5543,0,1507.327,0,-1.136868e-13,1.137979e-14,4.263256e-14
naive,2026-01-31 10:15:00,2537,10.25,33.03275,3628.895,73.62807,135.6234,152.9169,1,1,2540.227,2539.909,1318.854,573.0609,1891.915,4,67.83286,286.5292,237.5528,800,500,0,324.9685,0.1624843,0.1259371,0.3172331,0,250,0.3172331,1221.055,165.2745,49.39758,5.795216,0,0,550.2616,264.5039,285.7577,837.5648,0,1629.554,0,-2.273737e-13,1.24345e-13,4.263256e-14
naive,2026-01-31 10:30:00,2538,10.5,33.20451,3631.816,60.94953,138.2258,163.6688,1,1,2542.271,2541.954,691.6117,364.0906,1055.702,3,0,0,255.7023,800,0,352.8424,236.7068,0.1183534,0.2046279,0.3172331,0,250,0.3172331,1850.342,177.5504,49.21693,0,0,0,552.9677,402.4667,150.501,766.5572,0,1477.745,0,0,-7.993606e-15,4.263256e-14
naive,2026-01-31 10:45:00,2539,10.75,33.60737,3622.983,58.33703,139.9604,180.1775,1,1,2536.088,2535.771,862.2082,439.2979,1301.506,3,0,204.4173,297.0888,800,0,146.678,200,0.1,0.1490508,0.3172331,0,250,0.3172331,1673.563,205.3303,48.79322,0,0,0,556.9916,367.5583,189.4333,806.8562,0,1558.82,0,-1.136868e-13,9.103829e-15,4.263256e-14
naive,2026-01-31 11:00:00,2540,11,33.86343,3681.634,51.60313,136.9972,208.0509,1,0,2577.144,2576.827,1394.3,605.7003,2000,4,71.34709,288.9945,342.3984,797.2599,500,0,324.9685,0.1624843,0.1259371,0.3172331,0,250,0.3172331,1182.527,235.9442,48.35772,0,0,0,569.5318,261.3307,308.2011,867.031,0,1679.659,0,-1.136868e-13,1.24345e-13,4.263256e-14
naive,2026-01-31 11:15:00,2541,11.25,34.02578,3652.883,56.47085,140.3361,233.2642,0,0,2557.018,2556.701,780.5421,403.2954,1183.838,3,0,0,383.8375,800,0,355.7661,235.9758,0.1179879,0.2046279,0.3172331,0,250,0.3172331,1776.159,264.0011,48.35316,0,0,0,567.3231,394.0746,173.2485,0,797.3701,4331.138,0,-1.136868e-13,-7.993606e-15,4.263256e-14
naive,2026-01-31 11:30:00,2542,11.5,34.15265,3694.873,60.18128,144.4461,247.1595,0,0,2586.411,2586.094,939.8888,473.5433,1413.432,3,0,208.2136,405.2185,800,0,143.7548,200,0.1,0.1485905,0.3172331,0,250,0.3172331,1646.205,278.2954,48.21973,0,0,0,575.6268,366.3763,209.2505,0,839.9196,4565.311,0,-1.705303e-13,-6.550316e-15,4.263256e-14
naive,2026-01-31 11:45:00,2543,11.75,34.24973,3730.417,47.80102,147.5436,285.6725,0,0,2611.292,2610.975,1397.121,602.8788,2000,4,50.17914,290.2222,451.3128,708.2859,500,0,324.9685,0.1624843,0.1259371,0.3172331,0,250,0.3172331,1213.853,309.6016,42.6013,0,0,0,582.5487,270.7965,311.7522,0,873.6753,4757.288,0,0,1.24345e-13,4.263256e-14
naive,2026-01-31 12:00:00,2544,12,34.5394,3709.635,51.04004,145.7085,312.7352,0,0,2596.745,2596.427,841.8601,430.3274,1272.188,3,0,0,472.1876,800,0,340.8946,239.6937,0.1198469,0.2046279,0.3172331,0,250,0.3172331,1754.567,322.8275,47.81297,0,0,0,583.4507,394.2257,189.225,0,824.5532,4481.253,0,1.136868e-13,4.884981e-14,4.263256e-14
naive,2026-01-31 12:15:00,2545,12.25,34.9051,3738.435,51.00273,142.7774,338.8159,0,0,2616.904,2616.587,983.5664,492.7985,1476.365,3,0,185.5525,490.8123,800,0,158.6239,200,0.1,0.1509316,0.3172331,0,250,0.3172331,1633.021,334.125,47.42835,0,0,4.690859,593.3432,370.2626,223.0806,0,864.1246,4699.328,0,-1.136868e-13,-3.497203e-15,4.263256e-14
naive,2026-01-31 12:30:00,2546,12.5,35.32076,3717.59,57.55988,140.7882,359.5106,0,0,2602.313,2601.995,1402.314,597.6858,2000,4,53.53549,294.1867,539.7195,612.5583,500,0,324.9685,0.1624843,0.1259371,0.3172331,0,250,0.3172331,1199.681,365.6243,35.98104,4.024396,0,0,596.2158,274.8589,321.3569,0,872.5447,4765.459,0,0,1.24345e-13,4.263256e-14
naive,2026-01-31 12:45:00,2547,12.75,35.43953,3731.448,68.07789,143.2475,382.5673,0,0,2612.013,2611.696,907.1846,459.1257,1366.31,3,0,0,566.3103,800,0,344.8154,238.7135,0.1193567,0.2046279,0.3172331,0,250,0.3172331,1704.512,383.0997,46.86626,20.64372,0,0,600.2349,391.693,208.5419,0,850.8187,4662.389,0,-1.705303e-13,-7.993606e-15,4.263256e-14
naive,2026-01-31 13:00:00,2548,13,35.5586,3724.725,69.45534,141.1349,387.3963,0,0,2607.308,2606.99,1072.64,532.0667,1604.707,4,0,191.8243,612.8827,800,0,154.7037,200,0.1,0.1503144,0.3172331,0,250,0.3172331,1534.35,414.0214,46.74103,21.16001,0,0,600.9623,353.6547,247.3076,0,885.7213,4855.385,0,-2.273737e-13,6.106227e-15,4.263256e-14
naive,2026-01-31 13:15:00,2549,13.25,35.67459,3739.762,74.69316,147.8889,413.4503,0,0,2617.833,2617.516,1408.53,591.4698,2000,4,52.77881,296.8829,660.0386,490.2997,500,0,324.9685,0.1624843,0.1259371,0.3172331,0,250,0.3172331,1208.986,445.2642,28.57163,21.91435,0,0,605.1681,279.4829,325.6852,0,870.9527,4795.899,0,0,1.24345e-13,4.263256e-14
naive,2026-01-31 13:30:00,2550,13.5,35.79606,3731.193,68.66404,152.1498,444.419,0,0,2611.835,2611.518,1003.737,501.6908,1505.428,4,0,0,705.428,800,0,363.1556,234.1285,0.1170642,0.2046279,0.3172331,0,250,0.3172331,1607.781,475.1985,46.49128,4.128284,0,0,605.6523,372.8245,232.8278,0,874.5153,4764.653,0,0,-7.993606e-15,4.263256e-14
naive,2026-01-31 13:45:00,2551,13.75,35.82736,3710.645,69.16562,146.269,449.7158,0,0,2597.452,2597.135,1196.657,586.7395,1783.397,4,0,229.9268,753.4701,800,0,136.3664,200,0.1,0.1474273,0.3172331,0,250,0.3172331,1400.477,507.3726,46.45836,5.41928,0,0,602.7982,325.0128,277.7854,0,911.7523,4971.72,0,-2.273737e-13,4.496403e-15,4.263256e-14
naive,2026-01-31 14:00:00,2552,14,36.23964,3721.505,56.70874,147.9015,474.9343,0,1,2605.054,2604.736,1415.887,584.1134,2000,4,61.63017,297.4759,779.6152,361.2787,500,0,324.9685,0.1624843,0.1259371,0.3172331,0,250,0.3172331,1188.85,522.4068,20.78471,0,0,0,610.9929,278.8345,332.1584,0,862.9478,4722.83,0,0,1.24345e-13,4.263256e-14
naive,2026-01-31 14:15:00,2553,14.25,36.50176,3739.457,47.27186,149.4589,497.8292,1,1,2617.62,2617.303,1066.94,529.5538,1596.494,4,0,0,796.4942,800,0,355.2503,236.1048,0.1180524,0.2046279,0.3172331,0,250,0.3172331,1550.362,532.0469,45.74907,0,0,0,618.1203,366.1,252.0204,895.6538,0,1739.84,0,0,-7.993606e-15,4.263256e-14
naive,2026-01-31 14:30:00,2554,14.5,36.62703,3745.52,58.57439,148.5974,497.9674,1,1,2621.864,2621.546,1225.247,599.3432,1824.59,4,0,204.1427,820.4476,800,0,144.2705,200,0.1,0.1486717,0.3172331,0,250,0.3172331,1396.299,547.2253,45.61732,2.247665,0,0,621.1436,330.7961,290.3474,930.1393,0,1812.836,0,0,2.969847e-15,4.263256e-14
naive,2026-01-31 14:45:00,2555,14.75,36.47917,3710.197,52.22473,150.4307,512.8274,1,1,2597.138,2596.82,1418.39,581.6104,2000,4,55.91658,292.6482,848.0829,303.3523,500,0,324.9685,0.1624843,0.1259371,0.3172331,0,250,0.3172331,1178.431,566.6607,17.35661,0,0,0,612.924,278.1095,334.8146,859.7198,0,1699.913,0,-2.273737e-13,1.24345e-13,4.263256e-14
naive,2026-01-31 15:00:00,2556,15,36.82298,3748.297,45.906,140.9319,515.5364,1,1,2623.808,2623.49,1096.681,542.6651,1639.346,4,0,0,839.3464,800,0,341.1805,239.6222,0.1198111,0.2046279,0.3172331,0,250,0.3172331,1526.809,558.5146,45.41122,0,0,0,624.7947,363.5717,261.223,906.2368,0,1761.386,0,-2.273737e-13,4.884981e-14,4.263256e-14
naive,2026-01-31 15:15:00,2557,15.25,37.07501,3724.629,35.53534,144.1601,531.5581,1,1,2607.24,2606.923,1222.003,597.9132,1819.916,4,0,181.1463,838.7701,800,0,158.3381,200,0.1,0.1508866,0.3172331,0,250,0.3172331,1384.92,556.44,45.14615,0,0,0,624.9754,331.9758,292.9996,929.889,0,1808.989,0,0,7.105427e-15,4.263256e-14
naive,2026-01-31 15:30:00,2558,15.5,37.2281,3726.329,45.35643,146.1163,552.6498,1,1,2608.43,2608.113,1416.922,583.0775,2000,4,54.95153,283.3336,831.3437,330.3711,500,0,324.9685,0.1624843,0.1259371,0.3172331,0,250,0.3172331,1191.19,550.4952,18.57724,0,0,2.154542,627.7947,286.6947,341.1001,870.2908,0,1719.682,0,-2.273737e-13,1.24345e-13,4.263256e-14
naive,2026-01-31 15:45:00,2559,15.75,37.44123,3673.735,59.38101,139.3686,554.0722,1,1,2571.614,2571.297,1092.393,540.7747,1633.168,4,0,0,833.1679,800,0,348.4808,237.7972,0.1188986,0.2046279,0.3172331,0,250,0.3172331,1478.904,550.2826,44.76098,0,0,3.789582,622.4461,357.9611,264.485,899.6531,0,1748.95,0,2.273737e-13,-7.993606e-15,4.263256e-14
naive,2026-01-31 16:00:00,2560,16,37.45898,3668.402,63.70995,132.6843,548.0256,1,1,2567.882,2567.564,1225.029,599.2472,1824.276,4,0,205.4764,818.8001,800,0,151.0389,200,0.1,0.1497374,0.3172331,0,250,0.3172331,1342.535,540.6768,44.74232,0,0,7.348836,621.8365,325.1074,296.7291,926.1342,0,1801.933,0,0,-3.191891e-15,4.263256e-14
naive,2026-01-31 16:15:00,2561,16.25,37.63171,3638.967,70.14443,134.6052,544.9677,1,1,2547.277,2546.96,1419.306,580.6942,2000,4,84.72047,280.3832,803.0766,331.8198,500,0,324.9685,0.1624843,0.1259371,0.3172331,0,250,0.3172331,1127.654,529.1844,18.48263,0,0,15.78334,619.6982,274.3342,345.364,858.8681,0,1696.943,0,0,1.24345e-13,4.263256e-14
naive,2026-01-31 16:30:00,2562,16.5,37.6348,3625.146,90.51084,136.6669,528.8644,1,1,2537.602,2537.285,1064.704,528.568,1593.272,4,0,0,793.272,800,0,377.5269,230.5356,0.1152678,0.2046279,0.3172331,0,250,0.3172331,1472.581,522.704,44.55739,0,0,6.160361,617.3957,358.2773,259.1184,888.344,0,1726.561,0,0,-7.993606e-15,4.263256e-14
naive,2026-01-31 16:45:00,2563,16.75,37.75049,3637.252,118.4614,138.7542,511.3163,1,1,2546.076,2545.759,1247.895,609.3277,1857.223,4,0,273.487,783.7361,800,0,121.9974,200,0.1,0.1451649,0.3172331,0,250,0.3172331,1297.864,515.6953,44.43572,0,0,0,621.3812,316.7494,304.6318,926.0771,0,1802.164,0,0,4.801715e-15,4.263256e-14
naive,2026-01-31 17:00:00,2564,17,37.77064,3614.039,143.5825,134.1407,497.6288,1,1,2529.827,2529.51,1425.798,574.2016,2000,4,152.3108,269.4368,764.1955,314.0568,500,0,324.9685,0.1624843,0.1259371,0.3172331,0,250,0.3172331,1103.712,502.7145,17.43586,0,0,0,617.7498,269.5115,348.2382,843.7131,0,1667.811,0,0,1.24345e-13,4.263256e-14
naive,2026-01-31 17:15:00,2565,17.25,37.62626,3593.57,175.5529,135.7142,458.4523,1,1,2515.499,2515.182,1032.271,514.2701,1546.541,4,0,0,746.5415,800,0,439.8814,214.947,0.1074735,0.2046279,0.3172331,0,250,0.3172331,1482.911,491.9633,44.56638,0,0,0,611.8781,360.7079,251.1702,874.978,0,1699.819,0,-2.273737e-13,-7.993606e-15,4.263256e-14
naive,2026-01-31 17:30:00,2566,17.5,37.49736,3599.72,199.842,131.186,435.78,1,1,2519.804,2519.487,1290.434,611.9852,1902.419,4,135.3024,262.9078,704.2087,800,0,59.65267,200,0.1,0.135349,0.3172331,0,250,0.3172331,1229.053,464.7926,44.70195,4.886888,0,0,610.8186,297.9313,312.8873,909.9165,0,1777.973,0,-2.273737e-13,1.026956e-15,4.263256e-14
naive,2026-01-31 17:45:00,2567,17.75,37.62817,3597.571,227.7645,129.3424,414.7079,1,1,2518.3,2517.983,1430.206,569.7938,2000,4,229.4504,261.0071,657.3005,352.242,500,0,324.9685,0.1624843,0.1259371,0.3172331,0,250,0.3172331,1087.776,433.1443,19.6218,0,0,0,612.5907,264.6078,347.9829,834.4015,0,1646.729,0,0,1.24345e-13,4.263256e-14
naive,2026-01-31 18:00:00,2568,18,37.72953,3555.784,268.9722,0,406.123,1,1,2489.049,2488.731,949.9961,477.9991,1427.995,3,0,0,627.9952,800,0,264.3821,258.8218,0.1294109,0.2046279,0.3172331,0,250,0.3172331,1538.735,413.3237,44.45776,5.779672,0,0,607.1218,375.324,231.7978,853.3231,0,1666.601,0,1.136868e-13,-6.483702e-14,4.263256e-14
naive,2026-01-31 18:15:00,2569,18.25,37.66103,3524.797,322.8765,0,390.2347,1,1,2467.358,2467.041,981.4567,484.0255,1465.482,3,65.92948,0.2763454,599.2764,800,0,235.1243,200,0.1,0.1629763,0.3172331,0,250,0.3172331,1485.584,394.7504,44.52981,21.8227,0,0,600.7269,361.6947,239.0322,845.7202,0,1678.989,0,-1.136868e-13,9.797718e-15,4.263256e-14
naive,2026-01-31 18:30:00,2570,18.5,37.50946,3500.725,344.0617,1.334437,340.6982,1,0,2450.507,2450.19,1424.224,575.7764,2000,4,318.8943,0.8752418,567.6885,612.5419,500,0,324.9685,0.1624843,0.1259371,0.3172331,0,250,0.3172331,1025.967,374.6315,34.21753,25.16736,0.4591954,0,594.2123,248.7819,345.4304,824.5584,0,1654.828,0,0,1.24345e-13,4.263256e-14
naive,2026-01-31 18:45:00,2571,18.75,37.37458,3465.542,364.3118,0,335.9478,1,0,2425.879,2425.562,877.3434,445.9702,1323.314,3,0,0,523.3137,800,0,352.3375,236.833,0.1184165,0.2046279,0.3172331,0,250,0.3172331,1548.218,345.9121,44.83109,12.30145,0,0,586.1315,374.0745,212.057,820.0447,0,1610.875,0,1.136868e-13,4.884981e-14,4.263256e-14
naive,2026-01-31 19:00:00,2572,19,37.3308,3441.024,382.8859,0,307.7303,0,0,2408.717,2408.4,1021.715,481.2246,1502.939,4,238.6675,4.132287,460.1396,800,0,147.1828,200,0.1,0.1491303,0.3172331,0,250,0.3172331,1386.685,304.315,44.87713,0,0,3.415322,581.3085,334.656,246.6525,0,816.7048,4441.39,0,-1.136868e-13,5.107026e-15,4.263256e-14
naive,2026-01-31 19:15:00,2573,19.25,37.04597,3448.97,396.8653,0,290.9114,0,0,2414.279,2413.962,1427.159,572.8414,2000,4,392.2727,1.646485,432.7217,673.3591,500,0,324.9685,0.1624843,0.1259371,0.3172331,0,250,0.3172331,986.8029,287.1681,38.02517,4.592611,0,3.743341,578.2782,236.3632,341.915,0,810.1012,4420.7,0,2.273737e-13,1.24345e-13,4.263256e-14
naive,2026-01-31 19:30:00,2574,19.5,37.04765,3412.827,414.8105,0,293.8425,0,0,2388.979,2388.662,788.3515,406.7382,1195.09,3,0,0,395.0897,800,0,402.1743,224.3738,0.1121869,0.2046279,0.3172331,0,250,0.3172331,1600.31,262.189,45.17493,16.36155,0,31.65353,572.2436,383.33,188.9136,0,797.6503,4364.478,0,-5.684342e-14,4.884981e-14,4.263256e-14
naive,2026-01-31 19:45:00,2575,19.75,36.80488,3411.237,401.9239,2.528945,266.907,0,0,2387.866,2387.548,992.2097,462.0361,1454.246,3,290.6277,2.892808,360.7253,800,0,97.35382,200,0.1,0.1412849,0.3172331,0,250,0.3172331,1395.339,240.0847,45.43026,13.94235,0,26.82231,568.3415,332.1078,236.2336,0,800.528,4375.845,0,5.684342e-14,-1.221245e-15,4.263256e-14
naive,2026-01-31 20:00:00,2576,20,36.50958,3376.563,385.8178,0,223.985,0,0,2363.594,2363.277,1420.647,579.353,2000,4,385.8894,0.5352626,323.6793,789.896,500,0,324.9685,0.1624843,0.1259371,0.3172331,0,250,0.3172331,942.6302,216.193,45.16314,0,0,7.79197,558.2485,222.6363,335.6122,0,803.8296,4370.254,0,2.273737e-13,1.24345e-13,4.263256e-14
naive,2026-01-31 20:15:00,2577,20.25,36.34298,3320.031,370.5173,0,213.5217,0,0,2324.022,2323.705,720.2081,376.6972,1096.905,3,0,0,296.9053,800,0,358.7269,235.2356,0.1176178,0.2046279,0.3172331,0,250,0.3172331,1603.497,198.7057,45.91606,12.66579,0,14.816,546.5365,377.0917,169.4448,0,757.2732,4135.196,0,0,-7.993606e-15,4.263256e-14
naive,2026-01-31 20:30:00,2578,20.5,36.41208,3321.12,332.6771,0,188.8775,0,0,2324.784,2324.467,859.6284,415.4264,1275.055,3,191.109,0.6355984,283.3102,800,0,140.7944,200,0.1,0.1481244,0.3172331,0,250,0.3172331,1464.838,189.4505,45.84339,0.7736105,0,0,547.6946,345.1005,202.5942,0,760.5269,4132.659,0,1.136868e-13,1.340594e-14,4.263256e-14
naive,2026-01-31 20:45:00,2579,20.75,36.1311,3326.724,311.9676,0,170.2478,0,0,2328.707,2328.39,1318.983,544.7164,1863.699,4,306.5825,0.7259372,256.3909,800,500,0,324.9685,0.1624843,0.1259371,0.3172331,0,250,0.3172331,1009.406,172.0258,46.13891,5.385044,0,0,544.653,236.0865,308.5665,0,780.8029,4251.799,0,-1.136868e-13,1.24345e-13,4.263256e-14
naive,2026-01-31 21:00:00,2580,21,35.88151,3332.202,278.3302,0.3801246,129.549,0,0,2332.541,2332.224,680.3478,359.1249,1039.473,3,0,0,239.4727,800,0,265.6629,258.5016,0.1292508,0.2046279,0.3172331,0,250,0.3172331,1651.876,161.1526,46.40141,13.6152,0,0,542.0689,383.8864,158.1826,0,743.0112,4057.846,0,-5.684342e-14,-6.483702e-14,4.263256e-14
naive,2026-01-31 21:15:00,2581,21.25,35.52147,3331.53,242.1633,0,116.2761,0,0,2332.071,2331.754,670.9737,354.287,1025.261,3,5.928933,2.376003,216.9558,800,0,233.8438,200,0.1,0.1627747,0.3172331,0,250,0.3172331,1660.78,146.6249,46.78008,2.390592,0,0,537.0171,382.4358,154.5814,0,736.7228,4003.471,0,0,-1.887379e-15,4.263256e-14
naive,2026-01-31 21:30:00,2582,21.5,35.33522,3327.511,200.2622,1.137413,105.6118,0,0,2329.257,2328.94,1204.885,505.7774,1710.663,4,211.0802,1.111344,198.4711,800,500,0,324.9685,0.1624843,0.1259371,0.3172331,0,250,0.3172331,1124.055,134.4281,46.97597,0,0.02606919,0,533.8507,257.6261,276.2246,0,763.4034,4145.916,0,5.684342e-14,1.24345e-13,4.263256e-14
naive,2026-01-31 21:45:00,2583,21.75,35.14279,3269.037,173.0163,1.78622,94.0228,0,0,2288.326,2288.009,640.5365,341.5741,982.1106,2,0,0,182.1106,800,0,190.2218,277.3619,0.138681,0.2046279,0.3172331,0,250,0.3172331,1647.472,123.6271,47.17836,0,0,0,521.9372,375.7669,146.1704,0,717.341,3892.3,0,0,1.056932e-13,4.263256e-14
naive,2026-01-31 22:00:00,2584,22,34.90582,3264.128,142.421,1.921654,70.6718,0,0,2284.89,2284.572,625.6264,335.001,960.6274,2,0,0,160.6274,800,0,158.9211,237.588,0.118794,0.1746507,0.3172331,0,250,0.3172331,1658.946,109.3476,47.42758,0,0.3514456,0,518.0733,376.1476,141.9258,0,711.1485,3858.567,0,0,3.214096e-14,4.263256e-14
naive,2026-01-31 22:15:00,2585,22.25,34.61385,3284.72,115.8194,4.155462,73.08641,0,0,2299.304,2298.987,605.137,325.9682,931.1052,2,0,0,131.1052,800,0,125.4201,206.1955,0.1030978,0.1496057,0.3172331,0,250,0.3172331,1693.85,89.55657,47.73467,0,3.066333,0,517.5726,381.2851,136.2875,0,707.2533,3841.481,0,-5.684342e-14,2.250977e-14,4.263256e-14
naive,2026-01-31 22:30:00,2586,22.5,34.41389,3296.954,90.57626,0,88.35134,0,0,2307.868,2307.55,650.8059,336.444,987.2499,2,81.18245,1.462093,104.6054,800,0,24.65233,200,0.1,0.1298383,0.3172331,0,250,0.3172331,1656.744,71.62213,47.94497,0,0,16.72921,516.9408,371.0953,145.8455,0,711.2865,3858.137,0,-5.684342e-14,-1.360023e-15,4.263256e-14
naive,2026-01-31 22:45:00,2587,22.75,34.26421,3275.608,85.13925,0,78.21098,0,0,2292.926,2292.609,1048.062,451.2925,1499.355,3,87.92503,0.1939267,111.236,800,500,0,324.9685,0.1624843,0.1259371,0.3172331,0,250,0.3172331,1244.546,76.29522,48.1024,0,0,1.915762,511.7068,277.7424,233.9644,0,729.4625,3957.929,0,5.684342e-14,1.24345e-13,4.263256e-14
naive,2026-01-31 23:00:00,2588,23,33.94954,3275.21,79.92464,0,91.59505,0,0,2292.647,2292.33,597.1228,322.4352,919.5579,2,0,0,119.5579,800,0,78.50839,305.2903,0.1526451,0.2046279,0.3172331,0,250,0.3172331,1695.207,82.30412,48.43335,3.85918,0,9.290935,507.7226,375.4153,132.3072,0,699.9081,3801.664,0,5.684342e-14,-3.641532e-14,4.263256e-14
naive,2026-01-31 23:15:00,2589,23.25,33.65876,3285.505,71.2489,0,85.41637,0,0,2299.854,2299.536,592.5564,320.4221,912.9785,2,0,0,112.9785,800,0,70.20711,287.6904,0.1438452,0.1922368,0.3172331,0,250,0.3172331,1706.98,78.03763,48.73918,3.580806,0,7.378746,505.7361,375.3637,130.3725,0,697.4083,3787.091,0,5.684342e-14,2.775558e-16,4.263256e-14
naive,2026-01-31 23:30:00,2590,23.5,33.31686,3272.082,62.88751,2.518607,65.61561,0,1,2290.457,2290.14,589.6604,319.1454,908.8059,2,0,0,108.8059,800,0,51.48517,274.7738,0.1373869,0.1811544,0.3172331,0,250,0.3172331,1700.48,75.45307,49.09877,12.8325,1.088452,0,499.5386,370.8671,128.6715,0,690.0125,3763.846,0,0,-1.854072e-14,4.263256e-14
naive,2026-01-31 23:45:00,2591,23.75,32.98654,3270.745,61.49253,0,47.60319,0,1,2289.521,2289.204,581.9549,315.7484,897.7033,2,0,0,97.70332,800,0,51.1914,261.9327,0.1309664,0.1730211,0.3172331,0,250,0.3172331,1707.249,68.01203,49.44618,13.37008,0,0,495.4086,369.4161,125.9926,0,685.1645,3735.841,0,5.684342e-14,-4.446443e-14,4.263256e-14
naive,2026-02-01 00:00:00,2592,0,32.88262,3284.734,57.91599,1.923153,53.4517,1,1,2299.314,2298.997,567.3137,309.2939,876.6076,2,0,0,76.60761,800,0,41.45869,251.5268,0.1257634,0.1649352,0.3172331,0,250,0.3172331,1731.683,53.39083,49.55547,20.26545,0,0.06087482,496.3,373.7786,122.5214,683.0856,0,1345.379,0,0,5.304091e-14,4.263256e-14
naive,2026-02-01 00:15:00,2593,0.25,32.49671,3284.598,51.871,0.07348007,43.29918,1,1,2299.219,2298.901,549.5901,301.4805,851.0706,2,0,0,51.07059,800,0,38.6729,241.819,0.1209095,0.1583828,0.3172331,0,250,0.3172331,1749.311,35.75076,49.96136,13.36179,0,7.548423,491.7734,374.1552,117.6181,677.2502,0,1321.343,0,5.684342e-14,5.448419e-14,4.263256e-14
naive,2026-02-01 00:30:00,2594,0.5,32.26681,3264.497,62.4651,3.959104,37.12934,1,1,2285.148,2284.831,550.6977,301.9687,852.6665,2,0,0,52.66647,800,0,50.02139,229.2756,0.1146378,0.1522699,0.3172331,0,250,0.3172331,1734.133,36.96478,50.20316,13.31396,3.088852,0.1645608,486.1344,368.9134,117.221,670.9171,0,1313.651,0,5.684342e-14,-4.860001e-14,4.263256e-14
naive,2026-02-01 00:45:00,2595,0.75,32.15075,3217.689,62.63325,6.468246,34.51399,1,1,2252.383,2252.065,545.1803,299.5364,844.7168,2,0,0,44.71676,800,0,50.57993,216.5945,0.1082973,0.1443715,0.3172331,0,250,0.3172331,1706.885,31.42667,50.32522,12.41094,6.110626,3.087319,477.8661,362.1332,115.7329,662.3246,0,1299.983,0,0,4.310441e-14,4.263256e-14
naive,2026-02-01 01:00:00,2596,1,31.84052,3202.104,63.1151,3.213718,38.3474,1,1,2241.473,2241.156,543.8366,298.944,842.7806,2,0,0,42.78057,800,0,52.20472,203.5092,0.1017546,0.1363864,0.3172331,0,250,0.3172331,1697.319,30.1721,50.6515,11.49606,2.628031,8.175294,472.1333,357.5153,114.618,658.1814,0,1283.744,0,5.684342e-14,-4.984901e-14,4.263256e-14
naive,2026-02-01 01:15:00,2597,1.25,31.67627,3240.987,64.48797,2.37616,51.59156,1,1,2268.691,2268.374,584.0591,311.9276,895.9867,2,39.91731,0.7081449,55.3612,800,0,13.90883,200,0.1,0.1281468,0.3172331,0,250,0.3172331,1684.315,39.11766,50.82425,10.66183,1.668015,12.47391,476.0547,353.4311,122.6236,667.9762,0,1300.044,0,5.684342e-14,-1.387779e-16,4.263256e-14
naive,2026-02-01 01:30:00,2598,1.5,31.53873,3242.782,67.4744,0,31.92384,1,1,2269.948,2269.63,993.0642,431.1734,1424.238,3,53.23418,0.8980183,70.10544,800,500,0,324.9685,0.1624843,0.1259371,0.3172331,0,250,0.3172331,1276.566,49.61293,50.96891,14.24023,0,0,474.811,267.0227,207.7882,698.1962,0,1363.617,0,5.684342e-14,1.24345e-13,4.263256e-14
naive,2026-02-01 01:45:00,2599,1.75,31.12746,3275.02,72.09329,0,29.61931,1,1,2292.514,2292.197,565.6465,308.5589,874.2054,2,0,0,74.20541,800,0,57.55751,310.528,0.155264,0.2046279,0.3172331,0,250,0.3172331,1726.55,52.75859,51.40146,16.52589,0,0,475.036,357.7616,117.2744,666.3205,0,1303.322,0,1.136868e-13,-2.930989e-14,4.263256e-14
naive,2026-02-01 02:00:00,2600,2,31.03926,3261.113,73.70142,0,48.4037,1,1,2282.779,2282.462,563.0845,307.4294,870.5139,2,0,0,70.51394,800,0,55.8939,296.5056,0.1482528,0.1955349,0.3172331,0,250,0.3172331,1719.377,50.18378,51.49423,22.97899,0,0,472.0697,355.5604,116.5093,662.9899,0,1307.688,0,0,-7.988055e-14,4.263256e-14
naive,2026-02-01 02:15:00,2601,2.25,30.70513,3301.72,48.43004,0.8959524,34.48037,1,1,2311.204,2310.887,569.1747,310.1143,879.2891,2,0,0,79.28905,800,0,54.18037,282.9139,0.1414569,0.1867052,0.3172331,0,250,0.3172331,1741.712,56.64084,51.84564,0,0,0,474.3427,357.4624,116.8803,667.5767,0,1276.827,0,0,9.497958e-14,4.263256e-14
naive,2026-02-01 02:30:00,2602,2.5,30.52949,3264.963,45.26333,6.514528,21.61038,1,1,2285.474,2285.157,563.6078,307.6601,871.2679,2,0,0,71.26791,800,0,56.6377,268.7099,0.1343549,0.1781467,0.3172331,0,250,0.3172331,1721.549,51.01101,52.03037,0,1.563537,0,467.2094,351.9287,115.2807,659.5888,0,1263.341,0,0,-9.753309e-14,4.263256e-14
naive,2026-02-01 02:45:00,2603,2.75,30.15404,3208.302,47.16738,5.40221,9.059188,1,1,2245.811,2245.494,562.8955,307.3461,870.2417,2,0,0,70.24166,800,0,56.70988,254.4901,0.1272451,0.1692027,0.3172331,0,250,0.3172331,1682.598,50.48743,52.42525,0,4.528421,0,455.2576,341.0864,114.1712,648.4326,0,1245.698,0,-5.684342e-14,4.773959e-15,4.263256e-14
naive,2026-02-01 03:00:00,2604,3,29.78255,3231.712,55.64079,6.342288,27.66899,1,1,2262.199,2261.881,555.7961,304.2164,860.0125,2,0,0,60.01249,800,0,59.16993,239.6576,0.1198288,0.1602487,0.3172331,0,250,0.3172331,1706.085,43.31339,52.81597,0,6.184969,0,454.812,343.0062,111.8059,647.2226,0,1245.696,0,5.684342e-14,3.358425e-15,4.263256e-14
naive,2026-02-01 03:15:00,2605,3.25,29.60269,3230.582,49.38111,3.602834,21.55336,1,1,2261.408,2261.09,561.9398,306.9248,868.8647,2,0,0,68.86465,800,0,66.34361,223.0339,0.111517,0.1509089,0.3172331,0,250,0.3172331,1699.151,49.80144,53.00513,0,3.359024,0,452.8517,340.2585,112.5932,647.1834,0,1240.53,0,-5.684342e-14,-3.055889e-14,4.263256e-14
naive,2026-02-01 03:30:00,2606,3.5,29.67678,3252.05,66.21785,3.346025,14.08726,1,1,2276.435,2276.117,561.4501,306.7089,868.159,2,0,0,68.15898,800,0,67.32969,206.1664,0.1030832,0.1404412,0.3172331,0,250,0.3172331,1714.667,49.25071,52.92721,0,3.24072,0,456.6062,343.9271,112.679,650.6361,0,1247.319,0,-5.684342e-14,6.356027e-14,4.263256e-14
naive,2026-02-01 03:45:00,2607,3.75,29.88399,3315.971,77.77414,0.8710739,17.54752,1,1,2321.18,2320.863,593.474,315.2756,908.7496,2,46.6635,0.3392682,61.74686,800,0,24.53585,200,0.1,0.12982,0.3172331,0,250,0.3172331,1727.389,44.51504,52.70927,6.57479,0.5318057,0,467.7195,348.0701,119.6494,663.3457,0,1279.652,0,0,8.326673e-17,4.263256e-14
naive,2026-02-01 04:00:00,2608,4,30.12637,3313.54,70.87741,0,22.66439,1,1,2319.478,2319.161,1000.855,432.2029,1433.057,3,73.45039,0,59.60703,800,500,0,324.9685,0.1624843,0.1259371,0.3172331,0,250,0.3172331,1318.306,42.8568,52.45435,0,0,0,469.9011,267.0746,202.8265,699.2775,0,1339.544,0,5.684342e-14,1.24345e-13,4.263256e-14
naive,2026-02-01 04:15:00,2609,4.25,30.20244,3324.811,90.05115,3.299605,19.07329,1,1,2327.368,2327.05,537.5744,296.1834,833.7578,2,0,0,33.7578,800,0,87.23732,303.108,0.151554,0.2046279,0.3172331,0,250,0.3172331,1789.476,24.25094,52.37435,3.046957,3.066473,0,472.3,363.1439,109.156,659.3273,0,1270.279,0,0,7.727152e-14,4.263256e-14
naive,2026-02-01 04:30:00,2610,4.5,30.27083,3256.16,109.9066,5.915704,31.82989,1,1,2279.312,2278.995,532.065,293.7545,825.8195,2,0,0,25.81947,800,0,110.209,275.5081,0.137754,0.1908627,0.3172331,0,250,0.3172331,1746.93,18.53408,52.30242,0.01267681,5.600609,13.29581,463.2552,355.052,108.2032,651.5088,0,1253.86,0,-5.684342e-14,2.634004e-14,4.263256e-14
naive,2026-02-01 04:45:00,2611,4.75,30.30073,3268.459,123.0802,2.87949,40.30832,1,1,2287.922,2287.604,536.0629,295.517,831.5799,2,0,0,31.57988,800,0,127.305,243.6384,0.1218192,0.1734834,0.3172331,0,250,0.3172331,1751.541,22.66153,52.27097,0,2.181134,17.64679,465.316,356.2274,109.0886,655.3333,0,1255.624,0,-5.684342e-14,4.737877e-14,4.263256e-14
naive,2026-02-01 05:00:00,2612,5,30.33387,3258.153,159.0398,0,45.97001,1,1,2280.707,2280.39,533.8104,294.524,828.3344,2,0,0,28.3344,800,0,149.5061,206.2236,0.1031118,0.1534156,0.3172331,0,250,0.3172331,1746.579,20.32509,52.23611,9.881415,0,25.64492,464.1929,355.4817,108.7111,655.2252,0,1268.73,0,0,-3.919087e-14,4.263256e-14
naive,2026-02-01 05:15:00,2613,5.25,30.25122,3265.971,189.2716,0,50.0635,1,1,2286.18,2285.863,662.7467,331.4789,994.2256,2,167.1713,0.2226588,26.83157,800,0,24.76436,200,0.1,0.1298559,0.3172331,0,250,0.3172331,1623.116,19.26481,52.32305,0,0,30.79869,464.4474,329.7431,134.7043,667.4788,0,1276.094,0,5.684342e-14,-2.220446e-16,4.263256e-14
naive,2026-02-01 05:30:00,2614,5.5,30.17495,3308.425,243.775,0,61.55349,1,1,2315.897,2315.58,1120.672,466.0493,1586.721,4,232.9588,0.64102,53.1214,800,500,0,324.9685,0.1624843,0.1259371,0.3172331,0,250,0.3172331,1194.908,38.17306,52.40326,10.81615,0,23.38043,469.684,242.3377,227.3463,713.1288,0,1385.962,0,-5.684342e-14,1.24345e-13,4.263256e-14
naive,2026-02-01 05:45:00,2615,5.75,30.22992,3341.444,269.2757,0,48.88644,1,1,2339.011,2338.693,552.29,302.6707,854.9607,2,0,0,54.96071,800,0,281.2743,254.5988,0.1272994,0.2046279,0.3172331,0,250,0.3172331,1786.403,39.47062,52.34545,0,0,9.41582,474.954,362.7429,112.2111,667.3255,0,1275.762,0,5.684342e-14,-6.483702e-14,4.263256e-14
naive,2026-02-01 06:00:00,2616,6,30.30711,3311.164,324.3632,0,50.11311,1,1,2317.814,2317.497,641.617,329.864,971.481,2,102.4427,1.654679,67.38363,800,0,218.2349,200,0.1,0.1603171,0.3172331,0,250,0.3172331,1675.88,48.35066,52.26426,3.685714,0,1.76245,471.4629,340.8881,130.5748,671.1105,0,1289.782,0,0,-1.14353e-14,4.263256e-14
naive,2026-02-01 06:15:00,2617,6.25,30.26099,3323.152,370.1805,0,47.36653,1,1,2326.206,2325.889,1225.775,497.1015,1722.877,4,361.4277,0.6562194,60.79301,800,500,0,324.9685,0.1624843,0.1259371,0.3172331,0,250,0.3172331,1100.114,43.64404,52.31276,8.752831,0,3.722489,472.6822,223.5417,249.1405,721.3997,0,1399.046,0,5.684342e-14,1.24345e-13,4.263256e-14
naive,2026-02-01 06:30:00,2618,6.5,30.15954,3372.649,390.2257,0.1200925,56.84151,1,1,2360.854,2360.537,553.1067,303.0308,856.1375,2,0,0,56.13748,800,0,395.2634,226.1015,0.1130508,0.2046279,0.3172331,0,250,0.3172331,1807.43,40.34733,52.41946,0,0,16.49418,478.6372,366.4366,112.2006,672.8114,0,1286.651,0,-5.684342e-14,-7.993606e-15,4.263256e-14
naive,2026-02-01 06:45:00,2619,6.75,30.13595,3406.525,434.017,0,75.027,1,1,2384.568,2384.25,801.2232,375.7623,1176.985,3,308.0927,0.04134459,68.85144,800,0,104.2637,200,0.1,0.1423728,0.3172331,0,250,0.3172331,1583.027,49.49816,52.44428,21.66069,0,25.52885,483.1906,320.7725,162.418,701.7078,0,1381.78,0,0,3.885781e-15,4.263256e-14
naive,2026-02-01 07:00:00,2620,7,30.65477,3476.213,435.0063,0,45.81974,1,1,2433.349,2433.032,1297.114,520.3092,1817.423,4,430.7104,0.3798385,86.33268,800,500,0,324.9685,0.1624843,0.1259371,0.3172331,0,250,0.3172331,1135.918,61.70731,51.8986,4.295866,0,0,498.8441,232.8667,265.9774,753.1759,0,1455.376,0,0,1.24345e-13,4.263256e-14
naive,2026-02-01 07:15:00,2621,7.25,30.66236,3435.036,411.3743,0,29.60897,1,1,2404.525,2404.208,578.2736,314.1256,892.3992,2,0,0,92.39921,800,0,422.289,219.3451,0.1096726,0.2046279,0.3172331,0,250,0.3172331,1825.934,66.03782,51.89062,0,0,0,493.0195,374.3863,118.6332,688.5119,0,1318.647,0,-5.684342e-14,4.884981e-14,4.263256e-14
naive,2026-02-01 07:30:00,2622,7.5,30.96359,3448.204,406.5306,5.470347,55.42845,1,1,2413.743,2413.425,823.0047,383.8255,1206.83,3,321.0313,0,85.79886,800,0,77.24232,200,0.1,0.1381184,0.3172331,0,250,0.3172331,1590.421,61.11378,51.5738,8.256975,5.470347,0,498.2949,328.3277,169.9672,712.1531,0,1389.965,0,5.684342e-14,2.553513e-15,4.263256e-14
naive,2026-02-01 07:45:00,2623,7.75,31.24825,3415.577,367.6381,3.656128,55.57666,1,1,2390.904,2390.587,1252.291,508.5222,1760.814,4,363.6885,1.505357,95.6197,800,500,0,324.9685,0.1624843,0.1259371,0.3172331,0,250,0.3172331,1138.295,67.89133,51.27442,3.949546,2.150772,0,496.7913,236.5194,260.2719,745.0416,0,1442.922,0,1.136868e-13,1.24345e-13,4.263256e-14
naive,2026-02-01 08:00:00,2624,8,31.52655,3473.703,335.0329,0,44.10504,1,1,2431.592,2431.275,591.0444,319.7555,910.7999,2,0,12.09354,98.7064,800,0,499.6694,200,0.1,0.2046279,0.3172331,0,250,0.3172331,1840.231,69.86317,50.98172,12.346,0,0,508.48,384.818,123.662,704.5736,0,1373.09,0,0,-7.993606e-15,4.263256e-14
naive,2026-02-01 08:15:00,2625,8.25,31.59918,3504.146,293.1439,0,61.11742,1,1,2452.902,2452.585,1337.674,555.9308,1893.605,4,281.5784,190.4827,121.544,800,500,0,324.9685,0.1624843,0.1259371,0.3172331,0,250,0.3172331,1114.911,85.95671,50.90533,11.56547,0,0,513.7946,233.5336,280.261,789.4645,0,1541.611,0,-2.273737e-13,1.24345e-13,4.263256e-14
naive,2026-02-01 08:30:00,2626,8.5,32.02535,3549.911,256.2692,0,70.56701,1,1,2484.938,2484.621,595.7052,321.8103,917.5155,2,0,0,117.5155,800,0,427.0322,218.1593,0.1090797,0.2046279,0.3172331,0,250,0.3172331,1888.915,82.70707,50.45711,20.43236,0,0,525.6667,399.5834,126.0833,721.3937,0,1421.269,0,0,-7.993606e-15,4.263256e-14
naive,2026-02-01 08:45:00,2627,8.75,32.23766,3546.794,201.3281,0,105.868,1,1,2482.756,2482.439,825.8269,408.2387,1234.066,3,126.2659,195.6261,112.1737,800,0,72.49987,200,0.1,0.1373717,0.3172331,0,250,0.3172331,1656.612,78.75698,50.23381,2.562356,0,27.11098,527.8128,352.1816,175.6312,766.1839,0,1480.275,0,5.684342e-14,1.69309e-15,4.263256e-14
naive,2026-02-01 09:00:00,2628,9,32.34594,3588.588,170.4461,2.629129,96.93229,1,1,2512.011,2511.694,1259.907,535.8683,1795.775,4,162.0331,199.1229,134.6195,800,500,0,324.9685,0.1624843,0.1259371,0.3172331,0,250,0.3172331,1251.787,94.39955,50.11993,8.413013,0,2.532736,535.3879,266.7948,268.5931,803.2029,0,1564.533,0,1.136868e-13,1.24345e-13,4.263256e-14
naive,2026-02-01 09:15:00,2629,9.25,32.45093,3537.379,144.79,1.727497,107.4651,1,1,2476.165,2475.848,620.8479,332.8944,953.7423,2,0,0,153.7423,800,0,339.3267,240.0857,0.1200428,0.2046279,0.3172331,0,250,0.3172331,1855,107.68,50.00951,8.173663,0,0,529.0501,396.3338,132.7163,729.2282,0,1416.295,0,0,-7.993606e-15,4.263256e-14
naive,2026-02-01 09:30:00,2630,9.5,32.6411,3561.295,116.2917,3.48504,103.9041,1,1,2492.907,2492.59,748.4835,389.1624,1137.646,3,0,151.8162,185.8297,800,0,160.1915,200,0.1,0.1511784,0.3172331,0,250,0.3172331,1744.106,129.871,49.8095,6.788973,0,0,535.0183,374.3135,160.7048,763.4759,0,1482.627,0,0,-7.160939e-15,4.263256e-14
naive,2026-02-01 09:45:00,2631,9.75,33.13153,3547.682,100.4764,0.5159393,116.7544,1,1,2483.377,2483.06,1235.829,534.7472,1770.576,4,82.225,200.4874,187.8633,800,500,0,324.9685,0.1624843,0.1259371,0.3172331,0,250,0.3172331,1247.232,130.5552,49.29369,18.2514,0,0,539.2162,270.8116,268.4046,805.5588,0,1587.146,0,-2.273737e-13,1.24345e-13,4.263256e-14
naive,2026-02-01 10:00:00,2632,10,33.18565,3552.649,85.80736,11.3011,115.2941,1,1,2486.854,2486.537,654.3,347.6417,1001.942,3,0,0,201.9417,800,0,272.4676,256.8005,0.1284002,0.2046279,0.3172331,0,250,0.3172331,1832.237,140.2515,49.23677,16.12116,0,0,540.6701,398.349,142.3211,745.9907,0,1464.399,0,0,1.056932e-13,4.263256e-14
naive,2026-02-01 10:15:00,2633,10.25,33.32885,3547.868,60.46223,6.932822,118.3142,1,1,2483.507,2483.19,706.0282,370.446,1076.474,3,0,48.91272,227.5615,800,0,227.0401,200,0.1,0.1617035,0.3172331,0,250,0.3172331,1777.162,157.7841,49.08616,0,0,0,541.7978,387.7027,154.0951,758.1487,0,1461.075,0,-1.136868e-13,1.304512e-14,4.263256e-14
naive,2026-02-01 10:30:00,2634,10.5,33.56747,3579.879,57.32586,0,151.9534,1,1,2505.915,2505.598,1264.546,549.5928,1814.139,4,63.85138,205.9339,244.3533,800,500,0,324.9685,0.1624843,0.1259371,0.3172331,0,250,0.3172331,1241.052,168.9606,48.83519,0,0,0,549.8348,272.3052,277.5296,821.898,0,1588.856,0,0,1.24345e-13,4.263256e-14
naive,2026-02-01 10:45:00,2635,10.75,33.87253,3598.129,61.23071,0,177.4566,1,1,2518.69,2518.373,706.438,370.6267,1077.065,3,0,0,277.0647,800,0,268.4996,257.7924,0.1288962,0.2046279,0.3172331,0,250,0.3172331,1811.935,190.903,48.51435,0,0,0,556.737,400.5142,156.2228,771.1409,0,1487.703,0,5.684342e-14,-7.993606e-15,4.263256e-14
naive,2026-02-01 11:00:00,2636,11,33.97906,3592.457,50.9478,0,204.954,1,0,2514.72,2514.403,761.8259,395.0444,1156.87,3,0,36.37276,320.4976,800,0,231.0075,200,0.1,0.1623281,0.3172331,0,250,0.3172331,1752.577,220.556,48.4023,0,0,0,557.303,388.3997,168.9034,783.4441,0,1512.436,0,0,-3.330669e-15,4.263256e-14
naive,2026-02-01 11:15:00,2637,11.25,34.09913,3601.798,48.50596,0,236.5208,0,0,2521.259,2520.942,1344.367,585.1945,1929.562,4,60.38439,209.414,359.7635,800,500,0,324.9685,0.1624843,0.1259371,0.3172331,0,250,0.3172331,1176.574,247.232,48.27602,0,0,0,560.3923,261.5135,298.8788,0,846.708,4602.584,0,0,1.24345e-13,4.263256e-14
naive,2026-02-01 11:30:00,2638,11.5,34.2787,3668.029,37.81345,2.205013,249.0362,0,0,2567.62,2567.303,778.1387,402.2359,1180.375,3,0,0,380.3747,800,0,272.2817,256.8469,0.1284235,0.2046279,0.3172331,0,250,0.3172331,1789.164,260.8497,48.08716,0,0,0,573.2136,399.4256,173.788,0,801.6615,4355.04,0,5.684342e-14,-1.216804e-13,4.263256e-14
naive,2026-02-01 11:45:00,2639,11.75,34.61747,3678.137,52.56021,0,285.0377,0,0,2574.696,2574.379,838.3449,428.7777,1267.123,3,0,34.74822,432.3745,800,0,227.226,200,0.1,0.1617328,0.3172331,0,250,0.3172331,1736.034,295.3378,47.73085,3.607561,0,0,579.6152,390.8157,188.7995,0,819.5934,4460.29,0,0,-3.885781e-14,4.263256e-14
naive,2026-02-01 12:00:00,2640,12,34.84544,3717.314,54.92819,0,311.8691,0,0,2602.12,2601.803,1393.946,606.0539,2000,4,51.78448,211.1097,464.4113,772.6945,500,0,324.9685,0.1624843,0.1259371,0.3172331,0,250,0.3172331,1207.857,316.3739,45.87013,3.143707,0,0,589.1146,273.4563,315.6584,0,879.5102,4791.125,0,0,1.24345e-13,4.263256e-14
naive,2026-02-01 12:15:00,2641,12.25,35.06401,3693.022,50.13281,1.722253,347.5774,0,0,2585.116,2584.798,857.4416,437.1965,1294.638,3,0,0,494.6381,800,0,262.7517,259.2294,0.1296147,0.2046279,0.3172331,0,250,0.3172331,1727.357,336.1006,47.26121,0,0,11.47682,588.468,393.2103,195.2577,0,833.0194,4528.438,0,5.684342e-14,-7.993606e-15,4.263256e-14
naive,2026-02-01 12:30:00,2642,12.5,35.33454,3720.87,48.17123,4.817091,350.4605,0,0,2604.609,2604.292,906.2097,458.6959,1364.906,3,0,30.11047,534.7952,800,0,236.7545,200,0.1,0.163233,0.3172331,0,250,0.3172331,1698.082,362.2294,46.97668,0,0,0,596.9492,389.1827,207.7665,0,847.8786,4610.484,0,1.136868e-13,-1.440514e-14,4.263256e-14
naive,2026-02-01 12:45:00,2643,12.75,35.58925,3786.705,51.96977,4.176972,389.4378,0,0,2650.694,2650.376,1400.232,599.7677,2000,4,58.67596,213.9391,566.0201,661.3648,500,0,324.9685,0.1624843,0.1259371,0.3172331,0,250,0.3172331,1250.144,382.2255,38.61444,0,0,7.212367,611.4376,288.3717,323.0658,0,889.8032,4850.476,0,0,1.24345e-13,4.263256e-14
naive,2026-02-01 13:00:00,2644,13,35.94608,3768.969,53.64571,4.107047,419.7042,0,0,2638.279,2637.961,924.7112,466.8523,1391.564,3,0,0,591.5635,800,0,273.0771,256.6481,0.128324,0.2046279,0.3172331,0,250,0.3172331,1713.25,397.7859,46.3335,0,0,21.91834,614.1342,398.8076,215.3266,0,870.762,4737.066,0,0,-7.993606e-15,4.263256e-14
naive,2026-02-01 13:15:00,2645,13.25,36.07826,3808.49,65.2022,2.308786,452.0026,0,0,2665.943,2665.626,992.4024,496.6938,1489.096,3,0,54.6121,634.4841,800,0,226.4308,200,0.1,0.1616075,0.3172331,0,250,0.3172331,1673.223,425.9761,46.19448,0.4707942,0,26.02656,622.6814,390.813,231.8685,0,893.5858,4863.565,0,-1.705303e-13,1.312839e-14,4.263256e-14
naive,2026-02-01 13:30:00,2646,13.5,36.29919,3770.43,61.20334,3.249319,470.2354,0,0,2639.301,2638.984,1407.505,592.4947,2000,4,66.77372,219.4402,681.0288,532.7573,500,0,324.9685,0.1624843,0.1259371,0.3172331,0,250,0.3172331,1231.478,456.0213,30.60831,0,0,14.21414,619.9778,289.2771,330.7008,0,885.1108,4833.675,0,0,1.24345e-13,4.263256e-14
naive,2026-02-01 13:45:00,2647,13.75,36.42811,3753.959,56.47786,1.096171,462.3807,0,0,2627.772,2627.454,1004.913,502.209,1507.122,4,0,0,707.1218,800,0,284.7589,253.7276,0.1268638,0.2046279,0.3172331,0,250,0.3172331,1622.542,472.764,45.82653,0,0,0,619.3327,382.4126,236.9201,0,884.6217,4813.864,0,-5.684342e-14,-6.483702e-14,4.263256e-14
naive,2026-02-01 14:00:00,2648,14,36.72592,3741.939,56.51232,5.884363,524.2478,0,1,2619.357,2619.04,1070.72,531.2201,1601.94,4,0,60.70696,741.2332,800,0,214.7508,200,0.1,0.1597686,0.3172331,0,250,0.3172331,1548.32,493.8041,45.5133,0,0,30.44371,622.1532,367.759,254.3942,0,906.2101,4932.953,0,-1.136868e-13,-3.191891e-15,4.263256e-14
naive,2026-02-01 14:15:00,2649,14.25,37.02493,3775.598,53.28075,2.128532,523.784,1,1,2642.919,2642.601,1410.077,589.9232,2000,4,53.71372,215.7464,768.8548,461.6851,500,0,324.9685,0.1624843,0.1259371,0.3172331,0,250,0.3172331,1232.525,510.3663,26.08453,0,0,13.41769,632.6922,295.0559,337.6363,888.1911,0,1747.037,0,0,1.24345e-13,4.263256e-14
naive,2026-02-01 14:30:00,2650,14.5,37.17342,3753.9,58.88845,5.577517,534.3828,1,1,2627.73,2627.413,1055.582,524.5466,1580.129,4,0,0,780.1289,800,0,271.9515,256.9295,0.1284647,0.2046279,0.3172331,0,250,0.3172331,1571.831,516.9232,45.04265,1.377015,0,17.45954,631.5257,377.76,253.7657,906.5027,0,1764.708,0,1.136868e-13,-6.483702e-14,4.263256e-14
naive,2026-02-01 14:45:00,2651,14.75,37.49451,3755.137,65.12319,1.232907,561.1124,1,1,2628.596,2628.279,1101.362,544.7287,1646.091,4,0,42.00616,804.0848,800,0,227.5561,200,0.1,0.1617847,0.3172331,0,250,0.3172331,1526.916,530.7313,44.70494,11.27081,0,30.38118,637.1421,370.1074,267.0347,922.2001,0,1813.549,0,-1.136868e-13,-1.298961e-14,4.263256e-14
naive,2026-02-01 15:00:00,2652,15,37.62357,3753.59,45.41146,0,569.9333,1,1,2627.513,2627.196,1410.896,589.1038,2000,4,49.13321,208.4969,804.0054,438.3645,500,0,324.9685,0.1624843,0.1259371,0.3172331,0,250,0.3172331,1216.299,529.8488,24.42195,0,0,40.08453,639.0787,295.8353,343.2434,894.6886,0,1761.903,0,-2.273737e-13,1.24345e-13,4.263256e-14
naive,2026-02-01 15:15:00,2653,15.25,37.94483,3763.523,62.84033,4.845981,582.5032,1,1,2634.466,2634.149,1082.232,536.2952,1618.527,4,0,0,818.5272,800,0,252.7948,261.7187,0.1308593,0.2046279,0.3172331,0,250,0.3172331,1551.916,537.3152,44.23133,21.53104,0,45.18807,646.3251,380.7385,265.5866,928.1199,0,1843.621,0,0,-6.483702e-14,4.263256e-14
naive,2026-02-01 15:30:00,2654,15.5,38.0191,3764.992,78.98841,0,597.9944,1,1,2635.495,2635.177,1100.998,544.568,1645.566,4,0,12.09334,833.4725,800,0,246.7098,200,0.1,0.1648004,0.3172331,0,250,0.3172331,1534.18,546.6306,44.15322,29.348,0,51.36377,647.876,377.1429,270.7331,934.3376,0,1869.628,0,2.273737e-13,-5.911938e-15,4.263256e-14
naive,2026-02-01 15:45:00,2655,15.75,38.07262,3763.825,84.96644,0,585.7184,1,1,2634.677,2634.36,1414.133,585.8668,2000,4,61.74381,205.643,837.0067,395.6066,500,0,324.9685,0.1624843,0.1259371,0.3172331,0,250,0.3172331,1220.227,548.5901,21.80629,23.22262,0,37.12832,648.6139,300.3996,348.2142,895.4068,0,1806.341,0,2.273737e-13,1.24345e-13,4.263256e-14
naive,2026-02-01 16:00:00,2656,16,37.97674,3721.428,88.50708,2.794431,553.9741,1,1,2605,2604.682,1086.978,538.3876,1625.366,4,0,0,825.3661,800,0,269.6347,257.5087,0.1287543,0.2046279,0.3172331,0,250,0.3172331,1517.704,541.5938,44.19777,20.16777,0,12.38028,639.6469,372.6659,266.981,914.0934,0,1813.254,0,-1.136868e-13,-7.993606e-15,4.263256e-14
naive,2026-02-01 16:15:00,2657,16.25,37.92912,3717.136,99.82758,0.8715891,539.2813,1,1,2601.995,2601.678,1114.123,550.3544,1664.478,4,0,48.13255,816.3453,800,0,229.8726,200,0.1,0.1621494,0.3172331,0,250,0.3172331,1487.555,535.9855,44.24785,23.23299,0,3.295848,638.0885,364.7937,273.2948,915.9564,0,1822.211,0,1.136868e-13,2.708944e-14,4.263256e-14
naive,2026-02-01 16:30:00,2658,16.5,37.94811,3673.248,116.5877,6.403406,520.9344,1,1,2571.274,2570.957,1416.308,583.692,2000,4,94.17701,201.6498,798.7727,405.4005,500,0,324.9685,0.1624843,0.1259371,0.3172331,0,250,0.3172331,1154.649,524.3265,22.4125,22.41066,0,0,630.878,283.3002,347.5777,866.9923,0,1747.429,0,0,1.24345e-13,4.263256e-14
naive,2026-02-01 16:45:00,2659,16.75,37.72783,3684.692,126.9386,2.032662,509.7167,1,1,2579.284,2578.967,1055.72,524.6073,1580.327,4,0,0,780.3272,800,0,320.4962,244.7933,0.1223967,0.2046279,0.3172331,0,250,0.3172331,1523.247,513.5937,44.45955,7.408086,0,0,629.1031,371.5292,257.5739,896.1365,0,1755.035,0,0,-7.993606e-15,4.263256e-14
naive,2026-02-01 17:00:00,2660,17,37.7653,3721.216,130.8262,3.640892,488.4166,1,1,2604.851,2604.534,1156.094,568.8572,1724.951,4,0,164.6746,760.2769,800,0,179.0191,200,0.1,0.1541428,0.3172331,0,250,0.3172331,1448.44,500.1691,44.42014,0,0,0,635.9784,353.6388,282.3396,922.496,0,1795.019,0,0,-1.290634e-14,4.263256e-14
naive,2026-02-01 17:15:00,2661,17.25,37.89891,3708.511,158.4017,5.219435,490.0887,1,1,2595.957,2595.64,1422.792,577.2077,2000,4,175.8843,194.4594,719.1627,410.4936,500,0,324.9685,0.1624843,0.1259371,0.3172331,0,250,0.3172331,1172.848,472.3523,22.72063,0,0,17.73639,636.0895,287.3838,348.7056,868.9375,0,1712.314,0,0,1.24345e-13,4.263256e-14
naive,2026-02-01 17:30:00,2662,17.5,37.97307,3654.655,198.5742,12.39365,466.7406,1,1,2558.258,2557.941,986.2955,494.0016,1480.297,3,0,0,680.2972,800,0,389.1963,227.6183,0.1138091,0.2046279,0.3172331,0,250,0.3172331,1571.646,446.4215,44.20162,1.020953,0,20.31916,628.1076,385.8729,242.2347,884.8633,0,1721.761,0,0,-7.993606e-15,4.263256e-14
naive,2026-02-01 17:45:00,2663,17.75,37.98472,3634.46,227.4207,5.366024,428.6559,1,1,2544.122,2543.805,1183.277,566.7989,1750.076,4,118.0398,189.7185,642.3178,800,0,110.3298,200,0.1,0.1433279,0.3172331,0,250,0.3172331,1360.528,421.439,44.18937,0,0,7.216984,624.8334,334.144,290.6894,902.7154,0,1755.718,0,-1.136868e-13,-3.108624e-15,4.263256e-14
naive,2026-02-01 18:00:00,2664,18,38.04054,3649.602,268.6585,8.159779,428.8408,1,1,2554.721,2554.404,1419.961,580.0387,2000,4,266.1612,0.4939509,622.5842,610.7607,500,0,324.9685,0.1624843,0.1259371,0.3172331,0,250,0.3172331,1134.443,408.2133,33.69159,2.497299,7.665828,20.62747,628.3841,279.0386,349.3455,864.151,0,1707.93,0,0,1.24345e-13,4.263256e-14
naive,2026-02-01 18:15:00,2665,18.25,37.91813,3603.266,305.0173,0,398.6581,1,1,2522.286,2521.969,927.8615,468.241,1396.102,3,0,0,596.1025,800,0,312.9879,246.6704,0.1233352,0.2046279,0.3172331,0,250,0.3172331,1594.107,391.4337,44.25941,0,0,7.224424,618.358,390.8078,227.5502,860.8199,0,1671.848,0,1.136868e-13,4.884981e-14,4.263256e-14
naive,2026-02-01 18:30:00,2666,18.5,37.79166,3566.265,334.4791,3.926852,353.2823,1,0,2496.386,2496.069,1002.933,483.9629,1486.896,3,146.0448,1.154413,539.6965,800,0,186.5262,200,0.1,0.1553247,0.3172331,0,250,0.3172331,1493.136,354.9405,44.39242,1.908042,2.77244,0,609.9282,364.8096,245.1186,848.7725,0,1655.677,0,-5.684342e-14,3.608225e-16,4.263256e-14
naive,2026-02-01 18:45:00,2667,18.75,37.81932,3488.695,366.4735,0.3165012,323.4619,0,0,2442.086,2441.769,1426.826,573.174,2000,4,358.6832,0.1508176,515.3313,625.8347,500,0,324.9685,0.1624843,0.1259371,0.3172331,0,250,0.3172331,1014.943,338.8022,34.70514,7.790288,0.1656836,0,597.1053,248.1599,348.9454,0,821.3339,4492.017,0,2.273737e-13,1.24345e-13,4.263256e-14
naive,2026-02-01 19:00:00,2668,19,37.70365,3483.145,388.0989,12.41796,308.2747,0,0,2438.202,2437.885,835.6071,427.5708,1263.178,3,0,0,463.1779,800,0,386.0138,228.4139,0.114207,0.2046279,0.3172331,0,250,0.3172331,1602.277,304.9428,44.48499,3.975377,10.52771,3.331873,594.3067,390.5518,203.7548,0,818.9348,4479.113,0,-5.684342e-14,-7.993606e-15,4.263256e-14
naive,2026-02-01 19:15:00,2669,19.25,37.71817,3476.732,403.8584,3.249905,296.5609,0,0,2433.713,2433.395,1035.683,482.3325,1518.016,4,281.1197,0.708501,436.1875,800,0,113.5118,200,0.1,0.1438289,0.3172331,0,250,0.3172331,1397.712,287.1224,44.46971,9.226862,2.541404,9.438513,593.4436,340.8222,252.6214,0,825.4562,4510.281,0,1.136868e-13,3.275158e-15,4.263256e-14
naive,2026-02-01 19:30:00,2670,19.5,37.52592,3477.696,393.1525,6.024506,277.4523,0,0,2434.387,2434.07,1428.59,571.41,2000,4,407.2965,1.628261,421.4343,669.6409,500,0,324.9685,0.1624843,0.1259371,0.3172331,0,250,0.3172331,1005.48,278.0592,37.39267,0,4.396244,0,590.5626,243.9213,346.6414,0,815.3313,4449.839,0,2.273737e-13,1.24345e-13,4.263256e-14
naive,2026-02-01 19:45:00,2671,19.75,37.46933,3463.182,402.6571,1.47655,248.1443,0,0,2424.228,2423.91,780.1603,403.1271,1183.287,3,0,0,383.2874,800,0,397.9876,225.4204,0.1127102,0.2046279,0.3172331,0,250,0.3172331,1643.75,253.0637,44.73143,7.269814,0,0,587.2113,398.1592,189.052,0,801.2863,4369.292,0,-5.684342e-14,-6.483702e-14,4.263256e-14
naive,2026-02-01 20:00:00,2672,20,37.47,3425.182,383.89,0,232.4265,0,0,2397.627,2397.31,964.1652,450.4332,1414.598,3,284.2347,0.206295,330.1574,800,0,101.5398,200,0.1,0.141944,0.3172331,0,250,0.3172331,1433.145,217.9831,44.73072,0,0,14.44335,580.7784,347.1514,233.627,0,801.0832,4355.636,0,1.136868e-13,2.414735e-15,4.263256e-14
naive,2026-02-01 20:15:00,2673,20.25,37.28356,3398.757,343.6658,0,206.5575,0,0,2379.13,2378.812,1400.456,573.7203,1974.177,4,364.6988,0.3495791,309.1282,800,500,0,324.9685,0.1624843,0.1259371,0.3172331,0,250,0.3172331,978.3562,204.5599,44.92681,0,0,1.997569,573.4489,235.8162,337.6327,0,810.018,4404.556,0,0,1.24345e-13,4.263256e-14
naive,2026-02-01 20:30:00,2674,20.5,37.31508,3413.157,329.4887,0,193.5724,0,0,2389.21,2388.893,710.5227,372.4274,1082.95,3,0,0,282.9501,800,0,332.5101,241.7898,0.1208949,0.2046279,0.3172331,0,250,0.3172331,1678.37,187.1657,44.89366,0,0,6.406702,576.3602,404.881,171.4792,0,778.8539,4233.191,0,-1.136868e-13,-7.993606e-15,4.263256e-14
naive,2026-02-01 20:45:00,2675,20.75,37.31373,3367.625,295.4065,0,168.1634,0,0,2357.338,2357.02,802.1513,395.872,1198.023,3,142.4845,0.3024738,255.2363,800,0,167.0071,200,0.1,0.1522515,0.3172331,0,250,0.3172331,1554.869,168.8363,44.89508,0,0,0,568.6512,375.0749,193.5763,0,770.9469,4189.701,0,5.684342e-14,8.604228e-16,4.263256e-14
naive,2026-02-01 21:00:00,2676,21,36.7834,3377.427,256.9697,0,169.1053,0,0,2364.199,2363.882,1262.807,524.0397,1786.846,4,272.2128,0.6088933,214.0248,800,500,0,324.9685,0.1624843,0.1259371,0.3172331,0,250,0.3172331,1101.075,142.4833,45.45286,0,0,26.62196,562.3921,261.922,300.4701,0,792.2945,4306.486,0,0,1.24345e-13,4.263256e-14
naive,2026-02-01 21:15:00,2677,21.25,36.90371,3391.879,233.3021,0,165.8021,0,0,2374.315,2373.998,647.9026,344.8214,992.724,2,0,0,192.724,800,0,242.1187,264.3877,0.1321938,0.2046279,0.3172331,0,250,0.3172331,1726.095,128.1172,45.32632,0,0,37.68492,566.5823,411.8977,154.6845,0,765.7119,4160.423,0,-5.684342e-14,2.04281e-14,4.263256e-14
naive,2026-02-01 21:30:00,2678,21.5,36.45769,3364.019,194.3524,0,148.4828,0,0,2354.813,2354.496,635.9364,339.5462,975.4826,2,0,0,175.4826,800,0,206.3957,212.7471,0.1063736,0.166481,0.3172331,0,250,0.3172331,1718.56,117.2818,45.79542,0,0,31.20102,555.4258,405.3537,150.0721,0,752.2592,4085.906,0,0,-4.168887e-14,4.263256e-14
naive,2026-02-01 21:45:00,2679,21.75,36.53402,3325.308,163.5003,5.100464,145.6341,0,0,2327.716,2327.398,725.4973,363.8132,1089.31,3,127.9074,3.111119,158.292,800,0,50.8546,200,0.1,0.1339638,0.3172331,0,250,0.3172331,1601.901,105.696,45.71513,0,1.989345,39.93817,550.1239,378.5875,171.5364,0,751.8396,4087.12,0,-1.136868e-13,1.360023e-15,4.263256e-14
naive,2026-02-01 22:00:00,2680,22,36.16381,3346.925,121.5449,1.98545,125.2297,0,0,2342.847,2342.53,1109.609,471.1274,1580.736,4,149.2731,1.770641,129.6926,800,500,0,324.9685,0.1624843,0.1259371,0.3172331,0,250,0.3172331,1232.921,86.98346,46.1045,0,0.2148094,38.24623,548.4218,288.6064,259.8154,0,768.6866,4176.279,0,1.705303e-13,1.24345e-13,4.263256e-14
naive,2026-02-01 22:15:00,2681,22.25,35.63101,3308.441,108.4054,0,98.96988,0,0,2315.909,2315.591,596.2686,322.0586,918.3273,2,0,0,118.3273,800,0,122.4493,294.305,0.1471525,0.2046279,0.3172331,0,250,0.3172331,1719.323,79.86524,46.66488,0,0,19.10465,534.7791,397.0182,137.7609,0,723.4884,3926.688,0,0,6.217249e-15,4.263256e-14
naive,2026-02-01 22:30:00,2682,22.5,35.19508,3309.843,98.03774,0,86.5365,0,0,2316.89,2316.573,596.4665,322.1459,918.6124,2,0,0,118.6124,800,0,98.12942,269.7263,0.1348632,0.1853196,0.3172331,0,250,0.3172331,1720.107,80.47133,47.12336,0.577392,0,6.065175,529.1467,392.8492,136.2974,0,716.3803,3888.074,0,5.684342e-14,-2.414735e-15,4.263256e-14
naive,2026-02-01 22:45:00,2683,22.75,34.9925,3302.145,76.81662,0,82.31086,0,0,2311.501,2311.184,592.6229,320.4514,913.0743,2,0,0,113.0743,800,0,86.30226,248.1083,0.1240542,0.1698427,0.3172331,0,250,0.3172331,1718.561,76.89732,47.33643,0,0,5.413543,525.2427,390.5088,134.7338,0,712.1904,3863.794,0,-1.136868e-13,-5.814793e-14,4.263256e-14
naive,2026-02-01 23:00:00,2684,23,34.59432,3347.036,77.17119,0,74.92726,0,0,2342.925,2342.608,602.5987,324.8493,927.448,2,0,0,127.448,800,0,79.09235,228.2962,0.1141481,0.1562302,0.3172331,0,250,0.3172331,1740.009,87.07826,47.75521,0,0,0,527.1368,391.4862,135.6506,0,716.3355,3886.12,0,-1.136868e-13,-8.326673e-16,4.263256e-14
naive,2026-02-01 23:15:00,2685,23.25,34.25389,3289.461,65.54841,0,81.30051,0,0,2302.623,2302.306,596.933,322.3515,919.2846,2,0,0,119.2846,800,0,70.75463,210.5716,0.1052858,0.1437548,0.3172331,0,250,0.3172331,1705.372,81.82552,48.11325,0,0,0,513.7407,380.4875,133.2532,0,702.8391,3811.488,0,0,-5.323519e-14,4.263256e-14
naive,2026-02-01 23:30:00,2686,23.5,34.14416,3289.105,48.44403,2.385226,60.8968,0,1,2302.374,2302.056,597.4456,320.8096,918.2552,2,14.8611,2.056334,101.3378,800,0,42.15373,200,0.1,0.1325938,0.3172331,0,250,0.3172331,1704.611,69.60351,48.22866,0,0.3288923,0,512.3055,379.2962,133.0093,0,700.1058,3796.892,0,5.684342e-14,-3.885781e-16,4.263256e-14
naive,2026-02-01 23:45:00,2687,23.75,33.74436,3279.143,38.71882,0,48.25477,1,1,2295.4,2295.083,1003.216,435.3873,1438.603,3,55.43333,1.396832,81.77326,800,500,0,324.9685,0.1624843,0.1259371,0.3172331,0,250,0.3172331,1291.867,56.42724,48.64915,0,0,0,505.8041,284.67,221.1341,720.0573,0,1385.384,0,-1.705303e-13,1.24345e-13,4.263256e-14
naive,2026-02-02 00:00:00,2688,0,33.54245,3226.238,42.97807,0,49.7243,1,1,2258.366,2258.049,567.5086,309.3798,876.8883,2,0,0,76.88834,800,0,51.52625,312.0358,0.1560179,0.2046279,0.3172331,0,250,0.3172331,1690.54,53.18062,48.86151,0,0,0,495.2198,370.7057,124.5142,680.0855,0,1305.202,0,5.684342e-14,-1.509903e-14,4.263256e-14
naive,2026-02-02 00:15:00,2689,0.25,33.44286,3255.087,43.48046,0,58.5134,1,1,2278.561,2278.244,553.7122,303.2977,857.0099,2,0,0,57.00991,800,0,45.7677,300.5447,0.1502724,0.1964844,0.3172331,0,250,0.3172331,1724.532,39.47691,48.96625,0,0,19.03649,498.4509,377.2531,121.1978,684.7152,0,1314.343,0,5.684342e-14,4.959921e-14,4.263256e-14
naive,2026-02-02 00:30:00,2690,0.5,32.93894,3270.668,39.95749,0,31.65789,1,1,2289.468,2289.151,550.7895,302.0092,852.7987,2,0,0,52.79869,800,0,58.81602,285.7934,0.1428967,0.1892486,0.3172331,0,250,0.3172331,1738.361,36.77368,49.49624,0,0,0,494.8364,375.7224,119.114,677.7316,0,1299.78,0,-1.136868e-13,4.815592e-14,4.263256e-14
naive,2026-02-02 00:45:00,2691,0.75,32.53137,3298.904,54.33759,0,13.15574,1,1,2309.233,2308.915,546.8029,300.2517,847.0546,2,0,0,47.05456,800,0,60.58416,270.6024,0.1353012,0.1799599,0.3172331,0,250,0.3172331,1762.113,32.92638,49.9249,0,0,0,494.3184,377.2009,117.1175,677.4526,0,1298.74,0,1.136868e-13,-3.405609e-14,4.263256e-14
naive,2026-02-02 01:00:00,2692,1,32.31206,3289.438,52.87091,0,3.558637,1,1,2302.606,2302.289,548.0832,300.8161,848.8993,2,0,0,48.89927,800,0,59.82163,255.6044,0.1278022,0.1703944,0.3172331,0,250,0.3172331,1754.206,34.30301,50.15556,0,0,0,490.3677,373.5792,116.7885,674.3953,0,1292.366,0,0,-3.178013e-14,4.263256e-14
naive,2026-02-02 01:15:00,2693,1.25,32.07009,3272.277,55.63254,2.945665,0,1,1,2290.594,2290.277,559.3598,305.7874,865.1472,2,0,0,65.14718,800,0,61.11784,240.2847,0.1201423,0.1609503,0.3172331,0,250,0.3172331,1730.917,45.82708,50.41005,0,1.398106,0,485.06,366.5419,118.5181,672.3293,0,1290.359,0,0,-6.02296e-15,4.263256e-14
naive,2026-02-02 01:30:00,2694,1.5,31.87381,3191.407,54.74261,0,16.45299,1,1,2233.985,2233.668,553.2299,303.0851,856.315,2,0,0,56.31501,800,0,61.27408,224.9284,0.1124642,0.1513038,0.3172331,0,250,0.3172331,1680.438,39.70262,50.61649,0,0,0,470.9193,354.2328,116.6866,657.3178,0,1257.692,0,5.684342e-14,5.234702e-14,4.263256e-14
naive,2026-02-02 01:45:00,2695,1.75,31.38817,3193.224,44.0868,0,27.90269,1,1,2235.257,2234.94,553.1599,303.0542,856.2141,2,0,0,56.21409,800,0,65.40919,208.5406,0.1042703,0.1416341,0.3172331,0,250,0.3172331,1681.78,39.84987,51.12726,0,0,0,465.9405,350.5679,115.3726,653.622,0,1249.726,0,0,-2.58682e-14,4.263256e-14
naive,2026-02-02 02:00:00,2696,2,31.06653,3221.418,49.13784,0,34.77348,1,1,2254.992,2254.675,586.4194,314.2477,900.6671,2,29.16071,2.340672,69.16567,800,0,34.03126,200,0.1,0.131315,0.3172331,0,250,0.3172331,1668.256,49.20914,51.46554,0,0,0,466.6131,345.2029,121.4102,659.4506,0,1261.002,0,0,3.552714e-15,4.263256e-14
naive,2026-02-02 02:15:00,2697,2.25,30.91834,3239.663,54.27505,0,37.25819,1,1,2267.764,2267.447,985.5024,428.2758,1413.778,3,49.56886,1.796234,62.41317,800,500,0,324.9685,0.1624843,0.1259371,0.3172331,0,250,0.3172331,1281.945,44.47895,51.6214,4.706194,0,0,467.6783,264.3739,203.3044,692.6498,0,1335.344,0,-1.136868e-13,1.24345e-13,4.263256e-14
naive,2026-02-02 02:30:00,2698,2.5,30.80604,3264.8,58.40318,0,37.95736,1,1,2285.36,2285.043,547.7475,300.6682,848.4157,2,0,0,48.4157,800,0,53.979,311.4226,0.1557113,0.2046279,0.3172331,0,250,0.3172331,1737.295,34.54711,51.73951,10.22258,0,3.41025,470.1095,357.37,112.7395,658.7396,0,1276.906,0,0,4.884981e-14,4.263256e-14
naive,2026-02-02 02:45:00,2699,2.75,30.79316,3282.59,64.70876,0.8861437,8.496166,1,1,2297.813,2297.496,540.7626,297.5889,838.3515,2,0,0,38.35146,800,0,54.46705,297.7568,0.1488784,0.1960983,0.3172331,0,250,0.3172331,1756.733,27.36971,51.75306,13.59103,0,0,472.5334,361.2631,111.2703,658.852,0,1282.926,0,-5.684342e-14,-3.408385e-14,4.263256e-14
naive,2026-02-02 03:00:00,2700,3,30.57604,3278.391,76.16572,3.052658,27.45692,1,1,2294.874,2294.557,547.5507,300.5814,848.1321,2,0,0,48.13208,800,0,60.67832,282.5404,0.1412702,0.1874931,0.3172331,0,250,0.3172331,1747.006,34.43329,51.98142,19.04815,0,0,469.6224,357.5069,112.1156,658.0883,0,1290.555,0,-5.684342e-14,-5.892509e-14,4.263256e-14
naive,2026-02-02 03:15:00,2701,3.25,30.32904,3298.25,89.13859,2.928547,24.16161,1,1,2308.775,2308.458,547.0014,300.3392,847.3406,2,0,0,47.34056,800,0,59.06462,267.7297,0.1338649,0.1779115,0.3172331,0,250,0.3172331,1761.456,33.96059,52.24119,32.16525,0.8372731,0,469.8548,358.4709,111.3839,658.8101,0,1315.778,0,-5.684342e-14,-2.403633e-14,4.263256e-14
naive,2026-02-02 03:30:00,2702,3.5,30.06512,3322.622,95.9928,0,23.88275,1,1,2325.835,2325.518,542.7135,298.4489,841.1623,2,0,0,41.16235,800,0,68.4788,250.5679,0.1252839,0.1685855,0.3172331,0,250,0.3172331,1782.805,29.61544,52.51877,29.39742,0,0,470.5467,360.6846,109.8622,659.1334,0,1309.894,0,0,6.208922e-14,4.263256e-14
naive,2026-02-02 03:45:00,2703,3.75,29.82403,3358.309,90.9349,0,33.78957,1,1,2350.816,2350.499,542.4985,298.3541,840.8526,2,0,0,40.85257,800,0,75.29775,231.704,0.115852,0.1577789,0.3172331,0,250,0.3172331,1808.001,29.47136,52.77233,16.23762,0,4.318212,473.0625,363.8299,109.2326,663.053,0,1294.747,0,0,-4.826695e-14,4.263256e-14
naive,2026-02-02 04:00:00,2704,4,29.45456,3371.451,79.19557,0.411375,26.40372,1,1,2360.015,2359.698,544.7785,299.3592,844.1377,2,0,0,44.1377,800,0,71.97304,213.6743,0.1068371,0.1459006,0.3172331,0,250,0.3172331,1814.92,31.97174,53.16093,7.222528,0.411375,0,471.0611,362.2595,108.8016,661.6188,0,1276.6,0,1.136868e-13,-4.17999e-14,4.263256e-14
naive,2026-02-02 04:15:00,2705,4.25,29.59045,3319.25,88.76786,0,2.442532,1,1,2323.475,2323.158,562.5153,303.1195,865.6348,2,34.12071,1.908036,29.60608,800,0,54.56254,200,0.1,0.1345476,0.3172331,0,250,0.3172331,1760.642,21.41338,53.018,0.08460235,0,0,465.1554,352.4774,112.6781,655.5969,0,1251.695,0,-5.684342e-14,-1.026956e-15,4.263256e-14
naive,2026-02-02 04:30:00,2706,4.5,29.46088,3309.867,122.3352,0,18.665,1,1,2316.907,2316.59,1015.208,434.1853,1449.394,3,109.9795,3.374986,36.03926,800,500,0,324.9685,0.1624843,0.1259371,0.3172331,0,250,0.3172331,1301.381,26.1037,53.15427,12.35564,0,0,462.5208,259.7929,202.7279,693.9782,0,1349.471,0,1.136868e-13,1.24345e-13,4.263256e-14
naive,2026-02-02 04:45:00,2707,4.75,29.31416,3295.335,137.7819,0,15.68744,1,1,2306.735,2306.418,545.2982,299.5884,844.8865,2,0,0,44.88655,800,0,126.5343,293.2838,0.1466419,0.2046279,0.3172331,0,250,0.3172331,1761.119,32.5646,53.30859,13.12959,0,0,459.0112,350.4406,108.5706,650.029,0,1262.734,0,0,-6.483702e-14,4.263256e-14
naive,2026-02-02 05:00:00,2708,5,29.19432,3292.075,160.6958,2.24981,11.53902,1,1,2304.452,2304.135,547.2373,300.4432,847.6805,2,0,0,47.68046,800,0,154.7081,254.5606,0.1272803,0.1846765,0.3172331,0,250,0.3172331,1756.898,34.63725,53.43463,6.127462,2.11003,0,457.3574,348.686,108.6714,649.1292,0,1252.354,0,5.684342e-14,-1.490474e-14,4.263256e-14
naive,2026-02-02 05:15:00,2709,5.25,29.24731,3291.553,189.0194,0,28.86962,1,1,2304.087,2303.77,548.8076,301.1355,849.943,2,0,0,49.94304,800,0,190.5823,206.875,0.1034375,0.1602931,0.3172331,0,250,0.3172331,1754.962,36.25972,53.3789,0,0,0,457.8146,348.7053,109.1093,649.8408,0,1239.63,0,1.136868e-13,-2.298162e-14,4.263256e-14
naive,2026-02-02 05:30:00,2710,5.5,29.25667,3286.684,242.1265,0,28.75768,1,1,2300.679,2300.361,727.8867,354.9278,1082.815,3,211.4558,0.242918,71.11583,800,0,27.36955,200,0.1,0.1302661,0.3172331,0,250,0.3172331,1572.475,51.62629,53.36905,3.30116,0,0,457.2309,312.5095,144.7214,667.4373,0,1280.529,0,1.136868e-13,1.665335e-16,4.263256e-14
naive,2026-02-02 05:45:00,2711,5.75,29.16763,3308.45,282.2692,0,15.59489,1,1,2315.915,2315.597,1158.779,477.9778,1636.757,4,273.9072,0.6610955,62.1888,800,500,0,324.9685,0.1624843,0.1259371,0.3172331,0,250,0.3172331,1156.818,45.19005,53.46271,8.36201,0,0,459.3646,229.4563,229.9083,707.4341,0,1369.147,0,-1.136868e-13,1.24345e-13,4.263256e-14
naive,2026-02-02 06:00:00,2712,6,29.32912,3297.101,330.5049,0,0.1785517,1,1,2307.97,2307.653,561.9824,306.9436,868.926,2,0,0,68.92601,800,0,323.4362,244.0583,0.1220292,0.2046279,0.3172331,0,250,0.3172331,1745.671,49.99666,53.29286,7.809173,0,0,459.4076,347.4803,111.9272,654.4239,0,1262.364,0,5.684342e-14,-6.483702e-14,4.263256e-14
naive,2026-02-02 06:15:00,2713,6.25,29.40913,3333.645,383.0286,0,7.423373,1,1,2333.551,2333.234,706.3262,347.9511,1054.277,3,190.203,0.277704,63.79654,800,0,176.0795,200,0.1,0.1536799,0.3172331,0,250,0.3172331,1626.908,46.23507,53.2087,16.74602,0,0,465.3147,324.4086,140.9061,672.3597,0,1313.746,0,-1.705303e-13,3.774758e-15,4.263256e-14
naive,2026-02-02 06:30:00,2714,6.5,29.44574,3332.093,417.2591,5.332231,3.769246,1,1,2332.465,2332.148,1255.086,506.3776,1761.463,4,392.0722,0.5080965,68.88309,800,500,0,324.9685,0.1624843,0.1259371,0.3172331,0,250,0.3172331,1077.062,49.90126,53.1702,25.18684,4.824134,0,465.4718,214.9408,250.531,721.3184,0,1434.589,0,-1.136868e-13,1.24345e-13,4.263256e-14
naive,2026-02-02 06:45:00,2715,6.75,29.52311,3359.447,439.1186,4.577994,22.63662,1,1,2351.613,2351.296,575.5109,312.9076,888.4186,2,0,0,88.41856,800,0,424.3043,218.8413,0.1094206,0.2046279,0.3172331,0,250,0.3172331,1775.785,63.99869,53.08883,14.83503,4.557322,0,470.0915,354.9825,115.109,667.8901,0,1309.507,0,-5.684342e-14,-6.483702e-14,4.263256e-14
naive,2026-02-02 07:00:00,2716,7,29.7707,3414.07,440.6774,1.369021,21.72199,1,1,2389.849,2389.532,843.84,388.6174,1232.457,3,357.9623,0.1848234,74.31023,800,0,75.22738,200,0.1,0.1378012,0.3172331,0,250,0.3172331,1545.692,53.63968,52.82843,7.487684,1.184197,0,480.3501,310.6779,169.6722,699.2953,0,1354.118,0,1.136868e-13,-6.911138e-15,4.263256e-14
naive,2026-02-02 07:15:00,2717,7.25,29.96914,3399.608,439.1437,1.952272,49.67135,1,1,2379.725,2379.408,1270.554,510.3217,1780.875,4,416.2386,0.04002901,64.59666,800,500,0,324.9685,0.1624843,0.1259371,0.3172331,0,250,0.3172331,1108.855,46.52554,52.61972,22.90513,1.912243,3.145809,480.4231,223.8575,256.5656,734.8143,0,1453.241,0,1.705303e-13,1.24345e-13,4.263256e-14
naive,2026-02-02 07:30:00,2718,7.5,30.07789,3388.701,408.4352,0,48.84193,1,1,2372.091,2371.774,570.6425,310.7614,881.4038,2,0,0,81.40382,800,0,405.8317,223.4594,0.1117297,0.2046279,0.3172331,0,250,0.3172331,1801.131,58.56003,52.50534,5.612199,0,0,480.0412,364.4958,115.5454,675.2571,0,1301.127,0,-5.684342e-14,-7.993606e-15,4.263256e-14
naive,2026-02-02 07:45:00,2719,7.75,30.34913,3413.498,365.8845,0,57.6311,1,1,2389.449,2389.131,787.1712,373.8491,1161.02,3,272.1001,2.701501,86.21862,800,0,93.697,200,0.1,0.1407091,0.3172331,0,250,0.3172331,1601.96,61.8366,52.22007,0.08739592,0,0,486.4913,326.1588,160.3325,700.0079,0,1341.419,0,1.136868e-13,6.383782e-16,4.263256e-14
naive,2026-02-02 08:00:00,2720,8,30.21629,3410.7,324.5009,260.9296,53.91053,1,1,2387.49,2387.173,1271.804,521.2091,1793.013,4,329.349,84.77712,78.88647,800,500,0,324.9685,0.1624843,0.1259371,0.3172331,0,250,0.3172331,1115.37,56.66176,52.35978,0,176.1524,0,484.6507,226.4154,258.2353,747.6245,0,1740.207,0,0,1.24345e-13,4.263256e-14
naive,2026-02-02 08:15:00,2721,8.25,30.47575,3460.44,288.0662,260.5201,57.81717,1,1,2422.308,2421.991,585.3052,317.2254,902.5306,2,0,0,102.5306,800,0,373.3072,231.5906,0.1157953,0.2046279,0.3172331,0,250,0.3172331,1836.686,73.43177,52.08689,0.212192,175.0669,0,494.584,375.0123,119.5717,692.2377,0,1628.234,0,5.684342e-14,-7.993606e-15,4.263256e-14
naive,2026-02-02 08:30:00,2722,8.5,30.54368,3454.748,249.3444,264.3058,65.2258,1,1,2418.323,2418.006,742.781,372.2806,1115.062,3,120.7804,85.74695,108.5343,800,0,126.2164,200,0.1,0.1458292,0.3172331,0,250,0.3172331,1675.225,77.6726,52.01545,2.347563,178.5588,0,494.5249,342.5681,151.9568,714.8487,0,1683.244,0,-5.684342e-14,-4.884981e-15,4.263256e-14
naive,2026-02-02 08:45:00,2723,8.75,30.65354,3438.685,203.1963,267.5613,69.43142,1,1,2407.079,2406.762,1211.438,509.9717,1721.41,4,200.1064,87.72652,133.5772,800,500,0,324.9685,0.1624843,0.1259371,0.3172331,0,250,0.3172331,1195.324,95.4772,51.89991,3.089849,179.8348,0,493.4449,245.0382,248.4067,755.0099,0,1767.177,0,-5.684342e-14,1.24345e-13,4.263256e-14
naive,2026-02-02 09:00:00,2724,9,30.82626,3417.1,165.9583,278.0235,102.0639,1,1,2391.97,2391.653,609.0569,327.6964,936.7533,2,0,0,136.7533,800,0,257.4174,260.563,0.1302815,0.2046279,0.3172331,0,250,0.3172331,1782.596,97.55843,51.71824,0,187.2162,4.505459,492.2649,366.8564,125.4086,695.4799,0,1655.725,0,0,4.884981e-14,4.263256e-14
naive,2026-02-02 09:15:00,2725,9.25,31.28504,3462.121,135.0574,279.0646,131.6271,1,1,2423.484,2423.167,620.9441,332.9368,953.8809,2,0,0,153.8809,800,0,232.906,202.2955,0.1011477,0.1640727,0.3172331,0,250,0.3172331,1802.223,109.2123,51.23572,0,187.2426,22.41479,503.9849,374.7881,129.1967,712.3863,0,1690.126,0,-5.684342e-14,1.815215e-14,4.263256e-14
naive,2026-02-02 09:30:00,2726,9.5,31.48452,3489.515,108.276,282.6076,120.5178,1,1,2442.661,2442.343,774.589,388.2722,1162.861,3,104.2272,92.64825,165.9857,800,0,9.054574,200,0.1,0.1273825,0.3172331,0,250,0.3172331,1667.754,117.5384,51.02593,0,189.9594,2.979398,510.3013,348.414,161.8873,737.3087,0,1744.893,0,0,-7.21645e-16,4.263256e-14
naive,2026-02-02 09:45:00,2727,9.75,31.69554,3527.735,90.17482,284.6247,127.853,1,1,2469.415,2469.097,1159.76,500.0179,1659.778,4,92.26504,90.1001,177.4126,800,500,0,324.9685,0.1624843,0.1259371,0.3172331,0,250,0.3172331,1309.338,125.3306,50.80399,0,194.5246,2.522424,518.4044,274.8694,243.5351,775.4168,0,1829.234,0,5.684342e-14,1.24345e-13,4.263256e-14
naive,2026-02-02 10:00:00,2728,10,32.01078,3534.735,62.44826,285.0293,145.4551,1,1,2474.315,2473.997,640.9879,341.7731,982.761,2,0,0,182.761,800,0,175.5855,281.021,0.1405105,0.2046279,0.3172331,0,250,0.3172331,1833.009,128.648,50.47243,0,187.9519,16.80706,523.2421,387.6256,135.6165,732.9529,0,1733.341,0,0,-6.483702e-14,4.263256e-14
naive,2026-02-02 10:15:00,2729,10.25,31.9923,3587.064,73.13151,288.7406,147.8156,1,1,2510.945,2510.628,650.9564,346.1677,997.1241,2,0,0,197.1241,800,0,160.7111,240.799,0.1203995,0.1769548,0.3172331,0,250,0.3172331,1859.671,138.7875,50.49187,8.033845,193.1272,9.028039,530.7601,393.0948,137.6653,741.1708,0,1772.541,0,0,-6.02296e-15,4.263256e-14
naive,2026-02-02 10:30:00,2730,10.5,32.21458,3617.698,59.79271,286.4222,169.4098,1,1,2532.388,2532.071,674.9333,356.7379,1031.671,3,0,0,231.6712,800,0,152.3257,202.6796,0.1013398,0.1516276,0.3172331,0,250,0.3172331,1857.138,162.6989,50.25808,0,194.1684,6.710983,538.0738,394.5987,143.4751,752.7625,0,1783.925,0,0,3.050338e-14,4.263256e-14
naive,2026-02-02 10:45:00,2731,10.75,32.56099,3644.145,48.68722,294.7493,202.9219,1,1,2550.902,2550.585,803.2481,407.2796,1210.528,3,50.65374,92.62821,267.2457,800,0,10.59093,200,0.1,0.1276244,0.3172331,0,250,0.3172331,1747.336,186.9416,49.89375,0,202.1211,15.98025,546.4316,374.299,172.1327,785.0017,0,1862.532,0,-5.684342e-14,-8.326673e-17,4.263256e-14
naive,2026-02-02 11:00:00,2732,11,32.69066,3646.114,43.91702,290.6397,209.2403,1,0,2552.28,2551.962,1224.065,532.764,1756.829,4,55.30084,92.58798,308.9399,800,500,0,324.9685,0.1624843,0.1259371,0.3172331,0,250,0.3172331,1327.898,215.7867,49.75737,0,198.0517,0,548.4024,285.3223,263.0801,818.0862,0,1921.835,0,0,1.24345e-13,4.263256e-14
naive,2026-02-02 11:15:00,2733,11.25,33.02975,3682.952,51.36565,293.7295,234.3208,1,0,2578.066,2577.749,758.5367,393.5944,1152.131,3,0,0,352.1311,800,0,147.647,288.0056,0.1440028,0.2046279,0.3172331,0,250,0.3172331,1819.212,244.9994,49.40074,0,199.8716,0,558.4185,394.048,164.3705,787.6424,0,1864.487,0,0,1.056932e-13,4.263256e-14
naive,2026-02-02 11:30:00,2734,11.5,33.1944,3717.914,49.6078,295.0599,248.5252,0,0,2602.54,2602.223,772.1005,399.574,1171.675,3,0,0,371.6745,800,0,144.0237,251.9544,0.1259772,0.1813529,0.3172331,0,250,0.3172331,1830.122,258.1074,49.22756,1.583868,199.0601,0,565.9399,397.9725,167.9675,0,797.5464,4677.235,0,-1.136868e-13,-6.450396e-14,4.263256e-14
naive,2026-02-02 11:45:00,2735,11.75,33.26358,3723.149,48.07404,295.2454,260.7114,0,0,2606.204,2605.887,809.2107,415.934,1225.145,3,0,0,425.1447,800,0,146.2604,215.3496,0.1076748,0.158652,0.3172331,0,250,0.3172331,1796.676,295.0042,49.15481,0,199.8329,0,567.676,391.3469,176.3291,0,807.2809,4729.458,0,-1.136868e-13,7.299716e-15,4.263256e-14
naive,2026-02-02 12:00:00,2736,12,33.6454,3717.529,55.31934,290.0249,283.6568,0,0,2602.27,2601.953,894.3959,453.4878,1347.884,3,0,86.71495,461.1687,800,0,61.26279,200,0.1,0.1356025,0.3172331,0,250,0.3172331,1707.557,318.5923,48.75323,1.852828,195.5137,0,572.0526,375.3694,196.6832,0,828.8571,4844.324,0,-1.136868e-13,-2.359224e-15,4.263256e-14
naive,2026-02-02 12:15:00,2737,12.25,33.91906,3687.402,56.43038,295.4045,320.5012,0,0,2581.181,2580.864,1358.135,592.381,1950.516,4,50.99482,95.19204,504.3294,800,500,0,324.9685,0.1624843,0.1259371,0.3172331,0,250,0.3172331,1222.729,347.3052,48.4654,5.435557,200.2125,0,571.1965,270.5809,300.6155,0,862.962,5046.51,0,1.136868e-13,1.24345e-13,4.263256e-14
naive,2026-02-02 12:30:00,2738,12.5,34.27784,3705.952,53.08401,295.178,336.5896,0,0,2594.166,2593.849,879.1985,446.788,1325.986,3,0,0,525.9865,800,0,148.8007,287.7172,0.1438586,0.2046279,0.3172331,0,250,0.3172331,1714.651,360.7096,48.08806,1.491773,197.9695,0,579.1277,382.7826,196.3451,0,829.5706,4852.61,0,0,-7.993606e-15,4.263256e-14
naive,2026-02-02 12:45:00,2739,12.75,34.55491,3727.355,55.6763,305.6039,364.0694,0,0,2609.148,2608.831,911.2819,460.932,1372.214,3,0,0,572.2139,800,0,153.18,249.3769,0.1246884,0.1811713,0.3172331,0,250,0.3172331,1697.549,391.143,47.79666,0.6790786,207.4212,0,586.4625,381.5608,204.9016,0,842.4928,4938.912,0,-1.136868e-13,1.04361e-14,4.263256e-14
naive,2026-02-02 13:00:00,2740,13,34.66408,3680.278,59.11787,299.2078,382.5434,0,0,2576.194,2575.877,937.2623,472.3854,1409.648,3,0,0,609.6477,800,0,154.1948,210.7889,0.1053945,0.157029,0.3172331,0,250,0.3172331,1638.615,416.1988,47.68183,2.75193,201.379,0,580.6227,369.311,211.3117,0,841.6964,4927.814,0,0,-5.12923e-14,4.263256e-14
naive,2026-02-02 13:15:00,2741,13.25,35.04116,3722.931,57.24266,301.2057,407.7603,0,0,2606.052,2605.734,1054.567,521.4955,1576.062,4,21.88478,98.21021,655.9672,800,0,43.02302,200,0.1,0.1327307,0.3172331,0,250,0.3172331,1551.168,445.8417,47.28524,0,202.9955,0,592.8946,352.9013,239.9933,0,874.3968,5106.154,0,1.136868e-13,-8.881784e-16,4.263256e-14
naive,2026-02-02 13:30:00,2742,13.5,35.33214,3731.73,56.6979,306.9592,433.8745,0,0,2612.211,2611.894,1401.57,598.4297,2000,4,63.75582,100.2262,692.5422,643.4758,500,0,324.9685,0.1624843,0.1259371,0.3172331,0,250,0.3172331,1210.323,469.0885,37.78748,0,206.733,0,598.6553,277.3767,321.2786,0,875.8064,5131.039,0,0,1.24345e-13,4.263256e-14
naive,2026-02-02 13:45:00,2743,13.75,35.61313,3748.845,50.76466,303.0046,465.4805,0,0,2624.191,2623.874,999.0961,499.6448,1498.741,3,0,0,698.7409,800,0,159.5115,285.0395,0.1425197,0.2046279,0.3172331,0,250,0.3172331,1624.778,471.7164,46.68368,0,204.5827,0,605.6913,375.0161,230.6752,0,874.6608,5111.021,0,-5.684342e-14,7.727152e-14,4.263256e-14
naive,2026-02-02 14:00:00,2744,14,35.78017,3748.334,48.26391,301.3536,495.1827,0,1,2623.834,2623.517,1046.246,520.4309,1566.677,4,0,0,766.6771,800,0,158.0204,245.4895,0.1227448,0.1794852,0.3172331,0,250,0.3172331,1577.27,516.5553,46.50799,0,200.9635,0,608.1881,365.6013,242.5868,0,886.0322,5167.517,0,-2.273737e-13,-4.857226e-15,4.263256e-14
naive,2026-02-02 14:15:00,2745,14.25,35.84535,3755.985,47.71776,296.7829,512.1958,0,1,2629.189,2628.872,1055.644,524.574,1580.218,4,0,0,780.2182,800,0,151.4843,207.5798,0.1037899,0.1545811,0.3172331,0,250,0.3172331,1573.228,525.272,46.43944,0,198.8303,0,610.444,365.2713,245.1727,0,889.8453,5184.887,0,1.136868e-13,2.650657e-14,4.263256e-14
naive,2026-02-02 14:30:00,2746,14.5,36.23197,3726.149,40.64923,288.8404,553.3433,1,1,2608.304,2607.987,1156.416,565.6526,1722.069,4,28.1312,99.23156,794.7059,800,0,30.18842,200,0.1,0.1307099,0.3172331,0,250,0.3172331,1451.571,532.5676,46.03282,0,189.6088,20.77565,611.6343,340.3861,271.2482,910.9106,0,2097.109,0,0,-3.053113e-16,4.263256e-14
naive,2026-02-02 14:45:00,2747,14.75,36.52031,3739.474,56.48914,286.4317,554.2925,1,1,2617.632,2617.315,1407.988,592.0125,2000,4,60.14679,97.43629,829.705,512.712,500,0,324.9685,0.1624843,0.1259371,0.3172331,0,250,0.3172331,1209.327,554.1081,29.30761,0,188.9954,0.1844684,618.4212,285.7061,332.715,877.7622,0,2048.57,0,0,1.24345e-13,4.263256e-14
naive,2026-02-02 15:00:00,2748,15,36.71643,3770.095,66.38899,281.7226,536.4738,1,1,2639.066,2638.749,1095.498,542.1435,1637.642,4,0,0,837.6417,800,0,140.5308,289.7847,0.1448923,0.2046279,0.3172331,0,250,0.3172331,1543.251,558.0943,45.52328,19.32326,188.2576,0,626.6791,366.4641,260.215,908.6076,0,2124.079,0,0,4.884981e-14,4.263256e-14
naive,2026-02-02 15:15:00,2749,15.25,36.7979,3755.567,68.65846,286.7425,553.8954,1,1,2628.897,2628.58,1108.504,547.8769,1656.38,4,0,0,856.3804,800,0,150.5736,252.0956,0.1260478,0.1824732,0.3172331,0,250,0.3172331,1520.076,570.0212,45.4376,15.58928,189.2381,0,625.5956,361.7308,263.8648,909.6077,0,2121.425,0,-2.273737e-13,3.072542e-14,4.263256e-14
naive,2026-02-02 15:30:00,2750,15.5,37.11749,3765.884,66.06449,288.5026,553.873,1,1,2636.119,2635.802,1122.332,553.973,1676.305,4,0,0,876.3045,800,0,159.4289,212.1987,0.1060994,0.1587409,0.3172331,0,250,0.3172331,1513.47,581.0426,45.10148,0.417773,194.7204,0,632.6064,363.1971,269.4092,917.1701,0,2120.215,0,-1.136868e-13,-8.687495e-15,4.263256e-14
naive,2026-02-02 15:45:00,2751,15.75,37.13602,3771.434,76.01476,285.7355,549.0332,1,1,2640.004,2639.687,1200.42,585.3297,1785.75,4,25.79595,92.15561,867.7984,800,0,48.66132,200,0.1,0.1336184,0.3172331,0,250,0.3172331,1439.266,575.2739,45.08199,1.557489,193.5799,0,633.8486,345.5589,288.2897,930.8886,0,2147.672,0,0,-1.526557e-15,4.263256e-14
naive,2026-02-02 16:00:00,2752,16,37.15133,3745,73.69372,289.3722,552.5998,1,1,2621.5,2621.183,1410.575,589.4252,2000,4,79.45412,91.75828,835.4158,493.3718,500,0,324.9685,0.1624843,0.1259371,0.3172331,0,250,0.3172331,1210.608,553.7048,27.7928,0,197.6139,0,629.6606,290.7772,338.8835,880.2024,0,2070.022,0,0,1.24345e-13,4.263256e-14
naive,2026-02-02 16:15:00,2753,16.25,37.52912,3733.317,85.10872,289.5988,545.9276,1,1,2613.322,2613.005,1082.505,536.4153,1618.92,4,0,0,818.9199,800,0,180.1291,279.8851,0.1399425,0.2046279,0.3172331,0,250,0.3172331,1530.5,540.2964,44.66854,0,198.8432,5.631261,634.025,371.3187,262.7063,909.1002,0,2110.953,0,0,-7.993606e-15,4.263256e-14
naive,2026-02-02 16:30:00,2754,16.5,37.6883,3732.522,103.8557,287.6084,530.9621,1,1,2612.765,2612.448,1066.257,529.2525,1595.509,4,0,0,795.5095,800,0,200.455,229.7273,0.1148636,0.1762395,0.3172331,0,250,0.3172331,1546.191,523.8379,44.50113,0,193.6967,7.12416,636.5941,376.7258,259.8683,907.7142,0,2099.491,0,1.136868e-13,6.133982e-15,4.263256e-14
naive,2026-02-02 16:45:00,2755,16.75,37.8702,3737.236,122.3655,281.868,498.1106,1,1,2616.065,2615.748,1120.449,552.5583,1673.007,4,4.915547,91.2248,776.8668,800,0,118.7644,200,0.1,0.1446559,0.3172331,0,250,0.3172331,1495.299,510.4313,44.30981,0,190.6432,0,640.5209,366.111,274.4099,918.6692,0,2116.349,0,0,-1.082467e-15,4.263256e-14
naive,2026-02-02 17:00:00,2756,17,38.00769,3704.265,143.9017,279.6552,487.4977,1,1,2592.986,2592.668,1414.01,585.9898,2000,4,138.4226,89.91615,750.3827,521.2786,500,0,324.9685,0.1624843,0.1259371,0.3172331,0,250,0.3172331,1178.658,492.2049,28.77797,5.479117,189.739,0,637.2296,289.6568,347.5728,875.6466,0,2055.669,0,4.547474e-13,1.24345e-13,4.263256e-14
naive,2026-02-02 17:15:00,2757,17.25,38.30809,3673.243,183.7961,275.1813,474.1841,1,1,2571.27,2570.953,1023.882,510.5714,1534.453,4,0,0,734.453,800,0,256.1927,260.8692,0.1304346,0.2046279,0.3172331,0,250,0.3172331,1547.072,479.9909,43.84926,17.46898,185.3156,0,637.0665,383.3076,253.7589,893.879,0,2088.231,0,-2.273737e-13,-6.483702e-14,4.263256e-14
naive,2026-02-02 17:30:00,2758,17.5,38.36607,3657.407,213.6753,270.2897,462.5979,1,1,2560.185,2559.868,1031.095,513.7514,1544.846,4,0,47.36492,697.4812,800,0,243.3125,200,0.1,0.1642655,0.3172331,0,250,0.3172331,1528.773,455.5051,43.78829,15.64374,177.6438,7.092816,635.3238,379.3733,255.9505,894.8848,0,2073.929,0,0,-7.993606e-15,4.263256e-14
naive,2026-02-02 17:45:00,2759,17.75,38.41882,3658.653,247.4092,270.3497,446.2976,1,1,2561.057,2560.74,1420.647,579.3527,2000,4,227.8768,87.92985,648.3424,535.851,500,0,324.9685,0.1624843,0.1259371,0.3172331,0,250,0.3172331,1140.093,423.1403,29.29284,19.53242,182.4199,23.15734,636.4567,283.3282,353.1286,868.4358,0,2052.285,0,-1.136868e-13,1.24345e-13,4.263256e-14
naive,2026-02-02 18:00:00,2760,18,38.27546,3591.329,273.8749,3.118478,427.118,1,1,2513.93,2513.613,958.4005,481.7042,1440.105,3,0,0,640.1047,800,0,272.3149,256.8386,0.1284193,0.2046279,0.3172331,0,250,0.3172331,1555.213,418.4981,43.88358,6.249639,0,8.619947,622.3064,384.9823,237.3241,868.8203,0,1699.052,0,-1.136868e-13,-6.483702e-14,4.263256e-14
naive,2026-02-02 18:15:00,2761,18.25,38.23586,3561.42,310.389,5.017045,414.5012,1,1,2492.994,2492.677,995.8622,488.5138,1484.376,3,81.585,0.0443391,602.7467,800,0,227.1928,200,0.1,0.1617275,0.3172331,0,250,0.3172331,1496.815,394.2645,43.92523,1.611167,4.972706,20.23669,616.459,370.1272,246.3318,863.6451,0,1689.231,0,0,-6.383782e-15,4.263256e-14
naive,2026-02-02 18:30:00,2762,18.5,37.97534,3528.03,343.6945,4.608984,368.0076,1,0,2469.621,2469.304,1424.821,575.1785,2000,4,333.6439,2.664865,539.0797,624.6115,500,0,324.9685,0.1624843,0.1259371,0.3172331,0,250,0.3172331,1044.482,353.7426,34.50919,10.0505,1.944119,14.26494,606.3823,256.4586,349.9237,835.1397,0,1652.147,0,0,1.24345e-13,4.263256e-14
naive,2026-02-02 18:45:00,2763,18.75,37.85011,3500.331,355.618,5.628397,348.6254,1,0,2450.232,2449.915,863.4111,439.8282,1303.239,3,0,0,503.2393,800,0,363.2633,234.1015,0.1170508,0.2046279,0.3172331,0,250,0.3172331,1586.504,330.7284,44.33094,0,5.393002,17.89697,599.5936,388.2316,211.362,832.4393,0,1624.309,0,-1.705303e-13,-6.483702e-14,4.263256e-14
naive,2026-02-02 19:00:00,2764,19,37.7562,3480.09,380.3144,6.485679,320.8194,0,0,2436.063,2435.746,1037.672,486.8814,1524.553,4,250.2498,7.705543,466.5981,800,0,136.2587,200,0.1,0.1474103,0.3172331,0,250,0.3172331,1398.074,306.9984,44.42972,0,0,13.82097,594.6231,341.2584,253.3647,0,831.5135,4523.341,0,-1.705303e-13,-1.296185e-14,4.263256e-14
naive,2026-02-02 19:15:00,2765,19.25,37.7422,3538.22,397.3907,5.178426,298.7611,0,0,2476.754,2476.437,1428.808,571.1916,2000,4,399.8415,2.103472,444.6527,653.4023,500,0,324.9685,0.1624843,0.1259371,0.3172331,0,250,0.3172331,1047.629,292.6092,36.30013,0,3.074954,6.15185,604.3284,255.6215,348.7069,0,828.3142,4520.195,0,1.136868e-13,1.24345e-13,4.263256e-14
naive,2026-02-02 19:30:00,2766,19.5,37.79371,3544.376,403.4235,1.215243,258.3725,0,0,2481.063,2480.746,806.6499,414.805,1221.455,3,0,0,421.4549,800,0,403.6941,223.9938,0.1119969,0.2046279,0.3172331,0,250,0.3172331,1674.096,277.17,44.39027,3.794828,0,0,606.2178,409.0451,197.1727,0,823.8502,4487.783,0,0,-7.993606e-15,4.263256e-14
naive,2026-02-02 19:45:00,2767,19.75,37.56325,3502.763,407.9187,0,226.6935,0,0,2451.934,2451.617,1014.63,470.3923,1485.022,3,303.4689,1.974951,379.578,800,0,95.83424,200,0.1,0.1410456,0.3172331,0,250,0.3172331,1436.987,250.3294,44.63265,8.61559,0,0,595.4125,348.9491,246.4634,0,819.3414,4471.028,0,1.136868e-13,-4.024558e-15,4.263256e-14
naive,2026-02-02 20:00:00,2768,20,37.26934,3447.681,382.2486,0.8420703,211.4451,0,0,2413.377,2413.06,1421.41,578.5899,2000,4,384.6909,0.08251799,342.117,773.1096,500,0,324.9685,0.1624843,0.1259371,0.3172331,0,250,0.3172331,991.6496,226.4285,43.43114,0,0.7595523,0,581.4844,238.9303,342.5541,0,817.5201,4448.811,0,0,1.24345e-13,4.263256e-14
naive,2026-02-02 20:15:00,2769,20.25,37.13813,3424.907,354.0587,0,185.1568,0,0,2397.435,2397.118,729.7668,380.9112,1110.678,3,0,0,310.678,800,0,353.2498,236.6049,0.1183025,0.2046279,0.3172331,0,250,0.3172331,1667.351,205.9469,45.07977,0.9406602,0,0,575.6414,400.343,175.2985,0,781.2541,4247.806,0,-1.705303e-13,-7.993606e-15,4.263256e-14
naive,2026-02-02 20:30:00,2770,20.5,36.84496,3437.213,332.5204,4.048174,185.6481,0,0,2406.049,2405.732,857.7295,415.3728,1273.102,3,184.5221,0.1113149,288.4688,800,0,146.2706,200,0.1,0.1489866,0.3172331,0,250,0.3172331,1548.002,191.9011,45.38811,1.727621,3.936859,0,573.2708,368.8306,204.4402,0,784.2035,4271.829,0,5.684342e-14,1.271205e-14,4.263256e-14
naive,2026-02-02 20:45:00,2771,20.75,36.87456,3415.644,309.3718,0,173.6096,0,0,2390.951,2390.634,1313.898,543.0165,1856.915,4,302.0293,0.1209895,254.7646,800,500,0,324.9685,0.1624843,0.1259371,0.3172331,0,250,0.3172331,1076.735,169.4194,45.35698,7.342506,0,4.1902,570.1159,256.7447,313.3712,0,800.7603,4365.821,0,2.273737e-13,1.24345e-13,4.263256e-14
naive,2026-02-02 21:00:00,2772,21,36.83331,3466.548,271.6783,1.955606,145.7867,0,0,2426.584,2426.266,677.8459,358.0219,1035.868,3,0,0,235.8678,800,0,264.2354,258.8585,0.1294292,0.2046279,0.3172331,0,250,0.3172331,1748.42,156.9307,45.40036,7.702381,1.696068,0,577.987,416.4556,161.5314,0,774.4775,4224.763,0,-5.684342e-14,4.884981e-14,4.263256e-14
naive,2026-02-02 21:15:00,2773,21.25,36.48839,3426.307,248.1955,0,147.1954,0,0,2398.415,2398.098,670.8746,354.7583,1025.633,3,1.599567,0.4619508,223.5715,800,0,235.271,200,0.1,0.1629994,0.3172331,0,250,0.3172331,1727.223,149.3665,45.76313,11.3249,0,0,566.1609,407.7219,158.4391,0,762.4802,4161.693,0,5.684342e-14,3.053113e-16,4.263256e-14
naive,2026-02-02 21:30:00,2774,21.5,36.29204,3401.789,216.24,0.1981527,142.1507,0,0,2381.252,2380.935,1197.075,503.7402,1700.815,4,199.2623,0.4966518,201.0565,800,500,0,324.9685,0.1624843,0.1259371,0.3172331,0,250,0.3172331,1183.86,134.6402,45.96964,16.97774,0,7.510411,559.2583,278.04,281.2183,0,783.544,4287.063,0,5.684342e-14,1.24345e-13,4.263256e-14
naive,2026-02-02 21:45:00,2775,21.75,36.22408,3361.547,187.9407,2.898803,136.1269,0,0,2353.083,2352.766,646.6268,344.259,990.8858,2,0,0,190.8858,800,0,174.6388,281.2577,0.1406288,0.2046279,0.3172331,0,250,0.3172331,1706.139,127.933,46.04111,17.54199,0,8.1939,551.6739,399.9996,151.6743,0,746.1797,4082.452,0,0,2.04281e-14,4.263256e-14
naive,2026-02-02 22:00:00,2776,22,35.86101,3337.944,161.2601,0,135.2074,0,0,2336.561,2336.244,625.6227,334.9994,960.6221,2,0,0,160.6221,800,0,135.9887,247.2162,0.1236081,0.1771038,0.3172331,0,250,0.3172331,1710.621,108.1167,46.42298,27.18637,0,27.09071,542.7187,397.3301,145.3886,0,738.6219,4057.091,0,-5.684342e-14,-5.492828e-14,4.263256e-14
naive,2026-02-02 22:15:00,2777,22.25,35.54864,3315.237,127.5506,0,132.6113,0,0,2320.666,2320.348,606.595,326.611,933.206,2,0,0,133.206,800,0,114.6804,218.5072,0.1092536,0.1556684,0.3172331,0,250,0.3172331,1713.753,89.99545,46.7515,14.13265,0,42.61584,534.7588,394.906,139.8528,0,731.3371,3994.137,0,-5.684342e-14,-3.025358e-14,4.263256e-14
naive,2026-02-02 22:30:00,2778,22.5,35.28499,3297.623,100.9855,0.9447529,110.4961,0,0,2308.336,2308.019,618.1705,328.8848,947.0553,2,23.78381,0.2974563,122.974,800,0,73.89115,200,0.1,0.1375908,0.3172331,0,250,0.3172331,1689.848,83.34197,47.0288,3.310528,0.6472966,27.15412,528.3864,386.8123,141.5741,0,721.9128,3924.44,0,5.684342e-14,3.830269e-15,4.263256e-14
naive,2026-02-02 22:45:00,2779,22.75,35.20375,3269.149,93.27954,0,93.15388,0,0,2288.405,2288.087,1046.531,451.4495,1497.98,3,80.93025,0.01240623,117.0377,800,500,0,324.9685,0.1624843,0.1259371,0.3172331,0,250,0.3172331,1241.556,79.39485,47.11425,12.34929,0,13.75903,522.7547,283.6166,239.1381,0,738.2091,4028.449,0,1.705303e-13,1.24345e-13,4.263256e-14
naive,2026-02-02 23:00:00,2780,23,35.00077,3268.268,83.56515,0,89.47041,0,0,2287.788,2287.471,595.7376,321.8245,917.5621,2,0,0,117.5621,800,0,78.08065,305.3972,0.1526986,0.2046279,0.3172331,0,250,0.3172331,1691.733,79.94152,47.32773,5.997426,0,9.52889,519.9617,384.4921,135.4696,0,708.4824,3853.755,0,5.684342e-14,-5.062617e-14,4.263256e-14
naive,2026-02-02 23:15:00,2781,23.25,34.70206,3304.595,77.8901,0,76.67339,0,0,2313.216,2312.899,596.7853,322.2864,919.0717,2,0,0,119.0717,800,0,67.99443,288.3505,0.1441753,0.1923041,0.3172331,0,250,0.3172331,1716.114,81.25254,47.64189,10.43584,0,0,521.8441,387.1423,134.7018,0,709.4287,3866.262,0,0,5.193068e-14,4.263256e-14
naive,2026-02-02 23:30:00,2782,23.5,34.47599,3299.666,85.09922,2.015465,66.45978,0,1,2309.767,2309.449,579.687,314.7487,894.4357,2,0,0,94.43569,800,0,54.55823,274.6656,0.1373328,0.1815701,0.3172331,0,250,0.3172331,1729.762,64.61215,47.87965,32.77884,0,1.847636,518.159,388.0444,130.1146,0,703.2075,3870.32,0,5.684342e-14,7.144285e-14,4.263256e-14
naive,2026-02-02 23:45:00,2783,23.75,34.21202,3307.3,78.13841,0,56.62415,0,1,2315.11,2314.793,566.4078,308.8945,875.3023,2,0,0,75.30226,800,0,46.81222,262.9193,0.1314596,0.1729529,0.3172331,0,250,0.3172331,1748.385,51.68024,48.15729,31.99032,0,4.94391,515.9964,389.6836,126.3128,0,699.68,3849.246,0,-1.136868e-13,7.921441e-14,4.263256e-14
naive,2026-02-03 00:00:00,2784,0,33.96678,3282.072,68.8317,0.9164062,45.83331,1,1,2297.451,2297.133,565.5636,308.5224,874.086,2,0,0,74.08595,800,0,46.69368,251.2045,0.1256022,0.1655564,0.3172331,0,250,0.3172331,1731.57,50.99082,48.41522,23.41995,0,0,509.0001,383.6293,125.3709,692.1516,0,1370.236,0,0,-5.476175e-14,4.263256e-14
naive,2026-02-03 00:15:00,2785,0.25,33.76245,3279.206,71.8524,8.343471,48.28839,1,1,2295.444,2295.127,564.2111,307.9261,872.1372,2,0,0,72.13717,800,0,44.39461,240.0663,0.1200331,0.1581798,0.3172331,0,250,0.3172331,1730.916,49.76746,48.63012,27.47616,8.325101,0,506.0358,381.5843,124.4515,689.5104,0,1386.069,0,5.684342e-14,4.662937e-14,4.263256e-14
naive,2026-02-03 00:30:00,2786,0.5,33.52907,3324.717,67.11001,6.64287,59.71363,1,1,2327.302,2326.985,548.1202,300.8324,848.9526,2,0,0,48.95258,800,0,48.47916,227.9087,0.1139543,0.1511662,0.3172331,0,250,0.3172331,1778.865,33.8638,48.87558,19.72071,5.553013,25.84983,510.1717,389.9478,120.2238,696.4468,0,1381.506,0,0,1.987299e-14,4.263256e-14
naive,2026-02-03 00:45:00,2787,0.75,33.35318,3312.231,66.98376,0,66.46631,1,1,2318.562,2318.245,535.7863,295.3951,831.1814,2,0,0,31.18137,800,0,57.12194,213.5923,0.1067962,0.1435108,0.3172331,0,250,0.3172331,1782.458,21.61413,49.06057,11.50823,0,44.85217,506.1091,389.0853,117.0238,694.271,0,1353.2,0,0,1.054712e-15,4.263256e-14
naive,2026-02-03 01:00:00,2788,1,33.09816,3300.706,54.42492,2.911472,51.43963,1,1,2310.494,2310.177,532.5835,293.8842,826.4677,2,0.8317052,0.8809489,24.75504,800,0,54.23478,200,0.1,0.134496,0.3172331,0,250,0.3172331,1777.593,17.21007,49.32879,0,2.030523,34.22956,501.2784,385.6618,115.6167,686.9723,0,1321.952,0,-5.684342e-14,-3.413936e-15,4.263256e-14
naive,2026-02-03 01:15:00,2789,1.25,32.81191,3287.631,60.75492,3.09565,45.66777,1,1,2301.341,2301.024,969.0114,420.0711,1389.082,3,57.42619,2.298709,29.35753,800,500,0,324.9685,0.1624843,0.1259371,0.3172331,0,250,0.3172331,1332.013,20.47701,49.62985,3.328723,0.7969408,25.19076,495.905,287.029,208.876,712.5284,0,1376.34,0,5.684342e-14,1.24345e-13,4.263256e-14
naive,2026-02-03 01:30:00,2790,1.5,32.53054,3323.517,61.40721,0,49.29984,1,1,2326.462,2326.144,540.7776,297.5955,838.3731,2,0,0,38.37307,800,0,57.6693,310.5,0.15525,0.2046279,0.3172331,0,250,0.3172331,1785.367,26.85177,49.92578,3.876117,0,22.44806,497.9967,382.1713,115.8254,684.5719,0,1319.664,0,-5.684342e-14,-5.062617e-14,4.263256e-14
naive,2026-02-03 01:45:00,2791,1.75,32.09079,3306.585,58.62333,1.685397,53.05591,1,1,2314.61,2314.292,546.925,300.3055,847.2306,2,0,0,47.23056,800,0,53.71091,297.0234,0.1485117,0.1955173,0.3172331,0,250,0.3172331,1767.367,33.21601,50.38828,5.273664,1.324151,19.8399,490.3821,374.4412,115.9408,678.9501,0,1312.595,0,0,-9.570122e-14,4.263256e-14
naive,2026-02-03 02:00:00,2792,2,31.80705,3272.475,46.7545,0.07650324,66.69763,1,1,2290.733,2290.415,554.5885,303.684,858.2724,2,0,0,58.27242,800,0,56.62699,282.8199,0.14141,0.1870313,0.3172331,0,250,0.3172331,1735.827,41.11374,50.6867,0,0,25.58389,482.1352,365.3431,116.7921,674.4117,0,1291.801,0,5.684342e-14,-4.596323e-14,4.263256e-14
naive,2026-02-03 02:15:00,2793,2.25,31.82911,3254.441,51.74653,0,48.06587,1,1,2278.108,2277.791,553.8018,303.3372,857.1389,2,0,0,57.13892,800,0,53.02743,269.5185,0.1347593,0.1780876,0.3172331,0,250,0.3172331,1723.989,40.30391,50.6635,0,0,7.761956,479.7232,363.0371,116.6862,668.0087,0,1279.021,0,0,-2.312039e-14,4.263256e-14
naive,2026-02-03 02:30:00,2794,2.5,31.61965,3228.419,67.43776,0,52.61866,1,1,2259.893,2259.576,549.8634,301.601,851.4644,2,0,0,51.4644,800,0,56.43687,255.3669,0.1276834,0.1697119,0.3172331,0,250,0.3172331,1709.713,36.38753,50.8838,13.68032,0,16.23114,473.5897,358.2922,115.2974,663.2946,0,1292.944,0,0,-3.028133e-14,4.263256e-14
naive,2026-02-03 02:45:00,2795,2.75,31.49605,3236.33,70.40833,2.838204,51.53485,1,1,2265.431,2265.113,530.716,293.1598,823.8758,2,0,0,23.87579,800,0,60.54727,240.1899,0.1200949,0.1608008,0.3172331,0,250,0.3172331,1734.397,16.90482,51.0138,11.84226,0.8570047,34.63003,473.4012,362.4326,110.9686,662.8289,0,1290.174,0,0,4.823919e-14,4.263256e-14
naive,2026-02-03 03:00:00,2796,3,31.4285,3247.729,62.20641,4.513694,40.52209,1,1,2273.411,2273.093,543.9891,299.0112,843.0003,2,0,0,43.00032,800,0,70.87028,222.4345,0.1112172,0.151244,0.3172331,0,250,0.3172331,1729.104,30.46883,51.08485,0,1.249161,10.05327,474.3322,360.7663,113.566,661.8751,0,1268.435,0,-5.684342e-14,9.131584e-15,4.263256e-14
naive,2026-02-03 03:15:00,2797,3.25,31.19877,3262.753,70.47216,4.462879,35.17944,1,1,2283.927,2283.61,542.0745,298.1672,840.2417,2,0,0,40.24165,800,0,77.1332,203.1162,0.1015581,0.1400637,0.3172331,0,250,0.3172331,1741.536,28.58807,51.32646,0,1.939947,6.59138,474.0273,361.4543,112.573,660.9895,0,1267.583,0,1.136868e-13,-2.045586e-14,4.263256e-14
naive,2026-02-03 03:30:00,2798,3.5,31.00302,3259.326,66.36009,1.488324,46.37505,1,1,2281.528,2281.211,595.1588,313.1924,908.3512,2,70.41954,0.8365063,37.09515,800,0,12.33683,200,0.1,0.1278993,0.3172331,0,250,0.3172331,1686.052,26.41085,51.53234,0,0.6518174,19.9642,471.4225,348.3818,123.0407,665.6992,0,1274.549,0,-5.684342e-14,-5.551115e-17,4.263256e-14
naive,2026-02-03 03:45:00,2799,3.75,30.93339,3295.615,64.83334,0.1041207,30.37513,1,1,2306.93,2306.613,998.4046,429.9101,1428.315,3,83.64527,0.2784616,44.39095,800,500,0,324.9685,0.1624843,0.1259371,0.3172331,0,250,0.3172331,1308.209,31.63001,51.60558,0,0,0,475.918,269.8824,206.0356,699.7925,0,1341.529,0,5.684342e-14,1.24345e-13,4.263256e-14
naive,2026-02-03 04:00:00,2800,4,30.69136,3240.322,64.50283,0,26.15863,1,1,2268.226,2267.908,541.9638,298.1184,840.0823,2,0,0,40.08226,800,0,76.0188,305.9127,0.1529563,0.2046279,0.3172331,0,250,0.3172331,1725.944,28.63754,51.86013,0,0,0,465.3772,354.1161,111.2611,652.2346,0,1246.126,0,0,-7.904788e-14,4.263256e-14
naive,2026-02-03 04:15:00,2801,4.25,30.70301,3208.71,79.08079,0,18.20628,1,1,2246.097,2245.78,524.6124,290.469,815.0814,2,0,0,15.08144,800,0,89.48943,283.4921,0.1417461,0.1926287,0.3172331,0,250,0.3172331,1721.167,10.77381,51.84788,0,0,7.43247,460.9582,353.2288,107.7294,645.2232,0,1232.118,0,1.136868e-13,-1.194878e-13,4.263256e-14
naive,2026-02-03 04:30:00,2802,4.5,30.70058,3248.366,97.50643,0,14.99296,1,1,2273.856,2273.539,535.235,295.152,830.3871,2,0,0,30.38709,800,0,118.2946,253.8739,0.1269369,0.1785108,0.3172331,0,250,0.3172331,1738.304,21.7084,51.85043,0,0,0,466.6296,356.7262,109.9034,651.8783,0,1245.425,0,5.684342e-14,6.178391e-14,4.263256e-14
naive,2026-02-03 04:45:00,2803,4.75,30.65637,3246.723,127.176,0,3.031249,1,1,2272.706,2272.389,536.4297,295.6787,832.1083,2,0,0,32.10834,800,0,132.5818,220.6885,0.1103442,0.1598607,0.3172331,0,250,0.3172331,1735.959,22.9494,51.89693,0,0,0,465.9286,355.8898,110.0387,651.5685,0,1244.753,0,0,7.074896e-14,4.263256e-14
naive,2026-02-03 05:00:00,2804,5,30.63084,3287.971,151.4766,0,37.39242,1,1,2301.58,2301.262,594.3797,312.2869,906.6666,2,75.14358,1.293308,30.2297,800,0,82.61489,200,0.1,0.1389643,0.3172331,0,250,0.3172331,1706.883,21.61283,51.92378,0,0,15.77959,471.5765,349.7275,121.849,665.2475,0,1272.081,0,0,-3.802514e-15,4.263256e-14
naive,2026-02-03 05:15:00,2805,5.25,30.6839,3282.438,180.3933,0,61.10067,1,1,2297.707,2297.389,1080.335,453.4414,1533.776,4,189.4581,0.0371098,44.28073,800,500,0,324.9685,0.1624843,0.1259371,0.3172331,0,250,0.3172331,1217.055,31.63985,51.86797,0,0,29.46082,471.3466,249.664,221.6826,709.149,0,1359.946,0,0,1.24345e-13,4.263256e-14
naive,2026-02-03 05:30:00,2806,5.5,30.6722,3296.563,216.8579,0,28.6966,1,1,2307.594,2307.277,551.4638,302.3065,853.7702,2,0,0,53.77021,800,0,240.5563,264.7783,0.1323891,0.2046279,0.3172331,0,250,0.3172331,1755.813,38.4254,51.88028,0,0,0,473.2498,360.0886,113.1613,662.395,0,1266.425,0,5.684342e-14,4.884981e-14,4.263256e-14
naive,2026-02-03 05:45:00,2807,5.75,30.34269,3284.899,266.2011,0,9.928993,1,1,2299.429,2299.112,556.9709,302.4269,859.3978,2,19.39609,0.281121,39.72063,800,0,258.9464,200,0.1,0.166727,0.3172331,0,250,0.3172331,1742.141,28.48996,52.22683,0,0,0,468.0958,354.6484,113.4474,657.0754,0,1255.396,0,0,8.881784e-16,4.263256e-14
naive,2026-02-03 06:00:00,2808,6,30.42299,3321.878,313.3689,0,9.363125,1,1,2325.315,2324.997,1178.235,480.2598,1658.495,4,326.8245,0.3554293,31.31496,800,500,0,324.9685,0.1624843,0.1259371,0.3172331,0,250,0.3172331,1146.762,22.44081,52.14239,0,0,0,474.218,233.8674,240.3506,714.1273,0,1369.594,0,-1.705303e-13,1.24345e-13,4.263256e-14
naive,2026-02-03 06:15:00,2809,6.25,30.3327,3292.689,351.2775,0.6935556,8.785009,1,1,2304.882,2304.565,538.2123,296.4646,834.6769,2,0,0,34.67689,800,0,375.4859,231.0459,0.1155229,0.2046279,0.3172331,0,250,0.3172331,1766.353,24.87506,52.23735,0,0.5617828,0,469.101,359.4968,109.6042,655.9614,0,1254.125,0,5.684342e-14,-7.993606e-15,4.263256e-14
naive,2026-02-03 06:30:00,2810,6.5,30.31852,3277.089,398.8385,2.314612,18.75244,1,1,2293.962,2293.645,758.7859,360.1729,1118.959,3,281.8735,3.175558,33.90972,800,0,124.038,200,0.1,0.1454862,0.3172331,0,250,0.3172331,1534.859,24.32859,52.25226,0,0,0,466.7303,312.2829,154.4474,672.4557,0,1286.128,0,-1.136868e-13,-3.774758e-15,4.263256e-14
naive,2026-02-03 06:45:00,2811,6.75,30.33154,3344.257,427.6553,4.479822,14.51045,1,1,2340.98,2340.663,1279.653,512.4103,1792.063,4,432.4026,2.517897,57.14266,800,500,0,324.9685,0.1624843,0.1259371,0.3172331,0,250,0.3172331,1061.01,40.99116,52.23857,0,1.961925,0,476.4354,215.9363,260.4991,728.3466,0,1401.309,0,0,1.24345e-13,4.263256e-14
naive,2026-02-03 07:00:00,2812,7,30.36248,3401.034,434.9928,4.282497,18.13581,1,1,2380.724,2380.407,548.9638,301.2044,850.1682,2,0,0,50.16819,800,0,438.0273,215.4105,0.1077053,0.2046279,0.3172331,0,250,0.3172331,1831.443,35.97561,52.20602,0,3.478577,0,484.8599,372.993,111.867,674.1973,0,1295.663,0,0,4.884981e-14,4.263256e-14
naive,2026-02-03 07:15:00,2813,7.25,30.2484,3390.086,428.5736,0,18.98165,1,1,2373.06,2372.743,846.7799,388.8144,1235.594,3,367.2019,1.07375,67.31866,800,0,61.50652,200,0.1,0.1356409,0.3172331,0,250,0.3172331,1525.963,48.33566,52.32601,0,0,0,482.067,309.9864,172.0806,698.8008,0,1338.735,0,-5.684342e-14,1.887379e-15,4.263256e-14
naive,2026-02-03 07:30:00,2814,7.5,30.12389,3370.153,397.0918,0,41.63808,1,1,2359.107,2358.79,1270.002,511.3299,1781.332,4,405.7187,1.367587,74.24551,800,500,0,324.9685,0.1624843,0.1259371,0.3172331,0,250,0.3172331,1088.788,53.38318,52.45696,0,0,0,477.9029,220.5643,257.3386,731.8943,0,1404.774,0,-1.136868e-13,1.24345e-13,4.263256e-14
naive,2026-02-03 07:45:00,2815,7.75,30.25398,3391.305,364.4276,0,55.29067,1,1,2373.914,2373.596,571.9219,311.3254,883.2473,2,0,0,83.24725,800,0,366.9129,233.1891,0.1165946,0.2046279,0.3172331,0,250,0.3172331,1801.674,59.76888,52.32014,0,0,0,482.3006,366.0406,116.26,677.3659,0,1295.872,0,0,-7.993606e-15,4.263256e-14
naive,2026-02-03 08:00:00,2816,8,30.41471,3371.443,335.6384,260.6333,69.82208,1,1,2360.01,2359.693,843.0653,407.7715,1250.837,3,194.0767,179.9985,76.76169,800,0,132.6097,200,0.1,0.1468358,0.3172331,0,250,0.3172331,1516.627,55.01375,52.15109,8.952113,80.63481,14.80833,481.2044,309.2393,171.9651,720.0302,0,1535.928,0,0,-3.191891e-15,4.263256e-14
naive,2026-02-03 08:15:00,2817,8.25,30.63811,3401.233,291.7168,261.3337,69.27884,1,1,2380.863,2380.546,1314.141,544.7805,1858.921,4,288.0982,180.0054,90.81767,800,500,0,324.9685,0.1624843,0.1259371,0.3172331,0,250,0.3172331,1066.405,64.92511,51.91613,3.618647,81.32833,4.353725,487.9009,218.5342,269.3667,764.2069,0,1616.542,0,0,1.24345e-13,4.263256e-14
naive,2026-02-03 08:30:00,2818,8.5,30.65568,3394.681,238.0167,276.7644,82.67856,1,1,2376.276,2375.959,582.8619,316.1483,899.0102,2,0,0,99.01016,800,0,430.4931,217.2941,0.108647,0.2046279,0.3172331,0,250,0.3172331,1793.097,70.76796,51.89765,0,94.59959,11.9106,487.154,367.598,119.556,686.1881,0,1477.176,0,0,-7.993606e-15,4.263256e-14
naive,2026-02-03 08:45:00,2819,8.75,30.81294,3463.188,200.2134,278.1429,98.61244,1,1,2424.232,2423.914,824.4149,406.8311,1231.246,3,132.866,184.8797,113.5003,800,0,69.03952,200,0.1,0.1368269,0.3172331,0,250,0.3172331,1599.5,80.98206,51.73225,0,93.26324,17.63037,498.754,329.0761,169.6778,739.5344,0,1581.749,0,5.684342e-14,-2.220446e-15,4.263256e-14
naive,2026-02-03 09:00:00,2820,9,31.12352,3420.703,167.96,272.9441,98.70826,1,1,2394.492,2394.175,1262.228,536.3812,1798.609,4,166.3226,192.0154,140.2713,800,500,0,324.9685,0.1624843,0.1259371,0.3172331,0,250,0.3172331,1131.947,99.73455,51.40561,1.637443,80.92872,0,496.1225,234.5317,261.5908,770.9129,0,1626.421,0,0,1.24345e-13,4.263256e-14
naive,2026-02-03 09:15:00,2821,9.25,31.29387,3468.784,143.178,279.435,99.18398,1,1,2428.148,2427.831,633.1407,338.3136,971.4543,2,0,0,171.4543,800,0,330.8738,242.1989,0.1210994,0.2046279,0.3172331,0,250,0.3172331,1794.691,121.6724,51.22644,5.37607,86.36305,0,505.0567,373.297,131.7597,711.6107,0,1523.842,0,5.684342e-14,-7.993606e-15,4.263256e-14
naive,2026-02-03 09:30:00,2822,9.5,31.44663,3470.391,103.4227,280.78,99.38451,1,1,2429.274,2428.957,726.3885,379.4219,1105.81,3,0,137.3038,168.5065,800,0,168.6431,200,0.1,0.1525091,0.3172331,0,250,0.3172331,1702.568,119.3746,51.06577,0,85.37271,0,507.0631,355.3776,151.6855,734.7995,0,1559.418,0,1.136868e-13,-9.714451e-16,4.263256e-14
naive,2026-02-03 09:45:00,2823,9.75,31.9471,3499.504,82.54295,278.2428,128.343,1,1,2449.653,2449.336,1233.209,532.5356,1765.745,4,91.10864,195.334,179.3022,800,500,0,324.9685,0.1624843,0.1259371,0.3172331,0,250,0.3172331,1216.127,126.3046,50.53941,0,82.90878,2.038361,517.2607,256.7933,260.4674,789.7593,0,1665.68,0,-2.273737e-13,1.24345e-13,4.263256e-14
naive,2026-02-03 10:00:00,2824,10,31.97481,3501.662,59.87135,275.0691,142.9778,1,1,2451.164,2450.846,650.0848,345.7835,995.8683,2,0,0,195.8683,800,0,268.3489,257.8301,0.1289151,0.2046279,0.3172331,0,250,0.3172331,1800.762,137.9308,50.51027,0,76.40878,5.047041,517.913,380.4877,137.4252,727.3376,0,1529.656,0,-5.684342e-14,-7.993606e-15,4.263256e-14
naive,2026-02-03 10:15:00,2825,10.25,32.12322,3546.667,63.08317,287.6642,150.9675,1,1,2482.667,2482.349,682.4383,360.0465,1042.485,3,0,38.46789,204.0169,800,0,231.1582,200,0.1,0.1623519,0.3172331,0,250,0.3172331,1799.911,143.4268,50.35417,0,87.67726,7.54075,526.3851,381.6244,144.7606,743.2697,0,1581.134,0,1.136868e-13,3.516631e-14,4.263256e-14
naive,2026-02-03 10:30:00,2826,10.5,32.24076,3628.113,70.49163,295.3407,167.5853,1,1,2539.679,2539.362,1250.206,543.7379,1793.944,4,59.92899,197.189,236.8261,800,500,0,324.9685,0.1624843,0.1259371,0.3172331,0,250,0.3172331,1289.156,166.2694,50.23055,10.56265,98.15163,1.315917,539.9533,274.0834,265.8699,818.101,0,1767.225,0,0,1.24345e-13,4.263256e-14
naive,2026-02-03 10:45:00,2827,10.75,32.44183,3645.247,71.73962,299.2377,175.809,1,1,2551.673,2551.356,708.2363,371.4195,1079.656,3,0,0,279.6558,800,0,256.2625,260.8517,0.1304259,0.2046279,0.3172331,0,250,0.3172331,1843.12,195.8892,50.01907,17.43244,97.2824,0,545.0665,393.7114,151.3551,765.1308,0,1671.873,0,0,4.884981e-14,4.263256e-14
naive,2026-02-03 11:00:00,2828,11,33.12059,3613.109,67.3309,300.5084,199.7865,0,0,2529.176,2528.859,728.5096,380.3569,1108.867,3,0,5.305745,303.5608,800,0,243.2427,200,0.1,0.1642545,0.3172331,0,250,0.3172331,1800.35,210.9855,49.3052,18.39697,100.8938,0,549.0171,390.8082,158.209,0,771.1651,4391.716,0,-1.136868e-13,-6.633583e-15,4.263256e-14
naive,2026-02-03 11:15:00,2829,11.25,33.25245,3653.672,63.88751,301.0168,228.6734,0,0,2557.57,2557.253,1321.742,576.1614,1897.904,4,52.4739,201.9018,343.5281,800,500,0,324.9685,0.1624843,0.1259371,0.3172331,0,250,0.3172331,1235.511,238.4018,49.16651,11.41361,99.11504,0,556.9342,269.0437,287.8905,0,845.2051,4783.977,0,-2.273737e-13,1.24345e-13,4.263256e-14
naive,2026-02-03 11:30:00,2830,11.5,33.48617,3628.263,61.79074,303.8987,233.888,0,0,2539.784,2539.467,766.66,397.1755,1163.835,3,0,0,363.8355,800,0,252.5744,261.7738,0.1308869,0.2046279,0.3172331,0,250,0.3172331,1772.807,251.8144,48.9207,12.8626,100.2524,0,556.1747,388.2182,167.9565,0,785.3937,4459.753,0,-1.136868e-13,7.727152e-14,4.263256e-14
naive,2026-02-03 11:45:00,2831,11.75,33.68653,3646.088,60.7911,307.6101,274.8795,0,0,2552.262,2551.944,794.1899,409.312,1203.502,3,0,5.919155,397.5828,800,0,246.9302,200,0.1,0.1648351,0.3172331,0,250,0.3172331,1757.755,274.534,48.70997,11.45714,104.0946,0.345518,561.6178,386.7888,174.829,0,796.1769,4523.501,0,0,9.353629e-15,4.263256e-14
naive,2026-02-03 12:00:00,2832,12,33.85686,3648.678,57.156,304.5241,277.2667,0,0,2554.074,2553.757,1384.445,603.5592,1988.004,4,54.52825,200.2364,433.2393,800,500,0,324.9685,0.1624843,0.1259371,0.3172331,0,250,0.3172331,1169.312,298.5648,48.53083,2.627746,104.2877,0,564.3434,258.369,305.9743,0,861.9283,4870.437,0,0,1.24345e-13,4.263256e-14
naive,2026-02-03 12:15:00,2833,12.25,34.23311,3686.371,64.31011,303.6118,311.1784,0,0,2580.46,2580.142,849.4013,433.6519,1283.053,3,0,0,483.0532,800,0,257.4614,260.552,0.130276,0.2046279,0.3172331,0,250,0.3172331,1730.741,331.4397,48.13511,10.31402,100.1464,0,575.4357,385.9507,189.485,0,819.6027,4644.207,0,-1.136868e-13,1.056932e-13,4.263256e-14
naive,2026-02-03 12:30:00,2834,12.5,34.43891,3695.563,73.38115,300.2687,338.7643,0,0,2586.894,2586.577,875.9074,445.3371,1321.244,3,0,14.63103,506.6134,800,0,242.044,200,0.1,0.1640658,0.3172331,0,250,0.3172331,1710.669,346.7712,47.91866,20.90437,96.07051,0,579.7975,383.4103,196.3872,0,828.7474,4705.984,0,0,-1.396105e-14,4.263256e-14
naive,2026-02-03 12:45:00,2835,12.75,34.83937,3705.331,72.10933,298.9947,355.7564,0,0,2593.732,2593.414,1398.83,601.1703,2000,4,55.55507,210.349,550.4376,683.6583,500,0,324.9685,0.1624843,0.1259371,0.3172331,0,250,0.3172331,1194.585,375.0049,40.59006,16.55426,88.64569,0,587.1267,270.4106,316.7161,0,871.5809,4929.501,0,2.273737e-13,1.24345e-13,4.263256e-14
naive,2026-02-03 13:00:00,2836,13,35.27734,3681.464,62.47538,296.3521,404.771,0,0,2577.025,2576.708,918.1948,463.9795,1382.174,3,0,0,582.1743,800,0,264.701,258.7421,0.1293711,0.2046279,0.3172331,0,250,0.3172331,1658.513,394.5868,47.03684,4.424831,89.70171,10.18412,589.7767,379.5665,210.2102,0,845.8767,4761.774,0,1.136868e-13,1.056932e-13,4.263256e-14
naive,2026-02-03 13:15:00,2837,13.25,35.46008,3682.603,57.65552,294.7717,421.5559,0,0,2577.822,2577.505,971.3513,487.4135,1458.765,3,0,34.01446,624.7504,800,0,234.8056,200,0.1,0.1629261,0.3172331,0,250,0.3172331,1606.153,422.5308,46.84465,0,86.77563,0,592.6857,369.2823,223.4034,0,856.6958,4808.815,0,-5.684342e-14,-1.246225e-14,4.263256e-14
naive,2026-02-03 13:30:00,2838,13.5,35.88152,3706.199,35.72784,293.7784,460.8512,0,0,2594.339,2594.022,1405.302,594.6978,2000,4,59.82671,212.0818,663.602,564.4895,500,0,324.9685,0.1624843,0.1259371,0.3172331,0,250,0.3172331,1188.72,446.5695,32.74138,0,81.69662,14.28172,602.9095,276.2516,326.6578,0,874.2685,4912.569,0,2.273737e-13,1.24345e-13,4.263256e-14
naive,2026-02-03 13:45:00,2839,13.75,35.95611,3711.783,49.07822,293.0555,469.6005,0,0,2598.248,2597.931,995.0575,497.8643,1492.922,3,0,0,692.9219,800,0,264.4028,258.8166,0.1294083,0.2046279,0.3172331,0,250,0.3172331,1602.874,465.8868,46.32295,0,84.02668,3.713689,604.9714,373.2102,231.7612,0,871.9392,4888.498,0,5.684342e-14,4.884981e-14,4.263256e-14
naive,2026-02-03 14:00:00,2840,14,36.22056,3690.068,57.0474,292.7765,495.541,1,1,2583.048,2582.731,1052.072,522.999,1575.071,4,0,26.37902,748.6918,800,0,235.1036,200,0.1,0.162973,0.3172331,0,250,0.3172331,1530.659,501.7998,46.04482,4.640214,83.70105,0,605.5336,358.8262,246.7073,881.8253,0,1864.239,0,-1.136868e-13,1.112999e-14,4.263256e-14
naive,2026-02-03 14:15:00,2841,14.25,36.56555,3687.158,49.22534,291.1548,526.5165,1,1,2581.011,2580.693,1409.084,590.9162,2000,4,50.18104,205.466,769.0111,475.3419,500,0,324.9685,0.1624843,0.1259371,0.3172331,0,250,0.3172331,1171.61,513.2961,27.14319,0,85.68879,13.22039,610.4871,277.1211,333.366,871.1643,0,1859.606,0,0,1.24345e-13,4.263256e-14
naive,2026-02-03 14:30:00,2842,14.5,36.63156,3735.946,45.75189,291.9087,538.1889,1,1,2615.162,2614.845,1077.165,534.0616,1611.227,4,0,0,811.227,800,0,250.342,262.3318,0.1311659,0.2046279,0.3172331,0,250,0.3172331,1537.68,541.0458,45.61255,0,90.17916,0,619.6292,364.3335,255.2957,898.395,0,1901.035,0,0,4.884981e-14,4.263256e-14
naive,2026-02-03 14:45:00,2843,14.75,36.81251,3752.417,47.48907,289.9572,516.0022,1,1,2626.692,2626.374,1095.597,542.1872,1637.785,4,0,8.500446,829.2841,800,0,249.1622,200,0.1,0.1651865,0.3172331,0,250,0.3172331,1530.777,551.8885,45.42223,0,90.36971,0,625.31,364.4167,260.8933,906.6039,0,1917.996,0,1.136868e-13,8.798517e-15,4.263256e-14
naive,2026-02-03 15:00:00,2844,15,37.05103,3719.079,54.95811,291.6849,534.9662,1,1,2603.355,2603.038,1412.129,587.871,2000,4,57.57067,195.1877,819.3171,427.9245,500,0,324.9685,0.1624843,0.1259371,0.3172331,0,250,0.3172331,1190.909,543.6921,24.16242,0,96.49718,0,623.6497,285.2895,338.3601,873.1606,0,1885.596,0,0,1.24345e-13,4.263256e-14
naive,2026-02-03 15:15:00,2845,15.25,37.28817,3697.927,61.27597,289.0166,538.2474,1,1,2588.549,2588.232,1099.077,543.7212,1642.798,4,0,0,842.7983,800,0,261.2729,259.5991,0.1297996,0.2046279,0.3172331,0,250,0.3172331,1489.155,557.6751,44.92196,0,89.25915,0,624.0021,358.9794,265.0228,902.7006,0,1908.836,0,-1.136868e-13,-6.483702e-14,4.263256e-14
naive,2026-02-03 15:30:00,2846,15.5,37.47985,3702.356,74.71639,293.9621,557.0362,1,1,2591.649,2591.332,1125.281,555.2733,1680.554,4,0,26.80891,853.7455,800,0,238.2331,200,0.1,0.1634658,0.3172331,0,250,0.3172331,1466.051,563.6096,44.72036,8.779093,94.85745,0,627.9413,355.2155,272.7258,910.4888,0,1949.44,0,-1.136868e-13,1.29341e-14,4.263256e-14
naive,2026-02-03 15:45:00,2847,15.75,37.86932,3653.288,89.60832,292.5598,578.8681,1,1,2557.302,2556.984,1415.971,584.0286,2000,4,75.39597,196.8097,846.0342,381.7601,500,0,324.9685,0.1624843,0.1259371,0.3172331,0,250,0.3172331,1141.013,555.8829,21.14509,14.21235,95.75006,22.98521,626.1183,279.3605,346.7578,869.0168,0,1903.93,0,-2.273737e-13,1.24345e-13,4.263256e-14
naive,2026-02-03 16:00:00,2848,16,37.96297,3659.697,80.57352,292.7234,578.4631,1,1,2561.788,2561.47,1093.327,541.1866,1634.514,4,0,0,834.514,800,0,274.8677,256.2004,0.1281002,0.2046279,0.3172331,0,250,0.3172331,1468.143,547.6884,44.21225,4.298401,94.13082,30.77464,628.8025,360.3624,268.4401,909.1028,0,1938.257,0,0,-1.216804e-13,4.263256e-14
naive,2026-02-03 16:15:00,2849,16.25,38.21573,3652.166,98.57739,291.6534,566.2433,1,1,2556.517,2556.199,1127.962,556.4553,1684.418,4,0,60.67563,823.742,800,0,224.6404,200,0.1,0.1613257,0.3172331,0,250,0.3172331,1428.237,538.9531,43.9464,11.57932,93.33549,27.2902,631.8207,352.9763,278.8444,916.1761,0,1963.891,0,0,1.19349e-14,4.263256e-14
naive,2026-02-03 16:30:00,2850,16.5,38.56933,3620.208,113.7679,295.544,573.1471,1,1,2534.146,2533.829,1417.747,582.2532,2000,4,105.0372,198.6907,801.4291,394.843,500,0,324.9685,0.1624843,0.1259371,0.3172331,0,250,0.3172331,1116.082,522.0872,21.50636,8.730758,96.85333,51.05985,632.3708,278.5071,353.8637,873.5018,0,1904.942,0,-1.136868e-13,1.24345e-13,4.263256e-14
naive,2026-02-03 16:45:00,2851,16.75,38.54719,3603.447,140.3302,292.5401,534.3158,1,1,2522.413,2522.096,1045.946,520.2983,1566.244,4,0,0,766.2438,800,0,317.3271,245.5856,0.1227928,0.2046279,0.3172331,0,250,0.3172331,1476.15,499.3017,43.59779,17.35272,98.1905,35.01417,629.0607,368.1349,260.9258,897.1653,0,1944.595,0,-2.273737e-13,-7.993606e-15,4.263256e-14
naive,2026-02-03 17:00:00,2852,17,38.53506,3586.787,148.2665,282.2543,508.6413,1,1,2510.751,2510.433,1137.144,560.503,1697.647,4,0,151.7154,745.9314,800,0,182.1877,200,0.1,0.1546416,0.3172331,0,250,0.3172331,1373.29,486.1381,43.61055,6.91258,89.70512,22.50321,625.9438,342.3686,283.5753,908.4817,0,1934.567,0,0,4.218847e-15,4.263256e-14
naive,2026-02-03 17:15:00,2853,17.25,38.42703,3598.321,164.1689,277.4434,480.3563,1,1,2518.825,2518.507,1423.065,576.9353,2000,4,175.873,190.1549,728.8015,405.1706,500,0,324.9685,0.1624843,0.1259371,0.3172331,0,250,0.3172331,1095.443,475.604,22.14469,0,87.28845,4.752231,626.1018,272.2931,353.8087,850.4097,0,1826.479,0,0,1.24345e-13,4.263256e-14
naive,2026-02-03 17:30:00,2854,17.5,38.53037,3629.541,197.2211,268.3372,470.452,1,1,2540.678,2540.361,1001.963,500.9087,1502.872,4,0,0,702.8718,800,0,395.2448,226.1062,0.1130531,0.2046279,0.3172331,0,250,0.3172331,1538.398,458.1017,43.61549,0,79.64283,12.35031,633.3235,383.4817,249.8418,887.469,0,1863.254,0,-1.136868e-13,-7.993606e-15,4.263256e-14
naive,2026-02-03 17:45:00,2855,17.75,38.70691,3648.253,237.1956,267.2084,450.5861,1,1,2553.777,2553.46,1211.01,577.1046,1788.115,4,134.1822,186.5849,667.3475,800,0,104.2823,200,0.1,0.1423757,0.3172331,0,250,0.3172331,1342.45,434.0059,43.42981,0,80.62351,16.58021,639.6853,336.2648,303.4205,917.5226,0,1925.262,0,-1.136868e-13,-1.026956e-15,4.263256e-14
naive,2026-02-03 18:00:00,2856,18,38.45351,3599.061,267.9669,0,413.8796,1,1,2519.343,2519.026,1422.04,577.9596,2000,4,271.0086,3.829675,647.0946,578.067,500,0,324.9685,0.1624843,0.1259371,0.3172331,0,250,0.3172331,1096.985,422.1464,31.57425,0,0,0,626.6845,272.8742,353.8103,850.8338,0,1666.146,0,0,1.24345e-13,4.263256e-14
naive,2026-02-03 18:15:00,2857,18.25,38.29277,3546.779,302.8656,0,384.4398,1,1,2482.745,2482.428,944.1208,475.409,1419.53,3,0,0,619.5298,800,0,312.5394,246.7825,0.1233913,0.2046279,0.3172331,0,250,0.3172331,1538.307,404.9605,43.86538,0,0,0,614.8765,380.9771,233.8995,856.386,0,1663.423,0,1.136868e-13,-7.993606e-15,4.263256e-14
naive,2026-02-03 18:30:00,2858,18.5,38.15778,3526.983,316.0735,0,370.09,1,0,2468.888,2468.571,1017.022,489.4261,1506.448,4,152.3323,3.745381,550.3704,800,0,186.9746,200,0.1,0.1553953,0.3172331,0,250,0.3172331,1451.549,360.3483,44.00735,0,0,9.741716,609.2042,358.1733,251.031,850.0031,0,1650.498,0,5.684342e-14,8.354428e-15,4.263256e-14
naive,2026-02-03 18:45:00,2859,18.75,38.37558,3555.993,351.6604,0,352.0139,1,0,2489.195,2488.878,1427.161,572.8394,2000,4,358.9827,3.200293,518.0166,619.8003,500,0,324.9685,0.1624843,0.1259371,0.3172331,0,250,0.3172331,1061.717,338.2625,33.91725,0,0,13.75138,617.8676,263.5393,354.3283,839.7921,0,1641.427,0,0,1.24345e-13,4.263256e-14
naive,2026-02-03 19:00:00,2860,19,38.23638,3516.842,389.7588,0,319.3438,1,0,2461.79,2461.472,845.9763,432.142,1278.118,3,0,0,478.1183,800,0,390.0736,227.399,0.1136995,0.2046279,0.3172331,0,250,0.3172331,1615.496,312.7415,43.92469,6.721755,0,6.602299,608.7513,399.4799,209.2715,833.2545,0,1628.689,0,-1.136868e-13,-7.993606e-15,4.263256e-14
naive,2026-02-03 19:15:00,2861,19.25,38.17988,3553.204,403.4494,0,300.5663,0,0,2487.243,2486.926,1053.521,489.2489,1542.77,4,289.0835,3.794747,449.8917,800,0,109.4527,200,0.1,0.1431898,0.3172331,0,250,0.3172331,1433.405,294.4815,43.98411,4.913251,0,6.084721,614.1017,353.9084,260.1933,0,844.6596,4604.621,0,1.136868e-13,-4.246603e-15,4.263256e-14
naive,2026-02-03 19:30:00,2862,19.5,37.90154,3524.772,395.9812,0,264.1898,0,0,2467.34,2467.023,1427.113,572.8871,2000,4,401.8155,2.485831,406.107,689.5917,500,0,324.9685,0.1624843,0.1259371,0.3172331,0,250,0.3172331,1039.91,266.7261,38.16619,0,0,0,604.6171,254.828,349.7891,0,827.7151,4509.496,0,-1.136868e-13,1.24345e-13,4.263256e-14
naive,2026-02-03 19:45:00,2863,19.75,37.88065,3504.355,400.5549,0,233.9632,0,0,2453.048,2452.731,764.0846,396.0401,1160.125,3,0,0,360.1247,800,0,405.0943,223.6438,0.1118219,0.2046279,0.3172331,0,250,0.3172331,1688.646,236.5857,44.29882,0,0,0,600.7767,413.5668,187.2099,0,809.607,4403.002,0,0,-6.483702e-14,4.263256e-14
naive,2026-02-03 20:00:00,2864,20,37.59426,3489.611,381.2897,2.144908,218.0065,0,0,2442.728,2442.411,967.8885,451.5101,1419.399,3,288.9804,0.5043976,329.9138,800,0,94.43432,200,0.1,0.1408252,0.3172331,0,250,0.3172331,1474.522,217.4943,44.60004,0,1.64051,0.5122047,593.6686,358.3607,235.308,0,809.9952,4407.629,0,-1.136868e-13,-3.774758e-15,4.263256e-14
naive,2026-02-03 20:15:00,2865,20.25,37.42377,3449.015,351.8701,2.022799,242.0759,0,0,2414.31,2413.993,1381.127,566.5032,1947.63,4,353.7348,0.0469515,293.8484,800,500,0,324.9685,0.1624843,0.1259371,0.3172331,0,250,0.3172331,1032.866,194.1191,44.77934,0,1.975847,47.95678,584.1001,249.8839,334.2162,0,827.9894,4506.974,0,-1.136868e-13,1.24345e-13,4.263256e-14
naive,2026-02-03 20:30:00,2866,20.5,37.11524,3477.691,341.4978,7.68872,201.1705,0,0,2434.384,2434.066,710.8886,372.5887,1083.477,3,0,0,283.4773,800,0,334.0529,241.4041,0.1207021,0.2046279,0.3172331,0,250,0.3172331,1723.178,187.9676,45.10384,9.723914,5.409796,13.20292,584.16,413.4975,170.6625,0,789.2544,4316.263,0,0,-7.993606e-15,4.263256e-14
naive,2026-02-03 20:45:00,2867,20.75,36.91869,3452.123,304.7478,7.60527,178.3137,0,0,2416.486,2416.169,802.6445,396.3059,1198.95,3,140.6646,0.06049477,258.2253,800,0,165.4646,200,0.1,0.1520087,0.3172331,0,250,0.3172331,1613.525,171.6295,45.31056,0,7.544776,6.684128,576.8725,385.1865,191.686,0,783.0881,4269.025,0,-1.136868e-13,-7.21645e-16,4.263256e-14
naive,2026-02-03 21:00:00,2868,21,36.70391,3405.665,282.0183,6.660097,161.1133,0,0,2383.965,2383.648,1268.883,527.1834,1796.066,4,268.3043,1.192009,226.57,800,500,0,324.9685,0.1624843,0.1259371,0.3172331,0,250,0.3172331,1114.765,150.9791,45.53645,13.71397,5.468088,10.13417,565.9171,264.6283,301.2888,0,794.2173,4350.056,0,0,1.24345e-13,4.263256e-14
naive,2026-02-03 21:15:00,2869,21.25,36.527,3368.304,248.9319,5.452377,117.7885,0,0,2357.813,2357.496,667.8837,353.6301,1021.514,3,0,0,221.5138,800,0,243.2278,264.1104,0.1320552,0.2046279,0.3172331,0,250,0.3172331,1689.612,147.9234,45.72252,5.898393,5.258046,0,557.1352,399.2439,157.8913,0,752.874,4108.614,0,5.684342e-14,-6.483702e-14,4.263256e-14
naive,2026-02-03 21:30:00,2870,21.5,36.33826,3353.262,218.7518,3.752524,120.4974,0,0,2347.284,2346.966,657.832,349.1988,1007.031,3,0,0,207.0309,800,0,208.7409,211.8836,0.1059418,0.1663064,0.3172331,0,250,0.3172331,1689.134,138.5645,45.92102,10.35299,3.410457,0,551.9395,397.1825,154.757,0,746.3813,4077.178,0,-5.684342e-14,-7.094325e-14,4.263256e-14
naive,2026-02-03 21:45:00,2871,21.75,36.34776,3325.271,181.3802,4.100119,99.91476,0,0,2327.69,2327.373,756.4748,376.9347,1133.41,3,132.404,3.508291,197.4972,800,0,47.40102,200,0.1,0.13342,0.3172331,0,250,0.3172331,1570.898,132.1687,45.91103,1.575168,0.5918285,0,547.4668,369.4712,177.9956,0,746.406,4057.321,0,0,1.582068e-15,4.263256e-14
naive,2026-02-03 22:00:00,2872,22,36.0166,3332.978,170.3601,9.453198,85.53738,0,0,2333.085,2332.767,1145.24,486.8965,1632.137,4,148.76,0.8697073,182.5073,800,500,0,324.9685,0.1624843,0.1259371,0.3172331,0,250,0.3172331,1187.527,122.6206,46.25933,21.60013,8.58349,0,544.0741,276.9307,267.1435,0,763.8272,4201.075,0,-5.684342e-14,1.24345e-13,4.263256e-14
naive,2026-02-03 22:15:00,2873,22.25,35.94797,3290.997,154.9643,7.384843,72.11576,0,0,2303.698,2303.381,630.6232,337.2038,967.827,2,0,0,167.827,800,0,121.5658,294.5259,0.147263,0.2046279,0.3172331,0,250,0.3172331,1672.758,112.8496,46.33151,33.99352,6.789751,0,536.2771,389.4007,146.8764,0,726.6045,4014.553,0,5.684342e-14,6.306067e-14,4.263256e-14
naive,2026-02-03 22:30:00,2874,22.5,35.73995,3289.348,119.4358,0,69.95354,0,0,2302.544,2302.227,614.9487,330.2937,945.2425,2,0,0,145.2425,800,0,99.9191,269.4998,0.1347499,0.1854586,0.3172331,0,250,0.3172331,1687.278,97.9051,46.55029,20.16021,0,0,533.1684,390.6997,142.4687,0,720.9935,3947.871,0,5.684342e-14,9.903189e-14,4.263256e-14
naive,2026-02-03 22:45:00,2875,22.75,35.4631,3294.106,93.87542,1.985731,64.83388,0,0,2305.874,2305.557,603.1688,325.1006,928.2693,2,0,0,128.2693,800,0,87.60146,247.557,0.1237785,0.1697001,0.3172331,0,250,0.3172331,1702.388,86.74792,46.84147,6.278919,1.980769,0,530.2006,391.4382,138.7624,0,716.5388,3902.515,0,-5.684342e-14,-5.853651e-14,4.263256e-14
naive,2026-02-03 23:00:00,2876,23,35.24599,3273.165,79.37672,0.9045935,53.81744,0,0,2291.215,2290.898,601.2502,324.2547,925.5049,2,0,0,125.5049,800,0,81.04779,227.2561,0.113628,0.155883,0.3172331,0,250,0.3172331,1689.648,85.09634,47.06981,0,0.7013883,0,523.953,386.3871,137.5659,0,710.6419,3856.787,0,0,-5.134781e-15,4.263256e-14
naive,2026-02-03 23:15:00,2877,23.25,35.01931,3269.191,68.02629,0,51.90913,0,0,2288.434,2288.117,594.3894,321.2302,915.6196,2,0,0,115.6196,800,0,73.40761,208.8684,0.1044342,0.1430998,0.3172331,0,250,0.3172331,1693.727,78.60344,47.30822,0,0,0,520.3499,385.124,135.2259,0,706.3541,3831.726,0,-5.684342e-14,2.492451e-14,4.263256e-14
naive,2026-02-03 23:30:00,2878,23.5,34.86796,3225.642,51.52816,0,67.21278,0,1,2257.95,2257.632,609.3535,323.6578,933.0113,2,35.04801,2.127781,95.8355,800,0,35.34199,200,0.1,0.1315214,0.3172331,0,250,0.3172331,1648.279,65.26937,47.46741,0,0,1.943405,511.4819,373.3763,138.1056,0,697.4743,3782.708,0,-5.684342e-14,-1.110223e-15,4.263256e-14
naive,2026-02-03 23:45:00,2879,23.75,34.71051,3213.159,50.47673,0,80.43165,0,1,2249.211,2248.894,1006.958,436.0447,1443.002,3,63.77302,0.2766099,78.95275,800,500,0,324.9685,0.1624843,0.1259371,0.3172331,0,250,0.3172331,1241.936,53.87072,47.63301,0,0,26.56093,507.5114,280.2302,227.2812,0,722.268,3918.887,0,-5.684342e-14,1.24345e-13,4.263256e-14
