controller,timestamp,step,hour,ambient_c,it_kw,dhw_demand_kw,process_demand_kw,cooling_demand_kw,grid_available,grid_roster_available,site_captured_kw,captured_kw,hp_absorbed_kw,hp_compressor_kw,hp_delivered_kw,hp_units_on,dhw_heat_kw,process_heat_kw,absorption_heat_kw,orc_heat_kw,store_charge_kw,store_discharge_kw,store_energy_kwh,store_soc,store_standing_loss_kw,buffer_charge_kw,buffer_discharge_kw,buffer_energy_kwh,buffer_standing_loss_kw,rejected_kw,absorption_cooling_kw,orc_electric_kw,fallback_dhw_kw,fallback_process_kw,fallback_cooling_kw,baseline_rejection_electric_kw,actual_rejection_electric_kw,cooling_electric_saving_kw,grid_electric_kw,diesel_electric_kw,net_cost_inr,source_balance_residual_kw,hp_balance_residual_kw,store_balance_residual_kw,buffer_balance_residual_kw
naive,2026-01-05 00:00:00,0,0,23.54316,3038.787,102.9345,0,22.25681,1,1,2127.151,1627.151,755.1298,392.0924,1147.222,3,0,0,347.2222,800,0,300,924.8426,0.4624213,0.6296853,500,0,249.9603,0.1586165,872.0214,267.9357,59.37821,0,0,0,38.28872,15.69639,22.59234,407.7888,0,748.7771,0,-5.684342e-14,1.669775e-13,7.81597e-14
naive,2026-01-05 00:15:00,1,0.25,23.24923,3042.925,110.0214,3.672383,21.06582,1,1,2130.048,2129.572,534.1634,294.6796,828.843,2,0,0,28.84296,800,0,102.9345,898.9634,0.4494817,0.5823598,0.4757993,0,250,0.3171828,1595.408,22.32463,59.68735,7.086873,3.672383,0,38.34086,28.71735,9.623505,323.3969,0,598.2053,0,0,-1.056932e-13,4.996004e-15
naive,2026-01-05 00:30:00,2,0.5,22.9735,3028.567,119.39,9.886218,18.99058,1,1,2119.997,2119.679,533.5981,294.4304,828.0285,2,0,0,28.02855,800,0,108.3141,871.7433,0.4358717,0.566064,0.3172331,0,250,0.3172331,1586.081,21.75609,59.97735,12.91209,8.050027,0,38.15994,28.54946,9.610477,322.9799,0,614.6449,0,5.684342e-14,1.398881e-14,4.263256e-14
naive,2026-01-05 00:45:00,3,0.75,22.43874,3017.34,71.69011,7.278434,17.27559,1,1,2112.138,2111.821,532.7715,294.066,826.8375,2,0,0,26.83747,800,0,115.3015,842.7807,0.4213903,0.548924,0.3172331,0,250,0.3172331,1579.049,20.94638,60.53977,0,2.758901,0,38.01848,28.42289,9.595597,322.4889,0,581.6296,0,1.136868e-13,-1.028067e-13,4.263256e-14
naive,2026-01-05 01:00:00,4,1,22.4649,2974.927,106.0252,8.307827,14.14718,1,1,2082.449,2082.131,531.9503,293.704,825.6543,2,0,0,25.65425,800,0,106.2183,816.0935,0.4080467,0.5306867,0.3172331,0,250,0.3172331,1550.181,20.01752,60.51227,5.016219,3.098568,0,37.48408,27.90326,9.580815,321.6072,0,589.1361,0,0,1.965095e-13,4.263256e-14
naive,2026-01-05 01:15:00,5,1.25,22.40795,2984.229,112.5084,3.244587,14.86582,1,1,2088.96,2088.643,530.9009,293.2414,824.1423,2,0,0,24.14231,800,0,107.8412,789.0047,0.3945023,0.5138821,0.3172331,0,250,0.3172331,1557.742,18.84878,60.57216,10.49614,0,0,37.60128,28.03935,9.561927,321.2807,0,592.5236,0,5.684342e-14,-2.842171e-14,4.263256e-14
naive,2026-01-05 01:30:00,6,1.5,22.16432,2983.32,116.3566,0.2602556,15.80333,1,1,2088.324,2088.007,530.3082,292.98,823.2882,2,0,0,23.28821,800,0,109.1599,761.5905,0.3807953,0.4968247,0.3172331,0,250,0.3172331,1557.698,18.22735,60.8284,12.59499,0,0,37.58983,28.03857,9.551257,321.0186,0,595.3316,0,5.684342e-14,-5.750955e-14,4.263256e-14
naive,2026-01-05 01:45:00,7,1.75,22.0717,2954.525,123.9472,3.758705,15.16365,1,1,2068.167,2067.85,529.9993,292.8439,822.8431,2,0,0,22.84312,800,0,110.2251,733.9143,0.3669572,0.4795624,0.3172331,0,250,0.3172331,1537.851,17.8959,60.92581,18.38628,0,0,37.22701,27.68131,9.545697,320.5252,0,604.2251,0,5.684342e-14,-1.973977e-13,4.263256e-14
naive,2026-01-05 02:00:00,8,2,21.92185,2954.536,126.92,6.864573,13.55599,1,1,2068.175,2067.858,529.6949,292.7097,822.4045,2,0,0,22.40452,800,0,112.4102,705.6962,0.3528481,0.4621351,0.3172331,0,250,0.3172331,1538.163,17.57915,61.08342,19.06085,2.313521,0,37.22715,27.68693,9.540218,320.3966,0,608.9451,0,5.684342e-14,6.555867e-14,4.263256e-14
naive,2026-01-05 02:15:00,9,2.25,21.67202,2981.987,132.5598,6.787736,9.71173,1,1,2087.391,2087.074,529.2968,292.5342,821.8309,2,0,0,21.83094,800,0,114.7852,676.8889,0.3384444,0.4443666,0.3172331,0,250,0.3172331,1557.777,17.17274,61.34617,22.58277,1.979627,0,37.57304,28.03999,9.533052,320.5741,0,614.504,0,5.684342e-14,-9.392487e-14,4.263256e-14
naive,2026-01-05 02:30:00,10,2.5,21.63224,2994.783,113.2926,9.534437,20.66053,1,1,2096.348,2096.031,528.633,292.2415,820.8745,2,0,0,20.87449,800,0,117.2414,647.472,0.323736,0.426227,0.3172331,0,250,0.3172331,1567.398,16.42701,61.38801,1.057249,4.528365,4.233519,37.73426,28.21316,9.521104,321.1758,0,582.9253,0,0,1.137979e-13,4.263256e-14
naive,2026-01-05 02:45:00,11,2.75,21.4337,3007.984,109.0763,3.393258,25.04492,1,1,2105.589,2105.272,528.9751,292.3924,821.3675,2,0,0,21.36747,800,0,117.7492,617.9327,0.3089664,0.4077036,0.3172331,0,250,0.3172331,1576.297,16.8489,61.59683,0,0,8.196024,37.9006,28.37334,9.527262,322.1567,0,575.0169,0,5.684342e-14,1.96454e-13,4.263256e-14
naive,2026-01-05 03:00:00,12,3,21.24468,2999.182,101.8974,0,18.32536,1,1,2099.427,2099.11,529.5818,292.6598,822.2416,2,0,0,22.2416,800,0,117.3092,588.5081,0.2942541,0.3891032,0.3172331,0,250,0.3172331,1569.528,17.57181,61.79563,0,0,0.7535503,37.78969,28.25151,9.538182,321.0388,0,572.5574,0,-5.684342e-14,-1.94067e-13,4.263256e-14
naive,2026-01-05 03:15:00,13,3.25,21.00797,3026.978,102.1285,0,22.63943,1,1,2118.885,2118.567,529.6332,292.6825,822.3157,2,0,0,22.31572,800,0,116.1237,559.3846,0.2796923,0.370575,0.3172331,0,250,0.3172331,1588.934,17.67263,62.04458,0,0,4.966804,38.13992,28.60081,9.539108,322.1196,0,574.439,0,-5.684342e-14,5.900835e-14,4.263256e-14
naive,2026-01-05 03:30:00,14,3.5,20.9474,3028.976,112.0682,0,14.22216,1,1,2120.283,2119.966,529.9478,292.8212,822.769,2,0,0,22.76897,800,0,115.124,530.5155,0.2652578,0.3522363,0.3172331,0,250,0.3172331,1590.018,18.0426,62.10829,1.443296,0,0,38.16509,28.62032,9.544771,321.4415,0,575.5008,0,0,-7.494005e-14,4.263256e-14
naive,2026-01-05 03:45:00,15,3.75,20.82686,3052.778,123.2317,0,16.31175,1,1,2136.945,2136.627,529.7222,292.7217,822.4438,2,0,0,22.44384,800,0,114.9203,501.7019,0.250851,0.3340578,0.3172331,0,250,0.3172331,1606.905,17.80661,62.23507,12.51062,0,0,38.465,28.92429,9.540709,321.646,0,594.8583,0,-5.684342e-14,-2.547962e-14,4.263256e-14
naive,2026-01-05 04:00:00,16,4,20.80373,3106.107,133.7557,0,12.35366,1,1,2174.275,2173.958,529.6394,292.6852,822.3247,2,0,0,22.32467,800,0,115.4398,472.763,0.2363815,0.3159143,0.3172331,0,250,0.3172331,1644.319,17.71619,62.25939,22.25265,0,0,39.13695,29.59773,9.53922,322.283,0,612.9099,0,-5.684342e-14,1.035283e-13,4.263256e-14
naive,2026-01-05 04:15:00,17,4.25,20.64356,3047.729,148.3532,0,11.37871,1,1,2133.41,2133.093,529.3604,292.5622,821.9226,2,0,0,21.92261,800,0,116.5172,443.5593,0.2217796,0.2976919,0.3172331,0,250,0.3172331,1603.733,17.42522,62.42785,35.54121,0,0,38.40138,28.86719,9.534197,321.4294,0,633.936,0,0,-5.107026e-14,4.263256e-14
naive,2026-01-05 04:30:00,18,4.5,20.5942,3038.794,171.0823,4.293672,17.19665,1,1,2127.156,2126.839,529.0635,292.4313,821.4948,2,0,0,21.49476,800,0,118.2859,413.918,0.206959,0.2793028,0.3172331,0,250,0.3172331,1597.775,17.09363,62.47977,56.29581,0.7943153,0.1030179,38.2888,28.75995,9.528852,321.2085,0,670.6077,0,0,3.408385e-14,4.263256e-14
naive,2026-01-05 04:45:00,19,4.75,20.42657,3045.547,216.0907,0,14.4903,1,1,2131.883,2131.566,529.0683,292.4334,821.5017,2,0,0,21.50166,800,0,121.2906,383.5302,0.1917651,0.2606381,0.3172331,0,250,0.3172331,1602.497,17.12795,62.65607,98.34123,0,0,38.37389,28.84495,9.528939,321.2784,0,741.7073,0,-5.684342e-14,-5.251355e-14,4.263256e-14
naive,2026-01-05 05:00:00,20,5,20.50076,3034.631,263.4344,0,16.35796,1,1,2124.241,2123.924,528.9518,292.3821,821.3339,2,0,0,21.33392,800,0,126.0306,351.9622,0.1759811,0.2415033,0.3172331,0,250,0.3172331,1594.972,16.98167,62.57804,140.7679,0,0,38.23635,28.7095,9.526843,321.0916,0,814.6075,0,0,3.558265e-14,4.263256e-14
naive,2026-01-05 05:15:00,21,5.25,20.5032,3070.639,326.6167,0.6333474,8.558485,1,1,2149.447,2149.13,528.9256,292.3705,821.2962,2,0,0,21.29616,800,0,132.5736,318.7633,0.1593817,0.2216254,0.3172331,0,250,0.3172331,1620.204,16.9512,62.57548,197.2469,0,0,38.69005,29.16368,9.526371,321.5342,0,912.922,0,0,-8.879009e-14,4.263256e-14
naive,2026-01-05 05:30:00,22,5.5,20.53874,3067.948,420.8287,0,12.91439,1,1,2147.563,2147.246,528.5892,292.2222,820.8115,2,0,0,20.81149,800,0,141.4226,283.3575,0.1416788,0.2007206,0.3172331,0,250,0.3172331,1618.657,16.5595,62.53809,282.4932,0,0,38.65614,29.13583,9.520317,321.3581,0,1059.662,0,-5.684342e-14,-3.891332e-14,4.263256e-14
naive,2026-01-05 05:45:00,23,5.75,20.59902,3117.007,517.6054,0,17.31332,1,1,2181.905,2181.588,528.4496,292.1607,820.6102,2,0,0,20.61024,800,0,153.5707,244.9202,0.1224601,0.1784261,0.3172331,0,250,0.3172331,1653.138,16.38942,62.4747,366.9876,0,0.9239001,39.27429,29.75649,9.517802,322.0715,0,1206.913,0,0,-2.128853e-14,4.263256e-14
naive,2026-01-05 06:00:00,24,6,20.4887,3136.409,591.2904,0,27.83955,1,1,2195.486,2195.169,528.4835,292.1756,820.6591,2,0,0,20.6591,800,0,168.7388,202.697,0.1013485,0.1542227,0.3172331,0,250,0.3172331,1666.686,16.44651,62.59073,425.3815,0,11.39304,39.51876,30.00034,9.518413,324.076,0,1311.52,0,0,2.051137e-14,4.263256e-14
naive,2026-01-05 06:15:00,25,6.25,20.62844,3146.346,656.9005,0,27.54607,1,1,2202.442,2202.125,664.5498,331.668,996.2178,2,172.2639,2.716617,21.23733,800,0,10.66035,200,0.1,0.1276353,0.3172331,0,250,0.3172331,1537.575,16.8831,62.44376,473.9762,0,10.66298,39.64396,27.67636,11.96761,361.1272,0,1469.614,0,0,0,4.263256e-14
naive,2026-01-05 06:30:00,26,6.5,20.9469,3146.224,691.7899,0.3588075,21.68967,1,1,2202.357,2202.039,1075.573,449.9509,1525.524,4,201.1541,2.612132,21.75753,800,500,0,324.9685,0.1624843,0.1259371,0.3172331,0,250,0.3172331,1126.467,17.2412,62.10882,490.6359,0,4.448462,39.64242,20.2764,19.36602,470.9755,0,1718.425,0,5.684342e-14,1.24345e-13,4.263256e-14
naive,2026-01-05 06:45:00,27,6.75,20.79547,3169.949,737.296,2.23448,20.09958,1,1,2218.964,2218.647,529.3908,292.5756,821.9665,2,0,0,21.96647,800,0,221.8544,269.4537,0.1347269,0.2046279,0.3172331,0,250,0.3172331,1689.256,17.43338,62.26808,517.9702,0,2.666195,39.94136,30.40661,9.534745,323.4294,0,1470.306,0,-5.684342e-14,7.727152e-14,4.263256e-14
naive,2026-01-05 07:00:00,28,7,20.64968,3183.365,761.7385,0.2456698,16.7752,1,1,2228.356,2228.038,529.4746,292.6126,822.0872,2,0,0,22.08719,800,0,240.3429,209.3256,0.1046628,0.1696711,0.3172331,0,250,0.3172331,1698.564,17.55496,62.42141,523.9138,0,0,40.1104,30.57415,9.536254,323.1867,0,1479.901,0,-5.684342e-14,-3.744227e-14,4.263256e-14
naive,2026-01-05 07:15:00,29,7.25,20.55033,3220.982,748.8783,0.5641802,11.86365,1,1,2254.688,2254.37,701.0016,342.2114,1043.213,3,218.7201,2.439807,22.05311,800,0,37.17063,200,0.1,0.1318093,0.3172331,0,250,0.3172331,1553.369,17.5454,62.52591,492.9876,0,0,40.58438,27.96064,12.62374,370.172,0,1520.406,0,0,2.553513e-15,4.263256e-14
naive,2026-01-05 07:30:00,30,7.5,20.77234,3228.921,709.7022,2.916565,18.79797,1,1,2260.245,2259.927,1130.718,465.7955,1596.514,4,272.3236,2.377286,21.81312,800,500,0,324.9685,0.1624843,0.1259371,0.3172331,0,250,0.3172331,1129.209,17.31572,62.29241,437.3786,0.5392791,1.482248,40.6844,20.32576,20.35864,486.3698,0,1658.069,0,-1.136868e-13,1.24345e-13,4.263256e-14
naive,2026-01-05 07:45:00,31,7.75,20.91297,3253.545,667.6365,0,13.82298,1,1,2277.481,2277.164,529.3265,292.5472,821.8737,2,0,0,21.8737,800,0,288.8273,252.7105,0.1263553,0.2046279,0.3172331,0,250,0.3172331,1747.837,17.3392,62.1445,381.2039,0,0,40.99466,31.46107,9.533586,324.0083,0,1235.681,0,-5.684342e-14,-7.993606e-15,4.263256e-14
naive,2026-01-05 08:00:00,32,8,21.18921,3261.654,601.5976,370.8745,13.85899,1,1,2283.158,2282.84,598.9181,312.7985,911.7166,2,87.66221,2.319848,21.7345,800,0,210.683,200,0.1,0.1591281,0.3172331,0,250,0.3172331,1683.922,17.18083,61.85396,303.2523,368.5547,0,41.09684,30.3106,10.78624,343.1091,0,1775.5,0,5.684342e-14,-5.356826e-15,4.263256e-14
naive,2026-01-05 08:15:00,33,8.25,21.42894,3269.987,509.651,376.0091,22.06055,1,1,2288.991,2288.673,1165.632,476.9983,1642.63,4,307.5347,13.48817,21.60699,800,500,0,324.9685,0.1624843,0.1259371,0.3172331,0,250,0.3172331,1123.042,17.03859,61.60183,202.1163,362.5209,5.021952,41.20183,20.21475,20.98708,498.0652,0,1900.828,0,1.705303e-13,1.24345e-13,4.263256e-14
naive,2026-01-05 08:30:00,34,8.5,21.61197,3234.473,451.766,375.1702,22.95789,1,1,2264.131,2263.814,529.2712,292.5229,821.7941,2,0,0,21.7941,800,0,337.6298,240.5099,0.1202549,0.2046279,0.3172331,0,250,0.3172331,1734.543,17.15423,61.40933,138.2867,351.0196,5.803661,40.75436,31.22177,9.532592,324.7329,0,1424.434,0,0,-7.993606e-15,4.263256e-14
naive,2026-01-05 08:45:00,35,8.75,21.81476,3247.793,386.6374,378.8115,27.77814,1,1,2273.455,2273.138,673.9325,337.7935,1011.726,3,155.5422,34.17968,22.00417,800,0,161.8881,200,0.1,0.1514456,0.3172331,0,250,0.3172331,1599.205,17.28388,61.19605,69.20708,344.6319,10.49426,40.92219,28.7857,12.1365,368.373,0,1381.773,0,5.684342e-14,1.162959e-14,4.263256e-14
naive,2026-01-05 09:00:00,36,9,21.9679,3271.502,340.5368,388.2233,31.7532,1,1,2290.052,2289.734,1196.346,489.1329,1685.479,4,319.3528,43.75279,22.37352,800,500,0,324.9685,0.1624843,0.1259371,0.3172331,0,250,0.3172331,1093.388,17.54658,61.03499,21.18405,344.4705,14.20662,41.22093,19.68099,21.53994,511.2492,0,1584.588,0,0,1.24345e-13,4.263256e-14
naive,2026-01-05 09:15:00,37,9.25,22.26549,3256.469,271.1197,389.9493,38.81103,1,1,2279.529,2279.211,530.0111,292.849,822.8601,2,0,0,22.86009,800,0,372.9881,231.6703,0.1158352,0.2046279,0.3172331,0,250,0.3172331,1749.2,17.87376,60.722,0,336.8865,20.93727,41.03151,31.48561,9.545909,327.944,0,1168.705,0,0,-6.483702e-14,4.263256e-14
naive,2026-01-05 09:30:00,38,9.5,22.30997,3242.792,209.5891,394.3555,45.80459,1,1,2269.955,2269.637,722.6647,354.9275,1077.592,3,192.1055,61.92824,23.55849,800,0,126.5355,200,0.1,0.1458794,0.3172331,0,250,0.3172331,1546.973,18.41144,60.67521,0,332.4273,27.39315,40.85918,27.84551,13.01367,387.4993,0,1280.176,0,-5.684342e-14,-3.580469e-15,4.263256e-14
naive,2026-01-05 09:45:00,39,9.75,22.45622,3261.732,170.6127,401.4381,51.77024,1,1,2283.212,2282.895,1213.593,497.1533,1710.746,4,315.8447,70.45202,24.44903,800,500,0,324.9685,0.1624843,0.1259371,0.3172331,0,250,0.3172331,1069.302,19.0788,60.5214,0,330.9861,32.69144,41.09782,19.24744,21.85038,522.0568,0,1546.978,0,5.684342e-14,1.24345e-13,4.263256e-14
naive,2026-01-05 10:00:00,40,10,22.69636,3294.959,143.4005,408.6345,49.55801,1,1,2306.471,2306.154,531.8332,293.6523,825.4855,2,0,0,25.48551,800,0,390.9406,227.1822,0.1135911,0.2046279,0.3172331,0,250,0.3172331,1774.321,19.83866,60.26883,0,329.9078,29.71935,41.51648,31.93777,9.578707,330.7556,0,1162.8,0,0,-7.993606e-15,4.263256e-14
naive,2026-01-05 10:15:00,41,10.25,23.14436,3276.613,113.6411,408.3657,58.1673,1,1,2293.629,2293.312,747.6345,365.0545,1112.689,3,199.5108,86.7732,26.40506,800,0,108.5858,200,0.1,0.1430533,0.3172331,0,250,0.3172331,1545.677,20.45983,59.79765,0,321.5925,37.70746,41.28533,27.82219,13.46313,399.4873,0,1286.449,0,-5.684342e-14,-5.52336e-15,4.263256e-14
naive,2026-01-05 10:30:00,42,10.5,23.26011,3314.018,118.2692,409.3424,63.22834,1,1,2319.813,2319.496,1222.77,502.6715,1725.441,4,303.4666,94.43016,27.54446,800,500,0,324.9685,0.1624843,0.1259371,0.3172331,0,250,0.3172331,1096.726,21.31719,59.67591,0,314.9122,41.91116,41.75663,19.74106,22.01557,529.7765,0,1535.641,0,-1.705303e-13,1.24345e-13,4.263256e-14
naive,2026-01-05 10:45:00,43,10.75,23.34039,3362.706,100.535,408.2149,68.40355,1,1,2353.894,2353.577,534.121,294.6609,828.7819,2,0,0,28.78195,800,0,400.9134,224.689,0.1123445,0.2046279,0.3172331,0,250,0.3172331,1819.456,22.25642,59.59147,0,306.4612,46.14713,42.3701,32.75021,9.619889,335.532,0,1132.669,0,0,-7.993606e-15,4.263256e-14
naive,2026-01-05 11:00:00,44,11,23.49279,3375.25,68.48188,410.0678,78.34215,1,1,2362.675,2362.358,762.7373,372.1265,1134.864,3,196.031,108.7187,30.11409,800,0,98.61452,200,0.1,0.1414834,0.3172331,0,250,0.3172331,1599.621,23.24982,59.43119,0,301.3491,55.09233,42.52816,28.79317,13.73498,410.6434,0,1274.254,0,-1.136868e-13,-6.938894e-15,4.263256e-14
naive,2026-01-05 11:15:00,45,11.25,23.84748,3399.784,84.74813,416.2641,89.19468,1,1,2379.849,2379.532,1229.444,507.261,1736.705,4,289.6197,115.4154,31.66979,800,500,0,324.9685,0.1624843,0.1259371,0.3172331,0,250,0.3172331,1150.088,24.36104,59.05814,0,300.8487,64.83364,42.83728,20.70158,22.1357,539.4849,0,1531.493,0,5.684342e-14,1.24345e-13,4.263256e-14
naive,2026-01-05 11:30:00,46,11.5,24.0447,3427.221,86.44426,418.8132,100.0906,1,1,2399.055,2398.738,537.3689,296.0927,833.4616,2,0,0,33.46164,800,0,407.1215,223.137,0.1115685,0.2046279,0.3172331,0,250,0.3172331,1861.369,25.68657,58.85072,0,296.8577,74.40405,43.18299,33.50464,9.67835,342.8718,0,1131.616,0,-5.684342e-14,4.884981e-14,4.263256e-14
naive,2026-01-05 11:45:00,47,11.75,24.4451,3423.924,95.48857,415.8127,110.3659,1,1,2396.747,2396.43,774.2036,378.0737,1152.277,3,188.5304,128.2717,35.47527,800,0,92.40742,200,0.1,0.1405061,0.3172331,0,250,0.3172331,1622.226,27.11868,58.4296,0,287.541,83.24726,43.14144,29.20007,13.94138,422.2435,0,1274.762,0,0,6.800116e-15,4.263256e-14
naive,2026-01-05 12:00:00,48,12,24.42636,3454.105,88.11481,421.6206,114.5305,1,1,2417.874,2417.557,1236.955,512.0645,1749.019,4,277.0743,134.2621,37.68256,800,500,0,324.9685,0.1624843,0.1259371,0.3172331,0,250,0.3172331,1180.602,28.81167,58.44931,0,287.3585,85.71886,43.52173,21.25084,22.27089,548.7238,0,1527.385,0,0,1.24345e-13,4.263256e-14
naive,2026-01-05 12:15:00,49,12.25,24.7995,3475.527,61.97752,418.7168,132.6975,1,1,2432.869,2432.552,541.8444,298.0658,839.9102,2,0,0,39.91023,800,0,413.3446,221.5812,0.1107906,0.2046279,0.3172331,0,250,0.3172331,1890.707,30.39579,58.05686,0,278.5902,102.3017,43.79164,34.03273,9.75891,350.6245,0,1116.503,0,0,-6.483702e-14,4.263256e-14
naive,2026-01-05 12:30:00,50,12.5,25.15533,3452.744,96.25226,416.2018,144.9268,1,1,2416.921,2416.604,786.7416,384.2818,1171.023,3,182.8078,145.6984,42.51725,800,0,86.18534,200,0.1,0.1395264,0.3172331,0,250,0.3172331,1629.862,32.26027,57.68262,0,270.5034,112.6665,440.8096,297.262,143.5476,702.0925,0,1805.91,0,-1.136868e-13,1.526557e-15,4.263256e-14
naive,2026-01-05 12:45:00,51,12.75,25.18634,3477.778,105.4886,415.0138,153.4607,1,1,2434.444,2434.127,1244.977,516.9654,1761.942,4,265.6061,151.0024,45.33394,800,500,0,324.9685,0.1624843,0.1259371,0.3172331,0,250,0.3172331,1189.15,34.38621,57.65001,0,264.0114,119.0745,444.282,217.0179,227.2641,755.7142,0,1901.992,0,2.273737e-13,1.24345e-13,4.263256e-14
naive,2026-01-05 13:00:00,52,13,25.41974,3506.772,102.0412,410.0815,154.0487,1,1,2454.741,2454.423,547.6363,300.6191,848.2554,2,0,0,48.25543,800,0,418.6064,220.2658,0.1101329,0.2046279,0.3172331,0,250,0.3172331,1906.787,36.51209,57.40453,0,254.002,117.5366,450.0949,349.6236,100.4713,671.7939,0,1717.161,0,5.684342e-14,-7.993606e-15,4.263256e-14
naive,2026-01-05 13:15:00,53,13.25,25.7852,3482.518,104.9611,420.6543,159.6922,1,1,2437.763,2437.446,799.9326,390.6006,1190.533,3,178.5746,160.872,51.08663,800,0,80.9243,200,0.1,0.1386981,0.3172331,0,250,0.3172331,1637.513,38.50494,57.02016,0,259.7823,121.1873,450.3011,302.4798,147.8213,715.466,0,1814.909,0,0,-1.19349e-15,4.263256e-14
naive,2026-01-05 13:30:00,54,13.5,25.99506,3509.851,122.4732,410.0474,171.3836,1,1,2456.895,2456.578,1254.183,522.0907,1776.274,4,256.6371,165.6828,53.95372,800,500,0,324.9685,0.1624843,0.1259371,0.3172331,0,250,0.3172331,1202.395,40.57533,56.79944,0,244.3646,130.8082,455.7788,223.0564,232.7224,769.4134,0,1896.456,0,1.136868e-13,1.24345e-13,4.263256e-14
naive,2026-01-05 13:45:00,55,13.75,26.31584,3503.378,121.0677,412.2826,181.2895,1,1,2452.364,2452.047,553.7014,303.2929,856.9943,2,0,0,56.99432,800,0,424.3235,218.8365,0.1094182,0.2046279,0.3172331,0,250,0.3172331,1898.346,42.71572,56.46206,0,242.1568,138.5738,457.9358,354.4826,103.4532,683.6517,0,1721.504,0,5.684342e-14,4.884981e-14,4.263256e-14
naive,2026-01-05 14:00:00,56,14,26.80518,3470.894,112.5693,415.1591,199.9439,1,1,2429.625,2429.308,814.1297,397.0929,1211.223,3,176.6123,174.45,60.16028,800,0,75.20812,200,0.1,0.1377981,0.3172331,0,250,0.3172331,1615.179,44.85301,55.9474,0,240.7091,155.0909,458.2962,304.6684,153.6278,731.0158,0,1814.314,0,-1.136868e-13,4.912737e-15,4.263256e-14
naive,2026-01-05 14:15:00,57,14.25,27.00771,3450.712,109.4566,408.7247,212.4729,1,1,2415.499,2415.181,1264.286,527.4084,1791.695,4,249.3774,178.673,63.64425,800,500,0,324.9685,0.1624843,0.1259371,0.3172331,0,250,0.3172331,1150.895,47.34739,55.73438,0,230.0517,165.1256,457.5543,218.0076,239.5467,776.6948,0,1887.528,0,2.273737e-13,1.24345e-13,4.263256e-14
naive,2026-01-05 14:30:00,58,14.5,27.12793,3436.364,89.7286,414.1253,217.7927,1,1,2405.455,2405.137,560.8488,306.4438,867.2927,2,0,0,67.29267,800,0,429.6044,217.5163,0.1087581,0.2046279,0.3172331,0,250,0.3172331,1844.289,49.99688,55.60795,0,231.4859,167.7958,456.796,350.2305,106.5655,688.5388,0,1713.832,0,-5.684342e-14,-7.993606e-15,4.263256e-14
naive,2026-01-05 14:45:00,59,14.75,27.17446,3457.22,99.62943,417.4548,218.9855,1,1,2420.054,2419.737,828.2782,403.5967,1231.875,3,174.3719,186.5629,70.94021,800,0,69.9281,200,0.1,0.1369668,0.3172331,0,250,0.3172331,1591.458,52.68051,55.55901,0,230.8919,166.305,460.0155,302.5121,157.5034,737.7209,0,1811.226,0,0,-6.383782e-15,4.263256e-14
naive,2026-01-05 15:00:00,60,15,27.39586,3446.62,103.214,417.4597,219.8637,1,1,2412.634,2412.317,1274.15,532.6477,1806.798,4,241.8888,190.4111,74.49791,800,500,0,324.9685,0.1624843,0.1259371,0.3172331,0,250,0.3172331,1138.167,55.19052,55.32615,0,227.0486,164.6732,460.738,217.3544,243.3836,781.4496,0,1892.316,0,0,1.24345e-13,4.263256e-14
naive,2026-01-05 15:15:00,61,15.25,27.49441,3437.511,118.1624,411.238,222.311,1,1,2406.258,2405.94,568.2563,309.7094,877.9657,2,0,0,77.96575,800,0,433.7486,216.4802,0.1082401,0.2046279,0.3172331,0,250,0.3172331,1837.684,57.69814,55.22251,0,217.1048,164.6128,460.4735,351.6685,108.8051,692.879,0,1698.139,0,-5.684342e-14,-7.993606e-15,4.263256e-14
naive,2026-01-05 15:30:00,62,15.5,27.58335,3406.04,115.6598,413.0649,220.1049,1,1,2384.228,2383.911,841.2661,409.6198,1250.886,3,171.872,197.6349,81.37912,800,0,65.78451,200,0.1,0.1363144,0.3172331,0,250,0.3172331,1542.645,60.16628,55.12896,0,215.43,159.9386,457.1137,295.762,161.3517,736.0459,0,1781.689,0,0,-3.358425e-15,4.263256e-14
naive,2026-01-05 15:45:00,63,15.75,27.66935,3408.842,120.3988,395.6413,217.7563,1,1,2386.189,2385.872,1283.789,537.6309,1821.42,4,235.72,201.0544,84.64549,800,500,0,324.9685,0.1624843,0.1259371,0.3172331,0,250,0.3172331,1102.083,62.52298,55.03851,0,194.5869,155.2333,458.321,211.6797,246.6413,779.1266,0,1831.997,0,0,1.24345e-13,4.263256e-14
naive,2026-01-05 16:00:00,64,16,27.8404,3376.933,114.7262,403.1458,220.975,1,1,2363.853,2363.536,575.0599,312.7088,887.7686,2,0,0,87.76865,800,0,438.013,215.4141,0.1077071,0.2046279,0.3172331,0,250,0.3172331,1788.476,64.70979,54.85861,0,199.051,156.2652,455.6776,344.7628,110.9149,687.5946,0,1656.836,0,0,4.884981e-14,4.263256e-14
naive,2026-01-05 16:15:00,65,16.25,27.77335,3361.764,140.4399,399.7869,218.9055,1,1,2353.235,2352.918,853.4435,415.1439,1268.587,3,170.5636,207.1571,90.86662,800,0,61.52082,200,0.1,0.1356431,0.3172331,0,250,0.3172331,1499.474,67.04259,54.92913,0,192.6297,151.8629,452.9868,288.6418,164.345,733.0186,0,1736.528,0,1.136868e-13,3.469447e-15,4.263256e-14
naive,2026-01-05 16:30:00,66,16.5,27.63407,3377.115,171.95,396.3054,213.0748,1,1,2363.98,2363.663,1292.526,542.08,1834.606,4,230.6959,210.0758,93.83391,800,500,0,324.9685,0.1624843,0.1259371,0.3172331,0,250,0.3172331,1071.138,69.33645,55.07562,0,186.2296,143.7383,453.717,205.5827,248.1344,775.2503,0,1809.787,0,0,1.24345e-13,4.263256e-14
naive,2026-01-05 16:45:00,67,16.75,27.36587,3386.917,206.0983,389.7707,201.1167,1,1,2370.842,2370.525,581.1909,315.4116,896.6025,2,0,0,96.60247,800,0,442.6744,214.2488,0.1071244,0.2046279,0.3172331,0,250,0.3172331,1789.334,71.58949,55.35769,0,176.9154,129.5273,452.472,341.492,110.98,681.6237,0,1606.149,0,5.684342e-14,-7.993606e-15,4.263256e-14
naive,2026-01-05 17:00:00,68,17,27.56001,3361.934,269.576,389.5211,196.5108,1,1,2353.354,2353.037,866.4812,420.6481,1287.129,3,172.6101,215.457,99.06221,800,0,56.86013,200,0.1,0.1349093,0.3172331,0,250,0.3172331,1486.555,73.25848,55.15351,40.10574,174.0641,123.2523,450.9724,284.8681,166.1043,729.135,0,1765.665,0,0,-1.332268e-15,4.263256e-14
naive,2026-01-05 17:15:00,69,17.25,27.5907,3349.78,328.9866,380.0964,185.4051,1,1,2344.846,2344.528,1302.741,546.6603,1849.402,4,230.0515,217.9797,101.3704,800,500,0,324.9685,0.1624843,0.1259371,0.3172331,0,250,0.3172331,1041.787,74.94052,55.12123,98.93515,162.1167,110.4646,449.6329,199.7666,249.8663,767.6088,0,1923.521,0,0,1.24345e-13,4.263256e-14
naive,2026-01-05 17:30:00,70,17.5,27.79304,3350.404,381.0753,376.1469,185.0083,1,1,2345.283,2344.965,585.9161,317.4947,903.4108,2,0,0,103.4108,800,0,451.7605,211.9772,0.1059886,0.2046279,0.3172331,0,250,0.3172331,1759.049,76.28157,54.90842,149.6105,155.8512,108.7268,451.6442,338.75,112.8942,677.1828,0,1819.515,0,5.684342e-14,-7.993606e-15,4.263256e-14
naive,2026-01-05 17:45:00,71,17.75,27.77998,3333.973,424.4743,373.418,166.1182,1,1,2333.781,2333.464,885.9966,427.6828,1313.679,3,185.7966,222.4907,105.3921,800,0,47.77547,200,0.1,0.133479,0.3172331,0,250,0.3172331,1447.467,77.75412,54.92215,190.9022,150.9272,88.36408,449.3051,278.6698,170.6352,723.3647,0,1974.598,0,-5.684342e-14,-6.938894e-16,4.263256e-14
naive,2026-01-05 18:00:00,72,18,27.65674,3346.626,490.5841,3.910083,154.3594,1,1,2342.638,2342.321,1316.014,551.7774,1867.791,4,236.2234,224.5869,106.981,800,500,0,324.9685,0.1624843,0.1259371,0.3172331,0,250,0.3172331,1026.307,79.03183,55.05177,254.3607,0,75.3276,449.8362,197.0726,252.7635,763.3145,0,1903.468,0,0,1.24345e-13,4.263256e-14
naive,2026-01-05 18:15:00,73,18.25,27.67877,3356.431,603.5391,0,145.9532,1,1,2349.501,2349.184,589.3217,318.9961,908.3178,2,0,0,108.3178,800,0,461.2718,209.5994,0.1047997,0.2046279,0.3172331,0,250,0.3172331,1759.863,80.00025,55.02861,363.8313,0,65.95293,451.3641,338.0882,113.2759,669.7545,0,1905.211,0,5.684342e-14,-7.993606e-15,4.263256e-14
naive,2026-01-05 18:30:00,74,18.5,27.61311,3326.111,641.1633,0,137.5698,1,1,2328.278,2327.96,902.0763,432.3254,1334.402,3,206.3588,218.5699,109.473,800,0,38.26564,200,0.1,0.1319817,0.3172331,0,250,0.3172331,1425.884,80.91097,55.09766,396.5388,0,56.65885,446.667,273.5479,173.1191,716.743,0,2055.531,0,0,-3.053113e-16,4.263256e-14
naive,2026-01-05 18:45:00,75,18.75,27.3801,3270.696,678.0435,0,117.5373,1,1,2289.487,2289.17,1322.855,553.1649,1876.02,4,249.9117,215.6556,110.4528,800,500,0,324.9685,0.1624843,0.1259371,0.3172331,0,250,0.3172331,966.3149,81.841,55.34273,428.1318,0,35.6963,437.0761,184.475,252.6011,744.4545,0,2165.176,0,0,1.24345e-13,4.263256e-14
naive,2026-01-05 19:00:00,76,19,27.18337,3249.29,720.0768,3.85831,110.9595,0,0,2274.503,2274.186,591.2264,319.8358,911.0622,2,0,0,111.0622,800,0,468.363,207.8266,0.1039133,0.2046279,0.3172331,0,250,0.3172331,1682.959,82.46737,55.54964,464.5319,0,28.49208,432.429,319.9646,112.4644,0,645.2173,4287.519,0,0,-6.483702e-14,4.263256e-14
naive,2026-01-05 19:15:00,77,19.25,27.31928,3265.532,724.2456,0,97.74117,0,0,2285.873,2285.555,916.3093,435.7399,1352.049,3,230.4023,210.1043,111.5426,800,0,31.17557,200,0.1,0.1308654,0.3172331,0,250,0.3172331,1369.246,82.70278,55.40669,462.6677,0,15.03838,435.8295,261.0635,174.766,0,699.6706,4583.957,0,1.136868e-13,7.771561e-16,4.263256e-14
naive,2026-01-05 19:30:00,78,19.5,27.25468,3270.251,738.0839,0,89.57574,0,0,2289.176,2288.858,1331.729,554.9837,1886.713,4,267.5095,207.4106,111.793,800,500,0,324.9685,0.1624843,0.1259371,0.3172331,0,250,0.3172331,957.129,82.94623,55.47464,470.5744,0,6.629516,435.8686,182.2414,253.6273,0,738.4874,4811.012,0,2.273737e-13,1.24345e-13,4.263256e-14
naive,2026-01-05 19:45:00,79,19.75,27.18451,3272.654,707.9466,0,82.79643,0,0,2290.858,2290.54,591.8093,320.0927,911.9021,2,0,0,111.9021,800,0,478.2513,205.3545,0.1026773,0.2046279,0.3172331,0,250,0.3172331,1698.731,83.08995,55.54844,434.4805,0,0,435.5488,322.9709,112.5779,0,643.0636,4223.837,0,5.684342e-14,-7.993606e-15,4.263256e-14
naive,2026-01-05 20:00:00,80,20,27.01104,3270.377,687.7879,0,76.95806,0,0,2289.264,2288.947,932.2153,439.5156,1371.731,3,257.6083,202.2254,111.8973,800,0,21.28882,200,0.1,0.1293087,0.3172331,0,250,0.3172331,1356.731,83.2417,55.73089,408.8908,0,0,433.6724,257.0158,176.6566,0,696.5314,4473.562,0,-1.705303e-13,-1.665335e-16,4.263256e-14
naive,2026-01-05 20:15:00,81,20.25,26.77256,3226.52,655.081,0,67.5065,0,0,2258.564,2258.247,1339.164,556.3061,1895.47,4,283.9452,199.7287,111.7964,800,500,0,324.9685,0.1624843,0.1259371,0.3172331,0,250,0.3172331,919.0829,83.37993,55.9817,371.1358,0,0,425.7411,173.2478,252.4933,0,729.554,4589.777,0,0,1.24345e-13,4.263256e-14
naive,2026-01-05 20:30:00,82,20.5,26.72979,3208.39,610.3516,0,58.55117,0,0,2245.873,2245.556,591.5612,319.9834,911.5446,2,0,0,111.5446,800,0,485.7642,203.4763,0.1017381,0.2046279,0.3172331,0,250,0.3172331,1653.995,83.23027,56.02668,321.8804,0,0,422.9737,311.503,111.4707,0,631.4864,3965.389,0,0,-6.483702e-14,4.263256e-14
naive,2026-01-05 20:45:00,83,20.75,26.54521,3211.513,567.2631,1.38167,54.39238,0,0,2248.059,2247.742,942.9095,441.7363,1384.646,3,278.5722,194.916,111.1576,800,0,13.77706,200,0.1,0.128126,0.3172331,0,250,0.3172331,1304.832,83.10567,56.22082,274.9138,0,0,421.7725,244.8078,176.9647,0,686.544,4186.97,0,-1.136868e-13,-4.718448e-16,4.263256e-14
naive,2026-01-05 21:00:00,84,21,26.26591,3192.211,502.4106,1.951517,54.22381,0,0,2234.548,2234.23,1342.541,556.4057,1898.947,4,295.6221,192.612,110.7126,800,500,0,324.9685,0.1624843,0.1259371,0.3172331,0,250,0.3172331,891.6895,83.02033,56.51457,206.7886,0,0,416.8349,166.3367,250.4982,0,722.7424,4268.215,0,0,1.24345e-13,4.263256e-14
naive,2026-01-05 21:15:00,85,21.25,26.06028,3189.989,435.8063,4.884406,51.12141,0,0,2232.992,2232.675,590.6776,319.5938,910.2714,2,0,0,110.2714,800,0,488.4238,202.8114,0.1014057,0.2046279,0.3172331,0,250,0.3172331,1641.997,82.87091,56.73084,137.7514,0,0,414.7945,305.013,109.7816,0,624.6068,3609.136,0,0,-7.993606e-15,4.263256e-14
naive,2026-01-05 21:30:00,86,21.5,25.74632,3140.771,386.7977,0,46.31209,0,0,2198.54,2198.223,945.048,441.4934,1386.541,3,288.5388,188.2122,109.7905,800,0,11.11788,200,0.1,0.1277074,0.3172331,0,250,0.3172331,1253.175,82.78528,57.06105,87.14101,0,0,405.7915,231.3024,174.4891,0,672.7959,3786.502,0,0,7.21645e-16,4.263256e-14
naive,2026-01-05 21:45:00,87,21.75,25.56909,3094.851,326.0259,0,44.75611,0,0,2166.396,2166.078,1340.878,555.0735,1895.951,4,300.6583,186.0488,109.2443,800,500,0,324.9685,0.1624843,0.1259371,0.3172331,0,250,0.3172331,825.2005,82.52833,57.24745,25.36758,0,0,398.4249,151.7638,246.6611,0,706.8373,3866.961,0,0,1.24345e-13,4.263256e-14
naive,2026-01-05 22:00:00,88,22,25.50695,3135.449,285.1091,0,42.39023,0,0,2194.814,2194.497,589.5766,319.1084,908.685,2,0,0,108.685,800,0,484.8812,203.6971,0.1018485,0.2046279,0.3172331,0,250,0.3172331,1604.92,82.15983,57.3128,0,0,0,403.1446,294.7926,108.352,0,613.9011,3311.979,0,-1.136868e-13,-7.993606e-15,4.263256e-14
naive,2026-01-05 22:15:00,89,22.25,25.1814,3136.555,232.1625,0,33.2704,0,0,2195.589,2195.271,937.5862,438.493,1376.079,3,286.1086,181.8679,108.1026,800,0,14.66002,200,0.1,0.1282651,0.3172331,0,250,0.3172331,1257.685,82.00114,57.6552,0,0,0,400.6515,229.5027,171.1488,0,667.9956,3609.114,0,0,-7.771561e-16,4.263256e-14
naive,2026-01-05 22:30:00,90,22.5,25.14709,3132.61,199.5793,4.396487,34.46029,0,0,2192.827,2192.51,1334.785,552.4651,1887.25,4,300.0063,179.8472,107.3969,800,500,0,324.9685,0.1624843,0.1259371,0.3172331,0,250,0.3172331,857.7245,81.49527,57.69129,0,0,0,399.8722,156.41,243.4621,0,708.8751,3833.91,0,0,1.24345e-13,4.263256e-14
naive,2026-01-05 22:45:00,91,22.75,24.83363,3149.385,166.0386,16.58183,36.62437,0,0,2204.569,2204.252,588.2149,318.5082,906.7231,2,0,0,106.7231,800,0,476.8219,205.7119,0.1028559,0.2046279,0.3172331,0,250,0.3172331,1616.037,81.25161,58.02097,0,0,0,39.68225,29.08867,10.59358,0,347.5968,1846.509,0,5.684342e-14,-7.993606e-15,4.263256e-14
naive,2026-01-05 23:00:00,92,23,24.62534,3180.588,146.3198,12.98179,41.60304,1,1,2226.411,2226.094,923.4037,433.593,1356.997,3,274.7405,176.1655,106.0907,800,0,22.71805,200,0.1,0.1295338,0.3172331,0,250,0.3172331,1302.69,80.94692,58.24004,0,0,0,40.07541,23.44843,16.62698,457.0414,0,848.5628,0,-1.136868e-13,1.137979e-15,4.263256e-14
naive,2026-01-05 23:15:00,93,23.25,24.28615,3220.811,125.0137,6.823676,26.48812,1,1,2254.568,2254.251,1326.482,549.3011,1875.783,4,295.8334,174.4108,105.5391,800,500,0,324.9685,0.1624843,0.1259371,0.3172331,0,250,0.3172331,927.7685,80.81246,58.59678,0,0,0,40.58222,16.69983,23.88239,566.0009,0,1066.081,0,0,1.24345e-13,4.263256e-14
naive,2026-01-05 23:30:00,94,23.5,24.02749,3123.677,114.8433,13.75469,38.10617,1,1,2186.574,2186.257,586.8703,317.9154,904.7856,2,0,0,104.7856,800,0,466.6441,208.2563,0.1041282,0.2046279,0.3172331,0,250,0.3172331,1599.386,80.45234,58.86882,0,0,0,39.35833,28.78895,10.56938,346.7043,0,627.1812,0,5.684342e-14,-7.993606e-15,4.263256e-14
naive,2026-01-05 23:45:00,95,23.75,23.80433,3113.501,72.29638,16.69324,37.70741,1,1,2179.451,2179.133,906.438,427.9581,1334.396,3,259.236,170.9556,104.2045,800,0,32.89417,200,0.1,0.131136,0.3172331,0,250,0.3172331,1272.695,80.19217,59.10353,0,0,0,39.23011,22.90852,16.32159,450.8666,0,835.2417,0,0,-7.494005e-16,4.263256e-14
naive,2026-01-06 00:00:00,96,0,23.51939,3120.675,95.35975,4.932123,30.68816,1,1,2184.473,2184.155,1002.4,429.377,1431.777,3,102.9345,0,28.84296,800,500,0,324.9685,0.1624843,0.1259371,0.3172331,0,250,0.3172331,1181.755,22.26229,59.40321,0,4.932123,8.425869,39.32051,21.27159,18.04892,452.1365,0,845.9523,0,5.684342e-14,1.24345e-13,4.263256e-14
naive,2026-01-06 00:15:00,97,0.25,23.2024,3054.094,79.9328,0.9081864,27.16847,1,1,2137.866,2137.549,533.0346,294.182,827.2166,2,0,0,27.21661,800,0,113.6938,296.4939,0.148247,0.2046279,0.3172331,0,250,0.3172331,1604.514,21.07602,59.73661,0,0,6.09245,38.48159,28.88126,9.600333,324.1325,0,581.0614,0,0,-9.325873e-14,4.263256e-14
naive,2026-01-06 00:30:00,98,0.5,22.89294,3003.625,86.64325,0,24.23964,1,1,2102.537,2102.22,531.1254,293.3403,824.4657,2,0,0,24.46571,800,0,129.2763,264.1282,0.1320641,0.1866979,0.3172331,0,250,0.3172331,1571.095,19.00634,60.06207,0,0,5.233294,37.84567,28.27971,9.565967,322.533,0,577.4963,0,-5.684342e-14,-1.161293e-13,4.263256e-14
naive,2026-01-06 00:45:00,99,0.75,22.57004,3002.261,75.80271,0,17.90727,1,1,2101.583,2101.266,529.5073,292.627,822.1343,2,0,0,22.13429,800,0,78.96854,244.3445,0.1221722,0.1663176,0.3172331,0,250,0.3172331,1571.758,17.25234,60.40169,4.112601,0,0.6549229,37.82849,28.29165,9.536842,321.0322,0,581.2067,0,-5.684342e-14,-8.881784e-16,4.263256e-14
naive,2026-01-06 01:00:00,100,1,22.15615,3051.399,109.4782,0,24.33838,1,1,2135.979,2135.662,526.7288,291.4021,818.1309,2,0,0,18.13088,800,0,114.3331,215.7227,0.1078614,0.1538601,0.3172331,0,250,0.3172331,1608.933,14.19196,60.837,3.452975,0,10.14642,38.44763,28.9608,9.486829,322.1084,0,581.7316,0,-5.684342e-14,-2.622902e-14,4.263256e-14
naive,2026-01-06 01:15:00,101,1.25,21.92091,3067.38,119.3664,0,21.39698,1,1,2147.166,2146.849,568.2504,303.7882,872.0387,2,49.75331,3.244587,19.04077,800,0,62.75509,200,0.1,0.1358374,0.3172331,0,250,0.3172331,1578.598,14.94001,61.08441,6.858032,0,6.45697,38.64899,28.41477,10.23422,333.3089,0,609.7279,0,-5.684342e-14,4.996004e-16,4.263256e-14
naive,2026-01-06 01:30:00,102,1.5,21.77904,3109.707,137.4351,0,14.13787,1,1,2176.795,2176.477,1007,429.808,1436.808,3,116.3566,0.2602556,20.19116,800,500,0,324.9685,0.1624843,0.1259371,0.3172331,0,250,0.3172331,1169.477,15.86556,61.23362,21.07853,0,0,39.1823,21.05059,18.13171,450.8586,0,869.1899,0,-5.684342e-14,1.24345e-13,4.263256e-14
naive,2026-01-06 01:45:00,103,1.75,21.7097,3097.769,118.2607,0.2684165,12.67597,1,1,2168.438,2168.121,527.5788,291.7768,819.3555,2,0,0,19.35555,800,0,127.7059,292.9909,0.1464954,0.2046279,0.3172331,0,250,0.3172331,1640.542,15.2197,61.30655,0,0,0,39.03188,29.52976,9.502128,321.3065,0,573.6432,0,5.684342e-14,9.148238e-14,4.263256e-14
naive,2026-01-06 02:00:00,104,2,21.61284,3107.338,113.7578,6.275314,18.28029,1,1,2175.137,2174.819,526.1362,291.1408,817.277,2,0,0,17.27703,800,0,133.7846,259.4986,0.1297493,0.1844921,0.3172331,0,250,0.3172331,1648.683,13.5987,61.40842,0,0,4.681589,39.15246,29.6763,9.476162,321.6143,0,574.1442,0,0,-1.124933e-13,4.263256e-14
naive,2026-01-06 02:15:00,105,2.25,21.7591,3128.728,122.958,0,17.10887,1,1,2190.11,2189.792,522.714,289.6321,812.3461,2,0,0,12.34609,800,0,139.3476,224.6209,0.1123104,0.1634025,0.3172331,0,250,0.3172331,1667.078,9.70313,61.25459,0,0,7.405744,39.42197,30.00741,9.414562,320.9041,0,572.8967,0,-5.684342e-14,2.553513e-14,4.263256e-14
naive,2026-01-06 02:30:00,106,2.5,21.63236,3120.369,110.6281,0.2084472,24.54413,1,1,2184.258,2183.941,550.5944,300.1447,850.7392,2,14.95053,9.534437,26.2542,800,0,98.34206,200,0.1,0.1414405,0.3172331,0,250,0.3172331,1633.347,20.66051,61.38789,0,0,3.883618,39.31665,29.40024,9.91641,330.2065,0,591.3516,0,5.684342e-14,7.771561e-16,4.263256e-14
naive,2026-01-06 02:45:00,107,2.75,21.41486,3102.583,139.0675,1.004542,19.95938,1,1,2171.808,2171.491,1011.551,432.6803,1444.231,3,109.0763,3.393258,31.76152,800,500,0,324.9685,0.1624843,0.1259371,0.3172331,0,250,0.3172331,1159.94,25.04971,61.61664,29.99122,0,0,39.09255,20.87893,18.21362,453.5592,0,889.5346,0,0,1.24345e-13,4.263256e-14
naive,2026-01-06 03:00:00,108,3,21.51218,3092.513,141.0579,0,17.71096,1,1,2164.759,2164.442,530.2438,292.9516,823.1954,2,0,0,23.1954,800,0,101.8974,299.443,0.1497215,0.2046279,0.3172331,0,250,0.3172331,1634.198,18.27572,61.51428,39.16043,0,0,38.96566,29.41556,9.550098,322.3672,0,643.0826,0,0,-1.074696e-13,4.263256e-14
naive,2026-01-06 03:15:00,109,3.25,21.2383,2991.863,142.087,3.136856,9.528854,1,1,2094.304,2093.987,533.986,294.6014,828.5874,2,0,0,28.58744,800,0,102.1285,273.8637,0.1369319,0.1885549,0.3172331,0,250,0.3172331,1560.001,22.58675,61.80233,39.95842,3.136856,0,37.69747,28.08001,9.617459,322.6814,0,650.1746,0,5.684342e-14,6.133982e-15,4.263256e-14
naive,2026-01-06 03:30:00,110,3.5,21.24103,3010.428,136.1442,8.279607,3.592376,1,1,2107.3,2106.983,526.6017,291.346,817.9477,2,0,0,17.94773,800,0,112.0682,245.8036,0.1229018,0.172448,0.3172331,0,250,0.3172331,1580.381,14.18,61.79946,24.07608,8.279607,0,37.9314,28.44686,9.484541,319.7929,0,625.8749,0,5.684342e-14,-3.941292e-14,4.263256e-14
naive,2026-01-06 03:45:00,111,3.75,21.00482,2972.742,156.923,5.641189,1.532696,1,1,2080.919,2080.602,528.4145,292.1452,820.5597,2,0,0,20.55968,800,0,123.2317,214.957,0.1074785,0.1547789,0.3172331,0,250,0.3172331,1552.188,16.28248,62.0479,33.69126,5.641189,0,37.45655,27.93938,9.517171,320.0846,0,638.2137,0,0,5.795364e-14,4.263256e-14
naive,2026-01-06 04:00:00,112,4,20.95417,2969.24,161.3446,8.164279,2.528299,1,1,2078.468,2078.151,582.4668,307.1636,889.6304,2,74.06321,0,15.56719,800,0,59.69245,200,0.1,0.1353552,0.3172331,0,250,0.3172331,1495.684,12.33492,62.10117,27.58897,8.164279,0,37.41242,26.92231,10.49011,334.0859,0,659.9824,0,0,6.938894e-16,4.263256e-14
naive,2026-01-06 04:15:00,113,4.25,20.61478,3005.008,157.1576,5.183241,2.42848,1,1,2103.505,2103.188,1027.59,435.0788,1462.669,3,148.3532,0,14.31552,800,500,0,324.9685,0.1624843,0.1259371,0.3172331,0,250,0.3172331,1075.598,11.38201,62.45812,8.804376,5.183241,0,37.8631,19.36077,18.50233,454.4396,0,862.7424,0,5.684342e-14,1.24345e-13,4.263256e-14
naive,2026-01-06 04:30:00,114,4.5,20.66627,3027.43,189.3743,10.0108,3.164655,1,1,2119.201,2118.884,529.1534,292.4709,821.6243,2,0,0,21.6243,800,0,175.376,281.0734,0.1405367,0.2046279,0.3172331,0,250,0.3172331,1589.731,17.18418,62.40397,18.29197,5.717125,0,38.14562,28.61515,9.530471,321.0861,0,613.3834,0,-5.684342e-14,4.884981e-14,4.263256e-14
naive,2026-01-06 04:45:00,115,4.75,20.59298,2988.098,218.2347,12.79676,10.50517,1,1,2091.669,2091.352,526.7702,291.4203,818.1905,2,0,0,18.19047,800,0,216.0907,227.0065,0.1135032,0.1769878,0.3172331,0,250,0.3172331,1564.581,14.46608,62.48105,2.144008,12.79676,0,37.65004,28.16247,9.487573,319.5828,0,594.6472,0,5.684342e-14,1.19349e-15,4.263256e-14
naive,2026-01-06 05:00:00,116,5,20.42949,3020.187,277.9989,1.95739,4.027576,1,1,2114.131,2113.813,649.2089,326.893,976.1019,2,155.5515,0,20.55036,800,0,107.8829,200,0.1,0.1429426,0.3172331,0,250,0.3172331,1464.605,16.36968,62.653,14.56447,1.95739,0,38.05435,26.36288,11.69147,353.2559,0,664.5274,0,0,-5.52336e-15,4.263256e-14
naive,2026-01-06 05:15:00,117,5.25,20.62674,3053.181,354.1679,0,5.692609,1,1,2137.227,2136.909,1163.995,474.0069,1638.002,4,326.6167,0.6333474,10.75221,800,500,0,324.9685,0.1624843,0.1259371,0.3172331,0,250,0.3172331,972.9141,8.547858,62.44554,27.55126,0,0,38.47008,17.51245,20.95763,491.5194,0,960.3135,0,1.136868e-13,1.24345e-13,4.263256e-14
naive,2026-01-06 05:30:00,118,5.5,20.71696,3067.988,427.887,3.990606,8.760069,1,1,2147.592,2147.275,525.4098,290.8206,816.2304,2,0,0,16.23042,800,0,420.8287,219.7102,0.1098551,0.2046279,0.3172331,0,250,0.3172331,1621.865,12.89125,62.35066,7.058248,3.990606,0,38.65665,29.19357,9.463087,320.0142,0,588.9431,0,5.684342e-14,4.884981e-14,4.263256e-14
naive,2026-01-06 05:45:00,119,5.75,20.72715,3093.948,507.7753,4.188295,11.58298,1,1,2165.764,2165.446,870.1066,390.5684,1260.675,3,438.903,0,21.77207,800,0,78.70238,200,0.1,0.1383483,0.3172331,0,250,0.3172331,1295.34,17.291,62.33994,0,4.188295,0,38.98375,23.31612,15.66763,413.8845,0,764.8615,0,-5.684342e-14,1.19349e-15,4.263256e-14
naive,2026-01-06 06:00:00,120,6,20.6494,3114.094,568.2039,12.44903,12.32477,1,1,2179.865,2179.548,1385.909,540.352,1926.261,4,591.2904,0,34.97034,800,500,0,324.9685,0.1624843,0.1259371,0.3172331,0,250,0.3172331,793.6395,27.7946,62.42171,0,12.44903,0,39.23758,14.28551,24.95207,554.6375,0,1060.525,0,0,1.24345e-13,4.263256e-14
naive,2026-01-06 06:15:00,121,6.25,20.67928,3076.929,641.6045,7.19274,17.15041,1,1,2153.85,2153.533,660.299,331.5823,991.8814,2,157.231,0,34.65035,800,0,499.6694,200,0.1,0.2046279,0.3172331,0,250,0.3172331,1493.234,27.53198,62.39029,0,7.19274,0,38.7693,26.87821,11.89109,358.4606,0,659.1395,0,-5.684342e-14,-7.993606e-15,4.263256e-14
naive,2026-01-06 06:30:00,122,6.5,20.70829,3086.45,732.2443,0.8127291,13.13583,1,1,2160.515,2160.198,1446.386,553.6138,2000,4,691.7899,0.3588075,27.37126,780.48,500,0,324.9685,0.1624843,0.1259371,0.3172331,0,250,0.3172331,713.8117,21.74191,60.83819,40.4544,0.4539216,0,38.88927,12.84861,26.04066,566.4624,0,1135.049,0,-2.273737e-13,1.24345e-13,4.263256e-14
naive,2026-01-06 06:45:00,123,6.75,20.86766,3094.698,755.6439,4.292843,22.00595,1,1,2166.289,2165.971,717.8133,347.3737,1065.187,3,237.6265,2.23448,25.32593,800,0,499.6694,200,0.1,0.2046279,0.3172331,0,250,0.3172331,1448.158,20.08495,62.19215,18.34793,2.058363,1.920996,38.9932,26.06685,12.92635,373.7631,0,712.7609,0,5.684342e-14,-7.993606e-15,4.263256e-14
naive,2026-01-06 07:00:00,124,7,21.04936,3081.682,745.6303,1.227619,25.48707,1,1,2157.178,2156.86,1455.426,544.5741,2000,4,761.7385,0.2456698,21.10612,716.9097,500,0,324.9685,0.1624843,0.1259371,0.3172331,0,250,0.3172331,701.4346,16.70771,55.56145,0,0.9819488,8.779355,38.8292,12.62582,26.20338,558.6793,0,1056.546,0,1.136868e-13,1.24345e-13,4.263256e-14
naive,2026-01-06 07:15:00,125,7.25,21.05283,3102.99,740.359,0,25.08805,1,1,2172.093,2171.776,718.421,346.2637,1064.685,3,249.2089,0.5641802,14.91163,800,0,499.6694,200,0.1,0.2046279,0.3172331,0,250,0.3172331,1453.355,11.80371,61.9974,0,0,13.28434,39.09768,26.16039,12.93729,374.6627,0,679.5784,0,-1.136868e-13,-7.993606e-15,4.263256e-14
naive,2026-01-06 07:30:00,126,7.5,21.0865,3104.444,728.8026,0,25.25349,1,1,2173.111,2172.794,1448.727,551.2732,2000,4,709.7022,2.916565,23.68035,763.7009,500,0,324.9685,0.1624843,0.1259371,0.3172331,0,250,0.3172331,724.0671,18.73845,59.15053,19.10035,0,6.515039,39.116,13.03321,26.08279,565.405,0,1097.214,0,2.273737e-13,1.24345e-13,4.263256e-14
naive,2026-01-06 07:45:00,127,7.75,21.13652,3126.936,681.0715,0,25.86889,1,1,2188.855,2188.538,656.6906,328.7144,985.405,2,167.967,0,17.43793,800,0,499.6694,200,0.1,0.2046279,0.3172331,0,250,0.3172331,1531.847,13.7918,61.90939,13.43501,0,12.07709,39.39939,27.57325,11.82614,358.326,0,670.1793,0,0,-7.993606e-15,4.263256e-14
naive,2026-01-06 08:00:00,128,8,21.09381,3129.237,603.3458,368.5443,24.41617,1,1,2190.466,2190.149,1452.83,547.1699,2000,4,601.5976,370.8745,17.53223,509.9957,500,0,324.9685,0.1624843,0.1259371,0.3172331,0,250,0.3172331,737.3186,13.87237,39.49553,1.748202,0,10.5438,39.42839,13.27173,26.15665,562.2197,0,1083.023,0,2.273737e-13,1.24345e-13,4.263256e-14
naive,2026-01-06 08:15:00,129,8.25,21.16415,3181.552,520.0943,372.961,32.56182,1,1,2227.087,2226.769,802.2765,411.6896,1213.966,3,9.981564,376.0091,27.97543,800,0,499.6694,200,0.1,0.2046279,0.3172331,0,250,0.3172331,1424.493,22.11981,61.88033,10.44331,0,10.44201,40.08756,25.64087,14.44669,439.0937,0,826.5868,0,0,-7.993606e-15,4.263256e-14
naive,2026-01-06 08:30:00,130,8.5,21.31176,3255.724,430.6838,378.5568,38.00497,1,1,2279.007,2278.69,1433.584,566.4165,2000,4,451.766,375.1702,29.16753,643.8963,500,0,324.9685,0.1624843,0.1259371,0.3172331,0,250,0.3172331,845.1061,23.02794,49.68068,0,3.386627,14.97703,41.02212,15.21191,25.81021,584.1644,0,1118.28,0,0,1.24345e-13,4.263256e-14
naive,2026-01-06 08:45:00,131,8.75,21.57195,3250.354,359.4845,384.3988,44.0033,1,1,2275.248,2274.931,723.1499,377.9941,1101.144,3,0,265.7795,35.36445,800,0,499.6694,200,0.1,0.2046279,0.3172331,0,250,0.3172331,1551.781,27.84683,61.45142,0,5.587218,16.15646,40.95446,27.93206,13.02241,408.6752,0,757.8556,0,-5.684342e-14,-7.993606e-15,4.263256e-14
naive,2026-01-06 09:00:00,132,9,21.92245,3264.818,294.1322,390.5506,41.93527,1,1,2285.372,2285.055,1419.94,580.0601,2000,4,340.5368,388.2233,40.48827,730.7516,500,0,324.9685,0.1624843,0.1259371,0.3172331,0,250,0.3172331,865.1152,31.76792,55.79543,0,2.327279,10.16735,41.1367,15.57207,25.56463,597.3736,0,1135.992,0,0,1.24345e-13,4.263256e-14
naive,2026-01-06 09:15:00,133,9.25,22.00274,3280.428,235.7211,390.9172,45.80065,1,1,2296.299,2295.982,660.6131,350.4248,1011.038,3,0,161.3996,49.63834,800,0,499.6694,200,0.1,0.2046279,0.3172331,0,250,0.3172331,1635.369,38.91537,60.99834,0,0.9678615,6.885283,41.33339,29.43664,11.89675,381.0425,0,695.1315,0,0,-7.993606e-15,4.263256e-14
naive,2026-01-06 09:30:00,134,9.5,22.26965,3306.225,166.9206,399.2117,59.00087,1,1,2314.358,2314.04,1379.584,582.9704,1962.554,4,209.5891,394.3555,58.6096,800,500,0,324.9685,0.1624843,0.1259371,0.3172331,0,250,0.3172331,934.4565,45.82349,60.71762,0,4.856206,13.17738,41.65844,16.82022,24.83822,602.0625,0,1144.195,0,0,1.24345e-13,4.263256e-14
naive,2026-01-06 09:45:00,135,9.75,22.41357,3315.345,134.4605,401.5597,54.07656,1,1,2320.742,2320.424,610.4245,328.2992,938.7237,2,0,72.38141,66.34231,800,0,499.6694,200,0.1,0.2046279,0.3172331,0,250,0.3172331,1710,51.79287,60.56625,0,0.1215935,2.283686,41.77335,30.78,10.99335,359.474,0,651.0208,0,-5.684342e-14,-7.993606e-15,4.263256e-14
naive,2026-01-06 10:00:00,136,10,22.89254,3275.735,108.8868,399.4502,64.39423,1,1,2293.014,2292.697,1341.6,574.099,1915.699,4,143.4005,408.6345,63.66413,800,500,0,324.9685,0.1624843,0.1259371,0.3172331,0,250,0.3172331,951.097,49.45809,60.0625,0,0,14.93614,41.27426,17.11975,24.15451,593.8246,0,1120.079,0,0,1.24345e-13,4.263256e-14
naive,2026-01-06 10:15:00,137,10.25,23.09708,3310.792,86.51085,406.7959,70.63535,1,1,2317.555,2317.237,581.7492,315.6578,897.407,2,0,22.33737,75.06958,800,0,499.6694,200,0.1,0.2046279,0.3172331,0,250,0.3172331,1735.488,58.19569,59.84737,0,0,12.43966,41.71599,31.23879,10.4772,349.0754,0,630.8225,0,5.684342e-14,-7.993606e-15,4.263256e-14
naive,2026-01-06 10:30:00,138,10.5,23.3782,3330.261,88.37847,415.3941,80.06602,1,1,2331.183,2330.865,1335.091,574.2192,1909.31,4,118.2692,409.3424,81.6989,800,500,0,324.9685,0.1624843,0.1259371,0.3172331,0,250,0.3172331,995.7742,63.15116,59.55171,0,6.051767,16.91486,41.96129,17.92394,24.03735,595.122,0,1133.688,0,2.273737e-13,1.24345e-13,4.263256e-14
naive,2026-01-06 10:45:00,139,10.75,23.47528,3325.72,90.54014,409.1339,87.33559,1,1,2328.004,2327.687,581.8414,315.6984,897.5398,2,0,9.080492,88.45933,800,0,499.6694,200,0.1,0.2046279,0.3172331,0,250,0.3172331,1745.846,68.30809,59.4496,0,0.9189571,19.0275,41.90408,31.42522,10.47886,350.4808,0,635.666,0,0,-7.993606e-15,4.263256e-14
naive,2026-01-06 11:00:00,140,11,23.5935,3346.372,80.54891,414.2882,94.18047,1,1,2342.46,2342.143,1310.653,569.3684,1880.022,4,68.48188,410.0678,101.4719,800,500,0,324.9685,0.1624843,0.1259371,0.3172331,0,250,0.3172331,1031.49,78.2604,59.32527,12.06703,4.220373,15.92007,42.16428,18.56682,23.59747,590.7506,0,1142.856,0,0,1.24345e-13,4.263256e-14
naive,2026-01-06 11:15:00,141,11.25,23.84689,3357.959,92.87066,424.0678,110.092,1,1,2350.572,2350.254,595.5539,321.7436,917.2975,2,0,1.342794,115.9547,800,0,499.6694,200,0.1,0.2046279,0.3172331,0,250,0.3172331,1754.7,89.19523,59.05876,8.122535,7.803697,20.89676,42.31029,31.58461,10.72568,357.0419,0,675.1155,0,0,-7.993606e-15,4.263256e-14
naive,2026-01-06 11:30:00,142,11.5,24.02474,3387.81,90.14238,424.531,114.1365,1,1,2371.467,2371.15,1350.74,584.904,1935.645,4,86.44426,418.8132,130.387,800,500,0,324.9685,0.1624843,0.1259371,0.3172331,0,250,0.3172331,1020.41,100.1114,58.87171,3.698124,5.717736,14.0251,42.68641,18.36737,24.31904,605.7727,0,1161.557,0,-2.273737e-13,1.24345e-13,4.263256e-14
naive,2026-01-06 11:45:00,143,11.75,24.29921,3400.105,82.83036,413.644,121.2384,1,1,2380.073,2379.756,622.4196,333.5873,956.0069,2,0,11.63181,144.375,800,0,499.6694,200,0.1,0.2046279,0.3172331,0,250,0.3172331,1757.337,110.5344,58.58304,0,0,10.70398,42.84132,31.63206,11.20926,367.1386,0,668.3713,0,0,-7.993606e-15,4.263256e-14
naive,2026-01-06 12:00:00,144,12,24.32305,3412.597,96.1605,416.6004,130.1642,1,1,2388.818,2388.5,1367.455,592.0739,1959.529,4,88.11481,421.6206,149.7936,800,500,0,324.9685,0.1624843,0.1259371,0.3172331,0,250,0.3172331,1021.045,114.6543,58.55797,8.045689,0,15.50982,42.99872,18.37882,24.6199,613.235,0,1174.471,0,-2.273737e-13,1.24345e-13,4.263256e-14
naive,2026-01-06 12:15:00,145,12.25,24.63709,3433.471,103.5339,423.9674,128.9489,1,1,2403.43,2403.112,635.07,339.1642,974.2342,2,0,0,174.2342,800,0,480.6943,204.7438,0.1023719,0.2046279,0.3172331,0,250,0.3172331,1768.042,132.9238,58.22768,41.55638,5.250566,0,43.26173,31.82476,11.43697,370.9889,0,757.2137,0,0,-6.483702e-14,4.263256e-14
naive,2026-01-06 12:30:00,146,12.5,24.74389,3454.601,132.0785,428.4412,137.672,1,1,2418.221,2417.904,995.6818,488.9314,1484.613,3,77.40606,416.2018,191.0054,800,0,18.84619,200,0.1,0.1289242,0.3172331,0,250,0.3172331,1422.222,145.5555,58.11535,35.82623,12.23947,0,43.52798,25.59999,17.92798,514.5314,0,1046.596,0,-5.684342e-14,-1.19349e-15,4.263256e-14
naive,2026-01-06 12:45:00,147,12.75,25.18941,3466.535,133.1373,425.8294,153.6461,1,1,2426.574,2426.257,1398.15,601.8503,2000,4,105.4886,415.0138,202.3188,777.1787,500,0,324.9685,0.1624843,0.1259371,0.3172331,0,250,0.3172331,1028.107,153.4557,56.00231,27.64868,10.81562,0.1903468,442.873,187.6394,255.2336,789.5244,0,1582.397,0,0,1.24345e-13,4.263256e-14
naive,2026-01-06 13:00:00,148,13,25.3653,3504.744,126.9634,424.1655,160.8845,1,1,2453.321,2453.004,664.0906,351.9579,1016.049,3,0,12.45329,203.5952,800,0,499.6694,200,0.1,0.2046279,0.3172331,0,250,0.3172331,1788.913,154.1374,57.46179,24.92221,14.08397,6.747136,449.3412,327.6507,121.6905,680.8444,0,1364.33,0,-1.136868e-13,-7.993606e-15,4.263256e-14
naive,2026-01-06 13:15:00,149,13.25,25.71617,3512.426,119.316,420.5691,169.9688,1,1,2458.698,2458.381,1398.859,601.1406,2000,4,104.9611,420.6543,211.8725,762.5121,500,0,324.9685,0.1624843,0.1259371,0.3172331,0,250,0.3172331,1059.522,159.8092,54.4174,14.35486,0,10.15966,453.5322,195.4397,258.0925,798.4544,0,1560.451,0,2.273737e-13,1.24345e-13,4.263256e-14
naive,2026-01-06 13:30:00,150,13.5,25.73429,3493.259,102.9445,415.381,183.6104,1,1,2445.281,2444.964,695.1101,365.6328,1060.743,3,0,32.85124,227.8917,800,0,499.6694,200,0.1,0.2046279,0.3172331,0,250,0.3172331,1749.854,171.859,57.0737,0,5.333537,11.75141,451.2232,322.8973,128.3259,690.6986,0,1326.39,0,5.684342e-14,-7.993606e-15,4.263256e-14
naive,2026-01-06 13:45:00,151,13.75,25.98478,3538.387,77.69962,412.1072,188.3955,1,1,2476.871,2476.554,1402.128,597.8722,2000,4,121.0677,412.2826,241.8892,724.7605,500,0,324.9685,0.1624843,0.1259371,0.3172331,0,250,0.3172331,1074.426,181.9302,51.46727,0,0,6.465302,459.3881,199.275,260.1131,798.3463,0,1538.792,0,0,1.24345e-13,4.263256e-14
naive,2026-01-06 14:00:00,152,14,26.05491,3533.801,79.96667,415.8958,194.0256,1,1,2473.661,2473.344,719.7456,376.4933,1096.239,3,0,28.05894,268.18,800,0,499.6694,200,0.1,0.2046279,0.3172331,0,250,0.3172331,1753.598,201.5536,56.7365,0,0.7366775,0,459.4501,325.7078,133.7422,702.2012,0,1341.845,0,5.684342e-14,-7.993606e-15,4.263256e-14
naive,2026-01-06 14:15:00,153,14.25,26.16979,3564.063,77.09347,413.9785,200.1772,1,1,2494.844,2494.527,1402.635,597.3648,2000,4,109.4566,408.7247,285.6056,696.2131,500,0,324.9685,0.1624843,0.1259371,0.3172331,0,250,0.3172331,1091.892,214.3875,49.27071,0,5.253801,0,464.4748,203.2817,261.1931,800.6465,0,1554.926,0,0,1.24345e-13,4.263256e-14
naive,2026-01-06 14:30:00,154,14.5,26.34222,3521.831,85.80552,406.9234,207.1942,1,1,2465.282,2464.965,720.4958,376.8241,1097.32,3,0,4.184501,293.1353,800,0,499.6694,200,0.1,0.2046279,0.3172331,0,250,0.3172331,1744.469,219.6352,56.43431,0,0,0,460.5976,325.9255,134.6721,702.7495,0,1342.01,0,0,-7.993606e-15,4.263256e-14
naive,2026-01-06 14:45:00,155,14.75,26.45956,3525.77,102.63,398.3327,216.5142,1,1,2468.039,2467.722,1402.244,597.7558,2000,4,99.62943,417.4548,294.8885,688.0273,500,0,324.9685,0.1624843,0.1259371,0.3172331,0,250,0.3172331,1065.477,220.672,48.4293,3.000614,0,0,462.2273,199.5482,262.6791,797.3039,0,1545.301,0,-2.273737e-13,1.24345e-13,4.263256e-14
naive,2026-01-06 15:00:00,156,15,26.64179,3554.846,103.9126,397.6353,222.7618,1,1,2488.392,2488.075,734.6982,383.0852,1117.783,3,0,21.00434,296.779,800,0,499.6694,200,0.1,0.2046279,0.3172331,0,250,0.3172331,1753.377,221.6541,56.11925,0.6985228,0,1.107762,467.7954,329.6191,138.1763,712.9125,0,1363.896,0,-5.684342e-14,-7.993606e-15,4.263256e-14
naive,2026-01-06 15:15:00,157,15.25,26.87441,3564.286,118.615,406.4956,220.938,1,1,2495.001,2494.683,1404.69,595.31,2000,4,118.1624,411.238,300.4021,670.1976,500,0,324.9685,0.1624843,0.1259371,0.3172331,0,250,0.3172331,1089.993,223.801,46.80876,0.4526547,0,0,471.3048,205.8994,265.4054,801.2094,0,1550.54,0,-2.273737e-13,1.24345e-13,4.263256e-14
naive,2026-01-06 15:30:00,158,15.5,27.08075,3539.862,157.5025,395.3818,218.9513,1,1,2477.903,2477.586,740.93,385.8325,1126.763,3,0,29.05524,297.7073,800,0,499.6694,200,0.1,0.2046279,0.3172331,0,250,0.3172331,1736.656,221.3019,55.65756,41.84276,0,0,470.0907,329.4664,140.6243,715.2989,0,1440.162,0,5.684342e-14,-7.993606e-15,4.263256e-14
naive,2026-01-06 15:45:00,159,15.75,27.1766,3500.455,155.0158,396.9816,221.1219,1,1,2450.319,2450.001,1403.901,596.0989,2000,4,120.3988,395.6413,294.8049,689.1549,500,0,324.9685,0.1624843,0.1259371,0.3172331,0,250,0.3172331,1046.1,218.9184,47.85902,34.61705,1.340254,2.203523,465.7892,198.8567,266.9325,795.3745,0,1598.934,0,2.273737e-13,1.24345e-13,4.263256e-14
naive,2026-01-06 16:00:00,160,16,27.09332,3465.069,157.8814,379.6957,211.6693,1,1,2425.548,2425.231,734.7932,383.1271,1117.92,3,0,18.20254,299.7178,800,0,499.6694,200,0.1,0.2046279,0.3172331,0,250,0.3172331,1690.438,222.7663,55.64435,43.15518,0,0,460.279,320.7823,139.4967,703.9094,0,1419.662,0,-1.136868e-13,-7.993606e-15,4.263256e-14
naive,2026-01-06 16:15:00,161,16.25,27.07149,3443.484,193.2019,390.3211,204.1382,1,1,2410.439,2410.121,1406.895,593.1052,2000,4,140.4399,399.7869,296.695,663.0782,500,0,324.9685,0.1624843,0.1259371,0.3172331,0,250,0.3172331,1003.227,220.5714,46.13972,52.76202,0,0,457.2034,190.2884,266.915,783.3936,0,1605.895,0,2.273737e-13,1.24345e-13,4.263256e-14
naive,2026-01-06 16:30:00,162,16.5,27.11617,3403.245,228.1638,397.5769,198.0745,1,1,2382.271,2381.954,761.8762,395.0666,1156.943,3,0,68.58601,288.3568,800,0,499.6694,200,0.1,0.2046279,0.3172331,0,250,0.3172331,1620.078,214.2695,55.62031,56.21381,1.271462,0,452.2824,307.5773,144.7051,702.644,0,1441.877,0,0,-7.993606e-15,4.263256e-14
naive,2026-01-06 16:45:00,163,16.75,26.89631,3372.816,274.5482,396.44,188.0002,1,1,2360.971,2360.654,1413.873,586.1266,2000,4,206.0983,389.7707,271.3859,632.7451,500,0,324.9685,0.1624843,0.1259371,0.3172331,0,250,0.3172331,946.7807,202.1362,44.17474,68.44986,6.66929,0,446.1898,178.928,267.2618,765.0546,0,1609.993,0,0,1.24345e-13,4.263256e-14
naive,2026-01-06 17:00:00,164,17,27.03944,3338.566,289.9599,394.8404,177.7216,1,1,2336.996,2336.679,809.218,415.9372,1225.155,3,0,159.4277,265.7275,800,0,499.6694,200,0.1,0.2046279,0.3172331,0,250,0.3172331,1527.461,197.6174,55.70102,20.38394,5.319305,0,442.9769,289.5298,153.4471,705.4669,0,1392.608,0,1.136868e-13,-7.993606e-15,4.263256e-14
naive,2026-01-06 17:15:00,165,17.25,27.03719,3307.224,309.878,391.0643,169.2385,1,1,2315.057,2314.739,1428.776,571.2243,2000,4,328.9866,380.0964,250.7934,540.1236,500,0,324.9685,0.1624843,0.1259371,0.3172331,0,250,0.3172331,885.9635,186.5157,37.60839,0,10.96794,0,438.7977,167.9262,270.8714,739.1505,0,1454.911,0,2.273737e-13,1.24345e-13,4.263256e-14
naive,2026-01-06 17:30:00,166,17.5,27.01885,3308.728,387.5849,384.2374,162.3155,1,1,2316.109,2315.792,866.9641,441.3945,1308.359,3,0,257.5528,250.8058,800,0,499.6694,200,0.1,0.2046279,0.3172331,0,250,0.3172331,1448.828,186.5617,55.72268,6.50956,8.090523,0,438.8294,274.507,164.3223,715.9015,0,1394.3,0,5.684342e-14,-7.993606e-15,4.263256e-14
naive,2026-01-06 17:45:00,167,17.75,27.14186,3256.941,460.2697,382.2476,150.2833,1,1,2279.859,2279.541,1439.904,560.0961,2000,4,424.4743,373.418,225.1656,476.9422,500,0,324.9685,0.1624843,0.1259371,0.3172331,0,250,0.3172331,839.6376,167.2677,33.14349,35.79548,8.82965,0,433.0713,159.4936,273.5777,719.5897,0,1478.871,0,2.273737e-13,1.24345e-13,4.263256e-14
naive,2026-01-06 18:00:00,168,18,27.2115,3259.209,514.086,0,144.2583,1,1,2281.446,2281.129,659.1625,349.7854,1008.948,3,0,0,208.9479,800,0,494.4942,201.2938,0.1006469,0.2046279,0.3172331,0,250,0.3172331,1621.967,155.1037,55.52006,23.50186,0,0,434.0044,308.5502,125.4542,658.3355,0,1294.752,0,-1.136868e-13,-7.993606e-15,4.263256e-14
naive,2026-01-06 18:15:00,169,18.25,27.2068,3270.275,534.9335,0,137.036,1,1,2289.192,2288.875,1116.084,480.0228,1596.107,4,598.4907,0,197.6159,800,0,5.048453,200,0.1,0.1267518,0.3172331,0,250,0.3172331,1172.791,146.6993,55.525,0,0,0,435.4351,223.0807,212.3545,703.1035,0,1343.741,0,-2.273737e-13,-3.885781e-16,4.263256e-14
naive,2026-01-06 18:30:00,170,18.5,27.028,3235.571,624.6095,0,130.8721,1,1,2264.9,2264.583,1447.741,552.2589,2000,4,641.1633,0,186.1328,672.7039,500,0,324.9685,0.1624843,0.1259371,0.3172331,0,250,0.3172331,816.8416,138.4411,46.84798,0,0,0,429.2087,154.7952,274.4136,707.0541,0,1361.404,0,-1.136868e-13,1.24345e-13,4.263256e-14
naive,2026-01-06 18:45:00,171,18.75,27.00717,3205.198,690.8645,0.8310748,127.0337,1,1,2243.638,2243.321,762.7639,374.2387,1137.003,3,178.374,0,158.6286,800,0,499.6694,200,0.1,0.2046279,0.3172331,0,250,0.3172331,1480.557,118.0106,55.73496,12.8211,0.8310748,9.02314,424.995,280.4505,144.5445,656.3984,0,1273.645,0,-1.136868e-13,-7.993606e-15,4.263256e-14
naive,2026-01-06 19:00:00,172,19,26.9761,3200.572,735.1676,6.892111,123.4011,1,0,2240.4,2240.083,1456.622,543.3777,2000,4,720.0768,3.85831,149.4337,626.6312,500,0,324.9685,0.1624843,0.1259371,0.3172331,0,250,0.3172331,783.4605,111.2072,43.68217,15.0908,3.033801,12.19382,424.107,148.3088,275.7982,693.9948,0,1370.112,0,0,1.24345e-13,4.263256e-14
naive,2026-01-06 19:15:00,173,19.25,26.77042,3192.175,722.3305,12.2196,123.3189,0,0,2234.523,2234.205,780.0418,376.3595,1156.401,3,224.5762,0,131.8251,800,0,499.6694,200,0.1,0.2046279,0.3172331,0,250,0.3172331,1454.164,98.32,55.98396,0,12.2196,24.99895,421.1905,274.0988,147.0917,0,655.1704,3561.534,0,-1.136868e-13,-7.993606e-15,4.263256e-14
naive,2026-01-06 19:30:00,174,19.5,26.80361,3206.9,731.8091,13.58953,110.11,0,0,2244.83,2244.513,1457.361,542.6385,2000,4,738.0839,0,120.7281,641.188,500,0,324.9685,0.1624843,0.1259371,0.3172331,0,250,0.3172331,787.1515,90.0114,44.84232,0,13.58953,20.09862,423.4248,148.4742,274.9506,0,694.9038,3794.965,0,0,1.24345e-13,4.263256e-14
naive,2026-01-06 19:45:00,175,19.75,26.7521,3143.683,710.962,10.3725,96.75255,0,0,2200.578,2200.261,753.2824,366.5016,1119.784,3,208.2772,0,111.5068,800,0,499.6694,200,0.1,0.2046279,0.3172331,0,250,0.3172331,1446.979,83.18216,56.00322,3.015373,10.3725,13.57039,414.6348,272.6409,141.9939,0,641.6994,3489.437,0,5.684342e-14,-7.993606e-15,4.263256e-14
naive,2026-01-06 20:00:00,176,20,26.36501,3137.725,690.8551,13.28513,87.73,0,0,2196.408,2196.09,1449.739,550.2612,2000,4,687.7879,0,103.4505,708.7616,500,0,324.9685,0.1624843,0.1259371,0.3172331,0,250,0.3172331,746.3516,77.49271,49.97685,3.067167,13.28513,10.23729,410.5551,139.5089,271.0462,0,691.6837,3776.244,0,0,1.24345e-13,4.263256e-14
naive,2026-01-06 20:15:00,177,20.25,26.24175,3166.693,674.0584,15.39239,78.17341,0,0,2216.685,2216.368,697.6568,348.2679,1045.925,3,155.4115,0,90.51318,800,0,499.6694,200,0.1,0.2046279,0.3172331,0,250,0.3172331,1518.711,67.89086,56.53999,18.9774,15.39239,10.28255,413.2978,283.1615,130.1363,0,633.3466,3479.087,0,-5.684342e-14,-7.993606e-15,4.263256e-14
naive,2026-01-06 20:30:00,178,20.5,25.92662,3155.268,617.3762,12.60682,67.50085,0,0,2208.688,2208.371,1430.902,557.9196,1988.821,4,610.3516,0,78.46982,800,500,0,324.9685,0.1624843,0.1259371,0.3172331,0,250,0.3172331,777.4688,59.05538,56.87142,7.024631,12.60682,8.445472,409.1623,144.0271,265.1352,0,703.5113,3839.196,0,0,1.24345e-13,4.263256e-14
naive,2026-01-06 20:45:00,179,20.75,25.9154,3185.43,542.6783,10.96151,62.44369,0,0,2229.801,2229.484,618.0899,323.6377,941.7276,2,67.59368,1.38167,72.75226,800,0,499.6694,200,0.1,0.2046279,0.3172331,0,250,0.3172331,1611.394,54.75894,56.88322,0,9.579843,7.684746,412.9792,298.4446,114.5346,0,623.5056,3381.812,0,-1.136868e-13,-7.993606e-15,4.263256e-14
naive,2026-01-06 21:00:00,180,21,25.84915,3217.817,466.5441,7.220993,56.27839,0,0,2252.472,2252.155,1344.155,532.5179,1876.673,4,502.4106,1.951517,72.31068,800,500,0,324.9685,0.1624843,0.1259371,0.3172331,0,250,0.3172331,907.9998,54.4649,56.9529,0,5.269476,1.813487,416.6157,167.9431,248.6727,0,700.7964,3799.398,0,-2.273737e-13,1.24345e-13,4.263256e-14
naive,2026-01-06 21:15:00,181,21.25,25.52374,3174.996,416.9557,0.3808656,46.80648,0,0,2222.497,2222.18,561.3565,306.6677,868.0242,2,0,0,68.02422,800,0,440.6907,214.7447,0.1073723,0.2046279,0.3172331,0,250,0.3172331,1660.823,51.41339,57.29515,0,0,0,408.3679,305.1643,103.2035,0,611.832,3300.619,0,0,-7.993606e-15,4.263256e-14
naive,2026-01-06 21:30:00,182,21.5,25.22052,3189.424,347.2805,6.135151,37.54803,0,0,2232.597,2232.28,811.4608,377.9128,1189.374,3,327.9542,0,61.41946,800,0,58.84349,200,0.1,0.1352216,0.3172331,0,250,0.3172331,1420.819,46.57044,57.61406,0,6.135151,0,407.7249,259.4751,148.2498,0,637.3879,3451.401,0,0,5.273559e-16,4.263256e-14
naive,2026-01-06 21:45:00,183,21.75,25.03971,3175.505,292.8034,6.432715,31.07685,0,0,2222.853,2222.536,1196.752,488.5181,1685.27,4,326.0259,0,59.24452,800,500,0,324.9685,0.1624843,0.1259371,0.3172331,0,250,0.3172331,1025.784,45.00701,57.80422,0,6.432715,0,404.4764,186.6544,217.822,0,675.1725,3659.515,0,-1.136868e-13,1.24345e-13,4.263256e-14
naive,2026-01-06 22:00:00,184,22,24.80767,3150.035,241.4202,8.720994,27.36065,0,0,2205.025,2204.707,553.064,303.0119,856.0759,2,0,0,56.07586,800,0,285.1091,253.6401,0.12682,0.2046279,0.3172331,0,250,0.3172331,1651.643,42.70393,58.04827,0,8.720994,0,39.69044,29.72958,9.960861,0,332.7415,1779.818,0,0,-7.993606e-15,4.263256e-14
naive,2026-01-06 22:15:00,185,22.25,24.79957,3121.976,193.9932,8.442943,31.75834,0,0,2185.384,2185.066,558.38,303.2425,861.6225,2,17.76191,0,43.86059,800,0,214.4006,200,0.1,0.1597134,0.3172331,0,250,0.3172331,1626.686,33.40437,58.05679,0,8.442943,0,39.3369,29.28035,10.05655,0,332.5229,1778.126,0,5.684342e-14,5.356826e-15,4.263256e-14
naive,2026-01-06 22:30:00,186,22.5,24.68161,3099.989,156.8562,14.22157,33.40931,0,0,2169.992,2169.675,1092.006,457.3827,1549.389,4,199.5793,4.396487,45.4128,800,500,0,324.9685,0.1624843,0.1259371,0.3172331,0,250,0.3172331,1077.669,34.6294,58.18085,0,9.825082,0,39.05986,19.39804,19.66182,0,476.7808,2573.789,0,1.136868e-13,1.24345e-13,4.263256e-14
naive,2026-01-06 22:45:00,187,22.75,24.42521,3064.55,119.5277,2.724595,34.113,0,0,2145.185,2144.868,547.5324,300.5733,848.1057,2,0,0,48.10572,800,0,182.6204,279.2622,0.1396311,0.2046279,0.3172331,0,250,0.3172331,1597.335,36.78155,58.45052,0,0,0,38.61333,28.75204,9.861293,0,329.3254,1745.533,0,0,2.04281e-14,4.263256e-14
naive,2026-01-06 23:00:00,188,23,24.27816,3053.622,130.6251,3.098563,27.97946,0,1,2137.535,2137.218,551.9882,302.5376,854.5258,2,0,0,54.52581,800,0,159.3016,239.3929,0.1196964,0.1758473,0.3172331,0,250,0.3172331,1585.23,41.75449,58.60518,0,0,0,38.47564,28.53414,9.941497,0,331.0718,1754.964,0,5.684342e-14,1.387779e-15,4.263256e-14
naive,2026-01-06 23:15:00,189,23.25,23.78871,3071.408,123.8174,8.412157,21.38032,1,1,2149.985,2149.668,538.154,296.4389,834.5929,2,0,0,34.59285,800,0,131.8374,206.3959,0.1031979,0.1507422,0.3172331,0,250,0.3172331,1611.514,26.62578,59.11995,0,1.58848,0,38.69974,29.00726,9.692482,325.4461,0,587.1224,0,-5.684342e-14,-3.927414e-14,4.263256e-14
naive,2026-01-06 23:30:00,190,23.5,23.60669,3092.926,107.542,12.83812,31.04883,1,1,2165.048,2164.731,627.5575,325.2186,952.7762,2,89.38985,13.75469,49.63162,800,0,25.45344,200,0.1,0.1299644,0.3172331,0,250,0.3172331,1537.174,38.27325,59.3114,0,0,0,38.97087,27.66913,11.30175,352.8877,0,639.0501,0,0,1.360023e-15,4.263256e-14
naive,2026-01-06 23:45:00,191,23.75,23.49631,3069.324,130.3341,8.791631,30.74744,1,1,2148.527,2148.21,1004.181,433.8067,1437.988,3,72.29638,16.69324,48.99832,800,500,0,324.9685,0.1624843,0.1259371,0.3172331,0,250,0.3172331,1144.029,37.82815,59.42749,58.03775,0,0,38.67349,20.59251,18.08097,454.3992,0,942.0577,0,5.684342e-14,1.24345e-13,4.263256e-14
naive,2026-01-07 00:00:00,192,0,23.24923,3072.395,119.1611,11.45024,26.39186,1,1,2150.676,2150.359,539.3726,296.9761,836.3487,2,0,0,36.34865,800,0,101.1177,299.6379,0.149819,0.2046279,0.3172331,0,250,0.3172331,1610.987,28.13408,59.68735,21.43421,8.059404,0,38.71218,28.99776,9.714417,325.9738,0,635.6759,0,-5.684342e-14,-2.220446e-14,4.263256e-14
naive,2026-01-07 00:15:00,193,0.25,22.93534,3073.183,122.8929,8.780705,20.65192,1,1,2151.228,2150.911,536.7892,295.8372,832.6263,2,0,0,32.62634,800,0,91.10748,276.8139,0.1384069,0.1886776,0.3172331,0,250,0.3172331,1614.121,25.33492,60.01748,33.55742,7.008708,0,38.7221,29.05419,9.667915,324.8914,0,652.2396,0,5.684342e-14,-8.054668e-14,4.263256e-14
naive,2026-01-07 00:30:00,194,0.5,22.79158,3003.809,116.1281,3.861197,23.77461,1,1,2102.666,2102.349,534.3406,294.7577,829.0983,2,0,0,29.09825,800,0,99.96607,251.7788,0.1258894,0.1743057,0.3172331,0,250,0.3172331,1568.009,22.62876,60.16869,19.25148,0.7717538,1.145845,37.84799,28.22415,9.62384,323.1814,0,613.2131,0,-5.684342e-14,-3.541611e-14,4.263256e-14
naive,2026-01-07 00:45:00,195,0.75,22.83156,3023.487,101.4484,1.731853,21.88591,1,1,2116.441,2116.124,529.9081,292.8036,822.7117,2,0,0,22.71172,800,0,76.79203,232.5412,0.1162706,0.1585414,0.3172331,0,250,0.3172331,1586.216,17.6549,60.12663,26.93088,0,4.23101,38.09594,28.55188,9.544055,322.0928,0,622.999,0,0,4.424239e-14,4.263256e-14
naive,2026-01-07 01:00:00,196,1,22.64449,2991.197,86.18534,2.619613,20.31497,1,1,2093.838,2093.521,532.92,294.1314,827.0514,2,0,0,27.0514,800,0,110.9953,204.7557,0.1023779,0.1464278,0.3172331,0,250,0.3172331,1560.601,21.06882,60.32338,0,0.02341721,0,37.68909,28.09082,9.59827,322.2223,0,576.6211,0,0,-4.177214e-14,4.263256e-14
naive,2026-01-07 01:15:00,197,1.25,22.29043,2967.286,81.02006,10.25202,15.6532,1,1,2077.1,2076.783,608.359,315.6915,924.0505,2,98.32937,1.013934,24.7072,800,0,18.89393,200,0.1,0.1289317,0.3172331,0,250,0.3172331,1468.424,19.31304,60.69577,0,9.238089,0,37.3878,26.43163,10.95617,342.1231,0,631.8992,0,-5.684342e-14,-1.387779e-16,4.263256e-14
naive,2026-01-07 01:30:00,198,1.5,22.27882,2996.769,102.7524,3.513147,15.15431,1,1,2097.738,2097.421,1017.079,432.5277,1449.607,3,130.8481,0.08132987,18.67767,800,500,0,324.9685,0.1624843,0.1259371,0.3172331,0,250,0.3172331,1080.342,14.60164,60.70798,0,3.431817,0.5526786,37.75929,19.44615,18.31314,452.0691,0,841.7616,0,-5.684342e-14,1.24345e-13,4.263256e-14
naive,2026-01-07 01:45:00,199,1.75,21.83968,3040.763,87.79059,0,13.64969,1,1,2128.534,2128.217,526.0334,291.0955,817.1289,2,0,0,17.12894,800,0,121.3969,294.5681,0.1472841,0.2046279,0.3172331,0,250,0.3172331,1602.184,13.45106,61.16984,0,0,0.1986301,38.31362,28.83931,9.474312,319.9688,0,571.1215,0,0,-5.062617e-14,4.263256e-14
naive,2026-01-07 02:00:00,200,2,21.72216,3007.387,88.90894,0,17.67274,1,1,2105.171,2104.853,528.977,292.3932,821.3702,2,0,0,21.37024,800,0,124.3304,263.4392,0.1317196,0.1854852,0.3172331,0,250,0.3172331,1575.876,16.80177,61.29344,0,0,0.870976,37.89307,28.36577,9.527297,320.9076,0,572.8601,0,0,4.099499e-14,4.263256e-14
naive,2026-01-07 02:15:00,201,2.25,21.47167,2988.942,82.30289,0,24.85842,1,1,2092.259,2091.942,527.2089,291.6137,818.8226,2,0,0,18.82257,800,0,128.0797,231.3778,0.1156889,0.1658838,0.3172331,0,250,0.3172331,1564.733,14.83645,61.55689,0,0,10.02197,37.66066,28.16519,9.49547,321.481,0,573.7104,0,5.684342e-14,2.214895e-14,4.263256e-14
naive,2026-01-07 02:30:00,202,2.5,21.42879,2973.108,89.26287,0,28.80113,1,1,2081.176,2080.859,534.7214,294.9256,829.6471,2,0,0,29.64707,800,0,114.5835,202.6954,0.1013477,0.1456952,0.3172331,0,250,0.3172331,1546.137,23.37878,61.60199,0,0,5.422351,37.46117,27.83047,9.630696,323.6762,0,578.0503,0,1.136868e-13,4.515832e-14,4.263256e-14
naive,2026-01-07 02:45:00,203,2.75,21.16324,2971.373,92.80473,0,9.483738,1,1,2079.961,2079.644,626.7714,321.3447,948.1161,2,119.0411,1.751016,27.32396,800,0,10.65414,200,0.1,0.1276343,0.3172331,0,250,0.3172331,1452.872,21.6049,61.88128,0,0,0,37.4393,26.1517,11.2876,347.4964,0,625.3764,0,0,3.053113e-16,4.263256e-14
naive,2026-01-07 03:00:00,204,3,21.19312,2974.218,83.44423,0,14.3109,1,1,2081.952,2081.635,1018.242,433.2814,1451.523,3,128.8202,0,22.70303,800,500,0,324.9685,0.1624843,0.1259371,0.3172331,0,250,0.3172331,1063.393,17.94572,61.84985,0,0,0,37.47514,19.14108,18.33406,452.4224,0,835.2638,0,-5.684342e-14,1.24345e-13,4.263256e-14
naive,2026-01-07 03:15:00,205,3.25,21.09921,2966.3,95.5423,3.744659,18.81338,1,1,2076.41,2076.093,526.1059,291.1275,817.2334,2,0,0,17.23338,800,0,131.7565,291.9782,0.1459891,0.2046279,0.3172331,0,250,0.3172331,1549.987,13.63516,61.94863,0,1.58807,5.178217,37.37538,27.89976,9.475617,319.9006,0,572.8484,0,5.684342e-14,1.056932e-13,4.263256e-14
naive,2026-01-07 03:30:00,206,3.5,20.75363,2941.205,93.95136,0,12.99508,1,1,2058.844,2058.526,520.2134,288.5298,808.7432,2,0,0,8.743211,800,0,134.3127,258.3541,0.129177,0.1838544,0.3172331,0,250,0.3172331,1538.313,6.941856,62.31209,0,0,6.053222,37.05918,27.68963,9.369552,317.2338,0,564.3666,0,-1.136868e-13,-9.442447e-14,4.263256e-14
naive,2026-01-07 03:45:00,207,3.75,20.3923,3005.6,117.5013,0,12.54581,1,1,2103.92,2103.603,519.5329,288.2297,807.7626,2,0,0,7.76262,800,0,150.2728,220.7452,0.1103726,0.1626818,0.3172331,0,250,0.3172331,1584.07,6.185734,62.69212,0,0,6.360081,37.87056,28.51326,9.357302,317.8018,0,565.075,0,-5.684342e-14,-1.981748e-14,4.263256e-14
naive,2026-01-07 04:00:00,208,4,20.26371,3002.449,137.3264,0,10.29438,1,1,2101.714,2101.397,577.212,305.3446,882.5566,2,69.88118,5.612942,7.062471,800,0,82.84189,200,0.1,0.139,0.3172331,0,250,0.3172331,1524.185,5.635077,62.82736,0,0,4.659299,37.83086,27.43533,10.39553,333.5537,0,596.4267,0,-5.684342e-14,4.718448e-16,4.263256e-14
naive,2026-01-07 04:15:00,209,4.25,20.35882,2994.728,158.6463,0,5.583009,1,1,2096.31,2095.993,1029.39,435.1524,1464.542,3,154.4062,3.563478,6.572784,800,500,0,324.9685,0.1624843,0.1259371,0.3172331,0,250,0.3172331,1066.602,5.23936,62.72732,4.240136,0,0.343649,37.73358,19.19884,18.53473,454.4084,0,845.5627,0,0,1.24345e-13,4.263256e-14
naive,2026-01-07 04:30:00,210,4.5,20.31376,3030.721,193.4179,2.53031,3.036129,1,1,2121.504,2121.187,520.7374,288.7608,809.4982,2,0,0,9.498212,800,0,191.8822,276.9468,0.1384734,0.2046279,0.3172331,0,250,0.3172331,1600.45,7.574728,62.77472,9.759827,0,0,38.18708,28.8081,9.378984,317.5689,0,581.3519,0,-5.684342e-14,-3.641532e-14,4.263256e-14
naive,2026-01-07 04:45:00,211,4.75,20.27506,3029.942,241.8948,2.283034,1.327374,1,1,2120.959,2120.642,524.3949,290.3732,814.768,2,0,0,14.76805,800,0,226.3624,220.3126,0.1101563,0.1743893,0.3172331,0,250,0.3172331,1596.247,11.78194,62.81542,24.33009,0,0,38.17726,28.73245,9.444818,319.1056,0,609.5133,0,-5.684342e-14,4.193867e-14,4.263256e-14
naive,2026-01-07 05:00:00,212,5,20.21146,3066.604,308.8317,0,0,1,1,2146.623,2146.305,671.3147,332.2626,1003.577,3,192.3358,1.345705,9.895733,800,0,81.11164,200,0.1,0.1387276,0.3172331,0,250,0.3172331,1474.991,7.899845,62.88231,35.38424,0,0,38.63921,26.54983,12.08937,358.8124,0,707.92,0,0,-3.913536e-15,4.263256e-14
naive,2026-01-07 05:15:00,213,5.25,20.28972,3090.399,384.557,5.019618,12.01827,1,1,2163.279,2162.962,1176.69,477.3501,1654.04,4,345.5581,0.1979211,8.283965,800,500,0,324.9685,0.1624843,0.1259371,0.3172331,0,250,0.3172331,986.2719,6.607972,62.8,38.99888,4.821696,5.410294,38.93902,17.75289,21.18613,496.002,0,996.9445,0,-1.136868e-13,1.24345e-13,4.263256e-14
naive,2026-01-07 05:30:00,214,5.5,20.33454,3116.378,466.8878,8.705356,10.72102,1,1,2181.465,2181.148,522.9294,289.7271,812.6566,2,0,0,12.65656,800,0,428.4248,217.8112,0.1089056,0.2046279,0.3172331,0,250,0.3172331,1658.218,10.09137,62.75286,41.20659,5.961814,0.6296459,39.26637,29.84793,9.41844,319.6798,0,650.1281,0,0,4.884981e-14,4.263256e-14
naive,2026-01-07 05:45:00,215,5.75,20.38096,3105.281,546.5337,6.255994,10.7986,1,1,2173.697,2173.38,869.3269,390.1251,1259.452,3,439.7397,2.879453,16.8328,800,0,71.10749,200,0.1,0.1371525,0.3172331,0,250,0.3172331,1304.053,13.41494,62.70404,35.68646,3.376541,0,39.12654,23.47295,15.65359,413.5981,0,824.0378,0,-1.705303e-13,-4.357625e-15,4.263256e-14
naive,2026-01-07 06:00:00,216,6,20.2773,3124.144,617.9887,0,12.3951,1,1,2186.901,2186.584,1370.24,535.3327,1905.573,4,575.4184,8.558709,21.59583,800,500,0,324.9685,0.1624843,0.1259371,0.3172331,0,250,0.3172331,816.3433,17.22875,62.81307,42.57029,0,0,39.36421,14.69418,24.67004,550.0268,0,1102.823,0,0,1.24345e-13,4.263256e-14
naive,2026-01-07 06:15:00,217,6.25,20.47282,3088.015,693.2741,0,15.74022,1,1,2161.61,2161.293,649.3311,327.9981,977.3291,2,146.715,4.945008,25.6691,800,0,499.6694,200,0.1,0.2046279,0.3172331,0,250,0.3172331,1511.962,20.43819,62.60743,46.88965,0,0,38.90899,27.21532,11.69367,355.2134,0,720.8781,0,5.684342e-14,-7.993606e-15,4.263256e-14
naive,2026-01-07 06:30:00,218,6.5,20.70344,3066.118,742.3149,0,20.35079,1,1,2146.283,2145.966,1449.744,550.256,2000,4,719.6023,0.6708786,19.91705,759.8097,500,0,324.9685,0.1624843,0.1259371,0.3172331,0,250,0.3172331,696.2216,15.82156,59.2318,22.71258,0,4.52923,38.63309,12.53199,26.1011,563.5463,0,1099.636,0,0,1.24345e-13,4.263256e-14
naive,2026-01-07 06:45:00,219,6.75,20.59949,3086.816,771.7336,0,17.0633,1,1,2160.771,2160.454,729.7471,351.1341,1080.881,3,250.2407,3.649605,26.99086,800,0,499.6694,200,0.1,0.2046279,0.3172331,0,250,0.3172331,1430.707,21.46324,62.4742,21.8234,0,0,38.89388,25.75272,13.14116,376.8868,0,721.1355,0,1.136868e-13,-7.993606e-15,4.263256e-14
naive,2026-01-07 07:00:00,220,7,20.98065,3097.169,787.5574,0,15.01498,1,1,2168.018,2167.701,1454.369,545.6314,2000,4,750.6641,0.9207596,28.72128,719.6938,500,0,324.9685,0.1624843,0.1259371,0.3172331,0,250,0.3172331,713.3322,22.7517,55.84223,36.89332,0,0,39.02432,12.83998,26.18434,558.4714,0,1117.761,0,2.273737e-13,1.24345e-13,4.263256e-14
naive,2026-01-07 07:15:00,221,7.25,21.16589,3149.116,779.7391,0,20.43309,1,1,2204.381,2204.064,721.5981,348.3611,1069.959,3,243.3518,0.1763063,26.43105,800,0,499.6694,200,0.1,0.2046279,0.3172331,0,250,0.3172331,1482.466,20.89832,61.87849,36.71783,0,0,39.67886,26.68439,12.99448,375.0455,0,743.816,0,0,-7.993606e-15,4.263256e-14
naive,2026-01-07 07:30:00,222,7.5,21.20584,3154.253,724.7121,2.378839,30.14863,1,1,2207.977,2207.66,1450.673,549.3273,2000,4,722.8337,0.9114265,29.3351,746.9198,500,0,324.9685,0.1624843,0.1259371,0.3172331,0,250,0.3172331,756.9868,23.18509,57.73361,1.878361,1.467412,6.963539,39.74358,13.62576,26.11782,564.1299,0,1069.081,0,2.273737e-13,1.24345e-13,4.263256e-14
naive,2026-01-07 07:45:00,223,7.75,21.07566,3125.013,675.3699,12.56095,33.87207,1,1,2187.509,2187.192,671.1445,333.9877,1005.132,3,177.2036,0,27.92858,800,0,499.6694,200,0.1,0.2046279,0.3172331,0,250,0.3172331,1516.047,22.10253,61.97339,0,12.56095,11.76954,39.37516,27.28885,12.08631,363.2607,0,678.469,0,-5.684342e-14,-7.993606e-15,4.263256e-14
naive,2026-01-07 08:00:00,224,8,21.29467,3150.072,600.8014,376.5854,42.04534,1,1,2205.05,2204.733,1453.379,546.6206,2000,4,602.7995,369.2725,26.69628,501.2317,500,0,324.9685,0.1624843,0.1259371,0.3172331,0,250,0.3172331,751.3537,21.08052,38.68447,0,7.312888,20.96482,39.69091,13.52437,26.16654,563.6937,0,1096.482,0,2.273737e-13,1.24345e-13,4.263256e-14
naive,2026-01-07 08:15:00,225,8.25,21.51138,3164.969,515.4501,379.8821,40.69288,1,1,2215.478,2215.161,812.7045,415.4327,1228.137,3,17.16134,373.9136,37.06234,800,0,499.6694,200,0.1,0.2046279,0.3172331,0,250,0.3172331,1402.456,29.20175,61.51513,0,5.968561,11.49113,39.87861,25.24421,14.63439,442.6299,0,826.3511,0,-1.136868e-13,-7.993606e-15,4.263256e-14
naive,2026-01-07 08:30:00,226,8.5,21.58837,3192.456,431.1086,380.469,39.85675,1,1,2234.719,2234.402,1432.433,567.5675,2000,4,437.272,377.4985,42.22191,643.0076,500,0,324.9685,0.1624843,0.1259371,0.3172331,0,250,0.3172331,801.9696,33.24102,49.37828,0,2.970491,6.615733,40.22495,14.43545,25.7895,583.129,0,1115.831,0,2.273737e-13,1.24345e-13,4.263256e-14
naive,2026-01-07 08:45:00,227,8.75,21.52181,3184.894,355.7095,371.0848,45.35511,1,1,2229.426,2229.109,722.6576,377.7771,1100.435,3,0,250.9531,49.48154,800,0,499.6694,200,0.1,0.2046279,0.3172331,0,250,0.3172331,1506.451,38.98282,61.50416,0,0,6.372287,40.12967,27.11612,13.01355,405.9764,0,742.7607,0,0,-7.993606e-15,4.263256e-14
naive,2026-01-07 09:00:00,228,9,21.8476,3192.144,308.4875,387.0543,44.98511,1,1,2234.501,2234.184,1416.207,583.7927,2000,4,308.6337,389.8233,49.3984,752.1447,500,0,324.9685,0.1624843,0.1259371,0.3172331,0,250,0.3172331,817.9765,38.78857,57.50288,0,0,6.196536,40.22102,14.72358,25.49744,599.5761,0,1134.461,0,0,1.24345e-13,4.263256e-14
naive,2026-01-07 09:15:00,229,9.25,21.95761,3222.275,227.6255,394.0882,47.46368,1,1,2255.592,2255.275,648.3786,345.0312,993.4098,2,0,137.7284,55.68137,800,0,499.6694,200,0.1,0.2046279,0.3172331,0,250,0.3172331,1606.897,43.67307,61.04581,0,3.473439,3.790605,40.60066,28.92414,11.67652,374.6051,0,686.5253,0,0,-7.993606e-15,4.263256e-14
naive,2026-01-07 09:30:00,230,9.5,22.09225,3266.755,195.9633,400.643,45.71334,1,1,2286.729,2286.412,1367.163,580.9843,1948.147,4,180.2545,397.6942,70.1984,800,500,0,324.9685,0.1624843,0.1259371,0.3172331,0,250,0.3172331,919.2487,54.98374,60.9042,15.70874,2.948859,0,41.16112,16.54648,24.61464,597.5307,0,1158.729,0,0,1.24345e-13,4.263256e-14
naive,2026-01-07 09:45:00,231,9.75,22.66654,3297.918,142.5244,401.8476,55.21709,1,1,2308.542,2308.225,594.6284,321.3356,915.964,2,0,47.61034,68.35367,800,0,499.6694,200,0.1,0.2046279,0.3172331,0,250,0.3172331,1713.597,53.22479,60.3002,0,0.3258534,1.992294,41.55376,30.84474,10.70902,352.5264,0,637.7772,0,1.136868e-13,-7.993606e-15,4.263256e-14
naive,2026-01-07 10:00:00,232,10,23.14857,3334.794,132.7874,414.0798,68.1219,1,1,2334.356,2334.039,1327.959,570.9079,1898.866,4,119.6723,402.3203,76.87387,800,500,0,324.9685,0.1624843,0.1259371,0.3172331,0,250,0.3172331,1006.08,59.56275,59.79322,13.11514,11.75951,8.559151,42.0184,18.10944,23.90896,590.518,0,1156.677,0,0,1.24345e-13,4.263256e-14
naive,2026-01-07 10:15:00,233,10.25,23.47959,3313.603,111.9242,414.9227,66.62281,1,1,2319.522,2319.205,575.7127,312.9966,888.7093,2,0,2.606072,86.10327,800,0,499.6694,200,0.1,0.2046279,0.3172331,0,250,0.3172331,1743.492,66.48578,59.44507,16.93514,7.636243,0.137037,41.7514,31.38286,10.36854,344.4036,0,664.3172,0,-5.684342e-14,-7.993606e-15,4.263256e-14
naive,2026-01-07 10:30:00,234,10.5,23.63049,3330.367,84.0325,412.9832,70.34147,1,1,2331.257,2330.94,1332.457,575.5026,1907.96,4,97.71932,413.503,96.73759,800,500,0,324.9685,0.1624843,0.1259371,0.3172331,0,250,0.3172331,998.4825,74.58043,59.28636,0,0,0,41.96263,17.97268,23.98994,593.4753,0,1120.253,0,0,1.24345e-13,4.263256e-14
naive,2026-01-07 10:45:00,235,10.75,23.92993,3357.516,101.7936,418.6969,88.49617,1,1,2350.261,2349.944,589.263,318.9702,908.2332,2,0,2.840814,105.3924,800,0,499.6694,200,0.1,0.2046279,0.3172331,0,250,0.3172331,1760.681,81.00046,58.97143,8.130049,9.850207,7.495708,42.3047,31.69226,10.61244,351.9968,0,668.6666,0,5.684342e-14,-7.993606e-15,4.263256e-14
naive,2026-01-07 11:00:00,236,11,23.85012,3400.453,76.29376,418.2403,94.5773,1,1,2380.317,2380,1328.956,576.4501,1905.406,4,76.77796,412.9693,115.6585,800,500,0,324.9685,0.1624843,0.1259371,0.3172331,0,250,0.3172331,1051.044,88.96443,59.05537,0,5.271041,5.612867,42.8457,18.91879,23.92691,596.3665,0,1135.388,0,0,1.24345e-13,4.263256e-14
naive,2026-01-07 11:15:00,237,11.25,24.08729,3420.285,70.56244,413.1512,99.43687,1,1,2394.199,2393.882,616.1154,330.8081,946.9234,2,0,12.29208,134.6314,800,0,499.6694,200,0.1,0.2046279,0.3172331,0,250,0.3172331,1777.767,103.3029,58.80592,0,0,0,43.09559,31.9998,11.09579,362.8079,0,659.4591,0,1.136868e-13,-7.993606e-15,4.263256e-14
naive,2026-01-07 11:30:00,238,11.5,24.21269,3426.124,62.46922,416.0582,110.9868,1,1,2398.286,2397.969,1364.16,590.5174,1954.677,4,88.98672,422.7442,142.9461,800,500,0,324.9685,0.1624843,0.1259371,0.3172331,0,250,0.3172331,1033.81,109.5394,58.67404,0,0,1.447379,43.16916,18.60857,24.56058,609.3851,0,1152.762,0,1.136868e-13,1.24345e-13,4.263256e-14
naive,2026-01-07 11:45:00,239,11.75,24.27128,3435.848,68.54751,427.511,109.6109,1,1,2405.094,2404.776,622.0192,333.4107,955.4299,2,0,1.438289,153.9916,800,0,499.6694,200,0.1,0.2046279,0.3172331,0,250,0.3172331,1782.757,117.9314,58.61242,0,13.18928,0,43.29169,32.08963,11.20205,365.5004,0,687.8133,0,0,-7.993606e-15,4.263256e-14
naive,2026-01-07 12:00:00,240,12,24.29281,3446.132,57.67223,418.1786,115.427,1,1,2412.292,2411.975,1379.027,596.5175,1975.545,4,93.64622,418.1692,163.7293,800,500,0,324.9685,0.1624843,0.1259371,0.3172331,0,250,0.3172331,1032.948,125.3606,58.58977,0,0.009391708,0,43.42126,18.59306,24.8282,615.1106,0,1164.324,0,2.273737e-13,1.24345e-13,4.263256e-14
naive,2026-01-07 12:15:00,241,12.25,24.58951,3422.928,74.20017,418.1462,126.9752,1,1,2396.049,2395.732,641.7471,342.1078,983.8548,2,0,13.20466,170.6502,800,0,499.6694,200,0.1,0.2046279,0.3172331,0,250,0.3172331,1753.985,130.2545,58.27772,0,0,0,43.12889,31.57173,11.55716,373.6795,0,681.7966,0,-5.684342e-14,-7.993606e-15,4.263256e-14
naive,2026-01-07 12:30:00,242,12.5,24.82557,3441.184,96.73399,418.5291,136.0882,1,1,2408.829,2408.511,1399.758,600.2423,2000,4,120.8828,424.6164,183.8836,770.6172,500,0,324.9685,0.1624843,0.1259371,0.3172331,0,250,0.3172331,1008.754,140.0081,55.89811,0,0,0,43.35892,18.15757,25.20135,618.3999,0,1173.914,0,-2.273737e-13,1.24345e-13,4.263256e-14
naive,2026-01-07 12:45:00,243,12.75,25.06671,3475.543,115.7566,418.2955,150.1699,1,1,2432.88,2432.563,687.4935,362.275,1049.769,3,0,47.27723,202.4913,800,0,499.6694,200,0.1,0.2046279,0.3172331,0,250,0.3172331,1745.069,153.7854,57.77582,0,0,0,442.9327,317.7092,125.2236,679.9842,0,1294.971,0,-1.136868e-13,-7.993606e-15,4.263256e-14
naive,2026-01-07 13:00:00,244,13,25.39145,3501.017,126.1977,422.2283,159.5813,1,1,2450.712,2450.395,1400.607,599.3932,2000,4,119.1752,419.7642,209.7234,751.3372,500,0,324.9685,0.1624843,0.1259371,0.3172331,0,250,0.3172331,1049.788,158.733,53.94064,7.022414,2.464097,0.8483254,449.1,192.3767,256.7233,791.9254,0,1539.532,0,-2.273737e-13,1.24345e-13,4.263256e-14
naive,2026-01-07 13:15:00,245,13.25,25.48929,3458.202,107.7402,425.2962,163.3927,1,1,2420.742,2420.424,692.4369,364.4543,1056.891,3,0,35.75633,221.1349,800,0,499.6694,200,0.1,0.2046279,0.3172331,0,250,0.3172331,1727.988,167.1969,57.33137,0,4.700464,0,444.4845,317.2845,127.2001,681.7388,0,1307.088,0,5.684342e-14,-7.993606e-15,4.263256e-14
naive,2026-01-07 13:30:00,246,13.5,25.53154,3469.161,99.84425,416.4721,174.1604,1,1,2428.413,2428.096,1400.423,599.5766,2000,4,109.0472,413.7142,238.6141,738.6244,500,0,324.9685,0.1624843,0.1259371,0.3172331,0,250,0.3172331,1027.672,180.3321,52.89192,0,2.757902,0,446.2738,188.8572,257.4167,788.4337,0,1522.121,0,0,1.24345e-13,4.263256e-14
naive,2026-01-07 13:45:00,247,13.75,25.49838,3440.231,102.8438,421.2126,181.1923,1,1,2408.162,2407.844,688.7301,362.8202,1051.55,3,0,3.744692,247.8056,800,0,499.6694,200,0.1,0.2046279,0.3172331,0,250,0.3172331,1719.114,187.3442,57.32181,11.59161,9.050663,0,442.2558,315.7132,126.5427,678.5334,0,1328.188,0,0,-7.993606e-15,4.263256e-14
naive,2026-01-07 14:00:00,248,14,25.64767,3479.595,100.926,426.9832,189.8748,1,1,2435.717,2435.399,1399.157,600.8425,2000,4,90.15498,415.6656,261.2765,732.903,500,0,324.9685,0.1624843,0.1259371,0.3172331,0,250,0.3172331,1036.242,197.2164,52.37032,10.77105,11.3176,0,448.6694,190.8802,257.7892,791.7227,0,1562.632,0,0,1.24345e-13,4.263256e-14
naive,2026-01-07 14:15:00,249,14.25,25.93078,3495.943,93.62438,417.6868,198.7838,1,1,2447.16,2446.843,703.3076,369.2467,1072.554,3,0,0,272.5543,800,0,499.5437,200.0314,0.1000157,0.2046279,0.3172331,0,250,0.3172331,1743.536,205.1117,56.86704,6.417431,5.350057,0,453.3782,323.0197,130.3585,692.2664,0,1340.856,0,-1.136868e-13,-6.483702e-14,4.263256e-14
naive,2026-01-07 14:30:00,250,14.5,26.08417,3511.277,62.57122,407.4114,207.1544,1,1,2457.894,2457.577,1399.454,600.5459,2000,4,87.03148,409.174,281.6898,722.1047,500,0,325,0.1625,0.1259569,0.3172331,0,250,0.3172331,1058.123,211.6411,51.18433,0,0,0,456.7947,196.65,260.1447,797.1959,0,1536.809,0,0,9.103829e-15,4.263256e-14
naive,2026-01-07 14:45:00,251,14.75,26.32995,3487.613,67.00658,407.3357,212.202,1,1,2441.329,2441.012,720.4577,376.8073,1097.265,3,0,6.205509,291.0595,800,0,499.7952,200,0.1,0.2046477,0.3172331,0,250,0.3172331,1720.554,218.1085,56.44722,0,3.027333,0,456.0073,321.3763,134.631,698.1836,0,1338.086,0,1.136868e-13,2.220446e-16,4.263256e-14
naive,2026-01-07 15:00:00,252,15,26.32623,3435.068,86.32364,404.8473,214.3549,1,1,2404.547,2404.23,1402.239,597.7615,2000,4,103.6943,403.8305,297.8013,694.6739,500,0,324.9685,0.1624843,0.1259371,0.3172331,0,250,0.3172331,1001.992,223.1694,49.01891,0,1.016827,0,449.1027,187.1442,261.9585,784.9057,0,1516.419,0,0,1.24345e-13,4.263256e-14
naive,2026-01-07 15:15:00,253,15.25,26.40541,3412.103,95.21204,402.7293,209.2826,1,1,2388.472,2388.155,739.385,385.1514,1124.536,3,0,26.78174,297.7546,800,0,499.6694,200,0.1,0.2046279,0.3172331,0,250,0.3172331,1648.77,222.9458,56.36786,0,0,0,446.8271,308.4462,138.3809,693.5975,0,1323.781,0,0,-7.993606e-15,4.263256e-14
naive,2026-01-07 15:30:00,254,15.5,26.43435,3407.662,139.8544,399.5399,205.6937,1,1,2385.363,2385.046,1407.426,592.5736,2000,4,144.4266,400.9077,295.5296,659.136,500,0,324.9685,0.1624843,0.1259371,0.3172331,0,250,0.3172331,977.6196,221.2113,46.41752,0,0,0,446.5115,182.9987,263.5128,775.5723,0,1498.925,0,0,1.24345e-13,4.263256e-14
naive,2026-01-07 15:45:00,255,15.75,26.38898,3372.764,96.27613,392.691,205.5228,1,1,2360.935,2360.617,748.6874,389.2523,1137.94,3,0,41.09132,296.8484,800,0,499.6694,200,0.1,0.2046279,0.3172331,0,250,0.3172331,1611.93,222.3063,56.38513,0,0,0,441.5262,301.4524,140.0739,690.7047,0,1317.976,0,1.136868e-13,-7.993606e-15,4.263256e-14
naive,2026-01-07 16:00:00,256,16,26.73649,3353.53,97.45766,397.9921,204.3937,1,1,2347.471,2347.154,1406.396,593.6041,2000,4,144.3954,387.0239,289.4274,679.1534,500,0,324.9685,0.1624843,0.1259371,0.3172331,0,250,0.3172331,940.7581,215.9441,47.55741,0,10.96823,0,442.1694,177.2011,264.9683,770.8052,0,1507.028,0,0,1.24345e-13,4.263256e-14
naive,2026-01-07 16:15:00,257,16.25,26.9354,3402.269,111.8282,400.9265,200.437,1,1,2381.588,2381.271,758.2969,393.4887,1151.786,3,0,70.32345,281.4621,800,0,499.6694,200,0.1,0.2046279,0.3172331,0,250,0.3172331,1622.974,209.5533,55.81044,0,7.647388,0,450.4521,306.9683,143.4838,700.457,0,1351.319,0,-1.136868e-13,-7.993606e-15,4.263256e-14
naive,2026-01-07 16:30:00,258,16.5,26.90853,3362.273,166.2708,390.5479,197.001,1,1,2353.591,2353.274,1414.957,585.043,2000,4,210.597,397.1796,273.3469,618.8765,500,0,324.9685,0.1624843,0.1259371,0.3172331,0,250,0.3172331,938.317,203.5701,43.19658,0,0,0,444.9081,177.3736,267.5346,762.4165,0,1476.237,0,0,1.24345e-13,4.263256e-14
naive,2026-01-07 16:45:00,259,16.75,26.86804,3372.295,227.0179,389.3738,190.033,1,1,2360.607,2360.289,796.0356,410.1257,1206.161,3,0,147.8441,258.3173,800,0,499.6694,200,0.1,0.2046279,0.3172331,0,250,0.3172331,1564.254,192.4608,55.88128,0,0,0,445.8588,295.4479,150.4109,705.5737,0,1348.281,0,1.136868e-13,-7.993606e-15,4.263256e-14
naive,2026-01-07 17:00:00,260,17,26.90638,3317.382,252.1532,388.738,180.2064,1,1,2322.167,2321.85,1423.189,576.811,2000,4,283.5899,393.1781,247.3026,575.9294,500,0,324.9685,0.1624843,0.1259371,0.3172331,0,250,0.3172331,898.6611,184.1783,40.20056,0,0,0,438.9483,169.8697,269.0786,746.6807,0,1448.136,0,0,1.24345e-13,4.263256e-14
naive,2026-01-07 17:15:00,261,17.25,26.74982,3321.511,304.3616,386.4991,179.1632,1,1,2325.058,2324.741,818.5554,420.0536,1238.609,3,0,203.8169,234.7921,800,0,499.6694,200,0.1,0.2046279,0.3172331,0,250,0.3172331,1506.185,175.1552,56.00562,0,0,4.007962,438.0686,283.7832,154.2854,704.592,0,1346.178,0,-5.684342e-14,-7.993606e-15,4.263256e-14
naive,2026-01-07 17:30:00,262,17.5,26.82511,3335.367,369.7516,376.1484,167.7164,1,1,2334.757,2334.44,1435.28,564.7198,2000,4,385.5507,381.7091,228.3378,504.4024,500,0,324.9685,0.1624843,0.1259371,0.3172331,0,250,0.3172331,899.1596,170.2028,35.26178,0,0,0,440.5836,169.6772,270.9064,734.397,0,1429.124,0,0,1.24345e-13,4.263256e-14
naive,2026-01-07 17:45:00,263,17.75,26.65949,3333.111,432.5034,366.964,161.4312,1,1,2333.178,2332.86,887.7554,450.5603,1338.316,3,0,328.9026,209.4132,800,0,499.6694,200,0.1,0.2046279,0.3172331,0,250,0.3172331,1445.105,156.3739,56.10063,0,0,5.057317,438.777,271.7662,167.0108,723.2776,0,1383.442,0,0,-7.993606e-15,4.263256e-14
naive,2026-01-07 18:00:00,264,18,26.60138,3346.199,495.1669,6.292709,153.8076,1,1,2342.339,2342.022,1430.458,569.5422,2000,4,506.7417,1.221901,198.8882,793.1483,500,0,324.9685,0.1624843,0.1259371,0.3172331,0,250,0.3172331,911.5643,148.607,55.68073,0,5.070808,5.200522,439.9711,171.2228,268.7483,741.7419,0,1429.59,0,2.273737e-13,1.24345e-13,4.263256e-14
naive,2026-01-07 18:15:00,265,18.25,26.44388,3367.551,543.0714,0,139.2877,0,1,2357.286,2356.968,689.1123,356.2433,1045.356,3,56.7033,0,188.6523,800,0,499.6694,200,0.1,0.2046279,0.3172331,0,250,0.3172331,1667.856,141.1966,56.3274,0,0,0,441.3423,312.264,129.0783,0,668.5073,3613.422,0,-1.136868e-13,-7.993606e-15,4.263256e-14
naive,2026-01-07 18:30:00,266,18.5,26.34432,3303.289,587.0886,0,126.8968,0,1,2312.302,2311.985,1445.857,554.1429,2000,4,629.7825,0,179.1227,691.0948,500,0,324.9685,0.1624843,0.1259371,0.3172331,0,250,0.3172331,866.1279,134.2068,48.74992,0,0,0,432.0344,161.8288,270.2056,0,715.9717,3883.001,0,0,1.24345e-13,4.263256e-14
naive,2026-01-07 18:45:00,267,18.75,26.12033,3288.832,620.6565,0,122.2763,0,1,2302.182,2301.865,775.8002,378.9372,1154.737,3,187.1885,0.5713639,166.9776,800,0,499.6694,200,0.1,0.2046279,0.3172331,0,250,0.3172331,1526.065,125.4064,56.66768,0,0,0,428.1725,283.8259,144.3466,0,662.7631,3581.446,0,-1.136868e-13,-7.993606e-15,4.263256e-14
naive,2026-01-07 19:00:00,268,19,25.8531,3280.317,649.9344,0,115.0905,0,0,2296.222,2295.905,1458.698,541.3023,2000,4,730.4518,5.944048,160.7065,602.8977,500,0,324.9685,0.1624843,0.1259371,0.3172331,0,250,0.3172331,837.207,121.0401,42.91784,0,0,0,424.7418,154.8617,269.8801,0,696.164,3780.619,0,-2.273737e-13,1.24345e-13,4.263256e-14
naive,2026-01-07 19:15:00,269,19.25,25.65368,3268.123,695.4482,0,104.0148,0,0,2287.686,2287.369,800.8724,385.6993,1186.572,3,223.2595,8.400976,154.9112,800,0,499.6694,200,0.1,0.2046279,0.3172331,0,250,0.3172331,1486.496,116.9224,57.15848,0,0,0,421.4528,273.8523,147.6005,0,659.5516,3563.231,0,-5.684342e-14,-7.993606e-15,4.263256e-14
naive,2026-01-07 19:30:00,270,19.5,25.47959,3284.046,705.7644,0,87.04542,0,0,2298.832,2298.515,1458.217,541.7832,2000,4,733.77,9.342803,139.2894,617.5978,500,0,324.9685,0.1624843,0.1259371,0.3172331,0,250,0.3172331,840.2984,105.3255,44.26754,0,0,0,422.0175,154.2612,267.7563,0,696.0444,3778.443,0,0,1.24345e-13,4.263256e-14
naive,2026-01-07 19:45:00,271,19.75,25.34359,3261.914,697.0173,3.411404,79.43447,0,0,2283.34,2283.022,768.5341,372.9787,1141.513,3,210.3502,7.131096,124.0314,800,0,499.6694,200,0.1,0.2046279,0.3172331,0,250,0.3172331,1514.488,93.92294,57.48462,0,0,0,418.0252,277.2668,140.7584,0,650.2455,3511.68,0,0,-7.993606e-15,4.263256e-14
naive,2026-01-07 20:00:00,272,20,25.24265,3264.376,663.1344,9.749712,70.55462,0,0,2285.063,2284.746,1450.974,549.0262,2000,4,689.8966,9.133527,112.8665,688.1033,500,0,324.9685,0.1624843,0.1259371,0.3172331,0,250,0.3172331,833.7721,85.55948,49.53551,0,0.6161849,0,417.4921,152.3342,265.1579,0,701.3604,3802.818,0,-1.136868e-13,1.24345e-13,4.263256e-14
naive,2026-01-07 20:15:00,273,20.25,25.31886,3262.859,634.8542,6.648682,59.51425,0,0,2284.001,2283.684,721.6863,357.3092,1078.995,3,168.4585,10.58227,99.95472,800,0,499.6694,200,0.1,0.2046279,0.3172331,0,250,0.3172331,1561.998,75.71062,57.51063,0,0,0,417.9381,285.8223,132.1159,0,643.1315,3472.524,0,-1.136868e-13,-7.993606e-15,4.263256e-14
naive,2026-01-07 20:30:00,274,20.5,25.28757,3234.729,606.0691,0.6590364,47.49447,0,0,2264.31,2263.993,1439.575,560.4248,2000,4,615.181,8.667188,86.20553,789.9462,500,0,324.9685,0.1624843,0.1259371,0.3172331,0,250,0.3172331,824.4177,65.31788,56.82037,0,0,0,414.0743,150.7612,263.313,0,711.1861,3847.6,0,0,1.24345e-13,4.263256e-14
naive,2026-01-07 20:45:00,275,20.75,25.10534,3220.009,532.3462,0,52.06943,0,0,2254.006,2253.689,614.4167,324.029,938.4457,2,50.69159,7.967812,79.78627,800,0,499.6694,200,0.1,0.2046279,0.3172331,0,250,0.3172331,1639.272,60.57033,57.73519,0,0,0,410.6845,298.6787,112.0058,0,622.7077,3359.94,0,-1.136868e-13,-7.993606e-15,4.263256e-14
naive,2026-01-07 21:00:00,276,21,25.0407,3174.205,496.8535,1.146572,44.53192,0,0,2221.943,2221.626,1328.67,528.6248,1857.295,4,477.7524,5.574282,73.96826,800,500,0,324.9685,0.1624843,0.1259371,0.3172331,0,250,0.3172331,892.9559,56.19179,57.80318,19.10112,0,0,404.3188,162.4879,241.8309,0,691.1126,3769.04,0,0,1.24345e-13,4.263256e-14
naive,2026-01-07 21:15:00,277,21.25,24.78132,3162.331,439.548,0,40.73666,0,0,2213.632,2213.315,558.443,305.3832,863.8262,2,0,0,63.82623,800,0,424.6347,218.7587,0.1093793,0.2046279,0.3172331,0,250,0.3172331,1654.872,48.6196,58.07598,16.70151,0,0,39.84537,29.78769,10.05768,0,335.1709,1806.915,0,5.684342e-14,-6.483702e-14,4.263256e-14
naive,2026-01-07 21:30:00,278,21.5,24.79258,3148.261,338.3838,1.356213,35.92893,0,0,2203.782,2203.465,775.1349,367.0402,1142.175,3,284.7326,4.217916,53.22454,800,0,74.89696,200,0.1,0.1377491,0.3172331,0,250,0.3172331,1428.33,40.53897,58.06414,0,0,0,39.66808,25.70995,13.95814,0,392.7501,2094.803,0,1.136868e-13,-5.412337e-15,4.263256e-14
naive,2026-01-07 21:45:00,279,21.75,24.67638,3127.316,295.1641,0,42.78637,0,0,2189.121,2188.804,1173.319,480.9047,1654.224,4,303.1854,4.422491,46.61595,800,500,0,324.9685,0.1624843,0.1259371,0.3172331,0,250,0.3172331,1015.485,35.54881,58.18635,0,0,7.237567,39.40418,18.27873,21.12546,0,500.4909,2687.24,0,-1.705303e-13,1.24345e-13,4.263256e-14
naive,2026-01-07 22:00:00,280,22,24.30458,3101.649,256.0755,0,45.06338,0,0,2171.154,2170.837,543.4284,298.7641,842.1924,2,0,0,42.19242,800,0,261.0687,259.6502,0.1298251,0.2046279,0.3172331,0,250,0.3172331,1627.409,32.30097,58.57739,1.002453,0,12.76241,39.08078,29.29336,9.787421,0,330.346,1752.733,0,-5.684342e-14,-1.216804e-13,4.263256e-14
naive,2026-01-07 22:15:00,281,22.25,24.20395,3115.102,237.0381,0,47.29089,1,0,2180.571,2180.254,543.5536,298.8193,842.3728,2,0,0,42.37285,800,0,211.7257,206.6779,0.1033389,0.1634979,0.3172331,0,250,0.3172331,1636.7,32.47321,58.68323,31.11692,0,14.81768,39.25028,29.46061,9.789675,330.9318,0,649.5216,0,0,-7.024936e-14,4.263256e-14
naive,2026-01-07 22:30:00,282,22.5,24.10469,3098.45,196.6972,0.1624172,38.43322,1,0,2168.915,2168.598,664.1775,334.9106,999.0881,2,143.6257,11.15123,44.31111,800,0,26.58146,200,0.1,0.130142,0.3172331,0,250,0.3172331,1504.421,33.99382,58.78763,26.48999,0,4.439399,39.04048,27.07957,11.9609,362.7831,0,705.1254,0,0,6.383782e-16,4.263256e-14
naive,2026-01-07 22:45:00,283,22.75,23.54453,3142.783,132.9926,0,39.28558,1,0,2199.948,2199.631,1043.172,443.6482,1486.82,3,134.0624,7.054981,45.70304,800,500,0,324.9685,0.1624843,0.1259371,0.3172331,0,250,0.3172331,1156.459,35.26647,59.37677,0,0,4.019115,39.59907,20.81626,18.78281,465.1746,0,863.5503,0,-5.684342e-14,1.24345e-13,4.263256e-14
naive,2026-01-07 23:00:00,284,23,23.23837,3153.747,96.11297,0,29.0422,1,1,2207.623,2207.306,543.3953,298.7495,842.1448,2,0,0,42.14479,800,0,141.7168,289.4882,0.1447441,0.2046279,0.3172331,0,250,0.3172331,1663.911,32.62398,59.69877,0,0,0,39.73722,29.95039,9.786826,328.6999,0,590.2386,0,5.684342e-14,-9.325873e-14,4.263256e-14
naive,2026-01-07 23:15:00,285,23.25,22.96712,3148.428,72.07647,0,25.97382,1,1,2203.9,2203.582,534.897,295.003,829.8999,2,0,0,29.89994,800,0,132.107,256.4159,0.1282079,0.1822865,0.3172331,0,250,0.3172331,1668.685,23.21022,59.98406,0,0,2.763603,39.67019,30.03634,9.633855,325.5222,0,583.5623,0,0,-1.270095e-13,4.263256e-14
naive,2026-01-07 23:30:00,286,23.5,22.50643,3110.758,83.65542,0,25.99848,1,1,2177.531,2177.213,544.1152,299.0668,843.182,2,0,0,43.18203,800,0,122.9482,225.6384,0.1128192,0.1614613,0.3172331,0,250,0.3172331,1633.098,33.67976,60.46859,0,0,0,39.19555,29.39577,9.799784,328.4626,0,588.8981,0,5.684342e-14,5.750955e-14,4.263256e-14
naive,2026-01-07 23:45:00,287,23.75,22.16119,3116.567,69.94269,0,16.4977,1,1,2181.597,2181.28,559.1863,304.5468,863.7332,2,9.785686,11.26088,42.68658,800,0,102.4116,200,0.1,0.1420812,0.3172331,0,250,0.3172331,1622.094,33.41123,60.83169,0,0,0,39.26875,29.19768,10.07106,333.7445,0,599.0534,0,0,-3.885781e-16,4.263256e-14
naive,2026-01-08 00:00:00,288,0,21.83412,3102.059,56.57593,0,15.88034,1,1,2171.441,2171.124,1018.255,435.4572,1453.712,3,110.5768,8.185502,34.94962,800,500,0,324.9685,0.1624843,0.1259371,0.3172331,0,250,0.3172331,1152.869,27.44688,61.17568,0,0,0,39.08594,20.75165,18.3343,456.2089,0,843.5951,0,-1.705303e-13,1.24345e-13,4.263256e-14
naive,2026-01-08 00:15:00,289,0.25,21.69971,3088.791,70.79669,2.722369,19.26317,1,1,2162.154,2161.837,534.2581,294.7213,828.9794,2,0,0,28.97942,800,0,115.5152,296.0386,0.1480193,0.2046279,0.3172331,0,250,0.3172331,1627.579,22.78949,61.31706,0,0,0,38.91877,29.29641,9.622356,324.0178,0,579.0538,0,5.684342e-14,7.727152e-14,4.263256e-14
naive,2026-01-08 00:30:00,290,0.5,21.53998,3048.899,87.71333,0,17.06104,1,1,2134.229,2133.912,534.93,295.0176,829.9476,2,0,0,29.94758,800,0,112.1392,267.9572,0.1339786,0.1864111,0.3172331,0,250,0.3172331,1598.982,23.58911,61.48505,0,0,0,38.41612,28.78167,9.63445,323.7992,0,578.4278,0,-5.684342e-14,-5.789813e-14,4.263256e-14
naive,2026-01-08 00:45:00,291,0.75,21.68552,3057.795,66.14469,0,16.69663,1,1,2140.457,2140.139,532.1608,293.7967,825.9575,2,0,0,25.95752,800,0,92.58266,244.7693,0.1223847,0.1687287,0.3172331,0,250,0.3172331,1607.979,20.416,61.33197,0,0,0,38.52822,28.94361,9.584604,322.7404,0,576.4822,0,-5.684342e-14,-2.775558e-15,4.263256e-14
naive,2026-01-08 01:00:00,292,1,21.43776,3056.574,73.66067,0,17.00781,1,1,2139.602,2139.285,532.4762,293.9358,826.412,2,0,0,26.41197,800,0,97.75244,220.2927,0.1101463,0.1541276,0.3172331,0,250,0.3172331,1606.809,20.82578,61.59256,0,0,0,38.51284,28.92256,9.590281,322.8584,0,576.4251,0,0,-6.317169e-14,4.263256e-14
naive,2026-01-08 01:15:00,293,1.25,21.3974,3037.997,94.32341,0,18.34456,1,1,2126.598,2126.281,545.145,297.7941,842.9391,2,14.5155,6.552134,21.87147,800,0,81.03194,200,0.1,0.1387151,0.3172331,0,250,0.3172331,1581.135,17.25267,61.635,0,0,1.091882,38.27876,28.46044,9.818321,326.4397,0,583.54,0,0,-5.134781e-15,4.263256e-14
naive,2026-01-08 01:30:00,294,1.5,21.22148,3017.887,103.0635,4.681426,13.81818,1,1,2112.521,2112.204,1005.682,429.5133,1435.196,3,113.9515,2.134197,19.11013,800,500,0,324.9685,0.1624843,0.1259371,0.3172331,0,250,0.3172331,1106.521,15.10136,61.82003,0,2.547229,0,38.02538,19.91739,18.108,449.4307,0,833.7079,0,5.684342e-14,1.24345e-13,4.263256e-14
naive,2026-01-08 01:45:00,295,1.75,21.07763,3011.468,119.9889,0,13.09684,1,1,2108.028,2107.711,526.149,291.1465,817.2955,2,0,0,17.29551,800,0,101.3498,299.5799,0.14979,0.2046279,0.3172331,0,250,0.3172331,1581.562,13.6873,61.97132,19.20231,0,0,37.9445,28.46811,9.476393,319.6146,0,602.6354,0,-5.684342e-14,7.727152e-14,4.263256e-14
naive,2026-01-08 02:00:00,296,2,20.75538,2980.556,131.0314,0,7.597871,1,1,2086.389,2086.072,529.417,292.5872,822.0042,2,0,0,22.00423,800,0,103.2199,273.7278,0.1368639,0.1886411,0.3172331,0,250,0.3172331,1556.655,17.47041,62.31025,30.41214,0,0,37.555,28.01978,9.535217,320.607,0,623.5758,0,5.684342e-14,1.048883e-13,4.263256e-14
naive,2026-01-08 02:15:00,297,2.25,20.34663,2977.467,131.4128,0,3.289004,1,1,2084.227,2083.91,532.4588,293.9281,826.387,2,0,0,26.38697,800,0,100.7911,248.4869,0.1242435,0.1723624,0.3172331,0,250,0.3172331,1551.451,21.0364,62.74015,31.50703,0,0,37.51609,27.92612,9.589969,321.8543,0,627.4755,0,0,-8.604228e-15,4.263256e-14
naive,2026-01-08 02:30:00,298,2.5,20.09992,3022.842,112.7085,0,6.711679,1,1,2115.989,2115.672,537.5606,296.1772,833.7378,2,0,0,33.73781,800,0,99.5032,223.572,0.111786,0.1564686,0.3172331,0,250,0.3172331,1578.112,26.96328,62.99962,14.50557,0,0,38.08781,28.40601,9.6818,324.5832,0,603.314,0,5.684342e-14,2.853273e-14,4.263256e-14
naive,2026-01-08 02:45:00,299,2.75,20.06381,3010.102,139.1016,9.495149,15.06368,1,1,2107.072,2106.754,537.6285,294.6189,832.2474,2,13.35135,0.7155722,18.18045,800,0,94.14717,200,0.1,0.14078,0.3172331,0,250,0.3172331,1569.126,14.53508,63.0376,31.60304,8.779577,0.5286015,37.92729,28.24427,9.683023,322.9507,0,644.644,0,0,2.858824e-15,4.263256e-14
naive,2026-01-08 03:00:00,300,3,20.14385,3073.103,138.8811,11.36221,17.70589,1,1,2151.172,2150.855,995.1232,426.3386,1421.462,3,101.5071,0,19.9548,800,500,0,324.9685,0.1624843,0.1259371,0.3172331,0,250,0.3172331,1155.731,15.94087,62.95342,37.37409,11.36221,1.765014,38.72109,20.80317,17.91793,447.4343,0,908.1162,0,5.684342e-14,1.24345e-13,4.263256e-14
naive,2026-01-08 03:15:00,301,3.25,20.10515,3034.926,130.552,0,14.03901,1,1,2124.448,2124.131,528.8767,292.349,821.2256,2,0,0,21.22564,800,0,112.1404,296.8822,0.1484411,0.2046279,0.3172331,0,250,0.3172331,1595.254,16.96265,62.99412,21.50261,0,0,38.24006,28.71457,9.52549,321.0635,0,608.3507,0,5.684342e-14,9.148238e-14,4.263256e-14
naive,2026-01-08 03:30:00,302,3.5,20.06376,3064.76,122.9316,8.28162,6.41314,1,1,2145.332,2145.015,523.4259,289.946,813.3719,2,0,0,13.37193,800,0,110.0298,269.3281,0.134664,0.1869424,0.3172331,0,250,0.3172331,1621.589,10.69072,63.03766,15.15173,6.031726,0,38.61598,29.1886,9.427377,319.1346,0,603.8933,0,-5.684342e-14,1.052769e-13,4.263256e-14
naive,2026-01-08 03:45:00,303,3.75,19.86033,3089.511,136.5475,4.745507,7.244041,1,1,2162.658,2162.341,522.9132,289.72,812.6332,2,0,0,12.63316,800,0,130.4941,236.6622,0.1183311,0.1695919,0.3172331,0,250,0.3172331,1639.428,10.10653,63.25161,7.586406,3.212575,0,38.92784,29.5097,9.418148,319.2297,0,585.9295,0,1.136868e-13,-3.438916e-14,4.263256e-14
naive,2026-01-08 04:00:00,304,4,19.98027,3112.325,138.7597,2.917213,14.23036,1,1,2178.627,2178.31,521.5168,289.1044,810.6212,2,0,0,10.62121,800,0,145.6059,200.2234,0.1001117,0.1490227,0.3172331,0,250,0.3172331,1656.793,8.496966,63.12546,0,0.6986585,5.733393,39.21529,29.82228,9.393013,319.874,0,569.937,0,5.684342e-14,-3.255729e-14,4.263256e-14
naive,2026-01-08 04:15:00,305,4.25,20.08608,3117.391,158.7091,2.651292,8.983292,1,1,2182.173,2181.856,641.1521,323.2722,964.4243,2,156.1316,1.408489,6.884249,800,0,0.76765,200,0.1,0.1260778,0.3172331,0,250,0.3172331,1540.704,5.502658,63.01418,1.809886,1.242803,3.480634,39.27912,27.73267,11.54645,351.5811,0,637.5371,0,0,0,4.263256e-14
naive,2026-01-08 04:30:00,306,4.5,19.95958,3069.492,206.5548,0,7.838015,1,1,2148.645,2148.327,1057.148,443.2259,1500.374,4,189.4057,4.793055,6.175148,800,500,0,324.9685,0.1624843,0.1259371,0.3172331,0,250,0.3172331,1091.179,4.940118,63.14722,17.14911,0,2.897896,38.6756,19.64123,19.03437,463.3458,0,885.2331,0,-5.684342e-14,1.24345e-13,4.263256e-14
naive,2026-01-08 04:45:00,307,4.75,19.91144,3100.065,250.9795,6.504351,10.48044,1,1,2170.045,2169.728,518.9684,287.9809,806.9493,2,0,0,6.949297,800,0,236.9419,265.6819,0.1328409,0.2046279,0.3172331,0,250,0.3172331,1650.76,5.559438,63.19785,18.87984,1.662113,4.921005,39.06082,29.71367,9.347141,318.5067,0,601.3506,0,0,-1.216804e-13,4.263256e-14
naive,2026-01-08 05:00:00,308,5,19.75448,3124.295,283.0827,0,7.201945,1,1,2187.007,2186.689,542.1527,294.3984,836.5511,2,31.97156,0.5318994,4.047606,800,0,262.5603,200,0.1,0.167296,0.3172331,0,250,0.3172331,1644.537,3.238085,63.36293,0,0,3.96386,39.36612,29.60166,9.764459,324.6523,0,578.0213,0,-5.684342e-14,1.684763e-14,4.263256e-14
naive,2026-01-08 05:15:00,309,5.25,19.9344,3120.327,353.8101,0,8.066212,1,1,2184.229,2183.912,1199.526,484.6596,1684.186,4,368.7417,3.083469,12.36065,800,500,0,324.9685,0.1624843,0.1259371,0.3172331,0,250,0.3172331,984.3856,9.88852,63.1737,0,0,0,39.31612,17.71894,21.59718,502.3785,0,933.6866,0,-5.684342e-14,1.24345e-13,4.263256e-14
naive,2026-01-08 05:30:00,310,5.5,19.98833,3060.349,424.4139,0,14.14598,1,1,2142.244,2141.927,523.2747,289.8793,813.154,2,0,0,13.15398,800,0,456.5708,210.7747,0.1053873,0.2046279,0.3172331,0,250,0.3172331,1618.653,10.52319,63.11698,0,0,3.622793,38.5604,29.13575,9.424654,319.6137,0,568.2209,0,5.684342e-14,-7.993606e-15,4.263256e-14
naive,2026-01-08 05:45:00,311,5.75,19.99114,3098.544,495.7907,1.594808,14.8198,1,1,2168.981,2168.664,907.833,401.2093,1309.042,3,489.2623,4.87812,14.90189,800,0,42.96595,200,0.1,0.1327217,0.3172331,0,250,0.3172331,1260.831,11.92152,63.11403,0,0,2.898289,39.04166,22.69496,16.3467,424.3833,0,777.7633,0,0,-2.442491e-15,4.263256e-14
naive,2026-01-08 06:00:00,312,6,20.07423,3082.443,568.1518,8.078019,16.43871,1,1,2157.71,2157.393,1384.044,538.3777,1922.422,4,600.9779,3.382889,18.06143,800,500,0,324.9685,0.1624843,0.1259371,0.3172331,0,250,0.3172331,773.3481,14.43842,63.02664,0,4.69513,2.000293,38.83878,13.92027,24.91851,552.629,0,1042.452,0,-2.273737e-13,1.24345e-13,4.263256e-14
naive,2026-01-08 06:15:00,313,6.25,20.17566,3087.953,637.577,0,16.09943,1,1,2161.567,2161.25,666.6746,332.3007,998.9753,2,174.8196,1.954549,22.20108,800,0,499.6694,200,0.1,0.2046279,0.3172331,0,250,0.3172331,1494.575,17.72966,62.91996,0,0,0,38.90821,26.90236,12.00585,359.203,0,647.6211,0,-5.684342e-14,-7.993606e-15,4.263256e-14
naive,2026-01-08 06:30:00,314,6.5,20.18005,3132.118,709.2776,0.8615604,18.65803,1,1,2192.483,2192.166,1451.694,548.3064,2000,4,732.9881,0.2676513,23.37823,743.366,500,0,324.9685,0.1624843,0.1259371,0.3172331,0,250,0.3172331,740.4721,18.66891,58.46141,0,0.5939091,0,39.46469,13.3285,26.13619,561.6349,0,1058.525,0,2.273737e-13,1.24345e-13,4.263256e-14
naive,2026-01-08 06:45:00,315,6.75,20.09172,3172.391,771.7851,0.6159981,20.85642,1,1,2220.674,2220.356,735.9842,352.3421,1088.326,3,263.2001,1.457987,23.66825,800,0,499.6694,200,0.1,0.2046279,0.3172331,0,250,0.3172331,1484.372,18.91723,63.00825,8.915647,0,1.939191,39.97212,26.7187,13.25343,379.3819,0,703.2589,0,0,-7.993606e-15,4.263256e-14
naive,2026-01-08 07:00:00,316,7,20.01442,3184.459,781.0966,0,17.53384,1,1,2229.121,2228.804,1457.001,542.9985,2000,4,772.7965,0.3656359,22.83111,704.0067,500,0,324.9685,0.1624843,0.1259371,0.3172331,0,250,0.3172331,771.8025,18.26226,55.51934,8.3001,0,0,40.12418,13.89244,26.23174,556.891,0,1065.64,0,0,1.24345e-13,4.263256e-14
naive,2026-01-08 07:15:00,317,7.25,19.89423,3174.171,787.7582,0,12.28318,1,1,2221.92,2221.603,738.3058,353.1106,1091.416,3,265.3432,0.07358872,25.99961,800,0,499.6694,200,0.1,0.2046279,0.3172331,0,250,0.3172331,1483.297,20.79968,63.21595,22.74558,0,0,39.99456,26.69934,13.29521,379.81,0,727.7381,0,0,-7.993606e-15,4.263256e-14
naive,2026-01-08 07:30:00,318,7.5,20.07666,3224.601,730.305,3.671562,17.03311,1,1,2257.221,2256.903,1451.125,548.8751,2000,4,723.8658,1.802553,34.55836,739.7733,500,0,324.9685,0.1624843,0.1259371,0.3172331,0,250,0.3172331,805.7785,27.62549,58.27942,6.439153,1.869009,0,40.62997,14.50401,26.12596,563.3791,0,1075.525,0,1.136868e-13,1.24345e-13,4.263256e-14
naive,2026-01-08 07:45:00,319,7.75,20.4994,3254.8,666.1753,0,23.93018,1,1,2278.36,2278.043,681.7286,338.7681,1020.497,3,176.2411,7.509262,36.74629,800,0,499.6694,200,0.1,0.2046279,0.3172331,0,250,0.3172331,1596.314,29.25022,62.57947,0,0,0,41.01048,28.73365,12.27682,367.5018,0,664.6016,0,0,-7.993606e-15,4.263256e-14
naive,2026-01-08 08:00:00,320,8,20.42079,3250.404,613.8262,368.2209,24.39306,1,1,2275.283,2274.966,1454.255,545.7453,2000,4,601.5966,373.6554,42.49403,482.2539,500,0,324.9685,0.1624843,0.1259371,0.3172331,0,250,0.3172331,820.711,33.85217,37.77384,12.22955,0,0,40.95509,14.7728,26.18229,560.5181,0,1099.637,0,0,1.24345e-13,4.263256e-14
naive,2026-01-08 08:15:00,321,8.25,20.5961,3230.626,527.9647,364.9288,21.4053,1,1,2261.439,2261.121,820.5126,418.979,1239.492,3,16.28626,377.4962,45.7091,800,0,499.6694,200,0.1,0.2046279,0.3172331,0,250,0.3172331,1440.609,36.3493,62.47777,12.009,0,0,40.70589,25.93096,14.77494,444.9099,0,840.2479,0,5.684342e-14,-7.993606e-15,4.263256e-14
naive,2026-01-08 08:30:00,322,8.5,20.81768,3249.021,444.9454,371.5325,20.81283,1,1,2274.315,2273.997,1432.296,567.704,2000,4,433.6876,379.2582,47.15164,639.9025,500,0,324.9685,0.1624843,0.1259371,0.3172331,0,250,0.3172331,841.7013,37.41287,49.78819,11.25776,0,0,40.93766,15.15062,25.78704,582.8546,0,1129.117,0,0,1.24345e-13,4.263256e-14
naive,2026-01-08 08:45:00,323,8.75,20.86745,3227.219,368.4765,382.1889,22.52232,1,1,2259.053,2258.736,716.1323,374.9004,1091.033,3,0,236.8105,54.22216,800,0,499.6694,200,0.1,0.2046279,0.3172331,0,250,0.3172331,1542.604,43.00145,62.19237,7.707046,6.478387,0,40.66296,27.76687,12.89609,402.6673,0,759.838,0,0,-7.993606e-15,4.263256e-14
naive,2026-01-08 09:00:00,324,9,21.08345,3290.029,289.0371,375.2019,24.08367,1,1,2303.02,2302.703,1416.379,583.6212,2000,4,308.767,388.1569,54.05628,749.0199,500,0,324.9685,0.1624843,0.1259371,0.3172331,0,250,0.3172331,886.3243,42.77649,58.01646,0,0,0,41.45437,15.95384,25.50053,599.575,0,1133.882,0,0,1.24345e-13,4.263256e-14
naive,2026-01-08 09:15:00,325,9.25,21.1388,3313.029,266.3826,381.4657,36.70222,1,1,2319.12,2318.803,643.962,343.0842,987.0462,2,0,128.5158,58.53043,800,0,499.6694,200,0.1,0.2046279,0.3172331,0,250,0.3172331,1674.841,46.29111,61.90698,30.88409,0,0,41.74416,30.14714,11.59703,373.2313,0,730.0924,0,-1.136868e-13,-7.993606e-15,4.263256e-14
naive,2026-01-08 09:30:00,326,9.5,21.5031,3313.923,213.1901,397.7012,44.96341,1,1,2319.746,2319.429,1370.851,581.4688,1952.32,4,189.8485,399.434,63.03716,800,500,0,324.9685,0.1624843,0.1259371,0.3172331,0,250,0.3172331,948.5779,49.67172,61.52383,23.34156,0,0,41.75543,17.0744,24.68103,598.5432,0,1168.136,0,2.273737e-13,1.24345e-13,4.263256e-14
naive,2026-01-08 09:45:00,327,9.75,21.63904,3337.014,186.7172,399.779,44.59161,1,1,2335.91,2335.593,594.5917,321.3194,915.9111,2,0,46.04331,69.86782,800,0,499.6694,200,0.1,0.2046279,0.3172331,0,250,0.3172331,1741.001,54.97813,61.38086,42.72046,0,0,42.04638,31.33801,10.70836,352.6574,0,709.9541,0,-5.684342e-14,-7.993606e-15,4.263256e-14
naive,2026-01-08 10:00:00,328,10,21.87293,3308.009,162.569,404.3096,51.53749,1,1,2315.607,2315.289,1343.598,576.8504,1920.449,4,127.677,409.3941,83.37747,800,500,0,324.9685,0.1624843,0.1259371,0.3172331,0,250,0.3172331,971.6911,65.4527,61.13487,34.89202,0,0,41.68092,17.49044,24.19048,594.3408,0,1180.094,0,0,1.24345e-13,4.263256e-14
naive,2026-01-08 10:15:00,329,10.25,22.18805,3327.503,153.3129,398.5461,64.41192,1,1,2329.252,2328.935,586.0229,317.5418,903.5647,2,0,17.43197,86.13273,800,0,499.6694,200,0.1,0.2046279,0.3172331,0,250,0.3172331,1742.912,67.39849,60.80345,48.07051,0,0,41.92654,31.37241,10.55412,348.9142,0,712.3462,0,0,-7.993606e-15,4.263256e-14
naive,2026-01-08 10:30:00,330,10.5,22.36165,3332.287,155.2175,402.0065,61.37349,1,1,2332.601,2332.284,1323.627,572.5661,1896.193,4,89.67913,413.1634,93.35024,800,500,0,324.9685,0.1624843,0.1259371,0.3172331,0,250,0.3172331,1008.657,72.91651,60.62086,65.53834,0,0,41.98682,18.15583,23.83099,590.722,0,1226.299,0,-1.136868e-13,1.24345e-13,4.263256e-14
naive,2026-01-08 10:45:00,331,10.75,22.36282,3316.049,101.7693,401.4548,63.2741,1,1,2321.234,2320.917,600.7098,324.0165,924.7263,2,0,13.63304,111.0932,800,0,499.6694,200,0.1,0.2046279,0.3172331,0,250,0.3172331,1720.207,86.77463,60.61962,3.197859,0,0,41.78222,30.96373,10.81849,354.9802,0,647.2797,0,-5.684342e-14,-7.993606e-15,4.263256e-14
naive,2026-01-08 11:00:00,332,11,22.53405,3329.15,77.45661,410.9226,70.31687,1,1,2330.405,2330.088,1333.815,578.6337,1912.449,4,76.43111,416.1004,119.9172,800,500,0,324.9685,0.1624843,0.1259371,0.3172331,0,250,0.3172331,996.2726,93.50278,60.43954,1.025496,0,0,41.94729,17.93291,24.01438,596.5666,0,1126.908,0,0,1.24345e-13,4.263256e-14
naive,2026-01-08 11:15:00,333,11.25,22.87631,3366.316,51.16389,410.6861,78.93621,1,1,2356.421,2356.104,605.406,326.0869,931.4929,2,0,0,131.4929,800,0,494.9985,201.1677,0.1005839,0.2046279,0.3172331,0,250,0.3172331,1750.698,102.1686,60.07957,0,0,0,42.41558,31.51256,10.90302,357.5994,0,647.6093,0,5.684342e-14,4.884981e-14,4.263256e-14
naive,2026-01-08 11:30:00,334,11.5,23.10765,3354.709,51.41448,410.1417,90.31548,1,1,2348.297,2347.979,957.9369,473.3425,1431.279,3,68.57198,418.7199,143.9875,800,0,4.5443,200,0.1,0.1266724,0.3172331,0,250,0.3172331,1390.042,111.6103,59.83626,0,0,0,42.26934,25.02076,17.24857,498.3633,0,929.4107,0,0,-3.885781e-16,4.263256e-14
naive,2026-01-08 11:45:00,335,11.75,23.37982,3377.737,61.12416,413.0204,94.9627,1,1,2364.416,2364.098,1356.774,588.8133,1945.588,4,75.94277,422.2169,147.4279,800,500,0,324.9685,0.1624843,0.1259371,0.3172331,0,250,0.3172331,1007.324,113.9561,59.55,0,0,0,42.55948,18.13184,24.42765,606.9451,0,1146.897,0,1.136868e-13,1.24345e-13,4.263256e-14
naive,2026-01-08 12:00:00,336,12,23.48003,3366.914,74.84837,406.8578,108.4241,1,1,2356.84,2356.522,622.3279,333.5469,955.8748,2,0,0,155.8748,800,0,490.3005,202.3422,0.1011711,0.2046279,0.3172331,0,250,0.3172331,1734.194,120.3602,59.4446,2.746602,0,0,42.42311,31.2155,11.20761,364.7624,0,667.3874,0,0,4.884981e-14,4.263256e-14
naive,2026-01-08 12:15:00,337,12.25,23.73928,3400.307,72.70851,410.1422,119.3932,1,1,2380.215,2379.897,977.573,481.6703,1459.243,3,71.33547,419.8025,168.1053,800,0,9.241558,200,0.1,0.1274119,0.3172331,0,250,0.3172331,1402.324,129.4555,59.17194,0,0,0,42.84386,25.24184,17.60202,506.9122,0,947.2559,0,-5.684342e-14,-4.996004e-16,4.263256e-14
naive,2026-01-08 12:30:00,338,12.5,24.07114,3379.851,87.11356,410.2385,128.5131,1,1,2365.896,2365.578,1397.456,602.5439,2000,4,106.2756,420.9191,180.8542,791.9511,500,0,324.9685,0.1624843,0.1259371,0.3172331,0,250,0.3172331,968.1224,138.7931,58.23108,0,0,0,42.58612,17.4262,25.15992,619.9701,0,1174.43,0,0,1.24345e-13,4.263256e-14
naive,2026-01-08 12:45:00,339,12.75,24.30758,3424.912,99.42348,413.3655,136.9064,1,1,2397.438,2397.121,680.0394,358.9889,1039.028,3,0,39.38562,199.6427,800,0,499.6694,200,0.1,0.2046279,0.3172331,0,250,0.3172331,1717.082,152.8344,58.57424,0,0,0,43.15389,30.90747,12.24642,389.8964,0,713.8967,0,0,-7.993606e-15,4.263256e-14
naive,2026-01-08 13:00:00,340,13,24.78223,3460.004,99.35894,415.9025,147.6603,1,1,2422.003,2421.686,1401.258,598.7424,2000,4,123.2549,421.1704,210.351,745.2237,500,0,324.9685,0.1624843,0.1259371,0.3172331,0,250,0.3172331,1020.428,160.2332,54.0986,0,0,0,43.59605,18.36771,25.22835,617.1102,0,1173.359,0,0,1.24345e-13,4.263256e-14
naive,2026-01-08 13:15:00,341,13.25,24.9722,3492.095,81.46248,417.4054,156.2242,1,1,2444.466,2444.149,689.2642,363.0557,1052.32,3,0,34.26004,218.0598,800,0,499.6694,200,0.1,0.2046279,0.3172331,0,250,0.3172331,1754.885,165.774,57.87523,0,0,0,44.00039,31.58792,12.41247,394.6436,0,724.1775,0,0,-7.993606e-15,4.263256e-14
naive,2026-01-08 13:30:00,342,13.5,25.04745,3541.245,76.90969,420.3786,166.1226,1,1,2478.871,2478.554,1399.528,600.4723,2000,4,103.6383,415.3376,233.6522,747.3719,500,0,324.9685,0.1624843,0.1259371,0.3172331,0,250,0.3172331,1079.026,177.487,53.99396,0,5.040964,0,451.1319,196.3729,254.759,796.8453,0,1541.643,0,2.273737e-13,1.24345e-13,4.263256e-14
naive,2026-01-08 13:45:00,343,13.75,25.04219,3539.524,79.67594,420.7453,166.5469,1,1,2477.667,2477.35,694.0255,365.1547,1059.18,3,0,16.29225,242.8879,800,0,499.6694,200,0.1,0.2046279,0.3172331,0,250,0.3172331,1783.324,184.5128,57.80162,0,3.171748,0,450.8653,324.5145,126.3507,689.6692,0,1319.783,0,-1.136868e-13,-7.993606e-15,4.263256e-14
naive,2026-01-08 14:00:00,344,14,25.39165,3535.598,95.32243,412.5349,179.9222,1,1,2474.919,2474.601,1400.091,599.9092,2000,4,96.74923,422.428,255.493,725.3297,500,0,324.9685,0.1624843,0.1259371,0.3172331,0,250,0.3172331,1074.511,193.3742,52.0733,0,0,0,453.5378,196.908,256.6298,796.8171,0,1535.052,0,0,1.24345e-13,4.263256e-14
naive,2026-01-08 14:15:00,345,14.25,25.57211,3542.802,93.9272,398.606,186.4967,1,1,2479.961,2479.644,704.7579,369.886,1074.644,3,0,7.038051,267.6058,800,0,499.6694,200,0.1,0.2046279,0.3172331,0,250,0.3172331,1774.886,202.1556,57.24427,2.729839,0,0,456.1211,326.4418,129.6793,696.3278,0,1332.965,0,1.705303e-13,-7.993606e-15,4.263256e-14
naive,2026-01-08 14:30:00,346,14.5,25.88182,3520.34,100.8831,407.6529,193.2756,1,1,2464.238,2463.921,1397.266,602.7337,2000,4,72.42716,408.1545,278.1904,741.2279,500,0,324.9685,0.1624843,0.1259371,0.3172331,0,250,0.3172331,1066.654,209.4622,52.73701,28.45595,0,0,456.0869,197.4189,258.6681,800.1526,0,1590.063,0,-1.136868e-13,1.24345e-13,4.263256e-14
naive,2026-01-08 14:45:00,347,14.75,26.10677,3464.931,77.99728,411.7873,197.115,1,1,2425.452,2425.135,712.8937,373.4727,1086.366,3,0,0,286.3664,800,0,487.1511,203.1296,0.1015648,0.2046279,0.3172331,0,250,0.3172331,1712.241,215.1029,56.68194,0,5.578235,0,450.9738,318.3637,132.6101,691.8363,0,1329.528,0,5.684342e-14,4.884981e-14,4.263256e-14
naive,2026-01-08 15:00:00,348,15,26.4712,3434.604,47.01486,413.6475,203.5646,1,1,2404.223,2403.905,1059.532,516.6622,1576.194,4,80.91592,404.5326,290.7456,800,0,12.39042,200,0.1,0.1279077,0.3172331,0,250,0.3172331,1344.373,217.5447,56.29866,0,9.114902,0,450.3835,251.8417,198.5418,768.5039,0,1489.395,0,-1.136868e-13,1.387779e-16,4.263256e-14
naive,2026-01-08 15:15:00,349,15.25,26.77379,3407.618,70.85491,409.2445,203.1732,1,1,2385.332,2385.015,1401.845,598.1552,2000,4,104.5651,404.8626,286.8323,703.7401,500,0,324.9685,0.1624843,0.1259371,0.3172331,0,250,0.3172331,983.1702,213.9223,49.24458,0,4.381941,0,449.6484,185.333,264.3153,783.4882,0,1519.135,0,0,1.24345e-13,4.263256e-14
naive,2026-01-08 15:30:00,350,15.5,26.8477,3417.766,91.5471,412.6097,204.4823,1,1,2392.436,2392.119,739.7808,385.3259,1125.107,3,0,41.99893,283.1078,800,0,499.6694,200,0.1,0.2046279,0.3172331,0,250,0.3172331,1652.338,210.9771,55.90268,0,12.43565,0,451.6798,311.953,139.7267,697.2789,0,1353.119,0,5.684342e-14,-7.993606e-15,4.263256e-14
naive,2026-01-08 15:45:00,351,15.75,26.99402,3402.18,95.99464,402.1628,197.5237,1,1,2381.526,2381.209,1402.571,597.4289,2000,4,115.3844,394.2417,283.3817,706.9921,500,0,324.9685,0.1624843,0.1259371,0.3172331,0,250,0.3172331,978.6379,210.8495,49.26744,0,7.921047,0,450.9904,185.325,265.6654,782.7539,0,1523.746,0,-2.273737e-13,1.24345e-13,4.263256e-14
naive,2026-01-08 16:00:00,352,16,27.23181,3392.275,114.4585,393.1887,192.4074,1,1,2374.593,2374.275,715.6735,374.6982,1090.372,3,0,10.15262,280.219,800,0,499.6694,200,0.1,0.2046279,0.3172331,0,250,0.3172331,1658.602,207.9633,55.49869,0,0,0,451.916,315.6536,136.2624,690.3517,0,1318.267,0,-5.684342e-14,-7.993606e-15,4.263256e-14
naive,2026-01-08 16:15:00,353,16.25,27.15183,3404.332,151.632,407.0684,195.1089,1,1,2383.032,2382.715,1405.274,594.7263,2000,4,137.6726,397.896,274.2351,690.1964,500,0,324.9685,0.1624843,0.1259371,0.3172331,0,250,0.3172331,977.4414,203.6978,47.95382,13.9594,9.172485,0,452.764,185.7089,267.0551,780.4352,0,1546.825,0,0,1.24345e-13,4.263256e-14
naive,2026-01-08 16:30:00,354,16.5,27.40937,3401.083,190.5164,396.7277,196.7808,1,1,2380.758,2380.441,753.9609,391.5771,1145.538,3,0,77.36982,268.1682,800,0,499.6694,200,0.1,0.2046279,0.3172331,0,250,0.3172331,1626.48,198.6389,55.31195,6.686043,3.518831,0,454.7798,310.6952,144.0845,702.2724,0,1359.922,0,-5.684342e-14,-7.993606e-15,4.263256e-14
naive,2026-01-08 16:45:00,355,16.75,27.6185,3439.266,242.4047,394.3851,191.1768,1,1,2407.486,2407.169,1417.353,582.6466,2000,4,237.2051,391.3457,256.4578,614.9914,500,0,324.9685,0.1624843,0.1259371,0.3172331,0,250,0.3172331,989.8153,189.5356,42.35137,5.199556,3.039325,1.641216,461.9152,189.9121,272.0031,772.8737,0,1512.314,0,0,1.24345e-13,4.263256e-14
naive,2026-01-08 17:00:00,356,17,27.78081,3415.615,288.7225,391.097,187.9692,1,1,2390.93,2390.613,791.5963,408.1687,1199.765,3,0,155.5283,244.2367,800,0,499.6694,200,0.1,0.2046279,0.3172331,0,250,0.3172331,1599.017,180.1865,54.92129,24.02317,0.5985899,7.782643,460.3156,307.8519,152.4637,717.5189,0,1415.724,0,-5.684342e-14,-7.993606e-15,4.263256e-14
naive,2026-01-08 17:15:00,357,17.25,27.77247,3370.951,325.9281,389.5967,177.2399,1,1,2359.666,2359.349,1425.808,574.1922,2000,4,309.0726,386.9045,238.1204,565.9025,500,0,324.9685,0.1624843,0.1259371,0.3172331,0,250,0.3172331,933.541,175.69,38.85632,16.85548,2.692119,1.549937,454.2162,179.6989,274.5173,754.1895,0,1498.385,0,0,1.24345e-13,4.263256e-14
naive,2026-01-08 17:30:00,358,17.5,27.81505,3385.727,384.3347,382.983,166.2723,1,1,2370.009,2369.692,848.1466,433.0988,1281.245,3,0,254.7515,226.4939,800,0,499.6694,200,0.1,0.2046279,0.3172331,0,250,0.3172331,1521.545,167.0347,54.88528,8.260073,4.636658,0,456.6188,293.1492,163.4696,726.248,0,1412.997,0,1.136868e-13,-7.993606e-15,4.263256e-14
naive,2026-01-08 17:45:00,359,17.75,27.65759,3352.441,468.6839,381.0109,164.0379,1,1,2346.709,2346.391,1441.18,558.8204,2000,4,439.0014,371.959,213.5821,475.4576,500,0,324.9685,0.1624843,0.1259371,0.3172331,0,250,0.3172331,905.2118,157.7815,32.71795,29.6825,9.051925,6.256419,450.6258,173.8229,276.8029,733.8448,0,1497.699,0,0,1.24345e-13,4.263256e-14
naive,2026-01-08 18:00:00,360,18,27.64019,3330.55,542.0552,11.20821,171.0099,1,1,2331.385,2331.068,658.1224,349.322,1007.444,3,0.04076913,4.271957,203.1317,800,0,499.6694,200,0.1,0.2046279,0.3172331,0,250,0.3172331,1672.945,150.0896,55.06918,42.34495,6.936252,20.92032,447.5189,321.1287,126.3902,674.4664,0,1371.99,0,-5.684342e-14,-7.993606e-15,4.263256e-14
naive,2026-01-08 18:15:00,361,18.25,27.52397,3335.632,574.7514,2.645171,161.7795,1,1,2334.942,2334.625,1435.419,564.5809,2000,4,548.7471,0,187.1829,764.07,500,0,324.9685,0.1624843,0.1259371,0.3172331,0,250,0.3172331,899.206,138.4795,52.71262,26.00432,2.645171,23.30003,447.1046,172.1838,274.9208,741.2262,0,1472.571,0,0,1.24345e-13,4.263256e-14
naive,2026-01-08 18:30:00,362,18.5,27.48185,3316.194,628.9838,0,146.0805,1,1,2321.336,2321.018,715.7178,362.2665,1077.984,3,104.6683,0,173.316,800,0,499.6694,200,0.1,0.2046279,0.3172331,0,250,0.3172331,1605.301,128.279,55.23571,24.64611,0,17.80153,444.1051,307.1172,136.9879,672.7894,0,1325.953,0,0,-7.993606e-15,4.263256e-14
naive,2026-01-08 18:45:00,363,18.75,27.34955,3310.015,692.5267,0,142.4919,1,1,2317.011,2316.693,1447.449,552.5513,2000,4,647.22,0.2258355,164.418,688.1362,500,0,324.9685,0.1624843,0.1259371,0.3172331,0,250,0.3172331,869.2448,121.8672,47.63181,45.30666,0,20.62468,442.0469,165.8374,276.2095,722.3236,0,1469.215,0,0,1.24345e-13,4.263256e-14
naive,2026-01-08 19:00:00,364,19,27.30524,3269.473,721.3077,0,123.7063,0,0,2288.631,2288.314,765.7698,375.0641,1140.834,3,182.5752,2.376114,155.8826,800,0,499.6694,200,0.1,0.2046279,0.3172331,0,250,0.3172331,1522.544,115.596,55.42147,39.0631,0,8.11031,436.2269,290.2061,146.0208,0,666.8161,3672.523,0,0,-7.993606e-15,4.263256e-14
naive,2026-01-08 19:15:00,365,19.25,27.36295,3241.99,745.5506,0,120.1824,0,0,2269.393,2269.076,1454.523,545.4769,2000,4,706.5094,3.320544,144.4731,645.697,500,0,324.9685,0.1624843,0.1259371,0.3172331,0,250,0.3172331,814.5526,107.0685,44.68285,39.04119,0,13.11393,433.084,155.4467,277.6373,0,703.4263,3885.922,0,0,1.24345e-13,4.263256e-14
naive,2026-01-08 19:30:00,366,19.5,27.08138,3240.136,763.742,0,110.9223,0,0,2268.095,2267.778,772.0213,373.6788,1145.7,3,217.3879,3.692807,124.6193,800,0,499.6694,200,0.1,0.2046279,0.3172331,0,250,0.3172331,1495.757,92.63563,55.65691,46.6846,0,18.28663,430.293,283.7684,146.5246,0,660.9164,3652.957,0,0,-7.993606e-15,4.263256e-14
naive,2026-01-08 19:45:00,367,19.75,27.07998,3207.077,748.05,5.554393,103.0048,0,0,2244.954,2244.637,1452.384,547.6162,2000,4,702.2322,4.858041,112.4319,680.4779,500,0,324.9685,0.1624843,0.1259371,0.3172331,0,250,0.3172331,792.2529,83.57742,47.34287,45.81786,0.6963517,19.42741,425.8903,150.2983,275.592,0,701.6001,3885.777,0,1.136868e-13,1.24345e-13,4.263256e-14
naive,2026-01-08 20:00:00,368,20,26.68509,3181.564,721.469,5.851276,84.81654,0,0,2227.095,2226.777,726.0191,358.5348,1084.554,3,174.2134,9.438722,100.9017,800,0,499.6694,200,0.1,0.2046279,0.3172331,0,250,0.3172331,1500.758,75.3251,56.0737,47.58615,0,9.491437,419.049,282.3819,136.6671,0,642.7026,3553.867,0,5.684342e-14,-7.993606e-15,4.263256e-14
naive,2026-01-08 20:15:00,369,20.25,26.26023,3167.543,669.8336,11.56794,79.64995,0,0,2217.28,2216.963,1444.007,555.9933,2000,4,648.1458,8.15747,87.04719,756.6495,500,0,324.9685,0.1624843,0.1259371,0.3172331,0,250,0.3172331,772.9558,65.27827,53.4578,21.68783,3.410469,14.37168,413.5655,144.1712,269.3943,0,702.8451,3848.803,0,1.136868e-13,1.24345e-13,4.263256e-14
naive,2026-01-08 20:30:00,370,20.5,26.09372,3194.294,602.606,6.995977,72.6718,0,0,2236.006,2235.689,652.2415,333.6451,985.8866,2,110.0308,3.819755,72.03602,800,0,499.6694,200,0.1,0.2046279,0.3172331,0,250,0.3172331,1583.447,54.11708,56.69568,0,3.176222,18.55473,415.6383,294.3379,121.3004,0,631.432,3414.572,0,-5.684342e-14,-7.993606e-15,4.263256e-14
naive,2026-01-08 20:45:00,371,20.75,25.93315,3210.805,540.1442,0,68.70716,0,0,2247.564,2247.246,1374.447,541.4352,1915.882,4,539.7082,3.15889,73.01491,800,500,0,324.9685,0.1624843,0.1259371,0.3172331,0,250,0.3172331,872.7995,54.94626,56.86456,0.4359623,0,13.7609,416.4195,161.7088,254.7108,0,705.6935,3818.094,0,0,1.24345e-13,4.263256e-14
naive,2026-01-08 21:00:00,372,21,25.81928,3191.673,491.9964,2.990647,55.96691,0,0,2234.171,2233.854,559.0802,305.6641,864.7443,2,0,0,64.74434,800,0,492.2443,201.8563,0.1009281,0.2046279,0.3172331,0,250,0.3172331,1674.774,48.78135,56.98431,2.654268,0.0884242,7.185557,412.9799,309.577,103.4029,0,616.5694,3331.755,0,0,-7.993606e-15,4.263256e-14
naive,2026-01-08 21:15:00,373,21.25,25.42362,3170.727,426.9178,6.499782,52.48372,0,0,2219.509,2219.192,885.2039,398.8038,1284.008,3,425.6227,0.7405925,57.64437,800,0,7.29802,200,0.1,0.1271059,0.3172331,0,250,0.3172331,1333.988,43.61436,57.40044,0,5.75919,8.869356,406.9954,244.6158,162.3796,0,645.046,3493.112,0,-1.705303e-13,-3.053113e-16,4.263256e-14
naive,2026-01-08 21:30:00,374,21.5,25.22915,3133.642,369.7702,5.70734,51.69746,0,0,2193.55,2193.232,1208.194,491.0533,1699.247,4,347.1162,2.47794,49.65321,800,500,0,324.9685,0.1624843,0.1259371,0.3172331,0,250,0.3172331,985.0383,37.64541,57.60498,22.65398,3.229399,14.05204,400.6634,179.9225,220.741,0,673.5425,3684.327,0,1.705303e-13,1.24345e-13,4.263256e-14
naive,2026-01-08 21:45:00,375,21.75,25.05142,3152.261,345.0538,8.316175,46.32801,0,0,2206.583,2206.266,550.5054,301.884,852.3894,2,0,0,52.38935,800,0,300.2961,249.8433,0.1249217,0.2046279,0.3172331,0,250,0.3172331,1655.76,39.79436,57.79191,46.50574,6.568155,6.533659,401.6099,301.3572,100.2527,0,604.4304,3350.904,0,-5.684342e-14,-6.483702e-14,4.263256e-14
naive,2026-01-08 22:00:00,376,22,25.01343,3143.621,276.3588,6.638155,40.73088,0,0,2200.535,2200.217,596.0823,315.2358,911.3182,2,56.66401,2.369835,52.28433,800,0,199.216,200,0.1,0.1573227,0.3172331,0,250,0.3172331,1604.135,39.73047,57.83186,20.47872,4.268319,1.000409,400.2047,291.7392,108.4654,0,607.157,3316.991,0,0,-9.187096e-15,4.263256e-14
naive,2026-01-08 22:15:00,377,22.25,24.79046,3148.717,245.7124,0,37.84802,0,0,2204.102,2203.785,1116.003,464.973,1580.976,4,224.7052,2.294278,53.97701,800,500,0,324.9685,0.1624843,0.1259371,0.3172331,0,250,0.3172331,1087.781,41.11301,58.06636,21.00729,0,0,39.67384,19.58006,20.09377,0,484.5531,2635.955,0,2.842171e-13,1.24345e-13,4.263256e-14
naive,2026-01-08 22:30:00,378,22.5,24.64508,3094.114,198.0463,0,37.11627,0,0,2165.88,2165.563,547.3124,300.4763,847.7887,2,0,0,47.78875,800,0,190.7819,277.2219,0.1386109,0.2046279,0.3172331,0,250,0.3172331,1618.25,36.45514,58.21927,11.79956,0,0.6611316,38.98584,29.12851,9.857334,0,329.7242,1768.341,0,-5.684342e-14,1.056932e-13,4.263256e-14
naive,2026-01-08 22:45:00,379,22.75,24.29888,3103.927,177.6031,0,36.23549,0,0,2172.749,2172.432,548.0465,300.8,848.8465,2,0,0,48.8465,800,0,136.5472,243.0414,0.1215207,0.1745626,0.3172331,0,250,0.3172331,1624.385,37.39732,58.58339,43.95905,0,0,39.10948,29.23893,9.870548,0,330.0389,1825.137,0,5.684342e-14,3.388956e-14,4.263256e-14
naive,2026-01-08 23:00:00,380,23,24.05428,3095.07,165.2171,11.47385,31.20343,1,1,2166.549,2166.232,541.5251,297.925,839.4501,2,0,0,39.45011,800,0,114.5753,214.3594,0.1071797,0.1530396,0.3172331,0,250,0.3172331,1624.706,30.28055,58.84064,53.17715,8.93857,0.9228812,38.99788,29.24472,9.753162,327.3344,0,695.6227,0,5.684342e-14,5.914713e-14,4.263256e-14
naive,2026-01-08 23:15:00,381,23.25,23.77447,3102.172,161.8338,11.62456,34.90536,1,1,2171.52,2171.203,566.3614,304.6226,870.984,2,35.73888,3.175957,32.06914,800,0,57.30247,200,0.1,0.1349789,0.3172331,0,250,0.3172331,1604.842,24.68696,59.13494,68.7925,8.448602,10.21841,39.08736,28.88715,10.20022,335.3232,0,737.3605,0,-5.684342e-14,2.248202e-15,4.263256e-14
naive,2026-01-08 23:30:00,382,23.5,23.6438,3114.197,129.4448,0,30.68912,1,1,2179.938,2179.621,1005.17,431.6353,1436.805,3,94.21433,5.282708,37.30833,800,500,0,324.9685,0.1624843,0.1259371,0.3172331,0,250,0.3172331,1174.451,28.75911,59.27236,35.23044,0,1.930012,39.23889,21.14012,18.09877,453.1171,0,900.3253,0,0,1.24345e-13,4.263256e-14
naive,2026-01-08 23:45:00,383,23.75,23.29169,3098.18,112.7643,0,29.70301,1,1,2168.726,2168.409,534.7823,294.9524,829.7347,2,0,0,29.73473,800,0,91.22682,302.1107,0.1510553,0.2046279,0.3172331,0,250,0.3172331,1633.627,23.00476,59.6427,26.10385,0,6.698251,39.03707,29.40528,9.631791,325.5353,0,629.0018,0,0,-1.074696e-13,4.263256e-14
naive,2026-01-09 00:00:00,384,0,22.96249,3075.702,108.3844,0,23.97176,1,1,2152.991,2152.674,532.6077,293.9938,826.6014,2,0,0,26.60141,800,0,83.45499,281.1993,0.1405997,0.1902346,0.3172331,0,250,0.3172331,1620.066,20.65068,59.98893,28.49071,0,3.321077,38.75384,29.1612,9.592648,323.7351,0,629.1292,0,-5.684342e-14,-3.580469e-15,4.263256e-14
naive,2026-01-09 00:15:00,385,0.25,22.8201,3083.355,102.2167,0,24.87724,1,1,2158.349,2158.032,532.5161,293.9534,826.4695,2,0,0,26.46953,800,0,91.48401,258.2841,0.129142,0.1770671,0.3172331,0,250,0.3172331,1625.515,20.57845,60.13869,14.84102,0,4.298789,38.85028,29.25928,9.591,323.9616,0,605.868,0,5.684342e-14,2.264855e-14,4.263256e-14
naive,2026-01-09 00:30:00,386,0.5,22.83713,3042.568,59.49993,0,21.65303,1,1,2129.797,2129.48,531.6731,293.5818,825.2549,2,0,0,25.25492,800,0,98.04192,233.7329,0.1168665,0.1626377,0.3172331,0,250,0.3172331,1597.807,19.63072,60.12077,0,0,2.02231,38.33635,28.76053,9.575827,322.6947,0,577.7536,0,0,1.826317e-14,4.263256e-14
naive,2026-01-09 00:45:00,387,0.75,22.67157,3074.413,75.44416,0,11.52697,1,1,2152.089,2151.772,530.2903,292.9721,823.2624,2,0,0,23.26239,800,0,77.54577,214.3097,0.1071549,0.1471782,0.3172331,0,250,0.3172331,1621.481,18.11274,60.2949,0,0,0,38.7376,29.18666,9.550935,322.1588,0,576.4858,0,0,3.275158e-14,4.263256e-14
naive,2026-01-09 01:00:00,388,1,22.49973,3073.124,63.49607,0,13.49949,1,1,2151.187,2150.869,551.4773,299.2333,850.7105,2,25.88413,1.103396,23.72299,800,0,57.10386,200,0.1,0.1349477,0.3172331,0,250,0.3172331,1599.392,18.50399,60.47564,0,0,0,38.72136,28.78906,9.932301,328.0223,0,588.0095,0,-1.136868e-13,2.831069e-15,4.263256e-14
naive,2026-01-09 01:15:00,389,1.25,22.24852,3036.164,72.37802,0,18.50608,1,1,2125.315,2124.998,993.8761,426.5712,1420.447,3,94.93018,2.809521,22.70763,800,500,0,324.9685,0.1624843,0.1259371,0.3172331,0,250,0.3172331,1131.122,17.75763,60.73984,0,0,0.7484515,38.25567,20.36019,17.89548,447.0604,0,825.7885,0,5.684342e-14,1.24345e-13,4.263256e-14
naive,2026-01-09 01:30:00,390,1.5,22.19108,3065.463,60.0158,0.07036128,11.84975,1,1,2145.824,2145.507,526.7583,291.4151,818.1734,2,0,0,18.1734,800,0,111.494,297.0439,0.1485219,0.2046279,0.3172331,0,250,0.3172331,1618.748,14.22017,60.80025,0,0,0,38.62483,29.13747,9.48736,320.5526,0,572.7048,0,5.684342e-14,1.056932e-13,4.263256e-14
naive,2026-01-09 01:45:00,391,1.75,22.06766,3080.85,73.8261,0,5.395444,1,1,2156.595,2156.278,525.8425,291.0113,816.8538,2,0,0,16.85379,800,0,111.9076,269.0202,0.1345101,0.1870442,0.3172331,0,250,0.3172331,1630.435,13.20425,60.93006,0,0,0,38.81871,29.34784,9.470874,320.3592,0,572.172,0,-5.684342e-14,3.996803e-15,4.263256e-14
naive,2026-01-09 02:00:00,392,2,22.10662,3107.132,79.24192,1.373755,9.297573,1,1,2174.992,2174.675,524.5239,290.4301,814.954,2,0,0,14.954,800,0,118.9564,239.2388,0.1196194,0.1693981,0.3172331,0,250,0.3172331,1650.151,11.71118,60.88908,0,0.2435839,0,39.14986,29.70272,9.447141,320.1328,0,572.1855,0,5.684342e-14,3.2363e-14,4.263256e-14
naive,2026-01-09 02:15:00,393,2.25,21.96901,3117.91,121.4408,10.13072,5.877904,1,1,2182.537,2182.22,523.6758,290.0561,813.7319,2,0,0,13.73188,800,0,118.1186,209.6714,0.1048357,0.1506451,0.3172331,0,250,0.3172331,1658.544,10.7692,61.03382,3.672041,9.780835,0,39.28567,29.85379,9.431874,319.9099,0,594.363,0,0,4.884981e-14,4.263256e-14
naive,2026-01-09 02:30:00,394,2.5,21.67437,3114.687,123.7738,7.188935,4.79032,1,1,2180.281,2179.963,580.6181,307.0836,887.7017,2,67.88483,0.5172531,19.29962,800,0,38.55372,200,0.1,0.132027,0.3172331,0,250,0.3172331,1599.345,15.18118,61.3437,17.33524,6.671682,0,39.24505,28.78821,10.45684,335.8718,0,644.1439,0,-5.684342e-14,-1.498801e-15,4.263256e-14
naive,2026-01-09 02:45:00,395,2.75,21.44147,3099.708,110.9748,0.8067271,3.487906,1,1,2169.796,2169.478,1016.81,433.0311,1449.841,3,125.6175,5.683031,18.54057,800,500,0,324.9685,0.1624843,0.1259371,0.3172331,0,250,0.3172331,1152.668,14.61865,61.58865,0,0,0,39.05632,20.74803,18.30829,453.7791,0,838.271,0,5.684342e-14,1.24345e-13,4.263256e-14
naive,2026-01-09 03:00:00,396,3,21.16672,3063.442,120.032,6.979646,1.890829,1,1,2144.409,2144.092,528.8694,292.3458,821.2152,2,0,0,21.21515,800,0,129.3987,292.5677,0.1462838,0.2046279,0.3172331,0,250,0.3172331,1615.223,16.77411,61.87762,0,0.5371533,0,38.59937,29.07401,9.525359,321.4198,0,574.1538,0,1.136868e-13,-7.993606e-15,4.263256e-14
naive,2026-01-09 03:15:00,397,3.25,20.87155,3079.785,94.26668,0.1509255,0,1,1,2155.85,2155.532,527.3653,291.6827,819.048,2,0,0,19.04799,800,0,122.8439,261.8106,0.1309053,0.1842256,0.3172331,0,250,0.3172331,1628.167,15.10558,62.18806,0,0,0,38.80529,29.30701,9.498286,320.9897,0,572.0178,0,0,4.038436e-14,4.263256e-14
naive,2026-01-09 03:30:00,398,3.5,20.91816,3089.85,116.481,10.69152,1.408914,1,1,2162.895,2162.578,521.258,288.9902,810.2482,2,0,0,10.2482,800,0,122.2571,231.2052,0.1156026,0.1648583,0.3172331,0,250,0.3172331,1641.32,8.123285,62.13904,0,4.971472,0,38.93211,29.54376,9.388353,318.534,0,575.7374,0,0,-3.094747e-14,4.263256e-14
naive,2026-01-09 03:45:00,399,3.75,20.91591,3074.037,139.8926,9.166145,1.863827,1,1,2151.826,2151.509,530.6059,292.0647,822.6705,2,8.797938,3.38863,10.48396,800,0,124.675,200,0.1,0.1455865,0.3172331,0,250,0.3172331,1620.903,8.310346,62.1414,6.41957,5.777515,0,38.73287,29.17625,9.556616,321.2409,0,593.6127,0,0,-1.471046e-15,4.263256e-14
naive,2026-01-09 04:00:00,400,4,20.65954,3087.459,141.9724,11.72976,3.454953,1,1,2161.221,2160.904,1023.883,434.3282,1458.211,3,140.9263,2.664104,14.62101,800,500,0,324.9685,0.1624843,0.1259371,0.3172331,0,250,0.3172331,1137.021,11.61966,62.41104,1.046009,9.065658,0,38.90199,20.46638,18.43561,454.7946,0,856.8194,0,1.136868e-13,1.24345e-13,4.263256e-14
naive,2026-01-09 04:15:00,401,4.25,20.81204,3063.009,158.2077,6.437035,2.042974,1,1,2144.106,2143.789,520.5982,288.6994,809.2977,2,0,0,9.297669,800,0,160.1117,284.8894,0.1424447,0.2046279,0.3172331,0,250,0.3172331,1623.191,7.377734,62.25065,0.2405019,4.292499,0,38.59391,29.21743,9.376479,317.9169,0,573.6211,0,5.684342e-14,-1.216804e-13,4.263256e-14
naive,2026-01-09 04:30:00,402,4.5,20.77545,3092.754,163.6035,13.27032,9.905377,1,1,2164.928,2164.611,519.7981,288.3467,808.1448,2,0,0,8.144767,800,0,201.327,234.5128,0.1172564,0.1793907,0.3172331,0,250,0.3172331,1644.813,6.465287,62.28913,0,11.15841,3.44009,38.9687,29.60663,9.362076,318.53,0,586.2331,0,-5.684342e-14,2.708944e-14,4.263256e-14
naive,2026-01-09 04:45:00,403,4.75,20.59671,3095.821,219.0881,7.987398,9.530292,1,1,2167.075,2166.758,606.9016,314.2691,921.1707,2,104.8851,5.859549,10.42604,800,0,137.9036,200,0.1,0.1476693,0.3172331,0,250,0.3172331,1559.856,8.291065,62.47713,0,2.127848,1.239228,39.00735,28.07741,10.92994,342.5536,0,618.491,0,0,3.524958e-15,4.263256e-14
naive,2026-01-09 05:00:00,404,5,20.60916,3102.219,289.5515,1.795014,6.490154,1,1,2171.553,2171.236,1131.038,464.0625,1595.101,4,288.0773,0.2421513,6.781285,800,500,0,324.9685,0.1624843,0.1259371,0.3172331,0,250,0.3172331,1040.197,5.391981,62.46403,1.474138,1.552863,1.098173,39.08795,18.72355,20.3644,482.9696,0,900.8887,0,0,1.24345e-13,4.263256e-14
naive,2026-01-09 05:15:00,405,5.25,20.57653,3085.25,336.6833,0.8581138,6.880562,1,1,2159.675,2159.358,521.8049,289.2313,811.0362,2,0,0,11.0362,800,0,361.7035,234.4915,0.1172457,0.2046279,0.3172331,0,250,0.3172331,1637.553,8.778059,62.49835,0,0,0,38.87415,29.47595,9.398198,318.7073,0,567.104,0,5.684342e-14,-7.993606e-15,4.263256e-14
naive,2026-01-09 05:30:00,406,5.5,20.46756,3114.766,427.5321,0.1772567,10.18356,1,1,2180.336,2180.019,758.2006,358.0217,1116.222,3,297.7874,2.737332,15.69762,800,0,137.8183,200,0.1,0.1476559,0.3172331,0,250,0.3172331,1421.818,12.49938,62.61296,0,0,0,39.24605,25.59273,13.65332,383.6144,0,696.7893,0,5.684342e-14,1.323941e-14,4.263256e-14
naive,2026-01-09 05:45:00,407,5.75,20.22296,3121.261,494.9493,1.282261,15.6129,1,1,2184.883,2184.566,1313.508,517.9287,1831.436,4,511.4759,3.034782,16.92561,800,500,0,324.9685,0.1624843,0.1259371,0.3172331,0,250,0.3172331,871.058,13.5103,62.87022,0,0,2.102606,39.32789,15.67904,23.64885,533.9566,0,997.1843,0,0,1.24345e-13,4.263256e-14
naive,2026-01-09 06:00:00,408,6,20.25445,3110.662,604.0296,4.636224,12.22588,1,1,2177.464,2177.146,595.9376,312.0955,908.0331,2,82.5261,6.120407,19.38656,800,0,499.6694,200,0.1,0.2046279,0.3172331,0,250,0.3172331,1581.209,15.46979,62.8371,21.83409,0,0,39.19434,28.46176,10.73259,340.5572,0,648.0866,0,-5.684342e-14,-7.993606e-15,4.263256e-14
naive,2026-01-09 06:15:00,409,6.25,20.33385,3128.222,644.4938,8.27453,13.62521,1,1,2189.755,2189.438,1425.071,550.2249,1975.296,4,653.4262,0.8898235,20.97951,800,500,0,324.9685,0.1624843,0.1259371,0.3172331,0,250,0.3172331,764.3675,16.72758,62.75359,0,7.384706,0,39.4156,13.75861,25.65698,563.9835,0,1070.108,0,0,1.24345e-13,4.263256e-14
naive,2026-01-09 06:30:00,410,6.5,20.05408,3130.282,708.4738,8.404727,14.21252,1,1,2191.197,2190.88,701.643,342.3344,1043.977,3,220.0628,0.6075527,23.30712,800,0,499.6694,200,0.1,0.2046279,0.3172331,0,250,0.3172331,1489.237,18.63562,63.04784,0,7.797174,0,39.44155,26.80627,12.63528,369.1407,0,680.8027,0,-5.684342e-14,-7.993606e-15,4.263256e-14
naive,2026-01-09 06:45:00,411,6.75,20.20118,3165.386,767.5746,7.507822,19.37868,1,1,2215.77,2215.453,1456.506,543.4941,2000,4,767.9972,0.99553,25.06646,705.9408,500,0,324.9685,0.1624843,0.1259371,0.3172331,0,250,0.3172331,758.9471,20.01283,55.49853,0,6.512292,0,39.88386,13.66105,26.22282,557.1552,0,1063.108,0,0,1.24345e-13,4.263256e-14
naive,2026-01-09 07:00:00,412,7,20.36942,3133.543,763.8936,4.089312,15.67586,1,1,2193.48,2193.163,745.4596,354.7936,1100.253,3,277.7069,0.1645337,22.38176,800,0,499.6694,200,0.1,0.2046279,0.3172331,0,250,0.3172331,1447.703,17.83926,62.71618,0,3.924778,0,39.48264,26.05865,13.42398,380.8523,0,697.9191,0,-1.136868e-13,-7.993606e-15,4.263256e-14
naive,2026-01-09 07:15:00,413,7.25,20.40882,3120.236,745.4765,0,11.58577,1,1,2184.165,2183.848,1457.513,542.4874,2000,4,777.8235,0.02908145,20.01257,702.1348,500,0,324.9685,0.1624843,0.1259371,0.3172331,0,250,0.3172331,726.3351,15.9446,55.00765,0,0,0,39.31497,13.07403,26.24094,555.5614,0,1049.239,0,2.273737e-13,1.24345e-13,4.263256e-14
naive,2026-01-09 07:30:00,414,7.5,20.53814,3190.643,713.8085,0,13.53115,1,1,2233.45,2233.133,711.9123,345.9238,1057.836,3,227.9462,2.845255,27.04458,800,0,499.6694,200,0.1,0.2046279,0.3172331,0,250,0.3172331,1521.22,21.51924,62.53872,0,0,0,40.2021,27.38197,12.82013,373.3057,0,676.2554,0,-1.705303e-13,-7.993606e-15,4.263256e-14
naive,2026-01-09 07:45:00,415,7.75,20.62907,3188.524,656.1295,3.916374,17.52228,1,1,2231.966,2231.649,1443.968,556.0323,2000,4,670.4632,3.237358,33.01116,793.2883,500,0,324.9685,0.1624843,0.1259371,0.3172331,0,250,0.3172331,787.6815,26.2428,61.91922,0,0.679016,0,40.1754,14.17827,25.99713,570.2105,0,1071.933,0,2.273737e-13,1.24345e-13,4.263256e-14
naive,2026-01-09 08:00:00,416,8,20.66056,3214.582,574.0564,374.4023,17.85669,1,1,2250.207,2249.89,880.7043,434.5004,1315.205,3,108.8729,370.5535,35.7782,800,0,499.6694,200,0.1,0.2046279,0.3172331,0,250,0.3172331,1369.186,28.43349,62.40997,0,3.848741,0,40.50373,24.64534,15.85839,459.1458,0,854.7194,0,-2.273737e-13,-7.993606e-15,4.263256e-14
naive,2026-01-09 08:15:00,417,8.25,20.76749,3216.949,487.0882,382.0997,18.04704,1,1,2251.865,2251.547,1443.154,556.8456,2000,4,522.8216,370.3476,35.06934,571.7615,500,0,324.9685,0.1624843,0.1259371,0.3172331,0,250,0.3172331,808.393,27.84015,44.52414,0,11.75214,0,40.53356,14.55107,25.98249,571.3967,0,1112.976,0,0,1.24345e-13,4.263256e-14
naive,2026-01-09 08:30:00,418,8.5,21.10878,3237.602,406.2203,386.1062,26.2165,1,1,2266.322,2266.004,757.4273,393.1053,1150.533,3,0,315.1893,35.34338,800,0,499.6694,200,0.1,0.2046279,0.3172331,0,250,0.3172331,1508.577,27.9612,61.93856,0,11.214,0,40.79379,27.15439,13.6394,420.2597,0,790.1827,0,-1.136868e-13,-7.993606e-15,4.263256e-14
naive,2026-01-09 08:45:00,419,8.75,21.09361,3316.874,331.6872,394.2003,19.35293,1,1,2321.811,2321.494,1422.722,577.2784,2000,4,365.0097,379.4263,39.63381,715.9301,500,0,324.9685,0.1624843,0.1259371,0.3172331,0,250,0.3172331,898.7727,31.3603,55.44388,0,14.77402,0,41.79261,16.17791,25.6147,593.4563,0,1150.023,0,1.136868e-13,1.24345e-13,4.263256e-14
naive,2026-01-09 09:00:00,420,9,21.31047,3271.197,263.9411,387.2724,18.07096,1,1,2289.838,2289.52,666.2549,352.912,1019.167,3,0,178.4923,40.67458,800,0,499.6694,200,0.1,0.2046279,0.3172331,0,250,0.3172331,1623.266,32.11324,61.72643,0,6.445702,0,41.21708,29.21878,11.9983,382.1308,0,705.9382,0,-5.684342e-14,-7.993606e-15,4.263256e-14
naive,2026-01-09 09:15:00,421,9.25,21.52896,3300.242,228.0465,384.0793,19.12982,1,1,2310.169,2309.852,1402.787,588.0538,1990.84,4,252.8447,386.3255,51.67028,800,500,0,324.9685,0.1624843,0.1259371,0.3172331,0,250,0.3172331,907.0652,40.70421,61.49664,0,0,0,41.58304,16.32717,25.25587,604.3809,0,1139.578,0,0,1.24345e-13,4.263256e-14
naive,2026-01-09 09:30:00,422,9.5,21.63936,3315.163,188.3327,376.6995,29.32998,1,1,2320.614,2320.297,626.1528,335.2331,961.3859,2,0,101.6449,59.74098,800,0,499.6694,200,0.1,0.2046279,0.3172331,0,250,0.3172331,1694.144,47.00929,61.38052,0,0,0,41.77105,30.49459,11.27646,365.7276,0,662.4022,0,0,-7.993606e-15,4.263256e-14
naive,2026-01-09 09:45:00,423,9.75,21.79327,3330.173,162.7139,379.0755,36.37605,1,1,2331.121,2330.804,1354.264,576.7517,1931.016,4,168.0324,400.6179,62.36533,800,500,0,324.9685,0.1624843,0.1259371,0.3172331,0,250,0.3172331,976.5398,48.99756,61.21865,0,0,0,41.96018,17.57772,24.38246,594.3294,0,1119.788,0,0,1.24345e-13,4.263256e-14
naive,2026-01-09 10:00:00,424,10,21.82971,3325.522,145.9333,388.1817,44.31799,1,1,2327.866,2327.548,602.5714,324.8372,927.4085,2,0,54.04421,73.36434,800,0,499.6694,200,0.1,0.2046279,0.3172331,0,250,0.3172331,1724.977,57.61758,61.18032,0,0,0,41.90158,31.04959,10.85199,355.8868,0,642.9457,0,-5.684342e-14,-7.993606e-15,4.263256e-14
naive,2026-01-09 10:15:00,425,10.25,21.94577,3321.222,108.0793,388.2284,41.93367,1,1,2324.856,2324.538,1344.138,576.534,1920.672,4,132.3366,404.2936,84.04176,800,500,0,324.9685,0.1624843,0.1259371,0.3172331,0,250,0.3172331,980.4004,65.9252,61.05826,0,0,0,41.8474,17.64721,24.20019,594.1812,0,1119.672,0,0,1.24345e-13,4.263256e-14
naive,2026-01-09 10:30:00,426,10.5,22.18083,3377.836,85.00707,407.1021,43.31737,1,1,2364.485,2364.168,596.6988,322.2483,918.9471,2,0,33.89795,85.04918,800,0,499.6694,200,0.1,0.2046279,0.3172331,0,250,0.3172331,1767.469,66.55552,60.81104,0,0.2322859,0,42.56074,31.81445,10.74629,354.0627,0,640.1138,0,0,-7.993606e-15,4.263256e-14
naive,2026-01-09 10:45:00,427,10.75,22.46005,3405.201,113.6678,408.5057,62.00598,1,1,2383.641,2383.324,1328.236,573.3321,1901.568,4,100.3227,407.1971,94.04853,800,500,0,324.9685,0.1624843,0.1259371,0.3172331,0,250,0.3172331,1055.087,73.38791,60.51737,13.34502,1.308635,0,42.90554,18.99157,23.91396,592.3237,0,1141.843,0,0,1.24345e-13,4.263256e-14
naive,2026-01-09 11:00:00,428,11,22.58209,3388.079,76.20562,407.7786,74.05893,1,1,2371.655,2371.338,585.6772,317.3894,903.0667,2,0,0,103.0667,800,0,490.2577,202.3529,0.1011765,0.2046279,0.3172331,0,250,0.3172331,1785.661,80.32431,60.38901,0,0,0,42.68979,32.14189,10.5479,349.5313,0,631.125,0,0,-6.483702e-14,4.263256e-14
naive,2026-01-09 11:15:00,429,11.25,23.22176,3406.501,70.44785,415.7098,78.62933,1,1,2384.551,2384.233,922.2614,459.3758,1381.637,3,53.76999,413.2644,114.6027,800,0,9.284274,200,0.1,0.1274187,0.3172331,0,250,0.3172331,1461.972,88.72841,59.71624,7.393584,2.445321,0,42.92191,26.3155,16.60641,485.6913,0,921.1739,0,-5.684342e-14,1.110223e-16,4.263256e-14
naive,2026-01-09 11:30:00,430,11.5,23.38477,3390.695,85.96945,420.6834,89.69608,1,1,2373.487,2373.17,1326.101,577.0852,1903.186,4,60.86038,413.8937,128.4322,800,500,0,324.9685,0.1624843,0.1259371,0.3172331,0,250,0.3172331,1047.069,99.26803,59.5448,25.10906,6.789727,0,42.72276,18.84723,23.87553,595.9324,0,1179.902,0,1.136868e-13,1.24345e-13,4.263256e-14
naive,2026-01-09 11:45:00,431,11.75,23.63946,3483.383,84.95503,427.7125,104.3193,1,1,2438.368,2438.051,606.815,326.708,933.523,2,0,0,133.523,800,0,484.4702,203.7998,0.1018999,0.2046279,0.3172331,0,250,0.3172331,1831.236,102.9308,59.27693,17.46097,10.73633,1.388501,43.89063,32.96225,10.92838,359.916,0,701.7858,0,0,-6.483702e-14,4.263256e-14
naive,2026-01-09 12:00:00,432,12,23.84626,3498.01,82.63998,424.7716,118.6956,1,1,2448.607,2448.29,947.6327,469.9777,1417.61,3,58.67101,411.7418,147.1977,800,0,15.07091,200,0.1,0.1283298,0.3172331,0,250,0.3172331,1500.657,113.2289,59.05943,8.898058,13.02979,5.466731,44.07493,27.01183,17.0631,497.9611,0,967.3059,0,-1.705303e-13,-4.440892e-16,4.263256e-14
naive,2026-01-09 12:15:00,433,12.25,24.02942,3457.556,109.7207,423.1604,123.8539,1,1,2420.289,2419.972,1360.811,590.544,1951.355,4,76.35326,414.3574,160.6443,800,500,0,324.9685,0.1624843,0.1259371,0.3172331,0,250,0.3172331,1059.161,123.337,58.86679,33.36745,8.803045,0.5169083,43.5652,19.0649,24.50031,609.7011,0,1225.921,0,2.273737e-13,1.24345e-13,4.263256e-14
naive,2026-01-09 12:30:00,434,12.5,24.43141,3493.204,88.95499,426.0565,129.4465,1,1,2445.243,2444.925,641.9004,342.1754,984.0758,2,0,10.89187,173.1839,800,0,499.6694,200,0.1,0.2046279,0.3172331,0,250,0.3172331,1803.025,132.4075,58.444,0,11.12202,0,44.01437,32.45445,11.55992,374.6298,0,702.6956,0,0,-7.993606e-15,4.263256e-14
naive,2026-01-09 12:45:00,435,12.75,24.59545,3515.009,106.3841,431.7528,128.9231,1,1,2460.506,2460.189,1397.821,602.1794,2000,4,108.1165,416.263,187.8087,787.8118,500,0,324.9685,0.1624843,0.1259371,0.3172331,0,250,0.3172331,1062.369,143.3424,57.38369,0,15.4898,0,44.28912,19.12263,25.16648,621.302,0,1204.767,0,-2.273737e-13,1.24345e-13,4.263256e-14
naive,2026-01-09 13:00:00,436,13,24.99122,3525.018,80.84913,432.3922,140.6138,1,1,2467.513,2467.195,673.3758,356.0513,1029.427,3,0,28.41497,201.0121,800,0,499.6694,200,0.1,0.2046279,0.3172331,0,250,0.3172331,1793.82,152.7833,57.85522,0,14.13718,0,44.41523,32.28875,12.12647,388.34,0,735.9795,0,0,-7.993606e-15,4.263256e-14
naive,2026-01-09 13:15:00,437,13.25,25.3535,3529.656,60.96802,430.2329,153.7051,1,1,2470.759,2470.442,1397.33,602.67,2000,4,94.12927,419.9979,210.9934,774.8794,500,0,324.9685,0.1624843,0.1259371,0.3172331,0,250,0.3172331,1073.112,159.7583,55.66946,0,10.23496,0,452.4277,196.5006,255.9271,799.1706,0,1553.368,0,1.136868e-13,1.24345e-13,4.263256e-14
naive,2026-01-09 13:30:00,438,13.5,25.42247,3514.927,66.05249,422.1642,166.7225,1,1,2460.449,2460.132,675.2856,356.8932,1032.179,3,0,6.941629,225.2372,800,0,499.6694,200,0.1,0.2046279,0.3172331,0,250,0.3172331,1784.846,170.419,57.40166,0,3.943191,0,451.1665,327.2829,123.8836,684.1761,0,1310.577,0,0,-7.993606e-15,4.263256e-14
naive,2026-01-09 13:45:00,439,13.75,25.75649,3511.148,78.22554,414.1284,171.2371,1,1,2457.804,2457.486,1397.364,602.6358,2000,4,87.53613,419.3609,229.4898,763.6131,500,0,324.9685,0.1624843,0.1259371,0.3172331,0,250,0.3172331,1060.122,173.0234,54.4555,0,0,0,453.7384,195.7105,258.0278,798.3464,0,1535.43,0,-1.136868e-13,1.24345e-13,4.263256e-14
naive,2026-01-09 14:00:00,440,14,25.86093,3461.919,117.4113,420.1475,179.3648,1,1,2423.343,2423.026,693.3777,364.8691,1058.247,3,0,12.89629,245.3506,800,0,499.6694,200,0.1,0.2046279,0.3172331,0,250,0.3172331,1729.648,184.7766,56.9405,21.65534,3.337719,0,448.3274,319.9913,128.3361,684.8604,0,1348.776,0,0,-7.993606e-15,4.263256e-14
naive,2026-01-09 14:15:00,441,14.25,26.39776,3502.67,117.1291,416.2924,195.5217,1,1,2451.869,2451.552,1398.697,601.3033,2000,4,92.56712,405.947,255.7331,745.7528,500,0,324.9685,0.1624843,0.1259371,0.3172331,0,250,0.3172331,1052.855,191.4975,52.5531,24.56203,10.34535,4.024163,458.6151,196.9335,261.6816,798.9895,0,1599.072,0,0,1.24345e-13,4.263256e-14
naive,2026-01-09 14:30:00,442,14.5,26.51342,3550.587,115.543,416.267,202.5378,1,1,2485.411,2485.094,698.6882,367.2102,1065.898,3,0,0,265.8984,800,0,496.4027,200.8167,0.1004083,0.2046279,0.3172331,0,250,0.3172331,1786.406,198.8635,56.25426,26.97435,8.432935,3.674301,465.9979,334.9391,131.0588,702.8382,0,1403.468,0,-5.684342e-14,-7.993606e-15,4.263256e-14
naive,2026-01-09 14:45:00,443,14.75,26.54709,3549.702,122.773,407.615,204.7209,1,1,2484.791,2484.474,1046.653,511.5469,1558.2,4,76.18677,409.2676,272.7452,800,0,3.140262,200,0.1,0.1264513,0.3172331,0,250,0.3172331,1437.821,203.9107,56.21885,43.446,0,0.8102078,466.2054,269.7692,196.4362,781.4681,0,1574.634,0,1.136868e-13,2.775558e-17,4.263256e-14
naive,2026-01-09 15:00:00,444,15,26.44521,3549.287,119.3844,415,214.3079,1,1,2484.501,2484.184,1396.726,603.2739,2000,4,67.08175,409.595,280.1691,743.1541,500,0,324.9685,0.1624843,0.1259371,0.3172331,0,250,0.3172331,1087.458,209.6893,52.32362,52.30267,5.404926,4.618589,465.1729,203.6046,261.5683,807.7433,0,1656.168,0,0,1.24345e-13,4.263256e-14
naive,2026-01-09 15:15:00,445,15.25,26.41549,3497.518,110.2325,417.7001,209.5389,1,1,2448.263,2447.946,707.5485,371.1163,1078.665,3,0,0,278.6648,800,0,492.8076,201.7155,0.1008577,0.2046279,0.3172331,0,250,0.3172331,1740.397,208.6297,56.35725,24.75298,10.37207,0.9092568,458.1077,325.6551,132.4526,696.9415,0,1391.072,0,-5.684342e-14,4.884981e-14,4.263256e-14
naive,2026-01-09 15:30:00,446,15.5,26.46837,3476.084,110.2637,413.1676,202.5263,1,1,2433.259,2432.942,1072.609,519.3642,1591.973,4,106.6649,407.1334,278.1751,800,0,6.734852,200,0.1,0.1270173,0.3172331,0,250,0.3172331,1360.332,208.1454,56.30163,0,6.034259,0,455.7963,254.8165,200.9798,774.1807,0,1495.431,0,-1.136868e-13,1.110223e-16,4.263256e-14
naive,2026-01-09 15:45:00,447,15.75,26.45504,3431.356,131.9427,413.0626,208.5214,1,1,2401.949,2401.632,1400.843,599.1572,2000,4,104.6267,398.7445,273.2784,723.3504,500,0,324.9685,0.1624843,0.1259371,0.3172331,0,250,0.3172331,1000.789,204.5105,50.91994,27.31602,14.31809,4.010886,449.8078,187.4156,262.3922,787.3239,0,1589.182,0,2.273737e-13,1.24345e-13,4.263256e-14
naive,2026-01-09 16:00:00,448,16,26.40009,3394.811,139.9728,401.1144,212.1256,1,1,2376.368,2376.05,706.6372,370.7145,1077.352,3,0,9.063798,268.2879,800,0,499.6694,200,0.1,0.2046279,0.3172331,0,250,0.3172331,1669.413,200.8938,56.37345,24.51033,7.84364,11.23179,444.5141,312.2739,132.2401,685.0894,0,1362.569,0,-1.136868e-13,-7.993606e-15,4.263256e-14
naive,2026-01-09 16:15:00,449,16.25,26.40288,3407.397,139.5367,391.7458,200.0931,1,1,2385.178,2384.861,1406.303,593.697,2000,4,145.939,403.0383,267.5788,683.4438,500,0,324.9685,0.1624843,0.1259371,0.3172331,0,250,0.3172331,978.5578,200.3569,48.15761,0,0,0,446.1876,183.0557,263.132,776.7527,0,1499.328,0,0,1.24345e-13,4.263256e-14
naive,2026-01-09 16:30:00,450,16.5,26.45618,3435.373,163.8632,381.5437,187.8408,1,1,2404.761,2404.444,757.1689,392.9914,1150.16,3,0,83.51676,266.6435,800,0,499.6694,200,0.1,0.2046279,0.3172331,0,250,0.3172331,1647.275,199.5428,56.31446,0,0,0,450.345,308.4889,141.8561,701.4802,0,1339.607,0,-5.684342e-14,-7.993606e-15,4.263256e-14
naive,2026-01-09 16:45:00,451,16.75,26.71047,3417.52,180.7724,389.1042,192.2035,1,1,2392.264,2391.947,1417.951,582.0494,2000,4,240.5441,393.1099,257.6163,608.7298,500,0,324.9685,0.1624843,0.1259371,0.3172331,0,250,0.3172331,973.996,192.2632,42.64685,0,0,0,450.3637,183.3629,267.0008,765.4123,0,1482.847,0,0,1.24345e-13,4.263256e-14
naive,2026-01-09 17:00:00,452,17,26.53719,3462.014,255.1324,386.7587,180.8196,1,1,2423.41,2423.093,805.4504,414.2762,1219.727,3,0,169.665,250.0617,800,0,499.6694,200,0.1,0.2046279,0.3172331,0,250,0.3172331,1617.642,186.9718,56.22926,0,0,0,454.596,303.4459,151.1501,717.7221,0,1372.186,0,-5.684342e-14,-7.993606e-15,4.263256e-14
naive,2026-01-09 17:15:00,453,17.25,26.50192,3453.083,281.5975,384.5762,167.3781,1,1,2417.158,2416.841,1427.212,572.7884,2000,4,318.5418,388.4902,239.178,553.7901,500,0,324.9685,0.1624843,0.1259371,0.3172331,0,250,0.3172331,989.6293,178.9015,38.94968,0,0,0,453.0935,185.5049,267.5886,758.2933,0,1472.768,0,0,1.24345e-13,4.263256e-14
naive,2026-01-09 17:30:00,454,17.5,26.40026,3366.375,354.5307,383.1105,152.5579,1,1,2356.462,2356.145,852.77,435.137,1287.907,3,0,262.1651,225.7419,800,0,499.6694,200,0.1,0.2046279,0.3172331,0,250,0.3172331,1503.375,169.0351,56.37327,0,2.086183,0,440.7922,281.2164,159.5757,716.3535,0,1372.886,0,5.684342e-14,-7.993606e-15,4.263256e-14
naive,2026-01-09 17:45:00,455,17.75,26.21229,3338.742,413.6799,377.614,156.8062,1,1,2337.119,2336.802,1443.967,556.0329,2000,4,456.0392,377.1522,218.2396,448.5689,500,0,324.9685,0.1624843,0.1259371,0.3172331,0,250,0.3172331,892.8349,163.7456,31.71997,0,0.4618516,0,435.4896,166.3674,269.1223,722.4003,0,1409.912,0,0,1.24345e-13,4.263256e-14
naive,2026-01-09 18:00:00,456,18,26.04445,3354.915,497.6833,0,145.6054,1,1,2348.441,2348.124,690.631,360.7809,1051.412,3,24.18787,8.178553,219.0455,800,0,499.6694,200,0.1,0.2046279,0.3172331,0,250,0.3172331,1657.492,164.6443,56.74749,0,0,0,436.0989,307.7917,128.3072,668.5726,0,1273.304,0,0,-7.993606e-15,4.263256e-14
naive,2026-01-09 18:15:00,457,18.25,25.91078,3336.031,581.8901,0,127.8726,1,1,2335.222,2334.905,1438.335,561.6652,2000,4,563.1444,1.49984,204.9156,730.4402,500,0,324.9685,0.1624843,0.1259371,0.3172331,0,250,0.3172331,896.5699,154.2428,51.94167,18.74562,0,0,432.4634,166.0372,266.4262,727.7024,0,1429.307,0,2.273737e-13,1.24345e-13,4.263256e-14
naive,2026-01-09 18:30:00,458,18.5,25.97482,3339.06,623.7703,0,124.7102,1,1,2337.342,2337.025,735.9402,369.5238,1105.464,3,118.6033,0,186.8606,800,0,499.6694,200,0.1,0.2046279,0.3172331,0,250,0.3172331,1601.085,140.5568,56.82073,5.497613,0,0,433.4214,296.8946,136.5268,666.4184,0,1278.397,0,0,-7.993606e-15,4.263256e-14
naive,2026-01-09 18:45:00,459,18.75,25.90421,3271.123,676.9957,0,117.1431,0,1,2289.786,2289.469,1451.712,548.2878,2000,4,673.0512,0.1028134,180.2035,646.6425,500,0,324.9685,0.1624843,0.1259371,0.3172331,0,250,0.3172331,837.7569,135.6511,45.98839,3.944503,0,0,423.9924,155.1248,268.8676,0,703.4126,3823.837,0,-2.273737e-13,1.24345e-13,4.263256e-14
naive,2026-01-09 19:00:00,460,19,25.77475,3286.311,711.508,0,112.8091,0,0,2300.418,2300.101,786.534,381.5629,1168.097,3,204.8943,1.051514,162.1511,800,0,499.6694,200,0.1,0.2046279,0.3172331,0,250,0.3172331,1513.567,122.2298,57.03115,6.944272,0,0,424.8407,279.5252,145.3155,0,661.0881,3583.803,0,0,-7.993606e-15,4.263256e-14
naive,2026-01-09 19:15:00,461,19.25,25.78158,3234.842,707.4837,0,104.8155,0,0,2264.389,2264.072,1457.92,542.0801,2000,4,728.6668,1.511703,154.6469,615.1746,500,0,324.9685,0.1624843,0.1259371,0.3172331,0,250,0.3172331,806.1522,116.5647,43.84962,0,0,0,418.245,148.9007,269.3443,0,690.9808,3751.063,0,0,1.24345e-13,4.263256e-14
naive,2026-01-09 19:30:00,462,19.5,25.73047,3228.233,740.3622,0,99.93435,0,0,2259.763,2259.446,800.9336,383.276,1184.21,3,243.8568,1.681179,138.6716,800,0,499.6694,200,0.1,0.2046279,0.3172331,0,250,0.3172331,1458.512,104.5801,57.07771,0,0,0,416.9576,269.1157,147.8419,0,652.3918,3523.942,0,-1.136868e-13,-7.993606e-15,4.263256e-14
naive,2026-01-09 19:45:00,463,19.75,25.6,3263.897,739.2841,0,84.22049,0,0,2284.728,2284.411,1456.653,543.3467,2000,4,728.2419,5.311822,127.2913,639.155,500,0,324.9685,0.1624843,0.1259371,0.3172331,0,250,0.3172331,827.7575,96.13041,45.71151,11.04226,0,0,420.4506,152.3293,268.1212,0,695.676,3793.841,0,0,1.24345e-13,4.263256e-14
naive,2026-01-09 20:00:00,464,20,25.53621,3239.515,717.5281,1.289589,84.31803,0,0,2267.66,2267.343,750.6933,366.1971,1116.89,3,201.2414,7.474067,108.1749,800,0,499.6694,200,0.1,0.2046279,0.3172331,0,250,0.3172331,1516.65,81.74893,57.28203,16.61717,0,2.569103,416.7714,278.7438,138.0276,0,645.4131,3513.994,0,1.136868e-13,-7.993606e-15,4.263256e-14
naive,2026-01-09 20:15:00,465,20.25,25.30183,3210.027,684.1206,0,73.56722,0,0,2247.019,2246.702,1446.337,553.6627,2000,4,660.5805,10.17693,97.98462,731.2579,500,0,324.9685,0.1624843,0.1259371,0.3172331,0,250,0.3172331,800.3645,74.23171,52.58525,23.5401,0,0,411.0301,146.4046,264.6255,0,700.0673,3831.819,0,0,1.24345e-13,4.263256e-14
naive,2026-01-09 20:30:00,466,20.5,25.24677,3208.676,631.5961,0,66.79161,0,0,2246.073,2245.756,660.2156,337.6333,997.849,2,106.0556,5.696252,86.09709,800,0,499.6694,200,0.1,0.2046279,0.3172331,0,250,0.3172331,1585.54,65.26382,57.58645,25.87103,0,1.527788,410.4024,289.7099,120.6925,0,627.6224,3431.766,0,0,-7.993606e-15,4.263256e-14
naive,2026-01-09 20:45:00,467,20.75,25.15873,3166.275,557.4333,8.552194,58.50167,0,0,2216.393,2216.075,1380.58,544.1226,1924.702,4,539.8458,1.427284,83.42941,800,500,0,324.9685,0.1624843,0.1259371,0.3172331,0,250,0.3172331,835.4954,63.30041,57.67905,17.58753,7.12491,0,404.2638,152.392,251.8718,0,696.5146,3808.57,0,-2.273737e-13,1.24345e-13,4.263256e-14
naive,2026-01-09 21:00:00,468,21,24.94532,3127.498,499.1123,1.537059,54.4594,0,0,2189.249,2188.931,562.8472,307.3248,870.172,2,0,0,70.17198,800,0,493.6214,201.512,0.100756,0.2046279,0.3172331,0,250,0.3172331,1626.084,53.3614,57.9035,8.476023,0,1.098004,39.40647,29.26951,10.13696,0,336.7937,1801.845,0,0,-7.993606e-15,4.263256e-14
naive,2026-01-09 21:15:00,469,21.25,24.6184,3142.168,417.7783,0,51.16455,0,0,2199.518,2199.2,890.3824,401.342,1291.724,3,423.4776,3.984334,64.26248,800,0,5.921118,200,0.1,0.1268892,0.3172331,0,250,0.3172331,1308.818,49.03567,58.24734,0,0,2.128882,39.59132,23.55872,16.03259,0,425.2848,2273.538,0,-1.136868e-13,-3.053113e-16,4.263256e-14
naive,2026-01-09 21:30:00,470,21.5,24.6414,3091.567,393.7367,0,53.27908,0,0,2164.097,2163.78,1226.57,497.6482,1724.218,4,359.7764,4.344648,60.09702,800,500,0,324.9685,0.1624843,0.1259371,0.3172331,0,250,0.3172331,937.2098,45.84614,58.22314,33.96033,0,7.432942,38.95374,16.86978,22.08397,0,515.8598,2830.31,0,0,1.24345e-13,4.263256e-14
naive,2026-01-09 21:45:00,471,21.75,24.46829,3055.775,314.2354,0,44.24615,0,0,2139.043,2138.726,553.8134,303.3423,857.1557,2,0,0,57.15567,800,0,330.262,242.3519,0.1211759,0.2046279,0.3172331,0,250,0.3172331,1584.912,43.68143,58.40521,0,0,0.5647179,38.50277,28.52842,9.974351,0,331.9723,1760.142,0,-5.684342e-14,-7.993606e-15,4.263256e-14
naive,2026-01-09 22:00:00,472,22,24.67253,3099.688,281.509,4.909402,45.02597,0,0,2169.782,2169.465,630.3343,325.4179,955.7522,2,98.00502,4.842788,52.9044,800,0,169.2548,200,0.1,0.1526054,0.3172331,0,250,0.3172331,1539.13,40.34594,58.1904,14.24917,0.06661418,4.68003,39.05607,27.70434,11.35173,0,353.9676,1906.052,0,0,3.830269e-15,4.263256e-14
naive,2026-01-09 22:15:00,473,22.25,24.38323,3059.61,226.7598,0,47.4089,0,0,2141.727,2141.409,1122.495,466.446,1588.941,4,236.3801,1.044488,51.5165,800,500,0,324.9685,0.1624843,0.1259371,0.3172331,0,250,0.3172331,1018.914,39.40673,58.49467,0,0,8.002168,38.55108,18.34046,20.21062,0,486.2237,2608.424,0,5.684342e-14,1.24345e-13,4.263256e-14
naive,2026-01-09 22:30:00,474,22.5,24.28606,3068.193,194.1941,0,38.8166,0,0,2147.735,2147.418,547.6427,300.6219,848.2646,2,0,0,48.26462,800,0,194.7098,276.2399,0.13812,0.2046279,0.3172331,0,250,0.3172331,1599.775,36.95677,58.59687,1.512121,0,1.859831,38.65923,28.79595,9.863278,0,329.7513,1750.319,0,0,-9.325873e-14,4.263256e-14
naive,2026-01-09 22:45:00,475,22.75,24.01586,3090.47,174.3433,0,37.38927,1,0,2163.329,2163.012,547.4335,300.5297,847.9632,2,0,0,47.96318,800,0,159.5166,236.3173,0.1181586,0.1739442,0.3172331,0,250,0.3172331,1615.578,36.82964,58.88105,16.01848,0,0.5596304,38.93992,29.08041,9.859513,329.7099,0,620.8105,0,5.684342e-14,9.992007e-16,4.263256e-14
naive,2026-01-09 23:00:00,476,23,23.83286,3078.805,136.6917,0,30.32705,1,1,2155.163,2154.846,545.1222,299.5108,844.6329,2,0,4.591299,40.04162,800,0,145.1202,200,0.1,0.1488055,0.3172331,0,250,0.3172331,1609.724,30.8055,59.07352,0,0,0,38.79294,28.97503,9.817909,328.4858,0,590.5139,0,-5.684342e-14,-4.246603e-15,4.263256e-14
naive,2026-01-09 23:15:00,477,23.25,23.72263,3044.067,124.748,0,21.79571,1,1,2130.847,2130.53,1038.016,441.6087,1479.625,3,132.0995,7.98366,39.54176,800,500,0,324.9685,0.1624843,0.1259371,0.3172331,0,250,0.3172331,1092.514,30.45582,59.18945,0,0,0,38.35525,19.66524,18.69,461.274,0,855.9598,0,-5.684342e-14,1.24345e-13,4.263256e-14
naive,2026-01-09 23:30:00,478,23.5,23.39741,3062.039,74.17498,0,24.90456,1,1,2143.427,2143.11,540.9947,297.6912,838.6859,2,0,0,38.68588,800,0,116.4784,295.7978,0.1478989,0.2046279,0.3172331,0,250,0.3172331,1602.115,29.89725,59.53151,0,0,0,38.58169,28.83807,9.743615,326.5292,0,586.0856,0,0,2.04281e-14,4.263256e-14
naive,2026-01-09 23:45:00,479,23.75,23.16452,3032.63,81.13765,0,21.00513,1,1,2122.841,2122.524,538.1645,296.4435,834.608,2,0,0,34.60799,800,0,103.7635,269.8103,0.1349052,0.1862595,0.3172331,0,250,0.3172331,1584.359,26.81025,59.77644,0,0,0,38.21113,28.51846,9.692671,324.962,0,582.6754,0,0,-4.37983e-14,4.263256e-14
naive,2026-01-10 00:00:00,480,0,22.96661,3083.673,102.8407,0,22.34089,1,1,2158.571,2158.254,534.241,294.7138,828.9549,2,0,0,28.95486,800,0,97.47683,245.3986,0.1226993,0.1698956,0.3172331,0,250,0.3172331,1624.013,22.47671,59.98459,7.000868,0,0,38.85428,29.23223,9.622049,323.9461,0,592.486,0,0,5.878631e-14,4.263256e-14
naive,2026-01-10 00:15:00,481,0.25,22.76404,3126.601,95.74583,0,22.6296,1,1,2188.62,2188.303,534.6147,294.8786,829.4933,2,0,0,29.4933,800,0,97.69264,220.9369,0.1104684,0.1545239,0.3172331,0,250,0.3172331,1653.689,22.94247,60.19765,0,0,0,39.39517,29.76639,9.628775,324.645,0,581.5676,0,0,-2.220446e-15,4.263256e-14
naive,2026-01-10 00:30:00,482,0.5,22.62683,3080.78,82.99933,6.131574,24.2385,1,1,2156.546,2156.229,532.6792,294.0253,826.7045,2,0,0,26.70449,800,0,76.73707,201.7178,0.1008589,0.1391207,0.3172331,0,250,0.3172331,1623.549,20.80241,60.34196,6.930001,5.463829,3.436089,38.81782,29.22389,9.593936,323.8456,0,601.1859,0,-5.684342e-14,2.439715e-14,4.263256e-14
naive,2026-01-10 00:45:00,483,0.75,22.54799,3083.406,74.06041,11.62852,19.62483,1,1,2158.384,2158.067,581.241,307.1725,888.4135,2,69.44588,0.3569606,18.61068,800,0,6.744226,200,0.1,0.1270187,0.3172331,0,250,0.3172331,1576.826,14.50919,60.42488,0,11.27156,5.115642,38.85092,28.38287,10.46805,336.442,0,624.3495,0,5.684342e-14,-1.94289e-16,4.263256e-14
naive,2026-01-10 01:00:00,484,1,22.44691,3053.618,42.68996,0,10.65953,1,1,2137.532,2137.215,972.6866,419.9583,1392.645,3,71.99461,0.4853637,20.16496,800,500,0,324.9685,0.1624843,0.1259371,0.3172331,0,250,0.3172331,1164.529,15.73723,60.53119,0,0,0,38.47558,20.96151,17.51407,440.9198,0,813.742,0,1.136868e-13,1.24345e-13,4.263256e-14
naive,2026-01-10 01:15:00,485,1.25,22.27569,3056.232,39,9.788586,5.901265,1,1,2139.362,2139.045,530.2539,292.9561,823.21,2,0,0,23.21003,800,0,83.45939,304.0525,0.1520263,0.2046279,0.3172331,0,250,0.3172331,1608.791,18.14547,60.71127,0,8.480369,0,38.50852,28.95824,9.550281,321.9144,0,590.1572,0,-5.684342e-14,-6.483702e-14,4.263256e-14
naive,2026-01-10 01:30:00,486,1.5,22.03118,3042.574,59.1931,0,6.853746,1,1,2129.802,2129.485,525.5954,290.9024,816.4978,2,0,0,16.49784,800,0,82.76725,283.3128,0.1416564,0.1914574,0.3172331,0,250,0.3172331,1603.889,12.93019,60.96842,0,0,0,38.33643,28.87,9.466428,319.7724,0,570.9554,0,5.684342e-14,9.739431e-14,4.263256e-14
naive,2026-01-10 01:45:00,487,1.75,21.69311,3013.596,95.34657,4.506114,5.050783,1,1,2109.517,2109.2,522.0109,289.3222,811.3331,2,0,0,11.33307,800,0,90.52225,260.6377,0.1303188,0.1783979,0.3172331,0,250,0.3172331,1587.189,8.912952,61.32399,4.91381,4.416624,0,37.97131,28.5694,9.401906,317.8916,0,582.8887,0,0,-1.662559e-14,4.263256e-14
naive,2026-01-10 02:00:00,488,2,21.41676,3027.095,105.5888,0,9.774957,1,1,2118.966,2118.649,523.3434,289.9096,813.253,2,0,0,13.25303,800,0,97.41707,236.2424,0.1181212,0.1641197,0.3172331,0,250,0.3172331,1595.306,10.45221,61.61464,9.390505,0,0,38.1414,28.7155,9.425892,318.6251,0,584.1324,0,5.684342e-14,-3.977374e-14,4.263256e-14
naive,2026-01-10 02:15:00,489,2.25,21.1778,2987.284,101.9764,0,13.75466,1,1,2091.099,2090.782,521.3394,289.0261,810.3655,2,0,0,10.36551,800,0,125.2815,204.8848,0.1024424,0.1487584,0.3172331,0,250,0.3172331,1569.442,8.194743,61.86597,0,0,5.559921,37.63978,28.24996,9.389819,318.2152,0,566.8312,0,0,1.29341e-14,4.263256e-14
naive,2026-01-10 02:30:00,490,2.5,21.1071,3004.232,99.26705,0.2204967,11.45642,1,1,2102.962,2102.645,600.3572,312.3803,912.7374,2,96.51053,4.196995,12.02989,800,0,19.41019,200,0.1,0.129013,0.3172331,0,250,0.3172331,1502.288,9.517369,61.94032,0,0,1.939053,37.85332,27.04118,10.81214,339.7485,0,609.8142,0,-5.684342e-14,-1.665335e-16,4.263256e-14
naive,2026-01-10 02:45:00,491,2.75,20.90954,3006.9,105.7936,0.6222704,18.90593,1,1,2104.83,2104.513,1002.932,427.9077,1430.84,3,117.2555,2.965232,10.61893,800,500,0,324.9685,0.1624843,0.1259371,0.3172331,0,250,0.3172331,1101.581,8.417878,62.14811,0,0,10.48806,37.88694,19.82846,18.05849,449.4989,0,829.0811,0,5.684342e-14,1.24345e-13,4.263256e-14
naive,2026-01-10 03:00:00,492,3,20.60962,2994.285,130.0944,0,16.62822,1,1,2096,2095.682,521.6071,289.1442,810.7513,2,0,0,10.75131,800,0,127.7994,292.9675,0.1464838,0.2046279,0.3172331,0,250,0.3172331,1574.075,8.548612,62.46355,9.041821,0,8.079606,37.72799,28.33335,9.394638,318.828,0,582.9816,0,-5.684342e-14,-1.074696e-13,4.263256e-14
naive,2026-01-10 03:15:00,493,3.25,20.56684,3026.447,121.4669,2.829137,18.48517,1,1,2118.513,2118.196,520.0566,288.4606,808.5172,2,0,0,8.517199,800,0,106.8544,266.2078,0.1331039,0.1844773,0.3172331,0,250,0.3172331,1598.139,6.775136,62.50854,15.30864,2.132964,11.71004,38.13323,28.76651,9.366729,319.1828,0,598.1303,0,0,-5.653811e-14,4.263256e-14
naive,2026-01-10 03:30:00,494,3.5,20.34932,3031.831,121.8648,6.413185,15.35859,1,1,2122.282,2121.965,518.0297,287.5671,805.5968,2,0,0,5.596791,800,0,124.7323,234.9828,0.1174914,0.1676271,0.3172331,0,250,0.3172331,1603.935,4.461793,62.73732,5.58174,0,10.8968,38.20107,28.87083,9.330245,318.2505,0,575.5501,0,0,3.724798e-14,4.263256e-14
naive,2026-01-10 03:45:00,495,3.75,20.15109,3027.56,133.0305,7.029243,11.12105,1,1,2119.292,2118.974,520.8605,288.815,809.6756,2,0,3.649582,6.025976,800,0,139.7833,200,0.1,0.1479652,0.3172331,0,250,0.3172331,1598.114,4.813497,62.9458,0,0.4536711,6.307553,38.14725,28.76605,9.381199,318.6265,0,567.2216,0,0,-1.026956e-15,4.263256e-14
naive,2026-01-10 04:00:00,496,4,20.0378,3029.708,151.8452,0,13.00212,1,1,2120.795,2120.478,1023.804,434.2356,1458.039,3,141.4103,7.665541,8.963546,800,500,0,324.9685,0.1624843,0.1259371,0.3172331,0,250,0.3172331,1096.674,7.168126,63.06496,10.43486,0,5.833996,38.17432,19.74014,18.43418,454.9407,0,856.9335,0,-1.136868e-13,1.24345e-13,4.263256e-14
naive,2026-01-10 04:15:00,497,4.25,20.02957,3031.204,172.1537,0,20.43091,1,1,2121.843,2121.526,518.0126,287.5595,805.5722,2,0,0,5.572159,800,0,162.6428,284.2567,0.1421283,0.2046279,0.3172331,0,250,0.3172331,1603.513,4.456409,63.07362,14.01839,0,15.9745,38.19317,28.86323,9.329937,319.0646,0,591.3531,0,5.684342e-14,7.727152e-14,4.263256e-14
naive,2026-01-10 04:30:00,498,4.5,19.65921,3062.229,178.8336,0,9.910019,1,1,2143.56,2143.243,521.4326,289.0673,810.4999,2,0,0,10.49987,800,0,187.7878,237.265,0.1186325,0.1789923,0.3172331,0,250,0.3172331,1621.81,8.399897,63.46314,0,0,1.510122,38.58408,29.19258,9.391497,318.5079,0,565.6198,0,0,2.470246e-14,4.263256e-14
naive,2026-01-10 04:45:00,499,4.75,19.47581,3058.461,199.2249,0,11.04822,1,1,2140.923,2140.606,589.5987,309.4954,899.0941,2,80.89175,7.002988,11.19939,800,0,148.9105,200,0.1,0.1494023,0.3172331,0,250,0.3172331,1551.007,8.959515,63.65602,0,0,2.088709,38.53661,27.91812,10.61849,337.7555,0,603.898,0,5.684342e-14,-1.140754e-14,4.263256e-14
naive,2026-01-10 05:00:00,500,5,19.4777,2992.92,262.5991,0,21.00772,1,1,2095.044,2094.727,1132.939,464.7736,1597.713,4,289.1439,1.096088,7.472687,800,500,0,324.9685,0.1624843,0.1259371,0.3172331,0,250,0.3172331,961.7877,5.97815,63.65404,0,0,15.02957,37.71079,17.31218,20.39861,484.5466,0,897.4824,0,-5.684342e-14,1.24345e-13,4.263256e-14
naive,2026-01-10 05:15:00,501,5.25,19.4237,2937.149,347.7999,8.407743,9.652232,1,1,2056.004,2055.687,520.9177,288.8402,809.7579,2,0,0,9.757921,800,0,348.5888,237.7702,0.1188851,0.2046279,0.3172331,0,250,0.3172331,1534.769,7.806337,63.71084,0.3090792,7.309779,1.845895,37.00808,27.62585,9.382228,316.768,0,575.0039,0,-5.684342e-14,-6.483702e-14,4.263256e-14
naive,2026-01-10 05:30:00,502,5.5,19.32007,2945.002,453.3956,3.467715,4.372283,1,1,2061.501,2061.184,742.6739,353.2372,1095.911,3,280.4666,1.355216,14.08927,800,0,150.9309,200,0.1,0.1497204,0.3172331,0,250,0.3172331,1318.51,11.27142,63.81983,21.99806,2.112499,0,37.10703,23.73319,13.37384,376.9704,0,723.7342,0,1.136868e-13,-1.151856e-14,4.263256e-14
naive,2026-01-10 05:45:00,503,5.75,19.27487,2948.399,533.5975,3.700971,0,1,1,2063.879,2063.562,1306.892,516.0775,1822.969,4,502.5199,2.084929,18.36465,800,500,0,324.9685,0.1624843,0.1259371,0.3172331,0,250,0.3172331,756.6702,14.69172,63.86736,31.07762,1.616042,0,37.14983,13.62006,23.52977,529.6976,0,1043.941,0,2.273737e-13,1.24345e-13,4.263256e-14
naive,2026-01-10 06:00:00,504,6,19.49589,2977.624,591.6646,4.929911,2.312126,1,1,2084.337,2084.02,603.3571,313.8913,917.2484,2,94.92542,5.244323,17.0787,800,0,499.6694,200,0.1,0.2046279,0.3172331,0,250,0.3172331,1480.663,13.66296,63.6349,0,0,0,37.51806,26.65193,10.86614,340.5433,0,609.4973,0,-5.684342e-14,-7.993606e-15,4.263256e-14
naive,2026-01-10 06:15:00,505,6.25,19.48947,2976.82,660.794,0,3.769128,1,1,2083.774,2083.457,1422.742,549.7527,1972.495,4,648.7646,4.960231,18.76978,800,500,0,324.9685,0.1624843,0.1259371,0.3172331,0,250,0.3172331,660.7152,15.01582,63.64166,12.02936,0,0,37.50794,11.89287,25.61506,561.6456,0,1072.445,0,0,1.24345e-13,4.263256e-14
naive,2026-01-10 06:30:00,506,6.5,19.65029,2992.355,700.0822,0.7942138,5.536009,1,1,2094.649,2094.331,697.8047,341.3667,1039.171,3,213.9728,4.935154,20.26349,800,0,499.6694,200,0.1,0.2046279,0.3172331,0,250,0.3172331,1396.527,16.2108,63.47252,0,0,0,37.70368,25.13748,12.56619,366.5042,0,661.6019,0,-1.136868e-13,-7.993606e-15,4.263256e-14
naive,2026-01-10 06:45:00,507,6.75,19.83425,3059.931,744.4131,0,10.32819,1,1,2141.951,2141.634,1456.657,543.3434,2000,4,767.9277,4.588519,24.58883,702.8949,500,0,324.9685,0.1624843,0.1259371,0.3172331,0,250,0.3172331,684.9776,19.67106,55.59814,0,0,0,38.55512,12.3296,26.22553,555.673,0,1048.798,0,0,1.24345e-13,4.263256e-14
naive,2026-01-10 07:00:00,508,7,19.86917,3051.578,780.594,0,16.85854,1,1,2136.104,2135.787,740.2584,353.3615,1093.62,3,270.4708,2.338804,20.81029,800,0,499.6694,200,0.1,0.2046279,0.3172331,0,250,0.3172331,1395.529,16.64823,63.24231,10.4538,0,0.2103064,38.44988,25.11951,13.33036,378.5157,0,703.9165,0,-5.684342e-14,-7.993606e-15,4.263256e-14
naive,2026-01-10 07:15:00,509,7.25,20.0348,3101.774,768.8019,0,12.60827,1,1,2171.242,2170.925,1454.984,545.0156,2000,4,760.117,0.01139758,16.9712,722.9004,500,0,324.9685,0.1624843,0.1259371,0.3172331,0,250,0.3172331,715.9402,13.57223,56.98995,8.684821,0,0,39.08235,12.88692,26.19543,557.9026,0,1066.673,0,0,1.24345e-13,4.263256e-14
naive,2026-01-10 07:30:00,510,7.5,20.09663,3121.319,759.8921,0,16.68083,1,1,2184.923,2184.606,701.0541,342.0465,1043.101,3,220.3008,1.274427,21.52535,800,0,499.6694,200,0.1,0.2046279,0.3172331,0,250,0.3172331,1483.552,17.20364,63.00308,39.92189,0,0,39.32862,26.70393,12.62468,368.7504,0,735.4876,0,-5.684342e-14,-7.993606e-15,4.263256e-14
naive,2026-01-10 07:45:00,511,7.75,20.15131,3175.41,686.1954,0,22.8525,1,1,2222.787,2222.47,1438.252,554.9575,1993.21,4,662.4907,3.698302,27.02054,800,500,0,324.9685,0.1624843,0.1259371,0.3172331,0,250,0.3172331,784.2177,21.58372,62.94558,23.70474,0,1.268781,40.01016,14.11592,25.89425,569.2837,0,1108.644,0,0,1.24345e-13,4.263256e-14
naive,2026-01-10 08:00:00,512,8,20.15241,3212.255,606.6126,183.1724,29.11089,1,1,2248.579,2248.261,862.3307,428.6803,1291.011,3,89.70731,372.7388,28.56486,800,0,499.6694,200,0.1,0.2046279,0.3172331,0,250,0.3172331,1385.931,22.81706,62.94441,17.23581,0,6.293832,40.47441,24.94675,15.52766,454.6703,0,868.2599,0,5.684342e-14,-7.993606e-15,4.263256e-14
naive,2026-01-10 08:15:00,513,8.25,20.42752,3224.812,524.7611,182.3458,31.35676,1,1,2257.368,2257.051,1440.486,559.5141,2000,4,502.9711,376.9102,28.30772,591.8109,500,0,324.9685,0.1624843,0.1259371,0.3172331,0,250,0.3172331,816.5651,22.54936,46.34995,21.78993,0,8.807396,40.63263,14.69817,25.93446,575.6795,0,1136.803,0,0,1.24345e-13,4.263256e-14
naive,2026-01-10 08:30:00,514,8.5,20.54644,3263.689,444.362,181.1112,32.39417,1,1,2284.582,2284.265,747.9082,388.9088,1136.817,3,0,302.6428,34.1742,800,0,499.6694,200,0.1,0.2046279,0.3172331,0,250,0.3172331,1536.357,27.18996,62.53,23.19021,0,5.204205,41.12248,27.65442,13.46806,417.4321,0,804.521,0,0,-7.993606e-15,4.263256e-14
naive,2026-01-10 08:45:00,515,8.75,20.6565,3277.511,365.102,186.3902,30.93367,1,1,2294.257,2293.94,1420.217,579.7829,2000,4,346.4032,387.5594,31.25255,734.7849,500,0,324.9685,0.1624843,0.1259371,0.3172331,0,250,0.3172331,873.723,24.8379,57.3263,18.6988,0,6.095773,41.29663,15.72701,25.56962,596.5296,0,1160.823,0,-1.136868e-13,1.24345e-13,4.263256e-14
naive,2026-01-10 09:00:00,516,9,20.70252,3259.21,298.4198,180.3942,34.80578,1,1,2281.447,2281.13,648.9965,345.3037,994.3002,2,0,163.4634,30.83678,800,0,499.6694,200,0.1,0.2046279,0.3172331,0,250,0.3172331,1632.133,24.49612,62.36584,19.6696,0,10.30966,41.06604,29.3784,11.68765,376.4082,0,716.5849,0,-5.684342e-14,-7.993606e-15,4.263256e-14
naive,2026-01-10 09:15:00,517,9.25,21.14134,3288.234,252.0692,185.8093,44.80451,1,1,2301.764,2301.446,1380.594,579.9248,1960.518,4,238.9341,385.0965,36.48795,800,500,0,324.9685,0.1624843,0.1259371,0.3172331,0,250,0.3172331,920.8527,28.8572,61.90432,13.13511,0,15.94731,41.43175,16.57535,24.8564,599.1919,0,1151.4,0,2.273737e-13,1.24345e-13,4.263256e-14
naive,2026-01-10 09:30:00,518,9.5,21.44598,3315.409,194.4336,180.1628,53.22529,1,1,2320.786,2320.469,603.527,325.2585,928.7854,2,0,81.61223,47.17319,800,0,499.6694,200,0.1,0.2046279,0.3172331,0,250,0.3172331,1716.942,37.19286,61.58391,0,0,16.03243,41.77416,30.90496,10.8692,358.885,0,648.488,0,-1.136868e-13,-7.993606e-15,4.263256e-14
naive,2026-01-10 09:45:00,519,9.75,21.64277,3325.644,160.4369,184.3124,60.63385,1,1,2327.951,2327.634,1337.458,569.6963,1907.154,4,165.0608,388.6512,53.44228,800,500,0,324.9685,0.1624843,0.1259371,0.3172331,0,250,0.3172331,990.1756,42.05148,61.37694,0,0,18.58237,41.90311,17.82316,24.07995,590.6855,0,1112.322,0,0,1.24345e-13,4.263256e-14
naive,2026-01-10 10:00:00,520,10,21.77321,3346.678,142.0436,192.2348,65.61237,1,1,2342.674,2342.357,588.6388,318.6951,907.3339,2,0,43.32506,64.00884,800,0,499.6694,200,0.1,0.2046279,0.3172331,0,250,0.3172331,1753.718,50.29907,61.23975,0,0,15.3133,42.16814,31.56693,10.60121,352.8774,0,636.8601,0,-5.684342e-14,-7.993606e-15,4.263256e-14
naive,2026-01-10 10:15:00,521,10.25,21.802,3349.966,118.8157,193.0221,64.90626,1,1,2344.976,2344.659,1315.783,565.6215,1881.405,4,118.991,395.4141,66.99959,800,500,0,324.9685,0.1624843,0.1259371,0.3172331,0,250,0.3172331,1028.875,52.6338,61.20947,0,0,12.27245,42.20957,18.51976,23.68981,586.2384,0,1103.616,0,0,1.24345e-13,4.263256e-14
naive,2026-01-10 10:30:00,522,10.5,22.0752,3374.616,93.47432,194.3742,67.70448,1,1,2362.231,2361.914,569.1466,310.1019,879.2485,2,0,10.78388,68.46459,800,0,499.6694,200,0.1,0.2046279,0.3172331,0,250,0.3172331,1792.767,53.63505,60.92213,0,0,14.06943,42.52016,32.26981,10.25035,344.7884,0,621.0394,0,0,-7.993606e-15,4.263256e-14
naive,2026-01-10 10:45:00,523,10.75,22.35103,3382.712,96.73935,202.2566,70.46394,1,1,2367.898,2367.581,1328.99,572.7759,1901.766,4,107.7904,407.9863,85.98892,800,500,0,324.9685,0.1624843,0.1259371,0.3172331,0,250,0.3172331,1038.591,67.17384,60.63203,0,0,3.290101,42.62217,18.69464,23.92753,592.0387,0,1115.866,0,0,1.24345e-13,4.263256e-14
naive,2026-01-10 11:00:00,524,11,22.4084,3360.906,99.73381,200.9654,67.38693,1,1,2352.634,2352.317,582.6013,316.0334,898.6348,2,0,0,98.63477,800,0,486.8111,203.2146,0.1016073,0.2046279,0.3172331,0,250,0.3172331,1769.716,77.0074,60.57169,23.13828,0,0,42.34742,31.85488,10.49253,347.8883,0,667.547,0,0,-6.483702e-14,4.263256e-14
naive,2026-01-10 11:15:00,525,11.25,22.80436,3377.481,86.31643,208.1298,74.53866,1,1,2364.237,2363.92,918.5027,457.6578,1376.16,3,54.28308,414.5643,107.3131,800,0,12.73033,200,0.1,0.1279612,0.3172331,0,250,0.3172331,1445.417,83.44289,60.15524,19.30302,0,0,42.55626,26.01751,16.53876,483.6753,0,932.9736,0,0,-3.885781e-16,4.263256e-14
naive,2026-01-10 11:30:00,526,11.5,23.14864,3438.882,74.05707,212.7436,79.54957,1,1,2407.218,2406.9,1334.593,579.1928,1913.786,4,74.61528,417.6173,121.5537,800,500,0,324.9685,0.1624843,0.1259371,0.3172331,0,250,0.3172331,1072.307,94.18109,59.79314,0,0,0,43.32992,19.30153,24.02839,598.4943,0,1129.721,0,0,1.24345e-13,4.263256e-14
naive,2026-01-10 11:45:00,527,11.75,23.26526,3471.228,48.26592,213.9096,90.65832,1,1,2429.86,2429.542,607.7388,327.1153,934.8541,2,0,0.4113823,134.4427,800,0,499.6694,200,0.1,0.2046279,0.3172331,0,250,0.3172331,1821.804,104.0423,59.6705,0,0,0,43.73747,32.79246,10.94501,359.9077,0,652.6861,0,0,-7.993606e-15,4.263256e-14
naive,2026-01-10 12:00:00,528,12,23.4354,3515.486,43.12175,205.9498,98.34651,1,1,2460.84,2460.523,1358.98,589.4887,1948.469,4,78.43946,418.9724,151.057,800,500,0,324.9685,0.1624843,0.1259371,0.3172331,0,250,0.3172331,1101.543,116.6941,59.49155,0,0,0,44.29512,19.82777,24.46735,609.3165,0,1151.705,0,1.136868e-13,1.24345e-13,4.263256e-14
naive,2026-01-10 12:15:00,529,12.25,23.62114,3515.381,61.28212,211.899,112.8112,1,1,2460.767,2460.449,635.8222,339.4958,975.318,2,0,14.33845,160.9796,800,0,499.6694,200,0.1,0.2046279,0.3172331,0,250,0.3172331,1824.627,124.1202,59.29619,0,0,0,44.2938,32.84329,11.45051,372.3391,0,677.97,0,0,-7.993606e-15,4.263256e-14
naive,2026-01-10 12:30:00,530,12.5,23.88101,3506.306,39,205.0978,125.3324,1,1,2454.414,2454.097,1384.611,599.2036,1983.814,4,91.75827,421.071,170.9852,800,500,0,324.9685,0.1624843,0.1259371,0.3172331,0,250,0.3172331,1069.486,131.4794,59.02288,0,0,0,44.17945,19.25075,24.92871,618.4544,0,1170.508,0,-2.273737e-13,1.24345e-13,4.263256e-14
naive,2026-01-10 12:45:00,531,12.75,24.09663,3483.539,50.25874,200.4572,132.6963,1,1,2438.477,2438.16,659.569,349.9645,1009.534,3,0,32.2671,177.2664,800,0,499.6694,200,0.1,0.2046279,0.3172331,0,250,0.3172331,1778.591,136.0036,58.7961,0,0,0,43.89259,32.01464,11.87795,381.9792,0,697.8127,0,0,-7.993606e-15,4.263256e-14
naive,2026-01-10 13:00:00,532,13,24.11335,3495.528,64.34974,200.8688,142.9113,1,1,2446.87,2446.552,1396.628,603.3716,2000,4,93.77724,426.1299,192.1182,787.9747,500,0,324.9685,0.1624843,0.1259371,0.3172331,0,250,0.3172331,1049.924,147.3725,57.89498,0,0,0,44.04365,18.89863,25.14502,622.2702,0,1179.409,0,0,1.24345e-13,4.263256e-14
naive,2026-01-10 13:15:00,533,13.25,24.53199,3526.422,65.16922,197.4656,153.1314,1,1,2468.495,2468.178,658.6517,349.5601,1008.212,3,0,1.692585,206.5193,800,0,499.6694,200,0.1,0.2046279,0.3172331,0,250,0.3172331,1809.527,157.7279,58.33822,0,0,0,44.43292,32.57148,11.86144,382.1316,0,698.6328,0,0,-7.993606e-15,4.263256e-14
naive,2026-01-10 13:30:00,534,13.5,24.79034,3545.65,62.87643,206.565,156.8967,1,1,2481.955,2481.638,1395.5,604.5004,2000,4,75.89322,420.4359,222.4673,781.2036,500,0,324.9685,0.1624843,0.1259371,0.3172331,0,250,0.3172331,1086.138,169.4483,56.70219,0,0,0,44.67519,19.55049,25.1247,624.0509,0,1184.312,0,2.273737e-13,1.24345e-13,4.263256e-14
naive,2026-01-10 13:45:00,535,13.75,25.16313,3558.322,85.94492,200.3656,165.8416,1,1,2490.826,2490.508,672.463,355.6488,1028.112,3,0,0,228.1118,800,0,498.9334,200.184,0.100092,0.2046279,0.3172331,0,250,0.3172331,1818.045,173.0673,57.67442,3.530154,0,0,454.3598,331.6357,122.7241,687.2845,0,1315.775,0,-1.705303e-13,-7.993606e-15,4.263256e-14
naive,2026-01-10 14:00:00,536,14,25.52415,3536.52,94.98393,202.5126,176.6637,1,1,2475.564,2475.247,1055.502,511.7546,1567.257,4,107.2362,418.7382,241.2824,800,0,0.6099391,200,0.1,0.1260529,0.3172331,0,250,0.3172331,1419.744,182.3629,57.29472,0,0,0,454.8709,260.87,194.0009,772.6246,0,1480.793,0,5.684342e-14,0,4.263256e-14
naive,2026-01-10 14:15:00,537,14.25,25.68326,3532.673,79.82798,207.3214,180.4596,1,1,2472.871,2472.554,1400.974,599.0261,2000,4,106.244,411.7254,258.6327,723.3979,500,0,324.9685,0.1624843,0.1259371,0.3172331,0,250,0.3172331,1071.58,195.1471,51.65727,0,0,0,455.8421,197.532,258.3101,796.5581,0,1535.002,0,-2.273737e-13,1.24345e-13,4.263256e-14
naive,2026-01-10 14:30:00,538,14.5,25.90425,3506.004,99.92459,211.3265,188.3173,1,1,2454.202,2453.885,711.8013,372.9911,1084.792,3,0,16.23052,268.5619,800,0,499.6694,200,0.1,0.2046279,0.3172331,0,250,0.3172331,1742.084,202.1642,56.89495,0,0,0,454.4371,322.5763,131.8608,695.5674,0,1327.128,0,1.136868e-13,-7.993606e-15,4.263256e-14
naive,2026-01-10 14:45:00,539,14.75,26.16514,3521.809,125.7857,214.2354,188.3714,1,1,2465.266,2464.949,1401.149,598.8514,2000,4,103.2216,408.3647,273.277,715.1367,500,0,324.9685,0.1624843,0.1259371,0.3172331,0,250,0.3172331,1063.801,205.1432,50.6143,22.56407,0,0,458.9245,198.033,260.8915,796.8844,0,1575.751,0,-1.136868e-13,1.24345e-13,4.263256e-14
naive,2026-01-10 15:00:00,540,15,26.41748,3526.342,108.4225,210.5036,207.2337,1,1,2468.44,2468.122,717.1039,375.3288,1092.433,3,0,8.924892,283.5078,800,0,499.6694,200,0.1,0.2046279,0.3172331,0,250,0.3172331,1751.018,212.251,56.35516,12.42863,0,0,461.9019,327.6559,134.246,702.9847,0,1364.009,0,-1.705303e-13,-7.993606e-15,4.263256e-14
naive,2026-01-10 15:15:00,541,15.25,26.53497,3496.777,96.82303,213.718,207.1281,1,1,2447.744,2447.427,1401.135,598.8646,2000,4,99.05156,413.0538,279.2047,708.6899,500,0,324.9685,0.1624843,0.1259371,0.3172331,0,250,0.3172331,1046.292,208.767,49.81345,0,0,0,459.1397,196.2599,262.8798,795.1245,0,1534.209,0,-2.273737e-13,1.24345e-13,4.263256e-14
naive,2026-01-10 15:30:00,542,15.5,26.58118,3488.865,99.30388,217.4376,205.5122,1,1,2442.206,2441.888,719.7677,376.5031,1096.271,3,0,22.42395,273.8468,800,0,499.6694,200,0.1,0.2046279,0.3172331,0,250,0.3172331,1722.121,204.6596,56.18299,0,0,0.8526121,458.538,323.3379,135.2,700.0011,0,1336.796,0,0,-7.993606e-15,4.263256e-14
naive,2026-01-10 15:45:00,543,15.75,26.70048,3420.489,120.3751,213.963,207.1418,1,1,2394.342,2394.025,1403.383,596.6167,2000,4,119.4738,406.6767,276.099,697.7505,500,0,324.9685,0.1624843,0.1259371,0.3172331,0,250,0.3172331,990.6417,206.0792,48.8927,0.9012511,0,1.06258,450.6618,186.458,264.2037,783.2747,0,1513.1,0,0,1.24345e-13,4.263256e-14
naive,2026-01-10 16:00:00,544,16,26.69738,3435.357,136.9546,214.3898,196.6892,1,1,2404.75,2404.432,724.66,378.6599,1103.32,3,0,26.79523,276.5246,800,0,499.6694,200,0.1,0.2046279,0.3172331,0,250,0.3172331,1679.772,206.4038,56.06078,8.18372,0,0,452.5916,316.1455,136.4461,694.8054,0,1340.659,0,-1.136868e-13,-7.993606e-15,4.263256e-14
naive,2026-01-10 16:15:00,545,16.25,26.71383,3406.238,154.3611,210.377,199.5657,1,1,2384.367,2384.05,1405.436,594.5644,2000,4,141.961,396.8184,267.2816,693.9389,500,0,324.9685,0.1624843,0.1259371,0.3172331,0,250,0.3172331,978.6139,199.4694,48.61344,12.40006,0,0.09634862,448.9083,184.2451,264.6632,778.8276,0,1524.355,0,0,1.24345e-13,4.263256e-14
naive,2026-01-10 16:30:00,546,16.5,26.5254,3390.322,167.5556,204.6642,197.4157,1,1,2373.225,2372.908,736.2751,383.7803,1120.055,3,0,62.20454,257.8509,800,0,499.6694,200,0.1,0.2046279,0.3172331,0,250,0.3172331,1636.633,192.8201,56.24166,0,0,4.595668,445.0738,306.9336,138.1402,691.5758,0,1319.88,0,-1.136868e-13,-7.993606e-15,4.263256e-14
naive,2026-01-10 16:45:00,547,16.75,26.60111,3397.726,218.7091,202.3507,188.5191,1,1,2378.408,2378.091,1413.364,586.6358,2000,4,207.1894,390.8544,257.5414,644.4148,500,0,324.9685,0.1624843,0.1259371,0.3172331,0,250,0.3172331,964.7269,192.4327,45.23955,11.51974,0,0,446.7436,181.2075,265.536,767.8433,0,1504.664,0,2.273737e-13,1.24345e-13,4.263256e-14
naive,2026-01-10 17:00:00,548,17,26.5174,3401.601,260.9014,193.1521,177.4598,1,1,2381.121,2380.803,791.4954,408.1242,1199.62,3,0,154.193,245.4266,800,0,499.6694,200,0.1,0.2046279,0.3172331,0,250,0.3172331,1589.308,183.5449,56.25007,0,0,0,446.4808,298.009,148.4717,706.1332,0,1348.985,0,5.684342e-14,-7.993606e-15,4.263256e-14
naive,2026-01-10 17:15:00,549,17.25,26.48188,3367.725,311.7408,193.3187,174.0064,1,1,2357.408,2357.09,1423.901,576.0995,2000,4,297.937,386.3143,230.6102,585.1385,500,0,324.9685,0.1624843,0.1259371,0.3172331,0,250,0.3172331,933.1899,172.5299,41.16993,13.80382,0,1.47654,441.7108,174.8531,266.8577,751.2292,0,1479.954,0,1.136868e-13,1.24345e-13,4.263256e-14
naive,2026-01-10 17:30:00,550,17.5,26.49768,3392.448,366.301,182.3928,164.0352,1,1,2374.713,2374.396,834.7936,427.2121,1262.006,3,0,248.5888,213.417,800,0,499.6694,200,0.1,0.2046279,0.3172331,0,250,0.3172331,1539.603,159.6398,56.27081,0.1934233,0,4.395336,445.0984,288.5715,156.5269,716.6075,0,1370.244,0,5.684342e-14,-7.993606e-15,4.263256e-14
naive,2026-01-10 17:45:00,551,17.75,26.54602,3418.983,430.2249,187.3802,153.2494,1,1,2393.288,2392.971,1440.55,559.4496,2000,4,432.4225,377.3302,213.1148,477.1325,500,0,324.9685,0.1624843,0.1259371,0.3172331,0,250,0.3172331,952.4203,159.3314,33.53047,0,0,0,449.0273,178.6926,270.3348,738.1422,0,1438.563,0,-1.136868e-13,1.24345e-13,4.263256e-14
naive,2026-01-10 18:00:00,552,18,26.78336,3422.468,468.395,1.097363,146.769,1,1,2395.728,2395.41,666.3868,351.8283,1018.215,3,9.598875,3.6721,204.9441,800,0,499.6694,200,0.1,0.2046279,0.3172331,0,250,0.3172331,1729.024,152.8336,55.97035,0,0,0,451.6976,325.9952,125.7024,677.8235,0,1292.68,0,-5.684342e-14,-7.993606e-15,4.263256e-14
naive,2026-01-10 18:15:00,553,18.25,26.78292,3418.251,527.6828,6.693455,142.9575,1,1,2392.776,2392.459,1438.666,561.3342,2000,4,573.4479,0.6679726,185.3247,740.5595,500,0,324.9685,0.1624843,0.1259371,0.3172331,0,250,0.3172331,953.7928,138.2034,51.81214,0,6.025483,4.754069,451.137,179.8293,271.3077,742.0599,0,1436.225,0,-2.273737e-13,1.24345e-13,4.263256e-14
naive,2026-01-10 18:30:00,554,18.5,26.55694,3380.541,591.6447,0,120.5526,1,1,2366.378,2366.061,729.8752,366.5215,1096.397,3,121.3649,0,175.0318,800,0,499.6694,200,0.1,0.2046279,0.3172331,0,250,0.3172331,1636.186,130.8441,56.20849,0,0,0,444.0787,307.0495,137.0292,673.571,0,1283.907,0,0,-7.993606e-15,4.263256e-14
naive,2026-01-10 18:45:00,555,18.75,26.51981,3379.791,649.4158,0,109.4644,1,1,2365.854,2365.536,1451.239,548.7609,2000,4,674.8103,0.04197347,166.4645,658.6833,500,0,324.9685,0.1624843,0.1259371,0.3172331,0,250,0.3172331,914.2974,124.489,46.31164,0,0,0,443.6401,171.4472,272.1929,720.2081,0,1388.316,0,0,1.24345e-13,4.263256e-14
naive,2026-01-10 19:00:00,556,19,26.3736,3320.155,695.661,0,111.3703,1,0,2324.108,2323.791,783.8078,379.9657,1163.774,3,208.2178,0.426032,155.1297,800,0,499.6694,200,0.1,0.2046279,0.3172331,0,250,0.3172331,1539.983,116.1939,56.40131,0,0,0,434.5018,287.9063,146.5955,667.8721,0,1272.293,0,-5.684342e-14,-7.993606e-15,4.263256e-14
naive,2026-01-10 19:15:00,557,19.25,26.3439,3263.619,732.2745,0,106.0972,1,0,2284.533,2284.216,1455.823,544.1769,2000,4,716.7262,0.6171516,145.8486,636.8081,500,0,324.9685,0.1624843,0.1259371,0.3172331,0,250,0.3172331,828.3928,109.2769,44.92088,15.54831,0,0,426.8423,154.777,272.0653,698.9539,0,1374.193,0,0,1.24345e-13,4.263256e-14
naive,2026-01-10 19:30:00,558,19.5,26.15874,3246.741,735.0428,0,91.0652,1,0,2272.718,2272.401,796.2573,381.4443,1177.702,3,241.925,0.68634,135.0902,800,0,499.6694,200,0.1,0.2046279,0.3172331,0,250,0.3172331,1476.144,101.4163,56.62729,0,0,0,423.0251,274.7572,148.2678,656.2015,0,1248.697,0,1.136868e-13,-7.993606e-15,4.263256e-14
naive,2026-01-10 19:45:00,559,19.75,25.95879,3232.778,735.3202,0,83.73475,0,0,2262.945,2262.627,1456.856,543.1444,2000,4,734.311,2.339992,118.3765,644.9725,500,0,324.9685,0.1624843,0.1259371,0.3172331,0,250,0.3172331,805.7717,89.05819,45.82335,1.009234,0,0,419.4885,149.3682,270.1203,0,692.5125,3759.009,0,1.136868e-13,1.24345e-13,4.263256e-14
naive,2026-01-10 20:00:00,560,20,25.77319,3191.495,715.4366,0,75.73752,0,0,2234.046,2233.729,756.5875,367.7165,1124.304,3,210.3127,4.046783,109.9445,800,0,499.6694,200,0.1,0.2046279,0.3172331,0,250,0.3172331,1477.142,82.87773,57.03279,5.454418,0,0,412.5701,272.7896,139.7806,0,640.506,3468.03,0,0,-7.993606e-15,4.263256e-14
naive,2026-01-10 20:15:00,561,20.25,25.56136,3221.022,675.8605,0,74.673,0,0,2254.715,2254.398,1447.737,552.2631,2000,4,673.4462,4.504491,97.36237,724.6869,500,0,324.9685,0.1624843,0.1259371,0.3172331,0,250,0.3172331,806.661,73.55816,51.86546,2.414263,0,1.114839,414.603,148.331,266.2721,0,700.799,3800.211,0,0,1.24345e-13,4.263256e-14
naive,2026-01-10 20:30:00,562,20.5,25.18362,3162.687,618.4012,0,69.08938,0,0,2213.881,2213.564,669.7756,340.1457,1009.921,3,120.3644,2.483252,87.07358,800,0,499.6694,200,0.1,0.2046279,0.3172331,0,250,0.3172331,1543.788,66.04801,57.65286,0,0,3.041368,404.0076,281.7234,122.2841,0,622.4241,3358.473,0,0,-7.993606e-15,4.263256e-14
naive,2026-01-10 20:45:00,563,20.75,24.94895,3099.049,553.629,0,59.5658,0,0,2169.334,2169.017,1388.282,546.3721,1934.654,4,549.4799,5.332743,79.8417,800,500,0,324.9685,0.1624843,0.1259371,0.3172331,0,250,0.3172331,780.7346,60.71229,57.89968,4.149066,0,0,39.04801,14.05322,24.99479,0,560.4253,3024.359,0,1.136868e-13,1.24345e-13,4.263256e-14
naive,2026-01-10 21:00:00,564,21,24.79047,3087.141,491.962,0,60.41673,0,0,2160.999,2160.681,563.3356,307.5401,870.8757,2,0,0,70.87574,800,0,497.6156,200.5135,0.1002567,0.2046279,0.3172331,0,250,0.3172331,1597.346,53.98437,58.06636,0,0,6.432362,38.89798,28.75223,10.14575,0,337.457,1790.689,0,5.684342e-14,-6.483702e-14,4.263256e-14
naive,2026-01-10 21:15:00,565,21.25,24.78046,3126.044,440.6475,0,51.39698,0,0,2188.231,2187.913,888.0385,400.5891,1288.628,3,421.1201,1.75927,65.7483,800,0,1.927615,200,0.1,0.1262604,0.3172331,0,250,0.3172331,1299.875,50.08418,58.07688,17.59981,0,1.312799,39.38815,23.39775,15.9904,0,424.2245,2298.258,0,1.136868e-13,2.775558e-17,4.263256e-14
naive,2026-01-10 21:30:00,566,21.5,24.56532,3133.684,366.577,0,49.05959,0,0,2193.579,2193.262,1243.155,502.7336,1745.888,4,378.4886,1.915493,65.48408,800,500,0,324.9685,0.1624843,0.1259371,0.3172331,0,250,0.3172331,950.107,49.99562,58.30316,0,0,0,39.48442,17.10193,22.38249,0,519.8355,2793.504,0,5.684342e-14,1.24345e-13,4.263256e-14
naive,2026-01-10 21:45:00,567,21.75,24.33277,3128.499,300.9707,3.593464,43.1166,0,0,2189.95,2189.632,554.1419,303.4871,857.629,2,0,0,57.62902,800,0,321.2868,244.5957,0.1222978,0.2046279,0.3172331,0,250,0.3172331,1635.49,44.10567,58.54774,0,1.168535,0,39.41909,29.43883,9.980265,0,332.9259,1767.242,0,-5.684342e-14,-6.483702e-14,4.263256e-14
naive,2026-01-10 22:00:00,568,22,24.21776,3117.905,263.35,0,41.97542,0,0,2182.534,2182.217,631.9547,326.2583,958.213,2,96.94505,4.844202,56.42375,800,0,178.2286,200,0.1,0.1540183,0.3172331,0,250,0.3172331,1550.262,43.23515,58.6687,0,0,0,39.28561,27.90471,11.38089,0,354.163,1881.894,0,0,-5.495604e-15,4.263256e-14
naive,2026-01-10 22:15:00,569,22.25,24.09035,3118.705,226.3612,0,42.93228,0,0,2183.094,2182.776,1122.209,466.9306,1589.139,4,231.246,0.4264113,57.46709,800,500,0,324.9685,0.1624843,0.1259371,0.3172331,0,250,0.3172331,1060.567,44.09319,58.8027,0,0,0,39.29568,19.09021,20.20547,0,486.0208,2606.962,0,5.684342e-14,1.24345e-13,4.263256e-14
naive,2026-01-10 22:30:00,570,22.5,24.09464,3112.363,206.2218,1.555527,38.21116,0,0,2178.654,2178.337,548.608,301.0475,849.6555,2,0,0,49.65549,800,0,194.5201,276.2873,0.1381437,0.2046279,0.3172331,0,250,0.3172331,1629.729,38.09782,58.7982,12.52847,0.728761,0.1133356,39.21577,29.33512,9.880654,0,330.4029,1773.936,0,-5.684342e-14,1.056932e-13,4.263256e-14
naive,2026-01-10 22:45:00,571,22.75,23.95982,3100.944,192.3046,3.873406,41.10402,0,0,2170.661,2170.344,547.7382,300.6641,848.4023,2,0,0,48.40227,800,0,167.6906,234.3212,0.1171606,0.1739741,0.3172331,0,250,0.3172331,1622.606,37.1885,58.93999,25.08651,3.400814,3.915519,39.0719,29.2069,9.864998,0,330.5684,1800.959,0,0,4.962697e-14,4.263256e-14
naive,2026-01-10 23:00:00,572,23,23.74216,3085.504,169.762,8.171984,39.40157,0,1,2159.852,2159.535,545.3111,299.3886,844.6997,2,1.727394,3.316188,39.65614,800,0,137.1372,200,0.1,0.1475486,0.3172331,0,250,0.3172331,1614.224,30.53772,59.16891,30.89738,4.855796,8.863856,38.87734,29.05603,9.821311,0,330.0167,1810.201,0,0,-1.471046e-15,4.263256e-14
naive,2026-01-10 23:15:00,573,23.25,23.69894,3036.027,124.4469,0,31.10583,0,1,2125.219,2124.902,1027.164,437.3492,1464.513,3,127.687,3.498203,33.32751,800,500,0,324.9685,0.1624843,0.1259371,0.3172331,0,250,0.3172331,1097.738,25.6758,59.21437,0,0,5.43003,38.25394,19.75929,18.49465,0,458.0708,2452.773,0,-1.136868e-13,1.24345e-13,4.263256e-14
naive,2026-01-10 23:30:00,574,23.5,23.67681,3059.071,128.9408,0,32.67689,0,1,2141.35,2141.033,538.4544,296.5713,835.0257,2,0,0,35.02575,800,0,92.71419,301.7388,0.1508694,0.2046279,0.3172331,0,250,0.3172331,1602.578,26.99033,59.23765,37.15288,0,5.686552,38.5443,28.84641,9.69789,0,326.425,1792.784,0,-5.684342e-14,1.056932e-13,4.263256e-14
naive,2026-01-10 23:45:00,575,23.75,23.39094,3042.579,123.7618,0.3107799,33.10645,1,1,2129.806,2129.488,535.1721,295.1243,830.2964,2,0,0,30.29645,800,0,90.85452,278.9777,0.1394888,0.1900005,0.3172331,0,250,0.3172331,1594.316,23.41529,59.5383,33.68855,0,9.691164,38.3365,28.69769,9.638809,325.5291,0,642.1903,0,0,-4.485301e-14,4.263256e-14
naive,2026-01-11 00:00:00,576,0,23.18927,3048.737,124.9557,0.44027,27.48594,1,1,2134.116,2133.799,534.0988,294.6511,828.7499,2,0,0,28.74992,800,0,100.0134,253.9304,0.1269652,0.1756682,0.3172331,0,250,0.3172331,1599.7,22.26641,59.75041,25.6135,0,5.219538,38.41408,28.7946,9.619489,324.3616,0,625.6872,0,0,2.328693e-14,4.263256e-14
naive,2026-01-11 00:15:00,577,0.25,22.75013,3056.079,122.6914,0,25.18529,1,1,2139.256,2138.938,534.4362,294.7999,829.2361,2,0,0,29.23608,800,0,96.37411,229.7969,0.1148985,0.1598963,0.3172331,0,250,0.3172331,1604.502,22.74564,60.21228,27.13793,0,2.439649,38.5066,28.88104,9.625562,324.1054,0,627.2849,0,-5.684342e-14,4.990452e-14,4.263256e-14
naive,2026-01-11 00:30:00,578,0.5,22.48824,3074.978,113.9008,0,27.37798,1,1,2152.485,2152.167,534.3173,294.7475,829.0648,2,0,0,29.06479,800,0,83.44767,208.8988,0.1044494,0.1446998,0.3172331,0,250,0.3172331,1617.85,22.67327,60.48771,34.11737,0,4.704718,38.74472,29.1213,9.623422,324.6832,0,640.1703,0,0,-4.241052e-14,4.263256e-14
naive,2026-01-11 00:45:00,579,0.75,22.16327,3044.938,114.179,0,28.39755,1,1,2131.456,2131.139,564.6672,303.4434,868.1106,2,39.37322,6.555061,22.18234,800,0,35.46378,200,0.1,0.1315405,0.3172331,0,250,0.3172331,1566.472,17.36198,60.8295,39.34199,0,11.03558,38.36621,28.19649,10.16972,333.5386,0,666.509,0,0,-1.19349e-15,4.263256e-14
naive,2026-01-11 01:00:00,580,1,21.93177,3060.306,90.68459,5.228792,21.44712,1,1,2142.214,2141.897,957.369,415.1377,1372.507,3,55.75186,0.2140589,16.54077,800,500,0,324.9685,0.1624843,0.1259371,0.3172331,0,250,0.3172331,1184.528,12.97699,61.07299,34.93273,5.014733,8.470126,38.55985,21.3215,17.23835,437.9102,0,876.0227,0,1.136868e-13,1.24345e-13,4.263256e-14
naive,2026-01-11 01:15:00,581,1.25,21.67147,3073.068,75.95625,3.728688,5.523633,1,1,2151.147,2150.83,524.2826,290.3237,814.6063,2,0,0,14.6063,800,0,64.3555,308.8285,0.1544142,0.2046279,0.3172331,0,250,0.3172331,1626.547,11.48973,61.34676,17.52952,0,0,38.72065,29.27785,9.442797,319.6015,0,600.4264,0,0,-3.641532e-14,4.263256e-14
naive,2026-01-11 01:30:00,582,1.5,21.4596,3059.512,81.51683,0,12.87121,1,1,2141.658,2141.341,522.6322,289.5961,812.2283,2,0,0,12.2283,800,0,69.73529,291.346,0.145673,0.1944648,0.3172331,0,250,0.3172331,1618.709,9.639856,61.56959,12.53916,0,3.231353,38.54985,29.13676,9.41309,319.2815,0,590.9273,0,5.684342e-14,-1.199874e-13,4.263256e-14
naive,2026-01-11 01:45:00,583,1.75,21.26356,3049.938,106.4248,0,11.40682,1,1,2134.956,2134.639,520.1358,288.4956,808.6314,2,0,0,8.631401,800,0,95.81134,267.3473,0.1336737,0.1834563,0.3172331,0,250,0.3172331,1614.503,6.81787,61.77577,13.13477,0,4.588946,38.42921,29.06106,9.368155,318.333,0,589.8257,0,-5.684342e-14,-3.821943e-14,4.263256e-14
naive,2026-01-11 02:00:00,584,2,21.15343,3047.065,106.8236,0.728163,6.038243,1,1,2132.946,2132.629,522.9534,289.7377,812.6912,2,0,0,12.69115,800,0,102.1355,241.7714,0.1208857,0.1683447,0.3172331,0,250,0.3172331,1609.675,10.03582,61.8916,5.225724,0.1905722,0,38.39302,28.97415,9.418872,318.7119,0,577.1388,0,-5.684342e-14,2.531308e-14,4.263256e-14
naive,2026-01-11 02:15:00,585,2.25,21.01714,3018.673,121.5089,0,5.290305,1,1,2113.071,2112.754,523.9127,290.1606,814.0733,2,0,0,14.07325,800,0,112.7172,213.554,0.106777,0.1522399,0.3172331,0,250,0.3172331,1588.841,11.14409,62.03494,11.39223,0,0,38.03528,28.59914,9.436138,318.7597,0,587.3817,0,5.684342e-14,-1.101896e-14,4.263256e-14
naive,2026-01-11 02:30:00,586,2.5,20.78707,3010.432,114.0964,0,3.428671,1,1,2107.302,2106.985,565.7091,302.3064,868.0155,2,52.79233,2.01802,13.20511,800,0,54.08164,200,0.1,0.1344718,0.3172331,0,250,0.3172331,1541.276,10.48094,62.27692,7.222414,0,0,37.93144,27.74297,10.18847,330.0493,0,602.4958,0,0,3.080869e-15,4.263256e-14
naive,2026-01-11 02:45:00,587,2.75,20.47398,2987.724,112.1047,0,5.04486,1,1,2091.407,2091.09,1002.398,428.4003,1430.798,3,111.1347,1.737372,17.92584,800,500,0,324.9685,0.1624843,0.1259371,0.3172331,0,250,0.3172331,1088.692,14.2727,62.6062,0.9700439,0,0,37.64532,19.59646,18.04887,447.9967,0,827.2348,0,-5.684342e-14,1.24345e-13,4.263256e-14
naive,2026-01-11 03:00:00,588,3,20.50264,3027.324,123.3128,0,5.754669,1,1,2119.127,2118.81,525.5047,290.8624,816.3671,2,0,0,16.36713,800,0,129.3464,292.5808,0.1462904,0.2046279,0.3172331,0,250,0.3172331,1593.305,13.02789,62.57607,0,0,0,38.14428,28.67949,9.464795,319.5419,0,568.6858,0,0,2.04281e-14,4.263256e-14
naive,2026-01-11 03:15:00,589,3.25,20.56429,3011.407,132.5239,0,10.65026,1,1,2107.985,2107.667,525.6778,290.9387,816.6165,2,0,0,16.61649,800,0,116.5236,263.4038,0.1317019,0.1842338,0.3172331,0,250,0.3172331,1581.99,13.21818,62.51123,17.84405,0,0,37.94372,28.47581,9.46791,319.4145,0,599.2849,0,0,-4.121703e-14,4.263256e-14
naive,2026-01-11 03:30:00,590,3.5,20.39215,2992.409,130.8441,0,11.9594,1,1,2094.686,2094.369,523.2419,289.8649,813.1068,2,0,0,13.10677,800,0,126.7983,231.6628,0.1158314,0.1658615,0.3172331,0,250,0.3172331,1571.127,10.4443,62.69227,11.40524,0,1.515099,37.70436,28.28029,9.424064,318.3974,0,585.94,0,5.684342e-14,2.578493e-14,4.263256e-14
naive,2026-01-11 03:45:00,591,3.75,20.36582,3008.319,130.2417,0,9.897608,1,1,2105.823,2105.506,532.5138,292.9691,825.4829,2,8.266258,6.839904,10.37672,800,0,126.5052,200,0.1,0.1458746,0.3172331,0,250,0.3172331,1572.992,8.271012,62.71997,0,0,1.626596,37.90482,28.31386,9.590959,321.5536,0,572.5472,0,0,-4.884981e-15,4.263256e-14
naive,2026-01-11 04:00:00,592,4,20.08033,3031.559,154.741,0,11.47113,1,1,2122.091,2121.774,1028.117,435.4616,1463.579,3,147.0899,3.445791,13.04338,800,500,0,324.9685,0.1624843,0.1259371,0.3172331,0,250,0.3172331,1093.657,10.42632,63.02023,7.651146,0,1.044804,38.19764,19.68582,18.51182,455.3204,0,852.9413,0,-1.705303e-13,1.24345e-13,4.263256e-14
naive,2026-01-11 04:15:00,593,4.25,19.80685,3029.102,175.5342,0,7.189909,1,1,2120.371,2120.054,525.686,290.9423,816.6283,2,0,0,16.62833,800,0,167.8716,282.9494,0.1414747,0.2046279,0.3172331,0,250,0.3172331,1594.368,13.30267,63.30785,9.693594,0,0,38.16668,28.69863,9.468058,319.641,0,584.7821,0,5.684342e-14,7.727152e-14,4.263256e-14
naive,2026-01-11 04:30:00,594,4.5,19.71847,3014.192,196.1039,0,14.15513,1,1,2109.935,2109.617,522.1769,289.3954,811.5723,2,0,0,11.57233,800,0,182.9024,237.1793,0.1185897,0.1781691,0.3172331,0,250,0.3172331,1587.44,9.257865,63.40081,16.88878,0,4.897265,37.97882,28.57393,9.404895,318.7747,0,595.3565,0,-5.684342e-14,-2.847722e-14,4.263256e-14
naive,2026-01-11 04:45:00,595,4.75,19.87129,3037.438,234.0567,0,10.87544,1,1,2126.207,2125.889,575.2277,305.1081,880.3358,2,64.51568,3.147458,12.67266,800,0,148.5679,200,0.1,0.1493483,0.3172331,0,250,0.3172331,1550.662,10.13812,63.24008,20.97316,0,0.7373179,38.27172,27.91191,10.35981,333.1416,0,631.3167,0,5.684342e-14,5.828671e-15,4.263256e-14
naive,2026-01-11 05:00:00,596,5,19.70837,3068.278,275.2369,1.80151,9.865177,1,1,2147.795,2147.478,1128.292,464.4759,1592.768,4,274.4232,0.4879013,17.85644,800,500,0,324.9685,0.1624843,0.1259371,0.3172331,0,250,0.3172331,1019.186,14.28515,63.41143,0.8137086,1.313609,0,38.66031,18.34535,20.31496,482.8212,0,897.9742,0,-1.705303e-13,1.24345e-13,4.263256e-14
naive,2026-01-11 05:15:00,597,5.25,19.58981,3033.661,347.6272,0,5.712457,1,1,2123.563,2123.245,521.7773,289.2192,810.9965,2,0,0,10.99645,800,0,352.5914,236.7695,0.1183847,0.2046279,0.3172331,0,250,0.3172331,1601.468,8.797164,63.53613,0.1318927,0,0,38.22413,28.82643,9.397701,318.0456,0,564.8406,0,-5.684342e-14,-6.483702e-14,4.263256e-14
naive,2026-01-11 05:30:00,598,5.5,19.80507,3070.394,437.6373,0,8.391756,1,1,2149.276,2148.958,752.5076,355.6815,1108.189,3,296.3618,2.466637,9.3607,800,0,146.9289,200,0.1,0.1490903,0.3172331,0,250,0.3172331,1396.451,7.48856,63.30973,0,0,0.9031958,38.68696,25.13611,13.55085,380.9664,0,690.7094,0,5.684342e-14,-3.747003e-15,4.263256e-14
naive,2026-01-11 05:45:00,599,5.75,19.57684,3036.094,485.8055,0,6.490366,1,1,2125.266,2124.949,1313.576,517.0199,1830.596,4,519.3691,2.944042,8.282907,800,500,0,324.9685,0.1624843,0.1259371,0.3172331,0,250,0.3172331,811.3727,6.626325,63.54977,0,0,0,38.25479,14.60471,23.65008,531.6246,0,991.7557,0,-2.273737e-13,1.24345e-13,4.263256e-14
naive,2026-01-11 06:00:00,600,6,19.69725,3070.694,570.5802,0,12.36901,1,1,2149.486,2149.169,596.4439,311.0599,907.5038,2,93.10814,5.08885,9.306788,800,0,499.6694,200,0.1,0.2046279,0.3172331,0,250,0.3172331,1552.725,7.44543,63.42313,0,0,4.923578,38.69075,27.94905,10.7417,339.8183,0,608.2855,0,5.684342e-14,-7.993606e-15,4.263256e-14
naive,2026-01-11 06:15:00,601,6.25,19.81047,3073.863,634.6354,0,12.99665,1,1,2151.704,2151.387,1420.403,547.9641,1968.368,4,655.1342,2.212487,11.02092,800,500,0,324.9685,0.1624843,0.1259371,0.3172331,0,250,0.3172331,730.9835,8.816734,63.30405,0,0,4.179914,38.73068,13.1577,25.57297,561.8104,0,1052.404,0,0,1.24345e-13,4.263256e-14
naive,2026-01-11 06:30:00,602,6.5,19.84701,3083.632,699.0022,0,10.3025,1,1,2158.543,2158.225,685.1587,336.7062,1021.865,3,206.2861,2.661229,12.91756,800,0,499.6694,200,0.1,0.2046279,0.3172331,0,250,0.3172331,1473.067,10.33405,63.26562,0,0,0,38.85377,26.5152,12.33857,363.2214,0,655.2689,0,5.684342e-14,-7.993606e-15,4.263256e-14
naive,2026-01-11 06:45:00,603,6.75,19.9496,3118.1,740.0161,0,2.843759,1,1,2182.67,2182.353,1454.466,545.5338,2000,4,755.0076,2.059077,18.1574,724.776,500,0,324.9685,0.1624843,0.1259371,0.3172331,0,250,0.3172331,727.8863,14.52592,57.219,0,0,0,39.28806,13.10195,26.1861,558.6358,0,1052.9,0,2.273737e-13,1.24345e-13,4.263256e-14
naive,2026-01-11 07:00:00,604,7,20.38215,3166.412,745.4762,0,7.711691,1,1,2216.489,2216.171,743.9468,354.2976,1098.244,3,276.2702,1.049337,20.92497,800,0,499.6694,200,0.1,0.2046279,0.3172331,0,250,0.3172331,1472.225,16.67601,62.70279,0,0,0,39.8968,26.50004,13.39675,380.7977,0,691.0547,0,0,-7.993606e-15,4.263256e-14
naive,2026-01-11 07:15:00,605,7.25,20.33595,3224,744.1997,0,13.34408,1,1,2256.8,2256.483,1455.602,544.3976,2000,4,765.0241,0.005641802,16.21516,718.7551,500,0,324.9685,0.1624843,0.1259371,0.3172331,0,250,0.3172331,800.8803,12.92855,56.3786,0,0,0.4155286,40.6224,14.41585,26.20655,558.8826,0,1054.339,0,2.273737e-13,1.24345e-13,4.263256e-14
naive,2026-01-11 07:30:00,606,7.5,20.41097,3255.708,693.4735,3.804465,15.96154,1,1,2278.996,2278.679,717.3171,346.6027,1063.92,3,242.2686,0.5886951,21.06249,800,0,499.6694,200,0.1,0.2046279,0.3172331,0,250,0.3172331,1561.361,16.78074,62.67247,0,3.21577,0,41.02192,28.10451,12.91742,374.7072,0,684.4551,0,5.684342e-14,-7.993606e-15,4.263256e-14
naive,2026-01-11 07:45:00,607,7.75,20.50933,3267.715,630.5784,6.49849,15.07408,1,1,2287.401,2287.084,1444.285,555.7151,2000,4,675.4472,1.607141,27.82025,795.1254,500,0,324.9685,0.1624843,0.1259371,0.3172331,0,250,0.3172331,842.7987,22.14284,62.18778,0,4.891349,0,41.17321,15.17038,26.00284,570.8855,0,1080.247,0,0,1.24345e-13,4.263256e-14
naive,2026-01-11 08:00:00,608,8,20.56179,3231.126,546.6596,0.9322408,10.12791,1,1,2261.788,2261.471,800.3014,400.198,1200.499,3,99.26367,268.4408,32.7949,800,0,499.6694,200,0.1,0.2046279,0.3172331,0,250,0.3172331,1461.169,26.08853,62.51385,0,0,0,40.71218,26.30105,14.41114,426.499,0,782.67,0,-1.136868e-13,-7.993606e-15,4.263256e-14
naive,2026-01-11 08:15:00,609,8.25,20.54256,3228.312,467.3615,0,16.32746,1,1,2259.819,2259.501,1436.905,563.0952,2000,4,515.0173,269.82,34.25088,680.9118,500,0,324.9685,0.1624843,0.1259371,0.3172331,0,250,0.3172331,822.5965,27.25204,53.22524,0,0,0,40.67673,14.80674,25.87,577.902,0,1095.926,0,0,1.24345e-13,4.263256e-14
naive,2026-01-11 08:30:00,610,8.5,20.91865,3242.912,404.8174,0,18.67324,1,1,2270.038,2269.721,682.8282,360.2183,1043.047,3,0,205.4328,37.61373,800,0,499.6694,200,0.1,0.2046279,0.3172331,0,250,0.3172331,1586.893,29.81456,62.13853,0,0,0,40.86069,28.56407,12.29662,388.7824,0,707.659,0,-1.136868e-13,-7.993606e-15,4.263256e-14
naive,2026-01-11 08:45:00,611,8.75,21.12352,3240.353,329.6103,0,25.0066,1,1,2268.247,2267.93,1396.227,572.7972,1969.024,4,356.7866,276.9577,35.27995,800,500,0,324.9685,0.1624843,0.1259371,0.3172331,0,250,0.3172331,871.7027,27.90686,61.92305,0,0,0,40.82845,15.69065,25.1378,588.4878,0,1107.312,0,0,1.24345e-13,4.263256e-14
naive,2026-01-11 09:00:00,612,9,21.08056,3271.067,287.13,0,31.81351,1,1,2289.747,2289.43,583.3895,316.3809,899.7704,2,0,61.94868,37.82171,800,0,499.6694,200,0.1,0.2046279,0.3172331,0,250,0.3172331,1706.04,29.93042,61.96824,0,0,1.88309,41.21544,30.70872,10.50672,347.4071,0,625.0999,0,0,-7.993606e-15,4.263256e-14
naive,2026-01-11 09:15:00,613,9.25,21.1872,3279.06,227.9828,0,34.89494,1,1,2295.342,2295.025,1317.931,551.409,1869.34,4,246.4225,275.4131,47.50412,800,500,0,324.9685,0.1624843,0.1259371,0.3172331,0,250,0.3172331,977.0939,37.55212,61.85609,0,0,0,41.31615,17.58769,23.72846,568.9967,0,1068.405,0,2.273737e-13,1.24345e-13,4.263256e-14
naive,2026-01-11 09:30:00,614,9.5,21.44742,3339.07,176.4553,0,49.25141,1,1,2337.349,2337.032,554.6188,303.6973,858.3161,2,0,0,58.3161,800,0,467.7854,207.971,0.1039855,0.2046279,0.3172331,0,250,0.3172331,1782.413,45.97762,61.5824,0,0,3.27379,42.07228,32.08343,9.988848,336.3365,0,603.3928,0,0,-7.993606e-15,4.263256e-14
naive,2026-01-11 09:45:00,615,9.75,21.71389,3342.272,163.6665,0,52.03609,1,1,2339.591,2339.273,853.7345,419.9675,1273.702,3,131.0933,276.2521,66.35648,800,0,31.75305,200,0.1,0.1309563,0.3172331,0,250,0.3172331,1485.539,52.17536,61.30214,0.8201585,0,0,42.11263,26.7397,15.37293,446.7072,0,825.8642,0,-1.136868e-13,1.387779e-15,4.263256e-14
naive,2026-01-11 10:00:00,616,10,21.74634,3321.79,143.6003,3.596929,56.29146,1,1,2325.253,2324.936,1263.484,539.5466,1803.03,4,144.3667,284.0711,74.59247,800,500,0,324.9685,0.1624843,0.1259371,0.3172331,0,250,0.3172331,1061.452,58.63187,61.26801,0,0,0,41.85456,19.10614,22.74842,558.6527,0,1048.379,0,0,1.24345e-13,4.263256e-14
naive,2026-01-11 10:15:00,617,10.25,21.96252,3327.352,136.3524,0,63.54398,1,1,2329.146,2328.829,566.5887,308.9743,875.5629,2,0,0,75.56292,800,0,403.2394,224.1075,0.1120538,0.2046279,0.3172331,0,250,0.3172331,1762.24,59.26398,61.04064,17.12349,0,4.28,41.92463,31.72032,10.20431,341.4282,0,643.7237,0,0,-7.993606e-15,4.263256e-14
naive,2026-01-11 10:30:00,618,10.5,22.22929,3330.011,127.4508,0,72.71697,1,1,2331.008,2330.691,771.3685,398.9953,1170.364,3,2.151672,289.9726,78.23956,800,0,96.28895,200,0.1,0.1411172,0.3172331,0,250,0.3172331,1559.322,61.1963,60.76006,29.01016,0,11.52067,41.95814,28.0678,13.89034,429.0478,0,839.783,0,-1.136868e-13,2.664535e-15,4.263256e-14
naive,2026-01-11 10:45:00,619,10.75,22.51635,3370.234,135.7633,0,74.3344,1,1,2359.164,2358.846,1247.145,537.4142,1784.559,4,101.7417,294.7418,88.07536,800,500,0,324.9685,0.1624843,0.1259371,0.3172331,0,250,0.3172331,1111.702,68.68726,60.45815,34.02161,0,5.647135,42.46494,20.01063,22.45431,558.403,0,1107.478,0,0,1.24345e-13,4.263256e-14
naive,2026-01-11 11:00:00,620,11,22.80564,3422.246,134.7316,0,83.88777,1,1,2395.572,2395.255,577.7344,313.8878,891.6223,2,0,0,91.62226,800,0,384.3951,228.8186,0.1144093,0.2046279,0.3172331,0,250,0.3172331,1817.52,71.24134,60.1539,45.42135,0,12.64643,43.12029,32.71536,10.40493,348.8059,0,708.2905,0,0,-7.993606e-15,4.263256e-14
naive,2026-01-11 11:15:00,621,11.25,22.80764,3457.181,139.3244,6.852671,86.93654,1,1,2420.027,2419.709,766.8343,397.2524,1164.087,3,0,263.3111,100.7756,800,0,115.1303,200,0.1,0.1440837,0.3172331,0,250,0.3172331,1652.875,78.35695,60.15179,61.86575,0,8.579589,43.56048,29.75175,13.80873,428.4985,0,896.0447,0,-2.273737e-13,-4.107825e-15,4.263256e-14
naive,2026-01-11 11:30:00,622,11.5,23.29111,3487.585,113.2132,0,91.08939,1,1,2441.309,2440.992,1248.655,541.3583,1790.014,4,74.18424,304.8785,110.9508,800,500,0,324.9685,0.1624843,0.1259371,0.3172331,0,250,0.3172331,1192.337,85.83942,59.64331,39.029,0,5.249968,43.94357,21.46206,22.4815,563.7434,0,1127.713,0,0,1.24345e-13,4.263256e-14
naive,2026-01-11 11:45:00,623,11.75,23.5581,3472.041,115.79,1.116106,102.2859,1,1,2430.429,2430.112,600.7216,324.0217,924.7433,2,0,0,124.7433,800,0,369.1062,232.6408,0.1163204,0.2046279,0.3172331,0,250,0.3172331,1829.39,96.24384,59.3625,54.63119,0,6.042104,43.74772,32.92902,10.8187,358.0185,0,743.493,0,0,-6.483702e-14,4.263256e-14
naive,2026-01-11 12:00:00,624,12,24.03087,3451.097,121.5598,4.305704,117.7129,1,1,2415.768,2415.451,769.7074,398.519,1168.226,3,0,230.3753,137.8511,800,0,130.4168,200,0.1,0.1464905,0.3172331,0,250,0.3172331,1645.743,105.8356,58.86526,62.51308,0,11.87733,43.48382,29.62338,13.86044,430.2608,0,902.1332,0,1.705303e-13,3.080869e-15,4.263256e-14
naive,2026-01-11 12:15:00,625,12.25,24.63544,3443.189,113.8635,1.97595,126.4571,1,1,2410.232,2409.915,1279.501,554.7095,1834.21,4,76.26082,305.1254,152.8241,800,500,0,324.9685,0.1624843,0.1259371,0.3172331,0,250,0.3172331,1130.414,116.592,58.22941,37.6027,0,9.865101,43.38418,20.34745,23.03673,576.8377,0,1153.032,0,0,1.24345e-13,4.263256e-14
naive,2026-01-11 12:30:00,626,12.5,24.83833,3458.441,125.1993,1.78374,138.6277,1,1,2420.909,2420.591,629.7105,336.8015,966.512,2,0,0,166.512,800,0,364.787,233.7206,0.1168603,0.2046279,0.3172331,0,250,0.3172331,1790.881,126.7645,58.01603,62.61618,0,11.8632,43.57635,32.23585,11.3405,371.1873,0,785.1195,0,-5.684342e-14,-7.993606e-15,4.263256e-14
naive,2026-01-11 12:45:00,627,12.75,24.89812,3462.08,117.9698,6.702652,150.2375,1,1,2423.456,2423.139,803.6108,413.4652,1217.076,3,0,242.3143,174.7616,800,0,134.7353,200,0.1,0.1471704,0.3172331,0,250,0.3172331,1619.528,132.9613,57.95314,42.29521,0,17.27622,43.62221,29.1515,14.4707,445.7515,0,899.2649,0,-1.136868e-13,-1.232348e-14,4.263256e-14
naive,2026-01-11 13:00:00,628,13,25.22822,3480.787,108.2156,19.80401,157.8911,1,1,2436.551,2436.234,1303.299,565.0658,1868.365,4,77.39727,302.1797,188.7879,800,500,0,324.9685,0.1624843,0.1259371,0.3172331,0,250,0.3172331,1132.935,143.1341,57.60596,30.81837,0,14.75698,445.0406,206.9327,238.108,774.6938,0,1537.743,0,-1.136868e-13,1.24345e-13,4.263256e-14
naive,2026-01-11 13:15:00,629,13.25,25.41499,3513.822,111.6419,16.19471,160.2965,1,1,2459.675,2459.358,655.1049,347.9966,1003.101,3,0,0,203.1014,800,0,369.8192,232.4626,0.1162313,0.2046279,0.3172331,0,250,0.3172331,1804.253,153.6828,57.40952,41.95839,0,6.613688,450.9566,330.7916,120.165,680.0007,0,1367.794,0,-1.136868e-13,-7.993606e-15,4.263256e-14
naive,2026-01-11 13:30:00,630,13.5,25.5603,3516.725,89.82092,10.82513,170.4363,1,1,2461.707,2461.39,829.9262,425.0664,1254.993,3,0,241.7252,213.2673,800,0,129.7039,200,0.1,0.1463783,0.3172331,0,250,0.3172331,1631.464,161.1272,57.2567,21.22077,0,9.309133,452.6556,299.9915,152.6641,726.7696,0,1425.731,0,0,-7.410739e-15,4.263256e-14
naive,2026-01-11 13:45:00,631,13.75,25.62331,3558.033,70.61709,5.787894,179.6398,1,1,2490.623,2490.306,1329.051,575.598,1904.649,4,84.29406,297.6482,222.7065,800,500,0,324.9685,0.1624843,0.1259371,0.3172331,0,250,0.3172331,1161.255,168.1464,57.19042,0,0,11.49334,458.557,213.8025,244.7544,791.5166,0,1518.694,0,0,1.24345e-13,4.263256e-14
naive,2026-01-11 14:00:00,632,14,26.03371,3529.136,75.75191,16.85778,187.371,1,1,2470.395,2470.078,678.6593,358.3805,1037.04,3,0,0,237.0397,800,0,400.5456,224.7809,0.1123905,0.2046279,0.3172331,0,250,0.3172331,1791.419,178.19,56.75879,0,0,9.181034,458.6448,332.5885,126.0564,692.6735,0,1321.493,0,0,-7.993606e-15,4.263256e-14
naive,2026-01-11 14:15:00,633,14.25,26.15466,3539.041,51.01123,16.55626,186.1538,1,1,2477.329,2477.012,888.7745,451.0096,1339.784,3,0,291.9781,247.806,800,0,98.98225,200,0.1,0.1415413,0.3172331,0,250,0.3172331,1588.237,186.0435,56.63158,0,0,0.1103093,461.071,295.5967,165.4744,746.6268,0,1429.543,0,0,-6.883383e-15,4.263256e-14
naive,2026-01-11 14:30:00,634,14.5,26.14217,3528.083,80.73961,4.894748,189.1578,1,1,2469.658,2469.341,1370.204,591.6707,1961.875,4,101.6922,301.865,258.3176,800,500,0,324.9685,0.1624843,0.1259371,0.3172331,0,250,0.3172331,1099.137,193.961,56.64471,0,0,0,459.5259,204.5149,255.011,796.1856,0,1528.646,0,2.273737e-13,1.24345e-13,4.263256e-14
naive,2026-01-11 14:45:00,635,14.75,26.24555,3543.284,80.36019,15.6353,188.8307,1,1,2480.299,2479.981,695.1744,365.6611,1060.835,3,0,0,260.8355,800,0,417.2899,220.5949,0.1102974,0.2046279,0.3172331,0,250,0.3172331,1784.807,195.6359,56.53599,0,0,0,462.4843,332.8007,129.6836,698.4619,0,1333.321,0,-1.705303e-13,4.884981e-14,4.263256e-14
naive,2026-01-11 15:00:00,636,15,26.24619,3527.417,111.7673,7.013383,190.0926,1,1,2469.192,2468.875,933.318,468.231,1401.549,3,20.30621,301.5343,279.7084,800,0,82.24061,200,0.1,0.1389054,0.3172331,0,250,0.3172331,1535.557,209.7899,56.53531,9.220513,0,0,460.4194,286.3286,174.0909,754.5595,0,1461.422,0,5.684342e-14,5.800915e-15,4.263256e-14
naive,2026-01-11 15:15:00,637,15.25,26.40808,3499.727,117.1577,9.276087,199.8834,1,1,2449.809,2449.492,1381.763,597.2498,1979.013,4,97.62791,303.458,277.9265,800,500,0,324.9685,0.1624843,0.1259371,0.3172331,0,250,0.3172331,1067.729,208.0934,56.36504,19.52981,0,0,458.327,199.758,258.569,797.0078,0,1564.294,0,1.136868e-13,1.24345e-13,4.263256e-14
naive,2026-01-11 15:30:00,638,15.5,26.48204,3484.514,113.2783,0.6344523,202.912,1,1,2439.16,2438.842,704.6156,369.8233,1074.439,3,0,0,274.4388,800,0,408.8791,222.6976,0.1113488,0.2046279,0.3172331,0,250,0.3172331,1734.227,205.3197,56.28726,8.81023,0,0,457.0303,324.9456,132.0847,694.7689,0,1341.412,0,1.136868e-13,-7.993606e-15,4.263256e-14
naive,2026-01-11 15:45:00,639,15.75,26.46078,3450.59,117.9984,0.6289758,204.6268,1,1,2415.413,2415.096,937.622,469.0728,1406.695,3,29.17935,300.7354,276.78,800,0,90.65009,200,0.1,0.1402294,0.3172331,0,250,0.3172331,1477.474,207.1183,56.30962,0,0,0,452.3826,276.716,175.6666,745.7888,0,1428.229,0,1.136868e-13,-5.551115e-17,4.263256e-14
naive,2026-01-11 16:00:00,640,16,26.6437,3414.674,144.9074,0,201.7213,1,1,2390.272,2389.954,1398.85,600.5476,1999.398,4,133.231,296.9006,269.2664,800,500,0,324.9685,0.1624843,0.1259371,0.3172331,0,250,0.3172331,991.104,201.1017,56.11723,11.6764,0,0.6195904,449.3674,186.326,263.0414,786.9901,0,1530.99,0,-2.273737e-13,1.24345e-13,4.263256e-14
naive,2026-01-11 16:15:00,641,16.25,26.64958,3428.939,178.751,1.213119,193.14,1,1,2400.257,2399.94,699.6757,367.6455,1067.321,3,0,0,267.3212,800,0,443.1811,214.1221,0.107061,0.2046279,0.3172331,0,250,0.3172331,1700.264,199.6364,56.11105,29.91252,0,0,451.2995,319.6859,131.6136,687.3314,0,1363.137,0,0,-7.993606e-15,4.263256e-14
naive,2026-01-11 16:30:00,642,16.5,26.82013,3402.216,199.0816,1.4846,187.339,1,1,2381.551,2381.234,983.3641,479.1211,1462.485,3,114.2261,287.0005,261.2585,800,0,56.35354,200,0.1,0.1348295,0.3172331,0,250,0.3172331,1397.87,194.7523,55.93168,28.50197,0,0,449.3674,263.7596,185.6077,742.8807,0,1472.004,0,-1.136868e-13,1.665335e-16,4.263256e-14
naive,2026-01-11 16:45:00,643,16.75,27.04447,3421.617,212.6085,0,191.3681,1,1,2395.132,2394.815,1408.736,591.2635,2000,4,213.4745,287.1904,254.7002,744.6349,500,0,324.9685,0.1624843,0.1259371,0.3172331,0,250,0.3172331,986.0785,189.4063,51.84123,0,0,1.96184,454.0442,186.9305,267.1137,778.5659,0,1498.81,0,0,1.24345e-13,4.263256e-14
naive,2026-01-11 17:00:00,644,17,27.04055,3465.207,260.4971,5.660006,184.2249,1,1,2425.645,2425.328,712.2889,373.2061,1085.495,3,0,44.44259,241.0523,800,0,499.6694,200,0.1,0.2046279,0.3172331,0,250,0.3172331,1713.039,179.2647,55.69985,0,0,4.960209,459.7909,324.7135,135.0774,698.8598,0,1335.057,0,0,-7.993606e-15,4.263256e-14
naive,2026-01-11 17:15:00,645,17.25,26.9854,3425.387,318.6096,1.12947,173.5976,1,1,2397.771,2397.454,1419.544,580.4563,2000,4,305.6737,280.1682,231.7415,682.4167,500,0,324.9685,0.1624843,0.1259371,0.3172331,0,250,0.3172331,977.9098,172.4427,47.56262,12.93588,0,1.154841,453.9851,185.1539,268.8313,765.8288,0,1500.464,0,1.136868e-13,1.24345e-13,4.263256e-14
naive,2026-01-11 17:30:00,646,17.5,27.0264,3420.31,382.1681,3.345447,168.8491,1,1,2394.217,2393.9,760.9461,394.6566,1155.603,3,0,138.9042,216.6984,800,0,499.6694,200,0.1,0.2046279,0.3172331,0,250,0.3172331,1632.954,161.1779,55.71473,15.89971,0,7.67123,453.6998,309.4417,144.258,705.552,0,1375.852,0,-5.684342e-14,-7.993606e-15,4.263256e-14
naive,2026-01-11 17:45:00,647,17.75,27.1419,3389.107,420.0652,5.64002,157.0535,1,1,2372.375,2372.057,1434.82,565.1798,2000,4,431.3611,272.9113,208.7192,587.0085,500,0,324.9685,0.1624843,0.1259371,0.3172331,0,250,0.3172331,937.2372,155.0501,40.79214,0,0,2.003377,450.6456,178.0334,272.6123,743.5937,0,1441.296,0,0,1.24345e-13,4.263256e-14
naive,2026-01-11 18:00:00,648,18,27.12435,3315.932,476.3918,1.901476,153.7463,1,1,2321.153,2320.835,653.4174,347.2526,1000.67,3,0,0,200.67,800,0,489.3329,202.5841,0.1012921,0.2046279,0.3172331,0,250,0.3172331,1667.418,149.0989,55.61171,0,0,4.647367,440.7541,316.6191,124.135,664.7542,0,1266.945,0,0,-7.993606e-15,4.263256e-14
naive,2026-01-11 18:15:00,649,18.25,27.11042,3297.861,550.8923,6.850585,133.8847,1,1,2308.503,2308.186,1066.204,465.1879,1531.392,4,538.3469,3.998821,189.0459,800,0,10.20899,200,0.1,0.1275643,0.3172331,0,250,0.3172331,1241.982,140.4831,55.62636,2.336464,2.851765,0,438.2246,235.7662,202.4583,700.9541,0,1348.278,0,0,-4.163336e-16,4.263256e-14
naive,2026-01-11 18:30:00,650,18.5,27.05975,3318.435,633.434,2.213966,128.5294,1,1,2322.905,2322.587,1441.96,558.0404,2000,4,605.0835,0,167.6359,727.2806,500,0,324.9685,0.1624843,0.1259371,0.3172331,0,250,0.3172331,880.6278,124.641,50.61841,28.35052,2.213966,3.888374,440.4924,166.9935,273.4989,725.7712,0,1447.32,0,0,1.24345e-13,4.263256e-14
naive,2026-01-11 18:45:00,651,18.75,27.03854,3265.416,674.8216,0,117.478,1,1,2285.792,2285.474,747.5502,369.5401,1117.09,3,161.492,0.0166215,155.5817,800,0,499.6694,200,0.1,0.2046279,0.3172331,0,250,0.3172331,1537.924,115.7048,55.70196,13.66025,0,1.773167,433.2629,291.5076,141.7554,661.3837,0,1283.667,0,0,-7.993606e-15,4.263256e-14
naive,2026-01-11 19:00:00,652,19,27.04374,3245.464,690.9899,0,113.7123,1,0,2271.825,2271.507,1454.052,545.9481,2000,4,701.4483,0.1764253,151.6396,646.7357,500,0,324.9685,0.1624843,0.1259371,0.3172331,0,250,0.3172331,817.4554,112.7668,45.02614,0,0,0.9454945,430.6622,154.9623,275.6999,701.0896,0,1351.525,0,-2.273737e-13,1.24345e-13,4.263256e-14
naive,2026-01-11 19:15:00,653,19.25,26.86027,3226.092,723.828,0,106.1099,0,0,2258.264,2257.947,789.3887,380.325,1169.714,3,225.88,0.244392,143.5893,800,0,499.6694,200,0.1,0.2046279,0.3172331,0,250,0.3172331,1468.558,106.9909,55.88946,0,0,0,426.4601,277.3287,149.1314,0,657.6537,3554.22,0,0,-7.993606e-15,4.263256e-14
naive,2026-01-11 19:30:00,654,19.5,26.69376,3176.399,686.5629,0.9148604,102.8891,0,0,2223.479,2223.162,1457.762,542.2382,2000,4,738.3184,0.2717906,127.6408,633.7691,500,0,324.9685,0.1624843,0.1259371,0.3172331,0,250,0.3172331,765.4002,95.27744,44.415,0,0.6430698,7.611671,418.4438,144.0432,274.4006,0,687.7138,3733.568,0,0,1.24345e-13,4.263256e-14
naive,2026-01-11 19:45:00,655,19.75,26.58354,3177.137,692.1239,0.1420738,88.8521,0,0,2223.996,2223.679,777.3143,373.8584,1151.173,3,235.4933,1.044547,114.6349,800,0,499.6694,200,0.1,0.2046279,0.3172331,0,250,0.3172331,1446.365,85.67031,56.18051,0,0,3.181785,417.5883,271.5764,146.0119,0,646.0323,3489.974,0,0,-7.993606e-15,4.263256e-14
naive,2026-01-11 20:00:00,656,20,26.36849,3163.75,669.1689,1.430975,75.95207,0,0,2214.625,2214.308,1453.316,546.6837,2000,4,713.3001,1.777739,104.8072,680.115,500,0,324.9685,0.1624843,0.1259371,0.3172331,0,250,0.3172331,760.9913,78.50604,47.95379,0,0,0,413.9898,142.2556,271.7343,0,688.9393,3735.218,0,0,1.24345e-13,4.263256e-14
naive,2026-01-11 20:15:00,657,20.25,26.24701,3168.408,662.8893,2.146212,72.12053,0,0,2217.886,2217.568,719.8605,355.6978,1075.558,3,175.2387,2.028435,98.29108,800,0,499.6694,200,0.1,0.2046279,0.3172331,0,250,0.3172331,1497.708,73.72066,56.53445,0,0.1177773,0,413.5663,279.2757,134.2906,0,634.9735,3428.956,0,-1.705303e-13,-7.993606e-15,4.263256e-14
naive,2026-01-11 20:30:00,658,20.5,26.16591,3156.926,605.6051,4.409584,62.97498,0,0,2209.849,2209.531,1439.877,560.123,2000,4,619.0869,1.124605,89.43969,790.3488,500,0,324.9685,0.1624843,0.1259371,0.3172331,0,250,0.3172331,769.6543,67.13994,55.93669,0,3.284979,0,411.3833,143.2781,268.1052,0,703.4012,3811.444,0,0,1.24345e-13,4.263256e-14
naive,2026-01-11 20:45:00,659,20.75,26.00056,3109.641,532.5682,0.8950619,60.79484,0,0,2176.749,2176.432,611.1987,322.4373,933.636,2,52.14563,2.371095,79.11929,800,0,499.6694,200,0.1,0.2046279,0.3172331,0,250,0.3172331,1565.233,59.49736,56.79366,0,0,1.297485,403.8541,290.399,113.4551,0,613.0771,3308.031,0,0,-7.993606e-15,4.263256e-14
naive,2026-01-11 21:00:00,660,21,25.74966,3107.875,512.9909,5.040262,52.53467,0,0,2175.512,2175.195,1338.905,531.2524,1870.158,4,493.5944,0.9644061,75.59886,800,500,0,324.9685,0.1624843,0.1259371,0.3172331,0,250,0.3172331,836.2898,57.00175,57.05754,19.39646,4.075856,0,401.5685,154.3671,247.2013,0,685.6195,3747.207,0,0,1.24345e-13,4.263256e-14
naive,2026-01-11 21:15:00,661,21.25,25.46817,3116.82,449.8564,8.945774,48.72189,0,0,2181.774,2181.457,560.4985,306.2894,866.7879,2,0,0,66.78788,800,0,433.5418,216.5319,0.1082659,0.2046279,0.3172331,0,250,0.3172331,1620.959,50.50865,57.3536,17.151,8.109339,0,400.4356,297.5054,102.9303,0,603.7948,3299.923,0,5.684342e-14,-6.483702e-14,4.263256e-14
naive,2026-01-11 21:30:00,662,21.5,25.50847,3100.861,384.8252,0.1320047,47.17474,0,0,2170.603,2170.286,797.5968,374.3928,1171.99,3,306.1655,0.8753944,64.94873,800,0,65.99125,200,0.1,0.136347,0.3172331,0,250,0.3172331,1372.689,49.09684,57.3112,12.66852,0,0,398.7098,252.144,146.5658,0,626.5368,3403.331,0,-1.136868e-13,9.714451e-16,4.263256e-14
naive,2026-01-11 21:45:00,663,21.75,25.42431,3106.561,316.9873,6.299564,40.33405,0,0,2174.593,2174.276,1184.411,485.0582,1669.469,4,309.3737,3.103,56.99199,800,500,0,324.9685,0.1624843,0.1259371,0.3172331,0,250,0.3172331,989.865,43.12045,57.39972,7.613566,3.196563,0,398.7645,181.5158,217.2487,0,666.574,3620.23,0,-1.136868e-13,1.24345e-13,4.263256e-14
naive,2026-01-11 22:00:00,664,22,25.07196,3109.431,255.35,2.491255,34.31321,0,0,2176.601,2176.284,552.6946,302.8491,855.5437,2,0,0,55.54371,800,0,271.0644,257.1513,0.1285756,0.2046279,0.3172331,0,250,0.3172331,1623.59,42.18125,57.7703,0,0.2929056,0,396.3161,295.6236,100.6925,0,598.4727,3227.113,0,0,-6.483702e-14,4.263256e-14
naive,2026-01-11 22:15:00,665,22.25,24.75228,3044.294,193.4368,0,24.93111,0,0,2131.006,2130.689,553.7625,303.286,857.0486,2,0.2844093,0.1688589,56.59529,800,0,228.4431,200,0.1,0.1619244,0.3172331,0,250,0.3172331,1576.926,43.12458,58.10652,0,0,0,38.35811,28.38467,9.973436,0,331.6707,1758.819,0,-5.684342e-14,1.187939e-14,4.263256e-14
naive,2026-01-11 22:30:00,666,22.5,24.7823,3059.28,177.5645,0,19.59856,0,0,2141.496,2141.179,1093.659,457.9776,1551.636,4,200.7038,1.192057,49.74054,800,500,0,324.9685,0.1624843,0.1259371,0.3172331,0,250,0.3172331,1047.52,37.88944,58.07495,0,0,0,38.54693,18.85536,19.69157,0,476.833,2557.247,0,5.684342e-14,1.24345e-13,4.263256e-14
naive,2026-01-11 22:45:00,667,22.75,24.75758,3005.24,143.0164,0,17.08949,0,0,2103.668,2103.351,549.6789,301.5196,851.1984,2,0,0,51.19844,800,0,183.717,278.9881,0.1394941,0.2046279,0.3172331,0,250,0.3172331,1553.672,39.01011,58.10095,0,0,0,37.86602,27.96609,9.89993,0,329.4857,1746.808,0,5.684342e-14,-3.641532e-14,4.263256e-14
naive,2026-01-11 23:00:00,668,23,24.54714,2979.138,139.6831,2.495515,22.29789,0,1,2085.397,2085.079,546.0907,299.9378,846.0285,2,0,0,46.0285,800,0,162.3127,238.366,0.119183,0.1756747,0.3172331,0,250,0.3172331,1538.989,35.14842,58.32228,0,0,0,37.53714,27.7018,9.835344,0,327.6396,1736.405,0,-5.684342e-14,-6.514234e-14,4.263256e-14
naive,2026-01-11 23:15:00,669,23.25,24.46838,2985.829,131.6629,4.774293,31.00924,1,1,2090.08,2089.763,540.0298,297.2658,837.2955,2,0,0,37.29553,800,0,128.0146,206.3249,0.1031624,0.1500956,0.3172331,0,250,0.3172331,1549.733,28.50322,58.40512,5.279778,3.142866,2.506022,37.62145,27.8952,9.726246,325.6118,0,600.047,0,-5.684342e-14,-5.037637e-14,4.263256e-14
naive,2026-01-11 23:30:00,670,23.5,24.04257,2969.733,132.3286,4.177317,21.68968,1,1,2078.813,2078.496,609.3694,317.4481,926.8175,2,87.30706,0.3943092,39.11614,800,0,25.16955,200,0.1,0.1299197,0.3172331,0,250,0.3172331,1469.126,30.02788,58.85296,19.85196,3.783007,0,37.41863,26.44428,10.97436,343.8924,0,662.3456,0,0,1.415534e-15,4.263256e-14
naive,2026-01-11 23:45:00,671,23.75,23.81319,2960.451,115.3999,10.59581,26.58421,1,1,2072.316,2071.998,1013.092,433.4029,1446.495,3,108.7119,0.513694,37.26902,800,500,0,324.9685,0.1624843,0.1259371,0.3172331,0,250,0.3172331,1058.907,28.67831,59.09421,6.688007,10.08211,0,37.30168,19.06032,18.24136,452.4633,0,867.374,0,-5.684342e-14,1.24345e-13,4.263256e-14
naive,2026-01-12 00:00:00,672,0,23.68093,2999.551,109.8794,0.7193844,24.2958,1,1,2099.685,2099.368,536.7006,295.7981,832.4988,2,0,0,32.49878,800,0,114.128,296.3854,0.1481927,0.2046279,0.3172331,0,250,0.3172331,1562.667,25.04202,59.23331,0,0.1989099,0,37.79434,28.12801,9.666322,323.9262,0,581.558,0,-5.684342e-14,7.727152e-14,4.263256e-14
naive,2026-01-12 00:15:00,673,0.25,23.2111,2976.815,96.22122,1.617607,18.03245,1,1,2083.77,2083.453,535.6751,295.346,831.0211,2,0,0,31.02114,800,0,110.8006,268.6385,0.1343193,0.1866295,0.3172331,0,250,0.3172331,1547.778,24.02002,59.72746,0,1.296793,0,37.50787,27.86001,9.647862,323.206,0,581.4557,0,-5.684342e-14,-2.695066e-14,4.263256e-14
naive,2026-01-12 00:30:00,674,0.5,22.88785,3013.64,91.28898,0,18.26195,1,1,2109.548,2109.231,536.6516,295.7765,832.4281,2,0,0,32.42813,800,0,99.72002,243.6663,0.1218331,0.1691578,0.3172331,0,250,0.3172331,1572.579,25.19333,60.06743,0,0,0,37.97186,28.30642,9.665439,324.0829,0,580.59,0,0,-2.881029e-14,4.263256e-14
naive,2026-01-12 00:45:00,675,0.75,22.77354,3058.546,79.18047,1.187045,19.46518,1,1,2140.982,2140.665,534.891,295.0004,829.8913,2,0,0,29.89133,800,0,99.40285,218.7772,0.1093886,0.1534331,0.3172331,0,250,0.3172331,1605.774,23.24983,60.18765,0,0,0,38.53768,28.90393,9.633748,323.9043,0,580.0975,0,0,2.850498e-14,4.263256e-14
naive,2026-01-12 01:00:00,676,1,22.70782,3083.81,51.20606,10.33581,20.81667,1,1,2158.667,2158.35,531.5513,293.5281,825.0794,2,0,2.627317,22.45211,800,0,74.97098,200,0.1,0.1377608,0.3172331,0,250,0.3172331,1626.798,17.47532,60.25678,0,7.407577,3.341356,38.856,29.28237,9.573634,323.3913,0,591.7719,0,5.684342e-14,-3.247402e-15,4.263256e-14
naive,2026-01-12 01:15:00,677,1.25,22.42136,3042.218,66.86672,0,24.21084,1,1,2129.553,2129.235,965.5476,417.317,1382.865,3,67.74154,4.702966,10.42013,800,500,0,324.9685,0.1624843,0.1259371,0.3172331,0,250,0.3172331,1163.688,8.134256,60.55806,0,0,16.07659,38.33195,20.94638,17.38557,441.043,0,813.9583,0,-5.684342e-14,1.24345e-13,4.263256e-14
naive,2026-01-12 01:30:00,678,1.5,22.25751,2998.154,57.35519,0,14.05854,1,1,2098.708,2098.391,524.162,290.2705,814.4325,2,0,0,14.43249,800,0,75.72978,305.9849,0.1529925,0.2046279,0.3172331,0,250,0.3172331,1574.229,11.28534,60.73039,0,0,2.7732,37.77674,28.33611,9.440626,319.0846,0,569.8475,0,0,-5.062617e-14,4.263256e-14
naive,2026-01-12 01:45:00,679,1.75,22.27099,3001.907,100.606,0,14.06102,1,1,2101.335,2101.018,522.2801,289.4408,811.7209,2,0,0,11.7209,800,0,101.2965,280.6126,0.1403063,0.1926742,0.3172331,0,250,0.3172331,1578.738,9.163774,60.71621,0.4387002,0,4.897246,37.82403,28.41728,9.406751,318.7024,0,569.8559,0,0,-1.065814e-13,4.263256e-14
naive,2026-01-12 02:00:00,680,2,22.03194,3055.298,98.68136,0,21.66759,1,1,2138.709,2138.392,521.0004,288.8767,809.8771,2,0,0,9.877129,800,0,104.7546,254.3798,0.1271899,0.1766977,0.3172331,0,250,0.3172331,1617.391,7.741145,60.96763,0,0,13.92645,38.49676,29.11304,9.383718,320.38,0,572.1713,0,0,-7.244205e-15,4.263256e-14
naive,2026-01-12 02:15:00,681,2.25,21.67912,3043.421,74.60255,0,18.77927,1,1,2130.394,2130.077,521.067,288.9061,809.9731,2,0,0,9.973128,800,0,117.5589,224.95,0.112475,0.1601792,0.3172331,0,250,0.3172331,1609.01,7.844534,61.33871,0,0,10.93474,38.3471,28.96218,9.384917,319.7326,0,570.4591,0,-5.684342e-14,4.962697e-14,4.263256e-14
naive,2026-01-12 02:30:00,682,2.5,21.50417,3025.868,77.86229,6.409151,22.68094,1,1,2118.107,2117.79,529.2302,291.1616,820.3918,2,11.2911,0.9198809,8.180776,800,0,99.65849,200,0.1,0.1416477,0.3172331,0,250,0.3172331,1588.56,6.446178,61.52271,0,5.48927,16.23477,38.12593,28.59408,9.531853,322.5146,0,585.2851,0,5.684342e-14,5.412337e-15,4.263256e-14
naive,2026-01-12 02:45:00,683,2.75,21.29681,3023.22,92.5432,7.045931,12.28229,1,1,2116.254,2115.937,997.5603,426.2094,1423.77,3,111.6248,0.7371778,11.40774,800,500,0,324.9685,0.1624843,0.1259371,0.3172331,0,250,0.3172331,1118.376,9.007843,61.7408,0,6.308753,3.274445,38.09257,20.13077,17.9618,446.8945,0,835.2132,0,2.273737e-13,1.24345e-13,4.263256e-14
naive,2026-01-12 03:00:00,684,3,21.32172,3043.283,101.8175,14.04862,12.7931,1,1,2130.298,2129.981,521.9122,289.2787,811.1909,2,0,0,11.19088,800,0,126.1787,293.3727,0.1466863,0.2046279,0.3172331,0,250,0.3172331,1608.068,8.834376,61.7146,0,12.64295,3.958725,38.34536,28.94523,9.40013,318.8944,0,590.1689,0,0,6.217249e-15,4.263256e-14
naive,2026-01-12 03:15:00,685,3.25,21.20765,3070.929,93.65776,7.377152,10.28799,1,1,2149.651,2149.333,524.315,290.3379,814.6529,2,0,0,14.65293,800,0,125.2578,262.0121,0.131006,0.1847325,0.3172331,0,250,0.3172331,1625.018,11.58078,61.83457,0,6.545495,0,38.69371,29.25033,9.44338,319.5883,0,580.9036,0,0,-5.223599e-14,4.263256e-14
naive,2026-01-12 03:30:00,686,3.5,20.98067,3064.57,105.967,4.378997,3.930231,1,1,2145.199,2144.882,523.9077,290.1584,814.066,2,0,0,14.06602,800,0,129.1784,229.6762,0.1148381,0.1649851,0.3172331,0,250,0.3172331,1620.974,11.14246,62.0733,0,0.9958417,0,38.61358,29.17754,9.436048,319.3359,0,570.5572,0,0,-4.08007e-15,4.263256e-14
naive,2026-01-12 03:45:00,687,3.75,21.1846,3057.332,118.9092,9.423019,4.067882,1,1,2140.132,2139.815,535.0013,293.3997,828.401,2,13.86406,3.150935,11.38603,800,0,118.5602,200,0.1,0.1446237,0.3172331,0,250,0.3172331,1604.814,9.000921,61.85882,0,6.272083,0,38.52238,28.88665,9.635733,322.2864,0,585.8009,0,5.684342e-14,4.662937e-15,4.263256e-14
naive,2026-01-12 04:00:00,688,4,21.0202,3068.376,127.7664,0,7.474524,1,1,2147.864,2147.546,1030.643,436.0619,1466.705,3,151.4035,1.635075,13.6662,800,500,0,324.9685,0.1624843,0.1259371,0.3172331,0,250,0.3172331,1116.903,10.82142,62.03172,0,0,0,38.66154,20.10426,18.55728,456.1661,0,842.5465,0,-1.705303e-13,1.24345e-13,4.263256e-14
naive,2026-01-12 04:15:00,689,4.25,20.99714,3066.804,148.5974,1.964279,11.87583,1,1,2146.763,2146.446,522.7289,289.6387,812.3676,2,0,0,12.36756,800,0,172.2039,281.8664,0.1409332,0.2046279,0.3172331,0,250,0.3172331,1623.717,9.795392,62.05598,0,1.007437,2.080434,38.64173,29.2269,9.41483,319.2158,0,570.3565,0,5.684342e-14,1.056932e-13,4.263256e-14
naive,2026-01-12 04:30:00,690,4.5,21.01389,3055.995,185.9908,0.374305,11.60981,1,1,2139.196,2138.879,524.5001,290.4196,814.9197,2,0,0,14.91968,800,0,190.031,234.3143,0.1171571,0.1774871,0.3172331,0,250,0.3172331,1614.379,11.81473,62.03836,0,0,0,38.50553,29.05882,9.446712,319.4784,0,569.1636,0,0,-3.094747e-14,4.263256e-14
naive,2026-01-12 04:45:00,691,4.75,21.05793,3015.582,229.4355,5.352807,9.103782,1,1,2110.907,2110.59,592.0905,309.8331,901.9235,2,87.28771,1.457334,13.17851,800,0,137.1095,200,0.1,0.1475443,0.3172331,0,250,0.3172331,1518.499,10.43127,61.99204,5.038294,3.895474,0,37.99633,27.33299,10.66334,337.166,0,620.0018,0,0,-1.096345e-14,4.263256e-14
naive,2026-01-12 05:00:00,692,5,21.03574,3031.241,292.025,0,2.001341,1,1,2121.868,2121.551,1127.057,463.8766,1590.934,4,274.887,1.225806,14.82121,800,500,0,324.9685,0.1624843,0.1259371,0.3172331,0,250,0.3172331,994.4937,11.73416,62.01538,17.13805,0,0,38.19363,17.90089,20.29274,481.7775,0,923.3508,0,5.684342e-14,1.24345e-13,4.263256e-14
naive,2026-01-12 05:15:00,693,5.25,21.08197,3027.819,370.1401,0,6.602562,1,1,2119.473,2119.156,520.2886,288.5629,808.8515,2,0,0,8.851474,800,0,349.7756,237.4735,0.1187367,0.2046279,0.3172331,0,250,0.3172331,1598.867,7.004563,61.96676,22.66986,0,0,38.15052,28.77961,9.370905,317.3425,0,604.0779,0,-5.684342e-14,-7.993606e-15,4.263256e-14
naive,2026-01-12 05:30:00,694,5.5,21.05703,3036.118,459.4709,0,15.17725,1,1,2125.282,2124.965,747.3582,354.1151,1101.473,3,290.4463,1.102213,9.924855,800,0,149.7443,200,0.1,0.1495336,0.3172331,0,250,0.3172331,1377.607,7.855957,61.99299,19.28031,0,7.321295,38.25508,24.79693,13.45816,380.1459,0,723.8082,0,0,8.382184e-15,4.263256e-14
naive,2026-01-12 05:45:00,695,5.75,20.87168,3043.423,517.2837,0,20.24683,1,1,2130.396,2130.079,1297.924,512.3307,1810.255,4,500.7843,1.325857,8.145052,800,500,0,324.9685,0.1624843,0.1259371,0.3172331,0,250,0.3172331,832.1545,6.459243,62.18793,16.49945,0,13.78759,38.34713,14.97878,23.36835,529.6251,0,1017.75,0,0,1.24345e-13,4.263256e-14
naive,2026-01-12 06:00:00,696,6,20.86009,3037.111,591.9224,2.531878,23.87864,1,1,2125.978,2125.661,587.3681,308.4993,895.8675,2,80.99879,2.317216,12.55147,800,0,499.6694,200,0.1,0.2046279,0.3172331,0,250,0.3172331,1538.293,9.954814,62.20012,11.25417,0.2146619,13.92382,38.2676,27.68927,10.57834,338.5266,0,626.8618,0,5.684342e-14,-7.993606e-15,4.263256e-14
naive,2026-01-12 06:15:00,697,6.25,20.86665,3069.887,671.6817,0,18.43548,1,1,2148.921,2148.603,1412.673,545.9106,1958.583,4,643.7476,1.064871,13.77093,800,500,0,324.9685,0.1624843,0.1259371,0.3172331,0,250,0.3172331,735.9307,10.92127,62.19322,27.93414,0,7.514214,38.68057,13.24675,25.43382,560.4193,0,1099.058,0,0,1.24345e-13,4.263256e-14
naive,2026-01-12 06:30:00,698,6.5,20.89106,3111.358,734.9643,2.337219,26.94673,1,1,2177.951,2177.633,681.1146,335.3795,1016.494,3,202.4518,1.258326,12.78394,800,0,499.6694,200,0.1,0.2046279,0.3172331,0,250,0.3172331,1496.519,10.13602,62.16754,32.84311,1.078893,16.8107,39.20311,26.93734,12.26577,365.1412,0,718.8593,0,-5.684342e-14,-7.993606e-15,4.263256e-14
naive,2026-01-12 06:45:00,699,6.75,20.97116,3134.098,763.1764,0,24.51939,1,1,2193.869,2193.552,1452.898,547.1025,2000,4,746.8014,0.974667,10.09463,742.1293,500,0,324.9685,0.1624843,0.1259371,0.3172331,0,250,0.3172331,740.6541,7.997275,57.59229,16.37498,0,16.52211,39.48964,13.33177,26.15787,563.2143,0,1089.884,0,0,1.24345e-13,4.263256e-14
naive,2026-01-12 07:00:00,700,7,20.96635,3126.264,776.4682,0.03427286,15.67534,1,1,2188.385,2188.068,726.1956,348.4764,1074.672,3,259.4205,0.5029936,14.74855,800,0,499.6694,200,0.1,0.2046279,0.3172331,0,250,0.3172331,1461.872,11.68482,62.08836,17.3783,0,3.99052,39.39093,26.3137,13.07723,375.4615,0,711.0512,0,-1.136868e-13,-7.993606e-15,4.263256e-14
naive,2026-01-12 07:15:00,701,7.25,21.2299,3143.341,763.2849,4.56667,15.55047,1,1,2200.339,2200.021,1454.053,545.9467,2000,4,753.3538,0,16.48883,730.1574,500,0,324.9685,0.1624843,0.1259371,0.3172331,0,250,0.3172331,745.9682,13.02883,56.41486,9.931126,4.56667,2.521641,39.6061,13.42743,26.17867,559.8005,0,1081.143,0,0,1.24345e-13,4.263256e-14
naive,2026-01-12 07:30:00,702,7.5,21.536,3173.209,727.773,0,17.42878,1,1,2221.246,2220.929,697.4192,340.9951,1038.414,3,215.6685,2.323611,20.42215,800,0,499.6694,200,0.1,0.2046279,0.3172331,0,250,0.3172331,1523.51,16.08677,61.48923,12.43505,0,1.342007,39.98244,27.42318,12.55926,368.6464,0,689.568,0,5.684342e-14,-7.993606e-15,4.263256e-14
naive,2026-01-12 07:45:00,703,7.75,21.36239,3180.81,676.1795,0,18.32886,1,1,2226.567,2226.25,1426.674,551.2527,1977.927,4,650.7294,4.295353,22.90234,800,500,0,324.9685,0.1624843,0.1259371,0.3172331,0,250,0.3172331,799.5751,18.07225,61.67182,25.45014,0,0.2566013,40.0782,14.39235,25.68585,565.6885,0,1105.898,0,0,1.24345e-13,4.263256e-14
naive,2026-01-12 08:00:00,704,8,21.49292,3210.042,592.1085,374.1013,21.78662,1,1,2247.029,2246.712,667.6803,345.1807,1012.861,3,70.27403,120.8623,21.72469,800,0,499.6694,200,0.1,0.2046279,0.3172331,0,250,0.3172331,1579.032,17.12029,61.53454,22.16501,253.239,4.666334,40.44653,28.42257,12.02396,374.3961,0,1154.638,0,-1.136868e-13,-7.993606e-15,4.263256e-14
naive,2026-01-12 08:15:00,705,8.25,21.5418,3185.188,485.3117,374.8277,28.97931,1,1,2229.632,2229.314,1384.367,551.8883,1936.255,4,488.5979,121.0121,26.64498,800,500,0,324.9685,0.1624843,0.1259371,0.3172331,0,250,0.3172331,844.9478,20.98733,61.48313,0,253.8156,7.991982,40.13337,15.20906,24.92431,568.4565,0,1505.576,0,0,1.24345e-13,4.263256e-14
naive,2026-01-12 08:30:00,706,8.5,21.35695,3198.338,405.7798,374.9245,34.18968,1,1,2238.837,2238.519,562.3799,307.1188,869.4988,2,0,39.57545,29.92333,800,0,499.6694,200,0.1,0.2046279,0.3172331,0,250,0.3172331,1676.139,23.61383,61.67754,0,253.3424,10.57585,40.29906,30.17051,10.12855,339.0816,0,1045.792,0,5.684342e-14,-7.993606e-15,4.263256e-14
naive,2026-01-12 08:45:00,707,8.75,21.57996,3253.162,332.8568,379.0564,33.10893,1,1,2277.213,2276.896,1276.934,522.0256,1798.959,4,341.4965,124.2767,33.18612,800,500,0,324.9685,0.1624843,0.1259371,0.3172331,0,250,0.3172331,999.9622,26.12943,61.443,0,254.7797,6.979499,40.98984,17.99932,22.99052,541.2127,0,1452.797,0,0,1.24345e-13,4.263256e-14
naive,2026-01-12 09:00:00,708,9,21.67824,3289.988,269.0336,375.3853,29.70788,1,1,2302.992,2302.675,541.2253,297.7928,839.0181,2,0,0,39.01811,800,0,409.7403,222.4823,0.1112411,0.2046279,0.3172331,0,250,0.3172331,1761.449,30.69063,61.33963,0,253.4074,0,41.45385,31.70609,9.747765,329.4989,0,1027.118,0,0,-6.483702e-14,4.263256e-14
naive,2026-01-12 09:15:00,709,9.25,21.81843,3295.642,231.9611,379.5438,33.05453,1,1,2306.949,2306.632,744.9049,370.1914,1115.096,3,146.2132,123.4061,45.4771,800,0,89.78908,200,0.1,0.1400938,0.3172331,0,250,0.3172331,1561.727,35.7201,61.19218,0,256.1377,0,41.52509,28.11109,13.414,398.3025,0,1169.601,0,0,-2.498002e-15,4.263256e-14
naive,2026-01-12 09:30:00,710,9.5,21.93178,3310.014,174.415,377.5793,33.2311,1,1,2317.01,2316.693,1172.477,494.6514,1667.128,4,184.5067,122.1347,60.48697,800,500,0,324.9685,0.1624843,0.1259371,0.3172331,0,250,0.3172331,1144.216,47.4548,61.07297,0,255.4446,0,41.70618,20.59588,21.1103,515.2472,0,1402.429,0,0,1.24345e-13,4.263256e-14
naive,2026-01-12 09:45:00,711,9.75,22.27985,3375.02,154.0434,384.5779,48.88716,1,1,2362.514,2362.197,560.0668,306.0991,866.166,2,0,0,66.16596,800,0,286.7911,253.2196,0.1266098,0.2046279,0.3172331,0,250,0.3172331,1802.13,51.72598,60.70689,0,260.9692,0,42.52526,32.43834,10.08691,338.5375,0,1058.952,0,0,-7.993606e-15,4.263256e-14
naive,2026-01-12 10:00:00,712,10,22.65216,3404.613,155.9216,396.5239,56.03919,1,1,2383.229,2382.912,606.5681,326.5992,933.1673,2,0,60.26762,72.89969,800,0,212.7189,200,0.1,0.1594487,0.3172331,0,250,0.3172331,1776.344,56.77302,60.31531,12.04543,267.4135,0,42.89812,31.97418,10.92394,358.5734,0,1131.359,0,-5.684342e-14,7.799317e-15,4.263256e-14
naive,2026-01-12 10:15:00,713,10.25,22.90263,3387.723,117.7582,415.1669,61.46483,1,1,2371.406,2371.089,1144.823,489.1304,1633.954,4,128.4365,127.1367,78.38072,800,500,0,324.9685,0.1624843,0.1259371,0.3172331,0,250,0.3172331,1226.266,60.8845,60.05189,0,288.0303,0.5803301,42.68531,22.07278,20.61253,511.3044,0,1451.903,0,-5.684342e-14,1.24345e-13,4.263256e-14
naive,2026-01-12 10:30:00,714,10.5,23.21149,3402.362,105.5097,420.7049,70.75123,1,1,2381.654,2381.336,573.9474,312.2184,886.1658,2,0,0,86.16581,800,0,243.9524,263.9293,0.1319646,0.2046279,0.3172331,0,250,0.3172331,1807.389,66.71888,59.72705,0,290.7452,4.032344,42.86977,32.533,10.33676,345.4592,0,1125.261,0,-5.684342e-14,2.04281e-14,4.263256e-14
naive,2026-01-12 10:45:00,715,10.75,23.41816,3398.397,99.92894,410.653,76.74222,1,1,2378.878,2378.561,577.9845,313.9981,891.9826,2,0,0,91.98265,800,0,252.6474,200.7259,0.1003629,0.1661924,0.3172331,0,250,0.3172331,1800.576,71.07082,59.50968,0,278.5301,5.671399,42.8198,32.41037,10.40943,347.408,0,1108.332,0,0,-3.194667e-14,4.263256e-14
naive,2026-01-12 11:00:00,716,11,23.66084,3394.848,106.489,413.6383,96.54264,1,1,2376.394,2376.076,762.3305,381.9901,1144.321,3,111.6077,132.2286,100.4843,800,0,2.777062,200,0.1,0.1263941,0.3172331,0,250,0.3172331,1613.746,77.44461,59.25444,0,281.4097,19.09803,42.77509,29.04743,13.72766,414.4193,0,1247.609,0,-5.684342e-14,1.94289e-16,4.263256e-14
naive,2026-01-12 11:15:00,717,11.25,23.79058,3379.512,110.1804,412.8201,98.16735,1,1,2365.658,2365.341,1159.444,497.5835,1657.027,4,111.5594,138.7246,106.7434,800,500,0,324.9685,0.1624843,0.1259371,0.3172331,0,250,0.3172331,1205.897,82.15777,59.11799,0,274.0955,16.00958,42.58185,21.70615,20.8757,522.1317,0,1450.57,0,5.684342e-14,1.24345e-13,4.263256e-14
naive,2026-01-12 11:30:00,718,11.5,24.02369,3416.789,97.42204,418.1366,98.19784,1,1,2391.752,2391.435,593.6433,320.9013,914.5446,2,0,0,114.5446,800,0,232.5609,266.7771,0.1333886,0.2046279,0.3172331,0,250,0.3172331,1797.792,87.94853,58.87282,1.602621,281.3952,10.24932,43.05154,32.36025,10.69129,355.0893,0,1132.118,0,-5.684342e-14,-9.325873e-14,4.263256e-14
naive,2026-01-12 11:45:00,719,11.75,24.15947,3485.674,134.1741,419.4134,106.5,1,1,2439.972,2439.655,603.6872,325.3291,929.0163,2,0,0,129.0163,800,0,229.9555,209.2463,0.1046231,0.1679857,0.3172331,0,250,0.3172331,1835.968,98.9199,58.73001,42.97311,280.659,7.580111,43.9195,33.04742,10.87208,359.7319,0,1211.658,0,0,5.853651e-14,4.263256e-14
naive,2026-01-12 12:00:00,720,12,24.43693,3509.178,119.0348,417.3697,118.7643,1,1,2456.425,2456.107,755.2283,385.4076,1140.636,3,56.55927,137.7006,146.376,800,0,36.85333,200,0.1,0.1317593,0.3172331,0,250,0.3172331,1700.879,111.9051,58.43819,25.62224,279.669,6.859142,44.21564,30.61583,13.59982,417.2567,0,1295.398,0,-1.136868e-13,3.885781e-16,4.263256e-14
naive,2026-01-12 12:15:00,721,12.25,24.77076,3476.293,114.6885,420.0342,125.5952,1,1,2433.405,2433.088,1184.653,510.3973,1695.051,4,97.26672,137.9505,159.8336,800,500,0,324.9685,0.1624843,0.1259371,0.3172331,0,250,0.3172331,1248.434,121.7666,58.08709,17.42177,282.0837,3.828573,43.80129,22.47182,21.32947,533.5621,0,1518.423,0,5.684342e-14,1.24345e-13,4.263256e-14
naive,2026-01-12 12:30:00,722,12.5,25.03293,3496.096,116.2832,418.7407,134.9855,1,1,2447.267,2446.95,635.5569,339.3788,974.9357,2,0,0,174.9357,800,0,233.4446,266.5562,0.1332781,0.2046279,0.3172331,0,250,0.3172331,1811.393,132.905,57.81136,19.38785,282.1915,2.080484,445.2509,329.5613,115.6897,669.3186,0,1793.824,0,-5.684342e-14,4.884981e-14,4.263256e-14
naive,2026-01-12 12:45:00,723,12.75,25.40413,3463.843,114.0715,421.9502,138.4879,1,1,2424.69,2424.373,643.9293,343.0698,986.9992,2,0,0,186.9992,800,0,237.7354,207.0804,0.1035402,0.1678465,0.3172331,0,250,0.3172331,1780.444,141.5148,57.42095,15.23963,283.0467,0,444.445,326.3548,118.0902,669.4246,0,1788.795,0,0,4.912737e-14,4.263256e-14
naive,2026-01-12 13:00:00,724,13,25.96403,3479.677,108.7819,422.7864,160.5197,1,1,2435.774,2435.457,805.291,406.3691,1211.66,3,65.87828,146.4778,199.304,800,0,28.19119,200,0.1,0.1303955,0.3172331,0,250,0.3172331,1630.166,149.934,56.83208,14.7124,276.3086,10.5857,451.5746,302.2208,149.3538,710.5524,0,1859.18,0,5.684342e-14,3.330669e-16,4.263256e-14
naive,2026-01-12 13:15:00,725,13.25,25.88942,3512.618,97.19647,422.5558,176.5858,1,1,2458.832,2458.515,1218.05,525.6954,1743.746,4,92.4326,143.4833,207.8298,800,500,0,324.9685,0.1624843,0.1259371,0.3172331,0,250,0.3172331,1240.465,156.4719,56.91054,4.763863,279.0724,20.114,455.157,229.6237,225.5333,759.0424,0,1943.678,0,-2.273737e-13,1.24345e-13,4.263256e-14
naive,2026-01-12 13:30:00,726,13.5,26.08807,3548.988,91.79017,409.8076,182.6067,1,1,2484.292,2483.974,666.8069,353.1554,1019.962,3,0,0,219.9623,800,0,221.6757,269.4984,0.1347492,0.2046279,0.3172331,0,250,0.3172331,1817.168,165.2567,56.70161,11.87145,268.0506,17.35007,461.7375,337.7439,123.9936,694.124,0,1807.324,0,-5.684342e-14,-6.483702e-14,4.263256e-14
naive,2026-01-12 13:45:00,727,13.75,26.20357,3544.011,90.22928,415.9328,186.0192,1,1,2480.808,2480.491,674.4703,356.5338,1031.004,3,0,0,231.004,800,0,213.0831,216.1852,0.1080926,0.1696992,0.3172331,0,250,0.3172331,1806.02,173.3388,56.58014,13.69891,279.38,12.68042,462.1813,336.4666,125.7148,695.3627,0,1832.634,0,0,4.635181e-14,4.263256e-14
naive,2026-01-12 14:00:00,728,14,26.32648,3543.762,110.9363,412.4297,196.4443,1,1,2480.633,2480.316,800.3533,409.3552,1209.708,3,22.47839,143.643,243.5871,800,0,64.60481,200,0.1,0.1361287,0.3172331,0,250,0.3172331,1679.963,182.5413,56.45087,23.85311,268.7867,13.90308,463.3158,313.772,149.5438,725.7239,0,1892.744,0,-1.136868e-13,6.994405e-15,4.263256e-14
naive,2026-01-12 14:15:00,729,14.25,26.32402,3534.426,87.25605,406.9542,198.1207,1,1,2474.098,2473.781,1227.778,532.7229,1760.501,4,69.40845,143.3152,247.7777,800,500,0,324.9685,0.1624843,0.1259371,0.3172331,0,250,0.3172331,1246.002,185.6866,56.45345,17.8476,263.639,12.43415,462.0719,232.7081,229.3638,767.7533,0,1957.561,0,-1.136868e-13,1.24345e-13,4.263256e-14
naive,2026-01-12 14:30:00,730,14.5,26.49777,3520.584,85.13865,418.8812,212.1269,1,1,2464.409,2464.092,690.9157,363.7837,1054.699,3,0,0,254.6994,800,0,228.4826,267.7967,0.1338984,0.2046279,0.3172331,0,250,0.3172331,1773.176,190.5197,56.27071,0,280.8053,21.60725,461.9111,332.3513,129.5597,700.185,0,1821.454,0,1.705303e-13,4.884981e-14,4.263256e-14
naive,2026-01-12 14:45:00,731,14.75,26.62042,3549.785,85.75213,422.3654,213.2366,1,1,2484.849,2484.532,691.632,364.0995,1055.731,3,0,0,255.7315,800,0,240.435,207.6458,0.1038229,0.1686277,0.3172331,0,250,0.3172331,1792.9,191.0408,56.14172,0,278.574,22.19585,466.923,336.9003,130.0228,705.1705,0,1827.722,0,0,-3.499978e-14,4.263256e-14
naive,2026-01-12 15:00:00,732,15,26.68362,3509.008,82.30562,413.8089,209.9544,1,1,2456.305,2455.988,854.9758,426.8821,1281.858,3,77.56771,139.0389,265.2512,800,0,30.45241,200,0.1,0.1307515,0.3172331,0,250,0.3172331,1601.012,198.0182,56.07525,0,274.7699,11.93616,462.1631,301.2365,160.9266,730.3644,0,1871.622,0,0,-1.249001e-15,4.263256e-14
naive,2026-01-12 15:15:00,733,15.25,26.78536,3457.92,106.061,410.8788,215.4072,1,1,2420.544,2420.227,1273.398,548.1836,1821.582,4,108.5035,141.2371,271.841,800,500,0,324.9685,0.1624843,0.1259371,0.3172331,0,250,0.3172331,1146.829,202.7165,55.96824,0,269.6417,12.69072,456.3956,216.2355,240.1601,766.812,0,1935.792,0,0,1.24345e-13,4.263256e-14
naive,2026-01-12 15:30:00,734,15.5,26.83112,3496.006,111.1757,408.2218,211.6686,1,1,2447.204,2446.887,703.3093,369.2474,1072.557,3,0,0,272.5568,800,0,246.1737,263.3739,0.131687,0.2046279,0.3172331,0,250,0.3172331,1743.578,203.1505,55.92011,1.86553,271.3582,8.518152,461.8607,329.0653,132.7954,699.9204,0,1808.242,0,1.136868e-13,-9.325873e-14,4.263256e-14
naive,2026-01-12 15:45:00,735,15.75,26.63751,3535.843,115.9803,398.167,208.5256,1,1,2475.09,2474.773,705.742,370.3199,1076.062,3,0,1.107505,274.9544,800,0,253.3299,200,0.1,0.1658427,0.3172331,0,250,0.3172331,1769.031,205.3634,56.12374,0,262.831,3.162199,465.2535,332.5325,132.721,703.4468,0,1797.138,0,0,9.769963e-15,4.263256e-14
naive,2026-01-12 16:00:00,736,16,26.87962,3469.697,126.89,393.3622,212.8576,1,1,2428.788,2428.471,1290.762,552.0932,1842.855,4,139.9854,133.1474,269.7221,800,500,0,324.9685,0.1624843,0.1259371,0.3172331,0,250,0.3172331,1137.709,200.933,55.86911,0,260.2147,11.92458,458.8469,214.9361,243.9108,769.2822,0,1924.582,0,0,1.24345e-13,4.263256e-14
naive,2026-01-12 16:15:00,737,16.25,26.92615,3475.284,164.977,390.8637,195.9096,1,1,2432.699,2432.381,696.2779,366.1476,1062.426,3,0,0,262.4256,800,0,297.944,250.4314,0.1252157,0.2046279,0.3172331,0,250,0.3172331,1736.103,195.3997,55.82016,0,258.3176,0.509959,460.0307,328.3024,131.7282,694.5465,0,1771.893,0,-5.684342e-14,-6.483702e-14,4.263256e-14
naive,2026-01-12 16:30:00,738,16.5,26.87501,3472.89,198.615,395.4896,199.4771,1,1,2431.023,2430.706,770.6509,398.9349,1169.586,3,0,114.0035,255.5823,800,0,201.5677,200,0.1,0.157693,0.3172331,0,250,0.3172331,1660.055,190.4088,55.87396,12.43471,266.0987,9.068249,459.2252,313.5877,145.6375,714.2356,0,1846.083,0,1.705303e-13,-7.993606e-15,4.263256e-14
naive,2026-01-12 16:45:00,739,16.75,26.97444,3437.158,222.7944,387.0629,193.6684,1,1,2406.011,2405.693,1334.714,562.8184,1897.533,4,212.7108,128.7513,256.0708,800,500,0,324.9685,0.1624843,0.1259371,0.3172331,0,250,0.3172331,1070.979,190.569,55.76938,10.08362,258.3116,3.099418,455.4413,202.729,252.7123,766.1341,0,1932.509,0,-1.136868e-13,1.24345e-13,4.263256e-14
naive,2026-01-12 17:00:00,740,17,26.9325,3391.666,269.5413,382.1082,179.9422,1,1,2374.166,2373.849,683.8661,360.6759,1044.542,3,0,0,244.542,800,0,390.5835,227.2715,0.1136357,0.2046279,0.3172331,0,250,0.3172331,1689.983,182.0713,55.81349,8.047932,253.0181,0,449.0213,319.6231,129.3982,680.299,0,1748.147,0,0,4.884981e-14,4.263256e-14
naive,2026-01-12 17:15:00,741,17.25,26.6804,3378.741,318.1447,385.9836,166.1289,1,1,2365.119,2364.802,921.0738,441.0403,1362.114,3,203.5017,126.2205,232.3919,800,0,108.9428,200,0.1,0.1431095,0.3172331,0,250,0.3172331,1443.728,173.4938,56.07864,5.700105,259.7631,0,444.9763,271.6247,173.3516,712.6651,0,1820.166,0,-2.273737e-13,-4.82947e-15,4.263256e-14
naive,2026-01-12 17:30:00,742,17.5,26.81537,3352.554,391.935,372.8452,164.9358,1,1,2346.788,2346.471,1420.28,579.7199,2000,4,374.799,123.9259,222.0634,779.2116,500,0,324.9685,0.1624843,0.1259371,0.3172331,0,250,0.3172331,926.1905,165.5432,54.48314,17.13596,248.9193,0,442.7643,174.7427,268.0216,754.4627,0,1906.577,0,2.273737e-13,1.24345e-13,4.263256e-14
naive,2026-01-12 17:45:00,743,17.75,26.60017,3356.071,429.1787,380.9966,158.5186,1,1,2349.25,2348.933,695.1248,365.6393,1060.764,3,0,50.72425,210.0399,800,0,499.6694,200,0.1,0.2046279,0.3172331,0,250,0.3172331,1653.808,156.9415,56.16301,4.258026,255.5236,1.57705,441.2581,310.6337,130.6244,676.5692,0,1738.078,0,1.136868e-13,-7.993606e-15,4.263256e-14
naive,2026-01-12 18:00:00,744,18,26.56271,3319.623,463.5471,14.57208,148.6806,1,1,2323.736,2323.419,1418.854,567.9978,1986.852,4,480.9832,2.006417,203.8621,800,500,0,324.9685,0.1624843,0.1259371,0.3172331,0,250,0.3172331,904.5646,152.3866,56.20241,0,12.56566,0,436.1283,169.7724,266.3559,737.7703,0,1433.989,0,1.136868e-13,1.24345e-13,4.263256e-14
naive,2026-01-12 18:15:00,745,18.25,26.55464,3331.254,525.8799,2.250287,137.5153,1,1,2331.878,2331.561,684.4773,354.9954,1039.473,3,50.0172,5.573444,183.882,800,0,499.6694,200,0.1,0.2046279,0.3172331,0,250,0.3172331,1647.083,137.4634,56.21091,0,0,0.05192741,437.5834,309.0798,128.5036,664.0849,0,1264.933,0,5.684342e-14,-7.993606e-15,4.263256e-14
naive,2026-01-12 18:30:00,746,18.5,26.69126,3292.681,579.9578,7.660133,125.9942,1,1,2304.877,2304.56,1444.234,555.7657,2000,4,620.5894,1.217681,170.278,707.9149,500,0,324.9685,0.1624843,0.1259371,0.3172331,0,250,0.3172331,860.3255,127.1074,49.61352,0,6.442452,0,433.7399,161.8991,271.8408,717.6648,0,1390.628,0,0,1.24345e-13,4.263256e-14
naive,2026-01-12 18:45:00,747,18.75,26.78982,3313.845,624.7798,0,127.2239,1,1,2319.691,2319.374,754.1727,371.5636,1125.736,3,169.024,0.008310748,156.704,800,0,499.6694,200,0.1,0.2046279,0.3172331,0,250,0.3172331,1565.202,116.8513,55.96355,0,0,10.37261,437.4202,295.1473,142.2729,668.6669,0,1274.375,0,-1.136868e-13,-7.993606e-15,4.263256e-14
naive,2026-01-12 19:00:00,748,19,26.73856,3309.365,670.7573,0,119.795,0,0,2316.556,2316.239,1453.317,546.6832,2000,4,695.7564,0.06892111,152.2747,651.9,500,0,324.9685,0.1624843,0.1259371,0.3172331,0,250,0.3172331,862.9218,113.6108,45.64723,0,0,6.184198,436.3649,162.5468,273.8181,0,710.395,3855.819,0,0,1.24345e-13,4.263256e-14
naive,2026-01-12 19:15:00,749,19.25,26.55222,3308.802,705.2907,3.360485,105.8052,0,0,2316.161,2315.844,788.0079,379.8433,1167.851,3,224.8124,0.122196,142.9166,800,0,499.6694,200,0.1,0.2046279,0.3172331,0,250,0.3172331,1527.836,106.8419,56.21345,0,3.238289,0,434.6125,286.6884,147.9241,0,666.5317,3608.27,0,0,-7.993606e-15,4.263256e-14
naive,2026-01-12 19:30:00,750,19.5,26.39899,3268.074,719.9816,0,108.2642,0,0,2287.652,2287.334,1454.254,545.7456,2000,4,709.8342,0.6390685,133.2517,656.2751,500,0,324.9685,0.1624843,0.1259371,0.3172331,0,250,0.3172331,833.0799,99.77991,46.24656,10.14737,0,8.484293,427.9095,155.8291,272.0803,0,703.1618,3832.867,0,0,1.24345e-13,4.263256e-14
naive,2026-01-12 19:45:00,751,19.75,26.42893,3236.565,715.6906,0,102.1573,0,0,2265.596,2265.278,760.2768,369.1428,1129.42,3,211.9953,0.5278134,116.8964,800,0,499.6694,200,0.1,0.2046279,0.3172331,0,250,0.3172331,1505.002,87.50501,56.34312,4.025869,0,14.65227,424.0451,281.6868,142.3582,0,653.572,3538.205,0,-1.136868e-13,-7.993606e-15,4.263256e-14
naive,2026-01-12 20:00:00,752,20,26.53498,3212.135,681.7217,0,98.81393,0,0,2248.494,2248.177,1449.991,550.0088,2000,4,689.2501,1.562196,102.9901,706.1976,500,0,324.9685,0.1624843,0.1259371,0.3172331,0,250,0.3172331,798.1858,77.00778,49.63826,0,0,21.80615,421.7651,149.7211,272.0441,0,703.8202,3815.168,0,0,1.24345e-13,4.263256e-14
naive,2026-01-12 20:15:00,753,20.25,26.464,3221.453,670.889,0,89.44928,0,0,2255.017,2254.7,714.1802,353.9467,1068.127,3,168.9086,2.045711,97.17255,800,0,499.6694,200,0.1,0.2046279,0.3172331,0,250,0.3172331,1540.52,72.71306,56.30623,2.310932,0,16.73622,422.3702,288.5431,133.8271,0,645.6245,3491.576,0,5.684342e-14,-7.993606e-15,4.263256e-14
naive,2026-01-12 20:30:00,754,20.5,26.22611,3181.438,611.4528,0,78.989,0,0,2227.006,2226.689,1438.855,561.1455,2000,4,611.9001,2.914319,86.48183,798.7038,500,0,324.9685,0.1624843,0.1259371,0.3172331,0,250,0.3172331,787.8346,64.8779,56.46479,0,0,14.1111,415.0892,146.8436,268.2456,0,710.6192,3844.883,0,0,1.24345e-13,4.263256e-14
naive,2026-01-12 20:45:00,755,20.75,26.1965,3144.354,538.8571,0,59.34566,0,0,2201.048,2200.731,603.1624,320.1463,923.3087,2,41.62324,1.628162,80.05732,800,0,499.6694,200,0.1,0.2046279,0.3172331,0,250,0.3172331,1597.568,60.07726,56.58757,0,0,0,410.0019,297.5883,112.4136,0,617.7346,3333.879,0,0,-7.993606e-15,4.263256e-14
naive,2026-01-12 21:00:00,756,21,25.97234,3126.471,481.2862,0,55.81979,0,0,2188.529,2188.212,1346.494,533.3323,1879.826,4,504.2313,3.201265,72.39331,800,500,0,324.9685,0.1624843,0.1259371,0.3172331,0,250,0.3172331,841.7186,54.45579,56.82333,0,0,1.364008,405.8061,156.0749,249.7312,0,689.6601,3729.204,0,2.273737e-13,1.24345e-13,4.263256e-14
naive,2026-01-12 21:15:00,757,21.25,25.73553,3124.688,428.6681,0,50.01591,0,0,2187.282,2186.964,559.6108,305.8981,865.5089,2,0,0,65.50888,800,0,447.2717,213.0994,0.1065497,0.2046279,0.3172331,0,250,0.3172331,1627.353,49.40128,57.0724,0,0,0.6146341,403.6251,300.3,103.3251,0,606.3115,3270.507,0,0,-7.993606e-15,4.263256e-14
naive,2026-01-12 21:30:00,758,21.5,25.5079,3111.002,344.4228,12.28079,52.50881,0,0,2177.701,2177.384,812.5682,378.5131,1191.081,3,327.0119,0.4464454,63.62289,800,0,52.26358,200,0.1,0.1341856,0.3172331,0,250,0.3172331,1364.816,48.09489,57.31181,0,11.83435,4.41393,400.009,250.6949,149.3141,0,630.0187,3421.042,0,1.136868e-13,-2.747802e-15,4.263256e-14
naive,2026-01-12 21:45:00,759,21.75,25.38626,3099.016,307.0443,8.327643,45.203,0,0,2169.311,2168.994,1187.304,485.8576,1673.162,4,313.3779,4.843262,54.94077,800,500,0,324.9685,0.1624843,0.1259371,0.3172331,0,250,0.3172331,981.6895,41.58521,57.43974,0,3.484381,3.617791,397.4909,179.8786,217.6123,0,666.3991,3606.586,0,-5.684342e-14,1.24345e-13,4.263256e-14
naive,2026-01-12 22:00:00,760,22,25.21586,3057.526,265.6797,4.135376,50.31069,0,0,2140.268,2139.951,548.7528,301.1113,849.8641,2,0,0,49.86409,800,0,263.7932,258.9691,0.1294845,0.2046279,0.3172331,0,250,0.3172331,1591.198,37.8106,57.61896,4.264979,1.75694,12.50009,390.8269,290.5631,100.2638,0,593.9571,3212.33,0,-5.684342e-14,-6.483702e-14,4.263256e-14
naive,2026-01-12 22:15:00,761,22.25,25.13242,3040.224,226.2162,0,50.31769,0,0,2128.157,2127.84,544.3975,299.1913,843.5888,2,0,0,43.58885,800,0,209.2425,206.6177,0.1033088,0.163069,0.3172331,0,250,0.3172331,1583.442,33.08135,57.70672,17.05817,0,17.23635,387.9651,288.6631,99.30204,0,590.9966,3214.986,0,-5.684342e-14,3.913536e-15,4.263256e-14
naive,2026-01-12 22:30:00,762,22.5,25.08167,3014.24,190.7548,0,41.82129,0,0,2109.968,2109.651,665.3983,333.3126,998.7109,2,161.5834,0.5343458,36.59316,800,0,26.34063,200,0.1,0.1301041,0.3172331,0,250,0.3172331,1444.252,27.78689,57.76009,2.830802,0,14.0344,384.2581,263.0209,121.2372,0,598.8894,3233.795,0,-1.136868e-13,-7.21645e-16,4.263256e-14
naive,2026-01-12 22:45:00,763,22.75,24.9227,3044.476,187.5249,0,25.81047,0,0,2131.133,2130.816,1052.292,444.5367,1496.829,3,160.3916,0.9955975,35.44172,800,500,0,324.9685,0.1624843,0.1259371,0.3172331,0,250,0.3172331,1078.524,26.95763,57.92728,27.13321,0,0,38.3604,19.41343,18.94697,0,463.9501,2533.362,0,-1.705303e-13,1.24345e-13,4.263256e-14
naive,2026-01-12 23:00:00,764,23,24.38993,3041.184,186.4922,0,23.19587,1,1,2128.829,2128.512,539.6611,297.1033,836.7644,2,0,0,36.76442,800,0,151.1788,287.1227,0.1435613,0.2046279,0.3172331,0,250,0.3172331,1588.851,28.12039,58.48762,39.33361,0,0,38.31892,28.59931,9.719611,325.7026,0,653.4571,0,5.684342e-14,-6.483702e-14,4.263256e-14
naive,2026-01-12 23:15:00,765,23.25,23.94245,3055.493,141.184,0,15.42666,1,1,2138.845,2138.528,541.2213,297.7911,839.0123,2,0,0,39.01233,800,0,132.5587,253.9378,0.1269689,0.1807969,0.3172331,0,250,0.3172331,1597.307,29.97943,58.95826,11.91649,0,0,38.49921,28.75152,9.747693,326.5426,0,607.3131,0,0,-3.524958e-14,4.263256e-14
naive,2026-01-12 23:30:00,766,23.5,23.73845,3017.501,120.0907,0,22.54805,1,1,2112.251,2111.933,537.1027,295.9754,833.0782,2,0,0,33.07816,800,0,125.5636,222.5069,0.1112535,0.1599009,0.3172331,0,250,0.3172331,1574.831,25.47324,59.17281,0,0,0,38.02051,28.34695,9.67356,324.3224,0,582.0753,0,5.684342e-14,-4.748979e-14,4.263256e-14
naive,2026-01-12 23:45:00,767,23.75,23.50505,3017.865,102.3588,0,24.25202,1,1,2112.505,2112.188,560.6329,303.6602,864.2931,2,22.59976,5.993305,35.70001,800,0,89.88757,200,0.1,0.1401093,0.3172331,0,250,0.3172331,1551.555,27.55896,59.41829,0,0,0,38.0251,27.92799,10.0971,331.5882,0,596.3308,0,0,4.191092e-15,4.263256e-14
naive,2026-01-13 00:00:00,768,0,23.56181,3027.774,96.51518,8.781473,18.25549,1,1,2119.442,2119.125,1011.841,432.4893,1444.33,3,111.7558,0.6202313,31.95387,800,500,0,324.9685,0.1624843,0.1259371,0.3172331,0,250,0.3172331,1107.284,24.65259,59.3586,0,8.161242,0,38.14996,19.93112,18.21884,452.4204,0,852.1406,0,1.136868e-13,1.24345e-13,4.263256e-14
naive,2026-01-13 00:15:00,769,0.25,23.33163,3000.285,80.9222,9.467106,23.25426,1,1,2100.2,2099.883,532.7154,294.0413,826.7566,2,0,0,26.75664,800,0,103.8717,298.9494,0.1494747,0.2046279,0.3172331,0,250,0.3172331,1567.167,20.69217,59.60069,0,8.435168,2.562094,37.8036,28.20901,9.594587,322.7011,0,592.902,0,1.136868e-13,-7.904788e-14,4.263256e-14
naive,2026-01-13 00:30:00,770,0.5,23.08852,2987.99,66.77859,9.355894,21.50106,1,1,2091.593,2091.276,533.2835,294.2917,827.5753,2,0,0,27.57526,800,0,95.309,275.0751,0.1375376,0.1882441,0.3172331,0,250,0.3172331,1557.992,21.37887,59.85638,0,8.581493,0.1221881,37.64867,28.04386,9.604814,322.357,0,592.1786,0,0,-3.866352e-14,4.263256e-14
naive,2026-01-13 00:45:00,771,0.75,22.99214,2981.032,68.26091,0,25.56801,1,1,2086.723,2086.405,533.1015,294.2115,827.313,2,0,0,27.31299,800,0,89.15646,252.7427,0.1263714,0.1732108,0.3172331,0,250,0.3172331,1553.304,21.1966,59.95775,0,0,4.371409,37.56101,27.95947,9.601537,322.9351,0,578.4177,0,5.684342e-14,-6.153411e-14,4.263256e-14
naive,2026-01-13 01:00:00,772,1,22.9144,2991.494,70.0369,0,21.40515,1,1,2094.046,2093.729,531.3162,293.4244,824.7406,2,0,0,24.74064,800,0,68.48523,235.5816,0.1177908,0.1591484,0.3172331,0,250,0.3172331,1562.413,19.21568,60.0395,8.569755,0,2.18947,37.69283,28.12343,9.569402,321.93,0,591.0984,0,0,1.41831e-14,4.263256e-14
naive,2026-01-13 01:15:00,773,1.25,22.67137,3002.947,89.0468,0,26.38859,1,1,2102.063,2101.746,529.0935,292.4445,821.538,2,0,0,21.53801,800,0,68.97065,218.3019,0.1091509,0.1483423,0.3172331,0,250,0.3172331,1572.652,16.77012,60.29511,22.28547,0,9.618479,37.83713,28.30774,9.529393,322.4233,0,615.457,0,5.684342e-14,-3.072542e-14,4.263256e-14
naive,2026-01-13 01:30:00,774,1.5,22.52761,2970.252,101.9384,0,26.32467,1,1,2079.176,2078.859,525.471,290.8476,816.3186,2,0,0,16.31857,800,0,65.2496,201.9551,0.1009776,0.1374615,0.3172331,0,250,0.3172331,1553.388,12.72488,60.44631,36.82111,0,13.59979,37.42517,27.96099,9.464188,321.1647,0,637.8438,0,-5.684342e-14,-9.131584e-15,4.263256e-14
naive,2026-01-13 01:45:00,775,1.75,22.18159,2986.841,108.0502,6.683578,26.1762,1,1,2090.788,2090.471,596.9668,311.3441,908.3109,2,92.65679,0.5407337,15.11334,800,0,7.693265,200,0.1,0.1271682,0.3172331,0,250,0.3172331,1493.504,11.8269,60.81024,7.700159,6.142845,14.34929,37.63419,26.88308,10.75111,340.6969,0,636.8614,0,0,8.326673e-17,4.263256e-14
naive,2026-01-13 02:00:00,776,2,21.87092,2997.008,110.4153,0,22.90891,1,1,2097.905,2097.588,994.7369,426.214,1420.951,3,101.1231,0.2507285,19.57709,800,500,0,324.9685,0.1624843,0.1259371,0.3172331,0,250,0.3172331,1102.851,15.36865,61.13698,9.292181,0,7.540254,37.7623,19.85132,17.91097,447.3556,0,841.961,0,1.705303e-13,1.24345e-13,4.263256e-14
naive,2026-01-13 02:15:00,777,2.25,21.85415,3009.886,127.8901,0,26.23231,1,1,2106.92,2106.603,526.3891,291.2523,817.6414,2,0,0,17.64139,800,0,93.67566,301.4984,0.1507492,0.2046279,0.3172331,0,250,0.3172331,1580.214,13.85144,61.15462,34.72097,0,12.38088,37.92457,28.44385,9.480714,321.814,0,634.7227,0,0,-7.993606e-15,4.263256e-14
naive,2026-01-13 02:30:00,778,2.5,21.50163,2992.241,107.1766,0,27.0634,1,1,2094.569,2094.251,527.6477,291.8071,819.4548,2,0,0,19.4548,800,0,96.50683,277.3243,0.1386621,0.1898492,0.3172331,0,250,0.3172331,1566.604,15.33013,61.52538,14.58071,0,11.73327,37.70223,28.19887,9.503368,321.9998,0,599.9353,0,0,-5.109801e-14,4.263256e-14
naive,2026-01-13 02:45:00,779,2.75,21.46532,2998.319,100.2382,0,17.76548,1,1,2098.824,2098.506,523.6607,290.0495,813.7103,2,0,0,13.71026,800,0,105.0592,251.0158,0.1255079,0.174627,0.3172331,0,250,0.3172331,1574.846,10.80749,61.56357,0,0,6.957992,37.77883,28.34722,9.431604,319.5783,0,569.8976,0,0,-1.953993e-14,4.263256e-14
naive,2026-01-13 03:00:00,780,3,21.40669,3036.954,110.3072,2.769048,24.84927,1,1,2125.868,2125.55,523.839,290.1281,813.9671,2,0,0,13.96705,800,0,120.3558,220.8874,0.1104437,0.158061,0.3172331,0,250,0.3172331,1601.712,11.01646,61.62523,0,0,13.8328,38.26562,28.83081,9.434812,321.3053,0,573.2823,0,0,-1.390554e-14,4.263256e-14
naive,2026-01-13 03:15:00,781,3.25,21.3706,3065.452,97.81432,9.780001,28.05285,1,1,2145.816,2145.499,545.5746,296.8447,842.4194,2,24.08818,4.441923,13.88929,800,0,83.41039,200,0.1,0.1390895,0.3172331,0,250,0.3172331,1599.924,10.95914,61.66319,0,5.338078,17.09371,38.62469,28.79864,9.826054,328.541,0,596.9191,0,5.684342e-14,-4.413137e-15,4.263256e-14
naive,2026-01-13 03:30:00,782,3.5,21.36412,3045.983,114.2786,12.6337,21.79656,1,1,2132.188,2131.871,1000.719,427.2196,1427.939,3,114.8388,3.878239,9.22165,800,500,0,324.9685,0.1624843,0.1259371,0.3172331,0,250,0.3172331,1131.152,7.276685,61.67001,0,8.755459,14.51988,38.37939,20.36074,18.01865,450.0414,0,845.8072,0,5.684342e-14,1.24345e-13,4.263256e-14
naive,2026-01-13 03:45:00,783,3.75,21.32352,3085.669,110.7445,3.031716,23.49968,1,1,2159.969,2159.651,519.7514,288.3261,808.0775,2,0,0,8.077511,800,0,131.4041,292.0663,0.1460332,0.2046279,0.3172331,0,250,0.3172331,1639.9,6.376483,61.7127,0,0,17.1232,38.87943,29.5182,9.361236,320.7444,0,572.0619,0,-5.684342e-14,7.727152e-14,4.263256e-14
naive,2026-01-13 04:00:00,784,4,20.94367,3068.985,122.8602,0,17.88019,1,1,2148.289,2147.972,522.0887,289.3565,811.4452,2,0,0,11.44522,800,0,139.0701,257.2528,0.1286264,0.1839099,0.3172331,0,250,0.3172331,1625.883,9.069774,62.11221,0,0,8.810413,38.66921,29.2659,9.403307,320.1041,0,570.3319,0,-5.684342e-14,5.614953e-14,4.263256e-14
naive,2026-01-13 04:15:00,785,4.25,20.72977,3045.209,138.8384,0,20.22066,1,1,2131.647,2131.329,523.8445,290.1305,813.975,2,0,0,13.97497,800,0,160.3968,217.1131,0.1085566,0.1619883,0.3172331,0,250,0.3172331,1607.485,11.09839,62.33718,0,0,9.122266,38.36964,28.93473,9.434911,320.5933,0,571.0573,0,0,2.63678e-14,4.263256e-14
naive,2026-01-13 04:30:00,786,4.5,20.58445,3077.041,185.5727,0,18.55115,1,1,2153.929,2153.612,617.2401,317.1822,934.4223,2,118.7107,0.8946869,14.81694,800,0,68.31575,200,0.1,0.1367129,0.3172331,0,250,0.3172331,1536.371,11.78427,62.49002,0,0,6.766876,38.77072,27.65469,11.11603,345.9674,0,621.6335,0,0,2.775558e-16,4.263256e-14
naive,2026-01-13 04:45:00,787,4.75,20.65189,3084.509,218.6232,0,21.14863,1,1,2159.156,2158.839,1089.664,453.088,1542.752,4,227.0036,3.496331,12.25232,800,500,0,324.9685,0.1624843,0.1259371,0.3172331,0,250,0.3172331,1069.174,9.737961,62.41909,0,0,11.41067,38.86481,19.24514,19.61967,474.2419,0,878.2622,0,0,1.24345e-13,4.263256e-14
naive,2026-01-13 05:00:00,788,5,20.4667,3140.295,278.4442,0,16.83066,1,1,2198.206,2197.889,519.8598,288.3739,808.2336,2,0,0,8.233649,800,0,284.7026,253.7417,0.1268709,0.2046279,0.3172331,0,250,0.3172331,1678.029,6.556178,62.61386,0,0,10.27448,39.56771,30.20453,9.363186,320.2912,0,570.1418,0,0,-6.483702e-14,4.263256e-14
naive,2026-01-13 05:15:00,789,5.25,20.35356,3124.948,357.103,0,20.45706,1,1,2187.464,2187.146,633.6117,321.2522,954.8639,2,145.1687,1.102031,8.593153,800,0,214.8071,200,0.1,0.1597774,0.3172331,0,250,0.3172331,1553.535,6.850217,62.73286,0,0,13.60685,39.37435,27.96362,11.41072,351.4794,0,632.3844,0,-1.136868e-13,1.201816e-14,4.263256e-14
naive,2026-01-13 05:30:00,790,5.5,20.30121,3123.613,440.06,4.643479,27.61705,1,1,2186.529,2186.212,1263.437,503.0423,1766.48,4,451.0596,0.5120422,14.90795,800,500,0,324.9685,0.1624843,0.1259371,0.3172331,0,250,0.3172331,922.7749,11.89044,62.78791,0,4.131437,15.72661,39.35753,16.60995,22.74758,522.266,0,981.0222,0,5.684342e-14,1.24345e-13,4.263256e-14
naive,2026-01-13 05:45:00,791,5.75,20.48282,3139.424,518.9563,9.000359,23.19572,1,1,2197.596,2197.279,534.8108,293.7221,828.5329,2,10.4483,0.6026857,17.48191,800,0,499.6694,200,0.1,0.2046279,0.3172331,0,250,0.3172331,1662.468,13.918,62.59691,8.838525,8.397674,9.277713,39.55674,29.92443,9.632305,325.1936,0,609.6981,0,5.684342e-14,-7.993606e-15,4.263256e-14
naive,2026-01-13 06:00:00,792,6,20.31831,3142.853,582.9746,1.173745,18.32443,1,1,2199.997,2199.68,1375.209,536.1517,1911.361,4,586.9465,2.377494,22.0367,800,500,0,324.9685,0.1624843,0.1259371,0.3172331,0,250,0.3172331,824.4712,17.57324,62.76994,0,0,0.7511855,39.59995,14.84048,24.75947,551.1171,0,1031.618,0,-2.273737e-13,1.24345e-13,4.263256e-14
naive,2026-01-13 06:15:00,793,6.25,20.18278,3131.769,668.5029,0,11.21092,1,1,2192.239,2191.921,651.4577,327.4006,978.8583,2,159.6186,0.4137265,18.826,800,0,499.6694,200,0.1,0.2046279,0.3172331,0,250,0.3172331,1540.464,15.03328,62.91248,9.214858,0,0,39.4603,27.72835,11.73195,355.129,0,655.377,0,0,-7.993606e-15,4.263256e-14
naive,2026-01-13 06:30:00,794,6.5,20.32208,3135.461,716.1444,0.7410011,11.07356,1,1,2194.823,2194.506,1450.084,549.9163,2000,4,720.0232,1.818244,24.28771,753.8709,500,0,324.9685,0.1624843,0.1259371,0.3172331,0,250,0.3172331,744.4221,19.36759,59.14679,0,0,0,39.50681,13.3996,26.10722,563.3159,0,1060.092,0,0,1.24345e-13,4.263256e-14
naive,2026-01-13 06:45:00,795,6.75,20.11671,3140.635,769.3933,0,16.57315,1,1,2198.445,2198.127,727.9978,349.6846,1077.682,3,255.9429,0.3877111,21.35178,800,0,499.6694,200,0.1,0.2046279,0.3172331,0,250,0.3172331,1470.13,17.06149,62.98197,13.78095,0,0,39.572,26.46233,13.10967,376.147,0,705.2113,0,0,-7.993606e-15,4.263256e-14
naive,2026-01-13 07:00:00,796,7,20.24908,3147.792,778.1004,0,14.59207,1,1,2203.455,2203.138,1456.18,543.8196,2000,4,768.7901,0.2233157,17.43281,713.5538,500,0,324.9685,0.1624843,0.1259371,0.3172331,0,250,0.3172331,746.9571,13.91151,56.0521,9.310329,0,0.6805609,39.66219,13.44523,26.21696,557.3778,0,1067.757,0,-2.273737e-13,1.24345e-13,4.263256e-14
naive,2026-01-13 07:15:00,797,7.25,20.29234,3156.386,779.0084,0,10.36267,1,1,2209.47,2209.153,729.8565,350.1083,1079.965,3,259.2698,2.511669,18.1833,800,0,499.6694,200,0.1,0.2046279,0.3172331,0,250,0.3172331,1479.296,14.50411,62.79725,20.06913,0,0,39.77046,26.62733,13.14313,376.7356,0,717.4435,0,0,-7.993606e-15,4.263256e-14
naive,2026-01-13 07:30:00,798,7.5,20.20383,3129.573,734.7139,0,2.656173,1,1,2190.701,2190.384,1450.207,549.7927,2000,4,722.3742,1.048336,21.33404,755.2434,500,0,324.9685,0.1624843,0.1259371,0.3172331,0,250,0.3172331,740.1764,17.03244,59.37189,12.33968,0,0,39.43262,13.32317,26.10944,563.1159,0,1080.724,0,2.273737e-13,1.24345e-13,4.263256e-14
naive,2026-01-13 07:45:00,799,7.75,20.28161,3171.038,672.5955,0,10.62255,1,1,2219.726,2219.409,659.7278,330.3943,990.122,2,165.1011,1.946051,23.07493,800,0,499.6694,200,0.1,0.2046279,0.3172331,0,250,0.3172331,1559.681,18.40796,62.80853,7.824973,0,0,39.95507,28.07426,11.88081,358.4685,0,659.7756,0,0,-7.993606e-15,4.263256e-14
naive,2026-01-13 08:00:00,800,8,20.29687,3170.672,581.2522,367.0021,12.10433,1,1,2219.47,2219.153,1444.799,555.2014,2000,4,582.1054,257.8198,25.02011,635.0546,500,0,324.9685,0.1624843,0.1259371,0.3172331,0,250,0.3172331,774.3542,19.95667,49.84582,0,109.1822,0,39.95046,13.93838,26.01209,569.1398,0,1270.542,0,2.273737e-13,1.24345e-13,4.263256e-14
naive,2026-01-13 08:15:00,801,8.25,20.47787,3183.132,503.86,378.5509,13.27457,1,1,2228.192,2227.875,706.8281,370.7987,1077.627,3,0,245.371,32.25578,800,0,499.6694,200,0.1,0.2046279,0.3172331,0,250,0.3172331,1521.047,25.68131,62.60211,17.05865,120.3118,0,40.10746,27.37885,12.72862,398.1775,0,962.8917,0,1.136868e-13,-7.993606e-15,4.263256e-14
naive,2026-01-13 08:30:00,802,8.5,20.69509,3183.426,439.2629,382.1169,23.92846,1,1,2228.398,2228.081,1422.579,577.421,2000,4,411.2277,258.4825,37.27794,793.0119,500,0,324.9685,0.1624843,0.1259371,0.3172331,0,250,0.3172331,805.502,29.61506,61.82881,28.03522,123.6344,0,40.11117,14.49904,25.61213,591.9201,0,1375.913,0,1.136868e-13,1.24345e-13,4.263256e-14
naive,2026-01-13 08:45:00,803,8.75,21.06827,3201.656,361.0898,383.6609,30.23207,1,1,2241.159,2240.842,609.2958,327.8017,937.0975,2,0,99.04011,38.05735,800,0,499.6694,200,0.1,0.2046279,0.3172331,0,250,0.3172331,1631.546,30.12063,61.98116,24.29276,121.7484,0.1114352,40.34087,29.36783,10.97303,357.1883,0,896.5688,0,5.684342e-14,-7.993606e-15,4.263256e-14
naive,2026-01-13 09:00:00,804,9,21.25302,3248.99,296.3062,386.9608,29.12477,1,1,2274.293,2273.976,1324.354,550.5291,1874.883,4,277.6241,258.8474,38.41188,800,500,0,324.9685,0.1624843,0.1259371,0.3172331,0,250,0.3172331,949.6217,30.34446,61.78686,18.68216,128.1134,0,40.93728,17.09319,23.84409,567.6223,0,1318.957,0,-2.273737e-13,1.24345e-13,4.263256e-14
naive,2026-01-13 09:15:00,805,9.25,21.4615,3297.682,225.0943,383.4679,32.77734,1,1,2308.378,2308.06,544.4996,299.2363,843.7359,2,0,0,43.73589,800,0,495.6492,201.0051,0.1005025,0.2046279,0.3172331,0,250,0.3172331,1763.561,34.47735,61.56758,0,121.6476,0,41.5508,31.7441,9.806703,330.9804,0,802.5393,0,0,4.884981e-14,4.263256e-14
naive,2026-01-13 09:30:00,806,9.5,21.58986,3317.27,204.1183,385.1816,39.31958,1,1,2322.089,2321.772,865.7868,420.0433,1285.83,3,175.1205,260.0836,50.6261,800,0,3.893679,200,0.1,0.1265699,0.3172331,0,250,0.3172331,1455.985,39.85698,61.43259,25.10412,125.098,0,41.7976,26.20773,15.58987,446.2511,0,1082.489,0,-1.136868e-13,1.110223e-16,4.263256e-14
naive,2026-01-13 09:45:00,807,9.75,21.79868,3332.651,150.6444,398.5882,42.82763,1,1,2332.855,2332.538,1253.597,533.5441,1787.142,4,158.1882,264.6031,64.35021,800,500,0,324.9685,0.1624843,0.1259371,0.3172331,0,250,0.3172331,1078.941,50.55421,61.21296,0,133.985,0,41.9914,19.42093,22.57047,552.965,0,1268.19,0,0,1.24345e-13,4.263256e-14
naive,2026-01-13 10:00:00,808,10,22.15354,3331.764,150.369,397.6632,51.06947,1,1,2332.235,2331.917,564.4731,308.0416,872.5147,2,0,0,72.51471,800,0,424.2697,218.8499,0.109425,0.2046279,0.3172331,0,250,0.3172331,1767.444,56.76246,60.83973,0,123.9716,0,41.98023,31.814,10.16623,339.8556,0,825.1175,0,0,-7.993606e-15,4.263256e-14
naive,2026-01-13 10:15:00,809,10.25,22.12516,3340.394,123.9792,394.5998,61.17444,1,1,2338.276,2337.959,802.1629,407.1834,1209.346,3,47.44051,283.036,78.86975,800,0,75.26193,200,0.1,0.1378066,0.3172331,0,250,0.3172331,1535.796,61.75491,60.86958,1.276772,111.5637,0,42.08897,27.64433,14.44464,434.8278,0,995.8271,0,1.136868e-13,6.439294e-15,4.263256e-14
naive,2026-01-13 10:30:00,810,10.5,22.44127,3363.174,79.09545,398.4406,71.84033,1,1,2354.222,2353.905,1248.526,537.1232,1785.649,4,109.305,287.2377,89.10614,800,500,0,324.9685,0.1624843,0.1259371,0.3172331,0,250,0.3172331,1105.379,69.54465,60.53712,0,111.203,2.295673,42.376,19.89683,22.47917,557.4171,0,1238.555,0,-2.273737e-13,1.24345e-13,4.263256e-14
naive,2026-01-13 10:45:00,811,10.75,22.60454,3374.941,84.21415,400.6084,71.17649,1,1,2362.459,2362.142,580.7752,315.2284,896.0036,2,0,0,96.00363,800,0,392.0185,226.9127,0.1134564,0.2046279,0.3172331,0,250,0.3172331,1781.367,74.80255,60.3654,0,117.8372,0,42.52426,32.0646,10.45966,347.293,0,829.944,0,0,4.884981e-14,4.263256e-14
naive,2026-01-13 11:00:00,812,11,22.85081,3366.846,83.56576,403.179,73.6786,1,1,2356.792,2356.475,792.8103,408.3667,1201.177,3,2.834193,284.4067,113.9361,800,0,107.5081,200,0.1,0.1428836,0.3172331,0,250,0.3172331,1563.665,88.55037,60.10639,0,118.7723,0,42.42226,28.14596,14.27629,436.5126,0,1010.288,0,-1.136868e-13,-5.551115e-17,4.263256e-14
naive,2026-01-13 11:15:00,813,11.25,23.13138,3388.746,72.89612,410.2267,77.7895,1,1,2372.122,2371.805,1269.643,546.2265,1815.87,4,111.0396,286.8705,117.9595,800,500,0,324.9685,0.1624843,0.1259371,0.3172331,0,250,0.3172331,1102.162,91.41258,59.8113,0,123.3561,0,42.6982,19.83891,22.85929,566.0654,0,1277.632,0,0,1.24345e-13,4.263256e-14
naive,2026-01-13 11:30:00,814,11.5,23.48046,3381.474,59.9034,409.7656,87.75999,1,1,2367.032,2366.715,598.5715,323.0739,921.6454,2,0,0,121.6454,800,0,385.6257,228.5109,0.1142555,0.2046279,0.3172331,0,250,0.3172331,1768.143,93.92924,59.44415,0,120.8636,0,42.60657,31.82658,10.78,354.9004,0,851.416,0,0,-7.993606e-15,4.263256e-14
naive,2026-01-13 11:45:00,815,11.75,23.74816,3454.07,73.55798,412.4142,102.3163,1,1,2417.849,2417.532,809.569,415.9978,1225.567,3,0.7910532,290.5467,134.2291,800,0,113.8998,200,0.1,0.14389,0.3172331,0,250,0.3172331,1607.963,103.3584,59.1626,0,121.8675,0,43.52129,28.94333,14.57795,444.9411,0,1033.546,0,-2.273737e-13,-4.107825e-15,4.263256e-14
naive,2026-01-13 12:00:00,816,12,23.93227,3470.656,79.1014,410.3569,110.069,1,1,2429.459,2429.142,1291.068,556.1237,1847.192,4,107.2394,288.9012,151.0511,800,500,0,324.9685,0.1624843,0.1259371,0.3172331,0,250,0.3172331,1138.074,116.0891,58.96896,0,121.4557,0,43.73026,20.48533,23.24493,576.609,0,1296.389,0,-2.273737e-13,1.24345e-13,4.263256e-14
naive,2026-01-13 12:15:00,817,12.25,24.20664,3463.937,80.57113,418.8645,117.0164,1,1,2424.756,2424.438,626.9084,335.5662,962.4746,2,0,0,162.4746,800,0,397.0636,225.6515,0.1128257,0.2046279,0.3172331,0,250,0.3172331,1797.53,124.5119,58.6804,0,128.3815,0,43.6456,32.35554,11.29006,367.9217,0,891.2861,0,0,4.884981e-14,4.263256e-14
naive,2026-01-13 12:30:00,818,12.5,24.43837,3484.889,102.9168,420.6973,122.9696,1,1,2439.423,2439.105,840.7742,429.298,1270.072,3,4.629225,289.058,176.3849,800,0,102.4637,200,0.1,0.1420894,0.3172331,0,250,0.3172331,1598.331,134.8451,58.43667,0,131.6393,0,43.90961,28.76996,15.13965,458.0679,0,1077.473,0,0,-2.692291e-15,4.263256e-14
naive,2026-01-13 12:45:00,819,12.75,24.63797,3472.61,99.98062,431.5268,143.4717,1,1,2430.827,2430.51,1316.107,567.2231,1883.33,4,106.7281,291.8411,184.7612,800,500,0,324.9685,0.1624843,0.1259371,0.3172331,0,250,0.3172331,1114.403,140.9536,58.22675,0,139.6858,2.518101,43.75489,20.05925,23.69564,587.7369,0,1350.927,0,2.273737e-13,1.24345e-13,4.263256e-14
naive,2026-01-13 13:00:00,820,13,24.8863,3475.19,92.19978,429.234,160.0238,1,1,2432.633,2432.316,657.7762,349.1742,1006.95,3,0,0,206.9505,800,0,397.6452,225.5061,0.112753,0.2046279,0.3172331,0,250,0.3172331,1774.54,157.4706,57.96557,0,133.4863,2.553219,43.7874,31.94171,11.84568,381.5791,0,928.2107,0,0,4.884981e-14,4.263256e-14
naive,2026-01-13 13:15:00,821,13.25,25.21528,3521.367,70.75721,419.3314,165.9642,1,1,2464.957,2464.64,867.8993,441.8068,1309.706,3,0,287.3246,222.3814,800,0,101.8822,200,0.1,0.1419979,0.3172331,0,250,0.3172331,1596.74,168.6269,57.61956,0,125.0685,0,450.112,291.5718,158.5402,733.3786,0,1617.678,0,5.684342e-14,-1.94289e-16,4.263256e-14
naive,2026-01-13 13:30:00,822,13.5,25.44025,3551.41,72.16257,410.9464,172.523,1,1,2485.987,2485.67,1329.687,575.6371,1905.325,4,86.32426,286.5687,232.4315,800,500,0,324.9685,0.1624843,0.1259371,0.3172331,0,250,0.3172331,1155.982,175.8293,57.38296,0,124.3777,0,456.0128,212.0456,243.9671,787.6827,0,1725.361,0,0,1.24345e-13,4.263256e-14
naive,2026-01-13 13:45:00,823,13.75,25.6596,3514.031,86.53948,409.9551,178.5546,1,1,2459.822,2459.504,680.8224,359.3341,1040.156,3,0,0,240.1564,800,0,371.7143,231.9888,0.1159944,0.2046279,0.3172331,0,250,0.3172331,1778.682,181.2516,57.15226,2.412485,122.3677,0,453.2192,327.72,125.4991,687.0541,0,1525.058,0,-5.684342e-14,4.884981e-14,4.263256e-14
naive,2026-01-13 14:00:00,824,14,25.68267,3484.562,96.43324,412.6274,179.2402,1,1,2439.193,2438.876,871.5002,443.3942,1314.894,3,0,261.2084,253.686,800,0,127.809,200,0.1,0.1460799,0.3172331,0,250,0.3172331,1567.376,191.4159,57.128,0,123.7473,0,449.6286,288.9221,160.7064,732.3164,0,1613.828,0,0,2.553513e-15,4.263256e-14
naive,2026-01-13 14:15:00,825,14.25,25.84992,3474.22,104.3752,412.4699,186.5427,1,1,2431.954,2431.637,1340.313,581.1934,1921.506,4,78.99424,285.8061,256.7062,800,500,0,324.9685,0.1624843,0.1259371,0.3172331,0,250,0.3172331,1091.323,193.3512,56.95209,25.38091,126.6638,0,449.8196,201.8536,247.966,783.047,0,1764.3,0,0,1.24345e-13,4.263256e-14
naive,2026-01-13 14:30:00,826,14.5,25.78241,3531.84,99.51867,410.0321,184.7514,1,1,2472.288,2471.971,701.7911,368.5781,1070.369,3,0,0,270.3693,800,0,377.4307,230.5597,0.1152798,0.2046279,0.3172331,0,250,0.3172331,1770.18,203.7883,57.02309,12.09604,120.0241,0,456.6527,326.9673,129.6854,695.5454,0,1554.847,0,1.136868e-13,-7.993606e-15,4.263256e-14
naive,2026-01-13 14:45:00,827,14.75,26.04296,3522.021,107.6597,411.3972,191.1011,1,1,2465.415,2465.098,885.4655,449.5508,1335.016,3,0,263.231,271.7853,800,0,122.0936,200,0.1,0.1451801,0.3172331,0,250,0.3172331,1579.632,204.2891,56.74906,16.94303,116.7893,0,457.8067,293.3244,164.4824,742.8752,0,1652.596,0,0,4.163336e-16,4.263256e-14
naive,2026-01-13 15:00:00,828,15,26.07498,3516.46,80.83298,411.7274,196.6629,1,1,2461.522,2461.205,1365.166,590.3655,1955.532,4,93.99337,287.6801,273.8581,800,500,0,324.9685,0.1624843,0.1259371,0.3172331,0,250,0.3172331,1096.039,205.777,56.71538,0,124.0474,0,457.383,203.6583,253.7247,794.0238,0,1738.225,0,0,1.24345e-13,4.263256e-14
naive,2026-01-13 15:15:00,829,15.25,26.38732,3490.428,87.97694,413.3457,199.6302,1,1,2443.299,2442.982,709.2219,371.854,1081.076,3,0,0,281.0759,800,0,394.1683,226.3753,0.1131876,0.2046279,0.3172331,0,250,0.3172331,1733.76,210.4982,56.38688,0,126.3,0,456.9139,324.2252,132.6887,696.0792,0,1546.591,0,0,4.884981e-14,4.263256e-14
naive,2026-01-13 15:30:00,830,15.5,26.90525,3511.588,134.4399,417.8881,208.4049,1,1,2458.111,2457.794,908.196,459.0045,1367.2,3,4.766754,283.6791,278.7546,800,0,105.3586,200,0.1,0.1425452,0.3172331,0,250,0.3172331,1549.598,207.6047,55.84215,24.31454,134.209,0.8001082,464.6343,292.9063,171.7279,752.062,0,1714.755,0,-1.136868e-13,4.718448e-16,4.263256e-14
naive,2026-01-13 15:45:00,831,15.75,26.96344,3516.388,149.6254,403.3014,209.7115,1,1,2461.472,2461.154,1378.419,593.4459,1971.865,4,117.2135,277.4479,277.2037,800,500,0,324.9685,0.1624843,0.1259371,0.3172331,0,250,0.3172331,1082.735,206.3206,55.78095,32.41184,125.8535,3.390866,465.833,204.9074,260.9256,798.995,0,1808.244,0,0,1.24345e-13,4.263256e-14
naive,2026-01-13 16:00:00,832,16,27.23345,3450.824,160.7301,395.9127,208.5847,1,1,2415.577,2415.259,707.3502,371.0289,1078.379,3,0,0,278.3791,800,0,406.6887,223.2452,0.1116226,0.2046279,0.3172331,0,250,0.3172331,1707.909,206.5941,55.49696,28.01681,121.9373,1.990574,459.7315,325.0485,134.683,696.4562,0,1589.149,0,0,4.884981e-14,4.263256e-14
naive,2026-01-13 16:15:00,833,16.25,27.3666,3416.419,185.3676,395.7518,206.7947,1,1,2391.494,2391.176,941.5687,465.6907,1407.259,3,72.23598,272.2615,262.762,800,0,92.84019,200,0.1,0.1405742,0.3172331,0,250,0.3172331,1449.608,194.7243,55.35693,20.29145,123.4904,12.07036,456.4203,276.6599,179.7604,744.6543,0,1675.056,0,-5.684342e-14,-4.524159e-15,4.263256e-14
naive,2026-01-13 16:30:00,834,16.5,27.35989,3361.104,230.2474,389.5614,205.7691,1,1,2352.773,2352.456,1405.645,594.3554,2000,4,192.7815,273.3673,262.2779,771.5732,500,0,324.9685,0.1624843,0.1259371,0.3172331,0,250,0.3172331,946.811,194.3797,53.39671,37.46589,116.194,11.38945,448.9671,180.6749,268.2922,777.2036,0,1759.399,0,0,1.24345e-13,4.263256e-14
naive,2026-01-13 16:45:00,835,16.75,27.30284,3329.528,252.0569,379.171,198.9489,1,1,2330.67,2330.353,693.4414,364.8972,1058.339,3,0,0,258.3386,800,0,486.4944,203.2938,0.1016469,0.2046279,0.3172331,0,250,0.3172331,1636.911,191.578,55.42399,33.96589,110.7677,7.370911,444.2174,311.9894,132.2279,678.2915,0,1543.896,0,0,-6.483702e-14,4.263256e-14
naive,2026-01-13 17:00:00,836,17,27.41515,3308.944,291.5357,384.5083,190.9044,1,1,2316.261,2315.944,1063.457,497.9592,1561.417,4,252.6857,265.8,242.9309,800,0,13.04703,200,0.1,0.1280111,0.3172331,0,250,0.3172331,1252.486,179.9338,55.30586,25.80291,118.7083,10.97064,442.513,239.2828,203.2302,739.3379,0,1665.739,0,1.705303e-13,-1.665335e-16,4.263256e-14
naive,2026-01-13 17:15:00,837,17.25,27.61975,3275.878,344.6465,376.217,186.9885,1,1,2293.115,2292.797,1419.947,580.0527,2000,4,315.6829,266.6573,227.0106,690.6491,500,0,324.9685,0.1624843,0.1259371,0.3172331,0,250,0.3172331,872.8501,167.7704,47.56041,28.96355,109.5596,19.21817,439.9828,167.4749,272.508,751.2149,0,1687.877,0,0,1.24345e-13,4.263256e-14
naive,2026-01-13 17:30:00,838,17.5,27.67132,3262.743,390.4214,366.1145,177.7175,1,1,2283.92,2283.603,767.1635,397.3975,1164.561,3,0,142.8687,221.6922,800,0,499.6694,200,0.1,0.2046279,0.3172331,0,250,0.3172331,1516.44,163.7484,55.03644,6.248276,107.7495,13.96906,438.6962,291.2782,147.4179,691.3589,0,1517.448,0,0,-7.993606e-15,4.263256e-14
naive,2026-01-13 17:45:00,839,17.75,27.46471,3281.04,454.1979,368.4053,160.9207,1,1,2296.728,2296.41,1433.895,566.1047,2000,4,427.0742,263.6143,211.183,598.1284,500,0,324.9685,0.1624843,0.1259371,0.3172331,0,250,0.3172331,862.5152,156.3351,41.31104,27.12366,104.7909,4.585645,439.2387,164.9521,274.2866,731.9338,0,1644.945,0,0,1.24345e-13,4.263256e-14
naive,2026-01-13 18:00:00,840,18,27.30718,3302.638,498.1756,4.825768,153.0306,1,1,2311.847,2311.53,653.7176,347.385,1001.103,3,0,0,201.1025,800,0,479.842,204.9569,0.1024784,0.2046279,0.3172331,0,250,0.3172331,1657.812,149.1261,55.41942,27.2424,0,3.904516,440.6699,316.0018,124.6681,664.131,0,1312.908,0,-5.684342e-14,4.884981e-14,4.263256e-14
naive,2026-01-13 18:15:00,841,18.25,27.24268,3291.454,589.6796,2.543998,140.9972,1,1,2304.018,2303.701,1045.638,458.7083,1504.346,4,516.6008,3.806422,183.9389,800,0,19.69841,200,0.1,0.1290583,0.3172331,0,250,0.3172331,1258.063,136.4934,55.48726,53.38045,0,4.503787,438.5845,239.4803,199.1042,699.0459,0,1427.75,0,5.684342e-14,2.775558e-16,4.263256e-14
naive,2026-01-13 18:30:00,842,18.5,27.36995,3294.052,631.0882,0,131.3633,1,1,2305.837,2305.519,1441.339,558.6615,2000,4,597.9717,4.766565,169.3206,727.9411,500,0,324.9685,0.1624843,0.1259371,0.3172331,0,250,0.3172331,864.1809,125.4734,50.36752,33.11649,0,5.889881,440.1035,164.9419,275.1616,724.7276,0,1449.918,0,0,1.24345e-13,4.263256e-14
naive,2026-01-13 18:45:00,843,18.75,27.34047,3241.682,676.2169,0,122.8468,0,1,2269.177,2268.86,740.2827,368.3573,1108.64,3,144.5017,0,164.1384,800,0,499.6694,200,0.1,0.2046279,0.3172331,0,250,0.3172331,1528.577,121.6719,55.3844,32.04584,0,1.174871,432.8387,291.5715,141.2672,0,660.1529,3623.813,0,-5.684342e-14,-7.993606e-15,4.263256e-14
naive,2026-01-13 19:00:00,844,19,27.30195,3265.89,732.2195,2.612937,118.7933,0,0,2286.123,2285.806,1451.652,548.3482,2000,4,681.6442,0,156.7217,661.6341,500,0,324.9685,0.1624843,0.1259371,0.3172331,0,250,0.3172331,834.1541,116.2223,45.83878,50.57533,2.612937,2.570987,435.7188,158.9838,276.7349,0,707.8221,3933.203,0,2.273737e-13,1.24345e-13,4.263256e-14
naive,2026-01-13 19:15:00,845,19.25,27.36376,3302.263,777.1979,14.15293,112.5001,0,0,2311.584,2311.267,780.4168,377.7461,1158.163,3,214.3101,1.848267,142.0046,800,0,499.6694,200,0.1,0.2046279,0.3172331,0,250,0.3172331,1530.85,105.2381,55.35991,63.21835,12.30466,7.261927,441.1431,292.1477,148.9954,0,671.2797,3760.035,0,-5.684342e-14,-7.993606e-15,4.263256e-14
naive,2026-01-13 19:30:00,846,19.5,27.22583,3268.655,781.6699,20.49209,104.0651,0,0,2288.058,2287.741,1455.26,544.7401,2000,4,715.1863,0.2287151,139.2863,645.2986,500,0,324.9685,0.1624843,0.1259371,0.3172331,0,250,0.3172331,832.4812,103.3774,44.77161,66.48359,20.26337,0.6876979,435.3928,158.4122,276.9806,0,703.2831,3967.328,0,2.273737e-13,1.24345e-13,4.263256e-14
naive,2026-01-13 19:45:00,847,19.75,27.09038,3256.574,763.8783,20.88134,90.32164,0,0,2279.602,2279.284,769.0608,372.7618,1141.823,3,214.1252,0.1807204,127.5167,800,0,499.6694,200,0.1,0.2046279,0.3172331,0,250,0.3172331,1510.223,94.78021,55.64744,50.08367,20.70062,0,432.5572,286.5667,145.9904,0,659.3285,3685.807,0,0,-7.993606e-15,4.263256e-14
naive,2026-01-13 20:00:00,848,20,26.93063,3239.033,740.6774,11.54602,80.8165,0,0,2267.323,2267.006,1450.192,549.8077,2000,4,685.0287,0.6367457,118.8393,695.4953,500,0,324.9685,0.1624843,0.1259371,0.3172331,0,250,0.3172331,816.8137,88.48242,48.52424,55.64872,10.90928,0,428.7975,154.4763,274.3212,0,704.284,3933.785,0,0,1.24345e-13,4.263256e-14
naive,2026-01-13 20:15:00,849,20.25,26.55188,3160.67,656.8323,7.636933,74.54405,0,0,2212.469,2212.152,722.7344,357.5765,1080.311,3,170.0964,0.8343986,109.3801,800,0,499.6694,200,0.1,0.2046279,0.3172331,0,250,0.3172331,1489.417,81.77091,56.2138,0,6.802535,0,415.1525,279.4775,135.675,0,637.0539,3452.291,0,5.684342e-14,-7.993606e-15,4.263256e-14
naive,2026-01-13 20:30:00,850,20.5,26.45718,3173.878,608.2871,6.877617,63.53762,0,0,2221.715,2221.397,1439.257,560.743,2000,4,611.6011,1.248906,96.7629,790.3871,500,0,324.9685,0.1624843,0.1259371,0.3172331,0,250,0.3172331,782.1404,72.4118,55.63673,0,5.628711,0,416.074,146.4762,269.5978,0,707.2192,3836.824,0,-1.136868e-13,1.24345e-13,4.263256e-14
naive,2026-01-13 20:45:00,851,20.75,26.34369,3169.131,570.7057,3.82472,55.26855,0,0,2218.392,2218.075,601.0323,319.3673,920.3996,2,40.27753,0.6513752,79.47071,800,0,499.6694,200,0.1,0.2046279,0.3172331,0,250,0.3172331,1617.042,59.54347,56.43277,30.75872,3.173345,0,414.4827,302.127,112.3557,0,621.4943,3413.265,0,5.684342e-14,-7.993606e-15,4.263256e-14
naive,2026-01-13 21:00:00,852,21,26.29291,3111.995,501.9287,3.410242,48.44305,0,0,2178.396,2178.079,1336.264,530.3067,1866.57,4,491.7547,1.408197,73.40763,800,500,0,324.9685,0.1624843,0.1259371,0.3172331,0,250,0.3172331,841.8153,55.03052,56.48617,10.17405,2.002045,0,406.5857,157.1202,249.4655,0,687.4269,3738.305,0,-2.273737e-13,1.24345e-13,4.263256e-14
naive,2026-01-13 21:15:00,853,21.25,25.94975,3093.974,460.692,5.063161,45.69958,0,0,2165.782,2165.464,559.9212,306.0349,865.9562,2,0,0,65.95617,800,0,437.2985,215.5927,0.1077964,0.2046279,0.3172331,0,250,0.3172331,1605.543,49.62555,56.84709,25.75993,2.696722,0,401.4032,297.5693,103.8339,0,603.6042,3304.958,0,-5.684342e-14,4.884981e-14,4.263256e-14
naive,2026-01-13 21:30:00,854,21.5,25.64912,3116.676,411.8507,2.203253,41.81178,0,0,2181.673,2181.356,796.651,374.964,1171.615,3,297.8589,6.915147,66.8409,800,0,62.23522,200,0.1,0.1357556,0.3172331,0,250,0.3172331,1384.705,50.45198,57.16328,51.75658,0,0,401.8853,255.0761,146.8092,0,630.0401,3490.192,0,5.684342e-14,-2.88658e-15,4.263256e-14
naive,2026-01-13 21:45:00,855,21.75,25.57012,3119.102,344.4111,0,37.83751,0,0,2183.371,2183.054,1187.704,486.4592,1674.163,4,309.8022,6.752634,57.60857,800,500,0,324.9685,0.1624843,0.1259371,0.3172331,0,250,0.3172331,995.35,43.51976,57.24636,34.60892,0,0,401.5553,183.0601,218.4953,0,669.5193,3677.654,0,5.684342e-14,1.24345e-13,4.263256e-14
naive,2026-01-13 22:00:00,856,22,25.40317,3071.909,295.1493,0,40.80685,0,0,2150.336,2150.019,555.068,303.8954,858.9633,2,0,0,58.96331,800,0,267.0022,258.1668,0.1290834,0.2046279,0.3172331,0,250,0.3172331,1594.951,44.62194,57.42196,31.42261,0,0,394.1484,292.3484,101.8,0,596.2437,3268.945,0,-5.684342e-14,-6.483702e-14,4.263256e-14
naive,2026-01-13 22:15:00,857,22.25,25.36661,3052.726,256.6055,0.07875971,34.88138,0,0,2136.908,2136.591,553.0445,303.0033,856.0478,2,0,0,56.04785,800,0,218.5641,203.4851,0.1017426,0.1625639,0.3172331,0,250,0.3172331,1583.546,42.43198,57.4604,38.04146,0.07875971,0,391.3985,290.0442,101.3544,0,593.0475,3262.876,0,5.684342e-14,1.265654e-14,4.263256e-14
naive,2026-01-13 22:30:00,858,22.5,25.03162,3033.504,232.9036,0,23.98347,0,0,2123.453,2123.135,683.2726,339.492,1022.765,3,175.878,0.1882874,46.69829,800,0,13.81244,200,0.1,0.1281316,0.3172331,0,250,0.3172331,1439.863,35.47889,57.81273,43.21315,0,0,386.3266,261.9589,124.3677,0,601.4509,3317.483,0,1.136868e-13,-5.828671e-16,4.263256e-14
naive,2026-01-13 22:45:00,859,22.75,24.83279,3037.857,191.4624,0,18.18498,1,0,2126.5,2126.183,1063.132,447.5101,1510.642,4,175.5685,0.4648088,34.6092,800,500,0,324.9685,0.1624843,0.1259371,0.3172331,0,250,0.3172331,1063.05,26.34929,58.02185,15.89389,0,0,38.277,19.13491,19.14209,466.645,0,895.4325,0,0,1.24345e-13,4.263256e-14
naive,2026-01-13 23:00:00,860,23,24.51669,3019.491,139.6664,0,19.08963,1,1,2113.644,2113.326,537.2551,296.0426,833.2976,2,0,0,33.29765,800,0,170.797,282.2181,0.1411091,0.2046279,0.3172331,0,250,0.3172331,1576.071,25.43496,58.35431,0,0,0,38.04559,28.36928,9.676302,324.4119,0,583.1751,0,0,-7.993606e-15,4.263256e-14
naive,2026-01-13 23:15:00,861,23.25,24.32813,3022.584,128.0904,0,24.3475,1,1,2115.809,2115.492,534.0465,294.6281,828.6745,2,0,0,28.67452,800,0,137.1215,247.8933,0.1239467,0.1777086,0.3172331,0,250,0.3172331,1581.445,21.94676,58.55263,0,0,2.400742,38.08456,28.46601,9.618547,323.5248,0,581.1779,0,5.684342e-14,-6.716849e-15,4.263256e-14
naive,2026-01-13 23:30:00,862,23.5,24.03467,3019.003,156.4282,0.4522728,18.95817,1,1,2113.302,2112.985,535.6609,295.3398,831.0006,2,0,0,31.00061,800,0,122.7834,217.1584,0.1085792,0.1560948,0.3172331,0,250,0.3172331,1577.324,23.79987,58.86127,34.68912,0,0,38.03943,28.39183,9.647606,323.7316,0,641.083,0,0,1.19349e-15,4.263256e-14
naive,2026-01-13 23:45:00,863,23.75,23.87492,2983.523,125.6639,2.716592,11.10703,1,1,2088.466,2088.149,569.0916,305.4962,874.5878,2,38.51329,2.686245,33.38825,800,0,68.49705,200,0.1,0.1367415,0.3172331,0,250,0.3172331,1519.057,25.67558,59.02929,18.65356,0.03034621,0,37.59239,27.34303,10.24936,332.8392,0,631.5002,0,0,2.942091e-15,4.263256e-14
naive,2026-01-14 00:00:00,864,0,23.78601,3001.012,120.3407,10.48288,18.38889,1,1,2100.708,2100.391,1005.304,430.5987,1435.902,3,103.4234,5.062489,27.41632,800,500,0,324.9685,0.1624843,0.1259371,0.3172331,0,250,0.3172331,1095.088,21.10267,59.1228,16.91736,5.420387,0,37.81275,19.71158,18.10117,450.3102,0,872.6399,0,-2.273737e-13,1.24345e-13,4.263256e-14
naive,2026-01-14 00:15:00,865,0.25,23.64417,3010.941,108.451,2.99175,14.1284,1,1,2107.659,2107.342,533.9846,294.6008,828.5854,2,0,0,28.58541,800,0,96.46361,300.8015,0.1504007,0.2046279,0.3172331,0,250,0.3172331,1573.357,22.03496,59.27197,17.62594,0,0,37.93786,28.32043,9.617433,322.9212,0,609.5662,0,-5.684342e-14,1.056932e-13,4.263256e-14
naive,2026-01-14 00:30:00,866,0.5,23.18114,2995.404,110.3706,0.8784674,7.565337,1,1,2096.783,2096.466,533.352,294.3219,827.6739,2,0,0,27.67386,800,0,84.88798,279.5321,0.1397661,0.1894103,0.3172331,0,250,0.3172331,1563.114,21.43481,59.75896,30.93489,0,0,37.74209,28.13605,9.606046,322.4579,0,631.0497,0,0,-6.133982e-15,4.263256e-14
naive,2026-01-14 00:45:00,867,0.75,23.08292,3017.683,137.2052,0,9.245715,1,1,2112.378,2112.061,535.3111,295.1856,830.4967,2,0,0,30.49673,800,0,77.79163,260.0402,0.1300201,0.1760173,0.3172331,0,250,0.3172331,1576.75,23.64523,59.86227,60.29172,0,0,38.02281,28.3815,9.641311,323.5671,0,683.7923,0,0,8.781864e-14,4.263256e-14
naive,2026-01-14 01:00:00,868,1,22.92363,3073.268,144.5874,0,17.65165,1,1,2151.288,2150.97,532.4443,293.9218,826.3661,2,0,0,26.36609,800,0,69.55639,242.6102,0.1213051,0.1637435,0.3172331,0,250,0.3172331,1618.526,20.47619,60.0298,78.24244,0,0,38.72318,29.13347,9.589708,323.0552,0,713.5451,0,5.684342e-14,3.38618e-14,4.263256e-14
naive,2026-01-14 01:15:00,869,1.25,22.57547,3022.471,109.7009,0,13.81542,1,1,2115.73,2115.412,533.7795,294.5104,828.2899,2,0,0,28.28989,800,0,80.08484,222.5508,0.1112754,0.1527681,0.3172331,0,250,0.3172331,1581.633,22.04903,60.39598,30.5529,0,0,38.08313,28.46939,9.613742,322.9798,0,630.7178,0,-5.684342e-14,-4.746203e-15,4.263256e-14
naive,2026-01-14 01:30:00,870,1.5,22.25648,3025.914,104.6527,0.485403,9.413351,1,1,2118.14,2117.823,532.1293,293.7829,825.9122,2,0,0,25.91221,800,0,85.42578,201.1593,0.1005796,0.140137,0.3172331,0,250,0.3172331,1585.694,20.262,60.73147,19.27511,0.4371815,0,38.12652,28.54248,9.584038,322.3254,0,610.3315,0,-5.684342e-14,2.456368e-14,4.263256e-14
naive,2026-01-14 01:45:00,871,1.75,22.06296,3043.7,103.1495,0,8.877937,1,1,2130.59,2130.273,612.2462,317.1727,929.419,2,100.2834,3.901274,25.23432,800,0,4.510454,200,0.1,0.126667,0.3172331,0,250,0.3172331,1518.026,19.771,60.935,0,0,0,38.35062,27.32447,11.02614,344.4972,0,620.4426,0,0,5.551115e-17,4.263256e-14
naive,2026-01-14 02:00:00,872,2,21.95124,3038.065,101.0031,0,10.91955,1,1,2126.646,2126.329,1002.367,428.9509,1431.318,3,106.3922,0.1148547,24.81066,800,500,0,324.9685,0.1624843,0.1259371,0.3172331,0,250,0.3172331,1123.962,19.46124,61.0525,0,0,0,38.27962,20.23131,18.04831,449.1822,0,829.6803,0,-1.705303e-13,1.24345e-13,4.263256e-14
naive,2026-01-14 02:15:00,873,2.25,21.71438,3021.248,95.4999,0,15.0891,1,1,2114.874,2114.556,532.3152,293.8648,826.18,2,0,0,26.17998,800,0,112.6156,296.7635,0.1483817,0.2046279,0.3172331,0,250,0.3172331,1582.241,20.58492,61.30162,0,0,0,38.06773,28.48034,9.587383,322.3452,0,575.726,0,-5.684342e-14,7.727152e-14,4.263256e-14
naive,2026-01-14 02:30:00,874,2.5,21.33596,3076.531,81.82086,0,17.11162,1,1,2153.572,2153.254,533.2377,294.2715,827.5092,2,0,0,27.50921,800,0,102.4273,271.1099,0.135555,0.1868676,0.3172331,0,250,0.3172331,1620.017,21.71336,61.69963,0,0,0,38.76429,29.1603,9.603989,323.4318,0,577.4515,0,0,6.264433e-14,4.263256e-14
naive,2026-01-14 02:45:00,875,2.75,21.21883,3055.08,68.38654,0,24.18866,1,1,2138.556,2138.239,526.9845,291.5148,818.4993,2,0,0,18.49928,800,0,102.5233,245.4364,0.1227182,0.1707139,0.3172331,0,250,0.3172331,1611.254,14.61904,61.82281,0,0,9.569618,38.49401,29.00258,9.491431,322.135,0,574.7193,0,0,-9.15934e-15,4.263256e-14
naive,2026-01-14 03:00:00,876,3,21.09786,3047.739,76.4131,0,22.70162,1,1,2133.418,2133.1,530.4828,293.057,823.5399,2,0,0,23.53989,800,0,116.5034,216.2719,0.108136,0.1545477,0.3172331,0,250,0.3172331,1602.617,18.62516,61.95005,0,0,4.076455,38.40152,28.84711,9.554401,322.5917,0,575.4895,0,0,-3.230749e-14,4.263256e-14
naive,2026-01-14 03:15:00,877,3.25,21.28368,3029.817,93.01331,0,17.84214,1,1,2120.872,2120.555,566.1832,304.3431,870.5264,2,37.42781,7.367764,25.73081,800,0,64.95157,200,0.1,0.1361833,0.3172331,0,250,0.3172331,1554.371,20.32041,61.75461,0,0,0,38.17569,27.97868,10.19701,332.3218,0,595.1697,0,-5.684342e-14,2.470246e-15,4.263256e-14
naive,2026-01-14 03:30:00,878,3.5,20.99231,3062.262,98.26396,0,15.70024,1,1,2143.584,2143.266,1010.917,431.7323,1442.65,3,114.6984,8.660589,19.29068,800,500,0,324.9685,0.1624843,0.1259371,0.3172331,0,250,0.3172331,1132.349,15.2794,62.06105,0,0,0.4208335,38.5845,20.38228,18.20222,452.1854,0,834.5521,0,5.684342e-14,1.24345e-13,4.263256e-14
naive,2026-01-14 03:45:00,879,3.75,21.21208,3006.847,108.7554,0.2286821,16.98458,1,1,2104.793,2104.475,527.9998,291.9624,819.9622,2,0,0,19.96218,800,0,121.6861,294.4958,0.1472479,0.2046279,0.3172331,0,250,0.3172331,1576.476,15.77618,61.82991,0,0,1.208407,37.88627,28.37656,9.509706,320.5432,0,571.5277,0,0,6.217249e-15,4.263256e-14
naive,2026-01-14 04:00:00,880,4,21.3391,2994.181,152.339,1.72967,16.92466,1,1,2095.927,2095.609,526.3369,291.2293,817.5663,2,0,0,17.56626,800,0,130.1667,261.9078,0.1309539,0.1854397,0.3172331,0,250,0.3172331,1569.272,13.86482,61.69632,22.43605,1.465902,3.059839,37.72668,28.2469,9.479775,319.9946,0,611.8117,0,0,-7.563394e-14,4.263256e-14
naive,2026-01-14 04:15:00,881,4.25,21.28924,2996.061,165.8966,3.648285,15.57074,1,1,2097.242,2096.925,528.2083,292.0543,820.2626,2,0,0,20.26259,800,0,148.5798,224.7216,0.1123608,0.1649195,0.3172331,0,250,0.3172331,1568.717,16.00108,61.74876,17.96311,3.001961,0,37.75036,28.2369,9.513459,320.2912,0,607.2798,0,-5.684342e-14,6.092349e-14,4.263256e-14
naive,2026-01-14 04:30:00,882,4.5,21.42937,3017.897,203.723,5.877755,9.309026,1,1,2112.528,2112.211,596.0336,311.5307,907.5642,2,87.62947,0.3589827,19.57579,800,0,98.74499,200,0.1,0.1415039,0.3172331,0,250,0.3172331,1516.177,15.43678,61.60138,17.34853,5.518772,0,38.02551,27.29119,10.73431,338.8219,0,647.7883,0,0,-4.607426e-15,4.263256e-14
naive,2026-01-14 04:45:00,883,4.75,21.37777,3037.637,251.4583,5.270428,3.912674,1,1,2126.346,2126.028,1090.37,453.9299,1544.3,4,222.5413,1.562993,20.19535,800,500,0,324.9685,0.1624843,0.1259371,0.3172331,0,250,0.3172331,1035.659,15.93368,61.65565,28.91701,3.707434,0,38.27422,18.64186,19.63237,472.5717,0,932.058,0,-5.684342e-14,1.24345e-13,4.263256e-14
naive,2026-01-14 05:00:00,884,5,21.45542,3070.954,291.7049,7.550716,8.223718,1,1,2149.668,2149.351,524.7728,290.5398,815.3126,2,0,0,15.31262,800,0,281.1829,254.6216,0.1273108,0.2046279,0.3172331,0,250,0.3172331,1624.578,12.07181,61.57398,10.77406,7.298634,0,38.69402,29.2424,9.451621,319.7822,0,601.469,0,0,4.884981e-14,4.263256e-14
naive,2026-01-14 05:15:00,885,5.25,21.3237,3072.074,378.7713,11.35533,11.90386,1,1,2150.452,2150.134,635.6121,322.7498,958.3619,2,139.9925,0.4375494,17.93184,800,0,218.3262,200,0.1,0.1603315,0.3172331,0,250,0.3172331,1514.522,14.15558,61.71252,20.45263,10.91778,0,38.70813,27.2614,11.44673,350.0112,0,684.7098,0,1.136868e-13,6.883383e-15,4.263256e-14
naive,2026-01-14 05:30:00,886,5.5,21.31432,3059.937,429.2678,10.46598,6.145179,1,1,2141.956,2141.639,1267.733,505.671,1773.404,4,444.8818,2.730845,25.79152,800,500,0,324.9685,0.1624843,0.1259371,0.3172331,0,250,0.3172331,873.9057,20.36203,61.72238,0,7.73514,0,38.55521,15.7303,22.82491,521.4013,0,986.708,0,-5.684342e-14,1.24345e-13,4.263256e-14
naive,2026-01-14 05:45:00,887,5.75,21.1777,3068.87,502.8438,13.02374,16.82126,1,1,2148.209,2147.892,545.9187,298.0882,844.0069,2,14.91087,5.17684,23.91919,800,0,499.6694,200,0.1,0.2046279,0.3172331,0,250,0.3172331,1601.973,18.90999,61.86607,0,7.846899,0,38.66777,28.83552,9.832247,326.9237,0,597.7839,0,-5.684342e-14,-7.993606e-15,4.263256e-14
naive,2026-01-14 06:00:00,888,6,20.98529,3058.52,589.6666,17.12047,24.17791,1,1,2140.964,2140.647,1373.208,535.5688,1908.777,4,584.4316,1.698529,22.64684,800,500,0,324.9685,0.1624843,0.1259371,0.3172331,0,250,0.3172331,767.4387,17.93896,62.06844,5.235033,15.42194,6.23895,38.53735,13.8139,24.72346,550.4328,0,1066.672,0,0,1.24345e-13,4.263256e-14
naive,2026-01-14 06:15:00,889,6.25,20.98045,3060.944,682.1906,9.637592,23.99758,1,1,2142.661,2142.344,653.1959,327.5994,980.7953,2,164.3892,0.1654906,16.24058,800,0,499.6694,200,0.1,0.2046279,0.3172331,0,250,0.3172331,1489.148,12.86508,62.07353,18.13194,9.472102,11.1325,38.5679,26.80466,11.76324,356.2775,0,690.3393,0,1.136868e-13,-7.993606e-15,4.263256e-14
naive,2026-01-14 06:30:00,890,6.5,20.9406,3066.923,758.3775,14.33756,20.77871,1,1,2146.846,2146.529,1449.457,550.5428,2000,4,717.7671,1.208276,18.58203,762.4426,500,0,324.9685,0.1624843,0.1259371,0.3172331,0,250,0.3172331,697.0717,14.7258,59.19932,40.61034,13.12928,6.052919,38.64323,12.54729,26.09594,564.1079,0,1154.317,0,0,1.24345e-13,4.263256e-14
naive,2026-01-14 06:45:00,891,6.75,21.07674,3093.777,776.2067,1.889229,32.11533,1,1,2165.644,2165.327,733.3264,351.1487,1084.475,3,263.3829,0.1563164,20.9359,800,0,499.6694,200,0.1,0.2046279,0.3172331,0,250,0.3172331,1432,16.56838,61.97226,13.15433,1.732913,15.54695,38.98159,25.77601,13.20559,379.5458,0,715.0532,0,0,-7.993606e-15,4.263256e-14
naive,2026-01-14 07:00:00,892,7,21.31675,3131.155,784.5574,2.407457,34.57117,1,1,2191.809,2191.491,1456.844,543.1556,2000,4,773.648,0.09035445,17.82792,708.4338,500,0,324.9685,0.1624843,0.1259371,0.3172331,0,250,0.3172331,734.6469,14.07453,54.65551,10.90949,2.317102,20.49664,39.45255,13.22365,26.22891,559.8502,0,1081.029,0,2.273737e-13,1.24345e-13,4.263256e-14
naive,2026-01-14 07:15:00,893,7.25,21.38103,3116.716,750.4097,3.933504,23.72002,1,1,2181.701,2181.384,735.3415,351.2335,1086.575,3,270.1376,1.141668,15.29581,800,0,499.6694,200,0.1,0.2046279,0.3172331,0,250,0.3172331,1446.043,12.06766,61.65222,0,2.791836,11.65236,39.27063,26.02877,13.24186,379.2379,0,693.933,0,5.684342e-14,-7.993606e-15,4.263256e-14
naive,2026-01-14 07:30:00,894,7.5,21.48886,3120.838,699.7609,8.265804,31.91339,1,1,2184.587,2184.27,1450.529,549.4712,2000,4,728.8265,0.4932514,11.3242,759.356,500,0,324.9685,0.1624843,0.1259371,0.3172331,0,250,0.3172331,733.7408,8.924483,58.41234,0,7.772552,22.98891,39.32256,13.20733,26.11523,566.584,0,1080.862,0,0,1.24345e-13,4.263256e-14
naive,2026-01-14 07:45:00,895,7.75,21.62643,3141.524,671.0447,6.163886,34.21267,1,1,2199.067,2198.75,658.2243,329.2598,987.4841,2,169.0665,0.8581462,17.5595,800,0,499.6694,200,0.1,0.2046279,0.3172331,0,250,0.3172331,1540.525,13.81913,61.39412,2.308818,5.30574,20.39355,39.5832,27.72945,11.85375,360.4628,0,664.9923,0,0,-7.993606e-15,4.263256e-14
naive,2026-01-14 08:00:00,896,8,21.53365,3162.513,602.3134,374.0728,34.86273,1,1,2213.759,2213.442,1447.373,552.6272,2000,4,581.265,315.8172,19.34165,583.5761,500,0,324.9685,0.1624843,0.1259371,0.3172331,0,250,0.3172331,766.0694,15.23601,44.85636,21.04838,58.25558,19.62672,39.84767,13.78925,26.05842,569.7536,0,1225.843,0,-2.273737e-13,1.24345e-13,4.263256e-14
naive,2026-01-14 08:15:00,897,8.25,21.70928,3176.309,526.3978,375.0265,40.32063,1,1,2223.417,2223.099,751.4571,390.4733,1141.93,3,0,318.4428,23.48754,800,0,499.6694,200,0.1,0.2046279,0.3172331,0,250,0.3172331,1471.642,18.46886,61.30699,30.60398,52.70802,21.85177,40.0215,26.48956,13.53194,420.6906,0,916.124,0,1.136868e-13,-7.993606e-15,4.263256e-14
naive,2026-01-14 08:30:00,898,8.5,21.86221,3211.401,426.3217,380.8873,34.70281,1,1,2247.981,2247.663,1427.786,572.2143,2000,4,426.4096,324.3884,33.17133,716.0307,500,0,324.9685,0.1624843,0.1259371,0.3172331,0,250,0.3172331,819.8777,26.04289,54.72814,0,56.49885,8.659928,40.46365,14.7578,25.70585,588.4537,0,1212.799,0,1.136868e-13,1.24345e-13,4.263256e-14
naive,2026-01-14 08:45:00,899,8.75,22.01829,3223.7,352.9508,388.1781,42.63326,1,1,2256.59,2256.273,663.435,351.6689,1015.104,3,0,177.074,38.02982,800,0,499.6694,200,0.1,0.2046279,0.3172331,0,250,0.3172331,1592.838,29.80981,60.98198,3.010335,61.37508,12.82345,40.61862,28.67108,11.94754,382.5403,0,807.5407,0,-5.684342e-14,-7.993606e-15,4.263256e-14
naive,2026-01-14 09:00:00,900,9,22.0474,3199.837,255.6285,387.9398,43.62381,1,1,2239.886,2239.569,1379.035,573.4279,1952.463,4,287.7726,327.1919,37.49863,800,500,0,324.9685,0.1624843,0.1259371,0.3172331,0,250,0.3172331,860.5335,29.38471,60.95137,0,60.74787,14.2391,40.31795,15.4896,24.82834,591.3621,0,1218.944,0,0,1.24345e-13,4.263256e-14
naive,2026-01-14 09:15:00,901,9.25,21.97325,3259.504,212.3186,399.6459,42.31894,1,1,2281.653,2281.336,582.4116,315.9498,898.3614,2,0,55.88884,42.47257,800,0,499.6694,200,0.1,0.2046279,0.3172331,0,250,0.3172331,1698.924,33.30758,61.02935,0,73.06587,9.011358,41.06976,30.58064,10.48912,348.0753,0,753.5313,0,-5.684342e-14,-7.993606e-15,4.263256e-14
naive,2026-01-14 09:30:00,902,9.5,22.13645,3248.053,179.9391,399.0822,50.73083,1,1,2273.637,2273.32,1313.731,555.9527,1869.684,4,192.6637,326.7638,50.25633,800,500,0,324.9685,0.1624843,0.1259371,0.3172331,0,250,0.3172331,959.589,39.34611,60.85771,0,72.31839,11.38473,40.92547,17.2726,23.65287,575.1832,0,1206.651,0,0,1.24345e-13,4.263256e-14
naive,2026-01-14 09:45:00,903,9.75,22.38124,3313.249,175.2637,405.197,53.6683,1,1,2319.274,2318.957,555.0252,303.8765,858.9018,2,0,0,58.90178,800,0,490.3114,202.3395,0.1011698,0.2046279,0.3172331,0,250,0.3172331,1763.932,45.99935,60.60025,21.11516,69.03409,7.668958,41.74694,31.75077,9.996165,336.9523,0,761.2367,0,-5.684342e-14,4.884981e-14,4.263256e-14
naive,2026-01-14 10:00:00,904,10,22.76524,3335.325,148.5672,406.3948,61.80707,1,1,2334.727,2334.41,907.1532,442.2992,1349.452,3,141.3313,339.6958,68.42523,800,0,9.230628,200,0.1,0.1274102,0.3172331,0,250,0.3172331,1427.257,53.22649,60.19638,0,66.699,8.580577,42.02509,25.69062,16.33447,469.4832,0,986.3012,0,0,-6.106227e-16,4.263256e-14
naive,2026-01-14 10:15:00,905,10.25,23.12508,3357.953,132.866,403.6756,71.66239,1,1,2350.567,2350.25,1290.446,553.9001,1844.346,4,123.6259,342.2227,78.49736,800,500,0,324.9685,0.1624843,0.1259371,0.3172331,0,250,0.3172331,1059.804,60.8354,59.81793,9.240117,61.45288,10.82698,42.31021,19.07648,23.23374,574.874,0,1204.398,0,2.273737e-13,1.24345e-13,4.263256e-14
naive,2026-01-14 10:30:00,906,10.5,23.52969,3335.439,129.7894,400.339,77.28608,1,1,2334.807,2334.49,577.189,313.6474,890.8364,2,0,0,90.83644,800,0,439.2994,215.0925,0.1075462,0.2046279,0.3172331,0,250,0.3172331,1757.301,70.10416,59.39238,36.68938,54.13964,7.181921,42.02653,31.63142,10.39511,346.5473,0,782.9583,0,0,4.884981e-14,4.263256e-14
naive,2026-01-14 10:45:00,907,10.75,23.7943,3363.115,151.3814,403.187,88.37266,1,1,2354.18,2353.863,846.1779,428.0097,1274.188,3,35.48509,345.2954,93.40715,800,0,60.23454,200,0.1,0.1354406,0.3172331,0,250,0.3172331,1507.685,71.8904,59.11408,55.66172,57.89161,16.48226,42.37524,27.13833,15.23691,458.0742,0,1045.525,0,-1.136868e-13,2.858824e-15,4.263256e-14
naive,2026-01-14 11:00:00,908,11,24.16342,3376.447,151.6602,400.8794,96.09084,1,1,2363.513,2363.196,1289.995,556.9834,1846.979,4,96.03659,347.4711,103.4709,800,500,0,324.9685,0.1624843,0.1259371,0.3172331,0,250,0.3172331,1073.2,79.33034,58.72586,55.6236,53.40837,16.7605,42.54323,19.31761,23.22562,579.2982,0,1280.61,0,0,1.24345e-13,4.263256e-14
naive,2026-01-14 11:15:00,909,11.25,24.35526,3374.23,149.1035,405.8831,104.6696,1,1,2361.961,2361.644,589.3225,318.9964,908.319,2,0,0,108.319,800,0,443.0729,214.1491,0.1070746,0.2046279,0.3172331,0,250,0.3172331,1772.321,82.8811,58.52408,58.51014,53.40354,21.78845,42.5153,31.90178,10.61352,354.8093,0,836.8302,0,0,4.884981e-14,4.263256e-14
naive,2026-01-14 11:30:00,910,11.5,24.65711,3408.814,125.7395,411.0138,110.7718,1,1,2386.17,2385.852,856.3443,434.2904,1290.635,3,20.36265,353.0575,117.2145,800,0,56.46171,200,0.1,0.1348466,0.3172331,0,250,0.3172331,1529.508,89.40457,58.20662,48.91518,57.95627,21.36725,42.95105,27.53115,15.41991,465.6801,0,1050.231,0,0,1.831868e-15,4.263256e-14
naive,2026-01-14 11:45:00,911,11.75,24.9973,3443.442,118.0335,415.598,126.1624,1,1,2410.409,2410.092,1313.542,567.7705,1881.312,4,92.61886,355.195,133.4983,800,500,0,324.9685,0.1624843,0.1259371,0.3172331,0,250,0.3172331,1096.55,101.4616,57.84883,25.41467,60.403,24.70085,43.38737,19.7379,23.64946,591.9992,0,1266.954,0,-2.273737e-13,1.24345e-13,4.263256e-14
naive,2026-01-14 12:00:00,912,12,25.56332,3483.626,108.375,414.9582,139.7032,1,1,2438.538,2438.221,616.0602,330.7837,946.8439,2,0,0,146.8439,800,0,445.8259,213.4609,0.1067304,0.2046279,0.3172331,0,250,0.3172331,1822.16,110.9396,57.25352,15.96597,61.54133,28.76362,448.4226,335.077,113.3456,671.15,0,1411.59,0,-1.136868e-13,4.884981e-14,4.263256e-14
naive,2026-01-14 12:15:00,913,12.25,25.80424,3458.179,90.49714,410.3781,150.1368,1,1,2420.725,2420.408,902.4565,452.4106,1354.867,3,38.92639,358.7807,157.16,800,0,53.70908,200,0.1,0.1344132,0.3172331,0,250,0.3172331,1517.952,118.4305,57.00014,0,51.5974,31.70634,447.327,280.503,166.824,738.7727,0,1502.426,0,1.136868e-13,4.440892e-16,4.263256e-14
naive,2026-01-14 12:30:00,914,12.5,25.84503,3449.563,102.5757,413.9331,161.8114,1,1,2414.694,2414.377,1350.035,582.3501,1932.385,4,105.2992,359.1612,167.9247,800,500,0,324.9685,0.1624843,0.1259371,0.3172331,0,250,0.3172331,1064.342,126.4876,56.95723,0,54.77194,35.32388,446.5829,196.8435,249.7393,785.7265,0,1601.858,0,-2.273737e-13,1.24345e-13,4.263256e-14
naive,2026-01-14 12:45:00,915,12.75,26.22922,3496.523,94.48399,418.5219,174.0861,1,1,2447.566,2447.249,643.7177,342.9765,986.6943,2,0,0,186.6943,800,0,469.7216,207.4869,0.1037435,0.2046279,0.3172331,0,250,0.3172331,1803.531,140.0517,56.55316,0,52.09865,34.03441,456.2281,336.1795,120.0486,685.5001,0,1397.248,0,0,-7.993606e-15,4.263256e-14
naive,2026-01-14 13:00:00,916,13,26.32414,3513.312,101.4438,422.6182,178.2058,1,1,2459.318,2459.001,965.8218,477.0172,1442.839,3,66.90214,367.0021,208.9348,800,0,29.81714,200,0.1,0.1306515,0.3172331,0,250,0.3172331,1493.179,156.5772,56.45333,4.724497,55.61614,21.62865,459.3127,278.8725,180.4402,759.9291,0,1560.436,0,-1.136868e-13,1.415534e-15,4.263256e-14
naive,2026-01-14 13:15:00,917,13.25,26.5101,3533.646,87.9095,423.4106,184.9575,1,1,2473.552,2473.235,1369.572,593.7458,1963.318,4,81.90505,360.8666,220.5461,800,500,0,324.9685,0.1624843,0.1259371,0.3172331,0,250,0.3172331,1103.663,164.9507,56.25775,6.004449,62.54403,20.00683,463.7428,206.9153,256.8275,804.4121,0,1663.78,0,0,1.24345e-13,4.263256e-14
naive,2026-01-14 13:30:00,918,13.5,26.65941,3516.905,94.43691,415.3611,194.4232,1,1,2461.834,2461.516,673.8645,356.2667,1030.131,3,0,0,230.1312,800,0,431.3962,217.0683,0.1085342,0.2046279,0.3172331,0,250,0.3172331,1787.652,171.8447,56.10071,15.78747,62.6144,22.57855,462.9713,336.185,126.7863,696.6978,0,1465.526,0,-1.136868e-13,-6.483702e-14,4.263256e-14
naive,2026-01-14 13:45:00,919,13.75,26.72226,3524.111,69.55305,413.0485,204.6591,1,1,2466.878,2466.56,937.6064,470.4969,1408.103,3,17.15003,352.6613,238.292,800,0,68.13657,200,0.1,0.1366847,0.3172331,0,250,0.3172331,1528.954,177.8187,56.03461,0,60.38719,26.84039,464.5238,287.9087,176.6151,763.4598,0,1568.049,0,0,4.135581e-15,4.263256e-14
naive,2026-01-14 14:00:00,920,14,27.07028,3539.981,77.33772,415.3527,215.9588,1,1,2477.987,2477.669,1394.642,602.8936,1997.535,4,97.91324,354.7294,244.8928,800,500,0,324.9685,0.1624843,0.1259371,0.3172331,0,250,0.3172331,1083.028,182.0625,55.66858,0,60.62332,33.8963,470.0038,205.4196,264.5842,814.7424,0,1671.433,0,-2.273737e-13,1.24345e-13,4.263256e-14
naive,2026-01-14 14:15:00,921,14.25,27.31072,3501.45,104.4276,415.0439,223.0066,1,1,2451.015,2450.698,688.8311,362.8647,1051.696,3,0,0,251.6959,800,0,445.8767,213.4482,0.1067241,0.2046279,0.3172331,0,250,0.3172331,1761.866,186.6361,55.4157,11.81267,61.78216,36.37051,467.2319,335.861,131.3709,705.6589,0,1475.926,0,1.136868e-13,-7.993606e-15,4.263256e-14
naive,2026-01-14 14:30:00,922,14.5,27.38327,3481.99,98.48289,411.2251,228.9771,1,1,2437.393,2437.076,968.9747,481.5639,1450.539,3,40.36624,353.7935,256.3788,800,0,53.65837,200,0.1,0.1344052,0.3172331,0,250,0.3172331,1468.101,189.9597,55.33939,4.458285,57.43153,39.0174,465.3432,280.2875,185.0557,769.3005,0,1583.104,0,5.684342e-14,8.326673e-17,4.263256e-14
naive,2026-01-14 14:45:00,923,14.75,27.53523,3486.883,90.53012,408.163,228.83,1,1,2440.818,2440.501,1397.463,602.5375,2000,4,99.8188,356.718,262.0179,781.4453,500,0,324.9685,0.1624843,0.1259371,0.3172331,0,250,0.3172331,1043.039,193.8194,53.89977,0,51.44501,35.01056,467.489,199.7728,267.7162,809.0158,0,1646.137,0,1.136868e-13,1.24345e-13,4.263256e-14
naive,2026-01-14 15:00:00,924,15,27.61065,3515.765,100.8234,405.6676,225.057,1,1,2461.035,2460.718,699.4099,367.5284,1066.938,3,0,0,266.9383,800,0,440.4311,214.8096,0.1074048,0.2046279,0.3172331,0,250,0.3172331,1761.308,197.298,55.10025,14.09782,51.96206,27.75897,472.1113,337.8795,134.2318,710.733,0,1473.432,0,0,-7.993606e-15,4.263256e-14
naive,2026-01-14 15:15:00,925,15.25,27.81152,3492.261,99.72548,409.9638,230.5689,1,1,2444.582,2444.265,978.7383,486.1956,1464.934,3,37.61281,354.3053,273.0158,800,0,59.10303,200,0.1,0.1352624,0.3172331,0,250,0.3172331,1465.527,201.3513,54.88898,3.00964,55.65848,29.21766,470.9513,282.3353,188.6161,774.1597,0,1587.772,0,-5.684342e-14,2.692291e-15,4.263256e-14
naive,2026-01-14 15:30:00,926,15.5,27.86973,3497.072,107.5797,400.8458,219.8177,1,1,2447.951,2447.633,1401.436,598.5638,2000,4,123.4152,355.2314,279.3502,742.0033,500,0,324.9685,0.1624843,0.1259371,0.3172331,0,250,0.3172331,1046.197,205.8929,50.85297,0,45.61441,13.9248,472.1827,201.7999,270.3828,803.0497,0,1627.575,0,0,1.24345e-13,4.263256e-14
naive,2026-01-14 15:45:00,927,15.75,27.86552,3461.135,128.6287,410.0271,219.5325,1,1,2422.794,2422.477,708.2514,371.4262,1079.678,3,0,0,279.6776,800,0,479.4804,205.0472,0.1025236,0.2046279,0.3172331,0,250,0.3172331,1714.226,206.1436,54.83219,0,65.61307,13.38892,467.2885,330.6257,136.6629,704.6342,0,1460.765,0,0,-7.993606e-15,4.263256e-14
naive,2026-01-14 16:00:00,928,16,27.86539,3420.47,138.8986,405.046,208.1115,1,1,2394.329,2394.012,1043.085,503.7814,1546.866,4,128.2448,338.7662,279.8554,800,0,20.05988,200,0.1,0.1291152,0.3172331,0,250,0.3172331,1350.927,206.2749,54.83233,0,66.27982,1.836516,461.7971,260.5548,201.2422,764.6904,0,1582.027,0,-1.136868e-13,1.221245e-15,4.263256e-14
naive,2026-01-14 16:15:00,929,16.25,27.87979,3428.551,153.399,405.8837,207.11,1,1,2399.986,2399.669,1407.283,592.7171,2000,4,176.6717,337.9495,271.6067,713.7722,500,0,324.9685,0.1624843,0.1259371,0.3172331,0,250,0.3172331,992.3857,200.1637,48.90872,0,67.93429,6.946286,463.0297,191.4611,271.5685,785.5184,0,1633.201,0,0,1.24345e-13,4.263256e-14
naive,2026-01-14 16:30:00,930,16.5,27.97541,3391.307,155.8711,401.2083,200.365,1,1,2373.915,2373.598,736.1429,383.7221,1119.865,3,0,49.21106,270.6539,800,0,499.6694,200,0.1,0.2046279,0.3172331,0,250,0.3172331,1637.455,199.2545,54.71661,0,66.06762,1.110529,458.9311,316.5568,142.3743,700.4936,0,1453.398,0,-5.684342e-14,-7.993606e-15,4.263256e-14
naive,2026-01-14 16:45:00,931,16.75,27.89905,3383.571,179.536,403.9574,186.1126,1,1,2368.5,2368.183,1414.384,585.6162,2000,4,236.8179,327.1533,263.8348,672.1941,500,0,324.9685,0.1624843,0.1259371,0.3172331,0,250,0.3172331,953.7987,194.3955,46.04271,0,76.80411,0,457.1419,184.0918,273.0501,769.7079,0,1620.105,0,0,1.24345e-13,4.263256e-14
naive,2026-01-14 17:00:00,932,17,27.91774,3359.089,222.236,396.0223,181.6918,1,1,2351.362,2351.045,764.3289,396.1478,1160.477,3,0,109.3447,251.1321,800,0,499.6694,200,0.1,0.2046279,0.3172331,0,250,0.3172331,1586.716,184.9985,54.77726,0,67.03272,0,454.0144,306.3722,147.6422,702.52,0,1459.047,0,-5.684342e-14,-7.993606e-15,4.263256e-14
naive,2026-01-14 17:15:00,933,17.25,27.99114,3361.738,288.7355,372.4396,184.4948,1,1,2353.216,2352.899,1425.822,574.1777,2000,4,331.8032,324.8042,241.2283,602.1644,500,0,324.9685,0.1624843,0.1259371,0.3172331,0,250,0.3172331,927.0769,177.5611,41.17304,0,47.63541,6.93367,455.0818,179.2848,275.7971,754.8034,0,1545.458,0,0,1.24345e-13,4.263256e-14
naive,2026-01-14 17:30:00,934,17.5,28.295,3316.952,357.9263,368.2824,177.6701,1,1,2321.866,2321.549,816.6595,419.2178,1235.877,3,0,203.7427,232.1346,800,0,499.6694,200,0.1,0.2046279,0.3172331,0,250,0.3172331,1504.889,170.3032,54.38048,0,52.695,7.366843,451.9404,292.9197,159.0207,713.5714,0,1456.864,0,-1.136868e-13,-7.993606e-15,4.263256e-14
naive,2026-01-14 17:45:00,935,17.75,28.3869,3273.973,424.9553,376.4791,171.6001,1,1,2291.781,2291.464,1438.926,561.0741,2000,4,441.983,319.2803,214.601,524.1357,500,0,324.9685,0.1624843,0.1259371,0.3172331,0,250,0.3172331,852.5381,157.2821,35.56512,0,57.19884,14.31798,446.9639,166.2697,280.6942,730.1362,0,1518.93,0,0,1.24345e-13,4.263256e-14
naive,2026-01-14 18:00:00,936,18,27.96314,3235.492,481.6725,0,154.0373,1,1,2264.844,2264.527,655.7793,348.2939,1004.073,3,0,0,204.0732,800,0,492.5366,201.7832,0.1008916,0.2046279,0.3172331,0,250,0.3172331,1608.748,150.2581,54.72952,0,0,3.779247,437.731,310.9259,126.8051,659.9502,0,1258.33,0,0,-7.993606e-15,4.263256e-14
naive,2026-01-14 18:15:00,937,18.25,27.852,3230.533,547.0412,0,143.115,1,1,2261.373,2261.056,1080.157,468.9222,1549.079,4,558.6646,3.144965,187.2695,800,0,7.005739,200,0.1,0.1270599,0.3172331,0,250,0.3172331,1180.899,138.0521,54.84641,0,0,5.062932,436.0298,227.6966,208.3332,697.595,0,1333.488,0,0,5.551115e-17,4.263256e-14
naive,2026-01-14 18:30:00,938,18.5,27.7421,3258.865,606.3275,0,127.7245,1,1,2281.205,2280.888,1443.909,556.0914,2000,4,616.4475,2.180709,173.7735,707.5983,500,0,324.9685,0.1624843,0.1259371,0.3172331,0,250,0.3172331,836.9795,128.2558,48.61377,0,0,0,438.831,161.0081,277.8229,717.0995,0,1379.509,0,2.273737e-13,1.24345e-13,4.263256e-14
naive,2026-01-14 18:45:00,939,18.75,27.71185,3267.058,677.9125,0,119.3001,1,1,2286.941,2286.624,754.8218,372.6425,1127.464,3,162.3594,0,165.1049,800,0,499.6694,200,0.1,0.2046279,0.3172331,0,250,0.3172331,1531.802,121.8978,54.99382,15.88368,0,0,439.6528,294.4812,145.1717,667.1237,0,1299.779,0,0,-7.993606e-15,4.263256e-14
naive,2026-01-14 19:00:00,940,19,27.82922,3255.113,708.5979,5.927734,111.9069,0,0,2278.579,2278.262,1455.564,544.436,2000,4,709.5552,1.437115,158.6826,630.3251,500,0,324.9685,0.1624843,0.1259371,0.3172331,0,250,0.3172331,822.6979,117.0072,43.23271,0,4.490619,0,439.1354,158.5531,280.5823,0,702.9891,3825.55,0,0,1.24345e-13,4.263256e-14
naive,2026-01-14 19:15:00,941,19.25,27.82224,3234.35,717.6003,0.4531327,104.1384,0,0,2264.045,2263.728,815.9688,389.2698,1205.239,3,249.1903,8.624233,147.4241,800,0,499.6694,200,0.1,0.2046279,0.3172331,0,250,0.3172331,1447.759,108.7138,54.87771,0,0,0,436.2697,278.9756,157.2941,0,668.2455,3613.613,0,0,-7.993606e-15,4.263256e-14
naive,2026-01-14 19:30:00,942,19.5,27.40464,3247.566,721.5901,0,96.76583,0,0,2273.296,2272.979,1460.732,539.2677,2000,4,751.4982,11.38043,140.0064,597.115,500,0,324.9685,0.1624843,0.1259371,0.3172331,0,250,0.3172331,812.2469,103.7115,41.2882,0,0,0,434.209,155.1425,279.0665,0,694.4102,3772.807,0,0,1.24345e-13,4.263256e-14
naive,2026-01-14 19:45:00,943,19.75,27.318,3223.52,722.8576,0.5717563,88.45532,0,0,2256.464,2256.147,796.0365,381.4007,1177.437,3,241.4734,11.55733,124.4065,800,0,499.6694,200,0.1,0.2046279,0.3172331,0,250,0.3172331,1460.11,92.24194,55.40804,0,0,0,430.2108,278.3804,151.8305,0,659.781,3566.462,0,-5.684342e-14,-7.993606e-15,4.263256e-14
naive,2026-01-14 20:00:00,944,20,27.19253,3229.307,707.4585,1.282957,84.71214,0,0,2260.515,2260.198,1454.287,545.7131,2000,4,715.4403,6.606334,113.2992,664.6542,500,0,324.9685,0.1624843,0.1259371,0.3172331,0,250,0.3172331,805.9107,84.12007,46.14362,0,0,0.5920757,429.8519,153.2493,276.6027,0,699.0749,3793.001,0,2.273737e-13,1.24345e-13,4.263256e-14
naive,2026-01-14 20:15:00,945,20.25,27.09468,3239.098,655.2016,0,79.68645,0,0,2267.369,2267.052,716.2528,355.5595,1071.812,3,163.0311,4.573538,104.2077,800,0,499.6694,200,0.1,0.2046279,0.3172331,0,250,0.3172331,1550.799,77.45162,55.64292,0,0,2.234831,430.2746,294.2924,135.9822,0,650.276,3513.92,0,-1.705303e-13,-7.993606e-15,4.263256e-14
naive,2026-01-14 20:30:00,946,20.5,27.10782,3228.284,616.7482,0,65.70347,0,0,2259.799,2259.481,1438.832,561.1684,2000,4,609.6718,4.381799,90.37806,795.5684,500,0,324.9685,0.1624843,0.1259371,0.3172331,0,250,0.3172331,820.6499,67.16332,55.32094,7.076386,0,0,428.9557,155.776,273.1797,0,716.9444,3893.165,0,-1.136868e-13,1.24345e-13,4.263256e-14
naive,2026-01-14 20:45:00,947,20.75,26.78935,3210.725,550.0846,0,67.41855,0,0,2247.507,2247.19,613.1591,322.7155,935.8746,2,57.07272,2.382047,76.41983,800,0,499.6694,200,0.1,0.2046279,0.3172331,0,250,0.3172331,1634.031,56.98513,55.96405,0,0,10.43341,423.8044,308.1233,115.681,0,632.8062,3417.475,0,1.136868e-13,-7.993606e-15,4.263256e-14
naive,2026-01-14 21:00:00,948,21,26.74848,3194.575,515.3108,0,62.77102,0,0,2236.202,2235.885,1338.137,530.456,1868.593,4,497.4416,2.541112,68.61019,800,500,0,324.9685,0.1624843,0.1259371,0.3172331,0,250,0.3172331,897.7481,51.18403,56.00703,17.86927,0,11.58699,421.3154,169.1417,252.1737,0,701.7808,3827.611,0,0,1.24345e-13,4.263256e-14
naive,2026-01-14 21:15:00,949,21.25,26.33804,3168.523,445.667,0,57.87854,0,0,2217.966,2217.649,557.9619,305.1712,863.1331,2,0,0,63.13311,800,0,453.1107,211.6397,0.1058198,0.2046279,0.3172331,0,250,0.3172331,1659.687,47.30537,56.43871,0,0,10.57318,414.355,310.0587,104.2964,0,617.2051,3331.135,0,5.684342e-14,-7.993606e-15,4.263256e-14
naive,2026-01-14 21:30:00,950,21.5,26.14425,3154.867,375.9761,0,52.06094,0,0,2208.407,2208.09,825.053,382.2009,1207.254,3,342.2784,4.354902,60.62051,800,0,46.42545,200,0.1,0.1332664,0.3172331,0,250,0.3172331,1383.037,45.51667,56.64253,0,0,6.544267,410.9327,257.3507,153.582,0,640.7693,3460.508,0,-1.136868e-13,1.998401e-15,4.263256e-14
naive,2026-01-14 21:45:00,951,21.75,25.98582,3114.478,291.4173,0,51.38893,0,0,2180.134,2179.817,1197.211,488.3653,1685.576,4,329.0094,3.100693,53.46593,800,500,0,324.9685,0.1624843,0.1259371,0.3172331,0,250,0.3172331,982.6064,40.21244,56.80915,0,0,11.17649,404.3606,182.249,222.1116,0,672.6873,3635.87,0,-5.684342e-14,1.24345e-13,4.263256e-14
naive,2026-01-14 22:00:00,952,22,26.06763,3081.745,271.392,0,44.58387,0,0,2157.222,2156.905,553.0961,303.0261,856.1222,2,0,0,56.12217,800,0,282.4527,254.3042,0.1271521,0.2046279,0.3172331,0,250,0.3172331,1603.808,42.17351,56.72312,0,0,2.410363,400.7798,297.9638,102.816,0,601.4377,3244.094,0,-5.684342e-14,4.884981e-14,4.263256e-14
naive,2026-01-14 22:15:00,953,22.25,25.75105,3112.567,217.908,0,40.60251,0,0,2178.797,2178.48,566.344,306.2311,872.5751,2,22.15328,0.04331784,50.37851,800,0,217.0566,200,0.1,0.1601316,0.3172331,0,250,0.3172331,1612.136,37.98497,57.05608,0,0,2.617538,402.1861,297.5856,104.6005,0,604.2999,3259.461,0,-5.684342e-14,-9.65894e-15,4.263256e-14
naive,2026-01-14 22:30:00,954,22.5,25.30227,3095.427,189.0135,0,31.96874,0,0,2166.799,2166.482,1094.642,456.9161,1551.558,4,213.2689,0.07777635,38.21105,800,500,0,324.9685,0.1624843,0.1259371,0.3172331,0,250,0.3172331,1071.84,28.94799,57.52807,0,0,3.02075,396.3596,196.0653,200.2943,0,653.5341,3529.718,0,-5.684342e-14,1.24345e-13,4.263256e-14
naive,2026-01-14 22:45:00,955,22.75,25.1626,3042.879,157.8626,0,32.72945,0,0,2130.015,2129.698,533.8893,294.5588,828.4481,2,0,0,28.44813,800,0,184.4193,278.8125,0.1394063,0.2046279,0.3172331,0,250,0.3172331,1595.809,21.58357,57.67497,0,0,11.14587,388.539,291.0937,97.44537,0,587.6856,3167.386,0,0,-1.216804e-13,4.263256e-14
naive,2026-01-14 23:00:00,956,23,24.84347,3073.597,108.8941,0.9132698,30.17975,1,1,2151.518,2151.201,533.9917,294.6039,828.5956,2,0,0,28.59558,800,0,153.8985,240.294,0.120147,0.1755642,0.3172331,0,250,0.3172331,1617.209,21.76845,58.01061,0,0.09047033,8.411296,38.72732,29.10976,9.61756,325.2382,0,585.3706,0,0,2.464695e-14,4.263256e-14
naive,2026-01-14 23:15:00,957,23.25,24.81304,3097.485,104.31,0,29.53235,1,1,2168.24,2167.922,535.2535,295.1602,830.4137,2,0,0,30.41365,800,0,132.5701,207.1137,0.1035568,0.1513096,0.3172331,0,250,0.3172331,1632.669,23.15987,58.04262,0,0,6.37248,39.02831,29.38804,9.640273,325.7025,0,586.1071,0,5.684342e-14,-4.302114e-15,4.263256e-14
naive,2026-01-14 23:30:00,958,23.5,24.48332,3094.112,95.00641,4.098607,32.06775,1,1,2165.878,2165.561,621.3542,319.6945,941.0487,2,112.8383,0.7500281,27.46037,800,0,28.3243,200,0.1,0.1304164,0.3172331,0,250,0.3172331,1544.207,20.98338,58.3894,0,3.348579,11.08437,38.98581,27.79572,11.19009,349.4849,0,639.0581,0,0,1.110223e-16,4.263256e-14
naive,2026-01-14 23:45:00,959,23.75,24.13311,3050.258,90.75847,0,31.44809,1,1,2135.181,2134.863,1011.599,431.7005,1443.3,3,117.4913,2.781161,23.02714,800,500,0,324.9685,0.1624843,0.1259371,0.3172331,0,250,0.3172331,1123.264,17.66032,58.75773,0,0,13.78777,38.43325,20.21876,18.21449,454.3835,0,842.6645,0,-5.684342e-14,1.24345e-13,4.263256e-14
naive,2026-01-15 00:00:00,960,0,24.06154,3091.286,82.5565,0,32.47864,1,1,2163.9,2163.583,531.8444,293.6573,825.5017,2,0,0,25.50171,800,0,120.9594,294.6775,0.1473387,0.2046279,0.3172331,0,250,0.3172331,1631.739,19.57276,58.83301,0,0,12.90588,38.9502,29.37129,9.57891,325.3319,0,584.4766,0,-1.136868e-13,-2.220446e-14,4.263256e-14
naive,2026-01-15 00:15:00,961,0.25,23.83889,3103.072,80.21203,0,30.48474,1,1,2172.15,2171.833,530.0563,292.869,822.9253,2,0,0,22.92532,800,0,104.7032,268.4553,0.1342277,0.1855541,0.3172331,0,250,0.3172331,1641.777,17.63619,59.06718,0,0,12.84855,39.0987,29.55198,9.546724,324.7041,0,582.9575,0,5.684342e-14,-6.972201e-14,4.263256e-14
naive,2026-01-15 00:30:00,962,0.5,23.73812,3115.767,99.84303,0,19.61138,1,1,2181.037,2180.719,526.4952,291.2991,817.7942,2,0,0,17.79422,800,0,99.24792,243.6011,0.1218005,0.1690424,0.3172331,0,250,0.3172331,1654.224,13.70324,59.17317,3.539879,0,5.908139,39.25866,29.77604,9.482623,322.1229,0,583.7822,0,0,-2.906009e-14,4.263256e-14
naive,2026-01-15 00:45:00,963,0.75,23.32336,3089.943,101.6028,6.065128,14.24589,1,1,2162.96,2162.643,528.2179,292.0585,820.2764,2,0,0,20.27641,800,0,110.3493,215.9754,0.1079877,0.153392,0.3172331,0,250,0.3172331,1634.425,15.68204,59.60939,0,5.690113,0,38.93328,29.41965,9.513632,321.4782,0,585.7112,0,0,4.27991e-14,4.263256e-14
naive,2026-01-15 01:00:00,964,1,23.31692,3085.072,111.2485,1.728531,12.98905,1,1,2159.55,2159.233,567.4162,303.9342,871.3504,2,45.43443,1.501736,24.41422,800,0,63.76559,200,0.1,0.1359965,0.3172331,0,250,0.3172331,1591.817,18.88353,59.61616,2.048476,0.2267948,0,38.87191,28.65271,10.2192,332.5869,0,602.0305,0,5.684342e-14,1.887379e-15,4.263256e-14
naive,2026-01-15 01:15:00,965,1.25,23.0219,3064.272,99.55123,0.8261389,18.95102,1,1,2144.991,2144.673,992.9383,426.0397,1418.978,3,95.92277,0.3822061,22.67308,800,500,0,324.9685,0.1624843,0.1259371,0.3172331,0,250,0.3172331,1151.735,17.59034,59.92644,3.628457,0.4439328,1.36068,38.60983,20.73123,17.8786,447.009,0,833.6255,0,-1.705303e-13,1.24345e-13,4.263256e-14
naive,2026-01-15 01:30:00,966,1.5,22.91789,3048.387,93.81533,0,24.52127,1,1,2133.871,2133.554,526.8802,291.4688,818.3491,2,0,0,18.34908,800,0,96.05374,300.9039,0.150452,0.2046279,0.3172331,0,250,0.3172331,1606.674,14.25094,60.03584,0,0,10.27033,38.40968,28.92013,9.489555,322.1816,0,576.823,0,-1.136868e-13,-3.641532e-14,4.263256e-14
naive,2026-01-15 01:45:00,967,1.75,22.58273,3013.076,82.56232,5.515732,15.76916,1,1,2109.153,2108.836,526.4056,291.2596,817.6651,2,0,0,17.66515,800,0,105.5449,274.4703,0.1372352,0.1894748,0.3172331,0,250,0.3172331,1582.431,13.76713,60.38834,0,3.754716,2.00204,37.96476,28.48375,9.481011,320.0905,0,578.7211,0,-5.684342e-14,-5.806466e-14,4.263256e-14
naive,2026-01-15 02:00:00,968,2,22.18707,2993.968,91.02124,2.817674,6.644398,1,1,2095.777,2095.46,527.3418,291.6723,819.0141,2,0,0,19.01406,800,0,103.2928,248.6039,0.124302,0.1728299,0.3172331,0,250,0.3172331,1568.118,14.87857,60.80448,0,2.767528,0,37.72399,28.22613,9.497862,319.8984,0,576.1658,0,0,-1.876277e-14,4.263256e-14
naive,2026-01-15 02:15:00,969,2.25,21.97187,2988.013,88.36307,5.833213,10.60564,1,1,2091.609,2091.292,529.7747,292.7448,822.5195,2,0,0,22.51952,800,0,102.8805,222.8447,0.1114223,0.1565422,0.3172331,0,250,0.3172331,1561.517,17.66037,61.03081,0,5.731906,0,37.64896,28.10731,9.541654,320.8521,0,582.9322,0,5.684342e-14,-1.226796e-14,4.263256e-14
naive,2026-01-15 02:30:00,970,2.5,21.82319,2996.974,84.8659,4.324678,17.3269,1,1,2097.882,2097.564,531.163,293.3569,824.5199,2,0,0,24.51994,800,0,90.9124,200.0815,0.1000407,0.140322,0.3172331,0,250,0.3172331,1566.401,19.25831,61.18718,0,3.47928,0,37.76187,28.19523,9.566645,321.5521,0,580.2704,0,0,-1.171285e-14,4.263256e-14
naive,2026-01-15 02:45:00,971,2.75,21.86712,3027.603,84.78683,6.072984,19.52088,1,1,2119.322,2119.005,596.213,312.2309,908.4439,2,82.40828,0.8660243,25.16958,800,0,0.1999188,200,0.1,0.1259884,0.3172331,0,250,0.3172331,1522.792,19.75971,61.14098,2.178633,5.20696,0,38.14779,27.41025,10.73754,339.6412,0,623.2388,0,1.136868e-13,0,4.263256e-14
naive,2026-01-15 03:00:00,972,3,21.75985,3042.405,79.63777,4.754073,14.84119,1,1,2129.683,2129.366,993.7475,426.8881,1420.636,3,91.78994,2.447893,26.39776,800,500,0,324.9685,0.1624843,0.1259371,0.3172331,0,250,0.3172331,1135.619,20.74656,61.2538,0,2.30618,0,38.3343,20.44114,17.89317,447.3292,0,829.7261,0,5.684342e-14,1.24345e-13,4.263256e-14
naive,2026-01-15 03:15:00,973,3.25,21.71141,2998.182,101.5345,1.51222,16.93817,1,1,2098.728,2098.411,530.8036,293.1984,824.002,2,0,0,24.00203,800,0,100.2364,299.8583,0.1499291,0.2046279,0.3172331,0,250,0.3172331,1567.607,18.873,61.30475,4.686514,0,0,37.7771,28.21692,9.560175,321.4154,0,581.9471,0,-5.684342e-14,-5.062617e-14,4.263256e-14
naive,2026-01-15 03:30:00,974,3.5,21.6668,3032.12,93.46452,2.384696,14.70288,1,1,2122.484,2122.167,527.7118,291.8354,819.5473,2,0,0,19.54725,800,0,109.3943,272.4625,0.1362312,0.1888164,0.3172331,0,250,0.3172331,1594.455,15.37715,61.35166,0,0,0,38.20471,28.70019,9.504523,320.5356,0,572.0506,0,0,-6.700196e-14,4.263256e-14
naive,2026-01-15 03:45:00,975,3.75,21.95269,2998.911,126.9862,7.176687,14.78852,1,1,2099.238,2098.921,528.5771,292.2169,820.794,2,0,0,20.79398,800,0,114.5891,243.7723,0.1218862,0.1715656,0.3172331,0,250,0.3172331,1570.344,16.31035,61.05098,14.64382,4.929974,0,37.78628,28.26619,9.520098,320.4831,0,606.0486,0,0,-2.503553e-14,4.263256e-14
naive,2026-01-15 04:00:00,976,4,21.73543,3021.507,142.581,6.939212,12.01743,1,1,2115.055,2114.738,527.781,291.8659,819.647,2,0,0,19.64696,800,0,143.0957,207.96,0.10398,0.1534999,0.3172331,0,250,0.3172331,1586.957,15.4448,61.27949,0.553873,5.870596,0,38.07099,28.56522,9.505769,320.4312,0,583.0051,0,-5.684342e-14,2.942091e-15,4.263256e-14
naive,2026-01-15 04:15:00,977,4.25,21.80339,3024.359,180.5947,0.425809,11.62003,1,1,2117.051,2116.734,627.3778,320.7989,948.1766,2,125.8771,2.30664,19.99287,800,0,31.70917,200,0.1,0.1309494,0.3172331,0,250,0.3172331,1489.356,15.70586,61.20801,23.00837,0,0,38.10693,26.80842,11.29851,347.6073,0,666.045,0,-5.684342e-14,-9.15934e-16,4.263256e-14
naive,2026-01-15 04:30:00,978,4.5,21.70073,3034.332,235.0113,4.268885,11.32551,1,1,2124.032,2123.715,1067.508,447.035,1514.543,4,195.7776,3.410385,15.35473,800,500,0,324.9685,0.1624843,0.1259371,0.3172331,0,250,0.3172331,1056.207,12.07487,61.31597,39.23363,0.8585,0,38.23258,19.01173,19.22085,466.0467,0,932.2719,0,-5.684342e-14,1.24345e-13,4.263256e-14
naive,2026-01-15 04:45:00,979,4.75,21.6664,3030.672,270.6346,0,11.73445,1,1,2121.471,2121.153,522.3783,289.4842,811.8625,2,0,0,11.86251,800,0,241.9893,264.42,0.13221,0.2046279,0.3172331,0,250,0.3172331,1598.775,9.331867,61.35208,32.2663,0,2.402583,38.18647,28.77795,9.40852,318.6717,0,623.9816,0,5.684342e-14,-7.993606e-15,4.263256e-14
naive,2026-01-15 05:00:00,980,5,21.54153,3015.462,322.5051,0,12.97388,1,1,2110.824,2110.507,548.7229,297.5904,846.3133,2,29.4874,4.260919,12.56496,800,0,257.5137,200,0.1,0.1665014,0.3172331,0,250,0.3172331,1561.784,9.897013,61.48342,35.50408,0,3.076864,37.99483,28.1121,9.882723,326.2257,0,644.5271,0,5.684342e-14,1.665335e-15,4.263256e-14
naive,2026-01-15 05:15:00,981,5.25,21.65502,3069.729,380.9017,0,19.21289,1,1,2148.81,2148.493,1205.409,487.1365,1692.546,4,369.721,6.422167,16.40236,800,500,0,324.9685,0.1624843,0.1259371,0.3172331,0,250,0.3172331,943.0842,12.90472,61.36405,11.18065,0,6.308171,38.67859,16.97552,21.70307,505.187,0,960.6261,0,1.705303e-13,1.24345e-13,4.263256e-14
naive,2026-01-15 05:30:00,982,5.5,21.46718,3016.94,458.9785,0.7970583,14.12716,1,1,2111.858,2111.541,525.2764,290.7618,816.0382,2,0,0,16.03817,800,0,443.4622,214.0518,0.1070259,0.2046279,0.3172331,0,250,0.3172331,1586.265,12.64229,61.56161,22.50459,0,1.484864,38.01345,28.55276,9.460685,319.5667,0,608.697,0,-1.136868e-13,-7.993606e-15,4.263256e-14
naive,2026-01-15 05:45:00,983,5.75,21.28827,3014.407,548.8723,3.920586,11.61037,1,1,2110.085,2109.767,887.6424,396.7153,1284.358,3,452.2164,9.499988,22.64121,800,0,56.07249,200,0.1,0.1347853,0.3172331,0,250,0.3172331,1222.125,17.87962,61.74978,40.58338,0,0,37.98152,21.99825,15.98327,418.7135,0,837.9649,0,-1.705303e-13,-1.859624e-15,4.263256e-14
naive,2026-01-15 06:00:00,984,6,21.27199,3067.975,621.2388,5.699307,10.20415,1,1,2147.583,2147.265,1384.551,540.2052,1924.757,4,587.4936,10.15848,27.10446,800,500,0,324.9685,0.1624843,0.1259371,0.3172331,0,250,0.3172331,762.714,21.40776,61.7669,33.74522,0,0,38.65649,13.72885,24.92763,553.9341,0,1096.591,0,0,1.24345e-13,4.263256e-14
naive,2026-01-15 06:15:00,985,6.25,21.14762,3081.085,691.5162,0,15.87105,1,1,2156.759,2156.442,670.1791,333.8652,1004.044,3,174.6555,5.383421,24.00536,800,0,499.6694,200,0.1,0.2046279,0.3172331,0,250,0.3172331,1486.263,18.9839,61.8977,17.19132,0,0,38.82167,26.75274,12.06893,360.6179,0,681.2559,0,0,-7.993606e-15,4.263256e-14
naive,2026-01-15 06:30:00,986,6.5,21.28235,3094.905,740.9796,3.57581,15.42048,1,1,2166.433,2166.116,1453.079,546.9211,2000,4,740.3759,8.451306,22.90603,728.2668,500,0,324.9685,0.1624843,0.1259371,0.3172331,0,250,0.3172331,713.0372,18.08984,56.21856,0.6036742,0,0,38.9958,12.83467,26.16113,559.7558,0,1057.307,0,0,1.24345e-13,4.263256e-14
naive,2026-01-15 06:45:00,987,6.75,21.45874,3087.693,763.4717,1.751869,15.43842,1,1,2161.385,2161.068,747.2772,356.4238,1103.701,3,270.7386,1.114154,31.84828,800,0,499.6694,200,0.1,0.2046279,0.3172331,0,250,0.3172331,1413.791,25.10696,61.57049,0,0.6377142,0,38.90493,25.44824,13.4567,381.8721,0,695.5774,0,0,-7.993606e-15,4.263256e-14
naive,2026-01-15 07:00:00,988,7,21.42993,3078.212,796.1857,0,9.476029,1,1,2154.749,2154.431,1458.456,541.5435,2000,4,779.7325,1.369107,32.07432,686.8241,500,0,324.9685,0.1624843,0.1259371,0.3172331,0,250,0.3172331,695.975,25.29255,52.88613,16.45319,0,0,38.78548,12.52755,26.25793,554.0711,0,1077.027,0,0,1.24345e-13,4.263256e-14
naive,2026-01-15 07:15:00,989,7.25,21.6164,3115.384,791.8814,0.9846684,19.27041,1,1,2180.769,2180.452,733.755,351.8063,1085.561,3,259.443,2.711428,23.40695,800,0,499.6694,200,0.1,0.2046279,0.3172331,0,250,0.3172331,1446.697,18.42288,61.40467,32.769,0,0.8475304,39.25384,26.04054,13.2133,377.9912,0,743.4286,0,0,-7.993606e-15,4.263256e-14
naive,2026-01-15 07:30:00,990,7.5,21.62697,3129.911,766.4253,2.191174,19.63774,1,1,2190.938,2190.621,1449.431,550.5689,2000,4,712.8893,4.736415,27.26358,755.1107,500,0,324.9685,0.1624843,0.1259371,0.3172331,0,250,0.3172331,741.1896,21.45601,57.94866,53.53599,0,0,39.43688,13.34141,26.09547,563.9104,0,1154.978,0,0,1.24345e-13,4.263256e-14
naive,2026-01-15 07:45:00,991,7.75,21.73229,3157.198,680.1375,4.225853,26.72516,1,1,2210.039,2209.722,671.163,334.7921,1005.955,3,170.5097,3.754225,31.69119,800,0,499.6694,200,0.1,0.2046279,0.3172331,0,250,0.3172331,1538.559,24.91377,61.28278,9.958391,0.4716275,1.811395,39.7807,27.69406,12.08664,362.7953,0,674.6392,0,0,-7.993606e-15,4.263256e-14
naive,2026-01-15 08:00:00,992,8,21.85694,3192.877,608.0526,370.238,27.38117,1,1,2235.014,2234.697,1451.371,548.6293,2000,4,592.8442,349.8368,32.97686,524.3421,500,0,324.9685,0.1624843,0.1259371,0.3172331,0,250,0.3172331,783.326,25.8916,40.0805,15.20838,20.40125,1.48957,40.23025,14.09987,26.13038,562.984,0,1142.304,0,2.273737e-13,1.24345e-13,4.263256e-14
naive,2026-01-15 08:15:00,993,8.25,22.23667,3164.889,530.599,380.4304,33.86195,1,1,2215.422,2215.105,796.202,408.6781,1204.88,3,12.78592,353.3495,38.74461,800,0,499.6694,200,0.1,0.2046279,0.3172331,0,250,0.3172331,1418.903,30.30242,60.7523,18.14365,27.08085,3.559537,39.8776,25.54025,14.33735,434.8316,0,879.3292,0,5.684342e-14,-7.993606e-15,4.263256e-14
naive,2026-01-15 08:30:00,994,8.5,22.38016,3162.581,462.431,386.1505,26.3151,1,1,2213.807,2213.489,1429.771,570.2292,2000,4,426.1766,357.4915,39.33087,677.0011,500,0,324.9685,0.1624843,0.1259371,0.3172331,0,250,0.3172331,783.7186,30.71578,51.28401,36.25445,28.6591,0,39.84852,14.10693,25.74158,584.3362,0,1222.954,0,0,1.24345e-13,4.263256e-14
naive,2026-01-15 08:45:00,995,8.75,22.41594,3173.314,382.5404,400.0896,28.36105,1,1,2221.32,2221.003,695.577,365.8387,1061.416,3,0,214.338,47.07775,800,0,499.6694,200,0.1,0.2046279,0.3172331,0,250,0.3172331,1525.426,36.7523,60.56375,31.10274,37.51988,0,39.98376,27.45766,12.5261,393.2963,0,836.8324,0,0,-7.993606e-15,4.263256e-14
naive,2026-01-15 09:00:00,996,9,22.46285,3207.291,302.9688,407.8222,31.39485,1,1,2245.104,2244.786,1396.676,583.3287,1980.005,4,269.9206,362.6339,47.45046,800,500,0,324.9685,0.1624843,0.1259371,0.3172331,0,250,0.3172331,848.1101,37.02546,60.51442,33.04818,45.18823,0,40.41187,15.26598,25.14588,598.5946,0,1264.068,0,0,1.24345e-13,4.263256e-14
naive,2026-01-15 09:15:00,997,9.25,22.79612,3249.61,247.3187,403.4575,45.06911,1,1,2274.727,2274.41,609.5098,327.896,937.4058,2,0,88.71013,48.69568,800,0,499.6694,200,0.1,0.2046279,0.3172331,0,250,0.3172331,1664.9,37.86727,60.16391,27.71352,34.68311,7.201836,40.94508,29.9682,10.97689,359.1183,0,758.1865,0,0,-7.993606e-15,4.263256e-14
naive,2026-01-15 09:30:00,998,9.5,22.76253,3245.2,219.6947,402.1892,48.9853,1,1,2271.64,2271.323,1342.532,569.4994,1912.032,4,185.5206,368.4704,58.0405,800,500,0,324.9685,0.1624843,0.1259371,0.3172331,0,250,0.3172331,928.7908,45.14968,60.19923,34.17403,33.71881,3.835617,40.88952,16.71823,24.17129,586.8851,0,1223.161,0,0,1.24345e-13,4.263256e-14
naive,2026-01-15 09:45:00,999,9.75,22.8957,3265.124,176.1819,406.5332,56.38532,1,1,2285.587,2285.269,587.8884,318.3642,906.2527,2,0,42.02281,64.22988,800,0,499.6694,200,0.1,0.2046279,0.3172331,0,250,0.3172331,1697.381,49.89598,60.05917,10.62142,30.4015,6.489343,41.14056,30.55286,10.5877,350.0493,0,703.2966,0,-5.684342e-14,-7.993606e-15,4.263256e-14
naive,2026-01-15 10:00:00,1000,10,23.04824,3287.224,151.4235,404.2513,59.17022,1,1,2301.057,2300.739,1332.847,569.5152,1902.362,4,149.495,378.4222,74.44492,800,500,0,324.9685,0.1624843,0.1259371,0.3172331,0,250,0.3172331,967.8925,57.74053,59.89874,1.928494,25.8291,1.429687,41.41902,17.42206,23.99695,587.1875,0,1154.871,0,0,1.24345e-13,4.263256e-14
naive,2026-01-15 10:15:00,1001,10.25,22.93821,3308.298,133.3103,402.7027,62.26743,1,1,2315.809,2315.492,578.7836,314.3504,893.1339,2,0,7.041677,86.09223,800,0,499.6694,200,0.1,0.2046279,0.3172331,0,250,0.3172331,1736.708,66.85013,60.01446,4.833487,24.46839,0,41.68456,31.26074,10.42381,345.6111,0,674.2517,0,0,-7.993606e-15,4.263256e-14
naive,2026-01-15 10:30:00,1002,10.5,23.09543,3368.955,125.3683,404.3074,74.10786,1,1,2358.269,2357.952,1319.243,567.87,1887.113,4,112.9113,378.2397,95.962,800,500,0,324.9685,0.1624843,0.1259371,0.3172331,0,250,0.3172331,1038.708,74.39325,59.84911,12.45699,26.06766,0,42.44884,18.69675,23.75209,586.5667,0,1172.258,0,0,1.24345e-13,4.263256e-14
naive,2026-01-15 10:45:00,1003,10.75,23.44874,3364.75,123.8062,403.3675,87.12224,1,1,2355.325,2355.008,591.198,319.8232,911.0212,2,0,5.808443,105.2128,800,0,499.6694,200,0.1,0.2046279,0.3172331,0,250,0.3172331,1763.81,81.26741,59.47751,0,24.05402,5.854823,42.39585,31.74858,10.64727,352.6043,0,679.7896,0,0,-7.993606e-15,4.263256e-14
naive,2026-01-15 11:00:00,1004,11,23.70269,3386.159,103.2341,407.3582,91.00138,1,1,2370.311,2369.994,1344.056,577.183,1921.239,4,126.5765,379.0121,115.6502,800,500,0,324.9685,0.1624843,0.1259371,0.3172331,0,250,0.3172331,1025.938,89.09439,59.21043,0,28.34608,1.906989,42.66561,18.46689,24.19871,595.9879,0,1174.261,0,0,1.24345e-13,4.263256e-14
naive,2026-01-15 11:15:00,1005,11.25,23.81112,3345.775,130.6916,425.5654,98.45212,1,1,2342.043,2341.725,605.2298,326.0092,931.239,2,0,7.173293,124.0657,800,0,499.6694,200,0.1,0.2046279,0.3172331,0,250,0.3172331,1736.495,95.4699,59.09638,7.841958,41.57228,2.982221,42.15677,31.25692,10.89985,357.7957,0,734.3476,0,5.684342e-14,-7.993606e-15,4.263256e-14
naive,2026-01-15 11:30:00,1006,11.5,24.12917,3369.263,108.1232,432.0432,111.7811,1,1,2358.484,2358.167,1343.826,579.7883,1923.614,4,103.8247,387.1371,132.6526,800,500,0,324.9685,0.1624843,0.1259371,0.3172331,0,250,0.3172331,1014.34,101.7401,58.76188,4.298506,44.90608,10.04102,42.45271,18.25813,24.19458,599.8408,0,1218.452,0,0,1.24345e-13,4.263256e-14
naive,2026-01-15 11:45:00,1007,11.75,24.42329,3395.729,92.63326,426.7612,110.176,1,1,2377.01,2376.693,619.2279,332.1802,951.4082,2,0,0,151.4082,800,0,497.6364,200.5083,0.1002541,0.2046279,0.3172331,0,250,0.3172331,1757.465,115.7687,58.45254,0,36.13802,0,42.78618,31.63437,11.15181,363.8146,0,724.2082,0,-5.684342e-14,4.884981e-14,4.263256e-14
naive,2026-01-15 12:00:00,1008,12,24.91149,3432.885,95.00475,431.6854,127.2236,1,1,2403.02,2402.702,978.1755,478.5825,1456.758,3,99.52583,389.4826,167.7495,800,0,1.906776,200,0.1,0.1262571,0.3172331,0,250,0.3172331,1424.527,127.6084,57.93907,0,42.20282,0,43.25435,25.64148,17.61287,504.2239,0,1016.066,0,0,8.326673e-17,4.263256e-14
naive,2026-01-15 12:15:00,1009,12.25,25.03414,3434.473,111.6644,430.7693,131.6287,1,1,2404.131,2403.814,1368.972,592.317,1961.289,4,91.69485,389.3966,180.1979,800,500,0,324.9685,0.1624843,0.1259371,0.3172331,0,250,0.3172331,1034.841,136.9012,57.81008,19.96951,41.37271,0,437.4134,188.2815,249.1319,780.5985,0,1601.976,0,0,1.24345e-13,4.263256e-14
naive,2026-01-15 12:30:00,1010,12.5,25.20139,3435.653,125.2583,430.3912,137.4361,1,1,2404.957,2404.64,648.4977,345.0838,993.5815,2,0,0,193.5815,800,0,495.5675,201.0255,0.1005127,0.2046279,0.3172331,0,250,0.3172331,1756.142,146.81,57.63417,21.22888,38.85302,0,439.0332,320.5898,118.4434,665.6736,0,1370.15,0,5.684342e-14,-7.993606e-15,4.263256e-14
naive,2026-01-15 12:45:00,1011,12.75,25.42147,3421.512,146.3803,425.8534,145.2121,1,1,2395.058,2394.741,1010.195,493.2793,1503.474,4,94.64209,397.3646,211.4678,800,0,3.975343,200,0.1,0.1265828,0.3172331,0,250,0.3172331,1384.546,160.0025,57.40271,47.7629,28.48881,0,439.167,253.8756,185.2914,747.1549,0,1561.266,0,-1.136868e-13,5.551115e-17,4.263256e-14
naive,2026-01-15 13:00:00,1012,13,25.61335,3427.638,136.1226,428.0538,161.2778,1,1,2399.347,2399.03,1397.712,602.2879,2000,4,99.40411,399.8144,224.8631,775.9184,500,0,324.9685,0.1624843,0.1259371,0.3172331,0,250,0.3172331,1001.317,169.7926,55.47904,36.71849,28.23943,0,441.6627,184.3188,257.344,786.6066,0,1622.852,0,0,1.24345e-13,4.263256e-14
naive,2026-01-15 13:15:00,1013,13.25,25.82909,3502.409,116.8235,428.0987,167.3401,1,1,2451.686,2451.369,677.5333,357.8841,1035.417,3,0,0,235.4174,800,0,482.675,204.2486,0.1021243,0.2046279,0.3172331,0,250,0.3172331,1773.836,177.3557,56.974,31.62519,30.62192,0,453.2772,327.9536,125.3236,685.8377,0,1414.956,0,0,-7.993606e-15,4.263256e-14
naive,2026-01-15 13:30:00,1014,13.5,26.01289,3462.385,97.0913,422.3096,175.1083,1,1,2423.669,2423.352,1010.434,496.2518,1506.686,4,70.53907,389.2563,246.8903,800,0,16.86579,200,0.1,0.1286124,0.3172331,0,250,0.3172331,1412.918,185.636,56.78068,9.686435,33.05327,0,449.7787,262.206,187.5728,758.4577,0,1526.763,0,5.684342e-14,-1.748601e-15,4.263256e-14
naive,2026-01-15 13:45:00,1015,13.75,26.11311,3429.726,92.09153,425.9964,181.5956,1,1,2400.808,2400.491,1395.783,604.2168,2000,4,76.74857,388.0154,258.1799,777.0561,500,0,324.9685,0.1624843,0.1259371,0.3172331,0,250,0.3172331,1004.708,193.9177,55.04984,15.34297,37.98107,0,446.4496,186.8335,259.6161,791.0503,0,1612.153,0,0,1.24345e-13,4.263256e-14
naive,2026-01-15 14:00:00,1016,14,26.08818,3446.155,99.66114,419.4108,184.2009,1,1,2412.309,2411.992,701.5172,368.4574,1069.975,3,0,0,269.9746,800,0,477.0048,205.6662,0.1028331,0.2046279,0.3172331,0,250,0.3172331,1710.474,202.8305,56.7015,12.84334,29.22376,0,448.3595,317.9143,130.4452,686.3717,0,1381.52,0,-1.136868e-13,-7.993606e-15,4.263256e-14
naive,2026-01-15 14:15:00,1017,14.25,26.19294,3432.444,99.82566,409.827,203.5757,1,1,2402.711,2402.394,1037.412,507.4021,1544.814,4,76.783,389.3633,278.6676,800,0,22.53512,200,0.1,0.129505,0.3172331,0,250,0.3172331,1364.982,209.1279,56.59132,0.5075405,20.46374,0,447.5341,254.2445,193.2896,761.6466,0,1495.803,0,-1.136868e-13,4.163336e-16,4.263256e-14
naive,2026-01-15 14:30:00,1018,14.5,26.18079,3472.752,69.78546,405.3911,196.1684,1,1,2430.926,2430.609,1399.796,600.2038,2000,4,96.4528,387.5815,285.3761,730.5897,500,0,324.9685,0.1624843,0.1259371,0.3172331,0,250,0.3172331,1030.813,214.1901,51.69296,0,17.80962,0,452.6769,191.9536,260.7233,792.1574,0,1556.882,0,0,1.24345e-13,4.263256e-14
naive,2026-01-15 14:45:00,1019,14.75,26.205,3435.945,80.02751,410.6856,199.5262,1,1,2405.162,2404.845,714.1119,374.0097,1088.122,3,0,0,288.1217,800,0,481.9236,204.4365,0.1022182,0.2046279,0.3172331,0,250,0.3172331,1690.733,216.195,56.57863,0,23.52022,0,448.1014,314.9974,133.104,689.0071,0,1354.936,0,0,4.884981e-14,4.263256e-14
naive,2026-01-15 15:00:00,1020,15,26.28543,3480.712,95.86972,404.7052,199.8303,1,1,2436.498,2436.181,1040.234,508.6359,1548.87,4,76.87135,384.4169,287.582,800,0,17.6171,200,0.1,0.1287306,0.3172331,0,250,0.3172331,1395.947,215.605,56.49404,1.381268,20.28837,0,454.6891,260.5057,194.1834,769.1417,0,1512.108,0,0,-6.383782e-16,4.263256e-14
naive,2026-01-15 15:15:00,1021,15.25,26.49157,3462.872,92.11374,400.9024,204.434,1,1,2424.01,2423.693,1400.522,599.4783,2000,4,98.46724,387.0372,294.7938,719.7018,500,0,324.9685,0.1624843,0.1259371,0.3172331,0,250,0.3172331,1023.171,220.5256,50.62854,0,13.86523,0,454.2809,191.7513,262.5296,791.2297,0,1549.42,0,0,1.24345e-13,4.263256e-14
naive,2026-01-15 15:30:00,1022,15.5,26.729,3416.06,94.14515,399.3521,203.9737,1,1,2391.242,2390.925,715.264,374.5176,1089.782,3,0,0,289.7816,800,0,497.3085,200.5902,0.1002951,0.2046279,0.3172331,0,250,0.3172331,1675.661,216.2258,56.02752,0,16.91613,0,450.3442,315.5783,134.7659,690.0959,0,1346.341,0,1.136868e-13,-7.993606e-15,4.263256e-14
naive,2026-01-15 15:45:00,1023,15.75,26.70572,3361.677,97.49612,384.6293,205.4417,1,1,2353.174,2352.856,1081.267,520.4688,1601.735,4,129.462,382.5616,289.7117,800,0,2.234652,200,0.1,0.1263087,0.3172331,0,250,0.3172331,1271.59,216.2276,56.05201,0,2.067684,0,442.9611,239.3639,203.5972,759.8327,0,1460.174,0,0,8.326673e-17,4.263256e-14
naive,2026-01-15 16:00:00,1024,16,26.8454,3346.816,137.2897,390.3054,208.468,1,1,2342.771,2342.454,1405.323,594.6774,2000,4,143.1877,377.2559,281.4446,698.1118,500,0,324.9685,0.1624843,0.1259371,0.3172331,0,250,0.3172331,937.131,209.7429,48.785,0,13.04947,0,442.2821,176.9171,265.365,771.5945,0,1510.816,0,0,1.24345e-13,4.263256e-14
naive,2026-01-15 16:15:00,1025,16.25,27.03486,3337.553,184.2438,390.4154,205.4324,1,1,2336.287,2335.97,735.0898,383.2578,1118.348,3,0,41.52263,276.825,800,0,499.6694,200,0.1,0.2046279,0.3172331,0,250,0.3172331,1600.88,205.8806,55.70584,20.31506,13.15209,0,442.8002,303.4174,139.3829,686.6752,0,1368.412,0,1.136868e-13,-7.993606e-15,4.263256e-14
naive,2026-01-15 16:30:00,1026,16.5,27.09803,3351.086,220.0198,391.7147,197.822,1,1,2345.76,2345.443,1409.829,590.1706,2000,4,182.0686,373.4966,271.5731,672.8617,500,0,324.9685,0.1624843,0.1259371,0.3172331,0,250,0.3172331,935.6136,201.8374,46.79702,37.95123,18.21811,0,445.182,177.5622,267.6198,767.7328,0,1579.711,0,-2.273737e-13,1.24345e-13,4.263256e-14
naive,2026-01-15 16:45:00,1027,16.75,26.9391,3317.938,237.4416,390.8648,183.4938,1,1,2322.556,2322.239,746.4548,388.2681,1134.723,3,0,76.99217,257.7308,800,0,499.6694,200,0.1,0.2046279,0.3172331,0,250,0.3172331,1575.784,191.8773,55.80654,32.13492,19.50986,0,439.3208,298.0659,141.2549,686.3339,0,1398.973,0,0,-7.993606e-15,4.263256e-14
naive,2026-01-15 17:00:00,1028,17,26.70152,3393.331,268.584,381.5491,177.0791,1,1,2375.332,2375.015,1417.223,582.7775,2000,4,248.2529,367.8059,248.6401,635.301,500,0,324.9685,0.1624843,0.1259371,0.3172331,0,250,0.3172331,957.7921,185.582,44.51588,20.33108,13.74321,0,447.0933,180.279,266.8143,763.0565,0,1534.811,0,0,1.24345e-13,4.263256e-14
naive,2026-01-15 17:15:00,1029,17.25,26.83648,3396.027,341.9636,378.6051,171.2724,1,1,2377.219,2376.901,797.1425,410.6137,1207.756,3,0,161.438,246.3182,800,0,499.6694,200,0.1,0.2046279,0.3172331,0,250,0.3172331,1579.759,183.583,55.91448,33.83888,25.62244,0,448.7022,298.1809,150.5213,708.7946,0,1457.256,0,0,-7.993606e-15,4.263256e-14
naive,2026-01-15 17:30:00,1030,17.5,26.97049,3369.42,418.4152,374.8175,170.9543,1,1,2358.594,2358.277,1432.063,567.9373,2000,4,371.4768,346.4716,237.6234,544.4282,500,0,324.9685,0.1624843,0.1259371,0.3172331,0,250,0.3172331,926.2142,176.8479,37.95585,46.9384,28.34585,0,446.429,175.3116,271.1174,743.2488,0,1573.663,0,0,1.24345e-13,4.263256e-14
naive,2026-01-15 17:45:00,1031,17.75,27.00439,3335.364,480.3229,371.9571,158.1628,1,1,2334.755,2334.438,868.6639,442.1438,1310.808,3,0,285.5416,225.2661,800,0,499.6694,200,0.1,0.2046279,0.3172331,0,250,0.3172331,1465.774,167.59,55.73788,47.80203,19.26694,0,442.2289,277.6341,164.5948,719.7779,0,1492.545,0,0,-7.993606e-15,4.263256e-14
naive,2026-01-15 18:00:00,1032,18,26.8496,3383.725,525.9156,0,146.5875,1,1,2368.608,2368.29,1423.343,569.7066,1993.049,4,483.2538,3.072113,206.7234,800,500,0,324.9685,0.1624843,0.1259371,0.3172331,0,250,0.3172331,944.9478,154.0509,55.90068,42.66188,0,0,447.1987,178.4084,268.7904,748.115,0,1506.933,0,-1.136868e-13,1.24345e-13,4.263256e-14
naive,2026-01-15 18:15:00,1033,18.25,27.00768,3334.441,554.398,0,146.312,1,1,2334.109,2333.792,690.7907,357.109,1047.9,3,55.6459,1.382432,190.8713,800,0,499.6694,200,0.1,0.2046279,0.3172331,0,250,0.3172331,1643.001,141.9965,55.73442,0,0,4.315501,442.1368,311.2242,130.9126,669.1507,0,1275.6,0,5.684342e-14,-7.993606e-15,4.263256e-14
naive,2026-01-15 18:30:00,1034,18.5,27.11697,3328.65,619.924,0,139.8799,1,1,2330.055,2329.738,1443.039,556.9608,2000,4,610.5894,1.029914,173.2708,715.1099,500,0,324.9685,0.1624843,0.1259371,0.3172331,0,250,0.3172331,886.6985,128.7513,49.71755,9.334651,0,11.12854,442.3763,168.3455,274.0307,727.4192,0,1415.008,0,-2.273737e-13,1.24345e-13,4.263256e-14
naive,2026-01-15 18:45:00,1035,18.75,27.04548,3338.314,686.5963,1.286789,131.0661,1,1,2336.819,2336.502,759.9586,373.9138,1133.872,3,170.7096,0,163.1628,800,0,499.6694,200,0.1,0.2046279,0.3172331,0,250,0.3172331,1576.544,121.3337,55.69466,16.21724,1.286789,9.732353,442.9992,298.871,144.1282,674.6298,0,1316.798,0,1.136868e-13,-7.993606e-15,4.263256e-14
naive,2026-01-15 19:00:00,1036,19,26.93677,3284.018,715.7129,0,122.9478,0,0,2298.812,2298.495,1455.403,544.5966,2000,4,708.8524,3.913488,154.9133,632.3208,500,0,324.9685,0.1624843,0.1259371,0.3172331,0,250,0.3172331,843.0916,115.3339,44.11149,6.860542,0,7.613976,434.8083,159.4664,275.342,0,705.5031,3842.476,0,0,1.24345e-13,4.263256e-14
naive,2026-01-15 19:15:00,1037,19.25,26.58904,3274.467,722.0941,0,113.1326,0,0,2292.127,2291.81,797.0204,382.9784,1179.999,3,231.8568,4.190714,143.9514,800,0,499.6694,200,0.1,0.2046279,0.3172331,0,250,0.3172331,1494.789,107.5731,56.17472,0,0,5.559505,430.4298,280.7008,149.729,0,664.7232,3592.781,0,-1.136868e-13,-7.993606e-15,4.263256e-14
naive,2026-01-15 19:30:00,1038,19.5,26.58379,3237.547,732.7592,0,96.51812,0,0,2266.283,2265.966,1457.958,542.0416,2000,4,735.1225,5.168765,134.9048,624.804,500,0,324.9685,0.1624843,0.1259371,0.3172331,0,250,0.3172331,808.0075,100.8184,43.87705,0,0,0,425.5305,151.7162,273.8143,0,693.7578,3766.306,0,0,1.24345e-13,4.263256e-14
naive,2026-01-15 19:45:00,1039,19.75,26.25648,3251.375,726.4197,0,86.28825,0,0,2275.962,2275.645,782.1844,376.4851,1158.67,3,231.4602,5.541905,121.6674,800,0,499.6694,200,0.1,0.2046279,0.3172331,0,250,0.3172331,1493.461,91.24427,56.52449,0,0,0,424.4783,278.5379,145.9404,0,655.023,3539.037,0,-1.136868e-13,-7.993606e-15,4.263256e-14
naive,2026-01-15 20:00:00,1040,20,26.21805,3261.472,695.326,0,86.17598,0,0,2283.03,2282.713,1453.578,546.4223,2000,4,711.0206,3.676576,113.944,671.3588,500,0,324.9685,0.1624843,0.1259371,0.3172331,0,250,0.3172331,829.1352,85.48715,47.46919,0,0,0.6888265,425.461,154.516,270.945,0,701.0667,3802.464,0,0,1.24345e-13,4.263256e-14
naive,2026-01-15 20:15:00,1041,20.25,26.1726,3244.973,653.6874,3.99476,77.35534,0,0,2271.481,2271.164,712.514,354.4016,1066.916,3,158.9091,2.016544,105.99,800,0,499.6694,200,0.1,0.2046279,0.3172331,0,250,0.3172331,1558.65,79.55811,56.61271,0,1.978216,0,422.9148,290.1966,132.7182,0,644.5982,3485.013,0,0,-7.993606e-15,4.263256e-14
naive,2026-01-15 20:30:00,1042,20.5,26.03174,3220.202,577.7505,0,65.44491,0,0,2254.141,2253.824,1439.185,560.8154,2000,4,613.6218,1.939883,89.39388,795.0444,500,0,324.9685,0.1624843,0.1259371,0.3172331,0,250,0.3172331,814.6393,67.2015,56.40925,0,0,0,418.4791,151.237,267.2421,0,712.0524,3852.828,0,2.273737e-13,1.24345e-13,4.263256e-14
naive,2026-01-15 20:45:00,1043,20.75,26.07321,3164.592,528.3151,0.01332691,62.7499,0,0,2215.214,2214.897,614.7514,323.8434,938.5948,2,53.49169,1.086455,84.01666,800,0,499.6694,200,0.1,0.2046279,0.3172331,0,250,0.3172331,1600.146,63.13132,56.71725,0,0,0,411.6009,297.3173,114.2837,0,621.1607,3352.577,0,0,-7.993606e-15,4.263256e-14
naive,2026-01-15 21:00:00,1044,21,25.8544,3207.903,448.8818,0,51.33724,0,0,2245.532,2245.215,1350.574,534.7854,1885.359,4,507.1374,1.119944,77.10207,800,500,0,324.9685,0.1624843,0.1259371,0.3172331,0,250,0.3172331,894.6408,58.07056,56.94737,0,0,0,415.3765,165.4899,249.8867,0,700.2753,3787.448,0,0,1.24345e-13,4.263256e-14
naive,2026-01-15 21:15:00,1045,21.25,25.7457,3218,389.4145,0,46.49324,0,0,2252.6,2252.283,563.3178,307.5323,870.85,2,0,0,70.85004,800,0,448.9267,212.6857,0.1063428,0.2046279,0.3172331,0,250,0.3172331,1688.965,53.42337,57.0617,0,0,0,415.7643,311.7337,104.0306,0,619.266,3341.769,0,5.684342e-14,-6.483702e-14,4.263256e-14
naive,2026-01-15 21:30:00,1046,21.5,25.65446,3205.159,330.7516,0,35.4051,0,0,2243.611,2243.294,817.9926,380.4322,1198.425,3,330.9816,2.031109,65.41219,800,0,50.60886,200,0.1,0.1339251,0.3172331,0,250,0.3172331,1425.302,49.37079,57.15767,0,0,0,413.3396,262.5827,150.7569,0,643.015,3472.28,0,-5.684342e-14,2.359224e-15,4.263256e-14
naive,2026-01-15 21:45:00,1047,21.75,25.48292,3212.521,285.8253,0,29.78436,0,0,2248.765,2248.448,1185.549,485.6952,1671.244,4,308.2388,1.386165,61.61947,800,500,0,324.9685,0.1624843,0.1259371,0.3172331,0,250,0.3172331,1062.898,46.59274,57.33808,0,0,0,412.8539,195.139,217.7149,0,680.8342,3680.083,0,5.684342e-14,1.24345e-13,4.263256e-14
naive,2026-01-15 22:00:00,1048,22,25.21755,3180.954,259.811,0,29.27327,0,0,2226.668,2226.351,554.4083,303.6045,858.0128,2,0,0,58.01284,800,0,276.454,255.8039,0.1279019,0.2046279,0.3172331,0,250,0.3172331,1671.942,43.98879,57.61717,0,0,0,406.618,305.318,101.3,0,608.9226,3284.255,0,0,4.884981e-14,4.263256e-14
naive,2026-01-15 22:15:00,1049,22.25,25.16169,3126.734,208.038,0,33.08005,0,0,2188.714,2188.396,554.111,302.9312,857.0422,2,4.559062,0.01968993,52.46345,800,0,223.0543,200,0.1,0.1610759,0.3172331,0,250,0.3172331,1634.285,39.80436,57.67593,0,0,0,399.239,298.1068,101.1322,0,601.0379,3240.823,0,5.684342e-14,-7.494005e-16,4.263256e-14
naive,2026-01-15 22:30:00,1050,22.5,24.99365,3132.788,182.0787,2.366224,30.3056,0,0,2192.951,2192.634,1085.905,454.641,1540.546,4,200.0185,0.03111054,40.49663,800,500,0,324.9685,0.1624843,0.1259371,0.3172331,0,250,0.3172331,1106.729,30.7795,57.85267,0,2.335114,0,39.47313,19.92112,19.552,0,474.5621,2549.035,0,-1.136868e-13,1.24345e-13,4.263256e-14
naive,2026-01-15 22:45:00,1051,22.75,24.74097,3090.061,139.3994,0,32.77057,0,0,2163.043,2162.726,539.4355,297.0038,836.4393,2,0,0,36.43929,800,0,170.0108,282.4147,0.1412073,0.2046279,0.3172331,0,250,0.3172331,1623.29,27.76937,58.11842,0,0,5.001197,38.93477,29.21922,9.715549,0,327.1276,1733.819,0,5.684342e-14,-9.325873e-14,4.263256e-14
naive,2026-01-15 23:00:00,1052,23,24.48929,3065.712,125.381,0.7499403,20.73353,1,1,2145.998,2145.681,538.1325,296.4294,834.5619,2,0,0,34.56194,800,0,129.7243,249.9391,0.1249696,0.1778324,0.3172331,0,250,0.3172331,1607.548,26.40828,58.38313,0,0,0,38.62797,28.93587,9.692096,325.3653,0,585.0495,0,0,4.232725e-14,4.263256e-14
naive,2026-01-15 23:15:00,1053,23.25,24.27455,3076.966,111.8236,0,20.43036,1,1,2153.877,2153.559,538.2927,296.5,834.7928,2,0,0,34.79277,800,0,116.8935,220.6764,0.1103382,0.157383,0.3172331,0,250,0.3172331,1615.267,26.64443,58.60898,0,0,0,38.76978,29.0748,9.69498,325.5748,0,585.2145,0,0,-2.020606e-14,4.263256e-14
naive,2026-01-15 23:30:00,1054,23.5,24.33822,3028.46,99.158,0,24.28283,1,1,2119.922,2119.605,566.1931,304.8574,871.0505,2,33.14171,2.576168,35.33259,800,0,82.56674,200,0.1,0.1389567,0.3172331,0,250,0.3172331,1553.412,27.03983,58.54201,0,0,0,38.1586,27.96141,10.19719,332.8188,0,599.7778,0,5.684342e-14,7.494005e-16,4.263256e-14
naive,2026-01-15 23:45:00,1055,23.75,24.11481,3028.312,86.77164,3.731173,22.26819,1,1,2119.818,2119.501,1005.771,430.8939,1436.665,3,102.6728,1.215154,32.7766,800,500,0,324.9685,0.1624843,0.1259371,0.3172331,0,250,0.3172331,1113.73,25.14233,58.77698,0,2.516019,0,38.15673,20.04715,18.10958,450.941,0,840.0981,0,5.684342e-14,1.24345e-13,4.263256e-14
naive,2026-01-16 00:00:00,1056,0,23.84739,3019.811,75.53415,4.582068,22.40368,1,1,2113.867,2113.55,538.1901,296.4548,834.6449,2,0,0,34.64486,800,0,99.81383,299.9639,0.149982,0.2046279,0.3172331,0,250,0.3172331,1575.36,26.64955,59.05824,0,0.8627976,0,38.04961,28.35648,9.693132,324.8112,0,584.6703,0,0,3.463896e-14,4.263256e-14
naive,2026-01-16 00:15:00,1057,0.25,23.47519,2991.381,55.27574,4.341351,15.10882,1,1,2093.967,2093.649,536.4078,295.669,832.0768,2,0,0,32.07681,800,0,91.12725,277.1349,0.1385674,0.1888829,0.3172331,0,250,0.3172331,1557.242,24.76966,59.4497,0,2.37648,0,37.6914,28.03035,9.66105,323.6994,0,584.6173,0,0,6.464274e-14,4.263256e-14
naive,2026-01-16 00:30:00,1058,0.5,23.08796,2967.067,46.15671,4.556332,14.2401,1,1,2076.947,2076.63,529.3841,292.5727,821.9568,2,0,0,21.95677,800,0,99.59583,252.1923,0.1260961,0.1745078,0.3172331,0,250,0.3172331,1547.246,17.023,59.85697,0,3.152692,0,37.38504,27.85042,9.534624,320.4231,0,578.9455,0,-5.684342e-14,-2.559064e-14,4.263256e-14
naive,2026-01-16 00:45:00,1059,0.75,22.61893,2971.676,39,0,9.432965,1,1,2080.173,2079.856,527.5411,291.7602,819.3013,2,0,0,19.30125,800,0,108.8688,224.9354,0.1124677,0.1588018,0.3172331,0,250,0.3172331,1552.315,15.03661,60.35026,0,0,0,37.44312,27.94167,9.50145,319.7018,0,571.5096,0,5.684342e-14,-4.687917e-14,4.263256e-14
naive,2026-01-16 01:00:00,1060,1,22.43563,2973.241,59.02061,0.4001249,20.19931,1,1,2081.268,2080.951,537.7899,294.9771,832.767,2,10.93895,1.572058,20.25598,800,0,99.5999,200,0.1,0.1416385,0.3172331,0,250,0.3172331,1543.161,15.8101,60.54305,0,0,4.389215,37.46283,27.7769,9.685929,323.5131,0,578.9152,0,0,-3.413936e-15,4.263256e-14
naive,2026-01-16 01:15:00,1061,1.25,22.23078,2985.442,56.09243,4.175214,14.24096,1,1,2089.81,2089.492,995.5201,426.917,1422.437,3,98.11647,0.626836,23.69378,800,500,0,324.9685,0.1624843,0.1259371,0.3172331,0,250,0.3172331,1093.972,18.53218,60.7585,0,3.548378,0,37.61658,19.6915,17.92507,446.6085,0,830.9846,0,5.684342e-14,1.24345e-13,4.263256e-14
naive,2026-01-16 01:30:00,1062,1.5,21.89506,2954.443,80.47379,2.429663,18.60004,1,1,2068.11,2067.793,531.9906,293.7217,825.7123,2,0,0,25.71229,800,0,95.20559,301.116,0.150558,0.2046279,0.3172331,0,250,0.3172331,1535.802,20.18002,61.11159,0,2.308312,0,37.22598,27.64444,9.58154,321.3662,0,577.9636,0,1.136868e-13,4.884981e-14,4.263256e-14
naive,2026-01-16 01:45:00,1063,1.75,21.50921,2968.233,93.65729,3.141998,15.74288,1,1,2077.763,2077.446,527.4858,291.7358,819.2216,2,0,0,19.22164,800,0,96.15568,277.0296,0.1385148,0.1896083,0.3172331,0,250,0.3172331,1549.96,15.14524,61.51741,1.382352,0,0.5976478,37.39974,27.89928,9.500455,319.7367,0,572.6508,0,0,5.040413e-14,4.263256e-14
naive,2026-01-16 02:00:00,1064,2,21.28536,2946.128,90.8846,3.503873,14.21502,1,1,2062.29,2061.972,523.3882,289.9294,813.3176,2,0,0,13.31764,800,0,98.25301,252.4228,0.1262114,0.1744415,0.3172331,0,250,0.3172331,1538.584,10.51717,61.75284,0,1.939589,3.697849,37.12121,27.69451,9.426699,318.2497,0,570.3733,0,-5.684342e-14,2.489675e-14,4.263256e-14
naive,2026-01-16 02:15:00,1065,2.25,21.04541,2942.275,108.9792,1.04238,15.84702,1,1,2059.593,2059.275,526.4631,291.285,817.7481,2,0,0,17.7481,800,0,98.20981,227.8306,0.1139153,0.1589469,0.3172331,0,250,0.3172331,1532.812,14.05005,62.0052,13.97769,0,1.796966,37.07267,27.59062,9.482047,319.1784,0,592.7124,0,-1.136868e-13,-7.133183e-15,4.263256e-14
naive,2026-01-16 02:30:00,1066,2.5,20.7107,2983.302,100.6838,5.749023,20.85663,1,1,2088.311,2087.994,530.3466,292.997,823.3435,2,0,0,23.34354,800,0,89.8616,205.3293,0.1026647,0.1434616,0.3172331,0,250,0.3172331,1557.648,18.54211,62.35724,13.52344,3.047787,2.31452,37.5896,28.03766,9.551949,321.4222,0,601.2779,0,0,-1.637579e-14,4.263256e-14
naive,2026-01-16 02:45:00,1067,2.75,20.60198,2976.33,73.81657,0,12.99059,1,1,2083.431,2083.114,582.7198,308.651,891.3708,2,62.49718,3.698661,25.17498,800,0,21.18799,200,0.1,0.1292929,0.3172331,0,250,0.3172331,1500.394,20.01875,62.47159,0,0,0,37.50175,27.00709,10.49467,335.6581,0,601.0357,0,0,3.053113e-16,4.263256e-14
naive,2026-01-16 03:00:00,1068,3,20.48308,2975.996,74.10259,0,8.505554,1,1,2083.197,2082.88,986.611,424.5499,1411.161,3,84.99898,3.649457,22.51246,800,500,0,324.9685,0.1624843,0.1259371,0.3172331,0,250,0.3172331,1096.269,17.92296,62.59663,0,0,0,37.49755,19.73284,17.76471,444.2827,0,818.1442,0,0,1.24345e-13,4.263256e-14
naive,2026-01-16 03:15:00,1069,3.25,20.35051,2968.686,84.77673,0.5003872,7.921356,1,1,2078.08,2077.763,530.0481,292.8654,822.9135,2,0,0,22.91353,800,0,101.7856,299.471,0.1497355,0.2046279,0.3172331,0,250,0.3172331,1547.715,18.26657,62.73607,0,0,0,37.40544,27.85887,9.546577,320.7243,0,570.8704,0,5.684342e-14,-3.641532e-14,4.263256e-14
naive,2026-01-16 03:30:00,1070,3.5,20.33725,2983.459,94.10963,1.86967,9.31515,1,1,2088.421,2088.104,527.5323,291.7563,819.2885,2,0,0,19.28854,800,0,101.9295,273.9415,0.1369707,0.1885725,0.3172331,0,250,0.3172331,1560.572,15.37879,62.75001,0,0,0,37.59158,28.09029,9.501291,319.8466,0,569.0994,0,5.684342e-14,-9.636736e-14,4.263256e-14
naive,2026-01-16 03:45:00,1071,3.75,20.15015,3016.988,90.02006,1.547358,7.950674,1,1,2111.892,2111.574,527.9987,291.9619,819.9606,2,0,0,19.96058,800,0,125.1108,242.6206,0.1213103,0.1724969,0.3172331,0,250,0.3172331,1583.576,15.94449,62.94679,0,0,0,38.01405,28.50436,9.509687,320.4663,0,570.1174,0,0,-3.519407e-14,4.263256e-14
naive,2026-01-16 04:00:00,1072,4,20.23929,3015.885,123.0125,0,12.49824,1,1,2111.119,2110.802,526.2234,291.1793,817.4027,2,0,0,17.40273,800,0,146.4981,205.9579,0.102979,0.1527747,0.3172331,0,250,0.3172331,1584.579,13.88887,62.85304,0,0,0,38.00015,28.52242,9.477732,319.7017,0,568.6937,0,-5.684342e-14,2.542411e-14,4.263256e-14
naive,2026-01-16 04:15:00,1073,4.25,20.03078,3041.11,139.132,0,14.80378,1,1,2128.777,2128.46,640.7377,324.2446,964.9823,2,146.4219,1.24448,17.31584,800,0,23.70199,200,0.1,0.1296887,0.3172331,0,250,0.3172331,1487.722,13.84841,63.07234,0,0,0.9553708,38.31799,26.779,11.53899,351.1816,0,631.4068,0,5.684342e-14,1.665335e-15,4.263256e-14
naive,2026-01-16 04:30:00,1074,4.5,20.03715,3014.394,191.0201,0,14.76335,1,1,2110.076,2109.758,1084.324,451.8684,1536.192,4,217.4656,3.836041,14.89054,800,500,0,324.9685,0.1624843,0.1259371,0.3172331,0,250,0.3172331,1025.434,11.90801,63.06564,0,0,2.855343,37.98136,18.45782,19.52354,470.7985,0,870.6481,0,0,1.24345e-13,4.263256e-14
naive,2026-01-16 04:45:00,1075,4.75,20.07258,3037.828,235.8487,0,18.98791,1,1,2126.48,2126.163,523.6051,290.025,813.6301,2,0,0,13.63009,800,0,257.6788,260.4977,0.1302488,0.2046279,0.3172331,0,250,0.3172331,1602.558,10.89616,63.02838,0,0,8.091753,38.27664,28.84604,9.430602,320.2103,0,569.5136,0,0,4.884981e-14,4.263256e-14
naive,2026-01-16 05:00:00,1076,5,20.00492,3044.238,309.7553,2.026009,15.91984,1,1,2130.967,2130.65,575.9675,305.4215,881.389,2,64.62273,1.923709,14.84257,800,0,241.8266,200,0.1,0.1640316,0.3172331,0,250,0.3172331,1554.682,11.87347,63.09953,3.306029,0.1022998,4.046374,38.3574,27.98428,10.37313,334.0746,0,603.0416,0,5.684342e-14,-4.468648e-15,4.263256e-14
naive,2026-01-16 05:15:00,1077,5.25,20.03208,3055.671,382.6752,0,14.0777,1,1,2138.97,2138.653,1210.997,488.8555,1699.852,4,375.9787,2.92291,20.95084,800,500,0,324.9685,0.1624843,0.1259371,0.3172331,0,250,0.3172331,927.6557,16.75529,63.07097,6.696577,0,0,38.50146,16.6978,21.80365,505.5533,0,951.7034,0,1.705303e-13,1.24345e-13,4.263256e-14
naive,2026-01-16 05:30:00,1078,5.5,19.86079,3042.336,445.1689,0,17.30855,1,1,2129.635,2129.318,526.0807,291.1164,817.1971,2,0,0,17.19712,800,0,452.4693,211.8,0.1059,0.2046279,0.3172331,0,250,0.3172331,1603.237,13.75769,63.25113,0,0,3.550855,38.33344,28.85827,9.475164,320.5601,0,569.9626,0,-5.684342e-14,-6.483702e-14,4.263256e-14
naive,2026-01-16 05:45:00,1079,5.75,19.67842,3041.378,541.3896,0,15.98952,1,1,2128.965,2128.647,907.0609,401.5289,1308.59,3,483.715,6.52931,18.34556,800,0,47.06675,200,0.1,0.1333674,0.3172331,0,250,0.3172331,1221.586,14.67644,63.44294,10.6079,0,1.313078,38.32136,21.98855,16.33281,423.7332,0,794.3918,0,0,-1.998401e-15,4.263256e-14
naive,2026-01-16 06:00:00,1080,6,19.68308,3065.585,611.1988,0,14.02658,1,1,2145.909,2145.592,1391.839,541.2188,1933.057,4,605.9793,7.731479,19.34672,800,500,0,324.9685,0.1624843,0.1259371,0.3172331,0,250,0.3172331,753.7533,15.47738,63.43803,5.219552,0,0,38.62637,13.56756,25.05881,554.7864,0,1047.209,0,0,1.24345e-13,4.263256e-14
naive,2026-01-16 06:15:00,1081,6.25,19.63411,3050.922,685.3038,5.062728,8.763379,1,1,2135.646,2135.328,674.1016,334.445,1008.547,3,184.3172,2.409398,21.81999,800,0,499.6694,200,0.1,0.2046279,0.3172331,0,250,0.3172331,1461.227,17.45599,63.48953,1.317111,2.65333,0,38.44162,26.30208,12.13954,360.7471,0,656.9175,0,0,-7.993606e-15,4.263256e-14
naive,2026-01-16 06:30:00,1082,6.5,19.77296,3089.669,757.5467,1.356953,9.058987,1,1,2162.769,2162.451,1452.899,547.1012,2000,4,740.7995,5.764809,20.98028,732.4554,500,0,324.9685,0.1624843,0.1259371,0.3172331,0,250,0.3172331,709.5526,16.78423,57.99536,16.74713,0,0,38.92983,12.77195,26.15789,559.8732,0,1083.39,0,2.273737e-13,1.24345e-13,4.263256e-14
naive,2026-01-16 06:45:00,1083,6.75,19.85197,3093.84,791.6255,2.061477,7.710323,1,1,2165.688,2165.371,739.9676,353.6435,1093.611,3,267.0222,1.435835,25.15317,800,0,499.6694,200,0.1,0.2046279,0.3172331,0,250,0.3172331,1425.403,20.12253,63.2604,24.93386,0.625642,0,38.98238,25.65726,13.32513,379.3008,0,731.5238,0,1.136868e-13,-7.993606e-15,4.263256e-14
naive,2026-01-16 07:00:00,1084,7,20.02127,3121.999,813.4073,0.3848201,5.752478,1,1,2185.399,2185.082,1459.091,540.9094,2000,4,788.9524,0.6035778,21.14407,689.2999,500,0,324.9685,0.1624843,0.1259371,0.3172331,0,250,0.3172331,725.9916,16.91166,54.35332,24.45485,0,0,39.33719,13.06785,26.26934,553.9773,0,1088.992,0,-2.273737e-13,1.24345e-13,4.263256e-14
naive,2026-01-16 07:15:00,1085,7.25,20.16434,3108.871,804.3238,0.3796675,5.852978,1,1,2176.21,2175.893,747.668,355.7698,1103.438,3,277.685,1.753277,23.99951,800,0,499.6694,200,0.1,0.2046279,0.3172331,0,250,0.3172331,1428.224,19.16806,62.93187,26.9693,0,0,39.17178,25.70804,13.46373,381.4778,0,738.6794,0,5.684342e-14,-7.993606e-15,4.263256e-14
naive,2026-01-16 07:30:00,1086,7.5,20.30515,3089.507,763.4962,0,13.76995,1,1,2162.655,2162.337,1453.256,546.744,2000,4,742.4969,3.347686,25.92629,728.2291,500,0,324.9685,0.1624843,0.1259371,0.3172331,0,250,0.3172331,709.0814,20.67774,57.15121,20.99928,0,0,38.92778,12.76346,26.16432,559.5075,0,1090.944,0,2.273737e-13,1.24345e-13,4.263256e-14
naive,2026-01-16 07:45:00,1087,7.75,20.44405,3132.873,686.7347,0,21.53775,1,1,2193.011,2192.694,676.5942,336.5141,1013.108,3,176.1613,3.99516,32.95183,800,0,499.6694,200,0.1,0.2046279,0.3172331,0,250,0.3172331,1516.1,26.24441,62.63769,10.90388,0,0,39.4742,27.2898,12.18441,363.8039,0,675.9496,0,-1.136868e-13,-7.993606e-15,4.263256e-14
naive,2026-01-16 08:00:00,1088,8,20.53455,3172.184,584.6329,362.6548,19.65421,1,1,2220.529,2220.212,1453.177,546.8228,2000,4,601.3623,361.7448,34.03351,502.8594,500,0,324.9685,0.1624843,0.1259371,0.3172331,0,250,0.3172331,767.0347,27.08126,39.3126,0,0.9099556,0,39.96952,13.80662,26.1629,560.6294,0,1078.602,0,-2.273737e-13,1.24345e-13,4.263256e-14
naive,2026-01-16 08:15:00,1089,8.25,20.62563,3189.359,494.4492,367.7506,29.7026,1,1,2232.551,2232.234,816.7732,416.522,1233.295,3,23.08308,368.9843,41.22784,800,0,499.6694,200,0.1,0.2046279,0.3172331,0,250,0.3172331,1415.461,32.77592,62.44671,0,0,0,40.18593,25.4783,14.70763,442.0003,0,813.748,0,0,-7.993606e-15,4.263256e-14
naive,2026-01-16 08:30:00,1090,8.5,21.05376,3223.847,406.8051,376.5011,36.80984,1,1,2256.693,2256.376,1433.177,566.8234,2000,4,446.458,374.016,36.24074,643.2853,500,0,324.9685,0.1624843,0.1259371,0.3172331,0,250,0.3172331,823.199,28.68708,49.85173,0,2.485105,8.122763,40.62047,14.81758,25.80289,583.0098,0,1114.223,0,-2.273737e-13,1.24345e-13,4.263256e-14
naive,2026-01-16 08:45:00,1091,8.75,20.99488,3238.797,356.2579,380.1305,37.28443,1,1,2267.158,2266.841,718.4858,375.938,1094.424,3,0,253.1322,41.29163,800,0,499.6694,200,0.1,0.2046279,0.3172331,0,250,0.3172331,1548.355,32.70466,62.05835,0,0,4.579764,40.80884,27.87039,12.93846,404.5793,0,739.3429,0,0,-7.993606e-15,4.263256e-14
naive,2026-01-16 09:00:00,1092,9,21.15391,3270.986,290.0929,386.929,39.0632,1,1,2289.69,2289.373,1413.105,586.8952,2000,4,288.2752,388.2956,43.60067,779.8285,500,0,324.9685,0.1624843,0.1259371,0.3172331,0,250,0.3172331,876.2681,34.47804,60.33055,1.817692,0,4.585159,41.21442,15.77283,25.4416,603.4421,0,1142.148,0,2.273737e-13,1.24345e-13,4.263256e-14
naive,2026-01-16 09:15:00,1093,9.25,21.4771,3287.883,238.2615,389.2507,40.73799,1,1,2301.518,2301.201,637.4554,340.2158,977.6712,2,0,123.7897,53.88148,800,0,499.6694,200,0.1,0.2046279,0.3172331,0,250,0.3172331,1663.745,42.46848,61.55118,3.466871,0.586114,0,41.42733,29.94742,11.47991,370.1632,0,678.0728,0,0,-7.993606e-15,4.263256e-14
naive,2026-01-16 09:30:00,1094,9.5,21.73055,3277.822,189.8291,390.175,52.06829,1,1,2294.476,2294.159,1372.696,580.5389,1953.235,4,204.5052,387.877,60.85318,800,500,0,324.9685,0.1624843,0.1259371,0.3172331,0,250,0.3172331,921.462,47.84006,61.28461,0,2.298059,4.22823,41.30056,16.58632,24.71425,597.8468,0,1130.713,0,0,1.24345e-13,4.263256e-14
naive,2026-01-16 09:45:00,1095,9.75,22.11924,3324.2,136.179,395.8128,58.51706,1,1,2326.94,2326.622,607.3832,326.9585,934.3418,2,0,65.49886,68.84289,800,0,499.6694,200,0.1,0.2046279,0.3172331,0,250,0.3172331,1719.239,53.90716,60.87582,0,2.01765,4.6099,41.88491,30.94631,10.93861,358.6973,0,652.3898,0,0,-7.993606e-15,4.263256e-14
naive,2026-01-16 10:00:00,1096,10,22.39997,3314.201,111.3594,399.0346,54.68847,1,1,2319.941,2319.623,1344.858,574.6839,1919.542,4,150.5575,393.477,75.50746,800,500,0,324.9685,0.1624843,0.1259371,0.3172331,0,250,0.3172331,974.7654,58.95625,60.58056,0,5.557632,0,41.75893,17.54578,24.21316,592.2297,0,1125.893,0,0,1.24345e-13,4.263256e-14
naive,2026-01-16 10:15:00,1097,10.25,22.44969,3388.563,109.6975,399.0336,62.71282,1,1,2371.994,2371.677,588.3963,318.5881,906.9844,2,0,23.99428,82.99013,800,0,499.6694,200,0.1,0.2046279,0.3172331,0,250,0.3172331,1783.281,64.7657,60.52826,0,6.58768,0,42.6959,32.09905,10.59684,350.6872,0,644.6438,0,5.684342e-14,-7.993606e-15,4.263256e-14
naive,2026-01-16 10:30:00,1098,10.5,22.62802,3392.381,119.6626,396.6587,66.48106,1,1,2374.667,2374.349,1334.877,573.9604,1908.837,4,119.6506,393.2457,95.94108,800,500,0,324.9685,0.1624843,0.1259371,0.3172331,0,250,0.3172331,1039.473,74.73578,60.34071,0.0119567,3.413058,0,42.744,18.71051,24.0335,592.6709,0,1123.367,0,0,1.24345e-13,4.263256e-14
naive,2026-01-16 10:45:00,1099,10.75,22.67102,3379.413,135.3304,397.5283,75.75203,1,1,2365.589,2365.272,602.8295,324.951,927.7804,2,0,18.33122,109.4492,800,0,499.6694,200,0.1,0.2046279,0.3172331,0,250,0.3172331,1762.443,85.22064,60.29548,10.60687,4.251188,0,42.58061,31.72397,10.85664,356.6749,0,671.1476,0,0,-7.993606e-15,4.263256e-14
naive,2026-01-16 11:00:00,1100,11,23.03029,3389.415,136.9981,402.0814,90.85818,1,1,2372.591,2372.273,1346.301,579.7,1926.001,4,113.7381,395.3399,116.923,800,500,0,324.9685,0.1624843,0.1259371,0.3172331,0,250,0.3172331,1025.972,90.70388,59.91762,23.25996,6.741451,0.1543059,42.70663,18.4675,24.23913,598.1945,0,1180.734,0,0,1.24345e-13,4.263256e-14
naive,2026-01-16 11:15:00,1101,11.25,23.44902,3406.892,143.1219,410.3812,92.35087,1,1,2384.824,2384.507,625.9906,335.1616,961.1522,2,0,35.0113,126.1409,800,0,499.6694,200,0.1,0.2046279,0.3172331,0,250,0.3172331,1758.516,97.4322,59.47722,16.0595,2.762864,0,42.92683,31.65329,11.27354,366.8148,0,699.1864,0,0,-7.993606e-15,4.263256e-14
naive,2026-01-16 11:30:00,1102,11.5,23.62075,3425.05,123.3045,404.5049,100.7372,1,1,2397.535,2397.218,1368.142,590.2529,1958.395,4,105.967,412.5833,139.8443,800,500,0,324.9685,0.1624843,0.1259371,0.3172331,0,250,0.3172331,1029.076,107.8247,59.29661,17.33744,0,0,43.15563,18.52337,24.63226,608.7763,0,1180.751,0,1.136868e-13,1.24345e-13,4.263256e-14
naive,2026-01-16 11:45:00,1103,11.75,23.92122,3452.01,128.9522,409.7086,106.0956,1,1,2416.407,2416.089,623.6488,334.1292,957.7779,2,0,10.36134,147.4166,800,0,499.6694,200,0.1,0.2046279,0.3172331,0,250,0.3172331,1792.441,113.3089,58.98059,30.16135,0,0,43.49532,32.26393,11.23139,366.3931,0,718.4613,0,5.684342e-14,-7.993606e-15,4.263256e-14
naive,2026-01-16 12:00:00,1104,12,24.0955,3447.026,130.1044,420.5196,119.0829,1,1,2412.918,2412.601,1381.416,597.0942,1978.511,4,97.65269,413.4235,167.4344,800,500,0,324.9685,0.1624843,0.1259371,0.3172331,0,250,0.3172331,1031.185,128.4617,58.79729,32.45174,7.096081,0,43.43253,18.56133,24.87121,615.6555,0,1233.384,0,0,1.24345e-13,4.263256e-14
naive,2026-01-16 12:15:00,1105,12.25,24.1349,3408.651,103.2734,414.3872,122.6161,1,1,2386.056,2385.739,647.3806,344.5913,991.9718,2,0,15.6049,176.367,800,0,499.6694,200,0.1,0.2046279,0.3172331,0,250,0.3172331,1738.358,135.2595,58.75585,0.9406349,1.445558,0,42.94901,31.29045,11.65856,375.8817,0,689.7793,0,5.684342e-14,-7.993606e-15,4.263256e-14
naive,2026-01-16 12:30:00,1106,12.5,24.303,3408.553,102.4563,413.2997,131.4543,1,1,2385.987,2385.67,1398.637,601.3633,2000,4,115.5941,413.7058,186.7573,783.9428,500,0,324.9685,0.1624843,0.1259371,0.3172331,0,250,0.3172331,987.0333,142.9769,57.40328,0,0,0,42.94777,17.7666,25.18117,619.1299,0,1173.681,0,0,1.24345e-13,4.263256e-14
naive,2026-01-16 12:45:00,1107,12.75,24.32028,3440.748,100.4188,413.4341,140.9945,1,1,2408.524,2408.206,680.5594,359.2182,1039.778,3,0,38.89315,200.8844,800,0,499.6694,200,0.1,0.2046279,0.3172331,0,250,0.3172331,1727.647,153.7645,58.56088,0,0,0,43.35343,31.09765,12.25578,390.3158,0,714.7506,0,1.136868e-13,-7.993606e-15,4.263256e-14
naive,2026-01-16 13:00:00,1108,13,24.46751,3483.569,119.9346,413.0466,147.8168,1,1,2438.498,2438.181,1400.936,599.0643,2000,4,119.5393,416.1363,218.8065,745.5179,500,0,324.9685,0.1624843,0.1259371,0.3172331,0,250,0.3172331,1037.245,167.2251,54.42843,0.3953488,0,0,43.89296,18.67041,25.22255,617.7347,0,1174.919,0,0,1.24345e-13,4.263256e-14
naive,2026-01-16 13:15:00,1109,13.25,24.71134,3441.602,114.434,415.1277,164.003,1,1,2409.121,2408.804,684.8967,361.1302,1046.027,3,0,17.8491,228.1778,800,0,499.6694,200,0.1,0.2046279,0.3172331,0,250,0.3172331,1723.907,173.9421,58.14959,11.96846,0.07470043,0,43.36418,31.03033,12.33385,392.1606,0,739.6773,0,1.136868e-13,-7.993606e-15,4.263256e-14
naive,2026-01-16 13:30:00,1110,13.5,25.01488,3458.89,89.55099,412.3903,171.9206,1,1,2421.223,2420.906,1397.98,602.02,2000,4,92.68364,408.1967,239.2222,759.8975,500,0,324.9685,0.1624843,0.1259371,0.3172331,0,250,0.3172331,1022.926,181.7804,54.93141,0,4.193589,0,440.3534,186.0418,254.3115,788.0618,0,1521.56,0,2.273737e-13,1.24345e-13,4.263256e-14
naive,2026-01-16 13:45:00,1111,13.75,25.38333,3496.75,92.59603,416.5123,181.8779,1,1,2447.725,2447.408,687.1117,362.1067,1049.218,3,0,0,249.2184,800,0,494.8774,201.198,0.100599,0.2046279,0.3172331,0,250,0.3172331,1760.296,188.6417,57.44282,7.389434,6.841465,0,448.4793,322.5266,125.9527,684.6333,0,1329.192,0,0,4.884981e-14,4.263256e-14
naive,2026-01-16 14:00:00,1112,14,25.52903,3464.053,126.3182,406.6215,182.1963,1,1,2424.837,2424.52,1043.679,508.704,1552.383,4,89.06642,407.0132,256.3037,800,0,4.66532,200,0.1,0.1266914,0.3172331,0,250,0.3172331,1380.84,193.706,57.28958,32.58645,0,0,445.5941,253.7467,191.8474,762.4506,0,1516.662,0,-5.684342e-14,3.885781e-16,4.263256e-14
naive,2026-01-16 14:15:00,1113,14.25,25.7401,3512.66,99.77079,413.7752,183.1578,1,1,2458.862,2458.545,1400.389,599.6105,2000,4,99.71734,401.4143,274.5823,724.2861,500,0,324.9685,0.1624843,0.1259371,0.3172331,0,250,0.3172331,1058.155,207.0568,51.66658,0.05344107,12.36099,0,453.7827,195.2824,258.5003,794.893,0,1553.076,0,0,1.24345e-13,4.263256e-14
naive,2026-01-16 14:30:00,1114,14.5,25.96482,3488.921,99.6358,414.4846,191.9486,1,1,2442.245,2441.928,702.9285,369.0796,1072.008,3,0,0,272.0081,800,0,479.9464,204.9308,0.1024654,0.2046279,0.3172331,0,250,0.3172331,1738.999,204.6266,56.83124,17.81986,16.35416,0,452.7816,322.4029,130.3787,691.4824,0,1377.98,0,0,-7.993606e-15,4.263256e-14
naive,2026-01-16 14:45:00,1115,14.75,26.1955,3483.751,107.5332,420.9274,204.842,1,1,2438.626,2438.309,1035.89,507.8802,1543.77,4,67.12548,400.8588,275.786,800,0,19.59401,200,0.1,0.1290419,0.3172331,0,250,0.3172331,1402.419,206.9597,56.58862,20.81368,20.06858,0,454.2476,261.2312,193.0164,769.1114,0,1545.083,0,-1.136868e-13,-1.332268e-15,4.263256e-14
naive,2026-01-16 15:00:00,1116,15,25.97082,3467.84,109.6785,410.7306,204.1232,1,1,2427.488,2427.171,1399.576,600.4244,2000,4,95.069,396.3478,275.9217,732.6615,500,0,324.9685,0.1624843,0.1259371,0.3172331,0,250,0.3172331,1027.595,207.5575,52.04179,14.60949,14.38273,0,450.1008,190.535,259.5658,790.9594,0,1573.383,0,0,1.24345e-13,4.263256e-14
naive,2026-01-16 15:15:00,1117,15.25,26.00919,3508.242,120.1212,407.3535,206.0334,1,1,2455.77,2455.452,710.4847,372.4107,1082.895,3,0,0,282.8954,800,0,490.221,202.3621,0.1011811,0.2046279,0.3172331,0,250,0.3172331,1744.968,212.7165,56.78457,25.35563,11.89804,0,455.7014,323.8024,131.8989,696.2131,0,1392.806,0,0,-7.993606e-15,4.263256e-14
naive,2026-01-16 15:30:00,1118,15.5,26.24111,3515.839,110.8694,411.8623,208.7673,1,1,2461.087,2460.77,1054.751,512.9618,1567.713,4,94.30392,392.5998,280.8088,800,0,9.321007,200,0.1,0.1274245,0.3172331,0,250,0.3172331,1406.019,210.6266,56.54065,7.244509,19.26252,0,458.8604,262.1469,196.7134,775.1087,0,1532.334,0,-2.273737e-13,-7.21645e-16,4.263256e-14
naive,2026-01-16 15:45:00,1119,15.75,26.20923,3499.983,118.1987,420.5997,198.988,1,1,2449.988,2449.671,1401.685,598.3152,2000,4,113.0978,384.5096,281.8183,720.5743,500,0,324.9685,0.1624843,0.1259371,0.3172331,0,250,0.3172331,1047.986,211.4556,50.95738,5.100824,36.09008,0,456.4925,195.2654,261.2271,793.5806,0,1600.888,0,-1.136868e-13,1.24345e-13,4.263256e-14
naive,2026-01-16 16:00:00,1120,16,26.34363,3471.816,132.1599,421.4754,196.2986,1,1,2430.271,2429.954,726.6592,379.5412,1106.2,3,0,25.71532,280.4851,800,0,499.6694,200,0.1,0.2046279,0.3172331,0,250,0.3172331,1703.295,210.1537,56.43283,0,36.22438,0,454.0696,318.242,135.8276,697.7832,0,1394.566,0,-5.684342e-14,-7.993606e-15,4.263256e-14
naive,2026-01-16 16:15:00,1121,16.25,26.53972,3413.106,160.2246,408.0336,192.276,1,1,2389.174,2388.857,1409.793,590.2074,2000,4,175.2954,385.3608,276.6548,662.6889,500,0,324.9685,0.1624843,0.1259371,0.3172331,0,250,0.3172331,979.0642,206.8499,46.57592,0,22.6728,0,448.1972,183.6676,264.5296,773.875,0,1534.463,0,-1.136868e-13,1.24345e-13,4.263256e-14
naive,2026-01-16 16:30:00,1122,16.5,26.36482,3396.629,177.0695,401.4613,181.6419,1,1,2377.641,2377.323,761.6824,394.9811,1156.664,3,0,87.87021,268.7933,800,0,499.6694,200,0.1,0.2046279,0.3172331,0,250,0.3172331,1615.641,201.3481,56.41054,0,17.11792,0,444.4297,301.9963,142.4333,696.9775,0,1360.022,0,0,-7.993606e-15,4.263256e-14
naive,2026-01-16 16:45:00,1123,16.75,26.40075,3371.984,194.4952,391.5094,168.5072,1,1,2360.389,2360.071,1414.804,585.196,2000,4,223.3027,382.8422,251.5711,642.2841,500,0,324.9685,0.1624843,0.1259371,0.3172331,0,250,0.3172331,945.2675,188.3749,45.25915,0,8.667259,0,441.5311,176.8204,264.7106,762.0165,0,1488.067,0,2.273737e-13,1.24345e-13,4.263256e-14
naive,2026-01-16 17:00:00,1124,17,26.47775,3360.28,257.6735,378.7155,166.9595,1,1,2352.196,2351.878,776.8374,401.6622,1178.5,3,0,136.0398,242.4598,800,0,499.6694,200,0.1,0.2046279,0.3172331,0,250,0.3172331,1575.041,181.4031,56.29177,0,2.566834,0,440.6967,295.0926,145.6042,696.7548,0,1334.609,0,-1.136868e-13,-7.993606e-15,4.263256e-14
naive,2026-01-16 17:15:00,1125,17.25,26.50978,3303.147,327.57,372.4145,171.7371,1,1,2312.203,2311.886,1427.194,572.8062,2000,4,327.0183,367.7437,237.4745,567.7636,500,0,324.9685,0.1624843,0.1259371,0.3172331,0,250,0.3172331,884.6918,177.6123,39.92661,0.5517534,4.670781,0,433.49,165.8613,267.6287,738.6675,0,1441.426,0,0,1.24345e-13,4.263256e-14
naive,2026-01-16 17:30:00,1126,17.5,26.32627,3331.76,388.7551,373.3264,160.9674,1,1,2332.232,2331.915,856.9237,436.9682,1293.892,3,0,260.3812,233.5106,800,0,499.6694,200,0.1,0.2046279,0.3172331,0,250,0.3172331,1474.991,174.9905,56.45109,0,10.63935,0,435.5966,275.4876,160.1089,712.4558,0,1379.757,0,-5.684342e-14,-7.993606e-15,4.263256e-14
naive,2026-01-16 17:45:00,1127,17.75,26.37453,3342.158,445.5849,364.3791,151.6932,1,1,2339.51,2339.193,1443.703,556.297,2000,4,459.0827,363.9412,218.3723,458.6038,500,0,324.9685,0.1624843,0.1259371,0.3172331,0,250,0.3172331,895.4901,163.5617,32.33175,0,0.4378847,0,437.3897,167.4188,269.9708,723.7158,0,1411.814,0,2.273737e-13,1.24345e-13,4.263256e-14
naive,2026-01-16 18:00:00,1128,18,26.28888,3363.729,515.0457,0,135.7066,1,1,2354.61,2354.293,660.3522,349.4566,1009.809,3,7.172512,1.356699,201.2795,800,0,499.6694,200,0.1,0.2046279,0.3172331,0,250,0.3172331,1693.941,150.897,56.49042,8.203735,0,0,439.4385,316.1385,123.3001,665.595,0,1281.79,0,-5.684342e-14,-7.993606e-15,4.263256e-14
naive,2026-01-16 18:15:00,1129,18.25,26.36907,3323.619,566.0119,0,133.8716,1,1,2326.533,2326.216,1436.654,563.3462,2000,4,555.0294,0.6217403,194.2222,750.1266,500,0,324.9685,0.1624843,0.1259371,0.3172331,0,250,0.3172331,889.5621,145.4816,52.88962,10.98249,0,0,434.9146,166.2919,268.6227,729.6381,0,1418.72,0,0,1.24345e-13,4.263256e-14
naive,2026-01-16 18:30:00,1130,18.5,26.38168,3301.543,624.7862,0,117.8076,1,1,2311.08,2310.763,730.7018,367.5022,1098.204,3,116.1842,0.427286,181.5925,800,0,499.6694,200,0.1,0.2046279,0.3172331,0,250,0.3172331,1580.061,136.0031,56.39282,8.932494,0,0,432.1378,295.4481,136.6898,662.9503,0,1277.867,0,-1.705303e-13,-7.993606e-15,4.263256e-14
naive,2026-01-16 18:45:00,1131,18.75,26.25124,3251.26,653.6157,0,101.3643,0,1,2275.882,2275.565,1452.1,547.8995,2000,4,679.4817,0.707734,170.391,649.4195,500,0,324.9685,0.1624843,0.1259371,0.3172331,0,250,0.3172331,823.4643,127.7916,45.88961,0,0,0,424.4177,153.5637,270.854,0,701.4632,3806.422,0,0,1.24345e-13,4.263256e-14
naive,2026-01-16 19:00:00,1132,19,26.20177,3259.705,672.7276,0,91.04497,0,0,2281.794,2281.477,792.4935,383.1899,1175.683,3,213.3028,1.795486,160.5852,800,0,499.6694,200,0.1,0.2046279,0.3172331,0,250,0.3172331,1488.983,120.5009,56.58203,0,0,0,425.0888,277.3914,147.6974,0,660.5813,3569.543,0,0,-7.993606e-15,4.263256e-14
naive,2026-01-16 19:15:00,1133,19.25,26.02518,3236.138,697.0035,0,88.49269,0,0,2265.297,2264.98,1457.371,542.6293,2000,4,726.8794,1.979659,148.1463,622.9947,500,0,324.9685,0.1624843,0.1259371,0.3172331,0,250,0.3172331,807.6088,111.3761,44.20752,0,0,0,420.4938,149.9117,270.5821,0,692.541,3759.242,0,1.136868e-13,1.24345e-13,4.263256e-14
naive,2026-01-16 19:30:00,1134,19.5,25.83492,3260.985,712.83,0,82.56445,0,0,2282.69,2282.373,789.4871,379.3279,1168.815,3,234.6268,2.477348,131.7108,800,0,499.6694,200,0.1,0.2046279,0.3172331,0,250,0.3172331,1492.885,99.22046,56.96786,0,0,0,422.0827,276.0432,146.0394,0,655.3711,3540.452,0,0,-7.993606e-15,4.263256e-14
naive,2026-01-16 19:45:00,1135,19.75,25.51838,3254.989,714.2248,1.471982,75.46463,0,0,2278.492,2278.175,1456.126,543.8738,2000,4,728.8908,2.651541,117.9944,650.4632,500,0,324.9685,0.1624843,0.1259371,0.3172331,0,250,0.3172331,822.0487,89.18643,46.59007,0,0,0,418.6112,151.0292,267.5821,0,694.903,3769.553,0,-2.273737e-13,1.24345e-13,4.263256e-14
naive,2026-01-16 20:00:00,1136,20,25.36647,3248.518,699.9148,0.0776413,66.41503,0,0,2273.963,2273.645,752.4737,366.7574,1119.231,3,203.1296,1.734881,114.3667,800,0,499.6694,200,0.1,0.2046279,0.3172331,0,250,0.3172331,1521.172,86.58337,57.46056,0,0,0,416.5004,278.6187,137.8817,0,645.3762,3484.926,0,1.136868e-13,-7.993606e-15,4.263256e-14
naive,2026-01-16 20:15:00,1137,20.25,25.33832,3235.5,643.738,0,55.13493,0,0,2264.85,2264.533,1445.65,554.3497,2000,4,655.7092,3.156474,104.3307,736.8036,500,0,324.9685,0.1624843,0.1259371,0.3172331,0,250,0.3172331,818.8823,79.00896,52.94869,0,0,0,414.5962,149.902,264.6942,0,704.2517,3813.817,0,1.136868e-13,1.24345e-13,4.263256e-14
naive,2026-01-16 20:30:00,1138,20.5,25.20703,3173.062,606.8683,0,48.47424,0,0,2221.144,2220.826,648.984,334.0989,983.0829,2,94.14357,0.9135057,88.02584,800,0,499.6694,200,0.1,0.2046279,0.3172331,0,250,0.3172331,1571.842,66.75385,57.62824,13.05533,0,0,405.5234,286.9778,118.5456,0,621.0767,3373.611,0,0,-7.993606e-15,4.263256e-14
naive,2026-01-16 20:45:00,1139,20.75,25.04665,3175.247,566.6112,0,59.1933,0,0,2222.673,2222.355,1380.028,543.8954,1923.923,4,539.7096,0.4841974,83.72935,800,500,0,324.9685,0.1624843,0.1259371,0.3172331,0,250,0.3172331,842.3277,63.60306,57.79692,26.90154,0,0,404.4997,153.2935,251.2062,0,697.1889,3815.922,0,-2.273737e-13,1.24345e-13,4.263256e-14
naive,2026-01-16 21:00:00,1140,21,24.79678,3117.647,497.1011,0,53.71157,0,0,2182.353,2182.036,564.2217,307.9308,872.1525,2,0,0,72.15248,800,0,475.6979,205.9929,0.1029964,0.2046279,0.3172331,0,250,0.3172331,1617.814,54.95318,58.05972,21.9132,0,0,39.28235,29.12065,10.1617,0,337.0514,1826.266,0,0,-7.993606e-15,4.263256e-14
naive,2026-01-16 21:15:00,1141,21.25,24.55214,3116.806,424.6333,0,49.18523,0,0,2181.764,2181.447,864.6687,393.7658,1258.434,3,391.873,0.7864948,65.77499,800,0,23.8418,200,0.1,0.1297107,0.3172331,0,250,0.3172331,1316.778,50.22466,58.31702,8.918515,0,0,39.27175,23.702,15.56975,0,417.4678,2245.85,0,-1.136868e-13,-1.165734e-15,4.263256e-14
naive,2026-01-16 21:30:00,1142,21.5,24.46467,3121.699,355.6431,0,47.39322,0,0,2185.19,2184.872,1216.164,493.7585,1709.923,4,353.9129,0.8810702,55.12897,800,500,0,324.9685,0.1624843,0.1259371,0.3172331,0,250,0.3172331,968.708,42.13412,58.40902,1.730224,0,5.2591,39.33341,17.43674,21.89667,0,512.1413,2754.052,0,1.705303e-13,1.24345e-13,4.263256e-14
naive,2026-01-16 21:45:00,1143,21.75,24.07688,3081.198,311.0404,5.450024,35.54905,0,0,2156.839,2156.521,548.3947,300.9535,849.3482,2,0,0,49.3482,800,0,296.6676,250.7505,0.1253752,0.2046279,0.3172331,0,250,0.3172331,1608.127,37.86907,58.81687,14.9511,4.871716,0,38.8231,28.94628,9.876815,0,329.8998,1782.474,0,0,-7.993606e-15,4.263256e-14
naive,2026-01-16 22:00:00,1144,22,24.14746,3060.436,247.8689,3.495983,40.68399,0,0,2142.305,2141.988,597.1038,314.7727,911.8765,2,64.3425,0.2565939,47.27739,800,0,202.844,200,0.1,0.1578939,0.3172331,0,250,0.3172331,1544.884,36.25326,58.74264,0,3.239389,4.430733,38.5615,27.80792,10.75358,0,343.3727,1828.052,0,0,-6.938894e-15,4.263256e-14
naive,2026-01-16 22:15:00,1145,22.25,23.93142,3053.912,228.4511,7.163215,34.76786,0,0,2137.738,2137.421,1104.036,460.598,1564.634,4,217.1337,0.009451165,47.49113,800,500,0,324.9685,0.1624843,0.1259371,0.3172331,0,250,0.3172331,1033.385,36.49925,58.96986,11.31743,7.153764,0,38.47929,18.60093,19.87836,0,479.199,2601.116,0,-5.684342e-14,1.24345e-13,4.263256e-14
naive,2026-01-16 22:30:00,1146,22.5,24.00112,3058.577,198.7295,0,27.8547,0,0,2141.004,2140.687,541.9293,298.1032,840.0326,2,0,0,40.03256,800,0,191.8133,276.964,0.138482,0.2046279,0.3172331,0,250,0.3172331,1598.757,30.74465,58.89656,8.233156,0,0,38.53807,28.77763,9.760438,0,326.8808,1745.788,0,-5.684342e-14,-7.993606e-15,4.263256e-14
naive,2026-01-16 22:45:00,1147,22.75,23.93267,3062.01,163.6357,0,27.93603,1,0,2143.407,2143.09,541.8945,298.0879,839.9824,2,0,0,39.9824,800,0,153.3091,238.5932,0.1192966,0.1744002,0.3172331,0,250,0.3172331,1601.195,30.72802,58.96855,10.36527,0,0,38.58133,28.82152,9.759812,326.9094,0,605.3592,0,0,4.418688e-14,4.263256e-14
naive,2026-01-16 23:00:00,1148,23,23.65166,3057.568,150.6877,6.047052,19.70597,1,1,2140.298,2139.981,535.2715,295.1681,830.4397,2,0,0,30.43967,800,0,127.5314,206.6728,0.1033364,0.1502386,0.3172331,0,250,0.3172331,1604.709,23.46249,59.26409,23.92879,5.274637,0,38.52536,28.88476,9.640598,324.0529,0,631.8096,0,0,5.692669e-14,4.263256e-14
naive,2026-01-16 23:15:00,1149,23.25,23.51911,3030.955,146.1744,2.877832,20.35782,1,1,2121.668,2121.351,603.1225,314.6918,917.8143,2,87.32738,0.09548586,30.39142,800,0,26.56087,200,0.1,0.1301388,0.3172331,0,250,0.3172331,1518.229,23.45753,59.40351,32.2861,2.782346,0,38.19003,27.32811,10.86192,342.0199,0,677.7039,0,0,-1.276756e-15,4.263256e-14
naive,2026-01-16 23:30:00,1150,23.5,23.32176,3037.431,125.6609,1.664059,18.20588,1,1,2126.201,2125.884,1009.494,432.0206,1441.515,3,107.0004,1.162471,33.35195,800,500,0,324.9685,0.1624843,0.1259371,0.3172331,0,250,0.3172331,1116.39,25.79527,59.61107,18.66049,0.5015882,0,38.27163,20.09502,18.17661,452.1156,0,870.2234,0,5.684342e-14,1.24345e-13,4.263256e-14
naive,2026-01-16 23:45:00,1151,23.75,23.15042,3096.405,99.63267,8.52053,20.41217,1,1,2167.483,2167.166,535.4085,295.2285,830.637,2,0,0,30.63698,800,0,96.7504,300.7298,0.1503649,0.2046279,0.3172331,0,250,0.3172331,1631.758,23.73743,59.79128,5.475425,5.927369,0,39.0147,29.37164,9.643063,324.6001,0,601.6049,0,5.684342e-14,-7.904788e-14,4.263256e-14
naive,2026-01-17 00:00:00,1152,0,23.02205,3067.733,91.50221,4.334413,14.50542,1,1,2147.413,2147.096,536.095,295.5311,831.6261,2,0,0,31.6261,800,0,89.13264,278.3993,0.1391996,0.1893651,0.3172331,0,250,0.3172331,1611.001,24.53628,59.92628,6.60551,0.09846669,0,38.65344,28.99802,9.65542,324.5292,0,593.2056,0,0,-4.410361e-14,4.263256e-14
naive,2026-01-17 00:15:00,1153,0.25,22.71951,3097.756,80.45851,0.9685671,9.86873,1,1,2168.429,2168.112,531.5997,293.5494,825.1491,2,0,0,25.14906,800,0,73.91869,259.8758,0.1299379,0.1753039,0.3172331,0,250,0.3172331,1636.512,19.57211,60.24448,9.792277,0,0,39.03173,29.45722,9.574504,323.0066,0,595.1299,0,0,5.032086e-14,4.263256e-14
naive,2026-01-17 00:30:00,1154,0.5,22.41155,3052.861,92.15738,1.811386,10.53763,1,1,2137.003,2136.685,527.9158,291.9254,819.8412,2,0,0,19.84119,800,0,72.97432,241.5913,0.1207956,0.16364,0.3172331,0,250,0.3172331,1608.77,15.49017,60.56837,22.26225,0,0,38.46605,28.95785,9.508195,320.8832,0,612.0294,0,5.684342e-14,5.245804e-14,4.263256e-14
naive,2026-01-17 00:45:00,1155,0.75,22.13451,3030.228,100.2623,0,16.63579,1,1,2121.16,2120.842,524.6942,290.5051,815.1994,2,0,0,15.19936,800,0,70.99378,223.8048,0.1119024,0.1521265,0.3172331,0,250,0.3172331,1596.148,11.89995,60.85975,30.80858,0,4.735845,38.18088,28.73067,9.450206,320.0502,0,624.778,0,5.684342e-14,-3.935741e-14,4.263256e-14
naive,2026-01-17 01:00:00,1156,1,21.73962,3060.301,119.5505,0,13.6388,1,1,2142.21,2141.893,530.358,293.002,823.36,2,0,0,23.35998,800,0,83.96797,202.7776,0.1013888,0.1409266,0.3172331,0,250,0.3172331,1611.535,18.36288,61.27508,36.49375,0,0,38.55979,29.00763,9.552154,322.0096,0,638.0365,0,5.684342e-14,2.858824e-14,4.263256e-14
naive,2026-01-17 01:15:00,1157,1.25,21.49656,3072.363,113.4808,0,14.84271,1,1,2150.654,2150.337,580.2877,307.3442,887.6319,2,64.46941,2.540189,20.6223,800,0,10.98258,200,0.1,0.1276861,0.3172331,0,250,0.3172331,1570.049,16.25094,61.53071,38.02881,0,0,38.71177,28.26088,10.45089,335.6051,0,667.5879,0,1.136868e-13,-6.938894e-16,4.263256e-14
naive,2026-01-17 01:30:00,1158,1.5,21.32441,3100.533,115.9266,0,12.64354,1,1,2170.373,2170.056,988.2842,425.0099,1413.294,3,87.33193,1.394563,24.5676,800,500,0,324.9685,0.1624843,0.1259371,0.3172331,0,250,0.3172331,1181.772,19.39378,61.71177,28.59464,0,0,39.06672,21.27189,17.79483,446.2818,0,872.4636,0,-5.684342e-14,1.24345e-13,4.263256e-14
naive,2026-01-17 01:45:00,1159,1.75,21.16181,3098.109,85.35259,0,23.13116,1,1,2168.677,2168.359,527.7367,291.8464,819.5831,2,0,0,19.58312,800,0,96.45012,300.8048,0.1504024,0.2046279,0.3172331,0,250,0.3172331,1640.623,15.48448,61.88279,0,0,7.646678,39.03618,29.53121,9.504971,322.6688,0,575.7195,0,-5.684342e-14,-9.325873e-14,4.263256e-14
naive,2026-01-17 02:00:00,1160,2,20.99943,3066.22,67.91346,0,24.13718,1,1,2146.354,2146.037,525.107,290.6871,815.7941,2,0,0,15.79411,800,0,96.06367,276.7416,0.1383708,0.1894124,0.3172331,0,250,0.3172331,1620.93,12.50901,62.05357,0,0,11.62817,38.63438,29.17674,9.457636,321.8214,0,573.8326,0,0,-5.467848e-15,4.263256e-14
naive,2026-01-17 02:15:00,1161,2.25,20.76909,3060.269,57.15771,1.380491,22.25169,1,1,2142.188,2141.871,527.2725,291.6418,818.9143,2,0,0,18.9143,800,0,104.6226,250.5423,0.1252712,0.1742601,0.3172331,0,250,0.3172331,1614.598,15.01506,62.29583,0,0,7.236624,38.55939,29.06277,9.496616,321.9176,0,573.7525,0,0,-2.403633e-14,4.263256e-14
naive,2026-01-17 02:30:00,1162,2.5,20.70303,3043.229,39,3.251696,21.48392,1,1,2130.261,2129.943,531.4272,293.4734,824.9006,2,0,0,24.90057,800,0,98.83942,225.793,0.1128965,0.1577628,0.3172331,0,250,0.3172331,1598.516,19.78041,62.3653,0,0,1.703505,38.34469,28.77329,9.5714,322.5319,0,574.9028,0,-5.684342e-14,1.26843e-14,4.263256e-14
naive,2026-01-17 02:45:00,1163,2.75,20.27668,3066.892,50.82463,7.550641,28.12895,1,1,2146.824,2146.507,528.2713,292.0821,820.3534,2,0,0,20.35339,800,0,79.6452,205.8462,0.1029231,0.1421786,0.3172331,0,250,0.3172331,1618.236,16.23766,62.81372,0,5.891477,11.89129,38.64284,29.12824,9.514594,323.1858,0,585.8689,0,0,-2.969847e-15,4.263256e-14
naive,2026-01-17 03:00:00,1164,3,20.08044,3075.891,39,10.3495,22.21762,1,1,2153.124,2152.807,569.3523,303.6064,872.9587,2,55.36508,1.607943,15.98566,800,0,23.2552,200,0.1,0.1296183,0.3172331,0,250,0.3172331,1583.454,12.77824,63.02011,0,8.741556,9.439375,38.75623,28.50218,10.25405,333.6711,0,611.5238,0,0,5.551115e-16,4.263256e-14
naive,2026-01-17 03:15:00,1165,3.25,19.90544,3099.467,84.056,5.517738,20.64696,1,1,2169.627,2169.31,985.1061,423.1414,1408.247,3,91.26155,1.289811,15.69609,800,500,0,324.9685,0.1624843,0.1259371,0.3172331,0,250,0.3172331,1184.204,12.55687,63.20416,0,4.227927,8.090086,39.05329,21.31567,17.73762,445.792,0,827.7724,0,5.684342e-14,1.24345e-13,4.263256e-14
naive,2026-01-17 03:30:00,1166,3.5,19.90252,3071.567,72.54602,1.783419,10.81237,1,1,2150.097,2149.78,524.6159,290.4706,815.0865,2,0,0,15.08654,800,0,98.40357,300.3165,0.1501582,0.2046279,0.3172331,0,250,0.3172331,1625.164,12.06923,63.20723,0,0,0,38.70175,29.25295,9.448797,319.7236,0,568.339,0,0,4.884981e-14,4.263256e-14
naive,2026-01-17 03:45:00,1167,3.75,19.88038,3060.971,90.31969,3.291769,10.77884,1,1,2142.68,2142.362,524.1716,290.2747,814.4463,2,0,0,14.44631,800,0,106.5388,273.6345,0.1368172,0.1891049,0.3172331,0,250,0.3172331,1618.191,11.55705,63.23052,0,0.2790623,0,38.56823,29.12744,9.440799,319.4022,0,568.1514,0,5.684342e-14,-4.940492e-15,4.263256e-14
naive,2026-01-17 04:00:00,1168,4,19.88783,3049.259,110.9801,0,12.57349,1,1,2134.481,2134.164,525.5728,290.8925,816.4653,2,0,0,16.46527,800,0,133.7709,240.1487,0.1200743,0.1723036,0.3172331,0,250,0.3172331,1608.591,13.17222,63.22269,0,0,0,38.42067,28.95464,9.466021,319.8471,0,568.5687,0,-1.136868e-13,1.94289e-14,4.263256e-14
naive,2026-01-17 04:15:00,1169,4.25,19.80505,3042.658,157.3314,2.629803,23.60336,1,1,2129.861,2129.543,526.5799,291.3364,817.9163,2,0,0,17.91632,800,0,153.8316,201.653,0.1008265,0.1512181,0.3172331,0,250,0.3172331,1602.964,14.33306,63.30975,4.083364,2.046271,9.270306,38.33749,28.85334,9.484148,321.7166,0,582.7834,0,-5.684342e-14,-2.656209e-14,4.263256e-14
naive,2026-01-17 04:30:00,1170,4.5,19.85772,3043.864,178.5504,5.464541,15.87973,1,1,2130.705,2130.387,679.8409,335.498,1015.339,3,196.7351,1.780038,16.82369,800,0,6.484993,200,0.1,0.1269779,0.3172331,0,250,0.3172331,1450.547,13.45895,63.25435,0,3.684503,2.420782,38.35268,26.10984,12.24285,362.0069,0,659.2084,0,0,-3.885781e-16,4.263256e-14
naive,2026-01-17 04:45:00,1171,4.75,19.66891,3081.692,227.0217,0,12.43743,1,1,2157.184,2156.867,1106.814,458.4588,1565.273,4,245.4109,0.7395075,19.12238,800,500,0,324.9685,0.1624843,0.1259371,0.3172331,0,250,0.3172331,1050.053,15.2979,63.45294,0,0,0,38.82932,18.90095,19.92836,477.3597,0,883.3349,0,-5.684342e-14,1.24345e-13,4.263256e-14
naive,2026-01-17 05:00:00,1172,5,19.63622,3085.735,277.3617,12.5917,12.48067,1,1,2160.015,2159.697,526.3355,291.2287,817.5641,2,0,0,17.56412,800,0,310.5498,247.2799,0.12364,0.2046279,0.3172331,0,250,0.3172331,1633.362,14.05129,63.48732,0,10.55329,0,38.88026,29.40052,9.479748,320.6292,0,588.0396,0,0,4.884981e-14,4.263256e-14
naive,2026-01-17 05:15:00,1173,5.25,19.3341,3116.261,350.0032,8.908219,7.674554,1,1,2181.382,2181.065,676.6165,334.7683,1011.385,3,190.9196,1.36264,19.10254,800,0,188.9639,200,0.1,0.1557085,0.3172331,0,250,0.3172331,1504.449,15.28203,63.80507,0,7.545579,0,39.26488,27.08008,12.18481,361.8484,0,664.9322,0,5.684342e-14,2.109424e-15,4.263256e-14
naive,2026-01-17 05:30:00,1174,5.5,19.54823,3118.748,423.5988,12.23949,19.39002,1,1,2183.124,2182.807,1264.058,503.8383,1767.897,4,446.6684,1.687357,19.54076,800,500,0,324.9685,0.1624843,0.1259371,0.3172331,0,250,0.3172331,918.7484,15.63261,63.57986,0,10.55214,3.757416,39.29623,16.53747,22.75876,520.9918,0,988.6587,0,0,1.24345e-13,4.263256e-14
naive,2026-01-17 05:45:00,1175,5.75,19.75801,3073.935,485.1365,0,16.22831,1,1,2151.754,2151.437,558.1615,300.8808,859.0423,2,36.80574,2.993013,19.24358,800,0,499.6694,200,0.1,0.2046279,0.3172331,0,250,0.3172331,1593.276,15.39486,63.35923,0,0,0.8334501,38.73158,28.67896,10.05262,329.6969,0,588.1147,0,-5.684342e-14,-7.993606e-15,4.263256e-14
naive,2026-01-17 06:00:00,1176,6,19.69478,3050.102,565.7068,2.070086,16.90778,1,1,2135.072,2134.754,1390.598,540.3219,1930.92,4,608.922,3.588608,18.40937,800,500,0,324.9685,0.1624843,0.1259371,0.3172331,0,250,0.3172331,744.1562,14.7275,63.42573,0,0,2.180282,38.43129,13.39481,25.03648,554.0751,0,1036.796,0,0,1.24345e-13,4.263256e-14
naive,2026-01-17 06:15:00,1177,6.25,19.61504,3063.244,639.2977,4.738887,16.57592,1,1,2144.271,2143.953,671.7682,333.312,1005.08,3,185.1947,3.941011,15.94453,800,0,499.6694,200,0.1,0.2046279,0.3172331,0,250,0.3172331,1472.185,12.75562,63.50959,0,0.7978756,3.820294,38.59687,26.49933,12.09754,360.4384,0,650.8048,0,5.684342e-14,-7.993606e-15,4.263256e-14
naive,2026-01-17 06:30:00,1178,6.5,19.38916,3109.322,716.2831,11.86476,8.800709,1,1,2176.525,2176.208,1453.794,546.2056,2000,4,750.3974,3.444578,15.71188,730.4462,500,0,324.9685,0.1624843,0.1259371,0.3172331,0,250,0.3172331,722.4137,12.56951,58.20483,0,8.420184,0,39.17746,13.00345,26.17401,559.2091,0,1067.462,0,0,1.24345e-13,4.263256e-14
naive,2026-01-17 06:45:00,1179,6.75,19.25545,3120.664,736.7178,5.18298,13.88705,1,1,2184.465,2184.147,745.1073,354.2619,1099.369,3,280.8707,1.798487,16.70003,800,0,499.6694,200,0.1,0.2046279,0.3172331,0,250,0.3172331,1439.04,13.36002,63.88779,0,3.384493,0.5270266,39.32036,25.90272,13.41764,380.2506,0,694.4657,0,0,-7.993606e-15,4.263256e-14
naive,2026-01-17 07:00:00,1180,7,19.35385,3096.201,786.0004,11.56363,13.42072,1,1,2167.34,2167.023,1460.505,539.4948,2000,4,802.4565,0.5012313,13.57847,683.4638,500,0,324.9685,0.1624843,0.1259371,0.3172331,0,250,0.3172331,706.518,10.86277,54.49283,0,11.0624,2.557946,39.01213,12.71732,26.2948,552.63,0,1063.038,0,0,1.24345e-13,4.263256e-14
naive,2026-01-17 07:15:00,1181,7.25,19.42951,3119.076,756.6551,4.000998,11.20904,1,1,2183.353,2183.036,752.2678,356.0488,1108.317,3,292.3863,1.018338,14.91196,800,0,499.6694,200,0.1,0.2046279,0.3172331,0,250,0.3172331,1430.768,11.92956,63.70472,0,2.98266,0,39.30036,25.75383,13.54653,381.8026,0,697.0825,0,-5.684342e-14,-7.993606e-15,4.263256e-14
naive,2026-01-17 07:30:00,1182,7.5,19.34752,3131.43,723.5207,1.6343,16.32375,1,1,2192.001,2191.683,1454.435,545.5655,2000,4,753.7264,1.577735,21.36242,723.3334,500,0,324.9685,0.1624843,0.1259371,0.3172331,0,250,0.3172331,737.2489,17.08994,57.67766,0,0.05656499,0,39.45601,13.27048,26.18553,558.836,0,1052.882,0,-1.136868e-13,1.24345e-13,4.263256e-14
naive,2026-01-17 07:45:00,1183,7.75,19.40822,3165.227,668.4405,8.509703,18.78903,1,1,2215.659,2215.342,677.5541,336.2364,1013.79,3,182.0535,1.861114,29.8758,800,0,499.6694,200,0.1,0.2046279,0.3172331,0,250,0.3172331,1537.788,23.90064,63.72711,0,6.648589,0,39.88186,27.68018,12.20168,363.9165,0,667.6089,0,5.684342e-14,-7.993606e-15,4.263256e-14
naive,2026-01-17 08:00:00,1184,8,19.46084,3201.785,596.0442,188.0122,16.82404,1,1,2241.249,2240.932,1451.745,548.2546,2000,4,592.2103,362.7498,29.01408,516.0259,500,0,324.9685,0.1624843,0.1259371,0.3172331,0,250,0.3172331,789.1865,23.21126,41.07035,3.833959,0,0,40.34249,14.20536,26.13713,562.4599,0,1085.329,0,2.273737e-13,1.24345e-13,4.263256e-14
naive,2026-01-17 08:15:00,1185,8.25,19.67408,3221.186,494.7311,180.9605,24.13348,1,1,2254.831,2254.513,803.3119,412.4213,1215.733,3,7.667931,368.7977,39.26758,800,0,499.6694,200,0.1,0.2046279,0.3172331,0,250,0.3172331,1451.201,31.41407,63.44749,0,0,0,40.58695,26.12162,14.46532,438.5429,0,805.7074,0,5.684342e-14,-7.993606e-15,4.263256e-14
naive,2026-01-17 08:30:00,1186,8.5,19.92891,3217.543,423.9826,182.2213,25.38381,1,1,2252.28,2251.963,1430.645,569.3552,2000,4,424.6361,375.924,41.93544,657.5044,500,0,324.9685,0.1624843,0.1259371,0.3172331,0,250,0.3172331,821.3179,33.54835,51.92599,0,0,0,40.54104,14.78372,25.75732,584.1389,0,1109.861,0,0,1.24345e-13,4.263256e-14
naive,2026-01-17 08:45:00,1187,8.75,20.07212,3208.699,326.386,185.7314,28.82174,1,1,2246.09,2245.772,714.9255,374.3684,1089.294,3,0,244.709,44.58481,800,0,499.6694,200,0.1,0.2046279,0.3172331,0,250,0.3172331,1530.847,35.64213,63.02886,0,0,0,40.42961,27.55524,12.87437,401.9236,0,732.9398,0,0,-7.993606e-15,4.263256e-14
naive,2026-01-17 09:00:00,1188,9,20.26916,3222.079,262.6061,193.5016,32.0028,1,1,2255.455,2255.138,1413.371,586.6289,2000,4,289.036,388.175,46.92329,775.8657,500,0,324.9685,0.1624843,0.1259371,0.3172331,0,250,0.3172331,841.767,37.43759,60.92643,0,0,0,40.5982,15.15181,25.44639,601.7807,0,1135.019,0,0,1.24345e-13,4.263256e-14
naive,2026-01-17 09:15:00,1189,9.25,20.45942,3243.462,208.6343,201.1997,32.96083,1,1,2270.423,2270.106,638.5626,340.7039,979.2664,2,0,126.5301,52.73637,800,0,499.6694,200,0.1,0.2046279,0.3172331,0,250,0.3172331,1631.543,41.99527,62.62152,0,0,0,40.86762,29.36778,11.49984,370.0717,0,669.6941,0,-1.136868e-13,-7.993606e-15,4.263256e-14
naive,2026-01-17 09:30:00,1190,9.5,20.38708,3274.992,156.2186,202.1233,34.53788,1,1,2292.495,2292.177,1369.879,580.2632,1950.142,4,196.3811,389.8441,63.91679,800,500,0,324.9685,0.1624843,0.1259371,0.3172331,0,250,0.3172331,922.2984,50.9355,62.6976,0,0,0,41.2649,16.60137,24.66353,596.8646,0,1123.194,0,0,1.24345e-13,4.263256e-14
naive,2026-01-17 09:45:00,1191,9.75,20.62122,3283.734,147.4695,212.101,32.38986,1,1,2298.614,2298.297,597.6103,322.6501,920.2604,2,0,48.13081,72.12962,800,0,499.6694,200,0.1,0.2046279,0.3172331,0,250,0.3172331,1700.686,57.34523,62.45134,0,0,0,41.37505,30.61235,10.7627,353.2625,0,636.2672,0,5.684342e-14,-7.993606e-15,4.263256e-14
naive,2026-01-17 10:00:00,1192,10,20.82984,3289.883,98.08068,201.6183,40.77579,1,1,2302.918,2302.601,1328.607,570.0834,1898.69,4,129.0045,397.1488,72.53674,800,500,0,324.9685,0.1624843,0.1259371,0.3172331,0,250,0.3172331,973.9943,57.54784,62.23194,0,0,0,41.45253,17.5319,23.92063,587.6153,0,1105.22,0,-2.273737e-13,1.24345e-13,4.263256e-14
naive,2026-01-17 10:15:00,1193,10.25,21.15018,3325.934,107.1469,199.5572,57.75463,1,1,2328.154,2327.837,582.2337,315.8713,898.105,2,0,16.47188,81.63311,800,0,499.6694,200,0.1,0.2046279,0.3172331,0,250,0.3172331,1745.603,64.55534,61.89501,0,0,0,41.90677,31.42085,10.48592,347.2922,0,624.9525,0,5.684342e-14,-7.993606e-15,4.263256e-14
naive,2026-01-17 10:30:00,1194,10.5,21.13756,3366.074,92.93095,204.3531,57.20395,1,1,2356.252,2355.935,1332.862,573.022,1905.884,4,120.0707,395.616,90.197,800,500,0,324.9685,0.1624843,0.1259371,0.3172331,0,250,0.3172331,1023.073,71.33677,61.90829,0,0,0,42.41253,18.41531,23.99722,591.4373,0,1113.228,0,0,1.24345e-13,4.263256e-14
naive,2026-01-17 10:45:00,1195,10.75,21.47045,3388.053,70.72392,204.349,65.07205,1,1,2371.637,2371.32,604.725,325.7866,930.5116,2,0,27.55488,102.9567,800,0,499.6694,200,0.1,0.2046279,0.3172331,0,250,0.3172331,1766.595,81.15423,61.55818,0,0,0,42.68947,31.79871,10.89076,357.5853,0,645.9177,0,0,-7.993606e-15,4.263256e-14
naive,2026-01-17 11:00:00,1196,11,21.62223,3376.411,80.32404,198.8805,70.12072,1,1,2363.488,2363.17,1359.771,584.0592,1943.83,4,127.012,399.5216,117.2964,800,500,0,324.9685,0.1624843,0.1259371,0.3172331,0,250,0.3172331,1003.4,92.31483,61.39854,0,0,0,42.54278,18.06119,24.48158,602.1203,0,1135.167,0,0,1.24345e-13,4.263256e-14
naive,2026-01-17 11:15:00,1197,11.25,21.8949,3387.357,86.97395,204.0872,79.20269,1,1,2371.15,2370.832,631.6597,337.6608,969.3204,2,0,46.49782,122.8226,800,0,499.6694,200,0.1,0.2046279,0.3172331,0,250,0.3172331,1739.173,96.3962,61.11176,0,0,0,42.68069,31.30511,11.37558,368.9659,0,669.181,0,-5.684342e-14,-7.993606e-15,4.263256e-14
naive,2026-01-17 11:30:00,1198,11.5,22.2907,3459.207,72.54551,208.5531,85.17643,1,1,2421.445,2421.128,1369.936,589.8491,1959.785,4,116.0127,408.6612,135.1115,800,500,0,324.9685,0.1624843,0.1259371,0.3172331,0,250,0.3172331,1051.191,105.6132,60.69547,0,0,0,43.58601,18.92144,24.66456,608.7705,0,1149.259,0,0,1.24345e-13,4.263256e-14
naive,2026-01-17 11:45:00,1199,11.75,22.33471,3439.277,76.53876,207.7109,89.56636,1,1,2407.494,2407.177,631.8479,337.7437,969.5917,2,0,27.01779,142.5739,800,0,499.6694,200,0.1,0.2046279,0.3172331,0,250,0.3172331,1775.329,111.3962,60.64919,0,0,0,43.33489,31.95592,11.37897,369.6997,0,671.169,0,0,-7.993606e-15,4.263256e-14
naive,2026-01-17 12:00:00,1200,12,22.40191,3442.49,105.1933,207.237,98.61992,1,1,2409.743,2409.426,1394.285,600.6006,1994.885,4,115.865,417.9104,161.1097,800,500,0,324.9685,0.1624843,0.1259371,0.3172331,0,250,0.3172331,1015.142,125.792,60.57852,0,0,0,43.37538,18.27255,25.10283,618.8731,0,1169.595,0,1.136868e-13,1.24345e-13,4.263256e-14
naive,2026-01-17 12:15:00,1201,12.25,22.76944,3477.823,100.1655,206.6927,108.9352,1,1,2434.476,2434.159,642.7157,342.5348,985.2505,2,0,17.58193,167.6686,800,0,499.6694,200,0.1,0.2046279,0.3172331,0,250,0.3172331,1791.443,130.4201,60.19196,0,0,0,43.82057,32.24598,11.57459,374.7808,0,681.8456,0,0,-7.993606e-15,4.263256e-14
naive,2026-01-17 12:30:00,1202,12.5,22.85436,3461.076,94.79178,200.415,124.9351,1,1,2422.753,2422.436,1397.324,602.6763,2000,4,108.6981,414.0121,178.8655,798.4243,500,0,324.9685,0.1624843,0.1259371,0.3172331,0,250,0.3172331,1025.112,139.008,59.98427,0,0,0,43.60956,18.45202,25.15754,621.1283,0,1174.774,0,0,1.24345e-13,4.263256e-14
naive,2026-01-17 12:45:00,1203,12.75,22.9611,3464.251,130.0247,206.8373,130.8576,1,1,2424.976,2424.659,665.58,352.6145,1018.195,3,0,26.11133,192.0832,800,0,499.6694,200,0.1,0.2046279,0.3172331,0,250,0.3172331,1759.079,149.1163,59.99039,18.40102,0,0,43.64957,31.66342,11.98615,384.2779,0,732.8084,0,0,-7.993606e-15,4.263256e-14
naive,2026-01-17 13:00:00,1204,13,23.26779,3506.313,120.5893,205.3559,138.771,1,1,2454.419,2454.102,1400.239,599.7608,2000,4,120.0357,415.0187,205.068,759.8775,500,0,324.9685,0.1624843,0.1259371,0.3172331,0,250,0.3172331,1053.863,158.6935,56.6753,0.5535832,0,0,44.17954,18.96953,25.21002,618.7303,0,1174.656,0,0,1.24345e-13,4.263256e-14
naive,2026-01-17 13:15:00,1205,13.25,23.46265,3532.333,114.974,209.8326,145.5549,1,1,2472.633,2472.316,685.2795,361.299,1046.579,3,0,25.35629,221.2222,800,0,499.6694,200,0.1,0.2046279,0.3172331,0,250,0.3172331,1787.037,170.8496,59.46288,5.682139,0,0,44.5074,32.16666,12.34074,393.4657,0,729.8373,0,-5.684342e-14,-7.993606e-15,4.263256e-14
naive,2026-01-17 13:30:00,1206,13.5,23.77876,3484.614,111.2158,214.7682,155.2163,1,1,2439.23,2438.913,1397.577,602.4225,2000,4,91.20044,411.0871,232.3614,765.351,500,0,324.9685,0.1624843,0.1259371,0.3172331,0,250,0.3172331,1041.335,178.8648,56.5694,20.01534,0,0,43.90614,18.74403,25.1621,621.1666,0,1213.219,0,0,1.24345e-13,4.263256e-14
naive,2026-01-17 13:45:00,1207,13.75,24.02354,3504.499,98.81021,209.9972,156.8832,1,1,2453.149,2452.832,686.3487,361.7704,1048.119,3,0,3.486339,244.6327,800,0,499.6694,200,0.1,0.2046279,0.3172331,0,250,0.3172331,1766.483,187.8319,58.87297,9.675417,0,0,44.15669,31.7967,12.35999,393.5671,0,737.5921,0,-5.684342e-14,-7.993606e-15,4.263256e-14
naive,2026-01-17 14:00:00,1208,14,24.21694,3496.548,81.63996,209.1791,168.9363,1,1,2447.584,2447.267,1400.919,599.0811,2000,4,111.4687,407.3854,248.2771,732.8688,500,0,324.9685,0.1624843,0.1259371,0.3172331,0,250,0.3172331,1046.348,190.2459,53.74637,0,0,0,44.05651,18.83426,25.22225,617.9153,0,1175.366,0,-1.136868e-13,1.24345e-13,4.263256e-14
naive,2026-01-17 14:15:00,1209,14.25,24.53257,3462.437,94.50067,215.4906,173.5609,1,1,2423.706,2423.389,699.0891,367.387,1066.476,3,0,8.932763,257.5433,800,0,499.6694,200,0.1,0.2046279,0.3172331,0,250,0.3172331,1724.3,196.696,58.33761,0,0,0,43.62671,31.03739,12.58931,398.4244,0,731.2189,0,0,-7.993606e-15,4.263256e-14
naive,2026-01-17 14:30:00,1210,14.5,24.99278,3493.389,105.223,213.5779,180.7156,1,1,2445.373,2445.055,1399.024,600.9757,2000,4,91.5501,407.5895,263.1219,737.7385,500,0,324.9685,0.1624843,0.1259371,0.3172331,0,250,0.3172331,1046.031,199.9878,53.35101,13.67289,0,0,44.01671,18.82856,25.18815,619.8042,0,1203.174,0,1.136868e-13,1.24345e-13,4.263256e-14
naive,2026-01-17 14:45:00,1211,14.75,25.14058,3477.012,101.2901,208.5667,184.1811,1,1,2433.909,2433.591,712.0744,373.1115,1085.186,3,0,10.58049,274.6054,800,0,499.6694,200,0.1,0.2046279,0.3172331,0,250,0.3172331,1721.517,208.3912,57.69814,3.374712,0,0,443.7765,313.8856,129.8909,686.9971,0,1314.905,0,1.136868e-13,-7.993606e-15,4.263256e-14
naive,2026-01-17 15:00:00,1212,15,25.48263,3473.206,88.06104,199.5828,193.3449,1,1,2431.244,2430.927,1400.973,599.0266,2000,4,103.1948,404.6909,273.6077,718.5066,500,0,324.9685,0.1624843,0.1259371,0.3172331,0,250,0.3172331,1029.953,206.8854,51.49751,0,0,0,446.3528,189.0895,257.2634,788.1161,0,1518.297,0,0,1.24345e-13,4.263256e-14
naive,2026-01-17 15:15:00,1213,15.25,25.76487,3447.426,92.47362,191.6155,194.129,1,1,2413.198,2412.881,715.257,374.5146,1089.772,3,0,11.52766,278.244,800,0,499.6694,200,0.1,0.2046279,0.3172331,0,250,0.3172331,1697.624,209.7628,57.04154,0,0,0,445.5796,313.454,132.1256,687.9685,0,1311.765,0,1.136868e-13,-7.993606e-15,4.263256e-14
naive,2026-01-17 15:30:00,1214,15.5,25.89939,3464.251,110.7913,198.3638,196.5828,1,1,2424.976,2424.658,1401.796,598.2036,2000,4,107.5023,403.529,279.5632,709.4055,500,0,324.9685,0.1624843,0.1259371,0.3172331,0,250,0.3172331,1022.862,210.4565,50.45652,3.288932,0,0,448.9808,189.3814,259.5994,787.5851,0,1524.08,0,-2.273737e-13,1.24345e-13,4.263256e-14
naive,2026-01-17 15:45:00,1215,15.75,26.06587,3477.28,137.55,192.1619,193.4573,1,1,2434.096,2433.779,717.9961,375.7221,1093.718,3,0,20.9553,272.7628,800,0,499.6694,200,0.1,0.2046279,0.3172331,0,250,0.3172331,1715.783,204.9739,56.72496,21.75038,0,0,452.2027,318.7556,133.4472,694.4776,0,1362.659,0,-5.684342e-14,-7.993606e-15,4.263256e-14
naive,2026-01-17 16:00:00,1216,16,26.03672,3481.635,134.7574,193.9744,193.7524,1,1,2437.144,2436.827,1405.208,594.7919,2000,4,135.7016,405.6562,270.3371,688.3051,500,0,324.9685,0.1624843,0.1259371,0.3172331,0,250,0.3172331,1031.619,203.2141,48.83148,0,0,0,452.4995,191.5385,260.961,786.3304,0,1517.725,0,0,1.24345e-13,4.263256e-14
naive,2026-01-17 16:15:00,1217,16.25,26.03734,3521.023,152.6865,200.5314,195.3172,1,1,2464.716,2464.399,744.2865,387.3122,1131.599,3,0,65.62378,265.9749,800,0,499.6694,200,0.1,0.2046279,0.3172331,0,250,0.3172331,1720.112,199.9337,56.75496,0,0,0,457.6245,319.3737,138.2508,706.6859,0,1349.522,0,-5.684342e-14,-7.993606e-15,4.263256e-14
naive,2026-01-17 16:30:00,1218,16.5,26.14124,3505.432,186.7871,202.9978,188.0447,1,1,2453.802,2453.485,1410.878,589.1221,2000,4,188.5732,394.2801,254.2459,662.9008,500,0,324.9685,0.1624843,0.1259371,0.3172331,0,250,0.3172331,1042.607,190.9057,46.9381,0,0,0,456.5669,193.9927,262.5741,783.1148,0,1513.424,0,2.273737e-13,1.24345e-13,4.263256e-14
naive,2026-01-17 16:45:00,1219,16.75,26.18791,3466.476,227.6063,194.7506,176.6386,1,1,2426.533,2426.216,744.8715,387.5701,1132.442,3,0,95.61353,236.8281,800,0,499.6694,200,0.1,0.2046279,0.3172331,0,250,0.3172331,1681.344,177.7387,56.59661,20.54445,0,0,451.9248,313.1386,138.7862,700.7087,0,1373.185,0,0,-7.993606e-15,4.263256e-14
naive,2026-01-17 17:00:00,1220,17,26.3953,3452.685,268.944,200.7343,168.8396,1,1,2416.879,2416.562,1418.207,581.7927,2000,4,258.1073,378.1277,231.7968,631.9683,500,0,324.9685,0.1624843,0.1259371,0.3172331,0,250,0.3172331,998.3549,173.5781,44.53677,10.83667,0,0,452.0474,186.7299,265.3175,768.5227,0,1505.635,0,-2.273737e-13,1.24345e-13,4.263256e-14
naive,2026-01-17 17:15:00,1221,17.25,26.24713,3433.384,312.0568,183.503,157.8235,1,1,2403.368,2403.051,813.5101,417.8294,1231.34,3,0,198.1284,233.2111,800,0,499.6694,200,0.1,0.2046279,0.3172331,0,250,0.3172331,1589.541,174.9137,56.53433,0,0,0,448.1542,296.4004,151.7537,714.2298,0,1364.858,0,0,-7.993606e-15,4.263256e-14
naive,2026-01-17 17:30:00,1222,17.5,26.21744,3423.796,380.2265,183.9962,156.5352,1,1,2396.657,2396.34,1435.307,564.6934,2000,4,392.5517,369.0239,223.2802,515.1442,500,0,324.9685,0.1624843,0.1259371,0.3172331,0,250,0.3172331,961.0337,167.5183,36.42427,0,0,0,446.6308,179.0941,267.5367,743.7876,0,1446.598,0,0,1.24345e-13,4.263256e-14
naive,2026-01-17 17:45:00,1223,17.75,26.12856,3336.803,443.7316,184.8355,155.4822,1,1,2335.762,2335.445,879.5078,446.9244,1326.432,3,0,316.6436,209.7886,800,0,499.6694,200,0.1,0.2046279,0.3172331,0,250,0.3172331,1455.937,157.5453,56.65903,0,0,0,434.491,270.8288,163.6622,717.7532,0,1371.765,0,0,-7.993606e-15,4.263256e-14
naive,2026-01-17 18:00:00,1224,18,26.08913,3342.79,482.8165,0,146.366,1,1,2339.953,2339.636,1430.611,569.3886,2000,4,511.4984,0.5517448,190.1454,797.8045,500,0,324.9685,0.1624843,0.1259371,0.3172331,0,250,0.3172331,909.0244,142.8538,56.54489,0,0,3.512198,434.9197,168.9575,265.9622,738.9989,0,1414.385,0,-2.273737e-13,1.24345e-13,4.263256e-14
naive,2026-01-17 18:15:00,1225,18.25,26.20626,3372.682,589.2558,2.322752,136.6032,1,1,2360.877,2360.56,690.8764,356.4632,1047.34,3,61.39209,0.2407115,185.7068,800,0,499.6694,200,0.1,0.2046279,0.3172331,0,250,0.3172331,1669.684,139.3451,56.57731,28.19426,2.08204,0,439.8622,311.0838,128.7784,667.547,0,1323.671,0,5.684342e-14,-7.993606e-15,4.263256e-14
naive,2026-01-17 18:30:00,1226,18.5,25.99817,3365.422,649.6003,2.879666,116.7302,1,1,2355.796,2355.478,1444.113,555.8867,2000,4,620.8606,0.1753423,168.2571,710.707,500,0,324.9685,0.1624843,0.1259371,0.3172331,0,250,0.3172331,911.3652,126.5318,50.45679,28.73973,2.704324,0,437.0515,169.0781,267.9734,724.9648,0,1447.407,0,0,1.24345e-13,4.263256e-14
naive,2026-01-17 18:45:00,1227,18.75,26.04542,3319.86,672.565,1.53962,108.5473,1,1,2323.902,2323.585,747.9709,369.2044,1117.175,3,165.8724,0.3216973,150.9811,800,0,499.6694,200,0.1,0.2046279,0.3172331,0,250,0.3172331,1575.614,113.483,56.74648,7.023169,1.217923,0,431.5506,292.5928,138.9578,661.7972,0,1273.971,0,0,-7.993606e-15,4.263256e-14
naive,2026-01-17 19:00:00,1228,19,25.88955,3348.427,700.6499,0,103.8856,1,0,2343.899,2343.582,1452.018,547.982,2000,4,690.8962,0.841975,138.8842,669.3776,500,0,324.9685,0.1624843,0.1259371,0.3172331,0,250,0.3172331,891.5636,104.5637,47.61819,9.75369,0,0,433.8826,165.0387,268.8439,713.0207,0,1389.296,0,-2.273737e-13,1.24345e-13,4.263256e-14
naive,2026-01-17 19:15:00,1229,19.25,25.75558,3334.814,699.4891,0,96.25356,0,0,2334.37,2334.052,769.3445,373.3155,1142.66,3,210.522,0.8292321,131.3087,800,0,499.6694,200,0.1,0.2046279,0.3172331,0,250,0.3172331,1564.708,99.00091,57.05131,0,0,0,430.9431,288.8575,142.0856,0,662.1729,3577.768,0,-1.136868e-13,-7.993606e-15,4.263256e-14
naive,2026-01-17 19:30:00,1230,19.5,25.78082,3352.926,699.6966,0,99.57385,0,0,2347.049,2346.731,1455.221,544.7794,2000,4,722.1859,1.033753,119.4627,657.3177,500,0,324.9685,0.1624843,0.1259371,0.3172331,0,250,0.3172331,891.5107,90.04541,46.85423,0,0,9.528439,433.5059,164.6643,268.8416,0,711.2037,3858.909,0,1.136868e-13,1.24345e-13,4.263256e-14
naive,2026-01-17 19:45:00,1231,19.75,25.62446,3338.892,684.6694,3.494275,80.32648,0,0,2337.224,2336.907,761.9614,368.8224,1130.784,3,220.931,1.923689,107.9291,800,0,499.6694,200,0.1,0.2046279,0.3172331,0,250,0.3172331,1574.946,81.48698,57.18922,0,1.570587,0,430.3243,289.9753,140.349,0,658.7977,3561.759,0,1.136868e-13,-7.993606e-15,4.263256e-14
naive,2026-01-17 20:00:00,1232,20,25.57985,3293.827,664.6853,8.224467,74.55296,0,0,2305.679,2305.362,1451.359,548.6409,2000,4,701.0396,0.7882684,99.65779,698.5143,500,0,324.9685,0.1624843,0.1259371,0.3172331,0,250,0.3172331,854.0024,75.27763,49.97532,0,7.436198,0,424.133,157.095,267.038,0,705.7359,3838.152,0,-2.273737e-13,1.24345e-13,4.263256e-14
naive,2026-01-17 20:15:00,1233,20.25,25.45015,3222.933,650.1749,0.8269336,73.45674,0,0,2256.053,2255.736,691.401,346.2346,1037.636,3,149.3208,1.401999,86.91286,800,0,499.6694,200,0.1,0.2046279,0.3172331,0,250,0.3172331,1564.335,65.74079,57.37255,1.184676,0,7.71595,413.9179,287.0084,126.9095,0,634.6587,3428.122,0,5.684342e-14,-7.993606e-15,4.263256e-14
naive,2026-01-17 20:30:00,1234,20.5,25.27166,3206.955,605.1348,0,68.92529,0,0,2244.868,2244.551,1421.196,554.7624,1975.959,4,600.9244,0.3879767,74.64616,800,500,0,324.9685,0.1624843,0.1259371,0.3172331,0,250,0.3172331,823.3549,56.56885,57.56027,4.210385,0,12.35644,410.3876,150.5187,259.8689,0,707.54,3833.977,0,0,1.24345e-13,4.263256e-14
naive,2026-01-17 20:45:00,1235,20.75,25.05861,3202.863,545.4707,0,63.11445,0,0,2242.004,2241.687,612.7279,322.8084,935.5363,2,54.69375,0.2035183,80.63907,800,0,499.6694,200,0.1,0.2046279,0.3172331,0,250,0.3172331,1628.959,61.24789,57.78435,0,0,1.86656,408.1155,296.5219,111.5936,0,619.6701,3343.178,0,-5.684342e-14,-7.993606e-15,4.263256e-14
naive,2026-01-17 21:00:00,1236,21,24.65815,3175.113,487.0799,0,57.23322,0,0,2222.579,2222.262,1330.542,528.3125,1858.855,4,487.3154,0.2209147,71.31863,800,500,0,324.9685,0.1624843,0.1259371,0.3172331,0,250,0.3172331,891.7194,54.39721,58.20553,0,0,2.836017,40.00642,16.05095,23.95547,0,544.8756,2931.335,0,-1.136868e-13,1.24345e-13,4.263256e-14
naive,2026-01-17 21:15:00,1237,21.25,24.38006,3128.618,419.4595,0,47.97772,0,0,2190.033,2189.716,559.331,305.7747,865.1058,2,0,0,65.10578,800,0,420.8311,219.7096,0.1098548,0.2046279,0.3172331,0,250,0.3172331,1630.385,49.80329,58.498,0,0,0,39.42059,29.34692,10.07367,0,335.1217,1777.359,0,5.684342e-14,-7.993606e-15,4.263256e-14
naive,2026-01-17 21:30:00,1238,21.5,24.2139,3142.712,366.2702,0,45.83927,0,0,2199.898,2199.581,769.6777,365.6687,1135.346,3,276.038,0.3570986,58.95122,800,0,78.69997,200,0.1,0.1383479,0.3172331,0,250,0.3172331,1429.904,45.17366,58.67276,11.53228,0,0.6656137,39.59817,25.73826,13.85991,0,391.5261,2107.28,0,0,-4.385381e-15,4.263256e-14
naive,2026-01-17 21:45:00,1239,21.75,24.04455,3113.844,323.6783,0,41.40763,0,0,2179.691,2179.374,1173.92,481.0693,1654.99,4,304.0299,3.227062,47.73273,800,500,0,324.9685,0.1624843,0.1259371,0.3172331,0,250,0.3172331,1005.453,36.64172,58.85087,19.64839,0,4.765913,39.23444,18.09816,21.13628,0,500.0178,2717.784,0,-5.684342e-14,1.24345e-13,4.263256e-14
naive,2026-01-17 22:00:00,1240,22,23.64795,3142.238,299.3378,0.7299767,38.10202,0,0,2199.567,2199.249,549.1474,301.2853,850.4327,2,0,0,50.43274,800,0,258.5027,260.2917,0.1301458,0.2046279,0.3172331,0,250,0.3172331,1650.102,38.87438,59.268,42.86555,0,0,39.5922,29.70184,9.890364,0,330.9871,1827.696,0,5.684342e-14,-7.993606e-15,4.263256e-14
naive,2026-01-17 22:15:00,1241,22.25,23.57287,3115.92,248.1124,0,45.78615,0,0,2181.144,2180.827,546.2009,299.9863,846.1872,2,0,0,46.18721,800,0,227.0393,203.4909,0.1017454,0.1639019,0.3172331,0,250,0.3172331,1634.626,35.6296,59.34696,25.01687,0,10.15655,39.2606,29.42327,9.837326,0,331.205,1798.016,0,0,-1.809664e-14,4.263256e-14
naive,2026-01-17 22:30:00,1242,22.5,23.43518,3116.629,192.706,0,42.21853,0,0,2181.64,2181.323,681.3527,338.0478,1019.401,3,180.903,0.5915561,37.90599,800,0,13.83545,200,0.1,0.1281352,0.3172331,0,250,0.3172331,1499.97,29.28308,59.49177,0,0,12.93545,39.26953,26.99947,12.27006,0,367.3278,1953.375,0,0,-3.885781e-16,4.263256e-14
naive,2026-01-17 22:45:00,1243,22.75,23.04863,3099.192,176.1777,0,37.41798,0,0,2169.435,2169.117,1051.949,444.6048,1496.554,3,158.5467,0,38.00704,800,500,0,324.9685,0.1624843,0.1259371,0.3172331,0,250,0.3172331,1117.168,29.47868,59.89833,17.63095,0,7.9393,39.04982,20.10903,18.94079,0,466.1032,2526.595,0,0,1.24345e-13,4.263256e-14
naive,2026-01-17 23:00:00,1244,23,22.69536,3102.203,137.6501,7.732762,25.90812,0,1,2171.542,2171.225,533.3943,294.3406,827.7349,2,0,0,27.73487,800,0,143.0487,289.1552,0.1445776,0.2046279,0.3172331,0,250,0.3172331,1637.83,21.58985,60.26988,0,4.084851,4.318275,39.08776,29.48095,9.606808,0,324.572,1724.389,0,0,-1.216804e-13,4.263256e-14
naive,2026-01-17 23:15:00,1245,23.25,22.54377,3107.337,109.5761,0,25.79699,1,1,2175.136,2174.818,533.7253,294.4865,828.2117,2,0,0,28.21171,800,0,133.0444,255.8486,0.1279243,0.1820768,0.3172331,0,250,0.3172331,1641.093,21.99525,60.42931,0,0,3.801734,39.15244,29.53968,9.612765,324.685,0,581.387,0,0,-5.195844e-14,4.263256e-14
naive,2026-01-17 23:30:00,1246,23.5,22.09534,3045.698,105.5057,0,28.12868,1,1,2131.989,2131.672,533.5707,294.4183,827.989,2,0,0,27.98899,800,0,118.3217,226.2279,0.1131139,0.1611041,0.3172331,0,250,0.3172331,1598.101,21.92202,60.90095,0,0,6.206658,38.3758,28.76582,9.609983,324.2506,0,579.9877,0,5.684342e-14,-2.495226e-14,4.263256e-14
naive,2026-01-17 23:45:00,1247,23.75,21.78255,3030.796,118.5013,2.940305,28.05774,1,1,2121.557,2121.24,533.8221,294.5292,828.3513,2,0,0,28.35131,800,0,102.7271,200.5105,0.1002552,0.1424524,0.3172331,0,250,0.3172331,1587.418,22.27675,61.22993,21.63509,0,5.780986,38.18803,28.57352,9.614509,324.0902,0,616.6173,0,5.684342e-14,-2.264855e-14,4.263256e-14
naive,2026-01-18 00:00:00,1248,0,21.56175,3021.189,95.41949,0.7854376,24.94235,1,1,2114.832,2114.515,601.1333,313.9433,915.0766,2,86.24707,4.236411,24.59312,800,0,1.915594,200,0.1,0.1262585,0.3172331,0,250,0.3172331,1513.382,19.36723,61.46215,7.256825,0,5.575129,38.06698,27.24087,10.82611,342.1326,0,627.6384,0,5.684342e-14,-2.775558e-17,4.263256e-14
naive,2026-01-18 00:15:00,1249,0.25,21.33338,3012.362,114.7168,0,25.81382,1,1,2108.653,2108.336,975.3289,420.6824,1396.011,3,75.69977,1.973155,18.33837,800,500,0,324.9685,0.1624843,0.1259371,0.3172331,0,250,0.3172331,1133.007,14.47508,61.70233,39.01705,0,11.33873,37.95576,20.39413,17.56163,442.9972,0,883.8837,0,1.705303e-13,1.24345e-13,4.263256e-14
naive,2026-01-18 00:30:00,1250,0.5,21.1172,3017.565,104.2378,0,26.18098,1,1,2112.295,2111.978,525.4801,290.8516,816.3317,2,0,0,16.33173,800,0,84.34027,303.8323,0.1519161,0.2046279,0.3172331,0,250,0.3172331,1586.498,12.91942,61.9297,22.2639,0,13.26155,38.02131,28.55696,9.464353,321.646,0,612.0263,0,5.684342e-14,3.463896e-14,4.263256e-14
naive,2026-01-18 00:45:00,1251,0.75,20.96319,3051.043,113.4953,0,21.70812,1,1,2135.73,2135.413,526.9416,291.4959,818.4374,2,0,0,18.43743,800,0,86.84358,282.0736,0.1410368,0.1913187,0.3172331,0,250,0.3172331,1608.472,14.60787,62.09169,27.39145,0,7.100251,38.44315,28.95249,9.490658,321.6429,0,620.6828,0,5.684342e-14,4.624079e-14,4.263256e-14
naive,2026-01-18 01:00:00,1252,1,20.65846,3024.799,103.2417,6.681324,19.46965,1,1,2117.359,2117.042,528.0083,291.9661,819.9744,2,0,0,19.97437,800,0,103.4107,256.1765,0.1280882,0.1776176,0.3172331,0,250,0.3172331,1589.034,15.87428,62.41219,0.2418161,6.270511,3.595369,38.11246,28.60261,9.509859,321.1702,0,583.3605,0,0,-5.156986e-14,4.263256e-14
naive,2026-01-18 01:15:00,1253,1.25,20.40142,3041.748,93.11093,0,14.86333,1,1,2129.224,2128.906,527.823,291.8844,819.7074,2,0,0,19.7074,800,0,97.46128,231.7708,0.1158854,0.1613106,0.3172331,0,250,0.3172331,1601.083,15.70263,62.68252,0,0,0,38.32602,28.8195,9.506524,320.7039,0,570.89,0,0,2.708944e-14,4.263256e-14
naive,2026-01-18 01:30:00,1254,1.5,20.48229,3031.995,100.7295,0,17.92651,1,1,2122.396,2122.079,527.9928,291.9593,819.9521,2,0,0,19.95215,800,0,103.6125,205.8312,0.1029156,0.1459427,0.3172331,0,250,0.3172331,1594.086,15.88474,62.59747,0,0,2.041769,38.20313,28.69355,9.509581,320.9933,0,571.5645,0,5.684342e-14,-5.137557e-14,4.263256e-14
naive,2026-01-18 01:45:00,1255,1.75,20.11702,3016.564,87.28182,0,17.63375,1,1,2111.595,2111.277,583.3415,308.5804,891.922,2,65.39504,1.581059,24.94585,800,0,23.19522,200,0.1,0.1296089,0.3172331,0,250,0.3172331,1527.936,19.93333,62.98164,0,0,0,38.0087,27.50285,10.50586,336.0833,0,601.3122,0,0,-1.304512e-15,4.263256e-14
naive,2026-01-18 02:00:00,1256,2,19.88671,2984.599,83.35987,3.809673,13.36362,1,1,2089.219,2088.902,981.3894,422.9328,1404.322,3,79.24138,1.214089,23.86679,800,500,0,324.9685,0.1624843,0.1259371,0.3172331,0,250,0.3172331,1107.513,19.09343,63.22386,4.118494,2.595583,0,37.60595,19.93523,17.67072,442.8681,0,826.1911,0,-1.705303e-13,1.24345e-13,4.263256e-14
naive,2026-01-18 02:15:00,1257,2.25,19.73919,2979.206,102.0682,6.208622,12.13268,1,1,2085.444,2085.127,530.7525,293.1759,823.9285,2,0,0,23.92847,800,0,79.08379,305.1464,0.1525732,0.2046279,0.3172331,0,250,0.3172331,1554.374,19.14277,63.37902,24.70425,4.488771,0,37.538,27.97874,9.559256,321.1547,0,621.3659,0,5.684342e-14,-7.904788e-14,4.263256e-14
naive,2026-01-18 02:30:00,1258,2.5,19.50265,2967.423,102.4902,8.839437,13.49416,1,1,2077.196,2076.879,532.2947,293.8558,826.1505,2,0,0,26.15054,800,0,67.6268,288.1917,0.1440958,0.1921462,0.3172331,0,250,0.3172331,1544.584,20.92044,63.6278,38.67217,5.030696,0,37.38952,27.80251,9.587015,321.6583,0,647.1228,0,-5.684342e-14,-7.299716e-14,4.263256e-14
naive,2026-01-18 02:45:00,1259,2.75,19.52094,2996.396,106.0425,8.216518,7.130857,1,1,2097.477,2097.16,534.0059,294.6102,828.6161,2,0,0,28.61607,800,0,67.88371,271.1754,0.1355877,0.1814701,0.3172331,0,250,0.3172331,1563.154,22.89285,63.60856,43.11087,3.264448,0,37.75458,28.13677,9.617816,322.7469,0,653.9317,0,5.684342e-14,9.2093e-14,4.263256e-14
naive,2026-01-18 03:00:00,1260,3,19.39852,3046.444,79.89642,4.985601,4.267969,1,1,2132.511,2132.193,529.7368,292.7281,822.4649,2,0,0,22.4649,800,0,63.03573,255.3738,0.1276869,0.1707552,0.3172331,0,250,0.3172331,1602.457,17.97192,63.73731,23.31927,0,0,38.38519,28.84422,9.540972,321.5723,0,611.666,0,0,-5.317968e-14,4.263256e-14
naive,2026-01-18 03:15:00,1261,3.25,19.3769,3063.173,83.33594,0,9.912676,1,1,2144.221,2143.904,528.8791,292.35,821.2292,2,0,0,21.22916,800,0,90.76335,232.6427,0.1163214,0.1608051,0.3172331,0,250,0.3172331,1615.025,16.98333,63.76006,0,0,0,38.59598,29.07045,9.525534,321.4205,0,571.1109,0,0,-3.055889e-14,4.263256e-14
naive,2026-01-18 03:30:00,1262,3.5,18.92736,3082.18,88.04233,0,11.14303,1,1,2157.526,2157.209,523.98,290.1902,814.1702,2,0,0,14.17021,800,0,84.93283,211.3729,0.1056864,0.1464917,0.3172331,0,250,0.3172331,1633.229,11.33617,64.23285,5.140427,0,0,38.83547,29.39812,9.43735,319.5884,0,575.782,0,5.684342e-14,4.185541e-14,4.263256e-14
naive,2026-01-18 03:45:00,1263,3.75,18.99057,3060.378,98.53577,0,6.695735,1,1,2142.264,2141.947,565.5304,302.4524,867.9827,2,50.90248,3.224814,13.85545,800,0,45.35846,200,0.1,0.1330984,0.3172331,0,250,0.3172331,1576.417,11.08436,64.16637,2.274832,0,0,38.56076,28.3755,10.18526,330.8279,0,593.3927,0,0,2.38698e-15,4.263256e-14
naive,2026-01-18 04:00:00,1264,4,19.05968,3080.992,152.8715,8.778005,8.593198,1,1,2156.694,2156.377,1007.574,429.5977,1437.172,3,120.2537,0.919189,15.9992,800,500,0,324.9685,0.1624843,0.1259371,0.3172331,0,250,0.3172331,1148.803,12.79936,64.09369,32.61781,7.858816,0,38.8205,20.67845,18.14205,450.2761,0,898.269,0,-1.136868e-13,1.24345e-13,4.263256e-14
naive,2026-01-18 04:15:00,1265,4.25,18.89245,3061.089,157.37,6.717403,14.11456,1,1,2142.762,2142.445,530.9921,293.2815,824.2736,2,0,0,24.27362,800,0,157.2438,285.6064,0.1428032,0.2046279,0.3172331,0,250,0.3172331,1611.453,19.41889,64.26957,1.825754,5.017857,0,38.56972,29.00616,9.563568,322.2877,0,584.0773,0,0,1.056932e-13,4.263256e-14
naive,2026-01-18 04:30:00,1266,4.5,19.00915,3044.53,174.6374,0,7.317171,1,1,2131.171,2130.854,526.959,291.5036,818.4626,2,0,0,18.46258,800,0,193.732,237.1285,0.1185642,0.1798422,0.3172331,0,250,0.3172331,1603.895,14.77006,64.14684,0,0,0,38.36108,28.8701,9.490973,320.3737,0,568.5821,0,1.136868e-13,-3.191891e-15,4.263256e-14
naive,2026-01-18 04:45:00,1267,4.75,19.00231,3061.641,216.2058,0.6212001,7.955502,1,1,2143.149,2142.832,593.9709,310.6754,904.6463,2,87.17549,0.3170495,17.15373,800,0,148.3645,200,0.1,0.1493163,0.3172331,0,250,0.3172331,1548.861,13.72298,64.15403,0,0.3041507,0,38.57668,27.8795,10.69719,338.5549,0,605.4611,0,0,1.165734e-15,4.263256e-14
naive,2026-01-18 05:00:00,1268,5,19.09581,3054.897,268.7234,4.941934,7.019334,1,1,2138.428,2138.11,1145.88,470.1668,1616.046,4,291.7628,7.809472,16.47421,800,500,0,324.9685,0.1624843,0.1259371,0.3172331,0,250,0.3172331,992.2308,13.17937,64.05569,0,0,0,38.4917,17.86016,20.63154,488.027,0,903.9913,0,-1.136868e-13,1.24345e-13,4.263256e-14
naive,2026-01-18 05:15:00,1269,5.25,19.31743,3082.276,307.3074,10.80029,6.865882,1,1,2157.593,2157.276,523.7893,290.1062,813.8954,2,0,0,13.89542,800,0,369.1281,232.6353,0.1163177,0.2046279,0.3172331,0,250,0.3172331,1633.487,11.11634,63.8226,0,5.333,0,38.83668,29.40276,9.433917,319.5089,0,576.4169,0,0,-6.483702e-14,4.263256e-14
naive,2026-01-18 05:30:00,1270,5.5,19.32782,3094.429,386.3926,13.13988,8.377433,1,1,2166.101,2165.783,770.606,362.7738,1133.38,3,303.8134,7.443537,22.12285,800,0,130.3949,200,0.1,0.1464871,0.3172331,0,250,0.3172331,1395.177,17.69828,63.81167,0,5.696344,0,38.98981,25.11319,13.87662,387.887,0,713.812,0,5.684342e-14,2.220446e-16,4.263256e-14
naive,2026-01-18 05:45:00,1271,5.75,19.20819,3096.14,492.3857,7.164362,8.632676,1,1,2167.298,2166.98,1312.157,517.6596,1829.816,4,508.7313,1.301664,19.78319,800,500,0,324.9685,0.1624843,0.1259371,0.3172331,0,250,0.3172331,854.8238,15.82655,63.93749,0,5.862697,0,39.01136,15.38683,23.62453,533.0464,0,1004.276,0,0,1.24345e-13,4.263256e-14
naive,2026-01-18 06:00:00,1272,6,19.2359,3092.221,586.6896,3.518393,8.580755,1,1,2164.555,2164.238,596.478,311.9348,908.4127,2,85.87971,2.727281,19.80574,800,0,499.6694,200,0.1,0.2046279,0.3172331,0,250,0.3172331,1567.76,15.84459,63.90835,1.140502,0.7911114,0,38.96199,28.21967,10.74231,340.1544,0,611.744,0,0,-7.993606e-15,4.263256e-14
naive,2026-01-18 06:15:00,1273,6.25,19.11398,3110.429,670.1152,0,17.33954,1,1,2177.3,2176.983,1430.969,552.029,1982.998,4,660.118,4.353949,18.52572,800,500,0,324.9685,0.1624843,0.1259371,0.3172331,0,250,0.3172331,746.0143,14.82058,64.03658,9.99715,0,2.518961,39.1914,13.42826,25.76315,565.867,0,1076.938,0,0,1.24345e-13,4.263256e-14
naive,2026-01-18 06:30:00,1274,6.5,19.07093,3129.327,729.5036,0,20.00852,1,1,2190.529,2190.212,709.14,344.1978,1053.338,3,232.1819,8.049025,13.10684,800,0,499.6694,200,0.1,0.2046279,0.3172331,0,250,0.3172331,1481.072,10.48547,64.08186,0,0,9.523049,39.42953,26.6593,12.77023,372.405,0,672.7178,0,-1.136868e-13,-7.993606e-15,4.263256e-14
naive,2026-01-18 06:45:00,1275,6.75,19.04885,3142.864,766.5579,0,23.35405,1,1,2200.005,2199.688,1454.696,545.3042,2000,4,756.5477,3.670694,17.00061,722.781,500,0,324.9685,0.1624843,0.1259371,0.3172331,0,250,0.3172331,744.9921,13.60049,57.91741,10.01015,0,9.753557,39.60009,13.40986,26.19023,560.2988,0,1072.708,0,-2.273737e-13,1.24345e-13,4.263256e-14
naive,2026-01-18 07:00:00,1276,7,19.04929,3182.141,766.4275,0,26.43438,1,1,2227.499,2227.182,757.6177,358.2059,1115.824,3,294.0794,6.576915,15.16724,800,0,499.6694,200,0.1,0.2046279,0.3172331,0,250,0.3172331,1469.564,12.13379,64.10461,0,0,14.30059,40.09498,26.45215,13.64283,386.9816,0,701.8455,0,0,-7.993606e-15,4.263256e-14
naive,2026-01-18 07:15:00,1277,7.25,19.3092,3175.25,759.7231,0,24.16792,1,1,2222.675,2222.358,1456.712,543.2885,2000,4,773.0005,2.655968,14.363,709.9805,500,0,324.9685,0.1624843,0.1259371,0.3172331,0,250,0.3172331,765.6465,11.4904,56.64869,0,0,12.67752,40.00815,13.78164,26.22652,559.1396,0,1054.549,0,1.136868e-13,1.24345e-13,4.263256e-14
naive,2026-01-18 07:30:00,1278,7.5,19.53729,3153.39,743.4422,1.528307,26.54775,1,1,2207.373,2207.056,714.5269,345.8719,1060.399,3,238.0721,1.575096,20.75156,800,0,499.6694,200,0.1,0.2046279,0.3172331,0,250,0.3172331,1492.529,16.60124,63.59137,5.700687,0,9.946507,39.73271,26.86552,12.86719,374.3677,0,687.0288,0,0,-7.993606e-15,4.263256e-14
naive,2026-01-18 07:45:00,1279,7.75,19.55124,3140.765,673.1854,0,23.48416,1,1,2198.535,2198.218,1444.308,555.6917,2000,4,674.7084,5.495633,26.31448,793.4815,500,0,324.9685,0.1624843,0.1259371,0.3172331,0,250,0.3172331,753.9099,21.05158,63.05867,0,0,2.432574,39.57364,13.57038,26.00326,569.6609,0,1068.381,0,2.273737e-13,1.24345e-13,4.263256e-14
naive,2026-01-18 08:00:00,1280,8,19.84331,3142.522,606.8845,0,21.19039,1,1,2199.765,2199.448,791.1537,396.6794,1187.833,3,94.94124,268.2837,24.60826,800,0,499.6694,200,0.1,0.2046279,0.3172331,0,250,0.3172331,1408.294,19.68661,63.26951,12.27379,0,1.503784,39.59577,25.3493,14.24648,422.2766,0,794.5473,0,-5.684342e-14,-7.993606e-15,4.263256e-14
naive,2026-01-18 08:15:00,1281,8.25,19.77935,3148.951,541.2253,2.04962,17.66891,1,1,2204.265,2203.948,1434.846,565.1542,2000,4,500.6365,267.1882,34.28933,697.886,500,0,324.9685,0.1624843,0.1259371,0.3172331,0,250,0.3172331,769.1024,27.43147,55.25231,40.58889,0,0,39.67678,13.84384,25.83293,578.9981,0,1165.853,0,0,1.24345e-13,4.263256e-14
naive,2026-01-18 08:30:00,1282,8.5,19.86305,3176.68,435.7059,0,20.59681,1,1,2223.676,2223.358,675.3832,356.9362,1032.319,3,0,195.9942,36.32527,800,0,499.6694,200,0.1,0.2046279,0.3172331,0,250,0.3172331,1547.975,29.06021,63.24875,11.16335,0,0,40.02616,27.86355,12.16261,384.7998,0,717.7015,0,5.684342e-14,-7.993606e-15,4.263256e-14
naive,2026-01-18 08:45:00,1283,8.75,20.02596,3246.011,361.171,0,22.92886,1,1,2272.208,2271.89,1387.819,570.7687,1958.588,4,342.6795,276.0683,39.84014,800,500,0,324.9685,0.1624843,0.1259371,0.3172331,0,250,0.3172331,884.0712,31.86384,63.07741,18.49151,0,0,40.89974,15.91328,24.98646,586.682,0,1134.3,0,0,1.24345e-13,4.263256e-14
naive,2026-01-18 09:00:00,1284,9,20.37179,3240.501,287.5315,0,31.96385,1,1,2268.351,2268.034,584.3472,316.8031,901.1503,2,0,58.02811,43.12222,800,0,499.6694,200,0.1,0.2046279,0.3172331,0,250,0.3172331,1683.686,34.36952,62.71368,12.82083,0,0,40.83032,30.30636,10.52396,347.1095,0,645.7819,0,-5.684342e-14,-7.993606e-15,4.263256e-14
naive,2026-01-18 09:15:00,1285,9.25,20.66439,3243.92,227.8335,0,36.83201,1,1,2270.744,2270.427,1306.475,549.332,1855.807,4,221.4299,287.8345,46.54274,800,500,0,324.9685,0.1624843,0.1259371,0.3172331,0,250,0.3172331,963.9515,36.98681,62.40594,6.403601,0,0,40.87339,17.35113,23.52226,566.6831,0,1074.206,0,2.273737e-13,1.24345e-13,4.263256e-14
naive,2026-01-18 09:30:00,1286,9.5,20.92849,3257.955,175.4113,1.884009,38.20544,1,1,2280.568,2280.251,550.6024,301.9267,852.5292,2,0,0,52.52918,800,0,462.9721,209.1743,0.1045872,0.2046279,0.3172331,0,250,0.3172331,1729.649,41.63316,62.12817,0.846956,0,0,41.05023,31.13367,9.916554,333.0604,0,597.6876,0,5.684342e-14,-7.993606e-15,4.263256e-14
naive,2026-01-18 09:45:00,1287,9.75,21.3096,3261.749,148.9593,0,44.46358,1,1,2283.225,2282.907,845.7399,418.59,1264.33,3,113.0457,296.4701,54.8141,800,0,36.56557,200,0.1,0.131714,0.3172331,0,250,0.3172331,1437.167,43.277,61.72735,0,0,1.186575,41.09804,25.86901,15.22903,444.66,0,819.8766,0,0,2.303713e-15,4.263256e-14
naive,2026-01-18 10:00:00,1288,10,21.61856,3273.738,116.3306,0,46.91778,1,1,2291.616,2291.299,1233.842,530.3355,1764.178,4,111.95,291.3971,60.83077,800,500,0,324.9685,0.1624843,0.1259371,0.3172331,0,250,0.3172331,1057.457,47.87695,61.4024,4.380565,0,0,41.24909,19.03422,22.21487,549.3697,0,1037.218,0,-1.136868e-13,1.24345e-13,4.263256e-14
naive,2026-01-18 10:15:00,1289,10.25,22.01649,3322.472,88.39796,0.9308235,56.93344,1,1,2325.731,2325.413,567.4633,309.3598,876.8231,2,0,0,76.82307,800,0,402.7195,224.2375,0.1121187,0.2046279,0.3172331,0,250,0.3172331,1757.95,60.21916,60.98388,0,0,0,41.86315,31.6431,10.22005,341.0029,0,613.399,0,-5.684342e-14,-7.993606e-15,4.263256e-14
naive,2026-01-18 10:30:00,1290,10.5,22.13657,3378.703,106.6478,0,66.08445,1,1,2365.092,2364.775,779.2116,401.7109,1180.922,3,8.389574,292.2686,80.26428,800,0,96.80877,200,0.1,0.1411991,0.3172331,0,250,0.3172331,1585.563,62.83951,60.85759,1.449421,0,3.244939,42.57166,28.54014,14.03152,430.809,0,795.6535,0,0,-3.608225e-16,4.263256e-14
naive,2026-01-18 10:45:00,1291,10.75,22.1446,3378.474,100.3,0,74.87956,1,1,2364.932,2364.615,1245.063,536.9605,1782.023,4,97.84015,292.4562,91.72697,800,500,0,324.9685,0.1624843,0.1259371,0.3172331,0,250,0.3172331,1119.552,71.80784,60.84914,2.459807,0,3.071724,42.56878,20.15194,22.41684,557.6407,0,1051.069,0,0,1.24345e-13,4.263256e-14
naive,2026-01-18 11:00:00,1292,11,22.32451,3396.652,78.79493,0,84.28096,1,1,2377.656,2377.339,584.7589,316.9846,901.7435,2,0,0,101.7435,800,0,392.1666,226.8757,0.1134379,0.2046279,0.3172331,0,250,0.3172331,1792.58,79.50277,60.65992,0,0,4.778187,42.79781,32.26644,10.53137,350.0757,0,631.9089,0,0,4.884981e-14,4.263256e-14
naive,2026-01-18 11:15:00,1293,11.25,22.66958,3437.798,83.94282,0,89.65945,1,1,2406.459,2406.141,799.7311,411.5224,1211.254,3,1.954062,298.538,110.7615,800,0,107.36,200,0.1,0.1428603,0.3172331,0,250,0.3172331,1606.41,86.2437,60.297,0,0,3.415749,43.31626,28.91539,14.40087,441.0312,0,814.2283,0,-1.136868e-13,1.471046e-15,4.263256e-14
naive,2026-01-18 11:30:00,1294,11.5,22.93979,3458.575,103.7505,0,97.79579,1,1,2421.002,2420.685,1266.469,547.0729,1813.542,4,92.1602,300.603,120.7784,800,500,0,324.9685,0.1624843,0.1259371,0.3172331,0,250,0.3172331,1154.217,93.78218,60.0128,11.59032,0,4.013612,43.57804,20.7759,22.80215,568.5497,0,1089.578,0,0,1.24345e-13,4.263256e-14
naive,2026-01-18 11:45:00,1295,11.75,23.29136,3464.969,114.8784,0,101.6635,1,1,2425.478,2425.161,602.322,324.7273,927.0493,2,0,0,127.0493,800,0,395.2668,226.1007,0.1130503,0.2046279,0.3172331,0,250,0.3172331,1822.839,98.2941,59.64304,20.71345,0,3.369374,43.65861,32.8111,10.84751,358.1307,0,684.8938,0,0,-7.993606e-15,4.263256e-14
naive,2026-01-18 12:00:00,1296,12,23.61694,3484.957,115.5385,0,107.4478,1,1,2439.47,2439.152,828.0091,423.5415,1251.551,3,5.713828,304.0413,141.7954,800,0,104.2603,200,0.1,0.1423723,0.3172331,0,250,0.3172331,1611.143,109.3334,59.30062,5.564381,0,0,43.91045,29.00058,14.90987,452.5421,0,847.9695,0,5.684342e-14,5.440093e-15,4.263256e-14
naive,2026-01-18 12:15:00,1297,12.25,23.91385,3491.168,100.6391,0,117.852,1,1,2443.818,2443.5,1296.68,559.2694,1855.949,4,101.5923,302.0666,152.2903,800,500,0,324.9685,0.1624843,0.1259371,0.3172331,0,250,0.3172331,1146.821,117.0639,58.98834,0,0,0.7880145,43.98872,20.64277,23.34595,580.0524,0,1093.743,0,0,1.24345e-13,4.263256e-14
naive,2026-01-18 12:30:00,1298,12.5,24.24623,3483.315,121.9077,6.999536,126.522,1,1,2438.32,2438.003,631.2337,337.473,968.7067,2,0,0,168.7067,800,0,399.6286,225.0102,0.1125051,0.2046279,0.3172331,0,250,0.3172331,1806.769,129.2344,58.63877,20.77716,0,0,43.88976,32.52185,11.36792,369.9948,0,709.8616,0,1.136868e-13,4.884981e-14,4.263256e-14
naive,2026-01-18 12:45:00,1299,12.75,24.37352,3506.373,122.0982,3.722728,135.7134,1,1,2454.461,2454.144,865.0594,437.9199,1302.979,3,22.14926,301.9976,178.8324,800,0,99.89917,200,0.1,0.1416856,0.3172331,0,250,0.3172331,1589.085,136.8089,58.50489,0.04975931,0,0,44.1803,28.60352,15.57678,466.5234,0,867.3147,0,1.136868e-13,6.217249e-15,4.263256e-14
naive,2026-01-18 13:00:00,1300,13,24.73278,3497.415,116.2923,2.910931,148.5283,1,1,2448.19,2447.873,1337.739,575.1036,1912.842,4,120.6465,301.5173,190.6785,800,500,0,324.9685,0.1624843,0.1259371,0.3172331,0,250,0.3172331,1110.134,145.3233,58.12703,0,0,3.205038,44.06742,19.98242,24.08501,595.6656,0,1125.938,0,0,1.24345e-13,4.263256e-14
naive,2026-01-18 13:15:00,1301,13.25,24.81107,3493.424,116.4165,0,157.2979,1,1,2445.397,2445.079,655.0391,347.9675,1003.007,3,0,0,203.0066,800,0,416.99,220.6699,0.1103349,0.2046279,0.3172331,0,250,0.3172331,1790.04,154.5919,58.0447,3.770886,0,2.706021,44.01714,32.22072,11.79641,380.6784,0,702.5613,0,5.684342e-14,-7.993606e-15,4.263256e-14
naive,2026-01-18 13:30:00,1302,13.5,25.00073,3509.046,108.0015,0,155.2834,1,1,2456.333,2456.015,890.5477,449.4419,1339.99,3,19.74993,304.9823,215.2574,800,0,82.54045,200,0.1,0.1389526,0.3172331,0,250,0.3172331,1565.468,163.5944,57.84522,5.711127,0,0,446.6124,284.6346,161.9778,734.0765,0,1412.929,0,-1.136868e-13,-6.855627e-15,4.263256e-14
naive,2026-01-18 13:45:00,1303,13.75,25.01386,3485.501,116.8936,0,166.5635,1,1,2439.851,2439.534,1340.977,579.623,1920.6,4,94.65634,303.7569,222.1869,800,500,0,324.9685,0.1624843,0.1259371,0.3172331,0,250,0.3172331,1098.556,168.8374,57.83141,22.23726,0,0,443.7322,199.7929,243.9393,779.4159,0,1532.131,0,-1.136868e-13,1.24345e-13,4.263256e-14
naive,2026-01-18 14:00:00,1304,14,25.27132,3510.387,99.56939,0,176.9812,1,1,2457.271,2456.954,675.6416,357.0501,1032.692,3,0,0,232.6917,800,0,395.5234,226.0365,0.1130182,0.2046279,0.3172331,0,250,0.3172331,1781.312,176.3406,57.56062,4.22362,0,0.6406121,449.2142,325.642,123.5722,682.8093,0,1308.149,0,-5.684342e-14,-7.993606e-15,4.263256e-14
naive,2026-01-18 14:15:00,1305,14.25,25.25087,3494.113,100.7692,0,188.6406,1,1,2445.879,2445.562,887.5515,450.4704,1338.022,3,0,297.2889,240.733,800,0,104.0037,200,0.1,0.1423319,0.3172331,0,250,0.3172331,1558.01,182.4739,57.58214,3.690661,0,6.166674,446.9478,284.7031,162.2447,736.3003,0,1414.187,0,0,-1.859624e-15,4.263256e-14
naive,2026-01-18 14:30:00,1306,14.5,25.60838,3473.066,99.35878,0,189.5999,1,1,2431.146,2430.829,1362.155,588.452,1950.607,4,98.92176,302.6866,248.9991,800,500,0,324.9685,0.1624843,0.1259371,0.3172331,0,250,0.3172331,1068.673,188.0274,57.20613,0.4370263,0,1.572457,447.4712,196.6976,250.7736,785.439,0,1507.275,0,0,1.24345e-13,4.263256e-14
naive,2026-01-18 14:45:00,1307,14.75,25.59458,3490.71,85.73716,0,186.6454,1,1,2443.497,2443.18,692.4542,364.4619,1056.916,3,0,0,256.9161,800,0,401.8189,224.4626,0.1122313,0.2046279,0.3172331,0,250,0.3172331,1750.726,194.0342,57.22064,0,0,0,449.6189,322.1446,127.4743,686.6065,0,1308.84,0,-1.136868e-13,-7.993606e-15,4.263256e-14
naive,2026-01-18 15:00:00,1308,15,25.78078,3505.007,100.9897,0,187.5335,1,1,2453.505,2453.188,898.9693,455.5039,1354.473,3,0,290.8031,263.6701,800,0,97.70917,200,0.1,0.1413408,0.3172331,0,250,0.3172331,1554.219,198.7423,57.02481,6.151209,0,0,453.1683,287.0679,166.1004,742.5719,0,1431.602,0,0,-4.635181e-15,4.263256e-14
naive,2026-01-18 15:15:00,1309,15.25,25.90255,3520.764,99.44535,0,197.4226,1,1,2464.535,2464.218,1365.045,589.6273,1954.673,4,99.75087,288.2091,266.7126,800,500,0,324.9685,0.1624843,0.1259371,0.3172331,0,250,0.3172331,1099.173,200.7758,56.89674,0,0,0,456.3345,203.5233,252.8112,793.1507,0,1522.293,0,0,1.24345e-13,4.263256e-14
naive,2026-01-18 15:30:00,1310,15.5,25.91612,3539.485,106.8987,0,194.1948,1,1,2477.639,2477.322,701.0571,368.2545,1069.312,3,0,0,269.3116,800,0,401.5997,224.5174,0.1122587,0.2046279,0.3172331,0,250,0.3172331,1776.265,202.703,56.88246,0,0,0,458.8878,328.9851,129.9027,697.2396,0,1330.486,0,-5.684342e-14,4.884981e-14,4.263256e-14
naive,2026-01-18 15:45:00,1311,15.75,26.19505,3495.106,144.3791,0,199.1473,1,1,2446.574,2446.257,921.4137,461.8825,1383.296,3,29.55706,289.5435,264.1956,800,0,97.92837,200,0.1,0.1413753,0.3172331,0,250,0.3172331,1524.843,198.2628,56.5891,16.89365,0,0.8844487,455.7239,284.0329,171.691,746.0801,0,1457.639,0,-1.705303e-13,2.997602e-15,4.263256e-14
naive,2026-01-18 16:00:00,1312,16,26.23963,3473.89,159.3972,0,195.908,1,1,2431.723,2431.406,1392.09,597.3496,1989.439,4,135.0597,290.9956,263.3841,800,500,0,324.9685,0.1624843,0.1259371,0.3172331,0,250,0.3172331,1039.316,197.5599,56.54221,24.33747,0,0,453.3717,193.7706,259.6011,791.1202,0,1560.613,0,0,1.24345e-13,4.263256e-14
naive,2026-01-18 16:15:00,1313,16.25,26.51771,3433.545,187.1912,0,203.7319,1,1,2403.482,2403.164,696.3827,366.1938,1062.577,3,0,0,262.5766,800,0,450.4385,212.3077,0.1061539,0.2046279,0.3172331,0,250,0.3172331,1706.782,196.3701,56.24974,28.02115,0,7.361805,450.6766,320.0384,130.6381,687.6127,0,1360.281,0,0,-7.993606e-15,4.263256e-14
naive,2026-01-18 16:30:00,1314,16.5,26.45432,3405.496,199.198,0,202.9021,1,1,2383.847,2383.53,998.6626,482.9552,1481.618,3,138.6901,290.8264,252.1013,800,0,49.09727,200,0.1,0.1336871,0.3172331,0,250,0.3172331,1384.868,188.6639,56.31641,11.41071,0,14.23814,446.4113,259.3373,187.074,744.9588,0,1446.245,0,-1.136868e-13,-6.938894e-16,4.263256e-14
naive,2026-01-18 16:45:00,1315,16.75,26.40752,3417.866,243.2709,0,197.6164,1,1,2392.506,2392.189,1408.261,591.7394,2000,4,218.5462,283.5459,235.8537,762.0543,500,0,324.9685,0.1624843,0.1259371,0.3172331,0,250,0.3172331,983.9281,176.593,53.69209,24.72474,0,21.02341,447.6013,184.0779,263.5234,779.7504,0,1541.747,0,0,1.24345e-13,4.263256e-14
naive,2026-01-18 17:00:00,1316,17,26.19168,3410.616,264.2297,0,184.8989,1,1,2387.431,2387.114,704.9097,369.9529,1074.863,3,0,46.71716,228.1455,800,0,499.6694,200,0.1,0.2046279,0.3172331,0,250,0.3172331,1682.204,171.2156,56.59265,0.02413956,0,13.68331,444.6766,313.3229,131.3537,685.8245,0,1308.024,0,-2.273737e-13,-7.993606e-15,4.263256e-14
naive,2026-01-18 17:15:00,1317,17.25,26.29701,3399.861,304.3715,0,171.9063,1,1,2379.903,2379.586,1420.21,579.7899,2000,4,319.0705,269.469,220.4814,690.9791,500,0,324.9685,0.1624843,0.1259371,0.3172331,0,250,0.3172331,959.3756,165.2781,48.78473,0,0,6.62819,444.2331,179.0772,265.1559,760.1044,0,1465.326,0,1.136868e-13,1.24345e-13,4.263256e-14
naive,2026-01-18 17:30:00,1318,17.5,26.43352,3390.997,358.0911,0,165.5872,1,1,2373.698,2373.381,771.3188,399.2293,1170.548,3,0,155.4503,215.0978,800,0,499.6694,200,0.1,0.2046279,0.3172331,0,250,0.3172331,1602.062,161.0075,56.33829,0,0,4.579672,444.3203,299.8817,144.4386,699.9683,0,1336.556,0,-1.136868e-13,-7.993606e-15,4.263256e-14
naive,2026-01-18 17:45:00,1319,17.75,26.46305,3360.188,435.8421,4.038629,155.6165,1,1,2352.132,2351.814,1436.697,563.3027,2000,4,447.7108,267.3912,208.1563,576.7417,500,0,324.9685,0.1624843,0.1259371,0.3172331,0,250,0.3172331,915.1171,155.7625,40.5934,0,0,0,440.5513,171.4003,269.151,734.7029,0,1423.738,0,2.273737e-13,1.24345e-13,4.263256e-14
naive,2026-01-18 18:00:00,1320,18,26.42681,3372.017,487.687,8.380723,145.1526,1,1,2360.412,2360.095,647.7948,344.7739,992.5688,2,0,0,192.5688,800,0,496.3452,200.831,0.1004155,0.2046279,0.3172331,0,250,0.3172331,1712.3,144.1542,56.34534,0,8.138486,0.9984179,441.7723,320.4723,121.3,665.4331,0,1281.517,0,-5.684342e-14,-7.993606e-15,4.263256e-14
naive,2026-01-18 18:15:00,1321,18.25,26.27712,3323.662,550.4854,6.646436,138.0512,1,1,2326.563,2326.246,1087.846,470.5677,1558.414,4,573.3281,1.350896,183.7352,800,0,3.197732,200,0.1,0.1264604,0.3172331,0,250,0.3172331,1238.399,137.7615,56.50278,0,5.295539,0.2896411,434.0994,231.0655,203.0339,701.6873,0,1348.944,0,0,-1.94289e-16,4.263256e-14
naive,2026-01-18 18:30:00,1322,18.5,26.54021,3321.312,615.0651,10.08747,136.4313,1,1,2324.918,2324.601,1445.932,554.0684,2000,4,636.6053,1.660418,161.1216,700.6126,500,0,324.9685,0.1624843,0.1259371,0.3172331,0,250,0.3172331,878.6694,120.4672,49.24087,0,8.42705,15.96414,436.1476,164.8357,271.3119,721.899,0,1402.939,0,0,1.24345e-13,4.263256e-14
naive,2026-01-18 18:45:00,1323,18.75,26.57492,3285.875,636.8453,0.05864179,127.1615,0,1,2300.113,2299.796,748.9449,369.1779,1118.123,3,169.7046,1.001206,147.417,800,0,499.6694,200,0.1,0.2046279,0.3172331,0,250,0.3172331,1550.851,110.1795,56.18957,0,0,16.98197,431.8035,291.1434,140.66,0,663.5094,3586.088,0,0,-7.993606e-15,4.263256e-14
naive,2026-01-18 19:00:00,1324,19,26.25724,3246.447,707.7258,0,119.3425,0,0,2272.513,2272.196,1452.679,547.3214,2000,4,696.2068,0.3486455,138.3943,665.0503,500,0,324.9685,0.1624843,0.1259371,0.3172331,0,250,0.3172331,819.517,103.7877,46.98887,11.51903,0,15.55476,423.8415,152.8464,270.9952,0,703.0688,3833.886,0,0,1.24345e-13,4.263256e-14
naive,2026-01-18 19:15:00,1325,19.25,26.12894,3281.884,741.4747,0,106.2648,0,0,2297.319,2297.002,762.8677,371.1851,1134.053,3,204.4286,0.3393201,129.2849,800,0,499.6694,200,0.1,0.2046279,0.3172331,0,250,0.3172331,1534.134,97.08889,56.65863,37.37663,0,9.175915,427.3433,285.3769,141.9663,0,658.2689,3621.213,0,5.684342e-14,-7.993606e-15,4.263256e-14
naive,2026-01-18 19:30:00,1326,19.5,25.68852,3250.088,730.8691,1.276773,89.99866,0,0,2275.062,2274.744,1453.894,546.1063,2000,4,709.8844,0.4098417,126.3274,663.3783,500,0,324.9685,0.1624843,0.1259371,0.3172331,0,250,0.3172331,820.8506,95.31298,47.36674,20.98463,0.8669312,0,419.4232,151.3294,268.0938,0,697.4357,3820.303,0,1.136868e-13,1.24345e-13,4.263256e-14
naive,2026-01-18 19:45:00,1327,19.75,25.78526,3247.246,713.3343,0,81.03737,0,0,2273.072,2272.755,746.5707,364.3843,1110.955,3,201.2027,2.736061,107.0163,800,0,499.6694,200,0.1,0.2046279,0.3172331,0,250,0.3172331,1526.184,80.66012,57.02009,12.46216,0,0.377247,419.8801,281.9156,137.9646,0,646.3696,3512.382,0,5.684342e-14,-7.993606e-15,4.263256e-14
naive,2026-01-18 20:00:00,1328,20,25.91819,3206.978,707.9294,0,64.78977,0,0,2244.885,2244.567,1448.858,551.1424,2000,4,680.9984,4.837935,99.1585,715.0052,500,0,324.9685,0.1624843,0.1259371,0.3172331,0,250,0.3172331,795.7098,74.63209,50.83713,26.93096,0,0,415.7964,147.381,268.4154,0,698.5233,3831.143,0,0,1.24345e-13,4.263256e-14
naive,2026-01-18 20:15:00,1329,20.25,25.96821,3173.495,680.7423,0,74.16675,0,0,2221.446,2221.129,695.5158,347.9786,1043.494,3,149.9094,1.086923,92.49802,800,0,499.6694,200,0.1,0.2046279,0.3172331,0,250,0.3172331,1525.613,69.58203,56.82767,31.16346,0,4.584715,411.875,282.8616,129.0133,0,631.6902,3464.122,0,5.684342e-14,-7.993606e-15,4.263256e-14
naive,2026-01-18 20:30:00,1330,20.5,25.80677,3190.703,630.0765,2.888951,66.63674,0,0,2233.492,2233.175,1428.846,557.889,1986.735,4,602.989,0.1375523,83.6082,800,500,0,324.9685,0.1624843,0.1259371,0.3172331,0,250,0.3172331,804.3294,63.00261,56.99747,27.0875,2.751399,3.634128,412.7494,148.6401,264.1093,0,707.2007,3876.954,0,0,1.24345e-13,4.263256e-14
naive,2026-01-18 20:45:00,1331,20.75,25.56473,3183.614,553.3038,0,54.51177,0,0,2228.53,2228.213,609.6944,322.0655,931.7598,2,49.69697,0.07809362,81.98477,800,0,499.6694,200,0.1,0.2046279,0.3172331,0,250,0.3172331,1618.518,61.93803,57.25203,3.937354,0,0,409.816,297.6378,112.1782,0,619.7032,3350.751,0,0,-7.993606e-15,4.263256e-14
naive,2026-01-18 21:00:00,1332,21,25.20834,3167.793,508.3257,2.409388,54.03116,0,0,2217.455,2217.138,1331.311,528.7305,1860.042,4,486.652,0.06820484,73.32164,800,500,0,324.9685,0.1624843,0.1259371,0.3172331,0,250,0.3172331,885.8263,55.60225,57.62687,21.67367,2.341184,0,404.8606,161.7332,243.1273,0,690.4637,3774.146,0,2.273737e-13,1.24345e-13,4.263256e-14
naive,2026-01-18 21:15:00,1333,21.25,25.09758,3162.851,461.6072,2.551712,50.35935,0,0,2213.996,2213.678,558.3751,305.3533,863.7284,2,0,0,63.72838,800,0,419.4759,220.0484,0.1100242,0.2046279,0.3172331,0,250,0.3172331,1655.303,48.38382,57.74335,42.2325,2.450449,1.975532,403.3318,301.5528,101.7791,0,607.266,3352.08,0,-1.136868e-13,-7.993606e-15,4.263256e-14
naive,2026-01-18 21:30:00,1334,21.5,24.81102,3160.93,372.4349,4.593367,42.40871,0,0,2212.651,2212.334,773.2416,366.712,1139.954,3,280.4747,0.166873,59.31212,800,0,80.05495,200,0.1,0.1385612,0.3172331,0,250,0.3172331,1439.092,45.16688,58.04475,11.90522,4.426494,0,39.82772,25.90366,13.92406,0,392.6157,2122.258,0,1.136868e-13,3.247402e-15,4.263256e-14
naive,2026-01-18 21:45:00,1335,21.75,24.5665,3163.523,317.4028,8.357049,40.57461,0,0,2214.466,2214.149,1183.165,483.8861,1667.051,4,314.6117,1.445783,50.99377,800,500,0,324.9685,0.1624843,0.1259371,0.3172331,0,250,0.3172331,1030.984,38.93211,58.30192,2.791123,6.911267,1.642493,39.86039,18.55771,21.30268,0,502.7399,2716.216,0,-5.684342e-14,1.24345e-13,4.263256e-14
naive,2026-01-18 22:00:00,1336,22,24.28169,3155.544,289.7264,8.514999,45.33061,0,0,2208.881,2208.564,548.7037,301.0897,849.7934,2,0,0,49.79336,800,0,281.2266,254.6107,0.1273054,0.2046279,0.3172331,0,250,0.3172331,1659.86,38.12909,58.60147,9.816616,7.198162,7.201523,39.75986,29.87748,9.882376,0,332.258,1790.843,0,0,-7.993606e-15,4.263256e-14
naive,2026-01-18 22:15:00,1337,22.25,24.03541,3152.826,226.6103,6.247224,36.4241,0,0,2206.979,2206.661,566.9166,306.9126,873.8292,2,18.54632,1.792379,53.49047,800,0,218.2825,200,0.1,0.1603246,0.3172331,0,250,0.3172331,1639.745,41.06553,58.86049,0,4.454845,0,39.72561,29.5154,10.21021,0,336.428,1791.82,0,0,5.578871e-15,4.263256e-14
naive,2026-01-18 22:30:00,1338,22.5,23.94197,3140.651,190.9734,3.537759,33.3274,0,0,2198.455,2198.138,1085.728,455.3338,1541.061,4,193.5364,0.2839469,47.24103,800,500,0,324.9685,0.1624843,0.1259371,0.3172331,0,250,0.3172331,1112.411,36.30304,58.95876,0,3.253812,0,39.5722,20.02339,19.54881,0,475.3572,2553.749,0,-5.684342e-14,1.24345e-13,4.263256e-14
naive,2026-01-18 22:45:00,1339,22.75,23.94594,3125.84,178.026,0,31.27549,1,0,2188.088,2187.771,544.5329,299.251,843.7839,2,0,0,43.7839,800,0,168.1322,282.8843,0.1414422,0.2046279,0.3172331,0,250,0.3172331,1643.238,33.64497,58.95459,9.893849,0,0,39.38559,29.57828,9.807303,328.8293,0,608.4015,0,5.684342e-14,-7.993606e-15,4.263256e-14
naive,2026-01-18 23:00:00,1340,23,23.74328,3136.521,137.4468,0,26.62643,1,1,2195.565,2195.248,535.4879,295.2635,830.7514,2,0,0,30.75142,800,0,144.4286,246.7326,0.1233663,0.1781281,0.3172331,0,250,0.3172331,1659.76,23.68025,59.16773,0,0,2.946185,39.52017,29.87568,9.644493,325.6617,0,584.7598,0,0,-2.525757e-15,4.263256e-14
naive,2026-01-18 23:15:00,1341,23.25,23.52127,3065.388,126.4294,0,26.31098,1,1,2145.772,2145.454,535.5086,295.2727,830.7813,2,0,0,30.7813,800,0,120.1379,216.6593,0.1083297,0.1553639,0.3172331,0,250,0.3172331,1609.946,23.75793,59.40123,7.010986,0,2.55305,38.62389,28.97902,9.644866,324.7025,0,594.6726,0,0,-4.446443e-14,4.263256e-14
naive,2026-01-18 23:30:00,1342,23.5,23.15065,3079.829,87.59594,0,24.49245,1,1,2155.88,2155.563,571.1444,305.7578,876.9021,2,43.92127,0.6299905,32.35088,800,0,66.50083,200,0.1,0.1364272,0.3172331,0,250,0.3172331,1584.419,25.0653,59.79104,0,0,0,38.80585,28.51954,10.28631,334.2773,0,601.2897,0,0,-5.107026e-15,4.263256e-14
naive,2026-01-18 23:45:00,1343,23.75,22.76706,3071.677,101.5674,0,31.40768,1,1,2150.174,2149.857,1012.19,433.022,1445.212,3,108.5713,4.249373,32.39107,800,500,0,324.9685,0.1624843,0.1259371,0.3172331,0,250,0.3172331,1137.667,25.19583,60.19447,0,0,6.211856,38.70313,20.47801,18.22512,454.5812,0,841.4436,0,0,1.24345e-13,4.263256e-14
naive,2026-01-19 00:00:00,1344,0,22.40842,3068.433,120.1339,0,30.49511,1,1,2147.903,2147.586,533.883,294.556,828.4391,2,0,0,28.43905,800,0,94.28307,301.3466,0.1506733,0.2046279,0.3172331,0,250,0.3172331,1613.703,22.2033,60.57167,28.21377,0,8.291811,38.66226,29.04666,9.615605,325.036,0,630.5976,0,5.684342e-14,7.727152e-14,4.263256e-14
naive,2026-01-19 00:15:00,1345,0.25,22.30767,3054.9,114.4183,0,30.40488,1,1,2138.43,2138.112,532.332,293.8722,826.2042,2,0,0,26.20422,800,0,97.74842,276.862,0.138431,0.1897535,0.3172331,0,250,0.3172331,1605.78,20.47961,60.67763,17.5875,0,9.92527,38.49173,28.90405,9.587686,324.4887,0,611.0534,0,0,-6.544765e-14,4.263256e-14
naive,2026-01-19 00:30:00,1346,0.5,22.12499,3032.947,109.3249,0,28.36601,1,1,2123.063,2122.746,531.906,293.6844,825.5904,2,0,0,25.59042,800,0,94.88701,253.0967,0.1265484,0.174336,0.3172331,0,250,0.3172331,1590.84,20.0373,60.86976,15.5486,0,8.328713,38.21513,28.63512,9.580018,323.7515,0,605.8459,0,5.684342e-14,-2.356448e-14,4.263256e-14
naive,2026-01-19 00:45:00,1347,0.75,22.03963,3046.337,106.6877,0,24.42274,1,1,2132.436,2132.118,530.3588,293.0023,823.3611,2,0,0,23.36112,800,0,100.9781,227.8123,0.1139062,0.1593713,0.3172331,0,250,0.3172331,1601.76,18.30771,60.95954,6.012805,0,6.115029,38.38384,28.83167,9.552168,322.8837,0,587.56,0,0,1.337819e-14,4.263256e-14
naive,2026-01-19 01:00:00,1348,1,21.8862,3013.725,108.9466,0,29.30754,1,1,2109.608,2109.29,529.7613,292.7389,822.5002,2,0,0,22.50021,800,0,106.7168,201.0973,0.1005486,0.1434501,0.3172331,0,250,0.3172331,1579.529,17.66065,61.12091,6.038972,0,11.64689,37.97294,28.43152,9.541413,323.1639,0,587.9841,0,0,6.250556e-14,4.263256e-14
naive,2026-01-19 01:15:00,1349,1.25,21.62996,2992.158,98.13683,0,25.20029,1,1,2094.511,2094.194,597.7312,311.9838,909.715,2,90.11185,0.5423326,19.06085,800,0,4.262496,200,0.1,0.126628,0.3172331,0,250,0.3172331,1496.462,15.00013,61.39041,3.762482,0,10.20016,37.7012,26.93632,10.76487,340.6576,0,618.7413,0,0,2.775558e-17,4.263256e-14
naive,2026-01-19 01:30:00,1350,1.5,21.27145,2974.458,101.5955,0,21.6446,1,1,2082.12,2081.803,996.5857,426.9434,1423.529,3,101.8429,0.3012676,21.38498,800,500,0,324.9685,0.1624843,0.1259371,0.3172331,0,250,0.3172331,1085.217,16.89046,61.76747,0,0,4.75414,37.47817,19.53391,17.94425,447.2818,0,825.0751,0,-1.136868e-13,1.24345e-13,4.263256e-14
naive,2026-01-19 01:45:00,1351,1.75,21.03689,3022.991,109.7794,0,20.16953,1,1,2116.093,2115.776,530.3985,293.0199,823.4184,2,0,0,23.41836,800,0,88.57329,302.774,0.151387,0.2046279,0.3172331,0,250,0.3172331,1585.378,18.54043,62.01417,21.92582,0,1.629101,38.08968,28.5368,9.552883,321.8311,0,611.7183,0,-5.684342e-14,-6.483702e-14,4.263256e-14
naive,2026-01-19 02:00:00,1352,2,20.67298,3022.262,108.8578,0,21.16329,1,1,2115.584,2115.266,527.9835,291.9552,819.9387,2,0,0,19.9387,800,0,84.06439,281.7103,0.1408551,0.1906524,0.3172331,0,250,0.3172331,1587.283,15.84361,62.39691,27.4501,0,5.319676,38.08051,28.57109,9.509413,321.4165,0,619.9878,0,0,1.015854e-13,4.263256e-14
naive,2026-01-19 02:15:00,1353,2.25,20.76845,3023.809,113.4374,0,17.86643,1,1,2116.666,2116.349,527.4029,291.6992,819.1021,2,0,0,19.10212,800,0,95.2881,257.8439,0.128922,0.1773888,0.3172331,0,250,0.3172331,1588.946,15.16427,62.2965,22.3259,0,2.70216,38.09999,28.60103,9.498962,320.7532,0,609.9351,0,-5.684342e-14,-4.551914e-15,4.263256e-14
naive,2026-01-19 02:30:00,1354,2.5,20.6438,2992.308,108.7995,1.058726,14.89606,1,1,2094.616,2094.299,528.7157,292.278,820.9937,2,0,0,20.99374,800,0,91.73389,234.8698,0.1174349,0.1623605,0.3172331,0,250,0.3172331,1565.583,16.68687,62.4276,23.64632,0,0,37.70309,28.18049,9.522593,320.4585,0,611.4758,0,0,4.801715e-14,4.263256e-14
naive,2026-01-19 02:45:00,1355,2.75,20.44605,3003.104,116.5689,1.480424,13.96553,1,1,2102.173,2101.855,526.4228,291.2672,817.69,2,0,0,17.69001,800,0,93.20738,211.531,0.1057655,0.1478941,0.3172331,0,250,0.3172331,1575.433,14.08889,62.63558,30.07189,0,0,37.83911,28.35779,9.481321,319.625,0,620.6589,0,-5.684342e-14,-7.521761e-15,4.263256e-14
naive,2026-01-19 03:00:00,1356,3,20.56849,3030.709,101.5759,0.6412726,11.79423,1,1,2121.496,2121.179,545.0452,296.7161,841.7613,2,23.20768,5.59485,12.9588,800,0,45.99089,200,0.1,0.133198,0.3172331,0,250,0.3172331,1576.134,10.3081,62.50681,32.3773,0,1.486125,38.18694,28.37041,9.816524,325.3347,0,636.2001,0,0,3.275158e-15,4.263256e-14
naive,2026-01-19 03:15:00,1357,3.25,20.3884,3007.24,100.5771,0,15.35965,1,1,2105.068,2104.751,980.8453,422.0154,1402.861,3,84.93711,1.612892,16.31069,800,500,0,324.9685,0.1624843,0.1259371,0.3172331,0,250,0.3172331,1123.906,12.99787,62.69621,15.64,0,2.361782,37.89123,20.2303,17.66093,442.6388,0,841.7235,0,5.684342e-14,1.24345e-13,4.263256e-14
naive,2026-01-19 03:30:00,1358,3.5,20.34437,3016.87,108.0659,0,12.57161,1,1,2111.809,2111.492,523.8763,290.1446,814.0209,2,0,0,14.02087,800,0,86.55002,303.2799,0.1516399,0.2046279,0.3172331,0,250,0.3172331,1587.615,11.17807,62.74252,22.43171,0,1.393545,38.01256,28.57708,9.435484,318.9534,0,606.0162,0,-5.684342e-14,-3.641532e-14,4.263256e-14
naive,2026-01-19 03:45:00,1359,3.75,20.2181,3028.758,146.5462,0,17.45782,1,1,2120.13,2119.813,521.6457,289.1612,810.8069,2,0,0,10.80695,800,0,98.61122,278.5793,0.1392897,0.1909709,0.3172331,0,250,0.3172331,1598.167,8.626704,62.87533,49.33734,0,8.831114,38.16235,28.76701,9.395334,319.3937,0,653.1596,0,0,1.03334e-13,4.263256e-14
naive,2026-01-19 04:00:00,1360,4,20.17368,3049.076,177.6821,0,21.49389,1,1,2134.353,2134.036,523.2438,289.8657,813.1095,2,0,0,13.10948,800,0,143.1997,242.7355,0.1213678,0.1754173,0.3172331,0,250,0.3172331,1610.792,10.46937,62.92205,39.69185,0,11.02452,38.41836,28.99426,9.424098,320.688,0,639.0571,0,-5.684342e-14,-1.701417e-14,4.263256e-14
naive,2026-01-19 04:15:00,1361,4.25,20.04756,3075.194,177.9871,0,23.67878,1,1,2152.636,2152.318,528.4901,292.1785,820.6687,2,0,0,20.66866,800,0,160.7645,202.5062,0.1012531,0.152847,0.3172331,0,250,0.3172331,1623.828,16.52706,63.05469,21.66888,0,7.151712,38.74744,29.22891,9.518532,322.5906,0,611.6234,0,0,-1.96787e-14,4.263256e-14
naive,2026-01-19 04:30:00,1362,4.5,20.04894,3121.207,203.6148,0,21.04635,1,1,2184.845,2184.528,657.7135,328.7577,986.4712,2,171.3941,1.697135,13.37993,800,0,9.897199,200,0.1,0.1275152,0.3172331,0,250,0.3172331,1526.814,10.69871,63.05324,22.32349,0,10.34764,39.32721,27.48265,11.84455,357.9522,0,683.4776,0,0,-1.387779e-16,4.263256e-14
naive,2026-01-19 04:45:00,1363,4.75,20.18583,3112.265,238.1509,0,18.38118,1,1,2178.585,2178.268,1086.5,451.9649,1538.465,4,224.7176,0.4470686,13.29987,800,500,0,324.9685,0.1624843,0.1259371,0.3172331,0,250,0.3172331,1091.768,10.62013,62.90927,13.43328,0,7.761057,39.21454,19.65183,19.5627,472.9039,0,898.2072,0,5.684342e-14,1.24345e-13,4.263256e-14
naive,2026-01-19 05:00:00,1364,5,19.98304,3107.461,278.764,0,15.56664,1,1,2175.222,2174.905,522.7103,289.6305,812.3408,2,0,0,12.34082,800,0,285.3129,253.5891,0.1267946,0.2046279,0.3172331,0,250,0.3172331,1652.195,9.872658,63.12255,0,0,5.693979,39.154,29.73951,9.414496,320.3109,0,569.6089,0,-1.136868e-13,-7.993606e-15,4.263256e-14
naive,2026-01-19 05:15:00,1365,5.25,19.67203,3089.494,339.0635,0,10.82636,1,1,2162.646,2162.329,619.5715,318.2427,937.8142,2,118.4355,8.394319,10.98436,800,0,214.1969,200,0.1,0.1596814,0.3172331,0,250,0.3172331,1542.757,8.78749,63.44966,6.431036,0,2.038873,38.92763,27.76963,11.158,346.3474,0,632.4074,0,0,-1.137979e-15,4.263256e-14
naive,2026-01-19 05:30:00,1366,5.5,19.84786,3115.245,431.533,7.341298,7.11776,1,1,2180.671,2180.354,1237.426,496.7246,1734.15,4,407.7708,10.58242,15.79694,800,500,0,324.9685,0.1624843,0.1259371,0.3172331,0,250,0.3172331,942.9285,12.63755,63.26472,23.76218,0,0,39.25208,16.97271,22.27937,513.6973,0,997.2116,0,5.684342e-14,1.24345e-13,4.263256e-14
naive,2026-01-19 05:45:00,1367,5.75,19.88109,3114.161,491.2164,0,7.533915,1,1,2179.913,2179.596,527.6244,291.787,819.4114,2,0.0836205,4.486907,14.84087,800,0,499.6694,200,0.1,0.2046279,0.3172331,0,250,0.3172331,1651.971,11.87269,63.22978,0,0,0,39.23843,29.73548,9.50295,321.5224,0,571.9114,0,5.684342e-14,-7.993606e-15,4.263256e-14
naive,2026-01-19 06:00:00,1368,6,20.02134,3127.594,595.233,2.541321,3.604329,1,1,2189.316,2188.998,1370.023,533.962,1903.985,4,586.1349,3.091749,14.7582,800,500,0,324.9685,0.1624843,0.1259371,0.3172331,0,250,0.3172331,818.9755,11.80404,63.08227,9.098168,0,0,39.40768,14.74156,24.66612,548.7035,0,1042.134,0,0,1.24345e-13,4.263256e-14
naive,2026-01-19 06:15:00,1369,6.25,20.02241,3146.269,661.3283,3.835775,6.916842,1,1,2202.389,2202.071,658.312,329.6799,987.9919,2,165.8595,1.985001,20.14743,800,0,499.6694,200,0.1,0.2046279,0.3172331,0,250,0.3172331,1543.759,16.11433,63.08115,0,1.850774,0,39.64299,27.78767,11.85533,357.4676,0,647.1615,0,0,-7.993606e-15,4.263256e-14
naive,2026-01-19 06:30:00,1370,6.5,20.27896,3143.674,725.9448,0,2.50415,1,1,2200.572,2200.255,1451.343,548.6574,2000,4,730.5813,3.601977,19.48659,746.3301,500,0,324.9685,0.1624843,0.1259371,0.3172331,0,250,0.3172331,748.912,15.54579,58.59747,0,0,0,39.61029,13.48042,26.12988,562.1378,0,1058.353,0,0,1.24345e-13,4.263256e-14
naive,2026-01-19 06:45:00,1371,6.75,20.58337,3143.615,766.2042,0,7.649839,1,1,2200.531,2200.214,735.4914,352.2077,1087.699,3,262.5035,1.6685,23.52711,800,0,499.6694,200,0.1,0.2046279,0.3172331,0,250,0.3172331,1464.722,18.71189,62.49116,4.031253,0,0,39.60955,26.365,13.24456,378.5727,0,693.7968,0,-5.684342e-14,-7.993606e-15,4.263256e-14
naive,2026-01-19 07:00:00,1372,7,20.50632,3154.647,773.4847,0,11.77795,1,1,2208.253,2207.936,1458.061,541.9386,2000,4,778.9255,2.985234,24.86942,693.2198,500,0,324.9685,0.1624843,0.1259371,0.3172331,0,250,0.3172331,749.8743,19.7948,54.22036,0,0,0,39.74855,13.49774,26.25082,555.4363,0,1049.875,0,-1.136868e-13,1.24345e-13,4.263256e-14
naive,2026-01-19 07:15:00,1373,7.25,20.6869,3166.173,769.5763,0,16.40719,1,1,2216.321,2216.004,737.6409,352.7092,1090.35,3,266.2533,1.173713,22.92315,800,0,499.6694,200,0.1,0.2046279,0.3172331,0,250,0.3172331,1478.363,18.21255,62.38227,3.653604,0,0,39.89378,26.61054,13.28325,379.3198,0,694.762,0,-5.684342e-14,-7.993606e-15,4.263256e-14
naive,2026-01-19 07:30:00,1374,7.5,20.7114,3176.61,723.5217,0,14.05899,1,1,2223.627,2223.309,1453.049,546.951,2000,4,741.0565,1.524019,27.47664,729.9428,500,0,324.9685,0.1624843,0.1259371,0.3172331,0,250,0.3172331,770.2604,21.82494,56.89585,0,0,0,40.02528,13.86469,26.16059,560.8156,0,1057.623,0,0,1.24345e-13,4.263256e-14
naive,2026-01-19 07:45:00,1375,7.75,20.6187,3183.372,666.4069,0,11.45621,1,1,2228.361,2228.043,670.5474,334.0752,1004.623,3,174.2546,2.461996,27.90601,800,0,499.6694,200,0.1,0.2046279,0.3172331,0,250,0.3172331,1557.496,22.18669,62.45399,0,0,0,40.11049,28.03493,12.07556,362.1101,0,653.9595,0,0,-7.993606e-15,4.263256e-14
naive,2026-01-19 08:00:00,1376,8,20.71315,3194.795,619.2972,362.3175,19.89392,1,1,2236.356,2236.039,1440.315,559.6853,2000,4,601.2149,120.185,25.50823,753.0919,500,0,324.9685,0.1624843,0.1259371,0.3172331,0,250,0.3172331,795.7244,20.26106,58.69849,18.08227,242.1325,0,40.25441,14.32304,25.93137,574.0084,0,1530.851,0,0,1.24345e-13,4.263256e-14
naive,2026-01-19 08:15:00,1377,8.25,20.93402,3237.507,522.3864,377.8862,27.70236,1,1,2266.255,2265.938,634.9865,336.3773,971.3638,2,23.11767,120.8051,27.44112,800,0,499.6694,200,0.1,0.2046279,0.3172331,0,250,0.3172331,1630.951,21.74785,62.12236,0,257.0811,5.954516,40.79259,29.35712,11.43547,366.7357,0,1107.049,0,-5.684342e-14,-7.993606e-15,4.263256e-14
naive,2026-01-19 08:30:00,1378,8.5,20.91061,3232.052,455.1291,380.6103,23.58635,1,1,2262.437,2262.119,1342.233,540.2259,1882.459,4,430.4911,121.4819,30.48552,800,500,0,324.9685,0.1624843,0.1259371,0.3172331,0,250,0.3172331,919.8867,24.16633,62.14699,24.63794,259.1284,0,40.72386,16.55796,24.1659,556.7839,0,1533.149,0,0,1.24345e-13,4.263256e-14
naive,2026-01-19 08:45:00,1379,8.75,20.91118,3247.958,354.0336,386.3583,25.9087,1,1,2273.57,2273.253,537.5262,296.1621,833.6883,2,0,0,33.68834,800,0,476.4416,205.807,0.1029035,0.2046279,0.3172331,0,250,0.3172331,1735.727,26.7051,62.14638,1.24517,262.7052,0,40.92427,31.24308,9.681182,327.4052,0,1040.21,0,-5.684342e-14,-7.993606e-15,4.263256e-14
naive,2026-01-19 09:00:00,1380,9,21.25443,3262.573,318.2728,390.0966,41.01003,1,1,2283.801,2283.484,831.8965,395.1566,1227.053,3,258.7308,126.8264,41.49586,800,0,23.09823,200,0.1,0.1295936,0.3172331,0,250,0.3172331,1451.587,32.78026,61.78537,36.44374,263.2702,8.229778,41.10842,26.12857,14.97985,422.6772,0,1292.853,0,-5.684342e-14,-1.276756e-15,4.263256e-14
naive,2026-01-19 09:15:00,1381,9.25,21.4464,3303.187,221.1522,384.9315,48.10797,1,1,2312.231,2311.914,1198.867,501.4777,1700.345,4,224.9216,129.0105,46.41264,800,500,0,324.9685,0.1624843,0.1259371,0.3172331,0,250,0.3172331,1113.047,36.59306,61.58347,0,255.921,11.51491,41.62016,20.03484,21.58532,523.4672,0,1419.117,0,5.684342e-14,1.24345e-13,4.263256e-14
naive,2026-01-19 09:30:00,1382,9.5,21.69495,3301.682,178.9354,385.8157,49.50103,1,1,2311.177,2310.86,548.9851,301.2137,850.1989,2,0,0,50.19886,800,0,305.266,248.6009,0.1243004,0.2046279,0.3172331,0,250,0.3172331,1761.875,39.47841,61.32206,4.00028,255.4847,10.02261,41.60119,31.71375,9.887442,334.6368,0,1047.898,0,0,-7.993606e-15,4.263256e-14
naive,2026-01-19 09:45:00,1383,9.75,21.74707,3310.871,122.8834,391.2896,55.44415,1,1,2317.61,2317.292,613.5758,329.6885,943.2643,2,0,87.6497,55.61464,800,0,194.2469,200,0.1,0.1565403,0.3172331,0,250,0.3172331,1703.717,43.71441,61.26724,0,258.3504,11.72974,41.71697,30.6669,11.05008,362.3578,0,1101.444,0,-5.684342e-14,8.881784e-16,4.263256e-14
naive,2026-01-19 10:00:00,1384,10,21.87191,3315.379,108.3374,399.5427,55.6456,1,1,2320.766,2320.448,1123.231,481.3393,1604.57,4,113.9113,130.6058,60.05317,800,500,0,324.9685,0.1624843,0.1259371,0.3172331,0,250,0.3172331,1197.217,47.14322,61.13594,0,268.9369,8.502378,41.77378,21.54991,20.22387,504.344,0,1403.826,0,5.684342e-14,1.24345e-13,4.263256e-14
naive,2026-01-19 10:15:00,1385,10.25,22.10521,3353.565,97.8536,393.3248,60.37299,1,1,2347.495,2347.178,565.8342,308.6416,874.4758,2,0,0,74.4758,800,0,229.5718,267.5244,0.1337622,0.2046279,0.3172331,0,250,0.3172331,1781.344,58.32634,60.89056,0,262.8848,2.046649,42.25491,32.06419,10.19073,341.0576,0,1067.09,0,5.684342e-14,-7.993606e-15,4.263256e-14
naive,2026-01-19 10:30:00,1386,10.5,22.35136,3383.509,73.28938,396.7383,68.14916,1,1,2368.456,2368.139,571.3421,311.0698,882.4119,2,0,0,82.41189,800,0,236.7976,208.2829,0.1041414,0.1684562,0.3172331,0,250,0.3172331,1796.797,64.37928,60.63169,0,265.8444,3.769885,42.63221,32.34234,10.28987,344.0631,0,1078.497,0,0,5.828671e-16,4.263256e-14
naive,2026-01-19 10:45:00,1387,10.75,22.59503,3405.717,78.98553,407.9619,71.28861,1,1,2384.002,2383.685,721.5037,369.3998,1090.904,3,66.14527,131.0288,93.72939,800,0,33.00041,200,0.1,0.1311527,0.3172331,0,250,0.3172331,1662.181,73.03767,60.3754,0,276.9331,0,42.91203,29.91926,12.99278,399.3191,0,1208.425,0,0,2.026157e-15,4.263256e-14
naive,2026-01-19 11:00:00,1388,11,23.03078,3419.492,96.79761,408.4958,83.62416,1,1,2393.644,2393.327,1134.811,489.421,1624.232,4,88.88855,130.3872,104.9562,800,500,0,324.9685,0.1624843,0.1259371,0.3172331,0,250,0.3172331,1258.516,81.4202,59.91711,7.909056,278.1086,2.203957,43.0856,22.65329,20.43231,512.4598,0,1450.893,0,0,1.24345e-13,4.263256e-14
naive,2026-01-19 11:15:00,1389,11.25,23.27777,3483.099,100.0447,420.8088,87.62082,1,1,2438.169,2437.852,592.5699,320.428,912.9979,2,0,0,112.9979,800,0,229.098,267.6429,0.1338214,0.2046279,0.3172331,0,250,0.3172331,1845.282,87.4353,59.65734,4.71242,287.0431,0.185523,43.88705,33.21508,10.67197,353.6757,0,1143.515,0,-1.136868e-13,-7.993606e-15,4.263256e-14
naive,2026-01-19 11:30:00,1390,11.5,23.30203,3490.325,91.38505,407.666,89.95013,1,1,2443.227,2442.91,599.8366,323.6316,923.4682,2,0,0,123.4682,800,0,233.1146,209.3221,0.104661,0.1685308,0.3172331,0,250,0.3172331,1843.073,95.51298,59.63182,0,273.067,0,43.97809,33.17532,10.80277,356.8069,0,1117.569,0,-1.136868e-13,-3.910761e-14,4.263256e-14
naive,2026-01-19 11:45:00,1391,11.75,23.41526,3445.258,107.4848,403.137,97.10655,1,1,2411.681,2411.363,750.5659,381.948,1132.514,3,68.36353,134.8669,129.2834,800,0,37.15644,200,0.1,0.131807,0.3172331,0,250,0.3172331,1660.798,99.8944,59.51273,1.964833,268.27,0,43.41025,29.89436,13.5159,411.8423,0,1222.888,0,1.136868e-13,8.326673e-16,4.263256e-14
naive,2026-01-19 12:00:00,1392,12,23.63606,3421.946,125.3218,400.5275,105.9864,1,1,2395.362,2395.045,1182.234,507.4392,1689.673,4,113.1658,136.2586,140.2485,800,500,0,324.9685,0.1624843,0.1259371,0.3172331,0,250,0.3172331,1212.811,108.1192,59.28051,12.15604,264.2689,0,43.11651,21.8306,21.28592,529.2698,0,1468.682,0,-5.684342e-14,1.24345e-13,4.263256e-14
naive,2026-01-19 12:15:00,1393,12.25,24.03,3406.201,103.8977,416.5625,116.2134,1,1,2384.341,2384.023,620.073,332.5528,952.6258,2,0,0,152.6258,800,0,236.3189,265.8376,0.1329188,0.2046279,0.3172331,0,250,0.3172331,1763.95,117.18,58.86618,2.913135,281.2282,0,42.91813,31.75111,11.16703,364.3039,0,1152.527,0,0,-7.993606e-15,4.263256e-14
naive,2026-01-19 12:30:00,1394,12.5,24.16004,3417.352,106.8272,415.8964,126.4112,1,1,2392.147,2391.829,629.7415,336.8151,966.5566,2,0,0,166.5566,800,0,249.9401,203.3108,0.1016554,0.1673941,0.3172331,0,250,0.3172331,1762.088,127.7022,58.72941,0,278.3417,0,43.05864,31.71758,11.34106,368.5327,0,1151.134,0,0,-6.888934e-14,4.263256e-14
naive,2026-01-19 12:45:00,1395,12.75,24.32608,3401.165,86.51149,424.6286,137.1635,1,1,2380.815,2380.498,817.4141,406.6072,1224.021,3,108.8039,137.3473,177.8701,800,0,13.11499,200,0.1,0.1280218,0.3172331,0,250,0.3172331,1563.084,136.1403,58.55478,0,287.2813,1.023224,42.85468,28.13551,14.71916,434.9263,0,1299.539,0,-1.136868e-13,-8.049117e-16,4.263256e-14
naive,2026-01-19 13:00:00,1396,13,24.53562,3424.591,79.16114,427.1949,150.8771,1,1,2397.214,2396.897,1222.857,524.7421,1747.599,4,118.2573,136.653,192.6886,800,500,0,324.9685,0.1624843,0.1259371,0.3172331,0,250,0.3172331,1174.04,147.1592,58.3344,0,290.5419,3.717965,43.14985,21.13272,22.01713,546.5446,0,1528.648,0,1.136868e-13,1.24345e-13,4.263256e-14
naive,2026-01-19 13:15:00,1397,13.25,24.64973,3409.013,91.93881,420.0274,153.8719,1,1,2386.309,2385.992,656.2155,348.4862,1004.702,3,0,0,204.7017,800,0,251.1515,262.1295,0.1310647,0.2046279,0.3172331,0,250,0.3172331,1729.776,156.1469,58.21438,0,283.6875,0,42.95356,31.13597,11.81759,379.6221,0,1183.114,0,5.684342e-14,-3.641532e-14,4.263256e-14
naive,2026-01-19 13:30:00,1398,13.5,24.74284,3428.713,101.8299,412.244,165.9882,1,1,2400.099,2399.782,659.208,349.8054,1009.013,3,0,0,209.0134,800,0,242.1269,201.5565,0.1007782,0.1650591,0.3172331,0,250,0.3172331,1740.574,159.2802,58.11645,0,275.5329,6.707976,43.20178,31.33033,11.87145,382.3491,0,1174.612,0,0,-2.967071e-14,4.263256e-14
naive,2026-01-19 13:45:00,1399,13.75,24.90704,3429.875,113.0896,414.5586,169.7556,1,1,2400.912,2400.595,839.8808,417.4557,1257.337,3,100.8675,136.1411,220.3279,800,0,6.099067,200,0.1,0.1269172,0.3172331,0,250,0.3172331,1560.714,167.6131,57.94375,6.122973,278.4175,2.142572,43.21642,28.09286,15.12356,445.9374,0,1317.52,0,1.136868e-13,-2.775558e-16,4.263256e-14
naive,2026-01-19 14:00:00,1400,14,25.22454,3456.577,102.5229,426.9972,175.6911,1,1,2419.604,2419.287,1233.378,531.8111,1765.189,4,97.82548,134.4932,232.8707,800,500,0,324.9685,0.1624843,0.1259371,0.3172331,0,250,0.3172331,1185.908,176.5634,57.60982,4.697401,292.5039,0,441.9126,216.5924,225.3202,748.4035,0,1944.668,0,0,1.24345e-13,4.263256e-14
naive,2026-01-19 14:15:00,1401,14.25,25.46364,3467.38,114.992,420.088,183.5375,1,1,2427.166,2426.849,684.0608,360.7617,1044.823,3,0,0,244.8225,800,0,235.5869,266.0206,0.1330103,0.2046279,0.3172331,0,250,0.3172331,1742.788,185.157,57.35836,15.84764,283.6455,0,445.4333,319.8363,125.597,680.598,0,1813.294,0,-1.705303e-13,7.727152e-14,4.263256e-14
naive,2026-01-19 14:30:00,1402,14.5,25.59036,3448.182,138.0444,425.3264,184.9859,1,1,2413.727,2413.41,687.5204,362.2869,1049.807,3,0,0,249.8072,800,0,235.0905,207.2061,0.1036031,0.1675093,0.3172331,0,250,0.3172331,1725.89,188.6737,57.22508,38.68094,289.5994,0,444.1031,317.5475,126.5556,679.8343,0,1861.574,0,5.684342e-14,8.326673e-15,4.263256e-14
naive,2026-01-19 14:45:00,1403,14.75,25.79754,3496.246,136.1938,412.0775,193.3503,1,1,2447.372,2447.055,831.9631,418.4013,1250.364,3,63.57649,135.4645,251.3235,800,0,28.69403,200,0.1,0.1304747,0.3172331,0,250,0.3172331,1615.092,189.4023,57.00718,43.92332,276.613,3.947951,452.1895,298.4129,153.7766,717.5437,0,1923.88,0,0,1.609823e-15,4.263256e-14
naive,2026-01-19 15:00:00,1404,15,25.77099,3462.655,142.1135,416.5247,190.0263,1,1,2423.858,2423.541,1247.395,537.9293,1785.324,4,98.33927,131.6493,255.3359,800,500,0,324.9685,0.1624843,0.1259371,0.3172331,0,250,0.3172331,1176.146,192.4804,57.0351,43.7742,284.8755,0,447.6035,217.1938,230.4097,755.1231,0,2013.002,0,0,1.24345e-13,4.263256e-14
naive,2026-01-19 15:15:00,1405,15.25,26.03471,3447.132,136.7778,407.086,197.3487,1,1,2412.993,2412.675,697.4091,366.6463,1064.055,3,0,0,264.0554,800,0,228.872,267.6994,0.1338497,0.2046279,0.3172331,0,250,0.3172331,1715.266,198.4963,56.75774,37.06994,277.9218,0,447.9968,318.4568,129.54,685.1031,0,1849.715,0,0,1.056932e-13,4.263256e-14
naive,2026-01-19 15:30:00,1406,15.5,26.25003,3411.097,148.9094,400.5987,201.2329,1,1,2387.768,2387.451,696.6704,366.3207,1062.991,3,0,0,262.9911,800,0,239.1775,207.8628,0.1039314,0.1685664,0.3172331,0,250,0.3172331,1690.78,197.2433,56.53127,40.9097,269.4209,3.98962,445.2717,315.2973,129.9745,682.3619,0,1836.446,0,-1.136868e-13,7.688294e-15,4.263256e-14
naive,2026-01-19 15:45:00,1407,15.75,26.39277,3435.441,176.8314,399.5996,206.7767,1,1,2404.808,2404.491,870.0473,430.1913,1300.239,3,105.603,129.9775,264.6582,800,0,31.32049,200,0.1,0.1308882,0.3172331,0,250,0.3172331,1534.444,198.1914,56.38115,39.90792,269.6222,8.585347,449.7663,286.9838,162.7825,718.7808,0,1908.072,0,5.684342e-14,7.771561e-16,4.263256e-14
naive,2026-01-19 16:00:00,1408,16,26.2679,3450.716,181.6207,400.4307,208.1486,1,1,2415.501,2415.184,1290.221,550.8458,1841.067,4,148.4668,130.646,261.9538,800,500,0,324.9685,0.1624843,0.1259371,0.3172331,0,250,0.3172331,1124.963,196.4278,56.51248,33.15395,269.7847,11.72077,450.6086,209.8604,240.7482,762.8927,0,1984.778,0,0,1.24345e-13,4.263256e-14
naive,2026-01-19 16:15:00,1409,16.25,26.61396,3434.708,180.5604,393.5093,204.0754,1,1,2404.295,2403.978,700.0456,367.8086,1067.854,3,0,0,267.8542,800,0,305.1805,248.6222,0.1243111,0.2046279,0.3172331,0,250,0.3172331,1703.933,200.1108,56.14851,6.072782,262.8164,3.96468,451.726,320.1398,131.5862,688.6933,0,1778.053,0,-5.684342e-14,-7.993606e-15,4.263256e-14
naive,2026-01-19 16:30:00,1410,16.5,26.29018,3362.07,200.6332,394.9131,192.2147,1,1,2353.449,2353.132,786.457,405.903,1192.36,3,0,130.0228,262.3371,800,0,194.3324,200,0.1,0.1565538,0.3172331,0,250,0.3172331,1566.675,196.6685,56.48905,6.708277,264.4828,0,439.2337,292.3948,146.8388,698.2978,0,1800.85,0,0,9.547918e-15,4.263256e-14
naive,2026-01-19 16:45:00,1411,16.75,26.21088,3377.062,238.7143,391.566,181.7452,1,1,2363.943,2363.626,1345.074,565.088,1910.162,4,232.0234,127.0829,251.0556,800,500,0,324.9685,0.1624843,0.1259371,0.3172331,0,250,0.3172331,1018.552,188.3703,56.57244,6.690933,264.4831,0,440.4751,189.7875,250.6876,754.8755,0,1913.882,0,0,1.24345e-13,4.263256e-14
naive,2026-01-19 17:00:00,1412,17,26.12914,3409.268,270.1695,379.5274,177.985,1,1,2386.488,2386.171,679.3489,358.6845,1038.033,3,0,0,238.0334,800,0,390.7449,227.2311,0.1136156,0.2046279,0.3172331,0,250,0.3172331,1706.822,178.7552,56.65841,5.897088,253.055,0,443.9322,317.5013,126.4308,676.1858,0,1735.323,0,-5.684342e-14,-7.993606e-15,4.263256e-14
naive,2026-01-19 17:15:00,1413,17.25,26.24655,3367.8,344.9219,377.4922,173.9682,1,1,2357.46,2357.143,911.3672,436.9083,1348.275,3,202.2648,120.7067,225.304,800,0,108.7815,200,0.1,0.1430841,0.3172331,0,250,0.3172331,1445.776,168.9842,56.53493,33.87569,256.7855,4.984011,439.5885,269.5895,169.999,707.4271,0,1852.643,0,1.136868e-13,-6.467049e-15,4.263256e-14
naive,2026-01-19 17:30:00,1414,17.5,26.05924,3362.948,365.9828,375.9258,158.1248,1,1,2354.064,2353.746,1419.358,580.6417,2000,4,370.6409,120.5659,218.3178,790.4754,500,0,324.9685,0.1624843,0.1259371,0.3172331,0,250,0.3172331,934.388,164.0716,56.0565,0,255.3599,0,437.2751,173.5657,263.7094,754.2073,0,1885.847,0,0,1.24345e-13,4.263256e-14
naive,2026-01-19 17:45:00,1415,17.75,26.08774,3365.478,428.7486,373.3316,154.7203,1,1,2355.835,2355.518,702.4962,368.8889,1071.385,3,0,63.47114,207.914,800,0,499.6694,200,0.1,0.2046279,0.3172331,0,250,0.3172331,1653.021,156.2054,56.70196,0,251.3645,0,437.8592,307.2331,130.626,676.1221,0,1722.058,0,-1.705303e-13,-7.993606e-15,4.263256e-14
naive,2026-01-19 18:00:00,1416,18,26.04973,3343.385,494.4293,0,150.8897,1,1,2340.37,2340.053,1421.541,567.9138,1989.455,4,491.6485,4.657655,193.1488,800,500,0,324.9685,0.1624843,0.1259371,0.3172331,0,250,0.3172331,918.5114,145.171,56.74194,2.780802,0,5.71863,434.647,170.5834,264.0636,739.5592,0,1420.081,0,0,1.24345e-13,4.263256e-14
naive,2026-01-19 18:15:00,1417,18.25,25.97888,3293.118,567.2645,4.767994,130.7187,1,1,2305.183,2304.866,693.5311,357.4553,1050.986,3,62.89043,4.261668,183.8343,800,0,499.6694,200,0.1,0.2046279,0.3172331,0,250,0.3172331,1611.335,138.2744,56.81646,4.704613,0.5063263,0,427.4934,298.8201,128.6733,656.2754,0,1257.621,0,1.136868e-13,-7.993606e-15,4.263256e-14
naive,2026-01-19 18:30:00,1418,18.5,26.04456,3272.591,633.3859,4.895594,124.442,1,1,2290.814,2290.496,1445.219,554.7811,2000,4,625.0939,6.268023,172.6542,695.9839,500,0,324.9685,0.1624843,0.1259371,0.3172331,0,250,0.3172331,845.2776,129.7744,49.36907,8.29207,0,0,425.3987,156.9661,268.4327,711.7472,0,1382.258,0,-2.273737e-13,1.24345e-13,4.263256e-14
naive,2026-01-19 18:45:00,1419,18.75,26.16877,3242.149,672.3879,6.813331,118.8228,1,1,2269.504,2269.187,743.1254,368.7399,1111.865,3,151.8208,0.4814975,159.5629,800,0,499.6694,200,0.1,0.2046279,0.3172331,0,250,0.3172331,1526.062,119.7759,56.61674,20.89761,6.331833,0,422.5136,284.1069,138.4067,652.8467,0,1288.97,0,0,-7.993606e-15,4.263256e-14
naive,2026-01-19 19:00:00,1420,19,26.14099,3243.049,710.1802,6.640542,110.3882,1,0,2270.134,2269.817,1454.068,545.932,2000,4,702.4188,0.1446841,149.4535,647.983,500,0,324.9685,0.1624843,0.1259371,0.3172331,0,250,0.3172331,815.7491,112.2205,45.88203,7.761442,6.495858,0,422.3905,151.7816,270.6089,697.7137,0,1368.404,0,0,1.24345e-13,4.263256e-14
naive,2026-01-19 19:15:00,1421,19.25,26.01028,3185.696,719.0243,2.866687,99.59293,0,0,2229.987,2229.67,783.1168,377.6786,1160.795,3,224.883,0.150592,135.7618,800,0,499.6694,200,0.1,0.2046279,0.3172331,0,250,0.3172331,1446.553,102.0817,56.78343,0,2.716095,0,413.8136,268.4335,145.38,0,646.1121,3494.421,0,-2.273737e-13,-7.993606e-15,4.263256e-14
naive,2026-01-19 19:30:00,1422,19.5,25.60325,3191.144,716.018,0,86.01322,0,0,2233.8,2233.483,1455.242,544.7578,2000,4,721.3282,0.907146,122.2471,655.5175,500,0,324.9685,0.1624843,0.1259371,0.3172331,0,250,0.3172331,778.241,92.31785,46.87894,0,0,0,411.1055,143.2264,267.8791,0,687.9842,3731.174,0,0,1.24345e-13,4.263256e-14
naive,2026-01-19 19:45:00,1423,19.75,25.68071,3181.998,713.0596,3.029044,76.86514,0,0,2227.398,2227.081,750.8258,365.4568,1116.283,3,207.9557,1.270455,107.0565,800,0,499.6694,200,0.1,0.2046279,0.3172331,0,250,0.3172331,1476.255,80.77996,57.13005,5.434455,1.758588,0,410.5711,272.1147,138.4564,0,637.5715,3454.78,0,5.684342e-14,-7.993606e-15,4.263256e-14
naive,2026-01-19 20:00:00,1424,20,25.50993,3133.033,689.8796,0,73.94985,0,0,2193.123,2192.806,1450.325,549.675,2000,4,695.8445,2.206553,91.64918,710.2998,500,0,324.9685,0.1624843,0.1259371,0.3172331,0,250,0.3172331,742.4808,69.2795,50.88381,0,0,4.670356,402.8582,136.3875,266.4708,0,686.9204,3720.818,0,0,1.24345e-13,4.263256e-14
naive,2026-01-19 20:15:00,1425,20.25,25.12387,3104.688,659.5809,2.673228,65.8308,0,0,2173.281,2172.964,710.376,352.51,1062.886,3,166.8878,0.4828407,95.51529,800,0,499.6694,200,0.1,0.2046279,0.3172331,0,250,0.3172331,1462.588,72.49696,57.71571,0,2.190387,0,396.1234,266.5856,129.5379,0,619.0955,3343.874,0,-1.136868e-13,-7.993606e-15,4.263256e-14
naive,2026-01-19 20:30:00,1426,20.5,24.99477,3116.817,603.2823,5.790814,58.19039,0,0,2181.772,2181.455,1439.576,560.4236,2000,4,617.9553,1.657699,86.00497,794.382,500,0,324.9685,0.1624843,0.1259371,0.3172331,0,250,0.3172331,741.8785,65.36737,57.44522,0,4.133115,0,39.2719,13.35381,25.91809,0,573.7774,3098.279,0,0,1.24345e-13,4.263256e-14
naive,2026-01-19 20:45:00,1427,20.75,25.02428,3142.114,528.6323,3.969556,53.58105,0,0,2199.479,2199.162,607.7775,320.9306,928.7081,2,52.13315,0.03891354,76.53606,800,0,499.6694,200,0.1,0.2046279,0.3172331,0,250,0.3172331,1591.385,58.15254,57.82045,0,3.930642,0,400.0997,289.4833,110.6164,0,610.4139,3299.009,0,-5.684342e-14,-7.993606e-15,4.263256e-14
naive,2026-01-19 21:00:00,1428,21,24.83199,3150.393,486.6599,0.9431934,46.73191,0,0,2205.275,2204.958,1340.804,531.4738,1872.278,4,498.7708,1.359266,72.14814,800,500,0,324.9685,0.1624843,0.1259371,0.3172331,0,250,0.3172331,864.1532,54.92956,58.02269,0,0,0,39.69495,15.55476,24.14019,0,547.0286,2943.382,0,2.273737e-13,1.24345e-13,4.263256e-14
naive,2026-01-19 21:15:00,1429,21.25,24.49578,3204.362,441.366,0,42.3601,0,0,2243.053,2242.736,559.3408,305.779,865.1198,2,0,0,65.11982,800,0,444.1499,213.8799,0.1069399,0.2046279,0.3172331,0,250,0.3172331,1683.395,49.75374,58.37629,0,0,0,40.37496,30.30112,10.07384,0,336.0801,1782.767,0,0,-7.993606e-15,4.263256e-14
naive,2026-01-19 21:30:00,1430,21.5,24.60395,3180.777,379.7417,0,42.32712,0,0,2226.544,2226.226,797.8965,373.8458,1171.742,3,311.8746,2.548385,57.31925,800,0,55.38489,200,0.1,0.134677,0.3172331,0,250,0.3172331,1428.33,43.74424,58.26253,12.48218,0,0,40.07779,25.70994,14.36785,0,399.5557,2153.543,0,0,-4.440892e-16,4.263256e-14
naive,2026-01-19 21:45:00,1431,21.75,24.48446,3127.314,335.0253,2.047454,25.64181,0,0,2189.12,2188.803,1187.954,485.7871,1673.742,4,316.3797,5.25038,52.11145,800,500,0,324.9685,0.1624843,0.1259371,0.3172331,0,250,0.3172331,1000.848,39.81963,58.38821,18.64561,0,0,39.40416,18.01527,21.38889,0,503.8024,2737.39,0,1.136868e-13,1.24345e-13,4.263256e-14
naive,2026-01-19 22:00:00,1432,22,24.32198,3112.611,270.7339,0.4288729,26.92981,0,0,2178.828,2178.511,552.2731,302.6632,854.9363,2,0,0,54.93634,800,0,290.5834,252.2715,0.1261358,0.2046279,0.3172331,0,250,0.3172331,1626.237,42.0496,58.55909,0,0,0,39.2189,29.27227,9.946626,0,331.9355,1759.766,0,0,-7.993606e-15,4.263256e-14
naive,2026-01-19 22:15:00,1433,22.25,24.24158,3081.588,244.0044,3.812125,31.43285,0,0,2157.112,2156.795,569.3488,307.5172,876.866,2,22.47683,4.296347,50.09284,800,0,208.9272,200,0.1,0.1588517,0.3172331,0,250,0.3172331,1587.446,38.37449,58.64365,12.60041,0,0,38.82801,28.57403,10.25399,0,336.0913,1804.264,0,0,-3.885781e-15,4.263256e-14
naive,2026-01-19 22:30:00,1434,22.5,23.73544,3015.546,192.6639,13.22924,28.21905,0,0,2110.882,2110.565,1084.454,454.9226,1539.376,4,192.2726,2.064079,45.03962,800,500,0,324.9685,0.1624843,0.1259371,0.3172331,0,250,0.3172331,1026.111,34.68575,59.17598,0.3912467,11.16516,0,37.99588,18.47,19.52588,0,473.3926,2557.021,0,0,1.24345e-13,4.263256e-14
naive,2026-01-19 22:45:00,1435,22.75,23.50612,3044.656,174.4448,5.477445,25.65901,0,0,2131.259,2130.942,543.3469,298.7281,842.075,2,0,0,42.07502,800,0,173.6369,281.5081,0.1407541,0.2046279,0.3172331,0,250,0.3172331,1587.595,32.47986,59.41717,0.8079609,5.477445,0,38.36266,28.57671,9.785954,0,327.3048,1744.175,0,-5.684342e-14,7.727152e-14,4.263256e-14
naive,2026-01-19 23:00:00,1436,23,23.26163,3018.263,153.6949,10.19039,23.08091,0,1,2112.784,2112.467,536.9148,295.8925,832.8073,2,0,0,32.80732,800,0,140.649,246.3016,0.1231508,0.1772616,0.3172331,0,250,0.3172331,1575.552,25.38982,59.67431,15.76056,7.47579,0,38.03012,28.35994,9.670176,0,324.2525,1756.338,0,0,7.06657e-14,4.263256e-14
naive,2026-01-19 23:15:00,1437,23.25,23.3355,2997.773,152.9142,6.426892,26.08672,1,1,2098.441,2098.124,536.7817,295.8339,832.6156,2,0,0,32.61562,800,0,123.7748,215.3191,0.1076596,0.1550925,0.3172331,0,250,0.3172331,1561.342,25.22218,59.59662,29.48478,6.081552,0.8645429,37.77194,28.10416,9.667781,324.0902,0,642.4861,0,5.684342e-14,6.278311e-14,4.263256e-14
naive,2026-01-19 23:30:00,1438,23.5,23.03166,3046.451,145.1528,8.227727,24.22719,1,1,2132.516,2132.198,565.1329,303.9411,869.074,2,36.91491,0.2861819,31.8729,800,0,61.1409,200,0.1,0.1355833,0.3172331,0,250,0.3172331,1567.065,24.7253,59.91617,47.09698,7.941545,0,38.38528,28.20718,10.1781,332.1483,0,691.8323,0,0,-3.497203e-15,4.263256e-14
naive,2026-01-19 23:45:00,1439,23.75,22.73059,3025.956,141.9609,0,22.28267,1,1,2118.169,2117.852,1010.727,432.8193,1443.546,3,104.8537,1.971264,36.7209,800,500,0,324.9685,0.1624843,0.1259371,0.3172331,0,250,0.3172331,1107.125,28.57456,60.23283,37.10713,0,0,38.12704,19.92825,18.19879,452.7475,0,901.7429,0,0,1.24345e-13,4.263256e-14
naive,2026-01-20 00:00:00,1440,0,22.32145,3004.184,129.8759,3.768721,20.96737,1,1,2102.929,2102.612,537.8777,296.317,834.1947,2,0,0,34.19471,800,0,108.5905,297.7697,0.1488849,0.2046279,0.3172331,0,250,0.3172331,1564.734,26.72072,60.66314,22.33589,2.7183,0,37.85272,28.16521,9.687508,324.4822,0,623.937,0,0,-3.641532e-14,4.263256e-14
naive,2026-01-20 00:15:00,1441,0.25,21.99191,3027.092,141.0755,0,25.2998,1,1,2118.964,2118.647,537.0945,295.9718,833.0662,2,0,0,33.06621,800,0,107.08,270.9529,0.1354764,0.1875012,0.3172331,0,250,0.3172331,1581.552,25.92605,61.00974,34.35867,0,0,38.14135,28.46794,9.67341,324.4397,0,639.5122,0,-1.136868e-13,8.926193e-14,4.263256e-14
naive,2026-01-20 00:30:00,1442,0.5,21.74811,3069.157,154.3138,0,17.2047,1,1,2148.41,2148.093,535.9141,295.4514,831.3655,2,0,0,31.3655,800,0,103.1094,245.1329,0.1225664,0.170615,0.3172331,0,250,0.3172331,1612.179,24.65376,61.26615,51.65836,0,0,38.67138,29.01921,9.652164,324.4706,0,669.1275,0,0,-1.965095e-14,4.263256e-14
naive,2026-01-20 00:45:00,1443,0.75,21.57024,3013.04,128.7796,0,18.39065,1,1,2109.128,2108.811,533.3296,294.312,827.6416,2,0,0,27.64161,800,0,104.5589,218.9545,0.1094773,0.1543566,0.3172331,0,250,0.3172331,1575.481,21.76605,61.45322,24.342,0,0,37.9643,28.35866,9.605643,322.6707,0,618.1964,0,0,6.314393e-14,4.263256e-14
naive,2026-01-20 01:00:00,1444,1,21.33598,2986.696,122.4606,5.154604,16.00211,1,1,2090.688,2090.37,560.6585,302.67,863.3284,2,31.01873,1.724908,30.58481,800,0,75.68025,200,0.1,0.1378725,0.3172331,0,250,0.3172331,1529.712,24.14096,61.6996,15.76161,3.429696,0,37.63238,27.53481,10.09756,330.2048,0,624.1025,0,0,1.804112e-15,4.263256e-14
naive,2026-01-20 01:15:00,1445,1.25,21.39795,2976.66,122.1789,8.047096,9.740111,1,1,2083.662,2083.345,995.8547,427.2254,1423.08,3,96.76334,0.2252835,26.09146,800,500,0,324.9685,0.1624843,0.1259371,0.3172331,0,250,0.3172331,1087.49,20.58137,61.63443,25.41555,7.821813,0,37.50591,19.57482,17.93109,446.8002,0,881.5962,0,1.136868e-13,1.24345e-13,4.263256e-14
naive,2026-01-20 01:30:00,1446,1.5,21.26342,3002.429,119.8188,0,9.32827,1,1,2101.7,2101.383,531.188,293.3679,824.5559,2,0,0,24.55592,800,0,102.044,299.4064,0.1497032,0.2046279,0.3172331,0,250,0.3172331,1570.195,19.39654,61.77591,17.90114,0,0,37.8306,28.2635,9.567094,321.6314,0,604.6444,0,0,1.056932e-13,4.263256e-14
naive,2026-01-20 01:45:00,1447,1.75,21.15472,3010.054,102.0769,5.766712,14.93919,1,1,2107.038,2106.72,531.1864,293.3672,824.5536,2,0,0,24.55363,800,0,100.0745,274.3406,0.1371703,0.1885318,0.3172331,0,250,0.3172331,1575.534,19.41608,61.89025,2.269861,5.499297,0,37.92668,28.35961,9.567066,321.7268,0,587.2289,0,-5.684342e-14,2.214895e-14,4.263256e-14
naive,2026-01-20 02:00:00,1448,2,21.14918,3037.381,96.60839,11.94541,10.83602,1,1,2126.167,2125.85,530.578,293.099,823.677,2,0,0,23.67704,800,0,97.42004,249.9424,0.1249712,0.1727483,0.3172331,0,250,0.3172331,1595.271,18.72395,61.89607,0.3723145,10.76145,0,38.271,28.71489,9.556115,321.8139,0,593.2004,0,5.684342e-14,-5.490053e-14,4.263256e-14
naive,2026-01-20 02:15:00,1449,2.25,21.05345,2999.368,88.422,0,7.449034,1,1,2099.558,2099.24,528.7018,292.2719,820.9737,2,0,0,20.97374,800,0,104.8244,223.697,0.1118485,0.1573851,0.3172331,0,250,0.3172331,1570.539,16.60223,61.99675,0,0,0,37.79204,28.26969,9.522343,320.5416,0,571.3368,0,0,2.839395e-14,4.263256e-14
naive,2026-01-20 02:30:00,1450,2.5,20.81428,3001.868,79.41097,0,3.027309,1,1,2101.308,2100.99,532.6576,293.6535,826.3111,2,3.044925,3.556307,19.7099,800,0,94.64706,200,0.1,0.1408587,0.3172331,0,250,0.3172331,1568.333,15.63952,62.2483,0,0,0,37.82354,28.22999,9.593547,321.8835,0,573.7377,0,-5.684342e-14,5.828671e-16,4.263256e-14
naive,2026-01-20 02:45:00,1451,2.75,20.45201,3042.601,81.5866,0,16.67973,1,1,2129.82,2129.503,997.2563,427.126,1424.382,3,102.7929,3.8959,17.69351,800,500,0,324.9685,0.1624843,0.1259371,0.3172331,0,250,0.3172331,1132.247,14.09083,62.62931,0,0,2.5889,38.33677,20.38045,17.95632,447.9379,0,825.4179,0,-5.684342e-14,1.24345e-13,4.263256e-14
naive,2026-01-20 03:00:00,1452,3,20.35492,2996.343,94.02166,0,8.553283,1,1,2097.44,2097.123,523.8585,290.1367,813.9952,2,0,0,13.99522,800,0,89.51897,302.5376,0.1512688,0.2046279,0.3172331,0,250,0.3172331,1573.264,11.15644,62.73143,7.438811,0,0,37.75392,28.31876,9.435163,318.4555,0,579.17,0,-5.684342e-14,-1.074696e-13,4.263256e-14
naive,2026-01-20 03:15:00,1453,3.25,20.11251,3030.439,91.63395,0,11.24603,1,1,2121.308,2120.99,526.5797,291.3363,817.916,2,0,0,17.91599,800,0,94.15517,278.9512,0.1394756,0.1905035,0.3172331,0,250,0.3172331,1594.411,14.31666,62.98638,0,0,0,38.18354,28.69939,9.484144,320.0357,0,569.2118,0,0,-7.677192e-14,4.263256e-14
naive,2026-01-20 03:30:00,1454,3.5,20.16712,3012.41,82.9893,0,11.578,1,1,2108.687,2108.37,524.4816,290.4114,814.8931,2,0,0,14.89306,800,0,98.06498,254.391,0.1271955,0.1756515,0.3172331,0,250,0.3172331,1583.888,11.89453,62.92894,0,0,0,37.95636,28.50998,9.44638,318.9214,0,567.0477,0,-5.684342e-14,3.899658e-14,4.263256e-14
naive,2026-01-20 03:45:00,1455,3.75,19.95743,3025.892,94.59499,0,20.08353,1,1,2118.124,2117.807,525.7985,290.9919,816.7904,2,0,0,16.79043,800,0,124.8192,223.1462,0.1115731,0.1601863,0.3172331,0,250,0.3172331,1592.008,13.43234,63.14948,0,0,6.651191,38.12623,28.65615,9.470083,320.7466,0,570.4501,0,0,3.966272e-14,4.263256e-14
naive,2026-01-20 04:00:00,1456,4,19.57034,3005.532,110.6736,0,22.18525,1,1,2103.872,2103.555,582.4003,307.9339,890.3342,2,67.34204,2.350582,20.64158,800,0,92.44426,200,0.1,0.1405119,0.3172331,0,250,0.3172331,1521.155,16.51326,63.55661,0,0,5.671991,37.8697,27.38078,10.48892,336.2449,0,600.9886,0,-5.684342e-14,6.855627e-15,4.263256e-14
naive,2026-01-20 04:15:00,1457,4.25,19.5005,3031.229,142.0804,0,21.84151,1,1,2121.86,2121.543,1052.39,443.6338,1496.023,3,168.3426,2.039926,25.64084,800,500,0,324.9685,0.1624843,0.1259371,0.3172331,0,250,0.3172331,1069.153,20.51267,63.63006,0,0,1.328843,38.19348,19.24476,18.94872,463.0962,0,854.6086,0,1.705303e-13,1.24345e-13,4.263256e-14
naive,2026-01-20 04:30:00,1458,4.5,19.58058,3056.811,196.0978,0,20.95418,1,1,2139.768,2139.451,528.3454,292.1147,820.4602,2,0,0,20.46015,800,0,194.1619,276.3769,0.1381884,0.2046279,0.3172331,0,250,0.3172331,1611.105,16.36812,63.54584,2.735819,0,4.586056,38.51582,28.99989,9.515927,321.8669,0,576.9641,0,0,4.884981e-14,4.263256e-14
naive,2026-01-20 04:45:00,1459,4.75,19.50428,3056.249,252.6795,0,17.68278,1,1,2139.374,2139.057,526.9973,291.5205,818.5178,2,0,0,18.51779,800,0,232.2047,218.2822,0.1091411,0.1740305,0.3172331,0,250,0.3172331,1612.06,14.81423,63.62608,20.68274,0,2.868552,38.50873,29.01707,9.491662,321.0074,0,606.1133,0,0,-4.013456e-14,4.263256e-14
naive,2026-01-20 05:00:00,1460,5,19.49441,3101.038,261.6204,0,21.10962,1,1,2170.727,2170.409,687.1162,337.645,1024.761,3,205.6481,2.923295,16.18984,800,0,72.99131,200,0.1,0.1374491,0.3172331,0,250,0.3172331,1483.293,12.95187,63.63646,0,0,8.157747,39.07308,26.69928,12.3738,365.6804,0,659.7698,0,5.684342e-14,5.551115e-15,4.263256e-14
naive,2026-01-20 05:15:00,1461,5.25,19.49528,3074.6,383.8851,6.234978,18.03339,1,1,2152.22,2151.903,1174.461,477.5221,1651.983,4,335.8516,3.882611,12.24887,800,500,0,324.9685,0.1624843,0.1259371,0.3172331,0,250,0.3172331,977.4419,9.799098,63.63555,48.03348,2.352367,8.234289,38.73996,17.59395,21.14601,496.4648,0,1008.255,0,0,1.24345e-13,4.263256e-14
naive,2026-01-20 05:30:00,1462,5.5,19.71747,3103.417,475.0609,10.1731,22.36215,1,1,2172.392,2172.074,522.4264,289.5053,811.9317,2,0,0,11.93169,800,0,429.4159,217.5634,0.1087817,0.2046279,0.3172331,0,250,0.3172331,1649.648,9.545351,63.40186,54.55705,1.261072,12.8168,39.10305,29.69367,9.409385,321.3067,0,667.5725,0,0,-7.993606e-15,4.263256e-14
naive,2026-01-20 05:45:00,1463,5.75,19.76385,3077.234,528.2583,3.335113,12.77813,1,1,2154.064,2153.747,853.35,384.9017,1238.252,3,424.4406,1.99974,11.81139,800,0,70.11657,200,0.1,0.1369965,0.3172331,0,250,0.3172331,1300.397,9.449116,63.35308,33.70113,1.335373,3.329017,38.77315,23.40714,15.36601,408.8568,0,806.8793,0,1.136868e-13,4.385381e-15,4.263256e-14
naive,2026-01-20 06:00:00,1464,6,19.77938,3109.507,610.7882,2.278306,18.45816,1,1,2176.655,2176.338,1369.557,533.1999,1902.757,4,590.8168,2.810926,9.129618,800,500,0,324.9685,0.1624843,0.1259371,0.3172331,0,250,0.3172331,806.7804,7.303695,63.33675,19.97138,0,11.15447,39.17979,14.52205,24.65774,549.5583,0,1062.313,0,0,1.24345e-13,4.263256e-14
naive,2026-01-20 06:15:00,1465,6.25,19.734,3134.921,667.6687,0,20.58186,1,1,2194.445,2194.128,652.6557,327.5,980.1557,2,163.2231,3.027855,13.90478,800,0,499.6694,200,0.1,0.2046279,0.3172331,0,250,0.3172331,1541.472,11.12382,63.38448,4.776227,0,9.458032,39.50001,27.74649,11.75351,356.8023,0,650.536,0,0,-7.993606e-15,4.263256e-14
naive,2026-01-20 06:30:00,1466,6.5,19.56918,3120.152,760.1599,0,21.24265,1,1,2184.106,2183.789,1450.422,549.5776,2000,4,727.8802,1.706511,10.5058,759.9075,500,0,324.9685,0.1624843,0.1259371,0.3172331,0,250,0.3172331,733.3664,8.404643,60.37259,32.27973,0,12.83801,39.31391,13.2006,26.11331,564.8837,0,1117.531,0,0,1.24345e-13,4.263256e-14
naive,2026-01-20 06:45:00,1467,6.75,19.82431,3166.822,775.8794,2.440684,19.53663,1,1,2216.775,2216.458,731.064,350.0302,1081.094,3,264.4013,0.7789611,15.91394,800,0,499.6694,200,0.1,0.2046279,0.3172331,0,250,0.3172331,1485.394,12.73115,63.2895,11.80865,1.661723,6.805475,39.90196,26.73709,13.16486,377.8885,0,707.8128,0,1.136868e-13,-7.993606e-15,4.263256e-14
naive,2026-01-20 07:00:00,1468,7,20.05657,3167.903,802.0485,0,11.73558,1,1,2217.532,2217.215,1457.28,542.72,2000,4,775.7832,1.430951,19.40095,703.3849,500,0,324.9685,0.1624843,0.1259371,0.3172331,0,250,0.3172331,759.935,15.51198,55.43132,26.26534,0,0,39.91558,13.67883,26.23675,556.3989,0,1095.745,0,2.273737e-13,1.24345e-13,4.263256e-14
naive,2026-01-20 07:15:00,1469,7.25,20.02307,3139.72,782.7712,0,17.44459,1,1,2197.804,2197.487,737.6313,352.5109,1090.142,3,267.8848,0.5581315,21.69929,800,0,499.6694,200,0.1,0.2046279,0.3172331,0,250,0.3172331,1459.856,17.35543,63.08045,15.21691,0,0.0891601,39.56047,26.2774,13.28307,378.8031,0,712.8898,0,5.684342e-14,-7.993606e-15,4.263256e-14
naive,2026-01-20 07:30:00,1470,7.5,20.21101,3145.896,749.7958,8.972378,19.63987,1,1,2202.127,2201.81,1451.406,548.5936,2000,4,731.1209,0.7046743,22.21854,745.9559,500,0,324.9685,0.1624843,0.1259371,0.3172331,0,250,0.3172331,750.4036,17.73732,58.63473,18.67486,8.267704,1.902551,39.63829,13.50727,26.13103,562.4165,0,1105.345,0,0,1.24345e-13,4.263256e-14
naive,2026-01-20 07:45:00,1471,7.75,20.37346,3184.03,685.5226,6.180987,24.24117,1,1,2228.821,2228.504,661.2308,330.4725,991.7033,2,170.0135,1.16732,20.52244,800,0,499.6694,200,0.1,0.2046279,0.3172331,0,250,0.3172331,1567.273,16.35664,62.71193,15.83962,5.013667,7.884529,40.11878,28.21092,11.90786,359.9956,0,685.4121,0,0,-7.993606e-15,4.263256e-14
naive,2026-01-20 08:00:00,1472,8,20.45434,3197.198,586.9028,381.7802,19.45712,1,1,2238.039,2237.721,1448.373,551.6269,2000,4,611.2757,251.1143,25.26423,612.3458,500,0,324.9685,0.1624843,0.1259371,0.3172331,0,250,0.3172331,789.3483,20.11956,47.93662,0,130.6659,0,40.2847,14.20827,26.07643,565.8351,0,1303.14,0,0,1.24345e-13,4.263256e-14
naive,2026-01-20 08:15:00,1473,8.25,20.5568,3232.518,482.1324,387.6613,19.03751,1,1,2262.762,2262.445,734.1605,380.1221,1114.283,3,22.91555,259.8115,31.55564,800,0,499.6694,200,0.1,0.2046279,0.3172331,0,250,0.3172331,1528.285,25.10395,62.5191,0,127.8499,0,40.72972,27.50913,13.2206,407.6313,0,965.4695,0,1.705303e-13,-7.993606e-15,4.263256e-14
naive,2026-01-20 08:30:00,1474,8.5,20.81192,3276.639,408.6275,385.4394,24.76897,1,1,2293.647,2293.33,1426.75,573.2498,2000,4,443.9775,261.5592,30.02521,764.4382,500,0,324.9685,0.1624843,0.1259371,0.3172331,0,250,0.3172331,866.5799,23.82514,59.48359,0,123.8802,0.9438277,41.28565,15.59844,25.68721,589.0066,0,1324.787,0,0,1.24345e-13,4.263256e-14
naive,2026-01-20 08:45:00,1475,8.75,20.81759,3301.34,336.884,384.7795,38.41399,1,1,2310.938,2310.621,619.8186,332.4406,952.2592,2,0,119.1763,33.0829,800,0,499.6694,200,0.1,0.2046279,0.3172331,0,250,0.3172331,1690.802,26.24993,62.24481,0,119.1045,12.16405,41.59688,30.43444,11.16244,364.916,0,865.2618,0,0,-7.993606e-15,4.263256e-14
naive,2026-01-20 09:00:00,1476,9,20.92586,3317.991,267.5426,395.2619,35.18549,1,1,2322.594,2322.276,1356.201,561.7207,1917.922,4,301.566,269.1556,47.20005,800,500,0,324.9685,0.1624843,0.1259371,0.3172331,0,250,0.3172331,966.0754,37.41044,62.13095,0,126.1063,0,41.80669,17.38936,24.41733,579.11,0,1305.856,0,2.273737e-13,1.24345e-13,4.263256e-14
naive,2026-01-20 09:15:00,1477,9.25,21.10282,3327.067,236.1866,401.5766,41.19707,1,1,2328.947,2328.63,551.876,302.4882,854.3642,2,0,0,54.36422,800,0,489.9952,202.4185,0.1012093,0.2046279,0.3172331,0,250,0.3172331,1776.754,43.01175,61.94483,13.57582,134.1921,0,41.92104,31.98157,9.939479,334.4698,0,854.1513,0,-5.684342e-14,4.884981e-14,4.263256e-14
naive,2026-01-20 09:30:00,1478,9.5,21.29746,3344.421,191.475,405.1233,41.21585,1,1,2341.094,2340.777,869.8746,422.7934,1292.668,3,167.1515,268.4678,57.04869,800,0,9.546736,200,0.1,0.12746,0.3172331,0,250,0.3172331,1470.903,45.0468,61.74011,14.77674,136.6555,0,42.1397,26.47625,15.66345,449.2696,0,1090.302,0,0,7.494005e-16,4.263256e-14
naive,2026-01-20 09:45:00,1479,9.75,21.47276,3385.705,150.6241,399.0752,49.81117,1,1,2369.994,2369.676,1240.335,530.5023,1770.837,4,134.6073,272.6347,63.59506,800,500,0,324.9685,0.1624843,0.1259371,0.3172331,0,250,0.3172331,1129.342,50.12676,61.55574,16.01682,126.4405,0,42.65988,20.32815,22.33173,550.8305,0,1278.15,0,0,1.24345e-13,4.263256e-14
naive,2026-01-20 10:00:00,1480,10,21.71164,3372.69,158.4754,400.7534,54.72747,1,1,2360.883,2360.566,559.8488,306.003,865.8518,2,0,0,65.85179,800,0,386.5634,228.2765,0.1141383,0.2046279,0.3172331,0,250,0.3172331,1800.717,51.77971,61.3045,47.95542,124.7101,2.947759,42.4959,32.41291,10.08299,338.9188,0,906.718,0,0,-7.993606e-15,4.263256e-14
naive,2026-01-20 10:15:00,1481,10.25,21.9971,3375.516,138.6525,402.8339,63.86344,1,1,2362.861,2362.544,745.7482,387.9566,1133.705,3,0,257.8447,75.86003,800,0,112.9623,200,0.1,0.1437424,0.3172331,0,250,0.3172331,1616.796,59.47602,61.00427,40.39612,130.2832,4.387421,42.53151,29.10233,13.42918,417.8114,0,1061.415,0,-5.684342e-14,7.494005e-16,4.263256e-14
naive,2026-01-20 10:30:00,1482,10.5,22.09831,3405.005,118.6837,404.3441,61.58217,1,1,2383.503,2383.186,1220.27,527.2119,1747.482,4,87.9112,274.6509,84.92025,800,500,0,324.9685,0.1624843,0.1259371,0.3172331,0,250,0.3172331,1162.916,66.51068,60.89782,30.77247,129.6932,0,42.90306,20.93248,21.97058,548.1444,0,1304.582,0,0,1.24345e-13,4.263256e-14
naive,2026-01-20 10:45:00,1483,10.75,22.33433,3388.58,101.2326,408.1975,74.34355,1,1,2372.006,2371.689,578.2658,314.1221,892.3879,2,0,0,92.38795,800,0,368.6369,232.7581,0.1163791,0.2046279,0.3172331,0,250,0.3172331,1793.423,72.18505,60.6496,13.47228,127.321,2.158502,42.69611,32.28161,10.4145,346.7763,0,868.1902,0,0,-6.483702e-14,4.263256e-14
naive,2026-01-20 11:00:00,1484,11,22.49221,3426.383,89.80752,408.7093,83.15956,1,1,2398.468,2398.151,756.5754,392.7297,1149.305,3,0,242.9199,106.3853,800,0,130.8859,200,0.1,0.1465644,0.3172331,0,250,0.3172331,1641.576,82.98716,60.48355,0,127.9109,0.1724052,43.17243,29.54836,13.62407,422.308,0,997.2183,0,0,-5.662137e-15,4.263256e-14
naive,2026-01-20 11:15:00,1485,11.25,22.92172,3435.743,77.43838,415.5302,88.0811,1,1,2405.02,2404.703,1257.385,542.4082,1799.793,4,97.70813,289.0245,113.0601,800,500,0,324.9685,0.1624843,0.1259371,0.3172331,0,250,0.3172331,1147.318,87.80547,60.03181,0,126.5057,0.2756297,43.29036,20.65173,22.63863,563.1081,0,1276.903,0,0,1.24345e-13,4.263256e-14
naive,2026-01-20 11:30:00,1486,11.5,22.96463,3456.898,69.7915,405.1354,99.37962,1,1,2419.829,2419.511,597.0118,322.3863,919.3981,2,0,0,119.3981,800,0,376.7089,230.7401,0.1153701,0.2046279,0.3172331,0,250,0.3172331,1822.5,92.68671,59.98668,0,122.9165,6.692908,43.55692,32.80499,10.75192,356.3606,0,857.267,0,0,-7.993606e-15,4.263256e-14
naive,2026-01-20 11:45:00,1487,11.75,23.16493,3449.186,64.35426,402.1134,100.1688,1,1,2414.43,2414.113,785.2753,405.3821,1190.657,3,0,263.5135,127.1439,800,0,122.8153,200,0.1,0.1452937,0.3172331,0,250,0.3172331,1628.838,98.49591,59.77601,0,122.2861,1.672916,43.45974,29.31908,14.14067,434.9945,0,1013.685,0,0,-4.524159e-15,4.263256e-14
naive,2026-01-20 12:00:00,1488,12,23.48795,3454.439,56.14045,411.0087,110.1313,1,1,2418.107,2417.79,1285.331,552.0855,1837.416,4,119.9239,278.9678,138.5245,800,500,0,324.9685,0.1624843,0.1259371,0.3172331,0,250,0.3172331,1132.459,106.9543,59.43627,0,132.0409,3.177032,43.52593,20.38426,23.14166,573.0305,0,1306.966,0,1.136868e-13,1.24345e-13,4.263256e-14
naive,2026-01-20 12:15:00,1489,12.25,23.67779,3494.321,48.72,413.4003,118.8414,1,1,2446.025,2445.708,619.5041,332.302,951.8061,2,0,0,151.8061,800,0,389.9763,227.4233,0.1137116,0.2046279,0.3172331,0,250,0.3172331,1826.204,116.9784,59.23662,0,126.0493,1.863056,44.02845,32.87166,11.15678,365.5037,0,881.8011,0,0,4.884981e-14,4.263256e-14
naive,2026-01-20 12:30:00,1490,12.5,23.85894,3471.783,66.67279,410.9841,122.6294,1,1,2430.248,2429.931,828.7276,424.538,1253.266,3,0,287.6655,165.6,800,0,109.5499,200,0.1,0.1432051,0.3172331,0,250,0.3172331,1601.203,127.3677,59.04609,0,123.0293,0,43.74446,28.82166,14.92281,453.3596,0,1052.518,0,-1.136868e-13,3.830269e-15,4.263256e-14
naive,2026-01-20 12:45:00,1491,12.75,24.00981,3505.386,48.93659,411.9924,132.162,1,1,2453.771,2453.453,1309.12,564.6334,1873.753,4,102.6022,292.6709,178.4801,800,500,0,324.9685,0.1624843,0.1259371,0.3172331,0,250,0.3172331,1144.334,137.0587,58.88742,0,119.3215,0,44.16787,20.598,23.56987,585.2314,0,1310.044,0,0,1.24345e-13,4.263256e-14
naive,2026-01-20 13:00:00,1492,13,24.26938,3535.085,63.52988,408.0016,143.4683,1,1,2474.559,2474.242,649.6064,345.5726,995.179,2,0,0,195.179,800,0,390.5833,227.2715,0.1136358,0.2046279,0.3172331,0,250,0.3172331,1824.636,149.4769,58.61441,0,114.2344,0,44.54207,32.84344,11.69863,378.416,0,887.9451,0,0,4.884981e-14,4.263256e-14
naive,2026-01-20 13:15:00,1493,13.25,24.32777,3533.897,88.01061,416.8265,155.5325,1,1,2473.728,2473.411,851.4787,434.5678,1286.047,3,0,283.209,202.8375,800,0,108.9431,200,0.1,0.1431096,0.3172331,0,250,0.3172331,1621.932,155.2473,58.553,0,127.079,0.2851506,44.5271,29.19478,15.33233,463.8137,0,1080.967,0,0,1.69309e-15,4.263256e-14
naive,2026-01-20 13:30:00,1494,13.5,24.52474,3483.031,81.89108,418.5703,165.6,1,1,2438.122,2437.804,1329.557,573.5105,1903.067,4,103.7165,285.7257,213.6252,800,500,0,324.9685,0.1624843,0.1259371,0.3172331,0,250,0.3172331,1108.248,163.1674,58.34584,0,132.8446,2.432599,43.88619,19.94846,23.93773,593.8971,0,1351.312,0,0,1.24345e-13,4.263256e-14
naive,2026-01-20 13:45:00,1495,13.75,24.71179,3461.879,85.44482,420.8196,170.8093,1,1,2423.315,2422.998,667.9441,353.6567,1021.601,3,0,0,221.6008,800,0,397.13,225.6349,0.1128174,0.2046279,0.3172331,0,250,0.3172331,1755.054,168.9275,58.14911,0,134.1367,1.881731,43.61967,31.59097,12.0287,385.5878,0,937.1437,0,5.684342e-14,-7.993606e-15,4.263256e-14
naive,2026-01-20 14:00:00,1496,14,24.71107,3480.029,106.4972,428.396,170.0435,1,1,2436.02,2435.703,876.9196,445.7834,1322.703,3,0,290.5846,232.1184,800,0,102.3974,200,0.1,0.142079,0.3172331,0,250,0.3172331,1558.783,176.9465,58.14986,6.337937,135.5732,0,43.84836,28.0581,15.79026,473.8415,0,1127.061,0,0,3.330669e-15,4.263256e-14
naive,2026-01-20 14:15:00,1497,14.25,24.93343,3509.187,113.2366,419.9428,176.1332,1,1,2456.431,2456.114,1356.4,584.8578,1941.258,4,107.8073,289.943,243.5076,800,500,0,324.9685,0.1624843,0.1259371,0.3172331,0,250,0.3172331,1099.713,185.1955,57.916,5.429325,129.9997,0,44.21576,19.79484,24.42091,604.6526,0,1377.765,0,-1.136868e-13,1.24345e-13,4.263256e-14
naive,2026-01-20 14:30:00,1498,14.5,25.0479,3471.095,95.00678,421.0565,181.9455,1,1,2429.766,2429.449,685.6163,361.4475,1047.064,3,0,0,247.0638,800,0,413.2564,221.6033,0.1108016,0.2046279,0.3172331,0,250,0.3172331,1743.833,187.6738,57.7956,0,128.5533,0,442.1993,317.3646,124.8348,678.812,0,1514.358,0,-1.136868e-13,4.884981e-14,4.263256e-14
naive,2026-01-20 14:45:00,1499,14.75,25.25499,3481.127,96.89671,415.8106,180.1438,1,1,2436.789,2436.471,911.6515,457.5136,1369.165,3,30.10471,285.0123,254.0481,800,0,86.27351,200,0.1,0.1395403,0.3172331,0,250,0.3172331,1524.82,192.5583,57.5778,0,130.7983,0,445.3235,278.6611,166.6624,736.1747,0,1633.202,0,0,-8.604228e-16,4.263256e-14
naive,2026-01-20 15:00:00,1500,15,25.52303,3483.537,97.94028,414.5576,182.5929,1,1,2438.476,2438.159,1371.702,589.8694,1961.572,4,122.3867,285.7259,253.4594,800,500,0,324.9685,0.1624843,0.1259371,0.3172331,0,250,0.3172331,1066.456,191.5686,57.29589,0,128.8317,0,448.0461,195.9509,252.0952,785.8204,0,1729.418,0,0,1.24345e-13,4.263256e-14
naive,2026-01-20 15:15:00,1501,15.25,25.70938,3440.362,121.3051,414.4314,190.6152,1,1,2408.254,2407.936,696.771,366.365,1063.136,3,0,0,263.136,800,0,399.408,225.0653,0.1125327,0.2046279,0.3172331,0,250,0.3172331,1711.165,198.4901,57.0999,1.273594,135.0549,0,444.1659,315.5985,128.5674,681.9635,0,1534.856,0,0,-7.993606e-15,4.263256e-14
naive,2026-01-20 15:30:00,1502,15.5,25.68159,3443.629,153.3781,409.3069,196.0356,1,1,2410.54,2410.223,914.179,458.6044,1372.783,3,30.30227,276.7216,265.7596,800,0,100.1197,200,0.1,0.1417204,0.3172331,0,250,0.3172331,1496.044,200.5282,57.12912,22.95615,132.5853,0,444.3372,275.7673,168.57,734.3717,0,1672.782,0,-1.136868e-13,-4.801715e-15,4.263256e-14
naive,2026-01-20 15:45:00,1503,15.75,25.84151,3420.372,145.0594,415.4787,195.2516,1,1,2394.26,2393.943,1401.679,598.3214,2000,4,159.0042,275.6621,270.8337,794.5001,500,0,324.9685,0.1624843,0.1259371,0.3172331,0,250,0.3172331,992.2646,204.0103,56.56933,0,139.8166,0,442.772,183.5001,259.2719,781.8215,0,1741.186,0,0,1.24345e-13,4.263256e-14
naive,2026-01-20 16:00:00,1504,16,25.73403,3380.271,165.7012,409.2171,187.0259,1,1,2366.19,2365.872,701.8176,368.5898,1070.407,3,0,0,270.4074,800,0,443.0985,214.1427,0.1070714,0.2046279,0.3172331,0,250,0.3172331,1664.055,203.9218,57.07397,0,132.7729,0,436.6262,307.0633,129.5629,675.6531,0,1516.131,0,0,-7.993606e-15,4.263256e-14
naive,2026-01-20 16:15:00,1505,16.25,25.72588,3424.41,192.008,394.5142,184.8634,1,1,2397.087,2396.77,985.4731,479.2186,1464.692,3,121.2224,272.7627,270.7066,800,0,56.4361,200,0.1,0.1348425,0.3172331,0,250,0.3172331,1411.297,204.165,57.08255,14.34952,121.7515,0,442.2545,260.3795,181.875,739.5981,0,1649.753,0,-1.136868e-13,2.442491e-15,4.263256e-14
naive,2026-01-20 16:30:00,1506,16.5,26.02623,3394.29,220.1216,391.3405,183.9315,1,1,2376.003,2375.686,1406.098,593.9021,2000,4,197.3748,273.4814,259.0114,770.1324,500,0,324.9685,0.1624843,0.1259371,0.3172331,0,250,0.3172331,969.5879,194.7222,54.6473,22.74683,117.8591,0,441.053,179.9828,261.0702,773.8849,0,1728.837,0,-1.136868e-13,1.24345e-13,4.263256e-14
naive,2026-01-20 16:45:00,1507,16.75,26.08933,3350.1,217.0244,381.985,172.8282,1,1,2345.07,2344.753,689.2753,363.0605,1052.336,3,0,6.186589,246.1492,800,0,499.6694,200,0.1,0.2046279,0.3172331,0,250,0.3172331,1655.477,184.9283,56.70029,0,111.8213,0,435.8725,307.6996,128.1729,670.7601,0,1470.624,0,5.684342e-14,-7.993606e-15,4.263256e-14
naive,2026-01-20 17:00:00,1508,17,26.34243,3311.235,244.4431,376.0198,165.7011,1,1,2317.865,2317.547,1413.845,586.1554,2000,4,267.4017,263.3552,237.3778,731.8654,500,0,324.9685,0.1624843,0.1259371,0.3172331,0,250,0.3172331,903.7027,177.8578,51.6277,0,112.6646,0,433.0569,168.8428,264.2141,754.9982,0,1646.262,0,0,1.24345e-13,4.263256e-14
naive,2026-01-20 17:15:00,1509,17.25,26.34842,3357.608,285.4427,366.3542,164.9906,1,1,2350.326,2350.009,734.8302,383.1434,1117.974,3,0,89.24071,228.7329,800,0,499.6694,200,0.1,0.2046279,0.3172331,0,250,0.3172331,1615.178,171.3696,56.42779,0,106.7959,0,439.1758,301.8081,137.3678,684.9515,0,1490.645,0,1.136868e-13,-7.993606e-15,4.263256e-14
naive,2026-01-20 17:30:00,1510,17.5,26.36501,3367.943,335.6422,370.2977,158.0895,1,1,2357.56,2357.243,1425.842,574.1576,2000,4,367.8258,258.6842,213.8031,659.6869,500,0,324.9685,0.1624843,0.1259371,0.3172331,0,250,0.3172331,931.4002,160.1556,46.51645,0,111.6135,0,440.6779,174.0984,266.5794,748.2561,0,1636.714,0,0,1.24345e-13,4.263256e-14
naive,2026-01-20 17:45:00,1511,17.75,26.21833,3361.843,384.9263,357.3643,148.3628,1,1,2353.29,2352.973,791.2342,408.009,1199.243,3,0,192.4311,206.8121,800,0,499.6694,200,0.1,0.2046279,0.3172331,0,250,0.3172331,1561.739,155.1615,56.56461,0,99.41914,0,438.5571,291.0443,147.5128,699.0533,0,1505.969,0,5.684342e-14,-7.993606e-15,4.263256e-14
naive,2026-01-20 18:00:00,1512,18,26.33024,3319.718,468.6926,0,144.2992,1,1,2323.803,2323.485,1423.638,568.6913,1992.329,4,492.8832,2.095181,197.351,800,500,0,324.9685,0.1624843,0.1259371,0.3172331,0,250,0.3172331,899.8472,147.8866,56.44691,0,0,0,434.0576,168.0803,265.9772,736.7717,0,1410.041,0,0,1.24345e-13,4.263256e-14
naive,2026-01-20 18:15:00,1513,18.25,26.27507,3311.907,539.4202,0,135.0273,1,1,2318.335,2318.018,691.9101,356.4282,1048.338,3,65.51704,4.562736,178.2585,800,0,499.6694,200,0.1,0.2046279,0.3172331,0,250,0.3172331,1626.108,133.6581,56.50494,0,0,1.36914,432.546,303.3929,129.1531,660.0766,0,1256.585,0,1.136868e-13,-7.993606e-15,4.263256e-14
naive,2026-01-20 18:30:00,1514,18.5,26.31429,3294.636,595.9009,0,131.1219,1,1,2306.245,2305.928,1445.604,554.3958,2000,4,629.7817,5.560004,168.6412,696.0172,500,0,324.9685,0.1624843,0.1259371,0.3172331,0,250,0.3172331,860.3239,126.3941,49.12462,0,0,4.72775,430.637,160.6452,269.9918,715.9238,0,1376.582,0,2.273737e-13,1.24345e-13,4.263256e-14
naive,2026-01-20 18:45:00,1515,18.75,26.31297,3293.503,611.3161,0,122.0524,0,1,2305.452,2305.135,753.9032,372.1311,1126.034,3,163.2549,3.972483,158.807,800,0,499.6694,200,0.1,0.2046279,0.3172331,0,250,0.3172331,1551.232,119.0252,56.46508,0,0,3.027161,430.4772,289.6481,140.8291,0,662.3444,3579.371,0,-1.705303e-13,-7.993606e-15,4.263256e-14
naive,2026-01-20 19:00:00,1516,19,26.3098,3236.095,673.9784,0,117.6853,0,0,2265.267,2264.95,1454.746,545.2536,2000,4,706.6452,3.711575,148.0769,641.5663,500,0,324.9685,0.1624843,0.1259371,0.3172331,0,250,0.3172331,810.2031,110.9869,45.28529,0,0,6.698453,422.9462,151.2724,271.6738,0,697.7766,3786.825,0,2.273737e-13,1.24345e-13,4.263256e-14
naive,2026-01-20 19:15:00,1517,19.25,26.26454,3240.074,677.636,0,110.7024,0,0,2268.052,2267.735,780.2176,376.7947,1157.012,3,221.5693,1.581209,133.8618,800,0,499.6694,200,0.1,0.2046279,0.3172331,0,250,0.3172331,1487.517,100.3808,56.51601,0,0,10.32162,423.073,277.4753,145.5977,0,656.1953,3545.494,0,5.684342e-14,-7.993606e-15,4.263256e-14
naive,2026-01-20 19:30:00,1518,19.5,26.15739,3246.585,705.771,0,108.6951,0,0,2272.609,2272.292,1454.532,545.4678,2000,4,718.0033,0.3191932,117.6795,663.998,500,0,324.9685,0.1624843,0.1259371,0.3172331,0,250,0.3172331,817.7597,88.34682,47.00169,0,0,20.34833,422.993,152.2068,270.7862,0,701.462,3805.164,0,0,1.24345e-13,4.263256e-14
naive,2026-01-20 19:45:00,1519,19.75,26.04246,3203.352,697.1305,0,96.85731,0,0,2242.346,2242.029,751.3894,365.4055,1116.795,3,210.4754,2.164604,104.1549,800,0,499.6694,200,0.1,0.2046279,0.3172331,0,250,0.3172331,1490.64,78.2891,56.74958,0,0,18.56821,416.3805,276.7964,139.5842,0,645.6498,3487.231,0,1.136868e-13,-7.993606e-15,4.263256e-14
naive,2026-01-20 20:00:00,1520,20,25.82421,3165.127,688.9123,0.754793,79.13851,0,0,2215.589,2215.271,1449.941,550.0589,2000,4,692.1552,1.003648,94.99629,711.8449,500,0,324.9685,0.1624843,0.1259371,0.3172331,0,250,0.3172331,765.3304,71.57081,50.70037,0,0,7.567706,409.586,141.4832,268.1028,0,692.9412,3754.139,0,0,1.24345e-13,4.263256e-14
naive,2026-01-20 20:15:00,1521,20.25,25.40681,3152.015,645.2202,6.828685,72.23167,0,0,2206.411,2206.094,704.9545,350.5682,1055.523,3,163.1193,1.649402,90.75407,800,0,499.6694,200,0.1,0.2046279,0.3172331,0,250,0.3172331,1501.139,68.67773,57.41812,0,5.179283,3.553933,404.4564,275.1733,129.2831,0,626.3929,3389.5,0,0,-7.993606e-15,4.263256e-14
naive,2026-01-20 20:30:00,1522,20.5,25.32693,3109.492,602.0401,8.816864,69.10273,0,0,2176.645,2176.327,1435.054,559.7912,1994.845,4,610.0065,3.907186,80.93174,800,500,0,324.9685,0.1624843,0.1259371,0.3172331,0,250,0.3172331,741.2731,61.29645,57.50214,0,4.909678,7.806274,398.3582,135.664,262.6943,0,696.8839,3776.641,0,3.410605e-13,1.24345e-13,4.263256e-14
naive,2026-01-20 20:45:00,1523,20.75,25.44539,3099.033,535.8028,5.470309,62.11498,0,0,2169.323,2169.006,596.9953,317.7088,914.7041,2,39.25848,2.183522,73.26215,800,0,499.6694,200,0.1,0.2046279,0.3172331,0,250,0.3172331,1572.011,55.41819,57.37755,0,3.286787,6.696791,397.9674,288.3891,109.5784,0,607.3264,3281.415,0,5.684342e-14,-7.993606e-15,4.263256e-14
naive,2026-01-20 21:00:00,1524,21,25.41821,3088.612,489.1387,7.684709,62.02038,0,0,2162.029,2161.711,1331.462,528.1392,1859.601,4,492.1798,1.121103,66.30022,800,500,0,324.9685,0.1624843,0.1259371,0.3172331,0,250,0.3172331,830.2495,50.16635,57.40614,0,6.563605,11.85403,396.4117,152.2277,244.184,0,682.5404,3700.712,0,-1.136868e-13,1.24345e-13,4.263256e-14
naive,2026-01-20 21:15:00,1525,21.25,25.54544,3119.082,436.7281,3.690952,59.17541,0,0,2183.358,2183.04,555.659,304.1559,859.8149,2,0,0,59.8149,800,0,442.6028,214.2667,0.1071333,0.2046279,0.3172331,0,250,0.3172331,1627.381,45.19832,57.27232,0,3.053024,13.97709,401.3524,299.1509,102.2015,0,605.8762,3273.154,0,5.684342e-14,-6.483702e-14,4.263256e-14
naive,2026-01-20 21:30:00,1526,21.5,25.41644,3084.047,375.1265,1.967646,49.94739,0,0,2158.833,2158.515,800.3373,374.295,1174.632,3,317.1443,1.148342,56.33971,800,0,56.93176,200,0.1,0.1349206,0.3172331,0,250,0.3172331,1358.178,42.63049,57.408,1.050438,0.819304,7.316898,395.8116,249.0155,146.7962,0,624.652,3374.227,0,0,-9.992007e-16,4.263256e-14
naive,2026-01-20 21:45:00,1527,21.75,25.08892,3071.21,341.4485,7.190678,43.27237,0,0,2149.847,2149.53,1187.684,484.4473,1672.131,4,326.6387,3.487863,42.00449,800,500,0,324.9685,0.1624843,0.1259371,0.3172331,0,250,0.3172331,961.8462,31.89353,57.75247,14.80974,3.702814,11.37884,391.5777,175.1927,216.385,0,661.7126,3606.382,0,-5.684342e-14,1.24345e-13,4.263256e-14
naive,2026-01-20 22:00:00,1528,22,24.75384,3099.542,275.8847,1.645681,31.00795,0,0,2169.679,2169.362,544.7558,299.3493,844.1051,2,0,0,44.10509,800,0,280.1864,254.8708,0.1274354,0.2046279,0.3172331,0,250,0.3172331,1624.606,33.60672,58.10488,0,0,0,39.05423,29.24292,9.811315,0,328.5922,1741.889,0,-1.136868e-13,4.884981e-14,4.263256e-14
naive,2026-01-20 22:15:00,1529,22.25,24.64332,3047.17,185.7735,0,24.64866,0,0,2133.019,2132.702,563.1363,305.1839,868.3203,2,19.06837,4.016635,45.23527,800,0,219.3225,200,0.1,0.1604884,0.3172331,0,250,0.3172331,1569.565,34.50788,58.22112,0,0,0,38.39434,28.25217,10.14216,0,333.4361,1768.4,0,0,-1.970646e-15,4.263256e-14
naive,2026-01-20 22:30:00,1530,22.5,24.47362,3071.159,198.1113,0,26.41571,0,0,2149.812,2149.494,1085.653,455.4476,1541.1,4,192.3014,8.207844,40.59091,800,500,0,324.9685,0.1624843,0.1259371,0.3172331,0,250,0.3172331,1063.842,31.02002,58.39961,5.80997,0,0,38.69661,19.14915,19.54746,0,474.5968,2554.605,0,-5.684342e-14,1.24345e-13,4.263256e-14
naive,2026-01-20 22:45:00,1531,22.75,24.23287,3053.061,203.6388,5.359504,16.45149,1,0,2137.142,2136.825,540.0709,297.2839,837.3549,2,0,0,37.35489,800,0,177.1535,280.629,0.1403145,0.2046279,0.3172331,0,250,0.3172331,1596.754,28.61896,58.65281,29.49792,2.346909,0,38.46856,28.74158,9.726987,326.0255,0,640.999,0,-5.684342e-14,-6.483702e-14,4.263256e-14
naive,2026-01-20 23:00:00,1532,23,24.10916,3063.243,180.3361,4.399405,23.14766,1,1,2144.27,2143.953,535.8387,295.4182,831.2569,2,0,0,31.25691,800,0,153.402,242.2343,0.1211172,0.176708,0.3172331,0,250,0.3172331,1608.114,23.97801,58.78292,33.79319,0,0,38.59687,28.94606,9.650807,324.3642,0,640.8909,0,5.684342e-14,-2.883804e-14,4.263256e-14
naive,2026-01-20 23:15:00,1533,23.25,23.76936,3056.221,142.2601,3.300119,21.18826,1,1,2139.355,2139.038,537.2477,296.0393,833.287,2,0,0,33.28697,800,0,143.1263,206.4146,0.1032073,0.1525314,0.3172331,0,250,0.3172331,1601.79,25.62581,59.14031,2.812458,0,0,38.50839,28.83222,9.676168,324.8715,0,588.0617,0,-5.684342e-14,-4.687917e-14,4.263256e-14
naive,2026-01-20 23:30:00,1534,23.5,23.61455,3065.777,123.1665,5.245413,18.80732,1,1,2146.044,2145.727,615.4911,318.8652,934.3562,2,98.08151,4.649439,31.62526,800,0,25.52847,200,0.1,0.1299763,0.3172331,0,250,0.3172331,1530.236,24.38572,59.30313,0,0.595974,0,38.6288,27.54425,11.08455,346.4094,0,627.1308,0,0,-1.776357e-15,4.263256e-14
naive,2026-01-20 23:45:00,1535,23.75,23.35299,2976.015,78.75417,0,21.48468,1,1,2083.21,2082.893,1022.87,435.7388,1458.609,3,125.3151,0.8534866,32.44068,800,500,0,324.9685,0.1624843,0.1259371,0.3172331,0,250,0.3172331,1060.022,25.08236,59.57822,0,0,0,37.49778,19.0804,18.41738,454.8192,0,842.613,0,5.684342e-14,1.24345e-13,4.263256e-14
naive,2026-01-21 00:00:00,1536,0,23.15086,2967.696,62.89001,0,26.36922,1,1,2077.387,2077.07,535.1507,295.1148,830.2655,2,0,0,30.26549,800,0,122.3024,294.3418,0.1471709,0.2046279,0.3172331,0,250,0.3172331,1541.919,23.4495,59.79081,0,0,2.919727,37.39297,27.75455,9.638422,323.3813,0,579.498,0,0,9.148238e-14,4.263256e-14
naive,2026-01-21 00:15:00,1537,0.25,23.08603,2924.842,61.63548,0,25.54324,1,1,2047.39,2047.072,536.9266,295.8977,832.8243,2,0,0,32.82433,800,0,126.0279,262.7885,0.1313942,0.1853427,0.3172331,0,250,0.3172331,1510.146,25.44909,59.85899,0,0,0.09415112,36.85301,27.18262,9.670389,323.0969,0,578.8524,0,0,-4.984901e-14,4.263256e-14
naive,2026-01-21 00:30:00,1538,0.5,22.84744,2936.165,69.13503,0,25.0411,1,1,2055.316,2054.998,532.4445,293.9218,826.3664,2,0,0,26.36636,800,0,131.4235,229.8912,0.1149456,0.165474,0.3172331,0,250,0.3172331,1522.554,20.49247,60.10994,0,0,4.548624,36.99568,27.40597,9.589712,322.1207,0,576.6177,0,-5.684342e-14,5.107026e-15,4.263256e-14
naive,2026-01-21 00:45:00,1539,0.75,22.81248,2936.149,67.29072,0,24.47159,1,1,2055.305,2054.987,531.7827,293.6301,825.4128,2,0,0,25.41284,800,0,117.99,200.3575,0.1001788,0.1447591,0.3172331,0,250,0.3172331,1523.205,19.75849,60.1467,0,0,4.713105,36.99548,27.41768,9.5778,321.8688,0,576.0725,0,0,5.501155e-14,4.263256e-14
naive,2026-01-21 01:00:00,1540,1,22.77352,2953.546,84.84012,0,34.52804,1,1,2067.482,2067.165,622.502,320.0688,942.5708,2,113.9454,3.662079,24.9633,800,0,1.303984,200,0.1,0.1261622,0.3172331,0,250,0.3172331,1444.663,19.41675,60.18767,0,0,15.11129,37.21468,26.00393,11.21075,348.7031,0,629.695,0,0,-2.775558e-17,4.263256e-14
naive,2026-01-21 01:15:00,1541,1.25,22.46317,3006.595,93.79451,0,32.29646,1,1,2104.616,2104.299,1004.439,429.3524,1433.792,3,110.6973,4.517669,18.57678,800,500,0,324.9685,0.1624843,0.1259371,0.3172331,0,250,0.3172331,1099.86,14.49536,60.51409,0,0,17.8011,37.88309,19.79748,18.08562,452.2302,0,836.382,0,0,1.24345e-13,4.263256e-14
naive,2026-01-21 01:30:00,1542,1.5,22.5669,3020.949,95.56515,0,32.7012,1,1,2114.664,2114.347,526.3883,291.2519,817.6402,2,0,0,17.64021,800,0,111.7793,296.9725,0.1484863,0.2046279,0.3172331,0,250,0.3172331,1587.959,13.74992,60.40499,0,0,18.95128,38.06396,28.58326,9.480699,323.121,0,578.2864,0,-5.684342e-14,3.463896e-14,4.263256e-14
naive,2026-01-21 01:45:00,1543,1.75,22.2048,3029.316,81.84782,0,29.35236,1,1,2120.521,2120.204,529.0495,292.4252,821.4747,2,0,0,21.47469,800,0,104.3171,270.8465,0.1354233,0.1869993,0.3172331,0,250,0.3172331,1591.155,16.80097,60.78582,0,0,12.55139,38.16938,28.64078,9.528602,323.2272,0,578.0703,0,0,-8.507084e-14,4.263256e-14
naive,2026-01-21 02:00:00,1544,2,22.00365,3041.652,84.89998,0,24.14956,1,1,2129.156,2128.839,526.7598,291.4157,818.1756,2,0,0,18.17556,800,0,103.6012,244.9036,0.1224518,0.1705481,0.3172331,0,250,0.3172331,1602.079,14.24911,60.99739,0,0,9.900451,38.32481,28.83742,9.487387,321.9515,0,575.2809,0,0,1.987299e-14,4.263256e-14
naive,2026-01-21 02:15:00,1545,2.25,21.92212,3032.817,101.3051,0,16.88366,1,1,2122.972,2122.654,524.2527,290.3105,814.5632,2,0,0,14.56316,800,0,96.05397,220.8515,0.1104258,0.1542122,0.3172331,0,250,0.3172331,1598.402,11.42659,61.08313,6.144339,0,5.457063,38.21349,28.77123,9.442259,320.0164,0,581.9132,0,0,4.357625e-14,4.263256e-14
naive,2026-01-21 02:30:00,1546,2.5,21.45199,3069.153,98.18932,0,21.61893,1,1,2148.407,2148.09,526.5243,290.7504,817.2747,2,4.720031,1.646226,10.90844,800,0,83.26703,200,0.1,0.139067,0.3172331,0,250,0.3172331,1621.566,8.60004,61.57759,10.20226,0,13.01889,38.67133,29.18818,9.483147,322.1488,0,592.6218,0,-5.684342e-14,1.582068e-15,4.263256e-14
naive,2026-01-21 02:45:00,1547,2.75,21.43329,3078.245,115.0781,0,16.79277,1,1,2154.772,2154.455,988.221,424.4737,1412.695,3,91.60538,1.79435,19.29499,800,500,0,324.9685,0.1624843,0.1259371,0.3172331,0,250,0.3172331,1166.234,15.21475,61.59726,23.47276,0,1.578019,38.78589,20.9922,17.79369,445.7337,0,862.661,0,1.136868e-13,1.24345e-13,4.263256e-14
naive,2026-01-21 03:00:00,1548,3,21.43779,3071.088,106.7723,0,21.57622,1,1,2149.762,2149.445,522.4937,289.535,812.0287,2,0,0,12.02868,800,0,92.24548,301.856,0.150928,0.2046279,0.3172331,0,250,0.3172331,1626.951,9.48459,61.59253,15.85043,0,12.09163,38.69571,29.28512,9.410596,320.8724,0,599.7952,0,5.684342e-14,-6.483702e-14,4.263256e-14
naive,2026-01-21 03:15:00,1549,3.25,21.28741,3095.024,116.6056,0,15.55883,1,1,2166.517,2166.2,525.0659,290.669,815.7349,2,0,0,15.73494,800,0,92.75796,278.619,0.1393095,0.1900743,0.3172331,0,250,0.3172331,1641.134,12.42589,61.75068,24.14868,0,3.132936,38.99731,29.54041,9.456897,320.7397,0,613.6663,0,-1.136868e-13,-1.001144e-13,4.263256e-14
naive,2026-01-21 03:30:00,1550,3.5,21.20052,3076.217,101.6923,0,8.708549,1,1,2153.352,2153.035,524.3215,290.3408,814.6623,2,0,0,14.66234,800,0,89.82023,256.1201,0.12806,0.1754423,0.3172331,0,250,0.3172331,1628.713,11.58905,61.84208,12.02247,0,0,38.76033,29.31684,9.443498,319.6577,0,590.4817,0,-5.684342e-14,5.720424e-14,4.263256e-14
naive,2026-01-21 03:45:00,1551,3.75,21.11869,3058.681,95.97027,0,11.84063,1,1,2141.077,2140.76,528.9454,292.3793,821.3247,2,0,0,21.32466,800,0,108.3416,228.9943,0.1144972,0.161275,0.3172331,0,250,0.3172331,1611.814,16.86888,61.92813,0,0,0,38.53938,29.01265,9.526727,321.3919,0,573.1147,0,5.684342e-14,1.959544e-14,4.263256e-14
naive,2026-01-21 04:00:00,1552,4,20.99411,3036.841,111.4787,0,14.29557,1,1,2125.789,2125.472,545.3197,297.5473,842.867,2,17.23753,1.122753,24.5067,800,0,115.8331,200,0.1,0.1441944,0.3172331,0,250,0.3172331,1580.152,19.41046,62.05916,0,0,0,38.2642,28.44273,9.821465,325.99,0,582.1635,0,0,7.494005e-16,4.263256e-14
naive,2026-01-21 04:15:00,1553,4.25,21.05252,3007.475,164.4311,0,12.39615,1,1,2105.233,2104.915,1041.086,440.3593,1481.446,3,153.9805,0.9418366,26.5234,800,500,0,324.9685,0.1624843,0.1259371,0.3172331,0,250,0.3172331,1063.829,20.99539,61.99773,10.45055,0,0,37.89419,19.14892,18.74527,459.5082,0,867.2962,0,-1.136868e-13,1.24345e-13,4.263256e-14
naive,2026-01-21 04:30:00,1554,4.5,20.93286,2990.223,177.5899,0,11.94618,1,1,2093.156,2092.839,530.5133,293.0704,823.5837,2,0,0,23.58369,800,0,195.1279,276.1354,0.1380677,0.2046279,0.3172331,0,250,0.3172331,1562.326,18.69095,62.12358,0,0,0,37.67681,28.12186,9.554949,321.1923,0,572.4956,0,5.684342e-14,7.727152e-14,4.263256e-14
naive,2026-01-21 04:45:00,1555,4.75,20.87178,3036.205,220.6201,0,12.29119,1,1,2125.344,2125.026,528.3683,292.1248,820.4931,2,0,0,20.49308,800,0,243.3051,215.2656,0.1076328,0.1738784,0.3172331,0,250,0.3172331,1596.658,16.25154,62.18782,0,0,0,38.25619,28.73985,9.516339,320.8647,0,571.768,0,-5.684342e-14,6.578071e-15,4.263256e-14
naive,2026-01-21 05:00:00,1556,5,20.87949,3035.379,284.1925,0,10.69649,1,1,2124.766,2124.448,691.8115,339.4125,1031.224,3,208.1903,1.263137,21.77055,800,0,60.92698,200,0.1,0.1355496,0.3172331,0,250,0.3172331,1432.637,17.26326,62.17971,15.07516,0,0,38.24578,25.78746,12.45832,365.2,0,686.4524,0,5.684342e-14,2.775558e-17,4.263256e-14
naive,2026-01-21 05:15:00,1557,5.25,20.96524,3046.106,363.6261,6.276139,11.23363,1,1,2132.274,2131.957,1199.372,485.4241,1684.796,4,361.7422,5.170683,17.88284,800,500,0,324.9685,0.1624843,0.1259371,0.3172331,0,250,0.3172331,932.5854,14.16818,62.08953,1.883809,1.105456,0,38.38094,16.78654,21.5944,502.2106,0,939.727,0,1.705303e-13,1.24345e-13,4.263256e-14
naive,2026-01-21 05:30:00,1558,5.5,21.09759,3075.273,444.4098,0.936586,6.549434,1,1,2152.691,2152.374,528.4953,292.1808,820.6761,2,0,0,20.67607,800,0,459.8342,209.9588,0.1049794,0.2046279,0.3172331,0,250,0.3172331,1623.879,16.35931,61.95033,0,0,0,38.74844,29.22982,9.518625,321.4106,0,573.1271,0,-5.684342e-14,4.884981e-14,4.263256e-14
naive,2026-01-21 05:45:00,1559,5.75,20.90279,3079.23,522.1504,5.433027,4.193986,1,1,2155.461,2155.144,893.3197,396.7097,1290.029,3,473.3028,2.733241,13.99335,800,0,39.70301,200,0.1,0.132208,0.3172331,0,250,0.3172331,1261.824,11.09362,62.15521,9.144582,2.699786,0,38.79829,22.71283,16.08546,419.4225,0,789.352,0,1.136868e-13,-1.165734e-15,4.263256e-14
naive,2026-01-21 06:00:00,1560,6,20.65297,3064.482,599.7383,4.11207,3.855049,1,1,2145.137,2144.82,1383.114,537.8618,1920.976,4,601.8662,2.471103,16.63841,800,500,0,324.9685,0.1624843,0.1259371,0.3172331,0,250,0.3172331,761.7062,13.22381,62.41796,0,1.640967,0,38.61247,13.71071,24.90176,551.5725,0,1035.755,0,0,1.24345e-13,4.263256e-14
naive,2026-01-21 06:15:00,1561,6.25,20.6717,3058.435,684.8787,9.791443,11.26482,1,1,2140.905,2140.587,658.0025,329.541,987.5435,2,165.8804,1.297143,20.36594,800,0,499.6694,200,0.1,0.2046279,0.3172331,0,250,0.3172331,1482.585,16.18331,62.39826,19.32883,8.4943,0,38.53628,26.68653,11.84975,356.2275,0,690.2519,0,0,-7.993606e-15,4.263256e-14
naive,2026-01-21 06:30:00,1562,6.5,20.71636,3065.817,764.7462,2.810626,19.19962,1,1,2146.072,2145.755,1453.181,546.8188,2000,4,745.4895,0.6561353,19.35742,734.497,500,0,324.9685,0.1624843,0.1259371,0.3172331,0,250,0.3172331,692.5735,15.375,57.24604,19.25677,2.154491,3.824615,38.62929,12.46632,26.16297,559.9257,0,1092.384,0,0,1.24345e-13,4.263256e-14
naive,2026-01-21 06:45:00,1563,6.75,20.6401,3110.464,812.8726,0,13.255,1,1,2177.325,2177.007,739.9643,353.1801,1093.144,3,270.9053,1.660273,20.57879,800,0,499.6694,200,0.1,0.2046279,0.3172331,0,250,0.3172331,1437.043,16.35765,62.43149,42.29782,0,0,39.19184,25.86678,13.32507,379.0469,0,760.8221,0,5.684342e-14,-7.993606e-15,4.263256e-14
naive,2026-01-21 07:00:00,1564,7,20.76301,3111.221,801.925,0.8542223,21.72542,1,1,2177.855,2177.538,1459.008,540.9923,2000,4,789.9992,0.5858777,16.81941,692.5955,500,0,324.9685,0.1624843,0.1259371,0.3172331,0,250,0.3172331,718.5299,13.35286,53.9378,11.92583,0.2683445,8.372554,39.20139,12.93354,26.26785,555.3292,0,1071.013,0,2.273737e-13,1.24345e-13,4.263256e-14
naive,2026-01-21 07:15:00,1565,7.25,20.94181,3113.833,763.3279,0,27.31751,1,1,2179.683,2179.366,744.0011,354.3235,1098.325,3,276.2536,0.2174899,21.85356,800,0,499.6694,200,0.1,0.2046279,0.3172331,0,250,0.3172331,1435.365,17.31819,62.11417,0,0,9.999319,39.2343,25.83657,13.39773,381.8417,0,693.8049,0,-5.684342e-14,-7.993606e-15,4.263256e-14
naive,2026-01-21 07:30:00,1566,7.5,21.10018,3145.917,722.3198,0,28.69286,1,1,2202.142,2201.824,1453.108,546.8915,2000,4,741.5914,5.221832,23.54167,729.6451,500,0,324.9685,0.1624843,0.1259371,0.3172331,0,250,0.3172331,748.716,18.62614,56.49971,0,0,10.06672,39.63855,13.47689,26.16166,562.0663,0,1060.57,0,0,1.24345e-13,4.263256e-14
naive,2026-01-21 07:45:00,1567,7.75,21.43783,3162.756,679.0173,4.420935,33.35128,1,1,2213.929,2213.612,673.5862,334.8849,1008.471,3,178.71,3.867287,25.89373,800,0,499.6694,200,0.1,0.2046279,0.3172331,0,250,0.3172331,1540.026,20.41714,61.59248,0.6377793,0.5536482,12.93414,39.85073,27.72047,12.13026,364.8006,0,662.3648,0,-5.684342e-14,-7.993606e-15,4.263256e-14
naive,2026-01-21 08:00:00,1568,8,21.43068,3180.587,620.4744,372.9008,39.49252,1,1,2226.411,2226.093,1450.157,549.8431,2000,4,598.0224,320.9146,24.75923,556.3038,500,0,324.9685,0.1624843,0.1259371,0.3172331,0,250,0.3172331,775.9365,19.524,42.8354,22.45204,51.9862,19.96852,40.07539,13.96686,26.10853,567.1987,0,1214.614,0,0,1.24345e-13,4.263256e-14
naive,2026-01-21 08:15:00,1569,8.25,21.57707,3202.494,527.7573,373.31,39.17232,1,1,2241.746,2241.429,761.5328,394.7988,1156.332,3,0.9785211,328.1386,27.21453,800,0,499.6694,200,0.1,0.2046279,0.3172331,0,250,0.3172331,1479.896,21.42827,61.44604,27.10937,45.17145,17.74405,40.35143,26.63813,13.7133,424.4564,0,904.4704,0,5.684342e-14,-7.993606e-15,4.263256e-14
naive,2026-01-21 08:30:00,1570,8.5,21.98594,3259.673,425.2111,370.4087,38.81268,1,1,2281.771,2281.454,1427.598,572.4016,2000,4,424.7716,327.6468,30.53809,717.0434,500,0,324.9685,0.1624843,0.1259371,0.3172331,0,250,0.3172331,853.8553,23.94529,54.68891,0.439519,42.76182,14.86739,41.07188,15.3694,25.70248,590.3204,0,1193.638,0,0,1.24345e-13,4.263256e-14
naive,2026-01-21 08:45:00,1571,8.75,22.23683,3259.353,336.2938,374.7849,38.28625,1,1,2281.547,2281.23,663.4867,351.6916,1015.178,3,0,173.8439,41.33441,800,0,499.6694,200,0.1,0.2046279,0.3172331,0,250,0.3172331,1617.743,32.32787,60.75214,0,45.67657,5.958381,41.06784,29.11937,11.94847,381.8376,0,774.1212,0,0,-7.993606e-15,4.263256e-14
naive,2026-01-21 09:00:00,1572,9,22.25946,3259.732,281.3455,384.4565,41.79117,1,1,2281.812,2281.495,1387.486,577.6994,1965.185,4,283.1823,336.4101,45.5928,800,500,0,324.9685,0.1624843,0.1259371,0.3172331,0,250,0.3172331,894.0093,35.65012,60.72834,0,48.0464,6.141048,41.07262,16.09217,24.98045,594.8501,0,1204.261,0,2.273737e-13,1.24345e-13,4.263256e-14
naive,2026-01-21 09:15:00,1573,9.25,22.46744,3319.056,223.1164,391.9817,45.89143,1,1,2323.339,2323.022,599.2575,323.3763,922.6338,2,0,69.51097,53.12281,800,0,499.6694,200,0.1,0.2046279,0.3172331,0,250,0.3172331,1723.765,41.44962,60.50959,0,53.00217,4.441805,41.82011,31.02776,10.79235,355.1727,0,733.7009,0,0,-7.993606e-15,4.263256e-14
naive,2026-01-21 09:30:00,1574,9.5,22.81225,3304.148,216.1547,399.2946,51.01069,1,1,2312.904,2312.586,1320.708,559.952,1880.659,4,184.8989,341.4294,54.33122,800,500,0,324.9685,0.1624843,0.1259371,0.3172331,0,250,0.3172331,991.8788,42.24263,60.14695,31.25579,57.86529,8.76806,41.63226,17.85382,23.77845,579.3332,0,1244.735,0,2.273737e-13,1.24345e-13,4.263256e-14
naive,2026-01-21 09:45:00,1575,9.75,23.28139,3275.688,166.9286,397.4,57.47073,1,1,2292.982,2292.664,558.1388,305.2491,863.388,2,0,0,63.38796,800,0,483.1985,204.1177,0.1020589,0.2046279,0.3172331,0,250,0.3172331,1734.526,49.04637,59.65353,23.63052,57.49958,8.424366,41.27367,31.22146,10.05221,337.9514,0,748.742,0,0,-7.993606e-15,4.263256e-14
naive,2026-01-21 10:00:00,1576,10,23.56586,3319.755,107.3301,407.1094,66.89008,1,1,2323.829,2323.511,892.4817,438.3083,1330.79,3,120.5085,342.4042,67.8773,800,0,16.34244,200,0.1,0.1285299,0.3172331,0,250,0.3172331,1431.03,52.36551,59.35433,0,64.7052,14.52456,41.82892,25.75854,16.07038,466.6341,0,978.1109,0,1.705303e-13,1.054712e-15,4.263256e-14
naive,2026-01-21 10:15:00,1577,10.25,23.92144,3325.671,135.0956,405.6592,72.33645,1,1,2327.969,2327.652,1287.876,553.173,1841.049,4,120.2144,341.9871,78.8475,800,500,0,324.9685,0.1624843,0.1259371,0.3172331,0,250,0.3172331,1039.776,60.60443,58.98036,14.88115,63.67208,11.73202,41.90345,18.71597,23.18748,573.977,0,1217.106,0,0,1.24345e-13,4.263256e-14
naive,2026-01-21 10:30:00,1578,10.5,23.97925,3344.953,138.6418,411.5334,81.25941,1,1,2341.467,2341.15,570.6764,310.7763,881.4527,2,0,0,81.45266,800,0,448.4573,212.803,0.1064015,0.2046279,0.3172331,0,250,0.3172331,1770.474,62.56917,58.91955,33.95221,67.7657,18.69025,42.14641,31.86852,10.27788,345.9751,0,801.129,0,5.684342e-14,4.884981e-14,4.263256e-14
naive,2026-01-21 10:45:00,1579,10.75,24.15697,3366.054,105.2145,411.2738,86.19863,1,1,2356.238,2355.92,855.3746,431.0674,1286.442,3,43.86306,348.7008,93.87812,800,0,51.07814,200,0.1,0.133999,0.3172331,0,250,0.3172331,1500.546,71.9805,58.73263,10.27332,62.57302,14.21813,42.41228,27.00982,15.40245,460.6194,0,980.8246,0,-5.684342e-14,2.303713e-15,4.263256e-14
naive,2026-01-21 11:00:00,1580,11,24.52855,3355.524,83.88417,413.5514,97.47877,1,1,2348.867,2348.549,1289.097,557.206,1846.303,4,90.83743,348.9733,106.4924,800,500,0,324.9685,0.1624843,0.1259371,0.3172331,0,250,0.3172331,1059.452,81.33587,58.34183,0,64.57815,16.1429,42.2796,19.07014,23.20946,579.1838,0,1204.13,0,0,1.24345e-13,4.263256e-14
naive,2026-01-21 11:15:00,1581,11.25,24.61573,3390.12,65.91814,416.4597,102.2317,1,1,2373.084,2372.767,592.7198,320.4941,913.214,2,0,0,113.214,800,0,442.6049,214.2661,0.1071331,0.2046279,0.3172331,0,250,0.3172331,1780.047,86.39066,58.25014,0,60.04818,15.84109,42.71551,32.04084,10.67467,355.3932,0,748.8381,0,-5.684342e-14,-7.993606e-15,4.263256e-14
naive,2026-01-21 11:30:00,1582,11.5,24.82433,3378.388,85.99022,418.486,112.0193,1,1,2364.871,2364.554,860.0962,435.5205,1295.617,3,23.92667,347.5792,124.1108,800,0,56.92957,200,0.1,0.1349202,0.3172331,0,250,0.3172331,1504.458,94.49865,58.03075,5.133972,70.90681,17.52065,42.56769,27.08024,15.48744,465.7751,0,997.436,0,0,3.358425e-15,4.263256e-14
naive,2026-01-21 11:45:00,1583,11.75,24.79499,3421.073,84.8352,419.2518,115.7927,1,1,2394.751,2394.434,1295.494,560.9128,1856.407,4,83.38376,344.7939,128.2292,800,500,0,324.9685,0.1624843,0.1259371,0.3172331,0,250,0.3172331,1098.94,97.66453,58.0616,1.45144,74.45788,18.12819,43.10552,19.78092,23.3246,583.9763,0,1233.577,0,1.136868e-13,1.24345e-13,4.263256e-14
naive,2026-01-21 12:00:00,1584,12,25.20995,3464.271,94.64926,418.8924,124.9592,1,1,2424.989,2424.672,611.7432,328.8806,940.6238,2,0,0,140.6238,800,0,434.1599,216.3774,0.1081887,0.2046279,0.3172331,0,250,0.3172331,1812.929,106.6379,57.62517,9.76513,69.61658,18.32132,442.7664,331.0134,111.753,663.2392,0,1398.583,0,0,-7.993606e-15,4.263256e-14
naive,2026-01-21 12:15:00,1585,12.25,25.40762,3455.474,74.22242,419.2648,137.5468,1,1,2418.832,2418.515,872.2702,442.8219,1315.092,3,7.664227,354.4408,152.987,800,0,65.37328,200,0.1,0.1362497,0.3172331,0,250,0.3172331,1546.245,115.7712,57.41727,1.184914,64.82399,21.77556,443.4024,283.4461,159.9563,730.2598,0,1509.791,0,1.136868e-13,-3.996803e-15,4.263256e-14
naive,2026-01-21 12:30:00,1586,12.5,25.69472,3493.095,73.34486,417.9826,143.7639,1,1,2445.167,2444.849,1327.009,574.4895,1901.499,4,86.04706,353.446,162.006,800,500,0,324.9685,0.1624843,0.1259371,0.3172331,0,250,0.3172331,1117.84,122.2242,57.11532,0,64.53669,21.53973,450.8398,206.1073,244.7325,784.5683,0,1616.208,0,0,1.24345e-13,4.263256e-14
naive,2026-01-21 12:45:00,1587,12.75,25.70399,3501.55,99.01035,416.7667,155.3304,1,1,2451.085,2450.768,635.4396,339.3271,974.7668,2,0,0,174.7668,800,0,429.237,217.6081,0.1088041,0.2046279,0.3172331,0,250,0.3172331,1815.328,131.8385,57.10557,25.84216,60.69794,23.49195,452.0162,334.7732,117.2429,678.4326,0,1441.903,0,-5.684342e-14,-7.993606e-15,4.263256e-14
naive,2026-01-21 13:00:00,1588,13,25.73661,3549.171,79.01018,427.6331,160.3043,1,1,2484.42,2484.103,898.8314,454.47,1353.301,3,8.180728,354.3582,190.7625,800,0,70.29545,200,0.1,0.1370246,0.3172331,0,250,0.3172331,1585.271,143.8553,57.07126,0.5339937,73.27486,16.44895,458.4669,292.5409,165.926,750.0463,0,1563.208,0,-1.136868e-13,4.746203e-15,4.263256e-14
naive,2026-01-21 13:15:00,1589,13.25,26.17881,3542.909,69.43269,417.3991,175.5169,1,1,2480.036,2479.719,1364.72,590.1008,1954.821,4,94.56613,357.3366,202.9183,800,500,0,324.9685,0.1624843,0.1259371,0.3172331,0,250,0.3172331,1114.999,152.3043,56.60617,0,60.06249,23.21255,461.8033,207.622,254.1813,802.0452,0,1644.016,0,0,1.24345e-13,4.263256e-14
naive,2026-01-21 13:30:00,1590,13.5,26.32623,3492.864,95.91643,419.7626,182.2778,1,1,2445.005,2444.688,663.4668,351.6829,1015.15,3,0,0,215.1497,800,0,448.2645,212.8512,0.1064256,0.2046279,0.3172331,0,250,0.3172331,1781.221,161.2311,56.45113,4.135943,63.27865,21.04678,456.6591,332.6826,123.9764,688.2965,0,1429.376,0,0,-7.993606e-15,4.263256e-14
naive,2026-01-21 13:45:00,1591,13.75,26.44037,3451.389,92.61975,414.6881,183.2676,1,1,2415.972,2415.655,952.8549,473.8186,1426.674,3,45.73668,358.1805,222.7564,800,0,51.27094,200,0.1,0.1340293,0.3172331,0,250,0.3172331,1462.8,166.728,56.33108,0,56.50759,16.53953,452.2972,273.8526,178.4446,750.7676,0,1535.638,0,-1.136868e-13,-2.137179e-15,4.263256e-14
naive,2026-01-21 14:00:00,1592,14,26.6866,3483.274,91.34218,413.8433,196.1181,1,1,2438.292,2437.975,1393.939,601.8886,1995.828,4,103.7575,365.1526,226.9179,800,500,0,324.9685,0.1624843,0.1259371,0.3172331,0,250,0.3172331,1044.035,169.3958,56.07212,0,48.69074,26.72222,458.8021,196.4513,262.3508,803.3681,0,1627.647,0,2.273737e-13,1.24345e-13,4.263256e-14
naive,2026-01-21 14:15:00,1593,14.25,26.92843,3474.188,77.13472,418.5109,212.5342,1,1,2431.932,2431.614,678.5085,358.314,1036.823,3,0,0,236.8225,800,0,469.978,207.4229,0.1037114,0.2046279,0.3172331,0,250,0.3172331,1753.106,176.3315,55.81777,0,59.37211,36.20263,459.9074,331.5333,128.3741,696.6937,0,1433.009,0,-1.136868e-13,-7.993606e-15,4.263256e-14
naive,2026-01-21 14:30:00,1594,14.5,26.82755,3485.712,77.6566,412.2113,220.1452,1,1,2439.998,2439.681,992.9413,487.7622,1480.703,3,77.07877,360.9351,242.6896,800,0,29.56084,200,0.1,0.1306111,0.3172331,0,250,0.3172331,1446.74,180.8959,55.92387,0,51.27617,39.24938,460.4665,273.0228,187.4437,768.192,0,1561.921,0,-1.705303e-13,1.720846e-15,4.263256e-14
naive,2026-01-21 14:45:00,1595,14.75,26.85015,3456.026,62.05246,411.9416,220.6964,1,1,2419.218,2418.901,1397.25,602.7496,2000,4,105.6456,354.669,244.7422,794.9433,500,0,324.9685,0.1624843,0.1259371,0.3172331,0,250,0.3172331,1021.651,182.3816,55.54676,0,57.27268,38.31484,456.7594,192.8923,263.8671,802.8759,0,1642.057,0,0,1.24345e-13,4.263256e-14
naive,2026-01-21 15:00:00,1596,15,26.99886,3442.847,102.677,409.7791,220.748,1,1,2409.993,2409.676,685.306,361.3107,1046.617,3,0,0,246.6166,800,0,463.4483,209.0553,0.1045276,0.2046279,0.3172331,0,250,0.3172331,1724.37,183.485,55.74369,0,55.40047,37.26295,456.4272,326.5774,129.8498,694.9453,0,1422.745,0,0,-6.483702e-14,4.263256e-14
naive,2026-01-21 15:15:00,1597,15.25,27.12963,3389.256,109.5421,415.408,217.6214,1,1,2372.479,2372.162,1002.324,490.9914,1493.315,3,84.70342,351.4456,257.1662,800,0,36.08954,200,0.1,0.1316391,0.3172331,0,250,0.3172331,1369.838,191.0649,55.60616,0,63.96241,26.55645,450.55,260.1417,190.4083,756.1763,0,1560.131,0,0,-3.330669e-15,4.263256e-14
naive,2026-01-21 15:30:00,1598,15.5,27.29363,3407.168,121.6493,414.2984,222.3361,1,1,2385.017,2384.7,1402.796,597.2042,2000,4,143.1115,347.4174,262.2778,747.1933,500,0,324.9685,0.1624843,0.1259371,0.3172331,0,250,0.3172331,981.9045,194.5186,51.77459,0,66.88094,27.81756,454.4881,187.1114,267.3767,789.6165,0,1636.356,0,0,1.24345e-13,4.263256e-14
naive,2026-01-21 15:45:00,1599,15.75,27.34102,3428.06,121.223,413.0978,220.1225,1,1,2399.642,2399.325,699.1002,367.3918,1066.492,3,0,2.142559,264.3495,800,0,499.6694,200,0.1,0.2046279,0.3172331,0,250,0.3172331,1700.224,195.9548,55.38383,0,62.81827,24.16769,457.7296,324.3163,133.4133,696.3181,0,1438.691,0,0,-7.993606e-15,4.263256e-14
naive,2026-01-21 16:00:00,1600,16,27.39555,3403.153,124.1457,403.829,212.1633,1,1,2382.207,2381.89,1405.689,594.3113,2000,4,166.4224,347.2084,258.0315,728.3377,500,0,324.9685,0.1624843,0.1259371,0.3172331,0,250,0.3172331,976.2013,191.1589,50.37044,0,56.62069,21.00431,454.9245,186.4229,268.5016,784.7453,0,1610.495,0,0,1.24345e-13,4.263256e-14
naive,2026-01-21 16:15:00,1601,16.25,27.50216,3410.79,145.9118,403.6655,207.0581,1,1,2387.553,2387.236,708.6857,371.6176,1080.303,3,0,23.6708,256.6325,800,0,499.6694,200,0.1,0.2046279,0.3172331,0,250,0.3172331,1678.55,189.9036,55.21436,0,66.21399,17.15448,456.9687,321.2682,135.7005,696.1691,0,1444.441,0,5.684342e-14,-7.993606e-15,4.263256e-14
naive,2026-01-21 16:30:00,1602,16.5,27.47494,3383.137,160.6514,409.6345,200.332,1,1,2368.196,2367.879,1410.63,589.37,2000,4,210.2099,336.0618,251.2139,702.5144,500,0,324.9685,0.1624843,0.1259371,0.3172331,0,250,0.3172331,957.2488,185.9486,48.51124,0,73.57268,14.38335,453.0042,183.1089,269.8953,775.2303,0,1622.798,0,0,1.24345e-13,4.263256e-14
naive,2026-01-21 16:45:00,1603,16.75,27.41539,3383.889,196.9915,395.9796,190.8738,1,1,2368.722,2368.405,717.5969,375.5461,1093.143,3,0,55.66936,237.4736,800,0,499.6694,200,0.1,0.2046279,0.3172331,0,250,0.3172331,1650.808,175.8912,55.30561,0,66.51998,14.98259,452.5378,315.3823,137.1555,693.7908,0,1440.11,0,1.136868e-13,-7.993606e-15,4.263256e-14
naive,2026-01-21 17:00:00,1604,17,27.38057,3360.571,232.3326,389.4972,174.3162,1,1,2352.4,2352.082,1414.798,585.2022,2000,4,254.9802,323.1193,228.5687,693.3319,500,0,324.9685,0.1624843,0.1259371,0.3172331,0,250,0.3172331,937.2845,169.3592,47.96317,0,66.37788,4.956979,449.0908,178.9347,270.1562,765.0832,0,1590.71,0,0,1.24345e-13,4.263256e-14
naive,2026-01-21 17:15:00,1605,17.25,27.40508,3327.699,296.5343,386.4294,172.2899,1,1,2329.389,2329.072,754.2604,391.7092,1145.97,3,0,121.9303,224.0393,800,0,499.6694,200,0.1,0.2046279,0.3172331,0,250,0.3172331,1574.811,165.9592,55.31646,0,70.15204,6.33069,444.9269,300.7982,144.1288,693.7166,0,1446.214,0,-5.684342e-14,-7.993606e-15,4.263256e-14
naive,2026-01-21 17:30:00,1606,17.5,27.39398,3330.365,344.8814,384.821,169.7969,1,1,2331.256,2330.939,1426.43,573.5703,2000,4,350.0404,318.0597,212.2432,619.6567,500,0,324.9685,0.1624843,0.1259371,0.3172331,0,250,0.3172331,904.5089,157.24,42.85555,0,66.76134,12.55688,445.1797,172.7262,272.4535,748.6945,0,1564.34,0,1.136868e-13,1.24345e-13,4.263256e-14
naive,2026-01-21 17:45:00,1607,17.75,27.32481,3271.51,421.3858,381.4657,162.7809,1,1,2290.057,2289.74,805.4849,414.2914,1219.776,3,0,218.0466,201.7297,800,0,499.6694,200,0.1,0.2046279,0.3172331,0,250,0.3172331,1484.255,149.5627,55.40088,14.28665,70.84884,13.21818,436.6779,283.0241,153.6538,699.8361,0,1484.205,0,-1.136868e-13,-7.993606e-15,4.263256e-14
naive,2026-01-21 18:00:00,1608,18,27.27152,3311.112,501.5807,5.677931,158.497,1,1,2317.778,2317.461,1410.736,564.5821,1975.318,4,479.6116,1.005687,194.7006,800,500,0,324.9685,0.1624843,0.1259371,0.3172331,0,250,0.3172331,906.7251,144.4343,55.45693,21.96904,4.672244,14.06273,441.4704,172.7052,268.7652,739.9658,0,1463.499,0,0,1.24345e-13,4.263256e-14
naive,2026-01-21 18:15:00,1609,18.25,27.23034,3255.689,550.8126,0,146.8741,1,1,2278.983,2278.665,679.7682,352.7771,1032.545,3,51.21306,2.105708,179.2266,800,0,499.6694,200,0.1,0.2046279,0.3172331,0,250,0.3172331,1598.897,133.0143,55.50024,0,0,13.85985,433.7068,304.2816,129.4251,659.6963,0,1256.955,0,0,-7.993606e-15,4.263256e-14
naive,2026-01-21 18:30:00,1610,18.5,27.22319,3198.052,601.2959,0,131.4751,1,1,2238.636,2238.319,1443.133,556.8669,2000,4,611.0748,2.578378,172.2866,714.0603,500,0,324.9685,0.1624843,0.1259371,0.3172331,0,250,0.3172331,795.1859,127.8736,49.54485,0,0,3.601522,425.9648,151.3069,274.6579,708.8591,0,1361.98,0,2.273737e-13,1.24345e-13,4.263256e-14
naive,2026-01-21 18:45:00,1611,18.75,27.20636,3203.738,652.2892,0,122.2776,1,1,2242.617,2242.299,731.8569,365.8161,1097.673,3,134.6394,1.800219,161.2334,800,0,499.6694,200,0.1,0.2046279,0.3172331,0,250,0.3172331,1510.443,119.6915,55.52546,17.98035,0,2.586133,426.5719,287.3038,139.2681,653.6118,0,1275.774,0,0,-7.993606e-15,4.263256e-14
naive,2026-01-21 19:00:00,1612,19,26.95722,3172.812,673.4433,0,120.2155,1,0,2220.968,2220.651,1452.514,547.4862,2000,4,688.8045,1.660135,153.1771,656.3583,500,0,324.9685,0.1624843,0.1259371,0.3172331,0,250,0.3172331,768.1373,114.0162,45.77072,0,0,6.199262,420.2634,145.351,274.9124,694.0102,0,1336.528,0,0,1.24345e-13,4.263256e-14
naive,2026-01-21 19:15:00,1613,19.25,26.99448,3185.345,709.3082,1.295581,107.9964,0,0,2229.742,2229.424,766.5555,373.5876,1140.143,3,197.8989,0.7166718,141.5276,800,0,499.6694,200,0.1,0.2046279,0.3172331,0,250,0.3172331,1462.869,105.3028,55.7483,11.73985,0.5789094,2.69361,422.251,277.0267,145.2244,0,651.1244,3539.717,0,-5.684342e-14,-7.993606e-15,4.263256e-14
naive,2026-01-21 19:30:00,1614,19.5,26.67727,3143.254,732.6648,0,98.56116,0,0,2200.278,2199.96,1454.406,545.594,2000,4,711.4519,0.1532128,132.4717,655.9232,500,0,324.9685,0.1624843,0.1259371,0.3172331,0,250,0.3172331,745.5544,98.90097,45.9818,21.21298,0,0,413.9361,140.2604,273.6757,0,685.8545,3757.062,0,2.273737e-13,1.24345e-13,4.263256e-14
naive,2026-01-21 19:45:00,1615,19.75,26.63285,3177.44,694.3559,5.124289,96.32047,0,0,2224.208,2223.89,754.4495,367.5963,1122.046,3,203.3995,0.9614143,117.6849,800,0,499.6694,200,0.1,0.2046279,0.3172331,0,250,0.3172331,1469.441,87.90322,56.12864,0,4.162875,8.417258,418.0538,276.1907,141.8631,0,645.369,3493.566,0,0,-7.993606e-15,4.263256e-14
naive,2026-01-21 20:00:00,1616,20,26.40981,3197.057,685.6313,0,91.80091,0,0,2237.94,2237.623,1449.989,550.0112,2000,4,690.509,0.8279123,100.3948,708.2683,500,0,324.9685,0.1624843,0.1259371,0.3172331,0,250,0.3172331,787.6341,75.16775,49.90036,0,0,16.63316,418.7041,147.3612,271.3429,0,700.4844,3796.526,0,0,1.24345e-13,4.263256e-14
naive,2026-01-21 20:15:00,1617,20.25,26.34543,3153.354,646.9565,0,78.85581,0,0,2207.348,2207.031,701.4245,350.1317,1051.556,3,153.7063,4.505378,93.34448,800,0,499.6694,200,0.1,0.2046279,0.3172331,0,250,0.3172331,1505.606,69.9371,56.43094,0,0,8.918715,412.434,281.3164,131.1176,0,633.1146,3418.645,0,-5.684342e-14,-7.993606e-15,4.263256e-14
naive,2026-01-21 20:30:00,1618,20.5,26.33164,3190.59,590.9251,0,66.04081,0,0,2233.413,2233.096,1437.575,561.4119,1998.987,4,605.7234,6.643653,86.61963,800,500,0,324.9685,0.1624843,0.1259371,0.3172331,0,250,0.3172331,795.521,64.90815,56.44544,0,0,1.132668,417.186,148.5978,268.5882,0,710.2213,3842.716,0,1.136868e-13,1.24345e-13,4.263256e-14
naive,2026-01-21 20:45:00,1619,20.75,25.91808,3159.028,532.5674,0,54.30205,0,0,2211.319,2211.002,600.1481,319.312,919.4602,2,37.46553,4.001192,77.99345,800,0,499.6694,200,0.1,0.2046279,0.3172331,0,250,0.3172331,1610.854,58.70219,56.8804,0,0,0,409.5786,298.361,111.2177,0,617.673,3333.211,0,0,-7.993606e-15,4.263256e-14
naive,2026-01-21 21:00:00,1620,21,25.82485,3142.695,466.8141,0,50.98318,0,0,2199.887,2199.569,1338.556,531.4695,1870.026,4,490.4752,4.751515,74.79883,800,500,0,324.9685,0.1624843,0.1259371,0.3172331,0,250,0.3172331,861.0134,56.35353,56.97846,0,0,0,406.6885,159.1738,247.5147,0,690.6432,3734.437,0,2.273737e-13,1.24345e-13,4.263256e-14
naive,2026-01-21 21:15:00,1621,21.25,25.67795,3111.787,419.533,2.419317,46.13565,0,0,2178.251,2177.933,562.6481,307.2371,869.8852,2,0,0,69.88522,800,0,441.6308,214.5097,0.1072548,0.2046279,0.3172331,0,250,0.3172331,1615.285,52.73374,57.13296,0,0.08308797,0,401.4894,297.7251,103.7643,0,604.9622,3263.161,0,0,-7.993606e-15,4.263256e-14
naive,2026-01-21 21:30:00,1622,21.5,25.42508,3108.228,353.8903,0,40.02691,0,0,2175.759,2175.442,803.9954,375.9513,1179.947,3,316.7775,1.633409,61.53581,800,0,57.90354,200,0.1,0.1350736,0.3172331,0,250,0.3172331,1371.447,46.55796,57.39891,0,0,0,398.9846,251.492,147.4926,0,627.4433,3386.364,0,-5.684342e-14,-2.553513e-15,4.263256e-14
naive,2026-01-21 21:45:00,1623,21.75,25.27703,3106.798,325.0063,2.996972,39.75972,0,0,2174.759,2174.442,1201.177,489.4125,1690.589,4,334.9043,5.578583,50.10643,800,500,0,324.9685,0.1624843,0.1259371,0.3172331,0,250,0.3172331,973.2648,37.96984,57.55462,0,0,1.789884,397.6137,177.9432,219.6706,0,667.6829,3607.507,0,-5.684342e-14,1.24345e-13,4.263256e-14
naive,2026-01-21 22:00:00,1624,22,25.00591,3091.749,274.778,0.7745755,42.77792,0,0,2164.224,2163.907,543.4392,298.7688,842.208,2,0,0,42.20803,800,0,278.8502,255.2048,0.1276024,0.2046279,0.3172331,0,250,0.3172331,1620.468,32.07611,57.83977,0,0,10.70182,393.5418,294.6653,98.8765,0,595.3802,3209.521,0,0,-7.993606e-15,4.263256e-14
naive,2026-01-21 22:15:00,1625,22.25,24.81058,3089.078,245.925,0.2569524,35.68042,0,0,2162.355,2162.038,540.556,297.4978,838.0538,2,0,0,38.05384,800,0,211.2708,202.3469,0.1011735,0.1606987,0.3172331,0,250,0.3172331,1621.482,28.97858,58.04521,36.50021,0,6.701843,38.92239,29.18667,9.735719,0,327.8984,1801.103,0,0,-4.019007e-14,4.263256e-14
naive,2026-01-21 22:30:00,1626,22.5,24.45649,3081.756,192.5789,0,37.4314,0,0,2157.229,2156.912,687.2146,340.0002,1027.215,3,186.2143,3.755502,37.24499,800,0,9.26036,200,0.1,0.1274149,0.3172331,0,250,0.3172331,1469.697,28.46814,58.41762,0,0,8.963264,38.83013,26.45455,12.37557,0,368.0669,1958.648,0,5.684342e-14,8.604228e-16,4.263256e-14
naive,2026-01-21 22:45:00,1627,22.75,24.34149,3083.536,160.6892,0.9646434,31.14191,0,0,2158.475,2158.158,1073.192,450.1746,1523.367,4,190.4513,4.317088,28.59834,800,500,0,324.9685,0.1624843,0.1259371,0.3172331,0,250,0.3172331,1084.966,21.8854,58.53857,0,0,9.256516,38.85256,19.52939,19.32317,0,471.3651,2526.652,0,-1.136868e-13,1.24345e-13,4.263256e-14
naive,2026-01-21 23:00:00,1628,23,24.19631,3040.299,159.4709,4.109531,29.95332,0,1,2128.209,2127.892,535.4172,295.2324,830.6496,2,0,0,30.64958,800,0,170.7346,282.2337,0.1411169,0.2046279,0.3172331,0,250,0.3172331,1592.475,23.49074,58.69126,0,0,6.46258,38.30776,28.66454,9.64322,0,325.0533,1721.766,0,0,-6.483702e-14,4.263256e-14
naive,2026-01-21 23:15:00,1629,23.25,24.06803,3026.635,134.4439,1.542791,24.09039,1,1,2118.644,2118.327,535.0479,295.0695,830.1175,2,0,0,30.11748,800,0,144.643,246.0285,0.1230143,0.1777184,0.3172331,0,250,0.3172331,1583.279,23.11383,58.82618,0,0,0.9765582,38.1356,28.49902,9.636573,323.7429,0,581.3063,0,0,-2.717271e-14,4.263256e-14
naive,2026-01-21 23:30:00,1630,23.5,23.75381,2997.153,110.1754,1.886285,15.91313,1,1,2098.007,2097.69,533.3101,294.3034,827.6135,2,0,0,27.61352,800,0,128.2966,213.9157,0.1069578,0.1549206,0.3172331,0,250,0.3172331,1564.38,21.26157,59.15666,0,0,0,37.76413,28.15883,9.605292,322.4623,0,578.3733,0,1.136868e-13,-1.199041e-14,4.263256e-14
naive,2026-01-21 23:45:00,1631,23.75,23.76807,3000.168,128.6988,2.335128,21.3293,1,1,2100.117,2099.8,569.5081,304.9973,874.5054,2,44.25059,0.3547376,29.90006,800,0,55.52794,200,0.1,0.1346996,0.3172331,0,250,0.3172331,1530.292,23.01872,59.14167,28.92028,1.98039,0,37.80211,27.54526,10.25686,332.5425,0,651.8544,0,0,1.776357e-15,4.263256e-14
naive,2026-01-22 00:00:00,1632,0,23.79762,3001.797,96.02434,5.782863,27.3695,1,1,2101.258,2100.941,994.6592,427.642,1422.301,3,88.83092,1.113961,32.35628,800,500,0,324.9685,0.1624843,0.1259371,0.3172331,0,250,0.3172331,1106.282,24.90201,59.11058,7.193417,4.668902,2.46749,37.82264,19.91307,17.90957,447.9932,0,849.9495,0,0,1.24345e-13,4.263256e-14
naive,2026-01-22 00:15:00,1633,0.25,23.55451,2999.574,106.7902,6.487438,25.70659,1,1,2099.702,2099.385,537.0086,295.9339,832.9426,2,0,0,32.94257,800,0,90.85914,302.2026,0.1511013,0.2046279,0.3172331,0,250,0.3172331,1562.376,25.4173,59.36627,15.99389,6.424654,0.289291,37.79464,28.12277,9.671866,324.1078,0,620.1006,0,-5.684342e-14,-7.904788e-14,4.263256e-14
naive,2026-01-22 00:30:00,1634,0.5,23.27135,2985.465,97.24244,1.699559,22.41501,1,1,2089.826,2089.509,534.7124,294.9216,829.634,2,0,0,29.63405,800,0,97.32009,277.825,0.1389125,0.1902925,0.3172331,0,250,0.3172331,1554.796,22.93169,59.66409,0.004142589,1.617767,0,37.61686,27.98633,9.630534,322.908,0,581.4916,0,-5.684342e-14,-7.674417e-14,4.263256e-14
naive,2026-01-22 00:45:00,1635,0.75,22.99412,3035.373,119.0592,5.106549,20.02207,1,1,2124.761,2124.444,534.125,294.6627,828.7877,2,0,0,28.78774,800,0,90.07734,255.2619,0.127631,0.1749423,0.3172331,0,250,0.3172331,1590.319,22.34064,59.95566,28.98182,5.106549,0,38.2457,28.62574,9.619961,323.2884,0,637.9292,0,0,-3.766432e-14,4.263256e-14
naive,2026-01-22 01:00:00,1636,1,22.86618,3006.663,116.2816,4.732426,24.34569,1,1,2104.664,2104.347,538.9384,296.7847,835.7231,2,0,0,35.72313,800,0,100.1208,230.1915,0.1150958,0.1607347,0.3172331,0,250,0.3172331,1565.408,27.75939,60.09022,17.78745,3.105707,0,37.88395,28.17735,9.706602,324.962,0,618.3633,0,0,-4.321543e-14,4.263256e-14
naive,2026-01-22 01:15:00,1637,1.25,22.78743,3019.951,104.0983,4.094386,13.85079,1,1,2113.966,2113.649,535.7433,295.3761,831.1194,2,0,0,31.1194,800,0,103.4477,204.2933,0.1021467,0.1449482,0.3172331,0,250,0.3172331,1577.905,24.20157,60.17305,2.704136,2.04086,0,38.05139,28.4023,9.64909,323.7784,0,588.0472,0,0,2.753353e-14,4.263256e-14
naive,2026-01-22 01:30:00,1638,1.5,22.48058,3006.614,127.6636,0,12.38829,1,1,2104.629,2104.312,602.2678,314.4941,916.7619,2,85.82199,0.02429663,30.91563,800,0,17.04475,200,0.1,0.1286405,0.3172331,0,250,0.3172331,1502.044,24.119,60.49577,24.79682,0,0,37.88333,27.0368,10.84653,341.5309,0,657.7785,0,0,-8.604228e-16,4.263256e-14
naive,2026-01-22 01:45:00,1639,1.75,22.01484,3042.937,109.1486,0,20.86301,1,1,2130.056,2129.739,994.9154,427.5306,1422.446,3,90.71678,1.473098,30.2561,800,500,0,324.9685,0.1624843,0.1259371,0.3172331,0,250,0.3172331,1134.824,23.71719,60.98562,18.43179,0,0,38.34101,20.42682,17.91419,447.9574,0,859.1009,0,5.684342e-14,1.24345e-13,4.263256e-14
naive,2026-01-22 02:00:00,1640,2,21.88693,3065.337,145.6142,0,18.5406,1,1,2145.736,2145.419,531.6049,293.5517,825.1566,2,0,0,25.15657,800,0,93.55701,301.5281,0.1507641,0.2046279,0.3172331,0,250,0.3172331,1613.814,19.74551,61.12015,55.26905,0,0,38.62324,29.04865,9.574598,322.6003,0,671.7796,0,5.684342e-14,-9.325873e-14,4.263256e-14
naive,2026-01-22 02:15:00,1641,2.25,21.70227,3066.941,139.5914,0,16.37338,1,1,2146.859,2146.541,526.9087,291.4814,818.3901,2,0,0,18.39013,800,0,99.1206,276.7005,0.1383502,0.1898678,0.3172331,0,250,0.3172331,1619.633,14.46167,61.31436,40.81929,0,1.911718,38.64346,29.15339,9.490067,320.9609,0,643.3563,0,0,-6.639134e-14,4.263256e-14
naive,2026-01-22 02:30:00,1642,2.5,21.55544,3074.923,128.2814,0,11.17136,1,1,2152.446,2152.129,527.9557,291.943,819.8987,2,0,0,19.8987,800,0,94.5157,253.028,0.126514,0.1742342,0.3172331,0,250,0.3172331,1624.173,15.67135,61.46878,34.45722,0,0,38.74402,29.23511,9.508913,321.1781,0,632.6425,0,5.684342e-14,-2.506328e-14,4.263256e-14
naive,2026-01-22 02:45:00,1643,2.75,21.46415,3044.585,119.6314,1.899513,21.68019,1,1,2131.209,2130.892,528.2727,292.0827,820.3554,2,0,0,20.3554,800,0,105.4742,226.6196,0.1133098,0.159328,0.3172331,0,250,0.3172331,1602.619,16.04589,61.5648,14.89669,1.160023,5.634302,38.36177,28.84715,9.514619,321.8866,0,602.2106,0,0,9.076073e-15,4.263256e-14
naive,2026-01-22 03:00:00,1644,3,21.16955,3016.625,120.4561,0,24.37262,1,1,2111.638,2111.32,528.2986,292.0941,820.3926,2,0,0,20.39264,800,0,100.4684,201.4669,0.1007334,0.1426991,0.3172331,0,250,0.3172331,1583.022,16.12331,61.87464,20.52096,0,8.249304,38.00948,28.49439,9.515084,321.9816,0,609.753,0,-5.684342e-14,5.045964e-14,4.263256e-14
naive,2026-01-22 03:15:00,1645,3.25,21.04318,3039.11,114.6696,2.055646,27.36513,1,1,2127.377,2127.06,604.3487,313.717,918.0657,2,100.0659,0.1153586,17.88448,800,0,5.740617,200,0.1,0.1268607,0.3172331,0,250,0.3172331,1522.711,14.15833,62.00756,8.863057,1.940287,13.2068,38.29278,27.4088,10.88399,343.3509,0,635.5792,0,-5.684342e-14,2.498002e-16,4.263256e-14
naive,2026-01-22 03:30:00,1646,3.5,20.88153,3039.499,124.9785,0.6956071,26.07557,1,1,2127.649,2127.332,986.1643,422.9919,1409.156,3,96.44013,0.05436508,12.6617,800,500,0,324.9685,0.1624843,0.1259371,0.3172331,0,250,0.3172331,1141.168,10.04006,62.17757,28.53833,0.641242,16.0355,38.29769,20.54102,17.75667,446.2266,0,872.8381,0,5.684342e-14,1.24345e-13,4.263256e-14
naive,2026-01-22 03:45:00,1647,3.75,20.82172,3002.48,130.6426,0,16.4712,1,1,2101.736,2101.419,526.5869,291.3395,817.9264,2,0,0,17.92642,800,0,101.7326,299.4842,0.1497421,0.2046279,0.3172331,0,250,0.3172331,1574.832,14.2233,62.24048,28.99125,0,2.247908,37.83125,28.34697,9.484275,320.0637,0,620.1167,0,5.684342e-14,-2.220446e-14,4.263256e-14
naive,2026-01-22 04:00:00,1648,4,20.88511,3007.706,134.1978,3.072388,19.12554,1,1,2105.394,2105.077,528.7756,292.3044,821.08,2,0,0,21.07995,800,0,121.8357,268.9781,0.1344891,0.1885808,0.3172331,0,250,0.3172331,1576.302,16.7147,62.1738,12.80099,2.633488,2.410847,37.8971,28.37343,9.52367,321.0828,0,598.8446,0,0,4.32987e-15,4.263256e-14
naive,2026-01-22 04:15:00,1649,4.25,20.80006,2985.35,168.7248,6.821405,25.63889,1,1,2089.745,2089.428,528.47,292.1697,820.6396,2,0,0,20.63965,800,0,160.1106,228.9081,0.1144541,0.1693716,0.3172331,0,250,0.3172331,1560.958,16.37961,62.26325,9.002683,6.432939,9.259271,37.61541,28.09724,9.51817,321.82,0,600.2202,0,-5.684342e-14,2.359224e-15,4.263256e-14
naive,2026-01-22 04:30:00,1650,4.5,20.61656,2965.577,195.557,2.431195,25.44967,1,1,2075.904,2075.587,581.6768,307.3157,888.9925,2,69.85734,0.1092908,19.02588,800,0,115.4884,200,0.1,0.1441401,0.3172331,0,250,0.3172331,1493.91,15.12686,62.45625,10.21125,2.321904,10.32281,37.36627,26.89038,10.47589,335.9317,0,623.2197,0,0,-4.024558e-15,4.263256e-14
naive,2026-01-22 04:45:00,1651,4.75,20.72476,2984.967,213.0207,8.019668,21.27416,1,1,2089.477,2089.16,1094.082,454.584,1548.665,4,230.7983,0.03106001,17.83618,800,500,0,324.9685,0.1624843,0.1259371,0.3172331,0,250,0.3172331,995.0782,14.16553,62.34245,0,7.988608,7.108627,37.61058,17.91141,19.69918,473.6861,0,891.0172,0,5.684342e-14,1.24345e-13,4.263256e-14
naive,2026-01-22 05:00:00,1652,5,20.77472,3005.103,273.8481,7.327324,22.73169,1,1,2103.572,2103.255,526.1436,291.1441,817.2877,2,0,0,17.28767,800,0,277.7628,255.4767,0.1277383,0.2046279,0.3172331,0,250,0.3172331,1577.111,13.72299,62.2899,0,6.808133,9.008695,37.86429,28.388,9.476295,321.0424,0,583.7527,0,0,4.884981e-14,4.263256e-14
naive,2026-01-22 05:15:00,1653,5.25,20.71844,3013.715,320.4621,1.693688,18.31653,1,1,2109.601,2109.283,638.6853,323.9729,962.6583,2,141.0996,5.7288,15.82984,800,0,221.7458,200,0.1,0.1608699,0.3172331,0,250,0.3172331,1470.598,12.57289,62.3491,0,0,5.743648,37.97281,26.47077,11.50205,351.4056,0,632.6685,0,-5.684342e-14,-1.282308e-14,4.263256e-14
naive,2026-01-22 05:30:00,1654,5.5,20.46778,3018.137,399.0599,2.557571,16.68811,1,1,2112.696,2112.379,1262.723,503.1844,1765.907,4,447.2179,4.841136,13.84846,800,500,0,324.9685,0.1624843,0.1259371,0.3172331,0,250,0.3172331,849.6558,11.02694,62.61273,0,0,5.661162,38.02853,15.2938,22.73473,519.422,0,968.4046,0,1.136868e-13,1.24345e-13,4.263256e-14
naive,2026-01-22 05:45:00,1655,5.75,20.35703,3010.328,477.0454,7.012992,14.55411,1,1,2107.229,2106.912,537.6025,294.0236,831.6261,2,18.25973,4.180161,9.18624,800,0,499.6694,200,0.1,0.2046279,0.3172331,0,250,0.3172331,1569.31,7.322754,62.72921,0,2.832831,7.231354,37.93013,28.24757,9.682556,323.4742,0,581.2647,0,-1.136868e-13,-7.993606e-15,4.263256e-14
naive,2026-01-22 06:00:00,1656,6,20.39638,3027.056,566.0429,4.487739,8.758917,1,1,2118.939,2118.622,1378.329,535.8861,1914.215,4,600.7417,3.353495,10.11971,800,500,0,324.9685,0.1624843,0.1259371,0.3172331,0,250,0.3172331,740.2933,8.063679,62.68782,0,1.134245,0.6952376,38.14091,13.32528,24.81563,549.3271,0,1030.087,0,0,1.24345e-13,4.263256e-14
naive,2026-01-22 06:15:00,1657,6.25,20.50311,3044.759,653.6553,7.000921,8.930172,1,1,2131.331,2131.014,667.0263,332.2636,999.2899,2,176.4351,5.990992,16.86373,800,0,499.6694,200,0.1,0.2046279,0.3172331,0,250,0.3172331,1463.988,13.42311,62.57557,0,1.00993,0,38.36397,26.35178,12.01218,358.6153,0,648.5753,0,-5.684342e-14,-7.993606e-15,4.263256e-14
naive,2026-01-22 06:30:00,1658,6.5,20.48236,3053.078,729.8399,3.815062,24.37663,1,1,2137.155,2136.837,1454.794,545.2058,2000,4,756.1401,1.796709,21.85404,720.2092,500,0,324.9685,0.1624843,0.1259371,0.3172331,0,250,0.3172331,682.0432,17.3989,56.35402,0,2.018353,6.977726,38.46878,12.27678,26.19201,558.6461,0,1057.376,0,2.273737e-13,1.24345e-13,4.263256e-14
naive,2026-01-22 06:45:00,1659,6.75,20.60328,3131.773,762.5186,0,18.72144,1,1,2192.241,2191.924,755.9292,357.4348,1113.364,3,294.3033,0.7344453,18.32625,800,0,499.6694,200,0.1,0.2046279,0.3172331,0,250,0.3172331,1435.994,14.57255,62.47022,0,0,4.148891,39.46033,25.8479,13.61244,383.9761,0,697.6732,0,5.684342e-14,-7.993606e-15,4.263256e-14
naive,2026-01-22 07:00:00,1660,7,20.59716,3133.031,778.7191,0,18.97844,1,1,2193.122,2192.804,1460.186,539.8138,2000,4,796.5645,0.704943,22.5277,680.2029,500,0,324.9685,0.1624843,0.1259371,0.3172331,0,250,0.3172331,732.6183,17.91454,53.121,0,0,1.063906,39.47619,13.18713,26.28906,553.1787,0,1046.596,0,0,1.24345e-13,4.263256e-14
naive,2026-01-22 07:15:00,1661,7.25,20.63376,3147.03,759.232,0,15.39045,1,1,2202.921,2202.604,743.3235,354.8442,1098.168,3,269.3654,0.08381663,28.71855,800,0,499.6694,200,0.1,0.2046279,0.3172331,0,250,0.3172331,1459.28,22.82923,62.43816,0,0,0,39.65258,26.26704,13.38553,381.1113,0,691.9796,0,0,-7.993606e-15,4.263256e-14
naive,2026-01-22 07:30:00,1662,7.5,20.80964,3139.652,727.0377,6.907439,21.45304,1,1,2197.756,2197.439,1451.873,548.127,2000,4,730.8249,2.352196,30.42817,736.3947,500,0,324.9685,0.1624843,0.1259371,0.3172331,0,250,0.3172331,745.5659,24.14545,57.30364,0,4.555243,0,39.55961,13.42019,26.13942,561.5472,0,1066.486,0,0,1.24345e-13,4.263256e-14
naive,2026-01-22 07:45:00,1663,7.75,20.89217,3151.818,680.9848,3.166137,16.02635,1,1,2206.273,2205.955,680.1807,337.7534,1017.934,3,179.035,4.146955,34.75221,800,0,499.6694,200,0.1,0.2046279,0.3172331,0,250,0.3172331,1525.775,27.55373,62.16638,2.280452,0,0,39.71291,27.46395,12.24896,365.2173,0,664.4313,0,0,-7.993606e-15,4.263256e-14
naive,2026-01-22 08:00:00,1664,8,21.04137,3170.665,623.1184,365.7794,23.02315,1,1,2219.465,2219.148,1454.092,545.9081,2000,4,610.4137,351.4053,38.58153,499.5994,500,0,324.9685,0.1624843,0.1259371,0.3172331,0,250,0.3172331,765.0563,30.54381,38.72486,12.70462,14.37403,0,39.95038,13.77101,26.17936,559.6791,0,1122.503,0,0,1.24345e-13,4.263256e-14
naive,2026-01-22 08:15:00,1665,8.25,21.29837,3201.891,518.5255,369.6271,28.31093,1,1,2241.323,2241.006,800.1714,410.0793,1210.251,3,15.71693,354.9814,39.55246,800,0,499.6694,200,0.1,0.2046279,0.3172331,0,250,0.3172331,1440.835,31.23114,61.73916,3.139178,14.64571,0,40.34382,25.93502,14.4088,436.0144,0,833.2511,0,5.684342e-14,-7.993606e-15,4.263256e-14
naive,2026-01-22 08:30:00,1666,8.5,21.59815,3142.909,445.9776,376.0059,36.16201,1,1,2200.036,2199.719,1429.469,570.5311,2000,4,424.9715,353.1673,40.91965,680.9416,500,0,324.9685,0.1624843,0.1259371,0.3172331,0,250,0.3172331,770.2501,32.21255,52.28258,21.00609,22.83856,3.949454,39.60065,13.8645,25.73615,585.0679,0,1186.95,0,0,1.24345e-13,4.263256e-14
naive,2026-01-22 08:45:00,1667,8.75,21.68127,3199.033,360.8007,387.0668,42.16706,1,1,2239.323,2239.006,682.0273,359.8653,1041.893,3,0,196.3516,45.54105,800,0,499.6694,200,0.1,0.2046279,0.3172331,0,250,0.3172331,1556.978,35.82031,61.33644,20.98518,30.86128,6.346757,40.30781,28.02561,12.2822,388.973,0,798.3777,0,-1.136868e-13,-7.993606e-15,4.263256e-14
naive,2026-01-22 09:00:00,1668,9,21.81946,3235.182,291.1154,388.304,36.86179,1,1,2264.627,2264.31,1409.609,587.5515,1997.16,4,282.348,364.8175,49.99451,800,500,0,324.9685,0.1624843,0.1259371,0.3172331,0,250,0.3172331,854.7013,39.26791,61.1911,8.767386,23.48657,0,40.76329,15.38462,25.37866,602.9361,0,1192.67,0,0,1.24345e-13,4.263256e-14
naive,2026-01-22 09:15:00,1669,9.25,21.82698,3260.635,202.6058,393.0301,42.31044,1,1,2282.444,2282.127,620.3288,332.6656,952.9944,2,0,96.66884,56.32554,800,0,499.6694,200,0.1,0.2046279,0.3172331,0,250,0.3172331,1661.798,44.23718,61.18319,0,22.9377,0,41.084,29.91237,11.17163,362.5779,0,695.8923,0,0,-7.993606e-15,4.263256e-14
naive,2026-01-22 09:30:00,1670,9.5,21.84802,3253.493,182.7069,395.117,45.60248,1,1,2277.445,2277.128,1361.796,576.0293,1937.826,4,202.0193,375.2292,60.57706,800,500,0,324.9685,0.1624843,0.1259371,0.3172331,0,250,0.3172331,915.3317,47.56607,61.16106,0,19.88781,0,40.99401,16.47597,24.51804,592.5053,0,1150.511,0,0,1.24345e-13,4.263256e-14
naive,2026-01-22 09:45:00,1671,9.75,22.0887,3233.274,137.0882,393.5439,53.45932,1,1,2263.292,2262.975,583.0167,316.2166,899.2333,2,0,29.79614,69.43714,800,0,499.6694,200,0.1,0.2046279,0.3172331,0,250,0.3172331,1679.958,54.38945,60.90793,0,20.05027,0,40.73926,30.23925,10.50001,346.4558,0,658.9769,0,-5.684342e-14,-7.993606e-15,4.263256e-14
naive,2026-01-22 10:00:00,1672,10,22.22821,3236.379,110.8478,396.0326,51.9917,1,1,2265.465,2265.148,1314.117,564.7024,1878.82,4,120.5426,380.0664,78.21076,800,500,0,324.9685,0.1624843,0.1259371,0.3172331,0,250,0.3172331,951.0305,61.17444,60.7612,0,15.9662,0,40.77837,17.11855,23.65982,581.821,0,1122.827,0,0,1.24345e-13,4.263256e-14
naive,2026-01-22 10:15:00,1673,10.25,22.20008,3286.794,99.37,398.0699,58.59288,1,1,2300.756,2300.439,580.039,314.9038,894.9428,2,0,7.746486,87.1963,800,0,499.6694,200,0.1,0.2046279,0.3172331,0,250,0.3172331,1720.4,68.22233,60.79079,0,19.02191,0,41.41361,30.96719,10.44641,345.871,0,656.1652,0,0,-7.993606e-15,4.263256e-14
naive,2026-01-22 10:30:00,1674,10.5,22.4919,3329.535,123.9088,398.4802,71.14549,1,1,2330.674,2330.357,1329.658,571.2485,1900.906,4,123.1063,383.0916,94.70848,800,500,0,324.9685,0.1624843,0.1259371,0.3172331,0,250,0.3172331,1000.699,73.87876,60.48387,0.8025783,15.38857,0,41.95214,18.01259,23.93955,589.2611,0,1138.408,0,-2.273737e-13,1.24345e-13,4.263256e-14
naive,2026-01-22 10:45:00,1675,10.75,22.60748,3350.812,94.77032,401.9973,69.32985,1,1,2345.568,2345.251,586.2671,317.6495,903.9166,2,0,0,103.9166,800,0,485.7049,203.4911,0.1017456,0.2046279,0.3172331,0,250,0.3172331,1758.984,80.96555,60.3623,0,16.72962,0,42.22023,31.66171,10.55852,349.3112,0,659.5733,0,5.684342e-14,4.884981e-14,4.263256e-14
naive,2026-01-22 11:00:00,1676,11,22.79638,3388.455,78.19654,406.0918,87.99289,1,1,2371.919,2371.601,921.3144,456.637,1377.951,3,73.28367,386.6485,118.0192,800,0,13.83642,200,0.1,0.1281354,0.3172331,0,250,0.3172331,1450.287,91.77517,60.16364,0,19.44323,0,42.69454,26.10517,16.58937,482.7422,0,931.3399,0,5.684342e-14,-3.053113e-16,4.263256e-14
naive,2026-01-22 11:15:00,1677,11.25,23.08309,3380.98,59.77277,402.0272,98.04998,1,1,2366.686,2366.369,1318.888,572.2248,1891.113,4,74.98777,391.618,124.5073,800,500,0,324.9685,0.1624843,0.1259371,0.3172331,0,250,0.3172331,1047.481,96.53486,59.86209,0,10.40919,1.515115,42.60035,18.85465,23.7457,591.3448,0,1133.301,0,0,1.24345e-13,4.263256e-14
naive,2026-01-22 11:30:00,1678,11.5,23.36729,3373.346,64.02188,417.5908,109.4863,1,1,2361.342,2361.025,608.9172,327.6347,936.5519,2,0,0,136.5519,800,0,472.1673,206.8755,0.1034378,0.2046279,0.3172331,0,250,0.3172331,1752.108,105.563,59.56318,0,29.00368,3.923321,42.50416,31.53794,10.96622,359.8634,0,702.7497,0,0,-7.993606e-15,4.263256e-14
naive,2026-01-22 11:45:00,1679,11.75,23.5912,3426.733,64.75464,425.4249,114.2073,1,1,2398.713,2398.396,925.3696,460.3811,1385.751,3,56.83849,387.7446,141.1676,800,0,27.37183,200,0.1,0.1302665,0.3172331,0,250,0.3172331,1473.026,108.8784,59.32768,0,37.68038,5.328961,43.17684,26.51448,16.66236,487.8379,0,973.9308,0,-1.136868e-13,-8.326673e-17,4.263256e-14
naive,2026-01-22 12:00:00,1680,12,23.56149,3467.634,83.00922,424.4083,118.7968,1,1,2427.343,2427.026,1349.636,583.9569,1933.593,4,90.31266,389.5562,153.7239,800,500,0,324.9685,0.1624843,0.1259371,0.3172331,0,250,0.3172331,1077.39,118.5992,59.35893,0,34.85212,0.1976262,43.69218,19.39303,24.29916,603.3849,0,1200.111,0,1.136868e-13,1.24345e-13,4.263256e-14
naive,2026-01-22 12:15:00,1681,12.25,23.86768,3493.811,89.07437,418.7495,127.0827,1,1,2445.668,2445.35,631.1803,337.4494,968.6297,2,0,0,168.6297,800,0,465.749,208.4801,0.1042401,0.2046279,0.3172331,0,250,0.3172331,1814.17,129.6861,59.0369,15.53631,26.53859,0,44.02202,32.65506,11.36695,370.1045,0,746.3716,0,-1.136868e-13,-7.993606e-15,4.263256e-14
naive,2026-01-22 12:30:00,1682,12.5,24.01822,3523.629,81.94717,414.7922,141.4954,1,1,2466.541,2466.223,943.7231,469.8741,1413.597,3,45.05377,391.0353,177.5081,800,0,33.78915,200,0.1,0.1312769,0.3172331,0,250,0.3172331,1522.5,136.3004,58.87857,3.104253,23.75686,5.195057,44.39773,27.405,16.99273,498.2055,0,976.5079,0,-5.684342e-14,-1.776357e-15,4.263256e-14
naive,2026-01-22 12:45:00,1683,12.75,24.05867,3520.455,89.82709,413.6693,141.9282,1,1,2464.318,2464.001,1374.711,595.4312,1970.142,4,86.78081,391.6324,191.7286,800,500,0,324.9685,0.1624843,0.1259371,0.3172331,0,250,0.3172331,1089.29,147.1576,58.83603,3.046286,22.03685,0,44.35773,19.60723,24.7505,615.0385,0,1207.155,0,-1.136868e-13,1.24345e-13,4.263256e-14
naive,2026-01-22 13:00:00,1684,13,23.99376,3463.063,91.47001,411.4516,146.133,1,1,2424.144,2423.827,654.782,347.8542,1002.636,3,0,0,202.6363,800,0,475.1083,206.1403,0.1030701,0.2046279,0.3172331,0,250,0.3172331,1769.045,155.6348,58.9043,13.20685,14.60645,0,43.6346,31.84281,11.79179,379.697,0,741.1047,0,5.684342e-14,-7.993606e-15,4.263256e-14
naive,2026-01-22 13:15:00,1685,13.25,24.38777,3466.724,98.46775,416.7489,164.4024,1,1,2426.707,2426.39,982.6049,485.7062,1468.311,3,56.05656,392.5273,219.7272,800,0,24.43137,200,0.1,0.1298035,0.3172331,0,250,0.3172331,1443.785,168.0689,58.48989,17.97982,24.22162,0,43.68072,25.98813,17.6926,511.6943,0,1030.385,0,5.684342e-14,-1.165734e-15,4.263256e-14
naive,2026-01-22 13:30:00,1686,13.5,24.61861,3502.549,100.7095,403.0867,177.1736,1,1,2451.784,2451.467,1396.944,603.0558,2000,4,93.9663,393.4006,230.5046,782.1286,500,0,324.9685,0.1624843,0.1259371,0.3172331,0,250,0.3172331,1054.523,175.8868,56.94592,6.743183,9.686102,1.28678,44.13212,18.98141,25.15071,622.2694,0,1208.815,0,0,1.24345e-13,4.263256e-14
naive,2026-01-22 13:45:00,1687,13.75,24.83763,3497.429,106.4939,403.1841,174.6972,1,1,2448.201,2447.883,677.1144,357.6994,1034.814,3,0,0,234.8138,800,0,486.0151,203.4136,0.1017068,0.2046279,0.3172331,0,250,0.3172331,1770.769,178.7635,58.01675,11.87429,11.78868,0,44.06761,31.87384,12.19377,389.5732,0,754.6962,0,1.136868e-13,-7.993606e-15,4.263256e-14
naive,2026-01-22 14:00:00,1688,14,25.11289,3515.252,107.985,399.6657,176.8312,1,1,2460.676,2460.359,1023.593,500.5095,1524.102,4,83.51342,394.2023,246.3868,800,0,13.52627,200,0.1,0.1280866,0.3172331,0,250,0.3172331,1436.766,187.0315,57.72726,10.94532,5.46348,0,448.4081,261.8213,186.5867,762.3308,0,1488.024,0,0,-6.661338e-16,4.263256e-14
naive,2026-01-22 14:15:00,1689,14.25,25.288,3526.028,116.0451,403.4845,183.2457,1,1,2468.219,2467.902,1398.453,601.5471,2000,4,92.45848,394.0248,263.1895,750.3272,500,0,324.9685,0.1624843,0.1259371,0.3172331,0,250,0.3172331,1069.449,199.4176,53.97018,23.58667,9.45971,0,451.367,195.5718,255.7952,797.1189,0,1590.526,0,1.136868e-13,1.24345e-13,4.263256e-14
naive,2026-01-22 14:30:00,1690,14.5,25.27076,3495.668,88.17893,400.8848,181.6564,1,1,2446.968,2446.65,702.4725,368.8785,1071.351,3,0,0,271.3511,800,0,482.5328,204.2842,0.1021421,0.2046279,0.3172331,0,250,0.3172331,1744.178,205.639,57.56122,0,9.448885,0,447.3255,318.8498,128.4757,687.7284,0,1327,0,0,4.884981e-14,4.263256e-14
naive,2026-01-22 14:45:00,1691,14.75,25.52711,3503.789,97.37077,405.793,188.4367,1,1,2452.652,2452.335,1023.567,502.6911,1526.258,4,65.0763,388.3505,272.8309,800,0,17.00798,200,0.1,0.1286347,0.3172331,0,250,0.3172331,1428.768,206.201,57.2916,15.28649,17.44248,0,450.688,262.5438,188.1442,765.235,0,1522.474,0,-1.136868e-13,-1.69309e-15,4.263256e-14
naive,2026-01-22 15:00:00,1692,15,25.81269,3497.314,105.0078,397.4369,194.5678,1,1,2448.12,2447.803,1400.45,599.5496,2000,4,105.9185,387.0998,273.913,733.0687,500,0,324.9685,0.1624843,0.1259371,0.3172331,0,250,0.3172331,1047.352,206.393,52.22311,0,10.33703,0,452.467,193.574,258.893,793.1236,0,1545.328,0,0,1.24345e-13,4.263256e-14
naive,2026-01-22 15:15:00,1693,15.25,26.02118,3451.997,105.4796,404.6603,189.4169,1,1,2416.398,2416.081,709.054,371.7799,1080.834,3,0,4.179738,276.6542,800,0,499.6694,200,0.1,0.2046279,0.3172331,0,250,0.3172331,1707.027,207.9971,56.77197,0,15.82184,0,448.5052,316.8395,131.6657,688.6195,0,1340.663,0,-1.136868e-13,-7.993606e-15,4.263256e-14
naive,2026-01-22 15:30:00,1694,15.5,26.3492,3474.042,122.7628,403.6427,191.7608,1,1,2431.829,2431.512,1404.332,595.6676,2000,4,131.7902,386.3486,282.7921,699.0691,500,0,324.9685,0.1624843,0.1259371,0.3172331,0,250,0.3172331,1027.179,211.8696,49.30794,0,17.29409,0,454.4127,191.9392,262.4735,787.6068,0,1549.574,0,0,1.24345e-13,4.263256e-14
naive,2026-01-22 15:45:00,1695,15.75,26.70918,3436.281,122.8744,411.5931,197.7818,1,1,2405.396,2405.079,725.7734,379.1507,1104.924,3,0,22.71442,282.2097,800,0,499.6694,200,0.1,0.2046279,0.3172331,0,250,0.3172331,1679.306,210.6206,56.04836,0,24.51841,0,452.824,316.1349,136.689,695.2857,0,1369.811,0,0,-7.993606e-15,4.263256e-14
naive,2026-01-22 16:00:00,1696,16,26.69958,3440.091,109.3631,406.7983,196.6919,1,1,2408.064,2407.746,1405.126,594.8742,2000,4,143.4865,380.5562,273.5337,702.4236,500,0,324.9685,0.1624843,0.1259371,0.3172331,0,250,0.3172331,1002.62,204.1665,49.22098,0,26.24209,0,453.236,188.7092,264.5268,783.5833,0,1557.061,0,-1.136868e-13,1.24345e-13,4.263256e-14
naive,2026-01-22 16:15:00,1697,16.25,26.72387,3440.56,125.2795,404.2051,187.1643,1,1,2408.392,2408.074,728.918,380.537,1109.455,3,0,40.22348,269.2316,800,0,499.6694,200,0.1,0.2046279,0.3172331,0,250,0.3172331,1679.156,200.903,56.03292,0,28.24842,0,453.5258,316.203,137.3228,696.74,0,1379.172,0,0,-7.993606e-15,4.263256e-14
naive,2026-01-22 16:30:00,1698,16.5,26.90829,3406.403,168.6646,399.6929,185.0685,1,1,2384.482,2384.165,1409.7,590.3001,2000,4,182.931,378.5982,261.7018,676.769,500,0,324.9685,0.1624843,0.1259371,0.3172331,0,250,0.3172331,974.4653,194.8982,47.23759,0,21.09469,0,450.7453,184.2059,266.5394,774.506,0,1532.258,0,2.273737e-13,1.24345e-13,4.263256e-14
naive,2026-01-22 16:45:00,1699,16.75,26.98397,3371.4,219.6722,379.1142,174.136,1,1,2359.98,2359.662,740.8982,385.8185,1126.717,3,0,78.32139,248.3953,800,0,499.6694,200,0.1,0.2046279,0.3172331,0,250,0.3172331,1618.764,184.8379,55.75936,9.764398,11.0311,0,446.8166,306.4818,140.3348,692.3002,0,1357.743,0,1.136868e-13,-7.993606e-15,4.263256e-14
naive,2026-01-22 17:00:00,1700,17,27.04915,3372.836,263.4656,381.235,171.0568,1,1,2360.985,2360.668,1415.283,584.7165,2000,4,242.4812,361.5735,232.1651,663.7802,500,0,324.9685,0.1624843,0.1259371,0.3172331,0,250,0.3172331,945.3844,172.6395,46.20807,20.98443,19.66149,0,447.6146,179.2336,268.381,763.9501,0,1546.03,0,1.136868e-13,1.24345e-13,4.263256e-14
naive,2026-01-22 17:15:00,1701,17.25,27.19339,3365.188,298.7862,373.0013,176.8948,1,1,2355.632,2355.314,782.3808,404.106,1186.487,3,0,157.7291,228.7577,800,0,499.6694,200,0.1,0.2046279,0.3172331,0,250,0.3172331,1572.933,169.8418,55.5391,0,16.18327,7.052955,447.9471,299.1091,148.8379,704.5564,0,1374.547,0,-5.684342e-14,-7.993606e-15,4.263256e-14
naive,2026-01-22 17:30:00,1702,17.5,27.29558,3379.082,361.0798,364.6596,172.3712,1,1,2365.357,2365.04,1428.467,571.5327,2000,4,346.9099,356.7503,221.3955,574.9444,500,0,324.9685,0.1624843,0.1259371,0.3172331,0,250,0.3172331,936.5727,164.1947,39.83763,14.16998,7.909299,8.176464,450.7601,178.4803,272.2798,751.5711,0,1496.412,0,0,1.24345e-13,4.263256e-14
naive,2026-01-22 17:45:00,1703,17.75,27.22741,3361.199,429.156,373.7976,157.0836,1,1,2352.839,2352.522,845.7584,432.046,1277.804,3,0,266.3862,211.4181,800,0,499.6694,200,0.1,0.2046279,0.3172331,0,250,0.3172331,1506.764,156.9104,55.50332,14.58977,22.30815,0.1731984,447.7348,286.7304,161.0044,718.8093,0,1438.826,0,-1.136868e-13,-7.993606e-15,4.263256e-14
naive,2026-01-22 18:00:00,1704,18,27.21905,3351.447,492.4228,4.247517,150.7867,1,1,2346.013,2345.696,1428.863,571.1366,2000,4,491.5652,3.541898,205.0962,799.7967,500,0,324.9685,0.1624843,0.1259371,0.3172331,0,250,0.3172331,916.8321,152.2322,55.498,0.8575868,0.7056187,0,446.3576,174.4385,271.9191,745.5752,0,1431.412,0,0,1.24345e-13,4.263256e-14
naive,2026-01-22 18:15:00,1705,18.25,27.08672,3331.774,550.1347,1.891523,138.8706,1,1,2332.242,2331.924,685.929,355.4977,1041.427,3,51.17379,0.9509361,189.302,800,0,499.6694,200,0.1,0.2046279,0.3172331,0,250,0.3172331,1645.995,140.7093,55.65129,0,0.9405868,0,442.5119,312.3058,130.2061,667.8035,0,1274.622,0,-1.136868e-13,-7.993606e-15,4.263256e-14
naive,2026-01-22 18:30:00,1706,18.5,27.00845,3331.267,608.2112,7.236695,128.2765,1,1,2331.887,2331.569,1442.468,557.5319,2000,4,605.6874,1.149438,174.8143,718.3488,500,0,324.9685,0.1624843,0.1259371,0.3172331,0,250,0.3172331,889.1013,130.05,50.04522,2.523732,6.087257,0,441.723,168.42,273.3029,725.9519,0,1410.457,0,2.273737e-13,1.24345e-13,4.263256e-14
naive,2026-01-22 18:45:00,1707,18.75,26.79683,3280.213,646.372,0,112.1477,1,1,2296.149,2295.832,740.0565,368.2656,1108.322,3,144.4349,0.8513242,163.0359,800,0,499.6694,200,0.1,0.2046279,0.3172331,0,250,0.3172331,1555.775,121.5637,55.95618,2.267703,0,0,433.0437,293.4124,139.6313,661.678,0,1264.317,0,0,-7.993606e-15,4.263256e-14
naive,2026-01-22 19:00:00,1708,19,26.46218,3214.591,691.4151,4.234101,102.6993,1,0,2250.214,2249.896,1451.551,548.449,2000,4,680.2366,0.796865,157.6338,661.3327,500,0,324.9685,0.1624843,0.1259371,0.3172331,0,250,0.3172331,798.3453,117.9578,46.54802,11.17853,3.437236,0,421.4546,149.5264,271.9282,697.9754,0,1368.796,0,0,1.24345e-13,4.263256e-14
naive,2026-01-22 19:15:00,1709,19.25,26.30865,3216.866,711.9513,3.762802,93.37435,0,0,2251.806,2251.489,772.9821,375.6741,1148.656,3,204.1755,1.056572,143.4241,800,0,499.6694,200,0.1,0.2046279,0.3172331,0,250,0.3172331,1478.507,107.5008,56.46962,8.106307,2.70623,0,420.4231,276.0444,144.3787,0,651.7185,3539.575,0,0,-7.993606e-15,4.263256e-14
naive,2026-01-22 19:30:00,1710,19.5,26.13034,3198.795,729.1346,0,84.20856,0,0,2239.156,2238.839,1455.931,544.0687,2000,4,722.9962,0.06383865,132.1587,644.7812,500,0,324.9685,0.1624843,0.1259371,0.3172331,0,250,0.3172331,782.9077,99.24551,45.66434,6.138304,0,0,416.5359,145.6393,270.8966,0,689.708,3752.61,0,-2.273737e-13,1.24345e-13,4.263256e-14
naive,2026-01-22 19:45:00,1711,19.75,26.13354,3171.004,715.9389,6.113549,80.66164,0,0,2219.703,2219.385,756.5718,369.1055,1125.677,3,198.5784,3.26645,123.8324,800,0,499.6694,200,0.1,0.2046279,0.3172331,0,250,0.3172331,1462.814,92.98968,56.65379,17.69105,2.847099,0,412.9441,272.1357,140.8084,0,641.2411,3498.519,0,1.136868e-13,-7.993606e-15,4.263256e-14
naive,2026-01-22 20:00:00,1712,20,26.211,3202.355,658.2496,5.246097,76.2938,0,0,2241.648,2241.331,1450.226,549.7741,2000,4,687.8002,0.353964,112.5496,699.2963,500,0,324.9685,0.1624843,0.1259371,0.3172331,0,250,0.3172331,791.1051,84.44729,49.45102,0,4.892133,0,417.6888,147.4075,270.2813,0,697.1816,3787.305,0,0,1.24345e-13,4.263256e-14
naive,2026-01-22 20:15:00,1713,20.25,26.07199,3149.787,626.9855,0,75.6412,0,0,2204.851,2204.534,701.3341,350.5222,1051.856,3,150.0894,2.044497,99.72234,800,0,499.6694,200,0.1,0.2046279,0.3172331,0,250,0.3172331,1503.2,74.93377,56.71853,0,0,0.7074387,409.6651,279.2971,130.368,0,629.9507,3400.921,0,-1.136868e-13,-7.993606e-15,4.263256e-14
naive,2026-01-22 20:30:00,1714,20.5,25.97983,3133.069,596.4866,0,68.58932,0,0,2193.148,2192.831,1429.258,558.7132,1987.971,4,597.5879,3.043561,87.33934,800,500,0,324.9685,0.1624843,0.1259371,0.3172331,0,250,0.3172331,763.5733,65.69328,56.81545,0,0,2.89604,406.7247,141.6065,265.1181,0,700.8568,3790.795,0,0,1.24345e-13,4.263256e-14
naive,2026-01-22 20:45:00,1715,20.75,25.73209,3146.641,542.8763,0,56.57514,0,0,2202.648,2202.331,594.368,317.0727,911.4407,2,34.86989,1.843924,74.72689,800,0,499.6694,200,0.1,0.2046279,0.3172331,0,250,0.3172331,1607.963,56.35479,57.07602,8.336985,0,0.2203588,406.4324,296.7012,109.7313,0,613.8145,3326.151,0,-1.136868e-13,-7.993606e-15,4.263256e-14
naive,2026-01-22 21:00:00,1716,21,25.43794,3128.683,502.4166,0,56.62582,0,0,2190.078,2189.761,1323.981,526.5803,1850.561,4,477.5605,2.15483,70.84584,800,500,0,324.9685,0.1624843,0.1259371,0.3172331,0,250,0.3172331,865.7804,53.59463,57.38538,24.85612,0,3.031197,401.7147,158.8056,242.9091,0,685.9419,3750.999,0,0,1.24345e-13,4.263256e-14
naive,2026-01-22 21:15:00,1717,21.25,25.22002,3107.09,424.6178,0,58.07361,0,0,2174.963,2174.646,559.3018,305.7618,865.0636,2,0,0,65.06364,800,0,430.9859,217.1709,0.1085854,0.2046279,0.3172331,0,250,0.3172331,1615.344,49.33385,57.61459,0,0,8.739765,397.1956,294.9969,102.1986,0,602.3549,3248.135,0,0,4.884981e-14,4.263256e-14
naive,2026-01-22 21:30:00,1718,21.5,24.99426,3106.243,384.1804,0,52.40558,0,0,2174.37,2174.053,783.1609,369.3633,1152.524,3,294.9471,0.7215798,56.85559,800,0,68.54677,200,0.1,0.1367493,0.3172331,0,250,0.3172331,1390.892,43.21286,57.85203,20.68655,0,9.192722,39.13867,25.03606,14.10261,0,396.0706,2148.989,0,-1.705303e-13,-3.330669e-16,4.263256e-14
naive,2026-01-22 21:45:00,1719,21.75,24.83722,3087.309,329.576,0,47.65231,0,0,2161.116,2160.799,1197.05,488.2037,1685.254,4,329.7727,4.164051,51.31721,800,500,0,324.9685,0.1624843,0.1259371,0.3172331,0,250,0.3172331,963.7487,39.06791,58.01719,0,0,8.584407,38.90009,17.34748,21.55261,0,507.107,2723.819,0,5.684342e-14,1.24345e-13,4.263256e-14
naive,2026-01-22 22:00:00,1720,22,24.64921,3038.444,297.7882,0,47.48286,0,0,2126.911,2126.593,548.7217,301.0976,849.8193,2,0,0,49.81932,800,0,276.9031,255.6916,0.1278458,0.2046279,0.3172331,0,250,0.3172331,1577.872,38.00249,58.21493,22.2493,0,9.480371,38.28439,28.40169,9.882701,0,331.211,1794.549,0,-5.684342e-14,-7.993606e-15,4.263256e-14
naive,2026-01-22 22:15:00,1721,22.25,24.65625,3007.611,262.3862,0,51.34357,0,0,2105.328,2105.011,549.9218,300.7994,850.7212,2,6.954632,0.9827722,42.78379,800,0,222.6053,200,0.1,0.1610052,0.3172331,0,250,0.3172331,1555.089,32.63334,58.20753,32.82626,0,18.71023,37.8959,27.9916,9.904303,0,332.1696,1818.075,0,0,-1.720846e-15,4.263256e-14
naive,2026-01-22 22:30:00,1722,22.5,24.41143,3030.579,195.6732,0,48.83515,0,0,2121.405,2121.088,1084.549,454.7644,1539.314,4,193.956,1.764396,43.59323,800,500,0,324.9685,0.1624843,0.1259371,0.3172331,0,250,0.3172331,1036.539,33.33612,58.46501,1.717162,0,15.49903,38.18529,18.6577,19.5276,0,476.2073,2556.329,0,1.136868e-13,1.24345e-13,4.263256e-14
naive,2026-01-22 22:45:00,1723,22.75,23.97673,3047.722,155.6548,6.073291,34.79685,0,0,2133.406,2133.088,538.5067,296.5944,835.1011,2,0,0,35.10111,800,0,176.8111,280.7146,0.1403573,0.2046279,0.3172331,0,250,0.3172331,1594.582,26.96419,58.9222,0,3.545568,7.832662,38.4013,28.70247,9.698832,0,326.6924,1736.637,0,5.684342e-14,-6.483702e-14,4.263256e-14
naive,2026-01-22 23:00:00,1724,23,23.7727,3015.736,146.641,14.73438,29.86247,0,1,2111.015,2110.698,538.6161,296.6426,835.2587,2,0,0,35.25871,800,0,167.1667,238.8787,0.1194394,0.1767619,0.3172331,0,250,0.3172331,1572.082,27.14281,59.13679,0,9.936314,2.719665,37.99828,28.29748,9.700801,0,325.4227,1740.436,0,5.684342e-14,-3.119727e-14,4.263256e-14
naive,2026-01-22 23:15:00,1725,23.25,23.46499,3024.578,144.967,4.528689,22.26556,1,1,2117.204,2116.887,535.5387,295.2859,830.8246,2,0,0,30.82464,800,0,140.3072,203.7643,0.1018822,0.1504184,0.3172331,0,250,0.3172331,1581.348,23.80526,59.46043,7.133414,2.055119,0,38.10968,28.46427,9.645407,323.7502,0,596.4576,0,0,5.77316e-15,4.263256e-14
naive,2026-01-22 23:30:00,1726,23.5,23.26993,3040.155,142.7684,0,22.09864,1,1,2128.108,2127.791,611.8835,316.8534,928.7369,2,101.6239,3.352777,23.76019,800,0,14.92904,200,0.1,0.1283074,0.3172331,0,250,0.3172331,1515.908,18.3866,59.66558,26.21548,0,3.712046,38.30595,27.28634,11.01961,344.792,0,667.682,0,0,4.440892e-16,4.263256e-14
naive,2026-01-22 23:45:00,1727,23.75,23.19413,3052.849,114.2233,0,13.12405,1,1,2136.994,2136.677,1013.351,432.6559,1446.007,3,115.9529,1.428332,28.62566,800,500,0,324.9685,0.1624843,0.1259371,0.3172331,0,250,0.3172331,1123.326,22.16905,59.7453,0,0,0,38.46589,20.21986,18.24603,452.8758,0,838.5381,0,5.684342e-14,1.24345e-13,4.263256e-14
naive,2026-01-23 00:00:00,1728,0,22.8873,3081.464,114.0845,6.548178,20.75688,1,1,2157.025,2156.708,537.7765,296.2725,834.049,2,0,0,34.04901,800,0,96.64298,300.7566,0.1503783,0.2046279,0.3172331,0,250,0.3172331,1618.931,26.45273,60.068,21.1334,2.856304,0,38.82645,29.14076,9.685688,325.4132,0,624.6322,0,5.684342e-14,-3.641532e-14,4.263256e-14
naive,2026-01-23 00:15:00,1729,0.25,22.65734,3092.636,101.0479,0,21.6709,1,1,2164.845,2164.528,537.1588,296.0001,833.159,2,0,0,33.15898,800,0,103.4702,274.8417,0.1374209,0.189382,0.3172331,0,250,0.3172331,1627.369,25.82227,60.30987,1.155459,0,0,38.96722,29.29265,9.674569,325.2928,0,584.7301,0,0,4.923839e-14,4.263256e-14
naive,2026-01-23 00:30:00,1730,0.5,22.5075,3075.934,121.2302,2.988693,15.01545,1,1,2153.154,2152.837,534.4216,294.7934,829.215,2,0,0,29.215,800,0,98.7102,250.1209,0.1250605,0.1730638,0.3172331,0,250,0.3172331,1618.415,22.78595,60.46746,23.47287,2.035822,0,38.75677,29.13147,9.625299,323.9249,0,623.8264,0,5.684342e-14,5.659362e-14,4.263256e-14
naive,2026-01-23 00:45:00,1731,0.75,22.17032,3057.925,128.6015,1.223633,18.72996,1,1,2140.547,2140.23,533.007,294.1698,827.1768,2,0,0,27.1768,800,0,109.1743,222.788,0.111394,0.1574975,0.3172331,0,250,0.3172331,1607.223,21.26958,60.82209,22.2358,0,0,38.52985,28.93002,9.599836,323.0998,0,616.1316,0,5.684342e-14,-1.509903e-14,4.263256e-14
naive,2026-01-23 01:00:00,1732,1,21.99083,3065.725,110.4482,0,18.91322,1,1,2146.008,2145.69,553.1964,300.9818,854.1782,2,17.55627,3.355013,33.2669,800,0,91.01155,200,0.1,0.1402863,0.3172331,0,250,0.3172331,1592.494,26.08369,61.01087,1.880397,0,0,38.62814,28.66489,9.963245,329.6467,0,593.8998,0,5.684342e-14,6.689094e-15,4.263256e-14
naive,2026-01-23 01:15:00,1733,1.25,21.85945,3027.478,134.0305,0,16.63419,1,1,2119.234,2118.917,1001.382,428.8881,1430.27,3,103.2681,3.217564,23.78406,800,500,0,324.9685,0.1624843,0.1259371,0.3172331,0,250,0.3172331,1117.536,18.67344,61.14905,30.7624,0,0,38.14622,20.11564,18.03058,449.0038,0,882.28,0,2.273737e-13,1.24345e-13,4.263256e-14
naive,2026-01-23 01:30:00,1734,1.5,21.76838,2984.982,120.5057,4.837752,12.56451,1,1,2089.488,2089.17,529.8316,292.7699,822.6015,2,0,0,22.60151,800,0,116.7381,295.7328,0.1478664,0.2046279,0.3172331,0,250,0.3172331,1559.339,17.76147,61.24483,3.767526,4.837752,0,37.61078,28.0681,9.542679,320.838,0,587.6197,0,-5.684342e-14,7.727152e-14,4.263256e-14
naive,2026-01-23 01:45:00,1735,1.75,21.72021,3009.995,113.1235,0,14.07077,1,1,2106.996,2106.679,533.7687,294.5056,828.2743,2,0,0,28.27434,800,0,101.523,270.3055,0.1351528,0.1862186,0.3172331,0,250,0.3172331,1572.91,22.23037,61.29549,12.2925,0,0,37.92593,28.31238,9.613547,322.818,0,597.8831,0,0,1.026679e-13,4.263256e-14
naive,2026-01-23 02:00:00,1736,2,21.60774,3037.722,112.4916,0,15.9029,1,1,2126.405,2126.088,531.0067,293.288,824.2947,2,0,0,24.2947,800,0,122.2047,239.7118,0.1198559,0.1702074,0.3172331,0,250,0.3172331,1595.081,19.12328,61.41378,0,0,0,38.27529,28.71146,9.563831,321.9994,0,574.9084,0,5.684342e-14,6.37268e-14,4.263256e-14
naive,2026-01-23 02:15:00,1737,2.25,21.48219,3049.851,80.28796,0,12.54959,1,1,2134.896,2134.579,527.7899,291.8698,819.6597,2,0,0,19.65974,800,0,121.135,209.3903,0.1046952,0.150943,0.3172331,0,250,0.3172331,1606.789,15.49468,61.54583,0,0,0,38.42813,28.9222,9.505928,320.792,0,572.345,0,5.684342e-14,-7.077672e-15,4.263256e-14
naive,2026-01-23 02:30:00,1738,2.5,21.13414,3053.096,102.0983,0,13.17052,1,1,2137.167,2136.85,584.1922,307.8031,891.9953,2,75.08178,0.262242,16.65127,800,0,37.4294,200,0.1,0.13185,0.3172331,0,250,0.3172331,1552.658,13.16993,61.91188,0,0,0.0005828306,38.46901,27.94784,10.52117,335.751,0,601.8512,0,-5.684342e-14,-3.275158e-15,4.263256e-14
naive,2026-01-23 02:45:00,1739,2.75,20.63208,3010.416,110.6478,0,9.50365,1,1,2107.291,2106.974,1007.904,430.6277,1438.531,3,112.8147,1.35859,24.35798,800,500,0,324.9685,0.1624843,0.1259371,0.3172331,0,250,0.3172331,1099.071,19.36321,62.43993,0,0,0,37.93124,19.78327,18.14797,450.411,0,830.577,0,5.684342e-14,1.24345e-13,4.263256e-14
naive,2026-01-23 03:00:00,1740,3,20.36939,2980.993,106.6536,0,13.18355,1,1,2086.695,2086.378,532.3162,293.8653,826.1815,2,0,0,26.18147,800,0,111.5285,297.0352,0.1485176,0.2046279,0.3172331,0,250,0.3172331,1554.062,20.8678,62.71621,0,0,0,37.56052,27.97311,9.587402,321.8384,0,573.121,0,0,3.463896e-14,4.263256e-14
naive,2026-01-23 03:15:00,1741,3.25,20.43068,2977.506,130.3122,0,11.52531,1,1,2084.254,2083.937,532.9372,294.139,827.0762,2,0,0,27.07623,800,0,111.9377,269.0041,0.134502,0.1870387,0.3172331,0,250,0.3172331,1551,21.56769,62.65175,19.56036,0,0,37.51658,27.918,9.59858,322.057,0,607.3725,0,-5.684342e-14,-7.882583e-15,4.263256e-14
naive,2026-01-23 03:30:00,1742,3.5,20.33193,3030.91,113.0334,0,17.23287,1,1,2121.637,2121.32,530.6458,293.1289,823.7747,2,0,0,23.77468,800,0,112.41,240.8592,0.1204296,0.1693879,0.3172331,0,250,0.3172331,1590.674,18.95661,62.75561,1.023832,0,0,38.18946,28.63213,9.557335,321.761,0,574.6881,0,0,-1.684763e-14,4.263256e-14
naive,2026-01-23 03:45:00,1743,3.75,19.93789,3027.35,142.9783,6.278212,13.22499,1,1,2119.145,2118.828,527.7276,291.8424,819.57,2,0,0,19.57005,800,0,117.4315,211.4634,0.1057317,0.1516655,0.3172331,0,250,0.3172331,1591.1,15.65604,63.17004,25.57966,6.245294,0,38.14461,28.6398,9.504808,320.4822,0,624.7962,0,5.684342e-14,-8.021361e-15,4.263256e-14
naive,2026-01-23 04:00:00,1744,4,19.79972,3036.885,146.8335,0,16.66029,1,1,2125.819,2125.502,595.1791,311.7892,906.9683,2,82.29012,1.865374,22.81276,800,0,45.72051,200,0.1,0.1331554,0.3172331,0,250,0.3172331,1530.323,18.25021,63.31536,18.82288,0,0,38.26475,27.54581,10.71893,339.335,0,639.9096,0,0,1.387779e-16,4.263256e-14
naive,2026-01-23 04:15:00,1745,4.25,19.77786,3022.365,186.017,0,21.91632,1,1,2115.655,2115.338,1051.758,443.8034,1495.561,3,164.5761,3.912419,27.07285,800,500,0,324.9685,0.1624843,0.1259371,0.3172331,0,250,0.3172331,1063.58,21.65828,63.33835,21.44085,0,0.2580454,38.0818,19.14444,18.93735,462.9903,0,891.7105,0,5.684342e-14,1.24345e-13,4.263256e-14
naive,2026-01-23 04:30:00,1746,4.5,19.48194,3063.704,192.5201,0,17.94592,1,1,2144.593,2144.276,532.3302,293.8714,826.2016,2,0,0,26.20162,800,0,192.3364,276.8333,0.1384166,0.2046279,0.3172331,0,250,0.3172331,1611.946,20.9613,63.64958,1.57554,0,0,38.60267,29.01502,9.587654,322.8865,0,576.8849,0,0,4.884981e-14,4.263256e-14
naive,2026-01-23 04:45:00,1747,4.75,19.51897,3020.404,218.816,0,12.64017,1,1,2114.283,2113.965,529.9319,292.8142,822.7461,2,0,0,22.74611,800,0,225.5631,220.3989,0.1101995,0.1743179,0.3172331,0,250,0.3172331,1584.033,18.19689,63.61063,0,0,0,38.05709,28.5126,9.544485,321.3268,0,571.0916,0,0,3.2363e-14,4.263256e-14
naive,2026-01-23 05:00:00,1748,5,19.34603,3072.919,293.0329,0,7.667051,1,1,2151.043,2150.726,683.8775,337.6399,1021.517,3,193.6884,4.254784,23.5742,800,0,81.45688,200,0.1,0.138782,0.3172331,0,250,0.3172331,1466.848,18.85936,63.79252,17.88759,0,0,38.71878,26.40327,12.3155,364.0432,0,687.1759,0,5.684342e-14,-1.221245e-15,4.263256e-14
naive,2026-01-23 05:15:00,1749,5.25,19.47435,3077.083,340.6297,0,5.865212,1,1,2153.958,2153.641,1182.601,480.6381,1663.24,4,339.8263,3.553849,19.85944,800,500,0,324.9685,0.1624843,0.1259371,0.3172331,0,250,0.3172331,971.0397,15.88755,63.65756,0.8034299,0,0,38.77125,17.47871,21.29254,498.1168,0,926.0047,0,-1.136868e-13,1.24345e-13,4.263256e-14
naive,2026-01-23 05:30:00,1750,5.5,19.48409,3018.228,421.6206,0,3.222331,1,1,2112.759,2112.442,526.5374,291.3177,817.8551,2,0,0,17.85508,800,0,424.7471,218.7306,0.1093653,0.2046279,0.3172331,0,250,0.3172331,1585.905,14.28406,63.64732,0.4873817,0,0,38.02967,28.54629,9.483383,319.864,0,568.9654,0,-5.684342e-14,-6.483702e-14,4.263256e-14
naive,2026-01-23 05:45:00,1751,5.75,19.90695,3039.374,499.9108,0,8.885029,1,1,2127.562,2127.245,854.7558,385.9571,1240.713,3,420.7788,5.758903,14.17521,800,0,74.78465,200,0.1,0.1377314,0.3172331,0,250,0.3172331,1272.489,11.34017,63.20258,4.347299,0,0,38.29611,22.9048,15.39132,408.8619,0,754.1199,0,1.136868e-13,5.911938e-15,4.263256e-14
naive,2026-01-23 06:00:00,1752,6,19.76346,3070.696,591.5769,0,2.751549,1,1,2149.487,2149.17,1364.376,531.9995,1896.375,4,581.7053,3.987806,10.68237,800,500,0,324.9685,0.1624843,0.1259371,0.3172331,0,250,0.3172331,784.7942,8.545899,63.35349,9.87167,0,0,38.69077,14.1263,24.56448,546.1258,0,1038.008,0,0,1.24345e-13,4.263256e-14
naive,2026-01-23 06:15:00,1753,6.25,19.84714,3098.135,686.8484,0,0.4384088,1,1,2168.695,2168.377,655.707,328.7476,984.4546,2,164.0426,6.537545,13.87444,800,0,499.6694,200,0.1,0.2046279,0.3172331,0,250,0.3172331,1512.67,11.09955,63.26549,23.13638,0,0,39.0365,27.22807,11.80844,355.9757,0,680.688,0,-5.684342e-14,-7.993606e-15,4.263256e-14
naive,2026-01-23 06:30:00,1754,6.5,19.71658,3120.162,737.429,0,19.58597,1,1,2184.113,2183.796,1453.195,546.8047,2000,4,741.8678,2.919589,26.81436,728.3982,500,0,324.9685,0.1624843,0.1259371,0.3172331,0,250,0.3172331,730.6006,21.45149,57.72811,0,0,0,39.31404,13.15081,26.16323,559.9555,0,1054.967,0,0,1.24345e-13,4.263256e-14
naive,2026-01-23 06:45:00,1755,6.75,19.94423,3121.924,796.0699,1.086053,19.28497,1,1,2185.347,2185.03,744.3083,354.3644,1098.673,3,277.048,0.3447118,21.27998,800,0,499.6694,200,0.1,0.2046279,0.3172331,0,250,0.3172331,1440.721,17.02398,63.16337,19.35243,0.7413411,2.260994,39.33625,25.93299,13.40326,380.6708,0,724.9445,0,1.136868e-13,-7.993606e-15,4.263256e-14
naive,2026-01-23 07:00:00,1756,7,20.05076,3126.763,813.492,2.078935,18.90579,1,1,2188.734,2188.417,1458.91,541.0904,2000,4,786.8853,0.3291918,23.28439,689.5011,500,0,324.9685,0.1624843,0.1259371,0.3172331,0,250,0.3172331,729.5076,18.61805,54.34245,26.60662,1.749744,0.2877392,39.39722,13.13114,26.26608,554.2692,0,1096.318,0,0,1.24345e-13,4.263256e-14
naive,2026-01-23 07:15:00,1757,7.25,20.2743,3143.392,797.9743,3.04598,26.97324,1,1,2200.374,2200.057,735.5381,352.0607,1087.599,3,263.9125,0.04000998,23.64637,800,0,499.6694,200,0.1,0.2046279,0.3172331,0,250,0.3172331,1464.519,18.8652,62.81621,34.39242,3.00597,8.108037,39.60674,26.36134,13.2454,379.7689,0,753.3819,0,0,-7.993606e-15,4.263256e-14
naive,2026-01-23 07:30:00,1758,7.5,20.40315,3142.46,767.9669,0.02198618,31.85829,1,1,2199.722,2199.405,1451.629,548.3712,2000,4,728.7063,4.922686,28.62702,737.744,500,0,324.9685,0.1624843,0.1259371,0.3172331,0,250,0.3172331,747.7763,22.80929,57.80289,39.26063,0,9.049006,39.595,13.45997,26.13503,563.338,0,1129.372,0,0,1.24345e-13,4.263256e-14
naive,2026-01-23 07:45:00,1759,7.75,20.37927,3201.539,692.7658,0,25.12313,1,1,2241.077,2240.76,675.4013,335.489,1010.89,3,180.3577,3.673425,26.85923,800,0,499.6694,200,0.1,0.2046279,0.3172331,0,250,0.3172331,1565.359,21.40589,62.70581,12.73867,0,3.717236,40.33939,28.17646,12.16293,364.2842,0,679.9985,0,-1.136868e-13,-7.993606e-15,4.263256e-14
naive,2026-01-23 08:00:00,1760,8,20.43762,3181.783,628.8159,371.8578,31.49038,1,1,2227.248,2226.931,1455.204,544.7958,2000,4,617.325,360.2135,33.40996,489.0516,500,0,324.9685,0.1624843,0.1259371,0.3172331,0,250,0.3172331,771.7264,26.611,38.29545,11.49087,11.64435,4.879377,40.09046,13.89108,26.19939,559.4999,0,1115.826,0,0,1.24345e-13,4.263256e-14
naive,2026-01-23 08:15:00,1761,8.25,20.43303,3201.785,533.3837,388.2216,30.96648,1,1,2241.25,2240.932,806.0775,412.5059,1218.583,3,17.20596,363.8867,37.49075,800,0,499.6694,200,0.1,0.2046279,0.3172331,0,250,0.3172331,1434.855,29.86272,62.64927,16.50831,24.33493,1.103759,40.34249,25.82739,14.51511,438.5172,0,877.0085,0,-1.136868e-13,-7.993606e-15,4.263256e-14
naive,2026-01-23 08:30:00,1762,8.5,20.46683,3211.082,443.7251,389.7951,29.06282,1,1,2247.758,2247.44,1431.817,568.1825,2000,4,436.3361,366.5108,43.6737,653.4793,500,0,324.9685,0.1624843,0.1259371,0.3172331,0,250,0.3172331,815.6228,34.77586,51.14597,7.388979,23.28422,0,40.45964,14.68121,25.77842,582.8637,0,1161.1,0,1.136868e-13,1.24345e-13,4.263256e-14
naive,2026-01-23 08:45:00,1763,8.75,20.66773,3193.907,384.5165,389.6967,30.25107,1,1,2235.735,2235.418,705.3355,370.1407,1075.476,3,0,225.3912,50.08499,800,0,499.6694,200,0.1,0.2046279,0.3172331,0,250,0.3172331,1530.082,39.80044,62.40243,33.38764,15.76498,0,40.24323,27.54148,12.70175,397.6821,0,809.9498,0,0,-7.993606e-15,4.263256e-14
naive,2026-01-23 09:00:00,1764,9,20.99823,3253.609,304.7902,397.5949,28.20253,1,1,2277.526,2277.209,1412.654,587.3463,2000,4,286.8453,378.5526,48.28709,786.315,500,0,324.9685,0.1624843,0.1259371,0.3172331,0,250,0.3172331,864.5555,38.24406,60.9933,17.94495,19.04226,0,40.99547,15.562,25.43348,602.9083,0,1201.002,0,2.273737e-13,1.24345e-13,4.263256e-14
naive,2026-01-23 09:15:00,1765,9.25,21.30804,3277.152,214.7294,401.1683,30.83398,1,1,2294.006,2293.689,619.7482,332.4096,952.1578,2,0,97.19557,54.96226,800,0,499.6694,200,0.1,0.2046279,0.3172331,0,250,0.3172331,1673.941,43.39466,61.72899,1.474103,17.55855,0,41.29212,30.13094,11.16118,362.5405,0,688.4673,0,0,-7.993606e-15,4.263256e-14
naive,2026-01-23 09:30:00,1766,9.5,21.57964,3276.595,183.2577,401.4015,42.61289,1,1,2293.616,2293.299,1360.878,576.8734,1937.752,4,191.5216,387.1025,59.12772,800,500,0,324.9685,0.1624843,0.1259371,0.3172331,0,250,0.3172331,932.4207,46.55497,61.44333,0,14.29899,0,41.28509,16.78357,24.50152,593.657,0,1142.856,0,0,1.24345e-13,4.263256e-14
naive,2026-01-23 09:45:00,1767,9.75,21.71765,3275.45,140.8241,413.6233,48.63057,1,1,2292.815,2292.498,583.7093,316.5219,900.2311,2,0,31.50785,68.72329,800,0,499.6694,200,0.1,0.2046279,0.3172331,0,250,0.3172331,1708.789,54.03429,61.29818,0,28.24958,0,41.27068,30.7582,10.51248,347.2801,0,674.3302,0,-5.684342e-14,-7.993606e-15,4.263256e-14
naive,2026-01-23 10:00:00,1768,10,22.00271,3292.571,118.4085,410.0213,52.14004,1,1,2304.8,2304.482,1312.441,564.5586,1877,4,115.5401,389.679,71.78045,800,500,0,324.9685,0.1624843,0.1259371,0.3172331,0,250,0.3172331,992.0414,56.27432,60.99837,2.868399,20.34234,0,41.48639,17.85674,23.62965,582.4153,0,1136.246,0,0,1.24345e-13,4.263256e-14
naive,2026-01-23 10:15:00,1769,10.25,22.11518,3354.401,126.3434,406.9164,54.30077,1,1,2348.081,2347.764,572.4233,311.5465,883.9698,2,0,3.5021,80.46766,800,0,499.6694,200,0.1,0.2046279,0.3172331,0,250,0.3172331,1775.34,63.0125,60.88008,13.5456,16.54264,0,42.26546,31.95613,10.30933,343.5026,0,670.4173,0,-5.684342e-14,-7.993606e-15,4.263256e-14
naive,2026-01-23 10:30:00,1770,10.5,22.37173,3374.295,88.54806,402.6587,64.27484,1,1,2362.006,2361.689,1335.32,573.6648,1908.985,4,123.7791,392.4492,92.75673,800,500,0,324.9685,0.1624843,0.1259371,0.3172331,0,250,0.3172331,1026.369,72.44543,60.61026,0,10.20949,0,42.51611,18.47464,24.04148,592.1394,0,1133.704,0,-2.273737e-13,1.24345e-13,4.263256e-14
naive,2026-01-23 10:45:00,1771,10.75,22.71357,3365.76,100.9424,410.7438,77.51035,1,1,2356.032,2355.715,580.5704,315.1381,895.7084,2,0,0,95.70843,800,0,492.58,201.7724,0.1008862,0.2046279,0.3172331,0,250,0.3172331,1775.144,74.48905,60.25073,3.704668,15.40155,3.021294,42.40858,31.9526,10.45598,347.616,0,660.4081,0,5.684342e-14,-7.993606e-15,4.263256e-14
naive,2026-01-23 11:00:00,1772,11,22.92363,3387.355,110.9698,410.5051,86.54119,1,1,2371.149,2370.831,928.7934,459.7284,1388.522,3,75.01269,398.197,115.3121,800,0,6.962374,200,0.1,0.1270531,0.3172331,0,250,0.3172331,1442.038,89.55265,60.0298,28.99473,12.30807,0,42.68068,25.95668,16.72399,485.6851,0,975.0841,0,0,3.330669e-16,4.263256e-14
naive,2026-01-23 11:15:00,1773,11.25,23.0992,3386.905,132.0317,414.957,96.16299,1,1,2370.834,2370.517,1317.366,572.5994,1889.966,4,66.19799,398.1748,125.5927,800,500,0,324.9685,0.1624843,0.1259371,0.3172331,0,250,0.3172331,1053.151,97.36028,59.84515,65.8337,16.78222,0,42.67501,18.95671,23.7183,591.5562,0,1258.299,0,0,1.24345e-13,4.263256e-14
naive,2026-01-23 11:30:00,1774,11.5,23.28135,3418.813,105.6496,423.1717,97.07108,1,1,2393.169,2392.852,610.9077,328.5123,939.42,2,0,0,139.42,800,0,477.8358,205.4584,0.1027292,0.2046279,0.3172331,0,250,0.3172331,1781.944,107.8761,59.65357,33.1953,17.79018,0,43.07704,32.07499,11.00205,360.5873,0,742.0142,0,-5.684342e-14,-7.993606e-15,4.263256e-14
naive,2026-01-23 11:45:00,1775,11.75,23.5999,3444.379,77.80048,409.8078,106.8055,1,1,2411.065,2410.748,938.653,466.8983,1405.551,3,51.27932,409.2842,144.9877,800,0,21.70424,200,0.1,0.1293741,0.3172331,0,250,0.3172331,1472.095,111.8147,59.31853,4.816917,0.523601,0,43.39918,26.49771,16.90146,493.396,0,929.2711,0,-1.136868e-13,-4.718448e-16,4.263256e-14
naive,2026-01-23 12:00:00,1776,12,23.79635,3474.155,86.46578,405.4176,104.8344,1,1,2431.908,2431.591,1360.034,589.0918,1949.126,4,85.68304,409.5675,153.8758,800,500,0,324.9685,0.1624843,0.1259371,0.3172331,0,250,0.3172331,1071.557,118.4273,59.11192,0.782744,0,0,43.77435,19.28802,24.48633,608.3799,0,1151.609,0,0,1.24345e-13,4.263256e-14
naive,2026-01-23 12:15:00,1777,12.25,23.84714,3489.085,100.2471,409.3993,115.2789,1,1,2442.36,2442.043,629.9122,336.8904,966.8026,2,0,0,166.8026,800,0,489.2338,202.6089,0.1013045,0.2046279,0.3172331,0,250,0.3172331,1812.13,128.3084,59.05851,18.64484,1.767759,0,43.96248,32.61835,11.34413,369.5087,0,707.7884,0,-5.684342e-14,-7.993606e-15,4.263256e-14
naive,2026-01-23 12:30:00,1778,12.5,24.02828,3496.865,88.02852,406.7301,123.9308,1,1,2447.805,2447.488,975.1608,480.7863,1455.947,3,69.82724,404.8884,181.2314,800,0,10.30808,200,0.1,0.1275799,0.3172331,0,250,0.3172331,1472.327,139.1447,58.86798,7.893193,1.841661,0,44.0605,26.50189,17.5586,507.2882,0,965.1425,0,5.684342e-14,-6.383782e-16,4.263256e-14
naive,2026-01-23 12:45:00,1779,12.75,24.1219,3469.976,98.85511,405.127,137.5856,1,1,2428.983,2428.666,1382.056,598.513,1980.569,4,88.09766,404.5231,187.9486,800,500,0,324.9685,0.1624843,0.1259371,0.3172331,0,250,0.3172331,1046.61,144.1612,58.76952,10.75745,0.6038632,0,43.7217,18.83897,24.88273,617.3519,0,1188.186,0,0,1.24345e-13,4.263256e-14
naive,2026-01-23 13:00:00,1780,13,24.54508,3485.912,72.62585,409.4756,151.8799,1,1,2440.138,2439.821,650.0119,345.7513,995.7632,2,0,0,195.7632,800,0,490.8128,202.2142,0.1011071,0.2046279,0.3172331,0,250,0.3172331,1789.809,149.4925,58.32445,0,3.837299,2.387427,43.92249,32.21656,11.70592,378.398,0,697.8004,0,1.136868e-13,-6.483702e-14,4.263256e-14
naive,2026-01-23 13:15:00,1781,13.25,24.76649,3519.781,84.66549,408.9391,156.019,1,1,2463.847,2463.529,1010.291,494.8942,1505.186,4,81.42238,406.6806,217.0826,800,0,8.729339,200,0.1,0.1273313,0.3172331,0,250,0.3172331,1453.238,165.3883,58.09158,0,2.258565,0,44.34924,26.15828,18.19095,521.0525,0,980.648,0,-1.705303e-13,3.608225e-16,4.263256e-14
naive,2026-01-23 13:30:00,1782,13.5,24.78863,3484.492,64.67521,419.6808,161.9375,1,1,2439.144,2438.827,1397.795,602.2052,2000,4,97.55994,399.6266,231.4706,771.3428,500,0,324.9685,0.1624843,0.1259371,0.3172331,0,250,0.3172331,1041.032,176.3091,55.9882,0,20.0542,0,43.90459,18.73858,25.16602,620.9438,0,1213.494,0,0,1.24345e-13,4.263256e-14
naive,2026-01-23 13:45:00,1783,13.75,25.03125,3512.787,56.87054,426.6314,171.8844,1,1,2458.951,2458.634,675.0775,356.8015,1031.879,3,0,0.04051948,231.8385,800,0,499.6694,200,0.1,0.2046279,0.3172331,0,250,0.3172331,1783.556,176.1393,57.81312,0,27.88183,0,447.3616,324.4858,122.8759,681.2873,0,1345.631,0,0,-7.993606e-15,4.263256e-14
naive,2026-01-23 14:00:00,1784,14,25.32365,3497.217,66.13114,423.5523,182.6908,1,1,2448.052,2447.735,1398.821,601.179,2000,4,102.9409,398.1261,238.9219,760.011,500,0,324.9685,0.1624843,0.1259371,0.3172331,0,250,0.3172331,1048.914,180.962,54.6311,0,25.42612,1.728783,448.0003,191.9541,256.0462,793.4495,0,1569.299,0,2.273737e-13,1.24345e-13,4.263256e-14
naive,2026-01-23 14:15:00,1785,14.25,25.56125,3482.528,75.77932,419.0722,193.8002,1,1,2437.769,2437.452,692.6707,364.5574,1057.228,3,0,5.834138,251.3939,800,0,499.6694,200,0.1,0.2046279,0.3172331,0,250,0.3172331,1744.782,189.9306,57.25569,0,18.97552,3.869559,448.2626,320.8344,127.4282,686.1033,0,1340.527,0,-2.273737e-13,-7.993606e-15,4.263256e-14
naive,2026-01-23 14:30:00,1786,14.5,25.69223,3469.39,92.61755,412.4422,205.1743,1,1,2428.573,2428.255,1397.723,602.2769,2000,4,89.255,397.4683,253.8893,759.3873,500,0,324.9685,0.1624843,0.1259371,0.3172331,0,250,0.3172331,1030.532,191.5499,54.2183,3.362551,14.9739,13.62436,447.7577,190,257.7577,794.7888,0,1560.212,0,0,1.24345e-13,4.263256e-14
naive,2026-01-23 14:45:00,1787,14.75,25.87915,3488.699,105.3761,411.8116,206.1703,1,1,2442.089,2441.772,694.4223,365.3296,1059.752,3,0,0,259.7519,800,0,488.9903,202.6698,0.1013349,0.2046279,0.3172331,0,250,0.3172331,1747.35,195.5846,56.92135,15.14412,13.05322,10.58574,451.963,323.386,128.577,690.6747,0,1365.953,0,-1.136868e-13,-7.993606e-15,4.263256e-14
naive,2026-01-23 15:00:00,1788,15,26.07118,3485.446,105.7382,404.6319,209.1167,1,1,2439.812,2439.495,1044.879,508.5707,1553.449,4,94.63096,393.604,265.2142,800,0,10.55148,200,0.1,0.1276182,0.3172331,0,250,0.3172331,1394.616,199.2901,56.71937,0.5557799,11.02785,9.826657,453.3138,259.1179,194.196,769.5143,0,1495.201,0,2.273737e-13,8.604228e-16,4.263256e-14
naive,2026-01-23 15:15:00,1789,15.25,26.34449,3483.708,141.4287,403.0679,212.8362,1,1,2438.596,2438.278,1400.977,599.0227,2000,4,109.7085,398.4174,262.9728,728.9014,500,0,324.9685,0.1624843,0.1259371,0.3172331,0,250,0.3172331,1037.301,197.0308,51.41664,31.72024,4.650479,15.80539,455.6328,193.8117,261.8211,795.7875,0,1596.471,0,2.273737e-13,1.24345e-13,4.263256e-14
naive,2026-01-23 15:30:00,1790,15.5,26.52039,3450.493,134.744,405.7854,208.3984,1,1,2415.345,2415.028,716.8472,375.2156,1092.063,3,0,24.0676,267.9952,800,0,499.6694,200,0.1,0.2046279,0.3172331,0,250,0.3172331,1698.18,200.4167,56.24692,7.715432,9.076908,7.981702,452.9261,318.4432,134.4829,695.1555,0,1356,0,-1.136868e-13,-7.993606e-15,4.263256e-14
naive,2026-01-23 15:45:00,1791,15.75,26.92917,3483.269,114.8323,399.9523,207.7272,1,1,2438.288,2437.971,1404.135,595.8652,2000,4,128.3984,401.4097,272.7274,697.4645,500,0,324.9685,0.1624843,0.1259371,0.3172331,0,250,0.3172331,1033.836,203.0637,48.66296,0,0,4.66355,461.1166,195.5138,265.6028,792.261,0,1529.776,0,0,1.24345e-13,4.263256e-14
naive,2026-01-23 16:00:00,1792,16,26.99837,3444.7,153.2959,398.2407,197.7175,1,1,2411.29,2410.973,714.5099,374.1852,1088.695,3,0,20.78104,267.9141,800,0,499.6694,200,0.1,0.2046279,0.3172331,0,250,0.3172331,1696.463,199.3316,55.74421,28.60908,2.477025,0,456.6682,321.2889,135.3793,695.4741,0,1381.859,0,-1.705303e-13,-7.993606e-15,4.263256e-14
naive,2026-01-23 16:15:00,1793,16.25,27.28,3465.154,183.3518,392.8138,191.7842,1,1,2425.608,2425.29,1404.876,595.1243,2000,4,142.7213,392.2516,258.9635,706.0635,500,0,324.9685,0.1624843,0.1259371,0.3172331,0,250,0.3172331,1020.415,192.0888,48.93727,40.63046,0.5621932,0,462.0909,194.3943,267.6966,789.5186,0,1595.04,0,-2.273737e-13,1.24345e-13,4.263256e-14
naive,2026-01-23 16:30:00,1794,16.5,27.34874,3476.431,207.637,389.0537,190.6388,1,1,2433.502,2433.185,736.8911,384.0519,1120.943,3,0,66.53324,254.4098,800,0,499.6694,200,0.1,0.2046279,0.3172331,0,250,0.3172331,1696.293,188.5711,55.37571,32.41055,0,2.067664,464.2635,323.6189,140.6446,708.0653,0,1409.741,0,0,-7.993606e-15,4.263256e-14
naive,2026-01-23 16:45:00,1795,16.75,27.17981,3469.095,239.5489,390.5961,186.8885,1,1,2428.366,2428.049,1412.737,587.263,2000,4,215.1877,374.8717,240.4528,669.4878,500,0,324.9685,0.1624843,0.1259371,0.3172331,0,250,0.3172331,1015.312,178.551,46.49039,24.36117,15.72437,8.337534,461.6472,193.017,268.6302,781.865,0,1580.576,0,2.273737e-13,1.24345e-13,4.263256e-14
naive,2026-01-23 17:00:00,1796,17,27.06835,3411.564,265.1466,389.0979,180.7749,1,1,2388.095,2387.777,762.7444,395.4493,1158.194,3,0,127.2951,230.8985,800,0,499.6694,200,0.1,0.2046279,0.3172331,0,250,0.3172331,1625.033,171.6623,55.6706,11.34167,15.93823,9.112645,452.9357,308.2103,144.7253,705.388,0,1395.204,0,-1.136868e-13,-7.993606e-15,4.263256e-14
naive,2026-01-23 17:15:00,1797,17.25,26.86073,3393.425,326.6282,385.6242,174.0893,1,1,2375.398,2375.081,1423.213,576.7869,2000,4,299.1732,366.4302,233.8838,600.5128,500,0,324.9685,0.1624843,0.1259371,0.3172331,0,250,0.3172331,951.8675,174.2701,41.95255,27.45499,19.19402,0,448.5844,179.7564,268.828,756.5433,0,1546.359,0,2.273737e-13,1.24345e-13,4.263256e-14
naive,2026-01-23 17:30:00,1798,17.5,26.65457,3355.515,391.7159,376.3684,158.2994,1,1,2348.861,2348.544,822.2802,421.6956,1243.976,3,0,216.5251,227.4508,800,0,499.6694,200,0.1,0.2046279,0.3172331,0,250,0.3172331,1526.263,169.8519,56.1058,37.36133,14.52841,0,441.6815,286.9997,154.6818,708.6953,0,1443.781,0,0,-7.993606e-15,4.263256e-14
naive,2026-01-23 17:45:00,1799,17.75,26.81491,3377.407,465.1965,376.0802,156.5258,1,1,2364.185,2363.868,1438.433,561.5669,2000,4,422.165,364.4345,211.5298,501.8707,500,0,324.9685,0.1624843,0.1259371,0.3172331,0,250,0.3172331,925.4346,157.6914,35.09153,43.03152,11.64562,0,446.0423,174.5984,271.4439,736.1653,0,1527.171,0,0,1.24345e-13,4.263256e-14
naive,2026-01-23 18:00:00,1800,18,26.71685,3360.185,496.5248,0,153.0251,1,1,2352.129,2351.812,655.7968,348.3016,1004.098,3,0,0,204.0984,800,0,495.6974,200.993,0.1004965,0.2046279,0.3172331,0,250,0.3172331,1696.015,152.3115,56.0403,4.750608,0,0.7135501,442.8666,319.3313,123.5353,667.7672,0,1280.684,0,1.136868e-13,-7.993606e-15,4.263256e-14
naive,2026-01-23 18:15:00,1801,18.25,26.76835,3346.753,551.4582,0,151.449,1,1,2342.727,2342.41,1069.982,465.8922,1535.874,4,546.4277,1.434894,188.0116,800,0,3.845475,200,0.1,0.1265624,0.3172331,0,250,0.3172331,1272.428,140.2291,55.98613,1.185028,0,11.21996,441.5673,239.8327,201.7346,707.8397,0,1354.739,0,0,1.110223e-16,4.263256e-14
naive,2026-01-23 18:30:00,1802,18.5,26.61042,3327.465,586.3682,0,140.7319,1,1,2329.226,2328.908,1442.726,557.274,2000,4,606.8148,4.455508,173.5889,715.1408,500,0,324.9685,0.1624843,0.1259371,0.3172331,0,250,0.3172331,886.1824,129.6912,50.19595,0,0,11.04075,437.5896,166.4863,271.1033,725.8346,0,1395.199,0,1.136868e-13,1.24345e-13,4.263256e-14
naive,2026-01-23 18:45:00,1803,18.75,26.5534,3309.695,644.7112,0,135.3962,1,1,2316.786,2316.469,735.6791,366.2272,1101.906,3,145.3474,0.3572356,156.2017,800,0,499.6694,200,0.1,0.2046279,0.3172331,0,250,0.3172331,1580.79,116.7721,56.21221,0,0,18.62409,434.7404,296.6321,138.1082,666.3541,0,1269.47,0,1.136868e-13,-7.993606e-15,4.263256e-14
naive,2026-01-23 19:00:00,1804,19,26.34726,3311.069,690.2327,2.785457,112.1213,1,0,2317.749,2317.431,1451.877,548.1232,2000,4,686.1866,2.660783,146.5973,664.5553,500,0,324.9685,0.1624843,0.1259371,0.3172331,0,250,0.3172331,865.5545,109.8339,46.87524,4.046142,0.1246739,2.287393,433.0782,161.7315,271.3468,710.2821,0,1375.024,0,-2.273737e-13,1.24345e-13,4.263256e-14
naive,2026-01-23 19:15:00,1805,19.25,26.37764,3335.762,724.7118,3.928938,110.6596,0,0,2335.033,2334.716,770.1534,373.9337,1144.087,3,208.3227,2.536771,133.2276,800,0,499.6694,200,0.1,0.2046279,0.3172331,0,250,0.3172331,1564.563,99.78469,56.39706,16.71966,1.392167,10.87486,436.5805,292.5258,144.0547,0,668.4928,3644.507,0,0,-7.993606e-15,4.263256e-14
naive,2026-01-23 19:30:00,1806,19.5,26.24775,3319.41,737.2865,1.63112,95.09996,0,0,2323.587,2323.27,1455.821,544.1792,2000,4,726.298,0.02553546,121.4359,652.2406,500,0,324.9685,0.1624843,0.1259371,0.3172331,0,250,0.3172331,867.4489,91.07913,46.09194,10.98848,1.605584,4.020826,433.2829,161.7546,271.5284,0,706.6835,3856.631,0,0,1.24345e-13,4.263256e-14
naive,2026-01-23 19:45:00,1807,19.75,26.07957,3315.278,733.6521,0,88.03658,0,0,2320.695,2320.378,758.9736,369.0307,1128.004,3,208.1079,4.829919,115.0665,800,0,499.6694,200,0.1,0.2046279,0.3172331,0,250,0.3172331,1561.404,86.45676,56.71056,25.87473,0,1.579825,431.2559,290.1565,141.0994,0,659.4808,3607.979,0,0,-7.993606e-15,4.263256e-14
naive,2026-01-23 20:00:00,1808,20,25.93703,3295.748,709.1686,0,84.97596,0,0,2307.023,2306.706,1447.874,552.1264,2000,4,671.414,3.058173,106.7686,718.7592,500,0,324.9685,0.1624843,0.1259371,0.3172331,0,250,0.3172331,858.8326,80.34375,51.08624,37.7546,0,4.632216,427.4698,159.1336,268.3362,0,712.1184,3924.306,0,0,1.24345e-13,4.263256e-14
naive,2026-01-23 20:15:00,1809,20.25,26.08554,3271.802,658.8196,0,74.45025,0,0,2290.261,2289.944,691.2215,347.5696,1038.791,3,137.4338,0.961373,100.3959,800,0,499.6694,200,0.1,0.2046279,0.3172331,0,250,0.3172331,1598.723,75.42903,56.70427,21.71636,0,0,425.6525,297.1278,128.5247,0,644.6973,3519.504,0,1.136868e-13,-7.993606e-15,4.263256e-14
naive,2026-01-23 20:30:00,1810,20.5,25.99469,3211.778,601.6742,6.703743,66.27934,0,0,2248.244,2247.927,1429.151,558.7527,1987.904,4,596.8607,1.405343,89.63791,800,500,0,324.9685,0.1624843,0.1259371,0.3172331,0,250,0.3172331,818.7759,67.41152,56.79983,4.813427,5.298399,0,417.0688,151.89,265.1788,0,710.6428,3862.078,0,2.273737e-13,1.24345e-13,4.263256e-14
naive,2026-01-23 20:45:00,1811,20.75,25.94247,3180.426,560.4044,2.879404,58.59879,0,0,2226.298,2225.981,597.2821,317.83,915.112,2,39.30311,0.8549149,74.954,800,0,499.6694,200,0.1,0.2046279,0.3172331,0,250,0.3172331,1628.699,56.39991,56.85475,21.43186,2.024489,2.198884,412.558,301.8161,110.7418,0,620.0536,3386.795,0,0,-7.993606e-15,4.263256e-14
naive,2026-01-23 21:00:00,1812,21,25.60967,3148.265,466.0547,0,48.54848,0,0,2203.786,2203.468,1335.318,529.9679,1865.286,4,491.0996,1.017513,73.1692,800,500,0,324.9685,0.1624843,0.1259371,0.3172331,0,250,0.3172331,868.15,55.25172,57.20477,0,0,0,405.6343,159.7939,245.8405,0,689.7618,3729.334,0,0,1.24345e-13,4.263256e-14
naive,2026-01-23 21:15:00,1813,21.25,25.34679,3149.843,399.1076,0,40.13638,0,0,2204.89,2204.573,563.7938,307.7421,871.5359,2,0,0,71.53588,800,0,427.4243,218.0613,0.1090306,0.2046279,0.3172331,0,250,0.3172331,1640.779,54.1688,57.48125,0,0,0,403.689,300.407,103.282,0,608.1491,3280.154,0,0,4.884981e-14,4.263256e-14
naive,2026-01-23 21:30:00,1814,21.5,25.19901,3064.185,309.4777,0,46.86716,0,0,2144.93,2144.613,793.6244,373.0446,1166.669,3,302.7776,0.3279848,63.5635,800,0,72.10787,200,0.1,0.13731,0.3172331,0,250,0.3172331,1350.988,48.20706,57.63668,0,0,0,391.5456,246.6158,144.9299,0,619.6604,3343.291,0,0,-6.133982e-15,4.263256e-14
naive,2026-01-23 21:45:00,1815,21.75,24.76439,3012.475,278.0601,0,34.82188,0,0,2108.733,2108.415,1199.914,489.4596,1689.373,4,329.8283,1.881638,57.66358,800,500,0,324.9685,0.1624843,0.1259371,0.3172331,0,250,0.3172331,908.5016,43.93301,58.09379,0,0,0,37.95719,16.35303,21.60416,0,505.8126,2716.614,0,5.684342e-14,1.24345e-13,4.263256e-14
naive,2026-01-23 22:00:00,1816,22,24.73999,3010.612,247.914,0,33.66208,0,0,2107.428,2107.111,553.4469,303.1807,856.6277,2,0,0,56.62767,800,0,288.4989,252.7926,0.1263963,0.2046279,0.3172331,0,250,0.3172331,1553.664,43.15482,58.11945,0,0,0,37.93371,27.96595,9.967755,0,331.1467,1755.922,0,5.684342e-14,-7.993606e-15,4.263256e-14
naive,2026-01-23 22:15:00,1817,22.25,24.56921,3029.815,225.925,0,27.58558,0,0,2120.871,2120.553,581.6002,311.2752,892.8754,2,36.28873,0.3797888,56.20684,800,0,211.0113,200,0.1,0.1591798,0.3172331,0,250,0.3172331,1538.953,42.9109,58.29906,0,0,0,38.17567,27.70116,10.47451,0,338.9763,1798.783,0,0,1.332268e-14,4.263256e-14
naive,2026-01-23 22:30:00,1818,22.5,24.35563,3025.898,191.6369,0,31.90655,0,0,2118.128,2117.811,1092.327,458.0787,1550.405,4,194.9181,0.732217,54.75519,800,500,0,324.9685,0.1624843,0.1259371,0.3172331,0,250,0.3172331,1025.484,41.89621,58.5237,0,0,0,38.12631,18.45872,19.66759,0,476.5374,2555.117,0,5.684342e-14,1.24345e-13,4.263256e-14
naive,2026-01-23 22:45:00,1819,22.75,24.1147,3028.259,161.9672,2.152457,29.02038,0,0,2119.781,2119.464,542.3421,298.2852,840.6273,2,0,0,40.6273,800,0,168.7621,282.7268,0.1413634,0.2046279,0.3172331,0,250,0.3172331,1577.122,31.16449,58.7771,0,0,0,38.15606,28.38819,9.767868,0,326.6734,1730.579,0,5.684342e-14,-1.216804e-13,4.263256e-14
naive,2026-01-23 23:00:00,1820,23,23.8664,3049.164,156.2081,6.439795,30.32167,0,1,2134.415,2134.097,539.9918,297.249,837.2408,2,0,0,37.24079,800,0,164.2168,241.6281,0.1208141,0.1780289,0.3172331,0,250,0.3172331,1594.106,28.64073,59.03825,2.23732,0,1.680941,38.41947,28.6939,9.725562,0,326.2418,1731.771,0,0,-6.089573e-14,4.263256e-14
naive,2026-01-23 23:15:00,1821,23.25,23.58146,3082.499,147.0361,11.40835,23.16986,1,1,2157.75,2157.432,534.7619,294.9434,829.7053,2,0,0,29.70531,800,0,145.2779,205.2706,0.1026353,0.1521497,0.3172331,0,250,0.3172331,1622.671,22.91314,59.33793,5.352026,7.814514,0.2567163,38.83949,29.20807,9.631424,324.1969,0,604.3509,0,0,2.889355e-14,4.263256e-14
naive,2026-01-23 23:30:00,1822,23.5,23.54196,3114.578,127.4686,10.48787,16.63849,1,1,2180.204,2179.887,618.8848,318.9485,937.8332,2,109.958,1.512407,26.36286,800,0,20.95311,200,0.1,0.1292559,0.3172331,0,250,0.3172331,1561.002,20.34328,59.37948,0,8.975461,0,39.24368,28.09804,11.14564,347.0465,0,642.7738,0,-1.136868e-13,-1.221245e-15,4.263256e-14
naive,2026-01-23 23:45:00,1823,23.75,23.40839,3113.391,106.8766,13.41339,19.36462,1,1,2179.374,2179.056,1007.383,430.1664,1437.549,3,114.7624,0.613185,22.1736,800,500,0,324.9685,0.1624843,0.1259371,0.3172331,0,250,0.3172331,1171.674,17.13427,59.51996,0,12.8002,2.230347,39.22873,21.09013,18.1386,451.6496,0,858.4195,0,5.684342e-14,1.24345e-13,4.263256e-14
naive,2026-01-24 00:00:00,1824,0,23.34631,3124.383,125.5336,10.49712,24.54251,1,1,2187.068,2186.751,535.0322,295.0626,830.0949,2,0,0,30.09488,800,0,109.3935,297.569,0.1487845,0.2046279,0.3172331,0,250,0.3172331,1651.718,23.27025,59.58524,21.38357,5.25362,1.27226,39.36722,29.73093,9.636291,325.0175,0,628.9507,0,0,2.04281e-14,4.263256e-14
naive,2026-01-24 00:15:00,1825,0.25,23.08348,3097.782,111.1307,3.415226,17.84855,1,1,2168.447,2168.13,535.1747,295.1254,830.3001,2,0,0,30.30008,800,0,101.7813,272.0768,0.1360384,0.1873748,0.3172331,0,250,0.3172331,1632.955,23.49263,59.86167,10.97127,1.793366,0,39.03205,29.3932,9.638854,324.5186,0,603.7119,0,5.684342e-14,1.10717e-13,4.263256e-14
naive,2026-01-24 00:30:00,1826,0.5,22.74957,3063.925,107.7187,2.92981,16.07627,1,1,2144.748,2144.43,530.6872,293.1471,823.8344,2,0,0,23.83438,800,0,112.2967,243.9598,0.1219799,0.1713228,0.3172331,0,250,0.3172331,1613.743,18.54323,60.21286,0,0.8611395,0,38.60546,29.04738,9.55808,322.1945,0,578.135,0,5.684342e-14,-3.216871e-14,4.263256e-14
naive,2026-01-24 00:45:00,1827,0.75,22.71076,3072.806,66.79316,9.561552,17.39109,1,1,2150.964,2150.647,531.8077,293.6411,825.4488,2,0,0,25.44878,800,0,120.2278,213.8644,0.1069322,0.1536179,0.3172331,0,250,0.3172331,1618.839,19.80714,60.25368,0,7.611916,0,38.71736,29.13911,9.578249,322.7802,0,590.9056,0,5.684342e-14,-1.34337e-14,4.263256e-14
naive,2026-01-24 01:00:00,1828,1,22.34083,3102.896,77.83928,9.694312,19.10597,1,1,2172.027,2171.71,576.8503,307.0733,883.9236,2,54.00898,1.50765,28.40696,800,0,55.32312,200,0.1,0.1346673,0.3172331,0,250,0.3172331,1594.86,22.1936,60.64275,0,8.186662,0,39.09649,28.70748,10.38902,335.7807,0,617.4604,0,-5.684342e-14,-4.718448e-16,4.263256e-14
naive,2026-01-24 01:15:00,1829,1.25,22.0576,3102.241,102.9125,0,16.67731,1,1,2171.569,2171.252,1012.248,431.6883,1443.936,3,119.9995,1.425951,22.51101,800,500,0,324.9685,0.1624843,0.1259371,0.3172331,0,250,0.3172331,1159.003,17.63826,60.94064,0,0,0,39.08824,20.86206,18.22618,452.5504,0,836.5425,0,1.705303e-13,1.24345e-13,4.263256e-14
naive,2026-01-24 01:30:00,1830,1.5,21.95306,3042.541,104.5958,1.30969,16.99431,1,1,2129.779,2129.462,527.4324,291.7122,819.1446,2,0,0,19.14462,800,0,121.3527,294.5792,0.1472896,0.2046279,0.3172331,0,250,0.3172331,1602.029,15.01657,61.05059,0,0,1.977742,38.33602,28.83653,9.499493,320.8877,0,573.0935,0,-5.684342e-14,-7.904788e-14,4.263256e-14
naive,2026-01-24 01:45:00,1831,1.75,21.90285,3066.426,63.71696,3.684804,15.84187,1,1,2146.498,2146.181,529.8729,292.7882,822.6611,2,0,0,22.66111,800,0,107.7874,267.5859,0.133793,0.1854922,0.3172331,0,250,0.3172331,1616.308,17.78392,61.1034,0,3.396468,0,38.63697,29.09355,9.543423,321.8817,0,580.881,0,1.136868e-13,-1.172673e-13,4.263256e-14
naive,2026-01-24 02:00:00,1832,2,21.54819,3106.056,59.63683,0,27.3487,1,1,2174.239,2173.922,529.4773,292.6138,822.0911,2,0,0,22.09108,800,0,116.9385,238.3092,0.1191546,0.1684949,0.3172331,0,250,0.3172331,1644.445,17.39925,61.47641,0,0,9.949451,39.1363,29.6,9.536302,323.9059,0,578.6509,0,0,2.073341e-14,4.263256e-14
naive,2026-01-24 02:15:00,1833,2.25,21.33993,3112.332,78.51297,0,21.27295,1,1,2178.632,2178.315,526.3684,291.2432,817.6116,2,0,0,17.61163,800,0,98.98546,213.5253,0.1067627,0.1500598,0.3172331,0,250,0.3172331,1651.946,13.90051,61.69545,0,0,7.372439,39.21538,29.73504,9.480342,322.2272,0,575.0471,0,5.684342e-14,-2.858824e-14,4.263256e-14
naive,2026-01-24 02:30:00,1834,2.5,21.18102,3093.857,80.8178,0,21.95643,1,1,2165.7,2165.383,567.1536,302.8933,870.0468,2,53.21173,0.1095689,16.72555,800,0,53.96686,200,0.1,0.1344538,0.3172331,0,250,0.3172331,1598.229,13.22241,61.86259,0,0,8.734014,38.9826,28.76813,10.21447,333.1367,0,596.678,0,0,-2.942091e-15,4.263256e-14
naive,2026-01-24 02:45:00,1835,2.75,21.01175,3065.746,80.72609,2.113943,15.72901,1,1,2146.022,2145.705,1001.988,428.1114,1430.099,3,112.0446,0.5866519,17.46787,800,500,0,324.9685,0.1624843,0.1259371,0.3172331,0,250,0.3172331,1143.717,13.83291,62.04061,0,1.527291,1.896099,38.6284,20.58691,18.04149,449.0176,0,830.874,0,1.136868e-13,1.24345e-13,4.263256e-14
naive,2026-01-24 03:00:00,1836,3,20.75997,3037.438,83.24615,1.775405,16.45393,1,1,2126.207,2125.889,528.6813,292.2628,820.9441,2,0,0,20.94411,800,0,109.1804,297.6223,0.1488111,0.2046279,0.3172331,0,250,0.3172331,1597.208,16.62795,62.30542,0,1.712724,0,38.27172,28.74975,9.521973,321.0126,0,574.886,0,-5.684342e-14,-6.483702e-14,4.263256e-14
naive,2026-01-24 03:15:00,1837,3.25,20.72032,3078.105,74.99899,0,7.500893,1,1,2154.673,2154.356,528.132,292.0207,820.1527,2,0,0,20.15273,800,0,122.2723,267.0073,0.1335037,0.1874084,0.3172331,0,250,0.3172331,1626.224,16.00605,62.34711,0,0,0,38.78412,29.27203,9.512087,321.2927,0,572.4449,0,0,-5.334622e-14,4.263256e-14
naive,2026-01-24 03:30:00,1838,3.5,20.53633,3069.427,76.28199,0,5.351527,1,1,2148.599,2148.282,529.8336,292.7708,822.6044,2,0,0,22.60437,800,0,112.9812,238.72,0.11936,0.1681306,0.3172331,0,250,0.3172331,1618.448,17.98651,62.54063,0,0,0,38.67478,29.13207,9.542714,321.9029,0,573.4475,0,5.684342e-14,-5.448419e-14,4.263256e-14
naive,2026-01-24 03:45:00,1839,3.75,20.4031,3064.588,112.0158,0,11.16117,1,1,2145.211,2144.894,526.5297,291.3143,817.844,2,0,0,17.844,800,0,134.9142,204.9539,0.1024769,0.1503185,0.3172331,0,250,0.3172331,1618.364,14.21766,62.68075,0,0,0,38.6138,29.13056,9.483245,320.4449,0,570.3739,0,5.684342e-14,-1.14353e-14,4.263256e-14
naive,2026-01-24 04:00:00,1840,4,20.02366,3063.282,116.9854,0,14.4278,1,1,2144.298,2143.98,621.8814,319.2397,941.1211,2,118.6149,0.8558771,21.65031,800,0,19.68648,200,0.1,0.1290565,0.3172331,0,250,0.3172331,1522.099,17.31615,63.07983,0,0,0,38.59736,27.39778,11.19958,346.6375,0,622.3101,0,5.684342e-14,-1.94289e-16,4.263256e-14
naive,2026-01-24 04:15:00,1841,4.25,19.93925,3064.554,143.5809,0,16.51349,1,1,2145.188,2144.871,1059.533,445.8174,1505.351,4,176.4597,1.772525,27.11838,800,500,0,324.9685,0.1624843,0.1259371,0.3172331,0,250,0.3172331,1085.338,21.69471,63.16861,0,0,0,38.61338,19.53608,19.07731,465.3535,0,859.6423,0,0,1.24345e-13,4.263256e-14
naive,2026-01-24 04:30:00,1842,4.5,19.63212,3079.093,194.4949,0.8925878,9.784524,1,1,2155.365,2155.048,530.8091,293.2009,824.01,2,0,0,24.01003,800,0,192.3175,276.838,0.138419,0.2046279,0.3172331,0,250,0.3172331,1624.239,19.20802,63.49163,2.785276,0.284789,0,38.79657,29.23629,9.560275,322.4372,0,578.7421,0,-5.684342e-14,-6.483702e-14,4.263256e-14
naive,2026-01-24 04:45:00,1843,4.75,19.68562,3073.92,243.5606,0,14.75376,1,1,2151.744,2151.427,527.2252,291.6209,818.8461,2,0,0,18.84612,800,0,221.6486,221.3823,0.1106911,0.1743208,0.3172331,0,250,0.3172331,1624.202,15.07689,63.43537,23.92317,0,0,38.7314,29.23563,9.495764,320.8565,0,611.6158,0,0,1.781908e-14,4.263256e-14
naive,2026-01-24 05:00:00,1844,5,19.7246,3089.247,309.7379,4.312533,9.706056,1,1,2162.473,2162.156,681.4761,335.8677,1017.344,3,199.6871,1.88125,15.77548,800,0,85.38968,200,0.1,0.1394012,0.3172331,0,250,0.3172331,1480.68,12.62039,63.39436,24.66119,2.431282,0,38.92452,26.65224,12.27228,362.5199,0,700.4557,0,0,-3.63598e-15,4.263256e-14
naive,2026-01-24 05:15:00,1845,5.25,19.64772,3082.23,363.1726,6.904311,10.35564,1,1,2157.561,2157.244,1176.678,477.9887,1654.667,4,340.1456,1.596311,12.92486,800,500,0,324.9685,0.1624843,0.1259371,0.3172331,0,250,0.3172331,980.5657,10.33989,63.47522,23.02697,5.308,0.01575087,38.8361,17.65018,21.18591,495.6415,0,968.7512,0,-1.136868e-13,1.24345e-13,4.263256e-14
naive,2026-01-24 05:30:00,1846,5.5,19.67334,3072.991,450.9025,1.82121,11.43757,1,1,2151.094,2150.776,521.1503,288.9428,810.0931,2,0,0,10.0931,800,0,422.7718,219.2244,0.1096122,0.2046279,0.3172331,0,250,0.3172331,1629.626,8.074478,63.44828,29.66942,0.2825477,3.363091,38.71968,29.33327,9.386416,318.8287,0,617.9452,0,5.684342e-14,-7.993606e-15,4.263256e-14
naive,2026-01-24 05:45:00,1847,5.75,19.70657,3043.911,541.7452,15.02812,19.35356,1,1,2130.738,2130.42,851.7418,384.5697,1236.311,3,421.2718,2.643611,12.39601,800,0,76.75961,200,0.1,0.1380424,0.3172331,0,250,0.3172331,1278.679,9.916811,63.41332,43.71379,12.38451,9.436746,38.35328,23.01621,15.33706,409.1374,0,843.7044,0,-5.684342e-14,-5.911938e-15,4.263256e-14
naive,2026-01-24 06:00:00,1848,6,19.72123,3068.203,602.7061,9.598528,17.84756,1,1,2147.742,2147.425,1364.241,531.2916,1895.533,4,587.1576,1.815309,6.560021,800,500,0,324.9685,0.1624843,0.1259371,0.3172331,0,250,0.3172331,783.1835,5.248017,63.3979,15.54851,7.783219,12.59955,38.65936,14.0973,24.56205,547.4609,0,1063.846,0,0,1.24345e-13,4.263256e-14
naive,2026-01-24 06:15:00,1849,6.25,19.81675,3118.428,682.9266,0.1987076,10.43633,1,1,2182.9,2182.582,658.1788,328.2951,986.4739,2,177.0076,3.001919,6.464341,800,0,499.6694,200,0.1,0.2046279,0.3172331,0,250,0.3172331,1524.404,5.171473,63.29744,6.249539,0,5.26486,39.29219,27.43927,11.85293,356.6017,0,652.7741,0,0,-7.993606e-15,4.263256e-14
naive,2026-01-24 06:30:00,1850,6.5,19.8633,3144.837,704.7213,3.602703,9.360058,1,1,2201.386,2201.068,1452.751,547.2488,2000,4,739.6374,1.291041,25.60988,733.4617,500,0,324.9685,0.1624843,0.1259371,0.3172331,0,250,0.3172331,748.3173,20.4879,57.98793,0,2.311662,0,39.62494,13.46971,26.15523,560.7185,0,1060.188,0,0,1.24345e-13,4.263256e-14
naive,2026-01-24 06:45:00,1851,6.75,19.87875,3180.386,745.421,0,16.25957,1,1,2226.27,2225.953,754.2582,357.4329,1111.691,3,288.127,0.7193633,22.84481,800,0,499.6694,200,0.1,0.2046279,0.3172331,0,250,0.3172331,1471.694,18.27585,63.23223,0,0,0,40.07286,26.4905,13.58236,383.9234,0,696.7106,0,-5.684342e-14,-7.993606e-15,4.263256e-14
naive,2026-01-24 07:00:00,1852,7,19.86809,3176.293,769.9389,0,19.2805,1,1,2223.405,2223.088,1460.94,539.0604,2000,4,801.5677,1.245921,23.60993,673.5764,500,0,324.9685,0.1624843,0.1259371,0.3172331,0,250,0.3172331,762.1483,18.88795,53.24912,0,0,0.392554,40.02129,13.71867,26.30262,552.8438,0,1045.782,0,0,1.24345e-13,4.263256e-14
naive,2026-01-24 07:15:00,1853,7.25,20.19197,3166.894,767.3991,1.401547,23.92607,1,1,2216.826,2216.509,755.2826,358.524,1113.807,3,282.7511,1.675289,29.38024,800,0,499.6694,200,0.1,0.2046279,0.3172331,0,250,0.3172331,1461.226,23.45907,62.90281,0,0,0.4669987,39.90286,26.30207,13.6008,384.9035,0,699.0414,0,5.684342e-14,-7.993606e-15,4.263256e-14
naive,2026-01-24 07:30:00,1854,7.5,20.33428,3162.389,711.1629,5.987394,28.9212,1,1,2213.672,2213.355,1454.698,545.3022,2000,4,750.2143,2.202854,35.02324,712.5597,500,0,324.9685,0.1624843,0.1259371,0.3172331,0,250,0.3172331,758.6574,27.92493,55.89419,0,3.78454,0.9962685,39.8461,13.65583,26.19027,559.1237,0,1061.895,0,0,1.24345e-13,4.263256e-14
naive,2026-01-24 07:45:00,1855,7.75,20.46137,3153.91,658.8023,6.487236,29.65105,1,1,2207.737,2207.42,681.3431,337.2688,1018.612,3,187.4162,1.631096,29.56458,800,0,499.6694,200,0.1,0.2046279,0.3172331,0,250,0.3172331,1526.077,23.54254,62.61947,0,4.85614,6.108505,39.73927,27.46938,12.26989,365.7564,0,669.4427,0,0,-7.993606e-15,4.263256e-14
naive,2026-01-24 08:00:00,1856,8,20.69683,3196.675,594.1724,182.8451,29.27004,1,1,2237.673,2237.356,1456.619,543.3814,2000,4,623.8852,367.0501,37.00861,472.0561,500,0,324.9685,0.1624843,0.1259371,0.3172331,0,250,0.3172331,780.737,29.40058,36.80375,0,0,0,40.27811,14.05327,26.22484,557.4347,0,1073.465,0,0,1.24345e-13,4.263256e-14
naive,2026-01-24 08:15:00,1857,8.25,20.79901,3245.208,524.0676,179.0687,22.67269,1,1,2271.645,2271.328,823.6129,419.1164,1242.729,3,26.62047,377.6871,38.4217,800,0,499.6694,200,0.1,0.2046279,0.3172331,0,250,0.3172331,1447.715,30.49176,62.26436,0,0,0,40.88962,26.05887,14.83074,445.1753,0,820.3032,0,-1.136868e-13,-7.993606e-15,4.263256e-14
naive,2026-01-24 08:30:00,1858,8.5,20.91392,3240.736,442.6243,187.6261,26.68906,1,1,2268.515,2268.198,1432.853,567.1468,2000,4,440.4596,379.722,39.87806,639.9404,500,0,324.9685,0.1624843,0.1259371,0.3172331,0,250,0.3172331,835.3448,31.61088,49.71017,2.164712,0,0,40.83327,15.03621,25.79707,582.183,0,1112.176,0,0,1.24345e-13,4.263256e-14
naive,2026-01-24 08:45:00,1859,8.75,21.17554,3268.146,371.4516,190.8122,33.92926,1,1,2287.702,2287.385,719.9167,376.5688,1096.485,3,0,252.9469,43.53857,800,0,499.6694,200,0.1,0.2046279,0.3172331,0,250,0.3172331,1567.468,34.4214,61.86835,1.875541,0,0,41.17863,28.21442,12.96421,404.7832,0,743.1998,0,0,-7.993606e-15,4.263256e-14
naive,2026-01-24 09:00:00,1860,9,21.49248,3249.585,306.9144,194.6018,40.39807,1,1,2274.709,2274.392,1414.19,585.8102,2000,4,296.7928,389.453,41.35952,772.3946,500,0,324.9685,0.1624843,0.1259371,0.3172331,0,250,0.3172331,860.2022,32.59379,59.41163,10.1216,0,7.80428,40.94477,15.48364,25.46113,602.6198,0,1155.861,0,0,1.24345e-13,4.263256e-14
naive,2026-01-24 09:15:00,1861,9.25,21.7703,3279.743,250.4442,197.3938,46.2309,1,1,2295.82,2295.503,621.2685,333.0798,954.3483,2,0,108.0832,46.26512,800,0,499.6694,200,0.1,0.2046279,0.3172331,0,250,0.3172331,1674.235,36.35687,61.24281,36.40689,0,9.874033,41.32477,30.13622,11.18854,364.9024,0,723.7085,0,0,-7.993606e-15,4.263256e-14
naive,2026-01-24 09:30:00,1862,9.5,21.77677,3318.881,211.6296,191.5547,47.60602,1,1,2323.217,2322.9,1361.58,577.6834,1939.264,4,187.3136,395.4567,56.49333,800,500,0,324.9685,0.1624843,0.1259371,0.3172331,0,250,0.3172331,961.3196,44.39166,61.236,24.31599,0,3.214355,41.81791,17.30375,24.51415,595.5362,0,1164.127,0,0,1.24345e-13,4.263256e-14
naive,2026-01-24 09:45:00,1863,9.75,21.99253,3314.906,174.9036,189.3891,50.00954,1,1,2320.434,2320.117,590.5017,319.5163,910.0179,2,0,44.91207,65.10587,800,0,499.6694,200,0.1,0.2046279,0.3172331,0,250,0.3172331,1729.615,51.0469,61.00908,31.66846,0,0,41.76781,31.13307,10.63474,350.6493,0,687.2916,0,-5.684342e-14,-7.993606e-15,4.263256e-14
naive,2026-01-24 10:00:00,1864,10,22.20425,3365.068,132.2847,203.2714,56.08532,1,1,2355.548,2355.231,1319.801,567.6331,1887.434,4,116.9701,401.4015,69.06237,800,500,0,324.9685,0.1624843,0.1259371,0.3172331,0,250,0.3172331,1035.43,54.03205,60.7864,15.31462,0,2.053276,42.39986,18.63773,23.76213,586.6243,0,1131.282,0,2.273737e-13,1.24345e-13,4.263256e-14
naive,2026-01-24 10:15:00,1865,10.25,22.48332,3368.184,119.5476,207.0647,57.65863,1,1,2357.729,2357.411,580.1598,314.9571,895.1168,2,0,20.66516,74.45167,800,0,499.6694,200,0.1,0.2046279,0.3172331,0,250,0.3172331,1777.252,58.08224,60.49289,0,0,0,42.43911,31.99053,10.44859,346.9476,0,625.8407,0,-1.136868e-13,-7.993606e-15,4.263256e-14
naive,2026-01-24 10:30:00,1866,10.5,22.59327,3390.8,128.7317,199.7885,65.19591,1,1,2373.56,2373.242,1321.019,569.62,1890.639,4,104.7821,398.6183,87.23873,800,500,0,324.9685,0.1624843,0.1259371,0.3172331,0,250,0.3172331,1052.223,67.98111,60.37726,23.94961,0,0,42.72407,18.94002,23.78406,588.56,0,1150.509,0,1.136868e-13,1.24345e-13,4.263256e-14
naive,2026-01-24 10:45:00,1867,10.75,22.68751,3445.459,111.0408,204.6157,75.09316,1,1,2411.821,2411.504,585.0533,317.1144,902.1677,2,0,4.141958,98.02572,800,0,499.6694,200,0.1,0.2046279,0.3172331,0,250,0.3172331,1826.45,76.31302,60.27814,11.5598,0,0,43.41278,32.87611,10.53667,349.9905,0,652.1087,0,0,-7.993606e-15,4.263256e-14
naive,2026-01-24 11:00:00,1868,11,22.90701,3414.833,89.92545,202.3748,89.99989,1,1,2390.383,2390.066,1338.621,578.2026,1916.823,4,97.8629,405.5323,113.428,800,500,0,324.9685,0.1624843,0.1259371,0.3172331,0,250,0.3172331,1051.446,88.10451,60.04728,0,0,1.895383,43.0269,18.92602,24.10088,597.4594,0,1127.366,0,0,1.24345e-13,4.263256e-14
naive,2026-01-24 11:15:00,1869,11.25,23.02888,3441.684,71.22167,192.8425,89.61287,1,1,2409.179,2408.862,608.1194,327.283,935.4024,2,0,10.4146,124.9878,800,0,499.6694,200,0.1,0.2046279,0.3172331,0,250,0.3172331,1800.742,96.96167,59.9191,0,0,0,43.36522,32.41336,10.95186,359.6964,0,651.9838,0,-5.684342e-14,-7.993606e-15,4.263256e-14
naive,2026-01-24 11:30:00,1870,11.5,23.13053,3447.808,86.40602,195.7989,91.36349,1,1,2413.466,2413.149,1353.131,585.4415,1938.573,4,90.78635,415.7706,132.016,800,500,0,324.9685,0.1624843,0.1259371,0.3172331,0,250,0.3172331,1060.017,102.3066,59.81219,0,0,0,43.44239,19.08031,24.36208,604.5219,0,1141.755,0,0,1.24345e-13,4.263256e-14
naive,2026-01-24 11:45:00,1871,11.75,23.36261,3496.674,78.72677,204.8811,94.20798,1,1,2447.672,2447.355,612.4954,329.2122,941.7076,2,0,0,141.7076,800,0,485.9045,203.4412,0.1017206,0.2046279,0.3172331,0,250,0.3172331,1834.859,109.554,59.5681,3.051427,0,0,44.05809,33.02747,11.03063,362.2397,0,662.7289,0,0,-6.483702e-14,4.263256e-14
naive,2026-01-24 12:00:00,1872,12,23.72204,3500.934,85.15968,210.0408,112.1387,1,1,2450.654,2450.336,953.7916,471.048,1424.84,3,72.49841,407.9098,144.4313,800,0,13.63683,200,0.1,0.128104,0.3172331,0,250,0.3172331,1496.545,111.2444,59.19007,0,0,0.8942651,44.11177,26.93781,17.17396,498.1443,0,929.6998,0,-1.705303e-13,0,4.263256e-14
naive,2026-01-24 12:15:00,1873,12.25,23.97557,3502.365,55.37469,202.5446,123.1375,1,1,2451.655,2451.338,1367.238,591.5361,1958.774,4,91.83152,409.17,157.7724,800,500,0,324.9685,0.1624843,0.1259371,0.3172331,0,250,0.3172331,1084.1,121.2,58.92342,0,0,1.937483,44.12979,19.5138,24.61599,611.3951,0,1156.501,0,0,1.24345e-13,4.263256e-14
naive,2026-01-24 12:30:00,1874,12.5,24.35221,3520.584,51.18324,202.7334,138.4988,1,1,2464.409,2464.091,632.5429,338.0501,970.5931,2,0,0,170.5931,800,0,490.8878,202.1954,0.1010977,0.2046279,0.3172331,0,250,0.3172331,1831.548,130.5348,58.5273,0,0,7.963985,44.35936,32.96787,11.39148,372.4475,0,679.0518,0,5.684342e-14,4.884981e-14,4.263256e-14
naive,2026-01-24 12:45:00,1875,12.75,24.45024,3566.264,86.57324,205.8289,144.2092,1,1,2496.385,2496.068,989.2188,485.1251,1474.344,3,85.45201,405.3786,183.5133,800,0,8.65436,200,0.1,0.1273195,0.3172331,0,250,0.3172331,1506.849,140.2772,58.42419,0,0,3.932038,44.93493,27.12328,17.81165,512.9555,0,960.1838,0,5.684342e-14,4.440892e-16,4.263256e-14
naive,2026-01-24 13:00:00,1876,13,24.76485,3546.422,110.1403,207.2514,154.2594,1,1,2482.496,2482.178,1383.813,600.4629,1984.276,4,78.21558,408.3635,197.6967,800,500,0,324.9685,0.1624843,0.1259371,0.3172331,0,250,0.3172331,1098.365,150.6214,58.0933,31.9247,0,3.638045,44.68492,19.77058,24.91434,620.8918,0,1231.499,0,0,1.24345e-13,4.263256e-14
naive,2026-01-24 13:15:00,1877,13.25,24.97955,3521.867,129.6548,204.3763,162.8733,1,1,2465.307,2464.99,660.3425,350.3055,1010.648,3,0,0,210.648,800,0,495.3519,201.0794,0.1005397,0.2046279,0.3172331,0,250,0.3172331,1804.648,160.127,57.8675,42.73645,0,2.746394,44.37553,32.48366,11.89187,383.2883,0,775.1961,0,-1.136868e-13,-7.993606e-15,4.263256e-14
naive,2026-01-24 13:30:00,1878,13.5,25.07581,3505.62,107.3127,201.0976,167.1214,1,1,2453.934,2453.616,1011.591,496.1982,1507.79,4,75.27893,411.141,221.3696,800,0,4.19095,200,0.1,0.1266167,0.3172331,0,250,0.3172331,1442.025,168.1066,57.76626,27.84278,0,0,446.8472,262.5845,184.2628,758.7827,0,1500.607,0,5.684342e-14,2.498002e-16,4.263256e-14
naive,2026-01-24 13:45:00,1879,13.75,25.22534,3533.544,97.43551,199.2193,182.733,1,1,2473.481,2473.164,1395.643,604.3566,2000,4,76.71962,414.538,229.0109,779.7315,500,0,324.9685,0.1624843,0.1259371,0.3172331,0,250,0.3172331,1077.52,173.6354,56.14943,20.71589,0,9.097529,451.7598,196.7997,254.9601,802.8179,0,1578.203,0,0,1.24345e-13,4.263256e-14
naive,2026-01-24 14:00:00,1880,14,25.31056,3488.276,99.43247,202.9613,183.6789,1,1,2441.793,2441.476,681.0608,359.4392,1040.5,3,0,0,240.5,800,0,495.1916,201.1195,0.1005597,0.2046279,0.3172331,0,250,0.3172331,1760.415,182.1825,57.51936,16.73202,0,1.496462,446.7372,322.076,124.6612,681.7889,0,1327.731,0,0,-7.993606e-15,4.263256e-14
naive,2026-01-24 14:15:00,1881,14.25,25.47089,3465.673,116.0416,208.5373,194.4426,1,1,2425.971,2425.654,1041.789,508.4061,1550.195,4,84.56423,410.9811,254.6495,800,0,4.351215,200,0.1,0.126642,0.3172331,0,250,0.3172331,1383.865,192.5743,57.35073,27.12618,0,1.8683,445.2792,254.004,191.2752,762.753,0,1507.779,0,0,-2.498002e-16,4.263256e-14
naive,2026-01-24 14:30:00,1882,14.5,25.55319,3457.843,104.1728,207.0329,194.6751,1,1,2420.49,2420.173,1398.905,601.0945,2000,4,90.80799,406.0891,264.2431,738.8598,500,0,324.9685,0.1624843,0.1259371,0.3172331,0,250,0.3172331,1021.267,199.6554,52.88774,13.36484,0,0,445.0127,187.7624,257.2503,788.8569,0,1541.269,0,-2.273737e-13,1.24345e-13,4.263256e-14
naive,2026-01-24 14:45:00,1883,14.75,25.88442,3442.563,104.5289,203.6316,204.5948,1,1,2409.794,2409.477,703.4791,369.3223,1072.801,3,0,4.912169,267.8892,800,0,499.6694,200,0.1,0.2046279,0.3172331,0,250,0.3172331,1705.998,201.7004,56.91581,6.356953,0,2.89447,446.034,315.7668,130.2672,685.6248,0,1318.185,0,0,-7.993606e-15,4.263256e-14
naive,2026-01-24 15:00:00,1884,15,25.99352,3445.357,109.1379,201.7765,210.3641,1,1,2411.75,2411.433,1401.003,598.9972,2000,4,105.4784,400.1386,272.7785,721.6045,500,0,324.9685,0.1624843,0.1259371,0.3172331,0,250,0.3172331,1010.43,205.1436,51.23487,3.659492,0,5.220551,447.3898,187.439,259.9508,787.4046,0,1523.483,0,-2.273737e-13,1.24345e-13,4.263256e-14
naive,2026-01-24 15:15:00,1885,15.25,25.95449,3431.644,106.5567,210.0391,211.0973,1,1,2402.151,2401.833,725.01,378.8141,1103.824,3,0,28.99123,274.8329,800,0,499.6694,200,0.1,0.2046279,0.3172331,0,250,0.3172331,1676.823,206.7744,56.84211,0,0,4.322896,445.2545,310.8103,134.4442,690.4257,0,1316.904,0,-5.684342e-14,-7.993606e-15,4.263256e-14
naive,2026-01-24 15:30:00,1886,15.5,26.06337,3386.162,110.7279,206.3138,209.3831,1,1,2370.313,2369.996,1404.615,595.3848,2000,4,131.1139,402.2857,274.1247,692.4756,500,0,324.9685,0.1624843,0.1259371,0.3172331,0,250,0.3172331,965.3809,206.0028,49.10309,0,0,3.380247,440.3308,179.3379,260.9929,775.3506,0,1495.46,0,2.273737e-13,1.24345e-13,4.263256e-14
naive,2026-01-24 15:45:00,1887,15.75,26.23424,3450.014,126.4721,204.9483,205.9373,1,1,2415.01,2414.693,721.409,377.2267,1098.636,3,0,22.19679,276.4389,800,0,499.6694,200,0.1,0.2046279,0.3172331,0,250,0.3172331,1693.284,207.364,56.54789,5.8156,0,0,450.2059,315.6618,134.5441,692.8885,0,1332.192,0,-5.684342e-14,-7.993606e-15,4.263256e-14
naive,2026-01-24 16:00:00,1888,16,26.30022,3467.802,124.2759,197.1366,203.6723,1,1,2427.462,2427.144,1405.207,594.7927,2000,4,140.0625,397.6609,266.9448,695.3319,500,0,324.9685,0.1624843,0.1259371,0.3172331,0,250,0.3172331,1021.937,200.1014,49.08912,0,0,3.570927,453.1403,190.7675,262.3728,786.2268,0,1517.228,0,0,1.24345e-13,4.263256e-14
naive,2026-01-24 16:15:00,1889,16.25,26.50427,3449.118,164.0874,197.3217,200.4236,1,1,2414.383,2414.066,734.2413,382.8837,1117.125,3,0,58.22149,258.9035,800,0,499.6694,200,0.1,0.2046279,0.3172331,0,250,0.3172331,1679.824,193.651,56.26388,0,0,6.772633,452.5952,314.8964,137.6988,699.0497,0,1334.803,0,-5.684342e-14,-7.993606e-15,4.263256e-14
naive,2026-01-24 16:30:00,1890,16.5,26.46459,3421.167,190.9791,187.0905,188.9863,1,1,2394.817,2394.5,1411.328,588.6722,2000,4,192.6554,390.5242,256.1168,660.7036,500,0,324.9685,0.1624843,0.1259371,0.3172331,0,250,0.3172331,983.172,191.6479,46.50164,0,0,0,448.5605,184.1527,264.4077,772.8249,0,1493.336,0,-2.273737e-13,1.24345e-13,4.263256e-14
naive,2026-01-24 16:45:00,1891,16.75,26.41922,3391.728,212.9199,177.7594,171.4478,1,1,2374.21,2373.892,763.7001,395.8707,1159.571,3,0,112.7522,246.8186,800,0,499.6694,200,0.1,0.2046279,0.3172331,0,250,0.3172331,1610.192,184.7798,56.35333,0,0,0,444.2852,301.3149,142.9704,697.1855,0,1330.974,0,-1.136868e-13,-7.993606e-15,4.263256e-14
naive,2026-01-24 17:00:00,1892,17,26.67919,3336.476,276.497,181.7422,175.4752,1,1,2335.533,2335.216,1418.966,581.0336,2000,4,259.8448,382.4438,237.7322,619.9792,500,0,324.9685,0.1624843,0.1259371,0.3172331,0,250,0.3172331,916.2493,177.4829,43.46047,16.65225,0,0,439.399,172.38,267.0191,753.4136,0,1486.659,0,2.273737e-13,1.24345e-13,4.263256e-14
naive,2026-01-24 17:15:00,1893,17.25,26.71279,3305.852,316.666,184.902,164.9701,1,1,2314.097,2313.78,809.7813,416.1855,1225.967,3,0,192.0537,233.9131,800,0,499.6694,200,0.1,0.2046279,0.3172331,0,250,0.3172331,1503.998,174.5688,56.04457,2.525514,0,0,435.6691,283.1539,152.5152,699.3394,0,1339.985,0,-1.705303e-13,-7.993606e-15,4.263256e-14
naive,2026-01-24 17:30:00,1894,17.5,26.8003,3309.198,391.1682,184.6419,164.5817,1,1,2316.439,2316.121,1432.784,567.2163,2000,4,374.7821,370.3795,219.1354,535.703,500,0,324.9685,0.1624843,0.1259371,0.3172331,0,250,0.3172331,883.3377,163.3868,37.46742,16.38607,0,1.194823,436.9018,166.6057,270.2961,734.0473,0,1454.21,0,0,1.24345e-13,4.263256e-14
naive,2026-01-24 17:45:00,1895,17.75,26.86568,3310.222,464.3179,191.0746,149.0535,1,1,2317.155,2316.838,880.9316,447.5521,1328.484,3,0,317.6682,210.8155,800,0,499.6694,200,0.1,0.2046279,0.3172331,0,250,0.3172331,1435.906,157.0733,55.88377,18.42481,0,0,437.6305,271.1931,166.4374,718.7451,0,1406.404,0,0,-7.993606e-15,4.263256e-14
naive,2026-01-24 18:00:00,1896,18,26.92546,3334.983,524.3035,8.182668,138.5522,1,1,2334.488,2334.171,1429.163,570.8366,2000,4,494.5841,1.827038,204.7809,798.808,500,0,324.9685,0.1624843,0.1259371,0.3172331,0,250,0.3172331,905.0076,152.4791,55.73773,29.71938,6.35563,0,441.4523,171.1372,270.3152,741.9738,0,1483.472,0,0,1.24345e-13,4.263256e-14
naive,2026-01-24 18:15:00,1897,18.25,26.90062,3316.695,573.788,4.63344,126.8128,1,1,2321.687,2321.37,690.605,357.5697,1048.175,3,51.0849,0.634705,196.4551,800,0,499.6694,200,0.1,0.2046279,0.3172331,0,250,0.3172331,1630.765,146.3188,55.84702,23.0337,3.998735,0,438.8049,308.2188,130.5861,665.7885,0,1315.38,0,0,-7.993606e-15,4.263256e-14
naive,2026-01-24 18:30:00,1898,18.5,26.83092,3283.679,635.9269,0,116.0251,1,1,2298.575,2298.258,1441.486,558.5138,2000,4,595.3242,2.00796,181.86,720.8078,500,0,324.9685,0.1624843,0.1259371,0.3172331,0,250,0.3172331,856.7717,135.5498,50.38475,40.60269,0,0,433.8082,161.6978,272.1104,720.2116,0,1453.78,0,2.273737e-13,1.24345e-13,4.263256e-14
naive,2026-01-24 18:45:00,1899,18.75,26.91053,3291.331,674.0795,0,106.8174,1,1,2303.932,2303.614,744.97,370.344,1115.314,3,145.1714,0.136853,170.0057,800,0,499.6694,200,0.1,0.2046279,0.3172331,0,250,0.3172331,1558.644,126.6059,55.8366,29.23866,0,0,435.5388,294.6486,140.8903,664.9926,0,1317.606,0,-1.136868e-13,-7.993606e-15,4.263256e-14
naive,2026-01-24 19:00:00,1900,19,26.77177,3286.258,717.9685,0,109.547,1,0,2300.381,2300.063,1452.251,547.7491,2000,4,688.2748,2.723337,148.3748,660.6271,500,0,324.9685,0.1624843,0.1259371,0.3172331,0,250,0.3172331,847.8124,110.6618,46.22947,29.69372,0,0,433.6164,159.8107,273.8057,707.5598,0,1414.333,0,2.273737e-13,1.24345e-13,4.263256e-14
naive,2026-01-24 19:15:00,1901,19.25,26.69786,3233.595,734.0235,0,105.1672,0,0,2263.517,2263.199,783.5546,378.7256,1162.28,3,217.7039,3.31442,141.2619,800,0,499.6694,200,0.1,0.2046279,0.3172331,0,250,0.3172331,1479.645,105.4403,56.06027,16.65017,0,0,426.0147,278.4828,147.5319,0,657.2085,3580.3,0,1.136868e-13,-7.993606e-15,4.263256e-14
naive,2026-01-24 19:30:00,1902,19.5,26.68328,3202.316,713.611,0,105.0214,0,0,2241.621,2241.304,1456.862,543.1381,2000,4,732.6286,0.9098835,124.3152,642.1463,500,0,324.9685,0.1624843,0.1259371,0.3172331,0,250,0.3172331,784.4418,92.80552,45.01093,0,0,12.21586,421.7665,147.5946,274.1718,0,693.0312,3761.034,0,0,1.24345e-13,4.263256e-14
naive,2026-01-24 19:45:00,1903,19.75,26.51576,3213.171,703.3566,0,98.01513,0,0,2249.22,2248.902,769.117,371.8025,1140.919,3,222.3977,2.203883,116.3178,800,0,499.6694,200,0.1,0.2046279,0.3172331,0,250,0.3172331,1479.785,86.99109,56.2518,0,0,11.02404,421.734,277.4632,144.2707,0,651.3327,3519.047,0,1.136868e-13,-7.993606e-15,4.263256e-14
naive,2026-01-24 20:00:00,1904,20,26.19066,3179.298,694.5673,7.931718,91.4712,0,0,2225.509,2225.192,1450.752,549.2484,2000,4,692.2034,1.349264,110.3091,696.1383,500,0,324.9685,0.1624843,0.1259371,0.3172331,0,250,0.3172331,774.4399,82.78417,49.24632,2.363846,6.582454,8.687034,414.5087,144.2421,270.2666,0,695.1085,3783.127,0,0,1.24345e-13,4.263256e-14
naive,2026-01-24 20:15:00,1905,20.25,26.11198,3170.434,653.9183,4.62141,83.83752,0,0,2219.304,2218.987,699.6365,349.865,1049.501,3,149.3226,0.3948988,99.78404,800,0,499.6694,200,0.1,0.2046279,0.3172331,0,250,0.3172331,1519.35,74.94821,56.67647,4.926303,4.226511,8.889307,412.6878,282.5288,130.159,0,634.0468,3439.285,0,5.684342e-14,-7.993606e-15,4.263256e-14
naive,2026-01-24 20:30:00,1906,20.5,26.10053,3134.848,612.6466,9.844677,83.62134,0,0,2194.394,2194.076,1432.564,559.9526,1992.517,4,599.4219,4.272607,88.82211,800,500,0,324.9685,0.1624843,0.1259371,0.3172331,0,250,0.3172331,761.5123,66.72279,56.68851,13.22474,5.572069,16.89855,407.9601,141.5729,266.3872,0,704.6671,3844.319,0,0,1.24345e-13,4.263256e-14
naive,2026-01-24 20:45:00,1907,20.75,25.97065,3153.76,540.8251,19.25588,76.54589,0,0,2207.632,2207.314,608.2355,321.2583,929.4938,2,51.07597,1.936579,76.48129,800,0,499.6694,200,0.1,0.2046279,0.3172331,0,250,0.3172331,1599.079,57.53189,56.82511,0,17.3193,19.014,409.334,296.4975,112.8364,0,621.2813,3382.995,0,5.684342e-14,-7.993606e-15,4.263256e-14
naive,2026-01-24 21:00:00,1908,21,25.58313,3191.803,456.0371,12.58499,71.56756,0,0,2234.262,2233.945,1320.71,525.1784,1845.889,4,477.2253,0.4271932,68.23636,800,500,0,324.9685,0.1624843,0.1259371,0.3172331,0,250,0.3172331,913.2344,51.54131,57.23268,0,12.15779,20.02625,411.0231,168.002,243.0211,0,696.8645,3789.34,0,0,1.24345e-13,4.263256e-14
naive,2026-01-24 21:15:00,1909,21.25,25.48628,3120.496,419.7296,8.959531,62.94679,0,0,2184.347,2184.03,556.7086,304.6186,861.3272,2,0,0,61.32716,800,0,411.7878,221.9704,0.1109852,0.2046279,0.3172331,0,250,0.3172331,1627.321,46.37007,57.33455,8.442203,8.459148,16.57672,401.0545,298.7825,102.2721,0,606.4446,3300.099,0,-5.684342e-14,-7.993606e-15,4.263256e-14
naive,2026-01-24 21:30:00,1910,21.5,25.54957,3086.342,383.9127,15.12004,58.65447,0,0,2160.439,2160.122,752.6255,361.1228,1113.748,3,251.0583,0.144316,62.54558,800,0,87.74188,200,0.1,0.1397715,0.3172331,0,250,0.3172331,1407.497,47.25966,57.26798,45.11254,14.97573,11.39481,397.1727,258.7526,138.4201,0,621.9701,3460.061,0,0,-2.664535e-15,4.263256e-14
naive,2026-01-24 21:45:00,1911,21.75,25.15201,3100.074,335.9135,10.07621,42.89771,0,0,2170.052,2169.735,1172.484,480.7638,1653.248,4,301.2748,0.8436901,51.12928,800,500,0,324.9685,0.1624843,0.1259371,0.3172331,0,250,0.3172331,997.2508,38.79608,57.68611,34.63876,9.232521,4.101634,395.7581,181.8713,213.8869,0,663.3831,3659.388,0,-1.705303e-13,1.24345e-13,4.263256e-14
naive,2026-01-24 22:00:00,1912,22,24.60187,3099.708,267.4388,11.80369,41.46886,0,0,2169.796,2169.478,548.8064,301.135,849.9413,2,0,0,49.94134,800,0,266.1482,258.3803,0.1291902,0.2046279,0.3172331,0,250,0.3172331,1620.672,38.11448,58.26472,1.559519,11.53473,3.354379,39.05632,29.1721,9.884225,0,330.9121,1777.056,0,0,1.056932e-13,4.263256e-14
naive,2026-01-24 22:15:00,1913,22.25,24.36653,3089.576,213.7447,0.3606872,37.06972,0,0,2162.703,2162.386,547.5509,300.2909,847.8418,2,2.442685,0.169549,45.22955,800,0,233.3585,200,0.1,0.1626983,0.3172331,0,250,0.3172331,1614.835,34.60367,58.51224,0,0.1911382,2.466045,38.92866,29.06704,9.861626,0,329.8007,1748.407,0,5.684342e-14,7.799317e-15,4.263256e-14
naive,2026-01-24 22:30:00,1914,22.5,24.16785,3050.416,183.2441,0.2705238,35.99992,0,0,2135.292,2134.974,1085.694,455.3711,1541.065,4,193.0967,0.2999623,47.66809,800,500,0,324.9685,0.1624843,0.1259371,0.3172331,0,250,0.3172331,1049.281,36.54508,58.7212,0,0,0,38.43525,18.88705,19.54819,0,474.2582,2542.359,0,5.684342e-14,1.24345e-13,4.263256e-14
naive,2026-01-24 22:45:00,1915,22.75,24.05513,3006.944,140.516,0,37.46458,0,0,2104.861,2104.544,541.3258,297.8371,839.1629,2,0,0,39.16293,800,0,165.9249,283.4361,0.1417181,0.2046279,0.3172331,0,250,0.3172331,1563.218,30.05986,58.83975,0,0,7.404725,37.8875,28.13792,9.749574,0,327.2964,1733.936,0,-1.136868e-13,7.727152e-14,4.263256e-14
naive,2026-01-24 23:00:00,1916,23,23.9426,3004.53,119.7612,0,37.19244,0,1,2103.171,2102.854,540.8816,297.6413,838.523,2,0,0,38.52297,800,0,163.3188,242.5618,0.1212809,0.1784756,0.3172331,0,250,0.3172331,1561.972,29.60333,58.95811,0,0,7.589108,37.85708,28.1155,9.74158,0,327.1081,1732.767,0,5.684342e-14,-1.962319e-14,4.263256e-14
naive,2026-01-24 23:15:00,1917,23.25,23.73386,3035.692,118.9107,0,28.51905,1,1,2124.985,2124.667,534.8876,294.9989,829.8864,2,0,0,29.88642,800,0,152.5659,204.3822,0.1021911,0.1527376,0.3172331,0,250,0.3172331,1589.78,23.0164,59.17764,0,0,5.502649,38.24972,28.61604,9.633686,324.5907,0,582.6065,0,5.684342e-14,2.914335e-14,4.263256e-14
naive,2026-01-24 23:30:00,1918,23.5,23.58112,3060.432,127.1854,0,28.36891,1,1,2142.303,2141.985,621.6477,319.9761,941.6238,2,111.5583,6.421506,23.64396,800,0,17.39992,200,0.1,0.1286964,0.3172331,0,250,0.3172331,1520.338,18.23779,59.33829,0,0,10.13112,38.56145,27.36608,11.19537,349.1334,0,631.5112,0,-1.136868e-13,7.494005e-16,4.263256e-14
naive,2026-01-24 23:45:00,1919,23.75,23.40101,3113.764,157.2765,0,25.32496,1,1,2179.635,2179.318,1010.083,431.8551,1441.938,3,110.5744,7.657579,23.70644,800,500,0,324.9685,0.1624843,0.1259371,0.3172331,0,250,0.3172331,1169.234,18.32015,59.52772,46.70204,0,7.004813,39.23343,21.04622,18.18721,454.1355,0,921.8633,0,1.136868e-13,1.24345e-13,4.263256e-14
naive,2026-01-25 00:00:00,1920,0,23.19418,3055.503,137.113,0,19.32178,1,1,2138.852,2138.535,535.6781,295.3474,831.0255,2,0,0,31.02548,800,0,124.2107,293.8647,0.1469323,0.2046279,0.3172331,0,250,0.3172331,1602.857,24.02758,59.74525,21.0821,0,0,38.49934,28.85142,9.647916,324.1988,0,617.5508,0,-5.684342e-14,-7.904788e-14,4.263256e-14
naive,2026-01-25 00:15:00,1921,0.25,22.96596,3056.08,109.1461,0,22.228,1,1,2139.256,2138.939,532.3971,293.9009,826.298,2,0,0,26.29803,800,0,108.903,266.5927,0.1332963,0.1850423,0.3172331,0,250,0.3172331,1606.542,20.41443,59.98528,2.899909,0,1.813575,38.50661,28.91775,9.588858,323.1355,0,583.79,0,-5.684342e-14,-3.103073e-14,4.263256e-14
naive,2026-01-25 00:30:00,1922,0.5,22.72846,3057.899,101.5891,3.171224,27.31427,1,1,2140.529,2140.212,529.4551,292.604,822.0591,2,0,0,22.05905,800,0,111.4207,238.6955,0.1193478,0.1678695,0.3172331,0,250,0.3172331,1610.757,17.16574,60.23506,0,0.6087078,10.14852,38.52953,28.99362,9.535902,323.3626,0,580.0107,0,5.684342e-14,2.278733e-14,4.263256e-14
naive,2026-01-25 00:45:00,1923,0.75,22.60425,3099.696,116.6005,2.236034,25.2873,1,1,2169.787,2169.47,530.6082,293.1123,823.7205,2,0,0,23.72055,800,0,96.35827,214.5684,0.1072842,0.1503031,0.3172331,0,250,0.3172331,1638.861,18.48224,60.36571,26.4198,0,6.805059,39.05616,29.49951,9.556658,323.7925,0,625.2478,0,5.684342e-14,1.498801e-15,4.263256e-14
naive,2026-01-25 01:00:00,1924,1,22.44548,3069.198,89.39584,0,22.86005,1,1,2148.439,2148.122,562.9348,303.3165,866.2513,2,34.01968,6.002854,26.22876,800,0,58.13845,200,0.1,0.1351106,0.3172331,0,250,0.3172331,1585.187,20.46987,60.53269,0,0,2.390174,38.6719,28.53336,10.13854,332.2633,0,596.4274,0,-5.684342e-14,-9.992007e-16,4.263256e-14
naive,2026-01-25 01:15:00,1925,1.25,22.18554,3095.136,96.32383,0,18.48599,1,1,2166.595,2166.278,1003.991,429.1526,1433.144,3,110.7159,0.6522683,21.77544,800,500,0,324.9685,0.1624843,0.1259371,0.3172331,0,250,0.3172331,1162.287,17.03962,60.80608,0,0,1.446369,38.99871,20.92116,18.07755,450.3227,0,832.2385,0,1.705303e-13,1.24345e-13,4.263256e-14
naive,2026-01-25 01:30:00,1926,1.5,22.12674,3043.31,91.56558,4.393035,19.94216,1,1,2130.317,2130,528.3177,292.1025,820.4202,2,0,0,20.42021,800,0,113.0941,296.6438,0.1483219,0.2046279,0.3172331,0,250,0.3172331,1601.682,15.98874,60.86792,0,2.463268,3.953424,38.34571,28.83028,9.515429,321.6125,0,578.9978,0,5.684342e-14,3.463896e-14,4.263256e-14
naive,2026-01-25 01:45:00,1927,1.75,21.84148,3066.663,122.2245,7.306909,18.93931,1,1,2146.664,2146.347,528.9103,292.3638,821.2741,2,0,0,21.27412,800,0,85.79674,275.148,0.137574,0.1867923,0.3172331,0,250,0.3172331,1617.437,16.70589,61.16795,38.56975,5.164932,2.233423,38.63995,29.11386,9.526096,321.8596,0,650.3476,0,-5.684342e-14,-1.681988e-14,4.263256e-14
naive,2026-01-25 02:00:00,1928,2,21.62903,3035.992,132.6781,3.727914,17.50819,1,1,2125.194,2124.877,534.3179,294.7477,829.0657,2,0,0,29.06566,800,0,85.90151,253.6293,0.1268146,0.1732566,0.3172331,0,250,0.3172331,1590.559,22.87374,61.39139,47.01551,3.489006,0,38.2535,28.63006,9.623433,323.3778,0,664.8106,0,0,-2.783884e-14,4.263256e-14
naive,2026-01-25 02:15:00,1929,2.25,21.47268,3011.334,130.0207,2.251492,12.83869,1,1,2107.934,2107.617,529.966,292.8292,822.7952,2,0,0,22.79518,800,0,87.97316,231.596,0.115798,0.1597066,0.3172331,0,250,0.3172331,1577.651,17.96758,61.55583,42.04754,2.251492,0,37.94281,28.39771,9.545098,321.2269,0,649.6193,0,-5.684342e-14,3.055889e-14,4.263256e-14
naive,2026-01-25 02:30:00,1930,2.5,21.0668,3026.405,115.7237,5.737214,17.50597,1,1,2118.483,2118.166,529.9529,292.8234,822.7763,2,0,0,22.77635,800,0,92.96441,208.3185,0.1041592,0.1458326,0.3172331,0,250,0.3172331,1588.213,18.0267,61.98271,22.76989,5.726627,0,38.1327,28.58784,9.544863,321.4113,0,622.2485,0,5.684342e-14,-2.203793e-14,4.263256e-14
naive,2026-01-25 02:45:00,1931,2.75,20.86903,3018.715,116.2846,4.21614,14.75656,1,1,2113.1,2112.783,576.2243,305.8674,882.0917,2,61.82563,1.405415,18.86068,800,0,33.14276,200,0.1,0.1311751,0.3172331,0,250,0.3172331,1536.559,14.95742,62.19071,21.31619,2.810725,0,38.03581,27.65806,10.37775,333.5255,0,638.7053,0,0,-2.220446e-16,4.263256e-14
naive,2026-01-25 03:00:00,1932,3,20.83993,3030.667,112.3597,8.657638,13.79843,1,1,2121.467,2121.15,991.5513,425.5216,1417.073,3,95.13831,0.9828855,20.95167,800,500,0,324.9685,0.1624843,0.1259371,0.3172331,0,250,0.3172331,1129.598,16.62055,62.22132,17.22143,7.674752,0,38.1864,20.33277,17.85363,445.8544,0,864.6556,0,-5.684342e-14,1.24345e-13,4.263256e-14
naive,2026-01-25 03:15:00,1933,3.25,20.81575,3031.346,136.5588,1.654611,14.487,1,1,2121.942,2121.625,524.1462,290.2635,814.4097,2,0,0,14.40967,800,0,96.50327,300.7915,0.1503958,0.2046279,0.3172331,0,250,0.3172331,1597.479,11.4337,62.24676,40.30222,1.407934,3.053308,38.19496,28.75462,9.440341,319.5304,0,640.9832,0,0,6.306067e-14,4.263256e-14
naive,2026-01-25 03:30:00,1934,3.5,20.54715,3015.785,142.903,3.462028,19.01911,1,1,2111.05,2110.733,523.8924,290.1516,814.044,2,0,0,14.04398,800,0,93.11939,277.4643,0.1387322,0.189404,0.3172331,0,250,0.3172331,1586.84,11.17371,62.52925,49.86709,3.378555,7.845397,37.9989,28.56312,9.435773,320.0245,0,661.5524,0,-5.684342e-14,5.709322e-14,4.263256e-14
naive,2026-01-25 03:45:00,1935,3.75,20.3401,3043.967,159.5204,3.14815,14.58357,1,1,2130.777,2130.46,525.1072,290.6872,815.7943,2,0,0,15.79433,800,0,122.7558,246.7317,0.1233659,0.1747152,0.3172331,0,250,0.3172331,1605.352,12.59249,62.74702,38.33413,1.578597,1.99108,38.35398,28.89634,9.457639,319.9147,0,638.0884,0,0,-7.133183e-15,4.263256e-14
naive,2026-01-25 04:00:00,1936,4,20.11664,3041.306,149.5598,0,13.78632,1,1,2128.914,2128.597,527.8408,291.8923,819.7332,2,0,0,19.73316,800,0,127.087,214.9211,0.1074606,0.1553633,0.3172331,0,250,0.3172331,1600.756,15.76812,62.98204,22.8415,0,0,38.32046,28.81361,9.506845,320.7059,0,609.9587,0,0,3.397282e-14,4.263256e-14
naive,2026-01-25 04:15:00,1937,4.25,20.01574,3029.648,179.6727,0,11.05394,1,1,2120.754,2120.436,608.0401,315.4694,923.5095,2,99.01459,0.8185686,23.67637,800,0,59.54916,200,0.1,0.1353327,0.3172331,0,250,0.3172331,1512.396,18.93811,63.08816,21.10896,0,0,38.17357,27.22313,10.95043,342.6925,0,650.8239,0,0,8.049117e-16,4.263256e-14
naive,2026-01-25 04:30:00,1938,4.5,19.95116,3021.109,208.521,0,12.65331,1,1,2114.776,2114.459,1065.461,446.4146,1511.875,4,193.4067,0.7826667,17.68598,800,500,0,324.9685,0.1624843,0.1259371,0.3172331,0,250,0.3172331,1048.998,14.14878,63.15608,15.1143,0,0,38.06597,18.88196,19.184,465.2966,0,885.6147,0,5.684342e-14,1.24345e-13,4.263256e-14
naive,2026-01-25 04:45:00,1939,4.75,19.70673,2986.345,269.0535,0,14.73148,1,1,2090.441,2090.124,527.1407,291.5837,818.7244,2,0,0,18.72442,800,0,233.6533,266.504,0.133252,0.2046279,0.3172331,0,250,0.3172331,1562.983,14.97954,63.41316,36.36259,0,0,37.62794,28.1337,9.494244,319.7174,0,630.8204,0,5.684342e-14,-3.641532e-14,4.263256e-14
naive,2026-01-25 05:00:00,1940,5,19.72269,2974.427,296.7374,0,11.26035,1,1,2082.099,2081.782,551.5445,298.4334,849.9778,2,32.85719,3.251172,13.86947,800,0,265.8483,200,0.1,0.1678137,0.3172331,0,250,0.3172331,1530.237,11.09558,63.39638,0,0,0.164767,37.47778,27.54427,9.933511,326.0047,0,580.6886,0,5.684342e-14,6.550316e-15,4.263256e-14
naive,2026-01-25 05:15:00,1941,5.25,19.72143,3007.09,360.0106,0,7.054938,1,1,2104.963,2104.646,1188.373,481.6619,1670.035,4,352.6074,4.43912,12.98813,800,500,0,324.9685,0.1624843,0.1259371,0.3172331,0,250,0.3172331,916.2729,10.3905,63.3977,7.403157,0,0,37.88933,16.49291,21.39642,498.1548,0,937.7577,0,-5.684342e-14,1.24345e-13,4.263256e-14
naive,2026-01-25 05:30:00,1942,5.5,19.71644,3032.464,436.1287,1.470304,12.29311,1,1,2122.724,2122.407,522.7728,289.6581,812.4309,2,0,0,12.43089,800,0,438.9581,215.1778,0.1075889,0.2046279,0.3172331,0,250,0.3172331,1599.634,9.944711,63.40294,0,0,2.348396,38.20904,28.79342,9.415621,318.8377,0,566.347,0,5.684342e-14,-7.993606e-15,4.263256e-14
naive,2026-01-25 05:45:00,1943,5.75,19.65034,3046.306,503.8078,2.647457,6.559471,1,1,2132.414,2132.097,892.0068,397.5716,1289.578,3,461.192,9.445379,18.94101,800,0,60.57589,200,0.1,0.1354943,0.3172331,0,250,0.3172331,1240.09,15.15281,63.47246,0,0,0,38.38346,22.32163,16.06183,419.8932,0,768.3799,0,0,-3.413936e-15,4.263256e-14
naive,2026-01-25 06:00:00,1944,6,19.66233,3095.489,614.0617,1.496329,13.16588,1,1,2166.842,2166.525,1379.651,537.0971,1916.748,4,595.4627,6.094302,15.19134,800,500,0,324.9685,0.1624843,0.1259371,0.3172331,0,250,0.3172331,786.8737,12.15308,63.45986,18.59896,0,1.012804,39.00316,14.16373,24.83943,551.4272,0,1063.545,0,0,1.24345e-13,4.263256e-14
naive,2026-01-25 06:15:00,1945,6.25,19.48692,3104.877,670.011,8.76555,12.62753,1,1,2173.414,2173.097,662.1025,329.6329,991.7354,2,180.3015,1.47733,9.956566,800,0,499.6694,200,0.1,0.2046279,0.3172331,0,250,0.3172331,1510.994,7.965252,63.64434,0,7.288221,4.662276,39.12145,27.1979,11.92355,357.5943,0,656.161,0,-5.684342e-14,-7.993606e-15,4.263256e-14
naive,2026-01-25 06:30:00,1946,6.5,19.58451,3115.375,725.2064,5.574773,20.84389,1,1,2180.763,2180.446,1449.827,550.1731,2000,4,720.2347,2.579826,17.97449,759.211,500,0,324.9685,0.1624843,0.1259371,0.3172331,0,250,0.3172331,730.6186,14.3796,60.30195,4.971732,2.994948,6.464294,39.25373,13.15114,26.10259,564.3847,0,1074.672,0,1.136868e-13,1.24345e-13,4.263256e-14
naive,2026-01-25 06:45:00,1947,6.75,19.69332,3139.578,757.6906,1.066312,15.11434,1,1,2197.705,2197.388,734.772,351.6346,1086.407,3,264.6551,0.3203269,21.43129,800,0,499.6694,200,0.1,0.2046279,0.3172331,0,250,0.3172331,1462.616,17.14504,63.42726,0,0.7459852,0,39.55869,26.32708,13.23161,377.9617,0,685.8546,0,0,-7.993606e-15,4.263256e-14
naive,2026-01-25 07:00:00,1948,7,19.77549,3157.219,764.371,2.591669,20.20867,1,1,2210.053,2209.736,1458.584,541.4161,2000,4,784.1577,0.562445,23.822,691.4578,500,0,324.9685,0.1624843,0.1259371,0.3172331,0,250,0.3172331,751.1519,19.0576,54.7469,0,2.029224,1.151067,39.78095,13.52073,26.26022,555.1263,0,1052.163,0,0,1.24345e-13,4.263256e-14
naive,2026-01-25 07:15:00,1949,7.25,19.73522,3194.817,766.5675,6.351394,18.19674,1,1,2236.372,2236.055,748.9608,356.7163,1105.677,3,274.5191,1.532346,29.62567,800,0,499.6694,200,0.1,0.2046279,0.3172331,0,250,0.3172331,1487.094,23.70054,63.38319,0,4.819048,0,40.2547,26.76769,13.487,383.484,0,703.9748,0,5.684342e-14,-7.993606e-15,4.263256e-14
naive,2026-01-25 07:30:00,1950,7.5,20.02162,3186.403,727.3557,7.845033,10.69226,1,1,2230.482,2230.165,1451.961,548.0386,2000,4,728.723,4.306904,35.67691,731.2932,500,0,324.9685,0.1624843,0.1259371,0.3172331,0,250,0.3172331,778.2038,28.53536,57.66427,0,3.53813,0,40.14868,14.00767,26.14102,562.0463,0,1065.323,0,2.273737e-13,1.24345e-13,4.263256e-14
naive,2026-01-25 07:45:00,1951,7.75,20.30013,3198.543,689.1403,8.085636,18.96776,1,1,2238.98,2238.663,673.9852,335.8701,1009.855,3,171.9068,4.292583,33.65585,800,0,499.6694,200,0.1,0.2046279,0.3172331,0,250,0.3172331,1564.677,26.84387,62.78905,17.56404,3.793054,0,40.30164,28.16419,12.13744,364.0343,0,694.2718,0,5.684342e-14,-7.993606e-15,4.263256e-14
naive,2026-01-25 08:00:00,1952,8,20.20789,3209.665,615.3161,7.090565,30.81919,1,1,2246.766,2246.448,1449.327,550.6729,2000,4,607.7278,267.3266,36.8809,588.0647,500,0,324.9685,0.1624843,0.1259371,0.3172331,0,250,0.3172331,797.1213,29.44339,46.22635,7.588357,0,1.375808,40.44178,14.34818,26.0936,565.2493,0,1091.584,0,0,1.24345e-13,4.263256e-14
naive,2026-01-25 08:15:00,1953,8.25,20.42092,3213.542,542.2226,8.754072,34.41603,1,1,2249.479,2249.162,744.2559,384.2782,1128.534,3,25.39109,270.096,33.04694,800,0,499.6694,200,0.1,0.2046279,0.3172331,0,250,0.3172331,1504.906,26.32627,62.66201,17.16205,0,8.089757,40.49063,27.08831,13.40232,412.714,0,784.5377,0,5.684342e-14,-7.993606e-15,4.263256e-14
naive,2026-01-25 08:30:00,1954,8.5,20.61109,3226.874,450.9363,5.702512,27.58612,1,1,2258.812,2258.494,1427.535,572.4655,2000,4,441.8763,275.7991,36.53691,745.7876,500,0,324.9685,0.1624843,0.1259371,0.3172331,0,250,0.3172331,830.9599,29.05091,58.22924,9.059962,0,0,40.65861,14.95728,25.70133,587.4228,0,1124.966,0,0,1.24345e-13,4.263256e-14
naive,2026-01-25 08:45:00,1955,8.75,20.46649,3266.154,376.2091,0,29.25372,1,1,2286.308,2285.99,648.4724,345.0726,993.545,2,0,150.2642,43.28081,800,0,499.6694,200,0.1,0.2046279,0.3172331,0,250,0.3172331,1637.518,34.46313,62.61409,5.392819,0,0,41.15354,29.47532,11.67821,374.5479,0,687.9576,0,0,-7.993606e-15,4.263256e-14
naive,2026-01-25 09:00:00,1956,9,20.72759,3315.607,291.7456,0,40.30877,1,1,2320.925,2320.608,1367.011,566.3707,1933.381,4,302.5352,284.0552,46.79086,800,500,0,324.9685,0.1624843,0.1259371,0.3172331,0,250,0.3172331,953.5974,37.16033,62.33947,0,0,3.148439,41.77665,17.16475,24.6119,584.0629,0,1097.994,0,0,1.24345e-13,4.263256e-14
naive,2026-01-25 09:15:00,1957,9.25,21.0134,3322.913,226.5591,0,45.25569,1,1,2326.039,2325.722,566.0741,308.7474,874.8216,2,0,21.66318,53.15838,800,0,499.6694,200,0.1,0.2046279,0.3172331,0,250,0.3172331,1759.648,42.09574,62.03887,0,0,3.159949,41.86871,31.67366,10.19504,340.9532,0,612.1127,0,5.684342e-14,-7.993606e-15,4.263256e-14
naive,2026-01-25 09:30:00,1958,9.5,21.31494,3332.123,186.1884,0,45.40218,1,1,2332.486,2332.169,1296.818,547.557,1844.375,4,200.5621,285.0448,58.76791,800,500,0,324.9685,0.1624843,0.1259371,0.3172331,0,250,0.3172331,1035.351,46.39612,61.72173,0,0,0,41.98476,18.63632,23.34843,566.1933,0,1062.95,0,0,1.24345e-13,4.263256e-14
naive,2026-01-25 09:45:00,1959,9.75,21.55147,3349.213,157.5698,0,43.37582,1,1,2344.449,2344.132,558.8464,305.5611,864.4075,2,0,0,64.4075,800,0,447.0009,213.1671,0.1065836,0.2046279,0.3172331,0,250,0.3172331,1785.285,50.72659,61.47296,0,0,0,42.20008,32.13513,10.06495,337.6962,0,606.2354,0,-1.136868e-13,-7.993606e-15,4.263256e-14
naive,2026-01-25 10:00:00,1960,10,21.6911,3387.869,148.3598,1.745866,51.7457,1,1,2371.509,2371.191,823.718,413.6757,1237.394,3,72.74548,294.1945,70.45375,800,0,52.53436,200,0.1,0.1342282,0.3172331,0,250,0.3172331,1547.473,55.40985,61.32611,23.07994,0,0,42.68715,27.85452,14.83263,441.5303,0,853.8816,0,-1.136868e-13,-2.137179e-15,4.263256e-14
naive,2026-01-25 10:15:00,1961,10.25,21.85523,3409.662,133.1486,0,52.96903,1,1,2386.763,2386.446,1252.051,537.4326,1789.483,4,119.7678,295.6559,74.05956,800,500,0,324.9685,0.1624843,0.1259371,0.3172331,0,250,0.3172331,1134.395,58.14847,61.15348,13.38081,0,0,42.96174,20.41912,22.54262,557.8517,0,1069.988,0,0,1.24345e-13,4.263256e-14
naive,2026-01-25 10:30:00,1962,10.5,22.15471,3455.879,116.0081,0.3164993,66.79074,1,1,2419.115,2418.798,573.3131,311.9387,885.2518,2,0,0,85.25183,800,0,408.8441,222.7063,0.1113532,0.2046279,0.3172331,0,250,0.3172331,1845.485,66.73192,60.83851,0,0,0.05882336,43.54407,33.21872,10.32535,345.1676,0,621.8918,0,0,-7.993606e-15,4.263256e-14
naive,2026-01-25 10:45:00,1963,10.75,22.54045,3501.593,117.7242,7.015532,73.18269,1,1,2451.115,2450.798,798.8309,409.5652,1208.396,3,15.07058,296.2715,97.05401,800,0,90.68513,200,0.1,0.1402349,0.3172331,0,250,0.3172331,1651.967,75.67073,60.43281,11.96848,0,0,44.12007,29.73541,14.38467,439.3006,0,831.26,0,1.136868e-13,1.19349e-15,4.263256e-14
naive,2026-01-25 11:00:00,1964,11,22.71634,3523.418,88.37701,4.341712,77.15143,1,1,2466.393,2466.075,1259.883,544.0052,1803.888,4,93.54337,295.6001,114.7448,800,500,0,324.9685,0.1624843,0.1259371,0.3172331,0,250,0.3172331,1206.192,89.30236,60.24782,0,0,0,44.39507,21.71146,22.68361,565.7166,0,1063.654,0,0,1.24345e-13,4.263256e-14
naive,2026-01-25 11:15:00,1965,11.25,22.92165,3501.43,59.65758,3.314468,85.03988,1,1,2451.001,2450.684,597.2958,322.5114,919.8072,2,0,0,119.8072,800,0,376.5853,230.771,0.1153855,0.2046279,0.3172331,0,250,0.3172331,1853.388,93.04548,60.03189,0,0,0,44.11802,33.36099,10.75703,355.8724,0,644.209,0,5.684342e-14,-7.993606e-15,4.263256e-14
naive,2026-01-25 11:30:00,1966,11.5,23.25187,3491.399,68.56806,0,97.23119,1,1,2443.98,2443.662,782.2101,404.0308,1186.241,3,0,261.9855,124.2554,800,0,122.9389,200,0.1,0.1453131,0.3172331,0,250,0.3172331,1661.452,96.17181,59.68457,0,0,1.059383,43.99163,29.90614,14.08549,434.123,0,801.1009,0,5.684342e-14,-1.609823e-15,4.263256e-14
naive,2026-01-25 11:45:00,1967,11.75,23.21968,3484.875,88.46784,0,108.5278,1,1,2439.412,2439.095,1260.813,546.3682,1807.181,4,77.12409,299.2238,130.833,800,500,0,324.9685,0.1624843,0.1259371,0.3172331,0,250,0.3172331,1178.283,101.2965,59.71843,11.34375,0,7.231315,43.90942,21.20909,22.70034,568.8469,0,1090.078,0,0,1.24345e-13,4.263256e-14
naive,2026-01-25 12:00:00,1968,12,23.51972,3479.451,84.04793,0,114.8774,1,1,2435.615,2435.298,614.8233,330.2385,945.0618,2,0,0,145.0618,800,0,386.4997,228.2924,0.1141462,0.2046279,0.3172331,0,250,0.3172331,1820.475,111.9648,59.40287,0,0,2.912556,43.84108,32.76855,11.07253,363.5213,0,660.2145,0,0,4.884981e-14,4.263256e-14
naive,2026-01-25 12:15:00,1969,12.25,23.73089,3512.335,96.01537,0,122.4303,1,1,2458.635,2458.318,802.4654,412.9603,1215.426,3,0,256.3015,159.1242,800,0,113.0259,200,0.1,0.1437524,0.3172331,0,250,0.3172331,1655.852,122.55,59.18076,24.0841,0,0,44.25543,29.80534,14.45009,442.7656,0,860.498,0,0,1.19349e-15,4.263256e-14
naive,2026-01-25 12:30:00,1970,12.5,23.69091,3499.698,107.307,0,138.2142,1,1,2449.788,2449.471,1281.747,556.9133,1838.661,4,66.06054,296.2388,176.3615,800,500,0,324.9685,0.1624843,0.1259371,0.3172331,0,250,0.3172331,1167.724,135.8817,59.22281,41.24645,0,2.332564,44.09619,21.01903,23.07716,578.3457,0,1161.216,0,2.273737e-13,1.24345e-13,4.263256e-14
naive,2026-01-25 12:45:00,1971,12.75,24.02631,3518.479,108.5235,0.4345209,146.1781,1,1,2462.935,2462.618,643.4468,342.8571,986.3039,2,0,0,186.3039,800,0,387.3551,228.0786,0.1140393,0.2046279,0.3172331,0,250,0.3172331,1819.171,143.0422,58.87006,18.62083,0,3.135952,44.33283,32.74508,11.58775,376.1614,0,718.215,0,0,-6.483702e-14,4.263256e-14
naive,2026-01-25 13:00:00,1972,13,24.14183,3511.314,145.6151,7.09641,145.5724,1,1,2457.92,2457.603,849.6027,433.7407,1283.343,3,0,283.097,200.2465,800,0,112.1707,200,0.1,0.1436177,0.3172331,0,250,0.3172331,1608,153.5621,58.74856,49.89237,0,0,44.24256,28.944,15.29856,462.6847,0,945.3417,0,5.684342e-14,-5.939693e-15,4.263256e-14
naive,2026-01-25 13:15:00,1973,13.25,24.46914,3494.348,132.1238,5.268184,153.1023,1,1,2446.043,2445.726,1342.621,578.4694,1921.09,4,110.4439,298.0584,212.5877,800,500,0,324.9685,0.1624843,0.1259371,0.3172331,0,250,0.3172331,1103.106,162.4695,58.40431,21.67995,0,0,44.02878,19.8559,24.17288,598.3253,0,1168.344,0,-1.136868e-13,1.24345e-13,4.263256e-14
naive,2026-01-25 13:30:00,1974,13.5,24.86209,3531.467,127.6244,8.340012,162.1734,1,1,2472.027,2471.709,667.329,353.3855,1020.714,3,0,0,220.7145,800,0,392.1041,226.8913,0.1134457,0.2046279,0.3172331,0,250,0.3172331,1804.38,167.9865,57.99104,32.89659,0,0,44.49648,32.47885,12.01763,385.8644,0,763.2354,0,-5.684342e-14,-7.993606e-15,4.263256e-14
naive,2026-01-25 13:45:00,1975,13.75,24.91291,3495.599,114.446,0,160.1389,1,1,2446.92,2446.602,870.9721,443.1614,1314.133,3,0,278.5417,235.5918,800,0,107.4225,200,0.1,0.1428701,0.3172331,0,250,0.3172331,1575.63,179.2139,57.93758,26.3888,0,0,44.04455,28.36134,15.68321,471.5227,0,923.3864,0,1.705303e-13,3.552714e-15,4.263256e-14
naive,2026-01-25 14:00:00,1976,14,24.96351,3533.697,125.1771,0,160.0202,1,1,2473.588,2473.271,1348.952,583.4665,1932.419,4,91.90113,299.0067,241.5108,800,500,0,324.9685,0.1624843,0.1259371,0.3172331,0,250,0.3172331,1124.319,183.6187,57.88436,33.27601,0,0,44.52458,20.23773,24.28685,603.7042,0,1199.69,0,0,1.24345e-13,4.263256e-14
naive,2026-01-25 14:15:00,1977,14.25,25.15726,3495.394,116.4807,0,171.8394,1,1,2446.776,2446.459,691.727,364.1414,1055.868,3,0,0,255.8684,800,0,405.3715,223.5745,0.1117872,0.2046279,0.3172331,0,250,0.3172331,1754.732,194.138,57.68059,12.51617,0,0,446.272,320.0487,126.2232,684.1901,0,1325.08,0,-5.684342e-14,-7.993606e-15,4.263256e-14
naive,2026-01-25 14:30:00,1978,14.5,25.12092,3509.181,103.4592,0,172.6249,1,1,2456.427,2456.109,905.1071,457.7295,1362.837,3,4.037205,298.3698,260.4296,800,0,94.15712,200,0.1,0.1407816,0.3172331,0,250,0.3172331,1551.002,197.6746,57.71881,5.264916,0,0,447.7058,282.6841,165.0217,740.4136,0,1424.975,0,-5.684342e-14,3.053113e-15,4.263256e-14
naive,2026-01-25 14:45:00,1979,14.75,25.3909,3512.297,101.8291,0,175.0199,1,1,2458.608,2458.291,1374.839,593.6869,1968.526,4,101.9219,296.6795,269.9249,800,500,0,324.9685,0.1624843,0.1259371,0.3172331,0,250,0.3172331,1083.451,204.2988,57.43486,0,0,0,450.5419,198.5433,251.9986,792.2302,0,1519.846,0,0,1.24345e-13,4.263256e-14
naive,2026-01-25 15:00:00,1980,15,25.57931,3512.181,94.94084,0,179.7249,1,1,2458.527,2458.209,706.097,370.4764,1076.573,3,0,0,276.5734,800,0,400.3479,224.8304,0.1124152,0.2046279,0.3172331,0,250,0.3172331,1752.112,208.914,57.2367,0,0,0,452.2447,322.3002,129.9445,692.7765,0,1321.162,0,-1.136868e-13,4.884981e-14,4.263256e-14
naive,2026-01-25 15:15:00,1981,15.25,25.85582,3500.647,107.045,0,180.1531,1,1,2450.453,2450.135,926.7879,465.7797,1392.568,3,16.71199,297.9776,277.8781,800,0,99.17992,200,0.1,0.1415724,0.3172331,0,250,0.3172331,1523.347,209.2848,56.94589,0,0,0,453.2956,281.7956,171.5,747.5753,0,1431.086,0,5.684342e-14,-6.411538e-15,4.263256e-14
naive,2026-01-25 15:30:00,1982,15.5,25.76181,3474.112,120.318,0,179.9362,1,1,2431.878,2431.561,1393.106,599.5944,1992.701,4,119.957,296.2631,276.4807,800,500,0,324.9685,0.1624843,0.1259371,0.3172331,0,250,0.3172331,1038.455,208.4403,57.04475,0.3610296,0,0,449.0008,191.7312,257.2696,791.3256,0,1519.099,0,0,1.24345e-13,4.263256e-14
naive,2026-01-25 15:45:00,1983,15.75,25.91549,3459.702,134.6539,0,165.8464,1,1,2421.791,2421.474,705.2286,370.0936,1075.322,3,0,0,275.3222,800,0,418.8046,220.2162,0.1101081,0.2046279,0.3172331,0,250,0.3172331,1716.245,207.2284,56.88313,10.91059,0,0,448.5383,317.8646,130.6737,687.9582,0,1330.744,0,0,-7.993606e-15,4.263256e-14
naive,2026-01-25 16:00:00,1984,16,26.08825,3484.497,146.6579,0,168.2189,1,1,2439.148,2438.83,941.074,468.0689,1409.143,3,50.41065,289.1812,269.5511,800,0,80.72616,200,0.1,0.1386669,0.3172331,0,250,0.3172331,1497.756,202.5121,56.70143,15.52114,0,0,453.3485,278.3782,174.9703,746.4472,0,1455.879,0,5.684342e-14,2.525757e-15,4.263256e-14
naive,2026-01-25 16:15:00,1985,16.25,25.95989,3491.075,153.2511,2.463545,165.2998,1,1,2443.752,2443.435,1402.586,597.4138,2000,4,164.0609,287.2436,263.7409,784.9545,500,0,324.9685,0.1624843,0.1259371,0.3172331,0,250,0.3172331,1040.849,198.4178,55.76751,0,0,0,453.0155,192.9494,260.0661,790.3632,0,1517.988,0,-1.136868e-13,1.24345e-13,4.263256e-14
naive,2026-01-25 16:30:00,1986,16.5,26.16107,3524.002,190.6816,0,164.1867,1,1,2466.802,2466.484,690.4326,363.5707,1054.003,3,0,0,254.0033,800,0,472.0129,206.9141,0.1034571,0.2046279,0.3172331,0,250,0.3172331,1776.052,190.6832,56.62484,0,0,0,459.172,330.5954,128.5766,694.1661,0,1324.629,0,0,-7.993606e-15,4.263256e-14
naive,2026-01-25 16:45:00,1987,16.75,26.05848,3519.859,224.3242,0,166.4574,1,1,2463.901,2463.584,1016.893,484.6024,1501.496,4,192.4048,272.2647,236.8262,800,0,27.52628,200,0.1,0.1302908,0.3172331,0,250,0.3172331,1446.691,177.9825,56.73274,4.393171,0,0,457.6707,268.7234,188.9473,753.3258,0,1450.406,0,0,-6.938894e-16,4.263256e-14
naive,2026-01-25 17:00:00,1988,17,26.14098,3500.013,250.1788,0,156.0901,1,1,2450.009,2449.692,1414.558,585.4415,2000,4,269.1831,273.7714,236.218,720.8275,500,0,324.9685,0.1624843,0.1259371,0.3172331,0,250,0.3172331,1035.133,177.3695,51.03996,0,0,0,455.8587,192.6012,263.2576,778.0427,0,1498.665,0,0,1.24345e-13,4.263256e-14
naive,2026-01-25 17:15:00,1989,17.25,26.0185,3470.768,301.3343,0,148.5784,1,1,2429.538,2429.221,733.5988,382.6005,1116.199,3,0,89.27881,226.9205,800,0,499.6694,200,0.1,0.2046279,0.3172331,0,250,0.3172331,1695.622,170.6106,56.77478,0,0,0,450.9194,314.7054,136.214,697.3059,0,1330.74,0,1.136868e-13,-7.993606e-15,4.263256e-14
naive,2026-01-25 17:30:00,1990,17.5,26.14969,3434.676,363.3336,0,144.9377,1,1,2404.273,2403.956,1428.903,571.0966,2000,4,384.0178,269.8106,220.0605,626.1111,500,0,324.9685,0.1624843,0.1259371,0.3172331,0,250,0.3172331,975.0524,165.222,44.32617,0,0,0,447.4287,181.4546,265.9741,752.5512,0,1455.235,0,1.136868e-13,1.24345e-13,4.263256e-14
naive,2026-01-25 17:45:00,1991,17.75,26.3803,3439.334,432.99,0,146.2948,1,1,2407.534,2407.217,816.3163,419.0665,1235.383,3,0,230.4792,204.9035,800,0,499.6694,200,0.1,0.2046279,0.3172331,0,250,0.3172331,1590.901,153.4641,56.39426,0,0,0,450.1606,297.4665,152.6941,716.533,0,1369.622,0,-5.684342e-14,-7.993606e-15,4.263256e-14
naive,2026-01-25 18:00:00,1992,18,26.3845,3397.674,490.0371,0,138.4896,1,1,2378.372,2378.054,1431.011,568.9888,2000,4,510.986,5.294066,194.5249,789.195,500,0,324.9685,0.1624843,0.1259371,0.3172331,0,250,0.3172331,947.0432,145.6844,55.62823,0,0,0,444.7462,177.0934,267.6528,746.0822,0,1429.583,0,1.136868e-13,1.24345e-13,4.263256e-14
naive,2026-01-25 18:15:00,1993,18.25,26.36998,3361.851,554.625,0,129.2213,1,1,2353.296,2352.979,692.009,356.6765,1048.686,3,63.79637,2.823055,182.0661,800,0,499.6694,200,0.1,0.2046279,0.3172331,0,250,0.3172331,1660.969,136.3749,56.40512,0,0,0,439.9257,310.5021,129.4236,667.1786,0,1270.901,0,-1.136868e-13,-7.993606e-15,4.263256e-14
naive,2026-01-25 18:30:00,1994,18.5,26.50131,3321.039,596.9501,0,125.4136,1,1,2324.728,2324.41,1443.679,556.321,2000,4,617.6539,0.9173593,167.4203,714.0085,500,0,324.9685,0.1624843,0.1259371,0.3172331,0,250,0.3172331,880.7313,125.2287,50.21889,0,0,0.1849557,435.762,165.09,270.672,721.4457,0,1386.395,0,1.136868e-13,1.24345e-13,4.263256e-14
naive,2026-01-25 18:45:00,1995,18.75,26.39438,3313.772,623.2169,0,110.4862,1,1,2319.64,2319.323,747.3154,369.4497,1116.765,3,161.3814,0.06813331,155.3155,800,0,499.6694,200,0.1,0.2046279,0.3172331,0,250,0.3172331,1572.008,116.3073,56.37945,0,0,0,433.8519,294.0191,139.8328,663.4688,0,1263.511,0,0,-7.993606e-15,4.263256e-14
naive,2026-01-25 19:00:00,1996,19,26.33711,3370.145,664.232,1.693738,101.3085,1,0,2359.101,2358.784,1454.318,545.6815,2000,4,704.6642,1.270862,147.3497,646.7153,500,0,324.9685,0.1624843,0.1259371,0.3172331,0,250,0.3172331,904.4658,110.4096,45.62551,0,0.422876,0,440.7132,168.9669,271.7463,714.6484,0,1378.698,0,0,1.24345e-13,4.263256e-14
naive,2026-01-25 19:15:00,1997,19.25,26.36339,3325.592,694.1204,0,95.86856,0,0,2327.915,2327.597,789.1839,380.1176,1169.302,3,226.864,1.527217,140.9103,800,0,499.6694,200,0.1,0.2046279,0.3172331,0,250,0.3172331,1538.414,105.5549,56.41205,0,0,0,435.122,287.5525,147.5695,0,667.6701,3608.722,0,0,-7.993606e-15,4.263256e-14
naive,2026-01-25 19:30:00,1998,19.5,26.32456,3253.011,695.0256,0,85.13812,0,0,2277.107,2276.79,1455.894,544.1055,2000,4,722.2126,0.4077799,133.1409,644.2387,500,0,324.9685,0.1624843,0.1259371,0.3172331,0,250,0.3172331,820.8958,99.77628,45.46142,0,0,0,425.2858,153.3153,271.9706,0,697.4208,3784.67,0,0,1.24345e-13,4.263256e-14
naive,2026-01-25 19:45:00,1999,19.75,26.41791,3215.739,685.9007,0,83.47446,0,0,2251.017,2250.7,765.9809,371.6219,1137.603,3,212.2934,1.020131,124.2893,800,0,499.6694,200,0.1,0.2046279,0.3172331,0,250,0.3172331,1484.719,93.05005,56.3547,0,0,0,421.2209,277.8276,143.3933,0,649.4495,3508.573,0,0,-7.993606e-15,4.263256e-14
naive,2026-01-25 20:00:00,2000,20,26.44852,3221.909,672.7416,0,78.40552,0,0,2255.336,2255.019,1451.407,548.5932,2000,4,693.2527,5.007073,116.6739,685.0663,500,0,324.9685,0.1624843,0.1259371,0.3172331,0,250,0.3172331,803.6119,87.32016,48.23082,0,0,0,422.2952,150.4705,271.8247,0,699.0636,3790.59,0,0,1.24345e-13,4.263256e-14
naive,2026-01-25 20:15:00,2001,20.25,26.55735,3194.106,650.2385,0,74.05444,0,0,2235.874,2235.557,707.6527,353.107,1060.76,3,151.7768,2.705082,106.2778,800,0,499.6694,200,0.1,0.2046279,0.3172331,0,250,0.3172331,1527.905,79.44704,56.20805,0,0,0,419.5916,286.7316,132.86,0,639.8386,3455.878,0,0,-7.993606e-15,4.263256e-14
naive,2026-01-25 20:30:00,2002,20.5,26.40588,3166.575,630.5636,0,70.77908,0,0,2216.602,2216.285,1439.123,560.8771,2000,4,606.5725,7.324753,101.1894,784.9134,500,0,324.9685,0.1624843,0.1259371,0.3172331,0,250,0.3172331,777.1621,75.76584,55.30437,23.99118,0,0,414.6783,145.3902,269.2881,0,706.2674,3863.638,0,2.273737e-13,1.24345e-13,4.263256e-14
naive,2026-01-25 20:45:00,2003,20.75,26.38868,3171.391,546.7138,0,62.71325,0,0,2219.974,2219.656,620.289,327.2162,947.5051,2,45.66138,11.45969,90.38406,800,0,499.6694,200,0.1,0.2046279,0.3172331,0,250,0.3172331,1599.367,67.68777,56.38545,1.383023,0,0,415.1621,299.1012,116.0609,0,626.3173,3383.697,0,0,-7.993606e-15,4.263256e-14
naive,2026-01-25 21:00:00,2004,21,26.11442,3154.048,486.4585,0.01012016,53.6601,0,0,2207.834,2207.516,1326.425,529.0787,1855.503,4,465.6142,7.084869,82.80427,800,500,0,324.9685,0.1624843,0.1259371,0.3172331,0,250,0.3172331,881.0919,62.19302,56.6739,20.84432,0,0,410.5753,163.8505,246.7249,0,692.9292,3783.309,0,0,1.24345e-13,4.263256e-14
naive,2026-01-25 21:15:00,2005,21.25,26.05155,3119.047,415.1819,0,58.18115,0,0,2183.333,2183.016,565.0879,308.3126,873.4005,2,0,0,73.40048,800,0,420.8297,219.7099,0.109855,0.2046279,0.3172331,0,250,0.3172331,1617.928,55.16689,56.74002,0,0,3.014257,405.4976,300.4883,105.0094,0,609.3607,3287.651,0,5.684342e-14,4.884981e-14,4.263256e-14
naive,2026-01-25 21:30:00,2006,21.5,26.08687,3121.604,358.7206,0.5884904,53.80199,0,0,2185.123,2184.805,790.4336,373.7628,1164.196,3,284.9162,8.355376,70.92482,800,0,78.70136,200,0.1,0.1383481,0.3172331,0,250,0.3172331,1394.372,53.28617,56.70287,0,0,0.5158231,406.1231,259.1555,146.9676,0,633.0142,3417.787,0,-1.136868e-13,3.497203e-15,4.263256e-14
naive,2026-01-25 21:45:00,2007,21.75,26.18737,3086.894,289.6399,0.3012345,51.51596,0,0,2160.826,2160.509,1192.774,487.4519,1680.226,4,320.2461,5.856053,54.12383,800,500,0,324.9685,0.1624843,0.1259371,0.3172331,0,250,0.3172331,967.7346,40.61999,56.59717,0,0,10.89597,402.4343,180.2318,222.2024,0,669.713,3619.75,0,-5.684342e-14,1.24345e-13,4.263256e-14
naive,2026-01-25 22:00:00,2008,22,25.82048,3079.331,256.9861,6.720885,41.31865,0,0,2155.532,2155.215,550.4984,301.8809,852.3793,2,0,0,52.37931,800,0,273.3363,256.5833,0.1282916,0.2046279,0.3172331,0,250,0.3172331,1604.716,39.46447,56.98305,0,0.1529226,1.854182,398.4534,296.6343,101.8191,0,598.8579,3229.876,0,-5.684342e-14,4.884981e-14,4.263256e-14
naive,2026-01-25 22:15:00,2009,22.25,25.58755,3120.376,220.7285,4.263889,38.12724,0,0,2184.263,2183.946,546.8751,300.2835,847.1586,2,0,0,47.15859,800,0,224.2283,200.4858,0.1002429,0.1615667,0.3172331,0,250,0.3172331,1637.071,35.61887,57.22804,0,4.014542,2.508376,401.861,301.1885,100.6725,0,601.9335,3253.178,0,-5.684342e-14,-5.7232e-14,4.263256e-14
naive,2026-01-25 22:30:00,2010,22.5,25.46264,3051.788,200.2965,9.346616,30.72943,0,0,2136.251,2135.934,691.6007,341.9742,1033.575,3,185.875,0.2810805,47.41876,800,0,1.817037,200,0.1,0.126243,0.3172331,0,250,0.3172331,1444.333,35.86276,57.35941,12.60447,9.065535,0,392.0368,265.0586,126.9782,0,607.0328,3311.532,0,5.684342e-14,-2.775558e-17,4.263256e-14
naive,2026-01-25 22:45:00,2011,22.75,25.1309,3089.953,180.475,13.8534,28.3098,0,0,2162.967,2162.65,1051.107,445.2139,1496.321,3,150.3058,1.477106,44.53771,800,500,0,324.9685,0.1624843,0.1259371,0.3172331,0,250,0.3172331,1111.543,33.80202,57.70831,30.16911,12.37629,0,394.2991,202.6293,191.6698,0,647.8432,3571.606,0,0,1.24345e-13,4.263256e-14
naive,2026-01-25 23:00:00,2012,23,24.97912,3035.071,154.2591,2.999206,26.16819,0,1,2124.55,2124.232,544.6724,299.3125,843.9848,2,0,0,43.98483,800,0,139.4083,290.0653,0.1450326,0.2046279,0.3172331,0,250,0.3172331,1579.56,33.43582,57.86795,18.62431,0,0,38.24189,28.43208,9.809813,0,327.7446,1769.621,0,0,4.884981e-14,4.263256e-14
naive,2026-01-25 23:15:00,2013,23.25,24.82336,3041.643,140.474,0,19.78898,1,1,2129.15,2128.833,537.5976,296.1936,833.7912,2,0,0,33.79118,800,0,134.2555,256.4558,0.1282279,0.1826499,0.3172331,0,250,0.3172331,1591.235,25.72905,58.03177,9.821479,0,0,38.32471,28.64224,9.682467,324.8358,0,601.3279,0,0,-4.102274e-14,4.263256e-14
naive,2026-01-25 23:30:00,2014,23.5,24.53552,2988.75,140.2896,0,17.94191,1,1,2092.125,2091.808,535.5757,295.3022,830.8779,2,0,0,30.87794,800,0,131.2785,223.5958,0.1117979,0.1614864,0.3172331,0,250,0.3172331,1556.232,23.58197,58.3345,11.91462,0,0,37.65826,28.01218,9.646073,323.3144,0,601.5552,0,0,6.736278e-14,4.263256e-14
naive,2026-01-25 23:45:00,2015,23.75,24.24222,2990.459,120.9805,0,17.13426,1,1,2093.321,2093.004,569.073,305.0595,874.1325,2,42.11531,3.470103,28.54707,800,0,94.24234,200,0.1,0.140795,0.3172331,0,250,0.3172331,1523.931,21.86883,58.64298,0,0,0,37.67979,27.43076,10.24902,332.4902,0,599.0071,0,0,-4.32987e-15,4.263256e-14
naive,2026-01-26 00:00:00,2016,0,23.90198,2980.197,94.41857,0,14.88351,1,1,2086.138,2085.821,1023.466,435.7005,1459.166,3,127.8435,3.736893,27.58586,800,500,0,324.9685,0.1624843,0.1259371,0.3172331,0,250,0.3172331,1062.355,21.20757,59.00082,0,0,0,37.55048,19.12239,18.42809,454.8229,0,843.2698,0,1.705303e-13,1.24345e-13,4.263256e-14
naive,2026-01-26 00:15:00,2017,0.25,23.7213,2974.258,79.3103,0,18.86474,1,1,2081.98,2081.663,533.225,294.2659,827.4909,2,0,0,27.49089,800,0,109.0999,297.6424,0.1488212,0.2046279,0.3172331,0,250,0.3172331,1548.438,21.17429,59.19085,0,0,0,37.47564,27.87188,9.60376,322.1378,0,577.6859,0,-5.684342e-14,-2.220446e-14,4.263256e-14
naive,2026-01-26 00:30:00,2018,0.5,23.66506,2963.66,76.18078,6.503251,16.78288,1,1,2074.562,2074.245,534.3348,294.7552,829.09,2,0,0,29.09001,800,0,108.0595,270.5806,0.1352903,0.187421,0.3172331,0,250,0.3172331,1539.91,22.41907,59.25001,0,3.583005,0,37.34211,27.71838,9.623737,322.4736,0,584.4715,0,-5.684342e-14,-8.232304e-14,4.263256e-14
naive,2026-01-26 00:45:00,2019,0.75,23.48625,3012.618,75.01189,1.917146,16.97225,1,1,2108.832,2108.515,533.8976,294.5624,828.46,2,0,0,28.46,800,0,108.8697,243.3206,0.1216603,0.1703807,0.3172331,0,250,0.3172331,1574.618,21.97425,59.43807,0,0,0,37.95898,28.34312,9.615867,322.9055,0,578.9432,0,0,1.404432e-14,4.263256e-14
naive,2026-01-26 01:00:00,2020,1,23.62708,3038.793,52.90496,0,16.14631,1,1,2127.155,2126.838,533.4187,294.3513,827.77,2,0,0,27.76999,800,0,93.32855,219.9502,0.1099751,0.1532154,0.3172331,0,250,0.3172331,1593.419,21.4102,59.28995,0,0,0,38.28879,28.68154,9.607247,323.0328,0,579.3645,0,5.684342e-14,4.909961e-14,4.263256e-14
naive,2026-01-26 01:15:00,2021,1.25,23.22794,2997.479,94.95913,0,12.57036,1,1,2098.236,2097.918,548.2916,298.1208,846.4124,2,23.43023,0.2851903,22.69696,800,0,79.66224,200,0.1,0.1384994,0.3172331,0,250,0.3172331,1549.627,17.57145,59.70975,0,0,0,37.76824,27.89328,9.874959,326.0141,0,584.8546,0,1.136868e-13,-6.550316e-15,4.263256e-14
naive,2026-01-26 01:30:00,2022,1.5,22.95277,2958.964,102.6719,1.620867,11.12197,1,1,2071.275,2070.958,998.7952,428.0816,1426.877,3,100.4634,3.324122,23.08926,800,500,0,324.9685,0.1624843,0.1259371,0.3172331,0,250,0.3172331,1072.163,17.92599,59.99915,2.208509,0,0,37.28295,19.29893,17.98402,447.3805,0,831.0717,0,5.684342e-14,1.24345e-13,4.263256e-14
naive,2026-01-26 01:45:00,2023,1.75,22.84536,2967.161,109.9006,0,16.17155,1,1,2077.013,2076.696,529.9188,292.8084,822.7272,2,0,0,22.72722,800,0,109.8404,297.4573,0.1487286,0.2046279,0.3172331,0,250,0.3172331,1546.777,17.66444,60.11212,5.0579,0,0,37.38623,27.84198,9.544249,320.6504,0,582.3995,0,-5.684342e-14,6.306067e-14,4.263256e-14
naive,2026-01-26 02:00:00,2024,2,22.51436,2942.981,110.6105,2.186294,17.18926,1,1,2060.087,2059.769,531.6883,293.5884,825.2767,2,0,0,25.27671,800,0,113.4958,269.0365,0.1345182,0.1873045,0.3172331,0,250,0.3172331,1528.081,19.71293,60.46025,0,0.01648702,0,37.08156,27.50546,9.576099,321.0939,0,574.1985,0,0,4.163336e-16,4.263256e-14
naive,2026-01-26 02:15:00,2025,2.25,22.38407,3008.698,110.1119,0,8.695415,1,1,2106.088,2105.771,527.4533,291.7215,819.1747,2,0,0,19.17474,800,0,111.9024,241.0185,0.1205093,0.1694083,0.3172331,0,250,0.3172331,1578.318,14.97408,60.59728,0,0,0,37.90959,28.40972,9.499869,320.1312,0,572.0904,0,5.684342e-14,4.060641e-14,4.263256e-14
naive,2026-01-26 02:30:00,2026,2.5,22.32229,3048.615,104.5227,0,14.3342,1,1,2134.03,2133.713,529.6936,292.7091,822.4027,2,0,0,22.40267,800,0,108.4317,213.8727,0.1069363,0.1517658,0.3172331,0,250,0.3172331,1604.019,17.50593,60.66225,0,0,0,38.41254,28.87235,9.540195,321.5814,0,574.9178,0,-5.684342e-14,1.720846e-14,4.263256e-14
naive,2026-01-26 02:45:00,2027,2.75,22.18871,3061.693,87.47685,0,10.94942,1,1,2143.185,2142.868,568.8536,303.887,872.7406,2,51.15874,2.942338,18.63954,800,0,55.35604,200,0.1,0.1346725,0.3172331,0,250,0.3172331,1574.014,14.58526,60.80275,0,0,0,38.57733,28.33226,10.24508,332.2192,0,596.0354,0,5.684342e-14,-1.332268e-15,4.263256e-14
naive,2026-01-26 03:00:00,2028,3,22.01474,3015.029,86.26074,0,14.17172,1,1,2110.52,2110.203,1000.35,428.2861,1428.636,3,104.5063,5.205552,18.92436,800,500,0,324.9685,0.1624843,0.1259371,0.3172331,0,250,0.3172331,1109.853,14.83447,60.98572,0,0,0,37.98936,19.97735,18.01201,448.2635,0,827.918,0,0,1.24345e-13,4.263256e-14
naive,2026-01-26 03:15:00,2029,3.25,22.00129,3003.781,78.95234,11.54066,16.41643,1,1,2102.646,2102.329,525.5255,290.8716,816.397,2,0,0,16.39704,800,0,119.4893,295.045,0.1475225,0.2046279,0.3172331,0,250,0.3172331,1576.804,12.85511,60.99987,0,10.52784,3.561318,37.84763,28.38247,9.465168,319.8649,0,589.2655,0,0,-3.641532e-14,4.263256e-14
naive,2026-01-26 03:30:00,2030,3.5,21.93201,3037.221,96.41453,5.784349,25.03656,1,1,2126.055,2125.737,527.6311,291.7998,819.4309,2,0,0,19.4309,800,0,122.2827,264.4279,0.132214,0.1857855,0.3172331,0,250,0.3172331,1598.106,15.2444,61.07273,0,3.845453,9.792168,38.26898,28.76591,9.503069,322.2432,0,582.413,0,-5.684342e-14,-6.336598e-14,4.263256e-14
naive,2026-01-26 03:45:00,2031,3.75,21.91401,3017.735,121.3541,0,23.4562,1,1,2112.414,2112.097,526.0364,291.0968,817.1332,2,0,0,17.13317,800,0,144.7799,228.1913,0.1140957,0.1665064,0.3172331,0,250,0.3172331,1586.061,13.44419,61.09166,0,0,10.01201,38.02346,28.5491,9.474365,321.3604,0,573.9928,0,-5.684342e-14,1.304512e-14,4.263256e-14
naive,2026-01-26 04:00:00,2032,4,21.88544,3044.093,123.3268,1.666174,21.31982,1,1,2130.865,2130.548,547.5951,297.4427,845.0379,2,26.54895,0.1536194,18.33529,800,0,112.6215,200,0.1,0.1436887,0.3172331,0,250,0.3172331,1582.953,14.39167,61.12172,0,1.512554,6.928149,38.35558,28.49315,9.862422,327.1217,0,588.0906,0,-5.684342e-14,-2.553513e-15,4.263256e-14
naive,2026-01-26 04:15:00,2033,4.25,21.71473,3049.803,143.1482,3.797627,19.44603,1,1,2134.862,2134.545,1047.501,441.2598,1488.761,3,170.1829,0.3410703,18.23702,800,500,0,324.9685,0.1624843,0.1259371,0.3172331,0,250,0.3172331,1087.043,14.33945,61.30125,0,3.456557,5.106589,38.42751,19.56678,18.86073,461.6978,0,860.3943,0,0,1.24345e-13,4.263256e-14
naive,2026-01-26 04:30:00,2034,4.5,21.5049,3077.659,179.6647,0,21.2669,1,1,2154.361,2154.044,525.6662,290.9336,816.5999,2,0,0,16.59989,800,0,202.048,274.4054,0.1372027,0.2046279,0.3172331,0,250,0.3172331,1628.377,13.08006,61.52194,0,0,8.186841,38.7785,29.31079,9.467703,321.6357,0,574.0592,0,0,2.04281e-14,4.263256e-14
naive,2026-01-26 04:45:00,2035,4.75,21.40347,3076.988,215.7783,0,24.04853,1,1,2153.892,2153.575,526.9797,291.5127,818.4924,2,0,0,18.49242,800,0,253.1187,211.0825,0.1055412,0.172789,0.3172331,0,250,0.3172331,1626.595,14.5863,61.62862,0,0,9.462225,38.77006,29.27871,9.491345,322.3964,0,575.4605,0,5.684342e-14,-4.471423e-14,4.263256e-14
naive,2026-01-26 05:00:00,2036,5,21.38843,3077.853,281.1363,2.502834,28.94165,1,1,2154.497,2154.18,721.7234,347.1973,1068.921,3,253.5995,1.444499,13.8767,800,0,44.19698,200,0.1,0.1329155,0.3172331,0,250,0.3172331,1432.456,10.94723,61.64443,0,1.058335,17.99442,38.78094,25.78421,12.99673,376.0328,0,684.5413,0,-1.136868e-13,2.38698e-15,4.263256e-14
naive,2026-01-26 05:15:00,2037,5.25,21.34094,3049.782,331.4723,1.099031,15.01357,1,1,2134.847,2134.53,1188.296,481.1284,1669.425,4,356.809,1.998635,10.61723,800,500,0,324.9685,0.1624843,0.1259371,0.3172331,0,250,0.3172331,946.2337,8.379888,61.69439,0,0,6.633685,38.42725,17.03221,21.39505,499.2845,0,929.1628,0,1.136868e-13,1.24345e-13,4.263256e-14
naive,2026-01-26 05:30:00,2038,5.5,21.45346,3058.085,392.2887,0,14.81277,1,1,2140.659,2140.342,523.8586,290.1368,813.9954,2,0,0,13.99537,800,0,438.295,215.3436,0.1076718,0.2046279,0.3172331,0,250,0.3172331,1616.484,11.03356,61.57605,0,0,3.779206,38.53187,29.0967,9.435165,319.8751,0,570.4771,0,0,-7.993606e-15,4.263256e-14
naive,2026-01-26 05:45:00,2039,5.75,21.49106,3048.793,477.6304,0,22.33936,1,1,2134.155,2133.838,877.3083,392.321,1269.629,3,450.8589,5.705792,13.06459,800,0,61.23884,200,0.1,0.1355987,0.3172331,0,250,0.3172331,1256.53,10.29583,61.5365,0,0,12.04353,38.41479,22.61753,15.79726,416.9847,0,764.7408,0,0,2.858824e-15,4.263256e-14
naive,2026-01-26 06:00:00,2040,6,21.63412,3082.503,577.4572,0,21.84368,1,1,2157.752,2157.435,1386.421,538.8514,1925.273,4,605.8045,3.552024,15.91617,800,500,0,324.9685,0.1624843,0.1259371,0.3172331,0,250,0.3172331,771.0135,12.52487,61.38604,0,0,9.318809,38.83954,13.87824,24.96129,554.3171,0,1039.575,0,-1.136868e-13,1.24345e-13,4.263256e-14
naive,2026-01-26 06:15:00,2041,6.25,21.68155,3059.46,656.9403,0,12.01509,1,1,2141.622,2141.305,662.9414,330.6279,993.5693,2,175.0471,5.416605,13.10557,800,0,499.6694,200,0.1,0.2046279,0.3172331,0,250,0.3172331,1478.363,10.30816,61.33615,0,0,1.706936,38.5492,26.61054,11.93866,357.5294,0,646.0557,0,0,-7.993606e-15,4.263256e-14
naive,2026-01-26 06:30:00,2042,6.5,21.63678,3099.711,729.4986,0,15.18077,1,1,2169.798,2169.481,1450.501,549.4986,2000,4,722.9238,4.213767,22.46215,750.4002,500,0,324.9685,0.1624843,0.1259371,0.3172331,0,250,0.3172331,718.9792,17.6756,57.57749,6.57477,0,0,39.05636,12.94163,26.11474,562.4402,0,1071.447,0,0,1.24345e-13,4.263256e-14
naive,2026-01-26 06:45:00,2043,6.75,21.80701,3138.359,764.1939,0,24.43387,1,1,2196.851,2196.534,731.376,350.5621,1081.938,3,261.0862,0.7412048,20.11065,800,0,499.6694,200,0.1,0.2046279,0.3172331,0,250,0.3172331,1465.158,15.7978,61.2042,3.438282,0,8.636076,39.54333,26.37285,13.17048,378.4108,0,693.898,0,-1.705303e-13,-7.993606e-15,4.263256e-14
naive,2026-01-26 07:00:00,2044,7,21.94575,3163.35,778.2978,7.28397,31.32444,1,1,2214.345,2214.028,1457.257,542.7435,2000,4,773.5028,1.691975,24.63047,700.1748,500,0,324.9685,0.1624843,0.1259371,0.3172331,0,250,0.3172331,756.7711,19.32097,53.43933,4.795013,5.591995,12.00346,39.85821,13.62188,26.23633,558.4221,0,1074.643,0,2.273737e-13,1.24345e-13,4.263256e-14
naive,2026-01-26 07:15:00,2045,7.25,21.92651,3133.3,777.5262,7.105692,35.31446,1,1,2193.31,2192.993,745.1906,355.5198,1100.71,3,270.6052,4.209171,25.89604,800,0,499.6694,200,0.1,0.2046279,0.3172331,0,250,0.3172331,1447.802,20.31772,61.07852,7.251495,2.896521,14.99674,39.47958,26.06044,13.41914,384.149,0,717.0901,0,-5.684342e-14,-7.993606e-15,4.263256e-14
naive,2026-01-26 07:30:00,2046,7.5,21.97727,3118.536,767.7785,8.762485,38.43009,1,1,2182.975,2182.658,1451.379,548.6213,2000,4,728.2886,6.249351,23.52021,741.9418,500,0,324.9685,0.1624843,0.1259371,0.3172331,0,250,0.3172331,731.2794,18.44412,56.59637,39.48986,2.513134,19.98598,39.29356,13.16303,26.13053,565.211,0,1139.206,0,-1.136868e-13,1.24345e-13,4.263256e-14
naive,2026-01-26 07:45:00,2047,7.75,22.45011,3145.691,702.7135,0.1028641,37.12524,1,1,2201.984,2201.667,679.3199,337.0599,1016.38,3,181.675,6.377444,28.32737,800,0,499.6694,200,0.1,0.2046279,0.3172331,0,250,0.3172331,1522.347,22.10665,60.52782,21.36911,0,15.01859,39.63571,27.40224,12.23347,367.0603,0,702.8884,0,5.684342e-14,-7.993606e-15,4.263256e-14
naive,2026-01-26 08:00:00,2048,8,22.14216,3168.752,627.0259,367.753,34.2885,1,1,2218.126,2217.809,1442.562,557.4384,2000,4,611.8593,123.7988,37.88963,726.4522,500,0,324.9685,0.1624843,0.1259371,0.3172331,0,250,0.3172331,775.2476,29.66238,55.25732,15.16663,243.9542,4.626121,39.92628,13.95446,25.97182,572.1885,0,1529.196,0,0,1.24345e-13,4.263256e-14
naive,2026-01-26 08:15:00,2049,8.25,22.42814,3178.794,545.9852,365.2087,38.91727,1,1,2225.156,2224.839,655.4678,344.0074,999.4752,2,34.87867,125.9927,38.60385,800,0,499.6694,200,0.1,0.2046279,0.3172331,0,250,0.3172331,1569.371,30.13319,60.55092,11.43706,239.216,8.784072,40.05281,28.24868,11.80413,373.7751,0,1111.807,0,-5.684342e-14,-7.993606e-15,4.263256e-14
naive,2026-01-26 08:30:00,2050,8.5,22.5863,3194.635,460.9871,363.7797,47.54981,1,1,2236.245,2235.928,1362.111,547.0483,1909.159,4,446.8074,126.8812,35.47071,800,500,0,324.9685,0.1624843,0.1259371,0.3172331,0,250,0.3172331,873.8166,27.64267,60.38458,14.17969,236.8985,19.90714,40.25241,15.7287,24.52371,566.2298,0,1497.637,0,0,1.24345e-13,4.263256e-14
naive,2026-01-26 08:45:00,2051,8.75,22.73855,3189.97,374.5493,365.5678,48.94074,1,1,2232.979,2232.662,541.6496,297.9799,839.6294,2,0,0,39.62944,800,0,499.2182,200.1128,0.1000564,0.2046279,0.3172331,0,250,0.3172331,1691.013,30.83533,60.22446,0.4946255,240.4043,18.10541,40.19363,30.43823,9.755402,331.5675,0,1010.933,0,0,-6.483702e-14,4.263256e-14
naive,2026-01-26 09:00:00,2052,9,22.87132,3191.213,283.1667,370.2891,51.60762,1,1,2233.849,2233.532,866.5939,405.9842,1272.578,3,296.2964,127.4188,48.86296,800,0,0.3252768,200,0.1,0.1260081,0.3172331,0,250,0.3172331,1366.938,37.96796,60.08481,0,242.8703,13.63966,40.20929,24.60489,15.6044,432.9677,0,1217.291,0,5.684342e-14,0,4.263256e-14
naive,2026-01-26 09:15:00,2053,9.25,22.98622,3194.451,234.2894,372.4348,49.54219,1,1,2236.116,2235.798,1208.863,505.2875,1714.151,4,229.9406,128.9956,55.21475,800,500,0,324.9685,0.1624843,0.1259371,0.3172331,0,250,0.3172331,1026.935,42.85273,59.96396,4.348788,243.4393,6.689459,40.25008,18.48483,21.76525,524.9415,0,1409.858,0,-5.684342e-14,1.24345e-13,4.263256e-14
naive,2026-01-26 09:30:00,2054,9.5,23.47801,3212.979,209.5896,383.927,56.24042,1,1,2249.085,2248.768,554.4024,303.6019,858.0043,2,0,0,58.00428,800,0,320.5249,244.7861,0.1223931,0.2046279,0.3172331,0,250,0.3172331,1694.366,44.78951,59.44673,16.91448,256.0771,11.45091,40.48354,30.49859,9.984953,336.121,0,1076.275,0,-5.684342e-14,-7.993606e-15,4.263256e-14
naive,2026-01-26 09:45:00,2055,9.75,23.61348,3242.266,158.8348,392.3535,52.82317,1,1,2269.586,2269.269,630.5838,337.1864,967.7702,2,0,108.5951,59.17509,800,0,178.9904,200,0.1,0.1541382,0.3172331,0,250,0.3172331,1638.685,45.62945,59.30426,0,263.7555,7.193712,40.85255,29.49633,11.35622,367.9554,0,1124.172,0,5.684342e-14,-1.69309e-15,4.263256e-14
naive,2026-01-26 10:00:00,2056,10,23.77398,3263.921,160.2821,401.3077,63.17535,1,1,2284.744,2284.427,1149.069,489.8464,1638.916,4,138.1518,132.932,67.83195,800,500,0,324.9685,0.1624843,0.1259371,0.3172331,0,250,0.3172331,1135.358,52.21758,59.13544,22.13024,268.3757,10.95777,41.1254,20.43644,20.68896,512.2275,0,1459.05,0,2.273737e-13,1.24345e-13,4.263256e-14
naive,2026-01-26 10:15:00,2057,10.25,24.08214,3270.373,145.0202,405.7187,72.40589,1,1,2289.261,2288.944,562.9552,307.3725,870.3277,2,0,0,70.3277,800,0,259.9779,259.9229,0.1299614,0.2046279,0.3172331,0,250,0.3172331,1725.989,53.96546,58.81134,17.6834,273.0776,18.44043,41.20671,31.0678,10.1389,341.7326,0,1118.865,0,-5.684342e-14,-7.993606e-15,4.263256e-14
naive,2026-01-26 10:30:00,2058,10.5,24.33994,3327.394,119.9979,407.9284,78.14099,1,1,2329.176,2328.859,578.7295,314.3265,893.0561,2,0,7.878785,85.17729,800,0,239.5278,200,0.1,0.1636696,0.3172331,0,250,0.3172331,1750.129,65.18452,58.5402,3.229649,277.2901,12.95647,41.92517,31.50233,10.42284,348.1539,0,1114.347,0,0,1.232348e-14,4.263256e-14
naive,2026-01-26 10:45:00,2059,10.75,24.52878,3355.068,90.48405,407.1005,87.6636,1,1,2348.547,2348.23,1150.838,493.6804,1644.518,4,112.4767,136.709,95.33242,800,500,0,324.9685,0.1624843,0.1259371,0.3172331,0,250,0.3172331,1197.392,72.81202,58.34159,0,270.3915,14.85158,42.27385,21.55306,20.72079,517.9085,0,1436.608,0,0,1.24345e-13,4.263256e-14
naive,2026-01-26 11:00:00,2060,11,24.70717,3350.699,96.96486,408.7593,96.28326,1,1,2345.489,2345.172,587.799,318.3248,906.1238,2,0,0,106.1238,800,0,225.7956,268.4684,0.1342342,0.2046279,0.3172331,0,250,0.3172331,1757.373,80.90267,58.15397,6.074177,273.8543,15.38058,42.21881,31.63271,10.58609,352.7377,0,1122.929,0,0,4.884981e-14,4.263256e-14
naive,2026-01-26 11:15:00,2061,11.25,24.75402,3440.016,87.21385,409.7296,97.61116,1,1,2408.011,2407.694,593.3453,320.7699,914.1151,2,0,0,114.1151,800,0,203.9566,217.437,0.1087185,0.1690506,0.3172331,0,250,0.3172331,1814.349,86.95207,58.10469,15.67158,277.3154,10.6591,43.3442,32.65828,10.68592,355.3567,0,1150.748,0,5.684342e-14,-1.523781e-14,4.263256e-14
naive,2026-01-26 11:30:00,2062,11.5,25.11351,3385.482,87.39536,412.6102,106.9645,1,1,2369.838,2369.52,699.3815,366.5642,1065.946,3,7.99942,133.0309,124.9153,800,0,69.61128,200,0.1,0.1369169,0.3172331,0,250,0.3172331,1670.139,94.82222,57.7266,9.784662,279.5792,12.14228,431.86,304.3526,127.5074,673.1295,0,1780.469,0,-5.684342e-14,7.21645e-16,4.263256e-14
naive,2026-01-26 11:45:00,2063,11.75,25.19664,3421.76,103.7057,417.0732,118.6881,1,1,2395.232,2394.914,1154.478,498.7617,1653.24,4,83.25304,134.0746,135.9124,800,500,0,324.9685,0.1624843,0.1259371,0.3172331,0,250,0.3172331,1240.436,103.0796,57.63917,20.45263,282.9985,15.60846,437.2161,226.4243,210.7918,728.0351,0,1914.679,0,-1.705303e-13,1.24345e-13,4.263256e-14
naive,2026-01-26 12:00:00,2064,12,25.10533,3445.544,120.8338,416.9864,131.7241,1,1,2411.881,2411.564,616.184,330.8383,947.0224,2,0,0,147.0224,800,0,219.3657,270.0759,0.135038,0.2046279,0.3172331,0,250,0.3172331,1795.38,111.6131,57.73521,36.33677,282.1177,20.11099,439.4496,327.1218,112.3278,661.6244,0,1807.631,0,-5.684342e-14,4.884981e-14,4.263256e-14
naive,2026-01-26 12:15:00,2065,12.25,25.46197,3443.578,119.693,421.505,148.2878,1,1,2410.505,2410.187,624.4428,334.4792,958.9219,2,0,0,158.9219,800,0,218.328,215.4514,0.1077257,0.1700629,0.3172331,0,250,0.3172331,1785.745,120.1933,57.36011,34.58583,288.2842,28.09451,442.3607,327.7087,114.652,667.3436,0,1827.108,0,5.684342e-14,-1.240674e-14,4.263256e-14
naive,2026-01-26 12:30:00,2066,12.5,25.77535,3431.844,95.43114,422.2357,156.0006,1,1,2402.291,2401.974,750.6327,386.9052,1137.538,3,26.939,132.7001,177.8988,800,0,61.67006,200,0.1,0.1356666,0.3172331,0,250,0.3172331,1651.341,134.0996,57.03051,6.822079,289.5356,21.90092,443.66,304.973,138.687,695.923,0,1838.904,0,1.705303e-13,1.249001e-15,4.263256e-14
naive,2026-01-26 12:45:00,2067,12.75,26.03073,3446.44,89.35253,423.5004,164.835,1,1,2412.508,2412.191,1203.656,518.4312,1722.088,4,100.1548,133.4502,188.4827,800,500,0,324.9685,0.1624843,0.1259371,0.3172331,0,250,0.3172331,1208.534,141.6927,56.76192,0,290.0502,23.14229,447.8705,224.3586,223.5119,747.0861,0,1930.652,0,-1.136868e-13,1.24345e-13,4.263256e-14
naive,2026-01-26 13:00:00,2068,13,26.16994,3486.468,89.72519,421.6107,175.1168,1,1,2440.527,2440.21,649.1398,345.3669,994.5067,2,0,0,194.5067,800,0,261.1857,259.6209,0.1298105,0.2046279,0.3172331,0,250,0.3172331,1791.07,146.0046,56.6155,0,283.5525,29.11221,454.3639,333.4515,120.9123,684.2383,0,1793.912,0,-5.684342e-14,-7.993606e-15,4.263256e-14
naive,2026-01-26 13:15:00,2069,13.25,26.52405,3514.458,118.489,427.6032,194.3469,1,1,2460.12,2459.803,671.1971,355.0908,1026.288,3,0,20.53149,205.7564,800,0,238.3203,200,0.1,0.1634795,0.3172331,0,250,0.3172331,1788.606,153.8662,56.24307,0,291.1852,40.48069,461.3572,335.4252,125.9321,698.1075,0,1835.236,0,1.136868e-13,-2.470246e-15,4.263256e-14
naive,2026-01-26 13:30:00,2070,13.5,26.57719,3526.306,119.372,421.5748,192.2744,1,1,2468.414,2468.097,1235.761,531.1092,1766.87,4,112.5553,137.9584,216.3562,800,500,0,324.9685,0.1624843,0.1259371,0.3172331,0,250,0.3172331,1232.336,161.7008,56.18719,6.816683,283.6164,30.57357,463.4206,231.3591,232.0615,768.2082,0,1974.203,0,0,1.24345e-13,4.263256e-14
naive,2026-01-26 13:45:00,2071,13.75,26.48252,3528.161,108.5977,426.6066,199.2952,1,1,2469.713,2469.396,668.0634,353.7093,1021.773,3,0,0,221.7727,800,0,235.8219,265.9619,0.1329809,0.2046279,0.3172331,0,250,0.3172331,1801.332,165.917,56.28675,6.437466,292.9449,33.37824,462.7597,337.5226,125.2371,697.4861,0,1848.084,0,-5.684342e-14,-7.993606e-15,4.263256e-14
naive,2026-01-26 14:00:00,2072,14,26.68581,3524.471,85.44933,424.421,200.7676,1,1,2467.129,2466.812,669.8984,354.5183,1024.417,3,0,0,224.4167,800,0,244.0431,204.9092,0.1024546,0.1674723,0.3172331,0,250,0.3172331,1796.914,167.5301,56.07295,0,290.3103,33.23748,464.2207,338.1114,126.1093,698.8837,0,1835.471,0,5.684342e-14,-1.834644e-14,4.263256e-14
naive,2026-01-26 14:15:00,2073,14.25,26.96237,3541.704,77.45163,425.1141,205.5699,1,1,2479.193,2478.875,845.095,420.9119,1266.007,3,91.13771,135.1669,239.7023,800,0,19.50792,200,0.1,0.1290283,0.3172331,0,250,0.3172331,1633.78,178.4106,55.78207,0,289.9472,27.15925,469.1762,309.1857,159.9905,735.2373,0,1907.879,0,-5.684342e-14,5.551115e-17,4.263256e-14
naive,2026-01-26 14:30:00,2074,14.5,27.20368,3533.899,99.32603,418.3832,218.7333,1,1,2473.729,2473.412,1241.893,535.1906,1777.084,4,100.972,133.7503,242.3615,800,500,0,324.9685,0.1624843,0.1259371,0.3172331,0,250,0.3172331,1231.518,179.9221,55.52828,0,284.6329,38.81124,470.5058,234.2361,236.2697,776.8087,0,1982.14,0,0,1.24345e-13,4.263256e-14
naive,2026-01-26 14:45:00,2075,14.75,27.62058,3528.139,92.37083,408.796,229.1581,1,1,2469.697,2469.38,686.7372,361.9416,1048.679,3,0,0,248.6788,800,0,234.8738,266.1989,0.1330995,0.2046279,0.3172331,0,250,0.3172331,1782.643,183.7824,55.0898,0,275.7841,45.37564,473.8723,342.044,131.8283,712.692,0,1839.136,0,-5.684342e-14,2.04281e-14,4.263256e-14
naive,2026-01-26 15:00:00,2076,15,27.86211,3548.773,106.0813,408.967,227.7312,1,1,2484.141,2483.824,691.3978,363.9963,1055.394,3,0,0,255.3941,800,0,231.6868,208.2353,0.1041177,0.1676216,0.3172331,0,250,0.3172331,1792.426,188.2518,54.83578,5.60746,277.754,39.47943,479.0859,345.6833,133.4026,717.2935,0,1861.695,0,-5.684342e-14,7.083223e-14,4.263256e-14
naive,2026-01-26 15:15:00,2077,15.25,27.9537,3516.116,110.7841,403.187,229.6731,1,1,2461.281,2460.964,845.8795,422.7785,1268.658,3,78.35318,133.5634,256.7415,800,0,32.81008,200,0.1,0.1311227,0.3172331,0,250,0.3172331,1615.084,189.0568,54.73945,0,269.6236,40.61625,475.6013,312.088,163.5133,742.715,0,1888.949,0,-5.684342e-14,2.747802e-15,4.263256e-14
naive,2026-01-26 15:30:00,2078,15.5,28.03784,3508.062,140.9104,394.9562,234.6628,1,1,2455.643,2455.326,1265.395,543.2721,1808.667,4,120.1311,132.8339,255.702,800,500,0,324.9685,0.1624843,0.1259371,0.3172331,0,250,0.3172331,1189.931,188.1193,54.65095,20.77929,262.1224,46.54347,475.3621,230.3463,245.0158,782.6283,0,1991.78,0,0,1.24345e-13,4.263256e-14
naive,2026-01-26 15:45:00,2079,15.75,28.24911,3488.556,141.4741,396.3269,234.0529,1,1,2441.989,2441.672,684.1769,360.8129,1044.99,3,0,0,244.9898,800,0,261.7041,259.4913,0.1297457,0.2046279,0.3172331,0,250,0.3172331,1757.495,179.8242,54.42875,11.99773,264.0992,54.2287,474.8552,341.7525,133.1028,713.1104,0,1841.256,0,-2.273737e-13,-1.216804e-13,4.263256e-14
naive,2026-01-26 16:00:00,2080,16,28.32254,3450.635,142.8355,396.2516,229.5438,1,1,2415.444,2415.127,705.5631,370.241,1075.804,3,0,31.51418,244.29,800,0,237.8019,200,0.1,0.1633979,0.3172331,0,250,0.3172331,1709.564,179.1671,54.35153,3.101053,266.6699,50.37675,470.4322,332.9549,137.4774,713.0073,0,1830.224,0,0,-7.96585e-15,4.263256e-14
naive,2026-01-26 16:15:00,2081,16.25,28.37301,3472.67,162.9016,394.5105,221.7693,1,1,2430.869,2430.552,1281.852,545.9731,1827.825,4,158.4145,130.0517,239.3587,800,500,0,324.9685,0.1624843,0.1259371,0.3172331,0,250,0.3172331,1148.7,175.4538,54.29843,4.487149,264.4588,46.31558,473.9489,223.9632,249.9858,778.9664,0,1960.779,0,1.136868e-13,1.24345e-13,4.263256e-14
naive,2026-01-26 16:30:00,2082,16.5,28.19963,3427.946,204.4738,386.8352,212.4721,1,1,2399.562,2399.245,676.9059,357.6075,1034.513,3,0,0,234.5134,800,0,316.9334,245.684,0.122842,0.2046279,0.3172331,0,250,0.3172331,1722.339,172.2273,54.48079,13.09026,261.2854,40.24483,466.1117,334.562,131.5497,699.987,0,1811.981,0,-5.684342e-14,-7.993606e-15,4.263256e-14
naive,2026-01-26 16:45:00,2083,16.75,28.20258,3402.771,234.8932,390.1654,210.8284,1,1,2381.94,2381.623,788.289,401.9682,1190.257,3,39.86647,122.0065,228.3841,800,0,182.5814,200,0.1,0.1547036,0.3172331,0,250,0.3172331,1593.334,167.7206,54.47768,12.44538,268.1589,43.10776,462.7178,309.5225,153.1954,719.8648,0,1862.485,0,-5.684342e-14,-7.632783e-15,4.263256e-14
naive,2026-01-26 17:00:00,2084,17,28.06427,3367.161,263.9241,387.4008,201.8761,1,1,2357.013,2356.695,1341.745,560.4344,1902.179,4,258.8045,122.7392,220.6353,800,500,0,324.9685,0.1624843,0.1259371,0.3172331,0,250,0.3172331,1014.951,162.2741,54.62315,5.119609,264.6616,39.602,456.5262,196.5843,259.9419,764.6891,0,1933.3,0,-2.273737e-13,1.24345e-13,4.263256e-14
naive,2026-01-26 17:15:00,2085,17.25,28.11113,3366.338,309.2506,375.3857,203.2445,1,1,2356.437,2356.119,660.3701,350.3177,1010.688,3,0,0,210.6878,800,0,430.3627,217.3267,0.1086633,0.2046279,0.3172331,0,250,0.3172331,1695.749,154.8789,54.57387,1.430433,252.8431,48.36559,456.8707,328.7753,128.0954,688.4703,0,1754.167,0,0,4.884981e-14,4.263256e-14
naive,2026-01-26 17:30:00,2086,17.5,28.12967,3365.378,345.8137,374.5489,192.2844,1,1,2355.765,2355.448,976.3169,453.4664,1429.783,3,303.7696,120.9571,205.0566,800,0,69.16985,200,0.1,0.1368474,0.3172331,0,250,0.3172331,1379.131,150.709,54.55437,0,253.5919,41.57547,456.9212,267.4945,189.4267,729.0248,0,1834.122,0,1.136868e-13,-1.526557e-15,4.263256e-14
naive,2026-01-26 17:45:00,2087,17.75,28.20761,3386.711,412.5608,364.9745,182.9424,1,1,2370.698,2370.38,1428.305,571.6951,2000,4,443.7823,122.7911,199.5763,733.8502,500,0,324.9685,0.1624843,0.1259371,0.3172331,0,250,0.3172331,942.0755,146.5567,49.96823,0,242.1833,36.38569,460.5834,183.0281,277.5553,761.7923,0,1885.137,0,0,1.24345e-13,4.263256e-14
naive,2026-01-26 18:00:00,2088,18,28.40822,3400.32,478.4143,0,167.3129,1,1,2380.224,2379.907,646.9801,344.4148,991.3949,2,0,2.221069,189.1738,800,0,499.6694,200,0.1,0.2046279,0.3172331,0,250,0.3172331,1732.927,138.6141,54.2614,0,0,28.69873,464.4253,338.1258,126.2996,688.1402,0,1315.236,0,-1.136868e-13,-7.993606e-15,4.263256e-14
naive,2026-01-26 18:15:00,2089,18.25,28.33655,3407.025,533.805,1.78499,158.4284,1,1,2384.917,2384.6,1436.273,563.7272,2000,4,558.583,1.252936,176.9054,763.2588,500,0,324.9685,0.1624843,0.1259371,0.3172331,0,250,0.3172331,948.3274,129.726,51.84128,0,0.5320537,28.70239,464.6264,184.7519,279.8745,754.0708,0,1450.738,0,0,1.24345e-13,4.263256e-14
naive,2026-01-26 18:30:00,2090,18.5,28.46024,3382.209,580.1657,12.9832,138.5269,1,1,2367.547,2367.229,713.3814,361.0311,1074.413,3,106.3945,0.3618347,167.6562,800,0,499.6694,200,0.1,0.2046279,0.3172331,0,250,0.3172331,1653.848,122.7777,54.20669,0,12.62136,15.74928,462.468,323.0567,139.4113,687.1642,0,1335.118,0,-1.136868e-13,-7.993606e-15,4.263256e-14
naive,2026-01-26 18:45:00,2091,18.75,28.23436,3370.974,656.8924,6.789385,133.9143,1,1,2359.682,2359.364,1445.808,554.1916,2000,4,640.1321,0,151.186,708.6819,500,0,324.9685,0.1624843,0.1259371,0.3172331,0,250,0.3172331,913.5561,110.9895,48.22958,16.76031,6.789385,22.92484,458.7054,177.5888,281.1166,736.2369,0,1458.839,0,0,1.24345e-13,4.263256e-14
naive,2026-01-26 19:00:00,2092,19,28.16301,3327.799,687.5385,1.497106,120.7138,0,0,2329.459,2329.142,754.7455,370.1824,1124.928,3,182.7576,1.477516,140.6927,800,0,499.6694,200,0.1,0.2046279,0.3172331,0,250,0.3172331,1574.397,103.3664,54.51931,5.111452,0.01959065,17.34738,452.1405,305.5853,146.5552,0,679.1347,3682.758,0,-5.684342e-14,-7.993606e-15,4.263256e-14
naive,2026-01-26 19:15:00,2093,19.25,28.18065,3272.128,710.3734,8.564509,113.3421,0,0,2290.489,2290.172,1454.153,545.8466,2000,4,708.7976,0.6855243,133.9424,656.5745,500,0,324.9685,0.1624843,0.1259371,0.3172331,0,250,0.3172331,836.0186,98.38802,44.72975,1.57578,7.878985,14.95411,444.7441,162.3297,282.4145,0,711.0799,3876.928,0,2.273737e-13,1.24345e-13,4.263256e-14
naive,2026-01-26 19:30:00,2094,19.5,28.31264,3278.74,749.0275,7.316392,112.9406,0,0,2295.118,2294.8,760.5848,369.7967,1130.381,3,207.6395,0.1957343,122.5462,800,0,499.6694,200,0.1,0.2046279,0.3172331,0,250,0.3172331,1534.216,89.88749,54.36193,41.71858,7.120658,23.05315,446.9027,298.7407,148.162,0,673.0263,3724.735,0,5.684342e-14,-7.993606e-15,4.263256e-14
naive,2026-01-26 19:45:00,2095,19.75,28.03273,3231.993,732.8499,4.995204,107.2151,0,0,2262.395,2262.078,1451.813,548.1869,2000,4,697.7782,0.4081632,117.3825,684.4312,500,0,324.9685,0.1624843,0.1259371,0.3172331,0,250,0.3172331,810.2649,86.36279,46.76062,35.07168,4.587041,20.85231,437.9055,156.8336,281.072,0,709.0566,3915.617,0,1.136868e-13,1.24345e-13,4.263256e-14
naive,2026-01-26 20:00:00,2096,20,27.85206,3227.973,698.183,0,101.3488,0,0,2259.581,2259.264,734.0194,361.0647,1095.084,3,182.5947,2.252782,110.2366,800,0,499.6694,200,0.1,0.2046279,0.3172331,0,250,0.3172331,1525.244,81.26463,54.84634,15.9189,0,20.08415,435.6849,294.0925,141.5924,0,659.0298,3590.422,0,0,-7.993606e-15,4.263256e-14
naive,2026-01-26 20:15:00,2097,20.25,27.71166,3242.645,663.5181,0,91.38549,0,0,2269.852,2269.535,1444.808,555.1918,2000,4,650.9097,1.223639,102.3817,745.485,500,0,324.9685,0.1624843,0.1259371,0.3172331,0,250,0.3172331,824.7263,75.58906,51.24651,12.60834,0,15.79643,436.3658,158.5489,277.817,0,716.7774,3906.373,0,-1.136868e-13,1.24345e-13,4.263256e-14
naive,2026-01-26 20:30:00,2098,20.5,27.52857,3215.204,639.7963,0,84.4551,0,0,2250.643,2250.325,677.5557,343.5991,1021.155,3,120.1664,3.353787,97.6347,800,0,499.6694,200,0.1,0.2046279,0.3172331,0,250,0.3172331,1572.77,72.22737,55.18658,19.96053,0,12.22774,431.0042,301.1897,129.8145,0,647.1304,3531.564,0,0,-7.993606e-15,4.263256e-14
naive,2026-01-26 20:45:00,2099,20.75,27.22478,3226.204,574.3182,2.027675,71.06196,0,0,2258.343,2258.026,1390.604,547.7738,1938.378,4,546.3006,5.214201,86.86292,800,500,0,324.9685,0.1624843,0.1259371,0.3172331,0,250,0.3172331,867.4217,64.46981,55.50608,28.01759,0,6.592155,429.7289,165.0574,264.6715,0,714.0855,3913.356,0,0,1.24345e-13,4.263256e-14
naive,2026-01-26 21:00:00,2100,21,26.82515,3200.773,509.6237,8.151076,66.29589,0,0,2240.541,2240.224,567.3285,309.3004,876.6289,2,0,0,76.62893,800,0,480.0652,204.9011,0.1024505,0.2046279,0.3172331,0,250,0.3172331,1672.895,57.11911,55.92639,32.78717,4.922416,9.176778,422.8047,315.6863,107.1185,0,626.7184,3449.083,0,0,-6.483702e-14,4.263256e-14
naive,2026-01-26 21:15:00,2101,21.25,26.47247,3175.231,439.8041,9.6698,62.65527,0,0,2222.662,2222.345,875.5019,398.0876,1273.59,3,395.6889,2.325179,75.57543,800,0,19.47525,200,0.1,0.1290232,0.3172331,0,250,0.3172331,1346.843,56.54707,56.29733,24.63988,7.344622,6.108203,416.3825,252.3109,164.0716,0,651.5428,3575.324,0,5.684342e-14,-5.273559e-16,4.263256e-14
naive,2026-01-26 21:30:00,2102,21.5,26.26213,3171.514,374.4578,7.041884,52.42273,0,0,2220.06,2219.743,1234.762,501.1794,1735.941,4,360.45,4.123357,71.36777,800,500,0,324.9685,0.1624843,0.1259371,0.3172331,0,250,0.3172331,984.9811,53.5189,56.51854,14.00787,2.918527,0,414.1003,183.7252,230.3751,0,684.9046,3732.59,0,-5.684342e-14,1.24345e-13,4.263256e-14
naive,2026-01-26 21:45:00,2103,21.75,25.88123,3195.697,312.8141,15.3681,48.30199,0,0,2236.988,2236.671,557.2263,304.8469,862.0732,2,0,0,62.07322,800,0,305.8575,248.453,0.1242265,0.2046279,0.3172331,0,250,0.3172331,1679.444,46.73804,56.91916,9.773116,12.55152,1.56395,414.022,310.8318,103.1902,0,615.9681,3362.301,0,-5.684342e-14,-6.483702e-14,4.263256e-14
naive,2026-01-26 22:00:00,2104,22,25.90002,3138.841,252.7923,12.57748,50.50448,0,0,2197.189,2196.872,608.4143,319.3904,927.8048,2,67.4401,6.679359,53.6853,800,0,193.6555,200,0.1,0.1564472,0.3172331,0,250,0.3172331,1588.457,40.41429,56.8994,0,5.898121,10.0902,406.8116,294.1044,112.7072,0,615.3631,3330.659,0,-5.684342e-14,1.307288e-14,4.263256e-14
naive,2026-01-26 22:15:00,2105,22.25,25.83897,3129.065,209.2203,5.940123,44.85069,0,0,2190.345,2190.028,1110.309,462.8031,1573.112,4,221.8434,2.44045,48.82835,800,500,0,324.9685,0.1624843,0.1259371,0.3172331,0,250,0.3172331,1079.719,36.78182,56.9636,0,3.499674,8.068867,405.041,199.6628,205.3782,0,663.958,3593.722,0,0,1.24345e-13,4.263256e-14
naive,2026-01-26 22:30:00,2106,22.5,25.3647,3096.083,179.2,3.505314,41.28976,0,0,2167.258,2166.941,544.4252,299.2035,843.6287,2,0,0,43.62869,800,0,199.7952,274.9686,0.1374843,0.2046279,0.3172331,0,250,0.3172331,1622.516,33.03051,57.46241,0,0,8.259246,396.9423,297.1705,99.77182,0,597.8867,3223.732,0,0,2.04281e-14,4.263256e-14
naive,2026-01-26 22:45:00,2107,22.75,25.07334,3093.036,149.2846,3.534444,37.65302,0,0,2165.125,2164.808,542.304,298.2684,840.5724,2,0,0,40.5724,800,0,175.1134,231.1469,0.1155735,0.1731437,0.3172331,0,250,0.3172331,1622.504,30.81122,57.76885,0,0,6.8418,394.2374,295.4341,98.80333,0,594.9483,3207.225,0,0,4.390932e-14,4.263256e-14
naive,2026-01-26 23:00:00,2108,23,25.01569,3095.57,158.5453,6.844446,45.2645,1,1,2166.899,2166.582,559.9906,303.5185,863.5091,2,21.41044,3.285242,38.8134,800,0,124.4422,200,0.1,0.1455498,0.3172331,0,250,0.3172331,1606.591,29.49331,57.82948,12.69264,3.559203,15.77119,394.1053,292.1992,101.9061,598.5861,0,1160.148,0,0,4.274359e-15,4.263256e-14
naive,2026-01-26 23:15:00,2109,23.25,24.96968,3049.757,158.1369,0,43.67389,1,1,2134.83,2134.513,1029.697,437.4781,1467.175,3,135.9925,1.659293,29.52329,800,500,0,324.9685,0.1624843,0.1259371,0.3172331,0,250,0.3172331,1104.816,22.44486,57.87788,22.14435,0,21.22902,38.42694,19.88668,18.54026,461.2223,0,895.531,0,-5.684342e-14,1.24345e-13,4.263256e-14
naive,2026-01-26 23:30:00,2110,23.5,24.87687,3021.155,116.6721,1.376749,36.71969,1,1,2114.809,2114.491,532.75,294.0565,826.8065,2,0,0,26.80648,800,0,136.1742,290.8738,0.1454369,0.2046279,0.3172331,0,250,0.3172331,1581.741,20.39933,57.97549,0,0.02802485,16.32037,38.06656,28.47135,9.59521,325.4879,0,585.8017,0,-5.684342e-14,4.884981e-14,4.263256e-14
naive,2026-01-26 23:45:00,2111,23.75,24.45173,3045.637,116.4257,0,33.72698,1,1,2131.946,2131.628,531.6304,293.5629,825.1933,2,0,0,25.19332,800,0,129.4126,258.4749,0.1292374,0.183159,0.3172331,0,250,0.3172331,1599.998,19.25743,58.42263,0,0,14.46955,38.37502,28.79996,9.575057,324.9652,0,584.2049,0,1.136868e-13,1.290634e-14,4.263256e-14
naive,2026-01-27 00:00:00,2112,0,24.16837,3053.256,115.1223,0,31.12845,1,1,2137.279,2136.962,530.1733,292.9206,823.0939,2,0,0,23.09393,800,0,111.2288,230.627,0.1153135,0.1627578,0.3172331,0,250,0.3172331,1606.789,17.70503,58.72065,5.596213,0,13.42342,38.47103,28.9222,9.54883,324.2435,0,592.0797,0,5.684342e-14,1.423861e-14,4.263256e-14
naive,2026-01-27 00:15:00,2113,0.25,24.10117,3032.904,99.93582,0,23.39823,1,1,2123.033,2122.716,532.0406,293.7437,825.7843,2,0,0,25.7843,800,0,92.587,207.4439,0.103722,0.1452224,0.3172331,0,250,0.3172331,1590.675,19.78148,58.79133,7.8884,0,3.616755,38.21459,28.63215,9.58244,323.0219,0,593.511,0,-5.684342e-14,1.676437e-14,4.263256e-14
naive,2026-01-27 00:30:00,2114,0.5,23.88206,3033.145,101.4675,0,23.07694,1,1,2123.201,2122.884,581.0116,308.2812,889.2928,2,59.27558,4.904597,25.11267,800,0,29.64508,200,0.1,0.1306244,0.3172331,0,250,0.3172331,1541.873,19.31023,59.02178,12.54688,0,3.766716,38.21763,27.75371,10.46392,336.7048,0,628.6535,0,0,-8.604228e-16,4.263256e-14
naive,2026-01-27 00:45:00,2115,0.75,23.59422,3054.424,127.3063,0,20.95745,1,1,2138.097,2137.78,990.0408,425.7161,1415.757,3,87.90601,2.924137,24.92675,800,500,0,324.9685,0.1624843,0.1259371,0.3172331,0,250,0.3172331,1147.739,19.22466,59.3245,39.40028,0,1.732786,38.48575,20.6593,17.82645,446.6818,0,894.589,0,0,1.24345e-13,4.263256e-14
naive,2026-01-27 01:00:00,2116,1,23.43677,3070.304,115.589,0.1236658,18.09239,1,1,2149.213,2148.895,530.8522,293.2198,824.072,2,0,0,24.072,800,0,70.74181,307.2319,0.153616,0.2046279,0.3172331,0,250,0.3172331,1618.043,18.59576,59.49011,46.10515,0,0,38.68583,29.12478,9.561049,322.3446,0,657.2943,0,0,4.884981e-14,4.263256e-14
naive,2026-01-27 01:15:00,2117,1.25,23.34653,3010.137,126.6177,4.329558,18.38256,1,1,2107.096,2106.779,527.497,291.7407,819.2377,2,0,0,19.23771,800,0,98.4613,282.5682,0.1412841,0.1934594,0.3172331,0,250,0.3172331,1579.282,14.87513,59.58501,28.23824,4.247671,3.507435,37.92773,28.42707,9.500656,320.7851,0,630.5753,0,-5.684342e-14,4.565792e-14,4.263256e-14
naive,2026-01-27 01:30:00,2118,1.5,23.1514,2999.315,119.7495,8.089654,16.35145,1,1,2099.521,2099.203,526.9164,291.4848,818.4011,2,0,0,18.40111,800,0,103.8354,256.5649,0.1282824,0.1779291,0.3172331,0,250,0.3172331,1572.287,14.25697,59.79024,18.30292,5.700868,2.094476,37.79137,28.30116,9.490205,320.1532,0,614.4488,0,1.136868e-13,2.767231e-14,4.263256e-14
naive,2026-01-27 01:45:00,2119,1.75,22.97747,3044.301,115.2248,13.93395,19.94413,1,1,2131.011,2130.694,529.2073,292.4947,821.7019,2,0,0,21.70194,800,0,109.574,229.131,0.1145655,0.1615551,0.3172331,0,250,0.3172331,1601.486,16.84462,59.97317,7.919632,11.66505,3.099509,38.35819,28.82675,9.531441,321.8631,0,610.0399,0,5.684342e-14,-4.266032e-14,4.263256e-14
naive,2026-01-27 02:00:00,2120,2,22.919,3030.264,100.2385,4.468101,24.05836,1,1,2121.184,2120.867,530.5596,293.0909,823.6505,2,0,0,23.65054,800,0,112.6821,200.9244,0.1004622,0.1442804,0.3172331,0,250,0.3172331,1590.308,18.36814,60.03467,0,2.333661,5.690216,38.18132,28.62554,9.555784,322.7097,0,581.9059,0,-5.684342e-14,-2.783884e-14,4.263256e-14
naive,2026-01-27 02:15:00,2121,2.25,22.65535,3020.258,111.7359,4.196631,28.59815,1,1,2114.181,2113.863,607.7535,314.4245,922.178,2,106.7365,0.5628729,14.87861,800,0,3.571095,200,0.1,0.1265192,0.3172331,0,250,0.3172331,1506.11,11.58682,60.31196,1.428373,3.633758,17.01132,38.05525,27.10998,10.94527,344.4889,0,629.859,0,0,5.551115e-17,4.263256e-14
naive,2026-01-27 02:30:00,2122,2.5,22.35738,3026.787,112.0975,0,28.47186,1,1,2118.751,2118.434,998.9299,427.6288,1426.559,3,104.769,1.434303,20.35548,800,500,0,324.9685,0.1624843,0.1259371,0.3172331,0,250,0.3172331,1119.504,15.9005,60.62535,7.32857,0,12.57137,38.13752,20.15107,17.98645,449.9508,0,844.34,0,-5.684342e-14,1.24345e-13,4.263256e-14
naive,2026-01-27 02:45:00,2123,2.75,22.28977,3037.496,99.75617,7.887899,24.09434,1,1,2126.247,2125.93,525.3227,290.7822,816.1049,2,0,0,16.10492,800,0,97.29204,300.5943,0.1502972,0.2046279,0.3172331,0,250,0.3172331,1600.607,12.58892,60.69645,3.809826,6.5422,11.50542,38.27245,28.81093,9.461519,321.5775,0,592.7287,0,5.684342e-14,4.884981e-14,4.263256e-14
naive,2026-01-27 03:00:00,2124,3,21.97725,3044.245,100.8185,0.6624807,18.063,1,1,2130.972,2130.655,526.9831,291.5142,818.4972,2,0,0,18.49723,800,0,96.70986,276.3696,0.1381848,0.1892799,0.3172331,0,250,0.3172331,1603.671,14.50519,61.02515,6.486107,0,3.557807,38.35749,28.86609,9.491405,320.9902,0,584.5157,0,-5.684342e-14,-7.982504e-14,4.263256e-14
naive,2026-01-27 03:15:00,2125,3.25,21.89907,3053.758,106.4823,2.738269,23.0712,1,1,2137.631,2137.313,527.1999,291.6097,818.8096,2,0,0,18.80961,800,0,103.3406,250.4909,0.1252455,0.1740259,0.3172331,0,250,0.3172331,1610.113,14.76193,61.10738,9.943869,0,8.309272,38.47735,28.98204,9.495308,322.0143,0,592.436,0,-5.684342e-14,-1.121325e-14,4.263256e-14
naive,2026-01-27 03:30:00,2126,3.5,21.67329,3034.107,116.4273,0,17.34355,1,1,2123.875,2123.558,532.2868,293.8523,826.1391,2,0,0,26.13906,800,0,111.1366,222.6673,0.1113337,0.1577305,0.3172331,0,250,0.3172331,1591.271,20.56134,61.34484,9.351533,0,0,38.22975,28.64288,9.586872,322.4952,0,592.1088,0,5.684342e-14,-4.915512e-14,4.263256e-14
naive,2026-01-27 03:45:00,2127,3.75,21.66574,3048.63,130.0072,0,14.65944,1,1,2134.041,2133.724,562.8556,302.5394,865.395,2,40.25902,1.100948,24.035,800,0,90.52918,200,0.1,0.1402104,0.3172331,0,250,0.3172331,1570.868,18.90771,61.35278,0,0,0,38.41274,28.27563,10.13711,330.815,0,592.6081,0,-5.684342e-14,-3.275158e-15,4.263256e-14
naive,2026-01-27 04:00:00,2128,4,21.40672,3070.444,133.9939,2.559974,13.26675,1,1,2149.311,2148.993,1020.407,434.048,1454.455,3,130.3984,0.9778434,23.07865,800,500,0,324.9685,0.1624843,0.1259371,0.3172331,0,250,0.3172331,1128.587,18.2032,61.62521,3.595539,1.58213,0,38.68759,20.31456,18.37303,454.3626,0,848.3283,0,-1.136868e-13,1.24345e-13,4.263256e-14
naive,2026-01-27 04:15:00,2129,4.25,21.46572,3072.232,158.3194,0,10.30913,1,1,2150.563,2150.246,529.1873,292.4859,821.6732,2,0,0,21.67324,800,0,157.4242,285.5613,0.1427807,0.2046279,0.3172331,0,250,0.3172331,1621.058,17.08446,61.56315,3.120311,0,0,38.71013,29.17905,9.531082,321.665,0,579.4539,0,0,7.727152e-14,4.263256e-14
naive,2026-01-27 04:30:00,2130,4.5,21.42637,3068.963,204.706,3.076462,3.764439,1,1,2148.274,2147.957,529.4972,292.6225,822.1197,2,0,0,22.1197,800,0,189.754,238.0779,0.1190389,0.1798138,0.3172331,0,250,0.3172331,1618.459,17.44335,61.60453,15.10773,2.920727,0,38.66893,29.13227,9.53666,321.7548,0,605.3035,0,-5.684342e-14,3.089196e-14,4.263256e-14
naive,2026-01-27 04:45:00,2131,4.75,21.32462,3054.642,236.191,0.8368849,11.58293,1,1,2138.25,2137.932,594.0506,311.5148,905.5654,2,80.41457,0.1603934,24.99046,800,0,152.1615,200,0.1,0.1499141,0.3172331,0,250,0.3172331,1543.882,19.72755,61.71155,3.614847,0.6764915,0,38.48849,27.78987,10.69862,339.3047,0,616.5864,0,0,7.549517e-15,4.263256e-14
naive,2026-01-27 05:00:00,2132,5,21.16588,3065.945,315.4705,0,12.95595,1,1,2146.162,2145.844,1146.457,470.7563,1617.214,4,288.9484,2.040609,26.22455,800,500,0,324.9685,0.1624843,0.1259371,0.3172331,0,250,0.3172331,999.3872,20.73504,61.8785,26.52208,0,0,38.63091,17.98897,20.64194,488.7453,0,953.6278,0,-5.684342e-14,1.24345e-13,4.263256e-14
naive,2026-01-27 05:15:00,2133,5.25,21.11551,3042.872,356.6856,0.2910788,19.62653,1,1,2130.01,2129.693,524.6524,290.4867,815.1391,2,0,0,15.13912,800,0,344.4997,238.7924,0.1193962,0.2046279,0.3172331,0,250,0.3172331,1605.04,11.9762,61.93148,13.7155,0,7.650338,38.34018,28.89073,9.449454,320.6681,0,595.3226,0,0,4.884981e-14,4.263256e-14
naive,2026-01-27 05:30:00,2134,5.5,20.98054,3044.683,411.7796,5.615919,19.04551,1,1,2131.278,2130.961,725.969,348.6185,1074.588,3,257.3862,0.6466386,16.55468,800,0,155.0193,200,0.1,0.1503641,0.3172331,0,250,0.3172331,1404.992,13.11389,62.07344,0,4.969281,5.931619,38.36301,25.28985,13.07315,374.9066,0,688.5526,0,1.136868e-13,-1.038059e-14,4.263256e-14
naive,2026-01-27 05:45:00,2135,5.75,20.82678,3054.783,511.2856,12.65201,23.83728,1,1,2138.348,2138.031,1302.352,515.1589,1817.511,4,493.4161,2.659829,21.43473,800,500,0,324.9685,0.1624843,0.1259371,0.3172331,0,250,0.3172331,835.6795,17.00601,62.23515,17.86956,9.99218,6.831273,38.49027,15.04223,23.44804,531.3475,0,1040.742,0,0,1.24345e-13,4.263256e-14
naive,2026-01-27 06:00:00,2136,6,20.9856,3013.585,588.407,1.566689,19.76831,1,1,2109.51,2109.192,601.2716,313.4783,914.7499,2,90.66926,1.656781,22.42383,800,0,499.6694,200,0.1,0.2046279,0.3172331,0,250,0.3172331,1507.921,17.76226,62.06811,0,0,2.006059,37.97117,27.14258,10.8286,340.9585,0,612.0903,0,5.684342e-14,-7.993606e-15,4.263256e-14
naive,2026-01-27 06:15:00,2137,6.25,21.09502,3044.189,656.9084,7.136575,19.10412,1,1,2130.932,2130.615,1430.518,551.2455,1981.764,4,665.0354,2.453165,14.27527,800,500,0,324.9685,0.1624843,0.1259371,0.3172331,0,250,0.3172331,700.0967,11.29516,61.95303,0,4.68341,7.808961,38.35678,12.60174,25.75504,565.1642,0,1068.71,0,2.273737e-13,1.24345e-13,4.263256e-14
naive,2026-01-27 06:30:00,2138,6.5,21.30055,3028.353,712.2308,12.56679,13.67623,1,1,2119.847,2119.53,705.704,343.3543,1049.058,3,226.5387,1.930425,20.58917,800,0,499.6694,200,0.1,0.2046279,0.3172331,0,250,0.3172331,1413.826,16.25712,61.73687,0,10.63637,0,38.15725,25.44887,12.70838,368.8032,0,686.5001,0,-5.684342e-14,-7.993606e-15,4.263256e-14
naive,2026-01-27 06:45:00,2139,6.75,21.18257,3033.96,778.4032,8.024192,14.82543,1,1,2123.772,2123.455,1455.767,544.2334,2000,4,762.3624,0.3208807,26.03861,711.2781,500,0,324.9685,0.1624843,0.1259371,0.3172331,0,250,0.3172331,667.6884,20.58455,55.00042,16.0408,7.703311,0,38.2279,12.01839,26.20951,556.2518,0,1091.587,0,0,1.24345e-13,4.263256e-14
naive,2026-01-27 07:00:00,2140,7,21.00421,3041.147,817.045,8.529497,10.08592,1,1,2128.803,2128.486,754.8174,359.1044,1113.922,3,276.148,4.76659,33.00725,800,0,499.6694,200,0.1,0.2046279,0.3172331,0,250,0.3172331,1373.668,26.14063,62.04854,41.22754,3.762907,0,38.31846,24.72603,13.59242,383.8305,0,775.4648,0,0,-7.993606e-15,4.263256e-14
naive,2026-01-27 07:15:00,2141,7.25,20.89064,3061.735,806.1443,2.754745,10.7806,1,1,2143.215,2142.897,1458.148,541.8518,2000,4,774.0858,5.816464,36.34861,683.7492,500,0,324.9685,0.1624843,0.1259371,0.3172331,0,250,0.3172331,684.7491,28.8199,53.13413,32.05856,0,0,38.57786,12.32548,26.25238,554.1773,0,1103.88,0,0,1.24345e-13,4.263256e-14
naive,2026-01-27 07:30:00,2142,7.5,21.08393,3084.974,775.3585,0,18.42914,1,1,2159.482,2159.164,739.5331,355.4829,1095.016,3,249.9495,7.638361,37.42812,800,0,499.6694,200,0.1,0.2046279,0.3172331,0,250,0.3172331,1419.631,29.61794,61.9647,25.73954,0,0,38.87067,25.55336,13.31731,381.0363,0,736.763,0,5.684342e-14,-7.993606e-15,4.263256e-14
naive,2026-01-27 07:45:00,2143,7.75,21.30908,3125.896,701.3321,3.452055,20.27724,1,1,2188.127,2187.81,1447.257,552.7427,2000,4,692.882,2.963985,38.88097,765.2731,500,0,324.9685,0.1624843,0.1259371,0.3172331,0,250,0.3172331,740.5527,30.69759,59.04837,8.450144,0.4880697,0,39.38629,13.32995,26.05634,566.0726,0,1081.134,0,2.273737e-13,1.24345e-13,4.263256e-14
naive,2026-01-27 08:00:00,2144,8,21.19942,3121.926,614.254,371.7388,25.66082,1,1,2185.348,2185.031,813.6713,403.5739,1217.245,3,120.4325,255.6157,41.19696,800,0,499.6694,200,0.1,0.2046279,0.3172331,0,250,0.3172331,1371.36,32.56227,61.84323,0,116.1232,0,39.33627,24.68448,14.65179,428.2583,0,987.2555,0,-5.684342e-14,-7.993606e-15,4.263256e-14
naive,2026-01-27 08:15:00,2145,8.25,21.47901,3138.408,533.4278,379.1717,26.85587,1,1,2196.885,2196.568,1440.174,559.826,2000,4,541.0529,255.0783,44.76053,659.1084,500,0,324.9685,0.1624843,0.1259371,0.3172331,0,250,0.3172331,756.3941,35.27881,50.70947,0,124.0935,0,39.54394,13.61509,25.92884,573.4411,0,1303.895,0,0,1.24345e-13,4.263256e-14
naive,2026-01-27 08:30:00,2146,8.5,21.57811,3174.677,452.0341,385.543,29.14637,1,1,2222.274,2221.956,694.0416,365.1618,1059.203,3,0,209.8139,49.38944,800,0,499.6694,200,0.1,0.2046279,0.3172331,0,250,0.3172331,1527.915,38.88802,61.44495,0,130.8095,0,40.00093,27.50247,12.49846,392.6642,0,941.8492,0,1.136868e-13,-7.993606e-15,4.263256e-14
naive,2026-01-27 08:45:00,2147,8.75,21.58982,3183.929,389.8497,388.7985,23.12789,1,1,2228.75,2228.433,1406.438,575.1993,1981.637,4,374.4334,254.9338,52.27009,800,500,0,324.9685,0.1624843,0.1259371,0.3172331,0,250,0.3172331,821.9949,41.15127,61.43263,15.41632,133.8647,0,40.1175,14.79591,25.32159,589.9952,0,1368.389,0,0,1.24345e-13,4.263256e-14
naive,2026-01-27 09:00:00,2148,9,21.75885,3191.399,311.7187,387.3409,33.05428,1,1,2233.979,2233.662,588.2391,318.5188,906.7579,2,0,48.21526,58.54264,800,0,499.6694,200,0.1,0.2046279,0.3172331,0,250,0.3172331,1645.423,46.01037,61.25485,22.33564,128.8393,0,40.21162,29.61761,10.59401,348.1364,0,888.1379,0,-5.684342e-14,-7.993606e-15,4.263256e-14
naive,2026-01-27 09:15:00,2149,9.25,22.0212,3224.212,243.3968,405.4989,35.15992,1,1,2256.948,2256.631,1305.429,547.5455,1852.975,4,232.572,260.3652,60.03756,800,500,0,324.9685,0.1624843,0.1259371,0.3172331,0,250,0.3172331,951.2019,47.05926,60.97892,10.82481,145.1336,0,40.62507,17.12163,23.50344,564.6671,0,1329.761,0,0,1.24345e-13,4.263256e-14
naive,2026-01-27 09:30:00,2150,9.5,22.18886,3264.701,203.333,398.1165,47.44455,1,1,2285.291,2284.974,560.059,306.0957,866.1547,2,0,0,66.15468,800,0,468.3072,207.8405,0.1039203,0.2046279,0.3172331,0,250,0.3172331,1724.915,51.76532,60.80259,1.137535,132.0048,0,41.13524,31.04847,10.08677,337.1441,0,835.5558,0,0,-7.993606e-15,4.263256e-14
naive,2026-01-27 09:45:00,2151,9.75,22.36939,3297.397,177.6423,404.7687,47.9107,1,1,2308.178,2307.86,846.2271,417.0305,1263.258,3,127.961,271.0472,64.2494,800,0,31.23132,200,0.1,0.1308741,0.3172331,0,250,0.3172331,1461.633,50.18167,60.61272,18.45001,133.7215,0,41.5472,26.3094,15.2378,443.3399,0,1080.986,0,-1.136868e-13,-1.332268e-15,4.263256e-14
naive,2026-01-27 10:00:00,2152,10,22.47017,3282.646,114.2996,408.8205,51.49971,1,1,2297.852,2297.535,1264.655,539.3535,1804.008,4,150.3299,278.0411,75.63732,800,500,0,324.9685,0.1624843,0.1259371,0.3172331,0,250,0.3172331,1032.88,59.01516,60.50673,0,130.7795,0,41.36134,18.59184,22.7695,557.9453,0,1273.415,0,0,1.24345e-13,4.263256e-14
naive,2026-01-27 10:15:00,2153,10.25,22.50299,3308.983,113.2484,406.1272,54.78847,1,1,2316.288,2315.971,572.0343,311.3749,883.4092,2,0,0,83.40922,800,0,417.4064,220.5658,0.1102829,0.2046279,0.3172331,0,250,0.3172331,1743.936,65.05719,60.4722,0,125.7703,0,41.69318,31.39085,10.30233,342.7658,0,834.4541,0,5.684342e-14,-7.993606e-15,4.263256e-14
naive,2026-01-27 10:30:00,2154,10.5,22.67904,3329.202,77.15953,412.5412,58.82581,1,1,2330.442,2330.124,802.8939,408.7933,1211.687,3,36.6165,280.6323,94.43844,800,0,82.12418,200,0.1,0.138887,0.3172331,0,250,0.3172331,1527.231,73.52671,60.28704,0,131.909,0,41.94795,27.49015,14.4578,436.2835,0,1032.287,0,2.273737e-13,7.022161e-15,4.263256e-14
naive,2026-01-27 10:45:00,2155,10.75,22.69709,3390.615,86.64097,412.7887,61.32327,1,1,2373.43,2373.113,1250.385,538.9886,1789.374,4,100.5168,282.9029,105.9542,800,500,0,324.9685,0.1624843,0.1259371,0.3172331,0,250,0.3172331,1122.728,82.47725,60.26806,0,129.8857,0,42.72174,20.2091,22.51265,559.1977,0,1274.647,0,0,1.24345e-13,4.263256e-14
naive,2026-01-27 11:00:00,2156,11,23.01054,3400.568,82.09874,412.5455,67.29125,1,1,2380.397,2380.08,595.4578,321.7012,917.159,2,0,0,117.159,800,0,377.1378,230.6329,0.1153164,0.2046279,0.3172331,0,250,0.3172331,1784.622,90.90551,59.93839,0,129.5749,0,42.84715,32.1232,10.72395,353.8244,0,863.7348,0,0,-7.993606e-15,4.263256e-14
naive,2026-01-27 11:15:00,2157,11.25,23.13546,3405.584,86.63941,402.6014,85.40305,1,1,2383.909,2383.591,765.0178,396.4516,1161.469,3,0,239.7725,121.6969,800,0,122.3864,200,0.1,0.1452262,0.3172331,0,250,0.3172331,1618.574,94.30494,59.80701,6.754572,120.3274,0,42.91036,29.13433,13.77603,425.5859,0,1003.105,0,-5.684342e-14,-7.771561e-16,4.263256e-14
naive,2026-01-27 11:30:00,2158,11.5,23.54433,3452.166,60.37555,405.5539,100.2985,1,1,2416.516,2416.199,1256.783,543.8928,1800.676,4,83.00101,284.1267,133.5485,800,500,0,324.9685,0.1624843,0.1259371,0.3172331,0,250,0.3172331,1159.415,103.0521,59.37698,0,121.4272,0,43.49729,20.86948,22.62781,564.7623,0,1272.187,0,0,1.24345e-13,4.263256e-14
naive,2026-01-27 11:45:00,2159,11.75,23.57341,3440.502,71.7132,409.1924,107.0555,1,1,2408.351,2408.034,616.198,330.8445,947.0426,2,0,0,147.0426,800,0,381.8031,229.4666,0.1147333,0.2046279,0.3172331,0,250,0.3172331,1791.836,113.4305,59.34639,0,122.025,0,43.35033,32.25305,11.09728,363.0976,0,869.9236,0,-5.684342e-14,-7.993606e-15,4.263256e-14
naive,2026-01-27 12:00:00,2160,12,23.99391,3480.898,80.75749,420.5894,114.8413,1,1,2436.628,2436.311,816.705,419.2378,1235.943,3,0,274.3933,161.5495,800,0,117.7218,200,0.1,0.1444917,0.3172331,0,250,0.3172331,1619.606,124.0779,58.90413,0,133.0941,0,43.85931,29.15291,14.7064,448.3907,0,1060.102,0,-5.684342e-14,-1.471046e-15,4.263256e-14
naive,2026-01-27 12:15:00,2161,12.25,24.11179,3514.602,56.78326,416.9724,118.5665,1,1,2460.221,2459.904,1308.339,564.1209,1872.459,4,104.016,289.1707,179.2727,800,500,0,324.9685,0.1624843,0.1259371,0.3172331,0,250,0.3172331,1151.566,137.5211,58.78016,0,127.8017,0,44.28398,20.72818,23.5558,584.849,0,1324.028,0,0,1.24345e-13,4.263256e-14
naive,2026-01-27 12:30:00,2162,12.5,24.22721,3510.23,62.24426,421.7002,123.3787,1,1,2457.161,2456.844,648.7297,345.1861,993.9158,2,0,0,193.9158,800,0,381.5995,229.5175,0.1147587,0.2046279,0.3172331,0,250,0.3172331,1808.114,148.5749,58.65876,0,132.3304,0,44.2289,32.54606,11.68285,377.7321,0,917.7431,0,5.684342e-14,-7.993606e-15,4.263256e-14
naive,2026-01-27 12:45:00,2163,12.75,24.49457,3516.377,94.47304,411.8249,134.4638,1,1,2461.464,2461.147,841.944,430.3644,1272.308,3,0,266.8982,205.4101,800,0,117.9254,200,0.1,0.1445238,0.3172331,0,250,0.3172331,1619.203,156.9422,58.37757,0.0800782,121.3942,0,44.30635,29.14565,15.1607,459.51,0,1062.888,0,-1.136868e-13,-6.77236e-15,4.263256e-14
naive,2026-01-27 13:00:00,2164,13,24.83534,3530.444,110.1997,416.2863,140.7222,1,1,2471.311,2470.993,1336.212,576.2656,1912.478,4,105.2203,291.5093,215.748,800,500,0,324.9685,0.1624843,0.1259371,0.3172331,0,250,0.3172331,1134.781,164.2527,58.01917,4.979441,124.7771,0,44.48359,20.42607,24.05753,596.6917,0,1351.942,0,0,1.24345e-13,4.263256e-14
naive,2026-01-27 13:15:00,2165,13.25,25.04592,3579.964,102.1053,410.0012,149.6159,1,1,2505.975,2505.657,677.4775,357.8595,1035.337,3,0,0,235.3371,800,0,414.6353,221.2585,0.1106293,0.2046279,0.3172331,0,250,0.3172331,1828.18,178.7697,57.79769,0,116.0213,0,456.0506,332.7019,123.3487,690.5614,0,1516.237,0,5.684342e-14,-7.993606e-15,4.263256e-14
naive,2026-01-27 13:30:00,2166,13.5,25.20859,3571.947,90.3541,417.9976,160.7894,1,1,2500.363,2500.046,906.6583,455.1166,1361.775,3,31.75055,291.3262,238.6981,800,0,84.89481,200,0.1,0.1393233,0.3172331,0,250,0.3172331,1593.388,181.0122,57.62661,0,126.6714,0,456.516,290.9205,165.5955,746.0371,0,1645.752,0,1.136868e-13,-5.800915e-15,4.263256e-14
naive,2026-01-27 13:45:00,2167,13.75,25.67055,3550.032,92.99514,420.8681,173.5199,1,1,2485.022,2484.705,1358.32,585.9274,1944.248,4,105.9321,292.0821,246.2336,800,500,0,324.9685,0.1624843,0.1259371,0.3172331,0,250,0.3172331,1126.385,185.8166,57.14074,0,128.786,0,457.964,207.5811,250.3829,793.5085,0,1744.889,0,0,1.24345e-13,4.263256e-14
naive,2026-01-27 14:00:00,2168,14,25.9267,3557.605,92.53738,427.4357,184.6034,1,1,2490.324,2490.006,686.8073,361.9725,1048.78,3,0,0,248.7798,800,0,387.6993,227.9925,0.1139963,0.2046279,0.3172331,0,250,0.3172331,1803.199,187.2283,56.87133,0,136.3395,0,461.3365,334.0456,127.2909,696.0181,0,1563.242,0,0,-7.993606e-15,4.263256e-14
naive,2026-01-27 14:15:00,2169,14.25,25.95004,3548.838,87.16103,423.6385,186.8927,1,1,2484.187,2483.869,883.6953,448.7704,1332.466,3,0,272.7438,259.7219,800,0,111.8266,200,0.1,0.1435636,0.3172331,0,250,0.3172331,1600.174,195.4147,56.84679,0,131.5929,0,460.4186,296.5759,163.8427,745.3463,0,1653.738,0,-5.684342e-14,6.633583e-15,4.263256e-14
naive,2026-01-27 14:30:00,2170,14.5,26.088,3518.451,93.1527,417.988,184.5114,1,1,2462.916,2462.599,1367.925,590.8474,1958.772,4,100.1659,287.7167,270.8897,800,500,0,324.9685,0.1624843,0.1259371,0.3172331,0,250,0.3172331,1094.674,203.5184,56.70169,0,130.2713,0,457.7639,203.4589,254.305,794.3063,0,1749.541,0,1.136868e-13,1.24345e-13,4.263256e-14
naive,2026-01-27 14:45:00,2171,14.75,26.4704,3511.527,108.6061,417.0457,190.2316,1,1,2458.069,2457.752,710.0341,372.2121,1082.246,3,0,0,282.2462,800,0,378.7409,230.2321,0.1151161,0.2046279,0.3172331,0,250,0.3172331,1747.717,211.187,56.2995,11.96461,134.9462,0,460.4629,327.3948,133.0681,699.6069,0,1589.298,0,0,-6.483702e-14,4.263256e-14
naive,2026-01-27 15:00:00,2172,15,26.66077,3512.438,104.6109,409.7351,195.6472,1,1,2458.706,2458.389,895.1229,453.8083,1348.931,3,0,264.2299,284.7013,800,0,120.7835,200,0.1,0.1449738,0.3172331,0,250,0.3172331,1563.266,212.5904,56.09928,1.020635,128.312,0,462.3962,293.9954,168.4008,747.8037,0,1655.594,0,1.136868e-13,-4.274359e-15,4.263256e-14
naive,2026-01-27 15:15:00,2173,15.25,26.90311,3529.851,100.3892,416.8138,203.2979,1,1,2470.896,2470.579,1381.446,595.5483,1976.994,4,110.7558,279.3582,286.88,800,500,0,324.9685,0.1624843,0.1259371,0.3172331,0,250,0.3172331,1089.133,213.6611,55.8444,0,137.4556,0,467.03,205.8597,261.1704,801.408,0,1777.102,0,0,1.24345e-13,4.263256e-14
naive,2026-01-27 15:30:00,2174,15.5,27.2886,3525.698,115.0836,412.9331,205.1734,1,1,2467.989,2467.672,715.5644,374.6501,1090.215,3,0,0,290.2145,800,0,405.7652,223.4761,0.111738,0.2046279,0.3172331,0,250,0.3172331,1752.107,215.2496,55.43897,0,138.4444,0,470.2495,333.8457,136.4038,708.4958,0,1593.439,0,5.684342e-14,-7.993606e-15,4.263256e-14
naive,2026-01-27 15:45:00,2175,15.75,27.31504,3518.508,138.0138,403.9718,204.9584,1,1,2462.956,2462.639,935.7315,466.6787,1402.41,3,42.29869,274.9341,285.1774,800,0,93.76353,200,0.1,0.1407196,0.3172331,0,250,0.3172331,1526.907,211.4533,55.41116,1.951592,129.0377,0,469.5507,291.0975,178.4532,757.7762,0,1679.172,0,0,3.108624e-15,4.263256e-14
naive,2026-01-27 16:00:00,2176,16,27.45539,3482.964,161.7045,392.9376,217.4843,1,1,2438.075,2437.758,1397.608,599.048,1996.656,4,141.2306,273.681,281.744,800,500,0,324.9685,0.1624843,0.1259371,0.3172331,0,250,0.3172331,1040.15,208.5911,55.26354,20.47383,119.2565,8.893259,466.1794,198.885,267.2944,799.6335,0,1778.13,0,1.136868e-13,1.24345e-13,4.263256e-14
naive,2026-01-27 16:15:00,2177,16.25,27.44563,3488.76,191.1777,400.5949,209.1732,1,1,2442.132,2441.814,704.199,369.6396,1073.839,3,0,0,273.8386,800,0,433.7682,216.4753,0.1082377,0.2046279,0.3172331,0,250,0.3172331,1737.616,202.7597,55.27381,30.44623,127.5582,6.413487,466.8592,332.1778,134.6815,703.0435,0,1616.462,0,1.136868e-13,-7.993606e-15,4.263256e-14
naive,2026-01-27 16:30:00,2178,16.5,27.50911,3448.545,215.409,403.8293,203.1388,1,1,2413.982,2413.664,985.7651,477.9885,1463.754,3,132.6452,266.7531,264.3553,800,0,65.76493,200,0.1,0.1363113,0.3172331,0,250,0.3172331,1427.899,195.6036,55.20704,16.99886,137.0762,7.53516,462.0947,273.3346,188.7601,752.7654,0,1709.202,0,0,7.21645e-16,4.263256e-14
naive,2026-01-27 16:45:00,2179,16.75,27.6289,3411.581,276.9765,397.4897,199.7382,1,1,2388.107,2387.79,1410.087,589.9131,2000,4,229.1635,266.994,260.2799,743.5625,500,0,324.9685,0.1624843,0.1259371,0.3172331,0,250,0.3172331,977.7029,192.3388,51.19526,47.81302,130.4957,7.399455,458.2977,187.6293,270.6683,778.9625,0,1807.913,0,1.136868e-13,1.24345e-13,4.263256e-14
naive,2026-01-27 17:00:00,2180,17,27.48932,3384.217,297.4694,393.5613,187.2783,1,1,2368.952,2368.635,707.025,370.8855,1077.911,3,0,27.9172,249.9933,800,0,499.6694,200,0.1,0.2046279,0.3172331,0,250,0.3172331,1661.61,185.0164,55.22786,35.73679,127.7073,2.261863,453.286,317.9399,135.3461,689.2582,0,1598.326,0,5.684342e-14,-7.993606e-15,4.263256e-14
naive,2026-01-27 17:15:00,2181,17.25,27.53018,3350.359,343.37,379.1477,178.6321,1,1,2345.252,2344.934,1419.629,580.3713,2000,4,308.6938,259.2559,246.4324,685.6179,500,0,324.9685,0.1624843,0.1259371,0.3172331,0,250,0.3172331,925.3057,182.3005,47.29468,34.67626,119.8918,0,449.1373,177.2046,271.9327,757.5759,0,1728.575,0,0,1.24345e-13,4.263256e-14
naive,2026-01-27 17:30:00,2182,17.5,27.55534,3341.39,377.7585,382.655,169.3352,1,1,2338.973,2338.655,758.8493,393.7322,1152.582,3,0,116.6767,235.9048,800,0,499.6694,200,0.1,0.2046279,0.3172331,0,250,0.3172331,1579.806,174.4651,55.15842,19.53114,124.5363,0,448.1724,302.7079,145.4645,696.4401,0,1579.343,0,0,-7.993606e-15,4.263256e-14
naive,2026-01-27 17:45:00,2183,17.75,27.68399,3344.239,440.3009,378.5131,162.5972,1,1,2340.968,2340.65,1434.16,565.84,2000,4,426.9309,253.7595,226.5664,592.7432,500,0,324.9685,0.1624843,0.1259371,0.3172331,0,250,0.3172331,906.4904,167.3256,40.76822,13.37005,124.7536,0,449.7743,174.1656,275.6087,740.0056,0,1672.41,0,2.273737e-13,1.24345e-13,4.263256e-14
naive,2026-01-27 18:00:00,2184,18,27.5811,3328.128,478.1454,8.246832,161.0399,1,1,2329.689,2329.372,660.173,350.2308,1010.404,3,0,0,210.4038,800,0,489.3677,202.5754,0.1012877,0.2046279,0.3172331,0,250,0.3172331,1669.199,155.5623,55.13133,0,7.123182,5.477581,446.6361,320.0103,126.6258,671.2913,0,1292.847,0,0,-6.483702e-14,4.263256e-14
naive,2026-01-27 18:15:00,2185,18.25,27.37598,3300.61,522.2533,12.52849,151.2855,1,1,2310.427,2310.11,1068.194,466.4617,1534.655,4,535.0131,1.575588,198.0665,800,0,10.1742,200,0.1,0.1275588,0.3172331,0,250,0.3172331,1241.917,146.7657,55.34706,0,10.95291,4.51976,441.0356,237.0684,203.9671,704.3929,0,1365.414,0,-3.410605e-13,-6.661338e-16,4.263256e-14
naive,2026-01-27 18:30:00,2186,18.5,27.37589,3290.343,589.8979,14.42645,141.3093,1,1,2303.24,2302.923,1441.192,558.8079,2000,4,592.1355,7.285492,179.1694,721.4096,500,0,324.9685,0.1624843,0.1259371,0.3172331,0,250,0.3172331,861.7308,132.7633,49.90997,0,7.140957,8.546075,439.6627,164.4947,275.168,724.934,0,1406.037,0,0,1.24345e-13,4.263256e-14
naive,2026-01-27 18:45:00,2187,18.75,27.16263,3260.545,650.5929,8.138994,130.4033,1,1,2282.381,2282.064,749.8232,371.9091,1121.732,3,150.001,3.734162,167.9971,800,0,499.6694,200,0.1,0.2046279,0.3172331,0,250,0.3172331,1532.241,124.7713,55.57145,0.9224068,4.404832,5.632061,433.7388,291.1837,142.5551,664.1631,0,1274.998,0,-1.136868e-13,-7.993606e-15,4.263256e-14
naive,2026-01-27 19:00:00,2188,19,27.10756,3269.42,701.0554,8.320655,122.8413,1,0,2288.594,2288.277,1452.071,547.9293,2000,4,685.4348,1.470798,153.5244,659.57,500,0,324.9685,0.1624843,0.1259371,0.3172331,0,250,0.3172331,836.2061,114.0901,45.86433,15.62064,6.849857,8.751227,434.4193,158.728,275.6912,708.3185,0,1403.801,0,0,1.24345e-13,4.263256e-14
naive,2026-01-27 19:15:00,2189,19.25,27.08839,3285.184,699.0155,10.40492,120.6896,1,0,2299.629,2299.312,781.501,378.711,1160.212,3,210.2166,4.995139,145.0003,800,0,499.6694,200,0.1,0.2046279,0.3172331,0,250,0.3172331,1517.811,107.7777,55.64954,0,5.40978,12.91194,436.3393,287.9945,148.3448,669.1554,0,1285.037,0,0,-7.993606e-15,4.263256e-14
naive,2026-01-27 19:30:00,2190,19.5,26.86635,3253.68,722.901,0,105.9861,1,0,2277.576,2277.259,1457.481,542.5185,2000,4,730.1285,4.105572,139.7041,626.0618,500,0,324.9685,0.1624843,0.1259371,0.3172331,0,250,0.3172331,819.7774,104.0892,43.73282,0,0,1.896906,430.1614,154.8298,275.3316,697.7066,0,1346.214,0,0,1.24345e-13,4.263256e-14
naive,2026-01-27 19:45:00,2191,19.75,26.73133,3224.27,709.9539,0,91.99879,1,0,2256.989,2256.672,777.1174,375.9453,1153.063,3,217.2209,2.920876,132.9209,800,0,499.6694,200,0.1,0.2046279,0.3172331,0,250,0.3172331,1479.554,99.17888,56.02507,0,0,0,425.0807,278.6589,146.4218,654.6042,0,1246.18,0,-5.684342e-14,-7.993606e-15,4.263256e-14
naive,2026-01-27 20:00:00,2192,20,26.46471,3229.645,728.3315,5.466548,80.27728,1,0,2260.751,2260.434,1451.344,548.6564,2000,4,691.0139,1.056728,125.2306,682.6988,500,0,324.9685,0.1624843,0.1259371,0.3172331,0,250,0.3172331,809.0905,93.70782,48.04961,37.31765,4.409819,0,423.4503,151.5468,271.9035,700.2032,0,1418.331,0,0,1.24345e-13,4.263256e-14
naive,2026-01-27 20:15:00,2193,20.25,25.95337,3262.324,670.1226,10.3964,69.42515,0,0,2283.627,2283.309,716.6724,356.3138,1072.986,3,158.2456,0.5545692,114.1861,800,0,499.6694,200,0.1,0.2046279,0.3172331,0,250,0.3172331,1566.637,85.91053,56.84328,12.20762,9.841835,0,423.2756,290.3799,132.8957,0,646.6937,3530.902,0,-1.136868e-13,-7.993606e-15,4.263256e-14
naive,2026-01-27 20:30:00,2194,20.5,25.61628,3226.503,604.0519,3.667578,63.07309,0,0,2258.552,2258.235,1442.382,557.6181,2000,4,630.9692,1.516548,106.84,760.6743,500,0,324.9685,0.1624843,0.1259371,0.3172331,0,250,0.3172331,815.8532,80.67164,54.38613,0,2.151029,0,415.7705,150.1881,265.5824,0,707.8062,3835.46,0,0,1.24345e-13,4.263256e-14
naive,2026-01-27 20:45:00,2195,20.75,25.18864,3233.702,548.0222,0.5468981,60.52686,0,0,2263.591,2263.274,628.5442,328.9135,957.4577,2,61.98646,3.569897,91.90135,800,0,499.6694,200,0.1,0.2046279,0.3172331,0,250,0.3172331,1634.73,69.70634,57.64758,0,0,0,413.1207,298.3492,114.7715,0,627.2627,3385.091,0,5.684342e-14,-7.993606e-15,4.263256e-14
naive,2026-01-27 21:00:00,2196,21,25.02916,3217.761,506.9345,7.426129,51.84115,0,0,2252.433,2252.116,1348.712,535.4498,1884.162,4,494.6513,5.995821,83.5144,800,500,0,324.9685,0.1624843,0.1259371,0.3172331,0,250,0.3172331,903.4039,63.45146,57.81532,12.28317,1.430309,0,409.7722,164.3511,245.4211,0,699.8009,3807.518,0,0,1.24345e-13,4.263256e-14
naive,2026-01-27 21:15:00,2197,21.25,24.71862,3169.582,437.9026,1.856223,46.23037,0,0,2218.707,2218.39,569.7894,310.3853,880.1746,2,0,0,80.17463,800,0,435.116,216.1383,0.1080692,0.2046279,0.3172331,0,250,0.3172331,1648.6,61.1132,58.14192,9.204307,0,0,39.93673,29.67481,10.26192,0,340.0601,1820.798,0,-5.684342e-14,-7.993606e-15,4.263256e-14
naive,2026-01-27 21:30:00,2198,21.5,24.52213,3150.553,365.1258,0.4294101,49.4873,0,0,2205.387,2205.07,803.3083,377.1707,1180.479,3,303.9806,5.834564,70.66388,800,0,64.41729,200,0.1,0.1360991,0.3172331,0,250,0.3172331,1401.762,53.9747,58.34859,0,0,0,39.69697,25.23171,14.46526,0,402.4024,2147.571,0,-5.684342e-14,2.498002e-15,4.263256e-14
naive,2026-01-27 21:45:00,2199,21.75,24.33043,3142.763,301.8183,0.6552531,39.31431,0,0,2199.934,2199.617,1192.721,488.8246,1681.546,4,308.5119,9.766876,63.26727,800,500,0,324.9685,0.1624843,0.1259371,0.3172331,0,250,0.3172331,1006.896,48.42202,58.5502,0,0,0,39.59882,18.12412,21.4747,0,506.9487,2722.349,0,-5.684342e-14,1.24345e-13,4.263256e-14
naive,2026-01-27 22:00:00,2200,22,24.27679,3116.579,253.9505,6.561523,29.0475,0,0,2181.605,2181.288,556.5666,304.556,861.1226,2,0,0,61.12258,800,0,266.4962,258.2933,0.1291467,0.2046279,0.3172331,0,250,0.3172331,1624.721,46.8068,58.60662,0,0,0,39.26889,29.24498,10.02391,0,333.801,1769.973,0,0,1.056932e-13,4.263256e-14
naive,2026-01-27 22:15:00,2201,22.25,24.03125,3150.568,191.5936,6.168093,28.17018,0,0,2205.398,2205.081,552.1629,302.6147,854.7776,2,0,0,54.77762,800,0,219.2848,203.4314,0.1017157,0.1626435,0.3172331,0,250,0.3172331,1652.918,42.05552,58.86487,0,1.789201,0,39.69716,29.75252,9.944643,0,332.3672,1764.883,0,0,1.86795e-14,4.263256e-14
naive,2026-01-27 22:30:00,2202,22.5,23.7742,3073.59,197.5118,4.358798,26.97506,0,0,2151.513,2151.196,685.4994,340.8818,1026.381,3,172.4468,4.297039,49.63732,800,0,13.5977,200,0.1,0.1280978,0.3172331,0,250,0.3172331,1465.696,38.21112,59.13521,11.46729,0.06175827,0,38.72723,26.38253,12.3447,0,367.2644,1973.314,0,-1.136868e-13,2.775558e-16,4.263256e-14
naive,2026-01-27 22:45:00,2203,22.75,23.63203,3054.813,176.1387,4.410606,29.68905,0,0,2138.369,2138.052,1059.903,448.3065,1508.209,4,156.9055,5.646029,45.65784,800,500,0,324.9685,0.1624843,0.1259371,0.3172331,0,250,0.3172331,1078.149,35.19963,59.28474,19.2332,0,0,38.49064,19.40668,19.08396,0,467.7132,2538.905,0,-1.136868e-13,1.24345e-13,4.263256e-14
naive,2026-01-27 23:00:00,2204,23,23.63036,3038.323,147.6034,0,24.60297,0,1,2126.826,2126.509,549.0552,301.2446,850.2998,2,0,0,50.29984,800,0,157.646,285.5059,0.1427529,0.2046279,0.3172331,0,250,0.3172331,1577.453,38.77902,59.2865,0,0,0,38.28287,28.39416,9.888704,0,329.6388,1746.316,0,-5.684342e-14,2.04281e-14,4.263256e-14
naive,2026-01-27 23:15:00,2205,23.25,23.40291,3018.788,126.9284,0,32.2347,0,1,2113.152,2112.834,545.3026,299.5903,844.8929,2,0,0,44.89292,800,0,148.6351,248.3022,0.1241511,0.1797789,0.3172331,0,250,0.3172331,1567.532,34.6922,59.52572,0,0,0,38.03673,28.21557,9.821157,0,327.8059,1735.966,0,-5.684342e-14,-3.275158e-15,4.263256e-14
naive,2026-01-27 23:30:00,2206,23.5,23.229,3004.298,115.8332,4.47507,27.52453,0,1,2103.009,2102.691,540.968,297.6794,838.6474,2,0,0,38.64741,800,0,126.1353,216.7292,0.1083646,0.1563522,0.3172331,0,250,0.3172331,1561.723,29.91959,59.70863,0,3.174602,0,37.85416,28.11102,9.743134,0,325.7904,1730.151,0,-5.684342e-14,-1.262879e-14,4.263256e-14
naive,2026-01-27 23:45:00,2207,23.75,22.98473,3009.604,102.5582,3.177395,26.67304,0,1,2106.723,2106.406,582.2973,309.3225,891.6197,2,55.28728,0.6940207,35.63844,800,0,66.78044,200,0.1,0.1364712,0.3172331,0,250,0.3172331,1524.108,27.65978,59.96554,0,2.483374,0,37.92101,27.43395,10.48706,0,336.7564,1788.983,0,-5.684342e-14,-7.077672e-15,4.263256e-14
naive,2026-01-28 00:00:00,2208,0,22.67543,3024.409,101.8879,0,27.82368,1,1,2117.086,2116.769,1013.253,432.9766,1446.23,3,112.8941,0.7136484,32.62209,800,500,0,324.9685,0.1624843,0.1259371,0.3172331,0,250,0.3172331,1103.516,25.39945,60.29084,0,0,2.424225,38.10755,19.86328,18.24427,453.2611,0,838.695,0,5.684342e-14,1.24345e-13,4.263256e-14
naive,2026-01-28 00:15:00,2209,0.25,22.25956,3025.757,89.58553,0,25.20647,1,1,2118.03,2117.712,533.8337,294.5343,828.368,2,0,0,28.36801,800,0,96.77084,300.7246,0.1503623,0.2046279,0.3172331,0,250,0.3172331,1583.879,22.18162,60.72823,0,0,3.02486,38.12453,28.50982,9.614717,323.5655,0,578.8117,0,0,4.884981e-14,4.263256e-14
naive,2026-01-28 00:30:00,2210,0.5,22.04011,3040.163,84.83205,0,19.7709,1,1,2128.114,2127.797,533.4885,294.3821,827.8706,2,0,0,27.87063,800,0,98.05562,276.1634,0.1380817,0.1893619,0.3172331,0,250,0.3172331,1594.308,21.84163,60.95904,0,0,0,38.30605,28.69754,9.608504,323.0796,0,577.5804,0,-5.684342e-14,2.500777e-14,4.263256e-14
naive,2026-01-28 00:45:00,2211,0.75,21.79998,3031.858,68.17354,8.211139,17.33582,1,1,2122.301,2121.984,532.3244,293.8689,826.1933,2,0,0,26.19329,800,0,111.167,248.3282,0.1241641,0.173896,0.3172331,0,250,0.3172331,1589.659,20.57745,61.21159,0,6.909913,0,38.20142,28.61387,9.58755,322.4828,0,588.0221,0,5.684342e-14,-2.700618e-14,4.263256e-14
naive,2026-01-28 01:00:00,2212,1,21.56759,3004.115,92.18044,4.180076,18.09263,1,1,2102.88,2102.563,530.5659,293.0937,823.6596,2,0,0,23.6596,800,0,95.39149,224.4412,0.1122206,0.1563686,0.3172331,0,250,0.3172331,1571.997,18.63097,61.45601,0,3.58002,0,37.85184,28.29595,9.555897,321.3896,0,579.8167,0,5.684342e-14,5.281886e-14,4.263256e-14
naive,2026-01-28 01:15:00,2213,1.25,21.63216,2989.814,87.72905,6.502731,16.54396,1,1,2092.87,2092.552,543.4098,296.8309,840.2406,2,16.18203,2.422201,21.63639,800,0,97.62353,200,0.1,0.1413273,0.3172331,0,250,0.3172331,1549.143,17.0266,61.3881,0,4.08053,0,37.67165,27.88457,9.787086,324.7154,0,587.4082,0,0,4.107825e-15,4.263256e-14
naive,2026-01-28 01:30:00,2214,1.5,21.39693,3024.366,82.96356,12.42429,17.90351,1,1,2117.056,2116.739,1006.581,430.2088,1436.79,3,111.4346,5.54393,19.81112,800,500,0,324.9685,0.1624843,0.1259371,0.3172331,0,250,0.3172331,1110.158,15.6275,61.6355,0,6.880359,2.276008,38.10702,19.98285,18.12417,450.5776,0,843.684,0,-5.684342e-14,1.24345e-13,4.263256e-14
naive,2026-01-28 01:45:00,2215,1.75,21.25666,3008.347,92.01405,10.2383,18.0158,1,1,2105.843,2105.526,530.7034,293.1542,823.8576,2,0,0,23.85761,800,0,120.7802,294.7223,0.1473611,0.2046279,0.3172331,0,250,0.3172331,1574.822,18.84624,61.78303,0,1.513561,0,37.90517,28.3468,9.558371,321.501,0,576.1071,0,0,1.056932e-13,4.263256e-14
naive,2026-01-28 02:00:00,2216,2,21.03542,2998.976,70.13136,8.325615,20.33303,1,1,2099.284,2098.966,533.2883,294.2938,827.5822,2,0,0,27.58216,800,0,108.8444,267.4648,0.1337324,0.1855823,0.3172331,0,250,0.3172331,1565.678,21.83725,62.01571,0,4.874236,0,37.7871,28.1822,9.6049,322.476,0,583.5924,0,-5.684342e-14,3.683165e-14,4.263256e-14
naive,2026-01-28 02:15:00,2217,2.25,21.02315,3013.728,79.93143,4.682103,15.12885,1,1,2109.61,2109.292,532.7322,294.0486,826.7808,2,0,0,26.78082,800,0,114.0909,238.9,0.11945,0.1684187,0.3172331,0,250,0.3172331,1576.56,21.20545,62.02862,0,2.103778,0,37.97297,28.37808,9.594889,322.4267,0,578.7003,0,0,-1.962319e-14,4.263256e-14
naive,2026-01-28 02:30:00,2218,2.5,20.82675,3030.704,90.94382,0,18.16603,1,1,2121.493,2121.175,534.365,294.7685,829.1334,2,0,0,29.13343,800,0,109.7253,211.431,0.1057155,0.1504318,0.3172331,0,250,0.3172331,1586.81,23.11406,62.23518,0,0,0,38.18687,28.56259,9.62428,323.3311,0,576.6475,0,0,-8.520962e-15,4.263256e-14
naive,2026-01-28 02:45:00,2219,2.75,20.92171,3029.621,90.81534,0,16.97068,1,1,2120.735,2120.418,575.1758,306.5093,881.6852,2,52.54377,4.968973,24.17241,800,0,45.59105,200,0.1,0.133135,0.3172331,0,250,0.3172331,1545.242,19.15969,62.13531,0,0,0,38.17323,27.81435,10.35888,334.3237,0,598.7452,0,0,-5.273559e-16,4.263256e-14
naive,2026-01-28 03:00:00,2220,3,20.7475,3050.402,60.73768,0,14.85589,1,1,2135.282,2134.964,994.1217,426.3145,1420.436,3,97.99848,1.492051,20.9457,800,500,0,324.9685,0.1624843,0.1259371,0.3172331,0,250,0.3172331,1140.843,16.63131,62.31854,0,0,0,38.43507,20.53517,17.8999,446.8497,0,823.591,0,0,1.24345e-13,4.263256e-14
naive,2026-01-28 03:15:00,2221,3.25,20.72112,3082.597,87.53054,0,9.912945,1,1,2157.818,2157.501,531.276,293.4067,824.6827,2,0,0,24.68269,800,0,106.8036,298.2165,0.1491082,0.2046279,0.3172331,0,250,0.3172331,1626.225,19.60376,62.34628,0,0,0,38.84073,29.27205,9.568678,322.6787,0,575.2179,0,0,7.727152e-14,4.263256e-14
naive,2026-01-28 03:30:00,2222,3.5,20.73718,3114.246,107.9173,0,10.02178,1,1,2179.972,2179.655,530.8405,293.2147,824.0553,2,0,0,24.05525,800,0,114.48,269.5495,0.1347748,0.1877825,0.3172331,0,250,0.3172331,1648.814,19.10234,62.32939,0,0,0,39.2395,29.67866,9.56084,322.8934,0,575.6662,0,0,-9.853229e-14,4.263256e-14
naive,2026-01-28 03:45:00,2223,3.75,20.60059,3106.249,103.4239,0,14.76663,1,1,2174.374,2174.057,528.8167,292.3225,821.1392,2,0,0,21.13924,800,0,131.255,236.6933,0.1183467,0.1697314,0.3172331,0,250,0.3172331,1645.24,16.80982,62.47304,0,0,0,39.13873,29.61432,9.524411,321.9368,0,573.5915,0,-5.684342e-14,3.314016e-14,4.263256e-14
naive,2026-01-28 04:00:00,2224,4,20.6202,3063.783,142.3005,1.120883,14.55671,1,1,2144.648,2144.331,527.7882,291.8691,819.6573,2,0,0,19.65728,800,0,134.4587,203.0414,0.1015207,0.1490423,0.3172331,0,250,0.3172331,1616.543,15.62829,62.45242,9.697049,0,0,38.60367,29.09777,9.505897,320.9669,0,588.4022,0,5.684342e-14,1.179612e-14,4.263256e-14
naive,2026-01-28 04:15:00,2225,4.25,20.54888,3038.006,146.2336,8.510177,10.28757,1,1,2126.604,2126.287,639.1885,323.734,962.9225,2,144.9724,1.017621,16.93249,800,0,12.03764,200,0.1,0.1278522,0.3172331,0,250,0.3172331,1487.099,13.47164,62.52743,0,7.492557,0,38.27888,26.76777,11.5111,350.5018,0,643.5849,0,-1.136868e-13,-3.608225e-16,4.263256e-14
naive,2026-01-28 04:30:00,2226,4.5,20.38443,3018.824,168.9984,1.390986,12.45377,1,1,2113.177,2112.859,1066.259,446.2132,1512.472,4,198.0577,1.760995,12.65353,800,500,0,324.9685,0.1624843,0.1259371,0.3172331,0,250,0.3172331,1046.6,10.08391,62.70039,0,0,2.369857,38.03718,18.83881,19.19837,465.4465,0,860.3551,0,-5.684342e-14,1.24345e-13,4.263256e-14
naive,2026-01-28 04:45:00,2227,4.75,20.24732,3037.626,235.6974,4.000659,12.46586,1,1,2126.338,2126.021,527.6035,291.7877,819.3912,2,0,0,19.39117,800,0,235.3611,266.0771,0.1330385,0.2046279,0.3172331,0,250,0.3172331,1598.417,15.47457,62.84459,0.8767906,3.460176,0,38.27409,28.77151,9.502573,320.5592,0,577.8995,0,5.684342e-14,1.056932e-13,4.263256e-14
naive,2026-01-28 05:00:00,2228,5,20.25712,3076.33,301.4347,3.649723,8.359824,1,1,2153.431,2153.113,559.8549,301.325,861.1799,2,39.34652,0.9146084,20.91877,800,0,264.1408,200,0.1,0.1675448,0.3172331,0,250,0.3172331,1593.259,16.69199,62.83429,0,2.735114,0,38.76175,28.67865,10.0831,330.0037,0,594.0369,0,5.684342e-14,1.376677e-14,4.263256e-14
naive,2026-01-28 05:15:00,2229,5.25,20.47042,3091.167,360.0245,0,8.192257,1,1,2163.817,2163.5,1189.326,482.3421,1671.668,4,350.4223,0.7970036,20.44893,800,500,0,324.9685,0.1624843,0.1259371,0.3172331,0,250,0.3172331,974.1739,16.28219,62.60995,9.602268,0,0,38.94871,17.53513,21.41358,499.8772,0,945.8822,0,1.705303e-13,1.24345e-13,4.263256e-14
naive,2026-01-28 05:30:00,2230,5.5,20.39845,3115.412,441.7849,0.2621364,5.245214,1,1,2180.788,2180.471,528.5441,292.2023,820.7464,2,0,0,20.7464,800,0,415.2364,221.1083,0.1105541,0.2046279,0.3172331,0,250,0.3172331,1651.927,16.53099,62.68565,29.9304,0,0,39.25419,29.73469,9.519504,321.937,0,624.9826,0,5.684342e-14,4.884981e-14,4.263256e-14
naive,2026-01-28 05:45:00,2231,5.75,20.47743,3188.053,510.3642,0,6.32442,1,1,2231.637,2231.32,863.0373,389.8631,1252.9,3,418.6337,8.097836,26.16893,800,0,84.29384,200,0.1,0.1392286,0.3172331,0,250,0.3172331,1368.282,20.83519,62.60258,7.436595,0,0,40.16946,24.62908,15.54038,414.4922,0,771.3847,0,5.684342e-14,4.052314e-15,4.263256e-14
naive,2026-01-28 06:00:00,2232,6,20.3942,3146.903,577.7575,0,8.245115,1,1,2202.832,2202.515,1377.769,536.9998,1914.768,4,589.3028,1.566042,23.89949,800,500,0,324.9685,0.1624843,0.1259371,0.3172331,0,250,0.3172331,824.7467,19.04422,62.69011,0,0,0,39.65098,14.84544,24.80554,551.8452,0,1033.164,0,-2.273737e-13,1.24345e-13,4.263256e-14
naive,2026-01-28 06:15:00,2233,6.25,20.46593,3177.071,648.8351,0,4.925074,1,1,2223.95,2223.633,656.1481,329.3414,985.4895,2,160.6864,5.056927,19.74615,800,0,499.6694,200,0.1,0.2046279,0.3172331,0,250,0.3172331,1567.485,15.72331,62.61467,0,0,0,40.0311,28.21472,11.81638,357.5561,0,644.6707,0,0,-7.993606e-15,4.263256e-14
naive,2026-01-28 06:30:00,2234,6.5,20.34841,3171.687,733.1564,0,13.24217,1,1,2220.181,2219.864,1449.896,550.1043,2000,4,718.4094,7.798995,18.8535,754.9381,500,0,324.9685,0.1624843,0.1259371,0.3172331,0,250,0.3172331,769.968,15.03025,59.20439,14.74702,0,0,39.96326,13.85942,26.10383,563.9638,0,1086.761,0,0,1.24345e-13,4.263256e-14
naive,2026-01-28 06:45:00,2235,6.75,20.3152,3155.951,786.3493,0,16.30282,1,1,2209.166,2208.849,743.2695,354.5972,1097.867,3,271.2413,4.562984,22.06238,800,0,499.6694,200,0.1,0.2046279,0.3172331,0,250,0.3172331,1465.579,17.59427,62.77321,15.43857,0,0,39.76499,26.38043,13.38456,380.9777,0,717.967,0,-1.136868e-13,-7.993606e-15,4.263256e-14
naive,2026-01-28 07:00:00,2236,7,20.39946,3151.684,798.2412,0,25.62274,1,1,2206.179,2205.862,1460.693,539.3075,2000,4,798.2277,6.864795,21.89074,673.0168,500,0,324.9685,0.1624843,0.1259371,0.3172331,0,250,0.3172331,745.1692,17.44264,52.73472,0.01349297,0,8.180107,39.71122,13.41305,26.29818,554.0825,0,1048.862,0,-2.273737e-13,1.24345e-13,4.263256e-14
naive,2026-01-28 07:15:00,2237,7.25,20.40087,3153.339,817.5813,1.527789,22.04112,1,1,2207.337,2207.02,760.3125,359.641,1119.954,3,292.0013,4.184697,23.76746,800,0,499.6694,200,0.1,0.2046279,0.3172331,0,250,0.3172331,1446.708,18.93775,62.6831,25.91051,0,3.103372,39.73207,26.04074,13.69133,386.1985,0,746.5741,0,-1.136868e-13,-7.993606e-15,4.263256e-14
naive,2026-01-28 07:30:00,2238,7.5,20.47942,3212.363,774.9106,1.734675,29.76618,1,1,2248.654,2248.337,1456.308,543.6921,2000,4,763.8623,3.500909,29.48749,703.1493,500,0,324.9685,0.1624843,0.1259371,0.3172331,0,250,0.3172331,792.0288,23.47689,55.02186,11.04825,0,6.289283,40.47577,14.25652,26.21925,558.9973,0,1075.153,0,0,1.24345e-13,4.263256e-14
naive,2026-01-28 07:45:00,2239,7.75,20.73818,3226.122,694.7474,3.861937,31.19589,1,1,2258.285,2257.968,692.0725,340.7346,1032.807,3,198.0437,3.250646,31.51274,800,0,499.6694,200,0.1,0.2046279,0.3172331,0,250,0.3172331,1565.895,25.02409,62.32833,0,0.6112918,6.171793,40.64913,28.18612,12.46302,369.9547,0,670.8446,0,5.684342e-14,-7.993606e-15,4.263256e-14
naive,2026-01-28 08:00:00,2240,8,20.85954,3264.459,623.1393,370.0937,33.64113,1,1,2285.121,2284.804,1453.11,546.8895,2000,4,616.9503,317.4827,36.34741,529.2196,500,0,324.9685,0.1624843,0.1259371,0.3172331,0,250,0.3172331,831.6937,28.82799,41.14729,6.188999,52.61103,4.813138,41.13219,14.97049,26.1617,562.6682,0,1180.476,0,0,1.24345e-13,4.263256e-14
naive,2026-01-28 08:15:00,2241,8.25,20.91574,3233.303,541.5477,373.405,30.96919,1,1,2263.312,2262.995,793.1592,404.4163,1197.576,3,37.33515,321.3112,38.92918,800,0,499.6694,200,0.1,0.2046279,0.3172331,0,250,0.3172331,1469.836,30.85815,62.14159,4.543076,52.0938,0.1110363,40.73962,26.45704,14.28258,430.892,0,889.5734,0,-1.136868e-13,-7.993606e-15,4.263256e-14
naive,2026-01-28 08:30:00,2242,8.5,20.91726,3280.556,429.3803,379.8037,24.22033,1,1,2296.389,2296.072,1431.901,568.0988,2000,4,453.4434,324.6152,42.58851,679.3529,500,0,324.9685,0.1624843,0.1259371,0.3172331,0,250,0.3172331,864.1709,33.75829,52.76873,0,55.1885,0,41.33501,15.55508,25.77993,583.6539,0,1203.143,0,0,1.24345e-13,4.263256e-14
naive,2026-01-28 08:45:00,2243,8.75,21.02324,3296.528,336.5018,383.5265,29.52502,1,1,2307.569,2307.252,687.307,362.1928,1049.5,3,0,209.8375,39.66224,800,0,499.6694,200,0.1,0.2046279,0.3172331,0,250,0.3172331,1619.945,31.40512,62.02853,0,57.09021,0,41.53625,29.15901,12.37724,391.3518,0,811.4022,0,5.684342e-14,-7.993606e-15,4.263256e-14
naive,2026-01-28 09:00:00,2244,9,21.35943,3324.871,294.111,388.9319,37.63068,1,1,2327.41,2327.092,1398.106,580.1906,1978.297,4,301.5991,327.1748,49.52288,800,500,0,324.9685,0.1624843,0.1259371,0.3172331,0,250,0.3172331,928.9862,39.07972,61.67494,0,61.75712,0,41.89337,16.72175,25.17162,596.9123,0,1230.971,0,-2.273737e-13,1.24345e-13,4.263256e-14
naive,2026-01-28 09:15:00,2245,9.25,21.54183,3306.211,219.6692,390.8316,36.07417,1,1,2314.348,2314.031,603.3166,325.1657,928.4823,2,0,76.75754,51.72472,800,0,499.6694,200,0.1,0.2046279,0.3172331,0,250,0.3172331,1710.714,40.74177,61.4831,0,52.87514,0,41.65826,30.79285,10.86541,355.9586,0,733.9582,0,0,-7.993606e-15,4.263256e-14
naive,2026-01-28 09:30:00,2246,9.5,21.72416,3331.32,179.4097,399.1917,43.1215,1,1,2331.924,2331.607,1337.164,565.0956,1902.26,4,202.6469,336.5028,63.11008,800,500,0,324.9685,0.1624843,0.1259371,0.3172331,0,250,0.3172331,994.4424,49.61757,61.29133,0,62.68892,0,41.97463,17.89996,24.07466,582.9955,0,1205.177,0,0,1.24345e-13,4.263256e-14
naive,2026-01-28 09:45:00,2247,9.75,22.02724,3344.384,166.2011,402.1869,49.25758,1,1,2341.069,2340.752,565.87,308.6574,874.5275,2,0,11.97199,62.55547,800,0,499.6694,200,0.1,0.2046279,0.3172331,0,250,0.3172331,1774.882,49.02986,60.97257,0,59.79839,0.2277207,42.13924,31.94787,10.19137,340.6444,0,715.8469,0,0,-7.993606e-15,4.263256e-14
naive,2026-01-28 10:00:00,2248,10,22.35053,3350.134,160.5314,401.5067,45.64004,1,1,2345.094,2344.777,1294.126,554.6655,1848.791,4,130.8294,347.712,70.24992,800,500,0,324.9685,0.1624843,0.1259371,0.3172331,0,250,0.3172331,1050.651,54.87894,60.63256,29.70207,53.79462,0,42.21169,18.91172,23.29997,573.5772,0,1222.975,0,2.273737e-13,1.24345e-13,4.263256e-14
naive,2026-01-28 10:15:00,2249,10.25,22.69953,3364.012,132.9441,406.6056,58.47311,1,1,2354.808,2354.491,566.94,309.1291,876.0691,2,0,0,76.0691,800,0,471.2893,207.095,0.1035475,0.2046279,0.3172331,0,250,0.3172331,1787.551,59.21247,60.2655,8.926641,59.33377,0,42.38655,32.17592,10.21063,341.305,0,732.5606,0,5.684342e-14,-7.993606e-15,4.263256e-14
naive,2026-01-28 10:30:00,2250,10.5,22.87382,3382.282,83.85699,405.29,71.96785,1,1,2367.597,2367.28,868.4666,434.0206,1302.487,3,67.55512,350.9452,83.98695,800,0,28.24971,200,0.1,0.1304047,0.3172331,0,250,0.3172331,1498.813,65.25865,60.08218,0,54.34488,6.709197,42.61675,26.97864,15.63811,462.1693,0,950.4911,0,-5.684342e-14,2.498002e-16,4.263256e-14
naive,2026-01-28 10:45:00,2251,10.75,22.98008,3403.752,84.98005,400.9736,65.14144,1,1,2382.626,2382.309,1282.059,553.8556,1835.914,4,92.91904,352.1164,90.87894,800,500,0,324.9685,0.1624843,0.1259371,0.3172331,0,250,0.3172331,1100.25,70.53654,59.97043,0,48.8572,0,42.88727,19.8045,23.08277,573.6601,0,1164.132,0,0,1.24345e-13,4.263256e-14
naive,2026-01-28 11:00:00,2252,11,22.99295,3395.8,96.5583,407.9992,76.90535,1,1,2377.06,2376.743,583.6945,316.5153,900.2099,2,0,0,100.2099,800,0,439.499,215.0426,0.1075213,0.2046279,0.3172331,0,250,0.3172331,1793.048,77.7685,59.95689,9.059907,55.99856,0,42.78708,32.27487,10.51221,348.7902,0,742.3548,0,5.684342e-14,-7.993606e-15,4.263256e-14
naive,2026-01-28 11:15:00,2253,11.25,23.13899,3430.432,90.12292,410.1894,82.58841,1,1,2401.303,2400.985,852.5772,432.271,1284.848,3,23.37847,346.2224,115.2473,800,0,60.03502,200,0.1,0.1354092,0.3172331,0,250,0.3172331,1548.408,89.30375,59.80329,6.709428,63.96694,0,43.22345,27.87135,15.3521,460.1423,0,974.9227,0,-2.273737e-13,4.996004e-16,4.263256e-14
naive,2026-01-28 11:30:00,2254,11.5,23.32811,3411.361,64.22349,410.7453,86.05533,1,1,2387.953,2387.636,1290.362,560.2,1850.562,4,70.35707,348.6365,131.5686,800,500,0,324.9685,0.1624843,0.1259371,0.3172331,0,250,0.3172331,1097.274,101.7519,59.60439,0,62.10886,0,42.98315,19.75093,23.23223,579.9509,0,1199.985,0,0,1.24345e-13,4.263256e-14
naive,2026-01-28 11:45:00,2255,11.75,23.66119,3404.314,64.47048,420.4496,90.77578,1,1,2383.02,2382.703,613.0826,329.471,942.5536,2,0,0,142.5536,800,0,434.1433,216.3815,0.1081908,0.2046279,0.3172331,0,250,0.3172331,1769.62,109.8676,59.25407,0,68.43105,0,42.89436,31.85316,11.0412,361.3242,0,774.0311,0,0,-6.483702e-14,4.263256e-14
naive,2026-01-28 12:00:00,2256,12,23.93838,3383.41,85.41848,424.25,99.02885,1,1,2368.387,2368.07,890.7523,448.7721,1339.524,3,26.13832,358.4252,154.9608,800,0,65.38989,200,0.1,0.1362523,0.3172331,0,250,0.3172331,1477.317,119.0863,58.96254,0,65.82477,0,42.63096,26.59171,16.03925,475.3638,0,997.9425,0,5.684342e-14,1.94289e-16,4.263256e-14
naive,2026-01-28 12:15:00,2257,12.25,24.09744,3342.331,98.28489,424.433,111.8257,1,1,2339.631,2339.314,1326.173,575.0375,1901.21,4,78.3403,357.2138,165.6564,800,500,0,324.9685,0.1624843,0.1259371,0.3172331,0,250,0.3172331,1013.141,127.095,58.79525,19.94459,67.21926,0,42.11337,18.23654,23.87682,593.2741,0,1270.761,0,0,1.24345e-13,4.263256e-14
naive,2026-01-28 12:30:00,2258,12.5,24.44344,3418.917,87.87029,425.237,126.6978,1,1,2393.242,2392.924,636.1766,339.652,975.8287,2,0,0,175.8287,800,0,436.0214,215.912,0.107956,0.2046279,0.3172331,0,250,0.3172331,1756.748,134.4127,58.43135,11.76211,65.32371,0,43.07835,31.62146,11.45689,371.2735,0,809.7848,0,0,4.884981e-14,4.263256e-14
naive,2026-01-28 12:45:00,2259,12.75,24.50482,3480.971,93.61417,422.177,138.7144,1,1,2436.679,2436.362,915.9016,459.2792,1375.181,3,31.0131,354.9616,189.2061,800,0,63.51206,200,0.1,0.1359566,0.3172331,0,250,0.3172331,1520.461,144.5462,58.36679,0,67.21543,0,43.86023,27.36829,16.49194,486.6475,0,1023.579,0,-1.136868e-13,-2.498002e-16,4.263256e-14
naive,2026-01-28 13:00:00,2260,13,24.59055,3476.501,87.86296,422.1961,149.1785,1,1,2433.551,2433.233,1372.861,592.0451,1964.906,4,108.3892,357.8783,198.6382,800,500,0,324.9685,0.1624843,0.1259371,0.3172331,0,250,0.3172331,1060.373,151.6157,58.27662,0,64.31783,0,43.80391,19.08671,24.7172,611.1319,0,1267.651,0,-2.273737e-13,1.24345e-13,4.263256e-14
naive,2026-01-28 13:15:00,2261,13.25,24.65619,3474.106,95.53997,419.9363,152.1959,1,1,2431.874,2431.557,662.7441,351.3643,1014.108,3,0,0,214.1083,800,0,466.3945,208.3187,0.1041594,0.2046279,0.3172331,0,250,0.3172331,1768.813,163.3113,58.20759,0,64.33758,0,43.77374,31.83864,11.9351,383.2029,0,811.9046,0,1.136868e-13,-7.993606e-15,4.263256e-14
naive,2026-01-28 13:30:00,2262,13.5,24.7283,3459.771,82.96081,418.9934,157.7019,1,1,2421.84,2421.523,972.4544,479.647,1452.101,3,69.37514,358.7725,223.9537,800,0,33.14378,200,0.1,0.1311753,0.3172331,0,250,0.3172331,1449.068,170.6916,58.13175,0,60.22084,0,43.59312,26.08323,17.50989,505.7302,0,1049.943,0,-5.684342e-14,5.551115e-17,4.263256e-14
naive,2026-01-28 13:45:00,2263,13.75,24.90385,3470.639,87.55216,417.3736,172.1342,1,1,2429.448,2429.13,1394.274,602.5898,1996.864,4,99.10439,360.6545,237.1052,800,500,0,324.9685,0.1624843,0.1259371,0.3172331,0,250,0.3172331,1034.856,180.3823,57.94712,0,56.71906,0,43.73006,18.62741,25.10265,621.2173,0,1275.084,0,1.136868e-13,1.24345e-13,4.263256e-14
naive,2026-01-28 14:00:00,2264,14,24.99427,3476.322,78.87832,429.3665,174.7128,1,1,2433.426,2433.108,685.2854,361.3016,1046.587,3,0,0,246.587,800,0,458.4639,210.3014,0.1051507,0.2046279,0.3172331,0,250,0.3172331,1747.823,187.4174,57.85201,0,65.55588,0,43.80166,31.46081,12.34085,392.7624,0,833.5252,0,1.136868e-13,-7.993606e-15,4.263256e-14
naive,2026-01-28 14:15:00,2265,14.25,25.08808,3453.141,102.1586,425.3328,179.7915,1,1,2417.199,2416.882,978.9808,484.9855,1463.966,3,48.68418,362.1229,253.1593,800,0,41.0731,200,0.1,0.1324237,0.3172331,0,250,0.3172331,1437.901,192.2227,57.75335,12.40128,63.20997,0,440.2663,261.8979,178.3684,746.8834,0,1559.224,0,5.684342e-14,2.775558e-16,4.263256e-14
naive,2026-01-28 14:30:00,2266,14.5,25.4464,3457.862,94.82453,420.9874,186.5114,1,1,2420.504,2420.186,1396.749,603.2511,2000,4,96.42338,357.0985,256.5963,789.8817,500,0,324.9685,0.1624843,0.1259371,0.3172331,0,250,0.3172331,1023.437,194.0969,56.6508,0,63.88887,0,444.0561,187.7558,256.3003,791.0069,0,1628.49,0,0,1.24345e-13,4.263256e-14
naive,2026-01-28 14:45:00,2267,14.75,25.42633,3427.341,99.51663,420.5168,197.5378,1,1,2399.139,2398.821,699.0879,367.3864,1066.474,3,0,0,266.4743,800,0,457.4031,210.5666,0.1052833,0.2046279,0.3172331,0,250,0.3172331,1699.734,201.6116,57.3976,0,66.46691,0,439.9584,311.7002,128.2582,679.0866,0,1408.256,0,-5.684342e-14,-7.993606e-15,4.263256e-14
naive,2026-01-28 15:00:00,2268,15,25.45397,3428.369,90.9111,412.7054,193.0261,1,1,2399.858,2399.541,993.6705,489.8849,1483.555,3,61.93722,349.7519,271.8662,800,0,42.13377,200,0.1,0.1325907,0.3172331,0,250,0.3172331,1405.871,205.631,57.36853,0,62.95353,0,440.3358,257.9549,182.3809,747.8398,0,1539.735,0,0,-1.110223e-15,4.263256e-14
naive,2026-01-28 15:15:00,2269,15.25,25.57476,3460.044,70.79981,409.6527,192.8899,1,1,2422.031,2421.714,1398.81,601.1903,2000,4,104.9667,352.6542,278.8915,763.4876,500,0,324.9685,0.1624843,0.1259371,0.3172331,0,250,0.3172331,1022.904,210.6751,54.62895,0,56.99842,0,445.4903,188.1454,257.345,789.3356,0,1615.536,0,0,1.24345e-13,4.263256e-14
naive,2026-01-28 15:30:00,2270,15.5,25.77204,3471.395,86.77306,399.8251,187.6036,1,1,2429.977,2429.659,710.1591,372.2671,1082.426,3,0,0,282.4262,800,0,470.7407,207.2322,0.1036161,0.2046279,0.3172331,0,250,0.3172331,1719.5,212.8996,57.03399,0,51.50502,0,448.7429,317.5395,131.2034,689.8066,0,1404.296,0,-1.136868e-13,-7.993606e-15,4.263256e-14
naive,2026-01-28 15:45:00,2271,15.75,25.96077,3466.017,88.6819,395.619,191.3825,1,1,2426.212,2425.895,1031.17,500.8791,1532.049,4,108.4854,343.6286,279.935,800,0,28.79821,200,0.1,0.1304911,0.3172331,0,250,0.3172331,1394.725,210.599,56.8355,0,51.99039,0,449.772,258.5546,191.2174,759.4337,0,1544.611,0,5.684342e-14,1.720846e-15,4.263256e-14
naive,2026-01-28 16:00:00,2272,16,26.03702,3446.048,128.1061,399.3668,185.7573,1,1,2412.233,2411.916,1404.86,595.1402,2000,4,152.6186,337.0682,288.0279,722.2853,500,0,324.9685,0.1624843,0.1259371,0.3172331,0,250,0.3172331,1007.056,216.5117,51.2419,0,62.29864,0,447.877,186.9792,260.8979,782.1193,0,1614.057,0,1.136868e-13,1.24345e-13,4.263256e-14
naive,2026-01-28 16:15:00,2273,16.25,26.08643,3480.697,169.1994,395.3644,189.1183,1,1,2436.488,2436.17,720.2779,376.728,1097.006,3,0,18.73292,278.273,800,0,499.6694,200,0.1,0.2046279,0.3172331,0,250,0.3172331,1715.893,209.0689,56.70334,0,54.34947,0,452.8372,318.9099,133.9273,695.6379,0,1421.237,0,1.136868e-13,-7.993606e-15,4.263256e-14
naive,2026-01-28 16:30:00,2274,16.5,26.1352,3451.801,189.4775,390.7885,182.2087,1,1,2416.26,2415.943,1411.464,588.5359,2000,4,207.8635,339.9475,269.6893,682.4997,500,0,324.9685,0.1624843,0.1259371,0.3172331,0,250,0.3172331,1004.479,202.5147,48.33125,0,50.84107,0,449.5261,186.8754,262.6507,775.4113,0,1584.151,0,0,1.24345e-13,4.263256e-14
naive,2026-01-28 16:45:00,2275,16.75,26.30119,3377.769,209.8813,391.5572,178.1825,1,1,2364.438,2364.121,762.804,395.4756,1158.28,3,0,92.59527,265.6844,800,0,499.6694,200,0.1,0.2046279,0.3172331,0,250,0.3172331,1601.317,199.1545,56.47747,0,54.90551,0,441.3843,298.9278,142.4566,694.4034,0,1419.982,0,-1.136868e-13,-7.993606e-15,4.263256e-14
naive,2026-01-28 17:00:00,2276,17,26.23413,3359.437,266.6546,392.8424,176.932,1,1,2351.606,2351.288,1420.07,579.93,2000,4,281.3731,333.9904,251.5373,633.0993,500,0,324.9685,0.1624843,0.1259371,0.3172331,0,250,0.3172331,931.2184,188.6849,44.75062,0,58.85207,0,438.3852,173.5973,264.7879,753.5272,0,1558.23,0,2.273737e-13,1.24345e-13,4.263256e-14
naive,2026-01-28 17:15:00,2277,17.25,25.96776,3293.043,308.9895,392.7088,167.9804,1,1,2305.13,2304.813,788.0638,406.6113,1194.675,3,0,151.0759,243.5992,800,0,499.6694,200,0.1,0.2046279,0.3172331,0,250,0.3172331,1516.749,183.2495,56.82815,0,69.64348,0,427.3867,281.2155,146.1712,687.8269,0,1431.857,0,-5.684342e-14,-7.993606e-15,4.263256e-14
naive,2026-01-28 17:30:00,2278,17.5,26.02074,3290.828,376.1102,383.7721,152.6983,1,1,2303.58,2303.262,1430.29,569.7105,2000,4,368.8242,324.5036,231.9792,574.6931,500,0,324.9685,0.1624843,0.1259371,0.3172331,0,250,0.3172331,872.9729,174.4099,40.7834,7.286018,59.26852,0,427.5612,162.0302,265.5311,731.7406,0,1532.407,0,0,1.24345e-13,4.263256e-14
naive,2026-01-28 17:45:00,2279,17.75,25.88183,3281.013,445.6233,379.0517,145.2065,1,1,2296.709,2296.392,845.6707,432.0073,1277.678,3,0,254.6456,223.0324,800,0,499.6694,200,0.1,0.2046279,0.3172331,0,250,0.3172331,1450.721,167.9312,56.91853,11.54741,58.81256,0,425.0804,268.503,156.5775,700.5103,0,1458.358,0,1.136868e-13,-7.993606e-15,4.263256e-14
naive,2026-01-28 18:00:00,2280,18,25.87437,3310.352,498.0554,10.25552,132.3346,1,1,2317.247,2316.929,1428.197,571.8032,2000,4,482.4579,4.987366,214.4193,798.1354,500,0,324.9685,0.1624843,0.1259371,0.3172331,0,250,0.3172331,888.7327,161.4588,56.79369,15.59749,5.268158,0,428.8165,164.4638,264.3527,736.2671,0,1444.634,0,0,1.24345e-13,4.263256e-14
naive,2026-01-28 18:15:00,2281,18.25,26.04028,3328.349,580.6415,15.34878,124.0555,1,1,2329.844,2329.527,684.6341,357.1131,1041.747,3,32.79603,7.587507,201.3636,800,0,499.6694,200,0.1,0.2046279,0.3172331,0,250,0.3172331,1644.893,151.3606,56.75188,48.17608,7.761274,0,432.6087,305.426,127.1827,662.5391,0,1357.724,0,1.136868e-13,-7.993606e-15,4.263256e-14
naive,2026-01-28 18:30:00,2282,18.5,26.02046,3298.268,633.3036,9.8498,125.7781,1,1,2308.788,2308.471,1441.534,558.4663,2000,4,590.7251,11.25271,185.5323,712.4898,500,0,324.9685,0.1624843,0.1259371,0.3172331,0,250,0.3172331,866.937,139.4899,50.56248,42.57849,0,0,428.5255,160.9089,267.6166,719.3752,0,1455.316,0,0,1.24345e-13,4.263256e-14
naive,2026-01-28 18:45:00,2283,18.75,26.21179,3273.45,685.16,9.674713,120.7195,1,1,2291.415,2291.098,754.5525,373.967,1128.519,3,150.2277,6.173793,172.118,800,0,499.6694,200,0.1,0.2046279,0.3172331,0,250,0.3172331,1536.546,129.1411,56.57149,35.2629,3.50092,0,426.9689,286.3109,140.658,660.2779,0,1323.78,0,1.136868e-13,-7.993606e-15,4.263256e-14
naive,2026-01-28 19:00:00,2284,19,25.9393,3272.953,715.4431,6.196666,106.751,0,0,2291.067,2290.75,1453.71,546.2897,2000,4,693.7902,5.251935,159.8825,641.0754,500,0,324.9685,0.1624843,0.1259371,0.3172331,0,250,0.3172331,837.0393,120.3093,45.56289,21.65299,0.9447306,0,424.5329,155.1027,269.4302,0,701.3924,3845.381,0,0,1.24345e-13,4.263256e-14
naive,2026-01-28 19:15:00,2285,19.25,25.89383,3226.367,718.5826,9.981429,101.7244,0,0,2258.457,2258.14,785.2982,381.1255,1166.424,3,203.9918,7.980039,154.4518,800,0,499.6694,200,0.1,0.2046279,0.3172331,0,250,0.3172331,1472.842,116.2789,56.90591,14.92138,2.00139,0,418.1028,272.6637,145.4391,0,653.7892,3561.013,0,-2.273737e-13,-7.993606e-15,4.263256e-14
naive,2026-01-28 19:30:00,2286,19.5,25.85387,3192.385,729.2059,0,85.08006,0,0,2234.67,2234.353,1456.875,543.1246,2000,4,725.9732,1.86172,140.9817,631.1834,500,0,324.9685,0.1624843,0.1259371,0.3172331,0,250,0.3172331,777.4771,106.1831,44.93074,3.232793,0,0,413.3628,143.8155,269.5473,0,686.9401,3733.2,0,1.136868e-13,1.24345e-13,4.263256e-14
naive,2026-01-28 19:45:00,2287,19.75,25.85715,3216.975,715.6907,0,81.07993,0,0,2251.883,2251.566,769.2283,372.9307,1142.159,3,213.326,1.309937,127.5231,800,0,499.6694,200,0.1,0.2046279,0.3172331,0,250,0.3172331,1482.337,96.04312,56.94448,2.695245,0,0,416.5746,274.2168,142.3578,0,647.1475,3499.898,0,1.136868e-13,-7.993606e-15,4.263256e-14
naive,2026-01-28 20:00:00,2288,20,25.64336,3174.041,707.1769,4.865647,64.09688,0,0,2221.828,2221.511,1453.677,546.3231,2000,4,711.3513,3.455648,115.2341,669.9589,500,0,324.9685,0.1624843,0.1259371,0.3172331,0,250,0.3172331,767.8343,86.98481,47.87638,0,1.409999,0,409.2345,141.426,267.8085,0,687.7491,3731.191,0,0,1.24345e-13,4.263256e-14
naive,2026-01-28 20:15:00,2289,20.25,25.53467,3167.266,654.7499,0,67.21383,0,0,2217.086,2216.769,717.2007,355.7494,1072.95,3,164.9483,5.949093,102.0527,800,0,499.6694,200,0.1,0.2046279,0.3172331,0,250,0.3172331,1499.568,77.12352,57.28365,0,0,0,407.4638,275.5958,131.8679,0,631.3452,3407.954,0,0,-7.993606e-15,4.263256e-14
naive,2026-01-28 20:30:00,2290,20.5,25.4092,3214.065,608.9829,0,61.50949,0,0,2249.845,2249.528,1439.838,560.1625,2000,4,616.4759,2.643476,93.96114,786.9195,500,0,324.9685,0.1624843,0.1259371,0.3172331,0,250,0.3172331,809.6905,71.10288,56.47683,0,0,0,412.4382,148.4312,264.007,0,708.5937,3833.729,0,0,1.24345e-13,4.263256e-14
naive,2026-01-28 20:45:00,2291,20.75,25.26859,3180.628,560.2739,0,52.44857,0,0,2226.44,2226.123,616.9604,324.6847,941.6451,2,54.60608,1.828095,85.21089,800,0,499.6694,200,0.1,0.2046279,0.3172331,0,250,0.3172331,1609.162,64.57718,57.5635,5.998416,0,0,406.9936,294.1551,112.8384,0,618.8398,3349.207,0,-1.136868e-13,-7.993606e-15,4.263256e-14
naive,2026-01-28 21:00:00,2292,21,24.92752,3208.322,520.4589,0,43.69592,0,0,2245.825,2245.508,1348.864,534.6735,1883.538,4,501.742,6.752604,75.04305,800,500,0,324.9685,0.1624843,0.1259371,0.3172331,0,250,0.3172331,896.6436,57.07623,57.92222,18.71684,0,0,40.42485,16.13959,24.28527,0,550.8131,2996.596,0,-2.273737e-13,1.24345e-13,4.263256e-14
naive,2026-01-28 21:15:00,2293,21.25,24.53404,3149.869,441.8463,0,42.65537,0,0,2204.908,2204.591,562.372,307.1154,869.4874,2,0,0,69.48738,800,0,437.7204,215.4872,0.1077436,0.2046279,0.3172331,0,250,0.3172331,1642.219,53.06944,58.33606,8.012235,0,0,39.68835,29.55994,10.12841,0,336.6753,1799.907,0,5.684342e-14,4.884981e-14,4.263256e-14
naive,2026-01-28 21:30:00,2294,21.5,24.43016,3112.697,380.1552,0,40.41922,0,0,2178.888,2178.571,799.7225,375.4812,1175.204,3,304.8938,2.823267,67.48668,800,0,61.81331,200,0.1,0.1356892,0.3172331,0,250,0.3172331,1378.848,51.59753,58.44532,13.44809,0,0,39.21998,24.81926,14.40072,0,400.3005,2159.1,0,5.684342e-14,-2.63678e-15,4.263256e-14
naive,2026-01-28 21:45:00,2295,21.75,24.29234,3136.303,310.9502,1.928346,36.2907,0,0,2195.412,2195.095,1181.744,484.4488,1666.193,4,304.613,4.742372,56.83713,800,500,0,324.9685,0.1624843,0.1259371,0.3172331,0,250,0.3172331,1013.351,43.51799,58.59027,6.337137,0,0,39.51742,18.24033,21.2771,0,502.6892,2709.808,0,-1.136868e-13,1.24345e-13,4.263256e-14
naive,2026-01-28 22:00:00,2296,22,24.10677,3138.049,250.2422,0,29.92724,0,0,2196.635,2196.317,547.6985,300.6465,848.345,2,0,0,48.34499,800,0,263.1672,259.1256,0.1295628,0.2046279,0.3172331,0,250,0.3172331,1648.619,37.08766,58.78543,0,0,0,39.53942,29.67514,9.864283,0,330.3217,1750.636,0,1.136868e-13,-6.483702e-14,4.263256e-14
naive,2026-01-28 22:15:00,2297,22.25,23.99329,3121.701,206.2392,1.841299,20.6407,0,0,2185.191,2184.874,545.28,299.5803,844.8603,2,0,0,44.86031,800,0,207.4057,207.2333,0.1036167,0.1631676,0.3172331,0,250,0.3172331,1639.594,34.45513,58.90479,4.240598,0,0,39.33344,29.51269,9.82075,0,329.093,1751.059,0,0,-2.683964e-14,4.263256e-14
naive,2026-01-28 22:30:00,2298,22.5,23.93122,3104.788,193.8446,2.687484,24.11175,0,0,2173.351,2173.034,673.1053,336.4685,1009.574,3,163.6159,4.408787,41.54911,800,0,28.80284,200,0.1,0.1304918,0.3172331,0,250,0.3172331,1499.929,31.93258,58.97007,1.425823,0,0,39.12032,26.99872,12.12161,0,363.4672,1935.188,0,-1.705303e-13,-4.718448e-16,4.263256e-14
naive,2026-01-28 22:45:00,2299,22.75,23.57137,3118.649,180.7574,0,24.27388,0,0,2183.054,2182.737,1065.11,449.321,1514.431,4,167.6761,5.075634,41.67951,800,500,0,324.9685,0.1624843,0.1259371,0.3172331,0,250,0.3172331,1117.627,32.15278,59.34854,13.08128,0,0,39.29498,20.11729,19.1777,0,469.4383,2537.709,0,-1.705303e-13,1.24345e-13,4.263256e-14
naive,2026-01-28 23:00:00,2300,23,23.46363,3148.305,155.02,0,23.7872,1,1,2203.813,2203.496,541.9827,298.1267,840.1095,2,0,0,40.10945,800,0,152.2551,286.8536,0.1434268,0.2046279,0.3172331,0,250,0.3172331,1661.513,30.97617,59.46185,5.112103,0,0,39.66864,29.90724,9.761399,328.034,0,597.9918,0,0,7.727152e-14,4.263256e-14
naive,2026-01-28 23:15:00,2301,23.25,23.44457,3097.545,124.4067,0,19.16238,1,1,2168.282,2167.964,544.084,299.0531,843.1372,2,0,0,43.13716,800,0,136.8111,252.6057,0.1263028,0.1806275,0.3172331,0,250,0.3172331,1623.88,33.32102,59.48191,0,0,0,39.02907,29.22985,9.799223,328.283,0,589.6488,0,-5.684342e-14,6.042389e-14,4.263256e-14
naive,2026-01-28 23:30:00,2302,23.5,23.36074,3075.375,129.8673,0.4681644,20.896,1,1,2152.763,2152.446,539.8021,297.1654,836.9675,2,0,0,36.96746,800,0,123.0626,221.8002,0.1109001,0.1590621,0.3172331,0,250,0.3172331,1612.643,28.58007,59.57007,9.819882,0,0,38.74973,29.02758,9.722147,326.193,0,602.3089,0,-1.136868e-13,2.864375e-14,4.263256e-14
naive,2026-01-28 23:45:00,2303,23.75,23.21892,3089.789,121.7448,0,13.77211,1,1,2162.852,2162.535,558.5011,302.5404,861.0414,2,24.11339,2.015835,34.91222,800,0,87.06131,200,0.1,0.1396644,0.3172331,0,250,0.3172331,1604.034,27.03074,59.71923,10.57015,0,0,38.93134,28.87261,10.05873,331.413,0,613.8753,0,-5.684342e-14,6.716849e-15,4.263256e-14
naive,2026-01-29 00:00:00,2304,0,23.0919,3070.457,118.4207,4.846434,14.9588,1,1,2149.32,2149.003,1009.255,431.9561,1441.211,3,106.6563,0.2754243,34.27931,800,500,0,324.9685,0.1624843,0.1259371,0.3172331,0,250,0.3172331,1139.748,26.57554,59.85282,11.76436,4.571009,0,38.68776,20.51546,18.1723,452.4715,0,865.7872,0,0,1.24345e-13,4.263256e-14
naive,2026-01-29 00:15:00,2305,0.25,22.68635,3085.179,117.1992,11.21406,24.31564,1,1,2159.626,2159.308,535.2974,295.1795,830.4769,2,0,0,30.47688,800,0,92.53193,301.7844,0.1508922,0.2046279,0.3172331,0,250,0.3172331,1624.011,23.72653,60.27936,24.73562,11.14576,0.5891058,38.87326,29.2322,9.641063,324.5141,0,643.1093,0,0,-6.483702e-14,4.263256e-14
naive,2026-01-29 00:30:00,2306,0.5,22.40984,3050.6,128.2887,2.536142,18.87466,1,1,2135.42,2135.103,532.4278,293.9145,826.3423,2,0,0,26.34233,800,0,90.63977,279.0769,0.1395385,0.1900292,0.3172331,0,250,0.3172331,1602.675,20.56602,60.57018,38.67634,1.508708,0,38.43756,28.84815,9.589411,322.7626,0,646.703,0,5.684342e-14,-1.015854e-14,4.263256e-14
naive,2026-01-29 00:45:00,2307,0.75,22.33598,3079.686,124.8718,4.123281,12.305,1,1,2155.78,2155.463,530.7067,293.1557,823.8624,2,0,0,23.86244,800,0,91.83681,256.0738,0.1280369,0.1757306,0.3172331,0,250,0.3172331,1624.756,18.64402,60.64785,38.09648,0,0,38.80404,29.24561,9.558431,322.4013,0,642.2903,0,-5.684342e-14,-1.061651e-13,4.263256e-14
naive,2026-01-29 01:00:00,2308,1,22.32445,3087.156,114.1217,5.678642,15.14177,1,1,2161.009,2160.692,530.248,292.9535,823.2015,2,0,0,23.20154,800,0,95.59999,232.1335,0.1160667,0.1612459,0.3172331,0,250,0.3172331,1630.444,18.12978,60.65999,21.04555,3.154798,0,38.89816,29.34799,9.550175,322.3015,0,618.1061,0,-5.684342e-14,-5.20417e-14,4.263256e-14
naive,2026-01-29 01:15:00,2309,1.25,22.18311,3081.328,103.1212,3.213823,22.8971,1,1,2156.929,2156.612,528.9086,292.363,821.2716,2,0,0,21.27158,800,0,104.1741,206.0534,0.1030267,0.1461711,0.3172331,0,250,0.3172331,1627.704,16.64576,60.80864,3.606008,0,6.251346,38.82473,29.29866,9.526064,322.7377,0,583.286,0,-5.684342e-14,-7.077672e-15,4.263256e-14
naive,2026-01-29 01:30:00,2310,1.5,21.92857,3078.838,97.90442,6.224449,19.05948,1,1,2155.186,2154.869,591.1199,311.2619,902.3818,2,71.67934,9.3445,21.35796,800,0,24.08388,200,0.1,0.1297488,0.3172331,0,250,0.3172331,1563.749,16.75685,61.07635,2.141198,0,2.302631,38.79336,28.14749,10.64587,339.8038,0,614.5903,0,-1.136868e-13,3.330669e-16,4.263256e-14
naive,2026-01-29 01:45:00,2311,1.75,21.72381,3107.373,94.03559,0,12.70531,1,1,2175.161,2174.844,1003.737,430.1823,1433.92,3,101.1188,9.553595,23.24712,800,500,0,324.9685,0.1624843,0.1259371,0.3172331,0,250,0.3172331,1171.106,18.27711,61.2917,0,0,0,39.1529,21.07992,18.07298,451.2622,0,833.5713,0,0,1.24345e-13,4.263256e-14
naive,2026-01-29 02:00:00,2312,2,21.6567,3062.505,81.09697,0,7.038444,1,1,2143.754,2143.436,532.5448,293.966,826.5108,2,0,0,26.51084,800,0,92.00157,301.917,0.1509585,0.2046279,0.3172331,0,250,0.3172331,1610.892,20.85731,61.36229,0,0,0,38.58757,28.99605,9.591517,322.9621,0,576.8916,0,-5.684342e-14,7.727152e-14,4.263256e-14
naive,2026-01-29 02:15:00,2313,2.25,21.74889,3065.312,72.88656,0,0,1,1,2145.718,2145.401,529.7609,292.7388,822.4997,2,0,0,22.49971,800,0,97.72077,277.4392,0.1387196,0.1901127,0.3172331,0,250,0.3172331,1615.64,17.68497,61.26533,0,0,0,38.62293,29.08152,9.541407,321.8203,0,574.7171,0,0,5.384582e-15,4.263256e-14
naive,2026-01-29 02:30:00,2314,2.5,21.68744,3039.935,104.2821,2.547507,4.294566,1,1,2127.955,2127.637,531.987,293.7201,825.7071,2,0,0,25.70713,800,0,99.29659,252.5714,0.1262857,0.1746994,0.3172331,0,250,0.3172331,1595.65,20.21867,61.32995,5.272404,2.260646,0,38.30318,28.72171,9.581476,322.4418,0,588.882,0,0,2.650657e-14,4.263256e-14
naive,2026-01-29 02:45:00,2315,2.75,21.46474,3019.678,118.2354,0,14.20629,1,1,2113.775,2113.458,529.8254,292.7672,822.5926,2,0,0,22.59256,800,0,96.14499,228.4954,0.1142477,0.1590405,0.3172331,0,250,0.3172331,1583.632,17.80931,61.56418,24.31547,0,0,38.04795,28.50538,9.542567,321.2726,0,615.2296,0,0,-7.271961e-15,4.263256e-14
naive,2026-01-29 03:00:00,2316,3,21.40359,3059.893,105.6225,0,12.54801,1,1,2141.925,2141.608,527.79,291.8699,819.6599,2,0,0,19.65993,800,0,77.9451,208.9732,0.1044866,0.1438802,0.3172331,0,250,0.3172331,1613.818,15.50718,61.62849,28.31139,0,0,38.55465,29.04872,9.505931,320.9186,0,621.3424,0,-5.684342e-14,-4.848899e-14,4.263256e-14
naive,2026-01-29 03:15:00,2317,3.25,21.32859,3069.317,106.9099,0,3.851093,1,1,2148.522,2148.205,573.2115,304.9816,878.1932,2,58.10659,2.152177,17.93441,800,0,35.7611,200,0.1,0.1315873,0.3172331,0,250,0.3172331,1574.993,14.15691,61.70737,13.04221,0,0,38.67339,28.34987,10.32352,333.3315,0,619.74,0,0,-2.803313e-15,4.263256e-14
naive,2026-01-29 03:30:00,2318,3.5,21.52092,3072.123,107.3974,0,11.67529,1,1,2150.486,2150.169,1000.694,427.8041,1428.498,3,109.8322,0.8672233,17.79846,800,500,0,324.9685,0.1624843,0.1259371,0.3172331,0,250,0.3172331,1149.475,14.02221,61.5051,0,0,0,38.70875,20.69055,18.0182,448.4946,0,827.796,0,1.136868e-13,1.24345e-13,4.263256e-14
naive,2026-01-29 03:45:00,2319,3.75,21.48721,3087.386,124.039,0,12.43669,1,1,2161.17,2160.853,527.8911,291.9145,819.8056,2,0,0,19.80561,800,0,115.8138,295.9639,0.147982,0.2046279,0.3172331,0,250,0.3172331,1632.962,15.60885,61.54055,8.445431,0,0,38.90107,29.39332,9.507751,321.3078,0,587.9509,0,0,1.056932e-13,4.263256e-14
naive,2026-01-29 04:00:00,2320,4,21.39317,3070.741,132.26,3.066275,20.6559,1,1,2149.519,2149.201,527.3023,291.6549,818.9572,2,0,0,18.95721,800,0,139.3054,261.091,0.1305455,0.1863641,0.3172331,0,250,0.3172331,1621.899,14.95448,61.63946,0,1.609855,5.701414,38.69133,29.19418,9.497152,321.816,0,577.0645,0,0,3.294587e-14,4.263256e-14
naive,2026-01-29 04:15:00,2321,4.25,21.29855,3101.086,154.8239,0,23.92423,1,1,2170.76,2170.443,524.3595,290.3576,814.7171,2,0,0,14.71713,800,0,156.0379,222.0404,0.1110202,0.1644052,0.3172331,0,250,0.3172331,1646.084,11.62081,61.73897,3.922402,0,12.30341,39.07369,29.62951,9.444182,322.0699,0,581.4496,0,5.684342e-14,-3.264056e-14,4.263256e-14
naive,2026-01-29 04:30:00,2322,4.5,21.06841,3086.588,190.7192,6.785016,15.89264,1,1,2160.611,2160.294,598.0685,311.6813,909.7497,2,93.90472,1.552009,14.29302,800,0,88.02181,200,0.1,0.1398156,0.3172331,0,250,0.3172331,1562.226,11.31225,61.98102,8.792675,5.233007,4.580396,38.89101,28.12006,10.77094,340.5734,0,635.6125,0,5.684342e-14,3.358425e-15,4.263256e-14
naive,2026-01-29 04:45:00,2323,4.75,20.87813,3102.372,249.8264,9.589011,18.26834,1,1,2171.661,2171.343,1098.726,456.1212,1554.847,4,235.0867,2.409584,17.3506,800,500,0,324.9685,0.1624843,0.1259371,0.3172331,0,250,0.3172331,1072.618,13.75859,62.18114,14.7397,7.179427,4.509753,39.08989,19.30712,19.78277,476.1858,0,920.2284,0,-1.136868e-13,1.24345e-13,4.263256e-14
naive,2026-01-29 05:00:00,2324,5,20.77961,3103.349,295.5821,7.999371,21.60711,1,1,2172.344,2172.027,524.7413,290.5259,815.2672,2,0,0,15.26719,800,0,304.749,248.7301,0.1243651,0.2046279,0.3172331,0,250,0.3172331,1647.286,12.11853,62.28477,0,5.605432,9.488578,39.1022,29.65115,9.451054,321.7679,0,583.1349,0,-5.684342e-14,-7.993606e-15,4.263256e-14
naive,2026-01-29 05:15:00,2325,5.25,20.65356,3126.427,358.0701,4.196382,19.65637,1,1,2188.499,2188.182,649.6475,326.454,976.1015,2,160.868,0.3427397,14.89075,800,0,194.7638,200,0.1,0.1566217,0.3172331,0,250,0.3172331,1538.534,11.83475,62.41733,2.438285,3.853642,7.82162,39.39298,27.69362,11.69937,355.456,0,651.546,0,5.684342e-14,1.21847e-14,4.263256e-14
naive,2026-01-29 05:30:00,2326,5.5,20.67438,3102.32,415.8827,0,11.10241,1,1,2171.624,2171.307,1245.001,497.6528,1742.654,4,428.0419,1.658094,12.95364,800,500,0,324.9685,0.1624843,0.1259371,0.3172331,0,250,0.3172331,926.3058,10.29303,62.39543,0,0,0.8093865,39.08923,16.6735,22.41573,514.4617,0,958.7285,0,-5.684342e-14,1.24345e-13,4.263256e-14
naive,2026-01-29 05:45:00,2327,5.75,20.69796,3125.983,487.9016,0,13.5822,1,1,2188.188,2187.871,533.5077,293.5349,827.0426,2,7.192314,3.595938,16.25438,800,0,499.6694,200,0.1,0.2046279,0.3172331,0,250,0.3172331,1654.363,12.91274,62.37064,0,0,0.6694572,39.38739,29.77854,9.608849,323.4256,0,576.6842,0,0,-7.993606e-15,4.263256e-14
naive,2026-01-29 06:00:00,2328,6,20.84569,3148.141,574.1334,0,17.34202,1,1,2203.698,2203.381,1367.003,533.023,1900.026,4,582.8362,0.6584591,16.531,800,500,0,324.9685,0.1624843,0.1259371,0.3172331,0,250,0.3172331,836.3785,13.11296,62.21526,0,0,4.229063,39.66657,15.05481,24.61176,548.7877,0,1027.583,0,-2.273737e-13,1.24345e-13,4.263256e-14
naive,2026-01-29 06:15:00,2329,6.25,21.08125,3151.543,640.6222,0,23.25363,1,1,2206.08,2205.763,644.0386,324.7653,968.8039,2,154.2774,2.226395,12.30012,800,0,499.6694,200,0.1,0.2046279,0.3172331,0,250,0.3172331,1561.724,9.733699,61.96752,0,0,13.51993,39.70944,28.11104,11.5984,355.1559,0,640.5983,0,0,-7.993606e-15,4.263256e-14
naive,2026-01-29 06:30:00,2330,6.5,21.15158,3141.615,678.5688,1.335162,14.4313,1,1,2199.131,2198.813,1450.7,549.3002,2000,4,726.5626,3.492491,17.55709,752.3878,500,0,324.9685,0.1624843,0.1259371,0.3172331,0,250,0.3172331,748.1135,13.88392,58.20994,0,0,0.5473789,39.58435,13.46604,26.11831,562.8587,0,1060.231,0,-2.273737e-13,1.24345e-13,4.263256e-14
naive,2026-01-29 06:45:00,2331,6.75,21.19064,3122.77,716.9484,0,10.33094,1,1,2185.939,2185.622,747.6779,355.513,1103.191,3,279.8804,2.070224,21.2402,800,0,499.6694,200,0.1,0.2046279,0.3172331,0,250,0.3172331,1437.944,16.78985,61.85246,0,0,0,39.3469,25.88299,13.46391,381.396,0,693.2079,0,-1.136868e-13,-7.993606e-15,4.263256e-14
naive,2026-01-29 07:00:00,2332,7,21.02814,3125.711,741.1008,1.264919,14.59273,1,1,2187.998,2187.68,1460.826,539.174,2000,4,798.4419,3.156823,27.63848,670.7628,500,0,324.9685,0.1624843,0.1259371,0.3172331,0,250,0.3172331,726.8543,21.88345,52.00372,0,0,0,39.38396,13.08338,26.30058,552.2574,0,1046.011,0,2.273737e-13,1.24345e-13,4.263256e-14
naive,2026-01-29 07:15:00,2333,7.25,21.17423,3150.084,731.142,0,11.20725,1,1,2205.058,2204.741,772.1736,363.1458,1135.319,3,306.4956,2.757714,26.06602,800,0,499.6694,200,0.1,0.2046279,0.3172331,0,250,0.3172331,1432.568,20.60796,61.86972,0,0,0,39.69105,25.78622,13.90483,388.932,0,708.2605,0,0,-7.993606e-15,4.263256e-14
naive,2026-01-29 07:30:00,2334,7.5,21.36946,3152.602,699.5746,2.178093,20.52872,1,1,2206.821,2206.504,1457.373,542.6271,2000,4,770.4446,2.517789,34.04421,692.9934,500,0,324.9685,0.1624843,0.1259371,0.3172331,0,250,0.3172331,749.1311,26.86239,53.41627,0,0,0,39.72278,13.48436,26.23842,556.1115,0,1052.13,0,0,1.24345e-13,4.263256e-14
naive,2026-01-29 07:45:00,2335,7.75,21.39032,3129.223,635.9221,0,19.5965,1,1,2190.456,2190.139,694.2905,341.8769,1036.167,3,196.661,3.533449,35.97302,800,0,499.6694,200,0.1,0.2046279,0.3172331,0,250,0.3172331,1495.848,28.37831,61.64245,0,0,0,39.42821,26.92527,12.50294,368.8022,0,668.2566,0,0,-7.993606e-15,4.263256e-14
naive,2026-01-29 08:00:00,2336,8,21.47435,3169.666,575.4266,368.7052,24.79643,1,1,2218.766,2218.449,1455.342,544.6577,2000,4,620.4706,348.3466,39.76298,491.4198,500,0,324.9685,0.1624843,0.1259371,0.3172331,0,250,0.3172331,763.1068,31.34138,37.81111,0,20.35859,0,39.93779,13.73592,26.20187,558.3937,0,1109.368,0,2.273737e-13,1.24345e-13,4.263256e-14
naive,2026-01-29 08:15:00,2337,8.25,21.53099,3202.398,510.4196,370.2882,35.64044,1,1,2241.679,2241.362,816.557,414.4162,1230.973,3,39.98326,351.892,39.09784,800,0,499.6694,200,0.1,0.2046279,0.3172331,0,250,0.3172331,1424.805,30.79941,61.4945,0,18.39619,4.841034,40.35022,25.64648,14.70374,440.8857,0,844.3236,0,-1.136868e-13,-7.993606e-15,4.263256e-14
naive,2026-01-29 08:30:00,2338,8.5,21.82884,3210.3,450.3194,376.5431,37.50699,1,1,2247.21,2246.893,1431.467,568.5327,2000,4,440.3227,356.8669,36.10277,666.7076,500,0,324.9685,0.1624843,0.1259371,0.3172331,0,250,0.3172331,815.4257,28.35401,50.9875,9.996731,19.6762,9.15298,40.44978,14.67766,25.77212,584.7753,0,1163.375,0,0,1.24345e-13,4.263256e-14
naive,2026-01-29 08:45:00,2339,8.75,22.07811,3198.167,376.1336,382.9115,43.79787,1,1,2238.717,2238.4,691.8585,364.1993,1056.058,3,0,217.6201,38.43773,800,0,499.6694,200,0.1,0.2046279,0.3172331,0,250,0.3172331,1546.541,30.11116,60.91907,18.56467,23.1909,13.68671,40.29691,27.83774,12.45916,394.3882,0,792.2708,0,-5.684342e-14,-7.993606e-15,4.263256e-14
naive,2026-01-29 09:00:00,2340,9,22.41356,3208.617,299.8587,380.584,44.88058,1,1,2246.032,2245.715,1413.293,586.7067,2000,4,297.4442,363.0504,48.60513,790.9002,500,0,324.9685,0.1624843,0.1259371,0.3172331,0,250,0.3172331,832.4215,37.94562,59.87734,2.414506,17.53351,6.934963,40.42858,14.98359,25.44499,602.8892,0,1172.827,0,1.136868e-13,1.24345e-13,4.263256e-14
naive,2026-01-29 09:15:00,2341,9.25,22.44075,3223.159,253.0719,390.3278,51.04668,1,1,2256.211,2255.894,615.5076,330.5401,946.0477,2,0,97.58054,48.46712,800,0,499.6694,200,0.1,0.2046279,0.3172331,0,250,0.3172331,1640.387,37.82733,60.53767,24.80577,21.344,13.21935,40.61181,29.52696,11.08485,362.3535,0,736.2106,0,5.684342e-14,-7.993606e-15,4.263256e-14
naive,2026-01-29 09:30:00,2342,9.5,22.98121,3234.751,184.0111,397.0973,56.72279,1,1,2264.326,2264.009,1349.611,572.0833,1921.695,4,190.0339,373.0009,58.65973,800,500,0,324.9685,0.1624843,0.1259371,0.3172331,0,250,0.3172331,914.3976,45.52876,59.96924,0,24.09643,11.19403,40.75787,16.45916,24.29871,590.4987,0,1155.098,0,-2.273737e-13,1.24345e-13,4.263256e-14
naive,2026-01-29 09:45:00,2343,9.75,23.06688,3267.459,120.6257,392.3812,58.78883,1,1,2287.221,2286.904,589.2091,318.9464,908.1555,2,0,45.39816,62.75733,800,0,499.6694,200,0.1,0.2046279,0.3172331,0,250,0.3172331,1697.695,48.66611,59.87914,0,14.97973,10.12271,41.16999,30.55851,10.61147,351.2769,0,661.0299,0,0,-7.993606e-15,4.263256e-14
naive,2026-01-29 10:00:00,2344,10,23.13881,3244.665,130.5059,402.7508,65.23189,1,1,2271.266,2270.949,1324.528,566.1033,1890.632,4,147.3488,379.4437,63.83904,800,500,0,324.9685,0.1624843,0.1259371,0.3172331,0,250,0.3172331,946.4203,49.4682,59.80348,0,23.30719,15.76369,40.88278,17.03557,23.84722,585.9021,0,1144.73,0,-1.136868e-13,1.24345e-13,4.263256e-14
naive,2026-01-29 10:15:00,2345,10.25,23.37619,3278.665,116.0634,399.9975,72.20608,1,1,2295.065,2294.748,574.6954,312.5481,887.2435,2,0,11.53775,75.70578,800,0,499.6694,200,0.1,0.2046279,0.3172331,0,250,0.3172331,1720.053,58.51985,59.55382,0,17.93595,13.68624,41.31118,30.96095,10.35023,345.9192,0,655.7798,0,0,-7.993606e-15,4.263256e-14
naive,2026-01-29 10:30:00,2346,10.5,23.52115,3299.837,88.46988,397.1718,83.69913,1,1,2309.886,2309.569,1299.096,561.824,1860.92,4,89.0715,383.0344,88.81385,800,500,0,324.9685,0.1624843,0.1259371,0.3172331,0,250,0.3172331,1010.473,68.54926,59.40136,0,14.13737,15.14987,41.57794,18.18851,23.38943,582.6879,0,1122.936,0,0,1.24345e-13,4.263256e-14
naive,2026-01-29 10:45:00,2347,10.75,23.97934,3348.904,108.1561,400.788,92.63051,1,1,2344.233,2343.915,574.6583,312.5317,887.19,2,0,0,87.19002,800,0,469.509,207.5401,0.1037701,0.2046279,0.3172331,0,250,0.3172331,1769.257,66.97635,58.91946,19.78231,19.65281,25.65417,42.19619,31.84663,10.34956,348.9494,0,699.6401,0,5.684342e-14,-7.993606e-15,4.263256e-14
naive,2026-01-29 11:00:00,2348,11,24.14688,3348.35,123.5996,404.7277,98.75379,1,1,2343.845,2343.528,899.0835,448.1116,1347.195,3,62.56487,384.9567,99.67357,800,0,30.02972,200,0.1,0.130685,0.3172331,0,250,0.3172331,1444.444,76.43218,58.74325,31.00505,19.77105,22.32161,42.18921,25.99999,16.18921,478.102,0,977.7066,0,0,9.992007e-16,4.263256e-14
naive,2026-01-29 11:15:00,2349,11.25,24.28163,3369.09,121.4969,410.8726,99.42819,1,1,2358.363,2358.046,1313.278,568.2724,1881.55,4,87.42075,383.5942,110.5351,800,500,0,324.9685,0.1624843,0.1259371,0.3172331,0,250,0.3172331,1044.768,84.64188,58.60153,34.07617,27.27838,14.7863,42.45053,18.80582,23.64471,589.7286,0,1219.367,0,2.273737e-13,1.24345e-13,4.263256e-14
naive,2026-01-29 11:30:00,2350,11.5,24.63461,3382.6,106.4096,410.5112,111.9041,1,1,2367.82,2367.503,597.74,322.7073,920.4473,2,0,0,120.4473,800,0,452.0766,211.8982,0.1059491,0.2046279,0.3172331,0,250,0.3172331,1769.763,91.89201,58.23028,39.29232,25.55193,20.0121,42.62076,31.85573,10.76503,358.1752,0,762.6976,0,5.684342e-14,-6.483702e-14,4.263256e-14
naive,2026-01-29 11:45:00,2351,11.75,25.01762,3354.788,133.2561,417.6058,121.45,1,1,2348.351,2348.034,895.1472,450.8274,1345.975,3,25.14825,391.7899,129.0364,800,0,47.45942,200,0.1,0.1334292,0.3172331,0,250,0.3172331,1452.887,98.04948,57.82745,60.6484,25.81592,23.40048,427.1235,264.2544,162.8691,719.3379,0,1522.771,0,-1.136868e-13,2.137179e-15,4.263256e-14
naive,2026-01-29 12:00:00,2352,12,25.12929,3438.634,114.8325,420.6801,135.9532,1,1,2407.044,2406.727,1344.186,581.777,1925.963,4,88.43984,396.7782,140.7447,800,500,0,324.9685,0.1624843,0.1259371,0.3172331,0,250,0.3172331,1062.541,106.8204,57.71001,26.39271,23.90186,29.13275,438.779,193.6901,245.0888,780.7777,0,1583.39,0,1.136868e-13,1.24345e-13,4.263256e-14
naive,2026-01-29 12:15:00,2353,12.25,25.2875,3444.616,104.6114,419.3276,135.341,1,1,2411.231,2410.914,621.6636,333.254,954.9176,2,0,0,154.9176,800,0,485.9331,203.4341,0.101717,0.2046279,0.3172331,0,250,0.3172331,1789.25,117.3811,57.54361,15.08499,22.92082,17.95998,440.9411,327.1996,113.7414,663.738,0,1328.299,0,0,4.884981e-14,4.263256e-14
naive,2026-01-29 12:30:00,2354,12.5,25.459,3469.101,96.03874,422.5858,149.2005,1,1,2428.37,2428.053,962.28,475.2059,1437.486,3,69.00257,398.0956,170.3877,800,0,13.60819,200,0.1,0.1280995,0.3172331,0,250,0.3172331,1465.773,128.869,57.36324,13.42798,24.49016,20.33153,445.6126,268.9734,176.6392,747.9102,0,1496.696,0,-5.684342e-14,5.273559e-16,4.263256e-14
naive,2026-01-29 12:45:00,2355,12.75,25.65312,3480.205,95.9623,418.2556,155.7514,1,1,2436.144,2435.827,1377.52,595.814,1973.334,4,93.97455,394.1632,185.1962,800,500,0,324.9685,0.1624843,0.1259371,0.3172331,0,250,0.3172331,1058.307,139.7815,57.15907,1.987749,24.09237,15.96988,448.7976,194.9661,253.8315,793.7221,0,1568.129,0,2.273737e-13,1.24345e-13,4.263256e-14
naive,2026-01-29 13:00:00,2356,13,26.08609,3483.029,71.98826,423.571,177.6916,1,1,2438.12,2437.803,650.9839,346.1798,997.1637,2,0,0,197.1637,800,0,492.3187,201.8377,0.1009188,0.2046279,0.3172331,0,250,0.3172331,1786.819,148.1313,56.7037,0,28.10363,29.5603,453.1375,332.0898,121.0478,683.7635,0,1352.214,0,0,-7.993606e-15,4.263256e-14
naive,2026-01-29 13:15:00,2357,13.25,26.45102,3487.582,70.3442,434.4356,178.1876,1,1,2441.307,2440.99,1004.169,490.5665,1494.736,3,95.11434,393.218,206.4033,800,0,7.223596,200,0.1,0.1270942,0.3172331,0,250,0.3172331,1436.821,154.4705,56.31989,0,41.21767,23.71711,457.1404,269.0481,188.0924,764.0556,0,1535.852,0,0,2.775558e-17,4.263256e-14
naive,2026-01-29 13:30:00,2358,13.5,26.78199,3444.983,84.30589,431.5341,183.4483,1,1,2411.488,2411.171,1395.874,604.1258,2000,4,91.71584,394.1705,214.7657,799.3479,500,0,324.9685,0.1624843,0.1259371,0.3172331,0,250,0.3172331,1015.296,160.1603,55.92617,0,37.3636,23.28807,454.6561,191.4216,263.2346,799.9381,0,1601.411,0,1.136868e-13,1.24345e-13,4.263256e-14
naive,2026-01-29 13:45:00,2359,13.75,27.13045,3466.833,114.0061,425.0317,194.3209,1,1,2426.783,2426.466,674.771,356.6663,1031.437,3,0,0,231.4373,800,0,486.8899,203.1949,0.1015974,0.2046279,0.3172331,0,250,0.3172331,1751.695,171.9478,55.60529,21.33224,30.81569,22.37312,460.8706,332.6645,128.2061,693.5797,0,1414.559,0,0,-7.993606e-15,4.263256e-14
naive,2026-01-29 14:00:00,2360,14,27.30474,3460.873,104.393,432.1997,201.3186,1,1,2422.611,2422.294,1015.014,497.9747,1512.988,4,73.02857,402.2358,237.7241,800,0,12.65159,200,0.1,0.1279488,0.3172331,0,250,0.3172331,1407.28,176.2872,55.42199,18.71287,29.96393,25.03145,461.7594,268.2333,193.5262,770.979,0,1563.576,0,1.136868e-13,-6.661338e-16,4.263256e-14
naive,2026-01-29 14:15:00,2361,14.25,27.58116,3461.764,98.66222,433.4176,217.5313,1,1,2423.235,2422.917,1398.253,601.7467,2000,4,96.17432,399.2179,244.4211,760.1867,500,0,324.9685,0.1624843,0.1259371,0.3172331,0,250,0.3172331,1024.664,180.713,52.38757,2.487901,34.19969,36.81834,464.5707,196.4436,268.1271,805.2489,0,1614.848,0,-2.273737e-13,1.24345e-13,4.263256e-14
naive,2026-01-29 14:30:00,2362,14.5,27.7231,3494.132,102.7452,420.8502,223.6266,1,1,2445.892,2445.575,688.7093,362.811,1051.52,3,0,0,251.5203,800,0,490.0545,202.4037,0.1012019,0.2046279,0.3172331,0,250,0.3172331,1756.866,185.6761,54.98198,7.201804,26.33908,37.95047,470.3224,337.829,132.4934,707.9376,0,1411.878,0,0,-7.993606e-15,4.263256e-14
naive,2026-01-29 14:45:00,2363,14.75,27.76639,3491.315,115.8711,416.298,222.0076,1,1,2443.921,2443.603,1041.211,507.3001,1548.511,4,91.7185,392.7919,264.0002,800,0,9.487459,200,0.1,0.1274507,0.3172331,0,250,0.3172331,1402.393,194.7976,54.93645,14.6651,23.50606,27.21006,470.3739,269.9143,200.4597,782.4514,0,1568.945,0,-2.273737e-13,-2.775558e-17,4.263256e-14
naive,2026-01-29 15:00:00,2364,15,28.11433,3533.894,132.4323,412.2942,230.7167,1,1,2473.726,2473.409,1398.655,601.3445,2000,4,96.87078,386.5796,263.0737,753.4758,500,0,324.9685,0.1624843,0.1259371,0.3172331,0,250,0.3172331,1074.753,193.3817,51.39694,35.56151,25.71455,37.33503,479.6437,208.3895,271.2542,816.9732,0,1681.826,0,1.136868e-13,1.24345e-13,4.263256e-14
naive,2026-01-29 15:15:00,2365,15.25,28.00213,3547.79,123.1111,409.0233,238.4514,1,1,2483.453,2483.136,699.0107,367.3524,1066.363,3,0,0,266.3631,800,0,472.3553,206.8285,0.1034143,0.2046279,0.3172331,0,250,0.3172331,1784.125,196.0387,54.68851,36.88213,22.89702,42.41274,480.3803,345.1076,135.2727,720.664,0,1482.922,0,0,-7.993606e-15,4.263256e-14
naive,2026-01-29 15:30:00,2366,15.5,28.1099,3541.038,103.5628,408.3031,235.774,1,1,2478.726,2478.409,1019.353,499.5579,1518.911,4,75.7993,378.716,264.3953,800,0,27.18393,200,0.1,0.1302369,0.3172331,0,250,0.3172331,1459.056,194.3625,54.57516,0.5795724,29.58717,41.41152,480.5679,282.8774,197.6905,790.464,0,1571.569,0,-5.684342e-14,1.582068e-15,4.263256e-14
naive,2026-01-29 15:45:00,2367,15.75,28.1293,3527.002,83.20986,402.8524,230.0276,1,1,2468.901,2468.584,1400.04,599.9605,2000,4,110.6658,374.2411,266.39,748.703,500,0,324.9685,0.1624843,0.1259371,0.3172331,0,250,0.3172331,1068.545,195.7875,51.05664,0,28.61127,34.24015,478.8612,207.2519,271.6092,813.8535,0,1619.623,0,0,1.24345e-13,4.263256e-14
naive,2026-01-29 16:00:00,2368,16,27.99511,3478.703,133.0454,401.1431,231.4503,1,1,2435.092,2434.775,707.7973,371.226,1079.023,3,0,13.06813,265.9551,800,0,499.6694,200,0.1,0.2046279,0.3172331,0,250,0.3172331,1726.977,195.7534,54.6959,0,27.78163,35.69691,470.9552,334.0034,136.9518,712.1333,0,1410.657,0,-5.684342e-14,-7.993606e-15,4.263256e-14
naive,2026-01-29 16:15:00,2369,16.25,28.01695,3515.222,161.2612,391.8264,218.5458,1,1,2460.655,2460.338,1408.228,591.7721,2000,4,173.1801,372.9381,264.1248,689.7569,500,0,324.9685,0.1624843,0.1259371,0.3172331,0,250,0.3172331,1052.11,194.3601,47.13878,0,18.88824,24.18576,476.1205,203.5763,272.5442,800.0282,0,1579.608,0,0,1.24345e-13,4.263256e-14
naive,2026-01-29 16:30:00,2370,16.5,28.08374,3528.824,200.6673,386.6103,214.0327,1,1,2470.177,2469.859,738.6746,384.8382,1123.513,3,0,68.30591,255.2068,800,0,499.6694,200,0.1,0.2046279,0.3172331,0,250,0.3172331,1731.185,187.6613,54.60268,2.635521,16.66672,26.37145,478.6432,335.4497,143.1936,725.3978,0,1422.664,0,-1.136868e-13,-7.993606e-15,4.263256e-14
naive,2026-01-29 16:45:00,2371,16.75,28.18689,3490.521,243.3272,380.761,209.6598,1,1,2443.365,2443.047,1415.048,584.9519,2000,4,230.7362,369.0099,250.7725,649.4814,500,0,324.9685,0.1624843,0.1259371,0.3172331,0,250,0.3172331,1027.999,184.1936,44.2412,12.59107,11.75106,25.46617,474.4911,199.6331,274.858,789.5305,0,1571.28,0,0,1.24345e-13,4.263256e-14
naive,2026-01-29 17:00:00,2372,17,28.10717,3461.686,287.6219,382.7274,194.0015,1,1,2423.18,2422.863,781.7201,403.8148,1185.535,3,0,142.1867,243.3482,800,0,499.6694,200,0.1,0.2046279,0.3172331,0,250,0.3172331,1641.143,178.8956,54.57804,14.23326,14.25982,15.1059,469.7714,318.1613,151.6102,724.9045,0,1437.559,0,0,-7.993606e-15,4.263256e-14
naive,2026-01-29 17:15:00,2373,17.25,28.21947,3396.281,357.7232,375.2763,190.2801,1,1,2377.397,2377.08,1425.466,574.5342,2000,4,317.5631,363.3773,232.8478,586.2117,500,0,324.9685,0.1624843,0.1259371,0.3172331,0,250,0.3172331,951.614,170.9672,39.9063,40.16008,11.89893,19.31291,462.0021,184.9282,277.0739,763.2155,0,1571.338,0,0,1.24345e-13,4.263256e-14
naive,2026-01-29 17:30:00,2374,17.5,28.25732,3406.481,405.1641,371.6286,188.5532,1,1,2384.537,2384.219,825.4435,423.0901,1248.534,3,0,232.1764,216.3572,800,0,499.6694,200,0.1,0.2046279,0.3172331,0,250,0.3172331,1558.776,158.7935,54.42011,32.45899,12.48784,29.75972,463.7648,303.1639,160.6009,732.0419,0,1480.395,0,-1.136868e-13,-7.993606e-15,4.263256e-14
naive,2026-01-29 17:45:00,2375,17.75,28.34505,3388.404,473.9906,371.1079,171.6117,1,1,2371.883,2371.566,1440.097,559.9029,2000,4,440.2632,354.486,206.6852,498.5657,500,0,324.9685,0.1624843,0.1259371,0.3172331,0,250,0.3172331,931.4685,151.5497,33.8575,33.72741,16.62192,20.06194,462.1712,181.5005,280.6707,745.3126,0,1539.388,0,0,1.24345e-13,4.263256e-14
naive,2026-01-29 18:00:00,2376,18,28.06042,3370.329,513.5142,3.897644,160.2364,1,1,2359.23,2358.913,648.3083,345.0003,993.3086,2,0,0,193.3086,800,0,498.6956,200.2435,0.1001217,0.2046279,0.3172331,0,250,0.3172331,1710.605,142.1817,54.62721,22.68448,0,18.05466,456.9182,331.2972,125.621,679.7942,0,1337.264,0,0,4.884981e-14,4.263256e-14
naive,2026-01-29 18:15:00,2377,18.25,27.95625,3337.834,574.6146,4.992011,157.4006,1,1,2336.483,2336.166,1081.664,469.6839,1551.348,4,557.8466,11.88082,181.6206,800,0,0.8477405,200,0.1,0.1260904,0.3172331,0,250,0.3172331,1254.502,133.7363,54.73676,15.92025,0,23.66426,451.5108,242.4247,209.0861,716.6816,0,1399.247,0,-5.684342e-14,2.775558e-17,4.263256e-14
naive,2026-01-29 18:30:00,2378,18.5,27.81692,3312.298,616.4617,7.050741,146.6827,1,1,2318.609,2318.291,1444.089,555.9113,2000,4,613.8411,10.58199,175.676,699.9009,500,0,324.9685,0.1624843,0.1259371,0.3172331,0,250,0.3172331,874.2026,129.5548,48.0161,2.62064,0,17.12789,446.7334,168.4353,278.2981,727.6467,0,1405.796,0,-1.136868e-13,1.24345e-13,4.263256e-14
naive,2026-01-29 18:45:00,2379,18.75,27.8192,3284.345,655.0054,9.900179,135.2859,0,1,2299.042,2298.724,767.0294,377.1471,1144.177,3,169.7334,8.170567,166.2725,800,0,499.6694,200,0.1,0.2046279,0.3172331,0,250,0.3172331,1531.695,122.6171,54.88091,0,1.729612,12.66884,442.9848,295.1306,147.8542,0,674.7188,3652.196,0,-5.684342e-14,-7.993606e-15,4.263256e-14
naive,2026-01-29 19:00:00,2380,19,27.63515,3255.329,670.4832,0,127.1993,0,0,2278.731,2278.413,1454.839,545.1612,2000,4,705.7355,5.780524,150.1782,638.3058,500,0,324.9685,0.1624843,0.1259371,0.3172331,0,250,0.3172331,823.5745,110.9695,43.94295,0,0,16.22982,437.3651,158.0717,279.2934,0,706.348,3835.478,0,2.273737e-13,1.24345e-13,4.263256e-14
naive,2026-01-29 19:15:00,2381,19.25,27.46825,3228.423,702.6191,0,119.312,0,0,2259.896,2259.579,785.2477,380.1288,1165.376,3,212.1833,9.158046,144.0351,800,0,499.6694,200,0.1,0.2046279,0.3172331,0,250,0.3172331,1474.331,106.6225,55.25002,0,0,12.68944,432.2271,281.9802,150.2469,0,664.5359,3592.791,0,5.684342e-14,-7.993606e-15,4.263256e-14
naive,2026-01-29 19:30:00,2382,19.5,27.20677,3201.669,714.928,7.615812,113.318,0,0,2241.169,2240.851,1456.327,543.6734,2000,4,728.0682,0.8942782,125.7988,645.2387,500,0,324.9685,0.1624843,0.1259371,0.3172331,0,250,0.3172331,784.5247,93.38624,44.78362,0,6.721533,19.93173,426.3001,149.2271,277.0731,0,696.6918,3793.018,0,0,1.24345e-13,4.263256e-14
naive,2026-01-29 19:45:00,2383,19.75,26.92775,3235.174,726.9708,6.254238,99.88146,0,0,2264.622,2264.305,762.6584,369.8246,1132.483,3,215.0896,0.5994245,116.794,800,0,499.6694,200,0.1,0.2046279,0.3172331,0,250,0.3172331,1501.646,86.96226,55.81848,12.21181,5.654814,12.91921,428.2611,283.9753,144.2858,0,656.243,3577.361,0,-5.684342e-14,-7.993606e-15,4.263256e-14
naive,2026-01-29 20:00:00,2384,20,26.67225,3272.531,693.6055,15.91018,93.63065,0,0,2290.771,2290.454,1452.609,547.3913,2000,4,709.4322,4.201377,98.69211,687.6743,500,0,324.9685,0.1624843,0.1259371,0.3172331,0,250,0.3172331,837.8455,73.6857,48.21216,0,11.7088,19.94496,430.9159,157.6067,273.3092,0,708.7498,3864.083,0,0,1.24345e-13,4.263256e-14
naive,2026-01-29 20:15:00,2385,20.25,26.65337,3193.8,644.6381,15.43155,89.73163,0,0,2235.66,2235.343,705.9812,351.4187,1057.4,3,159.7743,2.691529,94.93406,800,0,499.6694,200,0.1,0.2046279,0.3172331,0,250,0.3172331,1529.362,70.8942,56.10707,0,12.74002,18.83743,420.3847,287.5751,132.8096,0,642.5359,3492.804,0,0,-7.993606e-15,4.263256e-14
naive,2026-01-29 20:30:00,2386,20.5,26.35765,3174.968,590.2406,3.469496,83.60619,0,0,2222.478,2222.161,1438.878,561.1216,2000,4,612.5269,1.180825,87.04445,799.2478,500,0,324.9685,0.1624843,0.1259371,0.3172331,0,250,0.3172331,783.2821,65.20837,56.36503,0,2.288671,18.39781,415.3653,146.3899,268.9754,0,710.9499,3850.762,0,-2.273737e-13,1.24345e-13,4.263256e-14
naive,2026-01-29 20:45:00,2387,20.75,25.87479,3143.397,525.3832,0,62.77985,0,0,2200.378,2200.06,612.9223,322.4816,935.4038,2,58.16119,0.7939571,76.44869,800,0,499.6694,200,0.1,0.2046279,0.3172331,0,250,0.3172331,1587.138,57.56599,56.92593,0,0,5.21386,407.1928,293.7093,113.4836,0,617.1557,3330.315,0,-5.684342e-14,-7.993606e-15,4.263256e-14
naive,2026-01-29 21:00:00,2388,21,25.74086,3116.124,484.7393,0,56.49874,0,0,2181.286,2180.969,1347.766,532.94,1880.706,4,512.245,3.086867,65.37412,800,500,0,324.9685,0.1624843,0.1259371,0.3172331,0,250,0.3172331,833.2032,49.29686,57.06679,0,0,7.201878,402.5624,153.7699,248.7925,0,688.039,3720.014,0,0,1.24345e-13,4.263256e-14
naive,2026-01-29 21:15:00,2389,21.25,25.50029,3125.617,435.4687,5.316396,58.51278,0,0,2187.932,2187.615,557.1247,304.8021,861.9268,2,0,0,61.92677,800,0,440.216,214.8634,0.1074317,0.2046279,0.3172331,0,250,0.3172331,1630.49,46.81649,57.31981,0,3.512774,11.69629,401.8264,299.4489,102.3774,0,606.3991,3276.77,0,0,-7.993606e-15,4.263256e-14
naive,2026-01-29 21:30:00,2390,21.5,25.38277,3032.985,345.0163,5.270741,54.89613,0,0,2123.09,2122.773,800.6328,374.7169,1175.35,3,314.6927,1.284204,59.37275,800,0,59.31813,200,0.1,0.1352963,0.3172331,0,250,0.3172331,1322.14,44.94148,57.44341,0,3.986537,9.954646,388.9942,242.2435,146.7507,0,618.7843,3345.566,0,5.684342e-14,1.94289e-15,4.263256e-14
naive,2026-01-29 21:45:00,2391,21.75,25.25416,3057.691,310.0008,6.998743,49.65251,0,0,2140.384,2140.066,1179.715,483.152,1662.867,4,307.9957,3.285161,51.58604,800,500,0,324.9685,0.1624843,0.1259371,0.3172331,0,250,0.3172331,960.3515,39.1005,57.57868,2.005093,3.713582,10.55201,391.1489,175.5015,215.6475,0,660.5819,3578.289,0,-1.705303e-13,1.24345e-13,4.263256e-14
naive,2026-01-29 22:00:00,2392,22,25.00747,3008.947,252.0069,1.087395,40.07553,0,0,2106.263,2105.945,544.1258,299.0715,843.1973,2,0,0,43.19727,800,0,255.855,260.9536,0.1304768,0.2046279,0.3172331,0,250,0.3172331,1561.82,32.82734,57.83813,0,0,7.248186,383.014,284.0096,99.00442,0,584.3992,3149.128,0,0,-7.993606e-15,4.263256e-14
naive,2026-01-29 22:15:00,2393,22.25,24.74156,3020.353,221.6758,0,29.17589,0,0,2114.247,2113.93,538.3545,296.5272,834.8817,2,0,0,34.8817,800,0,207.4949,209.0388,0.1045194,0.1643187,0.3172331,0,250,0.3172331,1575.576,26.58221,58.1178,17.66891,0,2.593677,38.05645,28.36036,9.696091,0,325.3567,1754.558,0,0,-5.662137e-15,4.263256e-14
naive,2026-01-29 22:30:00,2394,22.5,24.45429,3012.944,172.1027,5.828863,19.25887,0,0,2109.061,2108.744,663.4492,332.9904,996.4396,2,157.0689,3.461195,35.90949,800,0,36.02364,200,0.1,0.1316287,0.3172331,0,250,0.3172331,1445.295,27.44798,58.41993,0,2.367668,0,37.9631,26.0153,11.9478,0,359.0057,1912.893,0,0,2.220446e-15,4.263256e-14
naive,2026-01-29 22:45:00,2395,22.75,24.23483,3000.418,169.3001,14.14365,27.66802,1,0,2100.293,2099.976,1064.801,448.3347,1513.135,4,174.8191,2.240979,36.07526,800,500,0,324.9685,0.1624843,0.1259371,0.3172331,0,250,0.3172331,1035.175,27.63802,58.65075,0,11.90267,0.02999349,37.80527,18.63315,19.17212,466.9733,0,888.4966,0,-1.705303e-13,1.24345e-13,4.263256e-14
naive,2026-01-29 23:00:00,2396,23,23.91239,3004.671,124.265,10.2617,23.33491,1,1,2103.27,2102.952,538.5083,296.5951,835.1034,2,0,0,35.10339,800,0,153.8932,286.444,0.143222,0.2046279,0.3172331,0,250,0.3172331,1564.444,26.984,58.98987,0,9.226012,0,37.85885,28.15999,9.69886,324.7551,0,599.0614,0,0,-9.325873e-14,4.263256e-14
naive,2026-01-29 23:15:00,2397,23.25,23.71585,2982.223,102.4851,13.47786,23.09229,1,1,2087.556,2087.239,537.2335,296.0331,833.2666,2,0,0,33.2666,800,0,130.1186,253.8693,0.1269347,0.1803696,0.3172331,0,250,0.3172331,1550.005,25.62437,59.19658,0,13.36378,0,37.57601,27.9001,9.675914,323.9332,0,604.3227,0,5.684342e-14,-4.635181e-14,4.263256e-14
naive,2026-01-29 23:30:00,2398,23.5,23.67211,3034.575,103.6962,9.336819,20.30751,1,1,2124.202,2123.885,536.1082,295.537,831.6452,2,0,0,31.64516,800,0,126.8652,222.1131,0.1110565,0.1598578,0.3172331,0,250,0.3172331,1587.777,24.38649,59.24258,0,7.690473,0,38.23564,28.57998,9.655658,324.1169,0,594.8521,0,-5.684342e-14,-3.025358e-14,4.263256e-14
naive,2026-01-29 23:45:00,2399,23.75,23.35935,2989.492,84.22536,0,20.41649,1,1,2092.644,2092.327,554.757,300.3654,855.1224,2,28.52126,0.9284826,25.67266,800,0,88.31236,200,0.1,0.1398613,0.3172331,0,250,0.3172331,1537.57,19.84818,59.57153,0,0,0.5683135,37.6676,27.67626,9.991336,328.1417,0,589.2655,0,0,5.634382e-15,4.263256e-14
naive,2026-01-30 00:00:00,2400,0,23.05385,2955.06,93.01445,0,22.64964,1,1,2068.542,2068.225,1010.41,431.6942,1442.104,3,113.1366,2.77051,26.19674,800,500,0,324.9685,0.1624843,0.1259371,0.3172331,0,250,0.3172331,1057.815,20.31739,59.89284,0,0,2.332255,37.23376,19.04068,18.19308,451.143,0,834.9066,0,-5.684342e-14,1.24345e-13,4.263256e-14
naive,2026-01-30 00:15:00,2401,0.25,22.75041,2962.78,76.44002,0,16.96255,1,1,2073.946,2073.628,535.6125,295.3185,830.931,2,0,0,30.931,800,0,112.3099,296.8399,0.1484199,0.2046279,0.3172331,0,250,0.3172331,1538.016,24.06422,60.21199,0,0,0,37.33102,27.68429,9.646736,323.0027,0,578.267,0,0,2.04281e-14,4.263256e-14
naive,2026-01-30 00:30:00,2402,0.5,22.61334,2972.851,88.63685,0.1829277,21.73201,1,1,2080.996,2080.679,531.632,293.5637,825.1957,2,0,0,25.19569,800,0,112.6737,268.6247,0.1343124,0.1869157,0.3172331,0,250,0.3172331,1549.046,19.62979,60.35614,0,0,2.102218,37.45792,27.88284,9.575087,321.8113,0,575.7219,0,0,-1.74305e-14,4.263256e-14
naive,2026-01-30 00:45:00,2403,0.75,22.4846,3012.878,106.2581,0,22.50846,1,1,2109.015,2108.698,527.61,291.7905,819.4005,2,0,0,19.4005,800,0,112.307,240.5057,0.1202529,0.1691491,0.3172331,0,250,0.3172331,1581.088,15.13478,60.49155,0,0,7.37368,37.96227,28.45958,9.50269,321.5266,0,575.0001,0,-5.684342e-14,9.686696e-15,4.263256e-14
naive,2026-01-30 01:00:00,2404,1,22.46047,3008.469,68.03046,0,19.01041,1,1,2105.929,2105.611,528.7825,292.3075,821.09,2,0,0,21.08999,800,0,109.1743,213.1743,0.1065871,0.1514429,0.3172331,0,250,0.3172331,1576.829,16.45686,60.51692,0,0,2.553546,37.90671,28.38292,9.523796,321.1322,0,574.1829,0,0,-2.506328e-14,4.263256e-14
naive,2026-01-30 01:15:00,2405,1.25,22.3457,2979.643,86.10741,0,10.76018,1,1,2085.75,2085.433,572.7384,305.8583,878.5967,2,48.98379,3.912833,25.70005,800,0,52.56283,200,0.1,0.1342327,0.3172331,0,250,0.3172331,1512.694,20.07776,60.63764,0,0,0,37.5435,27.2285,10.315,333.0868,0,597.9562,0,5.684342e-14,2.914335e-15,4.263256e-14
naive,2026-01-30 01:30:00,2406,1.5,22.16025,2971.153,95.53181,0,16.45901,1,1,2079.807,2079.49,999.056,428.6123,1427.668,3,96.96913,7.682279,23.0169,800,500,0,324.9685,0.1624843,0.1259371,0.3172331,0,250,0.3172331,1080.434,18.01574,60.83268,0,0,0,37.43653,19.44781,17.98872,448.0601,0,827.6834,0,2.273737e-13,1.24345e-13,4.263256e-14
naive,2026-01-30 01:45:00,2407,1.75,22.02477,2959.029,79.83328,0,23.73598,1,1,2071.32,2071.003,527.6035,291.7877,819.3912,2,0,0,19.39116,800,0,101.5414,299.532,0.149766,0.2046279,0.3172331,0,250,0.3172331,1543.4,15.19882,60.97517,0,0,8.537153,37.28377,27.78119,9.502573,321.0339,0,573.4707,0,0,-2.220446e-14,4.263256e-14
naive,2026-01-30 02:00:00,2408,2,21.66791,2959.365,84.97519,0,26.26671,1,1,2071.555,2071.238,525.9042,291.0385,816.9427,2,0,0,16.94267,800,0,85.7467,278.0482,0.1390241,0.1886109,0.3172331,0,250,0.3172331,1545.334,13.32807,61.35049,2.029935,0,12.93865,37.288,27.81601,9.471985,321.06,0,576.6024,0,-5.684342e-14,-2.71172e-14,4.263256e-14
naive,2026-01-30 02:15:00,2409,2.25,21.56583,2983.852,86.93113,0,25.53892,1,1,2088.697,2088.379,521.31,289.0132,810.3232,2,0,0,10.32316,800,0,84.08907,256.9821,0.1284911,0.1750829,0.3172331,0,250,0.3172331,1567.069,8.129211,61.45786,4.561209,0,17.40971,37.59654,28.20725,9.38929,320.1824,0,579.0928,0,5.684342e-14,4.996004e-16,4.263256e-14
naive,2026-01-30 02:30:00,2410,2.5,21.42201,2983.786,119.4784,0,24.05863,1,1,2088.65,2088.333,524.3748,290.3643,814.7391,2,0,0,14.73912,800,0,103.4075,231.0898,0.1155449,0.1618179,0.3172331,0,250,0.3172331,1563.958,11.62362,61.60912,17.58677,0,12.43501,37.5957,28.15124,9.444457,320.6255,0,602.2779,0,0,-5.309642e-14,4.263256e-14
naive,2026-01-30 02:45:00,2411,2.75,21.53575,2976.071,109.83,0,21.56788,1,1,2083.25,2082.933,528.1836,292.0434,820.227,2,0,0,20.22701,800,0,108.2629,203.9877,0.1019939,0.1455139,0.3172331,0,250,0.3172331,1554.749,15.9331,61.4895,2.619164,0,5.634779,37.4985,27.98548,9.513015,320.987,0,577.3164,0,0,-1.840195e-14,4.263256e-14
naive,2026-01-30 03:00:00,2412,3,21.56575,3002.358,116.4142,0.8877934,23.12961,1,1,2101.65,2101.333,586.3369,308.5269,894.8639,2,76.94524,0.2704045,17.64822,800,0,15.82246,200,0.1,0.1284481,0.3172331,0,250,0.3172331,1514.996,13.89751,61.45795,23.64653,0.6173889,9.232091,37.8297,27.26993,10.55977,337.3675,0,647.4501,0,-5.684342e-14,6.661338e-16,4.263256e-14
naive,2026-01-30 03:15:00,2413,3.25,21.31937,2985.28,108.5998,2.113463,16.43906,1,1,2089.696,2089.379,988.9587,423.6945,1412.653,3,100.8897,0.9387175,10.82472,800,500,0,324.9685,0.1624843,0.1259371,0.3172331,0,250,0.3172331,1100.42,8.545525,61.71707,7.710054,1.174745,7.893536,37.61453,19.80756,17.80697,444.8388,0,835.5722,0,5.684342e-14,1.24345e-13,4.263256e-14
naive,2026-01-30 03:30:00,2414,3.5,21.12074,2994.28,114.5066,6.054947,22.29869,1,1,2095.996,2095.679,525.3067,290.7751,816.0819,2,0,0,16.08187,800,0,108.8192,297.7126,0.1488563,0.2046279,0.3172331,0,250,0.3172331,1570.372,12.72131,61.92598,6.045834,5.696489,9.577379,37.72793,28.2667,9.461231,320.6578,0,591.9044,0,-5.684342e-14,7.727152e-14,4.263256e-14
naive,2026-01-30 03:45:00,2415,3.75,21.12392,3012.21,127.8175,5.348598,24.5461,1,1,2108.547,2108.23,526.3309,291.2267,817.5576,2,0,0,17.55761,800,0,120.1195,267.6358,0.1338179,0.1874652,0.3172331,0,250,0.3172331,1581.899,13.88822,61.92263,7.760892,5.285635,10.65788,37.95385,28.47418,9.479667,321.4992,0,595.8408,0,5.684342e-14,-7.854828e-14,4.263256e-14
naive,2026-01-30 04:00:00,2416,4,20.75642,3003.345,134.2352,3.458194,22.71314,1,1,2102.342,2102.024,530.0171,292.8517,822.8688,2,0,0,22.86885,800,0,137.082,233.3232,0.1166616,0.1685263,0.3172331,0,250,0.3172331,1572.007,18.15669,62.30915,0,1.101016,4.55645,37.84215,28.29613,9.546018,321.9115,0,575.6244,0,-1.136868e-13,-8.687495e-15,4.263256e-14
naive,2026-01-30 04:15:00,2417,4.25,20.55609,3039.948,166.8654,7.314387,18.53406,1,1,2127.963,2127.646,547.1695,298.0638,845.2333,2,19.75077,2.317426,23.16506,800,0,133.1458,200,0.1,0.1469202,0.3172331,0,250,0.3172331,1580.477,18.42899,62.51985,13.96878,4.996962,0.1050689,38.30334,28.44858,9.854761,326.5299,0,615.4409,0,1.136868e-13,-4.246603e-15,4.263256e-14
naive,2026-01-30 04:30:00,2418,4.5,20.53901,3038.886,188.3012,0.09136315,5.643166,1,1,2127.22,2126.903,1062.627,445.9501,1508.577,4,186.8085,4.457607,17.31069,800,500,0,324.9685,0.1624843,0.1259371,0.3172331,0,250,0.3172331,1064.276,13.7739,62.53781,1.492743,0,0,38.28996,19.15697,19.13299,465.1071,0,862.4341,0,1.136868e-13,1.24345e-13,4.263256e-14
naive,2026-01-30 04:45:00,2419,4.75,20.57132,3088.99,225.6289,0,11.30284,1,1,2162.293,2161.976,528.3067,292.0977,820.4043,2,0,0,20.40433,800,0,249.6519,262.5044,0.1312522,0.2046279,0.3172331,0,250,0.3172331,1633.669,16.2302,62.50383,0,0,0,38.92127,29.40604,9.51523,321.5037,0,572.6906,0,0,-3.641532e-14,4.263256e-14
naive,2026-01-30 05:00:00,2420,5,20.55752,3080.85,274.7902,0,12.26281,1,1,2156.595,2156.278,571.1308,305.1451,876.2759,2,49.02201,5.480352,21.77354,800,0,249.8522,200,0.1,0.1652952,0.3172331,0,250,0.3172331,1585.147,17.32172,62.51834,0,0,0,38.81871,28.53264,10.28607,333.6777,0,597.0223,0,0,-1.321165e-14,4.263256e-14
naive,2026-01-30 05:15:00,2421,5.25,20.68538,3069.901,338.6378,0,19.10544,1,1,2148.931,2148.614,1195.677,484.3412,1680.018,4,357.1525,2.466934,20.39842,800,500,0,324.9685,0.1624843,0.1259371,0.3172331,0,250,0.3172331,952.9368,16.20689,62.38387,0,0,2.898545,38.68075,17.15286,21.52789,501.9792,0,933.7765,0,5.684342e-14,1.24345e-13,4.263256e-14
naive,2026-01-30 05:30:00,2422,5.5,20.63964,3046.659,425.341,1.273746,16.96206,1,1,2132.661,2132.344,523.5798,290.0138,813.5936,2,0,0,13.59358,800,0,422.2283,219.3603,0.1096801,0.2046279,0.3172331,0,250,0.3172331,1608.764,10.8053,62.43197,3.899751,0.4866833,6.156753,38.3879,28.95776,9.430146,320.0012,0,577.333,0,0,-7.993606e-15,4.263256e-14
naive,2026-01-30 05:45:00,2423,5.75,20.65716,3061.191,516.9786,0.5418144,20.81122,1,1,2142.833,2142.516,852.6789,385.2098,1237.889,3,419.3634,1.721471,16.80395,800,0,77.30297,200,0.1,0.1381279,0.3172331,0,250,0.3172331,1289.837,13.35482,62.41355,20.31223,0,7.456401,38.571,23.21707,15.35393,409.6743,0,784.1719,0,1.136868e-13,6.938894e-15,4.263256e-14
naive,2026-01-30 06:00:00,2424,6,20.65199,3088.787,570.4171,6.490603,19.47929,1,1,2162.151,2161.833,1365.091,532.7551,1897.846,4,578.0027,0.3139145,19.52923,800,500,0,324.9685,0.1624843,0.1259371,0.3172331,0,250,0.3172331,796.7425,15.52152,62.41898,0,6.176688,3.957766,38.91871,14.34137,24.57734,547.7585,0,1035.95,0,0,1.24345e-13,4.263256e-14
naive,2026-01-30 06:15:00,2425,6.25,20.54528,3060.052,634.8769,6.074642,21.14235,1,1,2142.036,2141.719,643.9787,325.6299,969.6087,2,146.7871,1.033687,21.78792,800,0,499.6694,200,0.1,0.2046279,0.3172331,0,250,0.3172331,1497.74,17.33529,62.53121,0,5.040955,3.807057,38.55665,26.95933,11.59733,353.2248,0,644.7977,0,-5.684342e-14,-7.993606e-15,4.263256e-14
naive,2026-01-30 06:30:00,2426,6.5,20.6033,3030.876,702.719,0,19.92223,1,1,2121.613,2121.296,1447.101,552.8986,2000,4,699.9959,2.389877,17.86754,779.7467,500,0,324.9685,0.1624843,0.1259371,0.3172331,0,250,0.3172331,674.1943,14.2078,60.88866,2.723027,0,5.71443,38.18903,12.1355,26.05354,565.9891,0,1068.176,0,0,1.24345e-13,4.263256e-14
naive,2026-01-30 06:45:00,2427,6.75,20.59821,3024.66,750.0354,0,18.15448,1,1,2117.262,2116.945,717.0392,346.0999,1063.139,3,245.4656,0.9842293,16.68917,800,0,499.6694,200,0.1,0.2046279,0.3172331,0,250,0.3172331,1399.906,13.27146,62.47555,4.900291,0,4.883014,38.11072,25.19831,12.91242,372.1142,0,682.3963,0,-5.684342e-14,-7.993606e-15,4.263256e-14
naive,2026-01-30 07:00:00,2428,7,20.69042,3053.844,743.558,7.372279,14.98124,1,1,2137.691,2137.373,1456.312,543.6882,2000,4,767.1128,2.135277,22.45349,708.2984,500,0,324.9685,0.1624843,0.1259371,0.3172331,0,250,0.3172331,681.0616,17.83877,55.2283,0,5.237002,0,38.47843,12.25911,26.21932,555.9473,0,1058.797,0,0,1.24345e-13,4.263256e-14
naive,2026-01-30 07:15:00,2429,7.25,20.4465,3079.955,751.5735,8.5462,12.20164,1,1,2155.969,2155.651,734.5822,351.4537,1086.036,3,265.4729,1.208845,19.35414,800,0,499.6694,200,0.1,0.2046279,0.3172331,0,250,0.3172331,1421.069,15.41418,62.63511,0,7.337355,0,38.80744,25.57925,13.22819,377.0329,0,696.2583,0,1.705303e-13,-7.993606e-15,4.263256e-14
naive,2026-01-30 07:30:00,2430,7.5,20.5747,3081.399,745.6203,0.6628673,19.72522,1,1,2156.979,2156.662,1451.926,548.0745,2000,4,731.5844,2.286519,29.53711,736.592,500,0,324.9685,0.1624843,0.1259371,0.3172331,0,250,0.3172331,704.7366,23.49389,57.5465,14.0359,0,0,38.82563,12.68526,26.14037,560.7597,0,1080.992,0,0,1.24345e-13,4.263256e-14
naive,2026-01-30 07:45:00,2431,7.75,20.63099,3098.184,676.6689,5.249558,20.18522,1,1,2168.729,2168.412,662.8719,331.9779,994.8498,2,163.4409,1.611459,29.79737,800,0,499.6694,200,0.1,0.2046279,0.3172331,0,250,0.3172331,1505.54,23.68748,62.44107,13.55856,3.638099,0,39.03712,27.09972,11.9374,359.0776,0,677.5732,0,-1.136868e-13,-7.993606e-15,4.263256e-14
naive,2026-01-30 08:00:00,2432,8,20.69134,3124.567,590.7319,368.7572,20.36935,1,1,2187.197,2186.879,1452.384,547.6157,2000,4,595.5793,360.2779,35.14151,509.0013,500,0,324.9685,0.1624843,0.1259371,0.3172331,0,250,0.3172331,734.4951,27.91885,39.68785,0,8.479304,0,39.36954,13.22091,26.14863,560.8366,0,1091.651,0,0,1.24345e-13,4.263256e-14
naive,2026-01-30 08:15:00,2433,8.25,20.8504,3160.878,492.4566,365.6074,23.34881,1,1,2212.615,2212.298,813.8226,415.1306,1228.953,3,23.844,362.7366,42.37259,800,0,499.6694,200,0.1,0.2046279,0.3172331,0,250,0.3172331,1398.475,33.6098,62.21031,0,2.870767,0,39.82707,25.17255,14.65452,440.3032,0,815.5718,0,0,-7.993606e-15,4.263256e-14
naive,2026-01-30 08:30:00,2434,8.5,20.95345,3153.854,408.704,366.2557,28.16129,1,1,2207.698,2207.381,1433.115,566.8847,2000,4,445.7592,368.4941,42.38972,643.357,500,0,324.9685,0.1624843,0.1259371,0.3172331,0,250,0.3172331,774.2652,33.58845,49.94213,0,0,0,39.73856,13.93677,25.80179,580.8215,0,1105.458,0,2.273737e-13,1.24345e-13,4.263256e-14
naive,2026-01-30 08:45:00,2435,8.75,21.24944,3136.747,325.4863,375.5516,33.38434,1,1,2195.723,2195.406,714.9022,374.3581,1089.26,3,0,241.4029,47.85738,800,0,499.6694,200,0.1,0.2046279,0.3172331,0,250,0.3172331,1480.504,37.80754,61.79062,0,2.226319,0,39.52301,26.64906,12.87395,401.0072,0,736.3403,0,-1.136868e-13,-7.993606e-15,4.263256e-14
naive,2026-01-30 09:00:00,2436,9,21.595,3160.055,264.2754,386.5122,34.00198,1,1,2212.039,2211.722,1414.274,585.7263,2000,4,298.9187,373.4955,53.4069,774.1789,500,0,324.9685,0.1624843,0.1259371,0.3172331,0,250,0.3172331,797.4478,42.04405,59.44453,0,13.01669,0,39.8167,14.35406,25.46264,600.0804,0,1155.739,0,0,1.24345e-13,4.263256e-14
naive,2026-01-30 09:15:00,2437,9.25,21.89989,3236.676,216.5815,395.2438,44.15997,1,1,2265.673,2265.356,640.2731,341.458,981.7311,2,0,124.0389,57.69225,800,0,499.6694,200,0.1,0.2046279,0.3172331,0,250,0.3172331,1625.083,45.27693,61.10651,0,13.60005,0,40.78212,29.25149,11.53063,370.7095,0,696.1342,0,-5.684342e-14,-7.993606e-15,4.263256e-14
naive,2026-01-30 09:30:00,2438,9.5,22.22193,3246.358,152.1976,395.3084,50.80927,1,1,2272.451,2272.134,1362.323,578.0744,1940.397,4,186.778,387.0873,66.53168,800,500,0,324.9685,0.1624843,0.1259371,0.3172331,0,250,0.3172331,909.8109,52.04271,60.76781,0,8.221065,0,40.90411,16.3766,24.52752,594.451,0,1134.72,0,0,1.24345e-13,4.263256e-14
naive,2026-01-30 09:45:00,2439,9.75,22.47158,3260.302,138.8756,394.6945,51.85314,1,1,2282.212,2281.894,582.6649,316.0614,898.7263,2,0,28.82438,69.90191,800,0,499.6694,200,0.1,0.2046279,0.3172331,0,250,0.3172331,1699.229,54.53938,60.50524,0,8.254359,0,41.07981,30.58613,10.49368,346.6476,0,639.4655,0,0,-7.993606e-15,4.263256e-14
naive,2026-01-30 10:00:00,2440,10,22.68409,3288.598,125.5484,397.6847,52.91682,1,1,2302.018,2301.701,1334.367,571.5612,1905.929,4,137.9312,393.0811,74.9164,800,500,0,324.9685,0.1624843,0.1259371,0.3172331,0,250,0.3172331,967.3336,58.32446,60.28173,0,4.603599,0,41.43633,17.412,24.02433,588.9732,0,1118.071,0,2.273737e-13,1.24345e-13,4.263256e-14
naive,2026-01-30 10:15:00,2441,10.25,22.73182,3269.475,95.32395,400.7651,58.50897,1,1,2288.632,2288.315,583.6807,316.5093,900.19,2,0,14.84263,85.34735,800,0,499.6694,200,0.1,0.2046279,0.3172331,0,250,0.3172331,1704.634,66.41265,60.23153,0,8.023148,0,41.19538,30.68342,10.51196,347.1927,0,640.4648,0,5.684342e-14,-7.993606e-15,4.263256e-14
naive,2026-01-30 10:30:00,2442,10.5,22.9054,3315.96,105.7849,400.1697,67.62488,1,1,2321.172,2320.855,1312.035,567.5975,1879.633,4,88.4892,391.6726,99.47084,800,500,0,324.9685,0.1624843,0.1259371,0.3172331,0,250,0.3172331,1008.82,77.26465,60.04898,17.29572,8.497131,0,41.7811,18.15876,23.62234,585.7563,0,1148.45,0,1.136868e-13,1.24345e-13,4.263256e-14
naive,2026-01-30 10:45:00,2443,10.75,23.28853,3319.002,120.2894,405.8091,79.02506,1,1,2323.301,2322.984,587.1812,318.0525,905.2337,2,0,0,105.2337,800,0,491.8698,201.9499,0.1009749,0.2046279,0.3172331,0,250,0.3172331,1735.803,81.41845,59.64602,21.17252,13.05611,0,41.81942,31.24445,10.57497,349.2969,0,690.5364,0,0,-7.993606e-15,4.263256e-14
naive,2026-01-30 11:00:00,2444,11,23.61441,3299.721,98.28235,404.066,90.80475,1,1,2309.805,2309.488,948.5767,465.2617,1413.838,3,101.8138,396.654,115.3705,800,0,7.672432,200,0.1,0.1271649,0.3172331,0,250,0.3172331,1360.911,88.9604,59.30327,0,7.411999,1.844348,41.57649,24.4964,17.08009,490.0843,0,926.2382,0,0,-5.551115e-17,4.263256e-14
naive,2026-01-30 11:15:00,2445,11.25,23.77792,3326.663,102.018,416.2316,94.09082,1,1,2328.664,2328.347,1345.877,580.4316,1926.309,4,106.0168,399.3206,120.9712,800,500,0,324.9685,0.1624843,0.1259371,0.3172331,0,250,0.3172331,982.4702,93.12078,59.1313,0,16.91098,0.9700356,41.91596,17.68446,24.2315,598.2883,0,1159.225,0,0,1.24345e-13,4.263256e-14
naive,2026-01-30 11:30:00,2446,11.5,24.021,3350.974,89.46979,421.9171,106.312,1,1,2345.682,2345.364,607.6541,327.0779,934.7319,2,0,0,134.7319,800,0,488.1539,202.8789,0.1014394,0.2046279,0.3172331,0,250,0.3172331,1737.71,103.4515,58.87565,1.038388,22.19462,2.860529,42.22227,31.27879,10.94348,358.8668,0,691.5754,0,0,-7.993606e-15,4.263256e-14
naive,2026-01-30 11:45:00,2447,11.75,24.38703,3402.26,82.42884,417.0129,117.6045,1,1,2381.582,2381.265,970.9099,475.993,1446.903,3,94.36814,406.8012,145.7335,800,0,11.38781,200,0.1,0.1277499,0.3172331,0,250,0.3172331,1410.355,111.4721,58.49068,0,10.21177,6.132374,42.86848,25.38639,17.48209,502.4808,0,956.7749,0,0,6.383782e-16,4.263256e-14
naive,2026-01-30 12:00:00,2448,12,24.59194,3433.382,81.72575,411.7335,134.2098,1,1,2403.367,2403.05,1379.608,595.6873,1975.295,4,102.7777,410.857,161.6607,800,500,0,324.9685,0.1624843,0.1259371,0.3172331,0,250,0.3172331,1023.442,123.3899,58.27516,0,0.8764697,10.81993,43.26061,18.42196,24.83866,616.0606,0,1168.074,0,-2.273737e-13,1.24345e-13,4.263256e-14
naive,2026-01-30 12:15:00,2449,12.25,25.02658,3435.747,58.36004,414.1962,143.998,1,1,2405.023,2404.706,635.8131,339.4918,975.3049,2,0,7.586548,167.7184,800,0,499.6694,200,0.1,0.2046279,0.3172331,0,250,0.3172331,1768.893,127.4303,57.81803,0,4.320405,16.5677,437.5095,321.7879,115.7216,664.2936,0,1270.995,0,-5.684342e-14,-7.993606e-15,4.263256e-14
naive,2026-01-30 12:30:00,2450,12.5,25.14653,3471.668,67.46447,412.3748,153.1319,1,1,2430.168,2429.85,1386.699,600.3703,1987.069,4,89.68772,412.4746,184.9065,800,500,0,324.9685,0.1624843,0.1259371,0.3172331,0,250,0.3172331,1043.152,140.3122,57.69188,0,0,12.8197,443.1473,190.2214,252.9259,792.9294,0,1520.955,0,0,1.24345e-13,4.263256e-14
naive,2026-01-30 12:45:00,2451,12.75,25.46485,3499.595,64.09666,418.193,163.6209,1,1,2449.717,2449.399,653.0778,347.1029,1000.181,3,0,3.599779,196.581,800,0,499.6694,200,0.1,0.2046279,0.3172331,0,250,0.3172331,1796.322,148.6705,57.35708,0,9.947204,14.95042,449.5828,329.6689,119.9139,679.5155,0,1311.663,0,0,-7.993606e-15,4.263256e-14
naive,2026-01-30 13:00:00,2452,13,25.76466,3546.694,65.43198,422.369,169.8469,1,1,2482.686,2482.369,1395.837,604.1626,2000,4,83.28321,411.7624,218.4476,786.5068,500,0,324.9685,0.1624843,0.1259371,0.3172331,0,250,0.3172331,1086.531,164.6839,56.07967,0,10.60655,5.163041,458.4079,200.6192,257.7887,805.7351,0,1566.677,0,1.136868e-13,1.24345e-13,4.263256e-14
naive,2026-01-30 13:15:00,2453,13.25,25.98973,3521.936,67.51762,412.9095,178.0386,1,1,2465.355,2465.038,670.3819,354.7314,1025.113,3,0,1.674073,223.4392,800,0,499.6694,200,0.1,0.2046279,0.3172331,0,250,0.3172331,1794.656,168.0447,56.80504,0,0,9.993948,457.2985,332.8906,124.4079,689.4758,0,1315.046,0,5.684342e-14,-7.993606e-15,4.263256e-14
naive,2026-01-30 13:30:00,2454,13.5,26.22468,3523.117,62.76455,412.7954,184.4982,1,1,2466.182,2465.864,1397.276,602.7235,2000,4,87.54515,415.5083,231.6107,765.3358,500,0,324.9685,0.1624843,0.1259371,0.3172331,0,250,0.3172331,1068.588,173.7549,54.10727,0,0,10.74324,459.6553,199.167,260.4882,803.8929,0,1546.915,0,0,1.24345e-13,4.263256e-14
naive,2026-01-30 13:45:00,2455,13.75,26.48246,3501.732,88.15166,419.618,193.148,1,1,2451.212,2450.895,697.7094,366.7787,1064.488,3,0,16.71207,247.776,800,0,499.6694,200,0.1,0.2046279,0.3172331,0,250,0.3172331,1753.185,185.3712,56.28682,0,7.680517,7.776757,459.2926,328.5008,130.7918,696.7366,0,1343.399,0,0,-7.993606e-15,4.263256e-14
naive,2026-01-30 14:00:00,2456,14,26.36667,3507.234,89.01781,411.5689,193.8165,1,1,2455.064,2454.747,1399.877,600.1228,2000,4,96.01057,419.5944,256.0933,728.3017,500,0,324.9685,0.1624843,0.1259371,0.3172331,0,250,0.3172331,1054.87,191.8309,51.3531,0,0,1.985619,458.9191,197.1842,261.7349,797.6781,0,1537.584,0,0,1.24345e-13,4.263256e-14
naive,2026-01-30 14:15:00,2457,14.25,26.60175,3538.539,110.2791,408.9304,201.1315,1,1,2476.977,2476.66,714.2181,374.0565,1088.275,3,0,16.84693,271.4276,800,0,499.6694,200,0.1,0.2046279,0.3172331,0,250,0.3172331,1762.442,202.8069,56.16135,12.6533,0,0,465.2642,331.0491,134.2151,705.1057,0,1368.857,0,-1.705303e-13,-7.993606e-15,4.263256e-14
naive,2026-01-30 14:30:00,2458,14.5,26.91357,3551.731,89.42419,407.1073,214.7593,1,1,2486.212,2485.894,1401.032,598.9685,2000,4,99.47152,409.8625,279.2775,711.3884,500,0,324.9685,0.1624843,0.1259371,0.3172331,0,250,0.3172331,1084.863,207.9756,49.64904,0,0,6.783682,470.0271,205.0972,264.9299,805.3481,0,1554.841,0,2.273737e-13,1.24345e-13,4.263256e-14
naive,2026-01-30 14:45:00,2459,14.75,27.11601,3529.244,85.84657,401.1482,231.8645,1,1,2470.471,2470.154,722.4767,377.6973,1100.174,3,0,16.28663,283.8874,800,0,499.6694,200,0.1,0.2046279,0.3172331,0,250,0.3172331,1747.677,210.9487,55.62049,0,0,20.91573,469.0258,331.8014,137.2244,713.4696,0,1364.366,0,-1.136868e-13,-7.993606e-15,4.263256e-14
naive,2026-01-30 15:00:00,2460,15,27.40242,3457.94,79.12728,394.6692,231.2281,1,1,2420.558,2420.241,1403.452,596.5475,2000,4,116.4131,401.5725,290.5314,691.483,500,0,324.9685,0.1624843,0.1259371,0.3172331,0,250,0.3172331,1016.788,215.22,47.81541,0,0,16.00803,462.3149,194.2017,268.1132,793.8067,0,1533.821,0,0,1.24345e-13,4.263256e-14
naive,2026-01-30 15:15:00,2461,15.25,27.37384,3439.644,79.69374,403.3328,224.0585,1,1,2407.751,2407.434,725.0034,378.8112,1103.815,3,0,6.187377,297.6272,800,0,499.6694,200,0.1,0.2046279,0.3172331,0,250,0.3172331,1682.43,220.5445,55.34932,0,3.679387,3.514005,459.5928,321.1432,138.4496,700.6252,0,1345.329,0,0,-7.993606e-15,4.263256e-14
naive,2026-01-30 15:30:00,2462,15.5,27.47976,3431.508,98.69081,404.5712,226.2044,1,1,2402.055,2401.738,1401.595,598.4045,2000,4,103.022,395.8859,294.9769,706.1151,500,0,324.9685,0.1624843,0.1259371,0.3172331,0,250,0.3172331,1000.143,218.3307,48.75541,0,8.685236,7.873667,459.5277,191.3333,268.1944,791.2442,0,1542.621,0,2.273737e-13,1.24345e-13,4.263256e-14
naive,2026-01-30 15:45:00,2463,15.75,27.62462,3438.747,124.2024,399.6968,222.0104,1,1,2407.123,2406.806,716.6129,375.1123,1091.725,3,0,0,291.7251,800,0,486.3451,203.3311,0.1016655,0.2046279,0.3172331,0,250,0.3172331,1690.193,215.5858,55.08555,28.67337,8.88079,6.424662,461.9052,324.3328,137.5724,700.6779,0,1404.166,0,-1.136868e-13,-7.993606e-15,4.263256e-14
naive,2026-01-30 16:00:00,2464,16,27.67858,3461.299,170.8063,404.9485,219.9459,1,1,2422.909,2422.592,1082.755,521.926,1604.681,4,122.7274,389.4069,292.5463,800,0,13.19633,200,0.1,0.1280346,0.3172331,0,250,0.3172331,1339.838,216.0663,55.02881,34.88259,15.54166,3.879556,465.4646,257.3959,208.0687,780.0672,0,1585.209,0,-1.136868e-13,-1.110223e-16,4.263256e-14
naive,2026-01-30 16:15:00,2465,16.25,27.90751,3473.078,175.4249,398.9077,212.7586,1,1,2431.155,2430.838,1408.875,591.1245,2000,4,166.7858,384.165,282.1826,666.8666,500,0,324.9685,0.1624843,0.1259371,0.3172331,0,250,0.3172331,1021.962,207.8952,45.67038,8.639041,14.74269,4.863426,469.3191,197.2833,272.0358,789.3467,0,1567.648,0,0,1.24345e-13,4.263256e-14
naive,2026-01-30 16:30:00,2466,16.5,28.02892,3459.84,206.1244,400.0567,208.7812,1,1,2421.888,2421.571,760.3401,394.3894,1154.729,3,0,79.86812,274.8613,800,0,499.6694,200,0.1,0.2046279,0.3172331,0,250,0.3172331,1661.231,202.2343,54.66033,6.591799,20.05176,6.54687,468.7388,321.5191,147.2197,717.1756,0,1418.818,0,1.136868e-13,-7.993606e-15,4.263256e-14
naive,2026-01-30 16:45:00,2467,16.75,28.00564,3460.339,235.2498,392.9422,200.0907,1,1,2422.238,2421.92,1417.355,582.645,2000,4,237.8978,376.2925,269.7355,616.0742,500,0,324.9685,0.1624843,0.1259371,0.3172331,0,250,0.3172331,1004.565,198.5132,42.11238,0,16.64979,1.577514,468.5741,194.33,274.2442,777.2802,0,1535.905,0,0,1.24345e-13,4.263256e-14
naive,2026-01-30 17:00:00,2468,17,28.14091,3412.371,266.4486,387.2192,197.5537,1,1,2388.66,2388.343,801.1719,412.39,1213.562,3,0,158.9728,254.5891,800,0,499.6694,200,0.1,0.2046279,0.3172331,0,250,0.3172331,1587.171,187.0906,54.54255,0,10.0937,10.46306,463.4126,307.9195,155.4931,722.3394,0,1400.73,0,5.684342e-14,-7.993606e-15,4.263256e-14
naive,2026-01-30 17:15:00,2469,17.25,28.26015,3372.489,309.2674,379.1562,193.7627,1,1,2360.742,2360.425,1429.561,570.4389,2000,4,339.8554,370.6952,247.1445,542.3049,500,0,324.9685,0.1624843,0.1259371,0.3172331,0,250,0.3172331,930.8639,181.384,36.88835,0,8.461077,12.37873,459.1648,181.0532,278.1116,753.8998,0,1480.896,0,0,1.24345e-13,4.263256e-14
naive,2026-01-30 17:30:00,2470,17.5,28.20029,3388.178,357.7931,370.7095,179.6752,1,1,2371.725,2371.408,858.5826,437.6995,1296.282,3,0,257.8297,238.4525,800,0,499.6694,200,0.1,0.2046279,0.3172331,0,250,0.3172331,1512.825,175.1189,54.4801,0,3.878278,4.556275,460.7109,293.8684,166.8425,732.4529,0,1410.306,0,0,-7.993606e-15,4.263256e-14
naive,2026-01-30 17:45:00,2471,17.75,28.26435,3372.494,448.9003,372.7451,177.4556,1,1,2360.746,2360.429,1443.862,556.1381,2000,4,458.8678,364.4533,221.5148,455.1642,500,0,324.9685,0.1624843,0.1259371,0.3172331,0,250,0.3172331,916.5669,162.5664,30.9584,0,8.291782,14.88918,459.2068,178.2885,280.9183,737.3228,0,1454.121,0,0,1.24345e-13,4.263256e-14
naive,2026-01-30 18:00:00,2472,18,28.28009,3371.193,507.8222,11.16377,170.3029,1,1,2359.835,2359.518,664.4088,351.6676,1016.076,3,3.619154,5.779032,206.6782,800,0,499.6694,200,0.1,0.2046279,0.3172331,0,250,0.3172331,1695.109,151.6521,54.39617,4.533585,5.384741,18.65086,459.1842,329.8397,129.3445,685.1364,0,1326.186,0,5.684342e-14,-7.993606e-15,4.263256e-14
naive,2026-01-30 18:15:00,2473,18.25,28.27733,3364.659,573.4527,3.385707,158.0925,1,1,2355.261,2354.944,1438.949,561.0506,2000,4,567.3894,8.221805,199.0922,725.2965,500,0,324.9685,0.1624843,0.1259371,0.3172331,0,250,0.3172331,915.9949,146.0902,49.31933,6.063292,0,12.00237,458.2672,178.2267,280.0405,741.6126,0,1438.2,0,-2.273737e-13,1.24345e-13,4.263256e-14
naive,2026-01-30 18:30:00,2474,18.5,28.05097,3350.999,615.0138,0,152.4106,0,1,2345.699,2345.382,740.8605,372.0258,1112.886,3,115.8047,8.720691,188.3608,800,0,499.6694,200,0.1,0.2046279,0.3172331,0,250,0.3172331,1604.522,138.5568,54.63715,0,0,13.85386,454.2061,310.6892,143.5169,0,685.3976,3708.22,0,0,-7.993606e-15,4.263256e-14
naive,2026-01-30 18:45:00,2475,18.75,28.14054,3316.038,668.6791,0,138.831,0,1,2321.226,2320.909,1450.418,549.582,2000,4,661.6639,9.179925,175.6198,653.5364,500,0,324.9685,0.1624843,0.1259371,0.3172331,0,250,0.3172331,870.491,129.0587,44.55725,7.015217,0,9.772254,450.3265,168.8785,281.448,0,720.3564,3923.934,0,2.273737e-13,1.24345e-13,4.263256e-14
naive,2026-01-30 19:00:00,2476,19,28.13213,3309.165,701.8164,3.70004,120.3138,0,0,2316.416,2316.099,773.7737,378.0752,1151.849,3,186.925,2.656375,162.2675,800,0,499.6694,200,0.1,0.2046279,0.3172331,0,250,0.3172331,1542.325,119.2573,54.55179,15.22192,1.043665,1.056502,449.3126,299.1631,150.1496,0,677.4432,3692.625,0,0,-7.993606e-15,4.263256e-14
naive,2026-01-30 19:15:00,2477,19.25,28.02141,3280.629,716.7727,3.217058,118.8479,0,0,2296.44,2296.123,1455.058,544.9421,2000,4,706.7093,4.172173,153.514,635.6045,500,0,324.9685,0.1624843,0.1259371,0.3172331,0,250,0.3172331,841.0652,112.96,43.43422,10.06332,0,5.887933,444.3881,162.756,281.6322,0,708.8375,3867.102,0,1.136868e-13,1.24345e-13,4.263256e-14
naive,2026-01-30 19:30:00,2478,19.5,27.94602,3276.185,724.0276,0,113.5918,0,0,2293.329,2293.012,786.5296,379.6357,1166.165,3,221.0786,4.554516,140.5322,800,0,499.6694,200,0.1,0.2046279,0.3172331,0,250,0.3172331,1506.482,103.4924,54.74753,3.279533,0,10.09935,443.0751,291.055,152.0201,0,672.6419,3643.597,0,-1.136868e-13,-7.993606e-15,4.263256e-14
naive,2026-01-30 19:45:00,2479,19.75,27.85544,3273.205,705.1966,0,105.9383,0,0,2291.243,2290.926,1455.593,544.4071,2000,4,721.3452,3.689591,126.249,648.7162,500,0,324.9685,0.1624843,0.1259371,0.3172331,0,250,0.3172331,835.3331,93.06529,44.47176,0,0,12.87299,441.8216,161.0777,280.7439,0,707.9671,3843.788,0,0,1.24345e-13,4.263256e-14
naive,2026-01-30 20:00:00,2480,20,27.66894,3240.43,704.6143,0,97.59844,0,0,2268.301,2267.984,756.4585,368.7297,1125.188,3,201.3172,10.70231,113.1686,800,0,499.6694,200,0.1,0.2046279,0.3172331,0,250,0.3172331,1511.525,83.59184,55.03894,3.627645,0,14.0066,435.6741,290.3197,145.3544,0,661.7396,3583.907,0,-1.136868e-13,-7.993606e-15,4.263256e-14
naive,2026-01-30 20:15:00,2481,20.25,27.43503,3261.94,657.443,0,91.55395,0,0,2283.358,2283.04,1445.629,554.371,2000,4,651.373,9.781134,108.5996,730.2463,500,0,324.9685,0.1624843,0.1259371,0.3172331,0,250,0.3172331,837.4114,80.42015,50.46454,6.069981,0,11.1338,436.4093,160.0512,276.3581,0,716.5501,3894.724,0,0,1.24345e-13,4.263256e-14
naive,2026-01-30 20:30:00,2482,20.5,27.27963,3232.402,598.9581,0,83.43449,0,0,2262.681,2262.364,663.4887,339.7464,1003.235,3,100.4224,2.446779,100.3659,800,0,499.6694,200,0.1,0.2046279,0.3172331,0,250,0.3172331,1598.875,74.44771,55.44839,0,0,8.986779,431.0493,304.5918,126.4575,0,646.0502,3490.896,0,0,-7.993606e-15,4.263256e-14
naive,2026-01-30 20:45:00,2483,20.75,27.02365,3239.611,531.232,0,74.76246,0,0,2267.728,2267.411,1377.589,542.8035,1920.392,4,539.8503,0.3595703,80.18253,800,500,0,324.9685,0.1624843,0.1259371,0.3172331,0,250,0.3172331,889.8217,59.64064,55.71762,0,0,15.12183,429.7056,168.6099,261.0957,0,714.2788,3865.851,0,0,1.24345e-13,4.263256e-14
naive,2026-01-30 21:00:00,2484,21,26.77341,3181.6,463.3766,0,61.17154,0,0,2227.12,2226.803,563.104,307.438,870.5421,2,0,0,70.54206,800,0,498.7489,200.2301,0.1001151,0.2046279,0.3172331,0,250,0.3172331,1663.699,52.61117,55.98082,0,0,8.560365,419.8212,313.614,106.2072,0,622.6657,3361.683,0,0,-7.993606e-15,4.263256e-14
naive,2026-01-30 21:15:00,2485,21.25,26.42699,3181.7,399.0949,0,53.92906,0,0,2227.19,2226.873,904.2966,405.9609,1310.257,3,436.2144,3.71985,70.32319,800,0,0.7944296,200,0.1,0.126082,0.3172331,0,250,0.3172331,1322.576,52.64282,56.34515,0,0,1.286237,416.8402,247.533,169.3072,0,653.7346,3532.152,0,5.684342e-14,-5.551115e-17,4.263256e-14
naive,2026-01-30 21:30:00,2486,21.5,26.18978,3129.393,321.2776,3.738166,54.64071,0,0,2190.575,2190.258,1229.326,499.0331,1728.359,4,358.3493,3.465501,66.5443,800,500,0,324.9685,0.1624843,0.1259371,0.3172331,0,250,0.3172331,960.9316,49.94029,56.59464,0,0.2726649,4.700419,407.9948,178.9736,229.0212,0,678.8821,3670.653,0,1.136868e-13,1.24345e-13,4.263256e-14
naive,2026-01-30 21:45:00,2487,21.75,26.11211,3092.682,270.0964,0,53.83782,0,0,2164.877,2164.56,555.1947,303.9512,859.1459,2,0,0,59.1459,800,0,314.5341,246.2838,0.1231419,0.2046279,0.3172331,0,250,0.3172331,1609.365,44.42468,56.67633,0,0,9.413142,402.568,299.2682,103.2998,0,604.9699,3263.573,0,0,4.884981e-14,4.263256e-14
naive,2026-01-30 22:00:00,2488,22,25.92309,3048.139,241.7525,0,49.24143,0,0,2133.698,2133.38,601.3332,316.3078,917.6409,2,67.11182,2.266779,48.26233,800,0,184.9803,200,0.1,0.1550813,0.3172331,0,250,0.3172331,1532.047,36.32297,56.87513,0,0,12.91846,395.2419,283.7934,111.4485,0,602.4941,3249.733,0,0,-1.182388e-14,4.263256e-14
naive,2026-01-30 22:15:00,2489,22.25,25.70643,3041.054,227.8797,0,45.72787,0,0,2128.738,2128.42,1094.749,456.9379,1551.687,4,213.4858,1.586387,36.61523,800,500,0,324.9685,0.1624843,0.1259371,0.3172331,0,250,0.3172331,1033.671,27.62064,57.103,14.3939,0,18.10723,392.59,190.6336,201.9564,0,650.9109,3540.598,0,1.136868e-13,1.24345e-13,4.263256e-14
naive,2026-01-30 22:30:00,2490,22.5,25.4378,3042.717,202.785,1.823895,35.33479,1,0,2129.902,2129.585,534.9025,295.0054,829.908,2,0,0,29.90796,800,0,186.3831,278.3216,0.1391608,0.2046279,0.3172331,0,250,0.3172331,1594.682,22.6253,57.38553,21.16758,0,12.70949,390.6756,292.5034,98.17228,589.84,0,1151.635,0,-5.684342e-14,-1.216804e-13,4.263256e-14
naive,2026-01-30 22:45:00,2491,22.75,25.15177,3029.657,180.5576,0,36.98635,1,0,2120.76,2120.443,539.1666,296.8853,836.0519,2,0,0,36.05186,800,0,180.682,233.1073,0.1165536,0.175255,0.3172331,0,250,0.3172331,1581.276,27.35564,57.68636,8.63763,0,9.630709,386.7667,288.3801,98.38661,587.0217,0,1124.046,0,5.684342e-14,-1.054712e-15,4.263256e-14
naive,2026-01-30 23:00:00,2492,23,24.72473,3085.946,170.2581,3.928133,31.63106,1,1,2160.163,2159.845,544.4813,298.6643,843.1455,2,4.740979,6.046143,32.35843,800,0,132.2822,200,0.1,0.1467842,0.3172331,0,250,0.3172331,1615.364,24.66366,58.1355,33.23488,0,6.967394,38.88293,29.07655,9.806373,329.0007,0,649.9291,0,5.684342e-14,2.026157e-15,4.263256e-14
naive,2026-01-30 23:15:00,2493,23.25,24.70778,3098.045,130.9774,0,28.41976,1,1,2168.631,2168.314,1018.413,435.0476,1453.46,3,114.6053,7.412826,31.44217,800,500,0,324.9685,0.1624843,0.1259371,0.3172331,0,250,0.3172331,1149.901,23.96956,58.15333,16.37212,0,4.4502,39.03536,20.69822,18.33714,456.5503,0,875.92,0,0,1.24345e-13,4.263256e-14
naive,2026-01-30 23:30:00,2494,23.5,24.37752,3059.406,134.2168,3.19249,25.44239,1,1,2141.584,2141.267,534.1048,294.6538,828.7586,2,0,0,28.75863,800,0,119.1691,295.1251,0.1475625,0.2046279,0.3172331,0,250,0.3172331,1607.162,21.99977,58.50068,20.90586,0,3.442619,38.54851,28.92891,9.619597,324.2009,0,618.6512,0,0,-5.062617e-14,4.263256e-14
naive,2026-01-30 23:45:00,2495,23.75,23.94839,3053.651,130.9309,6.42734,23.35218,1,1,2137.556,2137.239,532.2373,293.8305,826.0677,2,0,0,26.06772,800,0,99.26209,270.2631,0.1351316,0.1858359,0.3172331,0,250,0.3172331,1605.001,20.03077,58.95202,32.05013,6.046052,3.321407,38.47601,28.89003,9.585981,323.3119,0,646.0188,0,5.684342e-14,4.42979e-14,4.263256e-14
naive,2026-01-31 00:00:00,2496,0,23.76989,3042.577,121.6586,11.95426,21.09754,1,1,2129.804,2129.487,533.4671,294.3726,827.8398,2,0,0,27.83976,800,0,103.2169,244.4163,0.1222082,0.1701807,0.3172331,0,250,0.3172331,1596.02,21.43219,59.13975,19.65326,10.74265,0,38.33648,28.72836,9.608118,323.101,0,632.1027,0,0,-2.722822e-14,4.263256e-14
naive,2026-01-31 00:15:00,2497,0.25,23.57354,3045.947,108.7331,0.5169198,18.80147,1,1,2132.163,2131.846,532.1703,293.8009,825.9712,2,0,0,25.97122,800,0,92.57006,221.2353,0.1106177,0.1539054,0.3172331,0,250,0.3172331,1599.676,20.0345,59.34626,18.96652,0,0,38.37893,28.79416,9.584775,322.5951,0,611.1429,0,0,6.938894e-16,4.263256e-14
naive,2026-01-31 00:30:00,2498,0.5,23.27938,3040.74,110.537,0,16.65906,1,1,2128.518,2128.2,544.0231,297.383,841.4061,2,13.8131,0.896423,26.69662,800,0,84.80206,200,0.1,0.1393087,0.3172331,0,250,0.3172331,1584.177,20.65691,59.65564,11.92186,0,0,38.31332,28.51519,9.798126,325.8982,0,605.2491,0,-5.684342e-14,3.358425e-15,4.263256e-14
naive,2026-01-31 00:45:00,2499,0.75,22.86605,3001.761,115.4606,0,21.81358,1,1,2101.233,2100.916,1003.935,429.5849,1433.52,3,106.8723,2.07686,24.5705,800,500,0,324.9685,0.1624843,0.1259371,0.3172331,0,250,0.3172331,1096.981,19.09304,60.09036,8.588375,0,2.720544,37.82219,19.74566,18.07653,449.805,0,846.8233,0,5.684342e-14,1.24345e-13,4.263256e-14
naive,2026-01-31 01:00:00,2500,1,22.47264,3050.885,85.16911,0,18.34257,1,1,2135.62,2135.302,530.0268,292.856,822.8827,2,0,0,22.88274,800,0,86.66779,303.2504,0.1516252,0.2046279,0.3172331,0,250,0.3172331,1605.276,17.85354,60.50412,0.4287732,0,0.489024,38.44115,28.89496,9.546192,321.8356,0,576.3436,0,0,-7.904788e-14,4.263256e-14
naive,2026-01-31 01:15:00,2501,1.25,22.47051,3073.297,91.1618,4.696291,19.04449,1,1,2151.308,2150.99,527.4478,291.719,819.1669,2,0,0,19.16686,800,0,94.66043,279.5376,0.1397688,0.1909523,0.3172331,0,250,0.3172331,1623.543,14.95468,60.50637,0,2.896029,4.089811,38.72354,29.22377,9.499771,321.6506,0,580.2272,0,0,4.687917e-14,4.263256e-14
naive,2026-01-31 01:30:00,2502,1.5,22.25298,3077.376,99.33354,1.869163,20.67625,1,1,2154.163,2153.846,529.388,292.5744,821.9624,2,0,0,21.96237,800,0,99.45866,254.6289,0.1273144,0.1760207,0.3172331,0,250,0.3172331,1624.458,17.17405,60.73515,3.402738,0,3.502198,38.77493,29.24024,9.534694,322.4182,0,582.3791,0,5.684342e-14,-1.407208e-14,4.263256e-14
naive,2026-01-31 01:45:00,2503,1.75,21.9735,3093.882,105.6821,5.162613,17.00631,1,1,2165.717,2165.4,531.75,293.6157,825.3657,2,0,0,25.36571,800,0,89.63875,232.1791,0.1160896,0.1603361,0.3172331,0,250,0.3172331,1633.65,19.8921,61.02909,18.04174,3.164251,0,38.98291,29.4057,9.577211,323.0214,0,613.9654,0,0,-6.300516e-15,4.263256e-14
naive,2026-01-31 02:00:00,2504,2,22.03012,3088.039,87.11488,3.034409,17.48068,1,1,2161.627,2161.31,532.1153,293.7767,825.892,2,0,0,25.89202,800,0,85.28076,210.8224,0.1054112,0.1461998,0.3172331,0,250,0.3172331,1629.195,20.29311,60.96955,3.137603,1.730925,0,38.90929,29.32551,9.583786,323.1022,0,586.0119,0,0,3.214096e-14,4.263256e-14
naive,2026-01-31 02:15:00,2505,2.25,21.77985,3059.502,80.71297,0,26.00314,1,1,2141.652,2141.334,562.4848,302.2214,864.7061,2,41.55799,0.7941989,22.35392,800,0,43.15679,200,0.1,0.1327518,0.3172331,0,250,0.3172331,1578.85,17.56484,61.23276,0,0,8.438298,38.54973,28.41929,10.13044,332.0821,0,595.2772,0,0,2.19269e-15,4.263256e-14
naive,2026-01-31 02:30:00,2506,2.5,21.49123,3026.441,73.96752,0,28.79651,1,1,2118.508,2118.191,1005.732,429.8207,1435.552,3,111.5495,0.6942488,23.30847,800,500,0,324.9685,0.1624843,0.1259371,0.3172331,0,250,0.3172331,1112.46,18.36871,61.53632,0,0,10.4278,38.13315,20.02427,18.10888,451.6166,0,834.0048,0,5.684342e-14,1.24345e-13,4.263256e-14
naive,2026-01-31 02:45:00,2507,2.75,21.40585,3043.92,90.48522,0,24.24707,1,1,2130.744,2130.427,530.8968,293.2395,824.1363,2,0,0,24.13632,800,0,109.1999,297.6174,0.1488087,0.2046279,0.3172331,0,250,0.3172331,1599.53,19.0376,61.62611,0,0,5.209475,38.3534,28.79154,9.561853,322.9147,0,576.5001,0,-5.684342e-14,1.056932e-13,4.263256e-14
naive,2026-01-31 03:00:00,2508,3,21.30764,3022.106,128.9816,0,26.01317,1,1,2115.474,2115.157,530.8408,293.2148,824.0556,2,0,0,24.05559,800,0,106.2197,271.0156,0.1355078,0.1874053,0.3172331,0,250,0.3172331,1584.316,18.99283,61.72941,23.36988,0,7.020347,38.07854,28.51769,9.560844,322.9212,0,616.7098,0,5.684342e-14,-1.265654e-14,4.263256e-14
naive,2026-01-31 03:15:00,2509,3.25,21.37606,3017.354,131.3907,0,22.24278,1,1,2112.148,2111.831,525.4128,290.8219,816.2347,2,0,0,16.23473,800,0,106.7765,244.2788,0.1221394,0.1706545,0.3172331,0,250,0.3172331,1586.418,12.80906,61.65745,26.16091,0,9.433717,38.01866,28.55552,9.463141,320.9767,0,617.7164,0,5.684342e-14,3.227973e-14,4.263256e-14
naive,2026-01-31 03:30:00,2510,3.5,21.04842,2995.35,139.961,0,20.94943,1,1,2096.745,2096.428,529.9035,292.8016,822.7052,2,0,0,22.70516,800,0,115.4372,215.3811,0.1076905,0.1538188,0.3172331,0,250,0.3172331,1566.524,17.97369,62.00205,28.00425,0,2.975737,37.74141,28.19744,9.543973,321.5005,0,621.556,0,-5.684342e-14,-3.130829e-14,4.263256e-14
naive,2026-01-31 03:45:00,2511,3.75,20.97669,3022.726,121.8042,0,24.06947,1,1,2115.908,2115.591,582.3431,308.4425,890.7855,2,62.85427,2.97321,24.95807,800,0,61.3886,200,0.1,0.1356223,0.3172331,0,250,0.3172331,1533.248,19.77145,62.07749,0,0,4.298025,38.08634,27.59846,10.48789,336.7642,0,603.6912,0,0,-5.551115e-16,4.263256e-14
naive,2026-01-31 04:00:00,2512,4,20.66001,3020.473,126.6712,0,21.24813,1,1,2114.331,2114.014,1027.125,436.5063,1463.632,3,134.6323,2.964403,26.03506,800,500,0,324.9685,0.1624843,0.1259371,0.3172331,0,250,0.3172331,1086.888,20.69058,62.41055,0,0,0.5575529,38.05796,19.56399,18.49397,456.1635,0,842.1152,0,2.273737e-13,1.24345e-13,4.263256e-14
naive,2026-01-31 04:15:00,2513,4.25,20.64076,3034.677,159.0701,0,13.52699,1,1,2124.274,2123.957,530.2587,292.9582,823.217,2,0,0,23.21695,800,0,165.7257,283.4859,0.141743,0.2046279,0.3172331,0,250,0.3172331,1593.698,18.45455,62.4308,0,0,0,38.23694,28.68657,9.550367,321.6448,0,573.055,0,5.684342e-14,-7.993606e-15,4.263256e-14
naive,2026-01-31 04:30:00,2514,4.5,20.48981,3032.464,186.6635,0,12.76748,1,1,2122.725,2122.408,522.2812,289.4414,811.7226,2,0,0,11.72261,800,0,189.5063,236.0647,0.1180324,0.1785069,0.3172331,0,250,0.3172331,1600.127,9.332155,62.58956,0,0,3.435327,38.20905,28.80228,9.406773,318.8166,0,567.2199,0,5.684342e-14,1.759703e-14,4.263256e-14
naive,2026-01-31 04:45:00,2515,4.75,20.37962,3013.66,222.3274,0,5.218208,1,1,2109.562,2109.245,597.4868,311.9439,909.4306,2,89.54161,2.919176,16.96985,800,0,144.1102,200,0.1,0.1486465,0.3172331,0,250,0.3172331,1511.758,13.52434,62.70545,0,0,0,37.97211,27.21164,10.76047,339.1555,0,607.7674,0,-5.684342e-14,1.385003e-14,4.263256e-14
naive,2026-01-31 05:00:00,2516,5,20.24938,3041.095,272.7689,0,5.093281,1,1,2128.767,2128.449,1138.588,467.6893,1606.277,4,285.5659,2.487866,18.22312,800,500,0,324.9685,0.1624843,0.1259371,0.3172331,0,250,0.3172331,989.8618,14.54214,62.84243,0,0,0,38.3178,17.81751,20.50029,485.5068,0,900.3159,0,-1.136868e-13,1.24345e-13,4.263256e-14
naive,2026-01-31 05:15:00,2517,5.25,20.34009,3049.845,340.7482,0,0.7712225,1,1,2134.892,2134.575,529.6555,292.6923,822.3478,2,0,0,22.34783,800,0,348.1207,237.8872,0.1189436,0.2046279,0.3172331,0,250,0.3172331,1604.919,17.81746,62.74702,0,0,0,38.42805,28.88854,9.53951,321.5809,0,572.5713,0,0,4.884981e-14,4.263256e-14
naive,2026-01-31 05:30:00,2518,5.5,20.54601,3041.055,429.7164,8.892036,8.231384,1,1,2128.738,2128.421,738.6575,352.4358,1091.093,3,272.3196,1.027516,17.74622,800,0,151.3989,200,0.1,0.1497941,0.3172331,0,250,0.3172331,1389.764,14.11946,62.53045,5.997934,7.86452,0,38.31729,25.01574,13.30155,377.4515,0,708.469,0,-1.705303e-13,-1.415534e-15,4.263256e-14
naive,2026-01-31 05:45:00,2519,5.75,20.54154,3075.465,517.7941,2.716964,16.11522,1,1,2152.825,2152.508,1312.508,517.9359,1830.444,4,507.7123,0.9570729,21.77503,800,500,0,324.9685,0.1624843,0.1259371,0.3172331,0,250,0.3172331,839.9995,17.32569,62.53515,10.08178,1.759891,0,38.75085,15.11999,23.63086,533.0559,0,1016.187,0,0,1.24345e-13,4.263256e-14
naive,2026-01-31 06:00:00,2520,6,20.52993,3115.872,612.0995,12.56776,17.31006,1,1,2181.111,2180.793,589.5543,310.2916,899.8459,2,74.03431,3.663129,22.14848,800,0,499.6694,200,0.1,0.2046279,0.3172331,0,250,0.3172331,1591.239,17.62489,62.54736,38.39575,8.904631,0,39.25999,28.6423,10.61769,338.9339,0,689.0952,0,1.136868e-13,-7.993606e-15,4.263256e-14
naive,2026-01-31 06:15:00,2521,6.25,20.5017,3164.492,681.8263,6.449377,12.07491,1,1,2215.144,2214.827,1418.913,549.1212,1968.034,4,639.8824,3.785538,24.36596,800,500,0,324.9685,0.1624843,0.1259371,0.3172331,0,250,0.3172331,795.9142,19.39498,62.57705,41.94393,2.663839,0,39.87259,14.32646,25.54614,563.4477,0,1133.445,0,2.273737e-13,1.24345e-13,4.263256e-14
naive,2026-01-31 06:30:00,2522,6.5,20.62249,3182.071,762.0612,4.42982,17.03646,1,1,2227.45,2227.132,686.8135,337.9574,1024.771,3,201.9005,1.017878,21.85249,800,0,499.6694,200,0.1,0.2046279,0.3172331,0,250,0.3172331,1540.319,17.37316,62.45001,60.49127,3.411942,0,40.09409,27.72574,12.36835,365.6831,0,771.343,0,0,-7.993606e-15,4.263256e-14
naive,2026-01-31 06:45:00,2523,6.75,20.55472,3186.407,751.1966,10.54165,15.76921,1,1,2230.485,2230.167,1453.526,546.474,2000,4,747.8994,0.4118727,20.033,731.6557,500,0,324.9685,0.1624843,0.1259371,0.3172331,0,250,0.3172331,776.6413,15.9375,57.18007,3.29714,10.12978,0,40.14872,13.97954,26.16918,560.4535,0,1079.741,0,2.273737e-13,1.24345e-13,4.263256e-14
naive,2026-01-31 07:00:00,2524,7,21.09793,3209.416,765.3829,5.796065,22.6961,1,1,2246.591,2246.274,729.4177,350.4925,1079.91,3,254.4135,4.969054,20.52772,800,0,499.6694,200,0.1,0.2046279,0.3172331,0,250,0.3172331,1516.856,16.24187,61.94997,11.29994,0.8270102,6.454225,40.43864,27.30341,13.13523,378.8845,0,708.9942,0,0,-7.993606e-15,4.263256e-14
naive,2026-01-31 07:15:00,2525,7.25,21.15699,3188.484,780.4037,0,22.26885,1,1,2231.939,2231.621,1454.946,545.0538,2000,4,757.7841,5.22711,17.09531,719.8935,500,0,324.9685,0.1624843,0.1259371,0.3172331,0,250,0.3172331,776.6753,13.51801,55.69083,22.61959,0,8.750832,40.1749,13.98016,26.19474,560.5115,0,1097.39,0,-2.273737e-13,1.24345e-13,4.263256e-14
naive,2026-01-31 07:30:00,2526,7.5,21.48295,3192.727,732.2091,0,22.46498,1,1,2234.909,2234.592,719.9217,348.0563,1067.978,3,239.7017,1.370961,26.90538,800,0,499.6694,200,0.1,0.2046279,0.3172331,0,250,0.3172331,1514.67,21.20511,61.54502,0,0,1.259874,40.22836,27.26406,12.9643,375.5344,0,681.8306,0,-1.136868e-13,-7.993606e-15,4.263256e-14
naive,2026-01-31 07:45:00,2527,7.75,21.61523,3203.084,655.6157,0,28.0986,1,1,2242.159,2241.841,1443.705,556.2946,2000,4,670.5304,3.606206,27.3596,798.5038,500,0,324.9685,0.1624843,0.1259371,0.3172331,0,250,0.3172331,798.136,21.53414,61.29106,0,0,6.564452,40.35886,14.36645,25.99241,571.7789,0,1074.605,0,-1.136868e-13,1.24345e-13,4.263256e-14
naive,2026-01-31 08:00:00,2528,8,21.56201,3171.425,572.7885,186.2024,29.94154,1,1,2219.998,2219.68,860.9666,427.6548,1288.621,3,93.27289,365.4169,29.93164,800,0,499.6694,200,0.1,0.2046279,0.3172331,0,250,0.3172331,1358.714,23.57129,61.46187,0,0,6.370256,39.95996,24.45685,15.50311,453.1954,0,837.2462,0,-1.136868e-13,-7.993606e-15,4.263256e-14
naive,2026-01-31 08:15:00,2529,8.25,21.49865,3204.199,498.2348,192.9197,28.88907,1,1,2242.939,2242.622,1440.69,559.3096,2000,4,506.4551,364.815,35.30069,593.4292,500,0,324.9685,0.1624843,0.1259371,0.3172331,0,250,0.3172331,801.9318,27.81733,45.64102,0,0,1.071747,40.37291,14.43477,25.93814,573.9265,0,1096.507,0,2.273737e-13,1.24345e-13,4.263256e-14
naive,2026-01-31 08:30:00,2530,8.5,21.59793,3243.717,429.6419,200.391,33.49802,1,1,2270.602,2270.285,744.468,387.3922,1131.86,3,0,293.3167,38.54356,800,0,499.6694,200,0.1,0.2046279,0.3172331,0,250,0.3172331,1525.817,30.34213,61.42409,4.418373,0,3.155886,40.87083,27.4647,13.40613,415.3942,0,769.3079,0,-5.684342e-14,-7.993606e-15,4.263256e-14
naive,2026-01-31 08:45:00,2531,8.75,21.67007,3250.93,339.7475,193.947,41.5472,1,1,2275.651,2275.334,1419.97,580.0295,2000,4,344.1767,375.0557,44.75927,736.0084,500,0,324.9685,0.1624843,0.1259371,0.3172331,0,250,0.3172331,855.3632,35.20941,56.44101,0,0,6.337795,40.96172,15.39654,25.56518,596.5064,0,1129.517,0,0,1.24345e-13,4.263256e-14
naive,2026-01-31 09:00:00,2532,9,21.81457,3294.194,281.9001,196.9663,31.28885,1,1,2305.936,2305.618,659.2287,349.8145,1009.043,3,0,161.2791,47.76413,800,0,499.6694,200,0.1,0.2046279,0.3172331,0,250,0.3172331,1646.39,37.51793,61.19625,2.12387,0,0,41.50684,29.63502,11.87183,379.4496,0,693.717,0,-1.136868e-13,-7.993606e-15,4.263256e-14
naive,2026-01-31 09:15:00,2533,9.25,21.85093,3280.594,212.0872,195.2097,34.76643,1,1,2296.416,2296.099,1389.264,585.0633,1974.327,4,227.8693,389.5895,56.8686,800,500,0,324.9685,0.1624843,0.1259371,0.3172331,0,250,0.3172331,906.8346,44.6528,61.15801,0,0,0,41.33549,16.32302,25.01246,601.3864,0,1133.97,0,0,1.24345e-13,4.263256e-14
naive,2026-01-31 09:30:00,2534,9.5,22.35294,3320.775,175.8195,193.3108,37.62006,1,1,2324.542,2324.225,601.3091,324.2807,925.5899,2,0,59.97282,65.61707,800,0,499.6694,200,0.1,0.2046279,0.3172331,0,250,0.3172331,1722.916,51.25851,60.63002,8.358568,0,0,41.84176,31.01248,10.82927,355.2932,0,656.7962,0,0,-7.993606e-15,4.263256e-14
naive,2026-01-31 09:45:00,2535,9.75,22.8293,3358.22,143.1664,197.5661,49.92501,1,1,2350.754,2350.437,1330.197,569.4628,1899.66,4,140.1166,391.5252,68.01826,800,500,0,324.9685,0.1624843,0.1259371,0.3172331,0,250,0.3172331,1020.24,52.87506,60.12901,3.049725,0,0,42.31358,18.36432,23.94926,587.8271,0,1113.27,0,-1.136868e-13,1.24345e-13,4.263256e-14
naive,2026-01-31 10:00:00,2536,10,22.79566,3353.535,134.5137,217.0559,62.39817,1,1,2347.475,2347.157,582.6965,316.0754,898.7718,2,0,27.75636,71.01548,800,0,499.6694,200,0.1,0.2046279,0.3172331,0,250,0.3172331,1764.461,55.2241,60.16439,3.167593,0,7.174069,42.25454,31.7603,10.49425,349.085,0,635.9491,0,-5.684342e-14,-7.993606e-15,4.263256e-14
naive,2026-01-31 10:15:00,2537,10.25,23.06937,3366.826,124.412,215.4566,68.81031,1,1,2356.778,2356.461,1317.099,567.5932,1884.692,4,107.2916,397.6336,79.76674,800,500,0,324.9685,0.1624843,0.1259371,0.3172331,0,250,0.3172331,1039.362,61.85472,59.87652,17.12038,0,6.955586,42.42201,18.70852,23.71349,587.5193,0,1137.21,0,0,1.24345e-13,4.263256e-14
naive,2026-01-31 10:30:00,2538,10.5,23.44019,3367.869,129.6643,209.0272,77.88599,1,1,2357.509,2357.191,578.5181,314.2334,892.7515,2,0,0,92.7515,800,0,494.5899,201.2699,0.1006349,0.2046279,0.3172331,0,250,0.3172331,1778.673,71.64854,59.48651,31.88432,0,6.237456,42.43516,32.01612,10.41904,347.3492,0,682.7766,0,0,-7.993606e-15,4.263256e-14
naive,2026-01-31 10:45:00,2539,10.75,23.61279,3355.63,106.5013,213.9045,75.41798,1,1,2348.941,2348.624,945.9899,463.6516,1409.642,3,105.762,400.3604,103.5191,800,0,4.952771,200,0.1,0.1267367,0.3172331,0,250,0.3172331,1402.634,79.82334,59.30498,0,0,0,42.28094,25.24741,17.03353,488.899,0,911.0799,0,1.705303e-13,-2.775558e-17,4.263256e-14
naive,2026-01-31 11:00:00,2540,11,23.80315,3342.281,47.35985,207.5121,90.55139,1,1,2339.597,2339.28,1342.233,579.1281,1921.361,4,103.4702,401.224,116.6667,800,500,0,324.9685,0.1624843,0.1259371,0.3172331,0,250,0.3172331,997.0469,89.78377,59.10477,0,0,0.7676188,42.11275,17.94684,24.1659,597.2112,0,1127.93,0,0,1.24345e-13,4.263256e-14
naive,2026-01-31 11:15:00,2541,11.25,24.16743,3340.788,70.79261,209.0839,103.1057,1,1,2338.551,2338.234,607.9408,327.2043,935.1451,2,0,13.52833,121.6167,800,0,499.6694,200,0.1,0.2046279,0.3172331,0,250,0.3172331,1730.293,93.23874,58.72164,0,0,9.866971,42.09392,31.14528,10.94864,360.1142,0,654.1665,0,0,-7.993606e-15,4.263256e-14
naive,2026-01-31 11:30:00,2542,11.5,24.45886,3377.121,82.99605,201.1712,111.8223,1,1,2363.984,2363.667,1352.707,585.4705,1938.177,4,88.96996,412.5015,136.7058,800,500,0,324.9685,0.1624843,0.1259371,0.3172331,0,250,0.3172331,1010.96,104.4882,58.41512,0,0,7.334084,42.55172,18.19729,24.35443,604.9869,0,1144.257,0,0,1.24345e-13,4.263256e-14
naive,2026-01-31 11:45:00,2543,11.75,24.52077,3360.557,83.42022,202.9547,119.0253,1,1,2352.39,2352.073,622.6561,333.6915,956.3476,2,0,6.274957,150.0727,800,0,499.6694,200,0.1,0.2046279,0.3172331,0,250,0.3172331,1729.417,114.6306,58.35002,0,0,4.394704,42.34302,31.1295,11.21352,365.6125,0,665.5812,0,5.684342e-14,-7.993606e-15,4.263256e-14
naive,2026-01-31 12:00:00,2544,12,24.90182,3384.499,76.21993,206.3016,121.5333,1,1,2369.149,2368.832,1376.671,595.7693,1972.44,4,91.20254,411.9026,169.3346,800,500,0,324.9685,0.1624843,0.1259371,0.3172331,0,250,0.3172331,992.1613,128.8273,57.94924,0,0,0,42.64468,17.8589,24.78578,613.6282,0,1162.063,0,0,1.24345e-13,4.263256e-14
naive,2026-01-31 12:15:00,2545,12.25,25.05528,3468.79,63.29314,201.0389,135.3448,1,1,2428.153,2427.836,638.7717,340.7961,979.5678,2,0,0,179.5678,800,0,489.0887,202.6452,0.1013226,0.2046279,0.3172331,0,250,0.3172331,1789.064,136.3921,57.78785,0,0,0,441.971,325.6444,116.3266,666.4405,0,1267.87,0,5.684342e-14,-7.993606e-15,4.263256e-14
naive,2026-01-31 12:30:00,2546,12.5,25.51255,3493.973,70.17379,201.3477,146.9687,1,1,2445.781,2445.464,987.7896,486.6543,1474.444,3,67.30038,413.0107,194.1327,800,0,10.45311,200,0.1,0.1276027,0.3172331,0,250,0.3172331,1457.674,146.7449,57.30692,0,0,0.2238502,449.2931,267.7766,181.5165,754.4721,0,1444.474,0,-1.136868e-13,6.938894e-16,4.263256e-14
naive,2026-01-31 12:45:00,2547,12.75,25.59518,3503.136,83.65818,203.8444,158.4232,1,1,2452.195,2451.878,1394.56,605.2176,1999.777,4,78.07337,414.2969,207.4071,800,500,0,324.9685,0.1624843,0.1259371,0.3172331,0,250,0.3172331,1057.318,156.6418,57.22001,5.584808,0,1.781386,451.2248,194.5555,256.6693,800.1009,0,1545.463,0,0,1.24345e-13,4.263256e-14
naive,2026-01-31 13:00:00,2548,13,25.50109,3494.047,98.41006,203.1368,160.3736,1,1,2445.833,2445.516,668.3755,353.8469,1022.222,3,0,0,222.2224,800,0,491.4656,202.051,0.1010255,0.2046279,0.3172331,0,250,0.3172331,1777.14,167.9982,57.31897,25.12121,0,0,449.1987,326.3874,122.8113,680.2343,0,1339.319,0,0,4.884981e-14,4.263256e-14
naive,2026-01-31 13:15:00,2549,13.25,25.71761,3441.985,88.06847,210.0968,169.4149,1,1,2409.39,2409.072,1014.337,498.4046,1512.741,4,66.90517,415.2063,230.6298,800,0,8.076653,200,0.1,0.1272285,0.3172331,0,250,0.3172331,1394.736,173.9546,57.09124,13.08665,0,0,444.4497,257.2809,187.1688,755.6854,0,1469.718,0,0,-2.220446e-16,4.263256e-14
naive,2026-01-31 13:30:00,2550,13.5,26.07254,3475.466,69.82625,210.8937,172.0736,1,1,2432.826,2432.509,1395.78,604.2202,2000,4,73.73366,414.615,239.3754,772.276,500,0,324.9685,0.1624843,0.1259371,0.3172331,0,250,0.3172331,1036.729,179.8714,54.75239,0,0,0,452.0283,192.6282,259.4001,796.8484,0,1532.1,0,0,1.24345e-13,4.263256e-14
naive,2026-01-31 13:45:00,2551,13.75,26.32655,3505.445,86.32671,208.4513,184.184,1,1,2453.812,2453.495,698.6704,367.2024,1065.873,3,0,12.49614,253.3767,800,0,499.6694,200,0.1,0.2046279,0.3172331,0,250,0.3172331,1754.824,189.8773,56.45079,0,0,0,458.3069,327.7546,130.5523,694.957,0,1326.407,0,-1.136868e-13,-7.993606e-15,4.263256e-14
naive,2026-01-31 14:00:00,2552,14,26.5243,3500.803,106.5887,207.5817,193.2025,1,1,2450.562,2450.245,1399.228,600.772,2000,4,92.11108,415.797,257.4174,734.6745,500,0,324.9685,0.1624843,0.1259371,0.3172331,0,250,0.3172331,1051.017,192.4982,51.6502,14.47763,0,0.7043384,459.5671,197.1029,262.4643,798.007,0,1562.881,0,1.136868e-13,1.24345e-13,4.263256e-14
naive,2026-01-31 14:15:00,2553,14.25,26.57189,3479.109,107.5404,209.076,198.5555,1,1,2435.376,2435.059,714.7615,374.2961,1089.058,3,0,18.9708,270.0868,800,0,499.6694,200,0.1,0.2046279,0.3172331,0,250,0.3172331,1720.297,201.8696,56.19276,2.890383,0,0,457.168,322.9337,134.2344,697.2298,0,1336.229,0,-5.684342e-14,-7.993606e-15,4.263256e-14
naive,2026-01-31 14:30:00,2554,14.5,26.85142,3479.28,76.7595,209.2939,207.6019,1,1,2435.496,2435.179,1400.495,599.5052,2000,4,93.9273,408.9071,284.2392,712.9264,500,0,324.9685,0.1624843,0.1259371,0.3172331,0,250,0.3172331,1034.684,211.8118,49.81463,0,0,0,459.8448,195.3582,264.4866,794.8634,0,1533.685,0,1.136868e-13,1.24345e-13,4.263256e-14
naive,2026-01-31 14:45:00,2555,14.75,26.75679,3458.446,102.6835,203.246,207.6597,1,1,2420.912,2420.595,722.514,377.7138,1100.228,3,0,0.948188,299.2795,800,0,499.6694,200,0.1,0.2046279,0.3172331,0,250,0.3172331,1698.081,223.2463,55.9983,6.262125,0,0,456.1946,319.9849,136.2097,697.6987,0,1343.201,0,1.136868e-13,-7.993606e-15,4.263256e-14
naive,2026-01-31 15:00:00,2556,15,26.99987,3481.521,80.81894,208.1056,218.133,1,1,2437.065,2436.748,1401.133,598.867,2000,4,95.83899,398.3324,302.2561,703.5726,500,0,324.9685,0.1624843,0.1259371,0.3172331,0,250,0.3172331,1035.615,224.8788,49.02374,0,0,0,461.564,196.1386,265.4254,795.0056,0,1534.86,0,0,1.24345e-13,4.263256e-14
naive,2026-01-31 15:15:00,2557,15.25,26.96784,3471.545,102.2144,213.4531,214.7581,1,1,2430.081,2429.764,722.3959,377.6617,1100.058,3,0,0,300.0576,800,0,493.5625,201.5267,0.1007634,0.2046279,0.3172331,0,250,0.3172331,1707.368,223.32,55.77632,10.80354,0,0,459.9345,323.1487,136.7858,700.8104,0,1357.509,0,5.684342e-14,4.884981e-14,4.263256e-14
naive,2026-01-31 15:30:00,2558,15.5,27.00509,3481.088,73.97646,222.1197,211.4257,1,1,2436.762,2436.445,1074.432,521.6291,1596.061,4,94.37895,401.1147,300.567,800,0,5.980037,200,0.1,0.1268984,0.3172331,0,250,0.3172331,1362.013,223.6096,55.73714,0,0,0,461.5569,257.9844,203.5725,779.6135,0,1496.523,0,0,1.110223e-16,4.263256e-14
naive,2026-01-31 15:45:00,2559,15.75,26.93634,3445.538,79.64173,211.1906,207.1598,1,1,2411.876,2411.559,1402.721,597.2789,2000,4,110.8323,396.1457,296.2697,696.7522,500,0,324.9685,0.1624843,0.1259371,0.3172331,0,250,0.3172331,1008.838,220.5755,48.60669,0,0,0,456.1898,190.8148,265.375,788.0937,0,1521.505,0,0,1.24345e-13,4.263256e-14
naive,2026-01-31 16:00:00,2560,16,26.90931,3400.468,111.7923,219.7395,203.735,1,1,2380.328,2380.011,756.3145,392.6147,1148.929,3,0,53.82,295.1092,800,0,499.6694,200,0.1,0.2046279,0.3172331,0,250,0.3172331,1623.696,219.7754,55.83788,0,0,0,449.9695,306.9383,143.0312,699.553,0,1336.288,0,-1.705303e-13,-7.993606e-15,4.263256e-14
naive,2026-01-31 16:15:00,2561,16.25,27.18393,3337.407,133.9218,209.4589,211.8546,1,1,2336.185,2335.868,1410.114,589.8857,2000,4,171.4523,392.7441,285.5583,650.2452,500,0,324.9685,0.1624843,0.1259371,0.3172331,0,250,0.3172331,925.7535,212.0352,45.15063,0,0,0,444.1612,176.0065,268.1547,765.8922,0,1480.99,0,0,1.24345e-13,4.263256e-14
naive,2026-01-31 16:30:00,2562,16.5,27.09266,3349.028,170.9696,200.0965,198.3651,1,1,2344.32,2344.002,774.0078,400.4148,1174.423,3,0,94.87641,279.5462,800,0,499.6694,200,0.1,0.2046279,0.3172331,0,250,0.3172331,1569.995,207.7751,55.64504,0,0,0,444.8587,297.9226,146.9361,698.3373,0,1334.074,0,1.136868e-13,-7.993606e-15,4.263256e-14
naive,2026-01-31 16:45:00,2563,16.75,27.16796,3313.645,216.3467,194.8283,194.8713,1,1,2319.552,2319.234,1417.679,582.3214,2000,4,236.1949,385.9731,270.7984,607.0336,500,0,324.9685,0.1624843,0.1259371,0.3172331,0,250,0.3172331,901.5558,201.1101,42.16292,0,0,0,440.8516,171.3488,269.5028,753.6701,0,1459.907,0,0,1.24345e-13,4.263256e-14
naive,2026-01-31 17:00:00,2564,17,27.09817,3344.825,273.857,192.9032,192.214,1,1,2341.377,2341.06,804.8963,414.032,1218.928,3,0,156.6547,262.2736,800,0,499.6694,200,0.1,0.2046279,0.3172331,0,250,0.3172331,1536.164,194.9256,55.63925,0.7524869,0,0,444.3515,291.5364,152.8151,705.5683,0,1349.841,0,-1.136868e-13,-7.993606e-15,4.263256e-14
naive,2026-01-31 17:15:00,2565,17.25,27.25428,3336.94,330.5109,190.5955,184.7817,1,1,2335.858,2335.541,1428.038,571.9624,2000,4,322.9734,375.9452,256.2515,544.8299,500,0,324.9685,0.1624843,0.1259371,0.3172331,0,250,0.3172331,907.503,190.1298,37.78059,7.537446,0,0,444.7534,172.7909,271.9625,744.7533,0,1460.006,0,0,1.24345e-13,4.263256e-14
naive,2026-01-31 17:30:00,2566,17.5,27.08074,3326.763,355.1818,189.6266,165.559,1,1,2328.734,2328.417,850.125,433.971,1284.096,3,0,242.4523,241.6436,800,0,499.6694,200,0.1,0.2046279,0.3172331,0,250,0.3172331,1478.292,179.6268,55.65758,0,0,0,441.7912,280.4512,161.34,714.4222,0,1366.23,0,1.136868e-13,-7.993606e-15,4.263256e-14
naive,2026-01-31 17:45:00,2567,17.75,27.07317,3269.591,409.1751,186.3764,156.9579,1,1,2288.714,2288.396,1443.959,556.0409,2000,4,453.4638,369.4981,232.4542,444.584,500,0,324.9685,0.1624843,0.1259371,0.3172331,0,250,0.3172331,844.4374,172.8098,30.93501,0,0,0,434.1303,160.1755,273.9548,716.2164,0,1397.631,0,0,1.24345e-13,4.263256e-14
naive,2026-01-31 18:00:00,2568,18,27.16853,3282.681,503.9297,3.309691,153.71,1,1,2297.877,2297.56,677.9415,357.332,1035.273,3,6.153881,8.757491,220.3621,800,0,499.6694,200,0.1,0.2046279,0.3172331,0,250,0.3172331,1619.618,163.6523,55.56525,0,0,0,436.7373,307.8266,128.9107,665.1586,0,1267.806,0,5.684342e-14,-7.993606e-15,4.263256e-14
naive,2026-01-31 18:15:00,2569,18.25,27.42513,3286.702,554.3278,2.75726,145.1916,1,1,2300.691,2300.374,1439.758,560.2418,2000,4,571.0647,5.61412,207.866,715.4553,500,0,324.9685,0.1624843,0.1259371,0.3172331,0,250,0.3172331,860.6158,153.9453,49.4517,0,0,0,439.6308,164.452,275.1788,724.6938,0,1393.754,0,0,1.24345e-13,4.263256e-14
naive,2026-01-31 18:30:00,2570,18.5,27.21073,3306.148,582.6073,0,134.3022,1,1,2314.304,2313.986,744.6535,373.7023,1118.356,3,115.7678,3.925648,198.6624,800,0,499.6694,200,0.1,0.2046279,0.3172331,0,250,0.3172331,1569.333,147.4699,55.52086,0,0,0,440.2479,298.5328,141.7151,672.2351,0,1282.009,0,-5.684342e-14,-7.993606e-15,4.263256e-14
naive,2026-01-31 18:45:00,2571,18.75,27.02434,3275.188,650.174,0,127.0714,1,1,2292.632,2292.314,1451.069,548.9314,2000,4,665.6437,4.178748,182.912,647.2656,500,0,324.9685,0.1624843,0.1259371,0.3172331,0,250,0.3172331,841.2458,136.0509,45.07954,0,0,0,434.4308,159.4077,275.0231,708.3391,0,1365.964,0,-2.273737e-13,1.24345e-13,4.263256e-14
naive,2026-01-31 19:00:00,2572,19,26.93365,3262.38,686.0372,0,122.9613,0,0,2283.666,2283.349,781.1169,380.3222,1161.439,3,195.2494,3.241534,162.9482,800,0,499.6694,200,0.1,0.2046279,0.3172331,0,250,0.3172331,1502.232,121.3199,55.81227,0,0,1.641414,431.9156,284.121,147.7946,0,664.7536,3593.356,0,0,-7.993606e-15,4.263256e-14
naive,2026-01-31 19:15:00,2573,19.25,27.03005,3252.348,708.7767,1.170706,120.1181,0,0,2276.643,2276.326,1455.986,544.0136,2000,4,712.2091,3.658689,157.766,626.3662,500,0,324.9685,0.1624843,0.1259371,0.3172331,0,250,0.3172331,820.3397,117.34,43.61928,0,0,2.778109,431.4526,155.4647,275.9879,0,700.0048,3800.955,0,0,1.24345e-13,4.263256e-14
naive,2026-01-31 19:30:00,2574,19.5,26.78165,3249.176,737.5831,3.179834,108.3002,0,0,2274.423,2274.106,791.2082,381.4866,1172.695,3,222.8583,2.050281,147.7861,800,0,499.6694,200,0.1,0.2046279,0.3172331,0,250,0.3172331,1482.897,110.211,55.97215,15.05534,1.129553,0,428.8112,279.58,149.2313,0,661.0665,3600.816,0,1.136868e-13,-7.993606e-15,4.263256e-14
naive,2026-01-31 19:45:00,2575,19.75,26.76414,3248.582,740.5448,0,99.62362,0,0,2274.007,2273.69,1454.784,545.2156,2000,4,712.4974,1.663464,135.6029,650.2362,500,0,324.9685,0.1624843,0.1259371,0.3172331,0,250,0.3172331,818.9057,101.1444,45.50886,28.04741,0,0,428.5773,154.3374,274.2399,0,699.553,3844.726,0,2.273737e-13,1.24345e-13,4.263256e-14
naive,2026-01-31 20:00:00,2576,20,26.54242,3230.38,710.1437,0,89.31238,0,0,2261.266,2260.948,760.8862,370.4531,1131.339,3,203.2387,4.83475,123.2658,800,0,499.6694,200,0.1,0.2046279,0.3172331,0,250,0.3172331,1500.062,92.16101,56.22375,7.235541,0,0,424.2259,281.4199,142.806,0,651.873,3534.531,0,-1.136868e-13,-7.993606e-15,4.263256e-14
naive,2026-01-31 20:15:00,2577,20.25,26.25611,3218.517,687.805,0,68.81546,0,0,2252.962,2252.644,1446.2,553.7996,2000,4,654.602,4.377707,116.7088,724.3115,500,0,324.9685,0.1624843,0.1259371,0.3172331,0,250,0.3172331,806.4441,87.5259,51.17702,33.20294,0,0,420.1854,150.4047,269.7807,0,704.2043,3872.825,0,0,1.24345e-13,4.263256e-14
naive,2026-01-31 20:30:00,2578,20.5,25.88764,3213.382,628.8574,0,58.8224,0,0,2249.367,2249.05,666.4603,341.1424,1007.603,3,99.6998,1.050753,106.8522,800,0,499.6694,200,0.1,0.2046279,0.3172331,0,250,0.3172331,1582.59,80.4489,56.91241,29.4882,0,0,416.3676,292.9442,123.4234,0,634.0866,3474.317,0,0,-7.993606e-15,4.263256e-14
naive,2026-01-31 20:45:00,2579,20.75,25.73803,3224.238,566.6421,0,51.7319,0,0,2256.967,2256.65,1381.274,544.9918,1926.266,4,535.1109,0.0678984,91.08707,800,500,0,324.9685,0.1624843,0.1259371,0.3172331,0,250,0.3172331,875.3757,68.68837,57.06977,31.53126,0,0,416.5055,161.5437,254.9618,0,706.5355,3876.133,0,-1.136868e-13,1.24345e-13,4.263256e-14
naive,2026-01-31 21:00:00,2580,21,25.68976,3220.047,513.7893,0,48.16003,0,0,2254.033,2253.716,567.2965,309.2863,876.5828,2,0,0,76.58279,800,0,479.4352,205.0586,0.1025293,0.2046279,0.3172331,0,250,0.3172331,1686.419,57.78033,57.12054,34.88854,0,0,415.5568,310.9107,104.6461,0,620.197,3407.006,0,-5.684342e-14,-7.993606e-15,4.263256e-14
naive,2026-01-31 21:15:00,2581,21.25,25.48764,3199.69,440.0019,0,40.72241,0,0,2239.783,2239.466,872.2621,396.607,1268.869,3,396.1289,1.615306,71.12489,800,0,20.10509,200,0.1,0.1291224,0.3172331,0,250,0.3172331,1367.204,53.77745,57.33311,23.76797,0,0,411.2441,251.0307,160.2133,0,647.6377,3538.508,0,5.684342e-14,-1.054712e-15,4.263256e-14
naive,2026-01-31 21:30:00,2582,21.5,25.01201,3169.794,378.4924,0,36.24147,0,0,2218.856,2218.539,1215.789,495.4969,1711.286,4,337.908,3.54187,69.83584,800,500,0,324.9685,0.1624843,0.1259371,0.3172331,0,250,0.3172331,1002.75,53.06853,57.83335,40.58439,0,0,403.5253,182.362,221.1633,0,677.8588,3733.169,0,-1.705303e-13,1.24345e-13,4.263256e-14
naive,2026-01-31 21:45:00,2583,21.75,24.73803,3138.007,328.8748,0,34.42496,0,0,2196.605,2196.288,559.929,306.0383,865.9673,2,0,0,65.96729,800,0,289.9351,252.4336,0.1262168,0.2046279,0.3172331,0,250,0.3172331,1636.359,50.27339,58.12152,41.26398,0,0,39.53889,29.45446,10.08443,0,335.4928,1851.004,0,-5.684342e-14,-7.993606e-15,4.263256e-14
naive,2026-01-31 22:00:00,2584,22,24.6594,3140.661,278.2126,0,29.51511,0,0,2198.463,2198.146,583.2691,311.957,895.226,2,36.74249,0.9186833,57.56487,800,0,209.5754,200,0.1,0.1589537,0.3172331,0,250,0.3172331,1614.876,43.90616,58.20421,31.89465,0,0,39.57233,29.06778,10.50455,0,341.0247,1865.175,0,5.684342e-14,-2.470246e-15,4.263256e-14
naive,2026-01-31 22:15:00,2585,22.25,24.56047,3101.108,226.2885,0,30.90794,0,0,2170.776,2170.459,1109.326,462.414,1571.74,4,221.4728,0.6908019,49.57673,800,500,0,324.9685,0.1624843,0.1259371,0.3172331,0,250,0.3172331,1061.132,37.85264,58.30826,4.815669,0,0,39.07396,19.10038,19.97358,0,481.5144,2591.039,0,0,1.24345e-13,4.263256e-14
naive,2026-01-31 22:30:00,2586,22.5,24.37641,3065.563,220.4777,5.195985,30.4618,0,0,2145.894,2145.577,541.1773,297.7717,838.949,2,0,0,38.94905,800,0,196.4457,275.8059,0.137903,0.2046279,0.3172331,0,250,0.3172331,1604.399,29.79558,58.50184,27.19631,2.031616,0.6662211,38.62609,28.87919,9.746902,0,326.7705,1781.841,0,-5.684342e-14,-3.641532e-14,4.263256e-14
naive,2026-01-31 22:45:00,2587,22.75,24.34601,3060.325,185.5716,8.518036,23.59141,0,0,2142.228,2141.911,543.8927,298.9688,842.8615,2,0,0,42.86147,800,0,180.8856,230.5411,0.1152706,0.173671,0.3172331,0,250,0.3172331,1598.018,32.79897,58.53382,8.651638,4.55237,0,38.5601,28.76432,9.795779,0,327.7331,1759.458,0,5.684342e-14,-6.636358e-14,4.263256e-14
naive,2026-01-31 23:00:00,2588,23,23.9483,3043.462,173.3858,8.784042,25.15102,1,1,2130.423,2130.106,569.2943,306.1956,875.4898,2,33.38502,4.89278,37.21203,800,0,122.0192,200,0.1,0.1451684,0.3172331,0,250,0.3172331,1560.812,28.59423,58.9521,17.98157,3.891262,0,38.34762,28.09461,10.25301,334.2902,0,639.9899,0,5.684342e-14,1.44329e-15,4.263256e-14
naive,2026-01-31 23:15:00,2589,23.25,23.55578,3035.466,142.2749,8.47918,23.87548,1,1,2124.826,2124.509,1024.601,436.7173,1461.318,3,123.5016,3.369466,34.44693,800,500,0,324.9685,0.1624843,0.1259371,0.3172331,0,250,0.3172331,1099.908,26.57766,59.36494,18.77332,5.109714,0,38.24687,19.79834,18.44852,456.5157,0,887.444,0,-1.705303e-13,1.24345e-13,4.263256e-14
naive,2026-01-31 23:30:00,2590,23.5,23.64134,3043.495,132.3824,13.34831,23.33481,1,1,2130.447,2130.129,535.7219,295.3667,831.0886,2,0,0,31.08859,800,0,129.2529,292.6041,0.1463021,0.2046279,0.3172331,0,250,0.3172331,1594.407,23.96524,59.27495,7.527074,8.950771,0,38.34804,28.69933,9.648705,324.066,0,609.872,0,0,-7.993606e-15,4.263256e-14
naive,2026-01-31 23:45:00,2591,23.75,23.49628,3037.755,109.2161,18.58455,23.82935,1,1,2126.429,2126.111,533.762,294.5027,828.2647,2,0,0,28.2647,800,0,120.0379,262.5486,0.1312743,0.1842485,0.3172331,0,250,0.3172331,1592.349,21.82119,59.42752,0,14.89064,2.008164,38.27571,28.66229,9.613427,323.5194,0,605.8692,0,5.684342e-14,-7.960299e-14,4.263256e-14
naive,2026-02-01 00:00:00,2592,0,23.23586,3042.765,126.3723,9.342881,13.64222,1,1,2129.935,2129.618,533.2185,294.2631,827.4816,2,0,0,27.48162,800,0,119.8737,232.5388,0.1162694,0.165323,0.3172331,0,250,0.3172331,1596.4,21.27388,59.70141,13.65497,2.186468,0,38.33884,28.73519,9.603644,322.9983,0,606.1589,0,5.684342e-14,1.396105e-14,4.263256e-14
naive,2026-02-01 00:15:00,2593,0.25,22.94023,3047.295,116.205,5.830027,18.12238,1,1,2133.106,2132.789,531.548,293.5266,825.0746,2,0,0,25.07462,800,0,101.8782,207.0327,0.1035163,0.1464263,0.3172331,0,250,0.3172331,1601.241,19.4699,60.01233,15.95679,4.200034,0,38.39592,28.82234,9.573574,322.349,0,611.9545,0,5.684342e-14,1.748601e-15,4.263256e-14
naive,2026-02-01 00:30:00,2594,0.5,22.3732,3041.743,110.4776,7.028496,16.61787,1,1,2129.22,2128.903,591.048,310.5519,901.5998,2,77.38162,0.4151015,23.80311,800,0,28.00036,200,0.1,0.1303654,0.3172331,0,250,0.3172331,1537.855,18.59057,60.60872,5.095625,6.613395,0,38.32596,27.68139,10.64457,338.2333,0,628.4798,0,1.136868e-13,6.383782e-16,4.263256e-14
naive,2026-02-01 00:45:00,2595,0.75,22.26536,3018.635,150.4192,9.18587,24.94927,1,1,2113.044,2112.727,1008.2,430.8842,1439.084,3,111.7574,0.9245221,26.4022,800,500,0,324.9685,0.1624843,0.1259371,0.3172331,0,250,0.3172331,1104.527,20.64327,60.72213,38.66181,8.261348,4.305999,38.0348,19.88149,18.15331,451.508,0,915.646,0,0,1.24345e-13,4.263256e-14
naive,2026-02-01 01:00:00,2596,1,21.77731,3034.049,112.86,13.58689,25.94815,1,1,2123.834,2123.517,530.2277,292.9446,823.1723,2,0,0,23.17226,800,0,85.88799,303.4454,0.1517227,0.2046279,0.3172331,0,250,0.3172331,1593.289,18.20833,61.23543,27.86488,12.69397,7.739818,38.22901,28.6792,9.549809,322.9458,0,646.9657,0,1.136868e-13,-7.993606e-15,4.263256e-14
naive,2026-02-01 01:15:00,2597,1.25,21.31225,3032.761,107.9828,14.05516,21.8766,1,1,2122.933,2122.616,529.4612,292.6067,822.0679,2,0,0,22.06788,800,0,95.28914,279.5753,0.1397877,0.1910751,0.3172331,0,250,0.3172331,1593.154,17.42263,61.72456,16.07405,10.67481,4.453968,38.21279,28.67678,9.536012,322.0376,0,620.7769,0,-5.684342e-14,-7.999157e-14,4.263256e-14
naive,2026-02-01 01:30:00,2598,1.5,21.11059,3017.091,103.833,10.88781,20.54828,1,1,2111.964,2111.647,531.0899,293.3247,824.4146,2,0,0,24.4146,800,0,100.409,254.429,0.1272145,0.1760445,0.3172331,0,250,0.3172331,1580.557,19.31476,61.93666,5.998146,8.313617,1.233514,38.01535,28.45002,9.565329,321.9828,0,598.9746,0,0,1.637579e-14,4.263256e-14
naive,2026-02-01 01:45:00,2599,1.75,21.12186,2995.257,102.7653,6.39505,22.17981,1,1,2096.68,2096.363,530.3136,292.9824,823.296,2,0,0,23.29597,800,0,101.002,229.1385,0.1145692,0.1602102,0.3172331,0,250,0.3172331,1566.049,18.4277,61.9248,5.39329,2.765018,3.752109,37.74024,28.18888,9.551354,321.8044,0,588.0165,0,-5.684342e-14,2.747802e-14,4.263256e-14
naive,2026-02-01 02:00:00,2600,2,20.88722,3001.185,105.5335,7.174788,24.14629,1,1,2100.83,2100.512,530.6731,293.1409,823.814,2,0,0,23.81398,800,0,87.70249,207.1768,0.1035884,0.1442852,0.3172331,0,250,0.3172331,1569.839,18.88216,62.17158,20.02746,4.978357,5.264131,37.81493,28.25711,9.557826,322.2824,0,617.7568,0,5.684342e-14,-4.088396e-14,4.263256e-14
naive,2026-02-01 02:15:00,2601,2.25,20.76409,3053.549,87.95531,13.31159,21.50447,1,1,2137.484,2137.167,575.5202,306.5323,882.0525,2,53.62698,0.3180378,28.10744,800,0,28.57674,200,0.1,0.1304562,0.3172331,0,250,0.3172331,1561.647,22.31414,62.30108,5.751597,12.99356,0,38.47472,28.10965,10.36507,334.6419,0,631.5305,0,0,5.551115e-17,4.263256e-14
naive,2026-02-01 02:30:00,2602,2.5,20.54321,3050.838,79.71186,0.7014475,17.589,1,1,2135.586,2135.269,994.375,427.2706,1421.646,3,90.89995,0.3057008,30.43997,800,500,0,324.9685,0.1624843,0.1259371,0.3172331,0,250,0.3172331,1140.894,24.2197,62.5334,0,0.3957467,0,38.44056,20.5361,17.90446,447.8067,0,825.946,0,-5.684342e-14,1.24345e-13,4.263256e-14
naive,2026-02-01 02:45:00,2603,2.75,20.44356,3068.144,95.26506,0,14.5432,1,1,2147.701,2147.383,533.3993,294.3427,827.742,2,0,0,27.74201,800,0,98.98104,300.1721,0.150086,0.2046279,0.3172331,0,250,0.3172331,1613.984,22.09516,62.6382,0,0,0,38.65861,29.05171,9.606897,323.3945,0,576.3209,0,5.684342e-14,6.217249e-15,4.263256e-14
naive,2026-02-01 03:00:00,2604,3,20.08182,3052.765,90.10965,0.7296461,18.96136,1,1,2136.935,2136.618,534.2376,294.7123,828.9499,2,0,0,28.94986,800,0,118.8692,270.4075,0.1352038,0.189014,0.3172331,0,250,0.3172331,1602.38,23.14094,63.01866,0,0.4944481,0,38.46483,28.84285,9.621986,323.5551,0,577.0672,0,0,-1.063039e-13,4.263256e-14
naive,2026-02-01 03:15:00,2605,3.25,20.23338,3033.145,100.9569,0,24.50508,1,1,2123.201,2122.884,529.9088,292.804,822.7127,2,0,0,22.71271,800,0,120.2383,240.3054,0.1201527,0.1702717,0.3172331,0,250,0.3172331,1592.975,18.12776,62.85926,0,0,6.377313,38.21763,28.67356,9.544068,322.5361,0,574.3555,0,0,3.466671e-14,4.263256e-14
naive,2026-02-01 03:30:00,2606,3.5,19.98766,3063.735,108.7756,0,25.60414,1,1,2144.614,2144.297,531.34,293.4349,824.775,2,0,0,24.77497,800,0,128.753,208.0793,0.1040397,0.1513168,0.3172331,0,250,0.3172331,1612.957,19.81998,63.1177,0,0,5.784166,38.60306,29.03323,9.569831,323.424,0,575.8406,0,0,4.068967e-14,4.263256e-14
naive,2026-02-01 03:45:00,2607,3.75,19.95834,3070.456,134.4654,0,23.28383,1,1,2149.319,2149.002,604.8673,315.0681,919.9354,2,90.62991,1.337149,27.96833,800,0,32.18633,200,0.1,0.1310245,0.3172331,0,250,0.3172331,1544.135,22.37467,63.14853,11.6492,0,0.9091663,38.68775,27.79443,10.89332,343.0127,0,635.0782,0,0,-3.497203e-15,4.263256e-14
naive,2026-02-01 04:00:00,2608,4,19.59673,3042.503,160.3156,0,15.71383,1,1,2129.752,2129.435,1022.85,435.1574,1458.008,3,130.1273,1.356407,26.52376,800,500,0,324.9685,0.1624843,0.1259371,0.3172331,0,250,0.3172331,1106.585,21.21901,63.52885,30.18824,0,0,38.33554,19.91853,18.41701,455.0759,0,890.7566,0,5.684342e-14,1.24345e-13,4.263256e-14
naive,2026-02-01 04:15:00,2609,4.25,19.75839,3075.907,190.4844,2.529688,19.81449,1,1,2153.135,2152.818,528.0039,291.9642,819.9681,2,0,0,19.96811,800,0,161.9854,284.421,0.1422105,0.2046279,0.3172331,0,250,0.3172331,1624.814,15.97449,63.35883,30.79105,0.2376061,3.839996,38.75643,29.24665,9.509781,321.8428,0,625.9313,0,0,1.056932e-13,4.263256e-14
naive,2026-02-01 04:30:00,2610,4.5,19.75337,3073.02,189.5162,1.579374,16.22656,1,1,2151.114,2150.797,523.9642,290.1833,814.1475,2,0,0,14.14754,800,0,187.9353,237.3924,0.1186962,0.1790957,0.3172331,0,250,0.3172331,1626.833,11.31803,63.36411,2.548965,0.6112531,4.908527,38.72005,29.28299,9.437066,320.274,0,574.7148,0,0,3.616552e-14,4.263256e-14
naive,2026-02-01 04:45:00,2611,4.75,19.96967,3101.439,239.5447,2.438029,8.773296,1,1,2171.007,2170.69,583.4346,307.1324,890.567,2,77.9128,1.367452,11.28675,800,0,149.4201,200,0.1,0.1494825,0.3172331,0,250,0.3172331,1587.255,9.029402,63.13662,12.21173,1.070577,0,39.07813,28.57059,10.50753,335.703,0,623.2892,0,5.684342e-14,1.071365e-14,4.263256e-14
naive,2026-02-01 05:00:00,2612,5,19.84459,3128.316,293.0417,0,12.30596,1,1,2189.821,2189.504,1127.658,463.7253,1591.383,4,278.3828,1.167439,11.8327,800,500,0,324.9685,0.1624843,0.1259371,0.3172331,0,250,0.3172331,1061.846,9.46616,63.26816,14.6589,0,2.839799,39.41678,19.11324,20.30355,483.3067,0,920.7232,0,-5.684342e-14,1.24345e-13,4.263256e-14
naive,2026-02-01 05:15:00,2613,5.25,19.96022,3120.468,374.2196,5.24159,17.03399,1,1,2184.328,2184.011,521.5663,289.1262,810.6925,2,0,0,10.69251,800,0,344.0094,238.915,0.1194575,0.2046279,0.3172331,0,250,0.3172331,1662.444,8.554008,63.14655,30.73062,4.721212,8.479982,39.3179,29.924,9.393904,320.4508,0,631.0162,0,0,-6.483702e-14,4.263256e-14
naive,2026-02-01 05:30:00,2614,5.5,19.92822,3098.79,449.1833,15.19963,17.64981,1,1,2169.153,2168.836,738.0618,352.2917,1090.354,3,271.3233,5.334482,13.69572,800,0,155.5096,200,0.1,0.1504413,0.3172331,0,250,0.3172331,1430.774,10.95658,63.1802,22.35034,9.865149,6.693233,39.04476,25.75394,13.29082,379.1505,0,742.795,0,1.705303e-13,5.606626e-15,4.263256e-14
naive,2026-02-01 05:45:00,2615,5.75,19.92915,3134.94,545.1583,17.62349,23.35879,1,1,2194.458,2194.141,1316.809,519.1908,1835.999,4,513.0998,1.882824,21.01685,800,500,0,324.9685,0.1624843,0.1259371,0.3172331,0,250,0.3172331,877.3319,16.81348,63.17923,32.05853,15.74066,6.545305,39.50024,15.79198,23.70827,536.0632,0,1083.503,0,0,1.24345e-13,4.263256e-14
naive,2026-02-01 06:00:00,2616,6,20.12323,3185.964,599.022,8.069418,17.87798,1,1,2230.175,2229.857,609.0755,316.4134,925.4888,2,94.91615,8.566252,22.00644,800,0,499.6694,200,0.1,0.2046279,0.3172331,0,250,0.3172331,1620.782,17.58346,62.97511,4.436443,0,0.2945228,40.14314,29.17407,10.96907,345.6363,0,628.0784,0,5.684342e-14,-7.993606e-15,4.263256e-14
naive,2026-02-01 06:15:00,2617,6.25,20.03803,3184.495,700.6095,0,20.70472,1,1,2229.146,2228.829,1434.245,553.1606,1987.406,4,662.7477,5.208549,19.44962,800,500,0,324.9685,0.1624843,0.1259371,0.3172331,0,250,0.3172331,794.5838,15.55378,63.06472,37.86185,0,5.150937,40.12463,14.30251,25.82212,568.3151,0,1130.994,0,-2.273737e-13,1.24345e-13,4.263256e-14
naive,2026-02-01 06:30:00,2618,6.5,20.18708,3142.453,753.5095,4.495415,25.42253,1,1,2199.717,2199.4,713.4426,345.7867,1059.229,3,234.7697,2.847957,21.61164,800,0,499.6694,200,0.1,0.2046279,0.3172331,0,250,0.3172331,1485.957,17.25697,62.90795,19.07035,1.647459,8.165566,39.5949,26.74723,12.84768,373.8882,0,712.7432,0,-1.705303e-13,-7.993606e-15,4.263256e-14
naive,2026-02-01 06:45:00,2619,6.75,20.50915,3138.579,790.0758,0,25.00568,1,1,2197.006,2196.688,1453.981,546.0185,2000,4,749.2282,5.95839,19.88951,724.9239,500,0,324.9685,0.1624843,0.1259371,0.3172331,0,250,0.3172331,742.7069,15.8306,56.69739,40.84752,0,9.175087,39.5461,13.36872,26.17738,560.918,0,1128.513,0,1.136868e-13,1.24345e-13,4.263256e-14
naive,2026-02-01 07:00:00,2620,7,20.81599,3162.333,793.486,3.960163,35.29107,1,1,2213.633,2213.316,737.2641,353.2693,1090.533,3,260.1487,5.426125,24.95868,800,0,499.6694,200,0.1,0.2046279,0.3172331,0,250,0.3172331,1476.052,19.80402,62.24649,33.66788,0,15.48705,39.8454,26.56894,13.27646,382.4367,0,752.9231,0,-5.684342e-14,-7.993606e-15,4.263256e-14
naive,2026-02-01 07:15:00,2621,7.25,21.04262,3126.694,766.613,0,23.5289,1,1,2188.686,2188.369,1456.693,543.3069,2000,4,769.6296,2.339091,23.11108,704.9202,500,0,324.9685,0.1624843,0.1259371,0.3172331,0,250,0.3172331,731.6755,18.29609,54.63849,0,0,5.232802,39.39634,13.17016,26.22619,557.3587,0,1053.249,0,0,1.24345e-13,4.263256e-14
naive,2026-02-01 07:30:00,2622,7.5,21.18385,3127.512,740.8408,0,21.50345,1,1,2189.258,2188.941,716.6277,347.1242,1063.752,3,235.3301,0.6014466,27.82041,800,0,499.6694,200,0.1,0.2046279,0.3172331,0,250,0.3172331,1472.313,21.99284,61.8596,5.841321,0,0,39.40664,26.50164,12.90501,373.6258,0,687.7359,0,0,-7.993606e-15,4.263256e-14
naive,2026-02-01 07:45:00,2623,7.75,21.16586,3128.252,673.9989,0,14.71726,1,1,2189.776,2189.459,1439.674,555.6598,1995.334,4,661.8577,1.575556,31.90077,800,500,0,324.9685,0.1624843,0.1259371,0.3172331,0,250,0.3172331,749.7847,25.22308,61.87853,12.14129,0,0,39.41597,13.49613,25.91985,569.1559,0,1089.642,0,0,1.24345e-13,4.263256e-14
naive,2026-02-01 08:00:00,2624,8,21.48113,3141.744,616.4774,0,10.4115,1,1,2199.221,2198.904,787.7981,396.7621,1184.56,3,81.81071,268.4623,34.28719,800,0,499.6694,200,0.1,0.2046279,0.3172331,0,250,0.3172331,1411.106,27.02348,61.54695,34.99729,0,0,39.58598,25.3999,14.18608,422.162,0,835.454,0,-5.684342e-14,-7.993606e-15,4.263256e-14
naive,2026-02-01 08:15:00,2625,8.25,21.5254,3217.453,548.8149,0,8.273444,1,1,2252.217,2251.9,1435.306,564.6943,2000,4,501.5994,271.848,36.07349,690.479,500,0,324.9685,0.1624843,0.1259371,0.3172331,0,250,0.3172331,816.5939,28.41858,53.0809,47.21549,0,0,40.5399,14.69869,25.84121,579.393,0,1180.517,0,0,1.24345e-13,4.263256e-14
naive,2026-02-01 08:30:00,2626,8.5,21.83226,3236.538,473.2274,0,16.59939,1,1,2265.577,2265.259,684.9837,361.1686,1046.152,3,0,205.2705,40.88183,800,0,499.6694,200,0.1,0.2046279,0.3172331,0,250,0.3172331,1580.276,32.10621,61.17764,45.59045,0,0,40.78038,28.44496,12.33542,389.6136,0,789.0458,0,0,-7.993606e-15,4.263256e-14
naive,2026-02-01 08:45:00,2627,8.75,21.94436,3291.649,393.2123,0,22.56612,1,1,2304.154,2303.837,1394.44,573.7995,1968.239,4,341.7363,277.1161,49.38681,800,500,0,324.9685,0.1624843,0.1259371,0.3172331,0,250,0.3172331,909.3974,38.74124,61.05974,51.47596,0,0,41.47478,16.36915,25.10563,590.1687,0,1200.441,0,2.273737e-13,1.24345e-13,4.263256e-14
naive,2026-02-01 09:00:00,2628,9,22.11271,3304.943,313.3313,8.252608,26.8532,1,1,2313.46,2313.143,587.8573,318.3505,906.2078,2,0,62.72497,43.48278,800,0,499.6694,200,0.1,0.2046279,0.3172331,0,250,0.3172331,1725.285,34.05129,60.88268,32.4628,0,0,41.64228,31.05514,10.58714,349.4056,0,686.3166,0,0,-7.993606e-15,4.263256e-14
naive,2026-02-01 09:15:00,2629,9.25,22.28861,3314.879,242.6967,2.449613,40.60632,1,1,2320.415,2320.098,1304.93,548.8976,1853.828,4,219.3562,284.3915,50.08,800,500,0,324.9685,0.1624843,0.1259371,0.3172331,0,250,0.3172331,1015.168,39.14709,60.69768,23.34045,0,1.459227,41.76748,18.27302,23.49445,567.4222,0,1106.822,0,1.136868e-13,1.24345e-13,4.263256e-14
naive,2026-02-01 09:30:00,2630,9.5,22.55387,3322.142,181.399,1.778219,42.79456,1,1,2325.499,2325.182,553.127,303.0397,856.1667,2,0,0,56.16666,800,0,456.5254,210.786,0.105393,0.2046279,0.3172331,0,250,0.3172331,1772.055,43.78579,60.4187,9.434482,0,0,41.85898,31.89699,9.961996,334.9367,0,618.1768,0,5.684342e-14,-7.993606e-15,4.263256e-14
naive,2026-02-01 09:45:00,2631,9.75,22.68704,3335.955,149.517,2.260461,50.47378,1,1,2335.169,2334.851,835.2835,415.7255,1251.009,3,98.37545,286.549,66.08461,800,0,43.01128,200,0.1,0.1327289,0.3172331,0,250,0.3172331,1499.568,51.44711,60.27863,8.13025,0,0,42.03304,26.99222,15.04081,442.7177,0,831.6466,0,-1.136868e-13,2.414735e-15,4.263256e-14
naive,2026-02-01 10:00:00,2632,10,22.9099,3383.682,144.1533,3.768791,56.80618,1,1,2368.577,2368.26,1266.42,542.1999,1808.62,4,132.9457,299.3969,76.27784,800,500,0,324.9685,0.1624843,0.1259371,0.3172331,0,250,0.3172331,1101.839,59.24658,60.04424,11.20759,0,0,42.63439,19.83311,22.80128,562.033,0,1075.849,0,0,1.24345e-13,4.263256e-14
naive,2026-02-01 10:15:00,2633,10.25,23.04551,3415.658,108.0925,0,67.5465,1,1,2390.96,2390.643,573.0691,311.8311,884.9002,2,0,0,84.90021,800,0,415.7497,220.9799,0.11049,0.2046279,0.3172331,0,250,0.3172331,1817.574,65.85165,59.90161,0,0,1.694854,43.03728,32.71633,10.32095,344.844,0,622.2987,0,5.684342e-14,4.884981e-14,4.263256e-14
naive,2026-02-01 10:30:00,2634,10.5,23.32633,3437.937,103.447,6.023855,72.5106,1,1,2406.556,2406.239,811.1386,413.0327,1224.171,3,31.53344,295.2626,97.37519,800,0,83.78059,200,0.1,0.1391478,0.3172331,0,250,0.3172331,1595.1,75.30893,59.60626,0,0,0,43.318,28.7118,14.6062,441.7445,0,816.4319,0,-1.136868e-13,1.44329e-15,4.263256e-14
naive,2026-02-01 10:45:00,2635,10.75,23.5776,3464.827,95.13644,6.52648,76.40627,1,1,2425.379,2425.062,1264.516,544.2668,1808.783,4,108.5134,299.5698,100.6996,800,500,0,324.9685,0.1624843,0.1259371,0.3172331,0,250,0.3172331,1160.546,77.67761,59.34199,0,0,0,43.65682,20.88982,22.767,565.1566,0,1063.553,0,0,1.24345e-13,4.263256e-14
naive,2026-02-01 11:00:00,2636,11,23.85057,3437.852,79.5388,6.24325,80.08765,1,1,2406.497,2406.179,595.7249,321.8189,917.5438,2,0,0,117.5438,800,0,369.344,232.5814,0.1162907,0.2046279,0.3172331,0,250,0.3172331,1810.454,90.41416,59.0549,6.6488,0,0,43.31694,32.58818,10.72876,354.4071,0,653.8466,0,-5.684342e-14,4.884981e-14,4.263256e-14
naive,2026-02-01 11:15:00,2637,11.25,23.95607,3430.043,78.75935,9.741199,88.96494,1,1,2401.03,2400.713,781.9513,403.9167,1185.868,3,0,256.9697,128.8984,800,0,130.179,200,0.1,0.1464531,0.3172331,0,250,0.3172331,1618.761,99.03924,58.94394,0,0,0,43.21854,29.13771,14.08083,433.0544,0,799.7969,0,5.684342e-14,-1.063039e-14,4.263256e-14
naive,2026-02-01 11:30:00,2638,11.5,24.21943,3407.775,77.93952,3.993165,108.0676,1,1,2385.443,2385.125,1274.935,551.529,1826.464,4,86.07706,298.1592,142.2279,800,500,0,324.9685,0.1624843,0.1259371,0.3172331,0,250,0.3172331,1110.19,108.9813,58.66695,0,0,0,42.93797,19.98343,22.95454,571.5124,0,1077.025,0,2.273737e-13,1.24345e-13,4.263256e-14
naive,2026-02-01 11:45:00,2639,11.75,24.44484,3409.991,58.06998,7.583016,106.3216,1,1,2386.994,2386.677,620.6995,332.829,953.5284,2,0,0,153.5284,800,0,387.542,228.0319,0.1140159,0.2046279,0.3172331,0,250,0.3172331,1765.977,117.3635,58.42987,0,0,0,42.96589,31.78759,11.1783,364.6165,0,663.4995,0,-5.684342e-14,-6.483702e-14,4.263256e-14
naive,2026-02-01 12:00:00,2640,12,24.74096,3455.427,39,2.952523,117.6133,1,1,2418.799,2418.481,817.0127,419.3734,1236.386,3,0,271.9179,164.4683,800,0,111.9839,200,0.1,0.1435883,0.3172331,0,250,0.3172331,1601.469,125.3367,58.11843,0,0,0,43.53838,28.82644,14.71194,448.1999,0,831.0165,0,-1.136868e-13,-1.582068e-15,4.263256e-14
naive,2026-02-01 12:15:00,2641,12.25,24.9636,3444.56,39,0,120.6915,1,1,2411.192,2410.875,1287.486,559.0694,1846.555,4,69.20144,298.2159,179.1376,800,500,0,324.9685,0.1624843,0.1259371,0.3172331,0,250,0.3172331,1123.389,136.1967,57.88427,0,0,0,43.40145,20.221,23.18045,579.2904,0,1093.461,0,0,1.24345e-13,4.263256e-14
naive,2026-02-01 12:30:00,2642,12.5,25.04789,3437.333,61.28209,0.2896169,138.4181,1,1,2406.133,2405.816,649.2162,345.4005,994.6167,2,0,0,194.6167,800,0,372.0425,231.9067,0.1159534,0.2046279,0.3172331,0,250,0.3172331,1756.6,147.8341,57.79562,0,0,0,437.8982,319.688,118.2102,665.0885,0,1265.157,0,5.684342e-14,-7.993606e-15,4.263256e-14
naive,2026-02-01 12:45:00,2643,12.75,25.35507,3440.13,80.61859,2.740908,137.6151,1,1,2408.091,2407.774,835.4552,427.5038,1262.959,3,0,253.9681,208.9909,800,0,127.4809,200,0.1,0.1460283,0.3172331,0,250,0.3172331,1572.319,158.2394,57.47254,0,0,0,440.9662,287.9208,153.0455,715.4246,0,1366.193,0,0,-1.221245e-15,4.263256e-14
naive,2026-02-01 13:00:00,2644,13,25.47092,3425.016,72.91412,0,147.6474,1,1,2397.511,2397.194,1329.875,575.6851,1905.56,4,86.61651,301.7976,217.146,800,500,0,324.9685,0.1624843,0.1259371,0.3172331,0,250,0.3172331,1067.319,164.2129,57.3507,0,0,0,440.0558,195.9031,244.1527,771.5882,0,1478.657,0,0,1.24345e-13,4.263256e-14
naive,2026-02-01 13:15:00,2645,13.25,25.70906,3446.191,92.04268,0,165.1584,1,1,2412.334,2412.016,672.2222,355.5427,1027.765,3,0,0,227.7649,800,0,386.1481,228.3803,0.1141902,0.2046279,0.3172331,0,250,0.3172331,1739.794,171.8094,57.10024,10.28032,0,0,444.9155,320.8766,124.0389,676.4193,0,1306.334,0,5.684342e-14,-7.993606e-15,4.263256e-14
naive,2026-02-01 13:30:00,2646,13.5,25.62821,3476.401,95.64499,0,171.2876,1,1,2433.481,2433.164,858.7705,437.7823,1296.553,3,0,262.4835,234.0694,800,0,113.3775,200,0.1,0.1438077,0.3172331,0,250,0.3172331,1574.393,176.7163,57.18526,24.28387,0,0,448.0809,289.8957,158.1853,727.678,0,1432.912,0,0,3.830269e-15,4.263256e-14
naive,2026-02-01 13:45:00,2647,13.75,25.88479,3514.984,88.8961,0.4159471,184.0152,1,1,2460.489,2460.171,1357.068,587.2087,1944.277,4,90.52183,304.1086,249.6467,800,500,0,324.9685,0.1624843,0.1259371,0.3172331,0,250,0.3172331,1103.103,187.9644,56.91542,0,0,0,455.4206,204.1772,251.2433,791.3859,0,1518.742,0,0,1.24345e-13,4.263256e-14
naive,2026-02-01 14:00:00,2648,14,26.15309,3518.742,105.4826,2.303308,197.5039,1,1,2463.119,2462.802,693.4922,364.9196,1058.412,3,0,0,258.4117,800,0,403.242,224.1069,0.1120534,0.2046279,0.3172331,0,250,0.3172331,1769.31,194.0092,56.63323,5.428007,0,3.494725,458.4117,329.2867,129.125,694.8566,0,1335.364,0,-5.684342e-14,-7.993606e-15,4.263256e-14
naive,2026-02-01 14:15:00,2649,14.25,26.20172,3529.758,84.40921,7.51795,196.8908,1,1,2470.831,2470.513,918.4328,462.9072,1381.34,3,9.895745,303.2251,268.2192,800,0,96.28636,200,0.1,0.1411168,0.3172331,0,250,0.3172331,1552.081,201.268,56.58208,0,0,0,460.3051,289.1459,171.1592,752.0531,0,1440.451,0,0,-3.469447e-15,4.263256e-14
naive,2026-02-01 14:30:00,2650,14.5,26.44127,3548.295,63.56901,11.81552,211.3415,1,1,2483.806,2483.489,1372.54,594.7455,1967.286,4,84.50074,300.9834,281.8013,800,500,0,324.9685,0.1624843,0.1259371,0.3172331,0,250,0.3172331,1110.949,210.9198,56.33014,0,0,0.4216558,465.0051,207.9861,257.0191,802.8105,0,1542.25,0,0,1.24345e-13,4.263256e-14
naive,2026-02-01 14:45:00,2651,14.75,26.54261,3522.09,61.82412,17.73613,214.5743,1,1,2465.463,2465.146,714.3071,374.0958,1088.403,3,0,0,288.4029,800,0,395.3966,226.0682,0.1130341,0.2046279,0.3172331,0,250,0.3172331,1750.839,215.627,56.22355,0,0,0,462.5363,328.4683,134.068,702.564,0,1341.877,0,-5.684342e-14,4.884981e-14,4.263256e-14
naive,2026-02-01 15:00:00,2652,15,26.86542,3498.407,66.26985,11.9216,211.9889,1,1,2448.885,2448.567,914.7272,462.4508,1377.178,3,0,279.2126,297.9654,800,0,104.1305,200,0.1,0.1423518,0.3172331,0,250,0.3172331,1533.84,222.007,55.88404,0,0,0,462.5072,289.6879,172.8193,752.1387,0,1441.408,0,-1.136868e-13,3.469447e-15,4.263256e-14
naive,2026-02-01 15:15:00,2653,15.25,27.0788,3499.127,101.0021,11.75426,210.6414,1,1,2449.389,2449.071,1390.895,601.2828,1992.178,4,97.57032,300.166,294.4418,800,500,0,324.9685,0.1624843,0.1259371,0.3172331,0,250,0.3172331,1058.176,218.8791,55.65962,3.431795,0,0,464.6621,200.7417,263.9205,802.0244,0,1547.352,0,2.273737e-13,1.24345e-13,4.263256e-14
naive,2026-02-01 15:30:00,2654,15.5,27.02571,3490.504,129.0222,9.062284,207.4356,1,1,2443.353,2443.035,716.993,375.2799,1092.273,3,0,0,292.2729,800,0,390.3412,227.3321,0.113666,0.2046279,0.3172331,0,250,0.3172331,1726.042,217.3909,55.71546,43.18551,0,0,463.0041,327.0771,135.927,702.357,0,1416.529,0,1.136868e-13,-7.993606e-15,4.263256e-14
naive,2026-02-01 15:45:00,2655,15.75,27.10028,3473.074,115.7477,4.515079,200.2917,1,1,2431.152,2430.835,908.051,459.5076,1367.559,3,0,280.5077,287.0509,800,0,109.1851,200,0.1,0.1431477,0.3172331,0,250,0.3172331,1522.784,213.3356,55.63703,22.29983,0,0,461.4094,289.0098,172.3996,748.5174,0,1472.91,0,5.684342e-14,2.63678e-15,4.263256e-14
naive,2026-02-01 16:00:00,2656,16,26.95533,3459.682,132.286,3.891324,203.4907,1,1,2421.777,2421.46,1399.983,600.0168,2000,4,131.2205,302.0206,283.9145,782.8444,500,0,324.9685,0.1624843,0.1259371,0.3172331,0,250,0.3172331,1021.477,211.3338,54.5931,1.065503,0,0,458.2435,193.2816,264.9618,793.2984,0,1527.018,0,0,1.24345e-13,4.263256e-14
naive,2026-02-01 16:15:00,2657,16.25,26.99118,3432.617,174.8187,4.395657,199.0883,1,1,2402.832,2402.515,712.6256,373.3545,1085.98,3,0,0,285.9802,800,0,444.4508,213.8047,0.1069023,0.2046279,0.3172331,0,250,0.3172331,1689.889,212.7894,55.75177,24.04166,0,0,454.9982,319.996,135.0023,693.3505,0,1365.452,0,5.684342e-14,-6.483702e-14,4.263256e-14
naive,2026-02-01 16:30:00,2658,16.5,27.12796,3395.888,217.4572,8.030242,196.8247,1,1,2377.121,2376.804,1004.791,486.6448,1491.436,3,130.3872,287.9449,273.1041,800,0,55.08403,200,0.1,0.1346297,0.3172331,0,250,0.3172331,1372.013,202.9099,55.60792,31.98596,0,0,451.4158,260.5455,190.8703,747.1903,0,1486.997,0,-5.684342e-14,1.415534e-15,4.263256e-14
naive,2026-02-01 16:45:00,2659,16.75,27.2869,3392.348,225.5541,4.3371,195.2403,1,1,2374.643,2374.326,1410.705,589.2951,2000,4,225.3849,282.5117,266.6511,725.4522,500,0,324.9685,0.1624843,0.1259371,0.3172331,0,250,0.3172331,963.6212,197.7764,50.27452,0.1692009,0,0,452.4474,183.6014,268.846,772.8965,0,1489.526,0,2.273737e-13,1.24345e-13,4.263256e-14
naive,2026-02-01 17:00:00,2660,17,27.30572,3368.308,283.7803,6.478377,193.9058,1,1,2357.816,2357.498,732.6931,382.2012,1114.894,3,0,54.21625,260.678,800,0,499.6694,200,0.1,0.2046279,0.3172331,0,250,0.3172331,1624.805,193.3069,55.42096,10.11083,0,0.5988657,449.4184,309.7008,139.7176,692.0162,0,1339.125,0,-5.684342e-14,-7.993606e-15,4.263256e-14
naive,2026-02-01 17:15:00,2661,17.25,27.2926,3338.053,332.0755,2.232138,184.0744,1,1,2336.637,2336.32,1423.304,576.6956,2000,4,327.434,275.622,252.7737,644.1703,500,0,324.9685,0.1624843,0.1259371,0.3172331,0,250,0.3172331,913.0157,187.472,44.63678,4.64153,0,0,445.2592,173.9802,271.279,750.6758,0,1459.142,0,0,1.24345e-13,4.263256e-14
naive,2026-02-01 17:30:00,2662,17.5,27.3181,3347.273,382.7566,1.550041,173.8476,1,1,2343.091,2342.774,769.1785,398.2858,1167.464,3,0,135.722,231.7422,800,0,499.6694,200,0.1,0.2046279,0.3172331,0,250,0.3172331,1573.596,171.8265,55.40794,19.51979,0,2.021081,446.7278,300.0177,146.7101,698.6888,0,1368.715,0,-1.705303e-13,-7.993606e-15,4.263256e-14
naive,2026-02-01 17:45:00,2663,17.75,27.22739,3337.157,449.5388,0,166.7418,1,1,2336.01,2335.693,1435.059,564.9413,2000,4,429.363,270.3989,221.0863,579.1518,500,0,324.9685,0.1624843,0.1259371,0.3172331,0,250,0.3172331,900.634,164.0861,40.18107,20.17576,0,2.655707,444.532,171.3865,273.1455,736.8331,0,1463.266,0,0,1.24345e-13,4.263256e-14
naive,2026-02-01 18:00:00,2664,18,27.24597,3348.999,488.831,0,163.0155,1,1,2344.299,2343.982,670.3365,354.0787,1024.415,3,5.318967,5.756704,213.3395,800,0,499.6694,200,0.1,0.2046279,0.3172331,0,250,0.3172331,1673.646,158.3048,55.4838,0,0,4.710721,446.283,318.611,127.672,673.5864,0,1284.754,0,0,-7.993606e-15,4.263256e-14
naive,2026-02-01 18:15:00,2665,18.25,27.35407,3313.096,553.0556,0,149.563,1,1,2319.167,2318.85,1438.15,561.8503,2000,4,562.0124,3.99782,201.7657,732.2241,500,0,324.9685,0.1624843,0.1259371,0.3172331,0,250,0.3172331,880.7004,149.5422,50.67915,0,0,0.02081862,442.5003,168.0389,274.4615,729.8931,0,1402.772,0,-1.136868e-13,1.24345e-13,4.263256e-14
naive,2026-02-01 18:30:00,2666,18.5,27.32318,3322.771,601.0411,0,145.523,1,1,2325.94,2325.622,722.5829,366.115,1088.698,3,97.75823,1.75694,189.1827,800,0,499.6694,200,0.1,0.2046279,0.3172331,0,250,0.3172331,1603.039,140.2628,55.40259,3.613411,0,5.260169,443.505,305.664,137.841,672.7819,0,1289.469,0,5.684342e-14,-7.993606e-15,4.263256e-14
naive,2026-02-01 18:45:00,2667,18.75,27.36583,3346.523,654.8998,4.112226,136.1063,1,1,2342.566,2342.249,1449.494,550.5059,2000,4,657.2049,1.902431,176.534,664.3586,500,0,324.9685,0.1624843,0.1259371,0.3172331,0,250,0.3172331,892.7548,130.8247,45.97173,0,2.209796,5.281651,447.0752,170.3809,276.6943,721.8948,0,1395.883,0,0,1.24345e-13,4.263256e-14
naive,2026-02-01 19:00:00,2668,19,27.17613,3304.673,686.6989,0,120.5493,1,0,2313.271,2312.954,776.9909,379.1001,1156.091,3,190.2318,1.416227,164.443,800,0,499.6694,200,0.1,0.2046279,0.3172331,0,250,0.3172331,1535.963,122.1139,55.55725,0,0,0,439.733,291.9734,147.7596,671.0735,0,1279.645,0,0,-7.993606e-15,4.263256e-14
naive,2026-02-01 19:15:00,2669,19.25,27.01261,3265.977,719.0524,2.540734,113.9628,1,0,2286.184,2285.867,1455.783,544.2172,2000,4,710.3478,2.240968,160.0732,627.338,500,0,324.9685,0.1624843,0.1259371,0.3172331,0,250,0.3172331,830.0838,119.0783,43.70134,8.704606,0.2997663,0,433.1031,157.2541,275.849,701.4713,0,1369.311,0,-1.136868e-13,1.24345e-13,4.263256e-14
naive,2026-02-01 19:30:00,2670,19.5,26.94657,3225.489,747.3744,0,104.1656,1,0,2257.842,2257.525,797.4429,383.2419,1180.685,3,231.2081,2.73597,146.7407,800,0,499.6694,200,0.1,0.2046279,0.3172331,0,250,0.3172331,1460.082,109.2378,55.79869,16.49687,0,0,427.1461,276.2232,150.9229,659.465,0,1284.614,0,-1.136868e-13,-7.993606e-15,4.263256e-14
naive,2026-02-01 19:45:00,2671,19.75,27.08963,3191.793,731.7275,0,87.49481,0,0,2234.255,2233.938,1456.792,543.2079,2000,4,728.1474,0.8004606,134.7507,636.3014,500,0,324.9685,0.1624843,0.1259371,0.3172331,0,250,0.3172331,777.1458,100.1579,44.26131,3.58007,0,0,423.946,147.4621,276.4839,0,690.67,3755.067,0,0,1.24345e-13,4.263256e-14
naive,2026-02-01 20:00:00,2672,20,27.08317,3174.391,697.8244,0,86.93574,0,0,2222.074,2221.757,760.9506,370.0099,1130.96,3,207.2031,2.261835,121.4955,800,0,499.6694,200,0.1,0.2046279,0.3172331,0,250,0.3172331,1460.806,90.31179,55.65502,0,0,0,421.5778,277.148,144.4298,0,647.1579,3496.756,0,0,-7.993606e-15,4.263256e-14
naive,2026-02-01 20:15:00,2673,20.25,27.15516,3170.03,651.0058,0,73.99841,0,0,2219.021,2218.704,1447.825,552.1751,2000,4,672.7852,2.059714,103.2439,721.9112,500,0,324.9685,0.1624843,0.1259371,0.3172331,0,250,0.3172331,770.8791,76.6853,50.15416,0,0,0,421.6321,146.4733,275.1588,0,698.6484,3786.143,0,2.273737e-13,1.24345e-13,4.263256e-14
naive,2026-02-01 20:30:00,2674,20.5,26.99399,3145.789,599.0209,0,67.34544,0,0,2202.052,2201.735,667.6754,339.7749,1007.45,3,115.6987,0.4896911,91.2619,800,0,499.6694,200,0.1,0.2046279,0.3172331,0,250,0.3172331,1534.06,67.90324,55.74882,0,0,0,417.0032,290.5053,126.4979,0,630.2801,3403.823,0,0,-7.993606e-15,4.263256e-14
naive,2026-02-01 20:45:00,2675,20.75,26.97981,3147.817,539.2044,0,63.18761,0,0,2203.472,2203.155,1386.01,545.0437,1931.053,4,552.2245,0.03121471,78.79759,800,500,0,324.9685,0.1624843,0.1259371,0.3172331,0,250,0.3172331,817.1451,58.63813,55.76373,0,0,4.549481,417.1488,154.6973,262.4515,0,700.6022,3790.578,0,0,1.24345e-13,4.263256e-14
naive,2026-02-01 21:00:00,2676,21,26.56762,3111.31,492.4052,0,58.11387,0,0,2177.917,2177.6,562.5105,307.1764,869.6869,2,0,0,69.68688,800,0,498.0849,200.3961,0.1001981,0.2046279,0.3172331,0,250,0.3172331,1615.089,52.08809,56.19725,0,0,6.025777,408.8018,303.1573,105.6445,0,611.4648,3299.834,0,-5.684342e-14,-7.993606e-15,4.263256e-14
naive,2026-02-01 21:15:00,2677,21.25,26.4413,3097.21,423.2773,0,59.56666,0,0,2168.047,2167.73,889.7697,400.5552,1290.325,3,427.8211,0.77179,61.73201,800,0,1.458351,200,0.1,0.1261865,0.3172331,0,250,0.3172331,1277.96,46.20453,56.33011,0,0,13.36213,405.8905,239.253,166.6375,0,642.3098,3469.332,0,-1.136868e-13,-2.775558e-17,4.263256e-14
naive,2026-02-01 21:30:00,2678,21.5,25.96164,3113.793,342.9232,0,53.87375,0,0,2179.655,2179.338,1223.178,496.1326,1719.311,4,359.947,1.646037,57.71752,800,500,0,324.9685,0.1624843,0.1259371,0.3172331,0,250,0.3172331,956.1601,43.42129,56.83458,0,0,10.45246,404.0724,177.2564,226.816,0,675.3268,3650.358,0,-1.136868e-13,1.24345e-13,4.263256e-14
naive,2026-02-01 21:45:00,2679,21.75,25.91695,3133.59,296.8895,0,37.94043,0,0,2193.513,2193.196,552.0339,302.5578,854.5917,2,0,0,54.59169,800,0,311.4204,247.0623,0.1235311,0.2046279,0.3172331,0,250,0.3172331,1641.162,41.08922,56.88159,0,0,0,406.2711,303.9675,102.3036,0,606.5253,3271.897,0,5.684342e-14,-6.483702e-14,4.263256e-14
naive,2026-02-01 22:00:00,2680,22,25.7646,3158.728,256.5718,0,36.44869,0,0,2211.11,2210.793,606.0334,317.3557,923.3891,2,75.72146,0.3874927,47.28013,800,0,188.0934,200,0.1,0.1555715,0.3172331,0,250,0.3172331,1604.759,35.6437,57.04183,0,0,0.8049979,408.2631,296.3055,111.9576,0,613.8098,3311.782,0,-5.684342e-14,6.27276e-15,4.263256e-14
naive,2026-02-01 22:15:00,2681,22.25,25.69633,3173.8,224.8105,0,33.73591,0,0,2221.66,2221.343,1107.775,461.3977,1569.172,4,224.2657,0.274828,44.6318,800,500,0,324.9685,0.1624843,0.1259371,0.3172331,0,250,0.3172331,1113.568,33.67154,57.11362,0.5447998,0,0.06437155,409.6431,205.3264,204.3167,0,666.736,3603.735,0,1.705303e-13,1.24345e-13,4.263256e-14
naive,2026-02-01 22:30:00,2682,22.5,25.52068,3175.632,194.7291,0,27.45016,0,0,2222.942,2222.625,541.4858,297.9077,839.3935,2,0,0,39.39354,800,0,212.3156,271.8385,0.1359192,0.2046279,0.3172331,0,250,0.3172331,1681.139,29.775,57.29837,0,0,0,408.4245,308.8782,99.54628,0,606.7859,3272.862,0,0,-3.641532e-14,4.263256e-14
naive,2026-02-01 22:45:00,2683,22.75,25.22195,3110.297,156.457,0,28.46043,0,0,2177.208,2176.891,539.3292,296.957,836.2862,2,0,0,36.2862,800,0,188.079,224.7759,0.112388,0.1711727,0.3172331,0,250,0.3172331,1637.562,27.51308,57.61255,0,0,0.9473465,397.6211,299.066,98.55503,0,596.196,3214.264,0,0,-1.496026e-14,4.263256e-14
naive,2026-02-01 23:00:00,2684,23,24.8893,3079.538,136.7737,0,27.5649,0,1,2155.676,2155.359,594.6013,313.4527,908.054,2,66.16492,7.113105,34.77599,800,0,98.96213,200,0.1,0.1415381,0.3172331,0,250,0.3172331,1560.758,26.46055,57.96241,0,0,1.104348,38.80217,28.09364,10.70853,0,341.7467,1814.399,0,5.684342e-14,6.855627e-15,4.263256e-14
naive,2026-02-01 23:15:00,2685,23.25,24.67963,3057.579,134.0528,1.840747,36.73714,0,1,2140.305,2139.988,1033.187,439.2971,1472.484,3,133.634,6.280893,32.56877,800,500,0,324.9685,0.1624843,0.1259371,0.3172331,0,250,0.3172331,1106.802,24.83574,58.18293,0.4188074,0,11.90141,38.5255,19.92243,18.60307,0,461.3696,2472.8,0,-5.684342e-14,1.24345e-13,4.263256e-14
naive,2026-02-01 23:30:00,2686,23.5,24.64129,3050.659,133.3969,0,41.99812,0,1,2135.461,2135.144,535.4271,295.2367,830.6638,2,0,0,30.66376,800,0,138.1716,290.3745,0.1451872,0.2046279,0.3172331,0,250,0.3172331,1599.717,23.39245,58.22326,4.612071,0,18.60566,38.4383,28.79491,9.643397,0,327.3904,1743.102,0,0,-9.325873e-14,4.263256e-14
naive,2026-02-01 23:45:00,2687,23.75,24.48547,3055.354,100.329,0,30.04979,1,1,2138.747,2138.43,534.7975,294.9592,829.7567,2,0,0,29.75667,800,0,124.1032,259.3029,0.1296515,0.1828445,0.3172331,0,250,0.3172331,1603.633,22.73756,58.38714,0,0,7.312239,38.49745,28.86539,9.632066,325.1405,0,584.5955,0,0,7.496781e-14,4.263256e-14
naive,2026-02-02 00:00:00,2688,0,24.17563,3083.683,109.7354,0,24.31341,1,1,2158.578,2158.261,529.5028,292.625,822.1278,2,0,0,22.1278,800,0,128.5606,227.122,0.113561,0.1632793,0.3172331,0,250,0.3172331,1628.758,16.96306,58.71301,0,0,7.350347,38.85441,29.31765,9.536761,323.2574,0,580.4626,0,0,4.402034e-14,4.263256e-14
naive,2026-02-02 00:15:00,2689,0.25,23.86553,3059.695,90.34047,0,21.69989,1,1,2141.786,2141.469,533.9931,294.5361,828.5292,2,0.5749867,3.896448,24.05778,800,0,108.3449,200,0.1,0.1430154,0.3172331,0,250,0.3172331,1607.476,18.50225,59.03916,0,0,3.197634,38.55215,28.93457,9.617586,324.0392,0,581.6593,0,0,-8.049117e-16,4.263256e-14
naive,2026-02-02 00:30:00,2690,0.5,23.54143,2989.241,87.35024,4.676208,27.43342,1,1,2092.469,2092.152,1004.804,429.815,1434.619,3,108.1591,4.014431,22.44524,800,500,0,324.9685,0.1624843,0.1259371,0.3172331,0,250,0.3172331,1087.348,17.32028,59.38003,0,0.6617769,10.11314,37.66444,19.57226,18.09218,451.1739,0,836.6868,0,1.136868e-13,1.24345e-13,4.263256e-14
naive,2026-02-02 00:45:00,2691,0.75,23.28788,2963.379,100.438,0,28.1885,1,1,2074.365,2074.048,534.6426,294.8909,829.5334,2,0,0,29.53344,800,0,138.6494,290.255,0.1451275,0.2046279,0.3172331,0,250,0.3172331,1539.406,22.84993,59.64671,0,0,5.33857,37.33858,27.7093,9.629277,323.5387,0,579.9748,0,0,4.884981e-14,4.263256e-14
naive,2026-02-02 01:00:00,2692,1,23.05568,2982.541,107.2274,1.619198,22.74702,1,1,2087.779,2087.461,534.0236,294.618,828.6415,2,0,0,28.6415,800,0,108.0761,263.1903,0.1315951,0.1827693,0.3172331,0,250,0.3172331,1553.438,22.21305,59.89092,6.992893,0,0.5339676,37.58001,27.96188,9.618134,322.6733,0,590.032,0,-5.684342e-14,-3.591571e-14,4.263256e-14
naive,2026-02-02 01:15:00,2693,1.25,22.77795,3004.331,106.8221,0.6744428,22.84622,1,1,2103.032,2102.715,531.5874,293.544,825.1314,2,0,0,25.13143,800,0,109.9292,235.6666,0.1178333,0.1657271,0.3172331,0,250,0.3172331,1571.127,19.54663,60.18301,6.131414,0,3.299586,37.85458,28.28029,9.574284,322.3987,0,587.6682,0,-5.684342e-14,-2.900458e-14,4.263256e-14
naive,2026-02-02 01:30:00,2694,1.5,22.57257,2981.028,106.3211,0.0828584,28.75648,1,1,2086.72,2086.403,531.7061,293.5963,825.3024,2,0,0,25.30242,800,0,108.2535,208.5661,0.104283,0.1483958,0.3172331,0,250,0.3172331,1554.697,19.7212,60.39903,5.163823,0,9.035285,37.56096,27.98454,9.57642,323.1476,0,587.2538,0,1.136868e-13,-4.063416e-14,4.263256e-14
naive,2026-02-02 01:45:00,2695,1.75,22.16604,3009.768,110.4243,0,28.38109,1,1,2106.838,2106.52,587.0897,310.151,897.2406,2,66.08269,5.152036,26.00591,800,0,34.13304,200,0.1,0.131331,0.3172331,0,250,0.3172331,1519.431,20.35409,60.82659,10.20856,0,8.027,37.92308,27.34975,10.57332,338.8819,0,626.9436,0,0,-2.359224e-15,4.263256e-14
naive,2026-02-02 02:00:00,2696,2,22.18456,3016.409,93.54885,0,23.58175,1,1,2111.486,2111.169,999.9496,429.0645,1429.014,3,96.47904,4.915929,27.61914,800,500,0,324.9685,0.1624843,0.1259371,0.3172331,0,250,0.3172331,1111.219,21.61263,60.80711,0,0,1.969119,38.00675,20.00195,18.0048,449.4054,0,830.4028,0,0,1.24345e-13,4.263256e-14
naive,2026-02-02 02:15:00,2697,2.25,22.03596,3051.853,93.38841,0,23.10599,1,1,2136.297,2135.98,533.4444,294.3626,827.8071,2,0,0,27.80707,800,0,92.8027,301.7167,0.1508583,0.2046279,0.3172331,0,250,0.3172331,1602.535,21.79274,60.96341,8.042691,0,1.313242,38.45335,28.84564,9.60771,323.4337,0,592.1572,0,5.684342e-14,9.148238e-14,4.263256e-14
naive,2026-02-02 02:30:00,2698,2.5,22.06543,2986.719,95.66103,0,22.40955,1,1,2090.703,2090.386,532.2112,293.819,826.0302,2,0,0,26.03023,800,0,85.33794,280.3347,0.1401674,0.1899866,0.3172331,0,250,0.3172331,1558.175,20.39407,60.9324,10.83626,0,2.015476,37.63265,28.04714,9.585512,322.2123,0,594.5681,0,0,-5.537237e-14,4.263256e-14
naive,2026-02-02 02:45:00,2699,2.75,21.93985,2999.674,100.0509,0,21.35856,1,1,2099.772,2099.454,529.8489,292.7776,822.6265,2,0,0,22.62653,800,0,97.00121,256.0403,0.1280201,0.1765227,0.3172331,0,250,0.3172331,1569.605,17.75008,61.06449,3.128536,0,3.608477,37.79589,28.2529,9.542991,321.6487,0,579.9966,0,5.684342e-14,2.742251e-14,4.263256e-14
naive,2026-02-02 03:00:00,2700,3,21.7613,3003.786,92.93691,0,14.34467,1,1,2102.651,2102.333,532.3221,293.8679,826.19,2,0,0,26.19001,800,0,103.7939,230.0515,0.1150257,0.1612248,0.3172331,0,250,0.3172331,1570.011,20.58298,61.25227,0,0,0,37.84771,28.2602,9.587509,322.1281,0,575.3474,0,0,-2.689515e-14,4.263256e-14
naive,2026-02-02 03:15:00,2701,3.25,21.63243,3013.569,133.5306,0,20.84499,1,1,2109.498,2109.181,533.0508,294.1891,827.2399,2,0,0,27.23987,800,0,109.8479,202.5533,0.1012766,0.14486,0.3172331,0,250,0.3172331,1576.13,21.43616,61.38781,23.96369,0,0,37.97097,28.37034,9.600624,322.5594,0,617.395,0,1.136868e-13,-1.61815e-14,4.263256e-14
naive,2026-02-02 03:30:00,2702,3.5,21.53389,3010.902,137.1767,0,16.86209,1,1,2107.631,2107.314,617.8856,318.8403,936.7259,2,107.1645,0.7265937,28.8348,800,0,10.08565,200,0.1,0.1275448,0.3172331,0,250,0.3172331,1489.428,22.714,61.49145,19.9266,0,0,37.93736,26.80971,11.12765,345.65,0,656.4955,0,-5.684342e-14,-3.885781e-16,4.263256e-14
naive,2026-02-02 03:45:00,2703,3.75,21.33198,3001.441,156.7578,0,23.48562,1,1,2101.009,2100.692,1023.215,435.4149,1458.63,3,129.3156,0.6418318,28.67262,800,500,0,324.9685,0.1624843,0.1259371,0.3172331,0,250,0.3172331,1077.477,22.63256,61.70381,27.44214,0,0.8530529,37.81816,19.39458,18.42358,454.954,0,887.8289,0,5.684342e-14,1.24345e-13,4.263256e-14
naive,2026-02-02 04:00:00,2704,4,21.18217,3004.319,160.8574,0,16.32312,1,1,2103.023,2102.706,529.9003,292.8002,822.7005,2,0,0,22.70055,800,0,147.3649,288.0761,0.1440381,0.2046279,0.3172331,0,250,0.3172331,1572.806,17.94575,61.86137,14.10885,0,0,37.85442,28.31051,9.543916,321.1107,0,596.9652,0,-5.684342e-14,1.056932e-13,4.263256e-14
naive,2026-02-02 04:15:00,2705,4.25,21.34847,2985.256,183.1635,0,16.80101,1,1,2089.679,2089.362,529.7977,292.755,822.5527,2,0,0,22.5527,800,0,179.2461,243.2193,0.1216096,0.1813973,0.3172331,0,250,0.3172331,1559.564,17.79887,61.68647,6.356712,0,0,37.61423,28.07216,9.542069,320.8272,0,583.2224,0,0,3.277933e-14,4.263256e-14
naive,2026-02-02 04:30:00,2706,4.5,21.39749,2946.558,208.9655,0,13.20301,1,1,2062.591,2062.273,539.3041,295.0741,834.3782,2,15.73496,1.277455,17.36579,800,0,172.7239,200,0.1,0.1531516,0.3172331,0,250,0.3172331,1522.969,13.69848,61.63491,20.5066,0,0,37.12663,27.41344,9.713185,322.4875,0,611.0097,0,0,-1.085243e-14,4.263256e-14
naive,2026-02-02 04:45:00,2707,4.75,21.26771,2987.484,246.3214,0,13.6179,1,1,2091.239,2090.922,1093.092,453.7699,1546.862,4,233.974,1.908749,10.97889,800,500,0,324.9685,0.1624843,0.1259371,0.3172331,0,250,0.3172331,997.8299,8.671771,61.77141,12.34733,0,4.946128,37.6423,17.96094,19.68136,472.5676,0,896.9416,0,5.684342e-14,1.24345e-13,4.263256e-14
naive,2026-02-02 05:00:00,2708,5,21.29088,2994.102,301.2844,0,18.67943,1,1,2095.871,2095.554,523.6025,290.0239,813.6264,2,0,0,13.62637,800,0,286.7754,253.2235,0.1266117,0.2046279,0.3172331,0,250,0.3172331,1571.951,10.76038,61.74704,14.9819,0,7.919047,37.72568,28.29513,9.430556,319.6594,0,595.6971,0,5.684342e-14,4.884981e-14,4.263256e-14
naive,2026-02-02 05:15:00,2709,5.25,21.1494,2990.657,357.6194,0,18.99497,1,1,2093.46,2093.142,642.3763,324.8291,967.2055,2,147.5807,3.095604,16.52918,800,0,212.7345,200,0.1,0.1594511,0.3172331,0,250,0.3172331,1450.766,13.07136,61.89584,0,0,5.923612,37.68227,26.11379,11.56848,351.9429,0,634.253,0,0,-1.257328e-14,4.263256e-14
naive,2026-02-02 05:30:00,2710,5.5,21.31929,3043.671,442.8619,0,21.64886,1,1,2130.57,2130.253,1263.811,504.6097,1768.421,4,439.2684,10.79706,18.35531,800,500,0,324.9685,0.1624843,0.1259371,0.3172331,0,250,0.3172331,866.4415,14.49052,61.71715,3.593447,0,7.158342,38.35026,15.59595,22.75431,521.4179,0,979.6028,0,1.136868e-13,1.24345e-13,4.263256e-14
naive,2026-02-02 05:45:00,2711,5.75,21.18443,3051.993,540.9299,0,17.28969,1,1,2136.395,2136.078,563.5913,303.9213,867.5126,2,31.3688,10.5637,25.58014,800,0,499.6694,200,0.1,0.2046279,0.3172331,0,250,0.3172331,1572.487,20.22173,61.85899,9.891678,0,0,38.45511,28.30476,10.15035,332.226,0,611.9239,0,0,-7.993606e-15,4.263256e-14
naive,2026-02-02 06:00:00,2712,6,21.31704,3063.176,603.0555,5.874024,21.68441,1,1,2144.223,2143.906,1387.381,540.3118,1927.692,4,597.0829,8.374659,22.23478,800,500,0,324.9685,0.1624843,0.1259371,0.3172331,0,250,0.3172331,756.5253,17.55355,61.71952,5.972557,0,4.130863,38.59602,13.61746,24.97856,554.6288,0,1050.126,0,2.273737e-13,1.24345e-13,4.263256e-14
naive,2026-02-02 06:15:00,2713,6.25,21.34895,3093.257,664.1501,14.12183,17.56545,1,1,2165.28,2164.963,674.6288,334.7289,1009.358,3,183.8845,2.412667,23.06051,800,0,499.6694,200,0.1,0.2046279,0.3172331,0,250,0.3172331,1490.334,18.19955,61.68596,0,11.70917,0,38.97504,26.82601,12.14903,361.5549,0,673.9115,0,5.684342e-14,-7.993606e-15,4.263256e-14
naive,2026-02-02 06:30:00,2714,6.5,21.39682,3096.426,706.0749,6.10425,17.60791,1,1,2167.498,2167.181,1453.682,546.3181,2000,4,744.9857,3.77236,27.30572,723.9363,500,0,324.9685,0.1624843,0.1259371,0.3172331,0,250,0.3172331,713.4991,21.53944,55.77532,0,2.33189,0,39.01497,12.84298,26.17198,559.1611,0,1059.597,0,0,1.24345e-13,4.263256e-14
naive,2026-02-02 06:45:00,2715,6.75,21.34811,3114.765,761.6685,14.95039,18.65204,1,1,2180.336,2180.019,745.4955,355.4843,1100.98,3,272.0341,2.715654,26.23006,800,0,499.6694,200,0.1,0.2046279,0.3172331,0,250,0.3172331,1434.523,20.70116,61.68684,0,12.23474,0,39.24605,25.82142,13.42463,381.3057,0,714.3186,0,0,-7.993606e-15,4.263256e-14
naive,2026-02-02 07:00:00,2716,7,21.38801,3108.362,794.8147,2.080484,10.02846,1,1,2175.854,2175.536,1458.598,541.4017,2000,4,778.1803,4.66032,35.59265,681.5668,500,0,324.9685,0.1624843,0.1259371,0.3172331,0,250,0.3172331,716.9381,28.0789,52.51888,16.63445,0,0,39.16537,12.90489,26.26048,554.3066,0,1078.224,0,0,1.24345e-13,4.263256e-14
naive,2026-02-02 07:15:00,2717,7.25,21.37617,3151.976,786.3773,2.636868,5.697287,1,1,2206.383,2206.066,741.6743,354.2525,1095.927,3,268.2276,1.083647,26.61562,800,0,499.6694,200,0.1,0.2046279,0.3172331,0,250,0.3172331,1464.392,20.99947,61.65733,18.48028,1.553221,0,39.7149,26.35905,13.35585,380.6116,0,726.4165,0,0,-7.993606e-15,4.263256e-14
naive,2026-02-02 07:30:00,2718,7.5,21.36622,3165.847,729.4423,0.2632809,15.13104,1,1,2216.093,2215.776,1452.595,547.4045,2000,4,738.2197,0.2231422,27.34284,734.2143,500,0,324.9685,0.1624843,0.1259371,0.3172331,0,250,0.3172331,763.1803,21.57542,56.59673,0,0.04013869,0,39.88967,13.73724,26.15243,561.1418,0,1058.681,0,0,1.24345e-13,4.263256e-14
naive,2026-02-02 07:45:00,2719,7.75,21.54493,3218.667,669.0699,0,20.2034,1,1,2253.067,2252.75,662.7717,331.2916,994.0633,2,168.8385,0.7417063,24.48309,800,0,499.6694,200,0.1,0.2046279,0.3172331,0,250,0.3172331,1589.978,19.28387,61.47984,0.5618857,0,0.9195238,40.55521,28.61961,11.9356,360.0676,0,651.9396,0,5.684342e-14,-7.993606e-15,4.263256e-14
naive,2026-02-02 08:00:00,2720,8,22.0048,3240.157,601.9031,363.8124,26.77554,1,1,2268.11,2267.793,1440.081,559.9186,2000,4,600.5242,120.356,22.59591,756.5239,500,0,324.9685,0.1624843,0.1259371,0.3172331,0,250,0.3172331,827.7113,17.71433,57.68133,1.378903,243.4564,9.061213,40.82598,14.8988,25.92718,576.3718,0,1510.193,0,2.273737e-13,1.24345e-13,4.263256e-14
naive,2026-02-02 08:15:00,2721,8.25,22.09655,3275.226,529.3874,373.2475,35.4789,1,1,2292.658,2292.341,635.2797,335.9831,971.2628,2,27.51847,121.877,21.86729,800,0,499.6694,200,0.1,0.2046279,0.3172331,0,250,0.3172331,1657.061,17.12706,60.89968,2.199519,251.3704,18.35184,41.26785,29.82711,11.44075,368.9638,0,1106.824,0,-5.684342e-14,-7.993606e-15,4.263256e-14
naive,2026-02-02 08:30:00,2722,8.5,22.37664,3267.317,452.2323,372.33,36.44871,1,1,2287.122,2286.805,1360.787,545.8049,1906.592,4,452.3539,124.3271,29.91113,800,500,0,324.9685,0.1624843,0.1259371,0.3172331,0,250,0.3172331,926.0176,23.3602,60.60509,0,248.0029,13.08851,41.1682,16.66832,24.49988,564.7343,0,1489.093,0,0,1.24345e-13,4.263256e-14
naive,2026-02-02 08:45:00,2723,8.75,22.53248,3261.423,348.4634,377.2407,37.42217,1,1,2282.996,2282.679,540.48,297.4643,837.9443,2,0,0,37.94427,800,0,493.9543,201.4288,0.1007144,0.2046279,0.3172331,0,250,0.3172331,1742.199,29.58667,60.44119,0,252.9837,7.835499,41.09393,31.35958,9.73435,330.1815,0,1028.763,0,0,-7.993606e-15,4.263256e-14
naive,2026-02-02 09:00:00,2724,9,22.6063,3294.932,255.4674,384.8196,43.97649,1,1,2306.453,2306.135,858.9883,403.0324,1262.021,3,292.9243,130.8432,38.25316,800,0,5.588346,200,0.1,0.1268368,0.3172331,0,250,0.3172331,1447.147,29.80493,60.36355,0,253.9764,14.17156,41.51615,26.04865,15.4675,431.54,0,1233.28,0,0,1.94289e-16,4.263256e-14
naive,2026-02-02 09:15:00,2725,9.25,22.96063,3324.969,201.9133,389.804,52.20501,1,1,2327.479,2327.161,1207.513,504.45,1711.963,4,231.9757,128.967,51.02004,800,500,0,324.9685,0.1624843,0.1259371,0.3172331,0,250,0.3172331,1119.649,39.60762,59.99089,0,260.837,12.59739,41.89461,20.15367,21.74094,526.8043,0,1436.063,0,1.705303e-13,1.24345e-13,4.263256e-14
naive,2026-02-02 09:30:00,2726,9.5,23.22808,3326.469,143.3446,397.4413,54.81361,1,1,2328.528,2328.211,552.5812,302.7991,855.3803,2,0,0,55.38027,800,0,305.3727,248.5742,0.1242871,0.2046279,0.3172331,0,250,0.3172331,1775.63,42.87404,59.7096,0,268.8787,11.93957,41.91351,31.96134,9.952172,336.8569,0,1070.356,0,0,-7.993606e-15,4.263256e-14
naive,2026-02-02 09:45:00,2727,9.75,23.56815,3352.014,153.0186,403.3128,61.60984,1,1,2346.41,2346.093,615.9881,330.7519,946.74,2,0,81.39112,65.34889,800,0,194.1402,200,0.1,0.1565235,0.3172331,0,250,0.3172331,1730.105,50.41372,59.35193,7.195897,273.6042,11.19612,42.23538,31.14189,11.0935,363.8728,0,1145.355,0,-5.684342e-14,-1.396105e-14,4.263256e-14
naive,2026-02-02 10:00:00,2728,10,23.77833,3356.054,118.6891,404.6847,63.85544,1,1,2349.238,2348.921,1156.576,493.0718,1649.648,4,138.8574,136.3149,74.47557,800,500,0,324.9685,0.1624843,0.1259371,0.3172331,0,250,0.3172331,1192.344,57.32931,59.13087,0,268.3699,6.526131,42.28628,21.4622,20.82408,515.6923,0,1427.8,0,-1.136868e-13,1.24345e-13,4.263256e-14
naive,2026-02-02 10:15:00,2729,10.25,23.99827,3379.537,129.604,408.2657,66.32517,1,1,2365.676,2365.359,573.8129,312.1591,885.972,2,0,0,85.97201,800,0,245.7365,263.4832,0.1317416,0.2046279,0.3172331,0,250,0.3172331,1791.546,66.02769,58.89955,18.01671,274.1165,0.2974743,42.58217,32.24783,10.33434,344.4599,0,1126.588,0,5.684342e-14,-7.993606e-15,4.263256e-14
naive,2026-02-02 10:30:00,2730,10.5,24.09655,3372.318,127.1631,411.358,77.05812,1,1,2360.622,2360.305,580.2462,314.9952,895.2414,2,0,0,95.24139,800,0,244.5585,202.3021,0.1011511,0.1659115,0.3172331,0,250,0.3172331,1780.059,73.07183,58.79618,18.28472,275.6779,3.986296,42.4912,32.04106,10.45014,347.7482,0,1136.436,0,0,-5.631606e-14,4.263256e-14
naive,2026-02-02 10:45:00,2731,10.75,24.27283,3405.363,111.5876,417.2354,81.77317,1,1,2383.754,2383.437,750.7279,379.1746,1129.902,3,92.27773,137.9495,99.67518,800,0,9.081177,200,0.1,0.1273867,0.3172331,0,250,0.3172331,1632.709,76.33298,58.61079,10.22865,279.2859,5.440183,42.90758,29.38876,13.51881,409.5383,0,1252.552,0,5.684342e-14,5.273559e-16,4.263256e-14
naive,2026-02-02 11:00:00,2732,11,24.70842,3406.09,100.9816,413.9621,88.60792,1,1,2384.263,2383.946,1132.731,490.0002,1622.731,4,76.31232,136.3216,110.0975,800,500,0,324.9685,0.1624843,0.1259371,0.3172331,0,250,0.3172331,1251.215,83.93089,58.15265,24.6693,277.6405,4.677027,42.91673,22.52186,20.39487,513.3675,0,1482.798,0,0,1.24345e-13,4.263256e-14
naive,2026-02-02 11:15:00,2733,11.25,24.62333,3431.647,108.2706,412.4735,94.95916,1,1,2402.153,2401.836,598.5999,323.0864,921.6863,2,0,0,121.6863,800,0,222.3515,269.3295,0.1346647,0.2046279,0.3172331,0,250,0.3172331,1803.236,92.84825,58.24214,26.26894,272.1236,2.11091,43.23875,32.45824,10.78051,355.9256,0,1161.056,0,-5.684342e-14,-6.483702e-14,4.263256e-14
naive,2026-02-02 11:30:00,2734,11.5,24.89394,3434.594,120.0727,414.0289,107.9326,1,1,2404.215,2403.898,612.4259,329.1816,941.6075,2,0,0,141.6075,800,0,217.4759,214.9181,0.1074591,0.1695928,0.3172331,0,250,0.3172331,1791.472,107.7419,57.95754,38.51188,278.1138,0.1907371,43.27588,32.2465,11.02938,361.4627,0,1203.902,0,0,-2.231548e-14,4.263256e-14
naive,2026-02-02 11:45:00,2735,11.75,25.30581,3447.877,98.34458,411.1771,116.6372,1,1,2413.514,2413.196,720.4002,375.3762,1095.776,3,11.81727,138.3321,145.627,800,0,59.53708,200,0.1,0.1353308,0.3172331,0,250,0.3172331,1692.796,110.3202,57.52436,26.99023,272.8451,6.316953,441.5211,309.6752,131.8459,686.2069,0,1824.915,0,5.684342e-14,-1.609823e-15,4.263256e-14
naive,2026-02-02 12:00:00,2736,12,25.6262,3461.411,89.85005,414.7928,119.6154,1,1,2422.988,2422.671,1152.86,500.9845,1653.844,4,58.56964,136.3322,158.9424,800,500,0,324.9685,0.1624843,0.1259371,0.3172331,0,250,0.3172331,1269.811,120,57.18738,31.28041,278.4606,0,446.1306,233.8029,212.3278,734.7873,0,1939.542,0,-1.705303e-13,1.24345e-13,4.263256e-14
naive,2026-02-02 12:15:00,2737,12.25,25.954,3476.391,68.94159,411.9749,140.5917,1,1,2433.474,2433.157,630.7292,337.2505,967.9797,2,0,0,167.9797,800,0,185.6286,278.5102,0.1392551,0.2046279,0.3172331,0,250,0.3172331,1802.427,126.3826,56.84262,16.901,278.3869,14.20907,451.0559,334.0885,116.9674,673.9727,0,1793.369,0,-5.684342e-14,4.884981e-14,4.263256e-14
naive,2026-02-02 12:30:00,2738,12.5,26.12721,3514.57,81.82567,408.5051,151.0114,1,1,2460.199,2459.882,644.4965,343.3198,987.8163,2,0,0,187.8163,800,0,200.3583,228.3768,0.1141884,0.1753738,0.3172331,0,250,0.3172331,1815.385,141.0467,56.66045,15.29954,274.6729,9.96463,457.6257,337.6829,119.9429,682.8562,0,1802.172,0,-5.684342e-14,4.007905e-14,4.263256e-14
naive,2026-02-02 12:45:00,2739,12.75,26.48029,3557.267,71.08582,414.7389,159.8192,1,1,2490.087,2489.769,720.5386,376.8429,1097.382,3,0,103.3245,194.057,800,0,113.3633,200,0.1,0.1438055,0.3172331,0,250,0.3172331,1769.231,145.1853,56.2891,0,278.6126,14.63395,466.5558,331.4924,135.0633,711.0772,0,1839.436,0,5.684342e-14,-3.108624e-15,4.263256e-14
naive,2026-02-02 13:00:00,2740,13,26.83018,3562.273,74.6809,416.9119,173.1222,1,1,2493.591,2493.274,1199.965,519.3183,1719.283,4,79.01579,135.2538,205.0133,800,500,0,324.9685,0.1624843,0.1259371,0.3172331,0,250,0.3172331,1293.309,152.8084,55.92111,0,281.658,20.31378,470.6061,244.0814,226.5247,767.2335,0,1957.416,0,2.273737e-13,1.24345e-13,4.263256e-14
naive,2026-02-02 13:15:00,2741,13.25,27.0158,3526.112,69.65671,411.2865,186.3469,1,1,2468.278,2467.961,668.7961,354.0323,1022.828,3,0,0,222.8284,800,0,223.4856,269.046,0.134523,0.2046279,0.3172331,0,250,0.3172331,1799.165,165.7561,55.72588,0,274.9926,20.59079,467.6308,340.8631,126.7677,698.7965,0,1809.264,0,5.684342e-14,4.884981e-14,4.263256e-14
naive,2026-02-02 13:30:00,2742,13.5,27.41984,3524.393,60.39799,409.4866,195.261,1,1,2467.075,2466.758,673.8269,356.2501,1030.077,3,0,0,230.077,800,0,220.7665,213.812,0.106906,0.1694143,0.3172331,0,250,0.3172331,1792.931,170.4045,55.30093,0,273.0911,24.85647,471.372,342.5666,128.8054,703.5659,0,1816,0,5.684342e-14,4.288236e-14,4.263256e-14
naive,2026-02-02 13:45:00,2743,13.75,27.53015,3498.219,70.33305,406.9635,203.161,1,1,2448.753,2448.436,806.7737,410.7769,1217.551,3,34.3208,136.5035,246.7263,800,0,55.11324,200,0.1,0.1346343,0.3172331,0,250,0.3172331,1641.662,182.518,55.18492,0,270.46,20.64304,468.9586,314.3933,154.5653,729.1235,0,1862.707,0,-1.705303e-13,-2.470246e-15,4.263256e-14
naive,2026-02-02 14:00:00,2744,14,27.37214,3532.269,74.72733,417.6442,202.1284,1,1,2472.588,2472.271,1258.684,542.3438,1801.028,4,103.0673,137.0222,260.9387,800,500,0,324.9685,0.1624843,0.1259371,0.3172331,0,250,0.3172331,1213.587,193.3615,55.3511,0,280.622,8.766896,471.9522,231.6418,240.3104,775.659,0,1973.121,0,0,1.24345e-13,4.263256e-14
naive,2026-02-02 14:15:00,2745,14.25,27.53368,3526.595,103.4999,415.7466,211.0144,1,1,2468.617,2468.3,698.0139,366.9129,1064.927,3,0,0,264.9268,800,0,234.281,266.3471,0.1331736,0.2046279,0.3172331,0,250,0.3172331,1770.286,195.9745,55.1812,9.108409,275.8572,15.03992,472.7978,339.0511,133.7467,708.8445,0,1847.176,0,5.684342e-14,-7.993606e-15,4.263256e-14
naive,2026-02-02 14:30:00,2746,14.5,27.67218,3514.625,102.9731,413.5557,222.8531,1,1,2460.237,2459.92,709.9083,372.1566,1082.065,3,0,0,282.0649,800,0,214.166,212.7637,0.1063818,0.1677149,0.3172331,0,250,0.3172331,1750.012,208.3395,55.03554,30.12413,272.2386,14.51363,472.5718,336.149,136.4228,711.0934,0,1881.848,0,0,-6.863954e-14,4.263256e-14
naive,2026-02-02 14:45:00,2747,14.75,27.7039,3516.687,76.43952,409.0253,218.0011,1,1,2461.681,2461.363,834.1055,423.5869,1257.692,3,27.92493,142.0999,287.6676,800,0,50.92074,200,0.1,0.1339742,0.3172331,0,250,0.3172331,1627.258,212.4048,55.00217,0,266.9254,5.596289,473.1662,312.7796,160.3866,737.4421,0,1873.453,0,-1.136868e-13,-3.885781e-16,4.263256e-14
naive,2026-02-02 15:00:00,2748,15,27.77744,3496.674,101.4014,407.2455,224.1524,1,1,2447.672,2447.355,1259.286,545.8725,1805.159,4,75.63438,138.9098,290.6145,800,500,0,324.9685,0.1624843,0.1259371,0.3172331,0,250,0.3172331,1188.069,214.4097,54.92482,25.76702,268.3357,9.742705,471.2062,228.7175,242.4888,776.4655,0,1998.468,0,2.273737e-13,1.24345e-13,4.263256e-14
naive,2026-02-02 15:15:00,2749,15.25,27.82975,3503.32,103.2691,410.5867,219.9895,1,1,2452.324,2452.007,714.217,374.056,1088.273,3,0,0,288.273,800,0,240.2839,264.8464,0.1324232,0.2046279,0.3172331,0,250,0.3172331,1737.79,212.5616,54.86981,4.025654,269.5463,7.427902,472.6253,334.9164,137.7089,710.404,0,1830.991,0,5.684342e-14,2.04281e-14,4.263256e-14
naive,2026-02-02 15:30:00,2750,15.5,27.70185,3498.234,117.5651,408.6951,217.5796,1,1,2448.764,2448.447,711.8394,373.0079,1084.847,3,0,0,284.8473,800,0,250.9674,202.0629,0.1010314,0.1667699,0.3172331,0,250,0.3172331,1736.607,210.3271,55.00433,8.201456,267.0914,7.252592,470.6629,333.7834,136.8796,708.1853,0,1829.371,0,1.136868e-13,-4.127254e-14,4.263256e-14
naive,2026-02-02 15:45:00,2751,15.75,27.96554,3453.215,142.4527,404.911,226.0441,1,1,2417.251,2416.933,876.3773,433.926,1310.303,3,97.66604,135.3393,277.298,800,0,8.124178,200,0.1,0.127236,0.3172331,0,250,0.3172331,1540.556,204.1678,54.72699,36.66245,269.5718,21.87631,467.2108,297.7616,169.4492,735.9159,0,1938.518,0,0,-2.220446e-16,4.263256e-14
naive,2026-02-02 16:00:00,2752,16,28.05281,3460.475,126.107,402.246,224.9181,1,1,2422.333,2422.015,1293.481,554.238,1847.719,4,132.0336,137.6428,278.0425,800,500,0,324.9685,0.1624843,0.1259371,0.3172331,0,250,0.3172331,1128.534,204.5218,54.63521,0,264.6032,20.39625,469.0633,218.5307,250.5326,776.7183,0,1948.412,0,0,1.24345e-13,4.263256e-14
naive,2026-02-02 16:15:00,2753,16.25,28.47729,3433.82,130.7186,403.0246,230.7253,1,1,2403.674,2403.357,705.5716,370.2448,1075.816,3,0,0,275.8164,800,0,298.1964,250.3683,0.1251841,0.2046279,0.3172331,0,250,0.3172331,1697.785,201.9477,54.18876,0,268.8688,28.77767,469.6971,331.7608,137.9363,707.6289,0,1818.094,0,0,-7.993606e-15,4.263256e-14
naive,2026-02-02 16:30:00,2754,16.5,28.52881,3440.107,143.3883,401.6756,221.2066,1,1,2408.075,2407.758,794.6545,409.3098,1203.964,3,1.740371,133.6322,268.5919,800,0,201.3154,200,0.1,0.1576532,0.3172331,0,250,0.3172331,1613.103,196.5473,54.13458,0,268.0434,24.65926,471.0787,315.5627,155.5161,729.6965,0,1860.867,0,1.136868e-13,5.634382e-15,4.263256e-14
naive,2026-02-02 16:45:00,2755,16.75,28.61992,3373.651,196.4396,402.2186,218.5331,1,1,2361.556,2361.238,1350.88,568.423,1919.303,4,225.5052,129.0896,264.7082,800,500,0,324.9685,0.1624843,0.1259371,0.3172331,0,250,0.3172331,1010.358,193.5125,54.03876,0,273.129,25.0206,462.8859,198.0392,264.8467,771.3665,0,1953.087,0,0,1.24345e-13,4.263256e-14
naive,2026-02-02 17:00:00,2756,17,28.44612,3405.541,237.245,387.1137,196.8362,1,1,2383.878,2383.561,695.3987,365.76,1061.159,3,0,0,261.1587,800,0,408.3902,222.8198,0.1114099,0.2046279,0.3172331,0,250,0.3172331,1688.162,191.2808,54.22154,0,257.9297,5.555417,465.517,329.6596,135.8574,696.5045,0,1776.938,0,5.684342e-14,4.884981e-14,4.263256e-14
naive,2026-02-02 17:15:00,2757,17.25,28.59141,3377.437,303.4466,384.702,190.1678,1,1,2364.206,2363.889,959.844,453.94,1413.784,3,238.742,124.7848,250.2572,800,0,91.13895,200,0.1,0.1403064,0.3172331,0,250,0.3172331,1404.045,183.0053,54.06874,0,259.9172,7.162513,463.1207,275.0362,188.0845,730.3792,0,1848.288,0,-5.684342e-14,-3.858025e-15,4.263256e-14
naive,2026-02-02 17:30:00,2758,17.5,28.44411,3353.476,370.7501,378.6056,179.089,1,1,2347.433,2347.116,1420.66,579.34,2000,4,373.8048,122.8277,233.1527,770.2148,500,0,324.9685,0.1624843,0.1259371,0.3172331,0,250,0.3172331,926.4562,170.772,52.20483,0,255.7778,8.31692,458.3804,180.9079,277.4724,761.872,0,1906.23,0,1.136868e-13,1.24345e-13,4.263256e-14
naive,2026-02-02 17:45:00,2759,17.75,28.49726,3365.499,417.8303,378.4234,166.6214,1,1,2355.849,2355.532,712.0003,373.0788,1085.079,3,0,61.99881,223.0803,800,0,499.6694,200,0.1,0.2046279,0.3172331,0,250,0.3172331,1643.532,163.2997,54.16776,0,257.1783,3.321716,460.5494,321.2971,139.2523,695.0253,0,1772.744,0,-1.136868e-13,-7.993606e-15,4.263256e-14
naive,2026-02-02 18:00:00,2760,18,28.58503,3326.334,478.0967,0.9422134,155.1542,1,1,2328.434,2328.117,1430.048,569.9523,2000,4,496.1964,2.649537,216.9744,784.1797,500,0,324.9685,0.1624843,0.1259371,0.3172331,0,250,0.3172331,898.0689,158.6776,53.00608,0,0,0,456.0507,175.8972,280.1535,745.8495,0,1432.067,0,0,1.24345e-13,4.263256e-14
naive,2026-02-02 18:15:00,2761,18.25,28.63517,3331.321,556.2786,3.713536,141.443,1,1,2331.925,2331.608,700.1057,360.9981,1061.104,3,57.4735,1.777461,201.8529,800,0,499.6694,200,0.1,0.2046279,0.3172331,0,250,0.3172331,1631.502,147.538,54.02271,0,1.936075,0,457.2284,319.8941,137.3343,680.8922,0,1304.349,0,0,-7.993606e-15,4.263256e-14
naive,2026-02-02 18:30:00,2762,18.5,28.46035,3270.82,635.3846,7.896748,136.1706,1,1,2289.574,2289.257,1442.55,557.4502,2000,4,599.4142,0.6937975,193.2192,706.6728,500,0,324.9685,0.1624843,0.1259371,0.3172331,0,250,0.3172331,846.7072,141.4977,47.8829,35.97035,7.20295,0,447.2382,165.3931,281.8451,722.8433,0,1466.292,0,0,1.24345e-13,4.263256e-14
naive,2026-02-02 18:45:00,2763,18.75,28.27683,3291.1,698.9507,0.900972,132.032,1,1,2303.77,2303.453,762.8931,376.9252,1139.818,3,156.2699,3.031618,180.5168,800,0,499.6694,200,0.1,0.2046279,0.3172331,0,250,0.3172331,1540.56,132.4606,54.3996,43.01142,0,0,448.2436,299.7461,148.4975,676.6713,0,1366.338,0,1.136868e-13,-7.993606e-15,4.263256e-14
naive,2026-02-02 19:00:00,2764,19,28.2849,3306.856,725.0702,1.374712,116.5382,0,0,2314.799,2314.482,1452.909,547.0913,2000,4,688.2552,0.6511446,163.3079,647.7858,500,0,324.9685,0.1624843,0.1259371,0.3172331,0,250,0.3172331,861.5734,119.8224,44.04224,36.81493,0.7235672,0,450.4674,167.665,282.8024,0,714.7562,3946.366,0,-1.136868e-13,1.24345e-13,4.263256e-14
naive,2026-02-02 19:15:00,2765,19.25,28.3336,3297.592,750.0398,0,112.3835,0,0,2308.314,2307.997,791.6988,382.5771,1174.276,3,215.5091,2.379805,156.387,800,0,499.6694,200,0.1,0.2046279,0.3172331,0,250,0.3172331,1516.298,114.6835,54.33989,34.8613,0,0,449.6742,295.3845,154.2897,0,677.9616,3727.792,0,0,-7.993606e-15,4.263256e-14
naive,2026-02-02 19:30:00,2766,19.5,28.40105,3235.234,762.1464,0,106.0007,0,0,2264.664,2264.346,1458.812,541.1884,2000,4,739.8945,1.175749,143.0677,615.862,500,0,324.9685,0.1624843,0.1259371,0.3172331,0,250,0.3172331,805.5349,104.8388,41.77773,22.2519,0,1.161905,441.8094,157.1504,284.6589,0,698.5655,3833.495,0,1.136868e-13,1.24345e-13,4.263256e-14
naive,2026-02-02 19:45:00,2767,19.75,28.2599,3228.235,756.8857,0,99.0884,0,0,2259.764,2259.447,780.2864,375.7862,1156.073,3,230.3024,0.3127119,125.4575,800,0,499.6694,200,0.1,0.2046279,0.3172331,0,250,0.3172331,1479.161,92.07586,54.4174,26.91395,0,7.012543,439.5223,287.6955,151.8267,0,664.8456,3641.858,0,1.136868e-13,-7.993606e-15,4.263256e-14
naive,2026-02-02 20:00:00,2768,20,28.09646,3215.834,717.6594,0,91.50038,0,0,2251.084,2250.766,1452.493,547.5074,2000,4,702.0002,0.9474874,119.0663,677.986,500,0,324.9685,0.1624843,0.1259371,0.3172331,0,250,0.3172331,798.2737,87.54092,46.26348,15.65917,0,3.959466,436.3081,154.7225,281.5856,0,702.9973,3841.451,0,1.136868e-13,1.24345e-13,4.263256e-14
naive,2026-02-02 20:15:00,2769,20.25,28.16991,3186.89,685.5671,0.2049712,90.32579,0,0,2230.823,2230.506,710.2543,353.1263,1063.381,3,161.2563,0.8755414,101.2488,800,0,499.6694,200,0.1,0.2046279,0.3172331,0,250,0.3172331,1520.252,74.38148,54.51205,24.64143,0,15.94431,433.0594,295.1194,137.94,0,651.3409,3563.555,0,0,-7.993606e-15,4.263256e-14
naive,2026-02-02 20:30:00,2770,20.5,27.9167,3151.218,623.3016,3.679151,81.14494,0,0,2205.853,2205.536,1436.452,560.8506,1997.303,4,606.283,0.2101506,90.8097,800,500,0,324.9685,0.1624843,0.1259371,0.3172331,0,250,0.3172331,769.0832,66.89646,54.77836,17.01859,3.469,14.24849,425.9091,148.4957,277.4135,0,712.0973,3890.251,0,0,1.24345e-13,4.263256e-14
naive,2026-02-02 20:45:00,2771,20.75,27.83124,3130.979,547.9735,2.827649,74.69386,0,0,2191.685,2191.368,606.3535,321.1209,927.4744,2,45.25623,0.005468981,82.21272,800,0,499.6694,200,0.1,0.2046279,0.3172331,0,250,0.3172331,1585.014,60.61955,54.86824,3.047866,2.82218,14.0743,422.4069,305.4823,116.9246,0,629.3158,3409.636,0,0,-7.993606e-15,4.263256e-14
naive,2026-02-02 21:00:00,2772,21,27.59428,3107.318,525.1935,0,69.60572,0,0,2175.122,2174.805,1338.026,530.7462,1868.772,4,494.5909,0.07426129,74.10699,800,500,0,324.9685,0.1624843,0.1259371,0.3172331,0,250,0.3172331,836.7791,54.78328,55.11746,30.6026,0,14.82245,417.1193,160.4676,256.6517,0,694.0563,3808.092,0,-2.273737e-13,1.24345e-13,4.263256e-14
naive,2026-02-02 21:15:00,2773,21.25,27.2037,3102.333,436.5648,0,59.95021,0,0,2171.633,2171.316,563.7165,307.708,871.4245,2,0,0,71.42451,800,0,425.9681,218.4253,0.1092127,0.2046279,0.3172331,0,250,0.3172331,1607.6,53.02344,55.52826,10.88109,0,6.926767,413.047,305.7672,107.2798,0,614.7927,3337.661,0,0,-7.993606e-15,4.263256e-14
naive,2026-02-02 21:30:00,2774,21.5,26.84791,3118.726,363.8658,0,61.00349,0,0,2183.109,2182.791,774.8874,367.8836,1142.771,3,276.7256,0.7164111,65.329,800,0,73.56377,200,0.1,0.1375392,0.3172331,0,250,0.3172331,1407.904,48.68426,55.90246,13.57642,0,12.31922,412.1615,265.8062,146.3553,0,636.0156,3458.615,0,5.684342e-14,-3.247402e-15,4.263256e-14
naive,2026-02-02 21:45:00,2775,21.75,26.69217,3105.619,310.0073,0,60.71204,0,0,2173.933,2173.616,1174.08,481.303,1655.383,4,302.6568,0.3950566,52.33128,800,500,0,324.9685,0.1624843,0.1259371,0.3172331,0,250,0.3172331,999.5357,39.06335,56.06626,7.350514,0,21.64868,409.1061,188.0997,221.0064,0,673.4767,3653.727,0,-5.684342e-14,1.24345e-13,4.263256e-14
naive,2026-02-02 22:00:00,2776,22,26.4987,3110.298,256.345,0,49.76576,0,0,2177.209,2176.891,547.3757,300.5042,847.8799,2,0,0,47.87993,800,0,259.9426,259.9317,0.1299659,0.2046279,0.3172331,0,250,0.3172331,1629.516,35.81469,56.26973,0,0,13.95108,408.0881,305.4306,102.6576,0,608.5497,3283.72,0,-5.684342e-14,-1.216804e-13,4.263256e-14
naive,2026-02-02 22:15:00,2777,22.25,26.33481,3100.992,226.9594,0,42.9165,0,0,2170.694,2170.377,545.2265,299.5568,844.7833,2,0,0,44.78328,800,0,224.7865,203.6942,0.1018471,0.1636752,0.3172331,0,250,0.3172331,1625.151,33.55707,56.44211,2.271453,0,9.359426,405.4969,303.5865,101.9104,0,604.8917,3267.325,0,-1.136868e-13,-2.314815e-14,4.263256e-14
naive,2026-02-02 22:30:00,2778,22.5,26.05495,3078.891,188.0601,0,29.9895,0,0,2155.224,2154.907,686.4114,339.6284,1026.04,3,186.3634,1.906644,37.76978,800,0,14.64839,200,0.1,0.1282632,0.3172331,0,250,0.3172331,1468.495,28.38627,56.73645,0,0,1.60323,400.3049,272.754,127.5509,0,612.6801,3305.912,0,-5.684342e-14,2.498002e-16,4.263256e-14
naive,2026-02-02 22:45:00,2779,22.75,25.75236,3077.565,145.8258,0,26.6268,0,0,2154.295,2153.978,1060.558,447.2813,1507.839,4,167.9527,2.880798,37.00594,800,500,0,324.9685,0.1624843,0.1259371,0.3172331,0,250,0.3172331,1093.42,27.90178,57.05469,0,0,0,397.674,201.8408,195.8332,0,649.122,3505.985,0,-5.684342e-14,1.24345e-13,4.263256e-14
naive,2026-02-02 23:00:00,2780,23,25.55076,3067.024,134.9036,0,36.37616,1,1,2146.917,2146.6,538.8048,296.7257,835.5305,2,0,0,35.5305,800,0,152.9731,286.6741,0.143337,0.2046279,0.3172331,0,250,0.3172331,1607.795,26.84663,57.26673,0,0,9.529532,394.6961,295.5822,99.11393,594.0599,0,1123.695,0,5.684342e-14,-1.216804e-13,4.263256e-14
naive,2026-02-02 23:15:00,2781,23.25,25.28562,3073.705,110.0731,4.35203,32.66879,1,1,2151.593,2151.276,542.6558,298.4235,841.0792,2,0,0,41.07924,800,0,137.7029,252.2032,0.1261016,0.1805145,0.3172331,0,250,0.3172331,1608.62,31.12636,57.54559,0,0.5459313,1.542439,393.4463,294.1568,99.28955,592.8623,0,1121.927,0,5.684342e-14,-6.020184e-14,4.263256e-14
naive,2026-02-02 23:30:00,2782,23.5,24.83411,3108.599,101.5116,0,35.61238,1,1,2176.019,2175.702,544.6809,299.3163,843.9972,2,0,0,43.99719,800,0,135.7515,218.2257,0.1091128,0.1588087,0.3172331,0,250,0.3172331,1631.021,33.49625,58.02046,0,0,2.116124,39.16834,29.35838,9.809967,329.0581,0,592.8432,0,0,-2.875478e-14,4.263256e-14
naive,2026-02-02 23:45:00,2783,23.75,24.53887,3051.975,87.31709,0,22.674,1,1,2136.382,2136.065,567.9188,305.6227,873.5415,2,33.10325,5.449193,34.98901,800,0,72.7652,200,0.1,0.1374135,0.3172331,0,250,0.3172331,1568.146,26.72072,58.33097,0,0,0,38.45488,28.22663,10.22825,333.8493,0,602.0763,0,5.684342e-14,-2.969847e-15,4.263256e-14
naive,2026-02-03 00:00:00,2784,0,24.52391,3054.453,69.66742,0,27.32578,1,1,2138.117,2137.8,1013.074,432.6965,1445.77,3,114.5846,3.86716,27.31856,800,500,0,324.9685,0.1624843,0.1259371,0.3172331,0,250,0.3172331,1124.726,20.86615,58.34671,0,0,6.459632,38.4861,20.24506,18.24104,454.1049,0,842.5698,0,0,1.24345e-13,4.263256e-14
naive,2026-02-03 00:15:00,2785,0.25,24.18629,3004.804,91.0084,6.019367,30.9187,1,1,2103.363,2103.045,532.4033,293.9037,826.307,2,0,0,26.30701,800,0,100.5921,299.7693,0.1498847,0.2046279,0.3172331,0,250,0.3172331,1570.642,20.16457,58.70181,0,4.275549,10.75412,37.86053,28.27155,9.58897,324.0992,0,589.5342,0,-5.684342e-14,1.199041e-13,4.263256e-14
naive,2026-02-03 00:30:00,2786,0.5,24.02483,3004.031,99.55306,2.455544,26.3937,1,1,2102.821,2102.504,534.6582,294.8977,829.5559,2,0,0,29.55592,800,0,101.1613,274.4318,0.1372159,0.1887604,0.3172331,0,250,0.3172331,1567.846,22.69307,58.87161,2.780654,0,3.700626,37.85079,28.22123,9.629558,323.7789,0,586.1239,0,-5.684342e-14,-9.248158e-14,4.263256e-14
naive,2026-02-03 00:45:00,2787,0.75,23.78372,2974.556,92.31084,1.050458,17.49985,1,1,2082.189,2081.872,537.2907,296.0583,833.349,2,0,0,33.34902,800,0,117.6541,244.9751,0.1224875,0.1728057,0.3172331,0,250,0.3172331,1544.581,25.66975,59.12521,0,0,0,37.4794,27.80246,9.676943,323.8607,0,581.2056,0,0,5.187517e-14,4.263256e-14
naive,2026-02-03 01:00:00,2788,1,23.65384,2994.52,91.97582,0,14.43936,1,1,2096.164,2095.847,534.3063,294.7426,829.0489,2,0,0,29.04887,800,0,108.4588,217.8218,0.1089109,0.1542572,0.3172331,0,250,0.3172331,1561.541,22.38998,59.2618,0,0,0,37.73096,28.10773,9.623223,322.8503,0,579.0311,0,-5.684342e-14,1.582068e-15,4.263256e-14
naive,2026-02-03 01:15:00,2789,1.25,23.31901,3039.496,73.05938,9.265844,9.8328,1,1,2127.647,2127.33,561.8614,302.9905,864.8519,2,32.78225,4.577592,27.4921,800,0,71.15014,200,0.1,0.1371592,0.3172331,0,250,0.3172331,1565.469,21.26371,59.61396,0,4.688252,0,38.29765,28.17843,10.11922,331.1689,0,603.3594,0,5.684342e-14,-5.329071e-15,4.263256e-14
naive,2026-02-03 01:30:00,2790,1.5,22.93942,3019.098,62.60081,6.077342,7.639427,1,1,2113.369,2113.052,1007.394,431.4611,1438.855,3,103.9192,3.240555,31.69485,800,500,0,324.9685,0.1624843,0.1259371,0.3172331,0,250,0.3172331,1105.658,24.61057,60.01319,0,2.836787,0,38.04064,19.90184,18.13879,451.3629,0,840.1044,0,0,1.24345e-13,4.263256e-14
naive,2026-02-03 01:45:00,2791,1.75,22.79509,3025.288,70.75229,0,4.016075,1,1,2117.702,2117.385,536.082,295.5254,831.6074,2,0,0,31.60738,800,0,108.2197,297.8624,0.1489312,0.2046279,0.3172331,0,250,0.3172331,1581.303,24.57914,60.16499,0,0,0,38.11863,28.46345,9.655186,323.9889,0,580.2921,0,0,9.148238e-14,4.263256e-14
naive,2026-02-03 02:00:00,2792,2,22.50813,3001.248,90.55463,1.579636,8.684052,1,1,2100.874,2100.556,534.2528,294.719,828.9718,2,0,0,28.97176,800,0,97.10213,273.54,0.13677,0.1875596,0.3172331,0,250,0.3172331,1566.304,22.59609,60.4668,0,0,0,37.81572,28.19347,9.62226,322.9125,0,577.7998,0,0,1.206535e-13,4.263256e-14
naive,2026-02-03 02:15:00,2793,2.25,22.31861,3010.881,81.96318,2.478813,11.55439,1,1,2107.617,2107.3,534.1095,294.6558,828.7653,2,0,0,28.76529,800,0,93.01633,250.2429,0.1251214,0.1722441,0.3172331,0,250,0.3172331,1573.19,22.47867,60.66613,0,0,0,37.9371,28.31742,9.619681,322.9733,0,577.6971,0,5.684342e-14,3.663736e-15,4.263256e-14
naive,2026-02-03 02:30:00,2794,2.5,22.10272,3046.894,80.35404,2.886739,15.26129,1,1,2132.826,2132.508,533.2248,294.2658,827.4906,2,0,0,27.49062,800,0,90.61294,227.5502,0.1137751,0.1575743,0.3172331,0,250,0.3172331,1599.284,21.53006,60.89319,0,2.660427,0,38.39086,28.78711,9.603757,323.0529,0,582.1903,0,-5.684342e-14,-1.582068e-14,4.263256e-14
naive,2026-02-03 02:45:00,2795,2.75,22.0649,3020.768,63.65594,1.856975,21.59066,1,1,2114.537,2114.22,531.5994,293.5493,825.1487,2,0,0,25.14873,800,0,98.46683,202.8977,0.1014489,0.143285,0.3172331,0,250,0.3172331,1582.621,19.70355,60.93296,0,1.856975,1.887109,38.06167,28.48717,9.5745,322.3605,0,579.3748,0,5.684342e-14,1.504352e-14,4.263256e-14
naive,2026-02-03 03:00:00,2796,3,21.94422,3010.332,77.76083,0.6777867,16.39483,1,1,2107.232,2106.915,596.4504,311.8848,908.3352,2,86.19796,0.2268012,21.91042,800,0,11.46308,200,0.1,0.1277617,0.3172331,0,250,0.3172331,1510.465,17.18755,61.05989,0,0.4509855,0,37.93018,27.18837,10.74182,339.0731,0,610.2318,0,-1.136868e-13,1.94289e-16,4.263256e-14
naive,2026-02-03 03:15:00,2797,3.25,21.8199,2980.66,72.60694,0,13.68632,1,1,2086.462,2086.145,1016.625,433.2737,1449.898,3,122.8914,0.1056731,26.9013,800,500,0,324.9685,0.1624843,0.1259371,0.3172331,0,250,0.3172331,1069.52,21.12938,61.19064,0,0,0,37.55632,19.25136,18.30495,452.5251,0,836.2106,0,-5.684342e-14,1.24345e-13,4.263256e-14
naive,2026-02-03 03:30:00,2798,3.5,21.5624,3000.08,72.8883,0,14.85124,1,1,2100.056,2099.739,531.3645,293.4457,824.8103,2,0,0,24.81025,800,0,128.6916,292.7445,0.1463722,0.2046279,0.3172331,0,250,0.3172331,1568.374,19.5381,61.46147,0,0,0,37.80101,28.23074,9.570272,321.6765,0,574.2088,0,0,-6.483702e-14,4.263256e-14
naive,2026-02-03 03:45:00,2799,3.75,21.24227,3020.924,69.90485,0,16.30734,1,1,2114.647,2114.33,534.5054,294.8304,829.3358,2,0,0,29.33582,800,0,144.623,256.5426,0.1282713,0.1843369,0.3172331,0,250,0.3172331,1579.824,23.17711,61.79816,0,0,0,38.06364,28.43684,9.626808,323.2672,0,577.0115,0,-5.684342e-14,-1.512679e-14,4.263256e-14
naive,2026-02-03 04:00:00,2800,4,21.0341,3016.465,97.14375,0,17.41927,1,1,2111.526,2111.208,529.1289,292.4602,821.5891,2,0,0,21.58909,800,0,154.7764,217.8081,0.1089041,0.1615411,0.3172331,0,250,0.3172331,1582.079,17.09267,62.0171,0,0,0.3266023,38.00746,28.47743,9.530031,320.9926,0,572.216,0,5.684342e-14,-6.233902e-14,4.263256e-14
naive,2026-02-03 04:15:00,2801,4.25,21.0595,3039.974,154.3285,0,14.69605,1,1,2127.982,2127.665,614.8996,317.2751,932.1747,2,109.2561,1.083243,21.83534,800,0,71.0954,200,0.1,0.1371506,0.3172331,0,250,0.3172331,1512.765,17.28319,61.99039,0,0,0,38.30367,27.22977,11.0739,344.5049,0,619.2705,0,0,-5.828671e-15,4.263256e-14
naive,2026-02-03 04:30:00,2802,4.5,21.07889,3006.512,199.2022,0.9165601,15.38123,1,1,2104.558,2104.241,1069.73,447.5566,1517.287,4,199.6291,0.5490219,17.10861,800,500,0,324.9685,0.1624843,0.1259371,0.3172331,0,250,0.3172331,1034.511,13.53922,61.96999,0,0.3675381,1.842014,37.88205,18.62119,19.26085,466.4883,0,863.8944,0,0,1.24345e-13,4.263256e-14
naive,2026-02-03 04:45:00,2803,4.75,21.09723,3027.903,217.8398,4.942264,27.58864,1,1,2119.532,2119.215,524.0824,290.2354,814.3179,2,0,0,14.31788,800,0,241.5184,264.5377,0.1322689,0.2046279,0.3172331,0,250,0.3172331,1595.132,11.32862,61.95071,0,4.10097,16.26002,38.15158,28.71238,9.439194,321.6901,0,580.7599,0,-1.136868e-13,2.04281e-14,4.263256e-14
naive,2026-02-03 05:00:00,2804,5,21.00068,3033.951,300.1996,2.124476,22.95849,1,1,2123.765,2123.448,555.7244,299.857,855.5815,2,36.38018,0.1964846,19.0048,800,0,257.9844,200,0.1,0.1665755,0.3172331,0,250,0.3172331,1567.724,15.05169,62.05225,5.834995,1.927991,7.906795,38.22778,28.21903,10.00875,329.4072,0,602.3967,0,-5.684342e-14,2.114975e-14,4.263256e-14
naive,2026-02-03 05:15:00,2805,5.25,20.83857,3009.189,354.8981,0,16.60552,1,1,2106.432,2106.115,1196.257,484.3977,1680.655,4,358.8289,1.394325,20.43185,800,500,0,324.9685,0.1624843,0.1259371,0.3172331,0,250,0.3172331,909.8574,16.20842,62.22276,0,0,0.3971016,37.91578,16.37743,21.53834,500.8418,0,931.683,0,5.684342e-14,1.24345e-13,4.263256e-14
naive,2026-02-03 05:30:00,2806,5.5,20.97677,2990.15,436.9574,0,23.4365,1,1,2093.105,2092.787,530.2665,292.9617,823.2282,2,0,0,23.22821,800,0,446.3716,213.3245,0.1066622,0.2046279,0.3172331,0,250,0.3172331,1562.521,18.40106,62.0774,0,0,5.035446,37.67588,28.12538,9.550508,321.9344,0,574.0317,0,0,-7.993606e-15,4.263256e-14
naive,2026-02-03 05:45:00,2807,5.75,21.00182,2991.657,521.1065,0,20.42626,1,1,2094.16,2093.843,909.2293,402.5124,1311.742,3,483.4834,4.758998,23.49919,800,0,53.16347,200,0.1,0.1343273,0.3172331,0,250,0.3172331,1184.613,18.61102,62.05105,0,0,1.815245,37.69488,21.32304,16.37184,424.141,0,778.4746,0,-1.136868e-13,-1.554312e-15,4.263256e-14
naive,2026-02-03 06:00:00,2808,6,21.08734,3031.754,635.0918,0,15.15293,1,1,2122.228,2121.91,1391.231,541.5827,1932.814,4,600.6691,7.080729,25.0641,800,500,0,324.9685,0.1624843,0.1259371,0.3172331,0,250,0.3172331,730.6792,19.83325,61.96111,34.42271,0,0,38.2001,13.15223,25.04787,554.7349,0,1099.143,0,-2.273737e-13,1.24345e-13,4.263256e-14
naive,2026-02-03 06:15:00,2809,6.25,20.99436,3076.023,679.4617,0,16.49237,1,1,2153.216,2152.899,670.7513,334.2395,1004.991,3,173.6293,8.844666,22.51682,800,0,499.6694,200,0.1,0.2046279,0.3172331,0,250,0.3172331,1482.147,17.83434,62.0589,6.162927,0,0,38.75789,26.67865,12.07923,360.9181,0,662.6511,0,0,-7.993606e-15,4.263256e-14
naive,2026-02-03 06:30:00,2810,6.5,20.95147,3097.533,743.524,0,14.26435,1,1,2168.273,2167.956,1450.826,549.1744,2000,4,724.2048,5.039473,24.6098,746.1459,500,0,324.9685,0.1624843,0.1259371,0.3172331,0,250,0.3172331,717.1304,19.50052,57.92332,19.31925,0,0,39.02892,12.90835,26.12057,562.0827,0,1092.327,0,1.136868e-13,1.24345e-13,4.263256e-14
naive,2026-02-03 06:45:00,2811,6.75,21.09765,3138.181,776.9022,0,22.95619,1,1,2196.726,2196.409,745.0266,355.9222,1100.949,3,266.615,9.487712,24.84617,800,0,499.6694,200,0.1,0.2046279,0.3172331,0,250,0.3172331,1451.383,19.65876,61.95027,10.61773,0,3.297433,39.54108,26.12489,13.41619,382.6032,0,713.828,0,1.136868e-13,-7.993606e-15,4.263256e-14
naive,2026-02-03 07:00:00,2812,7,21.26891,3145.39,779.299,0,26.47609,1,1,2201.773,2201.456,1459.117,540.8833,2000,4,787.3479,3.223747,23.21779,686.2106,500,0,324.9685,0.1624843,0.1259371,0.3172331,0,250,0.3172331,742.3388,18.33854,52.98416,0,0,8.137554,39.63191,13.3621,26.26981,555.6222,0,1051.637,0,2.273737e-13,1.24345e-13,4.263256e-14
naive,2026-02-03 07:15:00,2813,7.25,21.22655,3135.065,772.178,0,26.11209,1,1,2194.546,2194.229,742.9444,353.5884,1096.533,3,278.5171,1.892866,16.12276,800,0,499.6694,200,0.1,0.2046279,0.3172331,0,250,0.3172331,1451.284,12.74001,61.81469,0,0,13.37208,39.50182,26.12312,13.37871,381.9722,0,694.4028,0,0,-7.993606e-15,4.263256e-14
naive,2026-02-03 07:30:00,2814,7.5,21.36709,3178.762,713.3136,0,37.4504,1,1,2225.133,2224.816,1451.708,548.2918,2000,4,733.2902,0.2388565,22.9049,743.5661,500,0,324.9685,0.1624843,0.1259371,0.3172331,0,250,0.3172331,773.1077,18.07342,57.31675,0,0,19.37698,40.0524,13.91594,26.13646,565.4922,0,1066.503,0,0,1.24345e-13,4.263256e-14
naive,2026-02-03 07:45:00,2815,7.75,21.33027,3197.435,686.5752,0.4605003,33.30567,1,1,2238.205,2237.887,663.0815,331.4099,994.4915,2,168.992,0.3010973,25.19842,800,0,499.6694,200,0.1,0.2046279,0.3172331,0,250,0.3172331,1574.806,19.89057,61.7056,17.91382,0.159403,13.4151,40.28768,28.3465,11.94118,362.0288,0,685.8151,0,0,-7.993606e-15,4.263256e-14
naive,2026-02-03 08:00:00,2816,8,21.61918,3177.642,617.9079,364.4783,40.42916,1,1,2224.349,2224.032,1447.254,552.7459,2000,4,601.1772,251.954,28.96855,617.9003,500,0,324.9685,0.1624843,0.1259371,0.3172331,0,250,0.3172331,776.778,22.79959,47.4252,16.73074,112.5243,17.62956,40.03829,13.982,26.05628,569.7302,0,1309.072,0,0,1.24345e-13,4.263256e-14
naive,2026-02-03 08:15:00,2817,8.25,21.84527,3182.771,504.9305,380.23,34.10372,1,1,2227.94,2227.622,739.4831,381.7767,1121.26,3,28.73225,257.8566,34.67087,800,0,499.6694,200,0.1,0.2046279,0.3172331,0,250,0.3172331,1488.139,27.22488,61.16396,0,122.3733,6.878837,40.10291,26.78651,13.31641,409.7396,0,961.7638,0,-5.684342e-14,-7.993606e-15,4.263256e-14
naive,2026-02-03 08:30:00,2818,8.5,22.29085,3220.029,426.4569,376.4562,35.8183,1,1,2254.02,2253.703,1428.174,571.8257,2000,4,452.327,258.4701,39.07214,750.1307,500,0,324.9685,0.1624843,0.1259371,0.3172331,0,250,0.3172331,825.5288,30.54164,56.91178,0,117.9861,5.276658,40.57237,14.85952,25.71285,587.5953,0,1314.691,0,0,1.24345e-13,4.263256e-14
naive,2026-02-03 08:45:00,2819,8.75,22.64327,3257.59,334.9794,378.8766,36.37852,1,1,2280.313,2279.996,627.1094,335.6548,962.7642,2,0,119.2473,43.51686,800,0,499.6694,200,0.1,0.2046279,0.3172331,0,250,0.3172331,1652.887,33.89328,60.32466,0,117.8495,2.485244,41.04564,29.75196,11.29368,365.8382,0,867.1017,0,0,-7.993606e-15,4.263256e-14
naive,2026-02-03 09:00:00,2820,9,22.7206,3276.645,278.7024,380.598,45.74615,1,1,2293.651,2293.334,1335.413,555.7378,1891.15,4,274.82,268.1765,48.15397,800,500,0,324.9685,0.1624843,0.1259371,0.3172331,0,250,0.3172331,957.9213,37.47511,60.24333,3.882483,112.4215,8.271035,41.28572,17.24258,24.04314,574.4186,0,1281.688,0,0,1.24345e-13,4.263256e-14
naive,2026-02-03 09:15:00,2821,9.25,22.91996,3264.564,222.8475,385.9634,56.14513,1,1,2285.195,2284.878,555.6675,304.1597,859.8271,2,0,0,59.82712,800,0,485.171,203.6246,0.1018123,0.2046279,0.3172331,0,250,0.3172331,1729.21,46.46415,60.03366,7.58328,116.0566,9.680984,41.13351,31.12579,10.00772,336.9753,0,819.6916,0,5.684342e-14,-7.993606e-15,4.263256e-14
naive,2026-02-03 09:30:00,2822,9.5,23.03991,3284.008,207.1971,385.7751,54.95524,1,1,2298.805,2298.488,860.2853,421.3199,1281.605,3,144.0016,273.9338,63.66972,800,0,14.37021,200,0.1,0.1282194,0.3172331,0,250,0.3172331,1438.203,49.38737,59.9075,48.82524,111.8412,5.567873,41.3785,25.88765,15.49085,448.1817,0,1106.117,0,0,8.049117e-16,4.263256e-14
naive,2026-02-03 09:45:00,2823,9.75,23.24869,3340.323,193.3883,394.2392,62.11999,1,1,2338.226,2337.909,1262.318,538.3936,1800.711,4,149.7377,277.6993,73.27418,800,500,0,324.9685,0.1624843,0.1259371,0.3172331,0,250,0.3172331,1075.591,56.71498,59.68791,43.65055,116.5399,5.405011,42.08807,19.36064,22.72743,558.7037,0,1326.587,0,0,1.24345e-13,4.263256e-14
naive,2026-02-03 10:00:00,2824,10,23.54734,3367.2,144.1835,396.7454,72.88606,1,1,2357.04,2356.723,569.1009,310.0818,879.1826,2,0,0,79.18261,800,0,409.4717,222.5494,0.1112747,0.2046279,0.3172331,0,250,0.3172331,1787.622,61.09899,59.37382,16.23164,115.2256,11.78707,42.42672,32.17719,10.24953,344.3415,0,848.6513,0,0,-7.993606e-15,4.263256e-14
naive,2026-02-03 10:15:00,2825,10.25,23.7478,3404.461,125.7538,394.7006,76.3609,1,1,2383.122,2382.805,794.6402,405.7522,1200.392,3,31.59402,282.5052,86.29317,800,0,90.05763,200,0.1,0.1401361,0.3172331,0,250,0.3172331,1588.165,66.44726,59.16298,4.102125,112.1954,9.913641,42.8962,28.58697,14.30923,436.0976,0,1006.25,0,1.705303e-13,2.969847e-15,4.263256e-14
naive,2026-02-03 10:30:00,2826,10.5,23.96193,3384.701,97.52254,403.1805,76.11965,1,1,2369.291,2368.974,1260.913,541.4001,1802.313,4,119.2584,284.8409,98.21365,800,500,0,324.9685,0.1624843,0.1259371,0.3172331,0,250,0.3172331,1108.061,75.45799,58.93777,0,118.3395,0.6616576,42.64723,19.94509,22.70214,561.463,0,1260.757,0,-2.273737e-13,1.24345e-13,4.263256e-14
naive,2026-02-03 10:45:00,2827,10.75,23.99822,3386.098,106.8778,402.7583,81.48726,1,1,2370.269,2369.951,586.0271,317.5437,903.5707,2,0,0,103.5707,800,0,396.0604,225.9023,0.1129511,0.2046279,0.3172331,0,250,0.3172331,1783.924,79.54379,58.8996,0,113.6627,1.943478,42.66484,32.11064,10.5542,350.0007,0,829.8075,0,5.684342e-14,-7.993606e-15,4.263256e-14
naive,2026-02-03 11:00:00,2828,11,24.28933,3408.39,106.4778,416.1957,89.1463,1,1,2385.873,2385.556,782.0632,403.966,1186.029,3,0,272.5119,113.5173,800,0,103.4668,200,0.1,0.1422473,0.3172331,0,250,0.3172331,1603.493,86.91853,58.59343,17.01832,129.6765,2.22777,42.94572,28.86287,14.08285,433.2283,0,1053.587,0,0,5.384582e-15,4.263256e-14
naive,2026-02-03 11:15:00,2829,11.25,24.50429,3427.62,119.7315,410.4004,100.9957,1,1,2399.334,2399.016,1262.247,544.7351,1806.982,4,96.16584,287.5167,123.2991,800,500,0,324.9685,0.1624843,0.1259371,0.3172331,0,250,0.3172331,1136.77,94.19629,58.36735,23.56561,122.8837,6.799371,43.18801,20.46186,22.72615,566.4211,0,1319.804,0,0,1.24345e-13,4.263256e-14
naive,2026-02-03 11:30:00,2830,11.5,24.80348,3434.374,135.717,415.0718,115.525,1,1,2404.062,2403.744,612.5602,329.2408,941.801,2,0,0,141.801,800,0,388.9966,227.6682,0.1138341,0.2046279,0.3172331,0,250,0.3172331,1791.184,107.9917,58.05268,32.98873,128.8035,7.533304,43.27311,32.24131,11.03179,362.8464,0,939.4752,0,0,-7.993606e-15,4.263256e-14
naive,2026-02-03 11:45:00,2831,11.75,25.15563,3405.858,119.7827,418.9087,128.8832,1,1,2384.101,2383.784,799.7509,411.7636,1211.514,3,0,261.3242,150.1903,800,0,110.5295,200,0.1,0.1433593,0.3172331,0,250,0.3172331,1584.033,113.9576,57.6823,33.73396,133.1037,14.92556,434.8263,288.9052,145.9211,703.391,0,1629.684,0,0,3.580469e-15,4.263256e-14
naive,2026-02-03 12:00:00,2832,12,25.37393,3432.167,119.0039,425.1719,133.0497,1,1,2402.517,2402.2,1270.257,550.7189,1820.976,4,75.55104,286.8732,158.5517,800,500,0,324.9685,0.1624843,0.1259371,0.3172331,0,250,0.3172331,1131.943,120.025,57.45271,43.45289,138.2988,13.02472,440.1127,207.3585,232.7542,760.4633,0,1769.814,0,0,1.24345e-13,4.263256e-14
naive,2026-02-03 12:15:00,2833,12.25,25.677,3451.686,80.50784,431.2632,144.0887,1,1,2416.18,2415.863,637.8907,340.4077,978.2984,2,0,0,178.2984,800,0,345.3077,238.5904,0.1192952,0.2046279,0.3172331,0,250,0.3172331,1777.972,134.5411,57.13396,19.2517,147.2116,9.547593,445.3353,327.7047,117.6305,669.8722,0,1562.618,0,5.684342e-14,-7.993606e-15,4.263256e-14
naive,2026-02-03 12:30:00,2834,12.5,25.80677,3449.136,92.27012,420.8621,154.7807,1,1,2414.395,2414.078,790.4259,407.6527,1198.079,3,0,202.9414,195.1371,800,0,154.2115,200,0.1,0.1502369,0.3172331,0,250,0.3172331,1623.652,147.0448,56.99748,17.35192,138.6274,7.73592,446.1802,300.0509,146.1293,709.1331,0,1623.208,0,-1.136868e-13,-5.356826e-15,4.263256e-14
naive,2026-02-03 12:45:00,2835,12.75,26.13523,3484.104,93.30115,414.3504,163.8481,1,1,2438.873,2438.556,1302.112,564.7859,1866.898,4,75.35105,286.7495,204.7974,800,500,0,324.9685,0.1624843,0.1259371,0.3172331,0,250,0.3172331,1136.444,153.7861,56.65201,17.9501,127.6009,10.062,453.7333,211.4265,242.3068,778.0844,0,1743.511,0,2.273737e-13,1.24345e-13,4.263256e-14
naive,2026-02-03 13:00:00,2836,13,26.33159,3548.575,99.71766,410.9517,177.2867,1,1,2484.002,2483.685,666.7358,353.124,1019.86,3,0,0,219.8598,800,0,364.192,233.8694,0.1169347,0.2046279,0.3172331,0,250,0.3172331,1816.949,164.7513,56.44549,23.01543,123.4619,12.53543,463.9938,339.3931,124.6007,694.8586,0,1578.889,0,5.684342e-14,-7.993606e-15,4.263256e-14
naive,2026-02-03 13:15:00,2837,13.25,26.44848,3546.098,92.48867,412.386,185.0137,1,1,2482.269,2481.951,837.0209,428.1941,1265.215,3,0,227.2508,237.9642,800,0,135.3302,200,0.1,0.1472641,0.3172331,0,250,0.3172331,1644.93,178.0953,56.32255,14.86043,127.4333,6.918384,464.7863,308.001,156.7853,737.4904,0,1657.075,0,0,1.137979e-14,4.263256e-14
naive,2026-02-03 13:30:00,2838,13.5,26.60704,3538.614,130.3682,427.8657,194.5241,1,1,2477.03,2476.712,1327.157,576.3253,1903.483,4,71.16325,283.9852,248.3343,800,500,0,324.9685,0.1624843,0.1259371,0.3172331,0,250,0.3172331,1149.555,185.5414,56.15579,59.20498,143.8805,8.982763,465.3249,215.9508,249.3741,793.9636,0,1875.074,0,0,1.24345e-13,4.263256e-14
naive,2026-02-03 13:45:00,2839,13.75,26.60451,3556.706,106.9324,420.6419,194.1718,1,1,2489.694,2489.377,695.9325,365.9954,1061.928,3,0,0,261.9279,800,0,361.433,234.5591,0.1172796,0.2046279,0.3172331,0,250,0.3172331,1793.444,195.7031,56.15845,28.10276,138.0386,0,467.6795,336.8917,130.7879,702.887,0,1629.19,0,5.684342e-14,-6.483702e-14,4.263256e-14
naive,2026-02-03 14:00:00,2840,14,26.69647,3597.737,97.66787,423.4228,202.9016,1,1,2518.416,2518.099,865.0676,440.5584,1305.626,3,0,238.2061,267.4199,800,0,138.0888,200,0.1,0.1476984,0.3172331,0,250,0.3172331,1653.031,199.6098,56.06173,10.07901,134.7167,3.291862,473.9755,311.1068,162.8687,752.2847,0,1691.273,0,0,-1.373901e-14,4.263256e-14
naive,2026-02-03 14:15:00,2841,14.25,26.80927,3582.957,91.8477,419.1376,209.0705,1,1,2508.07,2507.752,1371.799,592.6417,1964.441,4,99.4409,288.9974,276.0026,800,500,0,324.9685,0.1624843,0.1259371,0.3172331,0,250,0.3172331,1135.953,205.767,55.94309,0,130.1402,3.30348,473.1332,214.2912,258.842,807.556,0,1776.668,0,0,1.24345e-13,4.263256e-14
naive,2026-02-03 14:30:00,2842,14.5,26.97216,3562.795,111.9124,412.0282,220.3998,1,1,2493.956,2493.639,717.3903,375.455,1092.845,3,0,0,292.8453,800,0,377.72,230.4874,0.1152437,0.2046279,0.3172331,0,250,0.3172331,1776.249,217.9421,55.77178,22.69947,123.5212,2.457739,472.0664,336.2158,135.8507,712.136,0,1613.759,0,0,-7.993606e-15,4.263256e-14
naive,2026-02-03 14:45:00,2843,14.75,27.10981,3539.522,119.2145,412.8859,226.0187,1,1,2477.665,2477.348,884.5759,449.1587,1333.735,3,0,241.9964,291.7382,800,0,121.8043,200,0.1,0.1451345,0.3172331,0,250,0.3172331,1592.772,216.797,55.62701,41.78977,126.5099,9.221737,470.3307,302.3531,167.9777,753.2623,0,1734.261,0,0,-6.578071e-15,4.263256e-14
naive,2026-02-03 15:00:00,2844,15,27.16421,3575.624,125.4406,401.7766,222.0562,1,1,2502.937,2502.62,1375.811,595.587,1971.399,4,89.55063,284.0445,297.8034,800,500,0,324.9685,0.1624843,0.1259371,0.3172331,0,250,0.3172331,1126.808,221.1745,55.56979,35.88993,117.7321,0.8817041,475.6684,214.1433,261.5251,809.8979,0,1822.278,0,0,1.24345e-13,4.263256e-14
naive,2026-02-03 15:15:00,2845,15.25,27.26756,3573.768,108.3265,396.6718,220.0758,1,1,2501.637,2501.32,717.9653,375.7085,1093.674,3,0,0,293.6738,800,0,388.2884,227.8452,0.1139226,0.2046279,0.3172331,0,250,0.3172331,1783.355,217.8647,55.4611,6.857358,109.8526,2.21108,476.4507,339.6498,136.8009,715.7795,0,1570.49,0,0,-7.993606e-15,4.263256e-14
naive,2026-02-03 15:30:00,2846,15.5,27.10571,3569.456,132.6223,396.7557,223.8895,1,1,2498.619,2498.302,915.8915,462.6751,1378.567,3,2.429552,286.0951,290.0419,800,0,111.2375,200,0.1,0.1434708,0.3172331,0,250,0.3172331,1582.41,215.5459,55.63131,18.95518,110.6606,8.343593,474.2678,300.3604,173.9074,764.6192,0,1690.24,0,0,-1.915135e-15,4.263256e-14
naive,2026-02-03 15:45:00,2847,15.75,27.22392,3544.079,144.682,396.0802,214.1809,1,1,2480.855,2480.538,1398.646,601.3545,2000,4,125.604,281.1708,293.3607,799.8645,500,0,324.9685,0.1624843,0.1259371,0.3172331,0,250,0.3172331,1081.892,217.7349,55.49758,19.078,114.9094,0,472.0611,205.8642,266.1969,807.2187,0,1783.131,0,0,1.24345e-13,4.263256e-14
naive,2026-02-03 16:00:00,2848,16,27.38892,3507.991,143.9121,400.4764,214.8499,1,1,2455.594,2455.277,717.429,375.4721,1092.901,3,0,0,292.9011,800,0,409.1685,222.6252,0.1113126,0.2046279,0.3172331,0,250,0.3172331,1737.848,217.0071,55.33345,15.58435,119.6356,0,468.8736,331.8264,137.0472,707.2985,0,1585.601,0,-1.136868e-13,-7.993606e-15,4.263256e-14
naive,2026-02-03 16:15:00,2849,16.25,27.56884,3473.22,125.6585,394.7023,206.8816,1,1,2431.254,2430.937,957.1902,474.628,1431.818,3,54.99828,279.633,297.1869,800,0,90.36071,200,0.1,0.1401838,0.3172331,0,250,0.3172331,1473.746,219.7547,55.14422,0,115.0693,0,465.9871,282.4661,183.521,757.0941,0,1650.645,0,0,-5.967449e-15,4.263256e-14
naive,2026-02-03 16:30:00,2850,16.5,27.77041,3481.429,175.6888,391.4938,203.2969,1,1,2437,2436.683,1404.116,595.8837,2000,4,169.9585,278.5837,286.8167,764.6411,500,0,324.9685,0.1624843,0.1259371,0.3172331,0,250,0.3172331,1032.567,211.6239,52.50429,5.730303,112.9102,0,469.082,198.7519,270.3301,794.6356,0,1734.859,0,1.136868e-13,1.24345e-13,4.263256e-14
naive,2026-02-03 16:45:00,2851,16.75,27.78916,3499.169,213.4991,391.7123,194.0857,1,1,2449.418,2449.101,710.7387,372.5227,1083.261,3,0,0,283.2614,800,0,485.9816,203.422,0.101711,0.2046279,0.3172331,0,250,0.3172331,1738.362,208.9581,54.9125,4.37931,114.8505,0,471.6594,334.7386,136.9208,707.2613,0,1558.417,0,-1.136868e-13,-6.483702e-14,4.263256e-14
naive,2026-02-03 17:00:00,2852,17,27.80942,3449.92,223.932,391.8444,192.8843,1,1,2414.944,2414.627,1072.987,503.375,1576.362,4,242.4743,268.6245,265.2633,800,0,13.55975,200,0.1,0.1280918,0.3172331,0,250,0.3172331,1341.64,195.6382,54.89119,0,123.2199,0,465.2208,258.4568,206.764,761.8319,0,1674.465,0,0,4.440892e-16,4.263256e-14
naive,2026-02-03 17:15:00,2853,17.25,27.76391,3452.983,302.0129,387.1273,189.2523,1,1,2417.088,2416.771,1421.294,578.7056,2000,4,315.2836,265.406,255.5336,663.7768,500,0,324.9685,0.1624843,0.1259371,0.3172331,0,250,0.3172331,995.4764,188.5554,45.58408,0,121.7212,0.6969721,465.1852,191.5863,273.5989,770.4261,0,1699.539,0,0,1.24345e-13,4.263256e-14
naive,2026-02-03 17:30:00,2854,17.5,27.7038,3382.413,377.6692,377.4737,176.7082,1,1,2367.689,2367.372,772.786,399.8761,1172.662,3,0,133.4896,239.1725,800,0,499.6694,200,0.1,0.2046279,0.3172331,0,250,0.3172331,1594.586,176.5977,55.00227,5.691666,116.2922,0.1105162,455.0988,306.4989,148.5999,706.3963,0,1561.337,0,0,-7.993606e-15,4.263256e-14
naive,2026-02-03 17:45:00,2855,17.75,27.70814,3309.897,408.0227,378.2617,160.3882,1,1,2316.928,2316.61,1434.536,565.4644,2000,4,427.6735,260.348,225.3555,586.6231,500,0,324.9685,0.1624843,0.1259371,0.3172331,0,250,0.3172331,882.0748,166.3878,40.32866,0,117.9138,0,445.3828,169.5612,275.8216,735.0256,0,1628.083,0,-1.136868e-13,1.24345e-13,4.263256e-14
naive,2026-02-03 18:00:00,2856,18,27.85513,3295.028,486.7208,7.22859,154.6762,1,1,2306.52,2306.203,662.7821,351.3811,1014.163,3,0,0,214.1632,800,0,487.9285,202.9352,0.1014676,0.2046279,0.3172331,0,250,0.3172331,1643.421,157.8723,54.84312,0.4463332,5.574513,0,444.7644,316.8995,127.8649,668.2806,0,1285.249,0,5.684342e-14,-7.993606e-15,4.263256e-14
naive,2026-02-03 18:15:00,2857,18.25,27.59196,3295.031,558.2902,0.1517006,140.5788,1,1,2306.522,2306.205,1076.21,468.7966,1545.007,4,545.0947,2.795929,197.1163,800,0,11.61312,200,0.1,0.1277853,0.3172331,0,250,0.3172331,1229.994,145.7211,55.1199,1.582392,0,0,442.2959,235.8623,206.4337,704.6588,0,1350.037,0,0,-1.665335e-16,4.263256e-14
naive,2026-02-03 18:30:00,2858,18.5,27.47195,3303.238,601.0662,0,124.1976,1,1,2312.267,2311.95,1445.166,554.8344,2000,4,619.0476,4.582724,189.0692,687.3004,500,0,324.9685,0.1624843,0.1259371,0.3172331,0,250,0.3172331,866.784,139.9537,47.46336,0,0,0,442.2779,165.7938,276.4842,720.6282,0,1387.86,0,0,1.24345e-13,4.263256e-14
naive,2026-02-03 18:45:00,2859,18.75,27.43832,3274.397,645.0537,3.487176,116.0814,1,1,2292.078,2291.761,780.0965,381.7001,1161.797,3,179.885,1.818342,180.0933,800,0,499.6694,200,0.1,0.2046279,0.3172331,0,250,0.3172331,1511.664,133.3579,55.2815,0,1.668834,0,438.1063,288.9385,149.1678,670.6386,0,1281.964,0,-1.136868e-13,-7.993606e-15,4.263256e-14
naive,2026-02-03 19:00:00,2860,19,27.22508,3239.934,681.5898,4.436059,95.95202,0,0,2267.954,2267.637,1455.502,544.4978,2000,4,708.4427,1.00306,160.8158,629.7384,500,0,324.9685,0.1624843,0.1259371,0.3172331,0,250,0.3172331,812.1343,119.3574,43.69264,0,3.432998,0,431.5604,154.538,277.0224,0,699.0357,3801.464,0,0,1.24345e-13,4.263256e-14
naive,2026-02-03 19:15:00,2861,19.25,27.18245,3256.507,728.7095,4.035816,97.01599,0,0,2279.555,2279.238,804.4801,385.9234,1190.403,3,234.7456,1.036335,154.6215,800,0,499.6694,200,0.1,0.2046279,0.3172331,0,250,0.3172331,1474.757,114.8127,55.5506,0,2.999481,0,433.3812,280.3759,153.0053,0,666.2992,3607.326,0,-1.705303e-13,-7.993606e-15,4.263256e-14
naive,2026-02-03 19:30:00,2862,19.5,26.8945,3173.28,726.647,0,87.12572,0,0,2221.296,2220.979,1460.483,539.5166,2000,4,752.3261,0.5338963,143.8465,603.2935,500,0,324.9685,0.1624843,0.1259371,0.3172331,0,250,0.3172331,760.4956,107.1432,42.12003,0,0,0,419.7774,143.7174,276.06,0,683.234,3710.402,0,-2.273737e-13,1.24345e-13,4.263256e-14
naive,2026-02-03 19:45:00,2863,19.75,26.7286,3183.474,718.812,0.7200167,73.73541,0,0,2228.431,2228.114,795.4419,380.6749,1176.117,3,245.3711,0.1250848,130.6205,800,0,499.6694,200,0.1,0.2046279,0.3172331,0,250,0.3172331,1432.672,97.46529,56.02794,0,0.594932,0,419.6785,269.8139,149.8646,0,650.4888,3515.683,0,0,-7.993606e-15,4.263256e-14
naive,2026-02-03 20:00:00,2864,20,26.38205,3179.637,690.5362,1.325264,70.15791,0,0,2225.746,2225.428,1453.758,546.2422,2000,4,710.5606,0.3668601,121.96,667.1126,500,0,324.9685,0.1624843,0.1259371,0.3172331,0,250,0.3172331,771.6706,91.34116,47.02512,0,0.9584041,0,416.1848,144.2921,271.8927,0,690.5343,3746.689,0,2.273737e-13,1.24345e-13,4.263256e-14
naive,2026-02-03 20:15:00,2865,20.25,26.27571,3139.812,641.7446,0,64.27535,0,0,2197.868,2197.551,728.7114,359.6289,1088.34,3,174.9929,0.4213651,112.926,800,0,499.6694,200,0.1,0.2046279,0.3172331,0,250,0.3172331,1468.84,84.67129,56.50426,0,0,0,410.0752,274.0541,136.0211,0,633.683,3421.689,0,1.136868e-13,-7.993606e-15,4.263256e-14
naive,2026-02-03 20:30:00,2866,20.5,26.02036,3119.86,602.3434,0,63.41952,0,0,2183.902,2183.585,1440.099,559.9008,2000,4,615.8766,2.092923,101.1701,780.8604,500,0,324.9685,0.1624843,0.1259371,0.3172331,0,250,0.3172331,743.4855,76.06345,55.41456,0,0,0,405.3451,137.9953,267.3498,0,697.8961,3776.087,0,1.136868e-13,1.24345e-13,4.263256e-14
naive,2026-02-03 20:45:00,2867,20.75,25.9408,3154.81,525.3968,0,58.21809,0,0,2208.367,2208.05,616.0475,325.1649,941.2124,2,47.18617,1.555207,92.471,800,0,499.6694,200,0.1,0.2046279,0.3172331,0,250,0.3172331,1592.002,69.58199,56.85651,0,0,0,409.2212,295.0058,114.2154,0,620.1707,3346.975,0,-1.136868e-13,-7.993606e-15,4.263256e-14
naive,2026-02-03 21:00:00,2868,21,25.72835,3074.101,447.0812,0,54.30079,0,0,2151.871,2151.553,1358.787,537.8657,1896.653,4,511.6806,0,84.97211,800,500,0,324.9685,0.1624843,0.1259371,0.3172331,0,250,0.3172331,792.7663,64.08368,57.07995,0,0,0,397.0328,146.2701,250.7627,0,684.1357,3698.532,0,0,1.24345e-13,4.263256e-14
naive,2026-02-03 21:15:00,2869,21.25,25.42111,3063.171,372.7778,0,51.92901,0,0,2144.22,2143.903,567.1919,309.2402,876.432,2,0,0,76.43202,800,0,431.9191,216.9376,0.1084688,0.2046279,0.3172331,0,250,0.3172331,1576.711,57.83085,57.40309,0,0,0,393.1695,289.1096,104.0599,0,598.3498,3226.345,0,0,-7.993606e-15,4.263256e-14
naive,2026-02-03 21:30:00,2870,21.5,25.17687,3029.501,340.4488,0.2170487,44.61781,0,0,2120.65,2120.333,791.3864,373.5271,1164.914,3,290.4281,0.2923231,74.19309,800,0,67.61372,200,0.1,0.1366024,0.3172331,0,250,0.3172331,1328.947,56.28177,57.65997,0,0,0,386.9416,242.4844,144.4571,0,616.0115,3323.196,0,0,-5.356826e-15,4.263256e-14
naive,2026-02-03 21:45:00,2871,21.75,24.99613,3033.887,327.795,0,36.51992,0,0,2123.721,2123.404,1188.186,487.0041,1675.19,4,307.0057,0.1592583,68.02483,800,500,0,324.9685,0.1624843,0.1259371,0.3172331,0,250,0.3172331,935.218,51.70098,57.85006,20.7893,0,0,38.22698,16.83392,21.39305,0,503.8381,2741.89,0,-1.136868e-13,1.24345e-13,4.263256e-14
naive,2026-02-03 22:00:00,2872,22,24.79045,3041.133,283.2744,0,24.05291,0,0,2128.793,2128.476,554.3787,303.5915,857.9701,2,0,0,57.97014,800,0,258.1701,260.3748,0.1301874,0.2046279,0.3172331,0,250,0.3172331,1574.097,44.15449,58.06638,25.12605,0,0,38.31827,28.33375,9.984526,0,331.9252,1803.607,0,-5.684342e-14,-1.216804e-13,4.263256e-14
naive,2026-02-03 22:15:00,2873,22.25,24.54728,3045.779,237.2116,0,35.09056,0,0,2132.046,2131.728,549.9288,301.6297,851.5585,2,0,0,51.55851,800,0,226.0932,203.8105,0.1019053,0.1639542,0.3172331,0,250,0.3172331,1581.8,39.3712,58.32213,11.13673,0,0,38.37682,28.47239,9.904428,0,330.1021,1769.16,0,0,-3.394507e-14,4.263256e-14
naive,2026-02-03 22:30:00,2874,22.5,24.2875,3057.784,201.8806,0,34.44174,0,0,2140.449,2140.131,680.7691,338.0195,1018.789,3,178.9786,0.858165,38.95178,800,0,15.11377,200,0.1,0.1283365,0.3172331,0,250,0.3172331,1459.362,29.82538,58.59536,7.788175,0,4.616365,38.52807,26.26852,12.25955,0,365.1155,1955.65,0,5.684342e-14,7.771561e-16,4.263256e-14
naive,2026-02-03 22:45:00,2875,22.75,24.07084,3072.176,180.4988,2.936245,29.20359,0,0,2150.523,2150.206,1049.319,443.7712,1493.09,3,155.8085,1.305037,35.97682,800,500,0,324.9685,0.1624843,0.1259371,0.3172331,0,250,0.3172331,1100.887,27.60981,58.82322,24.69033,1.631208,1.593783,38.70941,19.81596,18.89345,0,463.8717,2530.523,0,1.705303e-13,1.24345e-13,4.263256e-14
naive,2026-02-03 23:00:00,2876,23,23.9587,3074.514,153.9234,8.609437,25.27217,1,1,2152.16,2151.843,543.5831,298.8323,842.4154,2,0,0,42.41535,800,0,143.2008,289.1172,0.1445586,0.2046279,0.3172331,0,250,0.3172331,1608.26,32.589,58.94117,12.17826,7.153711,0,38.73888,28.94867,9.790206,327.7809,0,622.6007,0,-5.684342e-14,7.727152e-14,4.263256e-14
naive,2026-02-03 23:15:00,2877,23.25,23.66012,3034.928,124.9928,0.2551716,19.88946,1,1,2124.45,2124.132,543.4047,298.7536,842.1583,2,0,0,42.15832,800,0,125.1099,257.7942,0.1288971,0.1820528,0.3172331,0,250,0.3172331,1580.728,32.49222,59.2552,4.0237,0,0,38.24009,28.4531,9.786995,327.2067,0,594.6922,0,5.684342e-14,6.003531e-14,4.263256e-14
naive,2026-02-03 23:30:00,2878,23.5,23.4919,3013.915,134.8379,0,26.25102,1,1,2109.74,2109.423,545.7617,299.7927,845.5545,2,0,0,45.55447,800,0,117.1028,228.4779,0.1142389,0.1623292,0.3172331,0,250,0.3172331,1563.661,35.171,59.43213,19.68791,0,0,37.97532,28.1459,9.829422,327.9386,0,622.9778,0,-5.684342e-14,-5.864753e-14,4.263256e-14
naive,2026-02-03 23:45:00,2879,23.75,23.09523,3039.09,123.2067,0,21.99335,1,1,2127.363,2127.046,536.4142,295.6719,832.0861,2,0,0,32.08606,800,0,98.21261,203.8888,0.1019444,0.1438692,0.3172331,0,250,0.3172331,1590.631,24.87433,59.84932,27.54559,0,0,38.29253,28.63137,9.661166,324.3032,0,628.7921,0,0,7.21645e-15,4.263256e-14
